Num_Acc,senc,catv,occutc,obs,obsm,choc,manv,num_veh
201300000297,0,7,0,2.0,0.0,6.0,1.0,A01
201300000298,0,7,0,13.0,0.0,1.0,1.0,A01
201300000299,1,7,0,0.0,1.0,3.0,1.0,A01
201300000300,0,7,0,0.0,1.0,2.0,2.0,A01
201300000301,0,7,0,0.0,2.0,8.0,5.0,B02
201300000301,0,10,0,0.0,2.0,3.0,5.0,C03
201300000301,0,7,0,0.0,2.0,3.0,1.0,A01
201300000302,0,7,0,6.0,0.0,1.0,1.0,A01
201300000303,0,7,0,2.0,0.0,1.0,13.0,A01
201300000304,0,7,0,0.0,2.0,9.0,13.0,A01
201300000304,0,7,0,0.0,2.0,8.0,1.0,B02
201300000305,0,7,0,0.0,2.0,1.0,1.0,A01
201300000305,0,7,0,0.0,2.0,1.0,13.0,B02
201300000306,0,10,0,8.0,1.0,2.0,13.0,A01
201300000307,0,7,0,2.0,0.0,2.0,17.0,A01
201300000308,0,7,0,0.0,2.0,1.0,13.0,A01
201300000308,0,15,0,0.0,2.0,8.0,1.0,B02
201300000309,0,14,0,0.0,2.0,3.0,1.0,A01
201300000309,0,7,0,0.0,2.0,1.0,13.0,B02
201300000310,0,7,0,0.0,2.0,1.0,13.0,A01
201300000310,0,21,0,0.0,2.0,4.0,13.0,B02
201300000311,0,33,0,0.0,2.0,1.0,13.0,A01
201300000311,0,14,0,0.0,2.0,2.0,1.0,B02
201300000312,0,33,0,8.0,0.0,1.0,11.0,A01
201300000313,0,7,0,0.0,2.0,1.0,1.0,B02
201300000313,0,7,0,0.0,2.0,8.0,19.0,A01
201300000314,0,15,0,0.0,2.0,1.0,1.0,A01
201300000314,0,7,0,0.0,2.0,8.0,15.0,B02
201300000315,0,10,0,2.0,0.0,2.0,1.0,A01
201300000316,0,7,0,2.0,0.0,3.0,1.0,A01
201300000317,0,7,0,0.0,2.0,3.0,15.0,A01
201300000317,0,7,0,0.0,2.0,3.0,1.0,B02
201300000318,0,7,0,0.0,1.0,2.0,1.0,A01
201300000319,0,7,0,2.0,0.0,1.0,14.0,A01
201300000320,0,7,0,0.0,2.0,3.0,10.0,A01
201300000320,0,7,0,0.0,1.0,1.0,21.0,B02
201300000321,0,7,0,0.0,2.0,8.0,1.0,C03
201300000321,0,7,0,0.0,2.0,1.0,1.0,B02
201300000321,0,7,0,0.0,2.0,1.0,13.0,A01
201300000322,0,30,0,0.0,2.0,1.0,17.0,B02
201300000322,0,13,0,0.0,2.0,3.0,15.0,A01
201300000323,0,7,0,0.0,2.0,3.0,1.0,A01
201300000323,0,7,0,0.0,2.0,2.0,1.0,B02
201300000324,0,7,0,1.0,0.0,3.0,13.0,A01
201300000325,0,7,0,6.0,0.0,1.0,6.0,A01
201300000326,0,15,0,0.0,2.0,5.0,19.0,A01
201300000326,0,7,0,0.0,2.0,2.0,13.0,B02
201300000327,0,33,0,0.0,2.0,1.0,1.0,B02
201300000327,0,7,0,0.0,2.0,7.0,0.0,A01
201300000328,0,10,0,2.0,0.0,3.0,19.0,A01
201300000329,0,7,0,0.0,2.0,1.0,1.0,A01
201300000329,0,7,0,0.0,2.0,7.0,1.0,B02
201300000330,0,2,0,0.0,2.0,1.0,1.0,B02
201300000330,0,10,0,0.0,0.0,6.0,19.0,A01
201300000331,0,33,0,0.0,2.0,1.0,1.0,B02
201300000331,0,7,0,0.0,0.0,5.0,15.0,A01
201300000332,0,7,0,2.0,0.0,1.0,21.0,A01
201300000333,0,7,0,0.0,2.0,1.0,1.0,B02
201300000333,0,7,0,0.0,2.0,7.0,15.0,A01
201300000334,0,7,0,0.0,2.0,1.0,1.0,C03
201300000334,0,15,0,0.0,2.0,6.0,1.0,B02
201300000334,0,7,0,0.0,2.0,1.0,1.0,A01
201300000335,0,7,0,0.0,2.0,3.0,1.0,B02
201300000335,0,7,0,0.0,2.0,3.0,13.0,A01
201300000336,0,1,0,0.0,2.0,4.0,1.0,B02
201300000336,0,10,0,0.0,2.0,2.0,1.0,A01
201300000337,0,30,0,0.0,2.0,1.0,1.0,B02
201300000337,0,7,0,0.0,2.0,3.0,15.0,A01
201300000338,0,7,0,6.0,0.0,1.0,1.0,A01
201300000339,0,1,0,0.0,0.0,4.0,1.0,C03
201300000339,0,7,0,0.0,0.0,3.0,17.0,B02
201300000339,0,17,0,0.0,2.0,2.0,1.0,A01
201300000340,0,10,0,0.0,2.0,1.0,1.0,B02
201300000340,0,7,0,0.0,2.0,1.0,13.0,A01
201300000341,0,7,0,0.0,2.0,3.0,1.0,B02
201300000341,0,10,0,0.0,2.0,3.0,1.0,A01
201300000342,0,7,0,6.0,1.0,2.0,16.0,A01
201300000343,0,10,0,0.0,1.0,3.0,1.0,A01
201300000344,0,7,0,0.0,0.0,9.0,1.0,A01
201300000345,0,7,0,0.0,2.0,1.0,1.0,B02
201300000345,0,7,0,0.0,2.0,1.0,13.0,A01
201300000346,0,30,0,1.0,0.0,1.0,1.0,A01
201300000347,0,30,0,0.0,2.0,8.0,1.0,B02
201300000347,0,7,0,0.0,2.0,8.0,13.0,A01
201300000348,0,10,0,0.0,0.0,7.0,1.0,A01
201300000348,0,1,0,0.0,2.0,1.0,9.0,B02
201300000349,0,7,0,0.0,2.0,6.0,15.0,B02
201300000349,0,7,0,0.0,2.0,3.0,1.0,A01
201300000350,0,7,0,0.0,2.0,3.0,1.0,B02
201300000350,0,7,0,0.0,1.0,5.0,21.0,A01
201300000351,0,7,0,16.0,0.0,9.0,1.0,A01
201300000352,0,7,0,8.0,0.0,1.0,14.0,A01
201300000353,0,7,0,0.0,0.0,2.0,1.0,B01
201300000353,0,7,0,0.0,2.0,7.0,15.0,A02
201300000354,0,7,0,8.0,0.0,3.0,13.0,A01
201300000355,0,7,0,0.0,2.0,3.0,13.0,A01
201300000355,0,7,0,0.0,2.0,3.0,1.0,B02
201300000356,0,7,0,0.0,9.0,1.0,1.0,A01
201300000356,0,1,0,0.0,2.0,1.0,5.0,B02
201300000356,0,1,0,0.0,2.0,1.0,5.0,C03
201300000356,0,1,0,0.0,2.0,0.0,5.0,D04
201300000357,0,7,0,0.0,0.0,2.0,13.0,A01
201300000357,0,33,0,0.0,2.0,1.0,1.0,B02
201300000358,0,7,0,0.0,2.0,0.0,1.0,B01
201300000358,0,7,0,0.0,2.0,8.0,15.0,A02
201300000359,0,7,0,2.0,0.0,1.0,13.0,A01
201300000360,0,33,0,0.0,2.0,1.0,1.0,B02
201300000360,0,7,0,0.0,2.0,2.0,19.0,A01
201300000361,0,7,0,0.0,2.0,3.0,1.0,B01
201300000361,0,3,0,0.0,2.0,3.0,13.0,A02
201300000362,0,3,0,0.0,2.0,1.0,13.0,A01
201300000362,0,7,0,0.0,2.0,1.0,1.0,B02
201300000363,0,7,0,13.0,0.0,9.0,14.0,A01
201300000364,0,30,0,9.0,0.0,1.0,14.0,A01
201300000365,0,33,0,10.0,0.0,3.0,13.0,A01
201300000366,0,7,0,6.0,0.0,7.0,13.0,A01
201300000367,0,7,0,0.0,2.0,1.0,1.0,B02
201300000367,0,7,0,0.0,2.0,1.0,13.0,A01
201300000368,0,33,0,3.0,0.0,8.0,1.0,A01
201300000369,0,15,0,0.0,0.0,8.0,13.0,A01
201300000370,0,7,0,0.0,2.0,8.0,19.0,A01
201300000370,0,7,0,0.0,2.0,1.0,1.0,B02
201300000371,0,7,0,0.0,2.0,2.0,20.0,A01
201300000371,0,33,0,0.0,2.0,1.0,1.0,B02
201300000372,0,7,0,0.0,2.0,3.0,1.0,A01
201300000372,0,2,0,0.0,2.0,1.0,5.0,B02
201300000373,0,7,0,8.0,0.0,1.0,14.0,A01
201300000374,0,7,0,6.0,0.0,9.0,14.0,A01
201300000375,0,30,0,0.0,0.0,1.0,1.0,A01
201300000376,0,7,0,15.0,0.0,1.0,21.0,A01
201300000377,0,7,0,0.0,2.0,3.0,1.0,B02
201300000377,0,7,0,0.0,2.0,3.0,17.0,A01
201300000378,0,7,0,0.0,1.0,2.0,17.0,A01
201300000379,0,30,0,0.0,2.0,1.0,1.0,B02
201300000379,0,7,0,0.0,2.0,3.0,20.0,A01
201300000380,0,7,0,0.0,2.0,1.0,1.0,B01
201300000380,0,7,0,0.0,2.0,5.0,19.0,A02
201300000381,0,33,0,0.0,0.0,1.0,13.0,A01
201300000382,0,7,0,0.0,2.0,1.0,17.0,A01
201300000382,0,15,0,0.0,2.0,6.0,15.0,B02
201300000383,0,10,0,2.0,0.0,1.0,1.0,A01
201300000384,0,7,0,13.0,0.0,3.0,13.0,A01
201300000385,0,7,0,0.0,2.0,2.0,13.0,A01
201300000385,0,7,0,0.0,2.0,1.0,1.0,B02
201300000386,0,7,0,0.0,2.0,1.0,1.0,B02
201300000386,0,7,0,0.0,2.0,1.0,1.0,A01
201300000387,0,7,0,0.0,1.0,2.0,1.0,A01
201300000388,0,7,0,0.0,2.0,8.0,15.0,A01
201300000388,0,30,0,0.0,2.0,1.0,1.0,B02
201300000389,0,7,0,0.0,2.0,1.0,1.0,B02
201300000389,0,7,0,0.0,2.0,5.0,19.0,A01
201300000390,0,33,0,13.0,0.0,2.0,1.0,A01
201300000391,0,33,0,0.0,0.0,1.0,17.0,A01
201300000392,0,7,0,0.0,2.0,7.0,15.0,A01
201300000392,0,30,0,0.0,2.0,1.0,1.0,B02
201300000393,0,7,0,0.0,2.0,1.0,17.0,A01
201300000393,0,14,0,0.0,2.0,4.0,17.0,B02
201300000394,0,7,0,8.0,0.0,1.0,14.0,A01
201300000395,0,7,0,0.0,2.0,1.0,13.0,A01
201300000395,0,15,0,0.0,2.0,1.0,1.0,B02
201300000396,0,7,0,0.0,1.0,7.0,1.0,A01
201300000397,0,7,0,0.0,1.0,2.0,2.0,A01
201300000398,0,7,0,8.0,0.0,9.0,13.0,A01
201300000399,0,30,0,0.0,2.0,1.0,2.0,A01
201300000399,0,7,0,0.0,0.0,6.0,23.0,B02
201300000400,0,7,0,0.0,2.0,4.0,0.0,B02
201300000400,0,7,0,0.0,2.0,4.0,2.0,A01
201300000400,0,15,0,0.0,2.0,1.0,2.0,D04
201300000400,0,7,0,0.0,2.0,4.0,0.0,C03
201300000401,0,7,0,0.0,2.0,1.0,19.0,A01
201300000401,0,7,0,0.0,2.0,1.0,0.0,B02
201300000402,0,7,0,5.0,0.0,1.0,1.0,A01
201300000403,0,33,0,0.0,6.0,0.0,13.0,A01
201300000404,0,7,0,0.0,2.0,3.0,13.0,A01
201300000404,0,15,0,0.0,2.0,3.0,1.0,B02
201300000405,0,33,0,0.0,2.0,1.0,21.0,B02
201300000405,0,17,0,0.0,2.0,3.0,19.0,A01
201300000406,0,7,0,13.0,0.0,9.0,1.0,A01
201300000407,0,7,0,0.0,2.0,4.0,15.0,A01
201300000407,0,15,0,0.0,2.0,1.0,1.0,C03
201300000407,0,7,0,0.0,2.0,1.0,1.0,B02
201300000408,0,7,0,6.0,0.0,1.0,1.0,A01
201300000409,0,7,0,6.0,0.0,1.0,1.0,A01
201300000410,0,7,0,0.0,2.0,1.0,1.0,B02
201300000410,0,7,0,0.0,2.0,1.0,18.0,A01
201300000411,0,14,0,0.0,2.0,1.0,1.0,B02
201300000411,0,7,0,0.0,2.0,8.0,15.0,A01
201300000412,0,14,0,0.0,2.0,3.0,1.0,C03
201300000412,0,7,0,0.0,2.0,3.0,13.0,A01
201300000412,0,14,0,0.0,2.0,3.0,1.0,B02
201300000413,0,7,0,0.0,2.0,3.0,1.0,A01
201300000413,0,7,0,0.0,2.0,2.0,1.0,B02
201300000414,0,1,0,0.0,0.0,6.0,1.0,B02
201300000414,0,14,0,0.0,2.0,2.0,1.0,A01
201300000415,0,7,0,0.0,2.0,1.0,23.0,B02
201300000415,0,7,0,0.0,2.0,8.0,19.0,C03
201300000415,0,7,0,0.0,2.0,1.0,1.0,A01
201300000416,0,7,0,13.0,0.0,2.0,1.0,A01
201300000417,0,10,0,13.0,0.0,1.0,1.0,A01
201300000418,0,7,0,0.0,2.0,4.0,15.0,C03
201300000418,0,7,0,0.0,2.0,4.0,2.0,B02
201300000418,0,7,0,0.0,2.0,1.0,2.0,A01
201300000419,0,7,0,0.0,2.0,1.0,5.0,A01
201300000419,0,7,0,0.0,2.0,1.0,1.0,B02
201300000420,0,7,0,0.0,2.0,2.0,2.0,A01
201300000420,0,7,0,0.0,2.0,3.0,16.0,B02
201300000421,0,7,0,0.0,2.0,2.0,0.0,B02
201300000421,0,7,0,0.0,2.0,3.0,9.0,A01
201300000422,0,7,0,2.0,0.0,7.0,13.0,A01
201300000423,0,7,0,0.0,2.0,1.0,1.0,B02
201300000423,0,2,0,0.0,2.0,8.0,19.0,A01
201300000424,0,7,0,0.0,1.0,1.0,1.0,A01
201300000425,0,7,0,16.0,0.0,0.0,1.0,A01
201300000426,0,7,0,0.0,2.0,3.0,13.0,A01
201300000426,0,7,0,0.0,2.0,3.0,1.0,B02
201300000427,0,7,0,0.0,2.0,6.0,1.0,B02
201300000427,0,7,0,0.0,2.0,3.0,21.0,A01
201300000428,0,7,0,0.0,0.0,8.0,1.0,B02
201300000428,0,7,0,0.0,2.0,1.0,1.0,A01
201300000429,0,7,0,0.0,2.0,5.0,19.0,A01
201300000429,0,7,0,0.0,2.0,1.0,1.0,B02
201300000430,0,7,0,0.0,2.0,2.0,1.0,A01
201300000430,0,30,0,0.0,2.0,1.0,19.0,B02
201300000431,0,2,0,0.0,2.0,4.0,1.0,B02
201300000431,0,7,0,0.0,2.0,2.0,17.0,A01
201300000432,0,7,0,0.0,0.0,8.0,1.0,B02
201300000432,0,30,0,0.0,2.0,8.0,13.0,A01
201300000433,0,7,0,0.0,2.0,3.0,0.0,A01
201300000433,0,7,0,0.0,2.0,3.0,0.0,B02
201300000433,0,7,0,0.0,9.0,8.0,0.0,C03
201300000434,0,7,0,0.0,0.0,1.0,1.0,A01
201300000435,0,7,0,0.0,2.0,1.0,1.0,B02
201300000435,0,7,0,0.0,2.0,1.0,13.0,A01
201300000436,0,7,0,0.0,2.0,1.0,1.0,B02
201300000436,0,7,0,0.0,0.0,8.0,19.0,A01
201300000437,0,1,0,0.0,2.0,7.0,13.0,A01
201300000437,0,7,0,0.0,2.0,1.0,1.0,B02
201300000438,0,14,0,5.0,0.0,0.0,1.0,A01
201300000439,0,33,0,0.0,1.0,1.0,17.0,A01
201300000440,0,7,0,0.0,1.0,7.0,1.0,A01
201300000441,0,7,0,0.0,2.0,1.0,1.0,B02
201300000441,0,7,0,0.0,2.0,8.0,13.0,A01
201300000442,0,10,0,0.0,2.0,3.0,13.0,A01
201300000442,0,7,0,0.0,2.0,3.0,1.0,B02
201300000443,0,7,0,0.0,2.0,2.0,1.0,B02
201300000443,0,32,0,0.0,2.0,1.0,16.0,A01
201300000444,0,2,0,0.0,2.0,3.0,1.0,B02
201300000444,0,30,0,0.0,2.0,3.0,13.0,A01
201300000445,0,7,0,0.0,1.0,3.0,21.0,A01
201300000446,0,21,0,6.0,0.0,1.0,1.0,A01
201300000447,0,37,1,0.0,2.0,1.0,1.0,B02
201300000447,0,1,0,0.0,2.0,1.0,19.0,A01
201300000448,0,7,0,0.0,2.0,3.0,15.0,A01
201300000448,0,7,0,0.0,2.0,1.0,1.0,B02
201300000448,0,7,0,0.0,2.0,8.0,1.0,C03
201300000449,0,7,0,0.0,2.0,1.0,1.0,A01
201300000449,0,7,0,0.0,2.0,3.0,19.0,B02
201300000450,0,31,0,1.0,0.0,1.0,1.0,A01
201300000451,0,7,0,0.0,2.0,3.0,1.0,B02
201300000451,0,33,0,0.0,2.0,1.0,17.0,A01
201300000452,0,7,0,0.0,2.0,1.0,1.0,B02
201300000452,0,1,0,0.0,2.0,4.0,1.0,A01
201300000453,0,7,0,0.0,1.0,3.0,1.0,A01
201300000454,0,7,0,0.0,2.0,1.0,13.0,A01
201300000454,0,14,0,0.0,2.0,1.0,1.0,B02
201300000455,0,7,0,0.0,1.0,1.0,1.0,A01
201300000456,0,7,0,0.0,1.0,3.0,1.0,A01
201300000457,0,7,0,16.0,0.0,4.0,1.0,A01
201300000458,0,7,0,4.0,0.0,3.0,13.0,A01
201300000459,0,33,0,9.0,0.0,1.0,1.0,A01
201300000460,0,7,0,0.0,1.0,2.0,19.0,A01
201300000461,0,7,0,0.0,2.0,3.0,15.0,A01
201300000461,0,33,0,0.0,2.0,7.0,16.0,B02
201300000462,0,10,0,0.0,9.0,1.0,2.0,A01
201300000462,0,1,0,0.0,2.0,4.0,1.0,B02
201300000463,0,36,0,13.0,0.0,9.0,13.0,A01
201300000464,0,31,0,0.0,2.0,8.0,1.0,A01
201300000464,0,7,0,0.0,2.0,8.0,15.0,B02
201300000465,0,2,0,1.0,0.0,2.0,14.0,A01
201300000466,0,7,0,0.0,1.0,3.0,1.0,A01
201300000467,0,7,0,0.0,2.0,1.0,15.0,A01
201300000467,0,7,0,0.0,2.0,1.0,1.0,B02
201300000468,0,7,0,0.0,9.0,2.0,1.0,A01
201300000468,0,30,0,0.0,2.0,1.0,13.0,B02
201300000469,0,7,0,6.0,0.0,2.0,14.0,A01
201300000470,0,7,0,0.0,2.0,1.0,1.0,A01
201300000470,0,7,0,0.0,2.0,3.0,23.0,B02
201300000470,0,7,0,0.0,2.0,3.0,1.0,C03
201300000470,0,7,0,0.0,2.0,2.0,1.0,D04
201300000470,0,7,0,0.0,2.0,1.0,1.0,E05
201300000470,0,7,0,0.0,2.0,4.0,2.0,F06
201300000470,0,7,0,0.0,2.0,3.0,1.0,G07
201300000470,0,7,0,0.0,2.0,4.0,2.0,H08
201300000471,0,30,0,0.0,2.0,1.0,1.0,A01
201300000471,0,7,0,0.0,9.0,7.0,15.0,B02
201300000472,0,7,0,0.0,2.0,8.0,1.0,A01
201300000472,0,33,0,0.0,2.0,3.0,1.0,B02
201300000473,0,7,0,0.0,2.0,2.0,21.0,B02
201300000473,0,7,0,3.0,2.0,1.0,5.0,A01
201300000474,0,7,0,8.0,0.0,1.0,1.0,A01
201300000475,1,1,0,0.0,2.0,3.0,1.0,A01
201300000476,0,7,0,0.0,9.0,2.0,13.0,A01
201300000476,0,1,0,0.0,2.0,1.0,1.0,B02
201300000477,0,7,0,6.0,0.0,9.0,1.0,A01
201300000478,0,33,0,7.0,0.0,1.0,1.0,A01
201300000479,0,7,0,0.0,0.0,4.0,2.0,B02
201300000479,0,7,0,0.0,2.0,1.0,2.0,A01
201300000480,0,7,0,2.0,0.0,1.0,13.0,A01
201300000481,0,7,0,4.0,0.0,8.0,1.0,A01
201300000482,0,7,0,4.0,0.0,1.0,1.0,A01
201300000483,0,7,0,6.0,0.0,1.0,2.0,A01
201300000484,0,7,0,0.0,2.0,3.0,15.0,B02
201300000484,0,33,0,0.0,2.0,2.0,17.0,A01
201300000485,0,7,0,0.0,0.0,8.0,19.0,A01
201300000485,0,7,0,0.0,2.0,1.0,1.0,B02
201300000486,0,7,0,0.0,2.0,3.0,1.0,A01
201300000486,0,2,0,0.0,2.0,1.0,17.0,B02
201300000487,0,7,0,0.0,1.0,2.0,1.0,A01
201300000488,0,7,0,16.0,0.0,3.0,13.0,A01
201300000489,0,7,0,0.0,2.0,3.0,13.0,A01
201300000489,0,14,0,0.0,2.0,3.0,1.0,B02
201300000490,0,7,0,0.0,1.0,2.0,1.0,A01
201300000491,0,10,0,1.0,0.0,1.0,1.0,A01
201300000491,0,7,0,16.0,0.0,4.0,24.0,B02
201300000492,0,7,0,0.0,1.0,1.0,1.0,A01
201300000493,0,7,0,2.0,0.0,1.0,1.0,A01
201300000494,0,7,0,0.0,2.0,3.0,13.0,B02
201300000494,0,7,0,0.0,2.0,2.0,1.0,A01
201300000495,0,7,0,0.0,0.0,2.0,13.0,A01
201300000495,0,7,0,0.0,2.0,2.0,1.0,B02
201300000496,0,7,0,0.0,2.0,1.0,1.0,B02
201300000496,0,7,0,0.0,2.0,1.0,1.0,A01
201300000497,0,7,0,1.0,0.0,2.0,1.0,A01
201300000498,0,33,0,8.0,2.0,8.0,2.0,A01
201300000498,0,7,0,0.0,2.0,7.0,1.0,B02
201300000499,0,7,0,0.0,2.0,3.0,15.0,A01
201300000499,0,33,0,0.0,2.0,1.0,1.0,B02
201300000500,0,10,0,0.0,2.0,1.0,2.0,A01
201300000500,0,7,0,0.0,2.0,4.0,23.0,B02
201300000500,0,15,0,0.0,2.0,4.0,23.0,C03
201300000501,0,7,0,6.0,0.0,1.0,1.0,A01
201300000502,0,1,0,0.0,2.0,8.0,1.0,B02
201300000502,0,21,0,0.0,2.0,8.0,21.0,A01
201300000503,0,7,0,0.0,1.0,1.0,21.0,A01
201300000504,0,30,0,0.0,2.0,8.0,19.0,B02
201300000504,0,15,0,0.0,2.0,2.0,1.0,A01
201300000505,0,7,0,0.0,2.0,3.0,1.0,B02
201300000505,0,7,0,0.0,2.0,3.0,13.0,A01
201300000505,0,7,0,0.0,2.0,8.0,1.0,C03
201300000506,0,7,0,0.0,2.0,1.0,1.0,B02
201300000506,0,7,0,0.0,2.0,1.0,13.0,A01
201300000506,0,7,0,0.0,2.0,1.0,1.0,C03
201300000507,0,7,0,0.0,2.0,1.0,1.0,B02
201300000507,0,7,0,0.0,2.0,7.0,13.0,A01
201300000508,0,33,0,0.0,2.0,1.0,17.0,A01
201300000508,0,7,0,0.0,2.0,1.0,15.0,B02
201300000509,0,7,0,0.0,2.0,3.0,1.0,A01
201300000509,0,30,0,0.0,2.0,1.0,1.0,B02
201300000510,0,7,0,0.0,2.0,3.0,15.0,A01
201300000510,0,7,0,0.0,2.0,1.0,1.0,B02
201300000510,0,15,0,0.0,2.0,1.0,1.0,C03
201300000511,0,33,0,2.0,2.0,3.0,1.0,A01
201300000511,0,7,0,0.0,2.0,3.0,1.0,B02
201300000512,0,7,0,0.0,2.0,3.0,13.0,A01
201300000512,0,7,0,0.0,2.0,3.0,1.0,B02
201300000513,0,7,0,0.0,0.0,1.0,1.0,A01
201300000514,0,7,0,0.0,2.0,1.0,1.0,A01
201300000514,0,7,0,0.0,2.0,4.0,1.0,B02
201300000515,0,10,0,0.0,2.0,7.0,2.0,C03
201300000515,0,30,0,0.0,2.0,7.0,2.0,B02
201300000515,0,2,0,0.0,2.0,8.0,0.0,A01
201300000516,0,7,0,0.0,1.0,2.0,1.0,A01
201300000517,0,7,0,16.0,9.0,0.0,1.0,A01
201300000518,0,1,0,0.0,2.0,1.0,1.0,B02
201300000518,0,7,0,0.0,2.0,1.0,15.0,A01
201300000519,0,7,0,0.0,2.0,1.0,2.0,B02
201300000519,0,7,0,0.0,2.0,4.0,1.0,A01
201300000520,0,7,0,0.0,1.0,3.0,1.0,A01
201300000521,0,7,0,0.0,1.0,2.0,1.0,A01
201300000522,0,7,0,0.0,2.0,4.0,23.0,A01
201300000522,0,7,0,0.0,2.0,4.0,2.0,B02
201300000523,0,7,0,6.0,0.0,3.0,2.0,A01
201300000524,0,7,0,0.0,2.0,3.0,1.0,B02
201300000524,0,7,0,0.0,2.0,3.0,13.0,A01
201300000525,0,13,0,0.0,2.0,3.0,1.0,B02
201300000525,0,7,0,0.0,2.0,3.0,3.0,A01
201300000526,0,7,0,0.0,2.0,5.0,5.0,A01
201300000526,0,7,0,0.0,2.0,3.0,1.0,B02
201300000527,0,7,0,0.0,2.0,2.0,2.0,A01
201300000527,0,30,0,0.0,2.0,4.0,1.0,B02
201300000528,0,33,0,0.0,2.0,7.0,21.0,A01
201300000528,0,7,0,0.0,0.0,8.0,15.0,B02
201300000529,0,7,0,0.0,2.0,1.0,1.0,B02
201300000529,0,7,0,0.0,2.0,1.0,5.0,A01
201300000530,0,7,0,0.0,2.0,1.0,1.0,B02
201300000530,0,7,0,0.0,2.0,1.0,17.0,A01
201300000531,0,33,0,0.0,2.0,1.0,1.0,B02
201300000531,0,7,0,0.0,0.0,3.0,15.0,A01
201300000532,0,31,0,8.0,0.0,1.0,1.0,A01
201300000533,0,31,0,12.0,0.0,1.0,1.0,A01
201300000534,0,7,0,0.0,0.0,1.0,1.0,A01
201300000534,0,7,0,0.0,0.0,1.0,1.0,B02
201300000535,0,33,0,0.0,2.0,1.0,17.0,A01
201300000535,0,7,0,0.0,2.0,7.0,15.0,B02
201300000536,0,17,0,0.0,9.0,2.0,17.0,A01
201300000537,0,7,0,0.0,2.0,1.0,1.0,B02
201300000537,0,7,0,0.0,2.0,1.0,1.0,A01
201300000538,0,7,0,0.0,1.0,2.0,1.0,A01
201300000539,0,30,0,0.0,2.0,1.0,1.0,B02
201300000539,0,7,0,0.0,2.0,2.0,19.0,A01
201300000540,0,7,0,0.0,2.0,1.0,2.0,A01
201300000540,0,7,0,0.0,2.0,4.0,2.0,B02
201300000541,0,2,0,0.0,2.0,7.0,9.0,B02
201300000541,0,7,0,0.0,2.0,3.0,9.0,A01
201300000542,1,7,0,0.0,1.0,0.0,0.0,A01
201300000543,0,33,0,0.0,2.0,1.0,18.0,A01
201300000543,0,7,0,0.0,0.0,5.0,16.0,B02
201300000544,0,7,0,0.0,2.0,3.0,1.0,B02
201300000544,0,3,0,0.0,2.0,2.0,5.0,A01
201300000545,0,7,0,0.0,2.0,1.0,13.0,A01
201300000545,0,7,0,0.0,2.0,3.0,21.0,B02
201300000546,0,7,0,0.0,2.0,1.0,1.0,B02
201300000546,0,7,0,0.0,2.0,3.0,15.0,A01
201300000547,0,7,0,0.0,1.0,2.0,1.0,A01
201300000548,0,7,0,6.0,0.0,1.0,1.0,A01
201300000549,0,7,0,0.0,2.0,3.0,16.0,A01
201300000549,0,7,0,0.0,2.0,3.0,23.0,B02
201300000550,0,33,0,0.0,0.0,0.0,1.0,A01
201300000551,0,7,0,13.0,0.0,1.0,1.0,A01
201300000552,0,15,0,0.0,2.0,1.0,2.0,A01
201300000552,0,7,0,0.0,0.0,4.0,1.0,B02
201300000553,0,33,0,1.0,0.0,1.0,1.0,A01
201300000553,0,10,0,0.0,2.0,4.0,23.0,B02
201300000554,0,7,0,0.0,2.0,2.0,17.0,B02
201300000554,0,3,0,4.0,2.0,4.0,13.0,A01
201300000555,0,7,0,0.0,0.0,6.0,15.0,B02
201300000555,0,17,0,0.0,2.0,2.0,17.0,A01
201300000556,0,7,0,0.0,2.0,1.0,19.0,A01
201300000556,0,7,0,6.0,2.0,8.0,1.0,B02
201300000557,0,7,0,2.0,0.0,8.0,1.0,A01
201300000558,0,33,0,0.0,2.0,8.0,1.0,B02
201300000558,0,7,0,0.0,2.0,1.0,15.0,A01
201300000559,0,7,0,0.0,0.0,0.0,15.0,A01
201300000560,0,7,0,0.0,2.0,7.0,21.0,C03
201300000560,0,7,0,0.0,2.0,1.0,13.0,A01
201300000560,0,7,0,0.0,2.0,3.0,1.0,B02
201300000561,0,7,0,0.0,1.0,2.0,1.0,A01
201300000562,0,7,0,0.0,2.0,7.0,19.0,A01
201300000562,0,7,0,0.0,2.0,3.0,1.0,B02
201300000563,0,7,0,0.0,2.0,3.0,1.0,A01
201300000563,0,7,0,0.0,2.0,1.0,1.0,C03
201300000563,0,7,0,0.0,2.0,1.0,5.0,B02
201300000564,0,7,0,0.0,6.0,2.0,0.0,A01
201300000564,0,7,0,0.0,6.0,3.0,0.0,B02
201300000565,0,14,0,0.0,2.0,1.0,1.0,A01
201300000565,0,7,0,0.0,0.0,9.0,1.0,B02
201300000565,0,14,0,0.0,2.0,1.0,1.0,C03
201300000565,0,14,0,0.0,0.0,4.0,1.0,D04
201300000566,0,7,0,0.0,2.0,1.0,1.0,B02
201300000566,0,7,0,0.0,2.0,1.0,5.0,A01
201300000567,0,7,0,0.0,2.0,1.0,1.0,A01
201300000567,0,7,0,0.0,2.0,5.0,1.0,B02
201300000568,0,7,0,0.0,2.0,6.0,19.0,A01
201300000568,0,7,0,0.0,2.0,3.0,1.0,B02