Num_Acc,senc,catv,occutc,obs,obsm,choc,manv,num_veh
201300000569,0,15,0,0.0,0.0,5.0,2.0,B02
201300000569,0,10,0,0.0,2.0,3.0,2.0,A01
201300000570,0,7,0,0.0,1.0,3.0,1.0,A01
201300000571,0,7,0,0.0,0.0,8.0,16.0,B02
201300000571,0,1,0,0.0,0.0,7.0,1.0,A01
201300000572,0,7,0,11.0,0.0,2.0,1.0,A01
201300000573,0,7,0,0.0,2.0,3.0,11.0,A01
201300000573,0,33,0,0.0,2.0,1.0,17.0,B02
201300000574,0,30,0,0.0,0.0,8.0,1.0,A01
201300000575,0,33,0,0.0,2.0,7.0,17.0,A01
201300000575,0,7,0,0.0,2.0,8.0,1.0,B02
201300000576,0,7,0,0.0,2.0,1.0,1.0,A01
201300000576,0,2,0,0.0,2.0,8.0,1.0,B02
201300000577,0,2,0,0.0,2.0,4.0,1.0,A01
201300000577,0,7,0,0.0,2.0,3.0,15.0,B02
201300000578,0,7,0,0.0,1.0,1.0,1.0,A01
201300000579,0,7,0,0.0,2.0,6.0,2.0,C03
201300000579,0,7,0,0.0,2.0,1.0,1.0,B02
201300000579,0,7,0,0.0,2.0,1.0,3.0,A01
201300000580,0,7,0,0.0,0.0,3.0,1.0,B02
201300000580,2,10,0,0.0,0.0,3.0,5.0,A01
201300000581,0,7,0,8.0,0.0,3.0,17.0,A01
201300000582,0,30,0,0.0,1.0,3.0,13.0,A01
201300000583,0,7,0,0.0,2.0,3.0,15.0,A01
201300000583,0,7,0,10.0,1.0,3.0,1.0,B02
201300000584,0,33,0,3.0,0.0,8.0,0.0,A01
201300000585,0,3,0,0.0,2.0,2.0,1.0,B02
201300000585,0,7,0,0.0,2.0,1.0,1.0,A01
201300000586,0,32,0,8.0,0.0,7.0,1.0,A01
201300000587,0,7,0,0.0,2.0,4.0,2.0,A01
201300000587,0,10,0,0.0,2.0,1.0,1.0,B02
201300000588,0,7,0,8.0,0.0,1.0,1.0,A01
201300000589,0,7,0,0.0,2.0,1.0,13.0,A01
201300000589,0,7,0,0.0,2.0,1.0,1.0,B02
201300000590,0,7,0,0.0,0.0,0.0,2.0,A01
201300000591,0,10,0,0.0,1.0,2.0,17.0,A01
201300000592,0,7,0,0.0,2.0,3.0,10.0,A01
201300000592,0,33,0,0.0,2.0,1.0,17.0,B02
201300000593,0,7,0,0.0,2.0,1.0,1.0,B02
201300000593,0,7,0,0.0,2.0,8.0,13.0,A01
201300000594,0,7,0,0.0,2.0,3.0,15.0,B02
201300000594,0,33,0,0.0,2.0,2.0,17.0,A01
201300000595,0,30,0,6.0,0.0,1.0,16.0,A01
201300000596,0,7,0,0.0,2.0,3.0,1.0,B02
201300000596,0,7,0,0.0,2.0,3.0,13.0,A01
201300000597,0,10,0,0.0,2.0,1.0,17.0,A01
201300000597,0,7,0,0.0,2.0,1.0,1.0,B02
201300000598,0,10,0,0.0,1.0,8.0,1.0,A01
201300000599,0,33,0,8.0,0.0,1.0,1.0,A01
201300000600,0,10,0,16.0,0.0,8.0,1.0,A01
201300000601,0,15,0,0.0,1.0,3.0,1.0,A01
201300000602,0,7,0,0.0,2.0,1.0,1.0,A01
201300000602,0,33,0,0.0,2.0,6.0,1.0,B02
201300000603,0,7,0,0.0,2.0,3.0,9.0,A01
201300000603,0,7,0,0.0,2.0,2.0,9.0,B02
201300000604,0,7,0,0.0,0.0,4.0,15.0,A01
201300000604,0,2,0,0.0,2.0,1.0,1.0,B02
201300000605,0,7,0,6.0,0.0,1.0,14.0,A01
201300000606,0,33,0,0.0,2.0,1.0,1.0,A01
201300000606,0,7,0,0.0,2.0,5.0,19.0,B02
201300000607,0,7,0,0.0,2.0,1.0,13.0,A01
201300000607,0,7,0,0.0,2.0,1.0,1.0,B02
201300000608,0,7,0,0.0,2.0,3.0,1.0,A01
201300000608,0,7,0,0.0,2.0,3.0,1.0,B02
201300000609,0,7,0,8.0,0.0,1.0,13.0,A01
201300000610,0,7,0,0.0,2.0,1.0,1.0,A01
201300000610,0,7,0,0.0,2.0,8.0,1.0,B02
201300000611,0,33,0,0.0,2.0,1.0,1.0,B02
201300000611,0,7,0,0.0,2.0,7.0,15.0,A01
201300000612,0,7,0,0.0,1.0,6.0,4.0,A01
201300000613,0,33,0,0.0,2.0,8.0,1.0,B02
201300000613,0,7,0,0.0,2.0,8.0,15.0,A01
201300000614,0,7,0,0.0,1.0,3.0,1.0,A01
201300000615,0,7,0,0.0,1.0,3.0,15.0,A01
201300000616,0,7,0,13.0,0.0,1.0,1.0,A01
201300000617,0,7,0,0.0,0.0,1.0,17.0,A01
201300000617,0,7,0,0.0,0.0,8.0,15.0,B02
201300000618,0,7,0,0.0,2.0,2.0,9.0,A01
201300000618,0,30,0,0.0,2.0,8.0,2.0,B02
201300000619,0,10,0,0.0,2.0,1.0,1.0,A01
201300000619,0,7,0,0.0,2.0,8.0,1.0,B02
201300000620,0,7,0,0.0,2.0,1.0,1.0,B02
201300000620,0,30,0,0.0,2.0,1.0,13.0,A01
201300000621,0,7,0,0.0,1.0,1.0,2.0,A01
201300000622,0,7,0,0.0,2.0,1.0,13.0,A01
201300000622,0,17,0,0.0,2.0,1.0,1.0,B02
201300000623,0,10,0,0.0,0.0,1.0,1.0,A01
201300000624,0,7,0,15.0,0.0,9.0,1.0,A01
201300000625,0,7,0,0.0,2.0,3.0,1.0,A01
201300000625,0,7,0,0.0,2.0,1.0,1.0,B02
201300000626,0,10,0,0.0,0.0,0.0,15.0,A01
201300000626,0,7,0,0.0,2.0,7.0,13.0,B02
201300000626,0,10,0,0.0,2.0,1.0,1.0,C03
201300000627,0,33,0,7.0,0.0,2.0,1.0,A01
201300000628,0,1,0,0.0,0.0,4.0,2.0,C03
201300000628,0,7,0,0.0,2.0,1.0,2.0,A01
201300000628,0,1,0,0.0,0.0,4.0,2.0,B02
201300000629,0,7,0,0.0,2.0,2.0,15.0,A01
201300000629,0,33,0,0.0,2.0,1.0,1.0,B02
201300000630,0,7,0,0.0,1.0,4.0,4.0,A01
201300000631,0,1,0,0.0,2.0,3.0,13.0,A01
201300000631,0,7,0,0.0,2.0,8.0,1.0,B02
201300000632,0,7,0,0.0,2.0,3.0,9.0,A01
201300000632,0,1,0,0.0,2.0,1.0,1.0,B02
201300000633,0,7,0,0.0,2.0,3.0,1.0,A01
201300000633,0,7,0,0.0,2.0,3.0,15.0,B02
201300000634,0,7,0,2.0,0.0,2.0,1.0,A01
201300000635,0,7,0,13.0,0.0,2.0,1.0,A01
201300000636,0,2,0,0.0,2.0,8.0,1.0,B02
201300000636,0,7,0,0.0,2.0,3.0,15.0,A01
201300000637,0,7,0,0.0,2.0,2.0,1.0,A01
201300000637,0,7,0,0.0,2.0,3.0,1.0,B02
201300000638,0,7,0,0.0,0.0,2.0,1.0,A01
201300000639,0,7,0,16.0,0.0,9.0,1.0,A01
201300000640,0,31,0,9.0,0.0,2.0,1.0,A01
201300000641,0,7,0,0.0,2.0,1.0,1.0,A01
201300000641,0,10,0,0.0,2.0,1.0,13.0,B02
201300000642,0,7,0,0.0,2.0,2.0,13.0,A01
201300000642,0,7,0,0.0,2.0,3.0,0.0,B02
201300000643,0,10,0,0.0,1.0,2.0,2.0,A01
201300000644,0,7,0,0.0,0.0,3.0,1.0,B02
201300000644,0,7,0,0.0,0.0,3.0,1.0,A01
201300000645,0,14,0,0.0,0.0,1.0,1.0,A01
201300000646,1,10,0,0.0,1.0,3.0,3.0,A01
201300000647,0,21,0,0.0,2.0,7.0,1.0,C03
201300000647,0,33,0,0.0,2.0,1.0,2.0,B02
201300000647,0,33,0,0.0,2.0,1.0,2.0,A01
201300000648,0,7,0,0.0,2.0,8.0,1.0,B02
201300000648,0,7,0,0.0,2.0,1.0,1.0,A01
201300000649,0,2,0,0.0,1.0,1.0,1.0,A01
201300000650,0,7,0,0.0,2.0,3.0,15.0,A01
201300000650,0,33,0,0.0,2.0,1.0,1.0,B02
201300000651,0,7,0,0.0,2.0,3.0,1.0,B02
201300000651,0,10,0,0.0,2.0,1.0,19.0,A01
201300000652,0,7,0,0.0,2.0,1.0,1.0,B02
201300000652,0,1,0,0.0,2.0,8.0,19.0,A01
201300000653,0,7,0,0.0,2.0,1.0,1.0,A01
201300000653,0,15,0,0.0,2.0,1.0,1.0,B02
201300000654,0,7,0,13.0,0.0,1.0,1.0,A01
201300000655,0,7,0,0.0,2.0,3.0,1.0,A01
201300000655,0,7,0,0.0,2.0,3.0,1.0,B02
201300000656,0,7,0,0.0,1.0,3.0,1.0,A01
201300000657,0,7,0,5.0,0.0,1.0,1.0,B02
201300000657,0,7,0,5.0,0.0,7.0,13.0,A01
201300000658,0,7,0,0.0,2.0,1.0,13.0,A01
201300000658,0,7,0,0.0,2.0,1.0,1.0,B02
201300000659,0,7,0,0.0,1.0,2.0,1.0,A01
201300000660,0,7,0,1.0,1.0,1.0,14.0,A01
201300000661,0,7,0,13.0,0.0,1.0,1.0,A01
201300000662,0,7,0,0.0,2.0,3.0,1.0,A01
201300000662,0,7,0,0.0,2.0,3.0,13.0,B02
201300000663,0,33,0,0.0,2.0,1.0,1.0,B02
201300000663,0,7,0,0.0,0.0,3.0,15.0,A01
201300000664,0,14,0,0.0,2.0,5.0,15.0,A01
201300000664,0,33,0,0.0,0.0,1.0,6.0,B02
201300000665,0,7,0,0.0,2.0,1.0,1.0,B02
201300000665,0,7,0,0.0,2.0,1.0,13.0,A01
201300000666,0,7,0,0.0,2.0,5.0,15.0,A01
201300000666,0,33,0,0.0,2.0,1.0,1.0,B02
201300000667,0,7,0,0.0,0.0,6.0,19.0,A01
201300000667,0,2,0,0.0,2.0,1.0,1.0,B02
201300000668,0,7,0,2.0,0.0,1.0,1.0,A01
201300000669,0,7,0,0.0,1.0,7.0,21.0,A01
201300000670,0,33,0,3.0,0.0,1.0,17.0,A01
201300000671,0,7,0,0.0,0.0,5.0,1.0,A01
201300000671,0,33,0,0.0,0.0,1.0,15.0,B02
201300000672,0,7,0,0.0,1.0,1.0,1.0,A01
201300000673,0,7,0,0.0,1.0,7.0,1.0,A01
201300000674,0,33,0,0.0,2.0,8.0,17.0,A01
201300000674,0,21,0,0.0,2.0,3.0,1.0,B02
201300000675,0,1,0,0.0,2.0,1.0,0.0,B02
201300000675,0,99,0,0.0,2.0,3.0,1.0,A01
201300000676,0,7,0,0.0,2.0,8.0,1.0,B02
201300000676,0,7,0,0.0,2.0,1.0,13.0,A01
201300000677,0,17,0,6.0,0.0,0.0,1.0,A01
201300000678,0,7,0,0.0,2.0,1.0,15.0,A01
201300000678,0,30,0,0.0,2.0,1.0,1.0,B02
201300000679,0,1,0,0.0,2.0,7.0,2.0,B02
201300000679,0,7,0,0.0,2.0,2.0,2.0,A01
201300000680,0,30,0,1.0,0.0,1.0,0.0,A01
201300000681,0,7,0,0.0,2.0,3.0,1.0,A01
201300000681,0,7,0,0.0,0.0,1.0,19.0,B02
201300000682,0,7,0,0.0,2.0,3.0,15.0,B02
201300000682,0,10,0,0.0,2.0,1.0,1.0,A01
201300000683,0,7,0,0.0,2.0,1.0,1.0,B02
201300000683,0,7,0,0.0,2.0,8.0,19.0,A01
201300000684,0,7,0,0.0,2.0,1.0,13.0,A01
201300000684,0,7,0,0.0,2.0,1.0,21.0,B02
201300000685,0,7,0,2.0,0.0,1.0,0.0,A01
201300000686,0,7,0,0.0,2.0,3.0,13.0,A01
201300000686,0,1,0,0.0,2.0,8.0,1.0,B02
201300000687,0,10,0,13.0,0.0,8.0,1.0,A01
201300000688,0,7,0,0.0,2.0,3.0,1.0,A01
201300000688,0,7,0,0.0,2.0,7.0,1.0,B02
201300000689,0,14,0,0.0,2.0,3.0,1.0,B02
201300000689,0,7,0,0.0,2.0,3.0,13.0,A01
201300000690,0,7,0,0.0,2.0,8.0,16.0,A01
201300000690,0,7,0,0.0,2.0,1.0,1.0,C03
201300000690,0,7,0,0.0,2.0,1.0,1.0,B02
201300000691,0,33,0,0.0,2.0,1.0,19.0,B02
201300000691,0,7,0,0.0,2.0,3.0,19.0,A01
201300000692,0,7,0,13.0,0.0,9.0,1.0,A01
201300000693,0,31,0,0.0,0.0,7.0,1.0,A01
201300000694,0,33,0,0.0,0.0,8.0,21.0,A01
201300000695,0,31,0,0.0,2.0,7.0,1.0,A01
201300000695,0,7,0,0.0,2.0,1.0,15.0,B02
201300000696,0,2,0,0.0,0.0,0.0,0.0,A01
201300000697,0,7,0,0.0,2.0,2.0,1.0,B02
201300000697,0,3,0,0.0,2.0,2.0,15.0,A01
201300000698,0,7,0,0.0,0.0,5.0,1.0,A01
201300000698,0,7,0,0.0,2.0,2.0,1.0,B02
201300000699,0,14,0,0.0,0.0,3.0,3.0,A01
201300000699,0,14,0,0.0,2.0,1.0,1.0,B02
201300000700,0,7,0,0.0,2.0,3.0,15.0,B02
201300000700,0,33,0,0.0,2.0,3.0,1.0,A01
201300000701,0,30,0,0.0,1.0,1.0,13.0,A01
201300000702,0,7,0,0.0,1.0,3.0,1.0,A01
201300000703,0,7,0,0.0,2.0,6.0,2.0,A01
201300000703,0,33,0,0.0,2.0,1.0,2.0,B02
201300000704,0,7,0,0.0,2.0,1.0,1.0,B02
201300000704,0,7,0,0.0,2.0,1.0,1.0,A01
201300000705,0,7,0,2.0,0.0,9.0,1.0,A01
201300000706,0,7,0,2.0,0.0,9.0,15.0,A01
201300000707,0,7,0,0.0,2.0,7.0,1.0,A01
201300000707,0,10,0,0.0,2.0,1.0,1.0,B02
201300000708,0,7,0,0.0,2.0,3.0,15.0,B02
201300000708,0,33,0,0.0,2.0,1.0,17.0,A01
201300000709,0,10,0,6.0,0.0,3.0,13.0,A01
201300000710,0,7,0,0.0,2.0,3.0,1.0,B02
201300000710,0,7,0,0.0,2.0,2.0,19.0,A01
201300000711,0,7,0,8.0,0.0,3.0,1.0,A01
201300000712,0,7,0,0.0,2.0,1.0,1.0,C03
201300000712,0,7,0,0.0,2.0,3.0,1.0,B02
201300000712,0,7,0,0.0,2.0,1.0,1.0,A01
201300000713,0,7,0,0.0,2.0,8.0,1.0,A01
201300000713,0,7,0,0.0,2.0,1.0,19.0,B02
201300000714,0,7,0,0.0,0.0,8.0,10.0,A01
201300000714,0,33,0,0.0,2.0,2.0,1.0,B02
201300000715,0,7,0,0.0,2.0,7.0,19.0,A01
201300000715,0,7,0,0.0,2.0,1.0,1.0,B02
201300000716,0,7,0,0.0,1.0,3.0,1.0,A01
201300000717,0,1,0,0.0,0.0,6.0,1.0,A01
201300000717,0,7,0,0.0,0.0,2.0,15.0,B02
201300000718,0,7,0,0.0,2.0,3.0,9.0,A01
201300000718,0,7,0,0.0,2.0,1.0,9.0,B02
201300000719,0,33,0,0.0,2.0,1.0,17.0,A01
201300000719,0,7,0,0.0,0.0,6.0,15.0,B02
201300000720,0,7,0,16.0,0.0,1.0,1.0,A01
201300000721,0,30,0,0.0,2.0,4.0,2.0,B02
201300000721,0,7,0,0.0,2.0,2.0,2.0,A01
201300000722,0,7,0,0.0,2.0,2.0,13.0,A01
201300000722,0,7,0,0.0,2.0,1.0,1.0,B02
201300000723,0,33,0,0.0,0.0,8.0,0.0,A01
201300000724,0,7,0,0.0,2.0,1.0,1.0,B02
201300000724,0,7,0,0.0,2.0,8.0,19.0,A01
201300000725,0,7,0,0.0,2.0,1.0,1.0,A01
201300000725,0,7,0,0.0,0.0,3.0,19.0,B02
201300000726,0,7,0,0.0,0.0,9.0,14.0,A01
201300000727,0,7,0,13.0,0.0,1.0,14.0,A01
201300000728,0,7,0,0.0,2.0,5.0,15.0,A01
201300000728,0,33,0,0.0,2.0,1.0,1.0,B02
201300000729,0,7,0,2.0,0.0,1.0,1.0,A01
201300000730,0,7,0,0.0,2.0,7.0,0.0,A01
201300000730,0,10,0,0.0,2.0,1.0,0.0,B02
201300000731,0,7,0,0.0,2.0,1.0,1.0,B02
201300000731,0,7,0,0.0,2.0,1.0,13.0,A01
201300000732,0,33,0,8.0,0.0,4.0,1.0,A01
201300000733,0,10,0,0.0,2.0,2.0,17.0,A01
201300000733,0,30,0,0.0,0.0,4.0,13.0,B02
201300000734,0,33,0,8.0,0.0,1.0,1.0,A01
201300000735,0,7,0,0.0,2.0,3.0,19.0,A01
201300000735,0,7,0,0.0,2.0,1.0,1.0,B02
201300000736,0,7,0,8.0,0.0,1.0,0.0,A01
201300000737,0,7,0,0.0,2.0,3.0,13.0,A01
201300000737,0,7,0,0.0,2.0,3.0,1.0,B02
201300000738,0,7,0,6.0,0.0,1.0,16.0,A01
201300000739,0,10,0,0.0,2.0,3.0,1.0,A01
201300000739,0,7,0,8.0,2.0,2.0,19.0,B02
201300000740,0,7,0,0.0,2.0,2.0,1.0,A01
201300000740,0,7,0,0.0,2.0,2.0,13.0,B02
201300000741,0,7,0,0.0,2.0,3.0,1.0,B02
201300000741,0,7,0,0.0,2.0,3.0,13.0,A01
201300000742,0,7,0,2.0,0.0,1.0,1.0,A01
201300000743,0,2,0,0.0,2.0,1.0,1.0,A01
201300000743,0,7,0,0.0,0.0,3.0,9.0,B02
201300000744,0,33,0,13.0,0.0,8.0,1.0,A01
201300000745,0,7,0,8.0,0.0,3.0,1.0,A01
201300000746,0,7,0,0.0,2.0,1.0,11.0,A01
201300000746,0,7,0,0.0,2.0,1.0,1.0,B02
201300000747,0,7,0,0.0,2.0,7.0,13.0,A01
201300000747,0,10,0,0.0,2.0,1.0,1.0,B02
201300000748,0,33,0,7.0,0.0,1.0,1.0,A01
201300000749,0,2,0,0.0,2.0,7.0,1.0,A01
201300000750,0,7,0,2.0,0.0,1.0,1.0,A01
201300000751,0,7,0,0.0,2.0,1.0,17.0,A01
201300000751,0,7,0,0.0,2.0,8.0,15.0,B02
201300000752,0,7,0,6.0,0.0,1.0,1.0,A01
201300000753,0,7,0,0.0,2.0,3.0,17.0,A01
201300000753,0,10,0,0.0,2.0,2.0,1.0,B02
201300000754,0,7,0,2.0,0.0,1.0,0.0,A01
201300000755,0,7,0,8.0,0.0,1.0,0.0,A01
201300000756,0,7,0,8.0,2.0,8.0,1.0,B02
201300000756,0,7,0,0.0,2.0,1.0,1.0,A01
201300000757,0,10,0,0.0,2.0,1.0,13.0,A01
201300000757,0,10,0,0.0,2.0,1.0,1.0,B02
201300000758,0,7,0,0.0,0.0,1.0,2.0,A01
201300000759,0,7,0,13.0,0.0,3.0,1.0,A01
201300000760,1,10,0,0.0,1.0,7.0,2.0,A01
201300000761,0,33,0,0.0,2.0,2.0,17.0,A01
201300000761,0,7,0,0.0,2.0,6.0,17.0,B02
201300000762,0,7,0,0.0,2.0,1.0,1.0,A01
201300000762,0,7,0,0.0,2.0,8.0,19.0,B02
201300000763,0,7,0,2.0,0.0,3.0,1.0,A01
201300000764,0,33,0,16.0,0.0,1.0,17.0,A01
201300000765,0,31,0,0.0,2.0,3.0,1.0,A01
201300000765,0,7,0,0.0,2.0,3.0,1.0,B02
201300000766,0,7,0,0.0,2.0,3.0,1.0,A01
201300000766,0,15,0,0.0,2.0,2.0,1.0,B02
201300000767,0,7,0,8.0,0.0,7.0,1.0,A01
201300000768,0,7,0,0.0,2.0,2.0,1.0,A01
201300000768,0,1,0,0.0,2.0,1.0,1.0,B02
201300000769,0,7,0,13.0,0.0,9.0,2.0,A01
201300000770,0,99,0,15.0,0.0,6.0,1.0,A01
201300000771,0,14,0,0.0,0.0,3.0,1.0,B02
201300000771,0,7,0,0.0,0.0,3.0,1.0,A01
201300000772,0,7,0,2.0,0.0,1.0,1.0,A01
201300000773,0,7,0,0.0,2.0,1.0,1.0,B02
201300000773,0,7,0,0.0,2.0,1.0,19.0,A01
201300000774,0,7,0,0.0,2.0,1.0,5.0,A01
201300000774,0,7,0,0.0,2.0,1.0,1.0,B02
201300000775,0,7,0,0.0,0.0,6.0,9.0,B02
201300000775,0,7,0,0.0,2.0,2.0,21.0,A01
201300000776,0,2,0,0.0,2.0,2.0,2.0,A01
201300000776,0,7,0,0.0,2.0,6.0,2.0,B02
201300000777,0,7,0,0.0,2.0,1.0,1.0,A01
201300000777,0,10,0,0.0,0.0,4.0,15.0,B02
201300000778,0,7,0,13.0,0.0,1.0,1.0,A01
201300000779,0,7,0,0.0,9.0,2.0,17.0,A01
201300000779,0,1,0,0.0,0.0,6.0,1.0,B02
201300000780,0,33,0,0.0,0.0,5.0,13.0,A01
201300000780,0,33,0,0.0,2.0,1.0,1.0,B02
201300000781,0,7,0,0.0,1.0,1.0,1.0,A01
201300000782,0,7,0,0.0,0.0,1.0,1.0,A01
201300000783,0,7,0,0.0,2.0,3.0,15.0,A01
201300000783,0,99,0,0.0,2.0,8.0,1.0,B02
201300000784,0,7,0,0.0,0.0,9.0,1.0,A01
201300000785,0,7,0,0.0,1.0,2.0,1.0,A01
201300000786,1,31,0,0.0,2.0,1.0,1.0,A01
201300000786,0,1,0,0.0,2.0,4.0,1.0,B02
201300000787,0,33,0,0.0,0.0,8.0,1.0,A01
201300000788,0,7,0,0.0,2.0,1.0,15.0,A01
201300000788,0,1,0,0.0,2.0,8.0,1.0,B02
201300000789,0,7,0,0.0,2.0,3.0,1.0,B02
201300000789,0,7,0,0.0,2.0,3.0,11.0,A01
201300000790,0,7,0,0.0,2.0,7.0,15.0,B02
201300000790,0,33,0,0.0,2.0,1.0,1.0,A01
201300000791,0,15,0,0.0,2.0,1.0,1.0,B02
201300000791,0,7,0,0.0,2.0,1.0,13.0,A01
201300000792,0,10,0,0.0,2.0,1.0,24.0,B02
201300000792,0,7,0,1.0,1.0,1.0,0.0,A01
201300000793,0,7,0,0.0,2.0,7.0,5.0,A01
201300000793,0,14,0,0.0,2.0,1.0,1.0,B02
201300000794,0,7,0,0.0,2.0,1.0,13.0,A01
201300000794,0,7,0,0.0,2.0,1.0,1.0,B02
201300000795,0,10,0,0.0,1.0,1.0,1.0,A01
201300000796,0,2,0,0.0,2.0,1.0,1.0,B02
201300000796,0,7,0,0.0,2.0,3.0,10.0,A01
201300000797,0,7,0,0.0,2.0,3.0,1.0,A01
201300000797,0,7,0,0.0,0.0,3.0,15.0,B02
201300000798,0,7,0,0.0,2.0,2.0,15.0,A01
201300000798,0,7,0,0.0,2.0,1.0,1.0,B02
201300000799,0,7,0,13.0,0.0,1.0,1.0,A01
201300000800,0,33,0,0.0,2.0,1.0,17.0,B02
201300000800,0,7,0,0.0,2.0,8.0,10.0,A01
201300000801,0,33,0,0.0,2.0,1.0,16.0,A01
201300000801,0,10,0,0.0,0.0,3.0,23.0,B02
201300000802,0,30,0,12.0,0.0,1.0,1.0,A01
201300000803,0,7,0,0.0,2.0,3.0,13.0,A01
201300000803,0,7,0,0.0,2.0,1.0,1.0,B02
201300000804,0,7,0,0.0,2.0,3.0,15.0,B02
201300000804,0,33,0,9.0,2.0,1.0,17.0,A01
201300000805,0,2,0,0.0,2.0,4.0,15.0,A01
201300000805,0,33,0,0.0,2.0,1.0,1.0,B02
201300000806,0,7,0,0.0,2.0,3.0,15.0,B02
201300000806,0,31,0,0.0,2.0,1.0,1.0,A01
201300000807,0,10,0,0.0,9.0,7.0,17.0,A01
201300000807,0,1,0,0.0,2.0,3.0,15.0,B02
201300000808,0,7,0,0.0,2.0,3.0,1.0,B02
201300000808,0,7,0,0.0,2.0,3.0,13.0,A01
201300000809,0,7,0,0.0,0.0,3.0,1.0,A01
201300000809,0,1,0,0.0,2.0,1.0,15.0,B02
201300000810,0,7,0,0.0,2.0,2.0,19.0,A01
201300000810,0,7,0,0.0,2.0,2.0,1.0,B02
201300000811,0,7,0,2.0,0.0,7.0,1.0,A01
201300000812,0,7,0,0.0,2.0,8.0,1.0,B02
201300000812,0,7,0,0.0,2.0,3.0,19.0,A01
201300000813,0,7,0,0.0,2.0,2.0,14.0,A01
201300000813,0,1,0,0.0,0.0,4.0,13.0,B02
201300000814,0,30,0,13.0,0.0,9.0,21.0,A01
201300000814,0,7,0,0.0,2.0,3.0,21.0,B02
201300000815,0,33,0,12.0,0.0,1.0,1.0,A01
201300000816,0,1,0,0.0,2.0,1.0,0.0,B02
201300000816,0,10,0,0.0,2.0,1.0,0.0,A01
201300000817,0,7,0,0.0,2.0,2.0,9.0,A01
201300000817,0,33,0,0.0,0.0,5.0,16.0,B02
201300000818,0,7,0,0.0,1.0,3.0,1.0,A01
201300000819,0,7,0,6.0,0.0,1.0,1.0,A01
201300000820,0,14,0,0.0,2.0,4.0,1.0,B02
201300000820,0,14,0,0.0,2.0,1.0,1.0,A01
201300000821,0,7,0,6.0,0.0,1.0,15.0,A01
201300000822,0,7,0,0.0,2.0,7.0,19.0,A01
201300000822,0,7,0,0.0,2.0,1.0,1.0,B02
201300000823,0,7,0,0.0,2.0,3.0,15.0,B02
201300000823,0,7,0,0.0,2.0,1.0,1.0,A01
201300000824,0,7,0,13.0,0.0,9.0,1.0,A01
201300000825,0,7,0,0.0,2.0,3.0,13.0,A01
201300000825,0,15,0,0.0,2.0,3.0,14.0,B02
201300000826,0,7,0,0.0,0.0,1.0,1.0,A01
201300000827,0,7,0,0.0,9.0,1.0,17.0,A01
201300000827,0,1,0,0.0,2.0,0.0,15.0,B02
201300000828,0,7,0,2.0,2.0,2.0,11.0,B01
201300000828,0,7,0,0.0,2.0,8.0,1.0,A02
201300000829,0,7,0,6.0,0.0,1.0,1.0,A01
201300000830,0,10,0,0.0,1.0,1.0,1.0,A01
201300000831,0,7,0,0.0,1.0,3.0,1.0,A01
201300000832,0,15,0,0.0,1.0,0.0,16.0,A01
201300000833,0,7,0,0.0,1.0,1.0,1.0,A01
201300000834,0,14,0,0.0,0.0,0.0,1.0,A01
201300000835,0,7,0,0.0,2.0,1.0,2.0,A01
201300000835,0,7,0,0.0,2.0,4.0,2.0,B02
201300000836,0,7,0,0.0,2.0,3.0,1.0,B02
201300000836,0,7,0,0.0,2.0,3.0,13.0,A01
201300000837,0,10,0,0.0,2.0,3.0,1.0,A01
201300000837,0,10,0,0.0,2.0,2.0,3.0,B02
201300000838,0,7,0,0.0,2.0,1.0,1.0,B02
201300000838,0,7,0,0.0,2.0,5.0,15.0,A01
201300000839,0,7,0,0.0,2.0,3.0,1.0,B02
201300000839,0,7,0,,2.0,3.0,15.0,A01
201300000840,0,7,0,0.0,2.0,3.0,13.0,B02
201300000840,0,7,0,0.0,2.0,3.0,1.0,A01
201300000841,0,1,0,0.0,2.0,1.0,1.0,B02
201300000841,0,7,0,0.0,9.0,1.0,13.0,A01
201300000842,0,7,0,6.0,0.0,1.0,1.0,A01
201300000843,0,7,0,0.0,2.0,3.0,13.0,A01
201300000843,0,7,0,0.0,2.0,2.0,1.0,C03
201300000843,0,7,0,0.0,2.0,1.0,1.0,B02
201300000844,0,17,0,0.0,2.0,1.0,1.0,B02
201300000844,0,7,0,0.0,2.0,5.0,1.0,A01
201300000845,0,33,0,0.0,2.0,1.0,17.0,A01
201300000845,0,7,0,0.0,2.0,3.0,15.0,B02
201300000846,0,7,0,15.0,0.0,2.0,1.0,A01
201300000847,0,7,0,0.0,2.0,1.0,1.0,B02
201300000847,0,7,0,0.0,2.0,1.0,5.0,A01
201300000848,0,30,0,0.0,2.0,1.0,6.0,A02
201300000848,0,7,0,0.0,2.0,3.0,15.0,B01
201300000849,0,7,0,0.0,2.0,8.0,16.0,A01
201300000849,0,33,0,0.0,2.0,1.0,1.0,B02
201300000850,0,7,0,0.0,2.0,3.0,1.0,B02
201300000850,0,7,0,0.0,2.0,3.0,1.0,A01
201300000851,0,7,0,0.0,2.0,7.0,1.0,A01
201300000851,0,30,0,0.0,2.0,1.0,5.0,B02
201300000852,0,7,0,13.0,0.0,9.0,1.0,A01
201300000853,0,7,0,0.0,2.0,7.0,1.0,B02
201300000853,0,17,0,0.0,2.0,1.0,1.0,A01