Num_Acc,senc,catv,occutc,obs,obsm,choc,manv,num_veh
201300000854,0,31,0,10.0,0.0,1.0,1.0,A01
201300000855,0,7,0,0.0,1.0,8.0,1.0,A01
201300000856,0,7,0,13.0,0.0,1.0,14.0,A01
201300000857,0,7,0,0.0,1.0,2.0,1.0,A01
201300000858,0,7,0,0.0,1.0,4.0,4.0,A01
201300000859,0,7,0,0.0,0.0,1.0,1.0,B02
201300000859,0,7,0,0.0,0.0,7.0,19.0,A01
201300000860,0,7,0,0.0,1.0,3.0,11.0,A01
201300000861,0,7,0,0.0,2.0,3.0,1.0,B02
201300000861,0,33,0,0.0,2.0,1.0,17.0,A01
201300000862,0,7,0,0.0,2.0,3.0,13.0,A01
201300000862,0,7,0,0.0,2.0,3.0,1.0,B02
201300000863,0,7,0,0.0,2.0,1.0,1.0,B02
201300000863,0,10,0,1.0,2.0,7.0,19.0,A01
201300000863,0,7,0,0.0,2.0,8.0,23.0,C03
201300000864,0,1,0,0.0,0.0,8.0,0.0,B02
201300000865,0,7,0,0.0,2.0,1.0,13.0,A01
201300000865,0,7,0,0.0,2.0,8.0,1.0,B02
201300000865,0,7,0,0.0,2.0,3.0,1.0,C03
201300000866,0,7,0,0.0,2.0,3.0,1.0,A01
201300000866,0,2,0,0.0,2.0,4.0,15.0,B02
201300000867,0,7,0,2.0,0.0,1.0,1.0,A01
201300000868,0,7,0,2.0,0.0,1.0,1.0,A01
201300000869,0,7,0,0.0,2.0,3.0,0.0,B02
201300000869,0,1,0,0.0,2.0,1.0,13.0,A01
201300000870,0,7,0,0.0,2.0,5.0,15.0,B02
201300000870,0,33,0,0.0,2.0,1.0,1.0,A01
201300000871,0,7,0,2.0,0.0,2.0,1.0,A01
201300000872,0,7,0,11.0,0.0,1.0,1.0,A01
201300000873,0,7,0,0.0,0.0,4.0,9.0,A01
201300000873,0,33,0,0.0,2.0,1.0,1.0,B02
201300000874,0,31,0,0.0,2.0,1.0,13.0,A01
201300000874,0,7,0,0.0,2.0,3.0,1.0,B02
201300000875,0,10,0,0.0,2.0,3.0,1.0,B02
201300000875,0,7,0,0.0,2.0,1.0,15.0,A01
201300000876,0,7,0,0.0,2.0,3.0,1.0,B02
201300000876,0,7,0,0.0,2.0,3.0,13.0,A01
201300000877,0,7,0,0.0,2.0,5.0,15.0,A01
201300000877,0,31,0,0.0,2.0,1.0,1.0,B02
201300000878,0,3,0,6.0,0.0,3.0,1.0,A01
201300000879,0,7,0,0.0,2.0,1.0,1.0,B02
201300000879,0,7,0,0.0,2.0,7.0,17.0,A01
201300000880,0,14,0,0.0,0.0,2.0,1.0,A01
201300000881,0,7,0,0.0,0.0,8.0,15.0,A01
201300000881,0,31,0,0.0,2.0,1.0,1.0,B02
201300000882,0,7,0,0.0,2.0,3.0,1.0,B02
201300000882,0,7,0,0.0,0.0,0.0,1.0,A01
201300000882,0,7,0,0.0,2.0,0.0,1.0,C03
201300000883,0,7,0,8.0,0.0,3.0,13.0,A01
201300000884,0,10,0,0.0,2.0,3.0,1.0,B02
201300000884,0,7,0,0.0,2.0,3.0,1.0,A01
201300000885,0,7,0,8.0,6.0,1.0,19.0,A01
201300000886,0,7,0,0.0,0.0,3.0,1.0,A01
201300000887,0,33,0,0.0,2.0,4.0,23.0,B02
201300000887,0,7,0,0.0,2.0,1.0,2.0,A01
201300000888,0,30,0,0.0,2.0,1.0,17.0,A01
201300000888,0,7,0,0.0,2.0,1.0,1.0,B02
201300000889,0,7,0,0.0,9.0,3.0,15.0,A01
201300000889,0,1,0,0.0,2.0,8.0,1.0,B02
201300000890,0,7,0,0.0,1.0,2.0,1.0,A01
201300000891,0,7,0,0.0,2.0,5.0,15.0,A01
201300000891,0,2,0,0.0,2.0,1.0,1.0,B02
201300000892,0,7,0,0.0,2.0,1.0,1.0,B02
201300000892,0,7,0,0.0,2.0,1.0,17.0,A01
201300000893,0,7,0,8.0,0.0,8.0,1.0,A01
201300000894,0,7,0,0.0,2.0,1.0,1.0,B02
201300000894,0,7,0,0.0,2.0,3.0,15.0,A01
201300000895,0,7,0,0.0,2.0,3.0,1.0,B02
201300000895,0,30,0,0.0,2.0,8.0,1.0,A01
201300000896,0,7,0,6.0,0.0,1.0,1.0,A01
201300000897,0,33,0,0.0,2.0,1.0,1.0,A01
201300000897,0,10,0,0.0,0.0,5.0,16.0,B02
201300000898,0,99,0,0.0,2.0,3.0,1.0,B02
201300000898,0,30,0,0.0,2.0,1.0,13.0,A01
201300000899,0,7,0,6.0,0.0,1.0,1.0,A01
201300000900,0,7,0,0.0,2.0,3.0,9.0,B02
201300000900,0,7,0,0.0,2.0,2.0,1.0,A01
201300000901,0,7,0,0.0,2.0,1.0,13.0,A01
201300000901,0,7,0,0.0,2.0,1.0,1.0,B02
201300000902,0,7,0,0.0,2.0,1.0,1.0,B02
201300000902,0,7,0,0.0,2.0,2.0,5.0,A01
201300000903,0,7,0,0.0,2.0,3.0,1.0,B02
201300000903,0,33,0,0.0,2.0,1.0,13.0,A01
201300000904,0,33,0,0.0,2.0,8.0,17.0,A01
201300000904,0,7,0,0.0,2.0,3.0,1.0,B02
201300000904,0,33,0,16.0,0.0,1.0,1.0,C03
201300000905,0,10,0,0.0,1.0,6.0,1.0,A01
201300000906,0,14,0,0.0,2.0,2.0,1.0,B02
201300000906,0,7,0,0.0,2.0,2.0,13.0,A01
201300000907,0,7,0,0.0,1.0,2.0,1.0,A01
201300000908,0,10,0,13.0,0.0,1.0,16.0,A01
201300000909,0,7,0,0.0,2.0,2.0,1.0,A01
201300000909,0,1,0,0.0,0.0,4.0,1.0,B02
201300000910,0,10,0,0.0,2.0,2.0,15.0,A01
201300000910,0,10,0,0.0,2.0,2.0,1.0,B02
201300000911,0,2,0,0.0,2.0,3.0,2.0,B02
201300000911,0,7,0,0.0,2.0,3.0,2.0,A01
201300000912,0,32,0,0.0,2.0,8.0,17.0,A01
201300000912,0,7,0,0.0,2.0,8.0,1.0,B02
201300000913,0,7,0,0.0,2.0,0.0,1.0,B02
201300000913,0,7,0,0.0,2.0,0.0,1.0,C03
201300000913,0,7,0,0.0,2.0,0.0,19.0,A01
201300000914,0,30,0,0.0,2.0,1.0,2.0,A01
201300000914,0,7,0,0.0,0.0,4.0,2.0,B02
201300000915,0,7,0,0.0,2.0,3.0,9.0,A01
201300000915,0,33,0,0.0,2.0,2.0,1.0,B02
201300000916,0,7,0,0.0,2.0,1.0,1.0,B02
201300000916,0,3,0,0.0,2.0,7.0,15.0,A01
201300000916,0,7,0,0.0,2.0,8.0,0.0,C03
201300000917,0,7,0,0.0,2.0,7.0,15.0,A01
201300000917,0,33,0,0.0,2.0,1.0,1.0,B02
201300000918,0,33,0,0.0,0.0,7.0,1.0,A01
201300000919,0,7,0,0.0,2.0,1.0,1.0,A01
201300000919,0,7,0,0.0,2.0,1.0,15.0,B02
201300000920,0,7,0,0.0,1.0,4.0,23.0,A01
201300000920,0,7,0,1.0,0.0,1.0,2.0,B02
201300000921,0,2,0,0.0,2.0,1.0,1.0,B02
201300000921,0,7,0,0.0,2.0,2.0,21.0,A01
201300000922,0,7,0,0.0,1.0,3.0,1.0,A01
201300000923,0,7,0,0.0,2.0,2.0,1.0,B02
201300000923,0,14,0,0.0,2.0,1.0,1.0,A01
201300000924,0,7,0,2.0,0.0,3.0,13.0,A01
201300000925,0,21,0,0.0,0.0,0.0,1.0,A01
201300000926,0,7,0,0.0,0.0,0.0,1.0,D04
201300000926,0,7,0,0.0,2.0,3.0,1.0,B02
201300000926,0,10,0,0.0,2.0,3.0,1.0,C03
201300000926,0,7,0,0.0,2.0,3.0,13.0,A01
201300000927,0,36,0,0.0,2.0,1.0,0.0,B02
201300000927,0,7,0,0.0,0.0,0.0,0.0,A01
201300000928,0,7,0,0.0,1.0,3.0,1.0,A01
201300000929,0,7,0,0.0,1.0,3.0,1.0,A01
201300000930,0,33,0,13.0,0.0,7.0,0.0,A01
201300000931,0,7,0,8.0,0.0,3.0,0.0,A01
201300000932,0,7,0,0.0,2.0,7.0,19.0,A01
201300000932,0,7,0,0.0,2.0,1.0,1.0,B01
201300000933,0,2,0,0.0,2.0,3.0,2.0,A01
201300000933,0,7,0,0.0,0.0,5.0,15.0,B02
201300000934,0,7,0,0.0,2.0,3.0,1.0,B02
201300000934,0,7,0,0.0,2.0,3.0,1.0,A01
201300000935,0,33,0,13.0,0.0,1.0,0.0,A01
201300000936,0,7,0,0.0,2.0,1.0,0.0,A01
201300000936,0,7,0,0.0,2.0,1.0,0.0,B02
201300000937,0,7,0,0.0,1.0,3.0,0.0,A01
201300000938,0,36,0,0.0,2.0,2.0,1.0,B02
201300000938,0,7,0,0.0,2.0,2.0,17.0,A01
201300000939,0,7,0,0.0,2.0,1.0,1.0,A01
201300000939,0,7,0,0.0,2.0,1.0,1.0,B02
201300000940,0,7,0,0.0,0.0,0.0,15.0,A01
201300000940,0,33,0,0.0,0.0,0.0,21.0,B02
201300000941,0,7,0,0.0,2.0,1.0,1.0,A01
201300000941,0,31,0,0.0,2.0,1.0,13.0,B02
201300000942,0,7,0,0.0,5.0,2.0,1.0,A01
201300000943,0,33,0,0.0,0.0,0.0,1.0,A01
201300000944,0,7,0,0.0,2.0,3.0,23.0,C03
201300000944,0,7,0,0.0,2.0,3.0,1.0,D04
201300000944,0,7,0,0.0,2.0,7.0,19.0,A01
201300000944,0,7,0,0.0,2.0,1.0,1.0,B02
201300000945,0,7,0,0.0,1.0,7.0,1.0,A01
201300000946,0,7,0,0.0,2.0,7.0,1.0,A01
201300000946,0,30,0,0.0,2.0,1.0,15.0,B02
201300000947,0,7,0,0.0,2.0,3.0,17.0,A01
201300000947,0,38,57,0.0,2.0,3.0,1.0,B02
201300000948,0,7,0,0.0,2.0,1.0,1.0,B02
201300000948,0,30,0,0.0,2.0,8.0,15.0,A01
201300000949,0,31,0,14.0,0.0,0.0,1.0,A01
201300000950,0,7,0,0.0,2.0,3.0,13.0,A01
201300000950,0,7,0,0.0,2.0,3.0,1.0,B02
201300000951,0,7,0,13.0,2.0,2.0,13.0,A01
201300000951,0,7,0,0.0,2.0,3.0,1.0,B02
201300000952,0,30,0,0.0,0.0,0.0,1.0,B02
201300000952,0,7,0,0.0,2.0,1.0,9.0,A01
201300000953,0,7,0,0.0,0.0,3.0,1.0,A01
201300000954,0,7,0,0.0,1.0,1.0,1.0,A01
201300000955,0,7,0,0.0,2.0,3.0,13.0,A01
201300000955,0,7,0,0.0,2.0,3.0,1.0,B02
201300000956,0,7,0,0.0,2.0,8.0,1.0,A01
201300000956,0,15,0,0.0,2.0,3.0,1.0,B02
201300000957,0,7,0,0.0,2.0,1.0,13.0,A01
201300000957,0,14,0,0.0,2.0,3.0,1.0,B02
201300000958,0,7,0,0.0,2.0,3.0,13.0,A01
201300000958,0,7,0,0.0,2.0,3.0,1.0,B02
201300000959,0,10,0,0.0,1.0,4.0,4.0,A01
201300000960,0,21,0,0.0,2.0,6.0,15.0,A01
201300000960,0,33,0,0.0,2.0,7.0,1.0,B02
201300000961,0,21,0,0.0,2.0,3.0,15.0,A01
201300000961,0,7,0,0.0,2.0,8.0,1.0,B02
201300000962,0,16,0,2.0,0.0,1.0,14.0,A01
201300000963,0,7,0,0.0,2.0,1.0,1.0,B01
201300000963,0,7,0,0.0,2.0,2.0,19.0,A02
201300000964,0,7,0,0.0,2.0,1.0,1.0,A01
201300000964,0,7,0,0.0,2.0,2.0,19.0,B02
201300000965,0,30,0,0.0,2.0,5.0,1.0,B02
201300000965,0,10,0,0.0,2.0,2.0,9.0,A01
201300000966,0,7,0,13.0,2.0,1.0,1.0,B02
201300000966,0,7,0,0.0,2.0,3.0,15.0,A01
201300000967,0,7,0,0.0,1.0,1.0,15.0,A01
201300000968,0,30,0,0.0,0.0,4.0,1.0,A01
201300000969,0,7,0,0.0,1.0,2.0,1.0,A01
201300000970,0,7,0,0.0,1.0,2.0,1.0,A01
201300000971,0,2,0,0.0,1.0,1.0,18.0,A01
201300000972,0,16,0,0.0,1.0,8.0,1.0,A01
201300000973,0,30,0,15.0,2.0,7.0,17.0,A01
201300000973,0,7,0,0.0,2.0,8.0,1.0,B02
201300000974,0,33,0,0.0,2.0,1.0,11.0,A01
201300000974,0,7,0,0.0,2.0,1.0,1.0,B02
201300000975,0,7,0,0.0,1.0,2.0,2.0,A01
201300000976,0,33,0,3.0,0.0,3.0,14.0,A01
201300000977,0,30,0,0.0,0.0,2.0,14.0,A01
201300000978,0,7,0,0.0,2.0,8.0,19.0,A01
201300000978,0,7,0,0.0,2.0,1.0,1.0,B02
201300000979,0,10,0,0.0,2.0,3.0,9.0,A01
201300000979,0,30,0,0.0,2.0,5.0,1.0,B02
201300000980,0,7,0,2.0,0.0,8.0,1.0,A01
201300000981,0,30,0,0.0,1.0,1.0,1.0,A01
201300000982,0,7,0,0.0,2.0,2.0,15.0,A01
201300000982,0,7,0,0.0,2.0,2.0,21.0,B02
201300000983,0,33,0,1.0,0.0,1.0,18.0,A01
201300000983,0,10,0,0.0,2.0,3.0,23.0,B02
201300000983,0,7,0,0.0,2.0,5.0,15.0,C03
201300000984,0,33,0,8.0,0.0,1.0,1.0,A01
201300000985,0,7,0,0.0,2.0,8.0,1.0,A01
201300000985,0,7,0,0.0,2.0,1.0,1.0,B02
201300000986,0,30,0,0.0,2.0,1.0,5.0,A01
201300000986,0,7,0,0.0,2.0,3.0,15.0,B02
201300000987,0,7,0,0.0,2.0,1.0,13.0,B02
201300000987,0,7,0,0.0,2.0,3.0,6.0,A01
201300000988,0,99,0,12.0,0.0,1.0,19.0,A01
201300000989,0,30,0,0.0,1.0,8.0,1.0,A01
201300000990,0,17,0,0.0,2.0,1.0,21.0,A01
201300000990,0,7,0,0.0,2.0,1.0,1.0,B02
201300000990,0,21,0,0.0,2.0,5.0,16.0,C03
201300000990,0,10,0,0.0,2.0,4.0,2.0,D04
201300000991,0,7,0,0.0,2.0,3.0,1.0,B02
201300000991,0,7,0,0.0,2.0,1.0,13.0,A01
201300000992,0,7,0,0.0,2.0,7.0,1.0,A01
201300000992,0,7,0,0.0,2.0,1.0,1.0,B02
201300000993,0,2,0,0.0,2.0,3.0,15.0,B02
201300000993,0,10,0,0.0,2.0,1.0,1.0,A01
201300000994,0,7,0,0.0,2.0,3.0,10.0,A01
201300000994,0,2,0,0.0,2.0,1.0,2.0,B02
201300000995,0,7,0,0.0,2.0,1.0,13.0,A01
201300000995,0,10,0,0.0,2.0,3.0,1.0,B02
201300000996,0,17,0,2.0,0.0,3.0,13.0,A01
201300000997,0,14,0,0.0,2.0,1.0,1.0,B02
201300000997,0,7,0,0.0,2.0,8.0,19.0,A01
201300000998,0,7,0,0.0,2.0,8.0,19.0,A01
201300000998,0,10,0,0.0,2.0,1.0,1.0,B02
201300000999,0,7,0,0.0,2.0,5.0,23.0,A01
201300000999,0,2,0,0.0,2.0,1.0,2.0,B02
201300001000,0,7,0,1.0,0.0,1.0,1.0,A01
201300001001,0,7,0,0.0,1.0,3.0,19.0,A01
201300001002,0,3,0,0.0,2.0,1.0,2.0,A01
201300001002,0,1,0,0.0,2.0,4.0,1.0,B02
201300001003,0,3,0,13.0,0.0,1.0,14.0,A01
201300001004,0,21,0,0.0,1.0,5.0,17.0,A01
201300001005,0,7,0,0.0,2.0,2.0,1.0,B02
201300001005,0,3,0,0.0,2.0,3.0,19.0,A01
201300001006,0,7,0,0.0,1.0,1.0,1.0,A01
201300001007,0,7,0,0.0,1.0,2.0,14.0,A01
201300001008,0,7,0,0.0,2.0,8.0,15.0,A01
201300001008,0,1,0,0.0,2.0,8.0,1.0,B02
201300001009,0,7,0,0.0,1.0,2.0,1.0,A01
201300001010,0,33,0,0.0,2.0,8.0,19.0,A01
201300001010,0,7,0,0.0,2.0,1.0,1.0,B02
201300001011,0,33,0,6.0,0.0,8.0,13.0,A01
201300001012,0,7,0,0.0,2.0,7.0,13.0,A01
201300001012,0,17,0,0.0,2.0,1.0,1.0,B02
201300001013,0,30,0,6.0,0.0,2.0,15.0,A01
201300001014,0,33,0,0.0,5.0,1.0,1.0,A01
201300001015,0,7,0,0.0,2.0,3.0,13.0,A01
201300001015,0,7,0,0.0,2.0,3.0,1.0,B02
201300001016,0,7,0,0.0,2.0,3.0,1.0,A01
201300001016,0,7,0,0.0,2.0,3.0,1.0,B02
201300001017,0,7,0,10.0,0.0,1.0,1.0,A01
201300001018,0,7,0,13.0,0.0,9.0,1.0,A01
201300001019,0,31,0,0.0,0.0,8.0,1.0,A01
201300001020,0,33,0,0.0,2.0,1.0,1.0,B02
201300001020,0,7,0,0.0,2.0,1.0,19.0,A01
201300001021,0,7,0,0.0,2.0,4.0,13.0,A01
201300001021,0,10,0,0.0,2.0,2.0,1.0,B02
201300001022,0,15,0,13.0,0.0,3.0,13.0,A01
201300001023,0,2,0,0.0,0.0,8.0,1.0,B02
201300001023,0,7,0,0.0,2.0,1.0,15.0,A01
201300001024,0,7,0,0.0,2.0,3.0,1.0,A01
201300001024,0,15,0,0.0,2.0,3.0,1.0,B02
201300001025,0,10,0,0.0,2.0,2.0,1.0,B02
201300001025,0,10,0,0.0,2.0,3.0,1.0,A01
201300001026,0,30,0,3.0,0.0,3.0,13.0,A01
201300001027,0,30,0,13.0,0.0,3.0,1.0,A01
201300001028,0,7,0,0.0,1.0,3.0,1.0,A01
201300001029,0,21,0,0.0,0.0,0.0,0.0,B02
201300001029,0,7,0,13.0,0.0,1.0,1.0,A01
201300001030,0,7,0,0.0,2.0,7.0,13.0,A01
201300001030,0,21,0,0.0,2.0,3.0,1.0,B02
201300001031,0,7,0,6.0,0.0,1.0,1.0,A01
201300001032,0,7,0,0.0,0.0,4.0,23.0,A01
201300001032,0,2,0,0.0,2.0,1.0,1.0,B02
201300001033,0,7,0,3.0,0.0,7.0,1.0,A01
201300001034,0,7,0,0.0,1.0,4.0,4.0,A01
201300001035,0,7,0,0.0,1.0,3.0,1.0,A01
201300001036,0,7,0,0.0,2.0,5.0,0.0,A01
201300001037,0,30,0,12.0,0.0,8.0,1.0,A01
201300001038,0,7,0,13.0,0.0,3.0,13.0,A01
201300001039,0,7,0,0.0,1.0,3.0,1.0,A01
201300001040,0,7,0,3.0,0.0,9.0,13.0,A01
201300001041,0,7,0,0.0,2.0,2.0,15.0,A01
201300001041,0,1,0,0.0,2.0,1.0,1.0,B02
201300001041,0,1,0,0.0,2.0,1.0,2.0,C03
201300001042,0,30,0,1.0,0.0,1.0,1.0,A01
201300001042,0,15,0,0.0,2.0,4.0,24.0,B02
201300001043,0,10,0,0.0,0.0,0.0,17.0,A01
201300001043,0,33,0,13.0,0.0,0.0,17.0,B02
201300001044,0,33,0,13.0,0.0,1.0,1.0,A01
201300001045,0,7,0,0.0,2.0,2.0,17.0,A01
201300001045,0,1,0,0.0,2.0,4.0,13.0,B02
201300001046,0,7,0,13.0,0.0,3.0,17.0,A01
201300001047,0,7,0,0.0,2.0,5.0,1.0,A01
201300001047,0,7,0,0.0,2.0,1.0,1.0,B02
201300001048,0,7,0,0.0,2.0,8.0,1.0,B02
201300001048,0,2,0,0.0,2.0,8.0,16.0,A01
201300001049,0,7,0,6.0,0.0,1.0,1.0,A01
201300001050,0,33,0,0.0,2.0,1.0,1.0,A01
201300001050,0,10,0,0.0,2.0,8.0,15.0,B02
201300001051,0,7,0,0.0,2.0,1.0,13.0,A01
201300001051,0,7,0,0.0,2.0,1.0,11.0,B02
201300001052,0,7,0,0.0,2.0,3.0,15.0,A01
201300001052,0,33,0,0.0,2.0,1.0,1.0,B02
201300001053,0,3,0,2.0,0.0,3.0,13.0,A01
201300001054,0,14,0,0.0,1.0,2.0,0.0,A01
201300001055,0,38,1,0.0,2.0,1.0,1.0,A01
201300001055,0,7,0,0.0,2.0,7.0,19.0,B02
201300001056,0,10,0,0.0,2.0,3.0,15.0,A01
201300001056,0,1,0,0.0,2.0,8.0,1.0,B02
201300001057,0,33,0,0.0,2.0,1.0,2.0,A01
201300001057,0,10,0,0.0,2.0,6.0,15.0,B02
201300001058,0,1,0,0.0,2.0,1.0,1.0,B02
201300001058,0,1,0,0.0,2.0,4.0,1.0,A01
201300001059,0,34,0,0.0,0.0,0.0,1.0,A01
201300001060,0,7,0,13.0,0.0,1.0,6.0,A01
201300001061,0,7,0,12.0,0.0,3.0,17.0,A01
201300001062,0,31,0,6.0,0.0,1.0,1.0,A01
201300001063,0,7,0,0.0,1.0,3.0,1.0,A01
201300001064,0,7,0,0.0,2.0,3.0,2.0,A01
201300001064,0,21,0,0.0,2.0,5.0,1.0,B02
201300001065,0,7,0,0.0,1.0,3.0,1.0,A01
201300001066,0,7,0,0.0,0.0,4.0,9.0,A01
201300001066,0,33,0,0.0,2.0,1.0,1.0,B02
201300001067,0,7,0,0.0,2.0,3.0,19.0,B02
201300001067,0,33,0,0.0,2.0,1.0,1.0,A01
201300001068,0,7,0,0.0,2.0,2.0,1.0,A01
201300001068,0,1,0,0.0,2.0,4.0,1.0,B02
201300001069,0,2,0,0.0,2.0,1.0,1.0,A01
201300001069,0,7,0,0.0,2.0,6.0,13.0,B02
201300001070,0,30,0,0.0,2.0,1.0,2.0,A01
201300001070,0,7,0,0.0,0.0,5.0,15.0,B02
201300001071,0,20,0,0.0,2.0,5.0,19.0,B02
201300001071,0,7,0,0.0,2.0,7.0,1.0,A01
201300001072,0,7,0,6.0,0.0,1.0,1.0,A01
201300001073,0,7,0,0.0,2.0,3.0,9.0,A01
201300001073,0,30,0,0.0,2.0,7.0,1.0,B02
201300001074,0,7,0,0.0,1.0,3.0,15.0,A01
201300001075,0,7,0,0.0,1.0,0.0,1.0,C03
201300001075,0,7,0,0.0,2.0,1.0,1.0,B02
201300001075,0,7,0,0.0,2.0,1.0,5.0,A01
201300001076,0,7,0,0.0,2.0,3.0,13.0,A01
201300001076,0,7,0,0.0,2.0,3.0,1.0,B02
201300001077,0,7,0,0.0,1.0,2.0,1.0,A01
201300001078,0,33,0,0.0,2.0,1.0,13.0,A01
201300001078,0,7,0,0.0,2.0,3.0,1.0,B02
201300001079,0,10,0,0.0,2.0,1.0,13.0,A01
201300001079,0,7,0,0.0,2.0,1.0,1.0,B02
201300001080,0,7,0,2.0,0.0,2.0,1.0,A01
201300001081,0,30,0,13.0,0.0,1.0,14.0,A01
201300001082,0,7,0,0.0,2.0,1.0,9.0,A01
201300001082,0,2,0,0.0,2.0,7.0,9.0,B02
201300001083,0,7,0,0.0,1.0,7.0,2.0,A01
201300001083,0,7,0,2.0,0.0,1.0,13.0,B02
201300001084,0,7,0,6.0,0.0,3.0,1.0,A01
201300001084,0,10,0,0.0,0.0,8.0,1.0,B02
201300001085,0,33,0,0.0,0.0,8.0,2.0,A01
201300001086,0,10,0,0.0,2.0,5.0,19.0,A01
201300001086,0,2,0,0.0,2.0,1.0,1.0,B02
201300001087,0,10,0,0.0,2.0,3.0,1.0,A01
201300001087,0,31,0,0.0,2.0,1.0,0.0,B02
201300001088,0,7,0,0.0,1.0,1.0,1.0,A01
201300001089,0,7,0,0.0,2.0,8.0,13.0,B02
201300001089,0,7,0,0.0,2.0,1.0,1.0,A01
201300001090,0,7,0,0.0,1.0,1.0,1.0,A01
201300001091,0,7,0,0.0,2.0,3.0,19.0,A01
201300001091,0,33,0,0.0,2.0,1.0,2.0,B02
201300001092,0,30,0,12.0,0.0,1.0,1.0,A01
201300001093,0,7,0,6.0,0.0,1.0,1.0,A01
201300001094,0,7,0,0.0,2.0,3.0,14.0,A01
201300001094,0,33,0,0.0,2.0,1.0,13.0,B02
201300001095,0,7,0,16.0,0.0,9.0,1.0,A01
201300001096,0,31,0,0.0,2.0,1.0,1.0,A01
201300001096,0,10,0,0.0,2.0,2.0,19.0,B02
201300001097,0,7,0,16.0,0.0,9.0,1.0,A01
201300001098,0,35,0,6.0,0.0,1.0,5.0,A01
201300001099,0,7,0,0.0,2.0,7.0,15.0,A01
201300001099,0,33,0,0.0,2.0,1.0,1.0,B02
201300001100,0,7,0,0.0,0.0,2.0,16.0,A01
201300001100,0,30,0,0.0,2.0,1.0,1.0,B02
201300001101,0,31,0,0.0,2.0,1.0,2.0,A01
201300001101,0,7,0,0.0,2.0,5.0,2.0,B02
201300001102,0,7,0,0.0,0.0,1.0,1.0,A01
201300001102,0,31,0,0.0,0.0,1.0,1.0,B02
201300001103,0,7,0,0.0,2.0,1.0,5.0,A01
201300001103,0,7,0,0.0,2.0,1.0,1.0,B02
201300001104,0,7,0,0.0,0.0,3.0,0.0,A01
201300001104,0,30,0,0.0,0.0,1.0,1.0,B02
201300001105,0,7,0,0.0,1.0,3.0,1.0,A01
201300001106,0,7,0,0.0,1.0,2.0,1.0,A01
201300001107,0,10,0,12.0,0.0,7.0,21.0,A01
201300001108,0,7,0,0.0,2.0,3.0,15.0,A01
201300001108,0,7,0,11.0,2.0,3.0,1.0,B02
201300001109,0,7,0,0.0,1.0,1.0,1.0,A01
201300001110,0,7,0,0.0,2.0,8.0,19.0,A01
201300001110,0,33,0,0.0,2.0,1.0,1.0,B02
201300001111,0,7,0,0.0,2.0,1.0,13.0,A01
201300001111,0,7,0,0.0,2.0,1.0,1.0,B02
201300001112,0,2,0,0.0,0.0,4.0,23.0,B02
201300001112,0,10,0,0.0,2.0,1.0,1.0,A01
201300001113,0,7,0,6.0,0.0,3.0,0.0,A01
201300001114,0,7,0,0.0,2.0,3.0,15.0,A01
201300001114,0,2,0,0.0,2.0,1.0,1.0,B02
201300001115,0,7,0,0.0,2.0,1.0,13.0,A01
201300001115,0,10,0,0.0,2.0,1.0,1.0,B02
201300001116,0,7,0,0.0,2.0,3.0,1.0,A01
201300001116,0,7,0,0.0,2.0,1.0,13.0,B02
201300001117,0,33,0,15.0,0.0,1.0,1.0,A01
201300001118,0,7,0,0.0,0.0,6.0,9.0,A01
201300001118,0,7,0,0.0,2.0,1.0,1.0,B02
201300001119,0,7,0,13.0,0.0,3.0,1.0,A01
201300001120,0,7,0,10.0,0.0,1.0,1.0,A01
201300001121,2,21,0,0.0,2.0,6.0,1.0,A01
201300001121,0,1,0,0.0,2.0,3.0,1.0,B02
201300001122,0,7,0,0.0,1.0,3.0,15.0,A01
201300001123,0,2,0,6.0,2.0,7.0,17.0,A01
201300001123,0,7,0,0.0,2.0,8.0,15.0,B02
201300001124,0,7,0,0.0,0.0,8.0,1.0,B02
201300001124,0,7,0,0.0,2.0,1.0,15.0,A01
201300001125,0,15,0,0.0,2.0,1.0,2.0,B02
201300001125,0,7,0,0.0,2.0,4.0,2.0,A01
201300001126,0,7,0,0.0,2.0,3.0,6.0,A01
201300001126,0,7,0,0.0,2.0,3.0,1.0,B02
201300001127,0,7,0,0.0,2.0,8.0,10.0,A01
201300001127,0,2,0,0.0,2.0,1.0,21.0,B02
201300001128,0,7,0,0.0,2.0,3.0,1.0,A01
201300001128,0,7,0,0.0,2.0,3.0,1.0,B02
201300001129,0,30,0,0.0,2.0,6.0,16.0,A01
201300001129,0,7,0,0.0,2.0,3.0,1.0,B02
201300001130,0,7,0,0.0,2.0,1.0,2.0,A01
201300001130,0,7,0,0.0,2.0,4.0,23.0,B02
201300001131,0,7,0,13.0,0.0,9.0,1.0,A01
201300001132,0,7,0,0.0,1.0,3.0,2.0,A01
201300001133,0,7,0,0.0,1.0,2.0,1.0,A01
201300001134,0,7,0,0.0,2.0,8.0,9.0,A01
201300001134,0,7,0,0.0,2.0,2.0,1.0,B02
201300001135,0,7,0,0.0,2.0,1.0,1.0,A01
201300001135,0,7,0,0.0,2.0,1.0,1.0,B02
201300001136,0,31,0,6.0,0.0,1.0,1.0,A01
201300001137,0,33,0,0.0,0.0,5.0,1.0,A01