Num_Acc,senc,catv,occutc,obs,obsm,choc,manv,num_veh
201300001137,0,33,0,0.0,2.0,3.0,2.0,B02
201300001138,0,7,0,0.0,2.0,3.0,0.0,A01
201300001138,0,7,0,0.0,2.0,3.0,0.0,B02
201300001139,0,7,0,0.0,2.0,1.0,1.0,B02
201300001139,0,7,0,0.0,2.0,1.0,15.0,A01
201300001140,0,7,0,0.0,2.0,2.0,17.0,A01
201300001140,0,7,0,0.0,2.0,8.0,15.0,B02
201300001141,0,99,0,0.0,2.0,0.0,1.0,A01
201300001141,0,10,0,0.0,2.0,1.0,1.0,B02
201300001142,0,7,0,13.0,0.0,9.0,1.0,A01
201300001143,0,7,0,0.0,2.0,2.0,15.0,B02
201300001143,0,30,0,0.0,2.0,1.0,1.0,A01
201300001144,0,7,0,0.0,2.0,8.0,19.0,A01
201300001144,0,7,0,0.0,2.0,1.0,1.0,B02
201300001145,0,7,0,0.0,0.0,6.0,15.0,A01
201300001145,0,33,0,0.0,2.0,1.0,1.0,B02
201300001146,0,7,0,0.0,1.0,2.0,1.0,A01
201300001147,0,7,0,2.0,0.0,2.0,1.0,A01
201300001148,0,7,0,13.0,0.0,1.0,1.0,A01
201300001149,0,7,0,0.0,0.0,3.0,15.0,A01
201300001149,0,2,0,0.0,0.0,0.0,1.0,B02
201300001150,0,7,0,0.0,0.0,0.0,19.0,A01
201300001150,0,33,0,16.0,0.0,7.0,21.0,B02
201300001151,0,33,0,0.0,2.0,3.0,0.0,A01
201300001151,1,7,0,0.0,2.0,3.0,0.0,B02
201300001152,0,21,0,0.0,2.0,3.0,1.0,B02
201300001152,0,7,0,0.0,2.0,3.0,1.0,A01
201300001153,0,7,0,0.0,2.0,8.0,13.0,A01
201300001153,0,14,0,0.0,2.0,1.0,1.0,B02
201300001154,0,7,0,0.0,2.0,1.0,1.0,B02
201300001154,0,7,0,13.0,2.0,5.0,1.0,A01
201300001155,0,1,0,0.0,2.0,2.0,15.0,B02
201300001155,0,7,0,0.0,9.0,3.0,9.0,A01
201300001156,0,7,0,0.0,2.0,3.0,16.0,A01
201300001156,0,7,0,0.0,2.0,3.0,1.0,B02
201300001157,0,7,0,12.0,2.0,7.0,1.0,A01
201300001157,0,2,0,12.0,0.0,8.0,1.0,B02
201300001158,1,7,0,0.0,1.0,2.0,1.0,A01
201300001159,0,2,0,0.0,2.0,1.0,13.0,A01
201300001159,0,7,0,13.0,2.0,3.0,14.0,B02
201300001160,0,7,0,0.0,2.0,1.0,1.0,B02
201300001160,0,7,0,0.0,2.0,7.0,13.0,A01
201300001161,0,7,0,13.0,0.0,2.0,14.0,A01
201300001162,0,7,0,8.0,0.0,7.0,1.0,A01
201300001163,0,7,0,0.0,2.0,5.0,4.0,A01
201300001163,0,32,0,0.0,2.0,1.0,1.0,B02
201300001164,0,10,0,0.0,2.0,3.0,15.0,A01
201300001164,0,1,0,0.0,2.0,1.0,1.0,B02
201300001165,0,7,0,13.0,0.0,1.0,1.0,A01
201300001166,0,2,0,0.0,2.0,1.0,1.0,B02
201300001166,0,7,0,0.0,2.0,1.0,17.0,A01
201300001167,0,1,0,0.0,2.0,3.0,2.0,A01
201300001167,0,10,0,0.0,9.0,5.0,17.0,B02
201300001168,0,7,0,13.0,0.0,3.0,13.0,A01
201300001169,0,7,0,6.0,0.0,1.0,1.0,A01
201300001170,0,7,0,0.0,2.0,1.0,0.0,C03
201300001170,0,7,0,0.0,2.0,3.0,1.0,A01
201300001170,0,7,0,0.0,2.0,2.0,0.0,B02
201300001171,0,10,0,8.0,0.0,3.0,15.0,A01
201300001172,0,7,0,0.0,2.0,6.0,1.0,B02
201300001172,0,1,0,0.0,2.0,1.0,19.0,A01
201300001173,0,10,0,0.0,2.0,1.0,1.0,B02
201300001173,0,30,0,0.0,2.0,1.0,13.0,A01
201300001174,0,7,0,0.0,2.0,3.0,1.0,A01
201300001174,0,30,0,0.0,2.0,2.0,19.0,B02
201300001175,0,7,0,0.0,2.0,3.0,15.0,A01
201300001175,0,10,0,0.0,2.0,2.0,1.0,B02
201300001176,0,7,0,0.0,2.0,4.0,0.0,B02
201300001176,0,7,0,0.0,2.0,1.0,1.0,A01
201300001177,0,7,0,13.0,0.0,3.0,1.0,A01
201300001178,0,7,0,0.0,1.0,3.0,1.0,A01
201300001179,0,31,0,0.0,2.0,1.0,1.0,B02
201300001179,0,10,0,0.0,2.0,8.0,15.0,A01
201300001180,0,7,0,9.0,0.0,8.0,1.0,A01
201300001181,0,7,0,6.0,0.0,1.0,0.0,A01
201300001182,0,7,0,13.0,0.0,9.0,0.0,A01
201300001183,0,33,0,0.0,2.0,1.0,1.0,B02
201300001183,0,7,0,0.0,2.0,8.0,19.0,A01
201300001184,0,7,0,0.0,2.0,3.0,1.0,B02
201300001184,0,7,0,0.0,2.0,3.0,15.0,A01
201300001185,0,10,0,0.0,2.0,5.0,15.0,A01
201300001185,0,33,0,0.0,2.0,1.0,1.0,B02
201300001186,0,10,0,15.0,1.0,0.0,1.0,A01
201300001187,0,1,0,0.0,2.0,8.0,1.0,A01
201300001188,0,33,0,13.0,0.0,1.0,1.0,A01
201300001189,0,30,0,13.0,0.0,1.0,1.0,A01
201300001190,0,7,0,1.0,1.0,2.0,0.0,A01
201300001190,0,10,0,0.0,2.0,4.0,24.0,B02
201300001191,0,33,0,0.0,2.0,1.0,17.0,A01
201300001191,0,7,0,0.0,0.0,6.0,15.0,B02
201300001192,0,7,0,2.0,0.0,9.0,17.0,A01
201300001193,1,7,0,0.0,9.0,2.0,2.0,A01
201300001193,0,1,0,0.0,0.0,4.0,2.0,B02
201300001194,0,7,0,16.0,0.0,2.0,0.0,A01
201300001195,0,7,0,0.0,2.0,1.0,1.0,B02
201300001195,0,7,0,0.0,2.0,1.0,15.0,A01
201300001196,0,7,0,2.0,0.0,3.0,15.0,A01
201300001197,0,10,0,0.0,2.0,1.0,1.0,A01
201300001197,0,10,0,0.0,0.0,3.0,15.0,B02
201300001198,0,7,0,0.0,1.0,2.0,1.0,A01
201300001199,0,33,0,3.0,0.0,0.0,1.0,A01
201300001200,0,7,0,0.0,2.0,2.0,1.0,A01
201300001200,0,7,0,0.0,2.0,8.0,19.0,B02
201300001201,0,7,0,13.0,0.0,1.0,21.0,A01
201300001202,0,7,0,13.0,0.0,3.0,1.0,A01
201300001203,0,7,0,0.0,2.0,5.0,1.0,A01
201300001203,0,33,0,0.0,2.0,1.0,1.0,B02
201300001204,0,7,0,0.0,2.0,3.0,1.0,C03
201300001204,0,7,0,0.0,2.0,1.0,1.0,A01
201300001204,0,7,0,0.0,2.0,4.0,23.0,B02
201300001205,0,7,0,0.0,2.0,3.0,1.0,B02
201300001205,0,7,0,0.0,2.0,3.0,13.0,A01
201300001206,1,10,0,0.0,1.0,1.0,1.0,A01
201300001207,0,7,0,0.0,2.0,8.0,1.0,B02
201300001207,0,7,0,0.0,0.0,7.0,15.0,A01
201300001208,0,7,0,1.0,0.0,1.0,14.0,A01
201300001209,0,7,0,0.0,2.0,1.0,13.0,A01
201300001209,0,7,0,0.0,2.0,1.0,1.0,B02
201300001210,0,7,0,0.0,2.0,7.0,1.0,A01
201300001210,0,1,0,0.0,2.0,3.0,21.0,B02
201300001211,0,7,0,0.0,2.0,2.0,1.0,B02
201300001211,0,7,0,0.0,0.0,1.0,15.0,A01
201300001212,0,7,0,0.0,2.0,1.0,1.0,B02
201300001212,0,10,0,0.0,2.0,7.0,19.0,A01
201300001213,0,7,0,0.0,1.0,2.0,1.0,A01
201300001214,0,7,0,0.0,1.0,4.0,4.0,A01
201300001215,0,30,0,0.0,2.0,1.0,1.0,B02
201300001215,0,7,0,0.0,2.0,3.0,15.0,A01
201300001216,0,7,0,0.0,0.0,3.0,20.0,A01
201300001216,0,2,0,0.0,0.0,2.0,17.0,B02
201300001217,0,7,0,13.0,0.0,1.0,14.0,A01
201300001218,0,7,0,13.0,0.0,1.0,13.0,A01
201300001219,0,30,0,1.0,0.0,0.0,1.0,A01
201300001220,0,7,0,0.0,0.0,1.0,9.0,A01
201300001221,0,7,0,0.0,0.0,1.0,17.0,A01
201300001221,0,21,0,0.0,0.0,0.0,15.0,B02
201300001222,0,33,0,0.0,2.0,8.0,1.0,A01
201300001222,0,7,0,0.0,2.0,2.0,19.0,B02
201300001223,0,33,0,0.0,2.0,1.0,1.0,B02
201300001223,0,7,0,0.0,2.0,3.0,17.0,A01
201300001224,0,7,0,0.0,1.0,5.0,1.0,A01
201300001225,0,7,0,13.0,0.0,1.0,1.0,A01
201300001226,0,7,0,0.0,2.0,3.0,1.0,B02
201300001226,0,30,0,0.0,2.0,1.0,13.0,A01
201300001227,0,7,0,0.0,2.0,2.0,2.0,A01
201300001227,0,33,0,0.0,2.0,4.0,2.0,B02
201300001228,0,7,0,0.0,0.0,8.0,10.0,A01
201300001228,0,33,0,0.0,2.0,7.0,1.0,B02
201300001229,0,1,0,0.0,2.0,7.0,1.0,B02
201300001229,0,7,0,0.0,2.0,1.0,19.0,A01
201300001230,0,14,0,0.0,1.0,1.0,1.0,A01
201300001231,0,7,0,0.0,2.0,3.0,13.0,A01
201300001231,0,7,0,0.0,2.0,8.0,1.0,B02
201300001232,0,7,0,0.0,0.0,3.0,1.0,A01
201300001232,0,2,0,0.0,0.0,1.0,13.0,B02
201300001233,0,7,0,0.0,2.0,1.0,15.0,B02
201300001233,0,7,0,0.0,0.0,7.0,1.0,A01
201300001234,0,10,0,0.0,2.0,3.0,15.0,A01
201300001234,0,38,1,0.0,2.0,1.0,1.0,B02
201300001234,0,7,0,0.0,2.0,3.0,15.0,C03
201300001234,0,10,0,0.0,2.0,1.0,1.0,D04
201300001235,0,7,0,0.0,2.0,8.0,17.0,A01
201300001235,0,33,0,0.0,2.0,1.0,17.0,B02
201300001236,0,7,0,13.0,0.0,1.0,1.0,A01
201300001237,0,7,0,1.0,1.0,1.0,1.0,B02
201300001238,0,32,0,0.0,2.0,0.0,21.0,A01
201300001239,0,7,0,13.0,0.0,5.0,1.0,A01
201300001240,0,7,0,8.0,0.0,3.0,1.0,A01
201300001241,1,7,0,0.0,9.0,7.0,17.0,A01
201300001241,0,1,0,0.0,2.0,8.0,1.0,B02
201300001242,0,10,0,2.0,0.0,1.0,13.0,A01
201300001243,0,7,0,9.0,0.0,1.0,14.0,A01
201300001244,0,7,0,0.0,2.0,3.0,1.0,A01
201300001244,0,2,0,0.0,2.0,2.0,1.0,B02
201300001245,0,7,0,0.0,2.0,7.0,9.0,A01
201300001245,0,33,0,0.0,2.0,3.0,1.0,B02
201300001246,0,7,0,0.0,2.0,3.0,1.0,B02
201300001246,0,2,0,0.0,2.0,2.0,19.0,A01
201300001247,0,7,0,0.0,1.0,4.0,0.0,A01
201300001248,0,33,0,0.0,2.0,1.0,1.0,A01
201300001248,0,7,0,0.0,2.0,7.0,15.0,B02
201300001249,0,7,0,0.0,1.0,1.0,15.0,A01
201300001250,0,30,0,0.0,2.0,3.0,1.0,A01
201300001250,1,7,0,0.0,2.0,3.0,15.0,B02
201300001251,0,33,0,6.0,0.0,1.0,1.0,A01
201300001252,0,33,0,0.0,2.0,2.0,1.0,A01
201300001252,0,21,0,0.0,2.0,1.0,15.0,B02
201300001253,0,7,0,0.0,2.0,8.0,19.0,C03
201300001253,0,33,0,0.0,2.0,1.0,2.0,A01
201300001253,0,33,0,0.0,2.0,1.0,2.0,B02
201300001254,0,7,0,0.0,1.0,2.0,2.0,A01
201300001255,0,7,0,0.0,2.0,2.0,1.0,A01
201300001255,0,2,0,0.0,2.0,5.0,1.0,B02
201300001256,0,7,0,2.0,0.0,2.0,1.0,A01
201300001257,0,7,0,0.0,0.0,1.0,0.0,A01
201300001258,0,30,0,0.0,2.0,6.0,19.0,A01
201300001258,0,7,0,0.0,2.0,3.0,1.0,B02
201300001259,0,33,0,0.0,2.0,1.0,1.0,B02
201300001259,0,7,0,0.0,2.0,3.0,9.0,A01
201300001260,0,7,0,0.0,1.0,1.0,1.0,A01
201300001261,0,7,0,0.0,2.0,3.0,1.0,B02
201300001261,2,7,0,0.0,2.0,3.0,13.0,A01
201300001262,0,7,0,2.0,0.0,2.0,1.0,A01
201300001263,0,7,0,16.0,0.0,1.0,1.0,A01
201300001264,2,7,0,8.0,0.0,2.0,14.0,A01
201300001265,0,7,0,0.0,2.0,1.0,1.0,B02
201300001265,0,7,0,0.0,2.0,7.0,13.0,A01
201300001266,0,7,0,0.0,2.0,2.0,1.0,A01
201300001266,0,7,0,0.0,2.0,3.0,1.0,B02
201300001267,0,1,0,0.0,0.0,8.0,1.0,B02
201300001267,0,7,0,0.0,9.0,7.0,1.0,A01
201300001268,0,7,0,0.0,1.0,2.0,1.0,A01
201300001269,0,10,0,13.0,0.0,1.0,1.0,A01
201300001270,0,2,0,0.0,2.0,6.0,15.0,A01
201300001270,0,10,0,0.0,2.0,3.0,1.0,B02
201300001271,0,7,0,0.0,1.0,1.0,1.0,A01
201300001272,0,7,0,13.0,0.0,8.0,21.0,D04
201300001272,0,7,0,13.0,0.0,3.0,21.0,B02
201300001272,0,7,0,0.0,2.0,1.0,13.0,A01
201300001272,0,7,0,0.0,2.0,1.0,0.0,C03
201300001273,0,7,0,0.0,2.0,8.0,9.0,A01
201300001273,0,14,0,0.0,2.0,1.0,9.0,B02
201300001274,0,7,0,0.0,1.0,3.0,1.0,A01
201300001275,0,7,0,0.0,2.0,7.0,1.0,B02
201300001275,0,30,0,0.0,2.0,1.0,5.0,A01
201300001276,0,7,0,0.0,2.0,3.0,1.0,B02
201300001276,0,7,0,0.0,2.0,3.0,13.0,A01
201300001277,0,7,0,0.0,1.0,3.0,1.0,A01
201300001278,0,7,0,0.0,1.0,3.0,1.0,A01
201300001279,0,33,0,13.0,0.0,1.0,1.0,A01
201300001280,0,7,0,3.0,0.0,9.0,1.0,A01
201300001281,0,7,0,0.0,2.0,3.0,13.0,A01
201300001281,0,10,0,0.0,2.0,3.0,21.0,B02
201300001282,0,7,0,0.0,0.0,8.0,19.0,A01
201300001282,0,10,0,0.0,2.0,3.0,1.0,B02
201300001283,0,7,0,16.0,0.0,0.0,0.0,A01
201300001284,0,15,0,0.0,2.0,3.0,1.0,A01
201300001284,0,7,0,0.0,2.0,5.0,15.0,B02
201300001284,0,7,0,0.0,2.0,1.0,1.0,C03
201300001285,0,7,0,13.0,0.0,7.0,14.0,A01
201300001286,0,7,0,0.0,1.0,1.0,19.0,A01
201300001287,0,15,0,0.0,2.0,3.0,1.0,B02
201300001287,0,7,0,0.0,2.0,3.0,13.0,A01
201300001288,0,7,0,2.0,0.0,9.0,1.0,A01
201300001289,0,7,0,0.0,2.0,1.0,2.0,A01
201300001289,0,10,0,0.0,2.0,6.0,2.0,B02
201300001290,0,30,0,0.0,2.0,6.0,13.0,A01
201300001290,0,7,0,0.0,2.0,2.0,17.0,B02
201300001291,0,7,0,0.0,2.0,2.0,13.0,B02
201300001291,0,2,0,0.0,2.0,1.0,1.0,A01
201300001292,0,7,0,0.0,2.0,1.0,1.0,A01
201300001292,0,7,0,0.0,2.0,7.0,19.0,B02
201300001293,0,7,0,2.0,0.0,7.0,13.0,A01
201300001294,0,33,0,0.0,2.0,1.0,1.0,B02
201300001294,0,7,0,0.0,2.0,3.0,15.0,A01
201300001295,0,2,0,0.0,2.0,1.0,17.0,A01
201300001295,0,7,0,0.0,2.0,3.0,15.0,B02
201300001295,0,7,0,0.0,2.0,2.0,24.0,C03
201300001296,0,32,0,0.0,0.0,1.0,5.0,A01
201300001296,0,1,0,0.0,2.0,1.0,1.0,B02
201300001297,0,33,0,0.0,0.0,0.0,1.0,A01
201300001298,0,7,0,0.0,2.0,1.0,1.0,A01
201300001298,0,1,0,0.0,2.0,8.0,15.0,B02
201300001299,0,7,0,0.0,2.0,2.0,19.0,A01
201300001299,0,33,0,0.0,2.0,1.0,1.0,B02
201300001300,0,7,0,13.0,0.0,9.0,1.0,A01
201300001301,0,2,0,0.0,2.0,1.0,13.0,A01
201300001301,0,7,0,0.0,2.0,1.0,1.0,B02
201300001302,0,7,0,0.0,2.0,8.0,13.0,B02
201300001302,0,7,0,0.0,2.0,3.0,1.0,A01
201300001303,0,7,0,0.0,2.0,8.0,13.0,A01
201300001303,0,33,0,8.0,2.0,8.0,1.0,B02
201300001304,0,33,0,0.0,0.0,8.0,1.0,A01
201300001305,0,37,0,0.0,1.0,0.0,20.0,A01
201300001306,0,7,0,0.0,9.0,2.0,2.0,A01
201300001306,0,1,0,0.0,0.0,4.0,2.0,B02
201300001307,0,7,0,0.0,2.0,1.0,1.0,B02
201300001307,0,7,0,0.0,2.0,1.0,1.0,A01
201300001308,0,14,0,0.0,2.0,1.0,1.0,A01
201300001308,0,7,0,0.0,2.0,8.0,19.0,B02
201300001309,0,1,0,12.0,0.0,0.0,1.0,A01
201300001310,0,33,0,0.0,2.0,1.0,13.0,A01
201300001310,0,7,0,0.0,2.0,1.0,1.0,B02
201300001311,0,7,0,0.0,2.0,3.0,13.0,A01
201300001311,0,33,0,0.0,2.0,1.0,1.0,B02
201300001312,0,7,0,0.0,2.0,1.0,17.0,A01
201300001312,0,7,0,0.0,2.0,1.0,1.0,B02
201300001313,0,2,0,0.0,2.0,1.0,13.0,A01
201300001313,0,7,0,0.0,2.0,1.0,21.0,B02
201300001314,0,7,0,0.0,2.0,4.0,2.0,D04
201300001314,0,7,0,0.0,2.0,4.0,2.0,B02
201300001314,0,14,0,0.0,2.0,1.0,2.0,A01
201300001314,0,7,0,0.0,2.0,4.0,2.0,C03
201300001315,0,7,0,0.0,2.0,2.0,1.0,B02
201300001315,0,30,0,0.0,2.0,8.0,9.0,A01
201300001316,0,7,0,0.0,2.0,2.0,1.0,A01
201300001316,0,1,0,0.0,2.0,4.0,1.0,B02
201300001317,0,7,0,8.0,0.0,1.0,1.0,A01
201300001318,0,31,0,0.0,2.0,1.0,0.0,A01
201300001318,0,7,0,0.0,2.0,6.0,15.0,B02
201300001319,0,7,0,0.0,9.0,8.0,1.0,A01
201300001319,0,1,0,0.0,2.0,8.0,1.0,B02
201300001320,0,7,0,6.0,0.0,1.0,1.0,A01
201300001321,0,7,0,0.0,1.0,1.0,15.0,A01
201300001322,0,7,0,0.0,2.0,2.0,15.0,A01
201300001322,0,7,0,0.0,2.0,1.0,1.0,B02
201300001323,0,30,0,0.0,2.0,2.0,13.0,A01
201300001323,0,7,0,0.0,2.0,7.0,13.0,B02
201300001324,0,7,0,2.0,0.0,2.0,1.0,A01
201300001324,0,7,0,6.0,2.0,1.0,1.0,B02
201300001325,0,7,0,6.0,0.0,1.0,1.0,A01
201300001326,0,7,0,0.0,2.0,3.0,13.0,A01
201300001326,0,30,0,0.0,2.0,1.0,1.0,B02
201300001327,0,1,0,0.0,2.0,8.0,1.0,B02
201300001327,0,7,0,0.0,2.0,2.0,14.0,A01
201300001328,0,10,0,0.0,2.0,1.0,2.0,A01
201300001328,0,21,0,0.0,0.0,6.0,2.0,B02
201300001329,0,7,0,0.0,2.0,3.0,1.0,A01
201300001329,0,7,0,0.0,2.0,3.0,1.0,B02
201300001330,0,14,0,0.0,2.0,3.0,1.0,A01
201300001330,0,14,0,0.0,2.0,3.0,0.0,B02
201300001331,0,33,0,0.0,6.0,2.0,1.0,A01
201300001332,0,1,0,0.0,2.0,8.0,10.0,B02
201300001332,0,7,0,0.0,2.0,1.0,1.0,A01
201300001333,0,7,0,0.0,2.0,3.0,1.0,B02
201300001333,0,7,0,0.0,2.0,3.0,13.0,A01
201300001334,0,7,0,0.0,1.0,4.0,4.0,A01
201300001335,2,7,0,2.0,0.0,3.0,14.0,A01
201300001336,0,7,0,13.0,0.0,1.0,1.0,A01
201300001337,0,30,0,0.0,2.0,7.0,1.0,B02
201300001337,0,7,0,0.0,2.0,3.0,16.0,A01
201300001338,0,7,0,0.0,9.0,2.0,2.0,A01
201300001338,0,1,0,0.0,0.0,4.0,2.0,B02
201300001339,0,2,0,6.0,0.0,2.0,1.0,A01
201300001340,0,37,11,0.0,2.0,2.0,1.0,A01
201300001340,0,7,0,0.0,2.0,1.0,15.0,B02
201300001341,0,30,0,0.0,0.0,9.0,5.0,A01
201300001342,0,7,0,13.0,0.0,0.0,1.0,A01
201300001343,0,7,0,0.0,2.0,3.0,24.0,B02
201300001343,0,7,0,1.0,0.0,4.0,4.0,A01
201300001344,0,21,0,0.0,2.0,3.0,21.0,A01
201300001344,0,7,0,0.0,2.0,3.0,13.0,B02
201300001345,0,7,0,0.0,5.0,1.0,1.0,A01
201300001346,0,7,0,0.0,2.0,3.0,19.0,A01
201300001346,0,7,0,0.0,2.0,1.0,1.0,B02
201300001347,0,30,0,0.0,2.0,1.0,13.0,A01
201300001347,0,7,0,0.0,2.0,1.0,1.0,B02
201300001348,0,10,0,0.0,0.0,0.0,1.0,A01
201300001349,0,7,0,2.0,0.0,0.0,14.0,A01
201300001350,0,10,0,2.0,0.0,9.0,13.0,A01
201300001351,0,7,0,9.0,0.0,1.0,1.0,A01
201300001352,0,7,0,0.0,2.0,8.0,1.0,A01
201300001352,0,21,0,0.0,2.0,1.0,15.0,B02
201300001353,0,7,0,13.0,0.0,1.0,13.0,A01
201300001354,0,7,0,0.0,2.0,1.0,1.0,B01
201300001354,0,7,0,0.0,2.0,1.0,13.0,A01
201300001355,0,7,0,0.0,2.0,2.0,1.0,A01
201300001355,0,7,0,0.0,2.0,1.0,1.0,B02
201300001356,0,7,0,0.0,2.0,3.0,1.0,A01
201300001356,0,1,0,0.0,2.0,7.0,15.0,B02
201300001357,0,7,0,0.0,2.0,3.0,15.0,A01
201300001357,0,2,0,0.0,2.0,1.0,1.0,B02
201300001358,0,7,0,13.0,0.0,3.0,1.0,A01
201300001359,0,10,0,0.0,1.0,2.0,1.0,A01
201300001360,0,7,0,7.0,2.0,8.0,19.0,B02
201300001360,0,7,0,0.0,2.0,1.0,1.0,A01
201300001361,0,7,0,0.0,2.0,2.0,0.0,A01
201300001361,0,1,0,0.0,0.0,4.0,0.0,B02
201300001362,0,7,0,8.0,0.0,3.0,0.0,A01
201300001363,0,7,0,0.0,2.0,3.0,1.0,A01
201300001363,0,1,0,0.0,2.0,1.0,1.0,B02
201300001364,0,7,0,0.0,2.0,3.0,1.0,C03
201300001364,0,7,0,0.0,2.0,3.0,1.0,A01
201300001364,0,17,0,0.0,0.0,5.0,19.0,B02
201300001365,0,7,0,0.0,2.0,2.0,14.0,A01
201300001365,0,33,0,0.0,2.0,6.0,23.0,B02
201300001366,0,7,0,2.0,0.0,1.0,1.0,A01
201300001367,0,7,0,0.0,2.0,3.0,19.0,A01
201300001367,0,30,0,0.0,2.0,8.0,1.0,B02
201300001368,0,7,0,8.0,0.0,8.0,14.0,A01
201300001369,0,7,0,0.0,2.0,3.0,17.0,A01
201300001369,0,33,0,0.0,2.0,1.0,1.0,B02
201300001370,0,7,0,0.0,2.0,3.0,13.0,A01
201300001370,0,33,0,0.0,2.0,8.0,15.0,B02
201300001371,0,33,0,14.0,0.0,8.0,2.0,A01
201300001372,0,30,0,0.0,2.0,7.0,1.0,A01
201300001372,0,10,0,0.0,2.0,4.0,4.0,B02
201300001373,0,7,0,0.0,1.0,8.0,1.0,A01
201300001374,0,7,0,0.0,0.0,8.0,10.0,A01
201300001374,0,7,0,0.0,2.0,1.0,1.0,B02
201300001375,0,7,0,15.0,0.0,3.0,1.0,A01
201300001376,0,7,0,15.0,0.0,8.0,13.0,A01
201300001377,0,17,0,0.0,2.0,3.0,13.0,A01
201300001377,0,15,0,2.0,2.0,3.0,1.0,B02
201300001378,0,7,0,0.0,2.0,1.0,2.0,A01
201300001378,0,7,0,0.0,2.0,4.0,23.0,B02
201300001379,0,7,0,8.0,0.0,1.0,1.0,A01
201300001380,0,10,0,0.0,2.0,3.0,1.0,B02
201300001380,0,7,0,0.0,2.0,7.0,1.0,A01
201300001381,0,7,0,0.0,0.0,6.0,23.0,B02
201300001381,0,17,0,0.0,2.0,2.0,1.0,A01
201300001382,0,7,0,0.0,2.0,1.0,1.0,B02
201300001382,0,7,0,0.0,2.0,8.0,15.0,A01
201300001383,0,33,0,0.0,2.0,1.0,16.0,A01
201300001383,0,7,0,0.0,2.0,1.0,1.0,B02
201300001384,0,33,0,0.0,2.0,1.0,17.0,A01
201300001384,0,7,0,0.0,2.0,3.0,15.0,B02
201300001385,0,7,0,0.0,1.0,1.0,1.0,A01
201300001386,0,7,0,13.0,0.0,1.0,1.0,A01
201300001387,0,2,0,1.0,0.0,1.0,1.0,A01
201300001387,0,10,0,1.0,0.0,6.0,24.0,B02
201300001388,0,7,0,0.0,2.0,1.0,13.0,A01
201300001388,0,7,0,0.0,2.0,8.0,1.0,C03
201300001388,0,7,0,0.0,2.0,1.0,1.0,B02
201300001389,0,15,0,0.0,2.0,6.0,4.0,A01
201300001389,0,30,0,0.0,2.0,1.0,1.0,B02
201300001390,0,30,0,0.0,2.0,1.0,1.0,A01
201300001390,0,7,0,0.0,2.0,3.0,1.0,B02
201300001391,0,10,0,0.0,2.0,2.0,9.0,B02
201300001391,0,7,0,0.0,2.0,1.0,1.0,A01
201300001392,0,37,0,13.0,0.0,3.0,1.0,A01
201300001393,0,33,0,13.0,0.0,1.0,1.0,A01
201300001394,0,36,0,8.0,0.0,2.0,1.0,A01
201300001395,0,2,0,0.0,2.0,1.0,13.0,B02
201300001395,0,7,0,0.0,2.0,3.0,1.0,A01
201300001396,0,14,0,0.0,2.0,3.0,1.0,B02
201300001396,0,7,0,0.0,2.0,1.0,1.0,A01
201300001397,0,7,0,0.0,2.0,1.0,1.0,A01
201300001397,0,38,0,0.0,2.0,3.0,1.0,B02
201300001398,0,33,0,0.0,2.0,1.0,13.0,A01
201300001398,0,7,0,0.0,2.0,3.0,1.0,B02
201300001399,0,2,0,0.0,2.0,1.0,15.0,A02
201300001399,0,7,0,0.0,2.0,1.0,13.0,B01
201300001400,0,36,0,0.0,2.0,6.0,1.0,B02
201300001400,0,7,0,0.0,0.0,6.0,9.0,A01
201300001401,0,7,0,0.0,2.0,4.0,15.0,A01
201300001401,0,7,0,0.0,2.0,1.0,1.0,B02
201300001401,0,7,0,0.0,2.0,3.0,1.0,C03
201300001402,0,10,0,1.0,0.0,6.0,0.0,A01
201300001402,0,2,0,0.0,0.0,1.0,1.0,B02
201300001403,0,30,0,0.0,0.0,1.0,1.0,A01
201300001404,0,15,0,0.0,2.0,3.0,5.0,A01
201300001404,0,7,0,0.0,0.0,3.0,1.0,B01
201300001405,0,21,0,0.0,0.0,4.0,23.0,A01
201300001405,0,7,0,0.0,2.0,1.0,2.0,B01
201300001406,0,7,0,0.0,2.0,7.0,19.0,A01
201300001406,0,7,0,0.0,2.0,1.0,1.0,B01
201300001407,0,7,0,0.0,1.0,1.0,1.0,A01
201300001408,0,7,0,6.0,0.0,8.0,1.0,A01
201300001409,0,7,0,0.0,1.0,3.0,1.0,A01
201300001410,0,7,0,0.0,1.0,3.0,1.0,A01
201300001410,0,7,0,0.0,1.0,3.0,23.0,B01
201300001411,0,7,0,12.0,0.0,1.0,1.0,A01
201300001412,0,37,5,11.0,0.0,2.0,1.0,A01
201300001413,0,10,0,0.0,1.0,4.0,4.0,A01
201300001414,0,32,0,12.0,0.0,3.0,1.0,A01
201300001415,0,7,0,5.0,1.0,1.0,1.0,A01
201300001416,0,33,0,4.0,0.0,8.0,13.0,A01
201300001417,0,7,0,9.0,0.0,1.0,1.0,A01
201300001418,0,7,0,0.0,2.0,1.0,1.0,B01
201300001418,0,30,0,0.0,2.0,1.0,13.0,A01
201300001419,0,31,0,0.0,0.0,8.0,1.0,A01
201300001420,0,33,0,0.0,2.0,8.0,1.0,B01