Num_Acc,senc,catv,occutc,obs,obsm,choc,manv,num_veh
201300001420,0,7,0,0.0,2.0,2.0,9.0,A01
201300001421,0,7,0,0.0,2.0,5.0,1.0,B01
201300001421,0,33,0,0.0,2.0,1.0,3.0,A01
201300001422,0,7,0,0.0,2.0,4.0,1.0,C01
201300001422,0,7,0,0.0,2.0,1.0,2.0,A01
201300001422,0,7,0,1.0,2.0,4.0,11.0,B01
201300001423,0,33,0,0.0,2.0,8.0,13.0,A01
201300001423,0,7,0,0.0,2.0,3.0,1.0,B01
201300001424,0,7,0,0.0,2.0,3.0,1.0,B01
201300001424,0,7,0,0.0,2.0,3.0,17.0,A01
201300001425,0,7,0,0.0,2.0,1.0,2.0,A01
201300001425,0,7,0,0.0,2.0,4.0,1.0,B01
201300001426,0,7,0,0.0,1.0,1.0,1.0,A01
201300001427,0,32,0,0.0,0.0,2.0,1.0,A01
201300001428,0,7,0,3.0,0.0,3.0,1.0,A01
201300001429,0,10,0,0.0,1.0,7.0,21.0,A01
201300001430,0,7,0,0.0,2.0,3.0,1.0,B01
201300001430,0,7,0,0.0,2.0,3.0,1.0,A01
201300001431,0,7,0,0.0,1.0,3.0,1.0,A01
201300001432,0,7,0,0.0,1.0,1.0,1.0,A01
201300001433,0,33,0,0.0,2.0,1.0,1.0,A01
201300001433,0,7,0,0.0,2.0,2.0,19.0,B01
201300001434,0,7,0,13.0,0.0,1.0,13.0,A01
201300001435,0,7,0,0.0,2.0,7.0,15.0,A01
201300001435,0,7,0,0.0,2.0,1.0,1.0,B01
201300001436,0,1,0,0.0,0.0,6.0,2.0,B01
201300001436,0,7,0,0.0,2.0,2.0,2.0,A01
201300001437,0,7,0,0.0,1.0,1.0,1.0,A01
201300001438,0,7,0,0.0,2.0,1.0,1.0,B01
201300001438,0,7,0,0.0,2.0,7.0,15.0,A01
201300001439,0,7,0,15.0,0.0,2.0,1.0,A01
201300001440,0,30,0,11.0,0.0,1.0,1.0,A01
201300001441,0,10,0,0.0,2.0,1.0,2.0,A01
201300001441,0,30,0,0.0,0.0,4.0,2.0,B01
201300001442,0,21,0,0.0,1.0,6.0,1.0,A01
201300001443,0,10,0,6.0,0.0,1.0,13.0,A01
201300001444,0,30,0,0.0,0.0,1.0,13.0,B01
201300001444,0,7,0,0.0,0.0,3.0,1.0,A01
201300001445,2,10,0,0.0,2.0,2.0,2.0,A01
201300001445,0,2,0,0.0,0.0,4.0,2.0,B01
201300001446,0,7,0,0.0,2.0,2.0,1.0,B01
201300001446,0,7,0,0.0,2.0,1.0,1.0,A01
201300001447,0,7,0,0.0,2.0,5.0,11.0,B01
201300001447,0,33,0,0.0,2.0,1.0,2.0,A01
201300001448,0,31,0,6.0,0.0,1.0,1.0,A01
201300001449,0,7,0,0.0,0.0,0.0,13.0,A01
201300001450,0,7,0,0.0,2.0,6.0,19.0,B01
201300001450,0,7,0,0.0,2.0,6.0,1.0,A01
201300001451,0,7,0,0.0,1.0,1.0,1.0,A01
201300001452,0,7,0,0.0,1.0,0.0,1.0,B01
201300001453,0,21,0,0.0,0.0,5.0,17.0,A01
201300001453,0,1,0,0.0,0.0,0.0,1.0,B01
201300001454,0,33,0,16.0,0.0,0.0,14.0,A01
201300001455,0,2,0,0.0,2.0,3.0,1.0,B01
201300001455,0,10,0,0.0,2.0,3.0,13.0,A01
201300001456,0,20,0,0.0,2.0,3.0,16.0,A01
201300001456,0,7,0,0.0,2.0,3.0,1.0,B01
201300001457,0,30,0,0.0,2.0,1.0,1.0,A01
201300001457,0,7,0,0.0,2.0,1.0,1.0,B01
201300001458,0,7,0,0.0,2.0,7.0,15.0,A01
201300001458,0,33,0,0.0,2.0,1.0,1.0,B01
201300001459,0,7,0,0.0,2.0,3.0,1.0,C01
201300001459,0,14,0,0.0,2.0,0.0,1.0,A01
201300001459,0,7,0,0.0,2.0,3.0,1.0,B01
201300001459,0,10,0,0.0,2.0,1.0,1.0,D01
201300001460,0,7,0,16.0,0.0,9.0,1.0,A01
201300001461,0,7,0,0.0,2.0,1.0,19.0,A01
201300001461,0,7,0,0.0,0.0,8.0,1.0,B01
201300001462,0,33,0,0.0,2.0,1.0,1.0,B01
201300001462,0,7,0,0.0,2.0,3.0,15.0,A01
201300001463,0,2,0,0.0,2.0,1.0,1.0,C01
201300001463,0,2,0,0.0,2.0,1.0,1.0,B01
201300001463,0,7,0,0.0,2.0,7.0,15.0,A01
201300001464,0,7,0,0.0,1.0,3.0,21.0,A01
201300001465,0,7,0,0.0,2.0,4.0,15.0,B01
201300001465,0,10,0,0.0,2.0,1.0,2.0,A01
201300001466,0,7,0,13.0,0.0,3.0,13.0,A01
201300001467,0,36,0,13.0,0.0,2.0,1.0,A01
201300001468,0,7,0,0.0,2.0,3.0,13.0,A01
201300001468,0,30,0,0.0,2.0,6.0,1.0,B01
201300001469,0,10,0,0.0,2.0,3.0,9.0,A01
201300001469,0,33,0,0.0,2.0,1.0,1.0,B01
201300001470,0,7,0,0.0,2.0,1.0,15.0,B01
201300001470,0,33,0,0.0,2.0,7.0,1.0,A01
201300001471,0,30,0,0.0,2.0,1.0,1.0,B01
201300001471,0,7,0,0.0,2.0,2.0,19.0,A01
201300001472,0,10,0,0.0,2.0,3.0,1.0,B01
201300001472,0,7,0,0.0,2.0,2.0,13.0,A01
201300001473,0,7,0,0.0,2.0,7.0,1.0,A01
201300001473,0,7,0,0.0,2.0,1.0,19.0,B02
201300001474,0,7,0,13.0,0.0,9.0,1.0,A01
201300001475,0,10,0,13.0,0.0,1.0,17.0,A01
201300001475,0,21,0,0.0,0.0,0.0,2.0,B01
201300001476,0,7,0,0.0,2.0,8.0,1.0,B01
201300001476,0,30,0,0.0,2.0,1.0,16.0,A01
201300001477,0,33,0,13.0,0.0,1.0,2.0,A01
201300001477,0,7,0,0.0,9.0,1.0,2.0,B01
201300001478,0,7,0,0.0,2.0,1.0,1.0,B01
201300001478,0,7,0,0.0,2.0,2.0,13.0,A01
201300001479,0,7,0,0.0,2.0,2.0,13.0,A01
201300001479,0,7,0,0.0,2.0,3.0,1.0,B01
201300001480,0,10,0,0.0,2.0,8.0,23.0,B01
201300001480,0,2,0,0.0,0.0,7.0,17.0,A01
201300001481,0,10,0,0.0,2.0,3.0,1.0,B01
201300001481,0,33,0,0.0,2.0,1.0,17.0,A01
201300001482,0,7,0,0.0,1.0,1.0,15.0,A01
201300001483,0,99,0,0.0,0.0,9.0,1.0,A01
201300001484,0,7,0,0.0,2.0,7.0,13.0,A01
201300001484,0,10,0,0.0,2.0,0.0,1.0,B01
201300001485,0,7,0,0.0,2.0,7.0,15.0,A01
201300001485,0,33,0,0.0,2.0,1.0,1.0,B01
201300001486,0,10,0,0.0,1.0,2.0,1.0,A01
201300001487,0,7,0,0.0,0.0,2.0,14.0,A01
201300001488,0,14,0,0.0,2.0,3.0,1.0,B01
201300001488,0,7,0,0.0,2.0,3.0,13.0,A01
201300001489,0,7,0,0.0,1.0,7.0,1.0,A01
201300001490,0,7,0,0.0,0.0,7.0,1.0,A01
201300001491,0,7,0,0.0,2.0,1.0,15.0,A01
201300001491,0,7,0,0.0,2.0,3.0,1.0,B01
201300001492,0,7,0,0.0,2.0,8.0,10.0,B01
201300001492,0,33,0,0.0,2.0,1.0,17.0,A01
201300001493,0,7,0,0.0,2.0,3.0,15.0,A01
201300001493,0,33,0,0.0,2.0,1.0,17.0,B01
201300001494,0,33,0,0.0,2.0,1.0,1.0,B01
201300001494,0,7,0,0.0,2.0,8.0,19.0,A01
201300001495,0,7,0,13.0,0.0,3.0,1.0,A01
201300001496,0,7,0,0.0,2.0,3.0,15.0,A01
201300001496,0,7,0,6.0,2.0,8.0,1.0,B01
201300001496,0,7,0,0.0,2.0,8.0,1.0,C01
201300001497,0,7,0,0.0,1.0,1.0,1.0,A01
201300001498,0,7,0,0.0,2.0,7.0,13.0,A01
201300001498,0,7,0,0.0,0.0,1.0,1.0,B01
201300001499,0,14,0,0.0,2.0,1.0,1.0,B01
201300001499,0,7,0,0.0,2.0,1.0,13.0,A01
201300001500,0,7,0,2.0,0.0,7.0,13.0,A01
201300001501,0,7,0,0.0,0.0,2.0,1.0,B01
201300001501,0,7,0,0.0,0.0,7.0,19.0,A01
201300001502,0,7,0,13.0,0.0,1.0,13.0,A01
201300001503,0,33,0,13.0,0.0,1.0,1.0,A01
201300001504,0,7,0,1.0,2.0,8.0,19.0,B01
201300001504,0,7,0,0.0,2.0,3.0,1.0,A01
201300001505,0,7,0,2.0,0.0,8.0,1.0,A01
201300001506,0,7,0,0.0,2.0,2.0,13.0,A01
201300001506,0,7,0,0.0,2.0,2.0,1.0,B01
201300001507,0,15,0,0.0,2.0,3.0,1.0,A01
201300001507,0,7,0,0.0,2.0,3.0,1.0,C01
201300001507,0,7,0,0.0,2.0,5.0,15.0,B01
201300001508,0,7,0,0.0,2.0,1.0,13.0,A01
201300001508,0,7,0,0.0,2.0,3.0,1.0,B01
201300001509,0,7,0,0.0,2.0,1.0,21.0,B01
201300001509,0,7,0,0.0,2.0,2.0,13.0,A01
201300001510,0,7,0,10.0,0.0,1.0,1.0,A01
201300001511,0,7,0,0.0,1.0,3.0,1.0,A01
201300001511,0,30,0,0.0,0.0,0.0,0.0,B01
201300001511,0,7,0,0.0,1.0,8.0,23.0,C01
201300001512,0,33,0,16.0,0.0,1.0,1.0,A01
201300001512,0,33,0,16.0,0.0,1.0,1.0,B01
201300001513,0,7,0,0.0,2.0,3.0,1.0,B01
201300001513,0,7,0,0.0,9.0,2.0,1.0,C01
201300001513,0,7,0,2.0,2.0,3.0,13.0,A01
201300001514,0,10,0,13.0,0.0,1.0,1.0,A01
201300001515,0,33,0,16.0,0.0,0.0,1.0,A01
201300001516,0,7,0,0.0,2.0,3.0,15.0,A01
201300001516,0,7,0,0.0,2.0,1.0,1.0,B01
201300001517,0,10,0,0.0,2.0,1.0,1.0,A01
201300001517,0,1,0,0.0,2.0,7.0,19.0,B01
201300001518,0,7,0,0.0,2.0,8.0,1.0,B01
201300001518,0,1,0,0.0,2.0,1.0,19.0,A01
201300001519,0,33,0,13.0,0.0,9.0,14.0,A01
201300001520,0,33,0,0.0,2.0,1.0,1.0,A01
201300001520,0,7,0,0.0,2.0,3.0,15.0,B01
201300001521,0,7,0,0.0,1.0,2.0,16.0,A01
201300001522,0,30,0,13.0,0.0,2.0,14.0,A01
201300001523,0,7,0,2.0,0.0,1.0,1.0,A01
201300001524,0,7,0,0.0,2.0,1.0,1.0,A01
201300001524,0,1,0,0.0,2.0,1.0,1.0,B01
201300001525,0,30,0,13.0,0.0,1.0,13.0,A01
201300001526,0,2,0,0.0,2.0,1.0,1.0,B01
201300001526,0,7,0,0.0,2.0,7.0,10.0,A01
201300001527,0,10,0,0.0,1.0,2.0,2.0,A01
201300001528,0,7,0,0.0,2.0,1.0,19.0,B01
201300001528,0,7,0,0.0,2.0,7.0,1.0,A01
201300001529,0,7,0,0.0,2.0,2.0,15.0,A01
201300001529,0,7,0,0.0,2.0,1.0,1.0,B01
201300001530,0,7,0,16.0,0.0,1.0,1.0,A01
201300001531,0,33,0,2.0,0.0,1.0,17.0,A01
201300001532,0,21,0,0.0,1.0,3.0,1.0,A01
201300001533,0,7,0,16.0,0.0,2.0,14.0,A01
201300001534,0,7,0,13.0,0.0,8.0,1.0,A01
201300001535,0,33,0,14.0,0.0,1.0,1.0,A01
201300001536,0,7,0,2.0,0.0,2.0,14.0,A01
201300001537,0,7,0,0.0,2.0,1.0,1.0,A01
201300001537,0,38,13,0.0,2.0,3.0,23.0,B01
201300001538,0,33,0,0.0,2.0,8.0,1.0,B01
201300001538,0,7,0,0.0,2.0,3.0,15.0,A01
201300001539,0,7,0,16.0,0.0,1.0,14.0,A01
201300001540,0,7,0,0.0,1.0,2.0,1.0,A01
201300001541,0,1,0,0.0,2.0,1.0,1.0,B01
201300001541,0,7,0,0.0,9.0,2.0,16.0,A01
201300001542,0,7,0,0.0,2.0,1.0,12.0,A01
201300001542,0,7,0,15.0,2.0,8.0,0.0,B01
201300001543,0,7,0,13.0,0.0,3.0,13.0,A01
201300001544,0,7,0,0.0,2.0,2.0,15.0,A01
201300001544,0,2,0,0.0,2.0,1.0,1.0,B01
201300001545,0,7,0,0.0,1.0,1.0,1.0,A01
201300001546,1,7,0,0.0,1.0,2.0,1.0,Z01
201300001547,0,7,0,0.0,2.0,2.0,1.0,B01
201300001547,0,7,0,0.0,2.0,1.0,13.0,A01
201300001548,0,7,0,0.0,1.0,1.0,15.0,A01
201300001549,0,7,0,0.0,1.0,3.0,1.0,A01
201300001550,0,10,0,0.0,1.0,2.0,1.0,A01
201300001551,0,7,0,0.0,1.0,2.0,15.0,A01
201300001552,0,7,0,0.0,2.0,1.0,1.0,A01
201300001552,0,13,0,0.0,0.0,6.0,2.0,B01
201300001553,0,7,0,0.0,1.0,1.0,1.0,A01
201300001554,0,7,0,0.0,2.0,1.0,1.0,B01
201300001554,0,7,0,0.0,2.0,5.0,19.0,A01
201300001555,0,7,0,0.0,2.0,1.0,1.0,B01
201300001555,0,7,0,6.0,2.0,8.0,1.0,A01
201300001556,0,7,0,0.0,2.0,2.0,15.0,B01
201300001556,0,7,0,0.0,2.0,6.0,19.0,A01
201300001557,0,30,0,0.0,0.0,7.0,16.0,A01
201300001558,0,7,0,0.0,2.0,8.0,1.0,B01
201300001558,0,7,0,0.0,2.0,2.0,1.0,A01
201300001559,0,7,0,0.0,0.0,4.0,2.0,B01
201300001559,0,7,0,0.0,2.0,1.0,1.0,A01
201300001560,0,7,0,0.0,2.0,1.0,15.0,A01
201300001560,0,7,0,0.0,2.0,2.0,1.0,B01
201300001561,0,7,0,14.0,0.0,1.0,2.0,A01
201300001561,0,7,0,0.0,0.0,4.0,23.0,B01
201300001562,0,7,0,0.0,2.0,1.0,2.0,A01
201300001562,0,7,0,0.0,0.0,4.0,2.0,B01
201300001563,0,7,0,0.0,2.0,3.0,2.0,B01
201300001563,0,2,0,0.0,2.0,1.0,15.0,A01
201300001564,0,7,0,0.0,1.0,3.0,9.0,A01
201300001565,0,7,0,0.0,2.0,2.0,13.0,A01
201300001565,0,7,0,0.0,2.0,1.0,1.0,B01
201300001566,0,1,0,0.0,0.0,4.0,2.0,B01
201300001566,1,7,0,0.0,2.0,1.0,2.0,Z01
201300001567,0,7,0,0.0,2.0,2.0,15.0,A01
201300001567,0,7,0,0.0,2.0,1.0,1.0,B01
201300001568,0,7,0,0.0,2.0,4.0,23.0,D01
201300001568,0,7,0,0.0,2.0,4.0,23.0,C01
201300001568,0,10,0,0.0,2.0,1.0,2.0,A01
201300001568,0,7,0,0.0,2.0,9.0,2.0,B01
201300001569,0,7,0,1.0,2.0,3.0,13.0,A01
201300001569,0,7,0,0.0,2.0,3.0,1.0,B01
201300001570,0,7,0,0.0,2.0,3.0,11.0,A01
201300001570,0,7,0,6.0,2.0,1.0,1.0,B01
201300001571,0,7,0,0.0,2.0,1.0,2.0,A01
201300001571,0,7,0,0.0,0.0,4.0,23.0,B01
201300001572,0,7,0,0.0,2.0,3.0,15.0,A01
201300001572,0,7,0,0.0,2.0,3.0,1.0,B01
201300001573,0,7,0,6.0,2.0,0.0,24.0,B01
201300001573,0,7,0,1.0,0.0,2.0,2.0,A01
201300001574,0,7,0,0.0,2.0,1.0,2.0,A01
201300001574,0,7,0,0.0,0.0,4.0,23.0,B01
201300001575,0,7,0,0.0,2.0,3.0,16.0,A01
201300001575,0,1,0,0.0,2.0,1.0,19.0,B01
201300001576,0,7,0,0.0,2.0,3.0,24.0,C01
201300001576,0,7,0,0.0,2.0,2.0,19.0,A01
201300001576,0,7,0,0.0,2.0,9.0,17.0,B01
201300001577,0,7,0,0.0,1.0,2.0,2.0,A01
201300001578,0,7,0,16.0,2.0,5.0,1.0,B01
201300001578,0,7,0,0.0,2.0,3.0,19.0,A01
201300001579,0,7,0,14.0,0.0,1.0,1.0,A01
201300001580,0,7,0,0.0,1.0,1.0,15.0,A01
201300001581,0,7,0,0.0,2.0,8.0,1.0,A01
201300001581,0,7,0,0.0,2.0,6.0,16.0,B01
201300001582,0,7,0,0.0,2.0,1.0,2.0,A01
201300001582,0,14,0,0.0,0.0,4.0,23.0,B01
201300001583,0,7,0,0.0,1.0,1.0,1.0,A01
201300001584,0,2,0,0.0,2.0,1.0,1.0,B01
201300001584,0,7,0,0.0,2.0,3.0,19.0,A01
201300001585,0,30,0,0.0,2.0,1.0,19.0,B01
201300001585,0,7,0,0.0,2.0,6.0,9.0,A01
201300001586,0,7,0,0.0,2.0,2.0,1.0,C02
201300001586,0,7,0,0.0,2.0,6.0,1.0,F01
201300001586,0,10,0,0.0,2.0,6.0,1.0,D01
201300001586,0,7,0,3.0,2.0,1.0,6.0,A01
201300001586,0,7,0,0.0,2.0,1.0,1.0,E01
201300001586,0,7,0,0.0,2.0,6.0,1.0,B01
201300001587,0,7,0,0.0,2.0,2.0,13.0,A01
201300001587,0,7,0,0.0,2.0,3.0,1.0,B01
201300001588,0,7,0,8.0,0.0,4.0,1.0,B01
201300001588,0,7,0,0.0,2.0,3.0,2.0,A01
201300001589,0,7,0,0.0,0.0,4.0,2.0,C01
201300001589,0,7,0,0.0,2.0,4.0,1.0,B01
201300001589,0,7,0,0.0,2.0,1.0,2.0,A01
201300001590,0,7,0,0.0,1.0,3.0,21.0,A01
201300001591,0,10,0,0.0,2.0,1.0,1.0,B01
201300001591,0,10,0,0.0,2.0,3.0,13.0,A01
201300001592,0,2,0,0.0,2.0,8.0,2.0,B01
201300001592,2,7,0,0.0,2.0,7.0,2.0,Z01
201300001593,0,7,0,0.0,2.0,1.0,1.0,B01
201300001593,0,7,0,0.0,2.0,2.0,15.0,A01
201300001594,0,7,0,0.0,2.0,1.0,11.0,A01
201300001594,0,2,0,0.0,2.0,1.0,1.0,B01
201300001595,0,7,0,0.0,2.0,8.0,15.0,A01
201300001595,0,7,0,0.0,2.0,1.0,1.0,B01
201300001596,0,37,1,0.0,1.0,2.0,1.0,A01
201300001597,0,10,0,0.0,0.0,3.0,15.0,B01
201300001597,0,7,0,0.0,2.0,1.0,17.0,A01
201300001598,0,7,0,0.0,2.0,3.0,13.0,A01
201300001598,0,17,0,13.0,2.0,3.0,1.0,B01
201300001599,0,7,0,0.0,1.0,3.0,1.0,A01
201300001600,0,7,0,0.0,2.0,7.0,15.0,A01
201300001600,0,1,0,0.0,2.0,8.0,1.0,B01
201300001601,0,2,0,0.0,2.0,1.0,1.0,B01
201300001601,0,7,0,0.0,2.0,2.0,15.0,A01
201300001602,0,7,0,0.0,2.0,8.0,1.0,A01
201300001602,0,32,0,0.0,2.0,1.0,1.0,B01
201300001603,0,7,0,0.0,2.0,1.0,2.0,A01
201300001603,0,7,0,13.0,2.0,9.0,1.0,B01
201300001604,0,7,0,8.0,0.0,2.0,14.0,A01
201300001605,0,17,0,0.0,2.0,5.0,1.0,B01
201300001605,0,7,0,0.0,2.0,1.0,19.0,A01
201300001606,0,7,0,0.0,2.0,2.0,16.0,A01
201300001606,0,1,0,0.0,2.0,8.0,1.0,B01
201300001607,0,30,0,0.0,2.0,1.0,1.0,B01
201300001607,0,7,0,0.0,2.0,3.0,20.0,A01
201300001608,0,2,0,0.0,2.0,1.0,1.0,A01
201300001608,0,2,0,0.0,2.0,1.0,17.0,B01
201300001609,0,7,0,0.0,0.0,8.0,1.0,B01
201300001609,0,2,0,0.0,2.0,1.0,2.0,A01
201300001610,0,7,0,0.0,2.0,1.0,1.0,B01
201300001610,0,10,0,0.0,2.0,3.0,15.0,A01
201300001611,0,10,0,0.0,2.0,2.0,15.0,A01
201300001611,0,7,0,0.0,2.0,1.0,1.0,B01
201300001612,0,7,0,0.0,2.0,2.0,1.0,A01
201300001612,0,7,0,0.0,0.0,4.0,15.0,B01
201300001613,0,7,0,0.0,2.0,1.0,1.0,C01
201300001613,0,7,0,0.0,2.0,1.0,1.0,B01
201300001613,0,7,0,0.0,2.0,3.0,15.0,A01
201300001614,0,2,0,0.0,2.0,1.0,2.0,A01
201300001614,0,7,0,0.0,2.0,4.0,23.0,B01
201300001615,0,7,0,0.0,1.0,1.0,1.0,A01
201300001616,0,33,0,12.0,2.0,8.0,0.0,B01
201300001616,0,7,0,0.0,2.0,3.0,0.0,A01
201300001617,0,7,0,0.0,2.0,2.0,0.0,B01
201300001617,0,7,0,0.0,2.0,7.0,15.0,A01
201300001617,0,7,0,0.0,2.0,3.0,0.0,C01
201300001618,0,7,0,6.0,0.0,4.0,12.0,B01
201300001618,0,7,0,0.0,2.0,1.0,1.0,A01
201300001619,0,7,0,0.0,2.0,7.0,15.0,B01
201300001619,0,10,0,0.0,2.0,1.0,2.0,A01
201300001620,0,7,0,0.0,2.0,1.0,15.0,A01
201300001620,0,7,0,0.0,2.0,2.0,0.0,B01
201300001621,0,33,0,11.0,0.0,1.0,17.0,A01
201300001622,0,7,0,0.0,2.0,1.0,1.0,A01
201300001622,0,1,0,0.0,2.0,8.0,1.0,B01
201300001623,0,7,0,2.0,1.0,9.0,0.0,A01
201300001624,0,7,0,0.0,2.0,1.0,1.0,B01
201300001624,0,7,0,0.0,2.0,3.0,1.0,A01
201300001625,0,7,0,0.0,2.0,2.0,0.0,B01
201300001625,0,7,0,0.0,2.0,8.0,0.0,A01
201300001626,1,7,0,1.0,1.0,2.0,21.0,Z01
201300001627,0,7,0,0.0,2.0,3.0,1.0,B01
201300001627,0,7,0,0.0,2.0,3.0,0.0,A01
201300001628,0,7,0,0.0,2.0,1.0,0.0,A01
201300001628,0,3,0,0.0,2.0,8.0,1.0,B01
201300001629,0,7,0,0.0,2.0,1.0,2.0,A01
201300001629,0,10,0,0.0,2.0,3.0,15.0,B01
201300001630,0,7,0,7.0,2.0,7.0,5.0,A01
201300001630,0,13,0,0.0,2.0,3.0,1.0,B01
201300001631,0,7,0,0.0,1.0,3.0,15.0,A01
201300001632,0,7,0,0.0,0.0,7.0,19.0,A01
201300001632,0,7,0,0.0,2.0,1.0,1.0,B01
201300001633,0,7,0,0.0,2.0,1.0,2.0,A01
201300001633,0,7,0,0.0,2.0,4.0,23.0,B01
201300001634,0,7,0,6.0,0.0,3.0,1.0,A01
201300001635,0,17,0,0.0,2.0,1.0,2.0,A01
201300001635,0,10,0,0.0,2.0,4.0,0.0,B01
201300001636,0,7,0,0.0,2.0,3.0,1.0,A01
201300001636,0,7,0,0.0,2.0,6.0,1.0,B01
201300001637,0,7,0,0.0,2.0,1.0,1.0,A01
201300001637,0,1,0,0.0,2.0,1.0,19.0,B01
201300001638,0,7,0,0.0,2.0,2.0,2.0,A01
201300001638,0,20,0,0.0,0.0,6.0,2.0,B01
201300001639,0,7,0,0.0,1.0,1.0,0.0,A01
201300001640,0,10,0,0.0,0.0,0.0,0.0,A01
201300001641,0,38,1,0.0,2.0,1.0,0.0,A01
201300001641,0,7,0,0.0,2.0,8.0,1.0,B01
201300001642,0,10,0,0.0,9.0,8.0,15.0,A01
201300001642,0,39,0,0.0,4.0,1.0,1.0,B01
201300001643,0,7,0,0.0,2.0,1.0,2.0,A01
201300001643,0,7,0,0.0,2.0,4.0,23.0,B01
201300001644,0,7,0,0.0,2.0,4.0,10.0,A01
201300001644,0,7,0,0.0,2.0,1.0,1.0,B02
201300001645,0,7,0,0.0,2.0,1.0,13.0,A01
201300001645,0,7,0,0.0,2.0,1.0,1.0,B02
201300001646,0,7,0,0.0,1.0,2.0,1.0,A01
201300001647,0,7,0,0.0,0.0,9.0,1.0,A01
201300001648,0,7,0,0.0,2.0,1.0,19.0,B02
201300001648,0,7,0,0.0,2.0,6.0,1.0,A01
201300001649,0,7,0,13.0,0.0,1.0,0.0,A01
201300001650,0,10,0,0.0,2.0,1.0,1.0,A01
201300001650,0,7,0,0.0,2.0,8.0,19.0,B02
201300001651,0,7,0,6.0,0.0,2.0,14.0,A01
201300001652,0,7,0,0.0,1.0,1.0,1.0,A01
201300001653,0,7,0,2.0,0.0,1.0,2.0,A01
201300001654,0,7,0,0.0,1.0,3.0,2.0,A01
201300001655,0,17,0,0.0,2.0,3.0,1.0,C03
201300001655,0,17,0,0.0,2.0,8.0,13.0,A01
201300001655,0,13,0,0.0,2.0,8.0,1.0,B02
201300001656,0,30,0,0.0,2.0,1.0,1.0,A01
201300001656,0,14,0,0.0,2.0,2.0,0.0,B02
201300001657,0,15,0,0.0,2.0,1.0,21.0,A01
201300001657,0,7,0,0.0,2.0,1.0,13.0,B02
201300001658,0,15,0,0.0,2.0,3.0,1.0,B02
201300001658,0,33,0,0.0,2.0,1.0,13.0,A01
201300001659,0,7,0,0.0,1.0,2.0,12.0,A01
201300001660,0,33,0,0.0,2.0,1.0,1.0,B02
201300001660,0,7,0,0.0,2.0,3.0,19.0,A01
201300001661,0,2,0,0.0,2.0,8.0,1.0,A01
201300001661,0,7,0,0.0,2.0,3.0,23.0,B02
201300001661,0,7,0,0.0,2.0,1.0,19.0,C03
201300001662,0,33,0,0.0,2.0,1.0,1.0,A01
201300001662,0,7,0,0.0,2.0,6.0,15.0,B02
201300001663,0,7,0,0.0,1.0,2.0,2.0,A01
201300001664,0,7,0,0.0,2.0,1.0,17.0,A01
201300001664,0,99,0,0.0,2.0,4.0,2.0,B02
201300001665,0,21,0,0.0,2.0,3.0,1.0,B02
201300001665,0,7,0,0.0,2.0,2.0,1.0,A01
201300001665,0,7,0,0.0,2.0,1.0,0.0,C03
201300001666,0,7,0,2.0,0.0,1.0,1.0,A01
201300001667,0,3,0,0.0,2.0,4.0,15.0,B02
201300001667,0,7,0,0.0,2.0,2.0,1.0,A01
201300001668,0,7,0,0.0,2.0,2.0,,A01
201300001668,0,30,0,0.0,2.0,1.0,1.0,B02
201300001669,0,33,0,0.0,2.0,7.0,1.0,A01
201300001669,0,10,0,0.0,2.0,3.0,16.0,B02
201300001670,0,7,0,6.0,0.0,1.0,1.0,A01
201300001671,0,7,0,0.0,0.0,2.0,1.0,A01
201300001672,0,7,0,0.0,2.0,3.0,1.0,B02
201300001672,0,33,0,0.0,2.0,1.0,13.0,A01
201300001673,0,7,0,2.0,0.0,3.0,13.0,A01
201300001674,0,33,0,13.0,0.0,9.0,1.0,A01
201300001675,0,7,0,2.0,0.0,3.0,13.0,A01
201300001676,0,7,0,0.0,2.0,7.0,13.0,A01
201300001676,0,7,0,0.0,2.0,1.0,1.0,B02
201300001677,0,7,0,0.0,2.0,3.0,1.0,A01
201300001677,0,7,0,0.0,2.0,3.0,15.0,B02
201300001678,0,7,0,2.0,0.0,1.0,0.0,A01
201300001679,0,7,0,0.0,2.0,1.0,1.0,A01
201300001679,0,7,0,0.0,2.0,3.0,15.0,B02
201300001680,0,7,0,0.0,2.0,8.0,10.0,A01
201300001680,0,7,0,0.0,2.0,1.0,1.0,B02
201300001681,0,10,0,6.0,0.0,2.0,13.0,A01
201300001682,0,33,0,0.0,2.0,1.0,17.0,B02
201300001682,0,10,0,0.0,2.0,3.0,15.0,A01
201300001683,0,7,0,0.0,2.0,8.0,19.0,A01
201300001683,0,33,0,0.0,2.0,1.0,1.0,B02
201300001684,0,2,0,16.0,0.0,0.0,1.0,A01
201300001685,0,7,0,0.0,2.0,1.0,13.0,A01
201300001685,0,7,0,0.0,2.0,3.0,1.0,B02
201300001686,0,7,0,0.0,2.0,2.0,13.0,A01
201300001686,0,7,0,0.0,2.0,1.0,1.0,B02
201300001687,0,7,0,0.0,2.0,3.0,1.0,A01
201300001687,0,31,0,16.0,2.0,3.0,19.0,B02
201300001688,0,7,0,0.0,0.0,1.0,13.0,A01
201300001688,0,14,0,0.0,0.0,3.0,1.0,B02
201300001689,0,7,0,0.0,2.0,2.0,1.0,A01