Num_Acc,senc,catv,occutc,obs,obsm,choc,manv,num_veh
201300001689,0,30,0,0.0,2.0,1.0,16.0,C02
201300001690,0,7,0,0.0,2.0,8.0,15.0,A01
201300001690,0,7,0,0.0,2.0,1.0,1.0,B02
201300001691,0,7,0,0.0,2.0,8.0,0.0,A01
201300001691,0,7,0,0.0,2.0,1.0,1.0,B02
201300001692,0,3,0,16.0,0.0,0.0,1.0,A01
201300001693,0,30,0,16.0,0.0,0.0,1.0,A01
201300001694,0,14,0,0.0,2.0,3.0,1.0,B02
201300001694,0,7,0,0.0,2.0,3.0,17.0,A01
201300001695,0,30,0,1.0,0.0,1.0,14.0,A01
201300001696,0,7,0,0.0,2.0,2.0,9.0,A01
201300001696,0,1,0,0.0,0.0,7.0,1.0,B02
201300001697,0,1,0,0.0,2.0,8.0,15.0,B02
201300001697,0,7,0,0.0,9.0,1.0,16.0,A01
201300001698,0,33,0,0.0,0.0,1.0,0.0,A01
201300001698,0,7,0,0.0,0.0,8.0,0.0,B02
201300001699,0,7,0,0.0,1.0,1.0,1.0,A01
201300001700,0,7,0,0.0,2.0,1.0,1.0,C03
201300001700,0,7,0,0.0,2.0,1.0,19.0,A01
201300001700,0,7,0,0.0,2.0,1.0,19.0,B02
201300001701,0,14,0,0.0,9.0,1.0,1.0,A01
201300001701,0,1,0,0.0,0.0,8.0,11.0,B02
201300001702,0,7,0,6.0,0.0,8.0,13.0,A01
201300001703,0,7,0,0.0,2.0,1.0,13.0,A01
201300001703,0,7,0,0.0,2.0,1.0,1.0,B02
201300001704,0,7,0,0.0,2.0,3.0,1.0,A01
201300001704,0,7,0,0.0,2.0,3.0,1.0,B02
201300001704,0,7,0,0.0,0.0,4.0,1.0,C03
201300001705,0,7,0,0.0,2.0,0.0,1.0,B02
201300001705,0,7,0,0.0,2.0,3.0,1.0,A01
201300001706,0,30,0,0.0,2.0,8.0,19.0,A01
201300001706,0,7,0,0.0,2.0,3.0,1.0,B02
201300001707,0,7,0,0.0,2.0,1.0,9.0,A01
201300001707,0,30,0,0.0,2.0,7.0,2.0,B02
201300001708,0,7,0,0.0,2.0,1.0,1.0,B02
201300001708,0,7,0,0.0,0.0,1.0,1.0,A01
201300001709,0,7,0,0.0,1.0,1.0,1.0,A01
201300001710,0,7,0,0.0,2.0,1.0,15.0,A01
201300001710,0,33,0,0.0,2.0,1.0,1.0,B02
201300001711,0,7,0,13.0,0.0,8.0,1.0,A01
201300001712,0,7,0,0.0,0.0,4.0,15.0,B02
201300001712,0,30,0,0.0,2.0,1.0,1.0,A01
201300001713,0,10,0,0.0,2.0,1.0,1.0,B02
201300001713,0,7,0,0.0,2.0,8.0,15.0,A01
201300001714,0,33,0,0.0,2.0,1.0,1.0,A01
201300001714,0,7,0,0.0,2.0,1.0,1.0,B02
201300001715,0,7,0,0.0,2.0,2.0,1.0,A01
201300001715,0,7,0,0.0,2.0,8.0,15.0,B02
201300001716,0,7,0,0.0,2.0,2.0,15.0,A01
201300001716,0,7,0,0.0,2.0,1.0,1.0,B02
201300001717,0,7,0,8.0,0.0,1.0,13.0,A01
201300001718,0,7,0,0.0,2.0,7.0,1.0,B02
201300001718,0,3,0,0.0,2.0,1.0,1.0,A01
201300001719,0,33,0,13.0,0.0,8.0,13.0,A01
201300001720,0,7,0,0.0,1.0,1.0,1.0,A01
201300001721,0,7,0,0.0,2.0,1.0,1.0,B02
201300001721,0,10,0,0.0,2.0,1.0,5.0,A01
201300001721,0,7,0,0.0,2.0,1.0,1.0,C03
201300001722,0,7,0,0.0,2.0,1.0,1.0,A01
201300001722,0,7,0,0.0,2.0,8.0,19.0,B02
201300001723,0,37,1,0.0,2.0,1.0,1.0,B02
201300001723,0,7,0,0.0,2.0,3.0,15.0,A01
201300001724,0,7,0,0.0,1.0,2.0,1.0,A01
201300001725,0,99,0,0.0,2.0,0.0,1.0,B02
201300001725,0,7,0,0.0,9.0,1.0,9.0,A01
201300001726,0,7,0,0.0,2.0,7.0,16.0,B02
201300001726,0,2,0,0.0,2.0,1.0,1.0,A01
201300001727,0,10,0,0.0,0.0,0.0,0.0,A01
201300001727,0,7,0,0.0,2.0,7.0,1.0,D04
201300001727,0,7,0,0.0,2.0,3.0,1.0,C03
201300001728,0,2,0,8.0,0.0,1.0,0.0,A01
201300001729,0,33,0,3.0,0.0,2.0,1.0,A01
201300001730,0,7,0,14.0,0.0,3.0,13.0,A01
201300001731,0,7,0,13.0,0.0,3.0,14.0,A01
201300001732,0,7,0,0.0,2.0,2.0,19.0,A01
201300001732,0,2,0,0.0,2.0,8.0,1.0,B02
201300001733,0,33,0,0.0,2.0,1.0,17.0,A01
201300001733,0,7,0,0.0,2.0,8.0,15.0,B02
201300001734,0,33,0,0.0,2.0,1.0,1.0,B02
201300001734,0,7,0,0.0,2.0,3.0,15.0,A01
201300001735,0,10,0,0.0,1.0,1.0,1.0,A01
201300001736,0,30,0,3.0,0.0,1.0,1.0,A01
201300001737,0,7,0,0.0,2.0,3.0,1.0,B02
201300001737,0,7,0,0.0,2.0,3.0,13.0,A01
201300001738,0,7,0,0.0,1.0,1.0,1.0,A01
201300001739,0,7,0,0.0,2.0,7.0,19.0,A01
201300001739,0,33,0,0.0,2.0,1.0,1.0,B02
201300001740,0,7,0,8.0,0.0,1.0,0.0,B02
201300001741,0,7,0,0.0,2.0,1.0,1.0,A01
201300001741,0,14,0,0.0,2.0,2.0,16.0,B02
201300001742,0,7,0,0.0,2.0,2.0,19.0,B02
201300001742,0,7,0,0.0,2.0,3.0,1.0,A01
201300001743,0,7,0,13.0,0.0,9.0,1.0,A01
201300001744,0,7,0,13.0,0.0,1.0,0.0,A01
201300001745,0,7,0,2.0,0.0,0.0,1.0,A01
201300001746,0,1,0,0.0,0.0,4.0,1.0,B02
201300001746,0,7,0,0.0,2.0,5.0,2.0,A01
201300001747,0,7,0,0.0,2.0,3.0,1.0,B02
201300001747,0,2,0,0.0,2.0,1.0,1.0,A01
201300001748,0,33,0,15.0,0.0,1.0,1.0,A01
201300001749,0,31,0,0.0,0.0,7.0,19.0,A01
201300001750,0,7,0,0.0,2.0,3.0,1.0,B02
201300001750,0,15,0,0.0,2.0,8.0,1.0,A01
201300001751,0,31,0,0.0,2.0,7.0,21.0,A01
201300001752,0,7,0,6.0,0.0,2.0,1.0,A01
201300001753,0,7,0,0.0,2.0,6.0,15.0,A01
201300001753,0,7,0,0.0,2.0,1.0,2.0,B02
201300001754,0,32,0,8.0,0.0,0.0,13.0,A01
201300001755,0,33,0,13.0,0.0,1.0,1.0,A01
201300001756,0,7,0,0.0,2.0,1.0,1.0,B02
201300001756,0,7,0,0.0,2.0,1.0,13.0,A01
201300001757,0,10,0,0.0,1.0,2.0,1.0,A01
201300001758,0,10,0,0.0,2.0,7.0,15.0,B02
201300001758,0,33,0,0.0,2.0,1.0,0.0,A01
201300001759,0,33,0,0.0,5.0,2.0,0.0,A01
201300001760,0,7,0,0.0,2.0,3.0,1.0,A01
201300001760,2,7,0,0.0,2.0,1.0,16.0,B02
201300001761,0,7,0,0.0,1.0,1.0,1.0,A01
201300001762,0,1,0,0.0,2.0,8.0,1.0,A01
201300001762,0,7,0,0.0,2.0,1.0,1.0,B02
201300001763,0,10,0,0.0,2.0,2.0,17.0,B02
201300001763,0,30,0,0.0,2.0,3.0,15.0,A01
201300001764,0,7,0,0.0,1.0,3.0,15.0,A01
201300001765,0,7,0,0.0,2.0,1.0,15.0,A01
201300001765,0,33,0,6.0,2.0,1.0,1.0,B02
201300001766,0,33,0,0.0,0.0,1.0,1.0,B02
201300001766,0,33,0,0.0,0.0,3.0,15.0,A01
201300001767,0,14,0,0.0,2.0,4.0,1.0,B02
201300001767,0,2,0,0.0,2.0,1.0,1.0,A01
201300001768,0,7,0,0.0,2.0,3.0,1.0,A01
201300001768,0,21,0,0.0,2.0,3.0,1.0,B02
201300001769,0,7,0,0.0,2.0,8.0,13.0,A01
201300001769,0,7,0,0.0,2.0,1.0,1.0,B02
201300001769,0,7,0,0.0,2.0,1.0,1.0,C03
201300001770,0,7,0,16.0,0.0,0.0,1.0,A01
201300001771,0,33,0,0.0,0.0,7.0,1.0,A01
201300001772,0,7,0,0.0,2.0,1.0,1.0,A01
201300001772,0,14,0,0.0,2.0,1.0,1.0,B02
201300001773,0,7,0,13.0,2.0,1.0,1.0,B02
201300001773,0,30,0,0.0,2.0,4.0,15.0,A01
201300001774,0,7,0,0.0,2.0,7.0,1.0,B02
201300001774,0,7,0,0.0,2.0,1.0,1.0,A01
201300001775,0,7,0,0.0,2.0,3.0,0.0,B02
201300001775,0,7,0,0.0,2.0,1.0,15.0,A01
201300001775,0,7,0,0.0,2.0,8.0,23.0,C03
201300001776,0,7,0,0.0,2.0,7.0,13.0,A01
201300001776,0,7,0,0.0,2.0,1.0,1.0,B02
201300001777,0,7,0,0.0,1.0,2.0,0.0,A01
201300001778,0,7,0,0.0,2.0,1.0,0.0,B02
201300001778,0,7,0,0.0,2.0,2.0,1.0,A01
201300001779,0,10,0,3.0,0.0,1.0,1.0,A01
201300001780,0,7,0,0.0,1.0,1.0,15.0,A01
201300001781,0,10,0,0.0,1.0,1.0,1.0,A01
201300001782,0,10,0,0.0,1.0,3.0,1.0,A01
201300001783,0,10,0,2.0,0.0,9.0,14.0,A01
201300001784,0,7,0,0.0,2.0,2.0,1.0,B02
201300001784,0,1,0,0.0,2.0,8.0,19.0,A01
201300001785,0,31,0,0.0,2.0,1.0,1.0,B02
201300001785,0,7,0,0.0,2.0,7.0,19.0,A01
201300001786,0,1,0,0.0,2.0,8.0,2.0,B02
201300001786,0,33,0,0.0,9.0,7.0,2.0,A01
201300001787,0,2,0,12.0,0.0,1.0,1.0,A01
201300001788,0,7,0,13.0,0.0,4.0,23.0,B02
201300001788,0,13,0,0.0,2.0,1.0,1.0,A01
201300001789,0,7,0,0.0,2.0,3.0,13.0,A01
201300001789,0,7,0,0.0,2.0,3.0,1.0,B02
201300001790,0,10,0,0.0,2.0,3.0,1.0,B02
201300001790,0,7,0,0.0,2.0,3.0,6.0,A01
201300001791,0,7,0,0.0,2.0,1.0,1.0,B02
201300001791,0,10,0,0.0,2.0,1.0,13.0,A01
201300001792,0,7,0,0.0,1.0,1.0,1.0,A01
201300001793,0,7,0,0.0,2.0,2.0,19.0,B02
201300001793,0,7,0,0.0,2.0,1.0,1.0,A01
201300001794,0,33,0,0.0,2.0,8.0,1.0,A01
201300001794,0,7,0,0.0,2.0,1.0,19.0,B02
201300001795,0,2,0,0.0,2.0,7.0,1.0,B02
201300001795,0,7,0,0.0,2.0,1.0,1.0,A01
201300001796,0,7,0,0.0,2.0,2.0,15.0,A01
201300001796,0,2,0,0.0,2.0,1.0,1.0,B02
201300001797,0,7,0,0.0,2.0,1.0,14.0,A01
201300001797,0,7,0,0.0,2.0,4.0,1.0,B02
201300001798,0,7,0,0.0,2.0,1.0,1.0,A01
201300001798,0,7,0,0.0,2.0,1.0,15.0,B02
201300001799,0,15,0,0.0,2.0,1.0,1.0,B02
201300001799,0,10,0,0.0,2.0,2.0,13.0,A01
201300001799,0,7,0,13.0,0.0,3.0,21.0,C03
201300001800,0,1,0,0.0,2.0,4.0,1.0,B02
201300001800,0,1,0,0.0,2.0,4.0,1.0,C03
201300001800,0,7,0,0.0,2.0,2.0,1.0,A01
201300001801,0,7,0,0.0,2.0,3.0,2.0,A01
201300001801,0,7,0,0.0,2.0,6.0,15.0,B02
201300001802,0,10,0,0.0,2.0,3.0,1.0,B02
201300001802,0,7,0,0.0,2.0,1.0,5.0,A01
201300001803,0,33,0,0.0,2.0,1.0,17.0,A01
201300001803,0,7,0,0.0,2.0,6.0,15.0,B02
201300001804,0,7,0,0.0,2.0,2.0,1.0,A01
201300001804,0,1,0,0.0,2.0,7.0,19.0,B02
201300001805,0,7,0,0.0,2.0,1.0,1.0,A01
201300001805,0,7,0,0.0,2.0,3.0,1.0,B02
201300001806,0,7,0,0.0,2.0,6.0,15.0,B02
201300001806,0,33,0,0.0,2.0,1.0,2.0,A01
201300001807,0,33,0,0.0,2.0,3.0,1.0,B02
201300001807,0,7,0,0.0,2.0,3.0,13.0,A01
201300001808,0,1,0,0.0,0.0,7.0,19.0,A01
201300001808,0,30,0,0.0,2.0,1.0,21.0,B02
201300001809,0,7,0,0.0,1.0,3.0,1.0,A01
201300001810,0,7,0,0.0,0.0,1.0,2.0,A01
201300001811,0,33,0,14.0,0.0,0.0,1.0,A01
201300001812,0,7,0,13.0,0.0,1.0,1.0,A01
201300001813,0,10,0,0.0,2.0,3.0,15.0,A01
201300001813,0,30,0,0.0,2.0,8.0,1.0,B02
201300001814,0,7,0,0.0,2.0,3.0,1.0,A01
201300001814,0,33,0,0.0,2.0,1.0,1.0,B02
201300001815,0,7,0,0.0,1.0,1.0,1.0,A01
201300001816,0,33,0,0.0,2.0,1.0,1.0,A01
201300001816,0,7,0,0.0,2.0,8.0,15.0,B02
201300001817,0,7,0,0.0,2.0,1.0,1.0,B02
201300001817,0,7,0,0.0,2.0,2.0,13.0,A01
201300001818,0,38,1,0.0,2.0,3.0,1.0,B02
201300001818,0,30,0,0.0,2.0,1.0,1.0,A01
201300001819,0,7,0,6.0,0.0,2.0,1.0,A01
201300001820,0,7,0,0.0,2.0,3.0,15.0,A01
201300001820,0,7,0,0.0,2.0,1.0,1.0,B02
201300001821,0,7,0,0.0,2.0,1.0,1.0,A01
201300001821,0,7,0,0.0,2.0,1.0,1.0,B02
201300001822,0,33,0,0.0,2.0,1.0,1.0,A01
201300001822,0,7,0,0.0,2.0,3.0,15.0,B02
201300001823,0,14,0,0.0,2.0,3.0,1.0,B02
201300001823,0,7,0,0.0,2.0,3.0,13.0,A01
201300001824,0,7,0,0.0,2.0,1.0,13.0,A01
201300001824,0,7,0,0.0,2.0,3.0,1.0,B02
201300001825,0,7,0,0.0,2.0,3.0,13.0,A01
201300001825,0,7,0,0.0,2.0,1.0,1.0,B02
201300001826,0,7,0,13.0,0.0,1.0,1.0,A01
201300001827,0,7,0,0.0,2.0,2.0,17.0,A01
201300001827,0,33,0,0.0,2.0,1.0,1.0,B02
201300001828,0,33,0,0.0,2.0,1.0,21.0,A01
201300001828,0,7,0,0.0,2.0,3.0,19.0,B02
201300001829,0,7,0,13.0,0.0,2.0,1.0,A01
201300001830,0,7,0,0.0,2.0,3.0,13.0,A01
201300001830,0,7,0,0.0,2.0,3.0,1.0,B02
201300001831,0,7,0,0.0,2.0,5.0,15.0,B02
201300001831,0,31,0,0.0,2.0,3.0,2.0,A01
201300001832,0,7,0,0.0,2.0,8.0,19.0,A01
201300001832,0,33,0,0.0,2.0,1.0,1.0,B02
201300001833,0,7,0,1.0,0.0,8.0,19.0,A01
201300001834,0,7,0,2.0,0.0,1.0,13.0,A01
201300001835,0,7,0,0.0,2.0,3.0,19.0,B02
201300001835,0,30,0,0.0,2.0,2.0,1.0,A01
201300001836,0,7,0,0.0,2.0,1.0,1.0,A01
201300001836,0,1,0,0.0,2.0,1.0,19.0,B02
201300001837,0,7,0,0.0,1.0,2.0,1.0,A01
201300001838,0,30,0,0.0,2.0,1.0,19.0,A01
201300001838,0,7,0,0.0,2.0,8.0,1.0,B02
201300001839,0,7,0,2.0,0.0,3.0,0.0,A01
201300001840,0,10,0,0.0,2.0,3.0,1.0,B02
201300001840,0,7,0,0.0,2.0,3.0,13.0,A01
201300001841,0,7,0,0.0,1.0,2.0,1.0,A01
201300001842,0,30,0,0.0,2.0,1.0,1.0,A01
201300001842,0,7,0,0.0,0.0,4.0,16.0,B02
201300001843,0,7,0,0.0,2.0,2.0,16.0,B02
201300001843,0,33,0,0.0,2.0,3.0,2.0,A01
201300001844,0,7,0,0.0,2.0,2.0,1.0,B02
201300001844,0,7,0,0.0,2.0,3.0,19.0,A01
201300001845,0,33,0,8.0,0.0,1.0,1.0,A01
201300001846,0,7,0,2.0,0.0,1.0,1.0,A01
201300001847,0,30,0,0.0,0.0,0.0,1.0,A01
201300001848,0,7,0,0.0,1.0,1.0,1.0,A01
201300001849,0,7,0,8.0,0.0,1.0,1.0,A01
201300001850,0,7,0,0.0,2.0,6.0,15.0,B02
201300001850,0,14,0,0.0,2.0,2.0,1.0,A01
201300001851,0,7,0,0.0,2.0,2.0,1.0,A01
201300001851,0,2,0,0.0,0.0,4.0,1.0,B02
201300001852,0,7,0,0.0,2.0,7.0,1.0,B02
201300001852,0,30,0,0.0,2.0,1.0,15.0,A01
201300001853,0,7,0,13.0,0.0,1.0,14.0,A01
201300001854,0,7,0,0.0,2.0,3.0,9.0,A01
201300001854,0,33,0,0.0,2.0,1.0,1.0,B02
201300001855,0,1,0,0.0,2.0,7.0,13.0,B02
201300001855,0,7,0,0.0,2.0,3.0,1.0,A01
201300001856,0,7,0,0.0,2.0,1.0,13.0,A01
201300001856,0,7,0,0.0,2.0,0.0,21.0,B02
201300001857,0,7,0,0.0,2.0,3.0,13.0,A01
201300001857,0,7,0,0.0,2.0,3.0,1.0,C03
201300001857,0,7,0,0.0,2.0,8.0,21.0,B02
201300001858,0,7,0,0.0,2.0,3.0,19.0,A01
201300001858,0,33,0,0.0,2.0,1.0,1.0,B02
201300001859,0,33,0,0.0,2.0,1.0,1.0,A01
201300001859,0,7,0,0.0,2.0,5.0,19.0,B02
201300001860,0,2,0,0.0,2.0,1.0,1.0,B02
201300001860,0,7,0,0.0,2.0,3.0,16.0,A01
201300001861,0,33,0,0.0,0.0,0.0,0.0,A01
201300001862,0,7,0,8.0,2.0,1.0,1.0,A01
201300001862,0,7,0,0.0,2.0,4.0,1.0,B02
201300001863,0,7,0,0.0,2.0,1.0,9.0,B02
201300001863,0,2,0,0.0,2.0,7.0,1.0,A01
201300001864,0,7,0,0.0,1.0,7.0,1.0,A01
201300001865,0,7,0,0.0,2.0,2.0,15.0,A01
201300001865,0,2,0,0.0,2.0,1.0,1.0,B02
201300001866,0,7,0,0.0,1.0,7.0,1.0,A01
201300001867,0,7,0,0.0,2.0,3.0,1.0,A01
201300001867,0,7,0,0.0,2.0,1.0,2.0,C03
201300001867,0,30,0,0.0,2.0,2.0,15.0,B02
201300001868,0,30,0,0.0,2.0,1.0,1.0,B02
201300001868,0,31,0,0.0,2.0,7.0,15.0,A01
201300001869,2,10,0,0.0,2.0,1.0,2.0,A01
201300001869,0,30,0,0.0,2.0,4.0,2.0,B02
201300001869,0,7,0,0.0,0.0,4.0,2.0,C03
201300001870,0,7,0,0.0,2.0,1.0,5.0,A01
201300001870,0,7,0,0.0,2.0,1.0,1.0,B02
201300001870,0,7,0,0.0,2.0,1.0,1.0,C03
201300001871,0,7,0,0.0,2.0,1.0,1.0,B02
201300001871,0,7,0,0.0,2.0,1.0,15.0,A01
201300001872,0,38,1,0.0,2.0,1.0,1.0,A01
201300001872,0,30,0,0.0,2.0,3.0,1.0,B02
201300001873,0,1,0,0.0,0.0,7.0,1.0,B02
201300001873,0,7,0,0.0,2.0,1.0,19.0,A01
201300001874,0,32,0,0.0,2.0,1.0,2.0,B02
201300001874,1,14,0,0.0,2.0,4.0,1.0,A01
201300001875,0,7,0,0.0,2.0,2.0,1.0,A01
201300001875,0,30,0,0.0,2.0,1.0,1.0,B02
201300001876,0,7,0,8.0,0.0,8.0,17.0,A01
201300001877,0,3,0,0.0,2.0,1.0,17.0,A01
201300001877,0,7,0,0.0,2.0,3.0,0.0,B02
201300001878,0,36,0,8.0,0.0,1.0,1.0,A01
201300001879,0,38,0,0.0,2.0,8.0,1.0,B02
201300001879,0,30,0,0.0,2.0,2.0,9.0,A01
201300001880,0,7,0,0.0,2.0,5.0,15.0,B02
201300001880,0,10,0,0.0,2.0,3.0,2.0,A01
201300001881,0,2,0,0.0,2.0,7.0,1.0,B02
201300001881,0,17,0,0.0,2.0,3.0,1.0,A01
201300001882,0,14,0,13.0,0.0,3.0,17.0,A01
201300001883,0,7,0,16.0,0.0,9.0,14.0,A01
201300001884,0,7,0,0.0,2.0,3.0,1.0,A01
201300001884,0,7,0,0.0,2.0,2.0,15.0,B02
201300001885,0,7,0,0.0,2.0,2.0,15.0,A01
201300001885,0,7,0,0.0,2.0,3.0,1.0,B02
201300001886,0,33,0,8.0,0.0,1.0,13.0,A01
201300001887,0,10,0,0.0,2.0,1.0,1.0,A01
201300001887,0,1,0,0.0,2.0,7.0,1.0,B02
201300001888,0,7,0,0.0,2.0,3.0,19.0,A01
201300001888,0,33,0,0.0,2.0,1.0,1.0,B02
201300001889,0,30,0,0.0,1.0,1.0,1.0,A01
201300001890,0,7,0,0.0,2.0,3.0,13.0,A01
201300001890,0,7,0,0.0,2.0,2.0,1.0,B02
201300001890,0,7,0,0.0,2.0,1.0,1.0,C03
201300001891,0,7,0,0.0,2.0,6.0,21.0,B02
201300001891,0,30,0,0.0,2.0,1.0,13.0,A01
201300001892,0,2,0,0.0,2.0,1.0,1.0,A01
201300001892,0,7,0,0.0,2.0,5.0,15.0,B02
201300001893,0,31,0,0.0,2.0,1.0,13.0,A01
201300001893,0,7,0,0.0,2.0,3.0,1.0,B02
201300001894,0,7,0,0.0,2.0,1.0,13.0,A01
201300001894,0,7,0,0.0,2.0,1.0,1.0,B02
201300001894,0,7,0,6.0,0.0,1.0,1.0,C03
201300001895,0,7,0,0.0,9.0,3.0,21.0,A01
201300001895,0,1,0,0.0,2.0,1.0,13.0,B02
201300001896,0,33,0,0.0,2.0,1.0,1.0,B02
201300001896,0,7,0,0.0,2.0,7.0,19.0,A01
201300001897,0,7,0,0.0,2.0,7.0,1.0,A01
201300001897,0,7,0,0.0,2.0,1.0,1.0,B02
201300001898,0,7,0,0.0,2.0,7.0,15.0,A01
201300001898,0,7,0,0.0,2.0,1.0,1.0,B02
201300001898,0,10,0,0.0,2.0,3.0,23.0,C03
201300001899,0,1,0,0.0,0.0,6.0,13.0,A01
201300001899,0,7,0,0.0,9.0,3.0,21.0,B02
201300001899,0,7,0,0.0,9.0,8.0,0.0,C03
201300001900,0,33,0,0.0,0.0,1.0,1.0,A01
201300001901,0,14,0,0.0,2.0,1.0,13.0,A01
201300001901,0,14,0,0.0,2.0,1.0,1.0,B02
201300001901,0,14,0,0.0,2.0,3.0,1.0,C03
201300001902,0,7,0,0.0,2.0,1.0,1.0,B02
201300001902,0,7,0,0.0,2.0,8.0,19.0,A01
201300001903,0,7,0,0.0,2.0,3.0,3.0,A01
201300001903,0,7,0,0.0,2.0,3.0,1.0,B02
201300001904,0,7,0,2.0,0.0,1.0,1.0,A01
201300001905,0,7,0,0.0,2.0,4.0,23.0,A01
201300001905,0,2,0,1.0,0.0,1.0,1.0,B02
201300001906,0,7,0,0.0,0.0,2.0,1.0,B02
201300001906,0,3,0,0.0,2.0,2.0,15.0,A01
201300001907,0,32,0,0.0,2.0,2.0,13.0,A01
201300001907,0,7,0,0.0,2.0,1.0,1.0,B02
201300001908,0,33,0,0.0,2.0,1.0,1.0,A01
201300001908,0,7,0,0.0,2.0,1.0,15.0,B02
201300001909,0,7,0,0.0,1.0,3.0,1.0,A01
201300001910,0,7,0,0.0,2.0,1.0,13.0,A01
201300001910,0,7,0,0.0,2.0,1.0,1.0,B02
201300001911,0,7,0,0.0,4.0,9.0,13.0,A01
201300001911,0,39,480,0.0,2.0,1.0,1.0,B02
201300001912,0,31,0,16.0,0.0,1.0,1.0,A01
201300001913,0,7,0,0.0,2.0,1.0,0.0,B02
201300001913,0,7,0,0.0,2.0,1.0,0.0,A01
201300001914,0,7,0,0.0,2.0,1.0,21.0,B02
201300001914,0,13,0,0.0,2.0,1.0,1.0,C03
201300001914,0,7,0,0.0,0.0,0.0,17.0,A01
201300001915,0,7,0,2.0,0.0,2.0,1.0,A01
201300001916,0,7,0,0.0,1.0,2.0,1.0,A01
201300001917,0,33,0,15.0,0.0,7.0,1.0,A01
201300001918,0,7,0,8.0,0.0,7.0,1.0,A01
201300001919,0,7,0,0.0,2.0,3.0,13.0,A01
201300001919,0,7,0,0.0,2.0,3.0,0.0,B02
201300001920,0,2,0,0.0,2.0,1.0,1.0,A01
201300001920,0,38,1,0.0,2.0,6.0,16.0,B02
201300001921,0,7,0,0.0,1.0,1.0,1.0,A01
201300001922,0,7,0,0.0,0.0,0.0,1.0,A01
201300001923,0,21,0,13.0,0.0,0.0,1.0,A01
201300001924,0,7,0,0.0,2.0,5.0,17.0,A01
201300001924,0,7,0,0.0,0.0,6.0,1.0,B02
201300001925,0,7,0,0.0,2.0,2.0,15.0,A01
201300001925,0,33,0,0.0,2.0,1.0,1.0,B02
201300001926,0,7,0,0.0,2.0,3.0,9.0,A01
201300001926,0,1,0,0.0,2.0,4.0,1.0,B02
201300001927,0,7,0,0.0,0.0,3.0,15.0,A01
201300001927,0,33,0,0.0,0.0,8.0,1.0,B02
201300001928,0,7,0,7.0,0.0,1.0,1.0,A01
201300001929,0,14,0,0.0,2.0,2.0,1.0,A01
201300001929,0,7,0,0.0,2.0,7.0,19.0,B02
201300001930,0,7,0,0.0,2.0,3.0,1.0,A01
201300001930,0,7,0,0.0,2.0,3.0,1.0,B02
201300001931,0,7,0,0.0,1.0,3.0,1.0,A01
201300001932,0,7,0,0.0,2.0,1.0,1.0,A01
201300001932,0,30,0,0.0,2.0,1.0,15.0,B02
201300001933,0,33,0,0.0,0.0,8.0,1.0,A01
201300001934,0,7,0,0.0,0.0,3.0,15.0,A01
201300001934,0,30,0,0.0,0.0,0.0,1.0,B02
201300001935,0,33,0,13.0,0.0,1.0,1.0,A01
201300001936,0,7,0,0.0,2.0,1.0,13.0,A01
201300001936,0,7,0,0.0,2.0,1.0,1.0,B02
201300001937,0,7,0,0.0,2.0,3.0,15.0,A01
201300001937,0,33,0,0.0,2.0,3.0,1.0,B02
201300001938,0,33,0,0.0,2.0,1.0,17.0,A01
201300001938,0,21,0,0.0,2.0,3.0,15.0,B02
201300001939,0,2,0,0.0,2.0,1.0,17.0,A01
201300001939,0,21,0,0.0,2.0,1.0,1.0,B02
201300001940,0,33,0,12.0,0.0,1.0,1.0,A01
201300001941,0,30,0,0.0,0.0,3.0,15.0,A01
201300001942,0,30,0,0.0,0.0,0.0,1.0,A01
201300001943,0,7,0,0.0,1.0,1.0,15.0,A01
201300001944,0,14,0,0.0,2.0,1.0,1.0,B02
201300001944,0,7,0,0.0,2.0,8.0,15.0,A01
201300001945,0,33,0,13.0,0.0,1.0,1.0,A01
201300001946,0,7,0,0.0,2.0,3.0,13.0,A01
201300001946,0,7,0,0.0,2.0,3.0,1.0,B02
201300001947,0,7,0,0.0,2.0,2.0,21.0,A01
201300001947,0,10,0,0.0,2.0,2.0,21.0,B02
201300001947,0,7,0,0.0,0.0,1.0,10.0,C03
201300001948,0,7,0,6.0,0.0,2.0,14.0,A01
201300001949,0,7,0,2.0,9.0,2.0,1.0,A01
201300001950,0,7,0,0.0,1.0,6.0,1.0,A01
201300001951,0,7,0,0.0,2.0,3.0,15.0,B02
201300001951,0,2,0,0.0,2.0,1.0,1.0,A01
201300001952,0,7,0,0.0,2.0,1.0,1.0,A01
201300001952,0,10,0,0.0,2.0,1.0,0.0,B02
201300001953,0,7,0,0.0,2.0,1.0,13.0,A01
201300001953,0,7,0,0.0,2.0,3.0,1.0,B02
201300001954,0,7,0,0.0,2.0,2.0,13.0,A01
201300001954,0,7,0,0.0,2.0,2.0,1.0,B02
201300001955,0,7,0,0.0,2.0,1.0,1.0,A01
201300001955,0,21,0,0.0,2.0,1.0,1.0,B02
201300001956,0,7,0,13.0,0.0,1.0,1.0,A01
201300001957,0,7,0,4.0,0.0,9.0,1.0,A01
201300001958,0,7,0,8.0,0.0,1.0,1.0,A01
201300001959,0,7,0,4.0,0.0,2.0,1.0,A01
201300001960,0,7,0,0.0,2.0,1.0,1.0,A01