Num_Acc,senc,catv,occutc,obs,obsm,choc,manv,num_veh
201300002247,0,7,0,0.0,2.0,1.0,1.0,B02
201300002247,0,7,0,0.0,2.0,8.0,13.0,A01
201300002248,0,10,0,0.0,1.0,3.0,1.0,A01
201300002249,0,30,0,0.0,2.0,1.0,1.0,B02
201300002249,0,7,0,0.0,2.0,3.0,15.0,A01
201300002250,0,7,0,0.0,2.0,1.0,13.0,A01
201300002250,0,7,0,0.0,2.0,1.0,1.0,B02
201300002251,0,7,0,0.0,9.0,3.0,1.0,D04
201300002251,0,7,0,0.0,0.0,3.0,13.0,A01
201300002251,0,7,0,0.0,2.0,1.0,1.0,C03
201300002251,0,7,0,0.0,2.0,3.0,1.0,B02
201300002252,0,7,0,0.0,2.0,2.0,1.0,B02
201300002252,0,7,0,0.0,2.0,7.0,15.0,A01
201300002253,0,7,0,0.0,1.0,3.0,1.0,A01
201300002254,0,30,0,1.0,0.0,1.0,2.0,A01
201300002255,0,7,0,0.0,1.0,2.0,1.0,A01
201300002256,0,30,0,0.0,2.0,4.0,1.0,B02
201300002256,1,7,0,0.0,2.0,1.0,2.0,A01
201300002257,0,7,0,2.0,0.0,1.0,14.0,A01
201300002258,0,7,0,0.0,2.0,1.0,1.0,A01
201300002258,0,7,0,13.0,2.0,8.0,19.0,B02
201300002259,0,7,0,3.0,0.0,8.0,17.0,A01
201300002260,0,7,0,0.0,1.0,3.0,15.0,A01
201300002261,0,1,0,0.0,2.0,8.0,13.0,A01
201300002261,0,7,0,0.0,9.0,8.0,1.0,B02
201300002262,0,33,0,13.0,0.0,8.0,1.0,A01
201300002263,0,10,0,2.0,0.0,7.0,2.0,A01
201300002264,0,1,0,0.0,2.0,7.0,15.0,B02
201300002264,0,7,0,0.0,2.0,1.0,1.0,A01
201300002265,0,7,0,0.0,2.0,2.0,19.0,A01
201300002265,0,7,0,0.0,2.0,3.0,1.0,B02
201300002266,0,7,0,0.0,1.0,2.0,1.0,A01
201300002267,0,10,0,0.0,2.0,3.0,1.0,A01
201300002267,0,10,0,0.0,2.0,2.0,1.0,B02
201300002268,0,7,0,0.0,1.0,4.0,4.0,A01
201300002269,0,7,0,0.0,2.0,3.0,1.0,B02
201300002269,0,33,0,0.0,2.0,1.0,17.0,A01
201300002270,0,10,0,0.0,2.0,0.0,15.0,B02
201300002270,0,33,0,0.0,2.0,2.0,17.0,A01
201300002271,0,7,0,0.0,2.0,3.0,19.0,A01
201300002271,0,30,0,0.0,2.0,1.0,1.0,B02
201300002272,0,7,0,0.0,2.0,1.0,1.0,A01
201300002272,0,10,0,0.0,2.0,1.0,1.0,B02
201300002273,0,7,0,0.0,2.0,3.0,1.0,A01
201300002273,0,7,0,0.0,2.0,3.0,1.0,B02
201300002273,0,7,0,14.0,0.0,2.0,1.0,C03
201300002274,1,7,0,0.0,1.0,3.0,1.0,A01
201300002275,0,7,0,0.0,2.0,2.0,13.0,B02
201300002275,0,7,0,0.0,2.0,2.0,1.0,A01
201300002276,0,7,0,0.0,2.0,2.0,1.0,A01
201300002276,0,33,0,0.0,0.0,8.0,1.0,B02
201300002277,0,7,0,0.0,2.0,3.0,1.0,B02
201300002277,0,33,0,0.0,2.0,0.0,1.0,A01
201300002278,0,7,0,0.0,2.0,2.0,1.0,A01
201300002278,0,2,0,0.0,2.0,1.0,1.0,B02
201300002279,0,7,0,0.0,2.0,2.0,1.0,A01
201300002279,0,7,0,0.0,2.0,2.0,1.0,B02
201300002280,0,7,0,0.0,2.0,1.0,17.0,A01
201300002280,0,10,0,0.0,2.0,1.0,1.0,B02
201300002281,0,7,0,0.0,2.0,3.0,1.0,B02
201300002281,0,7,0,0.0,2.0,1.0,13.0,C03
201300002281,0,7,0,0.0,2.0,3.0,13.0,A01
201300002282,0,7,0,0.0,2.0,1.0,15.0,A01
201300002282,0,7,0,0.0,2.0,2.0,1.0,B02
201300002283,0,33,0,0.0,2.0,1.0,1.0,B02
201300002283,0,10,0,0.0,2.0,3.0,15.0,A01
201300002284,0,7,0,0.0,2.0,3.0,13.0,A01
201300002284,0,38,5,0.0,2.0,3.0,21.0,B02
201300002285,0,7,0,0.0,2.0,3.0,1.0,B02
201300002285,0,7,0,0.0,2.0,3.0,1.0,A01
201300002286,0,7,0,0.0,2.0,1.0,1.0,B02
201300002286,0,30,0,0.0,2.0,1.0,13.0,A01
201300002287,0,10,0,0.0,2.0,1.0,1.0,A01
201300002287,0,1,0,0.0,0.0,8.0,15.0,B02
201300002288,0,7,0,0.0,0.0,8.0,13.0,A01
201300002289,0,7,0,0.0,2.0,3.0,1.0,A01
201300002289,0,2,0,0.0,2.0,1.0,1.0,B02
201300002290,0,7,0,0.0,2.0,1.0,15.0,A01
201300002290,0,7,0,0.0,2.0,2.0,1.0,B02
201300002291,0,2,0,0.0,2.0,2.0,19.0,A01
201300002291,0,7,0,0.0,2.0,1.0,1.0,B02
201300002292,0,7,0,0.0,2.0,1.0,1.0,B02
201300002292,0,7,0,0.0,2.0,3.0,19.0,A01
201300002293,0,33,0,13.0,0.0,1.0,1.0,A01
201300002294,0,7,0,13.0,0.0,1.0,0.0,B02
201300002294,0,7,0,0.0,2.0,1.0,2.0,A01
201300002295,0,7,0,0.0,2.0,2.0,1.0,A01
201300002295,0,7,0,0.0,0.0,7.0,1.0,B02
201300002296,0,7,0,0.0,2.0,8.0,1.0,B02
201300002296,0,7,0,0.0,2.0,1.0,1.0,A01
201300002297,0,7,0,2.0,0.0,3.0,13.0,A01
201300002298,0,7,0,0.0,2.0,3.0,6.0,A01
201300002298,0,17,0,0.0,2.0,3.0,1.0,B02
201300002299,0,7,0,2.0,0.0,1.0,1.0,A01
201300002300,0,7,0,13.0,0.0,1.0,16.0,A01
201300002301,0,7,0,0.0,2.0,3.0,13.0,A01
201300002301,0,21,0,0.0,2.0,3.0,1.0,B02
201300002302,0,7,0,0.0,2.0,1.0,19.0,A01
201300002302,0,1,0,0.0,2.0,8.0,1.0,B02
201300002303,0,7,0,0.0,2.0,8.0,19.0,B02
201300002303,0,7,0,0.0,2.0,1.0,1.0,A01
201300002304,0,33,0,0.0,2.0,1.0,1.0,B02
201300002304,0,7,0,0.0,2.0,3.0,10.0,A01
201300002305,0,2,0,2.0,0.0,1.0,1.0,A01
201300002306,0,7,0,0.0,2.0,7.0,21.0,A01
201300002306,0,10,0,6.0,2.0,1.0,1.0,B02
201300002307,0,7,0,2.0,0.0,7.0,1.0,A01
201300002308,0,7,0,0.0,0.0,0.0,0.0,A01
201300002309,0,7,0,0.0,2.0,3.0,16.0,A01
201300002309,0,33,0,0.0,2.0,1.0,23.0,B02
201300002310,0,7,0,11.0,0.0,8.0,1.0,A01
201300002311,0,7,0,0.0,2.0,1.0,1.0,B02
201300002311,0,7,0,0.0,2.0,8.0,19.0,A01
201300002312,0,7,0,13.0,0.0,1.0,1.0,A01
201300002313,0,7,0,0.0,2.0,3.0,2.0,B02
201300002313,0,7,0,0.0,2.0,2.0,14.0,A01
201300002314,0,7,0,0.0,0.0,2.0,14.0,A01
201300002315,0,7,0,13.0,0.0,1.0,1.0,A01
201300002316,0,30,0,0.0,1.0,1.0,1.0,A01
201300002317,0,7,0,1.0,0.0,5.0,21.0,A01
201300002317,0,1,0,0.0,2.0,6.0,24.0,B02
201300002318,0,33,0,13.0,0.0,1.0,1.0,A01
201300002319,0,33,0,0.0,2.0,1.0,1.0,A01
201300002319,0,7,0,0.0,2.0,1.0,15.0,B02
201300002320,0,7,0,0.0,2.0,1.0,15.0,A01
201300002320,0,33,0,0.0,2.0,1.0,1.0,B02
201300002321,0,1,0,1.0,0.0,1.0,1.0,A01
201300002321,0,7,0,0.0,0.0,4.0,24.0,B02
201300002322,0,31,0,1.0,0.0,1.0,1.0,A01
201300002323,0,7,0,8.0,0.0,3.0,1.0,A01
201300002323,0,7,0,14.0,0.0,2.0,1.0,B02
201300002324,0,7,0,0.0,1.0,3.0,1.0,A01
201300002325,0,7,0,2.0,0.0,6.0,1.0,A01
201300002326,0,7,0,0.0,2.0,1.0,1.0,A01
201300002326,0,7,0,0.0,2.0,8.0,15.0,B02
201300002327,0,7,0,6.0,0.0,2.0,1.0,A01
201300002328,0,10,0,0.0,2.0,3.0,1.0,B02
201300002328,0,7,0,0.0,2.0,3.0,13.0,A01
201300002329,0,33,0,0.0,2.0,1.0,1.0,B02
201300002329,0,7,0,0.0,2.0,3.0,9.0,A01
201300002330,0,17,0,0.0,2.0,3.0,2.0,A01
201300002330,0,7,0,0.0,2.0,3.0,13.0,B02
201300002331,0,2,0,0.0,2.0,2.0,17.0,A01
201300002331,0,7,0,0.0,2.0,3.0,15.0,B02
201300002332,0,7,0,0.0,0.0,2.0,13.0,B02
201300002332,0,30,0,0.0,0.0,8.0,15.0,A01
201300002333,0,3,0,0.0,0.0,0.0,1.0,A01
201300002334,0,2,0,0.0,2.0,1.0,17.0,A01
201300002334,0,10,0,0.0,2.0,3.0,9.0,B02
201300002335,0,7,0,0.0,0.0,5.0,4.0,A01
201300002335,0,2,0,0.0,2.0,1.0,1.0,B02
201300002336,0,7,0,0.0,1.0,3.0,15.0,A01
201300002337,0,1,0,0.0,0.0,1.0,19.0,B02
201300002337,0,33,0,0.0,9.0,1.0,17.0,A01
201300002338,0,7,0,0.0,1.0,4.0,20.0,A01
201300002339,0,33,0,0.0,2.0,1.0,1.0,B02
201300002339,0,10,0,0.0,2.0,7.0,19.0,A01
201300002340,0,3,0,0.0,2.0,1.0,9.0,A01
201300002340,0,7,0,0.0,2.0,8.0,1.0,B02
201300002341,1,7,0,0.0,1.0,1.0,1.0,A01
201300002342,0,7,0,13.0,0.0,1.0,1.0,A01
201300002343,0,7,0,8.0,0.0,3.0,1.0,A01
201300002344,0,7,0,0.0,2.0,1.0,19.0,A01
201300002344,0,7,0,0.0,2.0,7.0,1.0,B02
201300002344,0,7,0,0.0,2.0,1.0,1.0,C03
201300002345,0,7,0,0.0,2.0,1.0,1.0,B02
201300002345,0,7,0,0.0,2.0,1.0,9.0,A01
201300002346,0,1,0,0.0,2.0,1.0,1.0,B02
201300002346,0,14,0,0.0,2.0,8.0,1.0,A01
201300002347,0,7,0,0.0,0.0,1.0,19.0,A01
201300002348,0,7,0,0.0,4.0,3.0,1.0,A01
201300002348,0,39,8,0.0,2.0,2.0,1.0,B02
201300002349,0,7,0,13.0,0.0,7.0,14.0,A01
201300002350,0,7,0,0.0,2.0,1.0,1.0,A01
201300002350,0,1,0,0.0,2.0,7.0,1.0,B02
201300002351,0,7,0,0.0,1.0,5.0,1.0,A01
201300002352,0,7,0,0.0,1.0,8.0,1.0,A01
201300002353,0,2,0,8.0,0.0,0.0,1.0,A01
201300002354,0,2,0,0.0,2.0,2.0,17.0,A01
201300002354,0,1,0,0.0,2.0,6.0,1.0,B02
201300002355,0,7,0,0.0,2.0,3.0,1.0,B02
201300002355,0,7,0,0.0,2.0,2.0,1.0,A01
201300002356,0,7,0,0.0,2.0,2.0,1.0,A01
201300002356,0,1,0,0.0,2.0,4.0,1.0,B02
201300002357,0,7,0,0.0,2.0,3.0,1.0,C03
201300002357,0,7,0,0.0,2.0,1.0,2.0,D04
201300002357,0,7,0,0.0,2.0,3.0,1.0,B02
201300002357,0,10,0,0.0,2.0,3.0,13.0,A01
201300002358,0,30,0,0.0,2.0,8.0,13.0,A01
201300002358,0,3,0,0.0,2.0,8.0,1.0,B02
201300002359,0,7,0,0.0,1.0,3.0,1.0,A01
201300002360,0,7,0,2.0,0.0,1.0,14.0,A01
201300002361,0,33,0,0.0,2.0,1.0,1.0,B02
201300002361,0,33,0,0.0,2.0,1.0,1.0,C03
201300002361,0,7,0,0.0,2.0,1.0,15.0,A01
201300002362,0,7,0,13.0,0.0,1.0,1.0,A01
201300002363,0,1,0,0.0,2.0,0.0,1.0,A01
201300002363,0,14,0,0.0,0.0,0.0,0.0,B02
201300002364,0,7,0,0.0,2.0,7.0,17.0,B02
201300002364,0,1,0,0.0,2.0,8.0,1.0,A01
201300002365,0,7,0,0.0,2.0,3.0,13.0,A01
201300002365,0,7,0,0.0,2.0,3.0,1.0,B02
201300002366,0,1,0,0.0,2.0,1.0,19.0,B02
201300002367,0,7,0,0.0,2.0,8.0,19.0,B02
201300002367,0,7,0,0.0,2.0,2.0,1.0,A01
201300002368,1,7,0,0.0,1.0,1.0,1.0,A01
201300002369,0,7,0,7.0,0.0,1.0,1.0,A01
201300002370,0,14,0,0.0,2.0,1.0,1.0,B02
201300002370,0,7,0,0.0,2.0,1.0,5.0,A01
201300002371,0,38,1,0.0,2.0,2.0,1.0,A01
201300002371,0,10,0,0.0,2.0,3.0,9.0,B02
201300002372,0,7,0,0.0,2.0,1.0,15.0,A01
201300002372,0,1,0,0.0,2.0,8.0,1.0,B02
201300002372,0,1,0,0.0,2.0,8.0,1.0,C03
201300002373,0,17,0,2.0,0.0,2.0,1.0,A01
201300002374,0,7,0,0.0,2.0,1.0,13.0,A01
201300002374,0,7,0,0.0,2.0,1.0,1.0,B02
201300002375,0,2,0,0.0,2.0,3.0,19.0,A01
201300002375,0,7,0,0.0,2.0,2.0,1.0,B02
201300002376,0,33,0,0.0,2.0,1.0,1.0,A01
201300002376,0,7,0,0.0,2.0,8.0,15.0,B02
201300002377,0,33,0,0.0,2.0,1.0,1.0,B02
201300002377,0,7,0,0.0,2.0,3.0,19.0,A01
201300002378,0,7,0,0.0,2.0,1.0,13.0,A01
201300002378,0,7,0,0.0,2.0,3.0,1.0,B02
201300002379,0,33,0,0.0,0.0,4.0,15.0,A01
201300002379,0,7,0,0.0,2.0,1.0,17.0,B02
201300002380,0,7,0,0.0,2.0,3.0,15.0,A01
201300002380,0,15,0,0.0,2.0,1.0,1.0,B02
201300002381,0,7,0,0.0,2.0,2.0,15.0,A01
201300002381,0,31,0,0.0,2.0,1.0,1.0,B02
201300002382,0,33,0,0.0,2.0,1.0,1.0,B02
201300002382,0,10,0,0.0,2.0,4.0,4.0,A01
201300002383,0,7,0,13.0,0.0,1.0,14.0,A01
201300002384,0,10,0,0.0,9.0,2.0,21.0,B02
201300002384,0,1,0,0.0,2.0,3.0,11.0,A01
201300002385,0,7,0,0.0,2.0,8.0,13.0,B02
201300002385,0,33,0,0.0,2.0,3.0,1.0,A01
201300002386,0,33,0,0.0,2.0,0.0,1.0,A01
201300002387,0,7,0,0.0,2.0,2.0,15.0,A01
201300002387,0,33,0,0.0,2.0,1.0,1.0,B02
201300002388,0,7,0,0.0,1.0,1.0,1.0,A01
201300002389,0,33,0,0.0,5.0,2.0,1.0,A01
201300002390,0,7,0,13.0,0.0,1.0,1.0,A01
201300002391,0,7,0,0.0,2.0,1.0,13.0,B02
201300002391,0,7,0,0.0,2.0,1.0,1.0,A01
201300002392,0,7,0,0.0,2.0,2.0,15.0,A01
201300002392,0,33,0,0.0,2.0,0.0,1.0,B02
201300002393,0,33,0,0.0,2.0,1.0,1.0,A01
201300002393,0,7,0,0.0,2.0,3.0,19.0,B02
201300002394,0,1,0,0.0,0.0,4.0,0.0,A01
201300002395,0,7,0,0.0,1.0,3.0,15.0,A01
201300002396,0,30,0,0.0,2.0,0.0,18.0,A01
201300002396,0,7,0,0.0,0.0,0.0,16.0,B02
201300002397,0,7,0,0.0,2.0,3.0,1.0,B02
201300002397,0,10,0,0.0,2.0,3.0,13.0,A01
201300002398,0,7,0,2.0,0.0,2.0,13.0,A01
201300002399,0,33,0,0.0,2.0,7.0,1.0,B02
201300002399,0,7,0,0.0,2.0,2.0,15.0,A01
201300002400,0,7,0,0.0,0.0,3.0,15.0,A01
201300002400,0,33,0,0.0,0.0,0.0,17.0,B02
201300002401,0,7,0,0.0,2.0,3.0,1.0,B02
201300002401,0,7,0,0.0,2.0,3.0,13.0,A01
201300002402,0,10,0,5.0,0.0,1.0,14.0,A01
201300002403,0,7,0,0.0,2.0,1.0,13.0,A01
201300002403,0,7,0,0.0,2.0,1.0,1.0,B02
201300002403,0,7,0,0.0,2.0,8.0,1.0,C03
201300002404,0,7,0,0.0,2.0,6.0,15.0,A01
201300002404,0,33,0,0.0,2.0,1.0,1.0,B02
201300002405,0,33,0,0.0,0.0,2.0,1.0,B02
201300002405,0,7,0,0.0,0.0,2.0,15.0,A01
201300002406,0,1,0,0.0,2.0,0.0,1.0,B02
201300002406,0,7,0,0.0,9.0,3.0,13.0,A01
201300002407,0,7,0,0.0,2.0,1.0,13.0,A01
201300002407,0,7,0,0.0,2.0,1.0,1.0,B02
201300002408,0,1,0,0.0,2.0,8.0,19.0,B02
201300002408,0,7,0,0.0,9.0,2.0,1.0,A01
201300002409,0,7,0,0.0,2.0,3.0,15.0,B02
201300002409,0,33,0,0.0,2.0,1.0,1.0,A01
201300002410,0,7,0,0.0,0.0,5.0,15.0,A01
201300002410,0,34,0,0.0,0.0,2.0,1.0,B02
201300002411,0,7,0,0.0,2.0,7.0,15.0,A01
201300002411,0,7,0,0.0,2.0,1.0,1.0,B02
201300002412,0,33,0,1.0,0.0,1.0,1.0,A01
201300002413,0,30,0,0.0,2.0,1.0,1.0,B02
201300002413,0,7,0,0.0,2.0,2.0,1.0,A01
201300002414,0,7,0,0.0,2.0,1.0,13.0,A01
201300002414,0,7,0,0.0,2.0,1.0,1.0,B02
201300002415,0,7,0,0.0,2.0,1.0,1.0,C03
201300002415,0,7,0,0.0,2.0,1.0,1.0,B02
201300002415,0,7,0,0.0,2.0,1.0,6.0,A01
201300002416,0,15,0,0.0,2.0,1.0,1.0,C03
201300002416,0,7,0,0.0,2.0,2.0,6.0,A01
201300002416,0,7,0,0.0,2.0,1.0,1.0,B02
201300002417,0,33,0,0.0,2.0,1.0,1.0,B02
201300002417,0,7,0,0.0,2.0,1.0,15.0,A01
201300002418,0,7,0,0.0,2.0,8.0,19.0,A01
201300002418,0,33,0,0.0,2.0,1.0,1.0,B02
201300002419,0,7,0,2.0,0.0,8.0,1.0,A01
201300002420,0,33,0,0.0,2.0,1.0,2.0,A01
201300002420,0,7,0,0.0,2.0,6.0,15.0,B02
201300002421,0,7,0,13.0,0.0,3.0,13.0,A01
201300002422,0,30,0,12.0,0.0,1.0,0.0,A01
201300002423,0,7,0,6.0,0.0,8.0,1.0,A01
201300002424,0,7,0,0.0,2.0,1.0,1.0,B02
201300002424,0,3,0,0.0,2.0,1.0,15.0,A01
201300002425,0,30,0,0.0,2.0,1.0,13.0,A01
201300002425,0,7,0,0.0,2.0,1.0,1.0,B02
201300002426,0,7,0,2.0,0.0,1.0,1.0,A01
201300002427,0,14,0,0.0,2.0,1.0,1.0,B02
201300002427,0,7,0,0.0,2.0,7.0,19.0,A01
201300002428,0,10,0,0.0,2.0,7.0,15.0,A01
201300002428,0,33,0,0.0,2.0,1.0,1.0,B02
201300002429,0,7,0,0.0,1.0,1.0,1.0,A01
201300002430,0,10,0,2.0,0.0,4.0,2.0,A01
201300002431,0,7,0,0.0,2.0,3.0,15.0,B02
201300002431,0,7,0,0.0,2.0,1.0,1.0,A01
201300002432,0,7,0,2.0,0.0,1.0,1.0,A01
201300002433,0,33,0,16.0,6.0,1.0,13.0,A01
201300002434,0,7,0,2.0,0.0,9.0,0.0,A01
201300002435,0,7,0,0.0,1.0,3.0,23.0,B02
201300002435,0,37,0,0.0,1.0,7.0,17.0,A01
201300002436,0,7,0,16.0,0.0,1.0,14.0,A01
201300002437,0,2,0,0.0,0.0,0.0,1.0,A01
201300002438,0,7,0,0.0,2.0,3.0,1.0,B02
201300002438,0,10,0,0.0,2.0,2.0,1.0,A01
201300002439,0,7,0,13.0,0.0,2.0,1.0,A01
201300002440,0,7,0,0.0,2.0,3.0,1.0,A01
201300002441,0,7,0,0.0,2.0,2.0,19.0,A01
201300002441,0,7,0,0.0,2.0,3.0,1.0,B02
201300002442,0,7,0,0.0,2.0,2.0,1.0,A01
201300002442,0,30,0,0.0,2.0,3.0,19.0,B02
201300002443,0,7,0,0.0,9.0,9.0,1.0,A01
201300002444,0,7,0,0.0,0.0,3.0,9.0,A01
201300002444,0,7,0,0.0,0.0,2.0,1.0,B02
201300002445,0,7,0,8.0,0.0,2.0,14.0,A01
201300002446,0,7,0,0.0,2.0,3.0,1.0,A01
201300002446,0,99,0,0.0,0.0,6.0,1.0,B02
201300002447,0,30,0,1.0,0.0,1.0,1.0,B02
201300002447,0,17,0,0.0,2.0,6.0,24.0,A01
201300002448,0,7,0,0.0,0.0,3.0,13.0,B02
201300002448,0,15,0,0.0,2.0,3.0,1.0,A01
201300002449,0,7,0,16.0,0.0,1.0,1.0,A01
201300002450,0,7,0,0.0,2.0,2.0,2.0,A01
201300002450,0,2,0,0.0,2.0,4.0,2.0,B02
201300002451,0,1,0,0.0,2.0,7.0,1.0,A01
201300002451,0,7,0,0.0,2.0,1.0,15.0,B02
201300002452,0,33,0,0.0,2.0,1.0,1.0,B02
201300002452,0,7,0,0.0,2.0,8.0,19.0,A01
201300002453,0,33,0,0.0,2.0,2.0,16.0,A01
201300002453,0,7,0,0.0,2.0,3.0,1.0,B02
201300002454,0,2,0,8.0,0.0,1.0,1.0,A01
201300002455,0,33,0,0.0,2.0,1.0,1.0,A01
201300002455,0,7,0,0.0,2.0,3.0,19.0,B02
201300002456,0,7,0,8.0,0.0,2.0,1.0,A01
201300002457,0,31,0,0.0,0.0,0.0,0.0,A01
201300002458,0,7,0,6.0,0.0,3.0,1.0,A01
201300002459,0,7,0,15.0,0.0,1.0,2.0,A01
201300002460,0,7,0,0.0,2.0,1.0,1.0,B02
201300002460,0,7,0,0.0,2.0,1.0,1.0,A01
201300002461,0,10,0,8.0,2.0,6.0,1.0,A01
201300002461,0,7,0,0.0,2.0,2.0,15.0,B02
201300002462,0,10,0,0.0,1.0,2.0,1.0,A01
201300002463,0,7,0,0.0,2.0,1.0,1.0,A01
201300002463,0,7,0,0.0,2.0,1.0,13.0,B02
201300002464,0,7,0,0.0,2.0,7.0,15.0,A01
201300002464,0,31,0,0.0,2.0,1.0,1.0,B02
201300002465,0,33,0,2.0,0.0,1.0,14.0,A01
201300002466,0,7,0,8.0,0.0,1.0,1.0,A01
201300002467,0,7,0,6.0,0.0,1.0,1.0,A01
201300002468,0,7,0,6.0,0.0,9.0,1.0,A01
201300002469,0,7,0,4.0,0.0,9.0,1.0,A01
201300002470,0,7,0,0.0,2.0,3.0,1.0,B02
201300002470,0,33,0,0.0,2.0,3.0,17.0,A01
201300002470,0,7,0,0.0,2.0,1.0,1.0,C03
201300002471,0,7,0,0.0,2.0,2.0,13.0,A01
201300002471,0,10,0,0.0,2.0,2.0,21.0,B02
201300002472,0,31,0,0.0,2.0,1.0,17.0,A01
201300002472,0,7,0,0.0,0.0,6.0,15.0,B02
201300002473,0,7,0,0.0,2.0,2.0,1.0,A01
201300002473,0,1,0,0.0,2.0,4.0,1.0,B02
201300002474,0,7,0,0.0,2.0,1.0,0.0,B02
201300002474,0,7,0,0.0,2.0,7.0,13.0,A01
201300002475,0,7,0,6.0,0.0,8.0,13.0,A01
201300002476,0,30,0,1.0,0.0,7.0,1.0,A01
201300002477,0,33,0,0.0,2.0,1.0,1.0,A01
201300002477,0,7,0,0.0,2.0,3.0,15.0,B02
201300002478,0,7,0,0.0,0.0,2.0,13.0,B02
201300002478,0,10,0,0.0,2.0,2.0,1.0,A01
201300002479,0,17,0,2.0,0.0,1.0,13.0,A01
201300002480,0,33,0,5.0,0.0,1.0,1.0,A01
201300002481,0,7,0,1.0,1.0,6.0,4.0,A01
201300002482,0,30,0,0.0,2.0,1.0,13.0,A01
201300002482,0,7,0,0.0,2.0,3.0,1.0,B02
201300002483,0,7,0,0.0,1.0,6.0,4.0,A01
201300002484,0,7,0,16.0,0.0,3.0,13.0,A01
201300002485,0,33,0,0.0,2.0,1.0,6.0,A01
201300002485,0,7,0,0.0,2.0,0.0,19.0,B02
201300002486,0,7,0,0.0,2.0,2.0,17.0,A01
201300002486,0,7,0,0.0,2.0,8.0,15.0,B02
201300002487,0,7,0,0.0,2.0,1.0,15.0,B02
201300002487,0,31,0,0.0,2.0,7.0,1.0,A01
201300002488,0,33,0,14.0,0.0,0.0,1.0,A01
201300002489,0,15,0,0.0,2.0,0.0,17.0,A01
201300002489,0,2,0,0.0,2.0,0.0,2.0,B02
201300002490,0,33,0,0.0,2.0,1.0,1.0,A01
201300002490,0,7,0,0.0,0.0,8.0,19.0,B02
201300002491,0,7,0,0.0,1.0,2.0,1.0,A01
201300002492,0,7,0,0.0,1.0,1.0,1.0,A01
201300002493,0,37,0,0.0,1.0,7.0,22.0,A01
201300002494,0,7,0,0.0,2.0,3.0,1.0,B02
201300002494,0,33,0,0.0,2.0,1.0,1.0,A01
201300002495,0,33,0,3.0,0.0,1.0,0.0,A01
201300002496,0,7,0,0.0,2.0,3.0,1.0,B02
201300002496,0,7,0,0.0,2.0,1.0,13.0,A01
201300002497,0,30,0,0.0,2.0,1.0,9.0,A01
201300002497,0,7,0,0.0,2.0,2.0,1.0,B02
201300002498,0,7,0,0.0,2.0,2.0,19.0,A01
201300002498,0,7,0,0.0,2.0,8.0,19.0,B02
201300002499,0,7,0,13.0,0.0,9.0,1.0,A01
201300002500,0,7,0,0.0,1.0,2.0,1.0,A01
201300002501,0,7,0,0.0,2.0,3.0,15.0,B02
201300002501,0,30,0,0.0,2.0,3.0,1.0,A01
201300002502,0,7,0,6.0,0.0,9.0,1.0,A01
201300002503,0,7,0,0.0,2.0,1.0,1.0,A01
201300002503,0,21,0,0.0,0.0,6.0,19.0,B02
201300002504,0,7,0,0.0,2.0,2.0,17.0,A01
201300002504,0,21,0,0.0,2.0,6.0,1.0,B02
201300002505,0,10,0,0.0,2.0,3.0,1.0,B02
201300002505,0,7,0,0.0,2.0,3.0,13.0,A01
201300002506,0,7,0,0.0,2.0,7.0,1.0,A01
201300002506,0,7,0,0.0,2.0,1.0,1.0,B02
201300002507,0,10,0,0.0,2.0,2.0,2.0,B02
201300002507,0,33,0,0.0,2.0,1.0,16.0,A01
201300002508,0,33,0,0.0,2.0,1.0,17.0,A01
201300002508,0,21,0,0.0,2.0,8.0,15.0,B02
201300002509,0,33,0,0.0,2.0,1.0,2.0,A01
201300002509,0,7,0,0.0,2.0,3.0,2.0,B02
201300002510,0,33,0,7.0,0.0,1.0,13.0,A01
201300002511,0,7,0,0.0,2.0,2.0,1.0,A01
201300002511,0,7,0,0.0,2.0,1.0,19.0,B02
201300002512,0,7,0,0.0,2.0,1.0,1.0,A01
201300002512,0,7,0,0.0,2.0,1.0,1.0,B02
201300002513,0,10,0,0.0,0.0,1.0,1.0,A01
201300002513,0,31,0,0.0,0.0,1.0,1.0,B02
201300002514,0,30,0,0.0,0.0,4.0,23.0,A01
201300002514,0,7,0,0.0,0.0,2.0,0.0,B02
201300002515,0,14,0,0.0,0.0,1.0,1.0,A01
201300002515,0,1,0,0.0,0.0,7.0,1.0,B02
201300002516,0,31,0,3.0,0.0,1.0,1.0,A01
201300002517,0,7,0,0.0,2.0,3.0,19.0,B02
201300002517,0,7,0,0.0,2.0,1.0,1.0,A01
201300002518,0,7,0,13.0,0.0,3.0,1.0,A01
201300002519,0,31,0,0.0,2.0,8.0,17.0,B02
201300002519,0,7,0,0.0,2.0,7.0,17.0,A01
201300002520,0,7,0,0.0,0.0,0.0,1.0,A01
201300002521,0,30,0,13.0,0.0,1.0,1.0,A01
201300002522,0,7,0,13.0,0.0,3.0,0.0,A01
201300002523,0,33,0,0.0,0.0,0.0,1.0,A01
201300002524,0,7,0,13.0,0.0,3.0,1.0,A01
201300002525,0,1,0,0.0,0.0,4.0,1.0,A01
201300002525,0,7,0,0.0,2.0,2.0,9.0,B02
201300002526,0,3,0,0.0,0.0,0.0,1.0,A01