Num_Acc,senc,catv,occutc,obs,obsm,choc,manv,num_veh
201300002527,0,7,0,0.0,0.0,3.0,13.0,A01
201300002527,0,7,0,0.0,0.0,3.0,1.0,B02
201300002528,0,2,0,2.0,0.0,1.0,13.0,A01
201300002529,0,7,0,2.0,0.0,1.0,13.0,A01
201300002530,0,7,0,8.0,0.0,2.0,14.0,A01
201300002531,0,7,0,0.0,2.0,3.0,13.0,A01
201300002531,0,7,0,0.0,2.0,3.0,1.0,B02
201300002532,0,7,0,6.0,0.0,1.0,1.0,A01
201300002533,0,33,0,6.0,0.0,0.0,1.0,A01
201300002534,0,7,0,2.0,0.0,3.0,21.0,A01
201300002534,0,7,0,0.0,0.0,0.0,19.0,B02
201300002535,0,7,0,0.0,2.0,1.0,1.0,A01
201300002535,0,7,0,0.0,2.0,1.0,15.0,B02
201300002536,0,7,0,13.0,0.0,3.0,1.0,A01
201300002537,0,10,0,0.0,2.0,8.0,13.0,B02
201300002537,0,31,0,0.0,2.0,7.0,17.0,A01
201300002538,0,33,0,0.0,2.0,2.0,17.0,B02
201300002538,0,7,0,0.0,2.0,6.0,17.0,A01
201300002539,0,7,0,0.0,2.0,2.0,1.0,A01
201300002539,0,33,0,0.0,2.0,8.0,15.0,B02
201300002540,0,7,0,2.0,0.0,1.0,19.0,A01
201300002541,0,33,0,0.0,2.0,1.0,5.0,A01
201300002541,0,36,0,0.0,2.0,1.0,5.0,B02
201300002542,0,33,0,0.0,2.0,7.0,1.0,C03
201300002542,0,17,0,0.0,9.0,8.0,1.0,A01
201300002542,0,7,0,0.0,2.0,6.0,1.0,B02
201300002543,0,7,0,0.0,2.0,1.0,1.0,A01
201300002543,0,17,0,0.0,2.0,1.0,1.0,B02
201300002544,0,33,0,0.0,2.0,1.0,17.0,A01
201300002544,0,10,0,0.0,2.0,3.0,15.0,B02
201300002545,0,7,0,0.0,2.0,1.0,1.0,A01
201300002545,0,7,0,0.0,2.0,2.0,13.0,B02
201300002546,0,7,0,7.0,2.0,7.0,19.0,A01
201300002546,0,7,0,0.0,2.0,1.0,1.0,B02
201300002547,0,7,0,0.0,0.0,2.0,15.0,A01
201300002547,0,30,0,0.0,0.0,1.0,1.0,B02
201300002548,0,7,0,0.0,2.0,8.0,15.0,A01
201300002548,0,33,0,0.0,2.0,1.0,17.0,B02
201300002549,0,7,0,0.0,1.0,3.0,1.0,A01
201300002550,0,7,0,0.0,6.0,3.0,13.0,A01
201300002550,0,7,0,0.0,2.0,3.0,1.0,B02
201300002551,0,33,0,14.0,0.0,0.0,1.0,A01
201300002552,0,7,0,0.0,0.0,1.0,1.0,B02
201300002552,0,7,0,0.0,0.0,1.0,15.0,A01
201300002553,0,7,0,2.0,0.0,1.0,13.0,A01
201300002554,0,7,0,1.0,1.0,4.0,2.0,B02
201300002554,0,7,0,0.0,2.0,1.0,2.0,A01
201300002555,0,33,0,0.0,2.0,1.0,1.0,B02
201300002555,0,33,0,0.0,2.0,1.0,13.0,A01
201300002556,0,10,0,0.0,2.0,6.0,15.0,B02
201300002556,0,33,0,0.0,2.0,1.0,2.0,A01
201300002557,0,7,0,0.0,2.0,5.0,1.0,B02
201300002557,0,7,0,0.0,2.0,1.0,1.0,A01
201300002558,0,7,0,0.0,2.0,7.0,19.0,A01
201300002558,0,10,0,0.0,2.0,1.0,1.0,B02
201300002559,0,21,0,0.0,2.0,1.0,1.0,B02
201300002559,0,10,0,0.0,2.0,7.0,13.0,A01
201300002560,0,7,0,0.0,2.0,2.0,17.0,A01
201300002560,0,30,0,0.0,2.0,4.0,1.0,B02
201300002561,0,7,0,0.0,2.0,7.0,1.0,A01
201300002561,0,1,0,0.0,2.0,3.0,1.0,B02
201300002562,0,7,0,0.0,2.0,2.0,15.0,A01
201300002562,0,31,0,0.0,2.0,1.0,1.0,B02
201300002563,0,30,0,0.0,2.0,1.0,1.0,B02
201300002563,0,7,0,0.0,2.0,5.0,15.0,A01
201300002564,0,7,0,0.0,9.0,7.0,16.0,A01
201300002564,0,1,0,0.0,2.0,8.0,11.0,B02
201300002565,0,30,0,0.0,2.0,1.0,1.0,A01
201300002565,0,7,0,0.0,9.0,2.0,1.0,B02
201300002566,0,7,0,0.0,2.0,1.0,1.0,B02
201300002566,0,30,0,0.0,0.0,4.0,1.0,A01
201300002567,0,7,0,2.0,0.0,3.0,1.0,A01
201300002568,0,7,0,0.0,2.0,3.0,1.0,B02
201300002568,0,7,0,0.0,2.0,3.0,13.0,A01
201300002569,0,10,0,0.0,2.0,1.0,2.0,B02
201300002569,0,10,0,0.0,2.0,1.0,2.0,A01
201300002569,0,7,0,0.0,2.0,4.0,2.0,F06
201300002569,0,7,0,0.0,2.0,0.0,1.0,G07
201300002569,0,7,0,0.0,2.0,1.0,2.0,E05
201300002569,0,10,0,0.0,2.0,7.0,2.0,C03
201300002569,0,7,0,0.0,2.0,5.0,2.0,D04
201300002570,0,7,0,6.0,0.0,1.0,1.0,A01
201300002571,0,10,0,6.0,0.0,0.0,17.0,A01
201300002572,0,7,0,13.0,2.0,1.0,17.0,A01
201300002572,0,7,0,0.0,2.0,8.0,1.0,B02
201300002573,0,33,0,0.0,2.0,1.0,2.0,A01
201300002573,0,10,0,0.0,2.0,5.0,1.0,B02
201300002574,0,31,0,8.0,0.0,1.0,1.0,A01
201300002575,0,7,0,0.0,2.0,1.0,15.0,A01
201300002575,0,2,0,0.0,2.0,1.0,1.0,B02
201300002576,0,7,0,0.0,0.0,3.0,0.0,A01
201300002576,0,7,0,0.0,0.0,2.0,23.0,B02
201300002576,0,7,0,0.0,0.0,3.0,23.0,C03
201300002576,0,7,0,0.0,0.0,1.0,2.0,D04
201300002576,0,7,0,0.0,0.0,4.0,2.0,E05
201300002576,0,7,0,0.0,2.0,1.0,1.0,F06
201300002576,0,7,0,0.0,2.0,1.0,1.0,G07
201300002577,0,1,0,0.0,2.0,3.0,1.0,A01
201300002577,0,1,0,0.0,2.0,3.0,1.0,B02
201300002578,0,7,0,10.0,0.0,2.0,1.0,A01
201300002579,0,15,0,0.0,0.0,0.0,13.0,A01
201300002579,0,33,0,16.0,0.0,1.0,17.0,B02
201300002580,0,7,0,0.0,2.0,2.0,23.0,A01
201300002580,0,7,0,0.0,2.0,1.0,1.0,B02
201300002581,0,7,0,0.0,2.0,3.0,1.0,A01
201300002581,0,7,0,15.0,2.0,3.0,21.0,B02
201300002582,0,30,0,0.0,9.0,1.0,1.0,A01
201300002583,0,7,0,0.0,2.0,1.0,1.0,B02
201300002583,0,7,0,0.0,2.0,1.0,19.0,A01
201300002584,0,30,0,13.0,0.0,1.0,1.0,A01
201300002585,0,30,0,0.0,2.0,1.0,1.0,A01
201300002585,0,7,0,0.0,2.0,3.0,9.0,B02
201300002586,1,7,0,0.0,1.0,2.0,2.0,A01
201300002587,0,7,0,6.0,0.0,1.0,14.0,B02
201300002587,0,7,0,6.0,0.0,1.0,1.0,A01
201300002588,0,7,0,0.0,2.0,3.0,1.0,B02
201300002588,0,7,0,0.0,2.0,3.0,13.0,A01
201300002589,0,7,0,0.0,2.0,3.0,0.0,A01
201300002589,0,7,0,0.0,2.0,2.0,0.0,B02
201300002590,0,7,0,0.0,0.0,2.0,13.0,A01
201300002590,0,7,0,0.0,0.0,3.0,0.0,B02
201300002591,0,7,0,0.0,2.0,1.0,1.0,B02
201300002591,0,7,0,0.0,2.0,2.0,15.0,A01
201300002592,0,7,0,0.0,2.0,1.0,15.0,A01
201300002592,0,7,0,0.0,2.0,1.0,1.0,B02
201300002592,0,7,0,0.0,2.0,3.0,23.0,C03
201300002593,0,1,0,0.0,2.0,9.0,2.0,B02
201300002593,0,7,0,0.0,2.0,2.0,2.0,A01
201300002594,0,7,0,2.0,0.0,1.0,17.0,A01
201300002595,0,33,0,0.0,2.0,2.0,1.0,A01
201300002595,0,10,0,0.0,2.0,3.0,15.0,B02
201300002596,0,7,0,8.0,0.0,8.0,1.0,A01
201300002597,0,32,0,0.0,2.0,3.0,1.0,A01
201300002598,0,7,0,6.0,0.0,4.0,2.0,A01
201300002598,0,7,0,0.0,0.0,1.0,2.0,B02
201300002599,0,7,0,2.0,0.0,2.0,13.0,A01
201300002600,0,7,0,13.0,0.0,1.0,1.0,A01
201300002601,0,7,0,0.0,2.0,1.0,1.0,A01
201300002601,0,7,0,0.0,2.0,7.0,1.0,B02
201300002602,0,7,0,0.0,2.0,2.0,1.0,B02
201300002602,0,7,0,7.0,2.0,3.0,19.0,A01
201300002603,0,33,0,0.0,2.0,1.0,17.0,A01
201300002603,0,13,0,0.0,2.0,3.0,15.0,B02
201300002604,0,3,0,15.0,0.0,2.0,14.0,A01
201300002605,0,14,0,0.0,1.0,1.0,0.0,A01
201300002606,0,7,0,0.0,0.0,9.0,1.0,A01
201300002607,0,7,0,0.0,1.0,1.0,16.0,A01
201300002608,0,31,0,8.0,0.0,1.0,1.0,A01
201300002609,0,10,0,0.0,0.0,1.0,0.0,A01
201300002609,0,7,0,0.0,0.0,1.0,0.0,B02
201300002610,0,7,0,0.0,2.0,2.0,1.0,A01
201300002610,0,31,0,0.0,2.0,1.0,13.0,B02
201300002611,0,7,0,0.0,2.0,3.0,15.0,B02
201300002611,0,30,0,0.0,2.0,2.0,1.0,A01
201300002612,0,7,0,8.0,0.0,8.0,1.0,A01
201300002613,0,7,0,0.0,2.0,1.0,0.0,B02
201300002613,0,7,0,0.0,2.0,7.0,17.0,A01
201300002614,0,31,0,0.0,2.0,1.0,9.0,B02
201300002614,0,7,0,0.0,2.0,6.0,9.0,A01
201300002615,0,33,0,0.0,2.0,1.0,17.0,A01
201300002615,0,30,0,0.0,2.0,1.0,1.0,B02
201300002616,0,30,0,1.0,0.0,1.0,0.0,A01
201300002617,0,7,0,0.0,2.0,3.0,13.0,A01
201300002617,0,7,0,0.0,2.0,6.0,1.0,B02
201300002617,0,7,0,0.0,2.0,1.0,1.0,C03
201300002618,0,7,0,0.0,2.0,1.0,13.0,A01
201300002618,0,7,0,0.0,2.0,3.0,1.0,B02
201300002619,0,15,0,0.0,2.0,8.0,1.0,B02
201300002619,0,10,0,0.0,2.0,3.0,13.0,A01
201300002620,0,33,0,0.0,2.0,3.0,1.0,B02
201300002620,0,7,0,0.0,2.0,3.0,13.0,A01
201300002621,0,33,0,0.0,2.0,1.0,17.0,A01
201300002621,0,7,0,0.0,2.0,8.0,15.0,B02
201300002622,0,7,0,0.0,2.0,8.0,17.0,C03
201300002622,0,7,0,0.0,2.0,3.0,1.0,B02
201300002622,0,7,0,0.0,2.0,1.0,13.0,A01
201300002623,0,7,0,0.0,2.0,3.0,5.0,A01
201300002623,0,7,0,0.0,2.0,3.0,1.0,B02
201300002624,0,7,0,13.0,0.0,0.0,1.0,A01
201300002625,0,7,0,13.0,0.0,3.0,1.0,A01
201300002626,0,7,0,2.0,0.0,1.0,1.0,A01
201300002627,0,7,0,0.0,2.0,1.0,0.0,A01
201300002627,0,7,0,0.0,2.0,1.0,0.0,B02
201300002628,0,7,0,0.0,2.0,2.0,1.0,B02
201300002628,0,7,0,0.0,2.0,3.0,19.0,A01
201300002629,0,7,0,0.0,2.0,5.0,1.0,B02
201300002629,0,2,0,0.0,2.0,2.0,15.0,A01
201300002630,0,30,0,0.0,2.0,0.0,2.0,A01
201300002630,0,1,0,0.0,2.0,4.0,2.0,B02
201300002631,0,7,0,1.0,0.0,1.0,2.0,A01
201300002631,0,10,0,0.0,2.0,4.0,23.0,B02
201300002632,0,7,0,2.0,0.0,1.0,13.0,A01
201300002633,0,7,0,0.0,2.0,2.0,1.0,B02
201300002633,0,7,0,0.0,2.0,6.0,18.0,A01
201300002634,0,7,0,0.0,1.0,2.0,1.0,A01
201300002635,0,7,0,6.0,0.0,7.0,1.0,A01
201300002636,0,7,0,0.0,2.0,3.0,1.0,A01
201300002636,0,7,0,0.0,2.0,3.0,1.0,B02
201300002637,0,7,0,2.0,0.0,9.0,1.0,A01
201300002638,0,7,0,2.0,0.0,2.0,1.0,A01
201300002639,0,7,0,6.0,0.0,2.0,19.0,A01
201300002640,0,7,0,1.0,0.0,2.0,1.0,A01
201300002641,0,7,0,0.0,2.0,7.0,15.0,A01
201300002641,0,7,0,0.0,2.0,1.0,1.0,B02
201300002642,0,7,0,13.0,0.0,2.0,1.0,A01
201300002643,0,7,0,13.0,0.0,7.0,1.0,A01
201300002644,0,31,0,8.0,0.0,1.0,1.0,A01
201300002645,0,33,0,13.0,0.0,8.0,1.0,A01
201300002646,0,7,0,13.0,0.0,1.0,1.0,A01
201300002647,0,7,0,0.0,2.0,8.0,1.0,B02
201300002647,0,7,0,0.0,2.0,6.0,0.0,C03
201300002647,0,31,0,0.0,2.0,3.0,13.0,A01
201300002648,0,10,0,0.0,2.0,6.0,19.0,A01
201300002648,0,30,0,0.0,2.0,1.0,1.0,B02
201300002649,0,7,0,0.0,2.0,3.0,13.0,A01
201300002649,0,7,0,0.0,2.0,3.0,1.0,B02
201300002650,2,7,0,0.0,2.0,3.0,1.0,A01
201300002650,0,7,0,13.0,2.0,8.0,1.0,B02
201300002651,0,7,0,0.0,1.0,7.0,1.0,A01
201300002652,0,33,0,0.0,2.0,4.0,1.0,A01
201300002652,0,7,0,0.0,2.0,8.0,15.0,B02
201300002653,0,7,0,0.0,2.0,3.0,1.0,B02
201300002653,0,10,0,0.0,2.0,3.0,15.0,A01
201300002654,0,7,0,13.0,0.0,1.0,1.0,A01
201300002655,0,30,0,0.0,2.0,1.0,13.0,A01
201300002655,0,7,0,0.0,2.0,3.0,1.0,B02
201300002656,0,7,0,0.0,2.0,1.0,1.0,C03
201300002656,0,10,0,0.0,2.0,7.0,15.0,A01
201300002656,0,32,0,0.0,2.0,1.0,1.0,B02
201300002657,0,33,0,0.0,2.0,1.0,1.0,B02
201300002657,0,7,0,0.0,2.0,3.0,19.0,A01
201300002658,0,33,0,13.0,2.0,8.0,1.0,A01
201300002659,0,7,0,2.0,0.0,1.0,0.0,A01
201300002660,0,7,0,13.0,0.0,2.0,1.0,A01
201300002661,0,7,0,2.0,0.0,1.0,1.0,A01
201300002662,0,7,0,6.0,0.0,6.0,13.0,A01
201300002663,0,7,0,0.0,2.0,7.0,1.0,A01
201300002663,0,7,0,0.0,2.0,1.0,1.0,B02
201300002664,0,7,0,0.0,2.0,1.0,5.0,A01
201300002664,0,7,0,0.0,2.0,1.0,1.0,B02
201300002665,0,7,0,0.0,2.0,1.0,1.0,A01
201300002665,0,7,0,0.0,2.0,1.0,13.0,B02
201300002666,0,2,0,0.0,1.0,1.0,13.0,A01
201300002667,0,7,0,0.0,2.0,3.0,15.0,A01
201300002667,0,31,0,0.0,2.0,1.0,1.0,B02
201300002668,0,7,0,2.0,0.0,1.0,13.0,A01
201300002669,0,7,0,0.0,2.0,3.0,5.0,A01
201300002669,0,7,0,0.0,2.0,3.0,1.0,B02
201300002670,0,7,0,8.0,0.0,6.0,1.0,A01
201300002671,0,7,0,2.0,0.0,1.0,14.0,A01
201300002672,0,7,0,0.0,2.0,2.0,1.0,B02
201300002672,0,7,0,0.0,2.0,8.0,1.0,A01
201300002673,0,7,0,0.0,2.0,2.0,1.0,B02
201300002673,0,7,0,0.0,2.0,1.0,19.0,A01
201300002674,0,7,0,0.0,2.0,7.0,19.0,A01
201300002674,0,7,0,0.0,2.0,1.0,1.0,B02
201300002675,0,7,0,2.0,0.0,8.0,1.0,A01
201300002676,0,7,0,0.0,2.0,3.0,13.0,A01
201300002676,0,15,0,0.0,2.0,8.0,2.0,B02
201300002677,0,10,0,0.0,2.0,7.0,4.0,A01
201300002677,0,1,0,0.0,2.0,1.0,1.0,B02
201300002678,0,10,0,2.0,0.0,3.0,1.0,A01
201300002679,0,7,0,0.0,0.0,9.0,1.0,A01
201300002680,0,7,0,0.0,2.0,3.0,19.0,B02
201300002680,0,7,0,0.0,2.0,2.0,1.0,A01
201300002681,0,7,0,13.0,0.0,3.0,1.0,A01
201300002682,0,7,0,0.0,0.0,0.0,0.0,A01
201300002683,0,7,0,0.0,2.0,3.0,1.0,B02
201300002683,0,7,0,0.0,2.0,6.0,2.0,D04
201300002683,0,33,0,0.0,2.0,3.0,3.0,A01
201300002683,0,10,0,0.0,2.0,6.0,2.0,C03
201300002684,0,33,0,0.0,2.0,1.0,1.0,B02
201300002684,0,7,0,0.0,2.0,7.0,15.0,A01
201300002685,0,7,0,0.0,2.0,7.0,1.0,A01
201300002685,0,7,0,0.0,2.0,1.0,1.0,B02
201300002686,0,7,0,6.0,0.0,1.0,13.0,A01
201300002687,0,7,0,0.0,2.0,3.0,13.0,B02
201300002687,0,17,0,6.0,2.0,3.0,1.0,A01
201300002688,0,36,0,0.0,5.0,7.0,1.0,A01
201300002689,0,7,0,0.0,0.0,1.0,14.0,A01
201300002690,0,7,0,0.0,2.0,3.0,15.0,A01
201300002690,0,33,0,0.0,2.0,4.0,1.0,B02
201300002691,0,33,0,0.0,2.0,1.0,2.0,C03
201300002691,0,7,0,0.0,2.0,4.0,23.0,A01
201300002691,0,33,0,0.0,2.0,1.0,2.0,B02
201300002692,0,7,0,13.0,0.0,1.0,1.0,A01
201300002693,0,33,0,0.0,2.0,1.0,1.0,B02
201300002693,0,7,0,0.0,2.0,3.0,20.0,A01
201300002694,0,7,0,0.0,2.0,1.0,1.0,C03
201300002694,0,7,0,0.0,2.0,6.0,23.0,B02
201300002694,0,2,0,0.0,2.0,1.0,1.0,A01
201300002695,0,2,0,0.0,0.0,0.0,1.0,A01
201300002696,0,30,0,0.0,0.0,3.0,1.0,A01
201300002697,0,7,0,13.0,0.0,3.0,1.0,A01
201300002698,0,7,0,0.0,2.0,8.0,15.0,A01
201300002698,0,30,0,0.0,2.0,8.0,1.0,B02
201300002699,0,31,0,13.0,0.0,1.0,1.0,A01
201300002700,0,7,0,15.0,0.0,3.0,13.0,A01
201300002701,0,7,0,0.0,2.0,1.0,1.0,A01
201300002701,0,7,0,0.0,2.0,7.0,19.0,B02
201300002702,0,7,0,0.0,2.0,8.0,1.0,C03
201300002702,0,10,0,0.0,2.0,0.0,1.0,A01
201300002703,0,7,0,2.0,0.0,8.0,1.0,A01
201300002704,0,7,0,0.0,2.0,2.0,15.0,A01
201300002704,0,7,0,0.0,2.0,1.0,1.0,B02
201300002705,0,7,0,0.0,2.0,3.0,15.0,A01
201300002705,0,7,0,0.0,2.0,3.0,1.0,B02
201300002706,0,30,0,5.0,0.0,1.0,1.0,A01
201300002707,0,7,0,4.0,0.0,1.0,13.0,A01
201300002708,0,7,0,13.0,0.0,9.0,1.0,A01
201300002709,0,31,0,1.0,0.0,7.0,1.0,A01
201300002709,0,10,0,0.0,2.0,8.0,24.0,B02
201300002710,0,7,0,0.0,2.0,3.0,1.0,B02
201300002710,0,30,0,0.0,2.0,8.0,15.0,A01
201300002711,0,7,0,0.0,2.0,3.0,2.0,A01
201300002711,0,1,0,0.0,0.0,8.0,15.0,B02
201300002712,0,7,0,2.0,0.0,1.0,14.0,A01
201300002713,0,7,0,15.0,1.0,3.0,13.0,A01
201300002714,0,33,0,0.0,2.0,1.0,13.0,A01
201300002714,0,7,0,0.0,2.0,1.0,1.0,B02
201300002715,0,7,0,6.0,0.0,1.0,14.0,A01
201300002716,0,7,0,8.0,0.0,2.0,1.0,A01
201300002717,0,7,0,0.0,2.0,1.0,5.0,A01
201300002717,0,7,0,0.0,2.0,1.0,1.0,B02
201300002718,0,7,0,0.0,2.0,7.0,13.0,A01
201300002718,0,17,0,0.0,2.0,1.0,1.0,B02
201300002719,0,33,0,16.0,0.0,9.0,1.0,A01
201300002720,1,7,0,0.0,1.0,8.0,0.0,A01
201300002721,0,7,0,8.0,0.0,1.0,1.0,A01
201300002722,0,7,0,0.0,2.0,1.0,1.0,B02
201300002722,0,7,0,0.0,2.0,3.0,19.0,A01
201300002723,0,7,0,0.0,2.0,2.0,2.0,A01
201300002723,0,7,0,0.0,0.0,6.0,2.0,B02
201300002724,0,7,0,0.0,2.0,9.0,13.0,A01
201300002724,0,7,0,0.0,2.0,3.0,1.0,B02
201300002724,0,10,0,0.0,2.0,8.0,1.0,C03
201300002725,0,7,0,16.0,0.0,8.0,13.0,A01
201300002726,0,33,0,0.0,6.0,1.0,1.0,A01
201300002727,0,17,0,0.0,2.0,3.0,13.0,A01
201300002727,0,17,0,0.0,2.0,3.0,1.0,B02
201300002727,0,7,0,0.0,9.0,1.0,1.0,C03
201300002728,0,7,0,13.0,0.0,2.0,14.0,A01
201300002729,0,7,0,0.0,2.0,2.0,13.0,A01
201300002729,0,30,0,0.0,2.0,3.0,15.0,B02
201300002730,0,7,0,0.0,4.0,1.0,1.0,A01
201300002730,0,39,2,0.0,2.0,6.0,1.0,B02
201300002731,0,7,0,0.0,2.0,1.0,13.0,A01
201300002731,0,7,0,0.0,2.0,7.0,13.0,B02
201300002732,0,33,0,13.0,0.0,1.0,1.0,A01
201300002733,0,33,0,15.0,0.0,1.0,1.0,A01
201300002734,0,30,0,0.0,2.0,1.0,16.0,A01
201300002734,0,15,0,0.0,2.0,8.0,1.0,B02
201300002735,0,7,0,2.0,0.0,1.0,13.0,A01
201300002736,0,33,0,0.0,2.0,1.0,1.0,A01
201300002736,0,7,0,0.0,2.0,8.0,15.0,B02
201300002737,0,33,0,13.0,0.0,1.0,1.0,A01
201300002738,0,7,0,0.0,2.0,1.0,15.0,A01
201300002738,0,7,0,0.0,2.0,1.0,1.0,B02
201300002739,0,33,0,0.0,2.0,1.0,1.0,A01
201300002739,0,7,0,0.0,2.0,3.0,15.0,B02
201300002740,0,17,0,3.0,0.0,2.0,14.0,A01
201300002741,1,7,0,0.0,2.0,0.0,1.0,Z01
201300002741,0,30,0,0.0,0.0,5.0,1.0,B02
201300002742,0,7,0,0.0,2.0,3.0,1.0,A01
201300002742,0,33,0,0.0,2.0,1.0,1.0,B02
201300002743,0,7,0,0.0,2.0,1.0,13.0,A01
201300002743,0,7,0,0.0,2.0,1.0,0.0,B02
201300002744,0,7,0,2.0,0.0,8.0,1.0,A01
201300002745,0,33,0,0.0,2.0,1.0,1.0,A01
201300002745,0,7,0,0.0,2.0,4.0,1.0,B02
201300002746,0,7,0,0.0,2.0,3.0,0.0,A01
201300002746,0,31,0,0.0,2.0,1.0,1.0,B02
201300002747,0,33,0,0.0,2.0,1.0,17.0,A01
201300002747,0,7,0,0.0,0.0,8.0,1.0,B02
201300002748,0,1,0,0.0,2.0,7.0,15.0,A01
201300002748,0,7,0,0.0,2.0,1.0,1.0,B02
201300002749,0,7,0,0.0,2.0,1.0,13.0,A01
201300002749,0,32,0,0.0,2.0,1.0,1.0,B02
201300002750,0,7,0,0.0,2.0,2.0,16.0,A01
201300002750,0,1,0,0.0,2.0,5.0,1.0,B02
201300002751,0,30,0,0.0,2.0,1.0,1.0,A01
201300002751,0,7,0,0.0,2.0,4.0,23.0,B02
201300002752,0,7,0,0.0,2.0,1.0,1.0,B02
201300002752,0,14,0,0.0,2.0,2.0,15.0,A01
201300002753,0,7,0,13.0,0.0,3.0,1.0,A01
201300002754,0,7,0,13.0,0.0,1.0,1.0,A01
201300002755,0,7,0,2.0,0.0,8.0,1.0,A01
201300002756,0,7,0,0.0,2.0,2.0,11.0,A01
201300002756,0,2,0,0.0,2.0,2.0,1.0,B02
201300002756,0,7,0,0.0,2.0,3.0,1.0,C03
201300002757,0,30,0,0.0,2.0,1.0,13.0,A01
201300002757,0,10,0,0.0,2.0,8.0,15.0,B02
201300002758,0,7,0,0.0,2.0,3.0,13.0,A01
201300002758,0,7,0,0.0,2.0,1.0,1.0,B02
201300002758,0,7,0,0.0,2.0,3.0,1.0,C03
201300002758,0,7,0,0.0,2.0,1.0,1.0,D04
201300002759,0,30,0,0.0,2.0,1.0,13.0,A01
201300002759,0,7,0,0.0,9.0,3.0,21.0,B02
201300002760,0,7,0,0.0,2.0,3.0,0.0,A01
201300002760,0,7,0,0.0,2.0,3.0,13.0,B02
201300002761,0,33,0,0.0,2.0,1.0,1.0,A01
201300002761,0,10,0,0.0,2.0,5.0,15.0,B02
201300002762,0,1,0,0.0,2.0,8.0,19.0,B02
201300002762,0,7,0,0.0,2.0,1.0,1.0,A01
201300002763,0,33,0,13.0,0.0,8.0,1.0,A01
201300002764,0,30,0,0.0,2.0,4.0,15.0,A01
201300002764,0,33,0,0.0,2.0,1.0,13.0,B02
201300002765,0,7,0,0.0,2.0,1.0,15.0,B02
201300002765,0,30,0,0.0,2.0,7.0,21.0,A01
201300002766,0,7,0,0.0,2.0,3.0,13.0,A01
201300002766,0,7,0,0.0,2.0,3.0,1.0,B02
201300002767,0,7,0,0.0,0.0,3.0,13.0,A01
201300002767,0,7,0,0.0,0.0,3.0,1.0,B02
201300002768,0,7,0,2.0,2.0,1.0,9.0,A01
201300002768,0,7,0,0.0,2.0,5.0,1.0,B02
201300002769,0,7,0,0.0,2.0,1.0,15.0,A01
201300002769,0,7,0,0.0,2.0,1.0,1.0,B02
201300002770,0,7,0,13.0,0.0,3.0,1.0,A01
201300002771,0,7,0,13.0,0.0,2.0,1.0,A01
201300002772,0,7,0,0.0,2.0,1.0,13.0,A01
201300002772,0,7,0,0.0,2.0,3.0,1.0,B02
201300002773,0,7,0,0.0,2.0,3.0,9.0,A01
201300002773,0,1,0,0.0,2.0,1.0,1.0,B02
201300002774,0,7,0,0.0,2.0,3.0,1.0,A01
201300002774,0,10,0,0.0,2.0,8.0,1.0,B02
201300002775,0,7,0,2.0,0.0,1.0,1.0,A01
201300002776,0,10,0,0.0,2.0,1.0,13.0,A01
201300002776,0,10,0,0.0,2.0,1.0,1.0,B02
201300002777,0,10,0,2.0,0.0,1.0,1.0,A01
201300002778,0,7,0,0.0,2.0,3.0,1.0,A01
201300002778,0,7,0,0.0,2.0,3.0,0.0,B02
201300002779,0,7,0,0.0,1.0,1.0,1.0,A01
201300002780,1,7,0,0.0,1.0,2.0,2.0,A01
201300002781,2,30,0,0.0,1.0,1.0,13.0,A01
201300002782,0,7,0,0.0,2.0,6.0,15.0,A01
201300002782,0,33,0,0.0,2.0,1.0,1.0,B02
201300002783,0,2,0,0.0,0.0,7.0,1.0,A01
201300002783,0,7,0,0.0,0.0,1.0,19.0,B02
201300002784,0,7,0,2.0,0.0,2.0,1.0,A01
201300002785,0,7,0,0.0,1.0,1.0,1.0,A01
201300002786,0,33,0,0.0,0.0,0.0,1.0,A01
201300002787,0,7,0,0.0,2.0,7.0,10.0,A01
201300002787,0,34,0,0.0,2.0,1.0,1.0,B02
201300002788,0,30,0,0.0,1.0,2.0,17.0,A01
201300002789,0,33,0,0.0,2.0,1.0,1.0,A01
201300002789,0,7,0,0.0,2.0,6.0,19.0,B02
201300002790,0,7,0,0.0,2.0,2.0,15.0,A01
201300002790,0,2,0,0.0,2.0,1.0,1.0,B02
201300002791,0,7,0,0.0,1.0,2.0,14.0,A01
201300002792,0,7,0,0.0,2.0,3.0,13.0,A01
201300002792,0,7,0,0.0,2.0,3.0,0.0,B02
201300002793,0,7,0,0.0,2.0,3.0,17.0,A01
201300002793,0,7,0,0.0,2.0,3.0,1.0,B02
201300002793,0,7,0,0.0,2.0,6.0,23.0,C03
201300002794,0,7,0,0.0,2.0,3.0,13.0,A01
201300002794,0,7,0,0.0,2.0,3.0,1.0,B02
201300002795,0,7,0,0.0,2.0,2.0,15.0,A01
201300002795,0,30,0,0.0,2.0,1.0,1.0,B02
201300002796,0,7,0,0.0,2.0,3.0,9.0,A01
201300002796,0,30,0,0.0,2.0,7.0,21.0,B02
201300002797,0,7,0,2.0,1.0,1.0,0.0,A01
201300002798,0,31,0,0.0,2.0,1.0,1.0,A01
201300002798,0,7,0,0.0,2.0,7.0,15.0,B02