Num_Acc,senc,catv,occutc,obs,obsm,choc,manv,num_veh
201300002799,0,7,0,6.0,0.0,1.0,14.0,A01
201300002800,0,10,0,2.0,0.0,3.0,1.0,A01
201300002801,0,15,0,0.0,0.0,8.0,16.0,A01
201300002802,0,37,1,0.0,2.0,5.0,15.0,A01
201300002802,0,33,0,0.0,2.0,7.0,21.0,B02
201300002803,0,33,0,0.0,2.0,7.0,1.0,B02
201300002803,0,7,0,0.0,2.0,2.0,19.0,A01
201300002804,0,15,0,0.0,2.0,2.0,19.0,A01
201300002804,0,7,0,0.0,2.0,3.0,1.0,B02
201300002805,0,33,0,13.0,0.0,1.0,1.0,A01
201300002806,0,7,0,2.0,0.0,7.0,1.0,A01
201300002807,0,7,0,0.0,2.0,1.0,13.0,A01
201300002807,0,10,0,0.0,2.0,1.0,1.0,B02
201300002808,0,7,0,0.0,0.0,2.0,1.0,A01
201300002809,0,7,0,0.0,6.0,1.0,1.0,A01
201300002810,0,7,0,0.0,2.0,2.0,1.0,B02
201300002810,0,7,0,0.0,2.0,1.0,13.0,A01
201300002811,0,7,0,16.0,0.0,8.0,13.0,A01
201300002812,0,7,0,0.0,2.0,3.0,13.0,A01
201300002812,0,7,0,0.0,2.0,8.0,1.0,B02
201300002813,0,10,0,2.0,0.0,2.0,13.0,A01
201300002814,0,14,0,0.0,2.0,4.0,24.0,A01
201300002814,0,7,0,1.0,0.0,1.0,1.0,B02
201300002815,0,7,0,6.0,0.0,1.0,1.0,A01
201300002816,0,33,0,3.0,0.0,0.0,1.0,A01
201300002817,0,7,0,0.0,2.0,2.0,5.0,A01
201300002817,0,7,0,3.0,2.0,1.0,1.0,B02
201300002818,0,7,0,0.0,2.0,1.0,15.0,A01
201300002818,0,2,0,0.0,2.0,8.0,1.0,B02
201300002819,0,7,0,0.0,9.0,3.0,1.0,B02
201300002819,0,1,0,0.0,2.0,7.0,19.0,A01
201300002820,0,7,0,0.0,1.0,0.0,15.0,A01
201300002821,0,32,0,13.0,0.0,1.0,1.0,A01
201300002822,0,7,0,0.0,2.0,2.0,15.0,A01
201300002822,0,2,0,0.0,2.0,1.0,5.0,B02
201300002823,0,7,0,6.0,0.0,1.0,16.0,A01
201300002824,0,7,0,13.0,0.0,2.0,14.0,A01
201300002825,0,33,0,2.0,0.0,8.0,1.0,A01
201300002826,0,7,0,0.0,2.0,5.0,16.0,A01
201300002826,0,33,0,14.0,2.0,1.0,0.0,B02
201300002827,0,7,0,13.0,0.0,2.0,1.0,A01
201300002828,0,7,0,0.0,2.0,3.0,17.0,A01
201300002828,0,7,0,0.0,2.0,2.0,17.0,B02
201300002828,0,10,0,0.0,2.0,8.0,1.0,C03
201300002829,0,7,0,0.0,1.0,1.0,1.0,A01
201300002830,0,7,0,0.0,2.0,8.0,19.0,A02
201300002830,0,7,0,0.0,2.0,1.0,1.0,B01
201300002831,0,33,0,0.0,2.0,1.0,1.0,A01
201300002831,0,10,0,0.0,2.0,7.0,19.0,B02
201300002832,0,7,0,0.0,2.0,1.0,1.0,B02
201300002832,0,7,0,0.0,2.0,3.0,15.0,A01
201300002833,0,7,0,9.0,0.0,2.0,1.0,A01
201300002834,0,7,0,0.0,2.0,1.0,13.0,A01
201300002834,0,7,0,0.0,2.0,1.0,1.0,B02
201300002835,0,7,0,0.0,2.0,7.0,13.0,A01
201300002835,0,7,0,0.0,2.0,1.0,1.0,B02
201300002836,1,7,0,0.0,2.0,0.0,0.0,Z01
201300002836,0,33,0,0.0,2.0,5.0,16.0,B02
201300002837,0,3,0,0.0,2.0,1.0,1.0,B02
201300002837,0,20,0,0.0,2.0,2.0,19.0,A01
201300002838,0,7,0,14.0,0.0,1.0,1.0,A01
201300002839,0,14,0,0.0,2.0,1.0,1.0,B02
201300002839,0,7,0,0.0,2.0,7.0,13.0,A01
201300002840,0,33,0,0.0,2.0,1.0,13.0,A01
201300002840,0,7,0,0.0,2.0,2.0,1.0,B02
201300002841,0,2,0,0.0,0.0,7.0,1.0,A01
201300002842,0,7,0,6.0,0.0,7.0,13.0,A01
201300002843,0,7,0,16.0,0.0,1.0,1.0,A01
201300002844,0,2,0,0.0,0.0,0.0,16.0,A01
201300002845,0,7,0,0.0,2.0,3.0,1.0,A01
201300002845,0,7,0,0.0,2.0,3.0,17.0,B02
201300002846,0,7,0,1.0,0.0,3.0,13.0,A01
201300002847,0,7,0,0.0,2.0,4.0,2.0,B02
201300002847,0,7,0,6.0,2.0,1.0,2.0,A01
201300002848,0,30,0,0.0,0.0,0.0,1.0,A01
201300002849,0,7,0,2.0,0.0,1.0,1.0,A01
201300002850,0,7,0,0.0,2.0,3.0,10.0,A01
201300002850,0,2,0,0.0,2.0,1.0,0.0,B02
201300002851,0,7,0,0.0,2.0,1.0,1.0,B02
201300002851,0,10,0,0.0,2.0,7.0,13.0,A01
201300002852,0,7,0,0.0,2.0,1.0,1.0,C03
201300002852,0,7,0,0.0,2.0,1.0,1.0,B02
201300002852,0,7,0,0.0,2.0,1.0,13.0,A01
201300002853,0,7,0,0.0,2.0,1.0,13.0,A01
201300002853,0,7,0,0.0,2.0,1.0,1.0,B02
201300002854,0,38,0,0.0,1.0,2.0,1.0,A01
201300002855,0,7,0,0.0,1.0,2.0,1.0,A01
201300002856,0,30,0,0.0,2.0,1.0,17.0,A01
201300002856,0,7,0,0.0,0.0,8.0,15.0,B02
201300002857,0,7,0,6.0,0.0,3.0,1.0,A01
201300002858,0,33,0,13.0,0.0,1.0,13.0,A01
201300002859,0,2,0,0.0,2.0,1.0,1.0,B02
201300002859,0,7,0,0.0,2.0,6.0,20.0,A01
201300002860,0,7,0,0.0,2.0,7.0,15.0,A01
201300002860,0,10,0,0.0,2.0,3.0,1.0,C03
201300002860,0,33,0,0.0,2.0,1.0,1.0,B02
201300002861,0,7,0,14.0,0.0,1.0,14.0,A01
201300002861,0,7,0,0.0,2.0,4.0,23.0,B02
201300002862,0,7,0,0.0,2.0,3.0,15.0,B02
201300002862,0,33,0,0.0,2.0,2.0,17.0,A01
201300002863,0,7,0,0.0,1.0,3.0,1.0,A01
201300002864,0,7,0,0.0,2.0,3.0,1.0,B02
201300002864,0,30,0,0.0,2.0,1.0,1.0,A01
201300002865,0,7,0,0.0,2.0,1.0,2.0,A01
201300002865,0,10,0,0.0,2.0,4.0,23.0,B02
201300002866,0,7,0,0.0,2.0,3.0,1.0,A01
201300002866,0,7,0,0.0,2.0,8.0,9.0,B02
201300002867,0,10,0,0.0,2.0,1.0,1.0,A01
201300002867,0,2,0,0.0,2.0,8.0,1.0,B02
201300002868,0,10,0,0.0,2.0,1.0,1.0,A01
201300002868,0,7,0,0.0,2.0,1.0,1.0,B02
201300002869,0,7,0,0.0,1.0,7.0,1.0,A01
201300002870,0,7,0,0.0,2.0,1.0,1.0,A01
201300002870,0,7,0,0.0,2.0,1.0,1.0,B02
201300002871,0,1,0,0.0,2.0,5.0,1.0,A01
201300002871,0,7,0,0.0,2.0,2.0,19.0,B02
201300002872,0,7,0,6.0,0.0,9.0,1.0,A01
201300002873,0,7,0,0.0,2.0,1.0,1.0,B02
201300002873,0,7,0,0.0,2.0,2.0,19.0,A01
201300002874,0,10,0,0.0,1.0,3.0,1.0,A01
201300002875,0,7,0,13.0,0.0,3.0,1.0,A01
201300002876,0,7,0,16.0,0.0,0.0,13.0,A01
201300002877,0,10,0,13.0,0.0,2.0,1.0,A01
201300002878,1,7,0,0.0,0.0,0.0,0.0,B02
201300002878,0,33,0,0.0,0.0,8.0,1.0,A01
201300002879,0,7,0,2.0,0.0,1.0,1.0,A01
201300002880,0,7,0,6.0,0.0,9.0,1.0,A01
201300002881,0,7,0,0.0,1.0,7.0,1.0,A01
201300002882,0,7,0,6.0,0.0,1.0,15.0,A01
201300002883,0,7,0,2.0,0.0,7.0,19.0,A01
201300002884,0,7,0,13.0,0.0,2.0,14.0,A01
201300002885,0,14,0,0.0,2.0,6.0,1.0,B02
201300002885,0,7,0,1.0,2.0,6.0,1.0,A01
201300002886,0,7,0,0.0,2.0,1.0,1.0,B02
201300002886,0,7,0,0.0,2.0,8.0,19.0,A01
201300002887,0,7,0,13.0,0.0,9.0,1.0,A01
201300002888,0,7,0,0.0,2.0,4.0,2.0,B02
201300002888,0,2,0,0.0,0.0,1.0,2.0,A01
201300002889,0,10,0,16.0,0.0,9.0,1.0,A01
201300002890,0,31,0,13.0,0.0,1.0,1.0,A01
201300002891,0,30,0,0.0,0.0,1.0,9.0,A01
201300002891,0,7,0,0.0,0.0,8.0,1.0,B02
201300002892,0,7,0,0.0,2.0,2.0,13.0,B02
201300002892,0,7,0,0.0,2.0,1.0,1.0,A01
201300002893,0,7,0,0.0,0.0,2.0,15.0,A01
201300002893,0,1,0,0.0,0.0,3.0,1.0,B02
201300002894,0,7,0,0.0,2.0,3.0,13.0,A01
201300002894,0,7,0,0.0,2.0,3.0,1.0,B02
201300002895,0,7,0,13.0,0.0,1.0,13.0,A01
201300002896,0,7,0,0.0,2.0,2.0,1.0,A01
201300002896,0,2,0,0.0,2.0,1.0,1.0,B02
201300002897,0,10,0,0.0,2.0,1.0,1.0,B02
201300002897,0,10,0,0.0,2.0,1.0,13.0,A01
201300002898,0,7,0,0.0,2.0,1.0,15.0,A01
201300002898,0,33,0,0.0,2.0,1.0,1.0,B02
201300002899,0,7,0,6.0,0.0,8.0,1.0,A01
201300002900,0,10,0,1.0,1.0,8.0,0.0,A01
201300002901,0,31,0,0.0,2.0,1.0,13.0,A01
201300002901,0,7,0,0.0,2.0,1.0,1.0,B02
201300002902,0,7,0,0.0,2.0,2.0,1.0,A01
201300002902,0,31,0,0.0,2.0,1.0,13.0,B02
201300002903,0,33,0,8.0,0.0,1.0,1.0,A01
201300002904,0,7,0,8.0,0.0,3.0,13.0,A01
201300002905,0,7,0,0.0,2.0,2.0,1.0,A01
201300002905,0,30,0,0.0,2.0,1.0,1.0,B02
201300002906,0,7,0,0.0,2.0,2.0,1.0,B02
201300002906,0,7,0,0.0,2.0,2.0,13.0,A01
201300002907,0,33,0,12.0,0.0,8.0,1.0,A01
201300002908,0,7,0,13.0,0.0,2.0,1.0,A01
201300002909,0,7,0,0.0,1.0,1.0,1.0,A01
201300002910,0,7,0,0.0,2.0,1.0,1.0,B02
201300002910,0,7,0,0.0,2.0,8.0,15.0,A01
201300002911,0,7,0,0.0,2.0,1.0,17.0,A01
201300002911,0,7,0,0.0,2.0,1.0,21.0,C03
201300002911,0,7,0,0.0,2.0,1.0,1.0,B02
201300002912,0,14,0,0.0,1.0,7.0,1.0,A01
201300002913,0,33,0,16.0,0.0,8.0,13.0,A01
201300002914,0,7,0,1.0,0.0,3.0,19.0,A01
201300002914,0,21,0,0.0,0.0,6.0,0.0,B02
201300002915,0,30,0,6.0,0.0,1.0,1.0,A01
201300002916,0,7,0,0.0,2.0,7.0,1.0,A01
201300002916,0,1,0,0.0,2.0,8.0,15.0,B02
201300002917,0,33,0,5.0,0.0,5.0,1.0,A01
201300002918,0,7,0,0.0,2.0,3.0,1.0,A01
201300002918,0,17,0,0.0,2.0,3.0,1.0,B02
201300002919,0,7,0,0.0,2.0,1.0,1.0,B02
201300002919,0,7,0,0.0,2.0,1.0,13.0,A01
201300002920,0,30,0,0.0,2.0,3.0,1.0,A01
201300002920,0,7,0,0.0,0.0,5.0,1.0,B02
201300002921,0,7,0,0.0,1.0,2.0,1.0,A01
201300002922,0,7,0,0.0,2.0,1.0,2.0,A01
201300002922,0,7,0,0.0,2.0,4.0,2.0,B02
201300002923,0,7,0,6.0,0.0,8.0,1.0,A01
201300002924,0,7,0,0.0,2.0,1.0,1.0,A01
201300002924,0,7,0,0.0,2.0,1.0,17.0,B02
201300002925,0,31,0,0.0,2.0,3.0,1.0,B02
201300002925,0,7,0,0.0,2.0,2.0,15.0,A01
201300002926,0,7,0,0.0,1.0,3.0,1.0,A01
201300002927,0,33,0,0.0,2.0,1.0,1.0,A01
201300002927,0,7,0,0.0,2.0,8.0,15.0,B02
201300002928,0,10,0,0.0,2.0,0.0,1.0,B02
201300002928,0,7,0,0.0,2.0,0.0,19.0,A01
201300002929,0,7,0,13.0,0.0,7.0,14.0,A01
201300002930,0,1,0,0.0,2.0,4.0,1.0,B02
201300002930,0,7,0,0.0,2.0,2.0,1.0,A01
201300002931,0,7,0,6.0,0.0,1.0,13.0,A01
201300002932,0,7,0,13.0,0.0,1.0,0.0,A01
201300002933,0,7,0,0.0,0.0,4.0,2.0,A01
201300002933,0,31,0,0.0,0.0,1.0,2.0,B02
201300002934,0,7,0,0.0,0.0,4.0,1.0,A01
201300002934,0,2,0,0.0,2.0,1.0,2.0,B02
201300002935,0,33,0,0.0,2.0,1.0,1.0,A01
201300002935,0,14,0,0.0,2.0,7.0,15.0,B02
201300002936,0,31,0,6.0,0.0,7.0,2.0,A01
201300002937,0,7,0,2.0,0.0,1.0,2.0,A01
201300002938,0,14,0,10.0,0.0,1.0,1.0,A01
201300002939,0,7,0,0.0,2.0,0.0,15.0,A01
201300002939,0,31,0,0.0,2.0,1.0,1.0,B02
201300002940,0,7,0,0.0,2.0,1.0,1.0,B02
201300002940,0,7,0,0.0,2.0,7.0,1.0,A01
201300002941,0,7,0,0.0,2.0,8.0,17.0,A01
201300002941,0,7,0,13.0,2.0,7.0,17.0,B02
201300002942,0,7,0,6.0,0.0,3.0,13.0,A01
201300002943,0,31,0,0.0,2.0,8.0,19.0,A01
201300002943,0,7,0,0.0,2.0,2.0,1.0,B02
201300002944,0,7,0,6.0,0.0,2.0,1.0,A01
201300002945,0,7,0,13.0,0.0,2.0,1.0,A01
201300002946,0,7,0,0.0,0.0,3.0,2.0,A01
201300002946,0,33,0,0.0,2.0,1.0,1.0,B02
201300002947,0,1,0,0.0,2.0,1.0,5.0,A01
201300002947,0,1,0,0.0,2.0,1.0,1.0,B02
201300002948,0,14,0,0.0,0.0,8.0,19.0,B02
201300002948,0,33,0,0.0,2.0,1.0,1.0,A01
201300002949,0,7,0,0.0,0.0,2.0,13.0,A01
201300002949,0,7,0,0.0,0.0,1.0,1.0,B02
201300002950,0,7,0,0.0,2.0,3.0,1.0,B02
201300002950,0,7,0,0.0,2.0,1.0,1.0,A01
201300002951,0,30,0,5.0,0.0,7.0,1.0,A01
201300002952,0,30,0,0.0,2.0,1.0,1.0,B02
201300002952,0,7,0,0.0,2.0,2.0,15.0,A01
201300002953,0,1,0,0.0,2.0,1.0,19.0,A01
201300002953,0,15,0,0.0,9.0,3.0,1.0,B02
201300002954,0,7,0,0.0,2.0,3.0,13.0,A01
201300002954,0,7,0,0.0,2.0,3.0,1.0,B02
201300002955,0,33,0,0.0,0.0,8.0,1.0,A01
201300002956,0,2,0,0.0,2.0,1.0,19.0,B02
201300002956,0,7,0,0.0,2.0,7.0,1.0,A01
201300002957,0,1,0,0.0,0.0,3.0,1.0,A01
201300002957,0,7,0,0.0,0.0,2.0,15.0,B02
201300002958,0,2,0,0.0,2.0,1.0,2.0,B02
201300002958,0,7,0,0.0,0.0,3.0,13.0,A01
201300002959,0,7,0,6.0,0.0,1.0,16.0,A01
201300002960,0,7,0,0.0,1.0,2.0,1.0,A01
201300002961,0,30,0,6.0,0.0,1.0,14.0,A01
201300002962,0,10,0,9.0,0.0,1.0,1.0,A01
201300002963,0,7,0,0.0,1.0,7.0,1.0,A01
201300002964,0,30,0,0.0,0.0,2.0,1.0,A01
201300002965,0,7,0,0.0,0.0,3.0,13.0,A01
201300002965,0,7,0,0.0,0.0,3.0,1.0,B02
201300002966,0,7,0,0.0,2.0,3.0,1.0,B02
201300002966,0,7,0,0.0,2.0,7.0,1.0,A01
201300002967,0,7,0,0.0,2.0,1.0,13.0,A01
201300002967,0,14,0,0.0,2.0,3.0,1.0,B02
201300002968,0,33,0,0.0,2.0,1.0,13.0,A01
201300002968,0,7,0,0.0,2.0,3.0,1.0,B02
201300002969,0,30,0,0.0,2.0,1.0,18.0,A01
201300002969,0,7,0,0.0,2.0,7.0,15.0,B02
201300002970,0,7,0,6.0,0.0,1.0,14.0,A01
201300002971,0,14,0,13.0,0.0,1.0,13.0,A01
201300002972,0,13,0,0.0,1.0,2.0,1.0,A01
201300002973,0,7,0,13.0,0.0,0.0,1.0,A01
201300002974,0,30,0,0.0,2.0,1.0,1.0,B02
201300002974,0,7,0,0.0,2.0,7.0,19.0,A01
201300002975,0,33,0,0.0,2.0,7.0,17.0,A01
201300002975,0,21,0,0.0,2.0,3.0,15.0,B02
201300002976,0,33,0,0.0,2.0,2.0,13.0,A01
201300002976,0,7,0,0.0,2.0,1.0,21.0,B02
201300002977,0,33,0,0.0,0.0,0.0,2.0,A01
201300002978,0,7,0,0.0,2.0,3.0,1.0,C03
201300002978,0,7,0,0.0,2.0,1.0,13.0,A01
201300002978,0,7,0,0.0,2.0,1.0,1.0,B02
201300002979,0,30,0,0.0,0.0,7.0,1.0,A01
201300002980,0,10,0,0.0,1.0,1.0,1.0,A01
201300002981,0,7,0,0.0,2.0,1.0,13.0,A01
201300002981,0,7,0,0.0,2.0,1.0,1.0,B02
201300002982,0,7,0,0.0,2.0,2.0,1.0,A01
201300002982,0,7,0,0.0,2.0,3.0,15.0,B02
201300002983,0,7,0,13.0,0.0,0.0,1.0,A01
201300002984,0,7,0,13.0,0.0,1.0,14.0,A01
201300002985,0,7,0,0.0,2.0,8.0,17.0,A01
201300002985,0,7,0,0.0,2.0,1.0,1.0,B02
201300002985,0,7,0,0.0,2.0,8.0,1.0,C03
201300002986,0,7,0,13.0,0.0,9.0,13.0,A01
201300002987,0,7,0,1.0,0.0,3.0,1.0,A01
201300002987,0,32,0,0.0,0.0,1.0,16.0,B02
201300002988,0,7,0,0.0,0.0,3.0,13.0,A01
201300002988,0,2,0,0.0,2.0,3.0,0.0,B02
201300002989,0,7,0,1.0,0.0,3.0,0.0,A01
201300002990,0,30,0,0.0,2.0,7.0,16.0,A01
201300002990,0,7,0,0.0,2.0,2.0,1.0,B02
201300002990,0,10,0,0.0,2.0,3.0,1.0,C03
201300002991,0,10,0,0.0,2.0,7.0,15.0,A01
201300002991,0,33,0,0.0,2.0,1.0,1.0,B02
201300002992,0,30,0,11.0,0.0,1.0,1.0,A01
201300002993,0,7,0,0.0,0.0,1.0,13.0,A01
201300002993,0,7,0,0.0,0.0,1.0,1.0,B02
201300002994,0,7,0,0.0,9.0,3.0,9.0,A01
201300002994,0,1,0,0.0,2.0,7.0,1.0,B02
201300002995,0,7,0,0.0,0.0,1.0,13.0,A01
201300002995,0,21,0,1.0,0.0,3.0,0.0,B02
201300002996,1,14,0,0.0,1.0,2.0,2.0,A01
201300002997,0,7,0,16.0,0.0,1.0,1.0,A01
201300002998,0,7,0,0.0,2.0,3.0,1.0,C03
201300002998,0,33,0,0.0,2.0,7.0,17.0,A01
201300002998,0,7,0,0.0,2.0,2.0,15.0,B02
201300002999,0,7,0,10.0,0.0,1.0,1.0,A01
201300003000,0,2,0,0.0,2.0,1.0,1.0,A01
201300003000,0,14,0,0.0,0.0,6.0,15.0,B02
201300003001,0,1,0,0.0,2.0,1.0,1.0,A01
201300003001,0,15,0,0.0,2.0,8.0,1.0,B02
201300003002,0,17,0,0.0,2.0,1.0,1.0,B02
201300003002,0,7,0,0.0,2.0,3.0,13.0,A01
201300003003,0,7,0,0.0,2.0,3.0,1.0,B02
201300003003,0,7,0,0.0,2.0,5.0,15.0,A01
201300003004,0,33,0,10.0,2.0,8.0,21.0,A01
201300003004,0,7,0,0.0,2.0,3.0,1.0,B02
201300003005,0,7,0,0.0,2.0,1.0,1.0,B02
201300003005,0,7,0,0.0,2.0,1.0,13.0,A01
201300003006,0,1,0,0.0,0.0,0.0,1.0,B02
201300003006,0,10,0,0.0,2.0,6.0,2.0,A01
201300003007,0,7,0,2.0,0.0,2.0,1.0,A01
201300003008,0,7,0,0.0,2.0,1.0,1.0,A01
201300003008,0,30,0,0.0,2.0,8.0,9.0,B02
201300003009,0,7,0,0.0,2.0,3.0,13.0,A01
201300003009,0,7,0,0.0,2.0,3.0,1.0,B02
201300003010,0,10,0,0.0,2.0,3.0,19.0,A01
201300003010,0,33,0,0.0,2.0,8.0,1.0,B02
201300003011,0,10,0,16.0,0.0,2.0,2.0,A01
201300003012,0,7,0,0.0,1.0,3.0,1.0,A01
201300003013,0,7,0,0.0,1.0,2.0,1.0,A01
201300003014,0,7,0,0.0,0.0,1.0,0.0,A01
201300003015,0,30,0,0.0,0.0,1.0,16.0,A01
201300003016,0,33,0,0.0,2.0,0.0,21.0,B02
201300003016,0,7,0,0.0,2.0,0.0,15.0,A01
201300003017,0,7,0,8.0,0.0,3.0,0.0,A01
201300003018,0,7,0,13.0,0.0,8.0,1.0,A01
201300003019,0,7,0,13.0,0.0,9.0,0.0,A01
201300003020,0,7,0,0.0,2.0,3.0,5.0,A01
201300003020,0,7,0,0.0,2.0,3.0,17.0,B02
201300003021,0,2,0,0.0,2.0,1.0,1.0,A01
201300003021,0,7,0,0.0,2.0,3.0,19.0,B02
201300003022,0,7,0,0.0,0.0,8.0,1.0,A01
201300003023,0,7,0,0.0,2.0,8.0,15.0,A01
201300003023,0,7,0,0.0,2.0,7.0,17.0,B02
201300003024,0,7,0,0.0,0.0,1.0,1.0,A01
201300003025,0,7,0,0.0,2.0,1.0,13.0,A01
201300003025,0,7,0,0.0,2.0,3.0,1.0,B02
201300003026,0,30,0,0.0,2.0,0.0,5.0,A01
201300003026,0,7,0,0.0,2.0,3.0,1.0,B02
201300003027,0,10,0,0.0,2.0,1.0,1.0,B02
201300003027,0,7,0,0.0,2.0,7.0,14.0,C03
201300003027,0,7,0,16.0,2.0,0.0,1.0,A01
201300003028,0,3,0,0.0,2.0,2.0,1.0,A01
201300003028,0,1,0,0.0,2.0,1.0,1.0,B02
201300003029,0,3,0,0.0,2.0,3.0,1.0,A01
201300003029,0,7,0,0.0,2.0,3.0,1.0,B02
201300003030,0,10,0,0.0,2.0,2.0,1.0,B02
201300003030,0,7,0,0.0,2.0,3.0,1.0,A01
201300003031,0,15,0,0.0,2.0,3.0,1.0,B02
201300003031,0,3,0,0.0,2.0,7.0,19.0,A01
201300003032,0,7,0,0.0,2.0,8.0,1.0,A01
201300003032,0,7,0,0.0,2.0,1.0,1.0,B02
201300003033,0,7,0,0.0,2.0,1.0,1.0,B02
201300003033,0,7,0,0.0,2.0,1.0,17.0,A01
201300003034,0,7,0,6.0,0.0,2.0,1.0,A01
201300003035,0,1,0,0.0,2.0,8.0,19.0,A01
201300003035,0,7,0,0.0,9.0,2.0,1.0,B02
201300003036,0,31,0,8.0,0.0,2.0,14.0,A01
201300003037,0,10,0,0.0,2.0,3.0,15.0,A01
201300003037,0,33,0,0.0,0.0,1.0,1.0,B02
201300003038,0,33,0,0.0,2.0,2.0,1.0,A01
201300003038,0,10,0,0.0,2.0,3.0,15.0,B02
201300003039,0,7,0,1.0,0.0,2.0,0.0,A01
201300003040,0,7,0,0.0,1.0,2.0,1.0,A01
201300003041,0,7,0,0.0,1.0,1.0,14.0,A01
201300003042,0,7,0,13.0,0.0,3.0,1.0,A01
201300003043,0,7,0,0.0,2.0,2.0,1.0,A01
201300003043,0,7,0,0.0,2.0,8.0,9.0,B02
201300003044,0,10,0,0.0,2.0,2.0,1.0,A01
201300003044,0,7,0,0.0,2.0,3.0,9.0,B02
201300003045,0,7,0,0.0,2.0,3.0,19.0,A01
201300003045,0,7,0,0.0,2.0,2.0,1.0,B02
201300003046,0,33,0,0.0,0.0,0.0,1.0,A01
201300003047,0,7,0,14.0,0.0,0.0,1.0,B02
201300003047,0,32,0,0.0,0.0,7.0,1.0,A01
201300003048,0,7,0,2.0,0.0,3.0,0.0,A01
201300003049,0,7,0,2.0,0.0,1.0,0.0,A01
201300003050,0,7,0,7.0,2.0,3.0,1.0,A01
201300003050,0,7,0,11.0,2.0,1.0,19.0,B02
201300003051,0,7,0,0.0,2.0,7.0,19.0,A01
201300003051,0,10,0,0.0,2.0,1.0,1.0,B02
201300003052,0,7,0,0.0,2.0,3.0,1.0,B02
201300003052,0,7,0,0.0,2.0,3.0,5.0,A01
201300003053,0,7,0,6.0,0.0,0.0,13.0,A01
201300003054,0,7,0,0.0,2.0,5.0,15.0,A01
201300003054,0,2,0,0.0,2.0,1.0,1.0,B02
201300003055,0,21,0,0.0,0.0,7.0,1.0,A01
201300003055,0,39,0,0.0,2.0,1.0,1.0,B02
201300003056,0,7,0,0.0,1.0,2.0,1.0,A01
201300003057,0,7,0,0.0,2.0,3.0,1.0,B02
201300003057,0,7,0,0.0,2.0,3.0,13.0,A01
201300003058,0,10,0,0.0,9.0,7.0,17.0,A01
201300003058,0,1,0,0.0,2.0,8.0,1.0,B02
201300003059,0,7,0,0.0,2.0,8.0,1.0,B02
201300003059,0,7,0,0.0,2.0,3.0,1.0,C03
201300003059,0,7,0,0.0,2.0,3.0,13.0,A01
201300003060,0,7,0,2.0,0.0,1.0,13.0,A01
201300003061,0,7,0,0.0,2.0,7.0,1.0,A01
201300003061,0,7,0,0.0,2.0,1.0,1.0,B02
201300003062,0,7,0,0.0,2.0,1.0,13.0,A01
201300003062,0,7,0,0.0,2.0,3.0,1.0,B02
201300003063,0,7,0,8.0,0.0,1.0,13.0,A01
201300003064,0,7,0,0.0,1.0,1.0,1.0,A01
201300003065,0,7,0,2.0,0.0,8.0,1.0,A01
201300003066,0,7,0,0.0,2.0,2.0,19.0,A01
201300003066,0,1,0,0.0,2.0,8.0,1.0,B02
201300003067,0,31,0,13.0,0.0,7.0,1.0,A01
201300003068,0,7,0,0.0,2.0,7.0,19.0,A01
201300003068,0,33,0,0.0,2.0,1.0,1.0,B02
201300003069,0,7,0,0.0,2.0,1.0,1.0,A01
201300003069,0,7,0,0.0,2.0,1.0,9.0,B02
201300003070,0,7,0,0.0,0.0,2.0,13.0,A01
201300003071,0,10,0,0.0,2.0,1.0,1.0,B02
201300003071,0,7,0,0.0,2.0,1.0,13.0,A01
201300003072,0,7,0,0.0,0.0,1.0,1.0,A01
201300003073,0,7,0,6.0,0.0,1.0,13.0,A01
201300003074,0,2,0,0.0,2.0,3.0,15.0,B02
201300003074,0,7,0,0.0,2.0,2.0,17.0,A01
201300003075,0,7,0,0.0,2.0,4.0,2.0,A01
201300003075,0,15,0,0.0,2.0,6.0,1.0,B02
201300003075,0,7,0,0.0,2.0,0.0,2.0,C03
201300003075,0,7,0,0.0,2.0,1.0,2.0,D04
201300003075,0,7,0,3.0,0.0,1.0,2.0,E05
201300003075,0,7,0,0.0,2.0,6.0,2.0,F06
201300003075,0,7,0,0.0,2.0,8.0,2.0,G07
201300003075,0,7,0,0.0,2.0,1.0,2.0,H08
201300003075,0,10,0,0.0,2.0,2.0,2.0,I09
201300003075,0,7,0,0.0,2.0,4.0,2.0,J10
201300003075,0,14,0,0.0,2.0,3.0,2.0,K11
201300003075,0,7,0,0.0,2.0,1.0,1.0,L12
201300003075,0,7,0,0.0,2.0,4.0,1.0,M13
201300003075,0,7,0,0.0,2.0,9.0,2.0,N14
201300003075,0,7,0,0.0,2.0,1.0,2.0,O15
201300003075,0,7,0,0.0,2.0,4.0,1.0,P16
201300003075,0,7,0,0.0,2.0,8.0,2.0,Q17
201300003075,0,7,0,0.0,2.0,9.0,2.0,R18
201300003075,0,10,0,0.0,2.0,1.0,2.0,S19
201300003075,0,7,0,0.0,2.0,4.0,2.0,T20
201300003075,0,7,0,0.0,2.0,3.0,2.0,U21
201300003075,0,14,0,0.0,2.0,6.0,1.0,V22
201300003075,0,7,0,0.0,2.0,2.0,2.0,W23
201300003075,0,7,0,0.0,2.0,5.0,1.0,X24
201300003075,0,7,0,0.0,2.0,2.0,2.0,Y25
201300003075,0,7,0,0.0,2.0,3.0,2.0,Z26