Num_Acc,senc,catv,occutc,obs,obsm,choc,manv,num_veh
201300003353,0,33,0,0.0,2.0,1.0,1.0,B02
201300003353,0,7,0,0.0,2.0,8.0,19.0,A01
201300003354,0,7,0,6.0,0.0,8.0,1.0,A01
201300003355,0,7,0,8.0,0.0,1.0,14.0,A01
201300003356,0,7,0,6.0,0.0,2.0,13.0,A01
201300003357,0,7,0,0.0,2.0,3.0,15.0,A01
201300003357,0,21,0,0.0,2.0,1.0,0.0,B02
201300003358,0,30,0,0.0,2.0,2.0,1.0,B02
201300003358,0,7,0,0.0,2.0,3.0,9.0,A01
201300003359,0,7,0,0.0,2.0,3.0,15.0,A01
201300003359,0,30,0,0.0,2.0,1.0,1.0,B02
201300003360,0,7,0,0.0,2.0,3.0,1.0,B02
201300003360,0,7,0,0.0,2.0,2.0,5.0,A01
201300003361,0,36,0,13.0,0.0,2.0,14.0,A01
201300003362,0,10,0,0.0,2.0,3.0,1.0,B02
201300003362,0,7,0,0.0,2.0,1.0,15.0,A01
201300003363,0,7,0,0.0,2.0,3.0,1.0,A01
201300003363,0,1,0,0.0,2.0,0.0,1.0,C02
201300003363,0,1,0,0.0,2.0,1.0,1.0,B02
201300003364,0,7,0,0.0,2.0,3.0,13.0,A01
201300003364,0,7,0,0.0,2.0,3.0,1.0,B02
201300003365,0,7,0,6.0,0.0,8.0,0.0,A01
201300003366,0,7,0,0.0,1.0,1.0,1.0,A01
201300003367,1,7,0,0.0,2.0,2.0,1.0,A01
201300003367,0,1,0,0.0,2.0,8.0,19.0,B02
201300003368,0,7,0,0.0,1.0,1.0,15.0,A01
201300003369,0,7,0,0.0,2.0,1.0,1.0,C03
201300003369,0,7,0,0.0,2.0,6.0,1.0,B02
201300003369,0,7,0,0.0,2.0,2.0,17.0,A01
201300003370,0,33,0,0.0,5.0,1.0,21.0,A01
201300003371,0,7,0,0.0,2.0,1.0,0.0,A01
201300003371,0,7,0,0.0,2.0,8.0,0.0,B02
201300003372,0,7,0,2.0,0.0,3.0,1.0,A01
201300003373,0,7,0,0.0,0.0,1.0,1.0,A01
201300003374,0,10,0,13.0,0.0,8.0,1.0,A01
201300003375,0,7,0,0.0,2.0,2.0,15.0,A01
201300003375,0,2,0,0.0,2.0,3.0,1.0,B02
201300003376,0,7,0,2.0,0.0,1.0,1.0,A01
201300003377,0,7,0,8.0,0.0,0.0,2.0,A01
201300003378,0,7,0,0.0,2.0,1.0,1.0,B02
201300003378,0,30,0,0.0,2.0,7.0,19.0,A01
201300003379,0,33,0,0.0,0.0,8.0,1.0,A01
201300003380,0,14,0,10.0,0.0,0.0,1.0,A01
201300003381,0,7,0,0.0,0.0,8.0,6.0,A01
201300003381,0,7,0,0.0,2.0,1.0,2.0,B02
201300003382,0,33,0,0.0,2.0,3.0,13.0,A01
201300003382,0,7,0,0.0,2.0,3.0,1.0,B02
201300003383,0,7,0,0.0,2.0,3.0,13.0,A01
201300003383,0,33,0,0.0,2.0,9.0,1.0,B02
201300003384,0,7,0,2.0,0.0,1.0,13.0,A01
201300003385,0,30,0,0.0,2.0,1.0,13.0,A01
201300003385,0,7,0,0.0,2.0,2.0,1.0,B02
201300003386,0,7,0,6.0,0.0,2.0,1.0,A01
201300003387,0,2,0,0.0,2.0,3.0,15.0,A01
201300003387,0,7,0,0.0,2.0,6.0,1.0,B02
201300003388,0,7,0,2.0,0.0,4.0,1.0,A01
201300003389,0,7,0,0.0,2.0,1.0,13.0,A01
201300003389,0,10,0,0.0,2.0,1.0,1.0,B02
201300003390,0,10,0,6.0,0.0,4.0,0.0,A01
201300003391,0,7,0,0.0,2.0,3.0,1.0,B02
201300003391,0,30,0,0.0,2.0,1.0,13.0,A01
201300003392,0,7,0,0.0,2.0,8.0,19.0,B02
201300003392,0,10,0,0.0,2.0,1.0,1.0,A01
201300003393,0,7,0,1.0,1.0,2.0,1.0,A01
201300003393,0,7,0,0.0,2.0,2.0,23.0,B02
201300003394,0,33,0,4.0,0.0,8.0,1.0,A01
201300003395,0,7,0,0.0,2.0,3.0,1.0,A01
201300003395,0,21,0,0.0,2.0,3.0,1.0,B02
201300003396,0,7,0,8.0,0.0,1.0,1.0,A01
201300003397,0,7,0,0.0,2.0,7.0,1.0,A01
201300003397,0,7,0,0.0,2.0,1.0,1.0,B02
201300003398,0,7,0,0.0,2.0,2.0,15.0,A01
201300003398,0,2,0,0.0,2.0,1.0,1.0,B02
201300003399,0,2,0,0.0,0.0,7.0,16.0,A01
201300003400,0,7,0,0.0,2.0,1.0,1.0,A01
201300003400,0,1,0,0.0,2.0,7.0,0.0,B02
201300003401,0,7,0,0.0,2.0,1.0,19.0,A01
201300003401,0,7,0,0.0,2.0,3.0,1.0,B02
201300003402,0,7,0,13.0,0.0,1.0,13.0,A01
201300003403,0,17,0,0.0,2.0,3.0,1.0,B02
201300003403,0,7,0,0.0,2.0,3.0,13.0,A01
201300003404,0,15,0,0.0,2.0,3.0,0.0,B02
201300003404,0,7,0,0.0,2.0,1.0,13.0,A01
201300003405,0,7,0,13.0,0.0,2.0,14.0,A01
201300003406,0,2,0,0.0,2.0,3.0,19.0,A01
201300003406,0,7,0,0.0,2.0,1.0,1.0,B02
201300003407,0,7,0,0.0,2.0,3.0,13.0,A01
201300003407,0,15,0,0.0,2.0,3.0,21.0,B02
201300003408,0,7,0,0.0,2.0,3.0,13.0,A01
201300003408,0,7,0,0.0,2.0,8.0,1.0,B02
201300003409,0,7,0,13.0,0.0,9.0,1.0,A01
201300003410,0,7,0,13.0,0.0,1.0,1.0,A01
201300003411,0,7,0,0.0,2.0,0.0,1.0,A01
201300003411,0,30,0,0.0,0.0,1.0,15.0,B02
201300003412,0,7,0,0.0,2.0,3.0,13.0,A01
201300003412,0,21,0,0.0,2.0,2.0,23.0,B02
201300003413,0,10,0,0.0,1.0,5.0,4.0,A01
201300003414,0,7,0,0.0,2.0,3.0,17.0,A01
201300003414,0,7,0,0.0,2.0,3.0,16.0,B02
201300003415,0,7,0,13.0,0.0,9.0,1.0,A01
201300003416,0,33,0,0.0,2.0,1.0,2.0,B02
201300003416,0,7,0,0.0,2.0,4.0,16.0,A01
201300003417,0,31,0,0.0,2.0,1.0,1.0,B02
201300003417,0,7,0,0.0,2.0,8.0,15.0,A01
201300003418,0,7,0,6.0,0.0,1.0,1.0,A01
201300003419,0,7,0,0.0,2.0,3.0,1.0,A01
201300003419,0,3,0,0.0,2.0,2.0,19.0,B02
201300003420,0,7,0,0.0,2.0,3.0,1.0,A01
201300003420,0,1,0,0.0,2.0,1.0,1.0,B02
201300003421,0,7,0,0.0,2.0,3.0,13.0,A01
201300003421,0,10,0,0.0,2.0,3.0,1.0,B02
201300003421,0,10,0,0.0,2.0,1.0,2.0,C03
201300003422,0,7,0,0.0,0.0,9.0,1.0,A01
201300003423,0,7,0,0.0,2.0,1.0,1.0,A01
201300003423,0,7,0,0.0,2.0,1.0,1.0,B02
201300003424,0,7,0,0.0,0.0,9.0,1.0,A01
201300003425,0,7,0,0.0,2.0,8.0,15.0,A01
201300003425,0,33,0,0.0,2.0,1.0,17.0,B02
201300003426,0,7,0,2.0,0.0,8.0,1.0,A01
201300003427,0,7,0,0.0,2.0,2.0,17.0,A01
201300003427,0,7,0,0.0,2.0,3.0,15.0,B02
201300003428,0,13,0,0.0,2.0,3.0,9.0,A01
201300003428,0,30,0,0.0,2.0,1.0,9.0,B02
201300003429,0,2,0,6.0,0.0,1.0,21.0,A01
201300003430,0,7,0,2.0,0.0,1.0,1.0,A01
201300003431,0,7,0,2.0,0.0,1.0,0.0,A01
201300003432,0,7,0,0.0,2.0,1.0,15.0,A01
201300003432,0,7,0,0.0,2.0,3.0,1.0,B02
201300003433,0,30,0,0.0,0.0,1.0,1.0,A01
201300003434,0,7,0,2.0,0.0,1.0,1.0,A01
201300003435,0,2,0,3.0,0.0,1.0,1.0,A01
201300003436,0,7,0,0.0,0.0,2.0,1.0,A01
201300003437,0,7,0,6.0,0.0,2.0,1.0,A01
201300003438,0,7,0,15.0,0.0,3.0,13.0,A01
201300003439,0,7,0,0.0,9.0,2.0,1.0,A01
201300003439,0,1,0,0.0,2.0,4.0,1.0,B02
201300003440,0,31,0,0.0,6.0,1.0,1.0,A01
201300003441,0,7,0,13.0,0.0,9.0,0.0,A01
201300003442,0,7,0,6.0,0.0,4.0,0.0,A01
201300003443,0,10,0,13.0,0.0,1.0,0.0,A01
201300003444,0,17,0,0.0,2.0,6.0,1.0,A01
201300003444,0,13,0,0.0,2.0,3.0,1.0,B02
201300003445,0,7,0,8.0,0.0,2.0,0.0,A01
201300003446,0,7,0,0.0,0.0,9.0,1.0,A01
201300003447,0,7,0,0.0,2.0,1.0,2.0,A01
201300003447,0,7,0,0.0,2.0,4.0,2.0,B02
201300003448,0,3,0,3.0,0.0,0.0,1.0,A01
201300003449,0,7,0,13.0,0.0,8.0,1.0,A01
201300003450,0,7,0,0.0,2.0,2.0,13.0,B02
201300003450,0,31,0,0.0,2.0,1.0,1.0,A01
201300003451,0,7,0,0.0,2.0,1.0,15.0,A01
201300003451,0,1,0,0.0,2.0,7.0,1.0,B02
201300003452,0,7,0,0.0,0.0,9.0,1.0,A01
201300003453,0,7,0,0.0,2.0,3.0,15.0,A01
201300003453,0,33,0,0.0,2.0,8.0,1.0,B02
201300003454,0,33,0,0.0,6.0,1.0,1.0,A01
201300003455,0,31,0,0.0,0.0,7.0,19.0,A01
201300003455,0,7,0,0.0,2.0,3.0,1.0,B02
201300003456,0,33,0,0.0,2.0,1.0,5.0,A01
201300003456,0,7,0,0.0,2.0,2.0,1.0,B02
201300003457,0,2,0,0.0,2.0,1.0,1.0,B02
201300003457,0,7,0,0.0,2.0,2.0,15.0,A01
201300003458,0,7,0,0.0,0.0,4.0,10.0,A01
201300003458,0,7,0,0.0,2.0,1.0,1.0,B02
201300003459,0,14,0,0.0,2.0,4.0,1.0,B02
201300003459,0,7,0,0.0,2.0,1.0,1.0,A01
201300003460,0,21,0,0.0,0.0,6.0,1.0,A01
201300003460,0,7,0,0.0,2.0,2.0,1.0,C03
201300003460,0,7,0,0.0,2.0,1.0,1.0,B02
201300003461,0,10,0,0.0,2.0,1.0,1.0,B02
201300003461,0,33,0,0.0,2.0,1.0,1.0,A01
201300003462,0,7,0,13.0,0.0,1.0,1.0,A01
201300003463,1,7,0,0.0,2.0,7.0,15.0,B02
201300003463,0,33,0,0.0,2.0,3.0,1.0,A01
201300003464,0,7,0,0.0,2.0,3.0,1.0,B02
201300003464,0,7,0,0.0,2.0,3.0,1.0,A01
201300003465,0,7,0,0.0,2.0,1.0,13.0,B02
201300003465,0,7,0,0.0,2.0,1.0,1.0,A01
201300003466,0,7,0,13.0,0.0,1.0,1.0,A01
201300003467,0,7,0,0.0,1.0,3.0,1.0,A01
201300003468,0,10,0,0.0,0.0,1.0,1.0,C03
201300003468,0,7,0,0.0,2.0,7.0,15.0,B02
201300003468,0,7,0,0.0,2.0,1.0,1.0,A01
201300003469,0,2,0,0.0,2.0,5.0,1.0,A01
201300003469,0,7,0,0.0,2.0,2.0,9.0,B02
201300003470,0,7,0,0.0,2.0,1.0,17.0,A01
201300003470,0,10,0,0.0,2.0,1.0,1.0,B02
201300003471,0,7,0,7.0,0.0,1.0,1.0,A01
201300003472,0,7,0,16.0,0.0,9.0,1.0,A01
201300003473,0,2,0,0.0,2.0,1.0,13.0,A01
201300003473,0,10,0,0.0,2.0,2.0,13.0,B02
201300003474,0,33,0,16.0,0.0,8.0,1.0,A01
201300003475,0,33,0,12.0,0.0,1.0,0.0,A01
201300003476,0,7,0,13.0,0.0,1.0,1.0,A01
201300003477,0,7,0,0.0,2.0,2.0,1.0,A01
201300003477,0,7,0,0.0,2.0,3.0,16.0,B02
201300003477,0,7,0,0.0,2.0,3.0,24.0,C03
201300003478,0,33,0,0.0,2.0,7.0,1.0,B02
201300003478,0,7,0,0.0,2.0,2.0,15.0,A01
201300003479,0,7,0,2.0,0.0,1.0,19.0,A01
201300003480,0,14,0,0.0,1.0,7.0,2.0,A01
201300003481,0,7,0,13.0,0.0,7.0,1.0,A01
201300003482,0,30,0,16.0,0.0,9.0,1.0,A01
201300003483,0,7,0,0.0,0.0,5.0,1.0,B02
201300003483,0,7,0,8.0,1.0,2.0,1.0,A01
201300003484,0,7,0,0.0,1.0,3.0,1.0,A01
201300003485,0,1,0,0.0,0.0,4.0,1.0,A01
201300003485,0,1,0,0.0,0.0,0.0,0.0,B02
201300003486,0,7,0,0.0,0.0,2.0,1.0,A01
201300003486,0,1,0,0.0,2.0,8.0,13.0,B02
201300003487,0,33,0,13.0,0.0,1.0,13.0,A01
201300003488,0,2,0,0.0,2.0,1.0,1.0,B02
201300003488,0,7,0,0.0,2.0,1.0,5.0,A01
201300003489,0,7,0,0.0,2.0,2.0,15.0,A01
201300003489,0,2,0,0.0,2.0,1.0,1.0,B02
201300003490,0,7,0,0.0,2.0,1.0,9.0,A01
201300003490,0,1,0,0.0,2.0,4.0,1.0,B02
201300003491,0,1,0,0.0,2.0,7.0,1.0,B02
201300003491,0,30,0,0.0,2.0,3.0,15.0,A01
201300003492,0,33,0,0.0,2.0,8.0,1.0,A01
201300003492,0,7,0,0.0,2.0,1.0,1.0,B02
201300003493,0,7,0,0.0,2.0,1.0,17.0,A01
201300003493,0,7,0,0.0,2.0,1.0,1.0,B02
201300003494,0,7,0,0.0,1.0,1.0,1.0,A01
201300003495,0,7,0,6.0,0.0,1.0,13.0,A01
201300003496,0,7,0,13.0,0.0,2.0,1.0,A01
201300003497,0,10,0,0.0,0.0,2.0,1.0,A01
201300003498,0,1,0,6.0,0.0,1.0,15.0,A01
201300003499,0,7,0,0.0,2.0,0.0,1.0,B02
201300003499,0,7,0,0.0,2.0,7.0,13.0,A01
201300003500,0,1,0,0.0,2.0,3.0,1.0,B02
201300003500,0,10,0,0.0,2.0,2.0,2.0,A01
201300003501,0,21,0,0.0,2.0,5.0,15.0,B02
201300003501,0,31,0,0.0,2.0,1.0,17.0,A01
201300003502,0,7,0,13.0,0.0,3.0,13.0,A01
201300003503,0,7,0,0.0,2.0,3.0,15.0,B02
201300003503,0,30,0,0.0,2.0,2.0,17.0,A01
201300003504,0,7,0,1.0,0.0,1.0,1.0,A01
201300003505,0,7,0,8.0,0.0,1.0,14.0,A01
201300003506,0,7,0,0.0,1.0,3.0,15.0,A01
201300003507,0,7,0,16.0,0.0,9.0,1.0,A01
201300003508,0,33,0,2.0,0.0,1.0,13.0,A01
201300003509,0,10,0,0.0,2.0,7.0,15.0,A01
201300003509,0,2,0,0.0,2.0,1.0,1.0,B02
201300003510,0,7,0,0.0,1.0,2.0,1.0,A01
201300003511,0,2,0,0.0,0.0,3.0,2.0,A01
201300003511,0,7,0,0.0,0.0,7.0,2.0,B02
201300003512,0,7,0,0.0,2.0,7.0,13.0,A01
201300003512,0,7,0,0.0,2.0,1.0,1.0,B02
201300003513,0,2,0,0.0,2.0,1.0,1.0,A01
201300003513,0,7,0,0.0,2.0,3.0,15.0,B02
201300003514,0,2,0,0.0,2.0,8.0,19.0,B02
201300003514,0,7,0,0.0,2.0,2.0,1.0,A01
201300003515,0,7,0,0.0,2.0,2.0,1.0,A01
201300003515,0,7,0,0.0,2.0,3.0,15.0,B02
201300003516,0,7,0,0.0,1.0,1.0,1.0,A01
201300003517,0,10,0,13.0,0.0,1.0,2.0,A01
201300003518,0,7,0,8.0,0.0,3.0,1.0,A01
201300003519,0,7,0,0.0,0.0,9.0,1.0,A01
201300003520,0,33,0,0.0,0.0,8.0,1.0,A01
201300003521,0,7,0,0.0,2.0,1.0,1.0,B02
201300003521,0,7,0,0.0,2.0,1.0,1.0,A01
201300003522,0,7,0,13.0,0.0,9.0,0.0,A01
201300003523,0,7,0,0.0,2.0,7.0,17.0,A01
201300003523,0,1,0,0.0,2.0,3.0,1.0,B02
201300003524,0,7,0,8.0,0.0,1.0,1.0,A01
201300003525,0,7,0,1.0,0.0,2.0,1.0,A01
201300003526,0,10,0,13.0,0.0,1.0,1.0,A01
201300003527,0,7,0,16.0,0.0,1.0,14.0,A01
201300003528,0,7,0,0.0,2.0,3.0,13.0,A01
201300003528,0,7,0,0.0,2.0,1.0,1.0,B02
201300003529,0,7,0,0.0,0.0,1.0,13.0,A01
201300003529,0,7,0,0.0,0.0,1.0,1.0,B02
201300003530,0,7,0,13.0,0.0,7.0,1.0,A01
201300003531,0,21,0,0.0,0.0,6.0,2.0,A01
201300003531,0,7,0,0.0,2.0,1.0,2.0,B02
201300003532,0,7,0,2.0,0.0,2.0,1.0,A01
201300003533,0,7,0,0.0,2.0,3.0,9.0,A01
201300003533,0,2,0,1.0,2.0,1.0,17.0,B02
201300003534,0,7,0,2.0,0.0,3.0,13.0,A01
201300003535,0,2,0,0.0,2.0,1.0,1.0,A01
201300003535,0,7,0,0.0,2.0,2.0,1.0,B02
201300003536,0,7,0,8.0,0.0,1.0,1.0,A01
201300003537,0,7,0,2.0,0.0,1.0,1.0,A01
201300003538,0,10,0,0.0,1.0,3.0,1.0,A01
201300003539,0,7,0,0.0,1.0,1.0,1.0,A01
201300003540,0,10,0,0.0,2.0,3.0,1.0,A01
201300003540,0,10,0,0.0,2.0,1.0,1.0,B02
201300003541,0,30,0,0.0,2.0,1.0,1.0,A01
201300003541,0,7,0,0.0,2.0,7.0,1.0,B02
201300003542,0,31,0,8.0,0.0,7.0,1.0,A01
201300003543,0,7,0,0.0,0.0,1.0,13.0,A01
201300003543,0,7,0,0.0,0.0,1.0,1.0,B02
201300003544,0,33,0,1.0,0.0,8.0,1.0,A01
201300003545,0,33,0,0.0,0.0,1.0,1.0,A01
201300003546,0,7,0,6.0,0.0,2.0,14.0,A01
201300003547,0,31,0,0.0,0.0,8.0,1.0,A01
201300003548,0,30,0,15.0,0.0,1.0,1.0,A01
201300003549,0,7,0,8.0,0.0,2.0,21.0,A01
201300003550,0,7,0,0.0,1.0,7.0,2.0,A01
201300003551,0,7,0,0.0,2.0,3.0,1.0,B02
201300003551,0,7,0,0.0,2.0,3.0,13.0,A01
201300003552,0,31,0,0.0,0.0,8.0,17.0,A01
201300003553,0,7,0,6.0,0.0,1.0,1.0,A01
201300003554,0,7,0,13.0,0.0,1.0,14.0,A01
201300003555,0,7,0,2.0,0.0,3.0,11.0,A01
201300003556,0,10,0,0.0,2.0,1.0,15.0,A01
201300003556,0,7,0,0.0,2.0,1.0,1.0,B02
201300003556,0,7,0,0.0,2.0,3.0,23.0,C03
201300003557,0,30,0,0.0,1.0,1.0,1.0,A01
201300003558,0,7,0,1.0,0.0,2.0,13.0,A01
201300003558,0,7,0,0.0,2.0,6.0,0.0,C03
201300003558,0,7,0,0.0,2.0,1.0,0.0,B02
201300003559,0,7,0,0.0,2.0,7.0,0.0,B02
201300003559,0,33,0,0.0,2.0,3.0,1.0,A01
201300003560,0,10,0,0.0,0.0,5.0,15.0,A01
201300003560,0,2,0,0.0,2.0,1.0,2.0,B02
201300003561,0,7,0,0.0,2.0,3.0,19.0,A01
201300003561,0,7,0,0.0,2.0,8.0,1.0,B02
201300003562,0,33,0,0.0,2.0,7.0,17.0,B02
201300003562,0,7,0,0.0,0.0,8.0,15.0,A01
201300003563,0,7,0,0.0,2.0,2.0,17.0,A01
201300003563,0,7,0,0.0,2.0,1.0,1.0,B02
201300003564,0,30,0,0.0,2.0,7.0,13.0,A01
201300003564,0,30,0,0.0,2.0,1.0,1.0,B02
201300003565,0,2,0,0.0,2.0,1.0,1.0,B02
201300003565,0,10,0,0.0,2.0,2.0,15.0,A01
201300003566,0,10,0,0.0,2.0,8.0,1.0,A01
201300003566,0,7,0,0.0,2.0,3.0,1.0,B02
201300003567,0,7,0,0.0,2.0,8.0,1.0,D04
201300003567,0,7,0,0.0,2.0,1.0,1.0,C03
201300003567,0,10,0,0.0,2.0,1.0,1.0,B02
201300003567,0,7,0,0.0,2.0,3.0,13.0,A01
201300003568,0,7,0,0.0,1.0,2.0,1.0,A01
201300003569,0,1,0,0.0,2.0,3.0,10.0,A01
201300003569,0,7,0,0.0,9.0,1.0,1.0,B02
201300003570,0,33,0,0.0,0.0,8.0,1.0,A01
201300003571,0,7,0,0.0,2.0,1.0,1.0,C03
201300003571,0,7,0,0.0,2.0,1.0,15.0,A01
201300003571,0,7,0,0.0,2.0,1.0,1.0,B02
201300003572,0,7,0,0.0,2.0,1.0,1.0,A01
201300003572,0,7,0,0.0,2.0,0.0,19.0,B02
201300003573,0,7,0,13.0,0.0,1.0,1.0,A01
201300003574,0,7,0,0.0,2.0,2.0,19.0,A01
201300003574,0,33,0,0.0,2.0,1.0,17.0,B02
201300003575,0,7,0,0.0,2.0,1.0,1.0,B02
201300003575,0,7,0,0.0,2.0,8.0,15.0,A01
201300003576,0,7,0,0.0,2.0,3.0,1.0,B02
201300003576,0,33,0,0.0,2.0,1.0,17.0,A01
201300003577,0,33,0,0.0,2.0,1.0,1.0,B02
201300003577,0,7,0,0.0,2.0,8.0,15.0,A01
201300003578,0,14,0,13.0,0.0,1.0,1.0,A01
201300003579,0,33,0,14.0,0.0,8.0,1.0,A01
201300003580,0,7,0,13.0,0.0,2.0,1.0,A01
201300003581,0,7,0,0.0,2.0,1.0,2.0,A01
201300003581,0,10,0,0.0,2.0,4.0,1.0,B02
201300003582,0,33,0,0.0,2.0,1.0,17.0,B02
201300003582,0,7,0,0.0,0.0,6.0,15.0,A01
201300003583,0,7,0,0.0,2.0,1.0,15.0,B02
201300003583,0,1,0,0.0,2.0,8.0,1.0,A01
201300003584,0,7,0,0.0,0.0,3.0,1.0,B02
201300003584,0,7,0,0.0,0.0,3.0,13.0,A01
201300003585,0,7,0,0.0,1.0,2.0,1.0,A01
201300003586,0,7,0,0.0,1.0,2.0,17.0,A01
201300003587,0,7,0,0.0,2.0,3.0,13.0,A01
201300003587,0,7,0,0.0,2.0,1.0,0.0,B02
201300003588,0,7,0,0.0,2.0,3.0,1.0,A01
201300003588,0,7,0,0.0,2.0,3.0,1.0,B02
201300003589,0,31,0,0.0,2.0,1.0,17.0,B02
201300003589,0,7,0,0.0,2.0,3.0,9.0,A01
201300003589,0,15,0,0.0,2.0,0.0,1.0,C03
201300003590,0,7,0,0.0,2.0,1.0,9.0,A01
201300003590,0,30,0,0.0,2.0,2.0,3.0,B02
201300003591,0,10,0,0.0,1.0,0.0,1.0,A01
201300003592,0,10,0,0.0,1.0,4.0,4.0,A01
201300003593,0,7,0,0.0,2.0,3.0,1.0,C03
201300003593,0,7,0,0.0,2.0,3.0,5.0,A01
201300003593,0,33,0,0.0,2.0,1.0,17.0,B02
201300003594,0,10,0,0.0,2.0,2.0,19.0,A01
201300003594,0,7,0,0.0,2.0,1.0,0.0,B02
201300003595,0,7,0,13.0,0.0,2.0,1.0,A01
201300003596,0,33,0,0.0,2.0,1.0,1.0,B02
201300003596,0,7,0,0.0,2.0,7.0,15.0,A01
201300003597,0,7,0,8.0,0.0,1.0,1.0,A01
201300003598,0,7,0,0.0,2.0,3.0,15.0,B02
201300003598,0,2,0,0.0,2.0,1.0,1.0,A01
201300003599,0,1,0,0.0,2.0,1.0,19.0,B02
201300003599,0,7,0,0.0,2.0,3.0,1.0,A01
201300003600,0,7,0,6.0,0.0,1.0,0.0,A01
201300003601,0,34,0,0.0,2.0,0.0,1.0,A01
201300003601,0,10,0,0.0,2.0,7.0,6.0,B02
201300003602,0,7,0,0.0,2.0,1.0,1.0,B02
201300003602,0,7,0,0.0,2.0,1.0,13.0,A01
201300003603,0,10,0,2.0,0.0,7.0,1.0,A01
201300003604,0,14,0,0.0,2.0,4.0,1.0,A01
201300003604,0,7,0,0.0,2.0,8.0,1.0,B02
201300003605,0,7,0,0.0,1.0,1.0,15.0,A01
201300003606,0,2,0,0.0,2.0,2.0,17.0,A01
201300003606,0,7,0,0.0,2.0,3.0,15.0,B02
201300003607,0,7,0,0.0,2.0,3.0,1.0,A01
201300003607,0,33,0,0.0,2.0,1.0,1.0,B02
201300003608,0,10,0,0.0,2.0,3.0,15.0,A01
201300003608,0,10,0,0.0,2.0,3.0,1.0,B02
201300003609,0,7,0,0.0,1.0,3.0,1.0,A01
201300003610,0,3,0,0.0,2.0,3.0,15.0,A01
201300003610,0,33,0,0.0,2.0,7.0,1.0,B02
201300003611,0,31,0,0.0,2.0,1.0,1.0,A01
201300003611,0,7,0,0.0,2.0,2.0,1.0,B02
201300003612,0,7,0,0.0,1.0,2.0,1.0,A01
201300003613,0,7,0,0.0,0.0,3.0,1.0,B02
201300003613,0,10,0,0.0,2.0,1.0,1.0,A01
201300003614,0,7,0,13.0,0.0,1.0,1.0,A01
201300003615,0,7,0,0.0,0.0,3.0,15.0,A01
201300003615,0,1,0,0.0,0.0,3.0,0.0,B02
201300003616,0,31,0,2.0,0.0,1.0,1.0,A01
201300003617,0,7,0,2.0,0.0,3.0,1.0,A01
201300003618,0,7,0,0.0,1.0,3.0,1.0,A01
201300003619,0,7,0,2.0,0.0,8.0,1.0,A01
201300003620,0,7,0,0.0,1.0,2.0,1.0,A01
201300003621,0,7,0,0.0,2.0,3.0,13.0,A01
201300003621,0,7,0,0.0,2.0,1.0,1.0,B02
201300003621,0,7,0,0.0,2.0,3.0,1.0,C03
201300003622,0,33,0,13.0,0.0,1.0,1.0,A01
201300003623,0,7,0,0.0,2.0,3.0,1.0,B02
201300003623,0,7,0,0.0,2.0,3.0,13.0,A01
201300003624,0,30,0,0.0,1.0,1.0,1.0,A01
201300003625,0,33,0,0.0,2.0,1.0,1.0,A01
201300003625,0,7,0,0.0,2.0,3.0,15.0,B02
201300003626,0,7,0,9.0,0.0,1.0,13.0,A01
201300003627,0,7,0,6.0,2.0,2.0,1.0,B02
201300003627,0,7,0,6.0,2.0,8.0,19.0,A01
201300003628,0,10,0,3.0,2.0,3.0,1.0,B02
201300003628,0,10,0,0.0,2.0,3.0,11.0,A01
201300003628,0,10,0,0.0,2.0,1.0,1.0,C03
201300003629,0,7,0,2.0,0.0,1.0,0.0,A01
201300003630,0,15,0,0.0,2.0,6.0,1.0,B02
201300003630,0,33,0,11.0,2.0,1.0,17.0,A01
201300003631,0,7,0,0.0,2.0,1.0,1.0,B02
201300003631,0,7,0,0.0,2.0,3.0,19.0,A01
201300003632,0,7,0,0.0,2.0,3.0,1.0,B02
201300003632,0,7,0,0.0,2.0,3.0,5.0,A01
201300003633,0,7,0,0.0,2.0,1.0,1.0,B02
201300003633,0,7,0,0.0,2.0,1.0,1.0,C03
201300003633,0,7,0,0.0,2.0,1.0,13.0,A01
201300003634,0,30,0,1.0,0.0,1.0,2.0,A01
201300003635,0,33,0,0.0,2.0,1.0,1.0,B02
201300003635,0,7,0,0.0,2.0,8.0,19.0,A01
201300003636,0,10,0,0.0,0.0,4.0,23.0,B02
201300003636,0,15,0,0.0,2.0,1.0,2.0,A01
201300003637,0,7,0,0.0,1.0,1.0,1.0,A01
201300003638,0,7,0,0.0,2.0,3.0,1.0,B02
201300003638,0,7,0,0.0,2.0,3.0,13.0,A01
201300003639,0,7,0,13.0,0.0,3.0,16.0,A01
201300003640,0,7,0,10.0,2.0,3.0,1.0,B02
201300003640,0,7,0,0.0,2.0,3.0,15.0,A01
201300003641,0,7,0,2.0,0.0,3.0,1.0,A01
201300003642,0,1,0,0.0,2.0,1.0,1.0,B02
201300003642,0,7,0,0.0,2.0,7.0,15.0,A01
201300003643,0,7,0,0.0,2.0,3.0,1.0,A01
201300003643,0,10,0,0.0,2.0,3.0,1.0,B02
201300003644,0,30,0,0.0,2.0,8.0,1.0,B02
201300003644,0,14,0,0.0,2.0,0.0,17.0,A01
201300003645,0,7,0,6.0,0.0,2.0,14.0,A01