Num_Acc,senc,catv,occutc,obs,obsm,choc,manv,num_veh
201300003646,0,10,0,0.0,2.0,1.0,13.0,A01
201300003646,0,7,0,0.0,2.0,1.0,1.0,B02
201300003647,0,7,0,0.0,0.0,8.0,19.0,A01
201300003647,0,2,0,0.0,2.0,1.0,1.0,B02
201300003648,0,30,0,0.0,2.0,8.0,19.0,B02
201300003648,0,7,0,0.0,2.0,2.0,1.0,A01
201300003649,0,33,0,0.0,0.0,4.0,1.0,B02
201300003649,0,7,0,0.0,2.0,1.0,1.0,A01
201300003650,0,7,0,13.0,0.0,1.0,1.0,A01
201300003651,0,7,0,0.0,2.0,1.0,1.0,C03
201300003651,0,7,0,0.0,2.0,3.0,1.0,B02
201300003651,0,10,0,0.0,2.0,3.0,13.0,A01
201300003652,0,7,0,0.0,2.0,7.0,15.0,A01
201300003652,0,33,0,0.0,2.0,1.0,1.0,B02
201300003653,0,7,0,0.0,2.0,1.0,1.0,A01
201300003653,0,7,0,0.0,2.0,1.0,13.0,B02
201300003654,0,7,0,13.0,0.0,1.0,1.0,A01
201300003655,0,7,0,0.0,2.0,5.0,15.0,A01
201300003655,0,33,0,0.0,2.0,1.0,1.0,B02
201300003656,0,7,0,0.0,2.0,1.0,13.0,A01
201300003656,0,7,0,0.0,2.0,1.0,1.0,B02
201300003657,0,7,0,0.0,2.0,1.0,1.0,B02
201300003657,0,7,0,0.0,2.0,8.0,15.0,A01
201300003658,0,14,0,0.0,2.0,2.0,15.0,A01
201300003658,0,33,0,0.0,2.0,1.0,1.0,B02
201300003659,0,33,0,13.0,0.0,9.0,13.0,A01
201300003660,0,2,0,0.0,2.0,1.0,1.0,A01
201300003660,0,7,0,0.0,0.0,7.0,1.0,B02
201300003661,0,7,0,0.0,2.0,7.0,15.0,A01
201300003661,0,34,0,0.0,2.0,1.0,1.0,B02
201300003662,0,1,0,7.0,0.0,1.0,1.0,A01
201300003663,0,32,0,0.0,2.0,7.0,1.0,B02
201300003663,0,7,0,0.0,9.0,3.0,1.0,A01
201300003664,0,30,0,0.0,2.0,2.0,2.0,B02
201300003664,0,7,0,0.0,2.0,3.0,11.0,A01
201300003665,0,2,0,0.0,2.0,8.0,1.0,B02
201300003665,0,7,0,0.0,2.0,1.0,15.0,A01
201300003666,0,7,0,0.0,1.0,3.0,1.0,A01
201300003667,0,7,0,2.0,0.0,8.0,1.0,A01
201300003668,0,7,0,9.0,0.0,6.0,1.0,A01
201300003669,0,10,0,0.0,2.0,1.0,1.0,A01
201300003669,0,1,0,0.0,2.0,4.0,1.0,C03
201300003669,0,7,0,0.0,2.0,4.0,1.0,B02
201300003670,0,7,0,0.0,2.0,8.0,1.0,B02
201300003670,0,10,0,0.0,2.0,1.0,19.0,A01
201300003671,0,31,0,12.0,0.0,0.0,1.0,A01
201300003672,0,1,0,0.0,0.0,0.0,23.0,A01
201300003672,0,21,0,0.0,0.0,0.0,1.0,B02
201300003673,0,21,0,13.0,0.0,1.0,1.0,A01
201300003674,0,7,0,2.0,0.0,9.0,0.0,A01
201300003675,0,7,0,2.0,0.0,3.0,13.0,A01
201300003676,0,7,0,0.0,2.0,1.0,1.0,A01
201300003676,0,7,0,8.0,0.0,4.0,1.0,B02
201300003677,1,7,0,0.0,1.0,7.0,1.0,A01
201300003678,0,7,0,0.0,0.0,0.0,1.0,A01
201300003679,0,7,0,0.0,2.0,3.0,13.0,A01
201300003679,0,17,0,0.0,2.0,3.0,1.0,B02
201300003680,0,7,0,13.0,2.0,8.0,1.0,A01
201300003680,0,7,0,2.0,2.0,3.0,1.0,B02
201300003681,0,7,0,0.0,1.0,3.0,1.0,A01
201300003682,0,7,0,0.0,2.0,1.0,1.0,C03
201300003682,0,7,0,0.0,2.0,1.0,1.0,B02
201300003682,0,7,0,3.0,2.0,2.0,13.0,A01
201300003683,0,2,0,0.0,2.0,1.0,1.0,B02
201300003683,0,7,0,0.0,2.0,2.0,20.0,A01
201300003684,0,7,0,6.0,0.0,1.0,13.0,A01
201300003685,0,7,0,0.0,2.0,8.0,15.0,A01
201300003685,0,33,0,0.0,2.0,1.0,1.0,B02
201300003686,0,7,0,0.0,5.0,1.0,1.0,A01
201300003686,0,7,0,0.0,2.0,3.0,1.0,B02
201300003687,0,1,0,0.0,2.0,8.0,15.0,B02
201300003687,0,7,0,0.0,9.0,1.0,19.0,A01
201300003688,0,7,0,13.0,0.0,3.0,1.0,A01
201300003689,0,33,0,0.0,0.0,0.0,0.0,A01
201300003690,0,7,0,13.0,0.0,3.0,1.0,A01
201300003691,0,2,0,0.0,2.0,1.0,1.0,B02
201300003691,0,7,0,0.0,2.0,2.0,9.0,A01
201300003692,0,7,0,0.0,2.0,7.0,1.0,B02
201300003692,0,7,0,0.0,2.0,1.0,19.0,A01
201300003693,0,7,0,13.0,0.0,0.0,1.0,A01
201300003694,0,31,0,16.0,0.0,1.0,14.0,A01
201300003695,0,7,0,2.0,0.0,3.0,0.0,A01
201300003696,0,2,0,0.0,2.0,2.0,17.0,B02
201300003696,0,21,0,0.0,2.0,8.0,15.0,A01
201300003697,0,7,0,6.0,0.0,1.0,13.0,A01
201300003698,0,7,0,1.0,0.0,2.0,1.0,A01
201300003698,0,21,0,0.0,0.0,1.0,24.0,B02
201300003699,0,7,0,0.0,0.0,2.0,15.0,A01
201300003699,0,15,0,0.0,0.0,3.0,0.0,B02
201300003700,0,21,0,0.0,0.0,5.0,15.0,A01
201300003700,0,2,0,0.0,2.0,1.0,1.0,B02
201300003701,0,7,0,0.0,1.0,3.0,1.0,A01
201300003702,0,7,0,2.0,0.0,7.0,14.0,A01
201300003703,0,7,0,2.0,0.0,8.0,1.0,A01
201300003704,0,7,0,0.0,2.0,3.0,1.0,B02
201300003704,0,7,0,0.0,2.0,3.0,13.0,A01
201300003705,0,7,0,0.0,2.0,1.0,15.0,A01
201300003705,0,14,0,0.0,2.0,1.0,1.0,B02
201300003706,0,10,0,0.0,2.0,2.0,1.0,A01
201300003706,0,14,0,0.0,2.0,5.0,19.0,B02
201300003707,0,7,0,0.0,2.0,6.0,19.0,B02
201300003707,0,33,0,0.0,2.0,3.0,1.0,A01
201300003708,0,7,0,0.0,2.0,1.0,1.0,B02
201300003708,0,7,0,0.0,2.0,1.0,15.0,A01
201300003709,0,7,0,0.0,2.0,3.0,13.0,A01
201300003709,0,7,0,0.0,2.0,3.0,1.0,B02
201300003710,0,7,0,0.0,2.0,4.0,15.0,B02
201300003710,0,7,0,0.0,2.0,1.0,17.0,A01
201300003711,0,7,0,0.0,2.0,1.0,1.0,B02
201300003711,0,7,0,0.0,2.0,1.0,13.0,A01
201300003712,0,7,0,0.0,2.0,1.0,1.0,A01
201300003712,0,7,0,0.0,2.0,1.0,13.0,B02
201300003713,0,7,0,13.0,0.0,3.0,1.0,A01
201300003714,0,7,0,2.0,0.0,1.0,1.0,A01
201300003715,0,7,0,0.0,2.0,7.0,1.0,B02
201300003715,0,7,0,0.0,2.0,1.0,1.0,A01
201300003716,0,30,0,0.0,2.0,8.0,15.0,A01
201300003716,0,7,0,0.0,2.0,2.0,17.0,B02
201300003717,0,10,0,0.0,2.0,7.0,2.0,A01
201300003717,0,1,0,0.0,2.0,3.0,11.0,B02
201300003718,0,33,0,0.0,0.0,0.0,1.0,A01
201300003719,0,7,0,0.0,2.0,3.0,1.0,B02
201300003719,0,7,0,0.0,2.0,2.0,15.0,A01
201300003720,0,33,0,0.0,5.0,1.0,1.0,A01
201300003721,0,31,0,0.0,0.0,0.0,1.0,A01
201300003722,0,10,0,0.0,1.0,2.0,1.0,A01
201300003723,0,7,0,6.0,0.0,1.0,1.0,A01
201300003724,0,2,0,6.0,2.0,1.0,2.0,B02
201300003724,0,7,0,0.0,9.0,4.0,2.0,A01
201300003725,0,7,0,6.0,0.0,9.0,1.0,A01
201300003726,0,7,0,13.0,0.0,3.0,13.0,A01
201300003727,0,7,0,0.0,2.0,3.0,15.0,A01
201300003727,0,10,0,0.0,2.0,1.0,1.0,B02
201300003728,0,7,0,0.0,1.0,0.0,1.0,A01
201300003729,0,7,0,0.0,2.0,1.0,1.0,B02
201300003729,0,7,0,0.0,2.0,1.0,13.0,A01
201300003730,0,7,0,0.0,2.0,1.0,1.0,B02
201300003730,0,33,0,0.0,2.0,2.0,0.0,A01
201300003731,0,7,0,0.0,1.0,3.0,1.0,A01
201300003732,0,7,0,13.0,0.0,1.0,1.0,A01
201300003733,0,7,0,13.0,0.0,2.0,1.0,A01
201300003734,0,7,0,13.0,0.0,8.0,0.0,A01
201300003735,0,7,0,0.0,2.0,3.0,9.0,A01
201300003735,0,30,0,0.0,0.0,5.0,1.0,B02
201300003736,0,10,0,0.0,2.0,3.0,13.0,A01
201300003736,0,7,0,0.0,2.0,3.0,1.0,B02
201300003737,0,2,0,0.0,2.0,1.0,1.0,B02
201300003737,0,7,0,0.0,2.0,3.0,1.0,A01
201300003738,0,10,0,8.0,0.0,2.0,14.0,A01
201300003739,0,10,0,3.0,2.0,3.0,5.0,A01
201300003739,0,10,0,0.0,2.0,3.0,1.0,C03
201300003739,0,10,0,0.0,2.0,8.0,1.0,B02
201300003740,0,7,0,0.0,2.0,3.0,5.0,A01
201300003740,0,7,0,0.0,2.0,3.0,1.0,B02
201300003741,0,7,0,0.0,2.0,2.0,17.0,A01
201300003741,0,1,0,0.0,2.0,8.0,15.0,B02
201300003742,1,7,0,0.0,1.0,1.0,1.0,A01
201300003743,0,7,0,0.0,2.0,3.0,1.0,B02
201300003743,0,7,0,0.0,2.0,2.0,15.0,A01
201300003743,0,17,0,0.0,2.0,3.0,23.0,C03
201300003744,0,10,0,0.0,2.0,7.0,13.0,A01
201300003744,0,10,0,0.0,2.0,1.0,1.0,B02
201300003745,0,7,0,0.0,2.0,3.0,5.0,A01
201300003745,0,7,0,0.0,2.0,3.0,1.0,B02
201300003746,0,7,0,0.0,2.0,3.0,1.0,B02
201300003746,0,7,0,0.0,2.0,6.0,1.0,A01
201300003747,0,7,0,13.0,0.0,3.0,13.0,A01
201300003748,0,7,0,2.0,0.0,1.0,1.0,A01
201300003749,0,7,0,13.0,0.0,1.0,15.0,A01
201300003750,0,7,0,16.0,2.0,1.0,13.0,A01
201300003750,0,10,0,0.0,0.0,0.0,19.0,B02
201300003751,0,7,0,0.0,0.0,2.0,15.0,A01
201300003751,0,7,0,0.0,0.0,2.0,1.0,B02
201300003752,0,7,0,0.0,2.0,5.0,19.0,A01
201300003752,0,33,0,0.0,2.0,1.0,1.0,B02
201300003753,0,7,0,0.0,2.0,6.0,19.0,B02
201300003753,0,7,0,2.0,2.0,1.0,1.0,A01
201300003754,0,7,0,13.0,0.0,1.0,13.0,A01
201300003755,0,7,0,3.0,0.0,2.0,1.0,A01
201300003756,0,7,0,13.0,0.0,1.0,1.0,A01
201300003757,0,10,0,0.0,1.0,5.0,4.0,A01
201300003758,0,7,0,2.0,0.0,1.0,1.0,A01
201300003759,0,10,0,0.0,1.0,3.0,1.0,A01
201300003760,0,1,0,0.0,0.0,4.0,1.0,B02
201300003760,0,10,0,0.0,0.0,2.0,2.0,A01
201300003761,0,33,0,13.0,0.0,7.0,14.0,A01
201300003762,0,2,0,0.0,2.0,7.0,15.0,A01
201300003762,0,7,0,0.0,2.0,1.0,1.0,B02
201300003763,0,2,0,0.0,2.0,1.0,1.0,B02
201300003763,0,7,0,0.0,2.0,1.0,19.0,A01
201300003764,0,31,0,0.0,0.0,9.0,1.0,A01
201300003765,0,7,0,16.0,0.0,9.0,14.0,A01
201300003766,0,7,0,0.0,1.0,8.0,15.0,A01
201300003767,0,7,0,0.0,0.0,4.0,23.0,A01
201300003767,0,7,0,0.0,0.0,4.0,23.0,B01
201300003767,0,7,0,0.0,2.0,1.0,2.0,C01
201300003768,0,7,0,0.0,2.0,2.0,1.0,B01
201300003768,0,30,0,0.0,2.0,3.0,9.0,A01
201300003769,0,7,0,0.0,0.0,2.0,1.0,A01
201300003769,0,1,0,0.0,2.0,1.0,1.0,B01
201300003770,0,2,0,0.0,2.0,8.0,1.0,B01
201300003770,1,7,0,0.0,2.0,2.0,17.0,A01
201300003771,0,7,0,0.0,2.0,8.0,11.0,A01
201300003771,0,2,0,0.0,2.0,1.0,2.0,B01
201300003772,0,1,0,0.0,0.0,4.0,1.0,B01
201300003772,0,7,0,14.0,2.0,3.0,9.0,A01
201300003773,0,7,0,0.0,1.0,7.0,1.0,A01
201300003774,0,7,0,0.0,2.0,8.0,19.0,A01
201300003774,0,7,0,0.0,2.0,1.0,1.0,B02
201300003775,0,7,0,0.0,1.0,3.0,1.0,A01
201300003776,0,1,0,0.0,9.0,8.0,19.0,A01
201300003776,0,1,0,0.0,9.0,1.0,1.0,B02
201300003777,0,7,0,0.0,1.0,1.0,1.0,A01
201300003778,0,7,0,13.0,0.0,2.0,14.0,A01
201300003779,0,7,0,2.0,0.0,1.0,13.0,A01
201300003780,0,7,0,13.0,0.0,3.0,1.0,A01
201300003781,0,14,0,0.0,2.0,1.0,5.0,A01
201300003781,0,7,0,0.0,2.0,1.0,1.0,C03
201300003781,0,7,0,0.0,2.0,1.0,1.0,B02
201300003782,0,7,0,0.0,2.0,1.0,1.0,A01
201300003782,0,7,0,0.0,2.0,1.0,1.0,B02
201300003783,0,7,0,0.0,1.0,8.0,1.0,A01
201300003784,0,33,0,16.0,0.0,3.0,1.0,A01
201300003785,0,15,0,0.0,2.0,7.0,1.0,C03
201300003785,0,7,0,0.0,2.0,2.0,13.0,A01
201300003785,0,15,0,0.0,2.0,1.0,1.0,B02
201300003786,0,30,0,0.0,2.0,7.0,1.0,A01
201300003786,0,10,0,0.0,2.0,1.0,1.0,B02
201300003787,0,33,0,0.0,6.0,1.0,1.0,A01
201300003788,0,33,0,0.0,2.0,1.0,1.0,B02
201300003788,0,7,0,0.0,2.0,6.0,19.0,A01
201300003789,0,7,0,13.0,0.0,1.0,1.0,A01
201300003790,0,14,0,0.0,2.0,3.0,1.0,B02
201300003790,0,10,0,0.0,2.0,1.0,1.0,A01
201300003791,0,33,0,16.0,0.0,8.0,1.0,A01
201300003792,0,2,0,0.0,2.0,1.0,1.0,A01
201300003792,0,7,0,0.0,2.0,7.0,15.0,B02
201300003793,0,7,0,0.0,1.0,7.0,1.0,A01
201300003794,0,7,0,0.0,2.0,1.0,17.0,A01
201300003794,0,7,0,0.0,2.0,1.0,1.0,B02
201300003795,0,14,0,0.0,2.0,3.0,1.0,B02
201300003795,0,7,0,0.0,2.0,1.0,1.0,A01
201300003796,0,7,0,0.0,2.0,3.0,13.0,A01
201300003796,0,7,0,0.0,2.0,3.0,1.0,B02
201300003797,0,7,0,0.0,2.0,2.0,1.0,B02
201300003797,0,7,0,0.0,2.0,7.0,13.0,A01
201300003798,0,7,0,0.0,1.0,3.0,1.0,A01
201300003799,0,30,0,0.0,2.0,1.0,15.0,A01
201300003799,0,7,0,0.0,2.0,2.0,1.0,B02
201300003800,0,1,0,0.0,2.0,1.0,19.0,A01
201300003800,0,7,0,0.0,2.0,3.0,1.0,B02
201300003801,0,7,0,0.0,2.0,3.0,1.0,B02
201300003801,0,7,0,0.0,2.0,3.0,1.0,C03
201300003801,0,7,0,0.0,2.0,3.0,13.0,A01
201300003802,0,7,0,0.0,2.0,2.0,13.0,A01
201300003802,0,7,0,0.0,2.0,3.0,1.0,C03
201300003802,0,7,0,0.0,2.0,3.0,1.0,B02
201300003803,0,7,0,0.0,2.0,7.0,17.0,A01
201300003803,0,17,0,0.0,2.0,1.0,1.0,B02
201300003804,0,7,0,0.0,2.0,2.0,15.0,A01
201300003804,0,7,0,0.0,2.0,1.0,1.0,B02
201300003805,0,7,0,13.0,0.0,9.0,1.0,A01
201300003806,0,7,0,0.0,2.0,1.0,1.0,B02
201300003806,0,7,0,0.0,2.0,7.0,19.0,A01
201300003807,0,7,0,2.0,0.0,3.0,1.0,A01
201300003808,0,7,0,0.0,2.0,3.0,1.0,A01
201300003808,0,7,0,0.0,2.0,3.0,1.0,B02
201300003809,0,99,0,13.0,0.0,0.0,1.0,A01
201300003810,0,33,0,10.0,0.0,8.0,17.0,A01
201300003811,0,7,0,0.0,1.0,5.0,4.0,A01
201300003812,0,7,0,0.0,2.0,3.0,1.0,A01
201300003812,0,15,0,0.0,2.0,4.0,19.0,B02
201300003813,0,3,0,0.0,1.0,2.0,1.0,A01
201300003814,0,21,0,0.0,2.0,3.0,11.0,B02
201300003814,0,7,0,0.0,2.0,1.0,17.0,A01
201300003815,0,7,0,0.0,1.0,7.0,1.0,A01
201300003816,0,7,0,0.0,2.0,3.0,13.0,A01
201300003816,0,10,0,0.0,2.0,3.0,1.0,B02
201300003817,0,10,0,10.0,0.0,1.0,13.0,A01
201300003818,0,7,0,0.0,2.0,3.0,19.0,A01
201300003818,0,33,0,0.0,2.0,1.0,1.0,B02
201300003819,0,7,0,0.0,2.0,3.0,15.0,B02
201300003819,0,33,0,0.0,2.0,1.0,17.0,A01
201300003820,0,32,0,0.0,0.0,0.0,1.0,A01
201300003821,0,7,0,0.0,2.0,1.0,1.0,B02
201300003821,0,7,0,0.0,2.0,7.0,19.0,A01
201300003822,0,7,0,13.0,0.0,2.0,1.0,A01
201300003823,0,7,0,6.0,0.0,1.0,1.0,A01
201300003824,0,7,0,2.0,0.0,3.0,14.0,A01
201300003825,0,7,0,0.0,0.0,4.0,13.0,A01
201300003826,0,7,0,2.0,0.0,1.0,1.0,A01
201300003827,0,33,0,0.0,0.0,8.0,1.0,A01
201300003828,0,7,0,0.0,2.0,2.0,1.0,A01
201300003828,0,7,0,0.0,2.0,7.0,1.0,B02
201300003828,0,7,0,0.0,2.0,2.0,1.0,C03
201300003829,0,7,0,0.0,9.0,8.0,13.0,A01
201300003829,0,1,0,0.0,2.0,3.0,13.0,B02
201300003830,0,33,0,0.0,2.0,1.0,13.0,A01
201300003830,0,7,0,0.0,2.0,3.0,1.0,B02
201300003831,0,7,0,0.0,0.0,1.0,13.0,A01
201300003832,0,7,0,0.0,2.0,3.0,13.0,A01
201300003832,0,7,0,0.0,2.0,3.0,1.0,B02
201300003833,0,7,0,0.0,0.0,7.0,19.0,A01
201300003833,0,10,0,0.0,0.0,1.0,1.0,B02
201300003834,0,10,0,3.0,0.0,1.0,1.0,A01
201300003835,0,7,0,13.0,0.0,4.0,13.0,B02
201300003835,0,33,0,13.0,2.0,1.0,17.0,A01
201300003836,0,7,0,0.0,1.0,0.0,2.0,A01
201300003837,0,7,0,2.0,0.0,9.0,1.0,A01
201300003838,0,10,0,0.0,2.0,3.0,5.0,B02
201300003838,0,10,0,0.0,2.0,3.0,5.0,A01
201300003839,0,21,0,0.0,2.0,4.0,2.0,B02
201300003839,0,7,0,0.0,2.0,1.0,2.0,A01
201300003840,0,10,0,0.0,2.0,8.0,15.0,B02
201300003840,0,7,0,0.0,2.0,7.0,17.0,A01
201300003841,0,10,0,0.0,2.0,2.0,13.0,A01
201300003841,0,31,0,0.0,2.0,8.0,15.0,B02
201300003842,0,7,0,0.0,1.0,5.0,4.0,A01
201300003843,0,2,0,16.0,0.0,1.0,13.0,A01
201300003844,0,7,0,7.0,1.0,3.0,14.0,A01
201300003845,0,7,0,6.0,0.0,3.0,1.0,A01
201300003846,0,7,0,0.0,2.0,3.0,13.0,A01
201300003846,0,7,0,0.0,2.0,3.0,1.0,B02
201300003847,0,17,0,0.0,1.0,6.0,1.0,A01
201300003848,0,21,0,0.0,2.0,4.0,23.0,A01
201300003848,0,33,0,0.0,2.0,1.0,1.0,B02
201300003849,0,30,0,0.0,2.0,8.0,13.0,A01
201300003849,0,7,0,0.0,2.0,8.0,1.0,B02
201300003850,0,7,0,0.0,2.0,3.0,13.0,A01
201300003850,0,7,0,0.0,2.0,3.0,1.0,B02
201300003851,0,7,0,0.0,2.0,8.0,1.0,A01
201300003851,0,7,0,2.0,2.0,1.0,1.0,B02
201300003852,0,21,0,0.0,1.0,6.0,9.0,A01
201300003853,0,7,0,0.0,2.0,1.0,1.0,B02
201300003853,0,7,0,0.0,2.0,7.0,1.0,A01
201300003854,0,33,0,16.0,0.0,1.0,14.0,A01
201300003855,0,7,0,8.0,0.0,2.0,14.0,A01
201300003856,0,33,0,13.0,0.0,3.0,1.0,A01
201300003857,0,7,0,0.0,2.0,3.0,13.0,A01
201300003857,0,7,0,0.0,2.0,1.0,1.0,B02
201300003858,0,7,0,13.0,0.0,2.0,1.0,A01
201300003859,0,7,0,3.0,2.0,1.0,13.0,A01
201300003859,0,7,0,0.0,2.0,1.0,1.0,B02
201300003860,0,30,0,0.0,0.0,8.0,1.0,A01
201300003861,0,7,0,0.0,0.0,0.0,17.0,A02
201300003861,0,7,0,0.0,0.0,9.0,17.0,B01
201300003862,0,7,0,13.0,0.0,2.0,14.0,A01
201300003863,0,32,0,0.0,2.0,1.0,13.0,A01
201300003863,0,7,0,0.0,2.0,3.0,1.0,B02
201300003864,0,7,0,6.0,0.0,7.0,13.0,A01
201300003865,0,7,0,13.0,2.0,3.0,1.0,A01
201300003865,0,7,0,0.0,2.0,3.0,1.0,B02
201300003866,0,1,0,0.0,2.0,8.0,1.0,B02
201300003866,0,7,0,0.0,2.0,7.0,17.0,A01
201300003867,0,7,0,13.0,2.0,3.0,21.0,B02
201300003867,0,7,0,0.0,2.0,3.0,13.0,A01
201300003868,0,7,0,13.0,0.0,9.0,1.0,A01
201300003869,0,30,0,0.0,0.0,2.0,0.0,A01
201300003870,0,7,0,0.0,2.0,3.0,1.0,A01
201300003870,0,14,0,0.0,2.0,3.0,1.0,B02
201300003871,0,7,0,0.0,2.0,3.0,13.0,A01
201300003871,0,7,0,0.0,2.0,3.0,1.0,B02
201300003872,0,10,0,2.0,0.0,8.0,13.0,A01
201300003873,0,7,0,0.0,2.0,4.0,15.0,B02
201300003873,0,31,0,0.0,2.0,1.0,17.0,A01
201300003874,0,33,0,2.0,0.0,1.0,1.0,A01
201300003875,0,7,0,0.0,2.0,1.0,1.0,B02
201300003875,0,7,0,0.0,2.0,7.0,13.0,A01
201300003876,0,15,0,11.0,0.0,8.0,16.0,A01
201300003877,0,10,0,0.0,2.0,3.0,13.0,A01
201300003877,0,7,0,0.0,2.0,3.0,1.0,B02
201300003877,0,10,0,0.0,2.0,3.0,1.0,C03
201300003878,0,33,0,11.0,0.0,0.0,13.0,A01
201300003879,0,7,0,0.0,0.0,0.0,14.0,A01
201300003880,0,33,0,0.0,0.0,8.0,1.0,A01
201300003881,0,10,0,13.0,0.0,1.0,14.0,A01
201300003882,0,7,0,10.0,0.0,1.0,21.0,A01
201300003883,0,7,0,0.0,2.0,7.0,15.0,A01
201300003883,0,2,0,0.0,2.0,1.0,1.0,B02
201300003884,0,7,0,0.0,2.0,7.0,1.0,A01
201300003884,0,30,0,0.0,2.0,1.0,15.0,B02
201300003885,0,21,0,0.0,1.0,3.0,1.0,A01
201300003886,0,7,0,0.0,1.0,1.0,1.0,A01
201300003887,0,2,0,0.0,2.0,1.0,13.0,A01
201300003887,0,7,0,0.0,2.0,3.0,1.0,B02
201300003888,0,7,0,16.0,0.0,0.0,14.0,A01
201300003889,0,7,0,13.0,0.0,1.0,19.0,A01
201300003890,0,7,0,0.0,1.0,2.0,16.0,A01
201300003891,0,7,0,0.0,2.0,1.0,1.0,B02
201300003891,0,7,0,0.0,2.0,1.0,13.0,A01
201300003892,0,7,0,6.0,0.0,9.0,13.0,A01
201300003893,0,10,0,13.0,0.0,3.0,13.0,A01
201300003894,0,7,0,0.0,1.0,2.0,15.0,A01
201300003895,0,7,0,13.0,0.0,2.0,14.0,A01
201300003896,0,7,0,2.0,0.0,1.0,13.0,A01
201300003897,0,10,0,13.0,0.0,2.0,14.0,A01
201300003898,0,10,0,13.0,0.0,2.0,14.0,A01
201300003899,0,7,0,13.0,0.0,1.0,13.0,A01
201300003900,0,7,0,0.0,2.0,1.0,13.0,A01
201300003900,0,7,0,0.0,2.0,1.0,1.0,B02
201300003901,0,7,0,0.0,2.0,1.0,1.0,B02
201300003901,0,7,0,0.0,2.0,2.0,1.0,A01
201300003902,0,33,0,2.0,0.0,1.0,14.0,A01
201300003903,0,17,0,0.0,1.0,3.0,1.0,A01
201300003903,0,17,0,0.0,0.0,0.0,23.0,B02
201300003904,0,7,0,0.0,2.0,8.0,24.0,C03
201300003904,0,7,0,1.0,2.0,1.0,15.0,A01
201300003904,0,7,0,0.0,2.0,1.0,1.0,B02
201300003905,0,7,0,2.0,0.0,1.0,1.0,A01
201300003906,0,7,0,0.0,2.0,3.0,19.0,A01
201300003906,0,10,0,0.0,2.0,2.0,1.0,B02
201300003907,0,33,0,2.0,0.0,1.0,13.0,A01
201300003908,0,15,0,0.0,1.0,5.0,16.0,A01
201300003909,0,33,0,13.0,0.0,7.0,15.0,A01
201300003910,0,7,0,0.0,1.0,1.0,1.0,A01
201300003911,0,21,0,0.0,2.0,2.0,17.0,B02
201300003911,0,21,0,0.0,2.0,6.0,13.0,A01
201300003912,0,33,0,0.0,5.0,1.0,1.0,A01
201300003913,0,2,0,0.0,0.0,0.0,21.0,A01
201300003914,0,33,0,0.0,6.0,1.0,1.0,A01
201300003915,0,7,0,0.0,2.0,1.0,15.0,A01
201300003915,0,7,0,0.0,2.0,1.0,1.0,B02
201300003916,0,7,0,0.0,2.0,1.0,1.0,B02
201300003916,0,10,0,0.0,2.0,1.0,11.0,A01
201300003917,0,7,0,0.0,2.0,2.0,17.0,A01
201300003917,0,1,0,0.0,2.0,3.0,1.0,B02
201300003918,0,7,0,0.0,1.0,1.0,1.0,A01
201300003919,0,7,0,13.0,0.0,1.0,1.0,A01
201300003920,0,7,0,0.0,2.0,8.0,1.0,C03
201300003920,0,10,0,0.0,2.0,1.0,1.0,B02
201300003920,0,7,0,0.0,2.0,1.0,15.0,A01
201300003921,0,7,0,0.0,2.0,1.0,15.0,A01
201300003921,0,7,0,0.0,2.0,2.0,1.0,B02
201300003922,0,14,0,0.0,2.0,3.0,13.0,A02
201300003922,0,7,0,13.0,2.0,8.0,1.0,B01
201300003923,0,37,0,0.0,2.0,1.0,1.0,B01
201300003923,0,7,0,0.0,2.0,3.0,15.0,A02
201300003924,0,7,0,13.0,0.0,1.0,14.0,A01
201300003925,0,7,0,2.0,0.0,2.0,1.0,A01
201300003926,0,7,0,0.0,2.0,2.0,13.0,A01
201300003926,0,17,0,0.0,2.0,2.0,1.0,B02
201300003927,0,7,0,2.0,0.0,8.0,13.0,A01
201300003928,0,36,0,13.0,0.0,7.0,14.0,A01
201300003929,0,31,0,0.0,6.0,8.0,1.0,A01
201300003930,0,1,0,0.0,2.0,3.0,13.0,A01
201300003930,0,10,0,0.0,2.0,6.0,1.0,B02
201300003931,0,33,0,3.0,0.0,7.0,15.0,A01
201300003932,0,7,0,10.0,0.0,2.0,14.0,A01
201300003933,0,7,0,0.0,2.0,3.0,10.0,A01
201300003933,0,33,0,0.0,2.0,1.0,21.0,B02
201300003934,0,20,0,0.0,2.0,0.0,0.0,A01
201300003934,0,10,0,0.0,2.0,1.0,1.0,B02
201300003935,0,7,0,0.0,0.0,9.0,1.0,A01
201300003936,0,31,0,0.0,0.0,2.0,21.0,A01
201300003937,0,7,0,8.0,0.0,3.0,14.0,A01
201300003938,0,7,0,0.0,1.0,3.0,1.0,A01
201300003939,0,7,0,0.0,1.0,2.0,1.0,A01
201300003940,0,2,0,0.0,2.0,7.0,15.0,A01
201300003940,0,7,0,0.0,2.0,2.0,1.0,B02
201300003941,0,7,0,0.0,2.0,3.0,1.0,B02
201300003941,0,7,0,0.0,2.0,3.0,13.0,A01
201300003942,0,10,0,13.0,0.0,1.0,14.0,A01