Num_Acc,senc,catv,occutc,obs,obsm,choc,manv,num_veh
201300003943,0,7,0,0.0,2.0,6.0,1.0,B02
201300003943,0,7,0,0.0,2.0,3.0,13.0,A01
201300003943,0,7,0,0.0,2.0,1.0,1.0,C03
201300003944,0,7,0,0.0,2.0,1.0,1.0,B02
201300003944,0,7,0,0.0,2.0,1.0,13.0,A01
201300003945,0,10,0,13.0,2.0,1.0,1.0,B02
201300003945,0,7,0,13.0,2.0,4.0,9.0,A01
201300003946,0,33,0,0.0,6.0,1.0,1.0,A01
201300003947,0,7,0,0.0,2.0,2.0,17.0,A01
201300003947,0,7,0,0.0,2.0,6.0,2.0,B02
201300003948,0,14,0,0.0,2.0,1.0,1.0,B02
201300003948,0,7,0,0.0,2.0,5.0,15.0,A01
201300003949,0,7,0,0.0,0.0,1.0,14.0,A01
201300003950,0,7,0,2.0,0.0,1.0,14.0,A01
201300003951,0,7,0,10.0,0.0,3.0,14.0,A01
201300003952,0,7,0,0.0,1.0,2.0,1.0,A01
201300003953,0,10,0,13.0,0.0,1.0,1.0,A01
201300003954,0,10,0,3.0,0.0,8.0,0.0,A01
201300003955,0,1,0,0.0,2.0,1.0,17.0,A01
201300003955,0,7,0,0.0,2.0,2.0,15.0,B02
201300003956,0,10,0,0.0,1.0,8.0,20.0,A01
201300003957,0,1,0,0.0,2.0,1.0,1.0,B02
201300003957,0,7,0,0.0,2.0,3.0,17.0,A01
201300003958,0,7,0,2.0,0.0,7.0,13.0,A01
201300003959,0,10,0,13.0,0.0,3.0,1.0,A01
201300003960,0,2,0,6.0,2.0,7.0,15.0,A01
201300003960,0,7,0,0.0,2.0,1.0,1.0,B02
201300003961,0,33,0,0.0,2.0,1.0,13.0,A01
201300003961,0,10,0,0.0,2.0,3.0,1.0,B02
201300003962,0,7,0,0.0,2.0,3.0,1.0,B02
201300003962,0,7,0,0.0,2.0,3.0,17.0,A01
201300003963,0,10,0,0.0,2.0,1.0,1.0,B02
201300003963,0,7,0,0.0,2.0,8.0,15.0,A01
201300003964,0,14,0,1.0,0.0,3.0,2.0,B02
201300003964,0,7,0,0.0,0.0,4.0,23.0,A01
201300003965,0,14,0,1.0,0.0,1.0,1.0,B02
201300003965,0,10,0,0.0,0.0,4.0,24.0,A01
201300003966,0,14,0,0.0,0.0,4.0,2.0,B02
201300003966,0,33,0,0.0,2.0,1.0,2.0,A01
201300003967,0,7,0,13.0,0.0,1.0,1.0,A01
201300003968,0,7,0,2.0,0.0,2.0,1.0,A01
201300003969,0,7,0,2.0,0.0,1.0,13.0,A01
201300003970,0,7,0,2.0,0.0,1.0,1.0,A01
201300003971,0,7,0,0.0,2.0,7.0,1.0,B02
201300003971,0,7,0,0.0,2.0,1.0,1.0,A01
201300003972,0,7,0,13.0,0.0,3.0,1.0,A01
201300003973,0,7,0,15.0,0.0,1.0,13.0,A01
201300003974,0,7,0,0.0,2.0,1.0,13.0,A01
201300003974,0,10,0,0.0,2.0,1.0,1.0,B02
201300003975,0,36,0,2.0,0.0,2.0,1.0,A01
201300003976,0,2,0,2.0,0.0,1.0,1.0,A01
201300003977,0,33,0,0.0,6.0,1.0,1.0,A01
201300003978,0,7,0,0.0,2.0,1.0,13.0,A01
201300003978,0,7,0,0.0,2.0,1.0,1.0,B02
201300003979,0,7,0,2.0,0.0,9.0,1.0,A01
201300003980,0,7,0,0.0,2.0,3.0,1.0,B02
201300003980,0,7,0,0.0,2.0,3.0,13.0,A01
201300003981,0,33,0,0.0,6.0,3.0,1.0,A01
201300003982,0,7,0,0.0,2.0,1.0,1.0,A01
201300003982,0,7,0,0.0,2.0,6.0,1.0,B02
201300003983,0,17,0,6.0,0.0,2.0,1.0,A01
201300003984,0,30,0,0.0,2.0,1.0,2.0,B02
201300003984,0,7,0,0.0,2.0,5.0,2.0,A01
201300003985,0,7,0,2.0,0.0,1.0,1.0,A01
201300003986,0,31,0,0.0,2.0,1.0,1.0,B02
201300003986,0,7,0,0.0,2.0,3.0,9.0,A01
201300003987,0,10,0,0.0,1.0,2.0,13.0,A01
201300003988,0,2,0,0.0,2.0,2.0,23.0,B02
201300003988,0,7,0,0.0,2.0,3.0,13.0,A01
201300003989,0,14,0,0.0,2.0,3.0,1.0,B02
201300003989,0,7,0,0.0,2.0,1.0,13.0,A01
201300003990,0,30,0,0.0,2.0,7.0,1.0,A01
201300003990,0,7,0,0.0,2.0,8.0,10.0,B02
201300003991,0,7,0,0.0,2.0,1.0,1.0,B02
201300003991,0,7,0,0.0,2.0,3.0,1.0,C03
201300003991,0,7,0,0.0,0.0,1.0,1.0,A01
201300003992,0,7,0,0.0,2.0,3.0,1.0,A01
201300003992,0,7,0,0.0,2.0,8.0,1.0,C03
201300003992,0,7,0,0.0,2.0,2.0,1.0,B02
201300003993,0,33,0,0.0,2.0,1.0,1.0,B02
201300003993,0,7,0,0.0,2.0,1.0,17.0,A01
201300003994,0,33,0,0.0,2.0,1.0,13.0,A01
201300003994,0,7,0,0.0,2.0,3.0,0.0,B02
201300003995,0,33,0,0.0,0.0,3.0,1.0,A01
201300003996,0,10,0,6.0,0.0,2.0,14.0,A01
201300003997,0,7,0,0.0,2.0,1.0,1.0,A01
201300003997,0,7,0,0.0,2.0,1.0,1.0,B02
201300003998,0,14,0,0.0,1.0,2.0,1.0,A01
201300003999,0,10,0,6.0,0.0,1.0,1.0,A01
201300004000,0,7,0,8.0,0.0,6.0,1.0,A01
201300004001,0,7,0,16.0,0.0,0.0,14.0,A01
201300004002,0,7,0,6.0,0.0,2.0,14.0,A01
201300004003,0,7,0,8.0,0.0,3.0,1.0,A01
201300004004,0,7,0,13.0,0.0,3.0,1.0,A01
201300004005,0,1,0,0.0,2.0,1.0,1.0,B02
201300004005,0,7,0,0.0,2.0,3.0,19.0,A01
201300004006,0,14,0,0.0,0.0,0.0,23.0,B02
201300004006,0,7,0,0.0,1.0,2.0,17.0,A01
201300004007,0,7,0,0.0,0.0,5.0,2.0,B02
201300004007,0,30,0,0.0,2.0,1.0,2.0,A01
201300004008,0,7,0,0.0,2.0,3.0,15.0,A01
201300004008,0,30,0,0.0,2.0,1.0,1.0,B02
201300004009,0,30,0,0.0,2.0,1.0,1.0,A01
201300004009,0,7,0,0.0,2.0,1.0,15.0,B02
201300004010,0,10,0,0.0,2.0,7.0,1.0,B02
201300004010,0,36,0,0.0,2.0,3.0,15.0,A01
201300004011,0,33,0,0.0,2.0,2.0,1.0,A01
201300004011,0,7,0,0.0,2.0,1.0,1.0,B02
201300004012,0,7,0,0.0,2.0,3.0,15.0,B02
201300004012,0,2,0,0.0,2.0,1.0,1.0,A01
201300004013,0,10,0,0.0,2.0,1.0,1.0,B02
201300004013,0,7,0,0.0,2.0,1.0,15.0,A01
201300004014,0,7,0,0.0,0.0,4.0,9.0,A01
201300004014,0,2,0,0.0,2.0,1.0,1.0,B02
201300004015,0,7,0,2.0,0.0,1.0,0.0,A01
201300004016,0,17,0,13.0,0.0,3.0,1.0,A01
201300004017,0,7,0,0.0,9.0,1.0,5.0,A01
201300004017,0,1,0,0.0,2.0,1.0,5.0,B02
201300004018,0,33,0,0.0,2.0,1.0,1.0,A01
201300004018,0,7,0,0.0,2.0,5.0,15.0,B02
201300004019,0,7,0,2.0,0.0,1.0,1.0,A01
201300004020,0,15,0,0.0,2.0,2.0,1.0,A01
201300004020,0,21,0,0.0,1.0,3.0,23.0,B02
201300004021,0,34,0,8.0,0.0,1.0,1.0,A01
201300004022,0,33,0,0.0,9.0,8.0,1.0,C03
201300004022,0,7,0,0.0,2.0,0.0,1.0,A01
201300004023,0,7,0,0.0,2.0,1.0,1.0,A01
201300004023,0,7,0,0.0,2.0,3.0,16.0,B02
201300004024,0,30,0,0.0,0.0,8.0,0.0,A01
201300004025,0,7,0,0.0,2.0,2.0,19.0,B02
201300004025,0,33,0,0.0,2.0,1.0,1.0,A01
201300004026,0,30,0,0.0,1.0,1.0,1.0,A01
201300004027,0,39,0,0.0,2.0,3.0,1.0,B02
201300004027,0,7,0,0.0,4.0,7.0,1.0,A01
201300004028,0,7,0,6.0,0.0,3.0,1.0,A01
201300004029,0,30,0,2.0,0.0,1.0,14.0,A01
201300004030,0,7,0,0.0,2.0,1.0,1.0,A01
201300004030,0,30,0,0.0,2.0,8.0,19.0,B02
201300004031,0,17,0,3.0,2.0,8.0,13.0,A01
201300004031,0,7,0,0.0,2.0,9.0,1.0,B02
201300004032,0,10,0,0.0,2.0,1.0,13.0,A01
201300004032,0,7,0,0.0,2.0,1.0,1.0,B02
201300004033,0,7,0,2.0,0.0,3.0,13.0,A01
201300004034,0,7,0,6.0,0.0,1.0,6.0,A01
201300004035,0,30,0,0.0,0.0,1.0,1.0,A01
201300004036,0,1,0,0.0,2.0,8.0,15.0,A01
201300004036,0,7,0,0.0,9.0,1.0,1.0,B02
201300004037,0,33,0,0.0,2.0,3.0,18.0,A01
201300004037,0,17,0,0.0,2.0,5.0,1.0,B01
201300004038,0,7,0,2.0,0.0,3.0,1.0,A01
201300004039,0,7,0,0.0,1.0,2.0,1.0,A01
201300004040,0,7,0,0.0,2.0,3.0,1.0,B02
201300004040,0,7,0,0.0,2.0,2.0,13.0,A01
201300004040,0,7,0,0.0,0.0,0.0,0.0,C03
201300004041,0,7,0,2.0,2.0,5.0,17.0,A01
201300004041,0,7,0,0.0,2.0,3.0,1.0,B02
201300004042,0,7,0,2.0,0.0,2.0,1.0,A01
201300004043,0,33,0,13.0,0.0,1.0,1.0,A01
201300004044,0,10,0,0.0,2.0,6.0,15.0,B02
201300004044,0,33,0,0.0,2.0,1.0,17.0,A01
201300004045,0,7,0,15.0,0.0,9.0,1.0,A01
201300004046,0,10,0,0.0,2.0,1.0,1.0,A01
201300004046,0,7,0,0.0,2.0,1.0,1.0,B02
201300004047,0,15,0,6.0,0.0,9.0,1.0,A01
201300004048,0,7,0,9.0,0.0,0.0,1.0,A01
201300004049,0,7,0,0.0,0.0,3.0,15.0,B02
201300004049,0,31,0,0.0,0.0,2.0,17.0,A01
201300004050,0,7,0,0.0,2.0,8.0,1.0,B02
201300004050,0,7,0,0.0,2.0,1.0,1.0,A01
201300004051,0,33,0,0.0,0.0,4.0,2.0,B02
201300004051,0,7,0,0.0,2.0,1.0,2.0,A01
201300004052,0,7,0,0.0,2.0,3.0,15.0,A01
201300004052,0,1,0,0.0,2.0,1.0,1.0,B01
201300004053,0,7,0,0.0,2.0,1.0,13.0,A01
201300004053,0,7,0,0.0,2.0,3.0,1.0,B02
201300004054,0,7,0,0.0,0.0,9.0,14.0,A01
201300004055,0,7,0,6.0,0.0,3.0,0.0,A01
201300004056,0,7,0,13.0,0.0,3.0,19.0,A01
201300004057,0,21,0,0.0,2.0,1.0,15.0,B02
201300004057,0,30,0,0.0,2.0,1.0,1.0,A01
201300004058,0,14,0,0.0,0.0,4.0,24.0,B02
201300004058,0,7,0,1.0,0.0,2.0,13.0,A01
201300004059,0,7,0,8.0,0.0,3.0,14.0,A01
201300004060,0,7,0,0.0,2.0,3.0,9.0,A01
201300004060,0,33,0,0.0,2.0,2.0,2.0,B02
201300004061,0,7,0,0.0,2.0,3.0,1.0,C01
201300004061,0,31,0,0.0,2.0,1.0,21.0,A01
201300004061,0,7,0,0.0,2.0,6.0,1.0,B01
201300004062,0,30,0,0.0,2.0,1.0,5.0,A01
201300004062,0,7,0,0.0,2.0,2.0,1.0,B01
201300004063,0,10,0,0.0,2.0,8.0,17.0,A01
201300004063,0,7,0,0.0,2.0,3.0,17.0,B02
201300004064,0,7,0,0.0,0.0,1.0,13.0,A01
201300004065,0,7,0,5.0,0.0,1.0,1.0,A01
201300004066,0,7,0,0.0,1.0,3.0,13.0,A01
201300004067,0,7,0,4.0,0.0,2.0,1.0,A01
201300004068,0,7,0,9.0,0.0,1.0,1.0,A01
201300004069,0,7,0,0.0,2.0,1.0,2.0,A01
201300004069,0,7,0,0.0,0.0,4.0,2.0,B02
201300004070,0,7,0,0.0,0.0,3.0,13.0,A01
201300004070,0,15,0,0.0,0.0,3.0,1.0,B02
201300004071,0,7,0,0.0,2.0,3.0,9.0,A01
201300004071,0,33,0,0.0,2.0,7.0,1.0,B02
201300004072,0,7,0,2.0,0.0,3.0,1.0,A01
201300004073,0,33,0,0.0,2.0,2.0,1.0,A01
201300004073,0,7,0,0.0,0.0,5.0,23.0,B02
201300004074,0,7,0,2.0,0.0,9.0,1.0,A01
201300004075,0,7,0,0.0,2.0,3.0,1.0,B02
201300004075,0,7,0,0.0,2.0,3.0,13.0,A01
201300004076,0,7,0,0.0,2.0,8.0,1.0,B02
201300004076,0,30,0,0.0,2.0,1.0,15.0,A01
201300004077,0,7,0,0.0,2.0,9.0,13.0,A01
201300004077,0,7,0,0.0,2.0,1.0,1.0,C03
201300004077,0,7,0,0.0,2.0,8.0,1.0,B02
201300004078,0,10,0,0.0,2.0,4.0,4.0,A01
201300004078,0,30,0,0.0,2.0,1.0,4.0,B02
201300004079,0,33,0,7.0,0.0,1.0,1.0,A01
201300004080,0,7,0,0.0,2.0,3.0,0.0,B02
201300004080,0,7,0,0.0,2.0,3.0,13.0,A01
201300004081,0,7,0,0.0,2.0,8.0,15.0,B02
201300004081,0,33,0,0.0,2.0,1.0,17.0,A01
201300004082,0,7,0,2.0,0.0,8.0,1.0,A01
201300004083,0,7,0,0.0,2.0,7.0,13.0,A01
201300004083,0,33,0,0.0,2.0,2.0,1.0,B02
201300004084,0,7,0,0.0,2.0,1.0,1.0,B02
201300004084,0,33,0,0.0,2.0,1.0,13.0,A01
201300004085,0,33,0,0.0,5.0,2.0,1.0,A01
201300004086,0,7,0,0.0,0.0,3.0,2.0,C03
201300004086,0,7,0,0.0,0.0,6.0,2.0,D04
201300004086,0,7,0,0.0,0.0,5.0,1.0,B02
201300004086,0,7,0,0.0,2.0,1.0,2.0,A01
201300004087,0,7,0,0.0,1.0,2.0,1.0,A01
201300004088,0,7,0,0.0,1.0,3.0,1.0,A01
201300004089,0,31,0,0.0,2.0,1.0,2.0,A01
201300004089,0,7,0,0.0,2.0,5.0,15.0,B02
201300004090,0,7,0,0.0,2.0,2.0,1.0,A01
201300004090,0,1,0,0.0,2.0,2.0,5.0,B02
201300004091,0,7,0,0.0,0.0,1.0,1.0,A01
201300004091,0,7,0,0.0,0.0,8.0,1.0,B02
201300004092,0,7,0,0.0,2.0,1.0,13.0,A01
201300004092,0,7,0,0.0,2.0,1.0,1.0,B02
201300004093,0,7,0,0.0,0.0,3.0,10.0,A01
201300004093,0,2,0,0.0,0.0,2.0,17.0,B02
201300004094,0,33,0,0.0,2.0,8.0,1.0,A01
201300004094,0,7,0,0.0,2.0,2.0,1.0,B02
201300004095,0,7,0,0.0,1.0,2.0,1.0,A01
201300004096,0,10,0,0.0,1.0,2.0,2.0,A01
201300004097,0,7,0,0.0,0.0,3.0,0.0,A01
201300004098,0,10,0,2.0,0.0,1.0,1.0,A01
201300004099,0,7,0,8.0,0.0,1.0,13.0,A01
201300004100,0,7,0,2.0,0.0,1.0,0.0,A01
201300004101,0,7,0,0.0,2.0,3.0,13.0,A01
201300004101,0,7,0,0.0,2.0,3.0,21.0,B02
201300004102,0,7,0,2.0,0.0,1.0,15.0,A01
201300004103,0,7,0,0.0,2.0,1.0,1.0,B02
201300004103,0,7,0,0.0,2.0,1.0,13.0,A01
201300004104,0,7,0,0.0,2.0,1.0,1.0,A01
201300004104,0,7,0,0.0,2.0,1.0,1.0,B02
201300004105,0,7,0,2.0,0.0,7.0,1.0,A01
201300004106,0,7,0,0.0,2.0,1.0,21.0,A01
201300004106,0,7,0,0.0,2.0,1.0,0.0,B02
201300004107,0,33,0,14.0,0.0,1.0,1.0,A01
201300004107,0,7,0,0.0,2.0,3.0,23.0,B02
201300004108,0,33,0,5.0,0.0,7.0,14.0,A01
201300004109,0,7,0,0.0,2.0,8.0,19.0,A01
201300004109,0,7,0,0.0,2.0,1.0,1.0,B02
201300004110,0,14,0,0.0,2.0,3.0,13.0,A01
201300004110,0,7,0,0.0,2.0,3.0,1.0,B02
201300004111,0,10,0,0.0,2.0,3.0,13.0,A01
201300004111,0,10,0,0.0,2.0,3.0,1.0,B02
201300004112,0,20,0,0.0,2.0,3.0,1.0,B02
201300004112,0,7,0,0.0,2.0,3.0,13.0,A01
201300004113,0,7,0,0.0,2.0,8.0,1.0,B02
201300004113,0,10,0,0.0,2.0,3.0,1.0,A01
201300004114,0,7,0,2.0,0.0,1.0,17.0,A01
201300004115,0,2,0,6.0,0.0,8.0,15.0,A01
201300004116,0,7,0,2.0,0.0,3.0,13.0,A01
201300004117,0,7,0,13.0,0.0,2.0,0.0,A01
201300004118,0,7,0,15.0,0.0,1.0,1.0,A01
201300004119,0,7,0,13.0,0.0,7.0,21.0,A01
201300004119,0,7,0,0.0,2.0,2.0,16.0,B02
201300004120,2,7,0,9.0,0.0,2.0,14.0,A01
201300004121,0,2,0,0.0,2.0,8.0,13.0,A01
201300004121,0,7,0,0.0,2.0,3.0,1.0,B02
201300004122,0,33,0,0.0,2.0,1.0,1.0,A01
201300004122,0,30,0,0.0,2.0,1.0,15.0,B02
201300004123,0,7,0,0.0,2.0,7.0,1.0,A01
201300004123,0,7,0,0.0,2.0,7.0,1.0,B02
201300004124,0,10,0,0.0,2.0,2.0,17.0,A01
201300004124,0,10,0,0.0,0.0,8.0,15.0,B02
201300004125,0,7,0,0.0,9.0,2.0,12.0,A01
201300004125,0,1,0,0.0,2.0,1.0,1.0,B02
201300004126,0,7,0,0.0,2.0,1.0,1.0,B02
201300004126,0,7,0,0.0,2.0,1.0,13.0,A01
201300004127,0,7,0,0.0,2.0,1.0,1.0,B02
201300004127,0,10,0,0.0,2.0,2.0,19.0,A01
201300004128,0,2,0,0.0,2.0,7.0,1.0,A01
201300004128,0,7,0,0.0,2.0,3.0,1.0,B02
201300004128,0,7,0,0.0,2.0,3.0,24.0,C03
201300004129,0,7,0,0.0,1.0,1.0,1.0,A01
201300004130,0,7,0,0.0,1.0,6.0,20.0,A01
201300004131,0,7,0,0.0,2.0,8.0,10.0,A01
201300004131,0,2,0,0.0,2.0,1.0,17.0,B02
201300004132,0,7,0,0.0,1.0,1.0,1.0,A01
201300004133,0,7,0,0.0,1.0,2.0,1.0,A01
201300004134,0,7,0,0.0,1.0,3.0,1.0,A01
201300004135,0,7,0,0.0,1.0,6.0,4.0,A01
201300004136,0,33,0,0.0,2.0,9.0,1.0,A01
201300004136,0,7,0,0.0,2.0,7.0,15.0,B01
201300004137,0,7,0,5.0,0.0,1.0,13.0,A01
201300004138,0,7,0,0.0,2.0,5.0,2.0,A01
201300004138,0,1,0,0.0,2.0,8.0,11.0,B01
201300004139,0,7,0,6.0,0.0,7.0,14.0,A01
201300004140,2,7,0,11.0,,8.0,13.0,A01
201300004141,0,7,0,0.0,2.0,1.0,9.0,A01
201300004141,0,1,0,0.0,2.0,2.0,1.0,B01
201300004142,0,7,0,0.0,0.0,3.0,9.0,B01
201300004142,0,30,0,0.0,2.0,1.0,9.0,A01
201300004143,0,7,0,0.0,2.0,2.0,5.0,A01
201300004143,0,7,0,0.0,2.0,1.0,1.0,B01
201300004144,0,7,0,0.0,2.0,2.0,9.0,A01
201300004144,0,1,0,0.0,2.0,5.0,1.0,B01
201300004145,0,7,0,0.0,2.0,2.0,15.0,A01
201300004145,0,7,0,0.0,2.0,1.0,1.0,B01
201300004146,0,7,0,0.0,2.0,1.0,13.0,A01
201300004146,0,7,0,0.0,2.0,3.0,1.0,B01
201300004147,0,31,0,1.0,0.0,8.0,21.0,B01
201300004148,0,10,0,0.0,2.0,2.0,1.0,B01
201300004148,0,7,0,0.0,2.0,8.0,9.0,A01
201300004149,0,3,0,0.0,1.0,2.0,1.0,A01
201300004150,0,7,0,0.0,2.0,3.0,9.0,A01
201300004150,0,1,0,0.0,2.0,2.0,1.0,C01
201300004151,0,7,0,0.0,2.0,1.0,1.0,B01
201300004151,0,7,0,0.0,2.0,7.0,19.0,A01
201300004152,0,7,0,9.0,0.0,1.0,13.0,A01
201300004153,0,33,0,0.0,2.0,1.0,1.0,B01
201300004153,0,7,0,0.0,2.0,8.0,9.0,A01
201300004154,0,7,0,0.0,2.0,1.0,2.0,B01
201300004154,0,7,0,0.0,1.0,4.0,23.0,A01
201300004155,0,7,0,0.0,2.0,3.0,1.0,B01
201300004155,0,1,0,0.0,2.0,0.0,5.0,A01
201300004156,1,7,0,0.0,1.0,0.0,1.0,A01
201300004157,0,7,0,0.0,2.0,1.0,13.0,A01
201300004157,0,37,1,0.0,2.0,1.0,1.0,B01
201300004158,0,7,0,0.0,0.0,4.0,23.0,A01
201300004158,0,10,0,0.0,2.0,1.0,2.0,B01
201300004159,0,7,0,0.0,1.0,3.0,1.0,A01
201300004160,0,10,0,0.0,2.0,3.0,13.0,A01
201300004160,0,7,0,0.0,2.0,1.0,1.0,B02
201300004161,0,7,0,0.0,2.0,8.0,17.0,A01
201300004161,0,33,0,0.0,2.0,8.0,1.0,B02
201300004162,0,7,0,0.0,0.0,8.0,9.0,B02
201300004162,0,7,0,0.0,2.0,1.0,1.0,A01
201300004163,0,7,0,13.0,0.0,1.0,1.0,A01
201300004164,0,7,0,0.0,2.0,3.0,1.0,A01
201300004164,0,7,0,0.0,2.0,3.0,19.0,B02
201300004165,0,7,0,0.0,2.0,7.0,1.0,A01
201300004165,0,33,0,0.0,2.0,1.0,1.0,B02
201300004166,0,30,0,0.0,0.0,8.0,1.0,A01
201300004167,0,10,0,0.0,0.0,2.0,19.0,A01
201300004167,0,14,0,0.0,2.0,2.0,1.0,B02
201300004168,0,7,0,13.0,0.0,0.0,13.0,A01
201300004169,0,7,0,0.0,2.0,1.0,19.0,A01
201300004169,0,7,0,0.0,2.0,8.0,1.0,B02
201300004170,0,1,0,0.0,2.0,1.0,13.0,B02
201300004170,0,7,0,0.0,9.0,2.0,1.0,A01
201300004171,0,7,0,0.0,2.0,1.0,13.0,A01
201300004171,0,7,0,0.0,2.0,1.0,1.0,B02
201300004172,0,2,0,2.0,0.0,7.0,1.0,A01
201300004173,0,7,0,2.0,0.0,2.0,14.0,A01
201300004174,0,7,0,3.0,0.0,9.0,1.0,A01
201300004175,0,7,0,0.0,2.0,4.0,2.0,B02
201300004175,0,33,0,0.0,2.0,1.0,2.0,A01
201300004176,0,33,0,0.0,2.0,1.0,19.0,A01
201300004176,0,7,0,13.0,2.0,2.0,1.0,B02
201300004177,0,1,0,16.0,0.0,1.0,1.0,A01
201300004178,0,14,0,0.0,2.0,3.0,1.0,B02
201300004178,0,7,0,0.0,2.0,3.0,17.0,A01
201300004179,0,7,0,0.0,2.0,3.0,15.0,A01
201300004179,0,7,0,0.0,2.0,2.0,1.0,B02
201300004180,0,10,0,2.0,0.0,1.0,0.0,A01
201300004181,1,7,0,0.0,1.0,0.0,23.0,A01
201300004182,0,7,0,0.0,2.0,3.0,19.0,A01
201300004182,0,7,0,0.0,2.0,1.0,1.0,B02
201300004183,0,14,0,2.0,0.0,1.0,14.0,A01
201300004184,0,7,0,0.0,2.0,2.0,5.0,A01
201300004184,0,10,0,0.0,2.0,2.0,21.0,B02
201300004185,0,7,0,2.0,0.0,3.0,1.0,A01
201300004186,0,7,0,13.0,0.0,2.0,1.0,A01
201300004187,0,7,0,2.0,0.0,3.0,13.0,A01
201300004188,0,1,0,0.0,2.0,1.0,13.0,A01
201300004188,0,7,0,0.0,2.0,3.0,1.0,B02
201300004189,0,7,0,0.0,2.0,1.0,2.0,A01
201300004189,0,7,0,0.0,2.0,4.0,15.0,B02
201300004189,0,10,0,0.0,2.0,1.0,1.0,C03
201300004190,0,7,0,0.0,2.0,3.0,1.0,B02
201300004190,0,7,0,0.0,2.0,1.0,15.0,A01
201300004191,0,30,0,0.0,0.0,0.0,2.0,A01
201300004192,0,7,0,2.0,0.0,3.0,13.0,A01
201300004193,0,7,0,13.0,0.0,8.0,1.0,A01
201300004194,0,7,0,8.0,0.0,2.0,0.0,A01
201300004195,0,15,0,0.0,2.0,1.0,1.0,A01
201300004195,0,7,0,0.0,2.0,8.0,19.0,B02
201300004196,0,31,0,0.0,0.0,7.0,1.0,A01
201300004197,0,7,0,2.0,0.0,1.0,1.0,A01
201300004198,0,33,0,0.0,0.0,3.0,1.0,A01
201300004199,0,33,0,0.0,2.0,1.0,1.0,A01
201300004199,0,7,0,0.0,2.0,8.0,1.0,B02
201300004200,0,7,0,10.0,0.0,1.0,1.0,A01
201300004201,0,7,0,0.0,2.0,1.0,17.0,A01
201300004201,0,7,0,0.0,2.0,3.0,1.0,B02
201300004202,0,32,0,13.0,0.0,3.0,1.0,A01
201300004203,0,10,0,0.0,2.0,3.0,1.0,A01
201300004203,0,7,0,0.0,2.0,2.0,19.0,B02
201300004204,0,7,0,2.0,0.0,7.0,0.0,A01
201300004205,0,33,0,13.0,0.0,1.0,14.0,A01
201300004206,0,32,0,12.0,0.0,1.0,1.0,A01
201300004207,0,7,0,0.0,2.0,3.0,19.0,A01
201300004207,0,7,0,0.0,2.0,1.0,1.0,B02
201300004208,0,33,0,0.0,2.0,8.0,1.0,A01
201300004208,0,21,0,0.0,2.0,7.0,1.0,B02
201300004209,0,7,0,0.0,0.0,2.0,0.0,A01
201300004210,0,31,0,6.0,0.0,1.0,1.0,A01
201300004211,0,7,0,6.0,0.0,2.0,0.0,A01
201300004212,0,7,0,2.0,0.0,9.0,13.0,A01
201300004213,0,37,0,0.0,2.0,6.0,15.0,A01
201300004213,0,7,0,0.0,2.0,1.0,1.0,B02
201300004214,0,7,0,2.0,0.0,1.0,1.0,A01
201300004215,0,7,0,15.0,0.0,1.0,1.0,A01
201300004216,0,14,0,6.0,0.0,2.0,14.0,A01
201300004217,0,7,0,0.0,2.0,2.0,1.0,B02
201300004217,0,2,0,0.0,2.0,8.0,15.0,A01
201300004218,0,7,0,0.0,2.0,2.0,13.0,A01
201300004218,0,7,0,0.0,2.0,1.0,1.0,B02
201300004219,0,7,0,13.0,0.0,2.0,1.0,A01
201300004220,0,10,0,6.0,0.0,1.0,1.0,A01
201300004221,0,7,0,8.0,0.0,3.0,1.0,A01
201300004222,0,14,0,2.0,0.0,1.0,14.0,A01
201300004223,0,7,0,2.0,0.0,1.0,13.0,A01
201300004224,0,7,0,6.0,0.0,3.0,15.0,A01
201300004225,0,7,0,0.0,0.0,8.0,1.0,A01
201300004226,0,7,0,8.0,0.0,1.0,1.0,A01
201300004227,0,7,0,6.0,0.0,1.0,17.0,A01
201300004228,0,7,0,0.0,2.0,7.0,1.0,A01
201300004228,0,7,0,0.0,2.0,1.0,1.0,B02
201300004229,0,7,0,0.0,1.0,2.0,1.0,A01
201300004229,0,7,0,0.0,0.0,0.0,17.0,B02
201300004230,0,7,0,10.0,0.0,1.0,13.0,A01
201300004231,0,7,0,0.0,2.0,1.0,19.0,A01
201300004231,0,7,0,0.0,2.0,1.0,1.0,B02
201300004232,0,7,0,0.0,2.0,1.0,1.0,A01
201300004232,0,7,0,0.0,2.0,1.0,17.0,B02
201300004233,0,7,0,2.0,0.0,1.0,1.0,A01
201300004234,0,7,0,0.0,1.0,2.0,17.0,A01
201300004234,0,7,0,0.0,2.0,6.0,17.0,B02
201300004235,0,15,0,0.0,2.0,3.0,15.0,A01
201300004235,0,33,0,0.0,2.0,1.0,1.0,B02
201300004236,0,7,0,0.0,2.0,3.0,15.0,A01
201300004236,0,33,0,0.0,2.0,1.0,1.0,B02
201300004237,0,7,0,0.0,1.0,1.0,1.0,A01
201300004238,0,7,0,0.0,2.0,3.0,1.0,A01
201300004238,0,30,0,0.0,2.0,1.0,13.0,B02
201300004239,0,7,0,13.0,0.0,1.0,0.0,A01
201300004240,0,7,0,0.0,0.0,3.0,0.0,A01