Num_Acc,senc,catv,occutc,obs,obsm,choc,manv,num_veh
201300004240,0,7,0,0.0,0.0,2.0,0.0,B02
201300004241,0,7,0,0.0,2.0,1.0,15.0,A01
201300004241,0,33,0,0.0,2.0,8.0,1.0,B02
201300004242,0,7,0,6.0,0.0,2.0,1.0,A01
201300004243,0,7,0,0.0,2.0,1.0,5.0,A01
201300004243,0,7,0,0.0,2.0,1.0,1.0,B02
201300004244,0,30,0,0.0,0.0,0.0,1.0,A01
201300004245,0,7,0,2.0,0.0,1.0,14.0,A01
201300004246,0,7,0,0.0,4.0,7.0,19.0,A01
201300004246,0,39,0,0.0,2.0,1.0,1.0,B02
201300004247,0,15,0,0.0,1.0,1.0,1.0,A01
201300004248,0,7,0,0.0,2.0,1.0,13.0,A01
201300004248,0,10,0,0.0,2.0,1.0,1.0,B02
201300004249,0,7,0,0.0,2.0,3.0,1.0,A01
201300004249,0,2,0,0.0,2.0,1.0,1.0,B02
201300004250,0,10,0,6.0,0.0,1.0,14.0,A01
201300004251,0,7,0,0.0,1.0,1.0,17.0,A01
201300004252,0,14,0,0.0,2.0,2.0,0.0,A01
201300004252,0,32,0,0.0,2.0,1.0,0.0,B02
201300004253,0,7,0,0.0,2.0,0.0,15.0,A01
201300004253,0,33,0,0.0,2.0,9.0,1.0,B02
201300004254,0,7,0,0.0,2.0,2.0,9.0,A01
201300004254,0,10,0,0.0,2.0,1.0,9.0,B02
201300004255,0,33,0,0.0,2.0,1.0,1.0,A01
201300004255,0,7,0,0.0,2.0,8.0,19.0,B02
201300004256,0,7,0,0.0,2.0,1.0,13.0,A01
201300004256,0,7,0,0.0,2.0,1.0,1.0,B02
201300004257,0,7,0,6.0,0.0,2.0,1.0,A01
201300004258,0,10,0,5.0,9.0,1.0,1.0,A01
201300004258,0,1,0,0.0,0.0,4.0,1.0,B02
201300004258,0,7,0,0.0,0.0,4.0,1.0,C03
201300004259,0,7,0,0.0,2.0,7.0,1.0,A01
201300004259,0,7,0,0.0,2.0,1.0,1.0,B02
201300004260,0,7,0,0.0,2.0,3.0,13.0,A01
201300004260,0,14,0,0.0,2.0,3.0,21.0,B02
201300004261,0,7,0,9.0,0.0,2.0,14.0,A01
201300004262,0,7,0,6.0,0.0,2.0,1.0,A01
201300004263,0,7,0,6.0,0.0,2.0,1.0,A01
201300004264,0,10,0,0.0,0.0,0.0,23.0,A01
201300004264,0,30,0,2.0,0.0,1.0,1.0,B02
201300004265,0,7,0,13.0,0.0,1.0,1.0,A01
201300004266,0,7,0,2.0,0.0,1.0,1.0,A01
201300004267,0,7,0,0.0,1.0,2.0,1.0,A01
201300004268,0,7,0,0.0,2.0,3.0,1.0,A01
201300004268,0,7,0,0.0,2.0,3.0,1.0,B02
201300004269,0,7,0,8.0,0.0,1.0,1.0,A01
201300004270,0,33,0,0.0,2.0,1.0,17.0,A01
201300004270,0,20,0,0.0,2.0,3.0,15.0,B02
201300004271,0,7,0,3.0,0.0,2.0,1.0,A01
201300004272,0,7,0,0.0,1.0,5.0,4.0,A01
201300004273,0,7,0,0.0,2.0,1.0,1.0,A01
201300004273,0,7,0,0.0,2.0,1.0,1.0,B02
201300004274,0,7,0,0.0,1.0,2.0,1.0,A01
201300004275,0,7,0,0.0,2.0,3.0,13.0,A01
201300004275,0,7,0,0.0,2.0,3.0,1.0,B02
201300004276,0,7,0,0.0,2.0,1.0,1.0,A01
201300004276,0,7,0,0.0,2.0,2.0,15.0,B02
201300004277,0,33,0,0.0,2.0,2.0,2.0,B02
201300004277,0,7,0,0.0,0.0,3.0,20.0,A01
201300004278,0,33,0,0.0,1.0,1.0,21.0,A01
201300004279,0,30,0,0.0,2.0,2.0,1.0,B02
201300004279,0,10,0,0.0,2.0,2.0,17.0,A01
201300004280,0,10,0,0.0,2.0,3.0,9.0,B02
201300004280,0,33,0,0.0,2.0,2.0,1.0,A01
201300004281,0,34,0,14.0,0.0,1.0,1.0,A01
201300004282,0,15,0,0.0,2.0,3.0,1.0,B02
201300004282,0,7,0,0.0,2.0,1.0,13.0,A01
201300004283,0,7,0,0.0,2.0,3.0,9.0,A01
201300004283,0,33,0,0.0,2.0,1.0,1.0,B02
201300004284,0,7,0,0.0,0.0,3.0,15.0,B02
201300004284,0,33,0,0.0,2.0,1.0,17.0,A01
201300004285,0,7,0,0.0,2.0,3.0,15.0,B02
201300004285,0,7,0,0.0,2.0,3.0,0.0,A01
201300004286,0,7,0,0.0,2.0,3.0,5.0,B02
201300004286,0,31,0,0.0,2.0,3.0,5.0,A01
201300004287,0,14,0,6.0,0.0,0.0,16.0,A01
201300004288,0,7,0,0.0,0.0,5.0,23.0,B02
201300004288,0,7,0,0.0,2.0,3.0,13.0,A01
201300004289,0,7,0,0.0,2.0,3.0,1.0,B02
201300004289,0,7,0,0.0,2.0,6.0,16.0,A01
201300004290,0,7,0,0.0,2.0,1.0,15.0,B02
201300004290,0,31,0,0.0,2.0,1.0,,A01
201300004291,0,10,0,1.0,0.0,1.0,1.0,A01
201300004291,0,10,0,0.0,2.0,4.0,23.0,B02
201300004291,0,10,0,1.0,9.0,3.0,0.0,C03
201300004291,0,10,0,0.0,0.0,0.0,0.0,D04
201300004292,1,7,0,0.0,1.0,2.0,0.0,A01
201300004293,0,7,0,1.0,0.0,2.0,1.0,B02
201300004293,0,37,24,0.0,0.0,6.0,24.0,A01
201300004294,0,7,0,0.0,1.0,7.0,1.0,A01
201300004295,0,7,0,6.0,0.0,2.0,1.0,A01
201300004296,0,7,0,0.0,2.0,3.0,1.0,A01
201300004296,0,1,0,0.0,2.0,8.0,19.0,B02
201300004297,0,7,0,8.0,0.0,1.0,1.0,A01
201300004298,0,7,0,0.0,1.0,1.0,15.0,A01
201300004299,0,7,0,0.0,2.0,6.0,1.0,A01
201300004299,0,7,0,0.0,2.0,2.0,17.0,B02
201300004300,0,7,0,0.0,0.0,3.0,1.0,A01
201300004300,0,1,0,0.0,2.0,1.0,19.0,B02
201300004301,0,7,0,0.0,2.0,9.0,0.0,B02
201300004301,0,7,0,0.0,2.0,4.0,1.0,A01
201300004301,0,13,0,0.0,2.0,1.0,0.0,C03
201300004302,0,7,0,0.0,1.0,2.0,1.0,A01
201300004303,0,30,0,0.0,2.0,8.0,1.0,A01
201300004304,0,30,0,1.0,0.0,1.0,14.0,A01
201300004305,0,2,0,14.0,0.0,3.0,1.0,A01
201300004306,0,10,0,0.0,1.0,0.0,1.0,A01
201300004307,0,7,0,9.0,0.0,1.0,6.0,A01
201300004308,0,33,0,0.0,0.0,5.0,1.0,B02
201300004308,0,7,0,0.0,2.0,3.0,1.0,A01
201300004309,0,14,0,0.0,9.0,2.0,1.0,A01
201300004310,0,33,0,0.0,2.0,1.0,2.0,B02
201300004310,0,7,0,0.0,0.0,8.0,10.0,A01
201300004311,0,7,0,0.0,2.0,1.0,1.0,B02
201300004311,0,7,0,0.0,2.0,4.0,23.0,A01
201300004312,0,30,0,0.0,2.0,7.0,15.0,A01
201300004312,0,7,0,0.0,2.0,1.0,9.0,B02
201300004313,0,2,0,0.0,2.0,1.0,1.0,B02
201300004313,0,7,0,0.0,2.0,1.0,15.0,A01
201300004314,0,7,0,13.0,0.0,1.0,0.0,A01
201300004315,0,10,0,0.0,2.0,5.0,15.0,A01
201300004315,0,30,0,0.0,2.0,1.0,1.0,B02
201300004316,0,7,0,0.0,2.0,8.0,15.0,B02
201300004316,0,7,0,0.0,2.0,2.0,1.0,A01
201300004317,0,7,0,0.0,2.0,1.0,13.0,A01
201300004317,0,7,0,0.0,2.0,2.0,1.0,B02
201300004318,0,7,0,0.0,0.0,2.0,15.0,A01
201300004318,0,33,0,0.0,2.0,1.0,1.0,B02
201300004319,0,7,0,0.0,2.0,3.0,15.0,B02
201300004319,0,33,0,0.0,2.0,1.0,2.0,A01
201300004320,0,15,0,0.0,2.0,3.0,6.0,A01
201300004320,0,15,0,0.0,2.0,3.0,21.0,B02
201300004321,0,7,0,0.0,2.0,8.0,1.0,B02
201300004321,0,33,0,0.0,2.0,8.0,1.0,A01
201300004322,0,1,0,0.0,1.0,1.0,21.0,A01
201300004323,0,7,0,13.0,0.0,9.0,1.0,A01
201300004324,0,7,0,0.0,2.0,1.0,1.0,B02
201300004324,0,7,0,0.0,2.0,1.0,13.0,A01
201300004325,0,7,0,0.0,2.0,1.0,9.0,C03
201300004325,0,2,0,0.0,2.0,1.0,1.0,A01
201300004325,0,2,0,0.0,2.0,1.0,1.0,B02
201300004326,1,33,0,2.0,0.0,1.0,1.0,A01
201300004327,0,7,0,0.0,0.0,3.0,15.0,B02
201300004327,0,7,0,0.0,2.0,1.0,17.0,A01
201300004328,0,36,0,8.0,0.0,1.0,0.0,A01
201300004329,0,7,0,0.0,2.0,3.0,5.0,A01
201300004329,0,7,0,0.0,2.0,3.0,21.0,B02
201300004330,0,7,0,0.0,2.0,1.0,1.0,B02
201300004330,0,7,0,0.0,2.0,1.0,13.0,A01
201300004331,0,2,0,0.0,2.0,3.0,16.0,A01
201300004331,1,7,0,0.0,2.0,5.0,16.0,B02
201300004332,0,7,0,0.0,2.0,3.0,1.0,A01
201300004332,0,7,0,0.0,2.0,3.0,23.0,B02
201300004333,0,7,0,0.0,2.0,1.0,1.0,B02
201300004333,0,7,0,0.0,2.0,1.0,1.0,A01
201300004334,0,30,0,0.0,2.0,7.0,1.0,A01
201300004334,0,7,0,0.0,2.0,6.0,16.0,B02
201300004335,0,2,0,0.0,2.0,3.0,13.0,A01
201300004335,0,7,0,0.0,2.0,8.0,1.0,B02
201300004336,0,7,0,0.0,1.0,1.0,1.0,A01
201300004337,0,33,0,13.0,0.0,1.0,14.0,A01
201300004338,0,33,0,0.0,2.0,1.0,17.0,A01
201300004338,0,7,0,0.0,2.0,6.0,17.0,B02
201300004339,0,7,0,0.0,2.0,7.0,19.0,A01
201300004339,0,7,0,0.0,0.0,1.0,1.0,B02
201300004340,0,10,0,16.0,0.0,1.0,1.0,A01
201300004341,2,7,0,0.0,2.0,1.0,0.0,A01
201300004341,0,7,0,0.0,2.0,1.0,1.0,B02
201300004342,0,7,0,0.0,0.0,2.0,1.0,B02
201300004342,0,3,0,0.0,2.0,3.0,9.0,A01
201300004343,0,14,0,11.0,1.0,1.0,1.0,A01
201300004344,0,7,0,0.0,2.0,2.0,19.0,A01
201300004344,0,31,0,0.0,2.0,1.0,1.0,B02
201300004345,0,7,0,0.0,2.0,3.0,1.0,A01
201300004345,0,30,0,0.0,2.0,1.0,13.0,B02
201300004346,0,14,0,0.0,1.0,3.0,23.0,A01
201300004347,0,7,0,16.0,0.0,0.0,1.0,A01
201300004348,0,10,0,0.0,2.0,7.0,1.0,B02
201300004348,0,30,0,0.0,2.0,1.0,19.0,A01
201300004349,0,7,0,0.0,2.0,3.0,1.0,C03
201300004349,0,7,0,0.0,2.0,3.0,1.0,A01
201300004349,0,7,0,0.0,2.0,9.0,15.0,B02
201300004350,0,7,0,8.0,0.0,2.0,21.0,A01
201300004351,0,30,0,12.0,0.0,9.0,1.0,A01
201300004352,0,1,0,0.0,0.0,0.0,1.0,A01
201300004353,0,7,0,0.0,1.0,3.0,1.0,A01
201300004354,0,7,0,0.0,2.0,1.0,13.0,A01
201300004354,0,7,0,0.0,2.0,4.0,1.0,C03
201300004354,0,7,0,0.0,2.0,1.0,1.0,B02
201300004355,0,7,0,0.0,1.0,3.0,1.0,A01
201300004356,0,33,0,0.0,6.0,3.0,1.0,A01
201300004357,0,7,0,0.0,2.0,2.0,13.0,A01
201300004357,0,7,0,0.0,2.0,2.0,1.0,B02
201300004358,0,3,0,0.0,2.0,9.0,1.0,B02
201300004358,0,7,0,0.0,2.0,1.0,1.0,D04
201300004358,0,7,0,0.0,2.0,6.0,17.0,A01
201300004358,0,14,0,0.0,2.0,4.0,1.0,C03
201300004359,0,7,0,0.0,1.0,6.0,4.0,A01
201300004360,0,33,0,12.0,0.0,1.0,1.0,A01
201300004361,0,7,0,0.0,0.0,8.0,19.0,B02
201300004361,0,7,0,0.0,2.0,1.0,1.0,A01
201300004362,0,34,0,8.0,0.0,1.0,1.0,A01
201300004363,0,7,0,0.0,2.0,1.0,2.0,B02
201300004363,0,7,0,0.0,2.0,4.0,15.0,A01
201300004364,0,7,0,0.0,2.0,8.0,15.0,B02
201300004364,0,2,0,0.0,2.0,1.0,17.0,A01
201300004365,0,33,0,2.0,0.0,1.0,14.0,A01
201300004366,0,1,0,0.0,2.0,1.0,1.0,B02
201300004366,0,7,0,0.0,0.0,7.0,15.0,A01
201300004367,0,7,0,0.0,1.0,2.0,1.0,A01
201300004368,0,10,0,0.0,2.0,2.0,15.0,B02
201300004368,0,33,0,0.0,2.0,8.0,1.0,A01
201300004369,0,7,0,0.0,0.0,9.0,1.0,A01
201300004370,0,7,0,0.0,1.0,1.0,1.0,A01
201300004371,0,7,0,0.0,9.0,2.0,1.0,A01
201300004371,0,1,0,0.0,2.0,8.0,1.0,B02
201300004372,0,7,0,0.0,1.0,5.0,1.0,A01
201300004373,0,7,0,0.0,2.0,2.0,1.0,A01
201300004373,0,7,0,0.0,2.0,1.0,1.0,B02
201300004374,0,7,0,0.0,1.0,1.0,1.0,A01
201300004375,0,7,0,0.0,2.0,3.0,17.0,A01
201300004375,0,33,0,0.0,2.0,1.0,1.0,B02
201300004376,0,7,0,,,0.0,0.0,A01
201300004377,0,33,0,8.0,0.0,1.0,1.0,A01
201300004378,0,7,0,13.0,0.0,5.0,1.0,A01
201300004379,0,7,0,0.0,2.0,3.0,15.0,B02
201300004379,0,33,0,0.0,2.0,3.0,15.0,A01
201300004380,0,7,0,0.0,2.0,1.0,1.0,B02
201300004380,0,7,0,0.0,2.0,7.0,13.0,A01
201300004381,0,33,0,0.0,0.0,0.0,21.0,A01
201300004382,0,33,0,0.0,2.0,1.0,1.0,A01
201300004382,0,7,0,0.0,2.0,1.0,15.0,B02
201300004383,0,7,0,0.0,2.0,1.0,1.0,B02
201300004383,0,7,0,0.0,2.0,1.0,13.0,A01
201300004384,0,31,0,0.0,0.0,0.0,0.0,A01
201300004385,0,7,0,0.0,2.0,3.0,1.0,B02
201300004385,0,7,0,0.0,2.0,1.0,1.0,A01
201300004386,0,7,0,8.0,2.0,2.0,1.0,B02
201300004386,0,7,0,6.0,2.0,6.0,16.0,A01
201300004387,0,31,0,0.0,0.0,0.0,1.0,A01
201300004388,0,31,0,6.0,0.0,7.0,14.0,A01
201300004389,0,33,0,0.0,2.0,1.0,1.0,B02
201300004389,0,7,0,0.0,2.0,3.0,19.0,A01
201300004390,0,33,0,0.0,2.0,5.0,0.0,B02
201300004390,0,7,0,0.0,2.0,2.0,1.0,A01
201300004391,0,32,0,0.0,2.0,1.0,1.0,B02
201300004391,0,36,0,0.0,0.0,7.0,9.0,A01
201300004392,0,33,0,0.0,2.0,7.0,2.0,A01
201300004392,0,7,0,0.0,2.0,8.0,15.0,B02
201300004393,0,7,0,0.0,2.0,1.0,19.0,A01
201300004393,0,10,0,0.0,0.0,4.0,2.0,C03
201300004393,0,33,0,0.0,2.0,8.0,17.0,B02
201300004394,0,7,0,0.0,0.0,3.0,19.0,A01
201300004394,0,7,0,0.0,2.0,2.0,1.0,B02
201300004395,0,7,0,0.0,2.0,3.0,13.0,A01
201300004395,0,14,0,3.0,2.0,3.0,1.0,B02
201300004396,0,7,0,6.0,0.0,3.0,1.0,A01
201300004397,0,33,0,0.0,2.0,1.0,1.0,A01
201300004397,0,1,0,0.0,2.0,8.0,19.0,B02
201300004398,0,7,0,14.0,0.0,0.0,14.0,A01
201300004399,0,1,0,0.0,2.0,4.0,2.0,B02
201300004399,0,7,0,0.0,2.0,1.0,2.0,A01
201300004400,0,33,0,0.0,0.0,1.0,1.0,A01
201300004401,0,30,0,0.0,2.0,1.0,15.0,A01
201300004401,0,10,0,0.0,2.0,1.0,16.0,B02
201300004402,0,1,0,0.0,2.0,8.0,24.0,C03
201300004402,0,1,0,0.0,2.0,0.0,24.0,D04
201300004402,0,7,0,1.0,2.0,3.0,19.0,A01
201300004402,0,1,0,0.0,2.0,3.0,24.0,B02
201300004403,0,21,0,0.0,0.0,0.0,1.0,A01
201300004404,0,2,0,0.0,2.0,1.0,5.0,A01
201300004404,0,33,0,0.0,2.0,1.0,1.0,B02
201300004405,0,15,0,0.0,2.0,8.0,1.0,C03
201300004405,0,7,0,0.0,2.0,3.0,1.0,B02
201300004405,0,7,0,0.0,2.0,3.0,17.0,A01
201300004406,0,7,0,0.0,2.0,2.0,21.0,B02
201300004406,0,7,0,0.0,2.0,8.0,10.0,A01
201300004407,0,7,0,0.0,1.0,1.0,16.0,A01
201300004408,0,7,0,0.0,1.0,3.0,1.0,A01
201300004409,0,1,0,0.0,2.0,3.0,1.0,B02
201300004409,0,7,0,0.0,2.0,2.0,1.0,A01
201300004410,0,7,0,0.0,2.0,3.0,1.0,A01
201300004410,0,10,0,0.0,2.0,2.0,1.0,B02
201300004411,0,7,0,0.0,1.0,7.0,0.0,A01
201300004412,0,2,0,0.0,0.0,2.0,0.0,A01
201300004413,0,10,0,2.0,0.0,3.0,2.0,A01
201300004414,0,33,0,0.0,2.0,1.0,17.0,B02
201300004414,0,7,0,0.0,2.0,6.0,17.0,A01
201300004415,0,14,0,0.0,0.0,5.0,1.0,A01
201300004416,0,37,0,0.0,2.0,3.0,15.0,B02
201300004416,0,30,0,0.0,2.0,1.0,6.0,A01
201300004417,0,7,0,0.0,2.0,1.0,13.0,B02
201300004417,0,17,0,0.0,2.0,3.0,1.0,A01
201300004418,0,7,0,0.0,2.0,2.0,1.0,B02
201300004418,0,2,0,0.0,2.0,8.0,15.0,A01
201300004419,0,14,0,0.0,2.0,1.0,1.0,B02
201300004419,0,7,0,0.0,2.0,8.0,19.0,A01
201300004420,0,7,0,0.0,2.0,1.0,21.0,A01
201300004420,0,7,0,0.0,0.0,1.0,14.0,B02
201300004421,0,10,0,,2.0,3.0,1.0,A01
201300004421,0,7,0,,2.0,3.0,23.0,B02
201300004422,0,10,0,0.0,2.0,3.0,1.0,A01
201300004422,0,7,0,0.0,2.0,3.0,23.0,B02
201300004423,0,7,0,0.0,2.0,1.0,1.0,B02
201300004423,0,7,0,0.0,2.0,2.0,21.0,C03
201300004423,0,7,0,0.0,2.0,1.0,5.0,A01
201300004424,0,7,0,0.0,0.0,5.0,15.0,B02
201300004424,0,7,0,0.0,2.0,3.0,1.0,A01
201300004425,0,7,0,0.0,2.0,2.0,6.0,A01
201300004425,0,2,0,0.0,2.0,1.0,1.0,B02
201300004426,0,7,0,0.0,2.0,1.0,1.0,B02
201300004426,0,7,0,0.0,2.0,1.0,13.0,A01
201300004427,0,7,0,0.0,1.0,2.0,1.0,A01
201300004428,0,7,0,0.0,2.0,2.0,1.0,B02
201300004428,0,7,0,5.0,2.0,8.0,13.0,A01
201300004429,0,7,0,0.0,1.0,1.0,1.0,A01
201300004430,0,33,0,0.0,0.0,8.0,1.0,A01
201300004431,0,7,0,0.0,2.0,1.0,1.0,A01
201300004431,0,33,0,0.0,2.0,1.0,13.0,B02
201300004432,0,33,0,2.0,0.0,7.0,1.0,A01
201300004433,0,7,0,0.0,2.0,1.0,0.0,A01
201300004433,0,7,0,0.0,2.0,1.0,1.0,B02
201300004434,0,7,0,13.0,0.0,2.0,1.0,A01
201300004435,0,7,0,0.0,2.0,3.0,15.0,B02
201300004435,0,30,0,0.0,2.0,1.0,1.0,A01
201300004436,0,7,0,2.0,0.0,1.0,1.0,A01
201300004437,0,7,0,0.0,0.0,8.0,19.0,A01
201300004437,0,14,0,0.0,2.0,5.0,1.0,B02
201300004438,0,10,0,0.0,2.0,1.0,5.0,B02
201300004438,0,7,0,0.0,2.0,1.0,1.0,A01
201300004439,0,33,0,13.0,0.0,7.0,13.0,A01
201300004440,0,7,0,0.0,2.0,1.0,1.0,B02
201300004440,0,31,0,0.0,2.0,1.0,1.0,A01
201300004441,0,7,0,0.0,1.0,2.0,2.0,A01
201300004442,0,10,0,0.0,2.0,3.0,1.0,A01
201300004442,0,7,0,0.0,2.0,3.0,1.0,B02
201300004443,0,2,0,0.0,2.0,4.0,1.0,A01
201300004443,0,30,0,0.0,2.0,4.0,15.0,B02
201300004444,0,7,0,6.0,2.0,1.0,1.0,A01
201300004444,0,7,0,0.0,2.0,1.0,1.0,B02
201300004445,0,7,0,0.0,1.0,2.0,1.0,A01
201300004446,0,3,0,0.0,0.0,7.0,1.0,A01
201300004447,0,7,0,2.0,0.0,1.0,1.0,A01
201300004448,0,7,0,0.0,1.0,1.0,1.0,A01
201300004449,0,7,0,2.0,0.0,8.0,1.0,A01
201300004450,0,7,0,0.0,2.0,3.0,13.0,A01
201300004450,0,7,0,0.0,2.0,1.0,1.0,C03
201300004450,0,7,0,0.0,2.0,3.0,1.0,B02
201300004451,0,7,0,3.0,0.0,3.0,13.0,A01
201300004452,0,7,0,2.0,0.0,8.0,13.0,A01
201300004453,0,30,0,6.0,0.0,2.0,10.0,A01
201300004454,0,7,0,0.0,2.0,3.0,5.0,A01
201300004454,0,30,0,0.0,2.0,1.0,1.0,B02
201300004455,0,99,0,14.0,1.0,7.0,1.0,A01
201300004456,0,7,0,0.0,2.0,1.0,13.0,A01
201300004456,0,7,0,0.0,2.0,1.0,1.0,B02
201300004457,0,7,0,0.0,1.0,8.0,17.0,A01
201300004458,0,7,0,0.0,2.0,1.0,13.0,A01
201300004458,0,7,0,0.0,2.0,1.0,1.0,B02
201300004459,0,7,0,0.0,2.0,6.0,15.0,B02
201300004459,0,33,0,0.0,2.0,7.0,17.0,A01
201300004460,0,2,0,4.0,0.0,2.0,1.0,A01
201300004461,0,7,0,0.0,2.0,2.0,1.0,C03
201300004461,0,7,0,0.0,2.0,1.0,1.0,A01
201300004461,0,7,0,0.0,2.0,1.0,1.0,B02
201300004462,0,7,0,0.0,2.0,1.0,1.0,B02
201300004462,0,7,0,0.0,2.0,8.0,1.0,C03
201300004462,0,7,0,0.0,2.0,3.0,13.0,A01
201300004463,0,33,0,0.0,0.0,1.0,1.0,A01
201300004464,0,7,0,0.0,2.0,7.0,1.0,B02
201300004464,0,7,0,0.0,2.0,1.0,1.0,A01
201300004465,0,7,0,0.0,1.0,2.0,9.0,A01
201300004466,0,10,0,8.0,0.0,3.0,19.0,A01
201300004467,0,2,0,0.0,2.0,1.0,13.0,A01
201300004467,0,7,0,0.0,2.0,3.0,1.0,B02
201300004468,0,7,0,0.0,2.0,3.0,13.0,A01
201300004468,0,17,0,0.0,2.0,8.0,1.0,B02
201300004468,0,7,0,0.0,2.0,2.0,1.0,D03
201300004469,0,1,0,0.0,2.0,1.0,1.0,A01
201300004469,0,10,0,0.0,2.0,2.0,9.0,C03
201300004469,0,1,0,0.0,2.0,1.0,1.0,B02
201300004470,0,7,0,0.0,2.0,3.0,0.0,A01
201300004470,0,7,0,0.0,2.0,2.0,1.0,B02
201300004471,0,1,0,0.0,2.0,1.0,1.0,B02
201300004471,0,7,0,0.0,2.0,3.0,17.0,A01
201300004472,0,14,0,0.0,0.0,3.0,1.0,B02
201300004472,0,7,0,0.0,0.0,3.0,13.0,A01
201300004473,0,2,0,0.0,2.0,1.0,1.0,B02
201300004473,0,7,0,0.0,2.0,3.0,13.0,A01
201300004474,0,7,0,0.0,1.0,4.0,4.0,A01
201300004475,0,7,0,0.0,2.0,3.0,1.0,B02
201300004475,0,33,0,0.0,2.0,1.0,17.0,A01
201300004476,0,7,0,6.0,0.0,1.0,1.0,A01
201300004477,0,7,0,0.0,2.0,2.0,23.0,B02
201300004477,0,7,0,0.0,2.0,2.0,1.0,C03
201300004477,0,7,0,15.0,0.0,3.0,13.0,A01
201300004478,0,7,0,0.0,2.0,3.0,1.0,A01
201300004478,0,30,0,0.0,0.0,8.0,15.0,B02
201300004479,0,7,0,0.0,2.0,2.0,15.0,A01
201300004479,0,31,0,0.0,2.0,1.0,1.0,B02
201300004480,0,7,0,0.0,2.0,1.0,13.0,A01
201300004480,0,7,0,16.0,2.0,3.0,1.0,B02
201300004481,0,7,0,16.0,0.0,2.0,17.0,A01
201300004481,0,7,0,8.0,0.0,3.0,1.0,B02
201300004482,0,33,0,0.0,2.0,1.0,1.0,B02
201300004482,0,7,0,0.0,2.0,8.0,19.0,A01
201300004483,0,7,0,0.0,2.0,2.0,9.0,A01
201300004483,0,33,0,0.0,2.0,1.0,1.0,B02
201300004484,0,7,0,6.0,0.0,1.0,14.0,A01
201300004485,0,33,0,0.0,2.0,1.0,1.0,A01
201300004485,0,7,0,0.0,2.0,1.0,15.0,B02
201300004486,0,33,0,0.0,0.0,7.0,0.0,A01
201300004486,0,7,0,0.0,0.0,1.0,19.0,B02
201300004487,0,7,0,2.0,0.0,1.0,1.0,A01
201300004488,0,7,0,0.0,2.0,5.0,15.0,A01
201300004488,0,2,0,0.0,2.0,1.0,1.0,B02
201300004489,0,10,0,0.0,2.0,3.0,1.0,A01
201300004489,0,7,0,0.0,2.0,2.0,19.0,B02
201300004490,0,7,0,0.0,2.0,2.0,1.0,A01
201300004490,0,7,0,0.0,2.0,3.0,1.0,B02
201300004491,0,7,0,0.0,2.0,3.0,1.0,A01
201300004491,0,7,0,0.0,2.0,3.0,1.0,B02
201300004492,0,7,0,2.0,0.0,1.0,1.0,A01
201300004493,0,33,0,0.0,2.0,7.0,1.0,A01
201300004494,0,7,0,6.0,0.0,9.0,1.0,A01
201300004495,0,7,0,14.0,2.0,1.0,1.0,B02
201300004495,0,7,0,3.0,0.0,7.0,16.0,A01
201300004496,0,7,0,8.0,0.0,1.0,13.0,A01
201300004497,0,2,0,0.0,0.0,8.0,0.0,A01
201300004498,0,33,0,0.0,2.0,1.0,1.0,A01
201300004498,0,7,0,0.0,2.0,3.0,15.0,B02
201300004499,0,33,0,12.0,0.0,1.0,1.0,A01
201300004500,0,33,0,0.0,2.0,1.0,1.0,A01
201300004500,0,7,0,0.0,2.0,1.0,1.0,B02
201300004501,0,1,0,0.0,2.0,1.0,1.0,B02
201300004501,0,7,0,0.0,2.0,3.0,13.0,A01
201300004502,0,7,0,0.0,1.0,3.0,1.0,A01
201300004503,0,15,0,0.0,0.0,0.0,17.0,A01
201300004503,0,30,0,0.0,0.0,0.0,1.0,B02
201300004504,0,14,0,0.0,2.0,3.0,1.0,B02
201300004504,0,33,0,0.0,2.0,1.0,13.0,A01
201300004505,0,7,0,0.0,2.0,1.0,1.0,B02
201300004505,0,7,0,0.0,2.0,4.0,17.0,A01
201300004506,0,33,0,0.0,2.0,1.0,17.0,A01
201300004506,0,7,0,0.0,2.0,1.0,1.0,B02
201300004507,0,7,0,0.0,2.0,3.0,1.0,A01
201300004507,0,33,0,0.0,2.0,1.0,1.0,B02
201300004508,0,33,0,0.0,2.0,1.0,1.0,B02
201300004508,0,7,0,0.0,2.0,1.0,15.0,A01
201300004509,0,7,0,0.0,0.0,9.0,1.0,A01
201300004510,0,35,0,0.0,2.0,7.0,5.0,B02
201300004510,0,7,0,0.0,2.0,1.0,1.0,A01
201300004511,0,7,0,0.0,2.0,1.0,1.0,A01
201300004511,0,7,0,0.0,2.0,1.0,1.0,B02
201300004512,0,7,0,0.0,2.0,2.0,1.0,A01
201300004512,0,10,0,0.0,2.0,5.0,15.0,B02
201300004513,0,7,0,0.0,2.0,1.0,1.0,C03
201300004513,0,7,0,0.0,2.0,1.0,4.0,A01
201300004513,0,7,0,0.0,2.0,1.0,1.0,B02
201300004514,0,13,0,0.0,2.0,1.0,1.0,B02
201300004514,0,7,0,0.0,2.0,1.0,5.0,A01
201300004515,0,7,0,0.0,2.0,1.0,16.0,B02
201300004515,0,7,0,0.0,2.0,8.0,1.0,A01
201300004516,0,30,0,0.0,2.0,1.0,1.0,B02