Num_Acc,senc,catv,occutc,obs,obsm,choc,manv,num_veh
201300004516,0,7,0,0.0,2.0,1.0,17.0,A01
201300004517,0,33,0,0.0,2.0,1.0,1.0,A01
201300004517,0,17,0,0.0,2.0,2.0,1.0,B02
201300004518,0,7,0,0.0,0.0,3.0,13.0,A01
201300004518,0,7,0,0.0,0.0,3.0,0.0,B02
201300004519,0,10,0,0.0,0.0,3.0,2.0,A01
201300004520,0,7,0,0.0,2.0,8.0,1.0,A01
201300004520,0,33,0,0.0,2.0,1.0,13.0,B02
201300004521,0,33,0,3.0,0.0,1.0,0.0,A01
201300004522,0,33,0,1.0,0.0,2.0,0.0,A01
201300004522,0,10,0,0.0,2.0,6.0,1.0,B02
201300004522,0,15,0,0.0,2.0,3.0,1.0,C03
201300004522,0,10,0,0.0,2.0,6.0,1.0,D04
201300004522,0,10,0,0.0,0.0,0.0,1.0,E05
201300004522,0,10,0,0.0,2.0,6.0,1.0,F06
201300004523,0,10,0,2.0,0.0,0.0,1.0,A01
201300004524,0,7,0,8.0,0.0,1.0,1.0,A01
201300004525,0,7,0,13.0,0.0,9.0,0.0,A01
201300004526,0,2,0,0.0,2.0,8.0,5.0,A01
201300004526,0,7,0,0.0,2.0,3.0,21.0,B02
201300004527,0,2,0,0.0,2.0,1.0,1.0,B02
201300004527,0,7,0,0.0,2.0,3.0,19.0,A01
201300004528,0,33,0,16.0,0.0,1.0,21.0,A01
201300004529,1,10,0,0.0,2.0,1.0,1.0,A01
201300004529,0,7,0,0.0,2.0,7.0,1.0,B02
201300004530,0,10,0,0.0,2.0,1.0,19.0,A01
201300004530,0,7,0,0.0,2.0,7.0,1.0,B02
201300004531,0,7,0,0.0,1.0,1.0,15.0,A01
201300004532,0,7,0,0.0,2.0,7.0,12.0,B02
201300004532,0,14,0,0.0,2.0,1.0,9.0,A01
201300004533,0,7,0,0.0,2.0,3.0,1.0,B02
201300004533,0,7,0,0.0,2.0,3.0,13.0,A01
201300004534,0,33,0,0.0,2.0,1.0,1.0,A01
201300004534,0,7,0,0.0,2.0,2.0,15.0,B01
201300004535,0,7,0,0.0,1.0,2.0,1.0,A01
201300004536,0,33,0,12.0,0.0,2.0,1.0,A01
201300004537,0,30,0,0.0,2.0,6.0,15.0,A01
201300004537,0,7,0,0.0,2.0,2.0,1.0,B02
201300004538,0,7,0,0.0,2.0,7.0,2.0,A01
201300004538,0,2,0,0.0,0.0,2.0,2.0,B02
201300004539,0,7,0,0.0,2.0,3.0,13.0,A01
201300004539,0,7,0,0.0,2.0,3.0,1.0,B02
201300004540,0,7,0,0.0,2.0,1.0,1.0,A01
201300004540,0,7,0,0.0,2.0,1.0,1.0,B02
201300004541,0,7,0,13.0,0.0,1.0,13.0,A01
201300004542,0,32,0,11.0,0.0,1.0,2.0,A01
201300004543,0,7,0,0.0,2.0,3.0,1.0,A01
201300004543,0,7,0,0.0,2.0,3.0,13.0,B02
201300004544,0,33,0,0.0,0.0,0.0,13.0,A01
201300004545,0,7,0,1.0,1.0,1.0,1.0,A01
201300004546,0,31,0,0.0,1.0,3.0,5.0,A01
201300004547,0,7,0,2.0,2.0,2.0,1.0,B02
201300004547,0,7,0,2.0,2.0,3.0,19.0,A01
201300004548,0,7,0,0.0,2.0,5.0,13.0,A01
201300004549,0,7,0,0.0,2.0,1.0,1.0,A01
201300004549,0,10,0,0.0,2.0,5.0,15.0,B02
201300004550,0,30,0,0.0,6.0,8.0,21.0,A01
201300004551,0,7,0,0.0,2.0,9.0,13.0,A01
201300004551,0,7,0,0.0,2.0,2.0,1.0,B02
201300004552,0,7,0,2.0,0.0,5.0,14.0,A01
201300004553,0,7,0,2.0,0.0,3.0,21.0,A01
201300004554,0,7,0,2.0,0.0,9.0,17.0,A01
201300004555,0,7,0,2.0,0.0,3.0,1.0,A01
201300004556,0,7,0,0.0,2.0,8.0,9.0,A01
201300004556,0,2,0,0.0,2.0,1.0,1.0,B02
201300004557,0,10,0,8.0,0.0,1.0,1.0,A01
201300004558,0,17,0,0.0,2.0,3.0,1.0,B02
201300004558,0,7,0,0.0,2.0,3.0,17.0,A01
201300004558,0,7,0,0.0,2.0,2.0,16.0,C03
201300004559,0,7,0,2.0,0.0,2.0,14.0,A01
201300004560,0,7,0,2.0,0.0,7.0,14.0,A01
201300004561,0,14,0,0.0,0.0,1.0,1.0,B01
201300004561,0,7,0,6.0,2.0,3.0,17.0,A01
201300004562,0,7,0,2.0,0.0,7.0,14.0,A01
201300004563,0,7,0,0.0,0.0,9.0,1.0,A01
201300004564,0,7,0,2.0,0.0,1.0,15.0,A01
201300004565,0,7,0,6.0,0.0,1.0,15.0,A01
201300004566,0,7,0,0.0,0.0,0.0,1.0,A01
201300004567,0,17,0,0.0,2.0,1.0,0.0,B02
201300004567,0,10,0,0.0,2.0,6.0,15.0,A01
201300004568,0,31,0,0.0,6.0,1.0,1.0,A01
201300004569,0,7,0,8.0,0.0,7.0,1.0,A01
201300004570,0,7,0,2.0,0.0,1.0,13.0,A01
201300004571,0,10,0,0.0,0.0,6.0,24.0,B02
201300004571,0,1,0,1.0,0.0,1.0,1.0,A01
201300004572,0,7,0,0.0,2.0,1.0,13.0,A01
201300004572,0,14,0,0.0,2.0,8.0,1.0,B02
201300004573,0,3,0,0.0,2.0,1.0,13.0,A01
201300004573,0,7,0,0.0,2.0,1.0,1.0,B02
201300004574,0,30,0,6.0,0.0,1.0,0.0,A01
201300004575,0,7,0,0.0,2.0,0.0,0.0,B02
201300004575,0,7,0,0.0,2.0,0.0,0.0,C03
201300004575,0,7,0,0.0,2.0,0.0,0.0,D04
201300004575,0,7,0,0.0,2.0,0.0,21.0,A01
201300004576,0,7,0,0.0,2.0,3.0,13.0,A01
201300004576,0,33,0,0.0,2.0,1.0,17.0,B02
201300004576,0,7,0,0.0,2.0,8.0,1.0,C03
201300004577,0,7,0,0.0,0.0,7.0,19.0,A01
201300004577,0,7,0,0.0,0.0,1.0,1.0,B02
201300004578,0,7,0,0.0,0.0,7.0,5.0,A01
201300004578,0,7,0,0.0,2.0,1.0,1.0,B02
201300004579,0,33,0,0.0,2.0,1.0,1.0,B02
201300004579,0,7,0,0.0,2.0,2.0,15.0,A01
201300004580,0,1,0,3.0,2.0,4.0,2.0,A01
201300004580,1,7,0,0.0,0.0,0.0,0.0,B02
201300004581,0,7,0,0.0,2.0,1.0,1.0,A01
201300004581,0,10,0,0.0,2.0,7.0,1.0,B02
201300004582,0,31,0,0.0,2.0,3.0,1.0,B02
201300004582,0,7,0,0.0,2.0,1.0,15.0,A01
201300004583,0,7,0,0.0,0.0,3.0,13.0,A01
201300004584,0,33,0,0.0,2.0,1.0,1.0,A01
201300004584,0,7,0,0.0,2.0,8.0,15.0,B02
201300004585,0,30,0,0.0,0.0,7.0,1.0,A01
201300004586,0,7,0,0.0,0.0,8.0,1.0,A01
201300004586,0,7,0,0.0,0.0,1.0,0.0,B02
201300004587,0,7,0,0.0,2.0,2.0,9.0,A01
201300004587,0,31,0,0.0,2.0,1.0,1.0,B02
201300004588,0,1,0,0.0,0.0,4.0,1.0,A01
201300004588,0,34,0,0.0,2.0,1.0,2.0,B02
201300004589,0,34,0,16.0,0.0,1.0,1.0,A01
201300004590,0,32,0,0.0,2.0,1.0,1.0,B02
201300004590,0,7,0,0.0,2.0,2.0,15.0,A01
201300004591,0,7,0,6.0,0.0,1.0,1.0,A01
201300004592,0,7,0,0.0,2.0,3.0,23.0,A01
201300004592,0,7,0,1.0,2.0,2.0,14.0,B02
201300004593,0,2,0,0.0,2.0,1.0,17.0,B02
201300004593,0,7,0,0.0,2.0,3.0,1.0,A01
201300004594,0,10,0,1.0,0.0,4.0,0.0,B02
201300004595,0,7,0,0.0,2.0,3.0,15.0,A01
201300004595,0,7,0,0.0,2.0,2.0,1.0,B02
201300004596,0,7,0,0.0,2.0,1.0,1.0,A01
201300004596,0,7,0,0.0,0.0,1.0,1.0,B02
201300004597,0,32,0,0.0,2.0,1.0,17.0,A01
201300004597,0,7,0,0.0,2.0,6.0,15.0,B01
201300004598,0,7,0,0.0,2.0,6.0,1.0,B02
201300004598,0,33,0,0.0,2.0,1.0,19.0,A01
201300004599,0,7,0,0.0,0.0,1.0,1.0,B02
201300004599,0,7,0,0.0,0.0,8.0,13.0,A01
201300004600,0,7,0,0.0,2.0,1.0,1.0,B02
201300004600,0,7,0,0.0,2.0,2.0,17.0,A01
201300004601,0,7,0,0.0,2.0,2.0,2.0,A01
201300004601,0,1,0,0.0,2.0,4.0,2.0,B02
201300004602,0,7,0,0.0,2.0,3.0,13.0,A01
201300004602,0,7,0,0.0,2.0,2.0,1.0,B02
201300004603,0,7,0,0.0,2.0,3.0,19.0,A01
201300004603,0,7,0,0.0,2.0,2.0,1.0,B02
201300004604,0,7,0,0.0,2.0,7.0,13.0,A01
201300004604,0,7,0,0.0,2.0,1.0,21.0,B02
201300004605,0,7,0,0.0,2.0,1.0,13.0,A01
201300004605,0,7,0,0.0,2.0,8.0,1.0,B02
201300004605,0,7,0,0.0,2.0,1.0,1.0,C03
201300004606,0,10,0,0.0,2.0,1.0,17.0,A01
201300004606,0,10,0,0.0,2.0,1.0,21.0,B02
201300004607,0,30,0,0.0,2.0,1.0,1.0,A01
201300004607,0,7,0,0.0,0.0,2.0,15.0,B02
201300004608,0,10,0,0.0,2.0,6.0,15.0,B02
201300004608,0,7,0,0.0,2.0,1.0,17.0,A01
201300004609,0,15,0,0.0,0.0,3.0,15.0,B02
201300004609,0,33,0,0.0,0.0,2.0,17.0,A01
201300004610,0,7,0,0.0,0.0,4.0,15.0,C03
201300004610,0,7,0,0.0,2.0,1.0,13.0,A01
201300004610,0,7,0,0.0,2.0,3.0,1.0,B02
201300004611,0,7,0,0.0,0.0,8.0,13.0,A01
201300004612,0,7,0,0.0,2.0,2.0,1.0,A01
201300004612,0,10,0,0.0,0.0,3.0,15.0,B02
201300004613,0,7,0,1.0,0.0,1.0,2.0,C03
201300004613,0,21,0,0.0,2.0,3.0,1.0,B02
201300004613,0,7,0,0.0,2.0,3.0,1.0,A01
201300004614,0,31,0,6.0,0.0,1.0,1.0,A01
201300004615,0,13,0,0.0,0.0,9.0,1.0,A01
201300004616,0,31,0,0.0,0.0,1.0,0.0,A01
201300004617,0,7,0,0.0,2.0,3.0,1.0,B02
201300004617,0,1,0,0.0,2.0,1.0,13.0,A01
201300004618,0,33,0,0.0,0.0,1.0,1.0,B02
201300004618,0,2,0,0.0,0.0,8.0,19.0,A01
201300004619,0,7,0,0.0,2.0,2.0,15.0,A01
201300004619,0,7,0,0.0,2.0,3.0,1.0,B02
201300004620,0,7,0,0.0,2.0,1.0,13.0,B02
201300004620,0,7,0,0.0,2.0,1.0,1.0,A01
201300004621,0,7,0,0.0,2.0,4.0,2.0,B02
201300004621,0,7,0,0.0,2.0,1.0,2.0,A01
201300004622,0,7,0,0.0,2.0,6.0,15.0,B02
201300004622,0,33,0,0.0,2.0,1.0,2.0,A01
201300004623,0,30,0,0.0,2.0,8.0,1.0,A01
201300004623,0,14,0,0.0,2.0,6.0,1.0,B02
201300004624,0,31,0,6.0,0.0,2.0,1.0,A01
201300004625,0,33,0,0.0,2.0,1.0,1.0,B02
201300004625,0,33,0,0.0,0.0,4.0,1.0,A01
201300004626,0,10,0,10.0,0.0,3.0,1.0,A01
201300004627,0,21,0,2.0,0.0,1.0,1.0,A01
201300004628,0,7,0,0.0,2.0,1.0,13.0,A01
201300004628,0,7,0,0.0,2.0,1.0,1.0,B02
201300004629,0,2,0,0.0,2.0,4.0,1.0,A01
201300004630,0,7,0,0.0,2.0,8.0,19.0,A01
201300004630,0,14,0,0.0,2.0,1.0,1.0,B02
201300004631,0,7,0,0.0,2.0,4.0,1.0,B02
201300004631,0,31,0,0.0,2.0,1.0,1.0,A01
201300004632,0,33,0,9.0,1.0,0.0,15.0,A01
201300004633,0,10,0,0.0,2.0,3.0,13.0,A01
201300004633,0,7,0,0.0,2.0,3.0,1.0,B02
201300004634,0,7,0,0.0,2.0,1.0,13.0,A01
201300004634,0,7,0,0.0,2.0,1.0,1.0,B02
201300004635,0,7,0,0.0,1.0,3.0,1.0,A01
201300004636,0,7,0,16.0,0.0,9.0,17.0,A01
201300004637,0,7,0,0.0,2.0,3.0,1.0,B02
201300004637,0,7,0,0.0,0.0,0.0,0.0,C03
201300004637,0,33,0,0.0,2.0,1.0,17.0,A01
201300004638,0,7,0,0.0,2.0,2.0,15.0,A01
201300004638,0,33,0,0.0,2.0,1.0,1.0,B02
201300004639,0,33,0,16.0,0.0,3.0,1.0,A01
201300004640,0,7,0,0.0,2.0,2.0,21.0,B02
201300004640,0,7,0,0.0,2.0,2.0,13.0,A01
201300004641,0,10,0,8.0,0.0,1.0,1.0,A01
201300004642,0,7,0,0.0,0.0,9.0,1.0,A01
201300004643,0,7,0,0.0,1.0,0.0,1.0,A01
201300004644,0,7,0,0.0,2.0,3.0,0.0,B02
201300004644,0,7,0,0.0,2.0,3.0,17.0,A01
201300004645,0,1,0,0.0,0.0,4.0,2.0,B02
201300004645,0,7,0,0.0,2.0,3.0,2.0,A01
201300004646,0,2,0,0.0,2.0,1.0,17.0,A01
201300004646,0,1,0,0.0,2.0,8.0,15.0,B02
201300004647,0,15,0,0.0,2.0,1.0,1.0,A01
201300004647,0,7,0,0.0,2.0,8.0,19.0,B02
201300004648,0,7,0,0.0,1.0,1.0,1.0,A01
201300004649,0,1,0,0.0,2.0,3.0,15.0,B02
201300004649,0,7,0,0.0,2.0,5.0,17.0,A01
201300004650,0,7,0,5.0,0.0,1.0,1.0,A01
201300004651,0,7,0,2.0,0.0,2.0,16.0,A01
201300004652,0,7,0,4.0,0.0,2.0,14.0,A01
201300004653,0,7,0,0.0,2.0,1.0,1.0,B02
201300004653,0,1,0,0.0,2.0,8.0,19.0,A01
201300004654,0,7,0,6.0,0.0,1.0,2.0,A01
201300004655,0,33,0,0.0,2.0,1.0,1.0,A01
201300004655,0,7,0,0.0,2.0,1.0,1.0,B02
201300004656,0,7,0,8.0,0.0,8.0,13.0,A01
201300004657,0,7,0,0.0,2.0,3.0,13.0,A01
201300004657,0,15,0,0.0,2.0,3.0,1.0,B02
201300004658,0,7,0,6.0,0.0,1.0,13.0,A01
201300004659,0,33,0,0.0,2.0,1.0,1.0,B02
201300004659,0,7,0,0.0,0.0,7.0,19.0,A01
201300004660,0,7,0,0.0,9.0,5.0,15.0,A01
201300004660,0,1,0,0.0,2.0,1.0,1.0,B02
201300004661,0,2,0,0.0,2.0,1.0,5.0,A01
201300004661,0,10,0,0.0,2.0,8.0,1.0,B02
201300004662,0,33,0,15.0,0.0,1.0,14.0,A01
201300004663,0,7,0,0.0,2.0,8.0,15.0,A01
201300004663,0,15,0,0.0,2.0,2.0,1.0,B02
201300004664,0,7,0,0.0,2.0,2.0,0.0,B02
201300004664,0,7,0,0.0,2.0,3.0,13.0,A01
201300004665,0,33,0,0.0,2.0,1.0,1.0,B02
201300004665,0,7,0,0.0,0.0,2.0,1.0,A01
201300004666,0,7,0,13.0,0.0,1.0,1.0,A01
201300004667,0,10,0,0.0,2.0,1.0,1.0,B02
201300004667,0,7,0,0.0,2.0,1.0,13.0,A01
201300004668,0,31,0,0.0,2.0,1.0,13.0,A01
201300004668,0,7,0,0.0,2.0,3.0,1.0,B02
201300004669,0,7,0,0.0,2.0,2.0,13.0,A01
201300004669,0,33,0,0.0,2.0,1.0,21.0,B02
201300004670,0,7,0,0.0,2.0,1.0,1.0,B02
201300004670,0,7,0,0.0,2.0,1.0,13.0,A01
201300004671,0,15,0,0.0,2.0,0.0,1.0,B02
201300004671,0,30,0,0.0,2.0,7.0,17.0,A01
201300004672,0,33,0,6.0,0.0,1.0,1.0,A01
201300004673,0,7,0,0.0,0.0,5.0,15.0,A01
201300004673,0,33,0,0.0,2.0,1.0,1.0,B02
201300004674,0,33,0,0.0,0.0,0.0,1.0,A01
201300004675,0,7,0,0.0,1.0,8.0,1.0,A01
201300004676,0,33,0,13.0,0.0,1.0,1.0,A01
201300004677,0,7,0,0.0,2.0,3.0,1.0,B02
201300004677,0,7,0,0.0,2.0,4.0,1.0,A01
201300004678,0,7,0,2.0,0.0,7.0,0.0,A01
201300004679,0,14,0,0.0,2.0,3.0,1.0,B02
201300004679,0,7,0,0.0,2.0,7.0,17.0,A01
201300004680,0,7,0,0.0,1.0,2.0,1.0,A01
201300004681,0,7,0,2.0,0.0,1.0,13.0,A01
201300004682,0,7,0,0.0,2.0,3.0,13.0,A01
201300004682,0,7,0,0.0,2.0,3.0,1.0,B02
201300004683,0,7,0,13.0,2.0,9.0,13.0,A01
201300004683,0,20,0,0.0,2.0,1.0,1.0,B02
201300004684,0,30,0,0.0,0.0,0.0,1.0,A01
201300004685,0,30,0,0.0,0.0,0.0,1.0,A01
201300004686,0,7,0,0.0,2.0,2.0,6.0,A01
201300004686,0,31,0,0.0,2.0,8.0,1.0,B02
201300004687,0,33,0,0.0,2.0,1.0,1.0,B02
201300004687,0,7,0,0.0,2.0,3.0,13.0,A01
201300004688,0,33,0,8.0,0.0,7.0,0.0,A01
201300004689,0,7,0,0.0,0.0,4.0,15.0,B02
201300004689,0,33,0,0.0,2.0,1.0,21.0,A01
201300004690,0,7,0,13.0,0.0,1.0,13.0,A01
201300004691,0,7,0,0.0,1.0,2.0,1.0,A01
201300004692,0,7,0,0.0,2.0,3.0,15.0,B01
201300004692,0,33,0,0.0,2.0,5.0,1.0,A02
201300004693,0,7,0,0.0,2.0,1.0,0.0,A01
201300004693,0,7,0,0.0,2.0,3.0,1.0,B02
201300004694,0,33,0,0.0,0.0,1.0,21.0,A01
201300004695,0,7,0,8.0,0.0,2.0,1.0,A01
201300004696,0,7,0,0.0,2.0,3.0,10.0,A01
201300004696,0,33,0,0.0,2.0,1.0,1.0,B02
201300004697,0,31,0,13.0,0.0,1.0,0.0,A01
201300004698,0,7,0,0.0,1.0,2.0,1.0,A01
201300004699,0,31,0,0.0,2.0,1.0,5.0,A01
201300004699,0,7,0,0.0,2.0,1.0,1.0,B02
201300004700,0,7,0,0.0,2.0,7.0,1.0,A01
201300004700,0,7,0,0.0,0.0,1.0,1.0,B02
201300004701,0,7,0,0.0,2.0,7.0,1.0,A01
201300004701,0,7,0,0.0,2.0,1.0,1.0,B02
201300004702,0,33,0,0.0,0.0,0.0,17.0,A01
201300004703,0,7,0,0.0,9.0,3.0,1.0,A01
201300004703,0,1,0,0.0,2.0,8.0,1.0,B02
201300004704,0,7,0,0.0,2.0,5.0,1.0,A01
201300004704,0,7,0,0.0,2.0,3.0,1.0,B02
201300004705,0,7,0,0.0,0.0,0.0,1.0,A01
201300004706,0,7,0,2.0,0.0,1.0,1.0,A01
201300004707,0,10,0,0.0,1.0,1.0,13.0,A01
201300004708,0,7,0,0.0,0.0,1.0,2.0,B02
201300004708,0,7,0,0.0,0.0,5.0,9.0,A01
201300004709,0,3,0,0.0,1.0,3.0,1.0,A01
201300004710,0,7,0,0.0,0.0,3.0,0.0,A01
201300004710,0,10,0,0.0,0.0,3.0,0.0,B02
201300004711,0,7,0,0.0,1.0,2.0,14.0,A01
201300004712,0,7,0,0.0,2.0,3.0,15.0,A01
201300004712,0,7,0,0.0,2.0,1.0,1.0,B02
201300004712,0,10,0,0.0,2.0,2.0,24.0,C03
201300004713,0,7,0,0.0,2.0,3.0,13.0,A01
201300004713,0,17,0,0.0,2.0,3.0,1.0,B02
201300004714,0,33,0,0.0,2.0,3.0,16.0,A01
201300004714,0,7,0,0.0,2.0,3.0,1.0,B02
201300004715,0,7,0,0.0,1.0,1.0,1.0,A01
201300004716,0,7,0,0.0,1.0,2.0,1.0,A01
201300004717,0,7,0,13.0,0.0,1.0,13.0,A01
201300004718,0,33,0,8.0,0.0,8.0,13.0,A01
201300004719,0,7,0,0.0,2.0,1.0,5.0,B02
201300004719,0,7,0,0.0,2.0,3.0,10.0,A01
201300004720,0,10,0,8.0,0.0,4.0,1.0,A01
201300004721,0,7,0,0.0,2.0,3.0,1.0,B02
201300004721,0,7,0,0.0,2.0,3.0,1.0,A01
201300004722,0,10,0,0.0,2.0,1.0,1.0,A01
201300004722,0,10,0,5.0,2.0,1.0,1.0,B02
201300004723,0,7,0,0.0,2.0,3.0,1.0,A01
201300004723,0,7,0,0.0,2.0,3.0,13.0,B02
201300004724,0,7,0,0.0,1.0,4.0,4.0,A01
201300004725,0,7,0,0.0,1.0,3.0,1.0,A01
201300004726,0,2,0,0.0,2.0,2.0,1.0,A01
201300004726,0,7,0,0.0,2.0,3.0,1.0,B01
201300004727,0,7,0,11.0,0.0,1.0,13.0,A01
201300004728,0,36,0,6.0,0.0,2.0,14.0,A01
201300004729,0,7,0,0.0,0.0,6.0,15.0,B01
201300004729,0,33,0,0.0,2.0,1.0,1.0,A01
201300004730,0,7,0,0.0,1.0,3.0,1.0,A01
201300004731,0,7,0,0.0,1.0,1.0,1.0,A01
201300004732,0,7,0,0.0,1.0,2.0,1.0,A01
201300004733,0,7,0,15.0,2.0,1.0,1.0,B01
201300004733,0,10,0,9.0,2.0,2.0,16.0,A01
201300004734,0,2,0,0.0,2.0,1.0,9.0,A01
201300004734,0,7,0,0.0,0.0,7.0,1.0,B01
201300004735,0,7,0,0.0,1.0,1.0,1.0,A01
201300004736,0,7,0,0.0,1.0,2.0,1.0,A01
201300004737,0,7,0,0.0,0.0,3.0,9.0,A01
201300004737,0,2,0,0.0,2.0,1.0,1.0,B01
201300004738,0,7,0,0.0,1.0,3.0,1.0,A01
201300004739,0,7,0,0.0,1.0,0.0,1.0,A01
201300004740,0,7,0,0.0,2.0,3.0,15.0,A01
201300004740,0,31,0,0.0,2.0,1.0,1.0,B01
201300004741,0,2,0,0.0,2.0,1.0,1.0,B01
201300004741,0,7,0,0.0,2.0,3.0,15.0,A01
201300004742,0,7,0,0.0,2.0,3.0,15.0,B01
201300004742,0,2,0,0.0,2.0,1.0,1.0,A01
201300004743,0,7,0,0.0,1.0,3.0,1.0,A01
201300004744,0,7,0,0.0,2.0,3.0,15.0,A01
201300004744,0,7,0,0.0,2.0,1.0,1.0,B02
201300004745,0,7,0,0.0,2.0,1.0,1.0,B02
201300004745,0,7,0,0.0,2.0,1.0,17.0,A01
201300004746,0,33,0,0.0,2.0,3.0,17.0,A01
201300004746,0,33,0,0.0,2.0,3.0,1.0,B02
201300004747,0,7,0,0.0,2.0,0.0,1.0,A01
201300004747,0,7,0,0.0,2.0,3.0,1.0,B02
201300004747,0,10,0,0.0,2.0,3.0,13.0,C03
201300004748,0,7,0,0.0,1.0,2.0,0.0,A01
201300004749,0,7,0,8.0,0.0,7.0,1.0,A01
201300004750,0,7,0,8.0,1.0,1.0,1.0,A01
201300004751,0,7,0,0.0,2.0,7.0,1.0,A01
201300004751,0,7,0,0.0,2.0,1.0,1.0,B02
201300004752,0,7,0,15.0,0.0,1.0,19.0,A01
201300004753,0,33,0,0.0,2.0,1.0,21.0,A01
201300004753,0,7,0,0.0,2.0,2.0,3.0,B02
201300004754,0,7,0,0.0,2.0,1.0,17.0,A01
201300004754,0,7,0,0.0,2.0,4.0,2.0,B02
201300004754,0,7,0,0.0,2.0,6.0,2.0,C03
201300004755,0,7,0,0.0,2.0,3.0,13.0,A01
201300004755,0,7,0,0.0,2.0,3.0,1.0,B02
201300004756,0,30,0,16.0,0.0,1.0,1.0,A01
201300004757,0,33,0,0.0,2.0,1.0,2.0,A01
201300004757,0,7,0,0.0,0.0,6.0,1.0,B02
201300004758,0,7,0,0.0,2.0,1.0,1.0,A01
201300004758,0,7,0,0.0,2.0,1.0,13.0,B02
201300004759,0,7,0,0.0,0.0,8.0,1.0,A01
201300004759,0,7,0,0.0,0.0,2.0,1.0,B02
201300004760,0,7,0,0.0,2.0,1.0,13.0,A01
201300004760,0,10,0,0.0,2.0,2.0,1.0,B02
201300004761,0,32,0,0.0,2.0,1.0,1.0,B02
201300004761,0,7,0,0.0,2.0,3.0,19.0,A01
201300004762,0,7,0,0.0,1.0,2.0,1.0,A01
201300004763,0,7,0,6.0,0.0,1.0,2.0,A01
201300004764,0,10,0,0.0,2.0,2.0,1.0,B02
201300004764,0,7,0,0.0,2.0,5.0,15.0,A01
201300004765,0,7,0,0.0,2.0,3.0,13.0,A01
201300004765,0,10,0,0.0,2.0,3.0,1.0,B02
201300004766,0,33,0,2.0,0.0,1.0,1.0,A01
201300004767,0,7,0,13.0,0.0,3.0,16.0,A01
201300004768,0,7,0,0.0,1.0,1.0,1.0,A01
201300004769,0,7,0,0.0,1.0,1.0,1.0,A01
201300004770,0,7,0,0.0,1.0,1.0,1.0,A01
201300004771,0,7,0,0.0,1.0,1.0,1.0,A01
201300004772,0,7,0,0.0,2.0,3.0,9.0,A01
201300004772,0,30,0,0.0,2.0,1.0,1.0,B01
201300004773,0,7,0,0.0,2.0,1.0,1.0,A01
201300004773,0,7,0,0.0,2.0,1.0,9.0,B01
201300004774,0,7,0,0.0,1.0,2.0,1.0,A01
201300004775,0,10,0,0.0,1.0,2.0,1.0,A01
201300004776,0,7,0,0.0,2.0,8.0,15.0,A01
201300004776,0,20,0,0.0,2.0,2.0,17.0,B01
201300004777,0,7,0,0.0,2.0,1.0,2.0,A01
201300004777,0,7,0,0.0,2.0,4.0,23.0,B01
201300004778,0,7,0,0.0,2.0,1.0,2.0,A01
201300004778,0,7,0,0.0,0.0,4.0,23.0,B01
201300004779,0,7,0,0.0,2.0,2.0,1.0,B01
201300004779,0,7,0,0.0,2.0,2.0,9.0,A01
201300004780,0,10,0,0.0,2.0,0.0,16.0,A01
201300004780,0,2,0,0.0,2.0,3.0,1.0,B01
201300004781,0,7,0,1.0,0.0,1.0,14.0,A01
201300004782,0,7,0,8.0,0.0,1.0,14.0,A01
201300004783,0,30,0,0.0,2.0,1.0,1.0,B01
201300004783,0,7,0,0.0,2.0,2.0,19.0,A01
201300004784,0,7,0,0.0,1.0,1.0,1.0,A01
201300004785,0,7,0,0.0,1.0,1.0,1.0,A01
201300004786,0,7,0,0.0,1.0,5.0,4.0,A01
201300004787,0,33,0,3.0,0.0,9.0,13.0,A01
201300004788,0,7,0,0.0,1.0,4.0,4.0,A01
201300004789,0,7,0,1.0,2.0,1.0,0.0,A01
201300004789,0,2,0,0.0,2.0,1.0,1.0,B01
201300004790,0,10,0,0.0,2.0,1.0,9.0,A01
201300004790,0,1,0,0.0,2.0,2.0,1.0,B01
201300004791,0,10,0,0.0,1.0,3.0,1.0,A01
201300004792,0,7,0,0.0,2.0,3.0,9.0,B01
201300004792,0,32,0,0.0,2.0,1.0,1.0,A01
201300004793,0,15,0,1.0,0.0,0.0,24.0,B01
201300004793,0,10,0,1.0,0.0,3.0,13.0,A01
201300004794,0,1,0,0.0,2.0,7.0,0.0,B01
201300004794,0,10,0,0.0,2.0,1.0,19.0,A01
201300004795,0,7,0,0.0,2.0,2.0,1.0,A01
201300004795,0,1,0,0.0,0.0,4.0,2.0,B01
201300004796,0,7,0,0.0,2.0,5.0,12.0,A01
201300004796,0,1,0,0.0,2.0,3.0,1.0,B01
201300004797,0,7,0,0.0,2.0,1.0,1.0,B01
201300004797,0,7,0,0.0,2.0,1.0,15.0,A01
201300004798,0,10,0,0.0,2.0,7.0,15.0,A01
201300004798,0,10,0,0.0,2.0,1.0,1.0,B01
201300004799,2,10,0,1.0,0.0,1.0,14.0,A01
201300004800,0,7,0,0.0,2.0,2.0,1.0,A01
201300004800,0,1,0,0.0,2.0,1.0,1.0,B01
201300004801,0,7,0,0.0,2.0,6.0,9.0,B01
201300004801,0,37,1,0.0,2.0,1.0,1.0,A01
201300004802,0,10,0,0.0,2.0,3.0,9.0,A01