Num_Acc,senc,catv,occutc,obs,obsm,choc,manv,num_veh
201300004802,0,7,0,0.0,2.0,2.0,21.0,B01
201300004803,0,7,0,0.0,2.0,3.0,15.0,A01
201300004803,0,2,0,0.0,2.0,1.0,1.0,B01
201300004804,0,7,0,0.0,1.0,1.0,9.0,A01
201300004805,0,15,0,0.0,2.0,3.0,1.0,B01
201300004805,0,7,0,0.0,2.0,3.0,13.0,A01
201300004806,0,7,0,5.0,2.0,2.0,13.0,A01
201300004806,0,7,0,5.0,2.0,3.0,1.0,B01
201300004807,0,7,0,0.0,2.0,3.0,15.0,A01
201300004807,0,7,0,0.0,2.0,1.0,1.0,B01
201300004808,0,7,0,0.0,1.0,2.0,1.0,A01
201300004809,0,7,0,0.0,1.0,1.0,15.0,A01
201300004810,0,7,0,0.0,2.0,2.0,1.0,B02
201300004810,0,30,0,0.0,2.0,1.0,1.0,A01
201300004811,0,7,0,6.0,0.0,5.0,13.0,A01
201300004812,0,7,0,0.0,2.0,3.0,15.0,A01
201300004812,0,1,0,0.0,2.0,1.0,1.0,B02
201300004813,0,7,0,0.0,2.0,3.0,1.0,A01
201300004813,0,7,0,0.0,2.0,3.0,13.0,B02
201300004814,0,7,0,0.0,2.0,3.0,1.0,A01
201300004814,0,31,0,0.0,2.0,1.0,1.0,B02
201300004815,0,10,0,0.0,2.0,3.0,13.0,A01
201300004815,0,7,0,0.0,2.0,3.0,1.0,B02
201300004816,0,7,0,0.0,2.0,7.0,15.0,A01
201300004816,0,2,0,0.0,2.0,1.0,1.0,B02
201300004817,0,7,0,0.0,2.0,2.0,15.0,A01
201300004817,0,7,0,0.0,2.0,1.0,1.0,B02
201300004818,0,7,0,11.0,2.0,1.0,6.0,A01
201300004818,0,7,0,0.0,2.0,1.0,1.0,B02
201300004819,0,2,0,0.0,2.0,1.0,1.0,B02
201300004819,0,7,0,0.0,0.0,5.0,15.0,A01
201300004820,0,33,0,0.0,0.0,3.0,9.0,A01
201300004821,0,7,0,13.0,0.0,9.0,13.0,A01
201300004822,0,33,0,3.0,0.0,1.0,1.0,A01
201300004823,0,1,0,0.0,0.0,0.0,1.0,A01
201300004824,0,2,0,6.0,0.0,2.0,2.0,A01
201300004825,0,7,0,0.0,1.0,7.0,1.0,A01
201300004826,0,7,0,0.0,2.0,2.0,16.0,B02
201300004826,0,36,0,0.0,2.0,8.0,18.0,A01
201300004827,0,7,0,0.0,2.0,2.0,1.0,A01
201300004827,0,7,0,0.0,2.0,3.0,15.0,B02
201300004828,0,7,0,0.0,2.0,3.0,10.0,A01
201300004828,0,33,0,0.0,2.0,1.0,1.0,B02
201300004829,0,7,0,2.0,0.0,1.0,13.0,A01
201300004830,0,33,0,0.0,2.0,1.0,1.0,B02
201300004830,0,7,0,0.0,2.0,3.0,15.0,A01
201300004831,0,34,0,12.0,0.0,1.0,1.0,A01
201300004832,0,33,0,0.0,0.0,7.0,1.0,A01
201300004833,0,7,0,0.0,2.0,3.0,13.0,A01
201300004833,0,7,0,0.0,2.0,3.0,1.0,B02
201300004834,0,7,0,2.0,0.0,1.0,16.0,A01
201300004835,0,33,0,5.0,0.0,5.0,0.0,A01
201300004836,0,33,0,0.0,2.0,1.0,1.0,A01
201300004836,0,7,0,0.0,2.0,6.0,1.0,B02
201300004837,0,33,0,15.0,0.0,1.0,1.0,A01
201300004838,0,21,0,0.0,2.0,7.0,17.0,A01
201300004838,0,1,0,0.0,2.0,8.0,13.0,B02
201300004839,0,2,0,0.0,1.0,1.0,13.0,A01
201300004840,0,7,0,0.0,9.0,1.0,2.0,A01
201300004840,0,1,0,16.0,0.0,4.0,2.0,B02
201300004841,0,7,0,2.0,0.0,2.0,1.0,A01
201300004842,0,30,0,0.0,0.0,2.0,1.0,A01
201300004843,0,33,0,15.0,0.0,1.0,1.0,A01
201300004844,0,33,0,0.0,2.0,1.0,13.0,B02
201300004844,0,7,0,0.0,2.0,0.0,1.0,A01
201300004845,0,7,0,0.0,1.0,4.0,4.0,A01
201300004846,0,33,0,0.0,2.0,1.0,17.0,A01
201300004846,0,38,0,0.0,2.0,8.0,15.0,B02
201300004847,0,99,0,0.0,2.0,1.0,1.0,A01
201300004847,0,1,0,0.0,2.0,7.0,1.0,B02
201300004848,0,7,0,0.0,2.0,2.0,15.0,A01
201300004848,0,31,0,0.0,2.0,1.0,1.0,B02
201300004849,0,7,0,0.0,0.0,1.0,1.0,A01
201300004850,0,1,0,0.0,2.0,1.0,1.0,B02
201300004850,0,7,0,0.0,9.0,7.0,19.0,A01
201300004851,0,33,0,0.0,2.0,1.0,17.0,A01
201300004851,0,7,0,0.0,2.0,3.0,17.0,C03
201300004851,0,7,0,0.0,2.0,1.0,17.0,B02
201300004852,0,7,0,0.0,2.0,5.0,15.0,A01
201300004852,0,33,0,0.0,2.0,1.0,17.0,B02
201300004853,0,33,0,12.0,0.0,1.0,0.0,A01
201300004854,0,7,0,11.0,2.0,1.0,1.0,A01
201300004854,0,7,0,0.0,2.0,1.0,1.0,B02
201300004855,0,1,0,0.0,0.0,4.0,1.0,B02
201300004855,0,7,0,0.0,2.0,1.0,1.0,A01
201300004856,0,7,0,0.0,1.0,2.0,1.0,A01
201300004857,0,7,0,0.0,2.0,3.0,5.0,B02
201300004857,0,33,0,0.0,2.0,1.0,5.0,E05
201300004857,0,33,0,0.0,2.0,1.0,5.0,C03
201300004857,0,33,0,0.0,2.0,1.0,5.0,D04
201300004857,0,7,0,0.0,2.0,3.0,5.0,A01
201300004858,0,33,0,11.0,0.0,1.0,1.0,A01
201300004859,0,7,0,0.0,2.0,1.0,1.0,A01
201300004859,0,7,0,0.0,2.0,3.0,1.0,B02
201300004860,0,10,0,0.0,2.0,2.0,1.0,B02
201300004860,0,7,0,0.0,2.0,7.0,1.0,A01
201300004861,0,7,0,13.0,0.0,1.0,1.0,A01
201300004862,0,7,0,13.0,2.0,3.0,15.0,B01
201300004862,0,10,0,0.0,2.0,3.0,15.0,A01
201300004862,0,10,0,0.0,2.0,1.0,23.0,C01
201300004863,0,7,0,0.0,1.0,3.0,1.0,A01
201300004864,0,7,0,0.0,2.0,1.0,1.0,B01
201300004864,0,10,0,0.0,2.0,1.0,13.0,A01
201300004865,0,2,0,0.0,0.0,4.0,15.0,A01
201300004865,0,7,0,0.0,2.0,2.0,2.0,B01
201300004866,0,7,0,0.0,1.0,3.0,1.0,A01
201300004867,0,7,0,0.0,1.0,2.0,21.0,A01
201300004868,0,7,0,0.0,1.0,4.0,4.0,A01
201300004869,0,7,0,0.0,1.0,1.0,20.0,A01
201300004870,0,7,0,0.0,2.0,7.0,15.0,A01
201300004870,0,33,0,0.0,0.0,1.0,1.0,B01
201300004871,0,7,0,0.0,2.0,1.0,1.0,B01
201300004871,0,7,0,0.0,2.0,1.0,13.0,A01
201300004872,0,17,0,9.0,1.0,1.0,1.0,A01
201300004873,0,7,0,0.0,2.0,1.0,1.0,B01
201300004873,0,7,0,0.0,2.0,2.0,15.0,A01
201300004874,0,7,0,0.0,2.0,3.0,9.0,A01
201300004874,0,1,0,0.0,2.0,1.0,1.0,B02
201300004875,0,7,0,0.0,1.0,3.0,1.0,A01
201300004876,0,7,0,0.0,1.0,1.0,15.0,A01
201300004877,0,7,0,0.0,2.0,1.0,13.0,A01
201300004877,0,7,0,0.0,2.0,3.0,1.0,B02
201300004878,0,33,0,0.0,2.0,1.0,1.0,B02
201300004878,0,7,0,0.0,2.0,2.0,15.0,A01
201300004879,1,7,0,0.0,1.0,1.0,14.0,A01
201300004880,0,7,0,0.0,2.0,2.0,17.0,A01
201300004880,0,7,0,0.0,2.0,6.0,17.0,B02
201300004881,0,7,0,13.0,0.0,1.0,17.0,A01
201300004882,0,33,0,0.0,2.0,1.0,1.0,B02
201300004882,0,7,0,0.0,2.0,1.0,13.0,A01
201300004883,0,1,0,14.0,0.0,0.0,1.0,A01
201300004884,0,7,0,0.0,2.0,1.0,1.0,B02
201300004884,0,7,0,3.0,2.0,7.0,13.0,A01
201300004885,0,7,0,8.0,0.0,2.0,13.0,A01
201300004886,0,1,0,0.0,2.0,7.0,1.0,B02
201300004886,0,7,0,0.0,2.0,3.0,9.0,A01
201300004887,0,7,0,0.0,2.0,1.0,1.0,A01
201300004887,0,2,0,0.0,2.0,1.0,13.0,B02
201300004888,0,33,0,0.0,2.0,1.0,1.0,A01
201300004888,0,13,0,0.0,2.0,6.0,9.0,B02
201300004889,0,7,0,2.0,0.0,1.0,14.0,A01
201300004890,0,10,0,0.0,2.0,3.0,15.0,A01
201300004890,0,33,0,0.0,2.0,3.0,16.0,B02
201300004891,0,14,0,0.0,2.0,2.0,13.0,A01
201300004891,0,7,0,0.0,2.0,3.0,21.0,B02
201300004892,0,1,0,0.0,2.0,1.0,1.0,A01
201300004892,0,7,0,0.0,2.0,1.0,15.0,B02
201300004893,0,7,0,0.0,2.0,2.0,1.0,B02
201300004893,0,10,0,0.0,2.0,2.0,13.0,A01
201300004894,0,7,0,2.0,0.0,8.0,13.0,A01
201300004895,0,1,0,0.0,2.0,8.0,1.0,B02
201300004895,0,7,0,0.0,9.0,3.0,15.0,A01
201300004896,0,7,0,0.0,2.0,1.0,1.0,A01
201300004896,0,7,0,0.0,2.0,4.0,23.0,B02
201300004896,0,7,0,0.0,2.0,4.0,23.0,C03
201300004897,0,7,0,0.0,2.0,8.0,9.0,A01
201300004897,0,31,0,0.0,2.0,1.0,1.0,B02
201300004898,0,30,0,0.0,1.0,2.0,1.0,A01
201300004899,0,7,0,2.0,0.0,3.0,1.0,A01
201300004900,0,21,0,0.0,0.0,3.0,1.0,A01
201300004900,0,31,0,0.0,0.0,3.0,13.0,B02
201300004901,0,33,0,0.0,2.0,7.0,17.0,A01
201300004901,0,7,0,0.0,2.0,3.0,15.0,B02
201300004902,0,7,0,8.0,0.0,2.0,1.0,A01
201300004903,0,7,0,13.0,0.0,9.0,13.0,A01
201300004904,0,7,0,13.0,0.0,1.0,13.0,A01
201300004905,0,33,0,0.0,0.0,8.0,15.0,A01
201300004906,0,7,0,0.0,0.0,1.0,1.0,B02
201300004906,0,7,0,0.0,0.0,3.0,16.0,A01
201300004907,0,30,0,3.0,0.0,3.0,1.0,A01
201300004908,0,10,0,0.0,2.0,3.0,13.0,B02
201300004908,0,33,0,1.0,0.0,1.0,1.0,A01
201300004909,0,7,0,0.0,2.0,1.0,1.0,A01
201300004909,0,7,0,0.0,2.0,3.0,1.0,B02
201300004910,0,7,0,0.0,1.0,2.0,1.0,A01
201300004911,0,7,0,0.0,1.0,3.0,1.0,A01
201300004912,0,2,0,0.0,2.0,1.0,13.0,A01
201300004912,0,7,0,0.0,2.0,3.0,1.0,B02
201300004912,0,2,0,0.0,2.0,1.0,13.0,C03
201300004913,0,7,0,2.0,0.0,7.0,13.0,A01
201300004914,0,7,0,13.0,0.0,3.0,14.0,A01
201300004915,0,7,0,2.0,0.0,2.0,21.0,A01
201300004916,0,7,0,2.0,0.0,1.0,1.0,A01
201300004917,0,7,0,0.0,2.0,3.0,1.0,A01
201300004917,0,33,0,0.0,2.0,8.0,15.0,B02
201300004918,0,36,0,16.0,0.0,0.0,13.0,A01
201300004919,0,7,0,0.0,2.0,3.0,1.0,C03
201300004919,0,7,0,0.0,2.0,3.0,13.0,A01
201300004919,0,7,0,0.0,2.0,3.0,13.0,B02
201300004920,0,7,0,0.0,2.0,2.0,1.0,A01
201300004920,0,1,0,0.0,2.0,1.0,1.0,B02
201300004921,0,7,0,0.0,2.0,2.0,1.0,A01
201300004921,0,7,0,0.0,2.0,2.0,1.0,B02
201300004922,0,7,0,0.0,2.0,8.0,1.0,B02
201300004922,0,7,0,0.0,2.0,7.0,19.0,A01
201300004923,0,15,0,0.0,2.0,3.0,1.0,C03
201300004923,0,7,0,0.0,2.0,3.0,1.0,A01
201300004923,0,10,0,0.0,2.0,3.0,1.0,B02
201300004924,2,7,0,0.0,2.0,1.0,1.0,A01
201300004924,0,33,0,0.0,2.0,1.0,17.0,C03
201300004924,0,7,0,0.0,2.0,1.0,1.0,B02
201300004925,0,7,0,0.0,2.0,1.0,11.0,A01
201300004925,0,7,0,0.0,2.0,1.0,1.0,B02
201300004926,0,7,0,16.0,0.0,9.0,1.0,A01
201300004927,0,7,0,1.0,0.0,1.0,14.0,A01
201300004928,0,10,0,0.0,2.0,1.0,5.0,A01
201300004928,0,10,0,0.0,2.0,1.0,1.0,B02
201300004929,0,7,0,6.0,0.0,1.0,14.0,A01
201300004930,0,7,0,0.0,2.0,7.0,17.0,A01
201300004930,0,1,0,0.0,2.0,8.0,1.0,B02
201300004931,0,31,0,0.0,0.0,4.0,15.0,B02
201300004931,0,7,0,0.0,2.0,1.0,17.0,A01
201300004932,0,38,0,6.0,0.0,2.0,1.0,A01
201300004933,0,10,0,0.0,2.0,3.0,1.0,B02
201300004933,0,7,0,0.0,2.0,3.0,13.0,A01
201300004934,0,31,0,13.0,0.0,7.0,1.0,A01
201300004935,0,7,0,0.0,1.0,3.0,1.0,A01
201300004936,0,7,0,0.0,2.0,1.0,13.0,A01
201300004936,0,7,0,0.0,2.0,3.0,1.0,B02
201300004937,0,7,0,0.0,2.0,6.0,1.0,C03
201300004937,0,7,0,0.0,2.0,1.0,1.0,B02
201300004937,0,10,0,0.0,2.0,1.0,13.0,A01
201300004938,0,7,0,0.0,1.0,2.0,16.0,A01
201300004939,0,7,0,2.0,0.0,8.0,0.0,A01
201300004940,0,7,0,6.0,0.0,1.0,1.0,A01
201300004941,0,33,0,13.0,0.0,9.0,1.0,A01
201300004942,0,7,0,0.0,0.0,9.0,1.0,A01
201300004943,0,7,0,0.0,1.0,3.0,0.0,A01
201300004944,0,10,0,14.0,0.0,1.0,1.0,A01
201300004945,0,7,0,0.0,2.0,3.0,13.0,A01
201300004945,0,7,0,0.0,2.0,3.0,1.0,B02
201300004946,0,7,0,1.0,1.0,2.0,1.0,A01
201300004947,0,2,0,0.0,2.0,3.0,1.0,A01
201300004947,0,10,0,0.0,0.0,6.0,20.0,B02
201300004948,0,7,0,0.0,2.0,1.0,1.0,A01
201300004948,0,1,0,0.0,0.0,0.0,0.0,B02
201300004949,0,7,0,0.0,2.0,3.0,9.0,A01
201300004949,0,33,0,0.0,2.0,1.0,1.0,B02
201300004950,0,10,0,0.0,2.0,3.0,16.0,B02
201300004950,0,31,0,0.0,2.0,1.0,15.0,A01
201300004951,0,7,0,8.0,0.0,4.0,1.0,A01
201300004952,1,7,0,0.0,1.0,0.0,0.0,A01
201300004953,0,7,0,0.0,2.0,2.0,17.0,B02
201300004953,0,21,0,0.0,2.0,3.0,15.0,A01
201300004954,0,7,0,0.0,2.0,8.0,1.0,B02
201300004954,0,7,0,0.0,2.0,3.0,13.0,A01
201300004955,0,7,0,0.0,2.0,8.0,19.0,B02
201300004955,0,7,0,0.0,2.0,1.0,1.0,A01
201300004956,0,7,0,0.0,2.0,3.0,17.0,A01
201300004956,0,7,0,0.0,2.0,3.0,1.0,B02
201300004957,0,7,0,8.0,0.0,2.0,1.0,A01
201300004958,0,7,0,0.0,2.0,1.0,15.0,B02
201300004958,0,7,0,0.0,2.0,1.0,1.0,A01
201300004959,0,7,0,0.0,1.0,2.0,1.0,A01
201300004960,2,7,0,9.0,0.0,7.0,1.0,A01
201300004961,0,7,0,4.0,0.0,1.0,13.0,A01
201300004962,0,14,0,0.0,2.0,1.0,1.0,B02
201300004962,0,7,0,0.0,2.0,4.0,13.0,A01
201300004963,0,7,0,2.0,0.0,8.0,1.0,A01
201300004964,0,7,0,0.0,4.0,7.0,1.0,A01
201300004965,0,30,0,0.0,1.0,0.0,13.0,A01
201300004966,0,14,0,0.0,2.0,1.0,1.0,B02
201300004966,0,7,0,0.0,2.0,1.0,13.0,A01
201300004967,0,7,0,0.0,2.0,2.0,1.0,A01
201300004967,0,2,0,0.0,2.0,1.0,0.0,B02
201300004968,0,7,0,0.0,2.0,5.0,15.0,A01
201300004968,0,33,0,0.0,2.0,1.0,1.0,B02
201300004969,0,7,0,13.0,0.0,2.0,1.0,A01
201300004969,0,7,0,0.0,2.0,3.0,11.0,B02
201300004969,0,7,0,0.0,2.0,7.0,17.0,C03
201300004970,0,7,0,0.0,0.0,3.0,15.0,A01
201300004970,0,1,0,0.0,0.0,8.0,19.0,B02
201300004971,0,7,0,0.0,1.0,3.0,1.0,A01
201300004972,0,7,0,0.0,2.0,1.0,13.0,A01
201300004972,0,7,0,0.0,2.0,1.0,1.0,B02
201300004973,0,7,0,0.0,2.0,7.0,1.0,A01
201300004973,0,7,0,0.0,2.0,1.0,1.0,B02
201300004974,0,2,0,0.0,2.0,1.0,2.0,A01
201300004974,0,7,0,0.0,0.0,6.0,1.0,B02
201300004974,0,7,0,0.0,2.0,2.0,0.0,C03
201300004975,1,7,0,0.0,2.0,0.0,2.0,A01
201300004975,0,1,0,0.0,2.0,1.0,2.0,B02
201300004976,0,7,0,0.0,2.0,1.0,1.0,A01
201300004976,0,7,0,0.0,2.0,2.0,13.0,B02
201300004977,0,33,0,0.0,2.0,1.0,1.0,A01
201300004977,0,7,0,0.0,2.0,3.0,15.0,B02
201300004978,0,7,0,12.0,2.0,2.0,13.0,A01
201300004978,0,7,0,0.0,2.0,3.0,15.0,B02
201300004979,0,7,0,0.0,1.0,2.0,1.0,A01
201300004980,0,7,0,0.0,2.0,3.0,13.0,A01
201300004980,0,7,0,13.0,2.0,6.0,21.0,B02
201300004980,0,7,0,0.0,2.0,3.0,1.0,C03
201300004981,0,33,0,0.0,2.0,7.0,21.0,A01
201300004981,0,7,0,0.0,2.0,5.0,15.0,B02
201300004982,0,7,0,0.0,2.0,2.0,13.0,A01
201300004982,0,7,0,0.0,2.0,1.0,1.0,B02
201300004983,0,10,0,8.0,0.0,7.0,2.0,A01
201300004984,0,2,0,0.0,0.0,0.0,1.0,A01
201300004984,0,7,0,0.0,0.0,0.0,1.0,B02
201300004985,0,7,0,0.0,2.0,3.0,13.0,A01
201300004985,0,7,0,0.0,2.0,3.0,1.0,B02
201300004986,0,7,0,0.0,2.0,3.0,1.0,A01
201300004986,0,7,0,0.0,2.0,3.0,13.0,B02
201300004987,0,10,0,0.0,0.0,4.0,23.0,B02
201300004987,0,7,0,0.0,0.0,4.0,23.0,C03
201300004987,0,7,0,0.0,2.0,1.0,2.0,A01
201300004988,0,7,0,0.0,2.0,1.0,13.0,A01
201300004988,0,7,0,0.0,2.0,1.0,1.0,B02
201300004989,0,7,0,0.0,2.0,1.0,17.0,A01
201300004989,0,7,0,0.0,2.0,1.0,1.0,B02
201300004990,0,38,27,0.0,2.0,3.0,1.0,A01
201300004990,0,7,0,0.0,2.0,8.0,15.0,B02
201300004991,0,1,0,0.0,1.0,1.0,1.0,A01
201300004992,0,30,0,0.0,2.0,7.0,1.0,A01
201300004992,0,7,0,0.0,2.0,1.0,1.0,B02
201300004993,0,7,0,0.0,2.0,3.0,1.0,B02
201300004993,0,33,0,0.0,2.0,1.0,1.0,A01
201300004994,0,1,0,0.0,2.0,1.0,1.0,B02
201300004994,0,7,0,0.0,2.0,5.0,1.0,A01
201300004995,0,7,0,0.0,1.0,3.0,15.0,A01
201300004996,0,7,0,0.0,0.0,9.0,13.0,A01
201300004997,0,1,0,0.0,2.0,1.0,1.0,A01
201300004997,0,7,0,0.0,2.0,3.0,1.0,B02
201300004998,0,7,0,15.0,0.0,1.0,13.0,A01
201300004999,0,7,0,0.0,2.0,1.0,1.0,B02
201300004999,0,7,0,0.0,2.0,7.0,13.0,A01
201300005000,0,2,0,0.0,0.0,3.0,1.0,A01
201300005001,0,7,0,0.0,2.0,3.0,13.0,A01
201300005001,0,7,0,0.0,2.0,3.0,0.0,B02
201300005002,0,7,0,0.0,1.0,4.0,4.0,A01
201300005003,0,7,0,2.0,0.0,1.0,16.0,A01
201300005004,0,7,0,0.0,0.0,9.0,0.0,A01
201300005005,0,7,0,8.0,0.0,2.0,1.0,A01
201300005006,0,7,0,0.0,2.0,1.0,0.0,B02
201300005006,0,7,0,0.0,0.0,7.0,10.0,A01
201300005007,0,14,0,0.0,2.0,3.0,1.0,B02
201300005007,0,15,0,0.0,2.0,3.0,13.0,A01
201300005008,0,7,0,2.0,0.0,3.0,13.0,A01
201300005009,0,7,0,0.0,1.0,1.0,1.0,A01
201300005010,0,7,0,0.0,0.0,0.0,1.0,A01
201300005011,0,7,0,0.0,2.0,3.0,15.0,A01
201300005011,0,33,0,0.0,2.0,1.0,1.0,B02
201300005012,0,7,0,0.0,2.0,3.0,1.0,B02
201300005012,0,33,0,0.0,2.0,1.0,17.0,A01
201300005013,0,7,0,0.0,0.0,2.0,16.0,B02
201300005013,0,33,0,0.0,2.0,1.0,18.0,A01
201300005014,0,7,0,0.0,0.0,6.0,0.0,A01
201300005014,0,33,0,0.0,2.0,1.0,1.0,B02
201300005015,0,30,0,0.0,2.0,7.0,1.0,B02
201300005015,0,7,0,0.0,2.0,1.0,1.0,A01
201300005016,0,2,0,0.0,2.0,1.0,1.0,B02
201300005016,0,7,0,0.0,2.0,2.0,11.0,A01
201300005017,0,7,0,6.0,0.0,4.0,15.0,B02
201300005017,0,7,0,0.0,2.0,1.0,17.0,A01
201300005018,0,7,0,0.0,2.0,4.0,20.0,B02
201300005018,0,7,0,1.0,0.0,1.0,2.0,A01
201300005019,0,7,0,0.0,2.0,3.0,15.0,B02
201300005019,0,7,0,0.0,2.0,2.0,21.0,A01
201300005020,0,7,0,0.0,2.0,7.0,13.0,A01
201300005020,0,7,0,0.0,2.0,1.0,1.0,B02
201300005021,0,31,0,0.0,0.0,7.0,14.0,A01
201300005022,0,33,0,13.0,0.0,1.0,1.0,A01
201300005023,0,33,0,2.0,0.0,1.0,14.0,A01
201300005024,0,7,0,13.0,0.0,3.0,1.0,A01
201300005025,0,33,0,0.0,0.0,0.0,0.0,A01
201300005026,0,33,0,0.0,2.0,1.0,21.0,C03
201300005026,0,7,0,0.0,2.0,8.0,1.0,B02
201300005026,0,7,0,0.0,2.0,1.0,19.0,A01
201300005027,0,7,0,0.0,1.0,1.0,1.0,A01
201300005028,0,7,0,14.0,0.0,1.0,1.0,A01
201300005029,0,7,0,0.0,2.0,1.0,1.0,A01
201300005029,0,15,0,0.0,2.0,1.0,1.0,B02
201300005030,0,36,0,12.0,0.0,2.0,14.0,A01
201300005031,0,14,0,0.0,1.0,2.0,0.0,A01
201300005032,0,7,0,14.0,0.0,1.0,1.0,C03
201300005032,0,10,0,0.0,2.0,3.0,1.0,A01
201300005032,0,10,0,0.0,2.0,3.0,13.0,B02
201300005033,0,7,0,0.0,1.0,3.0,17.0,A01
201300005034,0,10,0,0.0,2.0,3.0,1.0,A01
201300005034,0,1,0,0.0,2.0,1.0,0.0,B02
201300005035,1,7,0,0.0,1.0,0.0,0.0,A01
201300005036,0,14,0,0.0,2.0,2.0,1.0,A01
201300005036,0,30,0,0.0,2.0,3.0,13.0,B02
201300005037,0,7,0,0.0,2.0,1.0,1.0,A01
201300005037,0,7,0,0.0,2.0,2.0,9.0,B02
201300005038,0,7,0,0.0,1.0,1.0,1.0,A01
201300005039,0,7,0,0.0,2.0,1.0,1.0,A01
201300005039,0,7,0,0.0,2.0,1.0,13.0,B02
201300005040,0,7,0,0.0,2.0,2.0,1.0,B02
201300005040,0,7,0,0.0,2.0,3.0,0.0,C03
201300005040,0,7,0,0.0,2.0,3.0,1.0,A01
201300005041,0,33,0,0.0,2.0,1.0,1.0,A01
201300005041,0,7,0,0.0,0.0,3.0,15.0,B02
201300005042,0,7,0,0.0,2.0,3.0,1.0,B02
201300005042,0,31,0,0.0,2.0,0.0,17.0,A01
201300005043,0,7,0,0.0,2.0,1.0,1.0,A01
201300005043,0,7,0,0.0,2.0,7.0,19.0,B02
201300005044,0,7,0,0.0,2.0,1.0,1.0,A01
201300005044,0,14,0,0.0,2.0,8.0,1.0,B02
201300005045,0,7,0,0.0,2.0,3.0,1.0,A01
201300005045,0,7,0,0.0,2.0,3.0,1.0,B02
201300005046,0,33,0,0.0,2.0,1.0,1.0,A01
201300005046,0,7,0,0.0,2.0,4.0,1.0,B02
201300005047,0,15,0,0.0,2.0,6.0,2.0,A01
201300005047,0,2,0,14.0,2.0,1.0,21.0,B02
201300005048,0,14,0,0.0,2.0,3.0,1.0,A01
201300005048,0,7,0,0.0,0.0,1.0,13.0,B02
201300005049,0,7,0,6.0,0.0,1.0,14.0,A01
201300005050,0,7,0,0.0,2.0,3.0,15.0,A01
201300005050,0,7,0,0.0,2.0,3.0,1.0,B02
201300005051,0,7,0,0.0,2.0,3.0,0.0,C03
201300005051,0,7,0,0.0,2.0,3.0,1.0,A01
201300005051,0,7,0,0.0,0.0,5.0,15.0,B02
201300005051,0,10,0,0.0,2.0,3.0,1.0,D04
201300005052,0,14,0,0.0,2.0,2.0,1.0,A01
201300005052,0,7,0,0.0,2.0,9.0,15.0,B02
201300005053,0,33,0,0.0,0.0,0.0,1.0,A01
201300005054,0,34,0,8.0,2.0,1.0,1.0,A01
201300005054,0,7,0,0.0,0.0,6.0,19.0,B02
201300005055,0,7,0,0.0,2.0,3.0,1.0,B02
201300005055,0,31,0,0.0,2.0,1.0,5.0,A01
201300005056,0,17,0,0.0,2.0,8.0,6.0,A01
201300005056,0,7,0,0.0,2.0,3.0,1.0,B02
201300005056,0,7,0,0.0,2.0,3.0,1.0,C03
201300005057,0,7,0,0.0,2.0,3.0,9.0,A01
201300005057,0,7,0,0.0,2.0,7.0,1.0,B02
201300005058,0,33,0,0.0,2.0,1.0,2.0,B02
201300005058,0,31,0,0.0,0.0,3.0,2.0,A01
201300005059,0,7,0,0.0,1.0,1.0,1.0,A01
201300005060,0,10,0,0.0,2.0,3.0,1.0,B02
201300005060,0,33,0,0.0,2.0,1.0,13.0,A01
201300005061,0,15,0,0.0,2.0,7.0,1.0,B02
201300005061,0,14,0,0.0,2.0,3.0,1.0,A01
201300005062,0,10,0,0.0,2.0,7.0,15.0,A01
201300005062,0,1,0,0.0,2.0,1.0,1.0,B02
201300005063,0,10,0,0.0,2.0,3.0,15.0,B02
201300005063,0,2,0,0.0,2.0,1.0,16.0,A01
201300005064,0,7,0,0.0,2.0,1.0,15.0,A01
201300005064,0,33,0,0.0,2.0,1.0,1.0,B02
201300005065,0,7,0,0.0,2.0,2.0,1.0,B02
201300005065,0,7,0,0.0,2.0,2.0,5.0,A01
201300005066,0,17,0,0.0,2.0,7.0,1.0,B02
201300005066,0,7,0,0.0,2.0,1.0,9.0,A01
201300005067,0,7,0,13.0,0.0,3.0,1.0,A01
201300005068,0,7,0,0.0,2.0,1.0,13.0,A01
201300005068,0,7,0,0.0,2.0,1.0,1.0,B02
201300005069,0,7,0,0.0,2.0,1.0,5.0,A01
201300005069,0,17,0,0.0,2.0,1.0,1.0,B02
201300005070,0,7,0,0.0,1.0,1.0,0.0,A01
201300005071,0,30,0,0.0,2.0,8.0,13.0,B02
201300005071,0,7,0,0.0,2.0,2.0,17.0,A01
201300005072,0,7,0,0.0,2.0,3.0,1.0,A01
201300005072,0,2,0,0.0,2.0,1.0,13.0,B02
201300005073,0,7,0,3.0,2.0,3.0,14.0,A01
201300005073,0,7,0,0.0,2.0,3.0,1.0,B02
201300005074,0,33,0,0.0,2.0,1.0,1.0,A01
201300005074,0,33,0,0.0,2.0,4.0,1.0,B02
201300005075,0,30,0,0.0,2.0,1.0,1.0,B02
201300005075,0,7,0,0.0,2.0,5.0,15.0,A01
201300005076,0,7,0,0.0,1.0,1.0,1.0,A01
201300005077,0,30,0,0.0,2.0,1.0,2.0,A01
201300005077,0,7,0,0.0,2.0,3.0,2.0,B02
201300005078,0,7,0,2.0,0.0,9.0,1.0,A01