Num_Acc,senc,catv,occutc,obs,obsm,choc,manv,num_veh
201300005360,0,7,0,16.0,0.0,9.0,17.0,A01
201300005361,0,7,0,0.0,2.0,1.0,1.0,A01
201300005361,0,7,0,0.0,2.0,3.0,1.0,B02
201300005362,0,7,0,0.0,1.0,1.0,1.0,A01
201300005363,0,7,0,0.0,2.0,3.0,1.0,A01
201300005363,0,7,0,0.0,2.0,3.0,1.0,B02
201300005364,0,7,0,0.0,2.0,7.0,1.0,A01
201300005364,0,7,0,0.0,2.0,1.0,1.0,B02
201300005365,0,36,0,2.0,0.0,1.0,1.0,A01
201300005366,0,7,0,0.0,2.0,7.0,5.0,A01
201300005366,0,7,0,0.0,2.0,2.0,1.0,B02
201300005366,0,7,0,13.0,0.0,7.0,21.0,C03
201300005367,0,7,0,8.0,0.0,1.0,19.0,A01
201300005368,0,7,0,13.0,0.0,9.0,1.0,A01
201300005369,0,33,0,13.0,0.0,1.0,1.0,A01
201300005370,0,7,0,0.0,1.0,3.0,21.0,A01
201300005371,0,7,0,0.0,0.0,2.0,1.0,A01
201300005372,0,33,0,0.0,2.0,9.0,13.0,A01
201300005372,0,20,0,0.0,2.0,1.0,1.0,B02
201300005373,0,30,0,15.0,0.0,1.0,21.0,A01
201300005374,0,7,0,0.0,2.0,3.0,13.0,A01
201300005374,0,33,0,0.0,2.0,1.0,11.0,B02
201300005375,0,7,0,0.0,2.0,1.0,1.0,A01
201300005375,0,7,0,0.0,2.0,1.0,13.0,B02
201300005376,0,7,0,0.0,2.0,7.0,1.0,A01
201300005376,0,7,0,0.0,2.0,1.0,1.0,B02
201300005377,0,7,0,15.0,0.0,1.0,1.0,A01
201300005378,0,33,0,0.0,2.0,7.0,13.0,A01
201300005378,0,7,0,0.0,2.0,3.0,1.0,B02
201300005379,0,7,0,0.0,1.0,1.0,1.0,A01
201300005380,0,7,0,2.0,0.0,2.0,1.0,A01
201300005381,0,14,0,0.0,1.0,2.0,20.0,A01
201300005382,0,2,0,0.0,0.0,0.0,17.0,A01
201300005383,0,7,0,0.0,2.0,8.0,15.0,A01
201300005383,0,33,0,0.0,2.0,1.0,1.0,B02
201300005384,0,7,0,0.0,2.0,1.0,1.0,B02
201300005384,0,7,0,0.0,2.0,1.0,5.0,A01
201300005385,0,10,0,0.0,2.0,6.0,1.0,B02
201300005385,0,10,0,0.0,2.0,1.0,1.0,A01
201300005386,0,7,0,0.0,2.0,1.0,17.0,A01
201300005386,0,7,0,0.0,2.0,1.0,15.0,B02
201300005386,0,7,0,0.0,2.0,1.0,1.0,C03
201300005387,0,7,0,13.0,0.0,1.0,1.0,A01
201300005388,0,7,0,0.0,1.0,2.0,1.0,A01
201300005389,0,15,0,0.0,2.0,2.0,9.0,A01
201300005389,0,33,0,0.0,2.0,1.0,1.0,B02
201300005390,0,7,0,0.0,9.0,2.0,15.0,A01
201300005390,0,1,0,0.0,2.0,1.0,1.0,B02
201300005391,0,7,0,0.0,1.0,4.0,4.0,A01
201300005392,0,14,0,6.0,0.0,3.0,16.0,A01
201300005393,0,7,0,0.0,5.0,2.0,1.0,A01
201300005394,0,7,0,0.0,2.0,3.0,1.0,A01
201300005394,0,7,0,0.0,2.0,3.0,1.0,B02
201300005395,0,31,0,13.0,0.0,7.0,1.0,A01
201300005396,0,10,0,13.0,0.0,3.0,1.0,A01
201300005397,0,7,0,0.0,1.0,3.0,0.0,A01
201300005398,0,7,0,0.0,2.0,3.0,15.0,A01
201300005398,0,33,0,0.0,2.0,1.0,13.0,B02
201300005399,0,7,0,0.0,2.0,8.0,9.0,A01
201300005399,0,30,0,0.0,2.0,1.0,1.0,B02
201300005400,0,14,0,0.0,1.0,2.0,16.0,A01
201300005401,0,7,0,0.0,2.0,2.0,15.0,A01
201300005401,0,7,0,0.0,2.0,1.0,1.0,B02
201300005402,0,7,0,0.0,1.0,7.0,1.0,A01
201300005403,0,7,0,0.0,0.0,9.0,1.0,A01
201300005404,0,33,0,0.0,2.0,8.0,18.0,A01
201300005404,0,7,0,0.0,2.0,7.0,1.0,B02
201300005405,0,7,0,0.0,0.0,3.0,1.0,A01
201300005405,0,7,0,0.0,0.0,8.0,1.0,B02
201300005405,0,7,0,0.0,0.0,8.0,1.0,C03
201300005405,0,7,0,0.0,0.0,3.0,1.0,D04
201300005406,0,7,0,1.0,0.0,3.0,1.0,A01
201300005407,0,7,0,0.0,2.0,3.0,15.0,A01
201300005407,0,33,0,0.0,2.0,1.0,1.0,B02
201300005408,0,2,0,0.0,2.0,1.0,13.0,A01
201300005408,0,7,0,0.0,2.0,3.0,1.0,B02
201300005409,0,7,0,0.0,0.0,1.0,0.0,A01
201300005409,0,1,0,0.0,2.0,8.0,19.0,B02
201300005410,0,33,0,0.0,2.0,1.0,1.0,A01
201300005410,0,7,0,0.0,2.0,6.0,1.0,B02
201300005411,0,7,0,0.0,0.0,3.0,1.0,C03
201300005411,0,7,0,0.0,0.0,3.0,1.0,B02
201300005411,0,7,0,0.0,0.0,1.0,1.0,A01
201300005412,0,7,0,0.0,2.0,1.0,2.0,A01
201300005412,0,7,0,0.0,0.0,4.0,2.0,B02
201300005413,0,33,0,0.0,2.0,1.0,1.0,B02
201300005413,0,7,0,0.0,2.0,1.0,15.0,A01
201300005414,0,7,0,0.0,1.0,1.0,1.0,A01
201300005415,0,7,0,0.0,1.0,4.0,20.0,A01
201300005416,0,7,0,6.0,0.0,3.0,1.0,A01
201300005417,0,14,0,0.0,1.0,2.0,1.0,A01
201300005418,0,30,0,0.0,0.0,7.0,1.0,A01
201300005419,0,7,0,11.0,2.0,2.0,17.0,A01
201300005419,0,7,0,0.0,0.0,3.0,15.0,B02
201300005420,0,7,0,8.0,0.0,9.0,13.0,A01
201300005421,0,33,0,2.0,0.0,7.0,1.0,A01
201300005422,0,30,0,0.0,2.0,2.0,1.0,A01
201300005422,0,7,0,0.0,2.0,8.0,16.0,B02
201300005423,0,33,0,0.0,2.0,8.0,1.0,B02
201300005423,0,33,0,8.0,2.0,8.0,1.0,A01
201300005424,0,7,0,0.0,2.0,1.0,13.0,A01
201300005424,0,7,0,0.0,2.0,1.0,1.0,B02
201300005425,0,7,0,0.0,0.0,0.0,0.0,A01
201300005426,0,7,0,13.0,0.0,2.0,1.0,A01
201300005427,0,10,0,2.0,0.0,1.0,1.0,A01
201300005428,0,10,0,0.0,2.0,3.0,13.0,A01
201300005428,0,7,0,0.0,2.0,3.0,1.0,B02
201300005429,0,7,0,15.0,0.0,1.0,0.0,A01
201300005430,0,7,0,6.0,0.0,2.0,1.0,A01
201300005431,0,33,0,0.0,2.0,1.0,13.0,B02
201300005431,0,7,0,0.0,2.0,8.0,15.0,A01
201300005432,0,7,0,2.0,0.0,1.0,1.0,A01
201300005433,0,7,0,2.0,0.0,7.0,1.0,A01
201300005434,0,7,0,0.0,0.0,1.0,1.0,A01
201300005435,0,33,0,11.0,0.0,1.0,1.0,A01
201300005436,0,7,0,0.0,2.0,2.0,15.0,A01
201300005436,0,1,0,0.0,2.0,1.0,1.0,B02
201300005437,0,7,0,0.0,2.0,2.0,1.0,A01
201300005437,0,1,0,0.0,2.0,1.0,9.0,B02
201300005438,0,7,0,6.0,2.0,1.0,13.0,A01
201300005438,0,2,0,0.0,2.0,1.0,1.0,B02
201300005439,0,7,0,13.0,0.0,9.0,14.0,A01
201300005440,0,7,0,9.0,6.0,2.0,21.0,A01
201300005441,0,33,0,3.0,0.0,2.0,1.0,A01
201300005442,0,7,0,0.0,1.0,1.0,1.0,A01
201300005443,0,31,0,0.0,0.0,1.0,11.0,B02
201300005443,0,10,0,0.0,0.0,2.0,2.0,A01
201300005444,0,7,0,0.0,0.0,2.0,15.0,A01
201300005444,0,33,0,0.0,0.0,2.0,1.0,B02
201300005445,0,33,0,10.0,0.0,7.0,1.0,A01
201300005446,0,7,0,0.0,2.0,3.0,1.0,B02
201300005446,0,10,0,0.0,2.0,1.0,1.0,A01
201300005447,0,7,0,0.0,1.0,2.0,1.0,A01
201300005448,0,7,0,6.0,0.0,3.0,1.0,A01
201300005449,0,7,0,16.0,2.0,0.0,0.0,A01
201300005450,0,7,0,0.0,2.0,1.0,1.0,A01
201300005450,0,7,0,0.0,2.0,8.0,1.0,B02
201300005451,0,7,0,0.0,1.0,1.0,0.0,A01
201300005452,0,7,0,0.0,0.0,0.0,1.0,A01
201300005453,0,7,0,0.0,1.0,2.0,1.0,A01
201300005454,0,2,0,0.0,0.0,7.0,0.0,A01
201300005455,0,7,0,0.0,2.0,2.0,15.0,A01
201300005455,0,30,0,0.0,2.0,1.0,1.0,B02
201300005456,0,10,0,0.0,1.0,2.0,1.0,A01
201300005457,0,33,0,0.0,2.0,8.0,16.0,A01
201300005457,0,7,0,0.0,0.0,7.0,0.0,B02
201300005458,0,33,0,6.0,0.0,0.0,0.0,A01
201300005459,0,10,0,2.0,0.0,7.0,14.0,A01
201300005460,0,7,0,13.0,0.0,2.0,1.0,A01
201300005461,0,7,0,13.0,0.0,2.0,14.0,A01
201300005462,0,1,0,0.0,0.0,1.0,0.0,A01
201300005463,0,33,0,0.0,0.0,7.0,1.0,A01
201300005464,0,15,0,0.0,2.0,7.0,21.0,A01
201300005464,0,1,0,0.0,2.0,8.0,1.0,B02
201300005465,0,31,0,2.0,0.0,1.0,1.0,A01
201300005466,0,7,0,0.0,2.0,3.0,9.0,A01
201300005466,0,33,0,0.0,2.0,1.0,1.0,B02
201300005467,0,7,0,0.0,2.0,3.0,13.0,B02
201300005467,0,10,0,0.0,2.0,3.0,13.0,A01
201300005468,0,31,0,0.0,2.0,8.0,1.0,B02
201300005468,0,7,0,0.0,2.0,2.0,15.0,A01
201300005469,0,1,0,0.0,2.0,1.0,1.0,B02
201300005469,0,7,0,0.0,9.0,2.0,15.0,A01
201300005470,0,30,0,0.0,2.0,1.0,1.0,A01
201300005470,0,7,0,0.0,2.0,1.0,1.0,B02
201300005471,0,7,0,0.0,2.0,1.0,1.0,B02
201300005471,0,1,0,0.0,2.0,1.0,10.0,A01
201300005472,0,7,0,0.0,2.0,4.0,1.0,A01
201300005472,0,7,0,0.0,2.0,1.0,1.0,B02
201300005473,0,7,0,13.0,0.0,2.0,1.0,A01
201300005474,0,7,0,0.0,2.0,3.0,13.0,B02
201300005474,0,7,0,0.0,2.0,3.0,1.0,A01
201300005474,0,7,0,0.0,0.0,1.0,1.0,C03
201300005475,0,7,0,13.0,0.0,1.0,14.0,A01
201300005476,0,7,0,0.0,2.0,1.0,1.0,A01
201300005476,0,36,0,0.0,2.0,8.0,19.0,B02
201300005477,0,7,0,0.0,2.0,1.0,1.0,B02
201300005477,0,7,0,0.0,2.0,1.0,1.0,C03
201300005477,0,7,0,0.0,2.0,1.0,1.0,D04
201300005477,0,7,0,0.0,2.0,1.0,5.0,A01
201300005478,0,2,0,0.0,2.0,1.0,0.0,A01
201300005478,0,7,0,0.0,2.0,7.0,0.0,B02
201300005479,0,7,0,0.0,0.0,1.0,1.0,A01
201300005480,0,33,0,3.0,0.0,7.0,1.0,A01
201300005481,0,7,0,0.0,4.0,2.0,0.0,A01
201300005481,0,39,0,0.0,2.0,3.0,1.0,B02
201300005482,0,7,0,2.0,0.0,1.0,14.0,A01
201300005483,0,10,0,0.0,2.0,2.0,1.0,A01
201300005483,0,7,0,0.0,2.0,3.0,19.0,B02
201300005484,0,10,0,0.0,2.0,1.0,1.0,A01
201300005484,0,7,0,0.0,2.0,5.0,15.0,B02
201300005485,0,7,0,0.0,0.0,9.0,1.0,A01
201300005486,0,7,0,13.0,0.0,9.0,1.0,A01
201300005487,0,7,0,0.0,9.0,5.0,15.0,A01
201300005487,0,2,0,0.0,2.0,1.0,1.0,B02
201300005488,0,7,0,0.0,2.0,2.0,13.0,A01
201300005488,0,16,0,0.0,2.0,3.0,1.0,B02
201300005489,0,17,0,0.0,2.0,1.0,16.0,A01
201300005489,0,30,0,0.0,2.0,8.0,1.0,C03
201300005490,0,7,0,0.0,2.0,8.0,1.0,B02
201300005490,0,7,0,6.0,2.0,3.0,13.0,A01
201300005491,0,7,0,0.0,2.0,2.0,13.0,A01
201300005491,0,7,0,0.0,2.0,2.0,21.0,B02
201300005492,0,7,0,10.0,0.0,1.0,1.0,A01
201300005493,0,17,0,0.0,2.0,1.0,13.0,A01
201300005493,0,7,0,0.0,2.0,1.0,1.0,C03
201300005493,0,7,0,0.0,2.0,1.0,1.0,D04
201300005493,0,17,0,0.0,2.0,3.0,21.0,E05
201300005494,0,7,0,13.0,0.0,1.0,1.0,A01
201300005495,0,3,0,0.0,2.0,3.0,13.0,A01
201300005495,0,33,0,0.0,2.0,3.0,1.0,B02
201300005496,0,7,0,0.0,2.0,7.0,13.0,A01
201300005496,0,7,0,0.0,2.0,1.0,1.0,B02
201300005497,0,14,0,0.0,0.0,3.0,1.0,A01
201300005498,0,7,0,7.0,0.0,8.0,19.0,A01
201300005499,0,30,0,0.0,2.0,1.0,21.0,A01
201300005499,0,7,0,0.0,2.0,3.0,1.0,B02
201300005499,0,7,0,0.0,2.0,6.0,1.0,C03
201300005500,0,7,0,0.0,2.0,1.0,1.0,B02
201300005500,0,7,0,0.0,2.0,1.0,1.0,A01
201300005501,0,1,0,0.0,6.0,0.0,1.0,A01
201300005502,0,7,0,0.0,2.0,1.0,1.0,A01
201300005502,0,1,0,0.0,2.0,4.0,13.0,B02
201300005503,0,7,0,0.0,2.0,1.0,1.0,A01
201300005503,0,7,0,0.0,0.0,7.0,15.0,B02
201300005503,0,7,0,0.0,0.0,3.0,23.0,C03
201300005504,0,2,0,3.0,0.0,8.0,1.0,A01
201300005505,0,7,0,0.0,2.0,7.0,1.0,A01
201300005505,0,7,0,0.0,2.0,1.0,19.0,B02
201300005506,0,7,0,10.0,0.0,9.0,1.0,A01
201300005507,0,10,0,0.0,0.0,2.0,2.0,A01
201300005507,0,1,0,0.0,0.0,4.0,2.0,B02
201300005507,0,1,0,0.0,0.0,4.0,2.0,C03
201300005508,0,3,0,10.0,0.0,1.0,5.0,A01
201300005509,0,7,0,0.0,6.0,1.0,21.0,A01
201300005510,0,33,0,13.0,0.0,3.0,2.0,A01
201300005511,0,10,0,0.0,2.0,1.0,5.0,A01
201300005511,0,10,0,6.0,2.0,1.0,1.0,B02
201300005512,0,33,0,13.0,0.0,1.0,14.0,A01
201300005513,0,7,0,0.0,2.0,3.0,1.0,B02
201300005513,0,7,0,0.0,2.0,1.0,19.0,A01
201300005514,0,7,0,13.0,0.0,1.0,1.0,A01
201300005515,0,7,0,2.0,0.0,1.0,1.0,A01
201300005516,0,7,0,0.0,2.0,7.0,17.0,A01
201300005516,0,14,0,0.0,2.0,2.0,1.0,B02
201300005517,0,7,0,0.0,2.0,1.0,1.0,B02
201300005517,0,7,0,0.0,2.0,3.0,15.0,A01
201300005518,0,7,0,0.0,2.0,1.0,13.0,A01
201300005518,0,15,0,0.0,2.0,3.0,1.0,B02
201300005519,0,14,0,0.0,2.0,2.0,1.0,B02
201300005519,0,7,0,0.0,2.0,8.0,10.0,A01
201300005520,0,7,0,13.0,0.0,2.0,14.0,A01
201300005521,0,7,0,13.0,0.0,3.0,0.0,A01
201300005522,0,7,0,0.0,2.0,1.0,0.0,A01
201300005522,0,38,30,0.0,2.0,3.0,0.0,B02
201300005523,0,7,0,0.0,2.0,2.0,2.0,A01
201300005523,0,1,0,0.0,0.0,4.0,2.0,B02
201300005524,0,30,0,13.0,0.0,1.0,1.0,A01
201300005525,0,7,0,2.0,0.0,1.0,0.0,A01
201300005526,0,7,0,0.0,2.0,3.0,13.0,A01
201300005526,0,14,0,0.0,2.0,3.0,1.0,B02
201300005527,0,17,0,13.0,0.0,8.0,13.0,A01
201300005527,0,17,0,3.0,2.0,1.0,1.0,B02
201300005528,0,36,0,0.0,2.0,2.0,2.0,A01
201300005528,0,1,0,0.0,0.0,4.0,2.0,B02
201300005529,0,7,0,0.0,2.0,3.0,15.0,A01
201300005529,0,1,0,0.0,2.0,3.0,1.0,B02
201300005530,0,17,0,4.0,0.0,6.0,1.0,A01
201300005531,0,7,0,0.0,2.0,8.0,9.0,A01
201300005531,0,15,0,0.0,2.0,3.0,21.0,B02
201300005532,0,7,0,0.0,2.0,3.0,5.0,A01
201300005532,0,7,0,0.0,2.0,3.0,1.0,B02
201300005533,0,10,0,0.0,1.0,7.0,1.0,A01
201300005534,0,7,0,0.0,9.0,2.0,17.0,A01
201300005534,0,1,0,0.0,2.0,3.0,13.0,B02
201300005535,0,7,0,2.0,0.0,7.0,13.0,A01
201300005536,0,7,0,0.0,2.0,3.0,13.0,A01
201300005536,0,15,0,0.0,2.0,8.0,1.0,B02
201300005537,0,7,0,0.0,2.0,1.0,13.0,A01
201300005537,0,15,0,0.0,2.0,3.0,1.0,B02
201300005538,0,10,0,0.0,2.0,9.0,13.0,A01
201300005538,0,17,0,0.0,2.0,8.0,1.0,B02
201300005539,0,7,0,0.0,1.0,2.0,1.0,A01
201300005540,0,7,0,0.0,2.0,3.0,17.0,A01
201300005540,0,7,0,0.0,0.0,3.0,1.0,B02
201300005541,0,2,0,14.0,0.0,1.0,0.0,A01
201300005542,0,14,0,0.0,2.0,8.0,15.0,B02
201300005542,0,2,0,0.0,2.0,3.0,1.0,A01
201300005543,0,7,0,6.0,0.0,1.0,1.0,A01
201300005544,0,7,0,0.0,1.0,4.0,23.0,A01
201300005544,0,10,0,14.0,0.0,1.0,1.0,B02
201300005545,0,30,0,0.0,2.0,1.0,1.0,A01
201300005545,0,10,0,0.0,2.0,8.0,1.0,B02
201300005546,0,7,0,0.0,1.0,1.0,1.0,A01
201300005547,0,7,0,0.0,2.0,1.0,2.0,A01
201300005547,0,7,0,0.0,2.0,5.0,2.0,B02
201300005547,0,10,0,0.0,2.0,4.0,0.0,C03
201300005548,0,7,0,13.0,0.0,9.0,1.0,A01
201300005549,0,7,0,2.0,0.0,7.0,13.0,A01
201300005550,0,30,0,0.0,2.0,4.0,2.0,A01
201300005551,0,7,0,0.0,2.0,3.0,0.0,B02
201300005551,0,32,0,0.0,2.0,9.0,13.0,A01
201300005552,0,2,0,0.0,2.0,1.0,13.0,A01
201300005552,0,17,0,0.0,2.0,8.0,1.0,B02
201300005553,0,33,0,0.0,2.0,3.0,1.0,A01
201300005553,0,7,0,0.0,2.0,3.0,17.0,B02
201300005553,0,10,0,0.0,2.0,2.0,1.0,C03
201300005554,0,10,0,0.0,1.0,8.0,1.0,A01
201300005555,0,10,0,0.0,2.0,1.0,1.0,A01
201300005555,0,10,0,0.0,2.0,8.0,19.0,B02
201300005556,0,7,0,0.0,1.0,1.0,14.0,A01
201300005557,0,30,0,0.0,2.0,1.0,13.0,A01
201300005557,0,7,0,0.0,2.0,3.0,1.0,B02
201300005558,0,33,0,0.0,2.0,6.0,1.0,A01
201300005558,0,7,0,0.0,2.0,2.0,19.0,B02
201300005559,0,33,0,0.0,2.0,1.0,13.0,A01
201300005559,0,7,0,0.0,2.0,3.0,1.0,B02
201300005559,0,7,0,0.0,2.0,3.0,1.0,C03
201300005560,0,10,0,13.0,0.0,1.0,14.0,A01
201300005561,0,37,2,13.0,0.0,1.0,0.0,A01
201300005562,0,7,0,0.0,2.0,1.0,2.0,B02
201300005562,0,7,0,0.0,2.0,5.0,13.0,A01
201300005563,0,7,0,0.0,2.0,1.0,0.0,A01
201300005563,0,7,0,0.0,2.0,1.0,0.0,B02
201300005564,0,7,0,13.0,0.0,3.0,1.0,A01
201300005565,0,7,0,13.0,0.0,7.0,1.0,A01
201300005566,0,1,0,0.0,2.0,1.0,1.0,A01
201300005566,0,10,0,0.0,2.0,2.0,1.0,B02
201300005567,0,7,0,13.0,0.0,1.0,1.0,A01
201300005568,0,1,0,1.0,0.0,1.0,1.0,A01
201300005568,0,7,0,0.0,2.0,6.0,24.0,B02
201300005569,0,7,0,11.0,0.0,1.0,1.0,A01
201300005570,0,7,0,13.0,0.0,1.0,1.0,A01
201300005571,0,17,0,15.0,0.0,3.0,16.0,A01
201300005572,0,7,0,0.0,1.0,2.0,1.0,A01
201300005573,0,10,0,0.0,1.0,2.0,1.0,A01
201300005574,0,30,0,15.0,0.0,1.0,1.0,A01
201300005575,0,7,0,0.0,0.0,2.0,1.0,A01
201300005576,0,7,0,0.0,2.0,1.0,1.0,B02
201300005577,0,7,0,16.0,0.0,1.0,13.0,A01
201300005578,0,7,0,13.0,0.0,2.0,1.0,A01
201300005579,0,7,0,13.0,0.0,2.0,1.0,A01
201300005580,0,7,0,0.0,2.0,2.0,13.0,A01
201300005580,0,7,0,0.0,2.0,3.0,1.0,B02
201300005581,0,7,0,0.0,2.0,1.0,13.0,A01
201300005581,0,7,0,0.0,2.0,1.0,1.0,B02
201300005582,0,7,0,13.0,0.0,2.0,14.0,A01
201300005583,0,30,0,0.0,2.0,1.0,13.0,A01
201300005583,0,15,0,0.0,2.0,1.0,1.0,B02
201300005584,0,7,0,2.0,0.0,8.0,1.0,A01
201300005585,0,30,0,0.0,2.0,3.0,15.0,A01
201300005585,0,7,0,0.0,2.0,2.0,17.0,B02
201300005586,0,7,0,8.0,0.0,3.0,1.0,A01
201300005587,0,7,0,0.0,2.0,3.0,1.0,A01
201300005587,0,17,0,0.0,2.0,3.0,1.0,B02
201300005588,0,7,0,0.0,1.0,2.0,1.0,A01
201300005589,0,7,0,0.0,2.0,3.0,1.0,B02
201300005589,0,21,0,0.0,2.0,3.0,1.0,A01
201300005590,0,14,0,0.0,2.0,3.0,1.0,A01
201300005590,0,31,0,0.0,2.0,1.0,1.0,B02
201300005591,0,14,0,2.0,0.0,1.0,5.0,A01
201300005592,0,7,0,2.0,0.0,2.0,16.0,A01
201300005593,0,14,0,0.0,2.0,3.0,1.0,B02
201300005593,0,14,0,0.0,2.0,3.0,13.0,A01
201300005593,0,10,0,0.0,2.0,1.0,1.0,C03
201300005594,0,2,0,0.0,5.0,7.0,1.0,A01
201300005595,0,7,0,0.0,2.0,1.0,2.0,A01
201300005595,0,2,0,0.0,2.0,4.0,2.0,B02
201300005596,0,7,0,0.0,2.0,7.0,1.0,A01
201300005596,0,7,0,0.0,2.0,1.0,21.0,B02
201300005597,0,33,0,0.0,2.0,4.0,23.0,B02
201300005597,0,7,0,14.0,0.0,2.0,1.0,A01
201300005598,0,14,0,1.0,0.0,8.0,14.0,A01
201300005599,0,7,0,0.0,1.0,3.0,1.0,A01
201300005600,0,7,0,0.0,2.0,1.0,11.0,A01
201300005600,0,30,0,0.0,2.0,1.0,0.0,B02
201300005601,0,7,0,3.0,0.0,1.0,1.0,A01
201300005602,0,7,0,0.0,1.0,3.0,1.0,A01
201300005603,0,7,0,16.0,0.0,9.0,13.0,A01
201300005604,0,7,0,8.0,0.0,1.0,1.0,A01
201300005605,0,7,0,0.0,2.0,2.0,1.0,A01
201300005606,0,7,0,0.0,1.0,7.0,20.0,A01
201300005607,0,7,0,0.0,2.0,3.0,1.0,A01
201300005607,0,7,0,0.0,2.0,3.0,1.0,B02
201300005608,0,7,0,0.0,2.0,1.0,1.0,B02
201300005608,0,7,0,13.0,2.0,5.0,13.0,A01
201300005609,0,33,0,10.0,0.0,7.0,1.0,A01
201300005610,0,10,0,0.0,2.0,2.0,13.0,A01
201300005610,0,7,0,0.0,2.0,1.0,1.0,B02
201300005611,0,7,0,5.0,0.0,3.0,13.0,A01
201300005612,0,3,0,13.0,0.0,1.0,0.0,A01
201300005613,0,10,0,13.0,0.0,1.0,14.0,A01
201300005614,0,7,0,13.0,0.0,2.0,1.0,A01
201300005615,0,31,0,8.0,0.0,3.0,15.0,A01
201300005616,0,33,0,0.0,6.0,1.0,1.0,A01
201300005617,0,7,0,0.0,0.0,6.0,19.0,A01
201300005617,0,33,0,0.0,0.0,1.0,1.0,B02
201300005618,0,30,0,0.0,2.0,1.0,13.0,B02
201300005618,0,7,0,0.0,2.0,3.0,1.0,A01
201300005619,0,7,0,0.0,2.0,3.0,5.0,B02
201300005619,0,7,0,0.0,2.0,3.0,5.0,A01
201300005620,0,7,0,0.0,2.0,1.0,15.0,B02
201300005620,0,7,0,0.0,2.0,1.0,1.0,A01
201300005621,0,10,0,13.0,0.0,1.0,13.0,A01
201300005622,0,7,0,2.0,0.0,2.0,1.0,A01
201300005623,0,7,0,13.0,0.0,2.0,1.0,A01
201300005624,0,7,0,13.0,0.0,1.0,1.0,A01
201300005625,0,7,0,0.0,2.0,1.0,13.0,B02
201300005625,0,15,0,0.0,2.0,1.0,1.0,A01
201300005626,0,7,0,0.0,0.0,1.0,1.0,B02
201300005626,0,7,0,0.0,0.0,3.0,9.0,A01
201300005627,0,7,0,0.0,0.0,9.0,19.0,A01
201300005628,0,7,0,0.0,2.0,2.0,15.0,B02
201300005628,0,7,0,0.0,2.0,2.0,1.0,A01
201300005629,0,1,0,6.0,0.0,2.0,1.0,A01
201300005630,0,1,0,0.0,2.0,0.0,1.0,B02
201300005630,0,1,0,0.0,2.0,0.0,1.0,A01
201300005631,0,7,0,0.0,2.0,2.0,1.0,B02
201300005631,0,10,0,0.0,2.0,2.0,19.0,A01
201300005632,0,7,0,0.0,2.0,1.0,1.0,B02
201300005632,0,7,0,0.0,2.0,1.0,2.0,C03
201300005632,0,7,0,0.0,2.0,2.0,15.0,A01
201300005633,0,7,0,7.0,2.0,3.0,21.0,B02
201300005633,0,7,0,0.0,2.0,8.0,15.0,A01
201300005634,0,34,0,0.0,2.0,1.0,1.0,B01
201300005634,0,7,0,0.0,2.0,7.0,19.0,A02
201300005635,0,7,0,0.0,2.0,1.0,19.0,A01
201300005635,0,7,0,0.0,2.0,8.0,1.0,B02
201300005636,0,7,0,0.0,2.0,1.0,1.0,B01
201300005636,0,7,0,0.0,2.0,8.0,10.0,A02
201300005637,0,7,0,0.0,2.0,1.0,1.0,B02
201300005637,0,7,0,0.0,2.0,7.0,15.0,A01
201300005638,0,7,0,2.0,0.0,1.0,1.0,A01
201300005639,0,7,0,0.0,2.0,5.0,15.0,A01
201300005639,0,2,0,0.0,2.0,1.0,1.0,B02
201300005640,0,7,0,0.0,2.0,1.0,13.0,A01
201300005640,0,10,0,0.0,2.0,1.0,1.0,B02
201300005641,0,3,0,0.0,2.0,3.0,15.0,A01
201300005641,0,33,0,0.0,2.0,1.0,1.0,B02
201300005642,0,33,0,6.0,0.0,4.0,1.0,A01
201300005643,0,7,0,0.0,2.0,2.0,1.0,A01
201300005643,0,1,0,0.0,2.0,8.0,1.0,B02
201300005644,0,7,0,2.0,0.0,1.0,1.0,A01
201300005645,0,7,0,2.0,0.0,3.0,14.0,A01
201300005646,0,7,0,16.0,0.0,1.0,1.0,A01
201300005647,0,7,0,0.0,2.0,4.0,1.0,B02
201300005647,0,33,0,0.0,2.0,1.0,2.0,A01
201300005648,0,7,0,0.0,2.0,7.0,17.0,B02
201300005648,0,30,0,0.0,2.0,3.0,15.0,A01
201300005649,0,7,0,4.0,0.0,2.0,1.0,A01
201300005650,0,7,0,0.0,2.0,3.0,13.0,A01
201300005650,0,7,0,0.0,2.0,3.0,1.0,B02
201300005651,0,3,0,2.0,0.0,1.0,1.0,A01
201300005652,0,10,0,0.0,2.0,3.0,1.0,B02
201300005652,0,33,0,0.0,2.0,1.0,1.0,A01
201300005653,0,7,0,0.0,2.0,3.0,1.0,B02
201300005653,0,7,0,0.0,2.0,1.0,1.0,A01
201300005654,0,33,0,0.0,2.0,1.0,1.0,B02
201300005654,0,7,0,0.0,2.0,3.0,15.0,A01
201300005655,0,7,0,0.0,2.0,1.0,1.0,B01
201300005655,0,30,0,0.0,2.0,8.0,15.0,A02
201300005656,0,7,0,0.0,2.0,1.0,1.0,B02
201300005656,0,7,0,0.0,2.0,2.0,15.0,A01