Num_Acc,senc,catv,occutc,obs,obsm,choc,manv,num_veh
201300005657,0,15,0,3.0,0.0,8.0,1.0,A01
201300005658,0,21,0,13.0,0.0,7.0,1.0,A01
201300005659,0,7,0,0.0,2.0,1.0,1.0,B02
201300005659,0,7,0,0.0,2.0,8.0,19.0,A01
201300005660,0,7,0,5.0,2.0,7.0,13.0,A01
201300005660,0,7,0,0.0,2.0,1.0,1.0,B02
201300005661,0,7,0,0.0,2.0,7.0,15.0,A01
201300005661,0,31,0,0.0,2.0,1.0,1.0,B02
201300005662,0,7,0,0.0,2.0,1.0,15.0,A01
201300005662,0,1,0,0.0,2.0,7.0,19.0,B02
201300005663,0,7,0,0.0,1.0,3.0,1.0,A01
201300005664,0,7,0,2.0,0.0,7.0,1.0,A01
201300005665,0,10,0,0.0,2.0,4.0,1.0,B02
201300005665,0,7,0,4.0,2.0,1.0,2.0,A01
201300005666,0,7,0,2.0,0.0,8.0,1.0,A01
201300005667,0,33,0,0.0,0.0,3.0,1.0,A01
201300005668,0,7,0,0.0,2.0,3.0,1.0,B02
201300005668,0,7,0,0.0,2.0,1.0,15.0,A01
201300005669,0,7,0,0.0,2.0,1.0,1.0,B01
201300005669,0,30,0,0.0,2.0,1.0,19.0,A02
201300005670,0,31,0,0.0,2.0,1.0,13.0,A01
201300005670,0,33,0,0.0,2.0,2.0,1.0,B02
201300005671,0,7,0,0.0,2.0,3.0,9.0,A01
201300005671,0,1,0,0.0,2.0,1.0,1.0,B02
201300005672,0,7,0,0.0,1.0,3.0,15.0,A01
201300005673,0,7,0,13.0,0.0,1.0,1.0,A01
201300005674,0,7,0,0.0,2.0,3.0,1.0,B02
201300005674,0,7,0,0.0,2.0,3.0,13.0,A01
201300005675,0,7,0,13.0,0.0,3.0,1.0,A01
201300005676,0,33,0,16.0,0.0,0.0,1.0,A01
201300005677,0,10,0,0.0,2.0,1.0,1.0,B02
201300005677,0,7,0,0.0,2.0,8.0,19.0,A01
201300005678,0,33,0,13.0,0.0,7.0,1.0,A01
201300005679,0,30,0,0.0,2.0,1.0,13.0,A01
201300005679,0,7,0,0.0,2.0,2.0,1.0,B02
201300005680,0,7,0,0.0,2.0,3.0,17.0,A01
201300005680,0,7,0,0.0,0.0,3.0,1.0,B02
201300005681,0,2,0,0.0,2.0,3.0,1.0,B02
201300005681,0,7,0,0.0,2.0,3.0,15.0,A01
201300005682,0,7,0,0.0,2.0,1.0,1.0,B02
201300005682,0,7,0,0.0,2.0,3.0,13.0,A01
201300005683,0,7,0,2.0,0.0,9.0,1.0,A01
201300005684,0,7,0,6.0,0.0,3.0,1.0,A01
201300005685,0,7,0,13.0,0.0,1.0,1.0,A01
201300005686,0,7,0,1.0,1.0,2.0,14.0,A01
201300005687,0,10,0,0.0,1.0,1.0,1.0,A01
201300005688,0,33,0,15.0,0.0,7.0,1.0,A01
201300005689,0,33,0,13.0,0.0,7.0,1.0,A01
201300005690,0,7,0,0.0,2.0,7.0,13.0,A01
201300005690,0,7,0,0.0,2.0,1.0,1.0,B02
201300005691,0,7,0,0.0,2.0,4.0,1.0,B01
201300005691,0,7,0,0.0,2.0,1.0,2.0,A02
201300005692,0,17,0,0.0,2.0,3.0,1.0,B02
201300005692,0,7,0,0.0,2.0,1.0,2.0,C03
201300005692,0,7,0,0.0,2.0,7.0,13.0,A01
201300005693,0,3,0,0.0,2.0,7.0,15.0,A01
201300005693,0,7,0,0.0,2.0,2.0,1.0,B02
201300005694,0,7,0,16.0,0.0,9.0,1.0,A01
201300005695,0,7,0,0.0,2.0,3.0,1.0,B01
201300005695,0,1,0,0.0,2.0,7.0,15.0,A02
201300005696,0,7,0,0.0,2.0,1.0,9.0,A01
201300005696,0,1,0,0.0,2.0,4.0,1.0,B02
201300005697,0,30,0,0.0,2.0,1.0,18.0,A01
201300005697,0,7,0,0.0,2.0,2.0,16.0,B02
201300005698,0,2,0,0.0,2.0,1.0,1.0,B02
201300005698,0,7,0,0.0,2.0,2.0,15.0,A01
201300005699,0,7,0,0.0,2.0,3.0,21.0,B02
201300005699,0,7,0,0.0,2.0,3.0,13.0,A01
201300005700,0,7,0,4.0,0.0,3.0,1.0,A01
201300005701,0,7,0,0.0,2.0,6.0,10.0,A01
201300005701,0,30,0,0.0,2.0,1.0,1.0,B02
201300005702,0,7,0,2.0,0.0,8.0,1.0,A01
201300005703,0,7,0,0.0,2.0,1.0,19.0,A01
201300005703,0,7,0,0.0,2.0,8.0,1.0,B02
201300005704,0,7,0,0.0,2.0,1.0,2.0,C03
201300005704,0,7,0,0.0,2.0,1.0,13.0,A01
201300005704,0,7,0,0.0,2.0,1.0,1.0,B02
201300005705,0,7,0,0.0,2.0,6.0,4.0,A01
201300005705,0,30,0,0.0,2.0,7.0,1.0,B02
201300005706,0,33,0,8.0,0.0,7.0,1.0,A01
201300005707,0,15,0,3.0,2.0,8.0,1.0,A01
201300005707,0,10,0,0.0,2.0,8.0,1.0,B02
201300005708,0,7,0,2.0,0.0,3.0,1.0,A01
201300005709,0,10,0,0.0,2.0,5.0,1.0,B02
201300005709,0,7,0,0.0,2.0,3.0,1.0,A01
201300005710,0,2,0,0.0,2.0,1.0,1.0,B01
201300005710,0,7,0,0.0,2.0,2.0,15.0,A01
201300005711,0,7,0,0.0,2.0,1.0,1.0,B01
201300005711,0,7,0,0.0,0.0,8.0,1.0,A01
201300005712,0,7,0,0.0,9.0,2.0,1.0,B01
201300005712,0,35,0,0.0,2.0,1.0,15.0,A01
201300005713,0,7,0,1.0,0.0,7.0,1.0,A01
201300005714,0,7,0,8.0,0.0,1.0,1.0,A01
201300005715,0,7,0,0.0,2.0,2.0,15.0,A01
201300005715,0,2,0,0.0,2.0,1.0,1.0,B01
201300005716,0,7,0,0.0,2.0,1.0,2.0,A01
201300005716,0,7,0,0.0,0.0,6.0,1.0,B01
201300005717,0,7,0,0.0,9.0,2.0,2.0,A01
201300005717,0,1,0,0.0,0.0,3.0,2.0,B01
201300005718,0,2,0,0.0,2.0,1.0,15.0,A01
201300005718,0,7,0,0.0,9.0,3.0,1.0,B01
201300005719,0,7,0,0.0,2.0,1.0,15.0,A01
201300005719,0,2,0,0.0,2.0,1.0,1.0,B01
201300005720,1,2,0,0.0,1.0,7.0,1.0,Z01
201300005721,0,2,0,0.0,2.0,0.0,1.0,B01
201300005721,0,7,0,0.0,2.0,7.0,15.0,A01
201300005722,0,7,0,0.0,2.0,6.0,2.0,A01
201300005722,0,33,0,0.0,2.0,3.0,2.0,B01
201300005723,0,2,0,0.0,2.0,1.0,0.0,A01
201300005723,0,7,0,0.0,2.0,3.0,15.0,B01
201300005724,0,7,0,0.0,1.0,8.0,1.0,A01
201300005725,0,7,0,0.0,1.0,1.0,13.0,A01
201300005726,0,7,0,8.0,0.0,1.0,14.0,A01
201300005727,0,2,0,0.0,2.0,1.0,19.0,A01
201300005727,0,7,0,0.0,0.0,5.0,1.0,B01
201300005728,0,10,0,0.0,0.0,3.0,1.0,A01
201300005728,0,33,0,0.0,2.0,1.0,19.0,B01
201300005729,0,7,0,0.0,1.0,2.0,2.0,A01
201300005730,0,7,0,0.0,0.0,3.0,24.0,A01
201300005730,0,7,0,0.0,1.0,2.0,11.0,B01
201300005731,0,7,0,0.0,2.0,8.0,17.0,A01
201300005731,0,2,0,0.0,2.0,1.0,1.0,B01
201300005732,0,1,0,0.0,2.0,1.0,1.0,A01
201300005732,0,7,0,0.0,0.0,3.0,15.0,B01
201300005733,0,7,0,8.0,0.0,9.0,17.0,A01
201300005734,0,2,0,0.0,2.0,1.0,3.0,A01
201300005734,0,7,0,0.0,2.0,6.0,15.0,B01
201300005735,0,7,0,0.0,2.0,1.0,5.0,B01
201300005735,0,7,0,0.0,2.0,1.0,1.0,A01
201300005736,0,2,0,0.0,2.0,7.0,1.0,B02
201300005736,0,7,0,0.0,2.0,2.0,15.0,A01
201300005737,0,7,0,0.0,2.0,6.0,1.0,B02
201300005737,0,7,0,0.0,2.0,2.0,1.0,A01
201300005738,0,7,0,0.0,2.0,7.0,15.0,A01
201300005738,0,7,0,0.0,2.0,1.0,1.0,B02
201300005739,0,33,0,13.0,0.0,1.0,0.0,A01
201300005740,0,7,0,0.0,2.0,3.0,1.0,A01
201300005740,0,33,0,0.0,2.0,2.0,1.0,B02
201300005741,0,7,0,0.0,2.0,1.0,0.0,B02
201300005741,0,30,0,0.0,2.0,1.0,5.0,A01
201300005742,0,7,0,0.0,2.0,3.0,13.0,A01
201300005742,0,7,0,0.0,2.0,3.0,1.0,B02
201300005743,0,7,0,6.0,0.0,5.0,1.0,A01
201300005744,0,33,0,0.0,0.0,0.0,21.0,A01
201300005745,0,7,0,9.0,0.0,1.0,15.0,A01
201300005746,0,7,0,0.0,2.0,1.0,1.0,B02
201300005746,0,30,0,0.0,2.0,1.0,5.0,A01
201300005747,0,7,0,0.0,2.0,2.0,1.0,A01
201300005747,0,34,0,0.0,2.0,4.0,16.0,B02
201300005748,0,7,0,0.0,2.0,1.0,1.0,B02
201300005748,0,7,0,0.0,2.0,1.0,1.0,A01
201300005749,0,7,0,0.0,2.0,1.0,1.0,A01
201300005749,0,7,0,0.0,2.0,1.0,15.0,B02
201300005750,0,15,0,0.0,2.0,3.0,1.0,B02
201300005750,0,7,0,0.0,2.0,3.0,13.0,A01
201300005751,0,33,0,0.0,2.0,1.0,1.0,A01
201300005751,0,7,0,0.0,2.0,3.0,10.0,B02
201300005752,0,7,0,0.0,1.0,1.0,1.0,A01
201300005753,0,7,0,0.0,2.0,3.0,1.0,B02
201300005753,0,7,0,0.0,2.0,3.0,13.0,A01
201300005754,0,7,0,0.0,2.0,1.0,1.0,B02
201300005754,0,7,0,0.0,2.0,1.0,19.0,A01
201300005755,0,7,0,0.0,1.0,1.0,1.0,A01
201300005756,0,1,0,0.0,2.0,1.0,1.0,B02
201300005756,0,7,0,0.0,9.0,3.0,15.0,A01
201300005757,0,7,0,0.0,1.0,2.0,1.0,A01
201300005758,0,33,0,0.0,0.0,0.0,1.0,A01
201300005759,0,33,0,14.0,0.0,1.0,1.0,A01
201300005760,0,7,0,0.0,1.0,2.0,1.0,A01
201300005761,0,7,0,0.0,2.0,3.0,1.0,B02
201300005761,0,7,0,0.0,2.0,7.0,13.0,A01
201300005762,0,33,0,0.0,1.0,1.0,17.0,A01
201300005763,0,10,0,0.0,2.0,6.0,1.0,B02
201300005763,0,7,0,0.0,2.0,7.0,0.0,A01
201300005764,0,7,0,0.0,2.0,1.0,1.0,A01
201300005765,0,7,0,0.0,2.0,3.0,1.0,A01
201300005765,0,7,0,0.0,2.0,3.0,1.0,B02
201300005766,0,7,0,2.0,0.0,7.0,1.0,A01
201300005767,0,3,0,0.0,2.0,3.0,9.0,A01
201300005767,0,7,0,0.0,2.0,3.0,1.0,B02
201300005768,0,7,0,0.0,2.0,1.0,1.0,B02
201300005768,0,33,0,0.0,2.0,1.0,1.0,A01
201300005769,0,7,0,2.0,0.0,1.0,13.0,A01
201300005770,0,7,0,0.0,2.0,2.0,15.0,A01
201300005770,0,7,0,0.0,2.0,1.0,0.0,B02
201300005771,0,7,0,0.0,2.0,1.0,1.0,A01
201300005771,0,7,0,0.0,2.0,1.0,1.0,B02
201300005772,0,33,0,0.0,2.0,1.0,1.0,B02
201300005772,0,7,0,0.0,2.0,2.0,15.0,A01
201300005773,0,21,0,1.0,1.0,1.0,1.0,A01
201300005774,0,7,0,3.0,0.0,2.0,1.0,A01
201300005775,0,7,0,0.0,0.0,0.0,1.0,A01
201300005776,0,15,0,0.0,2.0,3.0,1.0,C03
201300005776,0,7,0,0.0,2.0,1.0,13.0,A01
201300005776,0,7,0,0.0,2.0,8.0,1.0,B02
201300005777,0,7,0,0.0,2.0,1.0,1.0,B02
201300005777,0,7,0,0.0,2.0,1.0,13.0,A01
201300005778,0,7,0,13.0,0.0,1.0,1.0,A01
201300005779,0,7,0,2.0,0.0,1.0,1.0,A01
201300005780,0,33,0,0.0,2.0,1.0,1.0,A01
201300005780,0,7,0,0.0,2.0,5.0,15.0,B02
201300005781,0,7,0,0.0,2.0,1.0,1.0,B02
201300005781,0,7,0,0.0,2.0,1.0,13.0,A01
201300005782,0,7,0,2.0,0.0,1.0,17.0,A01
201300005783,0,7,0,0.0,2.0,1.0,19.0,A01
201300005783,0,34,0,0.0,2.0,1.0,1.0,B02
201300005784,0,7,0,0.0,2.0,7.0,1.0,A01
201300005784,0,7,0,0.0,2.0,1.0,1.0,B02
201300005785,0,7,0,2.0,0.0,1.0,1.0,A01
201300005786,0,7,0,0.0,2.0,3.0,13.0,A01
201300005786,0,7,0,0.0,2.0,3.0,1.0,B02
201300005786,0,7,0,0.0,2.0,3.0,1.0,C03
201300005786,0,7,0,0.0,2.0,3.0,1.0,D04
201300005786,0,7,0,0.0,2.0,8.0,2.0,E05
201300005787,0,7,0,0.0,2.0,1.0,13.0,A01
201300005787,0,7,0,0.0,2.0,1.0,1.0,C03
201300005787,0,7,0,0.0,2.0,3.0,1.0,B02
201300005788,0,7,0,0.0,9.0,3.0,1.0,A01
201300005788,0,1,0,0.0,0.0,4.0,15.0,B02
201300005789,0,7,0,0.0,2.0,1.0,1.0,A01
201300005789,0,7,0,0.0,2.0,1.0,13.0,B02
201300005790,0,7,0,0.0,2.0,1.0,1.0,A01
201300005790,0,2,0,0.0,2.0,4.0,2.0,B02
201300005791,0,7,0,0.0,0.0,8.0,1.0,B02
201300005791,0,7,0,0.0,2.0,1.0,1.0,A01
201300005792,0,10,0,0.0,2.0,3.0,17.0,A01
201300005792,0,10,0,0.0,2.0,1.0,1.0,B02
201300005793,0,7,0,0.0,2.0,3.0,1.0,B02
201300005793,0,3,0,0.0,2.0,1.0,5.0,A01
201300005794,0,7,0,0.0,2.0,1.0,1.0,B02
201300005794,0,7,0,0.0,2.0,3.0,19.0,A01
201300005795,0,7,0,0.0,2.0,1.0,19.0,A01
201300005795,0,7,0,0.0,2.0,3.0,1.0,B02
201300005795,0,7,0,8.0,2.0,3.0,1.0,C03
201300005796,2,99,0,0.0,0.0,0.0,0.0,B02
201300005796,0,33,0,0.0,0.0,0.0,1.0,A01
201300005797,0,7,0,15.0,2.0,7.0,1.0,B02
201300005797,0,7,0,13.0,2.0,1.0,1.0,A01
201300005798,0,7,0,2.0,0.0,4.0,15.0,A01
201300005799,0,33,0,14.0,0.0,0.0,19.0,A01
201300005800,0,33,0,16.0,0.0,1.0,17.0,A01
201300005801,0,33,0,3.0,0.0,8.0,1.0,A01
201300005802,0,20,0,0.0,0.0,7.0,23.0,B02
201300005802,0,30,0,0.0,2.0,1.0,1.0,A01
201300005803,0,7,0,13.0,0.0,3.0,1.0,A01
201300005804,0,7,0,13.0,0.0,3.0,17.0,A01
201300005805,0,7,0,13.0,0.0,1.0,1.0,A01
201300005806,0,7,0,0.0,2.0,2.0,1.0,B02
201300005806,0,7,0,0.0,2.0,1.0,21.0,A01
201300005807,0,7,0,1.0,0.0,3.0,1.0,A01
201300005808,0,7,0,0.0,2.0,4.0,23.0,B02
201300005808,0,7,0,0.0,2.0,1.0,2.0,A01
201300005809,0,7,0,0.0,0.0,0.0,0.0,A01
201300005810,0,7,0,0.0,2.0,8.0,1.0,B02
201300005810,0,7,0,0.0,2.0,2.0,17.0,A01
201300005811,0,7,0,0.0,2.0,3.0,5.0,A01
201300005811,0,7,0,0.0,2.0,3.0,1.0,B02
201300005812,0,7,0,13.0,0.0,1.0,17.0,A01
201300005813,0,7,0,12.0,0.0,3.0,6.0,A01
201300005814,0,7,0,0.0,2.0,2.0,1.0,A01
201300005814,0,1,0,0.0,0.0,4.0,1.0,B02
201300005815,0,7,0,0.0,2.0,2.0,17.0,A01
201300005815,0,1,0,0.0,2.0,8.0,1.0,C03
201300005815,0,1,0,0.0,2.0,8.0,1.0,B02
201300005816,0,7,0,0.0,2.0,1.0,1.0,B02
201300005816,0,7,0,0.0,2.0,1.0,13.0,A01
201300005817,0,13,0,0.0,2.0,8.0,1.0,B02
201300005817,0,15,0,0.0,2.0,3.0,13.0,A01
201300005818,0,10,0,0.0,2.0,1.0,1.0,B02
201300005818,0,7,0,0.0,0.0,1.0,5.0,A01
201300005819,0,17,0,0.0,2.0,3.0,1.0,B02
201300005819,0,7,0,0.0,2.0,3.0,13.0,A01
201300005820,0,2,0,8.0,0.0,1.0,13.0,A01
201300005821,0,7,0,0.0,0.0,3.0,1.0,A01
201300005821,0,7,0,0.0,2.0,1.0,1.0,B02
201300005822,0,7,0,0.0,2.0,2.0,15.0,A01
201300005822,0,33,0,0.0,2.0,3.0,1.0,B02
201300005823,0,33,0,0.0,0.0,8.0,1.0,A01
201300005824,0,1,0,5.0,0.0,1.0,1.0,A01
201300005825,0,7,0,0.0,2.0,1.0,1.0,B02
201300005825,0,7,0,0.0,2.0,1.0,11.0,A01
201300005826,0,7,0,0.0,2.0,7.0,17.0,A01
201300005826,0,7,0,0.0,0.0,3.0,1.0,B02
201300005827,0,33,0,0.0,0.0,1.0,17.0,A01
201300005827,0,7,0,0.0,0.0,8.0,0.0,B02
201300005828,0,7,0,0.0,0.0,0.0,1.0,A01
201300005829,0,31,0,0.0,2.0,1.0,1.0,A01
201300005829,0,7,0,0.0,2.0,8.0,15.0,B02
201300005830,0,7,0,0.0,2.0,4.0,1.0,B02
201300005830,0,30,0,0.0,2.0,1.0,1.0,A01
201300005831,0,7,0,0.0,2.0,3.0,15.0,A01
201300005831,0,2,0,0.0,2.0,1.0,1.0,B02
201300005832,0,7,0,0.0,2.0,3.0,13.0,A01
201300005832,0,7,0,0.0,2.0,8.0,1.0,B02
201300005833,0,7,0,0.0,2.0,1.0,1.0,B02
201300005833,0,7,0,0.0,2.0,2.0,15.0,A01
201300005834,0,7,0,0.0,1.0,1.0,1.0,A01
201300005835,0,7,0,0.0,1.0,2.0,1.0,A01
201300005836,0,10,0,2.0,0.0,1.0,0.0,A01
201300005837,0,7,0,0.0,1.0,4.0,4.0,A01
201300005838,0,32,0,0.0,2.0,6.0,1.0,B02
201300005838,1,7,0,0.0,2.0,3.0,15.0,A01
201300005839,0,7,0,0.0,0.0,2.0,0.0,B02
201300005839,0,7,0,0.0,0.0,6.0,0.0,A01
201300005840,0,7,0,0.0,2.0,3.0,17.0,A01
201300005840,0,1,0,0.0,2.0,1.0,1.0,B02
201300005841,0,7,0,0.0,2.0,1.0,15.0,A01
201300005841,0,7,0,0.0,2.0,1.0,1.0,B02
201300005842,0,14,0,0.0,2.0,5.0,15.0,A01
201300005842,0,7,0,0.0,2.0,1.0,1.0,B02
201300005843,0,33,0,0.0,2.0,1.0,1.0,A01
201300005843,0,10,0,0.0,2.0,2.0,15.0,B02
201300005844,0,1,0,0.0,0.0,4.0,0.0,B02
201300005844,0,7,0,0.0,0.0,7.0,0.0,A01
201300005845,0,7,0,0.0,2.0,3.0,1.0,A01
201300005845,0,2,0,0.0,2.0,1.0,9.0,B02
201300005846,0,7,0,0.0,2.0,1.0,1.0,A01
201300005846,0,7,0,0.0,2.0,1.0,1.0,B02
201300005847,0,7,0,0.0,2.0,9.0,9.0,B02
201300005847,0,7,0,0.0,2.0,1.0,1.0,A01
201300005848,0,33,0,0.0,2.0,1.0,1.0,B02
201300005848,0,7,0,0.0,2.0,5.0,15.0,A01
201300005849,0,7,0,0.0,2.0,3.0,13.0,A01
201300005849,0,7,0,0.0,2.0,6.0,1.0,B02
201300005850,0,7,0,0.0,2.0,1.0,0.0,B02
201300005850,0,7,0,0.0,2.0,3.0,15.0,A01
201300005851,0,7,0,13.0,0.0,3.0,1.0,A01
201300005852,0,7,0,0.0,0.0,3.0,15.0,B02
201300005852,0,15,0,0.0,2.0,1.0,1.0,A01
201300005853,0,7,0,0.0,2.0,1.0,2.0,A01
201300005853,0,7,0,0.0,2.0,4.0,23.0,B02
201300005854,0,30,0,0.0,2.0,1.0,13.0,A01
201300005854,0,10,0,0.0,0.0,3.0,1.0,B02
201300005855,0,14,0,0.0,1.0,2.0,2.0,A01
201300005856,0,7,0,0.0,1.0,3.0,19.0,A01
201300005857,0,7,0,0.0,0.0,3.0,1.0,B02
201300005857,0,7,0,0.0,2.0,2.0,13.0,A01
201300005857,0,7,0,0.0,2.0,1.0,1.0,C03
201300005858,0,32,0,0.0,2.0,1.0,17.0,B02
201300005858,0,7,0,0.0,2.0,3.0,10.0,A01
201300005859,0,30,0,3.0,0.0,3.0,13.0,A01
201300005860,0,33,0,0.0,2.0,1.0,1.0,A01
201300005860,0,7,0,0.0,2.0,2.0,15.0,B02
201300005861,0,7,0,9.0,0.0,3.0,11.0,A01
201300005862,0,33,0,0.0,2.0,1.0,1.0,A01
201300005862,0,7,0,0.0,0.0,5.0,9.0,B02
201300005863,0,7,0,0.0,1.0,1.0,1.0,A01
201300005864,0,7,0,2.0,0.0,9.0,1.0,A01
201300005865,0,7,0,0.0,2.0,2.0,0.0,B02
201300005865,0,1,0,0.0,0.0,4.0,1.0,A01
201300005866,0,7,0,0.0,2.0,1.0,1.0,B02
201300005866,0,2,0,0.0,2.0,7.0,1.0,A01
201300005867,0,7,0,0.0,2.0,6.0,6.0,A01
201300005867,0,30,0,0.0,2.0,1.0,1.0,B02
201300005868,0,15,0,0.0,2.0,2.0,1.0,A01
201300005868,0,2,0,0.0,2.0,3.0,15.0,B02
201300005869,0,33,0,0.0,0.0,9.0,1.0,A01
201300005870,0,7,0,2.0,0.0,9.0,1.0,A01
201300005871,0,10,0,0.0,2.0,8.0,13.0,A01
201300005871,0,7,0,0.0,2.0,2.0,1.0,B02
201300005872,0,7,0,0.0,1.0,2.0,1.0,A01
201300005873,0,7,0,2.0,0.0,1.0,14.0,A01
201300005874,0,7,0,2.0,0.0,1.0,1.0,A01
201300005875,0,7,0,0.0,2.0,1.0,13.0,A01
201300005875,0,10,0,0.0,2.0,3.0,1.0,B02
201300005876,0,7,0,0.0,2.0,1.0,1.0,B02
201300005876,0,7,0,0.0,2.0,1.0,19.0,A01
201300005877,0,33,0,12.0,0.0,1.0,2.0,A01
201300005878,0,30,0,0.0,2.0,1.0,19.0,A01
201300005878,0,31,0,0.0,2.0,8.0,1.0,B02
201300005879,0,33,0,0.0,0.0,7.0,1.0,A01
201300005880,0,7,0,0.0,2.0,1.0,1.0,B02
201300005880,0,7,0,0.0,2.0,8.0,9.0,A01
201300005881,0,10,0,0.0,2.0,3.0,19.0,A01
201300005881,0,7,0,0.0,2.0,2.0,1.0,B02
201300005882,0,7,0,2.0,0.0,7.0,1.0,A01
201300005883,0,31,0,0.0,1.0,1.0,1.0,A01
201300005884,0,7,0,2.0,0.0,1.0,0.0,A01
201300005885,0,33,0,0.0,0.0,0.0,1.0,A01
201300005886,0,7,0,2.0,0.0,8.0,1.0,A01
201300005887,0,10,0,0.0,1.0,1.0,1.0,A01
201300005888,0,33,0,0.0,2.0,1.0,17.0,B02
201300005888,0,7,0,0.0,2.0,4.0,15.0,A01
201300005889,0,7,0,0.0,0.0,3.0,1.0,B02
201300005889,0,7,0,0.0,0.0,1.0,15.0,A01
201300005890,0,7,0,0.0,2.0,8.0,15.0,A01
201300005890,0,7,0,0.0,2.0,1.0,1.0,B02
201300005891,0,7,0,0.0,2.0,7.0,1.0,B02
201300005891,0,7,0,0.0,2.0,3.0,1.0,A01
201300005892,0,7,0,16.0,0.0,2.0,2.0,A01
201300005893,0,7,0,0.0,2.0,2.0,1.0,B02
201300005893,0,7,0,0.0,2.0,1.0,15.0,A01
201300005894,0,7,0,0.0,2.0,8.0,1.0,B02
201300005894,0,7,0,0.0,2.0,3.0,13.0,A01
201300005894,0,7,0,0.0,2.0,3.0,0.0,C03
201300005895,0,7,0,2.0,0.0,1.0,0.0,A01
201300005896,0,7,0,0.0,2.0,1.0,1.0,A01
201300005896,0,7,0,0.0,0.0,7.0,1.0,B02
201300005897,1,7,0,0.0,1.0,2.0,1.0,A01
201300005898,0,7,0,0.0,2.0,2.0,17.0,B02
201300005898,0,1,0,0.0,2.0,8.0,13.0,A01
201300005899,0,7,0,0.0,0.0,7.0,6.0,A01
201300005899,0,7,0,0.0,0.0,2.0,2.0,B02
201300005900,0,7,0,0.0,2.0,7.0,15.0,A01
201300005900,0,3,0,0.0,2.0,1.0,1.0,B02
201300005901,0,31,0,0.0,0.0,0.0,1.0,A01
201300005902,0,7,0,0.0,2.0,1.0,1.0,B02
201300005902,0,7,0,0.0,2.0,1.0,13.0,A01
201300005903,0,10,0,0.0,1.0,1.0,1.0,A01
201300005904,0,7,0,0.0,0.0,1.0,1.0,A01
201300005905,0,30,0,0.0,2.0,3.0,1.0,B02
201300005905,0,30,0,0.0,2.0,3.0,1.0,A01
201300005906,0,1,0,0.0,2.0,5.0,12.0,B02
201300005906,0,7,0,0.0,2.0,2.0,15.0,A01
201300005907,0,10,0,0.0,2.0,1.0,1.0,A01
201300005907,0,7,0,0.0,2.0,4.0,1.0,B02
201300005908,0,7,0,0.0,1.0,1.0,15.0,A01
201300005909,0,10,0,6.0,0.0,1.0,1.0,A01
201300005910,0,7,0,16.0,0.0,9.0,1.0,A01
201300005911,0,7,0,13.0,0.0,1.0,1.0,A01
201300005912,0,33,0,0.0,0.0,0.0,1.0,A01
201300005913,0,7,0,0.0,2.0,1.0,1.0,A01
201300005913,0,7,0,0.0,2.0,8.0,19.0,B02
201300005914,0,7,0,0.0,1.0,1.0,1.0,A01
201300005915,0,30,0,14.0,4.0,1.0,1.0,A01
201300005915,0,39,0,0.0,2.0,7.0,1.0,B01
201300005916,0,38,13,13.0,0.0,9.0,14.0,A01
201300005917,0,7,0,0.0,2.0,3.0,23.0,A01
201300005917,0,2,0,14.0,2.0,1.0,1.0,B01
201300005918,0,7,0,6.0,0.0,2.0,14.0,A01
201300005919,0,7,0,0.0,2.0,1.0,2.0,A01
201300005919,0,7,0,0.0,0.0,4.0,1.0,B01
201300005920,0,7,0,0.0,1.0,1.0,1.0,A01
201300005921,0,7,0,12.0,2.0,8.0,1.0,B01
201300005921,1,7,0,0.0,2.0,2.0,17.0,Z01
201300005922,0,1,0,0.0,2.0,2.0,1.0,A01
201300005922,0,7,0,0.0,2.0,3.0,1.0,B01
201300005923,0,7,0,0.0,2.0,1.0,2.0,A01
201300005923,0,7,0,6.0,2.0,4.0,1.0,B01
201300005924,0,7,0,6.0,0.0,1.0,14.0,A01
201300005925,0,1,0,0.0,1.0,1.0,1.0,A01
201300005926,0,7,0,0.0,1.0,1.0,1.0,A01
201300005927,0,7,0,0.0,0.0,4.0,23.0,B01
201300005927,0,31,0,14.0,0.0,1.0,2.0,A01
201300005928,0,7,0,15.0,0.0,1.0,14.0,A01
201300005929,0,7,0,0.0,2.0,3.0,15.0,A01
201300005929,0,2,0,0.0,2.0,1.0,1.0,B01
201300005930,0,10,0,0.0,1.0,1.0,1.0,A01
201300005931,0,10,0,0.0,1.0,4.0,4.0,A01
201300005932,0,30,0,0.0,2.0,6.0,1.0,A01
201300005932,1,7,0,0.0,2.0,7.0,17.0,Z01
201300005933,0,7,0,13.0,0.0,2.0,14.0,A01
201300005934,0,32,0,0.0,2.0,5.0,1.0,B01
201300005934,0,7,0,0.0,2.0,1.0,9.0,A01
201300005935,0,30,0,1.0,0.0,2.0,14.0,A01
201300005936,0,7,0,1.0,0.0,1.0,14.0,A01
201300005937,0,7,0,2.0,0.0,1.0,14.0,A01
201300005938,0,7,0,0.0,0.0,9.0,14.0,A01
201300005939,0,7,0,2.0,0.0,2.0,14.0,A01
201300005940,0,2,0,0.0,2.0,1.0,1.0,B01
201300005940,0,7,0,0.0,2.0,8.0,15.0,A01
201300005941,0,10,0,0.0,2.0,2.0,17.0,A01
201300005941,0,7,0,14.0,2.0,3.0,1.0,D01
201300005941,0,7,0,0.0,2.0,8.0,1.0,C01