Num_Acc,senc,catv,occutc,obs,obsm,choc,manv,num_veh
201300005941,0,7,0,0.0,2.0,6.0,1.0,E01
201300005941,0,7,0,0.0,2.0,6.0,1.0,B01
201300005942,0,7,0,2.0,0.0,1.0,13.0,A01
201300005943,0,7,0,0.0,1.0,2.0,1.0,A01
201300005944,0,7,0,0.0,2.0,3.0,9.0,A01
201300005944,0,33,0,0.0,2.0,1.0,1.0,B01
201300005945,0,2,0,0.0,2.0,1.0,9.0,A01
201300005945,0,7,0,0.0,2.0,2.0,1.0,B01
201300005946,0,7,0,0.0,1.0,3.0,1.0,A01
201300005947,0,7,0,0.0,2.0,4.0,23.0,B01
201300005947,1,10,0,0.0,2.0,1.0,2.0,Z01
201300005948,0,10,0,0.0,2.0,1.0,1.0,A01
201300005948,0,7,0,0.0,2.0,3.0,1.0,B01
201300005949,0,17,0,0.0,2.0,7.0,16.0,A01
201300005949,0,1,0,0.0,2.0,8.0,1.0,B01
201300005950,1,99,0,0.0,1.0,0.0,0.0,Z01
201300005951,0,7,0,0.0,1.0,1.0,15.0,A01
201300005952,0,7,0,2.0,0.0,1.0,14.0,A01
201300005953,0,2,0,0.0,0.0,8.0,1.0,A01
201300005954,0,7,0,0.0,1.0,2.0,1.0,A01
201300005955,0,1,0,0.0,2.0,8.0,1.0,B01
201300005955,0,10,0,0.0,2.0,1.0,15.0,A01
201300005956,0,7,0,0.0,2.0,8.0,15.0,A01
201300005956,0,31,0,0.0,2.0,1.0,1.0,B01
201300005957,0,7,0,0.0,1.0,1.0,1.0,A01
201300005958,0,7,0,0.0,1.0,1.0,1.0,A01
201300005959,0,7,0,14.0,0.0,4.0,23.0,B01
201300005959,0,7,0,0.0,0.0,4.0,23.0,D01
201300005959,0,7,0,14.0,0.0,3.0,23.0,C01
201300005959,0,10,0,14.0,0.0,1.0,2.0,A01
201300005960,0,7,0,0.0,2.0,3.0,9.0,A01
201300005960,0,7,0,0.0,2.0,1.0,1.0,B01
201300005961,0,7,0,3.0,0.0,2.0,14.0,A01
201300005962,2,7,0,1.0,2.0,6.0,1.0,A01
201300005962,0,7,0,0.0,2.0,3.0,1.0,B01
201300005963,0,7,0,0.0,2.0,2.0,1.0,B01
201300005963,0,7,0,0.0,2.0,3.0,9.0,A01
201300005964,0,7,0,0.0,1.0,1.0,1.0,A01
201300005965,0,7,0,0.0,1.0,1.0,1.0,A01
201300005966,0,2,0,0.0,1.0,1.0,1.0,A01
201300005967,0,1,0,1.0,0.0,1.0,1.0,B01
201300005967,0,7,0,0.0,2.0,7.0,22.0,A01
201300005968,0,7,0,0.0,2.0,1.0,15.0,A01
201300005968,0,2,0,0.0,2.0,1.0,1.0,B01
201300005969,0,7,0,0.0,2.0,6.0,15.0,B01
201300005969,0,30,0,0.0,2.0,1.0,1.0,A01
201300005970,0,14,0,0.0,2.0,3.0,13.0,A01
201300005970,0,14,0,13.0,2.0,3.0,1.0,B01
201300005971,0,7,0,0.0,2.0,7.0,12.0,A01
201300005971,0,7,0,0.0,2.0,8.0,1.0,B01
201300005972,0,7,0,0.0,2.0,1.0,1.0,A01
201300005972,0,7,0,0.0,2.0,4.0,23.0,B01
201300005973,0,33,0,12.0,0.0,1.0,1.0,A01
201300005974,0,33,0,13.0,0.0,1.0,1.0,A01
201300005975,0,7,0,13.0,0.0,2.0,1.0,A01
201300005976,0,7,0,13.0,0.0,3.0,1.0,A01
201300005977,0,1,0,0.0,2.0,1.0,1.0,C03
201300005977,0,1,0,0.0,2.0,1.0,1.0,D04
201300005977,0,1,0,0.0,2.0,1.0,1.0,B02
201300005977,0,7,0,0.0,2.0,1.0,15.0,A01
201300005978,0,7,0,1.0,0.0,1.0,1.0,A01
201300005979,0,15,0,0.0,0.0,6.0,23.0,B02
201300005979,0,7,0,0.0,2.0,1.0,1.0,A01
201300005980,0,7,0,2.0,0.0,8.0,1.0,A01
201300005981,0,7,0,0.0,2.0,6.0,15.0,A01
201300005981,0,7,0,0.0,2.0,2.0,17.0,B02
201300005982,0,7,0,0.0,2.0,1.0,1.0,A01
201300005982,0,7,0,0.0,2.0,4.0,1.0,B02
201300005983,0,7,0,0.0,2.0,1.0,1.0,C03
201300005983,0,7,0,0.0,2.0,6.0,1.0,B02
201300005983,0,15,0,0.0,2.0,5.0,5.0,A01
201300005983,0,7,0,0.0,9.0,3.0,1.0,D04
201300005984,0,7,0,0.0,0.0,9.0,21.0,B02
201300005984,0,7,0,0.0,0.0,1.0,13.0,A01
201300005985,1,14,0,0.0,1.0,0.0,0.0,A01
201300005986,0,7,0,0.0,1.0,1.0,19.0,A01
201300005987,0,7,0,0.0,2.0,3.0,19.0,B02
201300005987,0,2,0,0.0,2.0,1.0,1.0,A01
201300005988,0,33,0,0.0,2.0,1.0,13.0,A01
201300005988,0,7,0,0.0,2.0,3.0,1.0,B02
201300005989,0,7,0,13.0,0.0,3.0,1.0,A01
201300005990,0,7,0,0.0,2.0,1.0,1.0,B02
201300005990,0,33,0,0.0,2.0,1.0,5.0,A01
201300005991,0,33,0,5.0,0.0,0.0,1.0,A01
201300005992,0,7,0,8.0,0.0,4.0,14.0,A01
201300005993,0,7,0,0.0,0.0,4.0,23.0,B02
201300005993,0,17,0,1.0,0.0,1.0,1.0,A01
201300005994,0,7,0,3.0,0.0,2.0,1.0,A01
201300005995,0,7,0,0.0,2.0,3.0,1.0,B02
201300005995,0,7,0,0.0,2.0,3.0,3.0,A01
201300005996,0,33,0,0.0,2.0,1.0,1.0,B02
201300005996,0,7,0,0.0,2.0,7.0,15.0,A01
201300005997,0,7,0,0.0,2.0,3.0,1.0,B02
201300005997,0,7,0,0.0,2.0,3.0,13.0,A01
201300005998,0,7,0,0.0,2.0,1.0,1.0,B02
201300005998,0,7,0,7.0,0.0,4.0,15.0,A01
201300005999,0,33,0,0.0,2.0,1.0,1.0,B02
201300005999,0,7,0,0.0,2.0,4.0,23.0,A01
201300006000,0,21,0,0.0,2.0,8.0,15.0,A01
201300006000,0,31,0,0.0,2.0,9.0,16.0,B02
201300006001,0,14,0,0.0,2.0,1.0,1.0,B02
201300006001,0,15,0,0.0,2.0,8.0,1.0,C03
201300006001,0,14,0,3.0,2.0,3.0,13.0,A01
201300006002,0,7,0,0.0,2.0,1.0,23.0,B02
201300006002,0,30,0,0.0,2.0,0.0,13.0,A01
201300006003,0,7,0,2.0,0.0,2.0,17.0,A01
201300006004,0,7,0,2.0,2.0,2.0,1.0,A01
201300006005,0,7,0,0.0,2.0,1.0,1.0,B02
201300006005,0,7,0,0.0,2.0,1.0,15.0,A01
201300006006,0,7,0,0.0,0.0,4.0,0.0,A01
201300006006,0,7,0,0.0,0.0,1.0,1.0,C03
201300006006,0,7,0,0.0,0.0,9.0,0.0,B02
201300006007,0,30,0,0.0,2.0,1.0,1.0,B02
201300006007,0,10,0,0.0,2.0,7.0,15.0,A01
201300006008,0,33,0,2.0,0.0,1.0,1.0,A01
201300006009,0,7,0,12.0,1.0,6.0,4.0,A01
201300006010,0,31,0,0.0,0.0,8.0,1.0,A01
201300006011,0,7,0,12.0,0.0,2.0,1.0,A01
201300006012,0,30,0,0.0,2.0,1.0,1.0,B02
201300006012,0,7,0,0.0,2.0,7.0,15.0,A01
201300006013,0,7,0,13.0,0.0,3.0,17.0,A01
201300006014,0,33,0,14.0,0.0,1.0,13.0,A01
201300006015,1,14,0,0.0,1.0,0.0,0.0,A01
201300006016,0,33,0,0.0,2.0,8.0,21.0,A01
201300006017,0,33,0,0.0,2.0,1.0,2.0,A01
201300006018,0,7,0,0.0,2.0,8.0,15.0,A01
201300006018,0,38,0,0.0,2.0,2.0,1.0,B02
201300006019,0,7,0,8.0,0.0,7.0,1.0,A01
201300006020,0,7,0,0.0,1.0,2.0,1.0,A01
201300006021,0,33,0,0.0,2.0,1.0,1.0,A01
201300006021,0,7,0,0.0,2.0,3.0,1.0,B02
201300006022,0,31,0,0.0,0.0,1.0,1.0,A01
201300006023,0,35,0,0.0,2.0,8.0,19.0,A01
201300006023,0,7,0,0.0,0.0,2.0,1.0,B02
201300006024,0,7,0,2.0,0.0,5.0,1.0,A01
201300006025,0,36,0,6.0,0.0,1.0,15.0,A01
201300006026,0,7,0,0.0,2.0,8.0,13.0,B02
201300006026,0,33,0,0.0,2.0,3.0,21.0,A01
201300006027,0,7,0,0.0,2.0,1.0,9.0,A01
201300006027,0,7,0,0.0,2.0,1.0,1.0,B02
201300006028,0,21,0,0.0,2.0,3.0,1.0,B02
201300006028,0,7,0,0.0,2.0,3.0,13.0,A01
201300006029,0,20,0,0.0,2.0,3.0,1.0,B02
201300006029,0,7,0,0.0,2.0,1.0,13.0,A01
201300006030,0,7,0,0.0,2.0,3.0,19.0,A01
201300006030,0,30,0,0.0,2.0,1.0,1.0,B02
201300006031,0,31,0,0.0,2.0,1.0,1.0,B02
201300006031,0,7,0,0.0,2.0,3.0,15.0,A01
201300006032,0,1,0,0.0,2.0,7.0,1.0,A01
201300006032,0,7,0,0.0,2.0,8.0,1.0,B02
201300006033,0,7,0,0.0,0.0,1.0,1.0,A01
201300006034,2,7,0,0.0,1.0,2.0,1.0,A01
201300006035,0,7,0,6.0,0.0,1.0,1.0,A01
201300006036,0,7,0,13.0,0.0,1.0,1.0,A01
201300006037,0,7,0,0.0,2.0,1.0,13.0,A01
201300006037,0,7,0,0.0,2.0,1.0,1.0,B02
201300006038,0,7,0,13.0,0.0,3.0,1.0,A01
201300006039,0,7,0,0.0,2.0,2.0,2.0,A01
201300006039,0,1,0,0.0,2.0,0.0,2.0,B02
201300006040,0,33,0,14.0,0.0,2.0,1.0,A01
201300006041,0,1,0,0.0,2.0,1.0,1.0,B02
201300006041,0,7,0,0.0,0.0,7.0,1.0,A01
201300006042,0,7,0,2.0,0.0,1.0,1.0,A01
201300006043,0,7,0,8.0,0.0,7.0,13.0,A01
201300006044,0,7,0,2.0,0.0,7.0,1.0,A01
201300006045,0,7,0,0.0,1.0,3.0,1.0,A01
201300006046,0,7,0,0.0,2.0,8.0,1.0,C03
201300006046,0,7,0,0.0,2.0,3.0,1.0,B02
201300006046,0,7,0,0.0,2.0,3.0,17.0,A01
201300006047,0,7,0,6.0,0.0,2.0,13.0,A01
201300006048,0,7,0,0.0,2.0,4.0,23.0,C03
201300006048,0,7,0,0.0,2.0,4.0,23.0,B02
201300006048,0,7,0,0.0,2.0,1.0,2.0,A01
201300006049,0,3,0,0.0,1.0,1.0,20.0,A01
201300006050,0,7,0,0.0,2.0,1.0,13.0,A01
201300006050,0,7,0,0.0,2.0,1.0,1.0,B02
201300006051,0,7,0,0.0,2.0,1.0,2.0,A01
201300006051,0,7,0,0.0,1.0,1.0,2.0,B02
201300006052,0,33,0,3.0,0.0,1.0,6.0,A01
201300006053,0,2,0,0.0,2.0,1.0,1.0,A01
201300006053,0,7,0,0.0,9.0,1.0,1.0,B02
201300006054,0,7,0,0.0,2.0,3.0,16.0,A01
201300006054,0,14,0,0.0,2.0,3.0,1.0,B02
201300006055,0,7,0,16.0,0.0,1.0,0.0,A01
201300006056,0,2,0,0.0,2.0,1.0,1.0,B02
201300006056,0,7,0,0.0,2.0,7.0,15.0,A01
201300006057,0,7,0,0.0,2.0,3.0,1.0,A01
201300006057,0,7,0,0.0,2.0,3.0,15.0,B02
201300006058,0,7,0,2.0,0.0,1.0,1.0,A01
201300006059,0,7,0,0.0,1.0,1.0,1.0,A01
201300006060,0,7,0,2.0,0.0,9.0,13.0,A01
201300006061,0,7,0,0.0,2.0,7.0,15.0,A01
201300006061,0,33,0,0.0,2.0,1.0,1.0,B02
201300006062,0,7,0,0.0,2.0,1.0,15.0,A01
201300006062,0,33,0,0.0,2.0,1.0,1.0,B02
201300006063,0,7,0,0.0,1.0,1.0,1.0,A01
201300006064,0,35,0,15.0,0.0,1.0,1.0,A01
201300006065,0,10,0,0.0,2.0,2.0,17.0,A01
201300006065,0,7,0,15.0,2.0,8.0,15.0,B02
201300006066,0,7,0,6.0,0.0,7.0,1.0,A01
201300006067,0,7,0,6.0,0.0,8.0,1.0,A01
201300006068,0,7,0,0.0,1.0,1.0,1.0,A01
201300006069,0,37,42,3.0,0.0,2.0,21.0,A01
201300006070,0,7,0,0.0,2.0,2.0,1.0,A01
201300006070,0,7,0,0.0,2.0,3.0,15.0,B02
201300006071,0,7,0,0.0,2.0,8.0,19.0,B02
201300006071,0,7,0,0.0,2.0,2.0,1.0,A01
201300006072,0,33,0,0.0,0.0,9.0,1.0,A01
201300006073,0,7,0,0.0,2.0,1.0,15.0,A01
201300006073,0,30,0,0.0,2.0,8.0,1.0,B02
201300006074,0,7,0,0.0,0.0,2.0,0.0,B02
201300006074,0,7,0,0.0,0.0,1.0,0.0,A01
201300006075,0,33,0,0.0,2.0,1.0,1.0,B02
201300006075,0,7,0,0.0,2.0,3.0,21.0,A01
201300006076,0,7,0,1.0,0.0,3.0,1.0,A01
201300006077,0,7,0,0.0,2.0,1.0,13.0,A01
201300006077,0,7,0,0.0,2.0,1.0,1.0,B02
201300006078,0,7,0,0.0,2.0,1.0,15.0,A01
201300006078,0,7,0,0.0,2.0,1.0,1.0,B02
201300006079,0,17,0,0.0,2.0,8.0,1.0,A01
201300006079,0,7,0,0.0,2.0,3.0,1.0,B02
201300006080,0,7,0,0.0,2.0,3.0,1.0,A01
201300006080,0,7,0,0.0,2.0,3.0,1.0,B02
201300006081,0,3,0,0.0,1.0,5.0,4.0,A01
201300006082,0,30,0,13.0,0.0,1.0,1.0,A01
201300006083,0,7,0,16.0,0.0,0.0,1.0,A01
201300006084,0,7,0,2.0,0.0,1.0,1.0,A01
201300006085,0,7,0,0.0,2.0,5.0,15.0,A01
201300006085,0,33,0,0.0,2.0,7.0,1.0,B02
201300006086,0,7,0,8.0,0.0,3.0,1.0,A01
201300006087,0,30,0,12.0,0.0,2.0,1.0,A01
201300006088,0,7,0,2.0,0.0,1.0,1.0,A01
201300006089,0,7,0,0.0,2.0,8.0,9.0,A01
201300006089,0,1,0,0.0,2.0,1.0,1.0,B02
201300006090,0,10,0,0.0,1.0,1.0,1.0,A01
201300006091,0,7,0,0.0,2.0,3.0,1.0,B02
201300006091,0,7,0,0.0,2.0,1.0,1.0,C03
201300006091,0,7,0,0.0,2.0,3.0,13.0,A01
201300006092,0,7,0,0.0,1.0,5.0,20.0,A01
201300006093,0,7,0,0.0,0.0,4.0,0.0,A01
201300006093,0,7,0,0.0,2.0,1.0,1.0,B02
201300006094,0,7,0,0.0,0.0,5.0,15.0,A01
201300006094,0,33,0,0.0,2.0,1.0,1.0,B02
201300006095,0,7,0,0.0,2.0,2.0,10.0,A01
201300006095,0,34,0,0.0,2.0,3.0,1.0,B02
201300006096,0,33,0,0.0,0.0,1.0,0.0,A01
201300006097,0,7,0,1.0,2.0,8.0,2.0,A01
201300006097,0,1,0,0.0,0.0,1.0,1.0,B02
201300006098,0,7,0,0.0,9.0,3.0,11.0,A01
201300006098,0,1,0,0.0,2.0,1.0,1.0,B02
201300006099,0,1,0,0.0,2.0,2.0,17.0,B02
201300006099,0,7,0,0.0,2.0,6.0,11.0,A01
201300006100,0,30,0,0.0,2.0,3.0,1.0,B02
201300006100,0,7,0,0.0,2.0,3.0,13.0,A01
201300006101,0,7,0,13.0,0.0,3.0,1.0,A01
201300006102,0,7,0,0.0,2.0,2.0,1.0,B01
201300006102,0,7,0,0.0,2.0,3.0,1.0,A02
201300006103,0,33,0,0.0,0.0,7.0,1.0,A01
201300006104,0,7,0,0.0,1.0,1.0,1.0,A01
201300006105,0,7,0,13.0,0.0,1.0,1.0,A01
201300006106,0,10,0,0.0,2.0,3.0,1.0,A01
201300006106,0,1,0,0.0,2.0,1.0,19.0,B02
201300006107,0,7,0,0.0,2.0,7.0,11.0,B02
201300006107,0,33,0,0.0,2.0,1.0,1.0,A01
201300006108,0,7,0,0.0,2.0,3.0,2.0,A01
201300006108,0,33,0,0.0,2.0,7.0,16.0,B02
201300006109,0,7,0,13.0,0.0,1.0,1.0,A01
201300006110,0,7,0,2.0,0.0,9.0,1.0,A01
201300006111,0,7,0,0.0,2.0,1.0,1.0,A01
201300006111,0,1,0,0.0,0.0,1.0,0.0,B02
201300006112,0,7,0,0.0,2.0,3.0,1.0,A01
201300006112,0,1,0,,2.0,,1.0,A02
201300006113,0,7,0,0.0,2.0,1.0,1.0,A01
201300006113,0,10,0,0.0,2.0,1.0,1.0,B02
201300006114,0,10,0,8.0,0.0,2.0,1.0,A01
201300006115,0,7,0,0.0,1.0,6.0,4.0,A01
201300006116,0,7,0,0.0,2.0,2.0,1.0,A01
201300006116,0,1,0,0.0,2.0,1.0,1.0,B02
201300006117,0,3,0,0.0,0.0,9.0,1.0,A01
201300006118,0,30,0,0.0,2.0,8.0,1.0,A01
201300006118,0,3,0,0.0,2.0,7.0,17.0,B02
201300006119,0,7,0,2.0,0.0,2.0,1.0,A01
201300006120,0,7,0,0.0,2.0,7.0,15.0,A01
201300006120,0,2,0,0.0,2.0,1.0,1.0,B02
201300006121,0,7,0,2.0,0.0,1.0,1.0,A01
201300006122,0,7,0,0.0,2.0,3.0,13.0,B01
201300006122,0,30,0,0.0,2.0,1.0,1.0,A02
201300006123,0,7,0,1.0,0.0,6.0,23.0,A01
201300006123,0,7,0,1.0,1.0,2.0,21.0,B02
201300006124,0,7,0,0.0,2.0,2.0,15.0,A01
201300006124,0,33,0,0.0,2.0,1.0,1.0,B02
201300006125,0,33,0,13.0,0.0,0.0,1.0,A01
201300006126,0,7,0,0.0,2.0,3.0,13.0,A01
201300006126,0,7,0,0.0,2.0,3.0,1.0,B02
201300006126,0,7,0,0.0,2.0,2.0,1.0,C03
201300006127,0,7,0,0.0,2.0,1.0,1.0,A01
201300006127,0,1,0,0.0,2.0,1.0,13.0,B02
201300006128,0,7,0,2.0,0.0,1.0,1.0,A01
201300006129,0,7,0,0.0,1.0,1.0,1.0,A01
201300006130,0,33,0,0.0,2.0,1.0,17.0,A01
201300006130,0,7,0,0.0,2.0,8.0,15.0,B02
201300006131,0,7,0,0.0,2.0,1.0,5.0,A01
201300006131,0,10,0,0.0,2.0,1.0,1.0,B02
201300006132,0,7,0,0.0,2.0,8.0,13.0,A01
201300006132,0,15,0,0.0,2.0,3.0,1.0,B02
201300006133,0,2,0,0.0,2.0,1.0,1.0,A01
201300006133,0,10,0,0.0,0.0,2.0,19.0,B02
201300006134,0,7,0,10.0,0.0,1.0,1.0,A01
201300006135,0,7,0,0.0,0.0,1.0,13.0,A01
201300006135,0,7,0,0.0,2.0,1.0,1.0,B02
201300006136,0,1,0,0.0,0.0,1.0,1.0,B02
201300006136,0,10,0,0.0,0.0,3.0,9.0,A01
201300006137,0,7,0,0.0,2.0,7.0,15.0,A01
201300006137,0,33,0,0.0,2.0,7.0,1.0,B02
201300006138,0,1,0,0.0,2.0,8.0,15.0,A01
201300006138,0,7,0,0.0,2.0,1.0,17.0,B02
201300006139,1,7,0,0.0,1.0,3.0,15.0,A01
201300006140,0,7,0,0.0,2.0,2.0,13.0,A01
201300006140,0,2,0,0.0,2.0,1.0,1.0,B02
201300006141,0,7,0,8.0,0.0,2.0,17.0,A01
201300006142,0,7,0,0.0,2.0,3.0,13.0,A01
201300006142,0,7,0,0.0,2.0,3.0,1.0,B02
201300006143,0,7,0,0.0,1.0,2.0,21.0,A01
201300006144,0,7,0,0.0,2.0,3.0,1.0,A01
201300006144,0,31,0,0.0,2.0,1.0,1.0,B02
201300006145,0,2,0,13.0,0.0,2.0,1.0,A01
201300006146,0,7,0,0.0,0.0,3.0,9.0,A01
201300006146,0,7,0,8.0,2.0,1.0,1.0,B02
201300006147,0,7,0,2.0,0.0,9.0,1.0,A01
201300006148,1,7,0,0.0,1.0,3.0,1.0,A01
201300006149,0,7,0,13.0,0.0,1.0,1.0,A01
201300006150,0,7,0,15.0,0.0,8.0,0.0,A01
201300006151,0,7,0,0.0,1.0,4.0,23.0,A01
201300006151,0,7,0,14.0,2.0,1.0,2.0,B02
201300006152,0,7,0,0.0,2.0,3.0,13.0,A01
201300006152,0,15,0,0.0,2.0,3.0,1.0,B02
201300006153,0,33,0,14.0,0.0,1.0,1.0,A01
201300006153,0,7,0,0.0,2.0,1.0,1.0,B02
201300006154,0,7,0,0.0,2.0,2.0,1.0,A01
201300006154,0,1,0,0.0,2.0,1.0,5.0,B02
201300006155,0,7,0,0.0,2.0,5.0,13.0,A01
201300006155,0,7,0,0.0,2.0,1.0,1.0,B02
201300006156,0,7,0,6.0,0.0,1.0,17.0,A01
201300006157,0,7,0,0.0,2.0,3.0,13.0,A01
201300006157,0,7,0,0.0,2.0,3.0,1.0,B02
201300006158,0,7,0,0.0,0.0,5.0,14.0,A01
201300006158,0,7,0,0.0,2.0,1.0,1.0,B02
201300006159,0,7,0,2.0,0.0,3.0,1.0,A01
201300006160,0,7,0,9.0,0.0,2.0,0.0,A01
201300006161,0,33,0,0.0,2.0,8.0,13.0,A01
201300006161,0,7,0,0.0,2.0,3.0,1.0,B02
201300006161,0,33,0,14.0,0.0,1.0,0.0,C03
201300006162,0,33,0,0.0,2.0,1.0,17.0,A01
201300006162,0,7,0,0.0,2.0,3.0,15.0,B02
201300006163,0,7,0,0.0,2.0,7.0,17.0,A01
201300006163,0,7,0,0.0,2.0,8.0,17.0,B02
201300006163,0,7,0,0.0,2.0,1.0,1.0,C03
201300006164,0,7,0,2.0,0.0,1.0,19.0,A01
201300006165,0,2,0,0.0,2.0,1.0,1.0,B02
201300006165,0,7,0,0.0,2.0,1.0,13.0,A01
201300006166,0,7,0,0.0,1.0,1.0,2.0,A01
201300006167,0,10,0,0.0,2.0,3.0,14.0,A01
201300006167,0,10,0,0.0,2.0,3.0,1.0,B02
201300006167,0,10,0,0.0,2.0,1.0,2.0,C03
201300006167,0,10,0,0.0,2.0,3.0,1.0,D04
201300006168,0,7,0,0.0,2.0,1.0,17.0,A01
201300006168,0,7,0,0.0,2.0,1.0,1.0,B02
201300006169,0,7,0,0.0,2.0,1.0,1.0,B02
201300006169,0,2,0,0.0,2.0,7.0,5.0,A01
201300006170,0,33,0,0.0,2.0,1.0,17.0,A01
201300006170,0,7,0,0.0,0.0,3.0,15.0,B02
201300006171,0,7,0,2.0,0.0,8.0,1.0,A01
201300006172,0,1,0,0.0,0.0,4.0,1.0,B02
201300006172,0,7,0,0.0,2.0,2.0,1.0,A01
201300006173,0,7,0,0.0,1.0,1.0,1.0,A01
201300006174,0,10,0,13.0,0.0,7.0,14.0,A01
201300006175,0,2,0,0.0,0.0,1.0,17.0,A01
201300006175,0,21,0,0.0,2.0,6.0,15.0,B02
201300006176,0,33,0,13.0,0.0,8.0,1.0,A01
201300006177,0,7,0,0.0,2.0,3.0,15.0,A01
201300006177,0,33,0,0.0,2.0,1.0,1.0,B02
201300006178,0,7,0,0.0,2.0,8.0,19.0,A01
201300006178,0,7,0,0.0,2.0,1.0,1.0,B02
201300006179,0,7,0,0.0,1.0,3.0,16.0,A01
201300006180,0,7,0,1.0,0.0,2.0,1.0,A01
201300006181,0,21,0,0.0,2.0,1.0,15.0,A01
201300006181,0,33,0,0.0,2.0,1.0,1.0,B02
201300006182,0,7,0,0.0,2.0,3.0,1.0,A01
201300006182,0,7,0,0.0,2.0,3.0,1.0,B02
201300006183,0,7,0,0.0,2.0,1.0,1.0,B02
201300006183,0,7,0,0.0,2.0,1.0,5.0,A01
201300006184,0,7,0,2.0,0.0,1.0,1.0,A01
201300006185,0,2,0,0.0,2.0,1.0,1.0,B02
201300006185,0,7,0,0.0,2.0,7.0,1.0,A01
201300006186,0,7,0,0.0,2.0,2.0,15.0,A01
201300006186,0,33,0,0.0,2.0,7.0,1.0,B02
201300006187,0,7,0,2.0,0.0,9.0,1.0,A01
201300006188,0,10,0,0.0,1.0,3.0,15.0,A01
201300006189,0,7,0,0.0,2.0,6.0,4.0,A01
201300006189,0,30,0,0.0,2.0,1.0,1.0,B02
201300006190,0,33,0,0.0,2.0,1.0,1.0,B02
201300006190,0,7,0,0.0,2.0,2.0,15.0,A01
201300006191,0,7,0,3.0,0.0,9.0,1.0,A01
201300006192,0,1,0,0.0,2.0,1.0,19.0,A01
201300006192,0,7,0,0.0,2.0,2.0,1.0,B02
201300006193,0,7,0,2.0,0.0,2.0,1.0,A01
201300006194,0,7,0,0.0,2.0,1.0,1.0,C03
201300006194,0,14,0,0.0,2.0,1.0,1.0,B02
201300006194,0,7,0,0.0,2.0,1.0,1.0,A01
201300006195,0,7,0,0.0,1.0,2.0,1.0,A01
201300006196,0,30,0,15.0,0.0,1.0,1.0,A01
201300006197,0,7,0,0.0,0.0,3.0,1.0,A01
201300006197,0,1,0,0.0,0.0,8.0,0.0,B02
201300006198,0,7,0,1.0,2.0,1.0,0.0,A01
201300006198,0,7,0,1.0,0.0,1.0,1.0,B02
201300006199,0,7,0,0.0,1.0,3.0,15.0,A01
201300006200,0,7,0,0.0,1.0,2.0,16.0,A01
201300006201,0,7,0,0.0,0.0,4.0,0.0,B02
201300006201,0,10,0,0.0,2.0,2.0,2.0,A01
201300006202,0,7,0,2.0,0.0,1.0,1.0,A01
201300006203,0,7,0,0.0,9.0,1.0,5.0,A01
201300006204,0,7,0,2.0,0.0,0.0,1.0,A01
201300006205,0,33,0,0.0,2.0,2.0,2.0,B02
201300006205,0,1,0,0.0,2.0,8.0,13.0,A01
201300006206,0,7,0,0.0,1.0,6.0,1.0,A01
201300006207,0,7,0,0.0,2.0,4.0,2.0,B02
201300006207,0,15,0,0.0,2.0,1.0,2.0,A01
201300006207,0,7,0,0.0,2.0,4.0,2.0,C03
201300006207,0,7,0,0.0,0.0,4.0,2.0,E05
201300006207,0,7,0,0.0,2.0,4.0,2.0,D04
201300006208,0,33,0,0.0,2.0,0.0,17.0,A01
201300006209,0,32,0,0.0,2.0,1.0,1.0,A01
201300006209,0,7,0,0.0,2.0,8.0,20.0,B02
201300006210,0,7,0,0.0,2.0,2.0,1.0,B02
201300006210,0,1,0,0.0,2.0,8.0,19.0,A01
201300006211,0,7,0,6.0,2.0,2.0,1.0,A01
201300006211,0,7,0,0.0,2.0,1.0,1.0,B02
201300006212,0,7,0,0.0,2.0,8.0,1.0,B02
201300006212,0,31,0,0.0,2.0,8.0,1.0,A01
201300006213,0,7,0,0.0,1.0,1.0,15.0,A01
201300006214,0,33,0,13.0,0.0,1.0,1.0,A01
201300006215,0,7,0,15.0,0.0,1.0,0.0,A01
201300006216,0,7,0,2.0,0.0,3.0,1.0,A01
201300006217,0,7,0,0.0,2.0,3.0,1.0,A01
201300006217,0,7,0,0.0,2.0,3.0,1.0,B02
201300006217,0,7,0,0.0,2.0,3.0,1.0,D04
201300006217,0,7,0,0.0,2.0,1.0,1.0,C03
201300006218,0,7,0,0.0,0.0,3.0,13.0,A01
201300006218,0,7,0,0.0,0.0,3.0,21.0,B02
201300006219,0,7,0,9.0,0.0,1.0,1.0,A01
201300006220,0,1,0,0.0,2.0,0.0,1.0,B02
201300006220,0,10,0,0.0,9.0,3.0,17.0,A01
201300006221,0,7,0,0.0,2.0,2.0,1.0,A01
201300006221,0,7,0,0.0,2.0,3.0,1.0,B02
201300006222,0,7,0,0.0,2.0,4.0,2.0,B02
201300006222,0,7,0,0.0,2.0,1.0,2.0,A01
201300006223,0,10,0,2.0,0.0,1.0,0.0,A01
201300006224,0,7,0,0.0,0.0,4.0,0.0,A01
201300006224,0,7,0,0.0,0.0,1.0,2.0,B02
201300006225,0,7,0,0.0,2.0,3.0,1.0,A01
201300006225,0,1,0,0.0,2.0,1.0,19.0,B02
201300006226,0,10,0,6.0,0.0,3.0,2.0,A01
201300006227,0,1,0,0.0,2.0,5.0,19.0,A01
201300006227,0,7,0,0.0,2.0,3.0,16.0,B02