Num_Acc,senc,catv,occutc,obs,obsm,choc,manv,num_veh
201300006228,0,7,0,0.0,0.0,1.0,13.0,A01
201300006228,0,7,0,0.0,0.0,1.0,1.0,B02
201300006229,0,7,0,0.0,1.0,1.0,1.0,A01
201300006230,0,7,0,0.0,2.0,3.0,17.0,A01
201300006230,0,1,0,0.0,0.0,8.0,1.0,B02
201300006231,0,10,0,0.0,2.0,2.0,1.0,A01
201300006231,0,1,0,0.0,2.0,1.0,19.0,B02
201300006232,0,21,0,0.0,0.0,3.0,16.0,B02
201300006232,0,33,0,0.0,0.0,2.0,1.0,A01
201300006233,0,30,0,1.0,0.0,8.0,21.0,A01
201300006234,0,7,0,0.0,2.0,1.0,9.0,A01
201300006234,0,30,0,0.0,0.0,0.0,0.0,B02
201300006235,0,31,0,0.0,1.0,3.0,21.0,A01
201300006236,0,1,0,14.0,0.0,8.0,1.0,B02
201300006236,0,7,0,14.0,0.0,3.0,15.0,A01
201300006237,0,33,0,13.0,0.0,7.0,13.0,A01
201300006238,0,7,0,0.0,2.0,1.0,1.0,A01
201300006238,0,7,0,0.0,2.0,4.0,1.0,C03
201300006238,0,7,0,0.0,2.0,5.0,1.0,B02
201300006239,0,1,0,0.0,1.0,1.0,5.0,A01
201300006240,0,7,0,0.0,2.0,3.0,1.0,A01
201300006240,0,7,0,0.0,2.0,3.0,1.0,B02
201300006241,0,7,0,2.0,0.0,3.0,1.0,A01
201300006242,0,21,0,0.0,2.0,2.0,5.0,B02
201300006242,0,36,0,0.0,2.0,3.0,5.0,A01
201300006243,0,10,0,0.0,2.0,2.0,1.0,A01
201300006243,0,10,0,0.0,2.0,3.0,1.0,B02
201300006244,0,7,0,0.0,2.0,3.0,13.0,A01
201300006244,0,7,0,0.0,2.0,3.0,1.0,B02
201300006245,0,7,0,0.0,2.0,1.0,1.0,A01
201300006245,0,33,0,0.0,2.0,6.0,15.0,B02
201300006246,0,33,0,0.0,2.0,1.0,1.0,B02
201300006246,0,33,0,0.0,2.0,1.0,13.0,A01
201300006246,0,33,0,0.0,2.0,1.0,1.0,C03
201300006247,0,7,0,2.0,0.0,6.0,13.0,A01
201300006248,0,7,0,6.0,0.0,1.0,15.0,A01
201300006249,0,7,0,14.0,0.0,2.0,15.0,A01
201300006249,0,33,0,14.0,0.0,1.0,1.0,B02
201300006250,0,33,0,2.0,0.0,2.0,0.0,A01
201300006251,0,7,0,4.0,0.0,1.0,1.0,A01
201300006252,0,7,0,0.0,1.0,2.0,1.0,A01
201300006253,0,7,0,0.0,1.0,2.0,1.0,A01
201300006254,0,7,0,0.0,2.0,1.0,1.0,B02
201300006254,0,7,0,0.0,2.0,1.0,13.0,A01
201300006255,0,7,0,0.0,2.0,1.0,17.0,A01
201300006255,0,10,0,0.0,2.0,1.0,1.0,B02
201300006256,0,31,0,13.0,0.0,1.0,1.0,A01
201300006257,0,7,0,0.0,2.0,8.0,1.0,C03
201300006257,0,7,0,0.0,2.0,3.0,1.0,D04
201300006257,0,7,0,0.0,2.0,1.0,13.0,A01
201300006257,0,7,0,0.0,2.0,8.0,1.0,B02
201300006257,0,7,0,0.0,2.0,1.0,1.0,E05
201300006258,0,7,0,2.0,0.0,2.0,1.0,A01
201300006259,0,10,0,0.0,2.0,3.0,10.0,A01
201300006259,0,15,0,0.0,2.0,2.0,1.0,B02
201300006260,0,15,0,0.0,2.0,2.0,1.0,A01
201300006260,0,7,0,0.0,2.0,8.0,19.0,B02
201300006261,0,7,0,0.0,1.0,3.0,1.0,A01
201300006262,0,7,0,0.0,2.0,1.0,5.0,B02
201300006262,0,7,0,0.0,2.0,3.0,1.0,A01
201300006263,0,7,0,0.0,2.0,7.0,13.0,A01
201300006263,0,14,0,0.0,2.0,3.0,1.0,B02
201300006264,0,7,0,2.0,0.0,1.0,1.0,A01
201300006265,0,14,0,2.0,0.0,2.0,1.0,A01
201300006266,0,7,0,2.0,0.0,3.0,17.0,A01
201300006267,0,33,0,0.0,2.0,3.0,21.0,A01
201300006268,0,7,0,2.0,0.0,8.0,17.0,A01
201300006268,0,7,0,13.0,0.0,2.0,21.0,B02
201300006269,0,7,0,0.0,2.0,2.0,1.0,B02
201300006269,0,2,0,0.0,2.0,8.0,9.0,A01
201300006270,0,7,0,2.0,0.0,0.0,1.0,A01
201300006271,0,7,0,0.0,1.0,2.0,2.0,A01
201300006272,0,1,0,0.0,1.0,1.0,0.0,A01
201300006273,0,7,0,0.0,1.0,2.0,1.0,A01
201300006274,0,7,0,13.0,0.0,3.0,1.0,A01
201300006275,0,2,0,0.0,2.0,1.0,1.0,C03
201300006275,0,2,0,0.0,2.0,7.0,21.0,B02
201300006275,0,7,0,0.0,2.0,8.0,20.0,A01
201300006276,0,34,0,0.0,2.0,1.0,1.0,B02
201300006276,0,7,0,0.0,0.0,6.0,10.0,A01
201300006277,0,7,0,0.0,1.0,6.0,20.0,A01
201300006278,0,1,0,0.0,2.0,0.0,19.0,B02
201300006278,0,33,0,9.0,0.0,1.0,21.0,A01
201300006279,0,7,0,0.0,2.0,4.0,1.0,A01
201300006279,0,33,0,0.0,2.0,1.0,1.0,B02
201300006280,0,33,0,0.0,2.0,1.0,17.0,A01
201300006280,0,7,0,0.0,2.0,3.0,15.0,B02
201300006281,0,7,0,6.0,0.0,1.0,1.0,A01
201300006282,0,7,0,0.0,1.0,1.0,1.0,A01
201300006283,0,7,0,2.0,0.0,8.0,14.0,A01
201300006284,0,7,0,0.0,2.0,1.0,17.0,A01
201300006284,0,33,0,0.0,2.0,1.0,1.0,B02
201300006285,0,7,0,2.0,0.0,1.0,1.0,A01
201300006286,0,7,0,2.0,0.0,1.0,1.0,A01
201300006287,0,1,0,14.0,0.0,1.0,1.0,A01
201300006288,0,33,0,0.0,2.0,1.0,1.0,B02
201300006288,0,7,0,0.0,2.0,3.0,19.0,A01
201300006289,0,21,0,0.0,2.0,4.0,1.0,B02
201300006289,0,7,0,0.0,2.0,1.0,1.0,A01
201300006290,0,33,0,12.0,0.0,1.0,1.0,A01
201300006291,0,7,0,2.0,0.0,8.0,21.0,A01
201300006292,0,7,0,13.0,0.0,0.0,1.0,A01
201300006293,0,2,0,0.0,2.0,7.0,1.0,B02
201300006293,0,7,0,0.0,2.0,3.0,10.0,A01
201300006294,0,31,0,0.0,2.0,1.0,17.0,A01
201300006294,0,7,0,0.0,2.0,1.0,15.0,B02
201300006295,0,7,0,0.0,2.0,2.0,9.0,A01
201300006295,0,31,0,0.0,2.0,1.0,21.0,B02
201300006296,0,7,0,0.0,2.0,2.0,6.0,A01
201300006296,0,7,0,0.0,2.0,1.0,1.0,B02
201300006297,0,10,0,0.0,2.0,1.0,1.0,B02
201300006297,0,10,0,0.0,2.0,1.0,1.0,A01
201300006298,0,7,0,0.0,0.0,3.0,0.0,A01
201300006298,2,7,0,0.0,0.0,5.0,1.0,B02
201300006299,0,7,0,0.0,2.0,2.0,17.0,A01
201300006299,0,2,0,0.0,2.0,3.0,1.0,B02
201300006300,0,34,0,0.0,2.0,1.0,1.0,B02
201300006300,0,1,0,0.0,2.0,7.0,1.0,A01
201300006301,0,31,0,0.0,2.0,1.0,1.0,B02
201300006301,0,7,0,0.0,2.0,3.0,20.0,A01
201300006302,0,7,0,0.0,1.0,1.0,15.0,A01
201300006303,0,7,0,2.0,6.0,1.0,14.0,A01
201300006304,0,7,0,0.0,1.0,3.0,15.0,A01
201300006305,0,38,0,11.0,2.0,1.0,0.0,A01
201300006305,0,7,0,0.0,0.0,8.0,1.0,B02
201300006306,0,7,0,0.0,2.0,6.0,2.0,B02
201300006306,0,7,0,0.0,2.0,3.0,5.0,C03
201300006306,0,33,0,0.0,2.0,1.0,17.0,A01
201300006307,0,7,0,0.0,2.0,3.0,17.0,A01
201300006307,0,2,0,0.0,2.0,1.0,1.0,B02
201300006308,0,7,0,14.0,0.0,2.0,1.0,A01
201300006309,0,7,0,0.0,2.0,3.0,1.0,B02
201300006309,0,20,0,0.0,2.0,3.0,13.0,A01
201300006310,0,10,0,0.0,0.0,7.0,1.0,A01
201300006310,0,10,0,0.0,2.0,2.0,1.0,B02
201300006311,0,7,0,0.0,2.0,3.0,23.0,B02
201300006311,0,7,0,0.0,2.0,3.0,16.0,A01
201300006312,0,33,0,0.0,2.0,1.0,1.0,A01
201300006312,0,7,0,0.0,2.0,8.0,1.0,B02
201300006313,0,7,0,2.0,0.0,8.0,13.0,A01
201300006314,0,33,0,13.0,0.0,1.0,1.0,A01
201300006315,0,7,0,0.0,2.0,2.0,17.0,B02
201300006315,0,21,0,0.0,2.0,3.0,15.0,A01
201300006316,0,7,0,2.0,0.0,1.0,1.0,A01
201300006317,0,31,0,0.0,2.0,1.0,13.0,A01
201300006317,0,33,0,0.0,2.0,1.0,0.0,B02
201300006318,0,7,0,13.0,0.0,3.0,0.0,A01
201300006319,0,7,0,0.0,2.0,1.0,1.0,A01
201300006319,0,7,0,0.0,2.0,1.0,1.0,B02
201300006320,0,7,0,0.0,1.0,2.0,1.0,A01
201300006321,0,7,0,2.0,0.0,1.0,14.0,A01
201300006322,0,7,0,0.0,2.0,3.0,1.0,A01
201300006323,0,7,0,2.0,0.0,6.0,1.0,A01
201300006324,0,7,0,0.0,0.0,6.0,23.0,A01
201300006324,0,7,0,0.0,2.0,2.0,2.0,B02
201300006325,0,7,0,1.0,2.0,6.0,15.0,A01
201300006325,0,2,0,0.0,2.0,1.0,1.0,B02
201300006326,0,7,0,0.0,2.0,2.0,1.0,A01
201300006326,0,1,0,0.0,2.0,1.0,1.0,B02
201300006327,0,7,0,0.0,2.0,1.0,5.0,A01
201300006327,0,7,0,0.0,2.0,3.0,1.0,B02
201300006328,0,7,0,2.0,0.0,3.0,0.0,A01
201300006329,0,7,0,0.0,1.0,3.0,2.0,A01
201300006330,0,30,0,0.0,0.0,7.0,1.0,A01
201300006331,0,7,0,0.0,9.0,0.0,1.0,A01
201300006331,0,1,0,0.0,2.0,7.0,1.0,B02
201300006332,0,7,0,2.0,0.0,1.0,1.0,A01
201300006333,2,10,0,2.0,0.0,7.0,14.0,A01
201300006334,0,2,0,0.0,2.0,1.0,1.0,B02
201300006334,0,7,0,0.0,2.0,3.0,10.0,A01
201300006335,0,7,0,1.0,0.0,1.0,0.0,B02
201300006335,0,10,0,0.0,0.0,2.0,13.0,A01
201300006336,0,7,0,0.0,2.0,3.0,1.0,B02
201300006336,0,7,0,0.0,2.0,3.0,13.0,A01
201300006337,0,10,0,0.0,0.0,0.0,1.0,A01
201300006338,0,10,0,0.0,2.0,2.0,1.0,A01
201300006338,0,1,0,0.0,0.0,4.0,1.0,C03
201300006338,0,1,0,0.0,0.0,4.0,1.0,B02
201300006339,0,7,0,0.0,2.0,1.0,1.0,B02
201300006339,0,7,0,0.0,2.0,1.0,1.0,A01
201300006340,0,7,0,0.0,2.0,7.0,1.0,B02
201300006340,0,2,0,0.0,2.0,1.0,1.0,A01
201300006341,0,7,0,0.0,2.0,1.0,13.0,A01
201300006341,0,7,0,0.0,2.0,1.0,0.0,B02
201300006342,0,7,0,0.0,2.0,1.0,5.0,B02
201300006342,0,7,0,0.0,2.0,2.0,21.0,A01
201300006343,0,7,0,2.0,0.0,3.0,1.0,A01
201300006344,0,7,0,0.0,2.0,8.0,1.0,A01
201300006344,0,33,0,0.0,2.0,8.0,17.0,B02
201300006345,0,7,0,3.0,0.0,3.0,13.0,A01
201300006346,0,33,0,0.0,2.0,8.0,6.0,B02
201300006346,0,33,0,0.0,2.0,1.0,5.0,A01
201300006347,0,7,0,0.0,0.0,8.0,1.0,A01
201300006347,0,7,0,0.0,2.0,1.0,13.0,B02
201300006348,0,7,0,0.0,2.0,2.0,15.0,A01
201300006348,0,1,0,0.0,2.0,1.0,1.0,B02
201300006349,0,7,0,0.0,2.0,1.0,9.0,A01
201300006349,0,1,0,0.0,2.0,1.0,5.0,B02
201300006350,0,7,0,2.0,0.0,1.0,13.0,A01
201300006351,0,1,0,0.0,2.0,7.0,19.0,A01
201300006351,0,7,0,0.0,2.0,1.0,1.0,B02
201300006352,0,7,0,0.0,2.0,2.0,15.0,A01
201300006352,0,33,0,2.0,2.0,1.0,1.0,B02
201300006353,0,16,0,0.0,2.0,2.0,15.0,A01
201300006353,0,2,0,0.0,2.0,1.0,1.0,B02
201300006354,0,7,0,0.0,2.0,3.0,1.0,A01
201300006354,0,2,0,0.0,2.0,8.0,19.0,B02
201300006355,0,7,0,0.0,2.0,3.0,1.0,A01
201300006355,0,7,0,0.0,2.0,9.0,1.0,B02
201300006355,0,7,0,0.0,2.0,1.0,1.0,C03
201300006356,0,30,0,0.0,0.0,1.0,0.0,A01
201300006356,0,7,0,0.0,2.0,1.0,15.0,B02
201300006357,0,7,0,0.0,1.0,1.0,0.0,A01
201300006358,0,2,0,0.0,0.0,4.0,15.0,A01
201300006358,0,2,0,0.0,2.0,1.0,2.0,B02
201300006359,0,7,0,0.0,2.0,3.0,1.0,A01
201300006359,0,1,0,0.0,2.0,1.0,1.0,B02
201300006360,0,7,0,0.0,2.0,3.0,9.0,A01
201300006360,0,1,0,0.0,2.0,7.0,1.0,B02
201300006361,0,7,0,0.0,9.0,8.0,1.0,A01
201300006362,0,7,0,8.0,0.0,8.0,19.0,A01
201300006363,0,7,0,0.0,2.0,1.0,2.0,A01
201300006363,0,7,0,0.0,0.0,6.0,1.0,B02
201300006364,0,2,0,1.0,0.0,7.0,1.0,A01
201300006364,0,2,0,0.0,2.0,1.0,1.0,B02
201300006365,0,7,0,0.0,2.0,8.0,19.0,A01
201300006365,0,33,0,0.0,2.0,1.0,1.0,B02
201300006366,0,33,0,0.0,2.0,1.0,13.0,A01
201300006366,0,7,0,0.0,2.0,3.0,1.0,B02
201300006367,0,7,0,0.0,1.0,3.0,1.0,A01
201300006368,0,33,0,0.0,9.0,7.0,16.0,A01
201300006368,0,1,0,0.0,2.0,8.0,16.0,B02
201300006369,0,7,0,0.0,9.0,4.0,4.0,A01
201300006369,0,1,0,0.0,2.0,2.0,1.0,B02
201300006370,0,7,0,0.0,2.0,7.0,10.0,A01
201300006370,0,7,0,0.0,2.0,1.0,1.0,B02
201300006371,0,30,0,0.0,1.0,1.0,1.0,A01
201300006372,0,7,0,0.0,2.0,1.0,1.0,A01
201300006372,0,7,0,0.0,2.0,1.0,13.0,B02
201300006373,0,7,0,2.0,0.0,1.0,1.0,A01
201300006374,0,7,0,0.0,2.0,2.0,15.0,A01
201300006374,0,33,0,0.0,2.0,1.0,1.0,B02
201300006375,0,3,0,0.0,9.0,1.0,1.0,A01
201300006375,0,1,0,0.0,2.0,6.0,15.0,B02
201300006376,0,7,0,6.0,0.0,3.0,20.0,A01
201300006377,0,7,0,2.0,0.0,3.0,1.0,A01
201300006378,0,7,0,0.0,2.0,5.0,13.0,A01
201300006378,0,7,0,0.0,2.0,5.0,21.0,B02
201300006379,0,7,0,0.0,1.0,3.0,1.0,A01
201300006380,0,7,0,2.0,0.0,3.0,1.0,A01
201300006381,0,7,0,0.0,2.0,3.0,19.0,A01
201300006381,0,7,0,0.0,2.0,2.0,1.0,B02
201300006382,0,13,0,0.0,2.0,3.0,17.0,A01
201300006382,0,7,0,0.0,2.0,3.0,15.0,B02
201300006383,0,10,0,2.0,0.0,3.0,1.0,A01
201300006384,0,7,0,0.0,0.0,8.0,15.0,A01
201300006384,0,33,0,0.0,2.0,1.0,1.0,B02
201300006385,0,7,0,2.0,0.0,8.0,17.0,A01
201300006385,0,15,0,0.0,0.0,0.0,1.0,B02
201300006386,0,7,0,0.0,2.0,7.0,15.0,A01
201300006386,0,7,0,0.0,2.0,1.0,1.0,B02
201300006387,0,7,0,2.0,0.0,8.0,1.0,A01
201300006388,0,2,0,0.0,0.0,1.0,0.0,B02
201300006388,0,1,0,0.0,0.0,1.0,1.0,A01
201300006389,0,33,0,2.0,0.0,1.0,15.0,A01
201300006390,0,33,0,0.0,2.0,1.0,1.0,B02
201300006390,0,10,0,0.0,2.0,7.0,1.0,A01
201300006391,0,35,0,0.0,0.0,0.0,1.0,A01
201300006392,0,3,0,0.0,2.0,3.0,13.0,A01
201300006392,0,7,0,0.0,2.0,3.0,1.0,B02
201300006393,0,30,0,0.0,0.0,0.0,1.0,A01
201300006394,0,7,0,8.0,2.0,1.0,1.0,A01
201300006394,0,7,0,0.0,2.0,2.0,1.0,B02
201300006395,0,1,0,0.0,2.0,1.0,1.0,A01
201300006395,0,7,0,0.0,2.0,2.0,1.0,B02
201300006396,0,7,0,13.0,0.0,1.0,13.0,A01
201300006397,0,15,0,14.0,1.0,2.0,21.0,A01
201300006398,0,14,0,0.0,2.0,3.0,0.0,A01
201300006398,0,33,0,0.0,2.0,1.0,13.0,B02
201300006399,0,7,0,0.0,2.0,2.0,15.0,A01
201300006399,0,1,0,0.0,2.0,1.0,1.0,B02
201300006400,0,30,0,0.0,2.0,1.0,1.0,A01
201300006400,0,14,0,0.0,2.0,7.0,1.0,B02
201300006401,0,7,0,0.0,2.0,1.0,13.0,A01
201300006401,0,7,0,0.0,2.0,1.0,1.0,B02
201300006402,0,7,0,2.0,0.0,1.0,14.0,A01
201300006403,0,21,0,0.0,0.0,3.0,11.0,A01
201300006403,0,7,0,0.0,2.0,7.0,17.0,B02
201300006404,0,33,0,0.0,2.0,1.0,1.0,B02
201300006404,0,33,0,0.0,2.0,1.0,1.0,A01
201300006404,0,7,0,0.0,2.0,2.0,1.0,C03
201300006405,0,7,0,6.0,0.0,1.0,1.0,A01
201300006406,0,7,0,0.0,2.0,1.0,1.0,A01
201300006406,0,7,0,0.0,2.0,1.0,5.0,B02
201300006407,0,7,0,11.0,0.0,1.0,1.0,A01
201300006408,0,7,0,0.0,2.0,1.0,1.0,B02
201300006408,0,7,0,0.0,2.0,1.0,1.0,A01
201300006409,0,7,0,0.0,2.0,7.0,13.0,A01
201300006409,0,7,0,0.0,2.0,1.0,1.0,B02
201300006410,0,33,0,0.0,6.0,1.0,1.0,A01
201300006411,0,21,0,0.0,2.0,1.0,19.0,A01
201300006411,0,33,0,0.0,2.0,8.0,21.0,B02
201300006412,0,7,0,0.0,2.0,3.0,17.0,A01
201300006412,0,7,0,0.0,2.0,8.0,1.0,B02
201300006413,0,7,0,13.0,0.0,1.0,1.0,A01
201300006414,0,33,0,16.0,0.0,1.0,1.0,A01
201300006415,0,33,0,13.0,0.0,1.0,1.0,A01
201300006416,0,14,0,2.0,0.0,2.0,1.0,A01
201300006417,0,7,0,0.0,0.0,6.0,2.0,A01
201300006417,0,7,0,0.0,2.0,1.0,2.0,B02
201300006418,0,7,0,2.0,0.0,3.0,1.0,A01
201300006419,0,31,0,0.0,6.0,1.0,1.0,A01
201300006420,0,7,0,13.0,0.0,1.0,1.0,A01
201300006421,0,7,0,0.0,2.0,3.0,15.0,A01
201300006421,0,33,0,0.0,2.0,1.0,1.0,B02
201300006422,1,7,0,0.0,1.0,3.0,1.0,A01
201300006423,0,7,0,2.0,0.0,1.0,1.0,A01
201300006424,0,33,0,0.0,2.0,8.0,16.0,A01
201300006424,0,7,0,0.0,2.0,1.0,1.0,B02
201300006425,0,7,0,2.0,0.0,1.0,1.0,A01
201300006426,0,7,0,0.0,2.0,3.0,19.0,A01
201300006426,0,33,0,0.0,2.0,1.0,1.0,B02
201300006427,0,7,0,0.0,2.0,1.0,13.0,A01
201300006427,0,7,0,0.0,2.0,1.0,1.0,B02
201300006428,0,10,0,0.0,2.0,3.0,13.0,A01
201300006428,0,7,0,0.0,2.0,3.0,1.0,B02
201300006429,0,30,0,8.0,0.0,1.0,1.0,A01
201300006430,0,30,0,0.0,2.0,1.0,17.0,A01
201300006430,0,21,0,0.0,2.0,8.0,15.0,B02
201300006431,0,33,0,0.0,2.0,2.0,17.0,A01
201300006431,0,21,0,0.0,2.0,3.0,15.0,B02
201300006432,0,7,0,0.0,2.0,2.0,15.0,A01
201300006432,0,7,0,0.0,2.0,2.0,1.0,B02
201300006433,0,7,0,0.0,2.0,5.0,1.0,A01
201300006433,0,7,0,0.0,2.0,3.0,1.0,B02
201300006434,0,7,0,0.0,2.0,1.0,17.0,A01
201300006434,0,7,0,0.0,2.0,1.0,1.0,B02
201300006434,0,7,0,0.0,2.0,3.0,1.0,C03
201300006435,0,7,0,14.0,0.0,4.0,23.0,A01
201300006435,0,7,0,14.0,0.0,4.0,23.0,B02
201300006435,0,7,0,14.0,0.0,1.0,1.0,C03
201300006436,0,7,0,0.0,2.0,3.0,1.0,A01
201300006436,0,1,0,0.0,2.0,1.0,5.0,B02
201300006437,0,7,0,2.0,0.0,2.0,1.0,A01
201300006438,0,7,0,2.0,0.0,8.0,1.0,A01
201300006439,0,7,0,0.0,2.0,1.0,1.0,A01
201300006439,0,7,0,0.0,2.0,1.0,1.0,B02
201300006440,0,7,0,0.0,2.0,1.0,5.0,A01
201300006440,0,7,0,0.0,0.0,3.0,1.0,B02
201300006441,0,7,0,2.0,0.0,8.0,1.0,A01
201300006442,0,33,0,13.0,0.0,1.0,1.0,A01
201300006443,0,10,0,1.0,1.0,2.0,19.0,A01
201300006444,0,2,0,0.0,5.0,8.0,24.0,A01
201300006444,0,99,0,1.0,0.0,2.0,17.0,B02
201300006445,0,32,0,0.0,2.0,1.0,2.0,A01
201300006445,0,7,0,0.0,2.0,4.0,2.0,B02
201300006446,0,30,0,0.0,2.0,8.0,1.0,A01
201300006446,0,7,0,0.0,2.0,2.0,1.0,B02
201300006447,0,7,0,0.0,0.0,2.0,11.0,B02
201300006447,0,7,0,0.0,0.0,6.0,1.0,A01
201300006448,0,10,0,0.0,2.0,1.0,2.0,A01
201300006448,0,7,0,0.0,2.0,4.0,2.0,B02
201300006449,0,7,0,0.0,2.0,1.0,1.0,A01
201300006449,0,7,0,0.0,2.0,1.0,0.0,B02
201300006450,0,2,0,0.0,2.0,1.0,17.0,A01
201300006450,0,7,0,0.0,2.0,3.0,15.0,B02
201300006451,0,7,0,0.0,2.0,2.0,15.0,A01
201300006451,0,33,0,0.0,2.0,3.0,1.0,B02
201300006452,0,7,0,0.0,0.0,8.0,1.0,A01
201300006453,0,7,0,0.0,2.0,1.0,13.0,A01
201300006453,0,7,0,3.0,2.0,1.0,1.0,B02
201300006454,0,7,0,2.0,0.0,1.0,1.0,A01
201300006455,0,7,0,6.0,0.0,1.0,0.0,A01
201300006456,0,7,0,0.0,2.0,2.0,1.0,A01
201300006456,0,7,0,0.0,2.0,3.0,15.0,B02
201300006457,0,7,0,0.0,2.0,4.0,2.0,A01
201300006457,0,7,0,0.0,2.0,4.0,2.0,B02
201300006457,0,7,0,0.0,2.0,4.0,2.0,C03
201300006457,0,7,0,0.0,2.0,3.0,2.0,D04
201300006458,0,7,0,6.0,0.0,3.0,13.0,A01
201300006459,0,2,0,0.0,2.0,5.0,15.0,A01
201300006459,0,7,0,0.0,2.0,1.0,1.0,B02
201300006460,0,7,0,0.0,2.0,1.0,13.0,A01
201300006460,0,7,0,0.0,2.0,1.0,1.0,B02
201300006460,0,7,0,0.0,2.0,3.0,1.0,C03
201300006461,0,33,0,0.0,2.0,1.0,1.0,A01
201300006461,0,7,0,0.0,2.0,5.0,15.0,B02
201300006462,0,7,0,0.0,1.0,1.0,1.0,A01
201300006463,0,7,0,6.0,0.0,1.0,1.0,A01
201300006464,0,7,0,0.0,2.0,1.0,15.0,A01
201300006464,0,7,0,0.0,2.0,1.0,1.0,B02
201300006465,0,7,0,0.0,1.0,1.0,19.0,A01
201300006466,0,30,0,0.0,2.0,1.0,17.0,A01
201300006466,0,7,0,0.0,2.0,8.0,15.0,B02
201300006467,0,10,0,0.0,1.0,7.0,1.0,A01
201300006468,0,7,0,0.0,2.0,1.0,13.0,A01
201300006468,0,21,0,0.0,2.0,3.0,1.0,B02
201300006469,0,7,0,0.0,0.0,6.0,19.0,A01
201300006469,0,2,0,0.0,2.0,0.0,1.0,B02
201300006470,0,7,0,0.0,9.0,1.0,2.0,A01
201300006470,0,1,0,0.0,0.0,4.0,2.0,B02
201300006471,0,7,0,0.0,1.0,1.0,1.0,A01
201300006472,0,33,0,0.0,0.0,8.0,15.0,A01
201300006473,0,33,0,8.0,0.0,1.0,1.0,A01
201300006474,0,7,0,0.0,2.0,3.0,1.0,A01
201300006474,0,7,0,0.0,2.0,3.0,19.0,B02
201300006475,0,33,0,0.0,2.0,7.0,17.0,A01
201300006475,0,14,0,0.0,2.0,3.0,15.0,B02
201300006476,0,33,0,7.0,0.0,8.0,1.0,A01
201300006477,0,7,0,0.0,2.0,2.0,17.0,A01
201300006477,0,7,0,0.0,2.0,3.0,1.0,B02
201300006477,0,7,0,0.0,2.0,3.0,2.0,C03
201300006478,0,7,0,2.0,0.0,1.0,13.0,A01
201300006479,0,7,0,0.0,2.0,3.0,1.0,B02
201300006479,0,7,0,0.0,2.0,1.0,6.0,A01
201300006480,0,7,0,0.0,2.0,2.0,1.0,B02
201300006480,0,7,0,0.0,2.0,3.0,19.0,A01
201300006481,0,7,0,2.0,0.0,3.0,13.0,A01
201300006482,0,7,0,2.0,0.0,1.0,13.0,A01
201300006483,0,33,0,6.0,0.0,2.0,14.0,A01
201300006484,0,7,0,0.0,0.0,1.0,13.0,A01
201300006485,0,7,0,0.0,2.0,2.0,2.0,A01
201300006485,0,30,0,0.0,2.0,4.0,2.0,B02
201300006486,0,7,0,13.0,0.0,2.0,13.0,A01
201300006487,0,17,0,0.0,2.0,3.0,1.0,B02
201300006487,0,7,0,0.0,2.0,7.0,19.0,A01
201300006488,0,33,0,0.0,2.0,1.0,17.0,A01
201300006488,0,3,0,0.0,2.0,6.0,15.0,B02
201300006489,0,7,0,0.0,0.0,4.0,1.0,A01
201300006490,0,15,0,0.0,2.0,4.0,2.0,C03
201300006490,0,14,0,0.0,2.0,3.0,1.0,B02
201300006490,0,7,0,0.0,2.0,1.0,13.0,A01
201300006491,0,7,0,0.0,2.0,2.0,15.0,B02
201300006491,0,32,0,0.0,2.0,3.0,1.0,A01
201300006492,0,7,0,0.0,2.0,3.0,13.0,A01
201300006492,0,15,0,0.0,2.0,2.0,1.0,B02
201300006493,0,1,0,0.0,2.0,1.0,1.0,A01
201300006493,0,21,0,0.0,2.0,0.0,17.0,B02
201300006494,0,10,0,0.0,2.0,2.0,1.0,A01
201300006494,0,1,0,0.0,2.0,1.0,1.0,B02
201300006495,0,31,0,0.0,2.0,1.0,1.0,A01
201300006495,0,14,0,0.0,2.0,8.0,15.0,B02
201300006496,0,7,0,2.0,0.0,1.0,13.0,A01
201300006497,0,7,0,0.0,2.0,3.0,1.0,A01
201300006497,0,7,0,0.0,2.0,3.0,1.0,B02
201300006498,0,10,0,0.0,2.0,2.0,21.0,B02
201300006498,0,7,0,0.0,2.0,3.0,13.0,A01
201300006499,0,30,0,0.0,1.0,1.0,1.0,A01
201300006500,0,7,0,0.0,2.0,2.0,1.0,B01
201300006500,0,1,0,0.0,2.0,8.0,9.0,A02
201300006501,0,2,0,0.0,2.0,4.0,1.0,A01
201300006501,0,2,0,0.0,2.0,1.0,1.0,B02
201300006502,0,7,0,2.0,0.0,3.0,14.0,A01
201300006503,0,2,0,6.0,0.0,7.0,1.0,A01
201300006504,0,7,0,13.0,0.0,1.0,1.0,A01
201300006505,0,7,0,13.0,0.0,1.0,1.0,A01
201300006506,0,33,0,13.0,0.0,1.0,1.0,A01
201300006507,0,10,0,0.0,2.0,1.0,1.0,B02
201300006507,0,7,0,0.0,2.0,7.0,19.0,A01
201300006508,0,7,0,0.0,2.0,3.0,1.0,B02
201300006508,0,7,0,0.0,2.0,2.0,19.0,A01
201300006509,0,10,0,6.0,0.0,1.0,1.0,A01
201300006510,0,15,0,0.0,2.0,6.0,21.0,B02
201300006510,0,7,0,0.0,2.0,3.0,13.0,A01