Num_Acc,senc,catv,occutc,obs,obsm,choc,manv,num_veh
201300006511,0,33,0,3.0,2.0,1.0,17.0,A01
201300006511,0,15,0,0.0,0.0,6.0,9.0,B02
201300006512,0,2,0,0.0,2.0,1.0,1.0,B01
201300006512,0,2,0,0.0,2.0,1.0,1.0,A02
201300006513,0,33,0,0.0,2.0,8.0,1.0,B02
201300006513,0,7,0,0.0,2.0,2.0,15.0,A01
201300006514,0,7,0,0.0,0.0,9.0,13.0,A01
201300006515,0,15,0,0.0,2.0,3.0,1.0,B02
201300006515,0,7,0,0.0,2.0,1.0,13.0,A01
201300006516,0,7,0,0.0,1.0,7.0,1.0,A01
201300006517,0,10,0,13.0,0.0,1.0,1.0,A01
201300006518,0,17,0,1.0,0.0,1.0,14.0,A01
201300006518,0,17,0,0.0,2.0,3.0,24.0,B02
201300006518,0,17,0,0.0,2.0,4.0,24.0,C03
201300006519,0,33,0,16.0,0.0,7.0,1.0,A01
201300006520,0,7,0,2.0,0.0,1.0,1.0,A01
201300006521,0,10,0,0.0,0.0,1.0,2.0,A01
201300006521,0,7,0,0.0,0.0,6.0,2.0,B02
201300006522,0,31,0,15.0,0.0,1.0,1.0,A01
201300006523,0,33,0,0.0,2.0,1.0,1.0,B02
201300006523,0,7,0,0.0,2.0,3.0,1.0,A01
201300006524,0,7,0,8.0,0.0,1.0,21.0,A01
201300006525,0,7,0,13.0,0.0,3.0,13.0,A01
201300006526,0,7,0,0.0,2.0,1.0,1.0,C03
201300006526,0,15,0,0.0,2.0,2.0,1.0,A01
201300006527,0,7,0,0.0,2.0,1.0,1.0,A01
201300006527,0,3,0,3.0,2.0,7.0,9.0,B02
201300006528,0,14,0,0.0,2.0,1.0,1.0,B02
201300006528,0,10,0,0.0,2.0,2.0,1.0,A01
201300006529,0,15,0,0.0,2.0,7.0,13.0,A01
201300006529,0,7,0,0.0,2.0,2.0,1.0,B02
201300006530,0,7,0,6.0,0.0,3.0,1.0,A01
201300006531,0,7,0,0.0,2.0,3.0,1.0,B01
201300006531,0,7,0,0.0,2.0,2.0,19.0,A02
201300006532,0,7,0,13.0,0.0,9.0,13.0,A01
201300006533,0,7,0,0.0,2.0,2.0,1.0,A01
201300006533,0,17,0,0.0,2.0,4.0,4.0,B02
201300006534,0,7,0,0.0,2.0,3.0,1.0,B02
201300006534,0,10,0,0.0,2.0,2.0,1.0,A01
201300006535,0,17,0,15.0,0.0,3.0,21.0,A01
201300006536,0,15,0,0.0,2.0,3.0,1.0,B02
201300006536,0,7,0,0.0,2.0,1.0,1.0,A01
201300006537,0,7,0,0.0,2.0,1.0,1.0,D04
201300006537,0,7,0,0.0,0.0,4.0,15.0,C03
201300006537,0,7,0,0.0,2.0,4.0,14.0,B02
201300006537,0,15,0,0.0,2.0,3.0,1.0,A01
201300006538,0,33,0,8.0,2.0,1.0,1.0,A01
201300006538,0,7,0,0.0,2.0,3.0,19.0,B02
201300006539,0,30,0,0.0,2.0,6.0,15.0,A01
201300006539,0,7,0,0.0,2.0,2.0,1.0,B02
201300006540,0,7,0,0.0,2.0,3.0,13.0,A01
201300006540,0,17,0,0.0,2.0,3.0,1.0,B02
201300006541,0,7,0,0.0,2.0,1.0,1.0,C03
201300006541,0,15,0,7.0,2.0,1.0,1.0,B02
201300006541,0,7,0,0.0,2.0,1.0,1.0,A01
201300006542,0,7,0,0.0,0.0,0.0,0.0,A01
201300006543,0,7,0,4.0,0.0,3.0,1.0,A01
201300006544,0,7,0,0.0,2.0,1.0,13.0,A01
201300006544,0,7,0,0.0,2.0,3.0,1.0,B02
201300006545,0,33,0,0.0,2.0,1.0,1.0,A01
201300006545,0,7,0,0.0,2.0,5.0,2.0,B02
201300006546,0,7,0,0.0,2.0,2.0,1.0,A01
201300006546,0,1,0,0.0,2.0,4.0,1.0,B02
201300006547,0,1,0,0.0,2.0,4.0,2.0,B02
201300006547,0,7,0,0.0,2.0,2.0,2.0,A01
201300006548,0,7,0,0.0,0.0,4.0,23.0,B02
201300006548,0,33,0,0.0,2.0,1.0,1.0,A01
201300006549,0,17,0,0.0,2.0,3.0,1.0,B02
201300006549,0,10,0,0.0,2.0,1.0,13.0,A01
201300006550,0,31,0,0.0,2.0,1.0,1.0,B02
201300006550,0,7,0,0.0,2.0,3.0,15.0,A01
201300006551,0,7,0,2.0,0.0,0.0,1.0,A01
201300006552,0,10,0,0.0,2.0,3.0,1.0,B02
201300006552,0,7,0,0.0,2.0,3.0,13.0,A01
201300006553,0,7,0,0.0,2.0,1.0,15.0,A01
201300006553,0,2,0,0.0,2.0,1.0,1.0,B02
201300006554,0,7,0,0.0,2.0,1.0,13.0,A01
201300006554,0,7,0,0.0,0.0,3.0,1.0,B02
201300006555,0,30,0,16.0,0.0,2.0,0.0,A01
201300006556,0,2,0,0.0,0.0,8.0,10.0,A01
201300006556,0,7,0,0.0,2.0,1.0,17.0,B02
201300006557,0,7,0,0.0,1.0,1.0,1.0,A01
201300006558,0,15,0,13.0,0.0,3.0,1.0,A01
201300006559,0,7,0,10.0,0.0,2.0,1.0,A01
201300006560,0,7,0,14.0,0.0,1.0,1.0,A01
201300006561,0,1,0,1.0,,1.0,1.0,B02
201300006561,0,10,0,0.0,2.0,5.0,20.0,A01
201300006562,0,7,0,0.0,2.0,3.0,13.0,B02
201300006562,0,15,0,0.0,2.0,3.0,21.0,A01
201300006563,0,7,0,0.0,1.0,2.0,16.0,A01
201300006564,0,7,0,8.0,0.0,1.0,14.0,A01
201300006565,0,7,0,0.0,2.0,2.0,1.0,A01
201300006565,0,7,0,0.0,2.0,3.0,1.0,B02
201300006566,0,1,0,1.0,0.0,7.0,1.0,A01
201300006566,0,7,0,0.0,0.0,7.0,24.0,B02
201300006567,0,2,0,0.0,2.0,1.0,1.0,B02
201300006567,0,7,0,0.0,2.0,2.0,16.0,A01
201300006568,0,7,0,2.0,0.0,1.0,1.0,A01
201300006569,0,7,0,16.0,0.0,1.0,1.0,A01
201300006570,0,15,0,0.0,2.0,3.0,1.0,B02
201300006570,0,7,0,0.0,2.0,8.0,1.0,A01
201300006571,0,10,0,0.0,0.0,9.0,1.0,A01
201300006572,0,31,0,0.0,0.0,1.0,1.0,A01
201300006572,0,7,0,0.0,0.0,6.0,19.0,B02
201300006573,0,14,0,0.0,2.0,3.0,1.0,B02
201300006573,0,7,0,0.0,2.0,8.0,1.0,C03
201300006573,0,7,0,0.0,2.0,3.0,1.0,D04
201300006573,0,7,0,0.0,2.0,2.0,19.0,A01
201300006574,0,30,0,0.0,0.0,0.0,0.0,A01
201300006575,0,7,0,0.0,2.0,1.0,2.0,B02
201300006575,0,20,0,0.0,2.0,4.0,2.0,A01
201300006576,0,7,0,2.0,0.0,1.0,0.0,A01
201300006577,0,7,0,0.0,2.0,3.0,1.0,B02
201300006577,0,7,0,0.0,2.0,1.0,13.0,A01
201300006578,0,7,0,2.0,0.0,1.0,14.0,A01
201300006579,0,7,0,9.0,0.0,2.0,1.0,A01
201300006580,0,7,0,10.0,0.0,9.0,14.0,A01
201300006581,0,7,0,0.0,2.0,3.0,1.0,B02
201300006581,0,7,0,0.0,2.0,2.0,1.0,A01
201300006582,0,17,0,2.0,0.0,1.0,1.0,A01
201300006583,0,7,0,16.0,0.0,9.0,0.0,A01
201300006584,0,7,0,13.0,0.0,3.0,1.0,A01
201300006585,0,7,0,0.0,1.0,2.0,1.0,A01
201300006586,0,7,0,13.0,0.0,1.0,13.0,A01
201300006587,0,33,0,3.0,0.0,1.0,1.0,A01
201300006588,0,7,0,0.0,1.0,2.0,1.0,A01
201300006589,0,7,0,6.0,0.0,1.0,1.0,A01
201300006590,0,10,0,0.0,2.0,6.0,15.0,B02
201300006590,0,31,0,0.0,2.0,2.0,17.0,A01
201300006591,0,30,0,0.0,2.0,8.0,13.0,B02
201300006591,0,7,0,0.0,2.0,5.0,17.0,A01
201300006592,0,7,0,6.0,0.0,1.0,16.0,A01
201300006593,0,7,0,0.0,1.0,3.0,1.0,A01
201300006594,0,15,0,0.0,2.0,3.0,1.0,B02
201300006594,0,7,0,0.0,2.0,8.0,13.0,A01
201300006595,0,7,0,13.0,0.0,1.0,1.0,A01
201300006596,0,10,0,0.0,2.0,3.0,1.0,B02
201300006596,0,7,0,0.0,2.0,3.0,1.0,A01
201300006597,0,7,0,2.0,0.0,1.0,13.0,A01
201300006598,0,7,0,0.0,2.0,3.0,15.0,A01
201300006598,0,7,0,0.0,2.0,1.0,1.0,B02
201300006599,0,7,0,6.0,0.0,1.0,17.0,A01
201300006600,0,7,0,2.0,0.0,8.0,1.0,A01
201300006601,0,10,0,0.0,2.0,3.0,1.0,A01
201300006601,0,7,0,0.0,2.0,3.0,1.0,B02
201300006602,0,7,0,0.0,9.0,3.0,1.0,B02
201300006602,0,1,0,0.0,2.0,7.0,5.0,A01
201300006603,0,7,0,0.0,1.0,1.0,1.0,A01
201300006604,0,10,0,0.0,1.0,2.0,19.0,A01
201300006605,0,7,0,0.0,2.0,8.0,23.0,B02
201300006605,0,33,0,0.0,2.0,2.0,1.0,A01
201300006606,0,33,0,12.0,0.0,1.0,1.0,A01
201300006607,0,33,0,0.0,2.0,1.0,17.0,B02
201300006607,0,7,0,0.0,2.0,6.0,17.0,A01
201300006608,0,7,0,14.0,0.0,1.0,5.0,A01
201300006608,0,7,0,14.0,0.0,1.0,2.0,B02
201300006609,0,33,0,0.0,0.0,0.0,1.0,A01
201300006610,0,7,0,13.0,0.0,1.0,13.0,A01
201300006611,0,7,0,0.0,1.0,1.0,1.0,A01
201300006612,0,17,0,0.0,0.0,8.0,1.0,B02
201300006612,0,7,0,0.0,2.0,1.0,13.0,A01
201300006613,0,7,0,0.0,2.0,7.0,1.0,A01
201300006613,0,7,0,0.0,2.0,1.0,1.0,B02
201300006614,0,7,0,0.0,2.0,3.0,17.0,A01
201300006614,0,33,0,0.0,2.0,3.0,1.0,B02
201300006615,0,7,0,0.0,1.0,2.0,1.0,A01
201300006616,0,7,0,0.0,2.0,8.0,0.0,A01
201300006616,0,17,0,0.0,2.0,3.0,1.0,B02
201300006617,0,7,0,0.0,2.0,1.0,1.0,A01
201300006617,0,1,0,0.0,2.0,8.0,19.0,B02
201300006618,0,7,0,0.0,2.0,3.0,17.0,A01
201300006618,0,1,0,0.0,2.0,1.0,1.0,B02
201300006619,0,7,0,0.0,1.0,3.0,1.0,A01
201300006620,0,7,0,0.0,2.0,3.0,19.0,A01
201300006620,0,7,0,0.0,2.0,1.0,1.0,B02
201300006621,0,7,0,8.0,0.0,1.0,0.0,A01
201300006622,0,7,0,13.0,0.0,3.0,1.0,A01
201300006623,0,7,0,0.0,2.0,2.0,15.0,A01
201300006623,0,7,0,0.0,2.0,1.0,1.0,B02
201300006624,0,7,0,0.0,2.0,1.0,1.0,A01
201300006624,0,7,0,0.0,2.0,1.0,1.0,B02
201300006625,0,10,0,6.0,0.0,8.0,1.0,A01
201300006626,0,33,0,0.0,2.0,1.0,1.0,A01
201300006626,0,7,0,0.0,2.0,1.0,1.0,B02
201300006627,0,7,0,0.0,1.0,2.0,1.0,A01
201300006628,0,7,0,0.0,2.0,7.0,19.0,B02
201300006628,0,7,0,0.0,2.0,1.0,1.0,A01
201300006629,0,7,0,0.0,0.0,9.0,1.0,A01
201300006630,0,7,0,0.0,1.0,1.0,1.0,A01
201300006631,0,7,0,0.0,2.0,3.0,13.0,A01
201300006631,0,7,0,0.0,2.0,3.0,0.0,B02
201300006632,0,7,0,0.0,2.0,1.0,1.0,A01
201300006632,0,7,0,0.0,2.0,1.0,1.0,B02
201300006633,0,7,0,0.0,1.0,3.0,1.0,A01
201300006634,0,7,0,13.0,0.0,2.0,14.0,A01
201300006635,0,30,0,0.0,2.0,8.0,15.0,A01
201300006635,0,7,0,0.0,2.0,7.0,17.0,B02
201300006636,0,7,0,0.0,0.0,3.0,1.0,A01
201300006637,0,33,0,0.0,0.0,8.0,1.0,A01
201300006638,0,7,0,13.0,0.0,1.0,1.0,A01
201300006639,0,7,0,13.0,0.0,1.0,1.0,A01
201300006640,0,7,0,13.0,0.0,9.0,1.0,A01
201300006641,0,33,0,8.0,0.0,1.0,1.0,A01
201300006642,0,7,0,0.0,2.0,1.0,13.0,A01
201300006642,0,17,0,0.0,2.0,1.0,1.0,B02
201300006642,0,17,0,0.0,2.0,8.0,1.0,C03
201300006643,0,7,0,2.0,0.0,1.0,1.0,A01
201300006644,0,33,0,2.0,6.0,7.0,21.0,A01
201300006645,0,33,0,0.0,0.0,0.0,1.0,A01
201300006646,0,30,0,0.0,0.0,1.0,13.0,A01
201300006646,0,7,0,0.0,2.0,2.0,1.0,B02
201300006647,0,2,0,0.0,2.0,8.0,1.0,B02
201300006647,0,10,0,0.0,2.0,8.0,1.0,A01
201300006648,0,10,0,2.0,0.0,1.0,1.0,A01
201300006649,0,17,0,0.0,0.0,8.0,16.0,A01
201300006650,0,14,0,13.0,0.0,3.0,1.0,A01
201300006651,0,7,0,0.0,2.0,1.0,17.0,A01
201300006651,0,7,0,0.0,2.0,8.0,15.0,B02
201300006652,0,7,0,0.0,2.0,1.0,21.0,A01
201300006652,0,2,0,0.0,2.0,4.0,1.0,B02
201300006653,0,33,0,11.0,0.0,1.0,1.0,A01
201300006654,0,7,0,0.0,2.0,3.0,1.0,B02
201300006654,0,7,0,0.0,2.0,3.0,13.0,A01
201300006655,0,7,0,0.0,2.0,3.0,9.0,A01
201300006655,0,30,0,0.0,2.0,7.0,1.0,B02
201300006656,0,33,0,0.0,2.0,3.0,17.0,A01
201300006656,0,17,0,0.0,2.0,3.0,1.0,B02
201300006656,0,7,0,0.0,9.0,2.0,1.0,C03
201300006656,0,7,0,0.0,9.0,1.0,1.0,D04
201300006657,0,7,0,0.0,9.0,7.0,17.0,A01
201300006657,0,7,0,0.0,0.0,2.0,17.0,B02
201300006657,0,1,0,0.0,2.0,8.0,13.0,C03
201300006658,0,7,0,0.0,2.0,3.0,13.0,A01
201300006658,0,13,0,0.0,2.0,3.0,1.0,B02
201300006659,0,10,0,2.0,0.0,1.0,1.0,A01
201300006660,0,7,0,2.0,0.0,3.0,14.0,A01
201300006661,0,7,0,2.0,0.0,2.0,1.0,A01
201300006662,0,31,0,16.0,0.0,8.0,1.0,A01
201300006663,0,7,0,0.0,2.0,7.0,1.0,A01
201300006663,0,7,0,0.0,2.0,1.0,1.0,B02
201300006664,0,7,0,0.0,1.0,4.0,4.0,A01
201300006665,0,7,0,2.0,0.0,1.0,13.0,A01
201300006666,0,31,0,16.0,0.0,7.0,2.0,A01
201300006667,0,7,0,0.0,2.0,2.0,1.0,B02
201300006667,0,2,0,0.0,2.0,8.0,10.0,A01
201300006668,0,1,0,0.0,2.0,1.0,1.0,D04
201300006668,0,7,0,0.0,2.0,1.0,13.0,A01
201300006668,0,1,0,0.0,2.0,1.0,1.0,E05
201300006668,0,1,0,0.0,2.0,1.0,1.0,C03
201300006668,0,1,0,0.0,2.0,1.0,1.0,F06
201300006668,0,1,0,0.0,2.0,1.0,1.0,B02
201300006669,0,7,0,0.0,2.0,8.0,5.0,C03
201300006669,0,10,0,0.0,2.0,1.0,2.0,B02
201300006669,0,7,0,2.0,2.0,0.0,0.0,A01
201300006670,0,33,0,16.0,0.0,8.0,1.0,A01
201300006671,0,10,0,0.0,2.0,1.0,5.0,A01
201300006671,0,1,0,0.0,2.0,1.0,1.0,B02
201300006672,0,7,0,0.0,1.0,2.0,1.0,A01
201300006673,0,7,0,2.0,0.0,1.0,13.0,A01
201300006674,0,21,0,13.0,0.0,9.0,1.0,A01
201300006675,0,10,0,0.0,2.0,1.0,1.0,B02
201300006675,0,7,0,0.0,2.0,8.0,19.0,A01
201300006676,0,10,0,0.0,0.0,7.0,0.0,A01
201300006676,0,1,0,0.0,0.0,8.0,0.0,B02
201300006677,0,33,0,0.0,0.0,1.0,2.0,A01
201300006677,0,33,0,0.0,0.0,4.0,2.0,B02
201300006678,0,31,0,0.0,2.0,1.0,13.0,A01
201300006678,0,7,0,0.0,2.0,1.0,1.0,B02
201300006679,0,7,0,0.0,2.0,3.0,13.0,A01
201300006679,0,17,0,0.0,0.0,8.0,1.0,B02
201300006680,0,7,0,0.0,0.0,2.0,1.0,B02
201300006680,0,7,0,0.0,0.0,1.0,1.0,A01
201300006681,0,33,0,5.0,0.0,1.0,1.0,A01
201300006682,0,7,0,0.0,2.0,3.0,2.0,A01
201300006682,0,7,0,0.0,0.0,4.0,1.0,B02
201300006683,0,7,0,13.0,0.0,0.0,17.0,A01
201300006684,0,33,0,0.0,2.0,1.0,13.0,A01
201300006684,0,17,0,0.0,2.0,6.0,1.0,B02
201300006685,0,10,0,0.0,2.0,2.0,15.0,A01
201300006685,0,7,0,0.0,2.0,1.0,1.0,B02
201300006686,0,7,0,13.0,0.0,1.0,0.0,A01
201300006687,0,7,0,0.0,2.0,8.0,1.0,A01
201300006687,0,7,0,0.0,2.0,1.0,19.0,B01
201300006688,0,30,0,0.0,0.0,1.0,1.0,A01
201300006689,0,7,0,0.0,2.0,1.0,1.0,B02
201300006689,0,7,0,0.0,2.0,3.0,21.0,C03
201300006689,0,7,0,0.0,2.0,1.0,13.0,A01
201300006690,0,7,0,0.0,2.0,3.0,17.0,A01
201300006690,0,7,0,0.0,2.0,3.0,1.0,B02
201300006691,0,7,0,16.0,0.0,2.0,1.0,A01
201300006692,0,7,0,2.0,0.0,9.0,11.0,A01
201300006693,0,1,0,0.0,2.0,4.0,1.0,B02
201300006693,0,7,0,0.0,2.0,2.0,2.0,A01
201300006694,0,2,0,11.0,0.0,1.0,15.0,A01
201300006695,0,7,0,0.0,0.0,9.0,19.0,A01
201300006696,0,17,0,0.0,2.0,0.0,15.0,E03
201300006696,0,17,0,0.0,2.0,1.0,13.0,A01
201300006696,0,17,0,0.0,2.0,1.0,1.0,C02
201300006697,0,7,0,16.0,0.0,1.0,0.0,A01
201300006698,0,7,0,0.0,2.0,1.0,1.0,A01
201300006698,0,7,0,0.0,2.0,1.0,1.0,B02
201300006699,0,7,0,2.0,0.0,8.0,14.0,A01
201300006700,0,31,0,12.0,0.0,1.0,1.0,A01
201300006701,0,7,0,0.0,2.0,3.0,1.0,A01
201300006701,0,33,0,0.0,2.0,1.0,1.0,B02
201300006702,0,33,0,0.0,0.0,1.0,13.0,A01
201300006703,0,7,0,2.0,0.0,1.0,1.0,A01
201300006704,0,7,0,0.0,2.0,3.0,1.0,B02
201300006704,0,7,0,0.0,2.0,2.0,19.0,A01
201300006705,0,7,0,0.0,2.0,3.0,1.0,B02
201300006705,0,10,0,0.0,2.0,3.0,13.0,A01
201300006706,0,33,0,0.0,2.0,0.0,1.0,B02
201300006706,0,7,0,0.0,2.0,6.0,15.0,A01
201300006707,0,7,0,13.0,0.0,1.0,1.0,A01
201300006708,0,15,0,0.0,2.0,5.0,17.0,A01
201300006708,0,1,0,0.0,2.0,3.0,2.0,B02
201300006709,0,7,0,2.0,0.0,1.0,1.0,A01
201300006710,0,7,0,0.0,2.0,1.0,1.0,B02
201300006710,0,7,0,0.0,2.0,2.0,13.0,A01
201300006711,0,7,0,13.0,0.0,2.0,14.0,A01
201300006712,0,2,0,14.0,0.0,7.0,14.0,A01
201300006712,0,21,0,0.0,2.0,3.0,23.0,B02
201300006713,0,7,0,0.0,1.0,1.0,1.0,A01
201300006714,0,33,0,0.0,0.0,0.0,15.0,A01
201300006715,0,7,0,0.0,0.0,9.0,1.0,A01
201300006716,0,7,0,0.0,2.0,1.0,1.0,B02
201300006716,0,7,0,0.0,2.0,9.0,13.0,A01
201300006717,0,36,0,13.0,0.0,8.0,1.0,A01
201300006718,0,7,0,0.0,0.0,0.0,15.0,B02
201300006718,0,7,0,0.0,9.0,0.0,17.0,A01
201300006718,0,99,0,0.0,0.0,0.0,1.0,C03
201300006719,0,7,0,0.0,2.0,1.0,13.0,A01
201300006719,0,15,0,0.0,2.0,2.0,1.0,B02
201300006720,0,7,0,8.0,0.0,1.0,1.0,A01
201300006721,0,7,0,0.0,2.0,3.0,15.0,B02
201300006721,0,33,0,0.0,2.0,1.0,1.0,A01
201300006722,0,7,0,13.0,0.0,1.0,1.0,A01
201300006723,0,7,0,13.0,0.0,3.0,1.0,A01
201300006724,0,33,0,0.0,0.0,1.0,13.0,A01
201300006725,0,33,0,14.0,0.0,8.0,17.0,A01
201300006726,0,7,0,0.0,2.0,3.0,1.0,B02
201300006726,0,17,0,0.0,2.0,6.0,1.0,A01
201300006727,0,10,0,0.0,1.0,5.0,4.0,A01
201300006728,0,10,0,0.0,2.0,1.0,1.0,A01
201300006728,0,7,0,0.0,2.0,4.0,23.0,B02
201300006729,0,10,0,7.0,2.0,3.0,1.0,B02
201300006729,0,3,0,0.0,2.0,1.0,15.0,A01
201300006730,0,36,0,8.0,0.0,2.0,1.0,A01
201300006731,0,7,0,2.0,0.0,3.0,13.0,A01
201300006732,0,7,0,0.0,0.0,9.0,1.0,A01
201300006733,0,7,0,0.0,2.0,7.0,13.0,A01
201300006733,0,10,0,0.0,2.0,1.0,1.0,B02
201300006734,0,10,0,0.0,9.0,1.0,1.0,A01
201300006734,0,1,0,0.0,2.0,7.0,1.0,B02
201300006735,0,7,0,0.0,2.0,2.0,19.0,A01
201300006735,0,7,0,0.0,2.0,3.0,1.0,B02
201300006736,0,2,0,0.0,2.0,1.0,5.0,A01
201300006736,0,7,0,0.0,2.0,8.0,15.0,B02
201300006737,0,7,0,0.0,2.0,1.0,15.0,B02
201300006737,0,2,0,0.0,2.0,3.0,1.0,A01
201300006738,0,10,0,0.0,2.0,3.0,1.0,B02
201300006738,0,7,0,0.0,2.0,3.0,13.0,A01
201300006739,0,31,0,13.0,0.0,1.0,1.0,A01
201300006740,0,7,0,14.0,0.0,9.0,1.0,A01
201300006741,0,7,0,0.0,0.0,9.0,1.0,A01
201300006742,0,7,0,0.0,1.0,1.0,1.0,A01
201300006743,0,17,0,16.0,0.0,1.0,15.0,A01
201300006744,0,33,0,0.0,2.0,8.0,1.0,B02
201300006744,0,7,0,0.0,2.0,2.0,19.0,A01
201300006745,0,7,0,0.0,2.0,1.0,0.0,B02
201300006745,0,7,0,1.0,0.0,2.0,1.0,A01
201300006746,0,7,0,0.0,2.0,1.0,1.0,A01
201300006746,0,7,0,0.0,2.0,8.0,1.0,B02
201300006747,0,7,0,0.0,0.0,4.0,2.0,A01
201300006747,0,14,0,0.0,0.0,2.0,1.0,B02
201300006748,0,7,0,0.0,2.0,7.0,13.0,A01
201300006748,0,7,0,0.0,2.0,1.0,1.0,B02
201300006749,0,7,0,0.0,2.0,3.0,1.0,A01
201300006749,0,7,0,0.0,2.0,3.0,1.0,B02
201300006750,0,7,0,2.0,0.0,1.0,13.0,A01
201300006751,0,7,0,0.0,2.0,3.0,17.0,A01
201300006751,0,7,0,0.0,2.0,3.0,1.0,B02
201300006752,0,30,0,8.0,0.0,0.0,14.0,A01
201300006753,0,14,0,0.0,2.0,3.0,0.0,B02
201300006753,0,7,0,0.0,2.0,1.0,13.0,A01
201300006754,0,7,0,13.0,0.0,2.0,1.0,A01
201300006755,0,7,0,13.0,0.0,1.0,1.0,A01
201300006756,0,7,0,13.0,0.0,1.0,16.0,A01
201300006757,0,7,0,6.0,0.0,2.0,0.0,A01
201300006758,0,33,0,0.0,0.0,0.0,1.0,A01
201300006759,0,7,0,3.0,0.0,8.0,1.0,A01
201300006760,0,7,0,0.0,2.0,1.0,1.0,B02
201300006760,0,7,0,0.0,2.0,7.0,1.0,A01
201300006761,0,2,0,0.0,0.0,2.0,1.0,A01
201300006762,0,21,0,16.0,1.0,3.0,1.0,A01
201300006763,1,7,0,0.0,2.0,3.0,1.0,A01
201300006763,0,33,0,0.0,2.0,7.0,1.0,B02
201300006764,0,7,0,0.0,2.0,1.0,1.0,A01
201300006764,0,7,0,0.0,2.0,6.0,19.0,B02
201300006765,0,7,0,13.0,0.0,3.0,1.0,A01
201300006766,0,7,0,6.0,0.0,1.0,16.0,A01
201300006767,0,7,0,0.0,2.0,3.0,13.0,A01
201300006767,0,15,0,0.0,2.0,1.0,1.0,B02
201300006768,0,15,0,0.0,2.0,1.0,1.0,B02
201300006768,0,7,0,0.0,2.0,1.0,13.0,A01
201300006769,0,33,0,0.0,2.0,7.0,17.0,B02
201300006769,0,7,0,0.0,0.0,0.0,15.0,A01
201300006770,0,7,0,0.0,2.0,1.0,21.0,A01
201300006770,0,7,0,0.0,2.0,1.0,21.0,B02
201300006771,0,7,0,6.0,0.0,2.0,1.0,A01
201300006772,0,7,0,0.0,2.0,1.0,5.0,A01
201300006772,0,17,0,0.0,2.0,1.0,1.0,B02
201300006773,0,7,0,0.0,1.0,6.0,20.0,A01
201300006774,0,7,0,0.0,2.0,2.0,1.0,A01
201300006774,0,13,0,0.0,2.0,3.0,1.0,B02
201300006775,0,7,0,0.0,2.0,3.0,1.0,B02
201300006775,0,7,0,0.0,2.0,6.0,13.0,A01
201300006776,0,7,0,13.0,0.0,1.0,1.0,A01
201300006777,0,7,0,0.0,1.0,2.0,1.0,A01
201300006778,0,7,0,6.0,0.0,1.0,1.0,A01
201300006779,0,7,0,6.0,0.0,3.0,2.0,A01
201300006780,0,7,0,0.0,2.0,3.0,13.0,A01
201300006780,0,99,0,0.0,2.0,3.0,1.0,B02
201300006781,0,21,0,0.0,2.0,8.0,15.0,B02
201300006781,0,15,0,0.0,2.0,2.0,17.0,A01
201300006782,0,7,0,6.0,0.0,1.0,1.0,A01
201300006783,0,7,0,0.0,2.0,1.0,0.0,B02
201300006783,0,7,0,0.0,2.0,7.0,13.0,A01
201300006784,0,7,0,0.0,2.0,2.0,19.0,A01
201300006784,0,7,0,0.0,2.0,3.0,1.0,B02
201300006785,0,7,0,2.0,0.0,1.0,0.0,A01
201300006786,0,7,0,0.0,2.0,1.0,13.0,A01
201300006786,0,7,0,0.0,2.0,1.0,1.0,B02
201300006787,0,7,0,0.0,2.0,6.0,15.0,A01
201300006787,0,7,0,0.0,2.0,1.0,15.0,B02
201300006788,0,7,0,0.0,2.0,1.0,1.0,A01
201300006788,0,14,0,0.0,2.0,3.0,1.0,B02
201300006789,0,33,0,0.0,2.0,8.0,1.0,A01
201300006789,0,7,0,0.0,2.0,1.0,1.0,B02
201300006790,0,10,0,0.0,2.0,3.0,9.0,A01
201300006790,0,1,0,0.0,2.0,2.0,1.0,B02
201300006791,0,7,0,0.0,0.0,1.0,14.0,A01
201300006792,0,33,0,0.0,0.0,8.0,0.0,A01
201300006793,0,33,0,0.0,2.0,1.0,17.0,A01
201300006793,0,7,0,0.0,2.0,3.0,9.0,B02
201300006794,0,7,0,0.0,2.0,1.0,13.0,A01
201300006794,0,7,0,0.0,2.0,1.0,1.0,B02
201300006795,0,7,0,0.0,2.0,6.0,15.0,A01
201300006795,0,33,0,0.0,2.0,2.0,17.0,B02
201300006796,0,1,0,0.0,2.0,2.0,1.0,A01
201300006796,0,7,0,0.0,9.0,3.0,23.0,B02
201300006797,0,7,0,0.0,2.0,3.0,13.0,A01
201300006797,0,7,0,0.0,2.0,3.0,1.0,B02
201300006798,0,7,0,0.0,1.0,2.0,1.0,A01
201300006799,0,7,0,0.0,1.0,2.0,1.0,A01
201300006800,0,14,0,0.0,0.0,0.0,1.0,A01
201300006801,0,7,0,0.0,2.0,7.0,19.0,A01
201300006801,0,7,0,0.0,2.0,1.0,1.0,B02
201300006802,0,7,0,0.0,2.0,8.0,15.0,B02
201300006802,0,15,0,0.0,2.0,2.0,1.0,A01
201300006803,0,7,0,0.0,0.0,0.0,15.0,B02
201300006803,0,33,0,0.0,0.0,0.0,1.0,A01
201300006804,0,7,0,0.0,0.0,9.0,1.0,A01