Num_Acc,senc,catv,occutc,obs,obsm,choc,manv,num_veh
201300006805,0,7,0,2.0,0.0,9.0,1.0,A01
201300006806,0,10,0,0.0,2.0,1.0,19.0,B02
201300006806,0,7,0,0.0,2.0,8.0,1.0,A01
201300006807,0,7,0,0.0,2.0,2.0,11.0,A01
201300006807,0,7,0,0.0,2.0,5.0,13.0,B02
201300006808,0,7,0,0.0,2.0,0.0,11.0,A01
201300006808,0,7,0,0.0,2.0,0.0,1.0,B02
201300006809,0,7,0,0.0,2.0,1.0,1.0,B02
201300006809,0,7,0,0.0,2.0,5.0,13.0,A01
201300006810,0,7,0,0.0,2.0,7.0,13.0,A01
201300006810,0,7,0,0.0,2.0,1.0,1.0,B02
201300006810,0,7,0,0.0,2.0,1.0,1.0,C03
201300006811,0,10,0,0.0,2.0,2.0,15.0,A01
201300006811,0,2,0,0.0,2.0,1.0,1.0,B02
201300006812,0,7,0,0.0,2.0,1.0,2.0,A01
201300006812,0,7,0,0.0,2.0,4.0,23.0,B02
201300006813,0,10,0,1.0,1.0,1.0,1.0,B01
201300006814,0,33,0,0.0,2.0,1.0,1.0,A01
201300006814,0,7,0,0.0,2.0,1.0,1.0,B02
201300006815,0,10,0,0.0,2.0,8.0,19.0,A01
201300006815,0,7,0,0.0,2.0,1.0,1.0,B02
201300006816,0,33,0,0.0,2.0,1.0,2.0,A01
201300006816,0,7,0,0.0,2.0,4.0,15.0,B02
201300006817,0,7,0,0.0,2.0,8.0,1.0,B02
201300006817,0,7,0,0.0,2.0,1.0,19.0,A01
201300006818,0,1,0,0.0,2.0,8.0,1.0,B02
201300006819,0,33,0,15.0,0.0,1.0,1.0,A01
201300006820,0,33,0,0.0,2.0,1.0,23.0,A01
201300006820,0,7,0,0.0,2.0,6.0,2.0,B02
201300006821,0,7,0,0.0,2.0,3.0,19.0,B02
201300006821,0,10,0,0.0,2.0,2.0,1.0,A01
201300006822,0,1,0,0.0,2.0,1.0,15.0,B02
201300006822,0,7,0,0.0,9.0,1.0,1.0,A01
201300006823,0,7,0,0.0,2.0,5.0,17.0,B02
201300006823,0,30,0,0.0,2.0,3.0,1.0,A01
201300006824,0,33,0,0.0,2.0,9.0,19.0,A01
201300006824,0,7,0,0.0,2.0,1.0,1.0,B02
201300006825,0,32,0,0.0,0.0,7.0,0.0,A01
201300006826,0,7,0,0.0,2.0,8.0,15.0,A01
201300006826,0,10,0,0.0,2.0,7.0,17.0,B02
201300006827,0,7,0,0.0,2.0,1.0,15.0,B02
201300006827,0,31,0,0.0,2.0,7.0,1.0,A01
201300006828,0,7,0,0.0,2.0,1.0,1.0,B02
201300006828,0,10,0,0.0,2.0,1.0,1.0,A01
201300006829,0,7,0,0.0,0.0,1.0,0.0,A01
201300006830,0,10,0,0.0,2.0,7.0,19.0,A01
201300006830,0,7,0,0.0,2.0,1.0,1.0,B02
201300006831,0,33,0,1.0,0.0,7.0,14.0,A01
201300006832,0,7,0,0.0,2.0,2.0,19.0,A01
201300006832,0,31,0,0.0,2.0,1.0,1.0,B02
201300006833,0,7,0,0.0,2.0,7.0,16.0,A01
201300006833,0,31,0,0.0,2.0,1.0,1.0,B02
201300006834,0,7,0,0.0,0.0,1.0,13.0,A01
201300006835,0,7,0,0.0,9.0,3.0,9.0,A01
201300006835,0,1,0,0.0,2.0,7.0,16.0,B02
201300006836,0,3,0,0.0,2.0,6.0,1.0,B02
201300006836,0,10,0,0.0,2.0,2.0,1.0,A01
201300006837,0,7,0,2.0,0.0,2.0,1.0,A01
201300006838,0,10,0,0.0,2.0,2.0,1.0,A01
201300006838,0,2,0,0.0,0.0,4.0,1.0,B02
201300006839,0,7,0,0.0,2.0,1.0,1.0,B02
201300006839,0,7,0,0.0,2.0,2.0,1.0,A01
201300006840,0,15,0,13.0,0.0,1.0,1.0,A01
201300006841,0,7,0,13.0,0.0,2.0,14.0,A01
201300006842,0,15,0,0.0,0.0,0.0,1.0,A01
201300006842,0,17,0,14.0,0.0,1.0,1.0,B02
201300006843,0,7,0,0.0,2.0,1.0,1.0,B02
201300006843,0,7,0,0.0,2.0,1.0,13.0,A01
201300006844,0,33,0,13.0,0.0,1.0,1.0,A01
201300006845,0,7,0,6.0,0.0,1.0,1.0,A01
201300006846,0,2,0,1.0,0.0,1.0,2.0,B02
201300006846,0,7,0,0.0,0.0,5.0,0.0,A01
201300006847,0,7,0,0.0,2.0,1.0,1.0,A01
201300006847,0,7,0,0.0,2.0,1.0,1.0,B02
201300006848,0,7,0,12.0,0.0,0.0,14.0,A01
201300006849,0,7,0,13.0,0.0,1.0,1.0,A01
201300006850,0,7,0,0.0,1.0,8.0,16.0,A01
201300006851,0,15,0,0.0,2.0,3.0,1.0,A01
201300006851,0,7,0,0.0,2.0,3.0,1.0,B02
201300006852,0,33,0,0.0,2.0,1.0,17.0,A01
201300006852,0,33,0,0.0,2.0,4.0,1.0,B02
201300006853,0,7,0,0.0,1.0,1.0,1.0,A01
201300006854,0,7,0,0.0,2.0,7.0,13.0,A01
201300006854,0,7,0,0.0,2.0,1.0,1.0,B02
201300006855,0,7,0,8.0,0.0,7.0,1.0,A01
201300006856,0,14,0,0.0,1.0,1.0,1.0,A01
201300006857,0,7,0,0.0,2.0,6.0,0.0,B02
201300006857,0,33,0,0.0,2.0,1.0,1.0,A01
201300006858,0,7,0,0.0,2.0,3.0,1.0,A01
201300006858,0,10,0,0.0,2.0,3.0,13.0,B02
201300006859,0,7,0,0.0,2.0,1.0,0.0,A01
201300006859,0,7,0,0.0,2.0,2.0,0.0,B02
201300006860,0,7,0,0.0,2.0,8.0,1.0,A01
201300006860,0,7,0,0.0,2.0,1.0,1.0,B02
201300006861,0,14,0,0.0,2.0,2.0,1.0,B02
201300006861,0,14,0,0.0,2.0,8.0,19.0,A01
201300006862,0,17,0,3.0,0.0,1.0,1.0,A01
201300006863,0,7,0,8.0,2.0,3.0,13.0,A01
201300006863,0,15,0,0.0,2.0,3.0,1.0,B02
201300006864,0,14,0,2.0,0.0,2.0,1.0,A01
201300006865,0,7,0,13.0,0.0,9.0,1.0,A01
201300006866,0,7,0,13.0,0.0,5.0,0.0,A01
201300006867,0,7,0,0.0,2.0,8.0,15.0,B02
201300006867,0,33,0,0.0,2.0,7.0,17.0,A01
201300006868,0,7,0,0.0,0.0,9.0,21.0,A01
201300006869,0,7,0,13.0,0.0,1.0,1.0,A01
201300006870,0,7,0,0.0,2.0,3.0,1.0,B02
201300006870,0,7,0,0.0,2.0,3.0,13.0,A01
201300006871,0,7,0,0.0,1.0,6.0,4.0,A01
201300006872,0,33,0,0.0,2.0,1.0,13.0,A01
201300006872,0,7,0,0.0,2.0,1.0,1.0,B02
201300006872,0,33,0,0.0,2.0,7.0,21.0,C03
201300006873,0,7,0,2.0,0.0,7.0,1.0,A01
201300006874,0,7,0,0.0,1.0,7.0,1.0,A01
201300006875,0,13,0,0.0,1.0,7.0,1.0,A01
201300006876,0,7,0,2.0,0.0,8.0,14.0,A01
201300006877,0,7,0,6.0,0.0,1.0,1.0,A01
201300006878,0,15,0,0.0,2.0,2.0,1.0,C03
201300006878,0,15,0,0.0,2.0,3.0,1.0,B02
201300006878,0,10,0,0.0,2.0,1.0,1.0,A01
201300006879,0,7,0,0.0,2.0,3.0,15.0,A01
201300006879,0,2,0,0.0,2.0,1.0,1.0,B02
201300006880,0,39,0,0.0,2.0,1.0,0.0,A01
201300006880,0,7,0,0.0,4.0,9.0,24.0,B02
201300006881,0,7,0,13.0,0.0,2.0,1.0,A01
201300006882,0,7,0,10.0,0.0,2.0,1.0,A01
201300006883,0,7,0,0.0,0.0,3.0,0.0,A01
201300006883,0,7,0,0.0,0.0,3.0,0.0,B02
201300006884,0,2,0,0.0,2.0,8.0,15.0,A01
201300006884,0,2,0,0.0,2.0,7.0,1.0,B02
201300006885,0,30,0,0.0,2.0,1.0,17.0,B02
201300006885,0,7,0,0.0,2.0,8.0,10.0,A01
201300006886,0,7,0,13.0,0.0,0.0,19.0,A01
201300006887,0,7,0,0.0,2.0,2.0,13.0,A01
201300006887,0,15,0,0.0,2.0,2.0,0.0,B02
201300006888,0,7,0,2.0,0.0,3.0,13.0,A01
201300006889,0,10,0,0.0,2.0,3.0,19.0,B02
201300006889,0,31,0,0.0,2.0,3.0,1.0,A01
201300006890,0,7,0,0.0,2.0,3.0,1.0,B02
201300006890,0,7,0,0.0,2.0,3.0,13.0,A01
201300006891,0,7,0,2.0,0.0,3.0,1.0,A01
201300006892,0,7,0,2.0,0.0,1.0,14.0,A01
201300006893,0,33,0,2.0,0.0,1.0,1.0,A01
201300006894,0,33,0,5.0,0.0,8.0,1.0,A01
201300006895,0,7,0,0.0,2.0,1.0,5.0,A01
201300006895,0,7,0,0.0,2.0,1.0,1.0,B02
201300006896,0,7,0,0.0,2.0,1.0,1.0,B02
201300006896,0,7,0,0.0,0.0,1.0,13.0,A01
201300006897,0,7,0,2.0,0.0,7.0,1.0,A01
201300006898,0,31,0,13.0,0.0,1.0,1.0,A01
201300006899,0,7,0,0.0,1.0,2.0,20.0,A01
201300006900,0,32,0,8.0,0.0,1.0,1.0,A01
201300006901,0,7,0,13.0,0.0,1.0,1.0,A01
201300006902,0,33,0,0.0,2.0,1.0,19.0,A01
201300006902,0,7,0,0.0,2.0,1.0,19.0,B02
201300006903,0,7,0,0.0,2.0,7.0,15.0,A01
201300006903,0,30,0,0.0,2.0,1.0,1.0,B02
201300006904,0,7,0,13.0,0.0,1.0,1.0,A01
201300006905,0,7,0,0.0,2.0,2.0,1.0,B02
201300006905,0,7,0,0.0,2.0,3.0,20.0,A01
201300006906,0,7,0,15.0,0.0,3.0,0.0,A01
201300006907,0,7,0,0.0,2.0,1.0,5.0,A01
201300006907,0,17,0,0.0,2.0,3.0,1.0,B02
201300006908,0,7,0,0.0,2.0,8.0,19.0,A01
201300006908,0,31,0,0.0,2.0,1.0,1.0,B02
201300006909,0,7,0,0.0,2.0,6.0,5.0,A01
201300006909,0,32,0,0.0,2.0,8.0,1.0,B02
201300006910,0,7,0,0.0,0.0,7.0,15.0,A01
201300006910,0,7,0,0.0,2.0,1.0,1.0,B02
201300006911,0,7,0,1.0,0.0,2.0,1.0,A01
201300006911,0,7,0,1.0,0.0,2.0,1.0,B02
201300006911,0,7,0,1.0,0.0,4.0,0.0,C03
201300006912,0,7,0,6.0,0.0,1.0,13.0,A01
201300006913,0,7,0,0.0,0.0,1.0,13.0,A01
201300006914,0,7,0,0.0,0.0,1.0,13.0,A01
201300006914,0,7,0,0.0,0.0,1.0,1.0,B02
201300006915,0,7,0,6.0,0.0,1.0,13.0,A01
201300006916,0,7,0,11.0,0.0,1.0,14.0,A01
201300006917,0,7,0,8.0,1.0,7.0,21.0,A01
201300006917,0,7,0,0.0,0.0,4.0,1.0,B02
201300006918,0,33,0,0.0,2.0,1.0,17.0,A01
201300006918,0,7,0,0.0,0.0,8.0,15.0,B02
201300006919,0,37,50,0.0,1.0,7.0,16.0,A01
201300006920,0,33,0,13.0,0.0,9.0,1.0,A01
201300006921,0,33,0,0.0,0.0,0.0,1.0,A01
201300006922,0,7,0,0.0,2.0,6.0,19.0,A01
201300006922,0,10,0,0.0,2.0,3.0,1.0,B02
201300006923,0,33,0,12.0,0.0,1.0,1.0,A01
201300006924,0,7,0,0.0,9.0,2.0,1.0,A01
201300006924,0,7,0,0.0,2.0,1.0,1.0,B02
201300006925,0,7,0,0.0,2.0,3.0,15.0,A01
201300006925,0,7,0,0.0,2.0,3.0,1.0,B02
201300006926,0,14,0,0.0,2.0,2.0,1.0,A01
201300006926,0,14,0,0.0,2.0,3.0,1.0,B02
201300006927,0,7,0,0.0,2.0,8.0,20.0,A01
201300006927,0,2,0,0.0,2.0,1.0,1.0,B02
201300006928,0,7,0,0.0,2.0,2.0,15.0,A01
201300006928,0,2,0,0.0,2.0,1.0,1.0,B02
201300006929,0,20,0,0.0,2.0,1.0,1.0,A01
201300006929,0,7,0,0.0,2.0,8.0,1.0,B02
201300006930,0,7,0,0.0,2.0,3.0,19.0,A01
201300006930,0,7,0,0.0,2.0,2.0,1.0,B02
201300006931,0,7,0,0.0,1.0,1.0,1.0,A01
201300006932,0,33,0,0.0,2.0,0.0,21.0,A01
201300006932,0,15,0,0.0,9.0,8.0,1.0,B02
201300006932,0,7,0,0.0,0.0,0.0,16.0,C03
201300006933,0,15,0,0.0,0.0,6.0,2.0,A01
201300006933,0,15,0,14.0,0.0,2.0,2.0,B02
201300006934,0,10,0,0.0,2.0,1.0,9.0,A01
201300006934,0,7,0,0.0,2.0,8.0,1.0,B02
201300006935,0,30,0,0.0,2.0,1.0,2.0,A01
201300006935,0,7,0,0.0,2.0,4.0,1.0,B02
201300006936,0,7,0,0.0,2.0,1.0,13.0,A01
201300006936,0,33,0,0.0,2.0,9.0,17.0,B02
201300006936,0,15,0,0.0,2.0,6.0,1.0,C03
201300006937,0,7,0,8.0,0.0,7.0,1.0,A01
201300006938,0,7,0,6.0,0.0,1.0,1.0,A01
201300006939,0,33,0,0.0,6.0,1.0,1.0,A01
201300006940,0,7,0,0.0,0.0,1.0,1.0,A01
201300006940,0,30,0,0.0,0.0,4.0,0.0,B02
201300006941,0,7,0,0.0,0.0,0.0,1.0,A01
201300006942,0,33,0,0.0,2.0,8.0,21.0,A01
201300006942,0,10,0,0.0,2.0,8.0,13.0,B02
201300006943,0,10,0,13.0,0.0,9.0,1.0,A01
201300006944,0,7,0,0.0,2.0,3.0,13.0,A01
201300006944,0,7,0,0.0,2.0,3.0,20.0,B02
201300006945,0,7,0,6.0,0.0,1.0,1.0,A01
201300006946,0,7,0,0.0,2.0,2.0,21.0,A01
201300006946,0,30,0,0.0,2.0,8.0,15.0,B02
201300006947,0,7,0,0.0,2.0,3.0,17.0,A01
201300006947,0,7,0,0.0,2.0,1.0,21.0,B02
201300006947,0,99,0,0.0,2.0,1.0,1.0,C03
201300006947,0,7,0,0.0,2.0,3.0,1.0,D04
201300006948,0,7,0,0.0,2.0,7.0,13.0,A01
201300006948,0,10,0,0.0,2.0,6.0,1.0,B02
201300006948,0,38,9,0.0,2.0,6.0,1.0,C03
201300006949,0,33,0,0.0,2.0,1.0,17.0,A01
201300006949,0,7,0,0.0,2.0,7.0,19.0,B02
201300006950,0,7,0,0.0,2.0,1.0,17.0,A01
201300006950,0,30,0,0.0,2.0,1.0,1.0,B02
201300006950,0,7,0,0.0,2.0,3.0,1.0,C03
201300006951,0,7,0,0.0,2.0,2.0,16.0,A01
201300006951,0,7,0,0.0,2.0,1.0,1.0,B02
201300006952,0,7,0,0.0,2.0,3.0,15.0,A01
201300006952,0,33,0,0.0,2.0,1.0,1.0,B02
201300006953,0,7,0,0.0,2.0,1.0,11.0,A01
201300006953,0,7,0,0.0,2.0,1.0,1.0,B02
201300006954,0,7,0,0.0,2.0,8.0,19.0,A01
201300006954,0,17,0,0.0,2.0,1.0,1.0,B02
201300006955,0,21,0,0.0,1.0,5.0,21.0,A01
201300006956,0,36,0,15.0,0.0,1.0,1.0,A01
201300006957,0,7,0,0.0,2.0,1.0,13.0,A01
201300006957,0,1,0,0.0,2.0,0.0,1.0,B02
201300006958,0,7,0,0.0,1.0,1.0,1.0,A01
201300006959,0,7,0,0.0,2.0,1.0,13.0,A01
201300006959,0,7,0,0.0,2.0,1.0,1.0,B02
201300006960,0,7,0,0.0,2.0,3.0,1.0,A01
201300006960,0,7,0,0.0,2.0,3.0,13.0,B02
201300006961,0,10,0,13.0,0.0,8.0,13.0,A01
201300006962,0,7,0,0.0,2.0,8.0,1.0,A01
201300006962,0,7,0,0.0,2.0,1.0,1.0,B02
201300006963,0,33,0,13.0,0.0,1.0,0.0,A01
201300006964,0,7,0,0.0,2.0,7.0,19.0,A01
201300006964,0,7,0,0.0,2.0,1.0,1.0,B02
201300006965,0,2,0,0.0,2.0,1.0,13.0,A01
201300006965,0,7,0,0.0,2.0,1.0,1.0,B02
201300006966,0,7,0,0.0,0.0,2.0,1.0,A01
201300006966,0,7,0,0.0,2.0,2.0,1.0,B02
201300006967,0,10,0,0.0,1.0,4.0,4.0,A01
201300006968,0,7,0,0.0,2.0,3.0,19.0,A01
201300006968,0,7,0,0.0,2.0,8.0,1.0,B02
201300006969,0,7,0,13.0,0.0,1.0,14.0,A01
201300006970,0,7,0,13.0,0.0,1.0,1.0,A01
201300006971,0,33,0,0.0,2.0,7.0,1.0,A01
201300006971,0,7,0,0.0,2.0,1.0,19.0,B02
201300006972,0,7,0,0.0,2.0,3.0,13.0,A01
201300006972,0,17,0,0.0,2.0,8.0,21.0,B02
201300006973,0,33,0,0.0,0.0,1.0,1.0,A01
201300006974,0,30,0,3.0,0.0,3.0,1.0,A01
201300006975,0,7,0,0.0,2.0,3.0,5.0,A01
201300006975,0,7,0,0.0,2.0,2.0,1.0,B02
201300006976,0,7,0,0.0,2.0,8.0,1.0,A01
201300006976,0,2,0,0.0,2.0,7.0,3.0,B02
201300006977,0,33,0,0.0,2.0,3.0,1.0,B02
201300006977,0,7,0,0.0,2.0,1.0,15.0,A01
201300006978,1,7,0,0.0,2.0,7.0,15.0,A01
201300006978,0,2,0,0.0,2.0,1.0,1.0,B02
201300006979,0,2,0,0.0,2.0,1.0,19.0,A01
201300006979,0,7,0,0.0,9.0,2.0,1.0,B02
201300006980,0,7,0,0.0,9.0,7.0,17.0,A01
201300006980,0,1,0,0.0,2.0,8.0,1.0,B02
201300006981,0,7,0,2.0,0.0,1.0,0.0,A01
201300006982,0,7,0,0.0,2.0,3.0,1.0,B02
201300006982,0,10,0,0.0,2.0,2.0,19.0,A01
201300006983,0,7,0,0.0,2.0,1.0,17.0,A01
201300006983,0,7,0,0.0,2.0,3.0,1.0,B02
201300006984,0,7,0,13.0,0.0,2.0,1.0,A01
201300006985,0,15,0,16.0,0.0,7.0,1.0,A01
201300006986,0,7,0,0.0,2.0,3.0,1.0,A01
201300006986,0,7,0,0.0,2.0,3.0,1.0,B02
201300006987,0,7,0,0.0,2.0,3.0,2.0,A01
201300006987,0,7,0,0.0,2.0,5.0,2.0,B02
201300006987,0,7,0,0.0,2.0,5.0,1.0,C03
201300006987,0,10,0,0.0,2.0,1.0,1.0,D04
201300006988,0,7,0,0.0,2.0,7.0,1.0,A01
201300006988,0,7,0,0.0,2.0,1.0,1.0,B02
201300006988,0,7,0,0.0,2.0,0.0,1.0,C03
201300006988,0,15,0,0.0,2.0,8.0,23.0,D04
201300006988,0,7,0,0.0,2.0,3.0,17.0,E05
201300006988,0,14,0,0.0,2.0,5.0,17.0,F06
201300006989,0,7,0,0.0,2.0,1.0,2.0,A01
201300006989,0,7,0,0.0,2.0,4.0,2.0,B02
201300006990,0,10,0,0.0,2.0,1.0,2.0,A01
201300006990,0,17,0,0.0,0.0,6.0,2.0,B02
201300006991,0,7,0,13.0,0.0,1.0,1.0,A01
201300006992,0,7,0,0.0,2.0,1.0,2.0,A01
201300006992,0,17,0,0.0,0.0,4.0,2.0,B02
201300006993,0,7,0,0.0,2.0,1.0,2.0,A01
201300006993,0,17,0,0.0,2.0,4.0,2.0,B02
201300006994,0,7,0,3.0,0.0,3.0,1.0,A01
201300006995,0,17,0,3.0,0.0,2.0,1.0,A01
201300006995,0,7,0,14.0,0.0,1.0,1.0,C03
201300006995,0,15,0,3.0,0.0,7.0,1.0,B02
201300006995,0,7,0,14.0,0.0,3.0,1.0,D04
201300006996,0,7,0,13.0,0.0,1.0,1.0,A01
201300006997,0,17,0,0.0,2.0,2.0,2.0,A01
201300006997,0,10,0,0.0,2.0,6.0,2.0,B02
201300006998,0,7,0,4.0,0.0,3.0,1.0,A01
201300006999,0,7,0,5.0,0.0,1.0,1.0,A01
201300007000,0,7,0,3.0,0.0,8.0,1.0,A01
201300007001,0,7,0,4.0,2.0,1.0,1.0,A01
201300007001,0,7,0,0.0,0.0,6.0,1.0,B02
201300007002,0,7,0,0.0,2.0,1.0,17.0,A01
201300007002,0,7,0,0.0,2.0,6.0,1.0,B02
201300007003,0,10,0,4.0,0.0,9.0,2.0,A01
201300007004,0,7,0,13.0,0.0,3.0,1.0,A01
201300007005,0,7,0,3.0,0.0,3.0,0.0,A01
201300007006,0,7,0,4.0,0.0,2.0,1.0,A01
201300007007,0,7,0,3.0,0.0,1.0,1.0,A01
201300007008,0,17,0,0.0,0.0,4.0,2.0,A01
201300007008,0,10,0,0.0,0.0,1.0,2.0,B02
201300007009,0,7,0,7.0,0.0,1.0,1.0,A01
201300007010,0,10,0,3.0,0.0,7.0,1.0,A01
201300007010,0,7,0,0.0,2.0,1.0,1.0,B02
201300007011,0,7,0,16.0,0.0,1.0,0.0,A01
201300007012,0,7,0,16.0,0.0,2.0,0.0,A01
201300007013,0,7,0,4.0,0.0,7.0,1.0,A01
201300007014,0,7,0,0.0,2.0,1.0,2.0,A01
201300007014,0,7,0,0.0,0.0,4.0,2.0,B02
201300007015,0,7,0,13.0,0.0,2.0,1.0,A01
201300007016,0,7,0,0.0,2.0,3.0,9.0,A01
201300007016,0,7,0,0.0,2.0,5.0,1.0,B02
201300007017,0,14,0,1.0,0.0,2.0,2.0,A01
201300007018,0,7,0,2.0,0.0,7.0,1.0,A01
201300007019,0,7,0,4.0,0.0,2.0,1.0,A01
201300007020,0,7,0,5.0,2.0,8.0,13.0,A01
201300007020,0,7,0,0.0,2.0,2.0,17.0,B02
201300007021,0,7,0,0.0,2.0,3.0,1.0,A01
201300007021,0,7,0,0.0,2.0,3.0,0.0,B02
201300007022,0,7,0,2.0,0.0,7.0,1.0,A01
201300007023,0,31,0,0.0,0.0,4.0,0.0,A01
201300007023,1,10,0,0.0,2.0,1.0,0.0,B02
201300007024,0,7,0,0.0,2.0,3.0,13.0,A01
201300007024,0,7,0,0.0,2.0,3.0,1.0,B02
201300007025,0,33,0,0.0,2.0,1.0,13.0,A01
201300007025,0,7,0,0.0,2.0,3.0,1.0,B02
201300007026,0,30,0,16.0,0.0,1.0,1.0,A01
201300007027,0,7,0,0.0,0.0,1.0,1.0,A01
201300007028,0,7,0,0.0,2.0,8.0,17.0,A01
201300007028,0,7,0,0.0,2.0,8.0,1.0,B02
201300007029,0,7,0,2.0,0.0,1.0,1.0,A01
201300007030,0,10,0,14.0,0.0,1.0,1.0,A01
201300007031,0,7,0,0.0,2.0,2.0,13.0,A01
201300007031,0,7,0,2.0,2.0,1.0,1.0,B02
201300007032,0,7,0,2.0,0.0,2.0,1.0,A01
201300007033,0,7,0,0.0,2.0,3.0,1.0,A01
201300007033,0,10,0,0.0,2.0,3.0,1.0,B02
201300007034,0,7,0,0.0,2.0,2.0,9.0,A01
201300007034,0,7,0,0.0,2.0,3.0,1.0,B02
201300007035,0,30,0,7.0,0.0,2.0,1.0,A01
201300007036,0,7,0,0.0,2.0,3.0,15.0,A01
201300007036,0,7,0,0.0,2.0,1.0,2.0,B02
201300007037,0,7,0,13.0,0.0,0.0,1.0,A01
201300007038,0,7,0,0.0,2.0,1.0,1.0,A01
201300007038,0,7,0,0.0,2.0,7.0,1.0,B02
201300007039,0,38,2,1.0,0.0,0.0,1.0,A01
201300007039,0,7,0,2.0,0.0,2.0,0.0,B02
201300007040,0,33,0,0.0,0.0,8.0,1.0,A01
201300007041,0,7,0,0.0,2.0,1.0,17.0,A01
201300007041,0,7,0,0.0,2.0,1.0,1.0,B02
201300007042,0,7,0,2.0,0.0,2.0,1.0,A01
201300007043,0,7,0,13.0,0.0,9.0,1.0,A01
201300007044,0,7,0,2.0,0.0,1.0,14.0,A01
201300007045,0,33,0,13.0,0.0,7.0,1.0,A01
201300007046,0,7,0,13.0,0.0,1.0,1.0,A01
201300007047,0,7,0,13.0,0.0,9.0,1.0,A01
201300007048,0,10,0,0.0,0.0,3.0,0.0,A01
201300007049,0,7,0,2.0,0.0,1.0,1.0,A01
201300007050,0,7,0,0.0,1.0,3.0,1.0,A01
201300007051,0,33,0,0.0,0.0,7.0,0.0,A01
201300007052,0,7,0,0.0,2.0,3.0,21.0,A01
201300007052,0,7,0,0.0,2.0,3.0,13.0,B02
201300007053,0,36,0,6.0,0.0,9.0,15.0,A01
201300007054,2,7,0,0.0,2.0,3.0,15.0,A01
201300007054,0,7,0,0.0,2.0,1.0,1.0,B02
201300007055,0,7,0,0.0,2.0,3.0,0.0,B02
201300007055,0,7,0,0.0,2.0,3.0,21.0,A01
201300007056,0,7,0,0.0,1.0,1.0,11.0,A01
201300007057,0,31,0,1.0,2.0,1.0,13.0,A01
201300007057,0,15,0,0.0,9.0,3.0,0.0,B02
201300007058,0,7,0,0.0,2.0,3.0,1.0,A01
201300007058,0,14,0,0.0,2.0,3.0,1.0,B02
201300007059,0,2,0,5.0,0.0,0.0,1.0,A01
201300007060,0,7,0,8.0,0.0,1.0,1.0,A01
201300007061,0,7,0,0.0,2.0,2.0,1.0,A01
201300007061,0,7,0,0.0,2.0,2.0,19.0,B02
201300007062,0,7,0,8.0,0.0,7.0,16.0,A01
201300007063,0,7,0,0.0,0.0,3.0,15.0,A01
201300007063,0,7,0,0.0,2.0,7.0,1.0,B02
201300007064,0,10,0,0.0,1.0,1.0,1.0,A01
201300007065,0,10,0,0.0,2.0,1.0,17.0,A01
201300007065,0,30,0,0.0,2.0,4.0,15.0,B02
201300007066,0,7,0,0.0,2.0,3.0,13.0,A01
201300007066,0,7,0,0.0,2.0,9.0,1.0,B02
201300007067,0,7,0,6.0,0.0,1.0,14.0,A01
201300007068,0,7,0,0.0,2.0,1.0,2.0,A01
201300007068,0,10,0,0.0,0.0,4.0,2.0,B02
201300007069,0,7,0,0.0,0.0,9.0,13.0,A01
201300007069,0,15,0,0.0,0.0,2.0,1.0,B02
201300007069,0,7,0,0.0,2.0,1.0,1.0,C03
201300007070,0,7,0,0.0,2.0,3.0,23.0,A01
201300007070,0,7,0,0.0,2.0,3.0,23.0,B02
201300007070,0,7,0,0.0,2.0,3.0,2.0,C03
201300007070,0,7,0,0.0,2.0,2.0,15.0,D04
201300007070,0,7,0,0.0,0.0,0.0,23.0,E05
201300007071,0,7,0,0.0,0.0,1.0,2.0,A01
201300007071,0,7,0,0.0,0.0,4.0,0.0,B02
201300007072,0,10,0,0.0,2.0,1.0,1.0,B02
201300007072,0,2,0,0.0,2.0,0.0,1.0,C03
201300007072,0,7,0,15.0,2.0,2.0,9.0,A01
201300007073,0,7,0,2.0,0.0,8.0,1.0,A01
201300007074,0,7,0,0.0,2.0,8.0,15.0,A01
201300007074,0,33,0,0.0,2.0,7.0,17.0,B02
201300007074,0,7,0,1.0,0.0,7.0,0.0,C03
201300007075,0,14,0,0.0,2.0,8.0,15.0,A01
201300007075,0,10,0,0.0,2.0,3.0,1.0,B02
201300007076,0,7,0,13.0,0.0,1.0,1.0,A01
201300007077,0,7,0,0.0,2.0,8.0,1.0,B02
201300007077,0,7,0,0.0,2.0,3.0,13.0,A01
201300007078,0,33,0,0.0,6.0,1.0,1.0,A01
201300007079,0,14,0,0.0,2.0,3.0,1.0,A01
201300007079,0,7,0,0.0,2.0,1.0,13.0,B02
201300007080,0,7,0,16.0,0.0,0.0,1.0,A01
201300007081,0,7,0,0.0,0.0,9.0,0.0,A01
201300007082,0,7,0,0.0,2.0,3.0,1.0,A01
201300007082,0,21,0,0.0,2.0,3.0,1.0,B02
201300007083,0,3,0,0.0,1.0,4.0,4.0,A01
201300007084,0,10,0,0.0,2.0,3.0,10.0,A01
201300007084,0,31,0,0.0,2.0,1.0,1.0,B02
201300007085,0,7,0,0.0,9.0,2.0,1.0,A01
201300007085,0,30,0,0.0,2.0,1.0,19.0,B02
201300007086,0,7,0,0.0,2.0,3.0,21.0,C01
201300007086,0,7,0,0.0,2.0,3.0,1.0,B02