Num_Acc,senc,catv,occutc,obs,obsm,choc,manv,num_veh
201300007638,0,15,0,0.0,0.0,7.0,19.0,A01
201300007639,0,7,0,0.0,0.0,9.0,1.0,A01
201300007640,0,10,0,6.0,0.0,1.0,6.0,A01
201300007641,0,7,0,0.0,1.0,0.0,0.0,A01
201300007642,0,7,0,0.0,2.0,1.0,1.0,B02
201300007642,0,31,0,0.0,2.0,2.0,19.0,A01
201300007643,0,7,0,3.0,0.0,1.0,17.0,A01
201300007644,0,1,0,0.0,2.0,4.0,0.0,B02
201300007644,0,1,0,0.0,2.0,1.0,0.0,C03
201300007645,0,7,0,0.0,2.0,3.0,2.0,A01
201300007645,0,7,0,0.0,2.0,7.0,17.0,B02
201300007646,0,1,0,0.0,2.0,4.0,1.0,B02
201300007646,0,10,0,0.0,9.0,1.0,16.0,A01
201300007647,0,14,0,0.0,2.0,3.0,2.0,A01
201300007647,0,14,0,0.0,2.0,1.0,11.0,B02
201300007647,0,14,0,0.0,2.0,3.0,0.0,C03
201300007648,0,34,0,0.0,2.0,2.0,17.0,B02
201300007648,0,10,0,0.0,2.0,8.0,15.0,A01
201300007649,0,3,0,0.0,0.0,0.0,0.0,A01
201300007650,1,7,0,0.0,1.0,7.0,1.0,A01
201300007651,0,7,0,13.0,0.0,1.0,19.0,A01
201300007652,0,7,0,0.0,2.0,3.0,19.0,A01
201300007652,0,33,0,0.0,2.0,8.0,1.0,B02
201300007653,0,7,0,0.0,2.0,1.0,13.0,A01
201300007653,0,14,0,0.0,2.0,1.0,1.0,B02
201300007654,0,7,0,0.0,2.0,7.0,15.0,A01
201300007654,0,30,0,0.0,2.0,1.0,1.0,B02
201300007655,0,10,0,0.0,2.0,3.0,19.0,A01
201300007655,0,10,0,0.0,2.0,3.0,1.0,B02
201300007656,0,10,0,0.0,2.0,1.0,1.0,B02
201300007656,0,10,0,0.0,2.0,7.0,13.0,A01
201300007657,0,1,0,0.0,2.0,1.0,1.0,A01
201300007657,0,14,0,0.0,2.0,6.0,19.0,B02
201300007658,0,15,0,0.0,2.0,2.0,2.0,A01
201300007658,0,1,0,0.0,0.0,4.0,15.0,B02
201300007659,0,10,0,0.0,0.0,5.0,15.0,A01
201300007659,0,33,0,0.0,0.0,1.0,1.0,B02
201300007660,0,7,0,13.0,0.0,9.0,14.0,A01
201300007661,0,7,0,0.0,2.0,6.0,13.0,A01
201300007661,0,7,0,0.0,2.0,2.0,1.0,B02
201300007662,0,33,0,0.0,2.0,1.0,13.0,A01
201300007662,0,7,0,0.0,2.0,3.0,1.0,B02
201300007663,0,7,0,0.0,2.0,1.0,1.0,A01
201300007663,0,7,0,0.0,2.0,4.0,1.0,B02
201300007663,0,7,0,0.0,2.0,4.0,1.0,C03
201300007664,0,33,0,16.0,0.0,1.0,1.0,A01
201300007665,0,7,0,0.0,2.0,3.0,10.0,A01
201300007665,0,33,0,0.0,2.0,1.0,1.0,B02
201300007666,0,7,0,0.0,2.0,1.0,13.0,A01
201300007666,0,7,0,0.0,2.0,1.0,1.0,B02
201300007667,0,7,0,0.0,2.0,3.0,1.0,A01
201300007667,0,7,0,0.0,2.0,2.0,1.0,B02
201300007668,0,1,0,0.0,1.0,1.0,1.0,A01
201300007668,0,1,0,0.0,1.0,1.0,1.0,B02
201300007668,0,1,0,0.0,1.0,1.0,1.0,C03
201300007669,0,7,0,0.0,2.0,2.0,13.0,A01
201300007669,0,33,0,0.0,2.0,1.0,1.0,B02
201300007669,0,33,0,0.0,2.0,1.0,1.0,C03
201300007670,0,7,0,0.0,0.0,1.0,13.0,A01
201300007670,0,7,0,0.0,0.0,1.0,1.0,B02
201300007671,0,7,0,2.0,0.0,1.0,14.0,A01
201300007672,0,7,0,0.0,2.0,7.0,13.0,A01
201300007672,0,7,0,0.0,2.0,1.0,1.0,B02
201300007673,0,7,0,0.0,0.0,9.0,11.0,A01
201300007674,0,7,0,0.0,1.0,1.0,0.0,A01
201300007675,0,7,0,8.0,0.0,3.0,1.0,A01
201300007676,0,7,0,2.0,0.0,8.0,19.0,A01
201300007677,0,33,0,7.0,0.0,1.0,1.0,A01
201300007678,0,7,0,0.0,2.0,1.0,1.0,A01
201300007678,0,7,0,0.0,2.0,8.0,15.0,B02
201300007679,0,7,0,0.0,2.0,1.0,19.0,A01
201300007679,0,31,0,0.0,2.0,1.0,21.0,B02
201300007680,0,33,0,0.0,2.0,7.0,17.0,A01
201300007680,0,20,0,0.0,2.0,8.0,1.0,B02
201300007681,0,33,0,8.0,0.0,1.0,1.0,A01
201300007682,0,7,0,8.0,0.0,1.0,0.0,A01
201300007683,0,7,0,15.0,0.0,1.0,1.0,A01
201300007684,0,7,0,0.0,2.0,1.0,1.0,A01
201300007684,0,7,0,0.0,2.0,1.0,1.0,B02
201300007685,0,7,0,14.0,0.0,4.0,0.0,A01
201300007686,0,7,0,13.0,0.0,2.0,1.0,A01
201300007687,0,7,0,13.0,0.0,9.0,1.0,A01
201300007688,0,7,0,0.0,0.0,0.0,1.0,A01
201300007689,0,7,0,8.0,0.0,1.0,1.0,A01
201300007690,0,33,0,3.0,0.0,9.0,1.0,A01
201300007691,0,33,0,3.0,0.0,2.0,0.0,A01
201300007692,0,7,0,0.0,2.0,3.0,15.0,A01
201300007692,0,33,0,0.0,2.0,2.0,1.0,B02
201300007693,0,33,0,0.0,2.0,1.0,13.0,A01
201300007693,0,7,0,0.0,2.0,3.0,1.0,B02
201300007694,0,33,0,0.0,2.0,1.0,13.0,A01
201300007694,0,7,0,0.0,2.0,2.0,1.0,B02
201300007695,0,33,0,0.0,2.0,1.0,0.0,A01
201300007695,0,10,0,0.0,0.0,3.0,0.0,B02
201300007696,0,7,0,0.0,2.0,3.0,1.0,B02
201300007696,0,33,0,0.0,2.0,3.0,1.0,A01
201300007697,0,7,0,0.0,1.0,6.0,20.0,A01
201300007698,0,7,0,1.0,1.0,2.0,1.0,A01
201300007698,0,7,0,1.0,0.0,2.0,24.0,B02
201300007699,0,33,0,13.0,0.0,1.0,1.0,A01
201300007700,0,7,0,0.0,2.0,1.0,1.0,A01
201300007700,0,10,0,0.0,2.0,4.0,2.0,B02
201300007701,0,33,0,0.0,2.0,1.0,1.0,A01
201300007701,0,7,0,0.0,2.0,1.0,1.0,B02
201300007702,0,33,0,13.0,0.0,9.0,13.0,A01
201300007703,0,33,0,13.0,0.0,9.0,13.0,A01
201300007704,0,7,0,6.0,0.0,2.0,1.0,A01
201300007705,0,7,0,13.0,0.0,2.0,16.0,A01
201300007706,0,33,0,0.0,2.0,8.0,13.0,A01
201300007706,0,7,0,0.0,9.0,1.0,1.0,B02
201300007707,0,33,0,4.0,0.0,7.0,0.0,A01
201300007708,0,37,0,6.0,1.0,5.0,15.0,A01
201300007709,0,33,0,0.0,0.0,0.0,15.0,A01
201300007710,0,7,0,16.0,0.0,0.0,16.0,A01
201300007711,0,33,0,0.0,2.0,8.0,17.0,A01
201300007711,0,7,0,0.0,2.0,3.0,1.0,B02
201300007712,0,7,0,0.0,2.0,8.0,1.0,A01
201300007712,0,7,0,0.0,2.0,1.0,1.0,B02
201300007713,0,7,0,0.0,2.0,1.0,5.0,A01
201300007713,0,7,0,0.0,2.0,1.0,1.0,B02
201300007714,0,10,0,0.0,2.0,3.0,13.0,A01
201300007714,0,7,0,0.0,2.0,1.0,1.0,B02
201300007715,0,10,0,0.0,2.0,1.0,15.0,A01
201300007715,0,33,0,0.0,2.0,1.0,1.0,B02
201300007716,0,7,0,0.0,2.0,2.0,19.0,A01
201300007716,0,7,0,0.0,2.0,1.0,1.0,B02
201300007717,0,7,0,0.0,2.0,3.0,1.0,A01
201300007717,0,7,0,8.0,2.0,8.0,1.0,B02
201300007718,0,7,0,2.0,0.0,1.0,14.0,A01
201300007719,0,33,0,2.0,0.0,1.0,13.0,A01
201300007720,0,7,0,0.0,1.0,7.0,1.0,A01
201300007721,0,38,1,0.0,2.0,2.0,1.0,B02
201300007721,0,7,0,0.0,2.0,7.0,21.0,A01
201300007722,0,7,0,0.0,2.0,8.0,13.0,A01
201300007722,0,7,0,0.0,2.0,8.0,1.0,B02
201300007723,0,21,0,0.0,0.0,0.0,14.0,A01
201300007724,0,33,0,8.0,0.0,0.0,17.0,A01
201300007725,0,7,0,0.0,2.0,1.0,1.0,A01
201300007725,0,7,0,0.0,2.0,8.0,15.0,B02
201300007726,0,7,0,8.0,0.0,4.0,17.0,A01
201300007727,0,7,0,16.0,0.0,7.0,14.0,A01
201300007728,0,7,0,0.0,2.0,1.0,13.0,A01
201300007728,0,10,0,0.0,2.0,1.0,1.0,B02
201300007729,0,7,0,2.0,0.0,7.0,13.0,A01
201300007730,0,14,0,0.0,2.0,1.0,1.0,A01
201300007730,0,33,0,0.0,2.0,1.0,15.0,B02
201300007731,0,7,0,13.0,0.0,9.0,1.0,A01
201300007732,0,7,0,8.0,0.0,8.0,1.0,A01
201300007733,0,7,0,8.0,0.0,9.0,21.0,A01
201300007734,0,7,0,8.0,0.0,1.0,1.0,A01
201300007735,0,7,0,0.0,0.0,5.0,16.0,A01
201300007735,0,2,0,0.0,2.0,1.0,18.0,B02
201300007736,0,7,0,0.0,2.0,2.0,15.0,A01
201300007736,0,33,0,0.0,2.0,1.0,1.0,B02
201300007737,0,7,0,0.0,2.0,1.0,2.0,A01
201300007737,0,1,0,0.0,,4.0,1.0,B02
201300007738,0,7,0,13.0,0.0,1.0,1.0,A01
201300007739,0,17,0,13.0,0.0,3.0,1.0,A01
201300007740,0,7,0,2.0,0.0,9.0,0.0,A01
201300007741,0,33,0,0.0,2.0,1.0,1.0,A01
201300007741,0,7,0,15.0,,3.0,16.0,B02
201300007742,0,7,0,0.0,2.0,3.0,13.0,A01
201300007742,0,7,0,0.0,2.0,3.0,1.0,B02
201300007743,0,33,0,0.0,2.0,1.0,2.0,A01
201300007743,0,7,0,0.0,,6.0,2.0,B02
201300007744,0,10,0,0.0,2.0,2.0,15.0,A01
201300007744,0,31,0,0.0,2.0,1.0,1.0,B02
201300007745,0,33,0,0.0,2.0,1.0,1.0,A01
201300007745,0,7,0,0.0,,3.0,1.0,B02
201300007746,0,21,0,0.0,2.0,2.0,1.0,B02
201300007746,0,31,0,0.0,2.0,1.0,1.0,A01
201300007747,0,2,0,0.0,0.0,3.0,1.0,B02
201300007747,0,2,0,0.0,0.0,3.0,1.0,A01
201300007748,0,33,0,0.0,2.0,1.0,1.0,B02
201300007748,0,7,0,0.0,2.0,5.0,15.0,A01
201300007749,0,7,0,0.0,2.0,2.0,1.0,A01
201300007749,0,7,0,0.0,2.0,2.0,1.0,D04
201300007749,0,7,0,0.0,2.0,2.0,1.0,B02
201300007749,0,7,0,0.0,2.0,1.0,13.0,C03
201300007750,0,33,0,0.0,2.0,1.0,13.0,A01
201300007750,0,10,0,0.0,2.0,3.0,21.0,B02
201300007751,0,33,0,13.0,0.0,1.0,1.0,A01
201300007752,0,7,0,0.0,2.0,1.0,1.0,B02
201300007752,0,33,0,0.0,2.0,1.0,13.0,A01
201300007753,0,7,0,0.0,2.0,9.0,1.0,A01
201300007753,0,7,0,0.0,,8.0,1.0,B02
201300007754,0,10,0,0.0,2.0,0.0,5.0,A01
201300007754,0,7,0,0.0,,1.0,1.0,B02
201300007755,0,1,0,0.0,2.0,0.0,17.0,B02
201300007755,0,7,0,0.0,2.0,2.0,17.0,A01
201300007756,0,33,0,0.0,2.0,1.0,17.0,A01
201300007756,0,7,0,0.0,2.0,3.0,15.0,B02
201300007757,0,7,0,0.0,1.0,2.0,1.0,A01
201300007758,0,7,0,13.0,0.0,1.0,1.0,A01
201300007759,0,7,0,16.0,0.0,1.0,1.0,A01
201300007760,0,7,0,0.0,1.0,2.0,1.0,A01
201300007761,0,10,0,0.0,,3.0,1.0,B02
201300007761,0,33,0,0.0,2.0,1.0,13.0,A01
201300007762,0,7,0,6.0,0.0,3.0,13.0,A01
201300007763,0,33,0,0.0,2.0,8.0,10.0,A01
201300007763,0,33,0,0.0,,1.0,1.0,B02
201300007764,0,7,0,0.0,2.0,3.0,13.0,A01
201300007764,0,7,0,0.0,2.0,1.0,1.0,B02
201300007765,0,7,0,,,5.0,1.0,B02
201300007765,0,7,0,0.0,2.0,3.0,9.0,A01
201300007766,0,7,0,0.0,2.0,7.0,13.0,A01
201300007766,0,7,0,0.0,,3.0,1.0,B02
201300007767,0,7,0,3.0,2.0,3.0,13.0,A01
201300007767,0,15,0,0.0,,3.0,1.0,B02
201300007768,0,7,0,0.0,2.0,3.0,13.0,A01
201300007768,0,15,0,0.0,,3.0,1.0,B02
201300007769,0,7,0,13.0,0.0,3.0,1.0,A01
201300007770,0,7,0,0.0,2.0,2.0,21.0,B02
201300007770,0,7,0,0.0,2.0,1.0,13.0,A01
201300007771,0,7,0,0.0,2.0,3.0,17.0,A01
201300007771,0,7,0,0.0,2.0,3.0,1.0,B02
201300007772,0,7,0,0.0,1.0,2.0,14.0,A01
201300007773,0,7,0,0.0,0.0,5.0,23.0,A01
201300007773,0,7,0,0.0,2.0,1.0,1.0,B02
201300007774,0,7,0,0.0,,3.0,1.0,A01
201300007774,0,7,0,0.0,2.0,3.0,13.0,B02
201300007775,0,7,0,0.0,1.0,5.0,1.0,A01
201300007776,0,7,0,0.0,2.0,1.0,1.0,B02
201300007776,0,7,0,0.0,2.0,1.0,5.0,A01
201300007777,0,1,0,0.0,2.0,1.0,1.0,B02
201300007777,0,7,0,0.0,9.0,3.0,13.0,A01
201300007778,0,2,0,0.0,2.0,1.0,1.0,A01
201300007778,0,14,0,0.0,0.0,6.0,23.0,B02
201300007779,0,7,0,0.0,2.0,1.0,5.0,A01
201300007779,0,30,0,0.0,2.0,1.0,1.0,B02
201300007780,0,33,0,1.0,0.0,1.0,2.0,A01
201300007780,0,7,0,0.0,0.0,6.0,23.0,B02
201300007781,0,7,0,0.0,1.0,3.0,17.0,A01
201300007782,0,7,0,0.0,2.0,7.0,17.0,A01
201300007782,0,30,0,0.0,2.0,8.0,15.0,B02
201300007783,0,7,0,6.0,0.0,1.0,1.0,A01
201300007784,0,33,0,0.0,2.0,1.0,13.0,A01
201300007784,0,7,0,0.0,2.0,2.0,23.0,B02
201300007785,0,7,0,0.0,2.0,7.0,13.0,A01
201300007785,0,7,0,0.0,2.0,2.0,1.0,B02
201300007786,0,7,0,0.0,2.0,3.0,1.0,A01
201300007786,0,7,0,0.0,2.0,3.0,1.0,B02
201300007787,0,7,0,0.0,2.0,7.0,1.0,A01
201300007787,0,7,0,0.0,2.0,1.0,1.0,B02
201300007788,0,7,0,0.0,2.0,6.0,1.0,A01
201300007788,0,7,0,0.0,2.0,3.0,1.0,B02
201300007789,0,7,0,0.0,1.0,1.0,1.0,A01
201300007790,0,7,0,0.0,2.0,8.0,10.0,A01
201300007790,0,32,0,0.0,2.0,1.0,17.0,B02
201300007791,0,7,0,0.0,2.0,3.0,13.0,A01
201300007791,0,37,0,0.0,2.0,3.0,1.0,B02
201300007792,0,7,0,0.0,2.0,8.0,10.0,A01
201300007792,0,33,0,0.0,2.0,1.0,1.0,B02
201300007793,0,7,0,0.0,1.0,2.0,16.0,A01
201300007794,0,32,0,6.0,0.0,1.0,1.0,A01
201300007795,0,1,0,0.0,2.0,1.0,2.0,A01
201300007795,0,7,0,0.0,9.0,4.0,0.0,B02
201300007796,0,1,0,0.0,2.0,4.0,1.0,B02
201300007796,0,7,0,0.0,2.0,3.0,9.0,A01
201300007797,0,7,0,0.0,2.0,5.0,15.0,A01
201300007797,0,33,0,0.0,2.0,1.0,1.0,B02
201300007798,0,33,0,0.0,2.0,1.0,1.0,A01
201300007798,0,7,0,0.0,2.0,6.0,19.0,B02
201300007799,0,30,0,0.0,2.0,1.0,1.0,A01
201300007799,0,7,0,0.0,2.0,4.0,14.0,B02
201300007800,0,10,0,0.0,1.0,6.0,4.0,A01
201300007801,0,33,0,0.0,2.0,1.0,1.0,B02
201300007801,0,7,0,0.0,2.0,3.0,15.0,A01
201300007802,0,31,0,0.0,2.0,7.0,1.0,B02
201300007802,0,99,0,0.0,2.0,1.0,19.0,A01
201300007803,0,33,0,0.0,2.0,1.0,1.0,A01
201300007803,0,7,0,0.0,0.0,8.0,19.0,B02
201300007804,0,7,0,0.0,2.0,1.0,19.0,A01
201300007804,0,30,0,0.0,2.0,1.0,0.0,B02
201300007805,0,7,0,0.0,2.0,8.0,19.0,B02
201300007805,0,34,0,0.0,2.0,1.0,1.0,A01
201300007806,0,7,0,0.0,2.0,1.0,1.0,A01
201300007806,0,32,0,0.0,2.0,7.0,1.0,B02
201300007807,0,34,0,0.0,2.0,1.0,1.0,B02
201300007807,0,7,0,0.0,2.0,3.0,15.0,A01
201300007808,0,33,0,0.0,2.0,2.0,13.0,A01
201300007808,0,7,0,0.0,2.0,1.0,1.0,B02
201300007809,0,7,0,0.0,2.0,3.0,15.0,A01
201300007809,0,2,0,0.0,2.0,1.0,3.0,B02
201300007810,0,7,0,0.0,2.0,8.0,19.0,A01
201300007810,0,33,0,0.0,2.0,1.0,1.0,B02
201300007811,0,7,0,0.0,2.0,2.0,1.0,A01
201300007811,0,30,0,0.0,2.0,3.0,1.0,B02
201300007812,0,33,0,0.0,1.0,1.0,19.0,A01
201300007813,0,7,0,0.0,2.0,6.0,19.0,A01
201300007813,0,1,0,0.0,2.0,2.0,1.0,B02
201300007814,0,7,0,0.0,2.0,1.0,1.0,B02
201300007814,0,7,0,0.0,2.0,2.0,15.0,A01
201300007815,0,2,0,0.0,0.0,4.0,1.0,B02
201300007815,0,10,0,0.0,2.0,1.0,1.0,A01
201300007816,0,30,0,0.0,2.0,1.0,1.0,A01
201300007816,0,7,0,0.0,2.0,3.0,16.0,B02
201300007817,0,7,0,8.0,0.0,8.0,1.0,A01
201300007818,0,30,0,0.0,1.0,2.0,1.0,A01
201300007819,0,7,0,0.0,2.0,1.0,13.0,A01
201300007819,0,33,0,0.0,2.0,1.0,1.0,B02
201300007820,0,7,0,0.0,2.0,3.0,13.0,A01
201300007820,0,7,0,0.0,2.0,1.0,1.0,B02
201300007821,0,10,0,2.0,0.0,2.0,14.0,A01
201300007822,0,33,0,16.0,0.0,0.0,1.0,A01
201300007823,0,7,0,0.0,1.0,1.0,1.0,A01
201300007824,0,30,0,0.0,0.0,7.0,16.0,A01
201300007825,0,7,0,0.0,2.0,1.0,1.0,A01
201300007825,0,37,0,0.0,2.0,3.0,1.0,B02
201300007826,0,33,0,0.0,0.0,8.0,13.0,B02
201300007826,0,7,0,0.0,0.0,8.0,0.0,A01
201300007827,0,31,0,0.0,0.0,1.0,1.0,A01
201300007828,0,32,0,6.0,0.0,1.0,1.0,A01
201300007829,0,7,0,0.0,2.0,2.0,13.0,A01
201300007829,0,7,0,0.0,2.0,1.0,1.0,B02
201300007830,0,31,0,6.0,0.0,8.0,0.0,A01
201300007831,0,14,0,0.0,1.0,1.0,1.0,A01
201300007832,0,15,0,0.0,0.0,6.0,24.0,B02
201300007832,0,7,0,1.0,0.0,2.0,1.0,A01
201300007833,0,7,0,0.0,2.0,2.0,15.0,A01
201300007833,0,33,0,0.0,2.0,1.0,1.0,B02
201300007834,0,7,0,0.0,2.0,1.0,13.0,A01
201300007834,0,7,0,0.0,2.0,1.0,1.0,B02
201300007835,0,7,0,0.0,2.0,3.0,13.0,A01
201300007835,0,2,0,0.0,2.0,1.0,1.0,B02
201300007836,0,7,0,0.0,2.0,1.0,13.0,A01
201300007836,0,14,0,0.0,2.0,3.0,1.0,B02
201300007837,0,33,0,0.0,6.0,1.0,1.0,A01
201300007838,0,7,0,10.0,0.0,9.0,1.0,A01
201300007839,0,7,0,6.0,2.0,1.0,1.0,A01
201300007839,0,7,0,0.0,2.0,1.0,1.0,B02
201300007840,0,7,0,1.0,0.0,2.0,1.0,A01
201300007841,0,33,0,3.0,0.0,3.0,1.0,A01
201300007842,0,33,0,0.0,1.0,1.0,17.0,A01
201300007843,0,7,0,0.0,9.0,2.0,1.0,A01
201300007843,0,1,0,0.0,2.0,8.0,1.0,B02
201300007844,0,32,0,9.0,0.0,1.0,1.0,A01
201300007845,0,7,0,0.0,1.0,2.0,1.0,A01
201300007846,0,33,0,0.0,1.0,1.0,1.0,A01
201300007847,0,31,0,5.0,0.0,2.0,1.0,A01
201300007848,0,32,0,0.0,0.0,1.0,1.0,A01
201300007849,0,7,0,0.0,9.0,0.0,1.0,A01
201300007850,0,33,0,0.0,2.0,8.0,1.0,A01
201300007850,0,7,0,0.0,0.0,6.0,2.0,B02
201300007851,0,33,0,0.0,0.0,0.0,1.0,A01
201300007852,0,7,0,0.0,2.0,3.0,0.0,B02
201300007852,0,10,0,0.0,2.0,3.0,13.0,A01
201300007853,0,33,0,3.0,0.0,1.0,0.0,A01
201300007854,0,33,0,0.0,2.0,1.0,21.0,A01
201300007854,0,7,0,0.0,2.0,1.0,0.0,B02
201300007855,0,33,0,0.0,2.0,3.0,0.0,A01
201300007855,0,34,0,0.0,2.0,3.0,0.0,B02
201300007856,0,7,0,0.0,2.0,1.0,1.0,B02
201300007856,0,33,0,0.0,2.0,1.0,0.0,A01
201300007857,0,33,0,0.0,2.0,1.0,13.0,B02
201300007857,0,7,0,0.0,2.0,3.0,1.0,A01
201300007858,0,33,0,0.0,2.0,1.0,13.0,A01
201300007858,0,1,0,0.0,2.0,1.0,1.0,C03
201300007858,0,1,0,0.0,2.0,1.0,1.0,B02
201300007859,0,7,0,0.0,2.0,5.0,1.0,B02
201300007859,0,2,0,0.0,2.0,1.0,2.0,A01
201300007860,0,7,0,0.0,2.0,3.0,13.0,A01
201300007860,0,7,0,0.0,2.0,1.0,1.0,B02
201300007861,0,7,0,2.0,0.0,1.0,2.0,A01
201300007862,0,10,0,0.0,2.0,1.0,1.0,B02
201300007862,0,33,0,0.0,2.0,1.0,13.0,A01
201300007863,0,7,0,0.0,2.0,3.0,1.0,B02
201300007863,0,7,0,0.0,2.0,3.0,13.0,A01
201300007864,0,7,0,0.0,6.0,0.0,21.0,A01
201300007865,0,10,0,0.0,2.0,8.0,13.0,A01
201300007865,0,33,0,0.0,2.0,7.0,18.0,B02
201300007866,0,7,0,0.0,2.0,2.0,1.0,B02
201300007866,0,7,0,0.0,2.0,8.0,15.0,A01
201300007867,0,7,0,6.0,0.0,3.0,1.0,A01
201300007868,0,7,0,2.0,0.0,1.0,1.0,A01
201300007869,0,33,0,13.0,0.0,7.0,1.0,A01
201300007870,0,7,0,2.0,0.0,9.0,13.0,A01
201300007871,0,33,0,2.0,0.0,9.0,15.0,A01
201300007872,0,33,0,0.0,2.0,1.0,1.0,A01
201300007872,0,7,0,0.0,2.0,3.0,1.0,B02
201300007873,0,7,0,0.0,2.0,2.0,1.0,A01
201300007873,0,33,0,0.0,2.0,1.0,1.0,B02
201300007874,0,33,0,3.0,0.0,3.0,1.0,A01
201300007875,0,10,0,0.0,0.0,2.0,2.0,B02
201300007875,0,10,0,0.0,0.0,3.0,2.0,A01
201300007876,0,33,0,0.0,2.0,1.0,17.0,B02
201300007876,0,14,0,0.0,2.0,8.0,15.0,A01
201300007877,0,33,0,3.0,0.0,2.0,1.0,A01
201300007878,0,33,0,0.0,0.0,0.0,0.0,A01
201300007879,0,7,0,0.0,1.0,7.0,1.0,A01
201300007880,0,2,0,0.0,2.0,1.0,17.0,A01
201300007880,0,7,0,0.0,2.0,3.0,1.0,B02
201300007881,0,7,0,0.0,2.0,1.0,0.0,A01
201300007881,0,7,0,0.0,2.0,1.0,13.0,B02
201300007882,0,30,0,0.0,2.0,1.0,13.0,B02
201300007882,0,7,0,0.0,2.0,1.0,1.0,A01
201300007883,0,34,0,0.0,0.0,3.0,17.0,B02
201300007883,0,10,0,0.0,0.0,3.0,1.0,A01
201300007884,0,1,0,0.0,0.0,7.0,1.0,A01
201300007885,0,7,0,0.0,2.0,3.0,1.0,A01
201300007885,0,7,0,0.0,2.0,3.0,1.0,B02
201300007886,0,33,0,13.0,2.0,1.0,17.0,A01
201300007886,0,33,0,13.0,2.0,4.0,13.0,B02
201300007887,0,7,0,0.0,2.0,3.0,13.0,A01
201300007887,0,14,0,0.0,2.0,3.0,1.0,B02
201300007888,0,13,0,0.0,0.0,4.0,1.0,B02
201300007888,0,2,0,0.0,2.0,1.0,1.0,A01
201300007889,0,7,0,0.0,2.0,3.0,13.0,A01
201300007889,0,7,0,0.0,2.0,3.0,1.0,B02
201300007890,0,7,0,0.0,0.0,4.0,23.0,B02
201300007890,0,7,0,0.0,2.0,1.0,1.0,A01
201300007891,0,1,0,13.0,0.0,1.0,1.0,A01
201300007892,0,33,0,0.0,6.0,1.0,1.0,A01
201300007893,0,31,0,0.0,0.0,3.0,1.0,B02
201300007893,0,7,0,0.0,0.0,2.0,9.0,A01
201300007894,0,7,0,1.0,1.0,2.0,16.0,A01
201300007895,0,30,0,12.0,0.0,8.0,21.0,A01
201300007896,0,7,0,0.0,2.0,1.0,1.0,B02
201300007896,0,33,0,0.0,2.0,1.0,13.0,A01
201300007897,0,31,0,0.0,2.0,7.0,1.0,B02
201300007897,0,7,0,0.0,2.0,3.0,19.0,A01
201300007898,0,33,0,0.0,2.0,1.0,1.0,A01
201300007898,0,7,0,0.0,0.0,3.0,15.0,B02
201300007899,0,33,0,0.0,2.0,7.0,1.0,B02
201300007899,0,7,0,0.0,2.0,3.0,15.0,A01
201300007900,0,33,0,0.0,2.0,8.0,13.0,A01
201300007900,0,7,0,0.0,2.0,8.0,1.0,B02
201300007901,0,7,0,2.0,0.0,3.0,1.0,A01
201300007902,0,33,0,2.0,0.0,1.0,14.0,A01
201300007903,0,33,0,1.0,0.0,1.0,1.0,A01
201300007904,0,7,0,0.0,0.0,7.0,15.0,B02
201300007904,0,33,0,0.0,0.0,1.0,1.0,A01
201300007905,0,33,0,0.0,2.0,0.0,21.0,B02
201300007905,0,33,0,0.0,0.0,0.0,1.0,A01
201300007906,0,7,0,13.0,0.0,2.0,1.0,A01
201300007907,0,7,0,9.0,0.0,1.0,1.0,A01
201300007908,0,7,0,0.0,1.0,1.0,1.0,A01
201300007909,0,14,0,0.0,2.0,1.0,21.0,B02
201300007909,0,7,0,0.0,2.0,3.0,15.0,A01
201300007910,0,2,0,0.0,2.0,1.0,1.0,B02
201300007910,0,7,0,0.0,2.0,2.0,15.0,A01
201300007911,0,7,0,0.0,2.0,1.0,1.0,B02
201300007911,0,7,0,0.0,2.0,1.0,19.0,A01
201300007912,0,7,0,0.0,9.0,3.0,1.0,A01
201300007912,0,1,0,14.0,9.0,1.0,2.0,E05
201300007912,0,1,0,0.0,9.0,1.0,1.0,D04
201300007912,0,1,0,0.0,2.0,1.0,13.0,B02
201300007912,0,1,0,0.0,2.0,1.0,13.0,C03
201300007912,0,1,0,14.0,9.0,1.0,1.0,F06
201300007913,0,17,0,9.0,0.0,1.0,1.0,A01
201300007914,0,10,0,0.0,2.0,3.0,1.0,A01
201300007914,0,7,0,0.0,2.0,3.0,1.0,B02
201300007915,0,7,0,13.0,0.0,9.0,1.0,A01
201300007916,0,7,0,0.0,2.0,3.0,21.0,A01
201300007916,0,7,0,0.0,2.0,8.0,1.0,B02
201300007917,0,33,0,0.0,2.0,7.0,15.0,B02
201300007917,0,33,0,0.0,2.0,8.0,15.0,A01
201300007918,0,7,0,0.0,2.0,2.0,5.0,A01
201300007918,0,10,0,0.0,2.0,3.0,1.0,B02
201300007919,0,7,0,2.0,0.0,1.0,13.0,A01
201300007920,0,7,0,0.0,2.0,3.0,21.0,A01
201300007920,0,10,0,0.0,2.0,8.0,19.0,B02
201300007921,0,7,0,0.0,1.0,3.0,15.0,A01