Num_Acc,senc,catv,occutc,obs,obsm,choc,manv,num_veh
201300007922,0,30,0,0.0,2.0,1.0,13.0,A01
201300007922,0,7,0,0.0,0.0,3.0,1.0,B02
201300007923,0,7,0,0.0,2.0,3.0,13.0,A01
201300007923,0,10,0,3.0,2.0,3.0,1.0,B02
201300007924,0,7,0,0.0,2.0,8.0,1.0,B02
201300007924,0,14,0,0.0,2.0,1.0,13.0,A01
201300007924,0,7,0,0.0,2.0,1.0,1.0,C03
201300007925,0,7,0,0.0,1.0,2.0,1.0,A01
201300007926,0,7,0,0.0,2.0,2.0,1.0,B02
201300007926,0,7,0,0.0,2.0,3.0,9.0,A01
201300007927,0,7,0,6.0,0.0,1.0,14.0,A01
201300007928,0,7,0,0.0,1.0,1.0,1.0,A01
201300007929,0,38,1,0.0,0.0,6.0,19.0,A01
201300007929,0,7,0,0.0,2.0,1.0,0.0,B02
201300007930,0,7,0,0.0,0.0,7.0,1.0,A01
201300007930,0,1,0,0.0,2.0,1.0,15.0,B02
201300007931,0,7,0,0.0,1.0,2.0,1.0,A01
201300007932,0,3,0,0.0,0.0,9.0,1.0,A01
201300007933,0,33,0,16.0,0.0,1.0,2.0,A01
201300007934,0,20,0,0.0,0.0,9.0,1.0,A01
201300007935,0,7,0,0.0,1.0,7.0,21.0,A01
201300007936,0,10,0,0.0,2.0,1.0,13.0,A01
201300007936,0,7,0,0.0,2.0,1.0,1.0,B02
201300007937,0,7,0,0.0,2.0,1.0,1.0,C03
201300007937,0,7,0,0.0,2.0,3.0,1.0,B02
201300007937,0,7,0,0.0,2.0,3.0,13.0,A01
201300007938,0,10,0,0.0,2.0,2.0,13.0,A01
201300007938,0,10,0,0.0,2.0,1.0,1.0,B02
201300007939,0,7,0,0.0,2.0,1.0,1.0,B02
201300007939,0,7,0,0.0,2.0,1.0,13.0,A01
201300007940,0,7,0,0.0,2.0,1.0,1.0,A01
201300007940,0,7,0,0.0,0.0,4.0,1.0,B02
201300007941,0,33,0,3.0,0.0,8.0,13.0,A01
201300007942,0,7,0,0.0,2.0,8.0,19.0,B02
201300007942,0,7,0,0.0,2.0,1.0,1.0,A01
201300007943,0,33,0,0.0,0.0,9.0,13.0,A01
201300007944,0,7,0,0.0,2.0,3.0,1.0,A01
201300007944,0,1,0,0.0,2.0,7.0,14.0,B02
201300007945,0,10,0,0.0,0.0,4.0,9.0,B02
201300007945,0,32,0,0.0,2.0,1.0,9.0,A01
201300007946,0,10,0,8.0,0.0,2.0,1.0,A01
201300007947,0,10,0,12.0,0.0,1.0,1.0,A01
201300007948,0,7,0,0.0,0.0,6.0,15.0,B02
201300007948,0,33,0,0.0,2.0,1.0,1.0,A01
201300007949,0,7,0,0.0,2.0,3.0,1.0,B02
201300007949,0,7,0,0.0,2.0,3.0,13.0,A01
201300007950,0,14,0,0.0,0.0,9.0,1.0,A01
201300007951,0,33,0,0.0,2.0,1.0,21.0,C03
201300007951,0,7,0,0.0,0.0,0.0,10.0,A01
201300007951,0,7,0,0.0,0.0,6.0,21.0,B02
201300007952,0,7,0,2.0,0.0,1.0,14.0,A01
201300007953,0,7,0,2.0,0.0,1.0,2.0,A01
201300007954,0,2,0,0.0,2.0,1.0,1.0,B02
201300007954,1,7,0,0.0,2.0,1.0,1.0,Z01
201300007955,0,7,0,0.0,0.0,3.0,1.0,A01
201300007955,0,30,0,0.0,0.0,1.0,13.0,B02
201300007956,0,7,0,8.0,0.0,1.0,1.0,A01
201300007957,0,7,0,8.0,0.0,2.0,14.0,A01
201300007958,0,7,0,0.0,2.0,8.0,0.0,B02
201300007958,0,7,0,0.0,2.0,1.0,0.0,A01
201300007959,0,7,0,0.0,2.0,3.0,1.0,B02
201300007959,0,30,0,0.0,2.0,2.0,15.0,A01
201300007960,0,7,0,0.0,2.0,2.0,5.0,B02
201300007960,0,7,0,0.0,2.0,2.0,13.0,A01
201300007961,0,7,0,0.0,2.0,1.0,1.0,B02
201300007961,0,7,0,0.0,2.0,1.0,13.0,A01
201300007962,0,7,0,0.0,2.0,3.0,13.0,A01
201300007962,0,7,0,0.0,2.0,2.0,1.0,B02
201300007963,0,7,0,0.0,2.0,1.0,9.0,B02
201300007963,0,7,0,0.0,2.0,3.0,2.0,A01
201300007964,0,10,0,0.0,2.0,3.0,1.0,B02
201300007964,0,3,0,0.0,2.0,1.0,13.0,A01
201300007965,0,7,0,13.0,0.0,2.0,0.0,A01
201300007966,0,7,0,0.0,2.0,5.0,1.0,B02
201300007966,0,7,0,0.0,2.0,1.0,1.0,A01
201300007967,0,14,0,0.0,2.0,2.0,2.0,B02
201300007967,0,1,0,0.0,2.0,6.0,2.0,A01
201300007968,0,7,0,0.0,2.0,2.0,23.0,A01
201300007968,0,7,0,0.0,2.0,2.0,23.0,B02
201300007968,0,7,0,0.0,2.0,3.0,13.0,C03
201300007968,0,7,0,0.0,2.0,1.0,23.0,D04
201300007969,0,7,0,0.0,2.0,1.0,5.0,B02
201300007969,0,7,0,0.0,2.0,1.0,1.0,A01
201300007970,0,7,0,2.0,0.0,8.0,17.0,A01
201300007971,0,7,0,0.0,2.0,4.0,2.0,D04
201300007971,0,7,0,0.0,2.0,1.0,2.0,A01
201300007971,0,7,0,0.0,2.0,4.0,2.0,B02
201300007971,0,7,0,0.0,0.0,6.0,2.0,C03
201300007972,0,7,0,0.0,1.0,1.0,1.0,A01
201300007973,0,7,0,2.0,0.0,1.0,1.0,A01
201300007974,0,31,0,0.0,2.0,1.0,13.0,A01
201300007974,0,7,0,0.0,2.0,8.0,1.0,B02
201300007975,0,33,0,13.0,0.0,3.0,1.0,A01
201300007976,0,33,0,0.0,2.0,7.0,1.0,B02
201300007976,0,31,0,0.0,2.0,8.0,9.0,A01
201300007977,0,33,0,0.0,2.0,1.0,17.0,A01
201300007977,0,7,0,0.0,2.0,8.0,15.0,B02
201300007978,0,7,0,2.0,0.0,7.0,13.0,A01
201300007979,0,30,0,0.0,2.0,4.0,2.0,B02
201300007979,0,7,0,0.0,2.0,1.0,2.0,A01
201300007980,0,10,0,0.0,2.0,1.0,2.0,A01
201300007980,0,3,0,0.0,2.0,4.0,2.0,B02
201300007980,0,3,0,0.0,2.0,4.0,2.0,C03
201300007981,0,7,0,0.0,2.0,1.0,13.0,A01
201300007981,0,7,0,0.0,0.0,1.0,1.0,B02
201300007982,0,33,0,13.0,0.0,1.0,1.0,A01
201300007983,0,10,0,0.0,2.0,1.0,13.0,A01
201300007983,0,38,1,0.0,2.0,3.0,1.0,B02
201300007984,0,7,0,0.0,2.0,3.0,1.0,B02
201300007984,0,7,0,0.0,2.0,3.0,13.0,A01
201300007985,0,7,0,0.0,2.0,1.0,2.0,A01
201300007985,0,7,0,0.0,2.0,9.0,2.0,B02
201300007985,0,7,0,0.0,2.0,1.0,2.0,C03
201300007985,0,7,0,0.0,2.0,4.0,2.0,D04
201300007986,0,10,0,0.0,2.0,3.0,1.0,B02
201300007986,0,7,0,0.0,2.0,3.0,1.0,A01
201300007987,0,33,0,8.0,0.0,1.0,5.0,A01
201300007988,0,7,0,0.0,2.0,3.0,11.0,B02
201300007988,0,33,0,0.0,2.0,2.0,3.0,A01
201300007989,0,33,0,0.0,2.0,1.0,21.0,B02
201300007989,0,33,0,0.0,0.0,8.0,2.0,D04
201300007989,0,7,0,0.0,2.0,3.0,1.0,C03
201300007989,0,33,0,16.0,2.0,4.0,1.0,A01
201300007990,0,31,0,0.0,2.0,1.0,17.0,A01
201300007990,0,7,0,0.0,2.0,3.0,15.0,B02
201300007991,0,7,0,0.0,2.0,1.0,1.0,B02
201300007991,0,10,0,0.0,2.0,2.0,17.0,A01
201300007992,0,31,0,13.0,0.0,7.0,1.0,A01
201300007993,0,33,0,0.0,2.0,3.0,1.0,B02
201300007993,0,33,0,0.0,2.0,8.0,1.0,A01
201300007994,0,33,0,0.0,2.0,1.0,5.0,A01
201300007994,0,13,0,0.0,2.0,3.0,1.0,B02
201300007995,0,7,0,16.0,0.0,9.0,1.0,A01
201300007996,0,33,0,0.0,2.0,1.0,1.0,A01
201300007996,0,10,0,0.0,2.0,5.0,19.0,B02
201300007997,0,34,0,0.0,2.0,7.0,2.0,B02
201300007997,0,7,0,0.0,2.0,8.0,10.0,A01
201300007998,0,30,0,0.0,2.0,1.0,1.0,B02
201300007998,0,7,0,0.0,2.0,2.0,1.0,A01
201300007999,0,7,0,0.0,2.0,1.0,6.0,A01
201300007999,0,33,0,0.0,2.0,3.0,9.0,B02
201300008000,0,7,0,0.0,2.0,3.0,15.0,B02
201300008000,0,30,0,0.0,2.0,1.0,17.0,A01
201300008001,0,34,0,0.0,1.0,1.0,1.0,A01
201300008002,0,7,0,0.0,2.0,3.0,1.0,B02
201300008002,0,33,0,0.0,2.0,1.0,13.0,A01
201300008003,0,34,0,0.0,2.0,8.0,1.0,B02
201300008004,0,7,0,0.0,2.0,3.0,1.0,B02
201300008004,0,7,0,0.0,2.0,3.0,13.0,A01
201300008005,0,33,0,0.0,2.0,7.0,21.0,A01
201300008005,0,7,0,0.0,2.0,3.0,15.0,B02
201300008006,0,31,0,0.0,0.0,0.0,1.0,A01
201300008007,0,33,0,0.0,2.0,1.0,17.0,B02
201300008007,0,7,0,0.0,2.0,3.0,17.0,A01
201300008008,0,99,0,0.0,2.0,2.0,15.0,B02
201300008008,0,7,0,0.0,2.0,3.0,1.0,A01
201300008009,0,32,0,0.0,0.0,0.0,21.0,B02
201300008009,0,7,0,0.0,2.0,0.0,9.0,A01
201300008010,0,1,0,1.0,0.0,1.0,0.0,A01
201300008010,0,14,0,0.0,0.0,0.0,23.0,B02
201300008011,0,33,0,0.0,0.0,0.0,1.0,A01
201300008012,0,7,0,13.0,0.0,9.0,14.0,A01
201300008013,0,7,0,0.0,2.0,2.0,5.0,A01
201300008013,0,7,0,0.0,2.0,5.0,1.0,B02
201300008014,0,7,0,0.0,2.0,1.0,13.0,A01
201300008014,0,7,0,0.0,2.0,1.0,13.0,B02
201300008015,0,7,0,0.0,6.0,9.0,1.0,A01
201300008016,0,33,0,0.0,2.0,1.0,1.0,B02
201300008016,0,7,0,0.0,2.0,2.0,10.0,A01
201300008017,0,31,0,0.0,2.0,1.0,1.0,B02
201300008017,0,7,0,0.0,2.0,2.0,15.0,A01
201300008018,0,30,0,0.0,2.0,8.0,1.0,B02
201300008018,0,15,0,0.0,2.0,5.0,17.0,A01
201300008019,0,10,0,0.0,2.0,1.0,1.0,C03
201300008019,0,10,0,0.0,2.0,6.0,1.0,B02
201300008019,0,7,0,0.0,2.0,3.0,1.0,A01
201300008020,0,33,0,0.0,0.0,3.0,1.0,A01
201300008021,0,7,0,15.0,0.0,8.0,1.0,A01
201300008022,0,7,0,0.0,1.0,3.0,1.0,A01
201300008023,0,7,0,0.0,2.0,4.0,23.0,A01
201300008023,0,32,0,0.0,2.0,1.0,2.0,B02
201300008024,0,15,0,0.0,2.0,8.0,1.0,B02
201300008024,0,32,0,0.0,2.0,2.0,0.0,A01
201300008025,0,7,0,0.0,2.0,6.0,16.0,A01
201300008025,0,31,0,0.0,2.0,1.0,1.0,B02
201300008026,0,33,0,0.0,2.0,1.0,1.0,B02
201300008026,0,7,0,0.0,2.0,7.0,15.0,A01
201300008027,0,31,0,0.0,2.0,1.0,16.0,A01
201300008027,0,7,0,0.0,2.0,1.0,0.0,B02
201300008028,0,7,0,0.0,1.0,1.0,1.0,A01
201300008029,0,7,0,0.0,2.0,3.0,13.0,A01
201300008029,0,7,0,0.0,2.0,3.0,1.0,B02
201300008030,0,10,0,0.0,2.0,1.0,1.0,B02
201300008030,0,7,0,0.0,2.0,6.0,13.0,A01
201300008031,0,7,0,0.0,0.0,9.0,1.0,A01
201300008032,0,31,0,0.0,2.0,1.0,1.0,B02
201300008032,0,7,0,0.0,2.0,3.0,1.0,A01
201300008033,0,30,0,0.0,2.0,1.0,6.0,B02
201300008033,0,14,0,0.0,2.0,8.0,15.0,A01
201300008034,0,7,0,0.0,2.0,1.0,1.0,B02
201300008034,0,10,0,0.0,2.0,7.0,13.0,A01
201300008035,0,33,0,0.0,2.0,1.0,17.0,A01
201300008035,0,7,0,0.0,2.0,3.0,15.0,B02
201300008036,0,7,0,0.0,2.0,6.0,23.0,A01
201300008036,0,31,0,0.0,2.0,1.0,2.0,B02
201300008037,0,10,0,0.0,1.0,3.0,13.0,A01
201300008038,0,14,0,0.0,9.0,5.0,15.0,A01
201300008038,0,32,0,0.0,2.0,7.0,1.0,B02
201300008039,0,10,0,0.0,2.0,1.0,5.0,B02
201300008039,0,10,0,0.0,2.0,1.0,1.0,A01
201300008040,0,21,0,16.0,0.0,9.0,1.0,A01
201300008041,0,2,0,6.0,0.0,1.0,1.0,A01
201300008042,0,31,0,0.0,6.0,1.0,0.0,A01
201300008042,0,7,0,0.0,9.0,1.0,1.0,B02
201300008043,0,31,0,0.0,2.0,1.0,1.0,B02
201300008043,1,7,0,0.0,2.0,1.0,1.0,Z01
201300008044,0,7,0,0.0,2.0,3.0,19.0,A01
201300008044,0,33,0,0.0,2.0,2.0,1.0,B02
201300008045,0,32,0,0.0,2.0,1.0,2.0,B02
201300008045,0,7,0,0.0,0.0,4.0,2.0,A01
201300008046,0,30,0,0.0,0.0,0.0,16.0,A01
201300008047,0,3,0,0.0,1.0,2.0,1.0,A01
201300008048,0,31,0,0.0,2.0,1.0,1.0,B02
201300008048,0,7,0,0.0,2.0,8.0,10.0,A01
201300008049,0,7,0,0.0,1.0,2.0,1.0,A01
201300008050,0,7,0,0.0,2.0,8.0,15.0,A01
201300008050,0,2,0,0.0,2.0,7.0,1.0,B02
201300008051,0,7,0,0.0,0.0,8.0,15.0,A01
201300008051,0,34,0,0.0,2.0,1.0,17.0,B02
201300008052,0,7,0,0.0,2.0,3.0,1.0,A01
201300008052,0,34,0,0.0,2.0,7.0,1.0,B02
201300008053,0,33,0,0.0,1.0,1.0,17.0,A01
201300008054,0,7,0,0.0,2.0,6.0,2.0,A01
201300008054,0,33,0,0.0,2.0,1.0,2.0,B02
201300008055,0,7,0,6.0,0.0,5.0,1.0,A01
201300008056,0,31,0,0.0,2.0,8.0,1.0,A01
201300008056,0,7,0,0.0,2.0,2.0,20.0,B02
201300008057,0,30,0,0.0,0.0,0.0,2.0,A01
201300008058,0,7,0,0.0,2.0,3.0,1.0,B02
201300008058,0,33,0,0.0,2.0,1.0,17.0,A01
201300008059,0,33,0,0.0,2.0,1.0,1.0,B02
201300008059,0,33,0,0.0,2.0,1.0,13.0,A01
201300008060,0,33,0,0.0,2.0,1.0,1.0,B02
201300008060,0,7,0,0.0,2.0,4.0,23.0,A01
201300008061,0,33,0,4.0,0.0,2.0,14.0,A01
201300008062,0,7,0,0.0,2.0,7.0,15.0,A01
201300008062,0,30,0,0.0,2.0,1.0,21.0,B02
201300008063,0,2,0,0.0,0.0,8.0,2.0,C03
201300008063,0,17,0,0.0,0.0,7.0,18.0,B02
201300008063,0,14,0,0.0,0.0,7.0,17.0,A01
201300008064,0,7,0,0.0,2.0,6.0,23.0,B02
201300008064,0,32,0,0.0,2.0,1.0,2.0,A01
201300008065,0,7,0,0.0,2.0,3.0,13.0,A01
201300008065,0,10,0,0.0,2.0,3.0,1.0,B02
201300008066,0,7,0,2.0,0.0,3.0,1.0,A01
201300008067,0,33,0,0.0,2.0,7.0,1.0,A01
201300008067,0,7,0,0.0,2.0,1.0,15.0,B02
201300008068,0,7,0,0.0,1.0,3.0,1.0,A01
201300008069,0,7,0,0.0,2.0,2.0,15.0,A01
201300008069,0,33,0,0.0,2.0,1.0,1.0,B02
201300008070,0,7,0,2.0,0.0,2.0,1.0,A01
201300008071,0,7,0,0.0,2.0,8.0,19.0,B02
201300008071,0,33,0,0.0,2.0,1.0,1.0,A01
201300008072,0,33,0,7.0,0.0,1.0,14.0,A01
201300008073,0,33,0,0.0,2.0,9.0,17.0,A01
201300008073,0,1,0,0.0,2.0,1.0,13.0,B02
201300008074,0,31,0,0.0,0.0,8.0,1.0,A01
201300008075,0,1,0,0.0,2.0,0.0,13.0,B02
201300008075,0,7,0,0.0,9.0,8.0,1.0,A01
201300008076,0,7,0,13.0,0.0,9.0,1.0,A01
201300008077,0,7,0,0.0,1.0,1.0,1.0,A01
201300008078,0,34,0,0.0,2.0,1.0,17.0,A01
201300008078,0,14,0,0.0,2.0,8.0,17.0,B02
201300008079,0,33,0,0.0,2.0,4.0,1.0,A01
201300008079,0,7,0,0.0,0.0,4.0,23.0,B02
201300008080,0,7,0,0.0,2.0,1.0,1.0,A01
201300008080,0,7,0,0.0,2.0,1.0,13.0,B02
201300008081,0,33,0,0.0,2.0,1.0,1.0,B02
201300008081,0,10,0,0.0,0.0,2.0,15.0,A01
201300008082,0,7,0,8.0,0.0,1.0,1.0,A01
201300008083,0,7,0,12.0,0.0,2.0,1.0,A01
201300008084,0,7,0,2.0,0.0,1.0,14.0,A01
201300008085,0,7,0,0.0,1.0,7.0,1.0,A01
201300008086,0,2,0,0.0,2.0,1.0,17.0,B02
201300008086,0,7,0,0.0,2.0,3.0,15.0,A01
201300008087,0,7,0,6.0,0.0,1.0,1.0,A01
201300008088,0,33,0,0.0,2.0,5.0,19.0,A01
201300008088,0,7,0,0.0,2.0,5.0,21.0,B02
201300008089,0,7,0,0.0,2.0,3.0,1.0,B02
201300008089,0,7,0,0.0,2.0,8.0,1.0,A01
201300008090,0,30,0,0.0,1.0,1.0,1.0,A01
201300008091,0,7,0,6.0,0.0,1.0,13.0,A01
201300008092,0,7,0,0.0,2.0,3.0,15.0,A01
201300008092,0,2,0,0.0,2.0,7.0,17.0,B02
201300008093,0,7,0,0.0,2.0,1.0,1.0,A01
201300008093,0,7,0,0.0,2.0,7.0,15.0,B02
201300008093,0,7,0,0.0,2.0,1.0,23.0,C03
201300008094,0,7,0,8.0,0.0,9.0,14.0,B02
201300008094,0,7,0,8.0,0.0,8.0,1.0,A01
201300008095,0,7,0,0.0,2.0,3.0,1.0,A01
201300008095,0,1,0,0.0,0.0,7.0,0.0,B02
201300008096,1,99,0,0.0,2.0,0.0,0.0,Z01
201300008096,0,1,0,0.0,2.0,5.0,16.0,B02
201300008097,0,1,0,0.0,0.0,1.0,1.0,A01
201300008098,0,2,0,0.0,0.0,1.0,1.0,A01
201300008099,0,7,0,0.0,2.0,3.0,1.0,B02
201300008099,0,7,0,0.0,2.0,3.0,1.0,A01
201300008100,0,7,0,2.0,0.0,2.0,1.0,A01
201300008101,0,7,0,0.0,2.0,3.0,1.0,A01
201300008101,0,7,0,0.0,2.0,1.0,13.0,B02
201300008102,0,7,0,13.0,0.0,9.0,13.0,A01
201300008103,0,7,0,0.0,1.0,8.0,9.0,A01
201300008104,0,7,0,0.0,1.0,3.0,15.0,A01
201300008105,0,33,0,0.0,2.0,0.0,1.0,A01
201300008105,0,7,0,0.0,0.0,0.0,19.0,B02
201300008106,0,1,0,0.0,2.0,0.0,0.0,B02
201300008106,0,7,0,0.0,2.0,0.0,2.0,A01
201300008107,0,7,0,11.0,0.0,1.0,1.0,A01
201300008108,0,30,0,0.0,2.0,1.0,1.0,A01
201300008108,0,7,0,0.0,2.0,2.0,15.0,B02
201300008109,0,7,0,13.0,0.0,2.0,1.0,A01
201300008110,0,3,0,0.0,2.0,1.0,1.0,C03
201300008110,0,7,0,0.0,0.0,0.0,5.0,A01
201300008110,0,7,0,0.0,2.0,4.0,1.0,B02
201300008111,1,7,0,0.0,2.0,7.0,1.0,A01
201300008111,0,1,0,0.0,2.0,4.0,1.0,B02
201300008112,0,7,0,4.0,0.0,1.0,12.0,A01
201300008113,0,1,0,0.0,0.0,4.0,0.0,B02
201300008113,0,7,0,0.0,2.0,2.0,1.0,A01
201300008114,0,33,0,0.0,2.0,1.0,1.0,B02
201300008114,0,7,0,0.0,2.0,3.0,0.0,A01
201300008115,0,7,0,0.0,2.0,2.0,15.0,A01
201300008115,0,2,0,0.0,2.0,1.0,1.0,B02
201300008116,0,7,0,0.0,0.0,1.0,1.0,A01
201300008116,0,7,0,0.0,2.0,7.0,11.0,B02
201300008117,0,30,0,0.0,0.0,5.0,0.0,B02
201300008117,0,7,0,0.0,2.0,3.0,11.0,A01
201300008118,0,30,0,0.0,2.0,0.0,2.0,A01
201300008118,0,7,0,0.0,0.0,6.0,2.0,B02
201300008119,0,33,0,0.0,1.0,3.0,1.0,A01
201300008120,0,99,0,0.0,2.0,4.0,2.0,B02
201300008120,0,7,0,0.0,9.0,2.0,2.0,A01
201300008121,0,7,0,0.0,2.0,3.0,19.0,A01
201300008121,0,7,0,1.0,1.0,1.0,1.0,B02
201300008122,0,14,0,0.0,1.0,1.0,1.0,A01
201300008123,0,7,0,0.0,2.0,1.0,13.0,A01
201300008123,0,7,0,0.0,2.0,1.0,1.0,B02
201300008124,0,7,0,0.0,1.0,3.0,15.0,A01
201300008125,0,7,0,0.0,2.0,4.0,16.0,B02
201300008125,0,10,0,0.0,2.0,1.0,2.0,A01
201300008126,0,10,0,2.0,0.0,2.0,13.0,A01
201300008127,0,2,0,0.0,2.0,3.0,15.0,B02
201300008127,0,10,0,16.0,2.0,1.0,1.0,A01
201300008128,0,7,0,7.0,0.0,7.0,0.0,A01
201300008129,0,7,0,0.0,2.0,3.0,13.0,A01
201300008129,0,99,0,0.0,2.0,6.0,2.0,B02
201300008130,0,7,0,0.0,2.0,1.0,13.0,A01
201300008130,0,7,0,0.0,2.0,1.0,1.0,B02
201300008131,0,7,0,0.0,2.0,3.0,13.0,A01
201300008131,0,7,0,0.0,2.0,3.0,21.0,B02
201300008132,0,7,0,6.0,0.0,1.0,1.0,A01
201300008133,0,10,0,0.0,2.0,8.0,15.0,B02
201300008133,0,33,0,0.0,2.0,1.0,17.0,A01
201300008134,0,34,0,0.0,2.0,1.0,17.0,A01
201300008134,0,7,0,0.0,2.0,8.0,15.0,B02
201300008135,0,7,0,0.0,2.0,3.0,13.0,A01
201300008135,0,7,0,0.0,2.0,3.0,13.0,B02
201300008136,0,33,0,0.0,2.0,2.0,13.0,A01
201300008136,0,13,0,0.0,2.0,1.0,1.0,B02
201300008137,0,10,0,0.0,0.0,1.0,1.0,A01
201300008137,0,7,0,0.0,0.0,7.0,1.0,B02
201300008138,0,7,0,0.0,2.0,1.0,5.0,A01
201300008138,0,33,0,0.0,2.0,1.0,1.0,B02
201300008139,0,2,0,0.0,2.0,1.0,13.0,A01
201300008139,0,7,0,0.0,2.0,3.0,1.0,B02
201300008140,0,7,0,0.0,2.0,3.0,11.0,B02
201300008140,0,34,0,0.0,2.0,2.0,1.0,A01
201300008141,0,7,0,0.0,2.0,2.0,16.0,B02
201300008141,0,33,0,0.0,2.0,1.0,18.0,A01
201300008142,0,7,0,13.0,0.0,3.0,1.0,A01
201300008143,0,16,0,0.0,1.0,7.0,16.0,A01
201300008144,0,7,0,0.0,1.0,1.0,1.0,A01
201300008144,0,7,0,0.0,2.0,1.0,1.0,B02
201300008145,0,7,0,0.0,2.0,2.0,19.0,B02
201300008145,0,7,0,0.0,2.0,2.0,21.0,A01
201300008146,0,7,0,8.0,0.0,9.0,1.0,A01
201300008147,0,10,0,2.0,0.0,7.0,1.0,A01
201300008148,0,33,0,0.0,2.0,1.0,1.0,A01
201300008148,0,99,0,0.0,2.0,8.0,19.0,B02
201300008149,0,33,0,0.0,2.0,1.0,21.0,A01
201300008149,0,10,0,0.0,2.0,3.0,1.0,B02
201300008150,0,33,0,0.0,9.0,1.0,21.0,A01
201300008150,0,1,0,0.0,2.0,1.0,21.0,B02
201300008151,0,7,0,0.0,2.0,3.0,1.0,A01
201300008151,0,1,0,0.0,2.0,1.0,1.0,B02
201300008152,0,7,0,0.0,0.0,2.0,15.0,A01
201300008152,0,33,0,0.0,2.0,1.0,1.0,B02
201300008153,0,33,0,0.0,2.0,1.0,1.0,A01
201300008153,0,7,0,0.0,2.0,1.0,1.0,B02
201300008154,0,7,0,2.0,0.0,1.0,13.0,A01
201300008155,0,7,0,0.0,0.0,0.0,14.0,A01
201300008156,0,2,0,0.0,2.0,1.0,1.0,A01
201300008156,0,7,0,0.0,0.0,5.0,11.0,B02
201300008157,0,7,0,0.0,1.0,2.0,1.0,A01
201300008158,0,7,0,0.0,0.0,6.0,1.0,A01
201300008159,0,17,0,0.0,2.0,7.0,17.0,A01
201300008159,0,1,0,0.0,0.0,4.0,15.0,C03
201300008160,0,33,0,0.0,2.0,1.0,9.0,A01
201300008160,0,7,0,0.0,2.0,3.0,15.0,B02
201300008161,0,31,0,6.0,0.0,1.0,14.0,A01
201300008162,0,7,0,0.0,2.0,3.0,1.0,A01
201300008162,0,10,0,0.0,2.0,3.0,1.0,B02
201300008163,0,10,0,13.0,0.0,3.0,13.0,A01
201300008164,0,7,0,0.0,2.0,1.0,19.0,A01
201300008164,0,7,0,0.0,2.0,1.0,1.0,B02
201300008165,0,7,0,2.0,0.0,3.0,13.0,A01
201300008166,0,7,0,13.0,0.0,1.0,1.0,A01
201300008167,0,7,0,0.0,2.0,3.0,1.0,A01
201300008167,0,7,0,0.0,2.0,1.0,1.0,B02
201300008168,0,7,0,2.0,0.0,7.0,1.0,B02
201300008168,0,7,0,2.0,0.0,1.0,1.0,A01
201300008169,0,33,0,0.0,2.0,1.0,1.0,A01
201300008170,0,21,0,0.0,1.0,1.0,1.0,A01
201300008171,0,7,0,0.0,0.0,8.0,11.0,B02
201300008171,0,7,0,0.0,0.0,5.0,1.0,C03
201300008171,0,7,0,0.0,2.0,2.0,17.0,A01
201300008172,0,1,0,0.0,0.0,0.0,2.0,A01
201300008172,0,1,0,0.0,0.0,0.0,2.0,B02
201300008173,0,7,0,6.0,0.0,1.0,1.0,A01
201300008174,0,1,0,0.0,0.0,1.0,1.0,A01
201300008175,0,7,0,0.0,2.0,8.0,10.0,A01
201300008175,0,31,0,0.0,2.0,1.0,1.0,B02
201300008176,0,7,0,13.0,0.0,0.0,0.0,A01
201300008177,0,34,0,3.0,0.0,1.0,1.0,A01
201300008178,0,7,0,0.0,1.0,2.0,9.0,A01
201300008179,0,33,0,8.0,0.0,1.0,1.0,A01
201300008180,0,7,0,9.0,0.0,2.0,1.0,A01
201300008181,0,2,0,0.0,2.0,1.0,11.0,A01
201300008181,0,7,0,0.0,2.0,1.0,1.0,B02
201300008182,0,7,0,0.0,2.0,1.0,1.0,A01
201300008182,0,7,0,0.0,2.0,1.0,15.0,B02
201300008183,0,7,0,0.0,9.0,1.0,9.0,A01
201300008183,0,1,0,0.0,0.0,7.0,1.0,B02
201300008184,0,7,0,13.0,0.0,1.0,1.0,A01
201300008185,0,7,0,13.0,0.0,3.0,13.0,A01
201300008186,0,7,0,0.0,2.0,3.0,13.0,A01
201300008186,0,14,0,0.0,2.0,0.0,1.0,B02
201300008187,0,7,0,0.0,0.0,2.0,17.0,A01
201300008187,0,30,0,0.0,2.0,3.0,13.0,B02
201300008188,0,7,0,1.0,2.0,8.0,15.0,A01
201300008188,0,7,0,0.0,2.0,1.0,1.0,B02
201300008189,0,7,0,0.0,2.0,1.0,13.0,A01
201300008189,0,10,0,0.0,2.0,1.0,1.0,B02
201300008190,0,33,0,0.0,2.0,7.0,1.0,A01
201300008190,0,33,0,0.0,2.0,1.0,1.0,B02
201300008191,0,14,0,0.0,2.0,6.0,21.0,B02
201300008191,0,7,0,0.0,2.0,8.0,1.0,C03
201300008191,0,7,0,0.0,2.0,3.0,19.0,A01
201300008192,0,7,0,0.0,1.0,5.0,20.0,A01
201300008193,0,7,0,2.0,0.0,2.0,14.0,A01
201300008194,0,7,0,0.0,2.0,1.0,1.0,C03
201300008194,0,7,0,13.0,2.0,2.0,17.0,A01