Num_Acc,senc,catv,occutc,obs,obsm,choc,manv,num_veh
201300008481,0,31,0,0.0,2.0,1.0,1.0,B02
201300008482,0,7,0,0.0,0.0,0.0,1.0,A01
201300008483,0,7,0,0.0,6.0,1.0,0.0,A01
201300008484,0,14,0,0.0,0.0,4.0,24.0,A01
201300008484,0,1,0,1.0,0.0,1.0,1.0,B02
201300008485,0,33,0,0.0,2.0,9.0,17.0,A01
201300008485,0,7,0,0.0,2.0,8.0,1.0,B02
201300008486,0,7,0,7.0,0.0,1.0,2.0,A01
201300008487,0,7,0,13.0,0.0,3.0,0.0,A01
201300008488,0,10,0,0.0,2.0,1.0,1.0,B02
201300008488,0,7,0,0.0,2.0,8.0,16.0,A01
201300008489,0,7,0,0.0,2.0,3.0,15.0,A01
201300008489,0,33,0,0.0,2.0,8.0,1.0,B02
201300008490,0,7,0,16.0,0.0,1.0,21.0,A01
201300008491,0,2,0,0.0,2.0,1.0,19.0,A01
201300008491,0,7,0,0.0,2.0,3.0,1.0,B02
201300008492,0,7,0,6.0,0.0,1.0,13.0,A01
201300008493,0,33,0,12.0,0.0,9.0,0.0,A01
201300008494,0,7,0,0.0,1.0,3.0,1.0,A01
201300008495,0,33,0,0.0,2.0,1.0,1.0,B02
201300008495,0,7,0,0.0,2.0,2.0,1.0,A01
201300008496,0,7,0,0.0,2.0,3.0,1.0,C03
201300008496,0,7,0,0.0,2.0,6.0,1.0,B02
201300008496,0,7,0,0.0,2.0,3.0,13.0,A01
201300008497,0,30,0,0.0,2.0,1.0,1.0,A01
201300008497,0,7,0,0.0,2.0,7.0,15.0,B02
201300008498,0,7,0,0.0,2.0,1.0,1.0,B02
201300008498,0,33,0,0.0,2.0,1.0,13.0,A01
201300008499,0,7,0,2.0,0.0,7.0,1.0,A01
201300008500,0,7,0,0.0,0.0,5.0,9.0,B02
201300008500,0,33,0,0.0,0.0,3.0,1.0,A01
201300008501,0,7,0,13.0,0.0,3.0,1.0,A01
201300008502,0,7,0,0.0,2.0,1.0,1.0,B02
201300008502,0,7,0,0.0,2.0,2.0,15.0,A01
201300008503,0,2,0,0.0,0.0,1.0,1.0,A01
201300008504,0,1,0,0.0,2.0,1.0,19.0,B02
201300008504,0,7,0,0.0,2.0,2.0,1.0,A01
201300008505,0,7,0,12.0,5.0,1.0,19.0,A01
201300008506,0,7,0,0.0,1.0,4.0,4.0,A01
201300008507,0,7,0,5.0,0.0,0.0,1.0,A01
201300008508,0,31,0,0.0,0.0,8.0,1.0,A01
201300008509,0,33,0,0.0,0.0,0.0,1.0,A01
201300008510,0,7,0,13.0,0.0,1.0,21.0,A01
201300008511,0,33,0,0.0,0.0,3.0,0.0,B02
201300008511,0,7,0,0.0,0.0,3.0,1.0,A01
201300008512,0,36,0,0.0,2.0,1.0,1.0,A01
201300008512,2,7,0,0.0,2.0,2.0,1.0,B02
201300008513,0,7,0,0.0,2.0,3.0,1.0,A01
201300008513,0,2,0,0.0,2.0,3.0,15.0,B02
201300008514,0,31,0,0.0,1.0,4.0,0.0,A01
201300008515,0,7,0,0.0,2.0,3.0,13.0,A01
201300008515,0,10,0,0.0,2.0,1.0,0.0,B02
201300008516,1,7,0,0.0,1.0,2.0,1.0,A01
201300008517,0,1,0,0.0,2.0,1.0,5.0,B02
201300008517,0,7,0,0.0,2.0,2.0,1.0,A01
201300008518,0,7,0,13.0,0.0,2.0,1.0,A01
201300008519,0,7,0,0.0,2.0,3.0,1.0,B02
201300008519,0,7,0,0.0,2.0,1.0,13.0,A01
201300008520,0,7,0,13.0,0.0,2.0,14.0,A01
201300008521,0,30,0,0.0,0.0,1.0,1.0,A01
201300008522,0,7,0,0.0,2.0,1.0,1.0,A01
201300008522,0,7,0,0.0,2.0,7.0,1.0,B02
201300008523,0,33,0,0.0,0.0,8.0,15.0,B02
201300008523,0,33,0,0.0,2.0,1.0,17.0,A01
201300008524,0,33,0,0.0,2.0,1.0,1.0,B02
201300008524,0,7,0,0.0,0.0,4.0,1.0,A01
201300008525,0,7,0,13.0,0.0,2.0,1.0,A01
201300008526,0,7,0,0.0,0.0,1.0,1.0,A01
201300008527,0,14,0,0.0,2.0,2.0,1.0,B02
201300008527,0,7,0,0.0,2.0,1.0,5.0,A01
201300008528,0,7,0,2.0,0.0,3.0,1.0,A01
201300008529,0,7,0,0.0,2.0,2.0,1.0,A01
201300008529,0,10,0,0.0,2.0,8.0,1.0,C03
201300008529,0,7,0,0.0,2.0,1.0,1.0,B02
201300008530,0,33,0,0.0,2.0,1.0,2.0,B02
201300008530,0,7,0,0.0,0.0,6.0,2.0,A01
201300008531,0,7,0,0.0,2.0,1.0,15.0,A01
201300008531,0,33,0,0.0,2.0,1.0,15.0,B02
201300008532,0,33,0,0.0,0.0,4.0,1.0,B02
201300008532,0,7,0,0.0,2.0,1.0,9.0,A01
201300008533,0,7,0,13.0,0.0,9.0,14.0,A01
201300008534,0,33,0,0.0,2.0,1.0,1.0,A01
201300008534,0,7,0,0.0,2.0,8.0,15.0,B02
201300008535,0,7,0,0.0,2.0,3.0,1.0,B02
201300008535,0,7,0,0.0,2.0,3.0,13.0,A01
201300008536,0,7,0,0.0,2.0,1.0,1.0,B02
201300008536,0,7,0,0.0,2.0,1.0,13.0,A01
201300008537,0,7,0,0.0,1.0,1.0,1.0,A01
201300008538,0,7,0,6.0,0.0,1.0,1.0,A01
201300008539,0,10,0,0.0,0.0,5.0,1.0,A01
201300008540,0,7,0,0.0,1.0,2.0,16.0,A01
201300008541,0,7,0,2.0,0.0,1.0,1.0,A01
201300008542,0,7,0,2.0,0.0,3.0,1.0,A01
201300008543,0,7,0,0.0,1.0,3.0,1.0,A01
201300008544,0,7,0,0.0,2.0,3.0,13.0,A01
201300008544,0,7,0,0.0,2.0,3.0,1.0,C03
201300008544,0,7,0,0.0,2.0,3.0,1.0,B02
201300008545,0,7,0,0.0,2.0,4.0,7.0,A01
201300008545,0,7,0,0.0,2.0,3.0,1.0,B02
201300008546,0,33,0,0.0,2.0,3.0,13.0,B02
201300008546,0,33,0,0.0,2.0,3.0,1.0,A01
201300008547,0,30,0,0.0,2.0,1.0,13.0,A01
201300008547,0,7,0,0.0,2.0,2.0,1.0,B02
201300008548,0,7,0,0.0,0.0,3.0,1.0,A01
201300008548,0,1,0,0.0,0.0,3.0,1.0,B02
201300008549,0,1,0,0.0,0.0,1.0,1.0,A01
201300008550,0,7,0,0.0,0.0,0.0,1.0,A01
201300008551,0,7,0,0.0,2.0,3.0,1.0,B02
201300008551,0,7,0,0.0,0.0,6.0,0.0,C03
201300008551,0,30,0,14.0,2.0,3.0,13.0,A01
201300008552,0,7,0,6.0,0.0,1.0,1.0,A01
201300008553,0,7,0,0.0,2.0,1.0,1.0,B02
201300008553,2,7,0,0.0,2.0,1.0,13.0,A01
201300008554,0,14,0,0.0,2.0,1.0,1.0,C03
201300008554,0,33,0,0.0,2.0,1.0,0.0,A01
201300008554,0,7,0,0.0,2.0,5.0,1.0,B02
201300008555,0,7,0,0.0,2.0,3.0,13.0,A01
201300008555,0,7,0,0.0,2.0,3.0,1.0,B02
201300008556,0,7,0,12.0,0.0,1.0,13.0,A01
201300008557,0,7,0,2.0,0.0,1.0,1.0,A01
201300008558,0,7,0,0.0,2.0,3.0,10.0,A01
201300008558,0,31,0,0.0,2.0,1.0,1.0,B02
201300008559,0,7,0,0.0,2.0,8.0,10.0,A01
201300008559,0,7,0,0.0,2.0,1.0,2.0,B02
201300008560,0,7,0,6.0,0.0,2.0,14.0,A01
201300008561,0,7,0,0.0,2.0,8.0,2.0,C03
201300008561,0,33,0,0.0,2.0,1.0,13.0,B02
201300008561,0,7,0,0.0,2.0,3.0,13.0,A01
201300008562,0,7,0,0.0,2.0,2.0,15.0,A01
201300008562,0,33,0,0.0,2.0,1.0,1.0,B02
201300008563,0,10,0,0.0,2.0,1.0,1.0,B02
201300008563,0,1,0,0.0,2.0,8.0,19.0,A01
201300008564,0,7,0,0.0,2.0,2.0,2.0,A01
201300008564,0,1,0,0.0,2.0,4.0,2.0,B02
201300008565,0,14,0,0.0,2.0,2.0,1.0,B02
201300008565,0,7,0,0.0,2.0,3.0,15.0,A01
201300008566,0,30,0,0.0,2.0,8.0,2.0,B02
201300008566,0,7,0,0.0,2.0,2.0,2.0,A01
201300008567,0,32,0,0.0,0.0,7.0,1.0,A01
201300008568,0,7,0,6.0,0.0,3.0,1.0,A01
201300008569,0,33,0,0.0,6.0,1.0,1.0,A01
201300008570,0,7,0,0.0,2.0,3.0,1.0,A01
201300008570,0,7,0,0.0,2.0,5.0,15.0,B02
201300008571,0,14,0,2.0,0.0,1.0,1.0,A01
201300008572,0,7,0,3.0,0.0,1.0,1.0,A01
201300008573,0,33,0,0.0,2.0,7.0,1.0,B02
201300008573,0,10,0,0.0,2.0,7.0,15.0,A01
201300008574,0,33,0,0.0,2.0,2.0,1.0,A01
201300008574,0,7,0,0.0,2.0,3.0,15.0,B02
201300008575,0,33,0,0.0,2.0,2.0,1.0,B02
201300008575,0,7,0,0.0,2.0,3.0,9.0,A01
201300008576,0,7,0,3.0,2.0,8.0,17.0,A01
201300008576,0,10,0,0.0,2.0,2.0,1.0,B02
201300008577,0,7,0,13.0,0.0,1.0,13.0,A01
201300008578,0,10,0,0.0,1.0,4.0,4.0,A01
201300008578,0,10,0,0.0,2.0,1.0,23.0,B02
201300008579,0,7,0,0.0,2.0,8.0,0.0,A01
201300008579,0,7,0,0.0,2.0,1.0,19.0,B02
201300008580,0,10,0,0.0,2.0,2.0,15.0,B02
201300008580,0,33,0,0.0,2.0,1.0,0.0,A01
201300008581,0,7,0,0.0,2.0,1.0,0.0,C03
201300008581,0,7,0,0.0,2.0,1.0,0.0,B02
201300008581,0,7,0,0.0,2.0,1.0,13.0,A01
201300008582,0,7,0,0.0,2.0,4.0,1.0,B02
201300008582,0,33,0,0.0,2.0,1.0,1.0,A01
201300008583,0,7,0,13.0,0.0,2.0,1.0,A01
201300008584,0,33,0,6.0,0.0,3.0,16.0,A01
201300008585,0,7,0,0.0,2.0,3.0,15.0,B02
201300008585,0,2,0,0.0,2.0,7.0,17.0,A01
201300008586,0,7,0,13.0,2.0,8.0,1.0,A01
201300008586,0,7,0,0.0,2.0,1.0,1.0,B02
201300008587,0,7,0,2.0,0.0,1.0,10.0,A01
201300008588,0,7,0,0.0,0.0,0.0,1.0,A01
201300008589,0,33,0,0.0,1.0,1.0,1.0,A01
201300008590,0,7,0,6.0,0.0,1.0,1.0,A01
201300008591,0,33,0,0.0,0.0,0.0,1.0,A01
201300008592,0,7,0,0.0,0.0,2.0,0.0,A01
201300008593,0,7,0,0.0,0.0,3.0,13.0,A01
201300008593,0,7,0,0.0,0.0,3.0,0.0,B02
201300008594,0,7,0,0.0,2.0,2.0,1.0,A01
201300008594,0,7,0,0.0,2.0,1.0,1.0,B02
201300008594,0,7,0,0.0,2.0,1.0,1.0,C03
201300008595,0,7,0,13.0,0.0,2.0,14.0,A01
201300008596,0,7,0,0.0,1.0,1.0,1.0,A01
201300008597,0,7,0,0.0,2.0,8.0,15.0,B02
201300008597,0,7,0,0.0,2.0,1.0,1.0,A01
201300008598,0,7,0,0.0,2.0,2.0,13.0,A01
201300008598,0,7,0,0.0,2.0,3.0,1.0,B02
201300008599,0,33,0,0.0,2.0,1.0,1.0,B02
201300008599,0,7,0,0.0,2.0,2.0,15.0,A01
201300008600,0,7,0,0.0,1.0,1.0,1.0,A01
201300008601,0,7,0,0.0,1.0,2.0,1.0,A01
201300008602,0,15,0,0.0,2.0,1.0,1.0,B02
201300008602,0,7,0,0.0,2.0,7.0,13.0,A01
201300008603,0,7,0,0.0,2.0,8.0,1.0,B02
201300008603,0,31,0,0.0,2.0,3.0,13.0,A01
201300008604,0,7,0,13.0,0.0,1.0,0.0,A01
201300008605,0,7,0,13.0,0.0,1.0,0.0,A01
201300008606,0,7,0,0.0,2.0,1.0,1.0,B02
201300008606,0,7,0,0.0,2.0,1.0,5.0,A01
201300008607,0,7,0,0.0,2.0,3.0,1.0,B02
201300008607,0,7,0,0.0,2.0,3.0,13.0,A01
201300008608,0,7,0,2.0,0.0,3.0,13.0,A01
201300008609,0,7,0,6.0,0.0,1.0,1.0,A01
201300008610,0,1,0,13.0,0.0,0.0,14.0,A01
201300008611,0,10,0,0.0,1.0,3.0,2.0,A01
201300008612,0,10,0,0.0,2.0,2.0,1.0,A01
201300008612,0,10,0,0.0,2.0,1.0,0.0,B02
201300008613,0,33,0,13.0,0.0,1.0,14.0,A01
201300008614,0,7,0,0.0,2.0,1.0,1.0,A01
201300008614,0,7,0,0.0,2.0,3.0,15.0,B02
201300008615,0,7,0,2.0,0.0,3.0,13.0,A01
201300008616,0,10,0,0.0,1.0,6.0,20.0,A01
201300008617,0,33,0,13.0,0.0,1.0,0.0,A01
201300008618,0,7,0,8.0,0.0,8.0,1.0,A01
201300008619,0,7,0,2.0,0.0,1.0,14.0,A01
201300008620,0,33,0,6.0,0.0,7.0,1.0,A01
201300008621,0,33,0,0.0,2.0,1.0,13.0,A01
201300008621,0,7,0,0.0,2.0,3.0,19.0,B02
201300008622,0,7,0,0.0,2.0,5.0,11.0,C03
201300008622,0,7,0,0.0,2.0,3.0,2.0,B02
201300008622,0,7,0,0.0,2.0,1.0,11.0,A01
201300008623,0,10,0,13.0,0.0,2.0,13.0,A01
201300008624,0,30,0,0.0,0.0,0.0,1.0,A01
201300008625,0,7,0,0.0,2.0,2.0,1.0,B02
201300008625,0,7,0,0.0,2.0,3.0,9.0,A01
201300008626,0,7,0,0.0,1.0,1.0,9.0,A01
201300008627,0,7,0,0.0,2.0,3.0,5.0,A01
201300008627,0,7,0,0.0,2.0,3.0,1.0,B02
201300008628,0,7,0,0.0,0.0,9.0,14.0,A01
201300008629,0,7,0,13.0,0.0,9.0,13.0,A01
201300008630,0,7,0,0.0,2.0,1.0,1.0,B02
201300008630,0,7,0,0.0,2.0,2.0,11.0,A01
201300008631,0,10,0,13.0,0.0,3.0,1.0,A01
201300008632,0,1,0,0.0,0.0,4.0,15.0,B02
201300008632,0,7,0,0.0,2.0,3.0,1.0,A01
201300008633,0,33,0,0.0,2.0,1.0,17.0,C03
201300008633,0,7,0,0.0,2.0,6.0,10.0,A01
201300008634,0,33,0,0.0,2.0,1.0,1.0,B02
201300008634,0,7,0,0.0,2.0,3.0,15.0,A01
201300008635,0,7,0,0.0,2.0,2.0,2.0,B02
201300008635,0,7,0,6.0,0.0,1.0,2.0,A01
201300008636,0,31,0,1.0,0.0,1.0,1.0,A01
201300008636,0,10,0,0.0,2.0,6.0,1.0,B02
201300008637,0,7,0,2.0,0.0,1.0,1.0,A01
201300008638,0,7,0,13.0,0.0,1.0,13.0,A01
201300008639,0,30,0,15.0,0.0,3.0,1.0,A01
201300008640,0,7,0,0.0,1.0,3.0,1.0,A01
201300008641,0,7,0,0.0,0.0,1.0,1.0,A01
201300008641,0,7,0,0.0,0.0,1.0,1.0,B02
201300008642,0,38,0,0.0,2.0,2.0,1.0,B02
201300008642,0,7,0,0.0,2.0,3.0,1.0,A01
201300008643,0,7,0,0.0,2.0,3.0,1.0,A01
201300008643,0,7,0,0.0,2.0,3.0,1.0,B02
201300008644,0,31,0,0.0,2.0,1.0,1.0,B02
201300008644,0,15,0,0.0,2.0,3.0,1.0,C03
201300008644,0,15,0,0.0,0.0,0.0,1.0,A01
201300008645,0,15,0,0.0,1.0,2.0,1.0,A01
201300008646,0,7,0,13.0,0.0,2.0,1.0,A01
201300008647,0,7,0,0.0,9.0,2.0,1.0,A01
201300008647,0,1,0,0.0,2.0,4.0,1.0,B02
201300008648,0,7,0,3.0,0.0,3.0,13.0,A01
201300008649,0,33,0,6.0,0.0,1.0,1.0,A01
201300008650,0,7,0,0.0,1.0,2.0,1.0,A01
201300008651,0,33,0,13.0,0.0,1.0,14.0,A01
201300008652,0,7,0,0.0,2.0,8.0,15.0,B02
201300008652,0,33,0,0.0,2.0,2.0,17.0,A01
201300008653,0,31,0,7.0,0.0,2.0,1.0,A01
201300008654,0,7,0,0.0,1.0,0.0,16.0,A01
201300008655,0,7,0,2.0,0.0,1.0,19.0,A01
201300008656,0,10,0,0.0,2.0,4.0,1.0,B02
201300008656,0,33,0,0.0,2.0,1.0,1.0,A01
201300008657,0,7,0,0.0,2.0,2.0,1.0,B02
201300008657,0,7,0,0.0,2.0,3.0,15.0,A01
201300008658,0,33,0,0.0,2.0,2.0,2.0,A01
201300008658,0,7,0,0.0,0.0,5.0,23.0,B02
201300008659,0,7,0,8.0,0.0,3.0,19.0,A01
201300008660,0,7,0,4.0,0.0,3.0,14.0,A01
201300008661,0,7,0,0.0,2.0,6.0,15.0,B02
201300008661,0,7,0,0.0,2.0,1.0,17.0,A01
201300008662,0,7,0,0.0,2.0,1.0,13.0,A01
201300008662,0,10,0,0.0,2.0,1.0,1.0,B02
201300008663,0,33,0,0.0,1.0,1.0,1.0,A01
201300008664,0,7,0,0.0,2.0,2.0,1.0,B02
201300008664,0,7,0,0.0,2.0,3.0,13.0,A01
201300008665,0,7,0,6.0,0.0,1.0,1.0,A01
201300008666,0,1,0,0.0,2.0,5.0,1.0,B02
201300008666,1,99,0,0.0,2.0,0.0,0.0,Z01
201300008667,0,33,0,12.0,0.0,2.0,1.0,A01
201300008668,0,7,0,0.0,2.0,1.0,1.0,B02
201300008668,0,37,0,0.0,2.0,1.0,1.0,A01
201300008669,0,7,0,0.0,2.0,3.0,1.0,B02
201300008669,0,7,0,0.0,2.0,3.0,5.0,A01
201300008669,0,10,0,0.0,9.0,1.0,1.0,C03
201300008670,0,7,0,16.0,0.0,0.0,1.0,A01
201300008671,0,7,0,0.0,2.0,8.0,1.0,A01
201300008671,0,7,0,0.0,2.0,1.0,1.0,B02
201300008672,0,33,0,0.0,2.0,1.0,1.0,B02
201300008672,0,33,0,0.0,2.0,1.0,1.0,A01
201300008673,0,7,0,0.0,2.0,1.0,15.0,B02
201300008673,0,33,0,0.0,2.0,1.0,1.0,A01
201300008674,0,7,0,3.0,2.0,3.0,1.0,A01
201300008674,0,7,0,3.0,2.0,1.0,1.0,B02
201300008675,0,7,0,0.0,2.0,1.0,13.0,A01
201300008675,0,7,0,0.0,2.0,1.0,1.0,B02
201300008676,0,7,0,0.0,2.0,7.0,17.0,A01
201300008676,0,1,0,0.0,2.0,8.0,11.0,B02
201300008677,0,10,0,0.0,1.0,2.0,1.0,A01
201300008678,0,7,0,0.0,2.0,0.0,1.0,B02
201300008678,0,7,0,0.0,2.0,0.0,1.0,A01
201300008678,0,7,0,1.0,2.0,5.0,24.0,C03
201300008679,0,7,0,16.0,0.0,2.0,1.0,A01
201300008680,0,33,0,10.0,0.0,4.0,1.0,A01
201300008681,0,7,0,0.0,2.0,1.0,1.0,A01
201300008681,0,7,0,0.0,2.0,1.0,13.0,B02
201300008682,0,31,0,8.0,0.0,7.0,14.0,A01
201300008683,0,7,0,0.0,2.0,1.0,1.0,B02
201300008683,0,7,0,0.0,2.0,7.0,13.0,A01
201300008684,0,33,0,0.0,0.0,7.0,16.0,A01
201300008685,0,7,0,13.0,0.0,2.0,1.0,A01
201300008686,0,7,0,0.0,1.0,1.0,1.0,A01
201300008687,0,7,0,13.0,0.0,0.0,1.0,A01
201300008688,0,7,0,10.0,0.0,1.0,1.0,A01
201300008689,0,7,0,0.0,2.0,1.0,13.0,A01
201300008689,0,7,0,0.0,2.0,1.0,1.0,C03
201300008689,0,7,0,0.0,2.0,3.0,1.0,B02
201300008690,0,7,0,0.0,1.0,1.0,1.0,A01
201300008691,0,7,0,0.0,2.0,1.0,1.0,C03
201300008691,0,10,0,0.0,2.0,3.0,13.0,A01
201300008691,0,7,0,0.0,2.0,6.0,1.0,B02
201300008692,0,15,0,0.0,2.0,8.0,17.0,A01
201300008692,0,32,0,0.0,2.0,7.0,17.0,B02
201300008693,0,30,0,0.0,0.0,1.0,1.0,A01
201300008694,0,7,0,0.0,2.0,1.0,1.0,B02
201300008694,0,7,0,0.0,2.0,8.0,9.0,A01
201300008695,0,3,0,7.0,0.0,2.0,14.0,A01
201300008696,0,7,0,2.0,0.0,8.0,0.0,A01
201300008697,0,33,0,0.0,1.0,2.0,1.0,A01
201300008698,0,7,0,13.0,0.0,1.0,1.0,A01
201300008699,0,33,0,2.0,0.0,1.0,1.0,A01
201300008700,0,7,0,2.0,0.0,2.0,14.0,A01
201300008701,0,33,0,16.0,0.0,8.0,1.0,A01
201300008702,0,17,0,0.0,2.0,3.0,1.0,B02
201300008702,0,7,0,0.0,2.0,1.0,13.0,A01
201300008703,0,7,0,0.0,2.0,3.0,1.0,B02
201300008703,0,7,0,0.0,2.0,1.0,13.0,A01
201300008704,0,33,0,3.0,0.0,1.0,1.0,A01
201300008705,0,7,0,0.0,1.0,2.0,23.0,A01
201300008706,0,33,0,13.0,0.0,7.0,1.0,A01
201300008707,0,7,0,0.0,2.0,6.0,19.0,A01
201300008707,0,7,0,0.0,2.0,1.0,1.0,B02
201300008708,0,7,0,8.0,2.0,1.0,1.0,A01
201300008708,0,7,0,9.0,0.0,7.0,1.0,B02
201300008709,0,33,0,13.0,0.0,1.0,21.0,A01
201300008710,0,7,0,2.0,0.0,7.0,1.0,A01
201300008711,0,33,0,13.0,0.0,2.0,17.0,A01
201300008712,0,7,0,13.0,0.0,9.0,0.0,A01
201300008713,0,10,0,0.0,0.0,9.0,1.0,A01
201300008714,0,33,0,13.0,0.0,8.0,1.0,A01
201300008715,0,7,0,13.0,0.0,0.0,1.0,A01
201300008716,0,33,0,0.0,0.0,7.0,1.0,A01
201300008717,0,7,0,0.0,2.0,8.0,1.0,B02
201300008717,0,33,0,0.0,2.0,1.0,13.0,A01
201300008718,0,7,0,2.0,0.0,1.0,14.0,A01
201300008719,0,7,0,0.0,0.0,0.0,1.0,A01
201300008720,0,33,0,0.0,6.0,1.0,1.0,A01
201300008721,0,7,0,0.0,2.0,3.0,17.0,A01
201300008721,0,7,0,0.0,2.0,3.0,1.0,B02
201300008722,0,33,0,0.0,0.0,1.0,1.0,A01
201300008723,0,7,0,0.0,2.0,6.0,15.0,A01
201300008723,0,33,0,0.0,2.0,9.0,1.0,B02
201300008724,0,21,0,0.0,0.0,0.0,1.0,A01
201300008725,0,14,0,3.0,0.0,0.0,1.0,A01
201300008726,0,10,0,0.0,2.0,1.0,1.0,B02
201300008726,0,30,0,0.0,2.0,1.0,13.0,A01
201300008727,0,33,0,16.0,0.0,0.0,1.0,A01
201300008728,0,33,0,0.0,0.0,8.0,1.0,A01
201300008729,0,7,0,0.0,2.0,1.0,13.0,A01
201300008729,0,7,0,0.0,2.0,1.0,1.0,B02
201300008730,0,7,0,0.0,0.0,0.0,1.0,A01
201300008731,0,33,0,13.0,0.0,1.0,1.0,A01
201300008732,0,33,0,0.0,0.0,8.0,1.0,B02
201300008732,0,7,0,13.0,0.0,1.0,21.0,A01
201300008733,0,31,0,0.0,0.0,7.0,1.0,B02
201300008733,0,10,0,0.0,0.0,0.0,9.0,A01
201300008734,0,7,0,10.0,0.0,1.0,1.0,A01
201300008735,0,33,0,0.0,2.0,1.0,19.0,B02
201300008735,0,7,0,0.0,2.0,3.0,1.0,A01
201300008736,0,7,0,0.0,2.0,3.0,1.0,A01
201300008736,0,7,0,0.0,0.0,3.0,1.0,B02
201300008736,0,7,0,0.0,2.0,1.0,1.0,C03
201300008737,0,7,0,0.0,1.0,2.0,15.0,A01
201300008738,0,30,0,0.0,2.0,1.0,0.0,A01
201300008738,0,7,0,0.0,2.0,1.0,1.0,B02
201300008739,0,7,0,0.0,1.0,3.0,1.0,A01
201300008740,0,7,0,0.0,1.0,3.0,1.0,A01
201300008741,0,33,0,4.0,0.0,7.0,1.0,A01
201300008742,0,33,0,0.0,2.0,1.0,1.0,B02
201300008742,0,7,0,0.0,2.0,8.0,19.0,A01
201300008743,0,31,0,0.0,2.0,1.0,13.0,A01
201300008743,0,10,0,0.0,2.0,3.0,1.0,B02
201300008744,0,31,0,0.0,2.0,1.0,1.0,A01
201300008744,0,7,0,0.0,2.0,3.0,15.0,B02
201300008745,0,7,0,0.0,2.0,1.0,1.0,C03
201300008745,0,7,0,0.0,2.0,1.0,5.0,A01
201300008745,0,7,0,0.0,2.0,1.0,1.0,B02
201300008746,0,31,0,0.0,2.0,1.0,1.0,A01
201300008746,0,7,0,0.0,2.0,3.0,19.0,B02
201300008747,0,7,0,0.0,2.0,1.0,1.0,A01
201300008747,0,1,0,0.0,2.0,4.0,1.0,B02
201300008748,0,10,0,8.0,0.0,1.0,1.0,A01
201300008749,0,7,0,0.0,2.0,2.0,19.0,A01
201300008749,0,34,0,0.0,2.0,1.0,1.0,B02
201300008750,0,10,0,0.0,2.0,1.0,2.0,A01
201300008750,0,15,0,0.0,0.0,4.0,1.0,B02
201300008751,0,7,0,0.0,2.0,2.0,1.0,A01
201300008751,0,33,0,0.0,2.0,1.0,20.0,B02
201300008752,0,7,0,0.0,2.0,3.0,5.0,A01
201300008752,0,10,0,0.0,2.0,2.0,1.0,B02
201300008753,0,1,0,0.0,2.0,8.0,1.0,B02
201300008753,0,1,0,0.0,2.0,7.0,1.0,A01
201300008754,0,7,0,13.0,0.0,2.0,1.0,A01
201300008755,0,7,0,0.0,2.0,1.0,2.0,A01
201300008755,0,7,0,0.0,2.0,4.0,23.0,C03
201300008755,0,7,0,0.0,2.0,4.0,23.0,B02
201300008755,0,7,0,0.0,0.0,4.0,23.0,D04
201300008756,0,7,0,0.0,2.0,1.0,19.0,B02
201300008756,0,30,0,0.0,2.0,7.0,19.0,A01
201300008757,0,7,0,0.0,2.0,8.0,10.0,A01
201300008757,0,10,0,0.0,2.0,1.0,2.0,B02
201300008758,0,7,0,0.0,1.0,2.0,1.0,A01
201300008759,0,17,0,0.0,2.0,3.0,1.0,A01
201300008759,0,7,0,0.0,2.0,8.0,2.0,B02
201300008760,0,7,0,0.0,2.0,1.0,1.0,B02
201300008760,0,2,0,0.0,2.0,7.0,6.0,A01
201300008761,0,7,0,0.0,0.0,0.0,15.0,B02
201300008761,0,1,0,0.0,2.0,0.0,1.0,A01
201300008762,0,7,0,0.0,4.0,1.0,14.0,A01
201300008762,0,39,0,0.0,0.0,0.0,0.0,B02
201300008763,0,33,0,0.0,2.0,4.0,2.0,B02
201300008763,0,7,0,0.0,2.0,3.0,2.0,A01
201300008764,0,33,0,6.0,0.0,1.0,1.0,A01
201300008765,0,7,0,0.0,0.0,9.0,1.0,A01
201300008766,0,14,0,0.0,0.0,8.0,0.0,D04
201300008766,0,7,0,0.0,0.0,8.0,0.0,B02
201300008766,0,33,0,1.0,0.0,1.0,1.0,A01
201300008766,0,14,0,0.0,0.0,6.0,0.0,C03
201300008767,0,7,0,0.0,1.0,3.0,1.0,A01
201300008768,0,7,0,13.0,0.0,6.0,1.0,A01
201300008769,0,7,0,0.0,2.0,7.0,17.0,B02
201300008769,0,7,0,0.0,2.0,3.0,1.0,C03
201300008769,0,38,0,0.0,2.0,8.0,24.0,A01
201300008769,0,7,0,0.0,2.0,1.0,1.0,D04
201300008770,0,30,0,0.0,2.0,2.0,2.0,B02
201300008770,0,7,0,0.0,2.0,3.0,2.0,A01
201300008771,0,33,0,5.0,0.0,1.0,1.0,A01
201300008772,0,10,0,0.0,0.0,0.0,1.0,A01
201300008773,0,7,0,0.0,1.0,8.0,1.0,A01
201300008774,0,1,0,0.0,2.0,8.0,0.0,B02
201300008774,1,99,0,0.0,2.0,7.0,0.0,A01
201300008775,0,7,0,0.0,1.0,1.0,1.0,A01
201300008776,0,7,0,0.0,2.0,4.0,23.0,A01
201300008776,0,7,0,0.0,2.0,1.0,2.0,B02