Num_Acc,senc,catv,occutc,obs,obsm,choc,manv,num_veh
201300008777,0,7,0,0.0,0.0,8.0,9.0,B02
201300008777,0,2,0,0.0,2.0,1.0,9.0,A01
201300008778,0,7,0,0.0,1.0,1.0,1.0,A01
201300008779,0,7,0,0.0,1.0,1.0,1.0,A01
201300008780,0,7,0,0.0,2.0,1.0,1.0,B02
201300008780,0,7,0,0.0,2.0,7.0,1.0,A01
201300008781,0,30,0,0.0,2.0,1.0,2.0,A01
201300008781,0,7,0,0.0,0.0,5.0,2.0,B02
201300008782,0,33,0,0.0,5.0,1.0,0.0,A01
201300008783,0,7,0,0.0,2.0,3.0,13.0,A01
201300008783,0,7,0,0.0,2.0,8.0,1.0,B02
201300008783,0,7,0,0.0,2.0,3.0,1.0,C03
201300008784,0,7,0,0.0,1.0,1.0,9.0,A01
201300008785,0,7,0,0.0,2.0,1.0,5.0,A01
201300008785,0,10,0,0.0,2.0,3.0,2.0,B02
201300008786,0,7,0,0.0,0.0,8.0,15.0,A01
201300008786,0,32,0,0.0,2.0,1.0,17.0,B02
201300008787,0,7,0,4.0,0.0,2.0,1.0,A01
201300008788,0,10,0,0.0,1.0,7.0,2.0,A01
201300008789,0,30,0,0.0,0.0,4.0,2.0,B02
201300008789,0,7,0,0.0,2.0,3.0,2.0,A01
201300008790,0,7,0,0.0,0.0,2.0,1.0,A01
201300008790,0,30,0,0.0,2.0,5.0,19.0,B02
201300008791,0,7,0,13.0,0.0,0.0,0.0,A01
201300008792,0,30,0,0.0,0.0,0.0,1.0,A01
201300008793,0,33,0,0.0,2.0,1.0,1.0,A01
201300008793,0,7,0,0.0,2.0,3.0,6.0,B02
201300008794,0,33,0,0.0,0.0,0.0,1.0,A01
201300008795,0,7,0,0.0,9.0,7.0,1.0,A01
201300008795,0,39,0,0.0,2.0,1.0,0.0,B02
201300008796,0,7,0,0.0,2.0,3.0,1.0,B02
201300008796,0,33,0,0.0,2.0,3.0,17.0,A01
201300008797,0,7,0,0.0,2.0,2.0,1.0,C03
201300008797,0,7,0,0.0,2.0,3.0,13.0,A01
201300008797,0,10,0,0.0,2.0,8.0,1.0,B02
201300008798,0,7,0,0.0,2.0,1.0,13.0,A01
201300008798,0,7,0,0.0,2.0,1.0,1.0,B02
201300008799,0,7,0,0.0,2.0,3.0,13.0,A01
201300008799,0,7,0,0.0,2.0,3.0,1.0,B02
201300008800,0,7,0,4.0,0.0,2.0,1.0,A01
201300008801,0,7,0,3.0,0.0,1.0,1.0,A01
201300008802,0,7,0,0.0,0.0,3.0,0.0,B02
201300008802,0,2,0,0.0,0.0,1.0,0.0,A01
201300008803,2,7,0,0.0,1.0,0.0,0.0,A01
201300008804,0,33,0,0.0,0.0,4.0,1.0,A01
201300008805,0,7,0,0.0,2.0,1.0,1.0,B02
201300008805,0,7,0,0.0,2.0,1.0,17.0,A01
201300008806,0,1,0,6.0,0.0,1.0,0.0,A01
201300008807,0,7,0,0.0,1.0,1.0,1.0,A01
201300008808,0,7,0,0.0,0.0,9.0,1.0,A01
201300008809,0,10,0,0.0,1.0,4.0,4.0,A01
201300008810,0,7,0,0.0,2.0,3.0,1.0,B02
201300008810,0,7,0,0.0,2.0,3.0,13.0,A01
201300008811,0,7,0,10.0,0.0,1.0,14.0,A01
201300008812,0,7,0,13.0,0.0,3.0,1.0,A01
201300008813,0,7,0,13.0,0.0,3.0,1.0,A01
201300008814,0,10,0,13.0,0.0,8.0,1.0,A01
201300008815,0,7,0,8.0,0.0,1.0,1.0,A01
201300008816,0,7,0,0.0,2.0,1.0,1.0,A01
201300008816,0,7,0,0.0,2.0,1.0,1.0,B02
201300008817,0,7,0,0.0,2.0,1.0,1.0,B02
201300008817,0,7,0,0.0,2.0,7.0,13.0,A01
201300008818,0,7,0,6.0,0.0,1.0,1.0,A01
201300008819,0,31,0,0.0,0.0,3.0,1.0,A01
201300008819,0,7,0,0.0,2.0,1.0,5.0,B02
201300008820,0,7,0,0.0,2.0,1.0,1.0,B02
201300008820,0,7,0,8.0,2.0,1.0,1.0,A01
201300008821,0,7,0,0.0,2.0,6.0,13.0,A01
201300008821,0,7,0,0.0,2.0,8.0,1.0,B02
201300008822,0,7,0,0.0,2.0,3.0,1.0,B02
201300008822,0,7,0,0.0,2.0,2.0,19.0,A01
201300008823,0,31,0,0.0,4.0,7.0,1.0,B02
201300008823,0,39,2,0.0,2.0,1.0,1.0,A01
201300008824,0,32,0,0.0,2.0,8.0,1.0,B02
201300008824,0,14,0,0.0,2.0,3.0,3.0,A01
201300008825,0,7,0,0.0,2.0,3.0,13.0,A01
201300008825,0,17,0,0.0,2.0,3.0,1.0,B02
201300008826,0,33,0,6.0,0.0,0.0,5.0,A01
201300008827,0,33,0,0.0,2.0,1.0,13.0,A01
201300008827,0,7,0,0.0,2.0,1.0,1.0,B02
201300008828,0,33,0,0.0,2.0,1.0,17.0,A01
201300008828,0,10,0,0.0,2.0,4.0,15.0,B02
201300008829,0,7,0,2.0,0.0,1.0,1.0,A01
201300008830,0,7,0,0.0,2.0,3.0,13.0,A01
201300008830,0,7,0,0.0,2.0,3.0,1.0,B02
201300008831,0,10,0,0.0,2.0,3.0,1.0,A01
201300008831,0,7,0,0.0,2.0,5.0,15.0,B02
201300008832,0,30,0,14.0,0.0,1.0,1.0,A01
201300008833,0,33,0,0.0,0.0,0.0,2.0,A01
201300008834,0,7,0,0.0,2.0,1.0,13.0,A01
201300008834,0,7,0,0.0,2.0,1.0,1.0,B02
201300008835,0,7,0,0.0,2.0,1.0,1.0,B02
201300008835,0,7,0,2.0,2.0,4.0,19.0,A01
201300008836,0,10,0,2.0,0.0,1.0,5.0,A01
201300008837,0,7,0,0.0,2.0,3.0,1.0,A01
201300008837,0,7,0,0.0,2.0,3.0,1.0,B02
201300008838,0,7,0,5.0,0.0,1.0,1.0,A01
201300008839,0,7,0,0.0,2.0,3.0,15.0,A01
201300008839,0,7,0,0.0,2.0,2.0,1.0,B02
201300008840,0,7,0,0.0,2.0,1.0,21.0,A01
201300008840,0,7,0,0.0,2.0,8.0,9.0,B02
201300008841,0,10,0,2.0,0.0,1.0,1.0,A01
201300008842,0,10,0,0.0,0.0,3.0,1.0,A01
201300008843,0,7,0,0.0,2.0,3.0,13.0,A01
201300008843,0,7,0,0.0,2.0,3.0,1.0,B02
201300008843,0,10,0,0.0,2.0,1.0,1.0,C03
201300008844,0,30,0,0.0,0.0,0.0,1.0,A01
201300008845,0,2,0,13.0,0.0,2.0,14.0,A01
201300008846,0,33,0,0.0,2.0,3.0,1.0,A01
201300008846,0,33,0,0.0,2.0,3.0,1.0,B02
201300008847,0,33,0,0.0,0.0,0.0,21.0,A01
201300008848,0,31,0,12.0,0.0,1.0,1.0,A01
201300008849,0,10,0,6.0,0.0,2.0,21.0,A01
201300008850,0,7,0,2.0,0.0,7.0,1.0,A01
201300008851,0,33,0,0.0,2.0,1.0,2.0,A01
201300008851,0,10,0,0.0,0.0,6.0,15.0,B02
201300008852,0,7,0,0.0,0.0,5.0,15.0,A01
201300008852,0,1,0,0.0,0.0,1.0,1.0,B02
201300008853,0,7,0,13.0,0.0,1.0,1.0,A01
201300008854,0,1,0,1.0,0.0,1.0,17.0,A01
201300008854,0,7,0,0.0,2.0,3.0,15.0,B02
201300008855,0,7,0,13.0,0.0,3.0,1.0,A01
201300008856,0,7,0,6.0,0.0,1.0,1.0,A01
201300008857,0,7,0,13.0,0.0,2.0,14.0,A01
201300008858,0,33,0,0.0,2.0,7.0,13.0,A01
201300008858,0,7,0,0.0,2.0,2.0,1.0,B02
201300008859,0,7,0,0.0,2.0,3.0,15.0,A01
201300008859,0,30,0,0.0,2.0,2.0,1.0,B02
201300008860,0,2,0,0.0,2.0,1.0,1.0,A01
201300008860,0,7,0,0.0,2.0,6.0,20.0,B02
201300008861,0,33,0,0.0,2.0,2.0,21.0,A01
201300008861,0,7,0,0.0,2.0,0.0,5.0,B02
201300008862,0,10,0,6.0,0.0,1.0,15.0,A01
201300008863,0,7,0,0.0,2.0,3.0,19.0,A01
201300008863,0,1,0,0.0,2.0,2.0,19.0,B02
201300008864,0,7,0,0.0,2.0,7.0,13.0,A01
201300008864,0,7,0,0.0,2.0,1.0,1.0,B02
201300008865,0,7,0,0.0,2.0,1.0,19.0,A01
201300008865,0,31,0,0.0,2.0,7.0,17.0,B02
201300008866,0,7,0,2.0,0.0,0.0,1.0,A01
201300008867,0,7,0,0.0,2.0,3.0,2.0,A01
201300008867,0,32,0,0.0,2.0,1.0,17.0,B02
201300008868,0,7,0,13.0,2.0,8.0,1.0,A01
201300008868,0,10,0,0.0,2.0,8.0,17.0,B02
201300008868,0,7,0,0.0,2.0,7.0,17.0,C03
201300008869,0,7,0,0.0,2.0,8.0,15.0,A01
201300008869,0,33,0,0.0,2.0,1.0,17.0,B02
201300008870,0,10,0,0.0,2.0,8.0,13.0,A01
201300008870,0,33,0,0.0,2.0,2.0,17.0,B02
201300008871,0,7,0,2.0,0.0,1.0,13.0,A01
201300008872,0,7,0,0.0,2.0,3.0,11.0,A01
201300008872,0,2,0,0.0,2.0,2.0,1.0,B02
201300008873,0,15,0,0.0,2.0,2.0,13.0,A01
201300008873,0,7,0,6.0,2.0,9.0,0.0,B02
201300008874,0,7,0,0.0,2.0,4.0,2.0,A01
201300008874,0,33,0,0.0,2.0,1.0,1.0,B02
201300008875,0,7,0,0.0,2.0,1.0,13.0,A01
201300008875,0,7,0,0.0,2.0,3.0,1.0,B02
201300008876,0,7,0,0.0,2.0,3.0,1.0,A01
201300008876,0,7,0,0.0,2.0,3.0,13.0,B02
201300008877,0,7,0,6.0,0.0,2.0,13.0,A01
201300008878,0,7,0,0.0,0.0,2.0,1.0,A01
201300008879,0,33,0,13.0,0.0,1.0,13.0,A01
201300008880,0,7,0,0.0,1.0,6.0,4.0,A01
201300008881,0,7,0,0.0,2.0,3.0,15.0,A01
201300008881,0,33,0,0.0,2.0,1.0,17.0,B02
201300008882,0,7,0,0.0,2.0,3.0,13.0,A01
201300008882,0,33,0,0.0,2.0,8.0,1.0,B02
201300008883,0,10,0,8.0,0.0,1.0,0.0,A01
201300008884,0,7,0,0.0,1.0,1.0,0.0,A01
201300008885,0,7,0,0.0,2.0,3.0,13.0,A01
201300008885,0,7,0,0.0,2.0,2.0,0.0,B02
201300008886,0,7,0,0.0,2.0,7.0,15.0,A01
201300008886,0,33,0,0.0,2.0,3.0,1.0,B02
201300008886,0,7,0,0.0,2.0,2.0,1.0,C03
201300008887,0,30,0,0.0,0.0,0.0,1.0,A01
201300008888,0,7,0,0.0,2.0,3.0,10.0,A01
201300008888,0,7,0,0.0,2.0,1.0,1.0,B02
201300008889,0,31,0,0.0,2.0,2.0,17.0,A01
201300008889,0,7,0,0.0,2.0,8.0,15.0,B02
201300008890,0,31,0,0.0,2.0,1.0,2.0,A01
201300008890,0,7,0,0.0,0.0,4.0,2.0,B02
201300008891,0,15,0,0.0,0.0,3.0,19.0,B01
201300008891,0,33,0,0.0,0.0,2.0,17.0,A02
201300008892,0,33,0,0.0,2.0,1.0,14.0,A01
201300008892,0,33,0,0.0,2.0,1.0,0.0,B02
201300008892,0,31,0,0.0,2.0,0.0,0.0,C03
201300008892,0,33,0,0.0,0.0,0.0,0.0,D04
201300008893,0,7,0,12.0,0.0,3.0,0.0,A01
201300008894,0,2,0,0.0,2.0,9.0,13.0,A01
201300008894,0,7,0,0.0,2.0,8.0,1.0,B02
201300008894,0,7,0,0.0,2.0,3.0,1.0,C03
201300008895,0,33,0,6.0,2.0,1.0,17.0,A01
201300008895,0,7,0,0.0,2.0,4.0,17.0,B02
201300008896,0,7,0,4.0,0.0,3.0,1.0,B02
201300008896,0,7,0,0.0,0.0,1.0,5.0,A01
201300008897,0,7,0,0.0,0.0,4.0,1.0,B02
201300008897,0,33,0,0.0,2.0,1.0,1.0,A01
201300008898,0,7,0,0.0,2.0,1.0,1.0,A01
201300008898,0,7,0,0.0,2.0,1.0,1.0,B02
201300008899,0,33,0,0.0,2.0,1.0,17.0,A01
201300008899,0,7,0,0.0,2.0,3.0,15.0,B02
201300008900,0,7,0,0.0,2.0,2.0,1.0,A01
201300008900,0,7,0,0.0,2.0,1.0,9.0,B02
201300008901,0,33,0,0.0,2.0,1.0,1.0,B02
201300008901,0,7,0,0.0,2.0,3.0,19.0,A01
201300008902,0,7,0,0.0,2.0,3.0,1.0,B02
201300008902,0,33,0,0.0,0.0,6.0,9.0,A01
201300008903,0,14,0,2.0,0.0,1.0,1.0,A01
201300008904,0,7,0,0.0,2.0,3.0,13.0,A01
201300008904,0,7,0,0.0,2.0,3.0,1.0,B02
201300008905,0,7,0,0.0,2.0,8.0,1.0,A01
201300008905,0,7,0,0.0,2.0,3.0,1.0,C03
201300008905,0,7,0,0.0,2.0,3.0,1.0,B02
201300008906,0,7,0,0.0,1.0,2.0,1.0,A01
201300008907,0,14,0,0.0,1.0,5.0,4.0,A01
201300008908,0,7,0,13.0,0.0,2.0,1.0,A01
201300008909,0,10,0,0.0,2.0,8.0,5.0,B02
201300008909,0,33,0,0.0,2.0,1.0,5.0,A01
201300008910,0,32,0,0.0,2.0,8.0,13.0,A01
201300008910,0,7,0,0.0,2.0,3.0,21.0,B02
201300008911,0,7,0,0.0,6.0,2.0,0.0,A01
201300008912,0,1,0,0.0,2.0,8.0,2.0,B02
201300008912,0,14,0,0.0,9.0,2.0,2.0,A01
201300008913,0,7,0,0.0,2.0,3.0,1.0,B02
201300008913,0,33,0,0.0,2.0,7.0,13.0,A01
201300008914,0,33,0,0.0,0.0,9.0,1.0,A01
201300008915,0,38,0,0.0,2.0,1.0,1.0,B02
201300008915,0,7,0,0.0,2.0,1.0,13.0,A01
201300008916,0,7,0,1.0,0.0,1.0,14.0,A01
201300008917,0,7,0,0.0,2.0,7.0,1.0,C03
201300008917,0,7,0,0.0,2.0,3.0,6.0,A01
201300008917,0,7,0,0.0,2.0,3.0,1.0,B02
201300008918,0,7,0,0.0,2.0,1.0,13.0,A01
201300008918,0,33,0,0.0,2.0,1.0,1.0,B02
201300008919,0,33,0,0.0,2.0,8.0,1.0,A01
201300008919,0,7,0,0.0,2.0,3.0,0.0,B02
201300008920,0,33,0,0.0,2.0,1.0,2.0,A01
201300008920,0,7,0,0.0,2.0,4.0,0.0,B02
201300008921,0,31,0,0.0,0.0,0.0,1.0,A01
201300008922,0,31,0,0.0,0.0,1.0,0.0,C03
201300008922,0,7,0,0.0,0.0,6.0,1.0,A01
201300008922,0,31,0,0.0,2.0,0.0,13.0,B02
201300008923,0,7,0,0.0,2.0,3.0,1.0,B02
201300008923,0,33,0,0.0,2.0,3.0,17.0,A01
201300008924,0,7,0,0.0,2.0,3.0,13.0,A01
201300008924,0,33,0,0.0,2.0,1.0,1.0,B02
201300008925,0,7,0,0.0,0.0,3.0,5.0,A01
201300008925,0,7,0,0.0,0.0,1.0,1.0,B02
201300008926,0,10,0,0.0,1.0,3.0,19.0,A01
201300008927,0,7,0,0.0,0.0,7.0,13.0,A01
201300008927,0,10,0,0.0,0.0,1.0,1.0,B02
201300008928,0,7,0,0.0,2.0,1.0,1.0,B02
201300008928,0,7,0,0.0,2.0,1.0,15.0,A01
201300008929,0,7,0,0.0,2.0,5.0,15.0,A01
201300008929,0,33,0,0.0,2.0,1.0,1.0,B02
201300008930,0,7,0,13.0,0.0,7.0,14.0,A01
201300008931,0,34,0,6.0,0.0,1.0,1.0,A01
201300008932,0,30,0,0.0,2.0,3.0,1.0,A01
201300008932,0,7,0,0.0,2.0,3.0,18.0,B02
201300008932,0,7,0,0.0,2.0,6.0,21.0,C03
201300008932,0,14,0,0.0,0.0,1.0,17.0,D04
201300008933,0,7,0,0.0,2.0,7.0,16.0,B02
201300008933,0,31,0,0.0,2.0,1.0,1.0,A01
201300008934,0,7,0,0.0,2.0,1.0,5.0,A01
201300008934,0,7,0,0.0,2.0,1.0,1.0,B02
201300008935,0,20,0,16.0,0.0,8.0,17.0,A01
201300008936,0,31,0,0.0,2.0,1.0,2.0,A01
201300008936,0,7,0,0.0,0.0,6.0,2.0,B02
201300008937,0,7,0,5.0,0.0,8.0,0.0,A01
201300008938,2,7,0,0.0,2.0,1.0,9.0,B02
201300008938,0,32,0,0.0,2.0,7.0,1.0,A01
201300008939,0,7,0,0.0,2.0,3.0,0.0,B02
201300008939,0,7,0,0.0,2.0,3.0,5.0,A01
201300008940,0,7,0,0.0,2.0,1.0,1.0,B02
201300008940,0,7,0,0.0,2.0,7.0,13.0,A01
201300008941,0,7,0,0.0,2.0,3.0,1.0,B02
201300008941,0,7,0,0.0,2.0,1.0,13.0,A01
201300008942,0,7,0,13.0,0.0,2.0,1.0,A01
201300008943,0,7,0,13.0,0.0,8.0,13.0,A01
201300008944,0,7,0,0.0,0.0,9.0,17.0,A01
201300008945,0,7,0,0.0,2.0,8.0,1.0,A01
201300008945,0,7,0,0.0,2.0,1.0,1.0,B02
201300008946,0,10,0,0.0,5.0,1.0,1.0,A01
201300008947,0,7,0,13.0,0.0,8.0,1.0,A01
201300008948,0,7,0,13.0,0.0,1.0,1.0,A01
201300008949,0,30,0,0.0,0.0,1.0,1.0,A01
201300008950,0,33,0,0.0,2.0,1.0,1.0,A01
201300008950,0,10,0,0.0,0.0,5.0,15.0,B02
201300008951,0,7,0,0.0,0.0,0.0,0.0,A01
201300008952,0,10,0,0.0,2.0,1.0,1.0,B02
201300008952,0,7,0,0.0,2.0,8.0,9.0,A01
201300008953,0,33,0,0.0,2.0,0.0,1.0,B02
201300008953,0,7,0,0.0,2.0,5.0,15.0,A01
201300008954,0,32,0,0.0,2.0,1.0,1.0,A01
201300008954,0,7,0,0.0,0.0,6.0,4.0,B02
201300008955,0,15,0,0.0,0.0,3.0,1.0,B02
201300008955,0,7,0,0.0,0.0,3.0,13.0,A01
201300008956,0,10,0,0.0,1.0,3.0,1.0,A01
201300008957,0,7,0,8.0,0.0,7.0,1.0,A01
201300008958,0,33,0,0.0,2.0,1.0,17.0,A01
201300008958,0,7,0,0.0,2.0,6.0,15.0,B02
201300008959,0,7,0,0.0,2.0,2.0,17.0,A01
201300008959,0,7,0,0.0,2.0,8.0,15.0,B02
201300008960,0,10,0,0.0,2.0,1.0,15.0,A01
201300008960,0,33,0,0.0,2.0,1.0,1.0,B02
201300008961,0,7,0,0.0,2.0,1.0,1.0,B02
201300008961,0,33,0,0.0,2.0,8.0,13.0,A01
201300008962,0,10,0,0.0,2.0,1.0,17.0,A01
201300008962,0,10,0,0.0,2.0,4.0,15.0,B02
201300008963,0,30,0,0.0,2.0,1.0,13.0,A01
201300008963,0,10,0,0.0,2.0,2.0,1.0,B02
201300008964,0,7,0,0.0,2.0,1.0,1.0,B02
201300008964,0,7,0,0.0,2.0,1.0,17.0,A01
201300008965,0,7,0,0.0,0.0,1.0,5.0,A01
201300008966,0,1,0,0.0,0.0,8.0,15.0,B02
201300008966,1,7,0,0.0,0.0,7.0,17.0,A01
201300008967,0,33,0,0.0,2.0,2.0,17.0,B02
201300008967,0,7,0,0.0,2.0,3.0,15.0,A01
201300008968,0,7,0,0.0,1.0,1.0,1.0,A01
201300008969,0,7,0,15.0,0.0,1.0,0.0,A01
201300008970,2,7,0,0.0,2.0,2.0,0.0,A01
201300008970,0,7,0,0.0,2.0,7.0,1.0,B02
201300008971,0,7,0,0.0,2.0,3.0,15.0,B02
201300008971,0,33,0,3.0,2.0,2.0,17.0,A01
201300008972,0,7,0,0.0,2.0,3.0,13.0,A01
201300008972,0,7,0,0.0,2.0,2.0,1.0,B02
201300008973,0,7,0,2.0,0.0,2.0,0.0,A01
201300008974,0,33,0,11.0,0.0,1.0,1.0,A01
201300008975,0,7,0,0.0,1.0,4.0,4.0,A01
201300008976,0,7,0,15.0,0.0,2.0,14.0,A01
201300008977,0,7,0,0.0,2.0,3.0,9.0,A01
201300008977,0,1,0,0.0,,7.0,1.0,B01
201300008978,0,32,0,0.0,2.0,3.0,5.0,A01
201300008978,0,7,0,0.0,,3.0,1.0,B01
201300008979,0,7,0,13.0,0.0,1.0,1.0,A01
201300008980,0,7,0,15.0,0.0,1.0,16.0,A01
201300008981,0,33,0,0.0,1.0,1.0,17.0,A01
201300008981,0,7,0,0.0,,1.0,23.0,B01
201300008982,0,7,0,0.0,1.0,1.0,1.0,A01
201300008983,0,10,0,0.0,2.0,1.0,2.0,A01
201300008983,0,7,0,0.0,,4.0,2.0,B01
201300008984,0,15,0,0.0,2.0,3.0,1.0,B01
201300008984,0,7,0,0.0,2.0,3.0,9.0,A01
201300008985,0,7,0,0.0,,2.0,1.0,B01
201300008985,0,7,0,0.0,2.0,3.0,15.0,A01
201300008986,0,10,0,0.0,2.0,3.0,5.0,C01
201300008986,0,7,0,0.0,1.0,2.0,23.0,B01
201300008986,0,10,0,0.0,2.0,1.0,2.0,A01
201300008987,0,7,0,16.0,0.0,2.0,1.0,A01
201300008988,0,10,0,0.0,2.0,3.0,15.0,A01
201300008988,0,7,0,0.0,2.0,3.0,1.0,B01
201300008989,0,7,0,0.0,2.0,3.0,15.0,A01
201300008989,0,38,4,0.0,,3.0,1.0,B01
201300008990,0,31,0,0.0,2.0,1.0,1.0,B01
201300008990,0,7,0,0.0,2.0,5.0,15.0,A01
201300008991,0,7,0,0.0,2.0,8.0,2.0,B01
201300008991,1,7,0,0.0,2.0,7.0,17.0,Z01
201300008992,0,7,0,6.0,0.0,9.0,16.0,A01
201300008993,0,7,0,0.0,,3.0,1.0,B01
201300008993,0,7,0,0.0,2.0,1.0,1.0,A01
201300008994,0,7,0,0.0,2.0,1.0,13.0,A01
201300008994,0,14,0,0.0,,1.0,23.0,B01
201300008995,0,7,0,0.0,2.0,1.0,13.0,A01
201300008995,0,10,0,0.0,,1.0,1.0,B01
201300008996,0,10,0,0.0,1.0,4.0,4.0,A01
201300008997,0,7,0,0.0,1.0,1.0,1.0,A01
201300008998,0,7,0,0.0,1.0,2.0,1.0,A01
201300008999,0,7,0,0.0,2.0,1.0,1.0,A01
201300008999,0,10,0,13.0,,4.0,1.0,B01
201300008999,0,7,0,0.0,2.0,1.0,1.0,C01
201300009000,0,7,0,0.0,2.0,3.0,1.0,A01
201300009000,0,37,1,0.0,2.0,1.0,1.0,B01
201300009001,0,7,0,0.0,2.0,6.0,17.0,A01
201300009001,0,10,0,0.0,2.0,6.0,1.0,B01
201300009001,0,7,0,0.0,2.0,1.0,1.0,C01
201300009001,0,7,0,0.0,2.0,2.0,1.0,D01
201300009002,0,7,0,0.0,1.0,7.0,1.0,A01
201300009003,0,7,0,0.0,2.0,1.0,1.0,A01
201300009003,0,7,0,0.0,,4.0,23.0,B01
201300009004,0,7,0,0.0,2.0,5.0,1.0,B01
201300009004,0,7,0,0.0,2.0,2.0,16.0,A01
201300009005,0,31,0,0.0,2.0,7.0,17.0,A01
201300009005,0,7,0,0.0,,6.0,1.0,B01
201300009006,0,33,0,0.0,,1.0,1.0,B01
201300009006,0,7,0,0.0,2.0,3.0,15.0,A01
201300009007,0,7,0,0.0,2.0,7.0,1.0,B01
201300009007,2,7,0,0.0,,0.0,1.0,Z01
201300009008,0,7,0,0.0,2.0,1.0,1.0,A01
201300009008,0,7,0,0.0,,4.0,23.0,B01
201300009009,0,33,0,0.0,2.0,3.0,1.0,A01
201300009009,0,16,0,0.0,0.0,2.0,16.0,B01
201300009010,0,7,0,0.0,1.0,3.0,1.0,A01
201300009011,0,31,0,0.0,2.0,1.0,17.0,A01
201300009011,0,7,0,0.0,2.0,2.0,15.0,B01
201300009012,0,7,0,0.0,2.0,1.0,1.0,B01
201300009012,0,7,0,0.0,2.0,1.0,13.0,A01
201300009013,0,7,0,0.0,1.0,7.0,16.0,A01
201300009014,0,7,0,0.0,9.0,1.0,15.0,A01
201300009014,0,1,0,0.0,,4.0,1.0,B01
201300009015,0,7,0,0.0,1.0,7.0,1.0,A01
201300009016,0,7,0,0.0,1.0,1.0,1.0,A01
201300009017,0,7,0,0.0,2.0,3.0,15.0,A01
201300009017,0,2,0,0.0,,7.0,1.0,B01
201300009018,0,7,0,0.0,2.0,3.0,9.0,A01
201300009018,0,38,40,0.0,,2.0,1.0,B01
201300009019,0,7,0,0.0,2.0,1.0,1.0,A01
201300009019,0,10,0,0.0,,3.0,1.0,B01
201300009020,0,15,0,0.0,2.0,3.0,1.0,A01
201300009020,0,7,0,0.0,,8.0,15.0,B01
201300009021,0,2,0,0.0,2.0,8.0,17.0,B01
201300009021,0,7,0,0.0,2.0,2.0,19.0,A01
201300009022,0,36,0,6.0,0.0,1.0,0.0,A01
201300009023,0,7,0,0.0,2.0,3.0,19.0,A01
201300009023,0,7,0,0.0,2.0,1.0,0.0,B02
201300009024,0,31,0,0.0,2.0,1.0,2.0,A01
201300009024,0,7,0,0.0,2.0,4.0,2.0,B02
201300009025,0,38,0,0.0,2.0,5.0,6.0,A01
201300009025,0,1,0,0.0,2.0,8.0,2.0,B02
201300009026,0,7,0,0.0,1.0,1.0,24.0,A01
201300009027,0,7,0,0.0,2.0,3.0,17.0,B02
201300009027,0,7,0,0.0,2.0,3.0,1.0,A01
201300009028,0,7,0,0.0,1.0,3.0,1.0,A01
201300009029,0,10,0,8.0,0.0,1.0,14.0,A01
201300009030,0,31,0,0.0,2.0,1.0,1.0,B02
201300009030,0,7,0,0.0,2.0,2.0,15.0,A01
201300009031,0,7,0,0.0,2.0,2.0,1.0,B02
201300009031,0,34,0,0.0,2.0,1.0,1.0,A01
201300009032,0,38,0,0.0,2.0,3.0,1.0,B02
201300009032,0,7,0,0.0,2.0,6.0,15.0,A01
201300009033,0,7,0,0.0,0.0,6.0,1.0,A01
201300009033,0,7,0,0.0,0.0,2.0,9.0,B02
201300009034,0,7,0,0.0,2.0,1.0,1.0,B02
201300009034,0,10,0,0.0,2.0,1.0,0.0,A01
201300009035,1,7,0,0.0,1.0,2.0,15.0,A01
201300009036,0,14,0,0.0,2.0,8.0,13.0,B02
201300009036,0,7,0,0.0,9.0,1.0,21.0,A01
201300009037,0,7,0,6.0,0.0,1.0,2.0,A01
201300009038,0,15,0,3.0,0.0,1.0,14.0,A01
201300009039,0,7,0,0.0,2.0,1.0,1.0,A01
201300009039,0,7,0,0.0,2.0,7.0,19.0,B02
201300009040,0,10,0,0.0,2.0,1.0,1.0,A01
201300009040,0,7,0,0.0,2.0,4.0,23.0,B02
201300009040,0,7,0,0.0,2.0,4.0,23.0,D04
201300009040,0,7,0,0.0,2.0,4.0,23.0,C03
201300009041,0,33,0,12.0,0.0,1.0,1.0,A01
201300009042,0,7,0,3.0,0.0,1.0,0.0,A01
201300009043,0,33,0,3.0,0.0,3.0,2.0,A01
201300009044,0,33,0,0.0,0.0,1.0,0.0,A01
201300009045,0,7,0,0.0,1.0,1.0,0.0,A01
201300009046,0,7,0,8.0,0.0,8.0,1.0,A01
201300009047,0,2,0,0.0,2.0,1.0,1.0,B02
201300009047,0,7,0,0.0,2.0,6.0,15.0,A01
201300009048,0,7,0,0.0,1.0,1.0,1.0,A01
201300009049,0,7,0,0.0,2.0,1.0,0.0,D04
201300009049,0,7,0,0.0,2.0,3.0,13.0,A01
201300009049,0,7,0,0.0,2.0,3.0,0.0,B02
201300009049,0,7,0,0.0,2.0,1.0,2.0,C03
201300009050,0,7,0,0.0,1.0,3.0,19.0,A01
201300009051,1,7,0,0.0,1.0,1.0,1.0,A01
201300009052,0,33,0,0.0,0.0,0.0,1.0,A01
201300009053,0,14,0,0.0,2.0,4.0,6.0,B02
201300009053,0,14,0,0.0,2.0,1.0,1.0,A01
201300009054,0,7,0,0.0,2.0,2.0,13.0,A01
201300009054,0,7,0,0.0,2.0,2.0,1.0,B02