Num_Acc,senc,catv,occutc,obs,obsm,choc,manv,num_veh
201300009055,0,7,0,0.0,0.0,0.0,1.0,A01
201300009056,0,7,0,0.0,0.0,3.0,1.0,A01
201300009056,0,7,0,0.0,0.0,3.0,1.0,B02
201300009057,0,30,0,4.0,0.0,3.0,1.0,A01
201300009058,0,7,0,0.0,2.0,1.0,2.0,A01
201300009058,0,7,0,0.0,2.0,4.0,2.0,B02
201300009059,0,7,0,2.0,0.0,7.0,1.0,A01
201300009060,0,7,0,0.0,0.0,2.0,15.0,A01
201300009060,0,33,0,0.0,2.0,1.0,1.0,B02
201300009061,0,7,0,0.0,2.0,1.0,1.0,B02
201300009061,0,10,0,0.0,2.0,1.0,13.0,A01
201300009062,0,7,0,0.0,9.0,3.0,1.0,A01
201300009062,0,33,0,0.0,2.0,3.0,17.0,B02
201300009063,0,7,0,0.0,2.0,3.0,13.0,A01
201300009063,0,7,0,0.0,2.0,3.0,21.0,B02
201300009064,0,7,0,3.0,0.0,3.0,1.0,A01
201300009065,0,7,0,0.0,2.0,1.0,1.0,B02
201300009065,0,7,0,0.0,2.0,1.0,13.0,A01
201300009066,0,7,0,0.0,0.0,3.0,1.0,A01
201300009066,0,7,0,0.0,2.0,1.0,1.0,B02
201300009067,0,7,0,6.0,0.0,2.0,1.0,A01
201300009068,0,30,0,3.0,0.0,7.0,1.0,A01
201300009069,0,7,0,2.0,0.0,8.0,1.0,A01
201300009070,0,7,0,0.0,2.0,2.0,15.0,B02
201300009070,0,7,0,0.0,2.0,3.0,0.0,A01
201300009071,0,10,0,0.0,2.0,3.0,15.0,B02
201300009071,0,33,0,0.0,2.0,7.0,21.0,A01
201300009072,0,7,0,0.0,0.0,3.0,15.0,B02
201300009072,0,33,0,0.0,2.0,1.0,1.0,A01
201300009073,0,7,0,10.0,0.0,1.0,14.0,A01
201300009074,0,33,0,0.0,0.0,3.0,1.0,A01
201300009075,0,33,0,0.0,0.0,0.0,0.0,A01
201300009076,0,33,0,0.0,0.0,2.0,1.0,A01
201300009077,0,1,0,0.0,0.0,0.0,16.0,A01
201300009078,0,7,0,0.0,2.0,3.0,1.0,C03
201300009078,0,7,0,0.0,2.0,3.0,16.0,A01
201300009078,0,7,0,0.0,2.0,1.0,1.0,B02
201300009079,0,33,0,0.0,0.0,2.0,1.0,A01
201300009080,0,7,0,1.0,1.0,1.0,1.0,A01
201300009081,0,30,0,0.0,2.0,1.0,1.0,A01
201300009082,0,7,0,0.0,2.0,0.0,23.0,E05
201300009082,0,10,0,0.0,2.0,3.0,17.0,A01
201300009082,0,7,0,1.0,2.0,1.0,1.0,B02
201300009082,0,10,0,0.0,2.0,1.0,23.0,C03
201300009082,0,7,0,13.0,2.0,1.0,1.0,D04
201300009083,0,33,0,0.0,2.0,3.0,1.0,B02
201300009083,0,7,0,0.0,2.0,3.0,17.0,A01
201300009083,0,10,0,0.0,2.0,8.0,1.0,C03
201300009084,0,33,0,0.0,2.0,8.0,2.0,A01
201300009084,0,7,0,0.0,2.0,6.0,2.0,B02
201300009085,0,7,0,6.0,0.0,1.0,1.0,A01
201300009086,0,7,0,6.0,0.0,1.0,1.0,A01
201300009087,0,30,0,0.0,2.0,1.0,1.0,A01
201300009087,0,7,0,0.0,2.0,4.0,1.0,B02
201300009088,0,10,0,0.0,1.0,2.0,1.0,A01
201300009089,0,33,0,0.0,0.0,0.0,0.0,A01
201300009090,0,7,0,2.0,0.0,5.0,1.0,A01
201300009091,0,7,0,5.0,0.0,1.0,14.0,A01
201300009092,0,33,0,0.0,0.0,9.0,14.0,A01
201300009093,0,33,0,0.0,2.0,1.0,2.0,A01
201300009093,0,7,0,0.0,2.0,4.0,2.0,B02
201300009094,0,7,0,0.0,2.0,3.0,1.0,A01
201300009094,0,7,0,0.0,2.0,2.0,15.0,B02
201300009095,0,30,0,3.0,0.0,2.0,1.0,A01
201300009096,0,7,0,1.0,0.0,4.0,0.0,A01
201300009096,0,7,0,0.0,0.0,0.0,0.0,B02
201300009097,0,7,0,8.0,0.0,2.0,1.0,A01
201300009098,0,7,0,0.0,2.0,1.0,1.0,A01
201300009098,0,7,0,0.0,2.0,3.0,1.0,B02
201300009099,0,7,0,13.0,0.0,2.0,14.0,A01
201300009100,0,7,0,0.0,2.0,1.0,11.0,A01
201300009100,0,30,0,0.0,2.0,1.0,1.0,B02
201300009101,0,15,0,0.0,2.0,4.0,23.0,A01
201300009101,0,14,0,1.0,2.0,1.0,2.0,B02
201300009102,0,7,0,0.0,0.0,1.0,9.0,B02
201300009102,0,33,0,0.0,2.0,7.0,3.0,A01
201300009103,0,7,0,0.0,1.0,2.0,21.0,A01
201300009104,0,10,0,0.0,2.0,1.0,11.0,A01
201300009104,0,10,0,0.0,2.0,1.0,1.0,B02
201300009105,0,17,0,0.0,1.0,1.0,16.0,A01
201300009106,0,3,0,0.0,2.0,5.0,9.0,A01
201300009106,0,33,0,0.0,2.0,3.0,1.0,B02
201300009107,0,7,0,0.0,2.0,1.0,2.0,B02
201300009107,0,1,0,0.0,2.0,4.0,2.0,A01
201300009108,0,1,0,0.0,2.0,4.0,14.0,B02
201300009108,0,7,0,0.0,2.0,3.0,1.0,A01
201300009109,0,7,0,0.0,2.0,8.0,15.0,C03
201300009109,0,33,0,0.0,2.0,1.0,1.0,B02
201300009109,0,30,0,0.0,2.0,1.0,1.0,A01
201300009110,0,2,0,0.0,2.0,1.0,1.0,A01
201300009110,0,7,0,0.0,2.0,2.0,1.0,B02
201300009111,0,10,0,0.0,2.0,1.0,1.0,A01
201300009111,0,7,0,0.0,2.0,8.0,15.0,B02
201300009112,0,33,0,0.0,2.0,1.0,1.0,B02
201300009112,0,7,0,0.0,2.0,1.0,15.0,A01
201300009113,0,10,0,0.0,2.0,2.0,1.0,A01
201300009113,0,7,0,0.0,2.0,3.0,13.0,B02
201300009114,0,7,0,0.0,2.0,4.0,1.0,A01
201300009114,0,7,0,0.0,2.0,1.0,2.0,B02
201300009115,0,7,0,8.0,0.0,1.0,13.0,A01
201300009116,0,7,0,0.0,2.0,2.0,16.0,A01
201300009116,0,1,0,0.0,2.0,8.0,18.0,B02
201300009117,0,7,0,0.0,2.0,3.0,1.0,B02
201300009117,0,7,0,0.0,2.0,8.0,13.0,A01
201300009118,0,37,3,0.0,2.0,2.0,1.0,B02
201300009118,0,7,0,0.0,2.0,9.0,13.0,A01
201300009119,0,7,0,0.0,2.0,3.0,13.0,A01
201300009119,0,7,0,0.0,2.0,3.0,1.0,B02
201300009120,0,7,0,0.0,2.0,2.0,15.0,A01
201300009120,0,2,0,0.0,2.0,1.0,1.0,B02
201300009121,0,7,0,0.0,1.0,1.0,1.0,A01
201300009122,0,7,0,2.0,0.0,1.0,1.0,A01
201300009123,0,1,0,0.0,2.0,4.0,2.0,B02
201300009123,0,10,0,0.0,2.0,2.0,1.0,A01
201300009124,0,36,0,0.0,0.0,7.0,1.0,A01
201300009125,0,7,0,6.0,0.0,3.0,13.0,A01
201300009126,0,33,0,0.0,2.0,8.0,1.0,B02
201300009126,0,7,0,0.0,2.0,1.0,15.0,A01
201300009127,0,7,0,0.0,2.0,2.0,1.0,A01
201300009127,0,7,0,0.0,2.0,1.0,1.0,B02
201300009128,0,7,0,0.0,0.0,9.0,14.0,A01
201300009129,0,7,0,0.0,1.0,5.0,16.0,A01
201300009130,0,7,0,0.0,2.0,1.0,1.0,B02
201300009130,0,15,0,0.0,2.0,1.0,5.0,A01
201300009131,0,7,0,6.0,0.0,1.0,14.0,A01
201300009132,0,7,0,2.0,0.0,8.0,13.0,A01
201300009133,0,7,0,0.0,2.0,3.0,1.0,B02
201300009133,0,7,0,0.0,2.0,2.0,17.0,A01
201300009134,0,7,0,0.0,1.0,2.0,1.0,A01
201300009135,0,7,0,0.0,2.0,3.0,11.0,A01
201300009135,0,14,0,0.0,2.0,6.0,1.0,B02
201300009136,0,7,0,9.0,0.0,7.0,1.0,A01
201300009137,0,7,0,0.0,2.0,1.0,1.0,A01
201300009137,0,7,0,0.0,2.0,8.0,20.0,B02
201300009138,0,7,0,0.0,2.0,3.0,5.0,A01
201300009138,0,7,0,0.0,2.0,3.0,1.0,B02
201300009139,0,10,0,0.0,2.0,2.0,2.0,B02
201300009139,0,33,0,0.0,2.0,4.0,1.0,A01
201300009140,0,7,0,0.0,2.0,3.0,1.0,B02
201300009140,0,7,0,0.0,2.0,2.0,13.0,A01
201300009141,0,30,0,0.0,2.0,0.0,1.0,A01
201300009141,0,7,0,0.0,2.0,0.0,1.0,B02
201300009142,0,7,0,8.0,0.0,1.0,1.0,A01
201300009143,0,33,0,13.0,0.0,1.0,15.0,A01
201300009144,0,32,0,0.0,2.0,1.0,1.0,B02
201300009144,0,7,0,0.0,2.0,6.0,15.0,A01
201300009145,0,10,0,0.0,1.0,1.0,1.0,A01
201300009146,0,33,0,0.0,2.0,1.0,1.0,B02
201300009146,0,7,0,0.0,2.0,5.0,15.0,A01
201300009147,0,7,0,0.0,2.0,4.0,1.0,A01
201300009147,0,30,0,0.0,2.0,1.0,2.0,B02
201300009148,0,7,0,0.0,2.0,8.0,15.0,A01
201300009148,0,31,0,0.0,2.0,1.0,1.0,B02
201300009149,0,33,0,0.0,2.0,1.0,1.0,A01
201300009149,0,17,0,0.0,2.0,5.0,15.0,B02
201300009150,0,31,0,0.0,2.0,0.0,1.0,B02
201300009150,0,7,0,0.0,2.0,2.0,10.0,A01
201300009151,0,7,0,15.0,1.0,2.0,21.0,A01
201300009152,0,7,0,0.0,2.0,8.0,15.0,A01
201300009152,0,31,0,0.0,2.0,5.0,17.0,B02
201300009153,0,1,0,0.0,2.0,1.0,1.0,B02
201300009153,0,7,0,0.0,2.0,3.0,9.0,A01
201300009154,0,7,0,0.0,1.0,3.0,1.0,A01
201300009155,0,33,0,0.0,2.0,1.0,1.0,A01
201300009155,0,33,0,0.0,2.0,1.0,1.0,B02
201300009156,0,30,0,6.0,0.0,1.0,1.0,A01
201300009157,0,7,0,0.0,2.0,1.0,15.0,A01
201300009157,0,7,0,0.0,2.0,1.0,1.0,B02
201300009158,0,7,0,0.0,2.0,2.0,2.0,B02
201300009158,0,7,0,0.0,2.0,8.0,15.0,A01
201300009159,0,13,0,0.0,2.0,2.0,15.0,A01
201300009159,0,33,0,0.0,2.0,1.0,1.0,B02
201300009160,0,7,0,0.0,2.0,2.0,11.0,A01
201300009160,0,7,0,0.0,2.0,1.0,1.0,B02
201300009161,0,7,0,0.0,2.0,1.0,1.0,A01
201300009161,0,10,0,0.0,2.0,7.0,19.0,B02
201300009162,0,7,0,0.0,2.0,7.0,15.0,A01
201300009162,0,33,0,0.0,2.0,7.0,1.0,B02
201300009163,0,7,0,0.0,2.0,1.0,1.0,C03
201300009163,0,7,0,0.0,2.0,9.0,13.0,A01
201300009163,0,14,0,0.0,2.0,6.0,15.0,B02
201300009164,0,7,0,0.0,0.0,1.0,0.0,A01
201300009165,0,7,0,3.0,0.0,1.0,1.0,A01
201300009166,0,33,0,0.0,2.0,7.0,1.0,A01
201300009166,0,7,0,0.0,2.0,2.0,19.0,B02
201300009167,0,7,0,0.0,2.0,1.0,13.0,B02
201300009167,0,7,0,0.0,2.0,1.0,1.0,A01
201300009168,0,7,0,0.0,2.0,3.0,15.0,A01
201300009168,0,32,0,0.0,2.0,8.0,1.0,B02
201300009169,0,15,0,0.0,2.0,1.0,1.0,A01
201300009169,0,7,0,0.0,2.0,7.0,0.0,B02
201300009170,0,7,0,0.0,0.0,0.0,1.0,A01
201300009171,0,7,0,13.0,0.0,9.0,1.0,A01
201300009172,0,7,0,0.0,2.0,3.0,1.0,B02
201300009172,0,7,0,0.0,2.0,1.0,1.0,A01
201300009173,0,7,0,2.0,0.0,9.0,1.0,A01
201300009174,0,2,0,0.0,2.0,1.0,1.0,B02
201300009174,0,7,0,0.0,2.0,7.0,19.0,A01
201300009175,0,10,0,13.0,0.0,1.0,1.0,A01
201300009176,0,7,0,0.0,1.0,3.0,1.0,A01
201300009177,0,33,0,0.0,2.0,3.0,21.0,B02
201300009177,0,7,0,0.0,2.0,1.0,10.0,A01
201300009178,0,7,0,0.0,2.0,1.0,1.0,A01
201300009178,0,1,0,0.0,2.0,8.0,15.0,B02
201300009179,0,33,0,0.0,2.0,2.0,12.0,A01
201300009179,0,7,0,0.0,2.0,6.0,1.0,B02
201300009180,0,2,0,0.0,2.0,1.0,1.0,B02
201300009180,0,10,0,0.0,2.0,6.0,4.0,A01
201300009181,0,7,0,0.0,1.0,3.0,1.0,A01
201300009182,0,1,0,0.0,2.0,5.0,1.0,B02
201300009182,0,7,0,0.0,2.0,3.0,9.0,A01
201300009183,0,7,0,2.0,0.0,2.0,1.0,A01
201300009184,0,33,0,0.0,0.0,3.0,1.0,A01
201300009185,0,7,0,0.0,2.0,2.0,1.0,D04
201300009185,0,7,0,0.0,2.0,1.0,13.0,A01
201300009185,0,7,0,0.0,2.0,3.0,1.0,C03
201300009185,0,7,0,0.0,2.0,3.0,1.0,B02
201300009186,0,7,0,0.0,2.0,6.0,1.0,B02
201300009186,0,7,0,0.0,2.0,2.0,16.0,A01
201300009187,0,33,0,0.0,0.0,0.0,0.0,A01
201300009188,0,7,0,1.0,0.0,1.0,1.0,A01
201300009189,0,7,0,12.0,0.0,3.0,1.0,A01
201300009190,0,7,0,0.0,1.0,3.0,1.0,A01
201300009191,0,33,0,0.0,2.0,1.0,1.0,A01
201300009191,0,7,0,0.0,2.0,6.0,23.0,B02
201300009192,0,7,0,8.0,6.0,3.0,21.0,A01
201300009193,0,1,0,0.0,2.0,7.0,1.0,B02
201300009193,0,7,0,0.0,2.0,1.0,1.0,A01
201300009194,0,7,0,0.0,2.0,3.0,1.0,B02
201300009194,0,7,0,0.0,2.0,3.0,1.0,A01
201300009195,0,7,0,0.0,2.0,3.0,1.0,A01
201300009195,0,1,0,0.0,2.0,7.0,19.0,B02
201300009196,0,34,0,0.0,0.0,8.0,1.0,A01
201300009197,0,7,0,0.0,2.0,3.0,1.0,B02
201300009197,0,7,0,0.0,2.0,5.0,13.0,A01
201300009198,0,33,0,0.0,2.0,1.0,13.0,A01
201300009198,0,7,0,0.0,2.0,3.0,1.0,B02
201300009199,0,7,0,0.0,2.0,1.0,1.0,A01
201300009199,0,7,0,0.0,2.0,3.0,13.0,B02
201300009200,0,7,0,13.0,0.0,1.0,1.0,A01
201300009201,0,33,0,12.0,0.0,2.0,1.0,A01
201300009201,0,7,0,0.0,2.0,7.0,15.0,C03
201300009201,0,33,0,0.0,2.0,7.0,21.0,B02
201300009202,0,7,0,0.0,2.0,1.0,1.0,B02
201300009202,0,7,0,0.0,2.0,6.0,13.0,A01
201300009203,0,7,0,11.0,0.0,8.0,1.0,A01
201300009204,0,7,0,11.0,0.0,3.0,1.0,A01
201300009205,0,33,0,16.0,0.0,7.0,1.0,A01
201300009206,0,7,0,0.0,2.0,1.0,13.0,A01
201300009206,0,7,0,0.0,2.0,1.0,1.0,B02
201300009207,0,7,0,16.0,0.0,1.0,1.0,A01
201300009208,0,30,0,0.0,2.0,1.0,13.0,A01
201300009208,0,7,0,0.0,2.0,3.0,1.0,B02
201300009209,0,7,0,16.0,0.0,1.0,14.0,A01
201300009210,0,7,0,4.0,0.0,3.0,13.0,A01
201300009211,0,7,0,0.0,2.0,1.0,19.0,B02
201300009211,0,7,0,0.0,2.0,3.0,1.0,A01
201300009212,1,7,0,0.0,1.0,2.0,0.0,Z01
201300009213,0,7,0,0.0,2.0,5.0,1.0,B02
201300009213,0,34,0,0.0,2.0,1.0,3.0,A01
201300009214,0,32,0,14.0,2.0,1.0,6.0,B02
201300009214,0,7,0,0.0,2.0,6.0,1.0,A01
201300009215,0,7,0,6.0,0.0,3.0,1.0,A01
201300009216,0,7,0,0.0,1.0,1.0,1.0,A01
201300009217,0,7,0,4.0,2.0,3.0,1.0,A01
201300009217,0,7,0,4.0,0.0,4.0,2.0,C03
201300009217,0,7,0,,2.0,4.0,2.0,B02
201300009218,0,7,0,0.0,2.0,2.0,1.0,A01
201300009218,0,1,0,0.0,2.0,1.0,1.0,B02
201300009219,0,37,2,0.0,2.0,1.0,1.0,A01
201300009219,0,7,0,0.0,2.0,4.0,2.0,B02
201300009219,0,7,0,0.0,2.0,4.0,2.0,C03
201300009219,0,7,0,0.0,2.0,4.0,2.0,D04
201300009219,0,7,0,0.0,0.0,4.0,2.0,E05
201300009220,0,7,0,0.0,1.0,1.0,20.0,A01
201300009221,1,7,0,0.0,1.0,0.0,1.0,Z01
201300009222,0,7,0,1.0,1.0,3.0,2.0,A01
201300009223,0,33,0,2.0,0.0,1.0,1.0,A01
201300009224,0,33,0,14.0,0.0,1.0,1.0,A01
201300009225,0,7,0,0.0,0.0,5.0,15.0,A01
201300009225,0,33,0,0.0,0.0,1.0,1.0,B02
201300009226,0,10,0,0.0,9.0,2.0,2.0,A01
201300009226,0,1,0,0.0,2.0,4.0,2.0,B02
201300009227,0,7,0,0.0,2.0,2.0,1.0,B02
201300009227,0,31,0,0.0,2.0,8.0,19.0,A01
201300009228,0,7,0,0.0,2.0,1.0,13.0,A01
201300009228,0,10,0,0.0,2.0,2.0,21.0,B02
201300009229,0,7,0,0.0,2.0,3.0,13.0,A01
201300009229,0,7,0,0.0,2.0,3.0,1.0,B02
201300009230,0,10,0,0.0,2.0,3.0,13.0,A01
201300009230,0,15,0,0.0,2.0,3.0,1.0,B02
201300009230,0,7,0,0.0,2.0,1.0,1.0,C03
201300009231,0,33,0,0.0,0.0,8.0,1.0,A01
201300009232,0,33,0,0.0,6.0,1.0,0.0,A01
201300009233,0,14,0,0.0,0.0,0.0,0.0,A01
201300009234,0,7,0,0.0,1.0,3.0,19.0,A01
201300009235,0,7,0,16.0,0.0,9.0,1.0,A01
201300009236,0,33,0,0.0,2.0,7.0,13.0,A01
201300009236,0,7,0,0.0,2.0,7.0,1.0,B02
201300009237,0,7,0,0.0,6.0,8.0,21.0,A01
201300009238,0,7,0,0.0,2.0,1.0,1.0,A01
201300009238,0,7,0,0.0,1.0,4.0,23.0,B02
201300009239,0,7,0,2.0,0.0,4.0,1.0,A01
201300009240,0,7,0,0.0,0.0,1.0,1.0,A01
201300009241,0,13,0,0.0,2.0,3.0,1.0,B02
201300009241,0,7,0,0.0,2.0,7.0,19.0,A01
201300009242,0,7,0,14.0,0.0,1.0,1.0,A01
201300009243,0,7,0,0.0,2.0,1.0,5.0,A01
201300009243,0,10,0,0.0,2.0,1.0,1.0,B02
201300009244,0,33,0,0.0,6.0,1.0,1.0,A01
201300009245,0,7,0,0.0,0.0,1.0,1.0,A01
201300009246,0,33,0,0.0,2.0,1.0,1.0,A01
201300009246,0,7,0,0.0,2.0,3.0,15.0,B02
201300009247,0,33,0,0.0,2.0,1.0,2.0,A01
201300009247,0,7,0,0.0,0.0,5.0,15.0,B02
201300009248,0,7,0,0.0,1.0,2.0,0.0,A01
201300009249,0,7,0,0.0,6.0,0.0,0.0,A01
201300009250,0,7,0,0.0,0.0,1.0,1.0,A01
201300009251,0,7,0,0.0,2.0,7.0,17.0,A01
201300009251,0,10,0,0.0,2.0,1.0,1.0,B02
201300009252,0,30,0,0.0,2.0,8.0,2.0,A01
201300009252,0,30,0,0.0,2.0,7.0,2.0,B02
201300009253,0,1,0,0.0,2.0,1.0,0.0,A01
201300009253,0,7,0,0.0,2.0,3.0,1.0,B02
201300009254,0,30,0,0.0,2.0,1.0,1.0,A01
201300009254,0,7,0,0.0,2.0,1.0,1.0,B02
201300009255,0,7,0,0.0,0.0,2.0,2.0,A01
201300009255,0,7,0,0.0,2.0,6.0,2.0,B02
201300009256,0,7,0,0.0,0.0,1.0,1.0,A01
201300009257,0,7,0,13.0,1.0,1.0,1.0,A01
201300009258,1,7,0,0.0,1.0,0.0,0.0,A01
201300009259,0,30,0,1.0,0.0,3.0,1.0,A01
201300009260,0,7,0,0.0,2.0,3.0,5.0,A01
201300009260,0,17,0,0.0,2.0,3.0,21.0,B02
201300009261,0,1,0,0.0,2.0,1.0,5.0,A01
201300009261,0,7,0,0.0,0.0,0.0,1.0,B02
201300009262,0,7,0,0.0,2.0,2.0,17.0,A01
201300009262,0,7,0,0.0,0.0,6.0,2.0,B02
201300009263,0,7,0,0.0,2.0,3.0,17.0,A01
201300009263,0,2,0,0.0,2.0,1.0,1.0,B02
201300009264,0,33,0,0.0,2.0,1.0,5.0,A01
201300009264,0,7,0,0.0,2.0,1.0,1.0,B02
201300009265,0,7,0,0.0,2.0,2.0,17.0,A01
201300009265,0,33,0,0.0,2.0,1.0,1.0,B02
201300009265,0,7,0,0.0,2.0,1.0,1.0,C03
201300009266,0,7,0,0.0,2.0,1.0,0.0,A01
201300009266,0,7,0,0.0,2.0,1.0,0.0,B02
201300009267,0,7,0,0.0,2.0,3.0,13.0,A01
201300009267,0,7,0,0.0,2.0,1.0,1.0,B02
201300009267,0,10,0,0.0,2.0,3.0,1.0,C03
201300009268,0,7,0,0.0,2.0,8.0,10.0,A01
201300009268,0,7,0,0.0,2.0,1.0,1.0,B02
201300009269,0,7,0,0.0,1.0,1.0,1.0,A01
201300009270,0,7,0,0.0,2.0,1.0,2.0,A01
201300009270,0,7,0,0.0,2.0,1.0,2.0,B02
201300009270,0,7,0,0.0,2.0,4.0,2.0,C03
201300009271,0,7,0,0.0,2.0,2.0,17.0,A01
201300009271,0,7,0,0.0,2.0,8.0,1.0,B02
201300009272,0,7,0,0.0,0.0,9.0,1.0,A01
201300009273,0,7,0,0.0,2.0,1.0,1.0,B02
201300009273,0,7,0,0.0,2.0,1.0,15.0,A01
201300009274,0,7,0,0.0,2.0,7.0,19.0,A01
201300009274,0,7,0,0.0,2.0,1.0,1.0,B02
201300009275,0,7,0,0.0,1.0,2.0,2.0,A01
201300009276,0,7,0,0.0,2.0,2.0,19.0,A02
201300009276,0,7,0,0.0,2.0,8.0,1.0,B01
201300009277,0,7,0,0.0,2.0,1.0,19.0,A01
201300009277,0,10,0,0.0,2.0,2.0,23.0,B02
201300009278,1,99,0,0.0,2.0,0.0,0.0,Z01
201300009278,0,33,0,0.0,2.0,8.0,1.0,B02
201300009279,0,7,0,0.0,2.0,3.0,17.0,A01
201300009279,0,33,0,0.0,2.0,8.0,1.0,B02
201300009279,0,33,0,0.0,2.0,3.0,1.0,C03
201300009280,0,7,0,0.0,2.0,2.0,13.0,A01
201300009280,0,7,0,0.0,2.0,7.0,21.0,B02
201300009281,0,7,0,0.0,1.0,1.0,1.0,A01
201300009282,0,33,0,0.0,0.0,0.0,21.0,A01
201300009283,0,7,0,2.0,0.0,3.0,21.0,A01
201300009284,0,7,0,0.0,1.0,1.0,1.0,A01
201300009285,0,7,0,0.0,2.0,3.0,17.0,A01
201300009285,0,2,0,0.0,2.0,1.0,1.0,B02
201300009286,0,1,0,0.0,2.0,1.0,2.0,A01
201300009287,0,7,0,0.0,0.0,0.0,1.0,A01
201300009288,0,7,0,8.0,2.0,7.0,1.0,A01
201300009288,0,7,0,0.0,2.0,2.0,2.0,B02
201300009289,0,7,0,0.0,2.0,7.0,1.0,A01
201300009289,0,7,0,0.0,2.0,1.0,1.0,B02
201300009290,0,7,0,6.0,0.0,1.0,1.0,A01
201300009291,0,7,0,0.0,2.0,5.0,1.0,B02
201300009291,0,7,0,0.0,2.0,1.0,1.0,A01
201300009292,0,7,0,6.0,0.0,7.0,0.0,A01
201300009293,0,7,0,0.0,2.0,1.0,1.0,B02
201300009293,0,7,0,0.0,2.0,1.0,13.0,A01
201300009294,0,7,0,0.0,1.0,2.0,1.0,A01
201300009295,0,17,0,0.0,2.0,1.0,2.0,A01
201300009295,0,7,0,0.0,2.0,4.0,2.0,B02
201300009296,0,7,0,1.0,1.0,1.0,1.0,A01
201300009297,0,7,0,3.0,0.0,9.0,2.0,A01
201300009298,0,7,0,0.0,1.0,3.0,1.0,A01
201300009299,0,7,0,0.0,2.0,0.0,1.0,A01
201300009299,0,7,0,0.0,0.0,0.0,1.0,B02
201300009300,0,7,0,0.0,0.0,9.0,12.0,A01
201300009301,0,7,0,0.0,1.0,2.0,1.0,A01
201300009302,0,7,0,0.0,2.0,3.0,13.0,A01
201300009302,0,3,0,0.0,2.0,1.0,1.0,B02
201300009303,0,14,0,0.0,2.0,1.0,1.0,A01
201300009303,0,31,0,0.0,2.0,2.0,17.0,B02
201300009304,0,7,0,0.0,2.0,1.0,1.0,A01
201300009305,0,7,0,0.0,1.0,2.0,11.0,A01
201300009306,0,7,0,0.0,2.0,1.0,1.0,B02
201300009306,0,7,0,0.0,2.0,8.0,1.0,A01
201300009307,0,10,0,0.0,2.0,1.0,1.0,A01
201300009307,0,7,0,0.0,2.0,1.0,11.0,B02
201300009308,0,7,0,0.0,2.0,2.0,15.0,A01
201300009308,0,30,0,0.0,2.0,1.0,1.0,B02
201300009309,0,7,0,8.0,0.0,1.0,1.0,A01
201300009310,0,7,0,0.0,2.0,8.0,10.0,A01
201300009310,0,33,0,0.0,2.0,1.0,2.0,B02
201300009311,0,7,0,2.0,0.0,2.0,17.0,A01
201300009312,0,30,0,0.0,0.0,0.0,0.0,A01
201300009313,0,7,0,0.0,2.0,8.0,23.0,A01
201300009313,0,7,0,0.0,2.0,3.0,1.0,B02
201300009314,0,33,0,0.0,2.0,1.0,0.0,A01
201300009315,0,7,0,0.0,2.0,1.0,13.0,A01
201300009315,0,10,0,0.0,2.0,1.0,1.0,B02
201300009316,0,7,0,0.0,2.0,2.0,15.0,A01
201300009316,0,7,0,0.0,2.0,1.0,1.0,B02
201300009317,0,7,0,2.0,0.0,2.0,1.0,A01
201300009318,0,37,0,0.0,1.0,7.0,20.0,A01
201300009319,0,7,0,8.0,0.0,1.0,1.0,A01
201300009320,0,7,0,0.0,2.0,1.0,2.0,B02
201300009320,0,7,0,0.0,2.0,1.0,13.0,A01
201300009321,0,7,0,0.0,2.0,1.0,17.0,A01
201300009321,0,7,0,0.0,2.0,1.0,1.0,B02
201300009322,0,7,0,0.0,1.0,2.0,19.0,A01
201300009323,0,7,0,0.0,2.0,2.0,1.0,B02
201300009323,0,10,0,0.0,2.0,2.0,17.0,A01
201300009324,0,7,0,13.0,0.0,3.0,19.0,A01
201300009325,0,7,0,0.0,2.0,1.0,1.0,A01
201300009325,0,7,0,0.0,2.0,3.0,23.0,B02
201300009325,0,7,0,0.0,2.0,1.0,1.0,C03
201300009326,0,7,0,2.0,0.0,1.0,13.0,A01
201300009327,0,7,0,2.0,0.0,3.0,13.0,A01
201300009328,0,7,0,0.0,2.0,2.0,19.0,A01
201300009328,0,33,0,0.0,2.0,1.0,1.0,B02
201300009329,0,30,0,6.0,0.0,0.0,1.0,A01
201300009330,0,7,0,0.0,2.0,1.0,1.0,C03
201300009330,0,7,0,0.0,2.0,3.0,1.0,A01
201300009330,0,7,0,0.0,2.0,3.0,1.0,B02
201300009331,2,36,0,8.0,0.0,0.0,1.0,A01
201300009332,0,1,0,0.0,2.0,1.0,19.0,A01
201300009332,0,20,0,0.0,2.0,6.0,21.0,B02
201300009333,0,7,0,0.0,2.0,1.0,13.0,A01
201300009333,0,7,0,0.0,2.0,1.0,1.0,B02
201300009334,0,30,0,0.0,2.0,1.0,1.0,B02
201300009334,0,7,0,0.0,2.0,8.0,1.0,A01
201300009335,0,1,0,0.0,2.0,2.0,5.0,B02
201300009335,0,7,0,0.0,2.0,2.0,21.0,A01
201300009336,0,33,0,0.0,2.0,1.0,17.0,A01
201300009336,0,7,0,0.0,2.0,4.0,15.0,B02
201300009337,0,7,0,8.0,0.0,3.0,1.0,A01
201300009338,0,30,0,0.0,2.0,8.0,15.0,B02
201300009338,0,7,0,0.0,2.0,2.0,17.0,A01
201300009339,0,7,0,0.0,1.0,3.0,1.0,A01