Num_Acc,senc,catv,occutc,obs,obsm,choc,manv,num_veh
201300009340,1,10,0,0.0,2.0,2.0,2.0,A01
201300009340,0,2,0,0.0,2.0,4.0,2.0,B02
201300009341,0,7,0,6.0,0.0,3.0,1.0,A01
201300009342,0,7,0,0.0,2.0,3.0,21.0,E05
201300009342,0,7,0,0.0,2.0,1.0,21.0,D04
201300009342,0,7,0,0.0,2.0,3.0,13.0,A01
201300009342,0,7,0,0.0,2.0,3.0,21.0,B02
201300009342,0,7,0,0.0,2.0,6.0,21.0,C03
201300009343,0,7,0,0.0,2.0,1.0,1.0,A01
201300009343,0,7,0,0.0,2.0,1.0,23.0,B02
201300009343,0,30,0,0.0,2.0,8.0,1.0,C03
201300009344,0,7,0,0.0,2.0,3.0,13.0,A01
201300009344,0,7,0,0.0,2.0,3.0,1.0,B02
201300009345,0,10,0,6.0,0.0,3.0,1.0,A01
201300009346,0,10,0,0.0,2.0,3.0,13.0,A01
201300009346,0,7,0,0.0,2.0,3.0,1.0,B02
201300009346,0,7,0,0.0,2.0,1.0,21.0,C03
201300009347,0,17,0,3.0,0.0,1.0,1.0,A01
201300009348,0,7,0,0.0,2.0,8.0,1.0,B02
201300009348,0,7,0,0.0,2.0,3.0,13.0,A01
201300009348,0,7,0,0.0,2.0,3.0,1.0,C03
201300009349,0,7,0,0.0,1.0,3.0,1.0,A01
201300009350,0,7,0,6.0,0.0,1.0,1.0,A01
201300009351,0,7,0,13.0,0.0,1.0,1.0,A01
201300009352,0,7,0,13.0,0.0,3.0,13.0,A01
201300009353,0,30,0,8.0,0.0,1.0,1.0,A01
201300009354,0,7,0,0.0,1.0,1.0,1.0,A01
201300009355,0,7,0,0.0,2.0,1.0,1.0,B02
201300009355,0,7,0,0.0,2.0,1.0,13.0,A01
201300009356,0,14,0,2.0,0.0,3.0,1.0,A01
201300009357,0,33,0,0.0,2.0,7.0,1.0,B02
201300009357,0,7,0,0.0,2.0,1.0,1.0,A01
201300009358,0,33,0,13.0,0.0,1.0,1.0,A01
201300009359,0,17,0,0.0,2.0,2.0,1.0,A01
201300009359,0,7,0,0.0,2.0,3.0,1.0,B02
201300009360,0,7,0,0.0,2.0,6.0,1.0,B02
201300009360,0,17,0,0.0,2.0,1.0,1.0,A01
201300009361,0,7,0,0.0,2.0,1.0,15.0,A01
201300009361,0,30,0,0.0,2.0,8.0,1.0,B02
201300009362,0,7,0,0.0,1.0,2.0,9.0,A01
201300009363,0,33,0,0.0,2.0,1.0,17.0,A01
201300009363,0,7,0,0.0,0.0,6.0,1.0,B02
201300009364,0,10,0,6.0,0.0,3.0,1.0,A01
201300009365,0,7,0,8.0,0.0,8.0,13.0,A01
201300009366,0,7,0,2.0,0.0,2.0,1.0,A01
201300009367,0,33,0,0.0,2.0,1.0,17.0,A01
201300009367,0,7,0,0.0,0.0,6.0,15.0,B02
201300009368,0,7,0,2.0,0.0,1.0,1.0,A01
201300009369,0,17,0,0.0,2.0,1.0,1.0,B02
201300009369,0,2,0,0.0,2.0,3.0,10.0,A01
201300009370,0,7,0,0.0,2.0,3.0,15.0,B02
201300009370,0,33,0,0.0,2.0,1.0,17.0,A01
201300009371,0,7,0,0.0,2.0,8.0,17.0,A01
201300009371,0,33,0,0.0,2.0,8.0,1.0,B02
201300009372,0,7,0,0.0,1.0,2.0,2.0,A01
201300009373,0,7,0,0.0,2.0,1.0,1.0,B02
201300009373,0,10,0,0.0,2.0,2.0,15.0,A01
201300009374,0,7,0,13.0,0.0,1.0,1.0,A01
201300009375,0,17,0,0.0,0.0,7.0,21.0,A01
201300009376,0,7,0,13.0,0.0,3.0,1.0,A01
201300009377,0,7,0,0.0,0.0,8.0,1.0,B02
201300009377,0,7,0,0.0,2.0,3.0,15.0,A01
201300009378,0,7,0,0.0,0.0,5.0,9.0,B02
201300009378,0,33,0,1.0,2.0,1.0,1.0,A01
201300009379,0,7,0,0.0,2.0,1.0,15.0,A01
201300009379,0,1,0,0.0,2.0,7.0,21.0,B02
201300009380,0,7,0,13.0,0.0,9.0,1.0,A01
201300009381,0,10,0,0.0,2.0,2.0,1.0,B02
201300009381,0,15,0,0.0,0.0,8.0,1.0,A01
201300009382,0,33,0,0.0,0.0,9.0,1.0,A01
201300009383,0,17,0,0.0,2.0,2.0,1.0,B02
201300009383,0,10,0,0.0,2.0,4.0,13.0,A01
201300009384,0,7,0,0.0,1.0,1.0,1.0,A01
201300009385,0,7,0,0.0,2.0,2.0,13.0,A01
201300009385,0,7,0,0.0,2.0,2.0,1.0,B02
201300009386,0,7,0,0.0,2.0,2.0,1.0,A01
201300009386,0,7,0,0.0,2.0,3.0,1.0,B02
201300009387,0,7,0,2.0,0.0,8.0,1.0,A01
201300009388,0,30,0,8.0,0.0,1.0,1.0,A01
201300009389,0,7,0,1.0,1.0,3.0,1.0,A01
201300009390,0,7,0,0.0,2.0,1.0,1.0,B02
201300009390,0,7,0,0.0,2.0,8.0,13.0,A01
201300009391,0,7,0,0.0,2.0,1.0,13.0,A01
201300009391,0,7,0,0.0,2.0,1.0,1.0,B02
201300009392,0,7,0,0.0,0.0,8.0,1.0,B02
201300009392,0,2,0,0.0,2.0,1.0,1.0,A01
201300009393,0,7,0,0.0,2.0,3.0,1.0,C03
201300009393,0,7,0,13.0,0.0,1.0,13.0,A01
201300009393,0,7,0,0.0,2.0,1.0,1.0,B02
201300009394,0,7,0,0.0,1.0,3.0,1.0,A01
201300009395,0,10,0,0.0,2.0,2.0,1.0,B02
201300009395,0,7,0,0.0,2.0,3.0,13.0,A01
201300009396,0,1,0,0.0,2.0,1.0,15.0,B02
201300009396,0,7,0,0.0,2.0,3.0,1.0,A01
201300009397,0,30,0,0.0,2.0,1.0,13.0,A01
201300009397,0,7,0,0.0,2.0,1.0,1.0,B02
201300009398,0,7,0,0.0,2.0,1.0,1.0,B02
201300009398,0,7,0,0.0,2.0,1.0,13.0,A01
201300009399,0,30,0,0.0,0.0,9.0,1.0,A01
201300009400,0,30,0,0.0,2.0,7.0,1.0,B02
201300009400,0,7,0,0.0,2.0,3.0,16.0,A01
201300009401,0,7,0,0.0,2.0,8.0,1.0,B02
201300009401,0,30,0,0.0,2.0,3.0,1.0,A01
201300009402,0,7,0,6.0,0.0,8.0,1.0,A01
201300009403,0,2,0,12.0,0.0,1.0,20.0,A01
201300009404,0,7,0,0.0,2.0,2.0,1.0,B02
201300009404,0,10,0,0.0,2.0,3.0,1.0,A01
201300009405,0,7,0,13.0,0.0,3.0,1.0,A01
201300009406,0,31,0,13.0,0.0,1.0,1.0,A01
201300009407,0,33,0,0.0,0.0,7.0,1.0,A01
201300009408,0,7,0,13.0,6.0,1.0,21.0,A01
201300009409,0,7,0,13.0,0.0,1.0,1.0,A01
201300009410,0,10,0,6.0,0.0,2.0,1.0,A01
201300009411,0,10,0,0.0,2.0,8.0,1.0,B02
201300009411,0,33,0,0.0,2.0,8.0,13.0,A01
201300009412,0,7,0,0.0,2.0,1.0,1.0,B02
201300009412,0,7,0,0.0,2.0,8.0,15.0,A01
201300009413,0,7,0,16.0,0.0,9.0,1.0,A01
201300009414,0,7,0,0.0,1.0,3.0,1.0,A01
201300009415,0,30,0,12.0,0.0,1.0,1.0,A01
201300009416,0,33,0,0.0,2.0,1.0,1.0,A01
201300009416,0,7,0,0.0,2.0,2.0,15.0,B02
201300009417,0,7,0,15.0,0.0,5.0,1.0,A01
201300009418,0,10,0,0.0,1.0,3.0,1.0,A01
201300009419,0,31,0,0.0,2.0,1.0,13.0,A01
201300009419,0,7,0,0.0,0.0,3.0,23.0,B02
201300009420,0,7,0,3.0,2.0,6.0,17.0,A01
201300009420,0,17,0,0.0,2.0,1.0,1.0,B02
201300009421,0,1,0,0.0,2.0,8.0,1.0,B02
201300009421,0,7,0,0.0,2.0,2.0,1.0,A01
201300009422,0,7,0,0.0,2.0,8.0,15.0,B02
201300009422,0,33,0,0.0,2.0,2.0,17.0,A01
201300009423,0,7,0,2.0,0.0,5.0,13.0,A01
201300009424,0,7,0,0.0,2.0,3.0,1.0,A01
201300009424,0,7,0,0.0,2.0,2.0,13.0,B02
201300009425,0,7,0,0.0,2.0,2.0,21.0,B02
201300009425,0,7,0,0.0,0.0,6.0,9.0,A01
201300009426,0,33,0,16.0,0.0,7.0,1.0,A01
201300009427,0,7,0,0.0,0.0,5.0,1.0,A01
201300009428,0,7,0,0.0,2.0,1.0,1.0,B02
201300009428,0,7,0,0.0,2.0,7.0,1.0,A01
201300009429,0,2,0,0.0,2.0,1.0,1.0,B02
201300009429,0,7,0,0.0,0.0,6.0,20.0,A01
201300009430,0,7,0,0.0,2.0,3.0,1.0,B02
201300009430,0,7,0,0.0,2.0,3.0,13.0,A01
201300009431,0,7,0,8.0,0.0,1.0,1.0,A01
201300009432,0,31,0,0.0,2.0,1.0,1.0,B02
201300009432,0,31,0,0.0,0.0,4.0,10.0,A01
201300009433,0,7,0,0.0,2.0,1.0,1.0,B02
201300009433,0,10,0,0.0,2.0,3.0,1.0,A01
201300009434,0,7,0,16.0,0.0,1.0,17.0,A01
201300009435,0,7,0,0.0,2.0,8.0,1.0,B02
201300009435,0,7,0,0.0,2.0,1.0,1.0,C03
201300009435,0,7,0,0.0,2.0,3.0,1.0,A01
201300009436,0,14,0,0.0,2.0,2.0,2.0,A01
201300009436,0,1,0,0.0,0.0,8.0,1.0,B02
201300009437,0,7,0,0.0,2.0,2.0,15.0,A01
201300009437,0,1,0,0.0,2.0,1.0,1.0,B02
201300009438,0,7,0,0.0,1.0,2.0,1.0,A01
201300009439,0,7,0,0.0,2.0,3.0,13.0,A01
201300009439,0,7,0,0.0,2.0,2.0,21.0,D04
201300009439,0,33,0,0.0,2.0,1.0,1.0,C03
201300009439,0,7,0,0.0,2.0,8.0,1.0,B02
201300009440,0,7,0,0.0,2.0,3.0,1.0,A01
201300009440,0,7,0,0.0,2.0,3.0,1.0,B02
201300009441,0,7,0,8.0,2.0,2.0,1.0,B02
201300009441,0,7,0,0.0,2.0,3.0,19.0,A01
201300009442,0,7,0,2.0,0.0,0.0,1.0,A01
201300009443,0,7,0,13.0,0.0,3.0,1.0,A01
201300009444,0,7,0,0.0,0.0,2.0,13.0,A01
201300009445,0,7,0,0.0,2.0,1.0,0.0,B02
201300009445,0,7,0,0.0,2.0,8.0,15.0,A01
201300009446,0,7,0,2.0,0.0,7.0,1.0,A01
201300009447,0,10,0,13.0,0.0,1.0,1.0,A01
201300009448,0,33,0,0.0,0.0,8.0,1.0,A01
201300009449,0,10,0,2.0,0.0,9.0,1.0,A01
201300009450,0,10,0,0.0,2.0,7.0,1.0,A01
201300009450,0,30,0,0.0,2.0,1.0,1.0,B02
201300009451,0,7,0,0.0,2.0,8.0,19.0,B02
201300009451,0,7,0,0.0,2.0,3.0,1.0,A01
201300009452,0,32,0,0.0,2.0,0.0,1.0,B02
201300009452,0,7,0,0.0,2.0,1.0,19.0,A01
201300009453,0,7,0,0.0,2.0,2.0,19.0,C03
201300009453,0,7,0,0.0,2.0,9.0,1.0,A01
201300009453,0,10,0,0.0,2.0,3.0,1.0,B02
201300009454,0,30,0,0.0,0.0,1.0,1.0,B02
201300009454,0,7,0,0.0,0.0,2.0,15.0,A01
201300009455,0,7,0,0.0,1.0,3.0,1.0,A01
201300009456,0,7,0,13.0,0.0,1.0,13.0,A01
201300009457,0,7,0,14.0,2.0,6.0,17.0,A01
201300009458,0,33,0,0.0,0.0,6.0,1.0,A01
201300009459,0,10,0,0.0,2.0,3.0,19.0,B02
201300009459,0,7,0,0.0,2.0,1.0,1.0,A01
201300009460,0,7,0,13.0,0.0,1.0,14.0,A01
201300009461,0,10,0,0.0,2.0,3.0,15.0,A01
201300009461,0,33,0,0.0,2.0,5.0,1.0,B02
201300009462,0,33,0,0.0,2.0,1.0,18.0,A01
201300009462,0,17,0,0.0,2.0,2.0,16.0,B02
201300009463,0,7,0,0.0,2.0,1.0,13.0,A01
201300009463,0,7,0,0.0,2.0,1.0,1.0,B02
201300009464,0,15,0,0.0,2.0,3.0,1.0,B02
201300009464,0,7,0,0.0,2.0,3.0,1.0,C03
201300009464,0,7,0,0.0,0.0,4.0,15.0,A01
201300009465,0,7,0,0.0,2.0,1.0,1.0,A01
201300009465,0,1,0,0.0,2.0,4.0,1.0,B02
201300009466,0,7,0,6.0,0.0,1.0,1.0,A01
201300009467,0,7,0,0.0,0.0,9.0,1.0,A01
201300009468,0,7,0,0.0,2.0,6.0,15.0,A01
201300009468,0,33,0,0.0,2.0,1.0,1.0,B02
201300009469,0,7,0,0.0,1.0,2.0,1.0,A01
201300009470,0,14,0,0.0,2.0,2.0,1.0,B02
201300009470,0,7,0,0.0,2.0,1.0,13.0,A01
201300009471,0,7,0,0.0,2.0,6.0,23.0,B02
201300009471,0,14,0,0.0,2.0,4.0,23.0,C03
201300009471,0,7,0,0.0,2.0,2.0,1.0,A01
201300009472,0,7,0,0.0,2.0,1.0,1.0,B02
201300009472,0,7,0,0.0,2.0,1.0,13.0,A01
201300009473,0,7,0,2.0,0.0,3.0,0.0,A01
201300009474,0,7,0,0.0,2.0,3.0,1.0,B02
201300009474,0,7,0,0.0,2.0,3.0,1.0,A01
201300009475,0,31,0,0.0,1.0,1.0,1.0,A01
201300009476,0,7,0,3.0,0.0,9.0,1.0,A01
201300009477,0,33,0,16.0,0.0,1.0,1.0,A01
201300009478,0,7,0,0.0,0.0,8.0,15.0,A01
201300009478,0,7,0,0.0,0.0,1.0,17.0,B02
201300009479,0,7,0,0.0,0.0,3.0,1.0,B02
201300009479,0,7,0,0.0,0.0,3.0,13.0,A01
201300009480,0,7,0,0.0,5.0,2.0,1.0,A01
201300009481,0,7,0,0.0,1.0,2.0,1.0,A01
201300009482,0,7,0,16.0,0.0,9.0,1.0,A01
201300009483,0,33,0,0.0,2.0,8.0,15.0,A01
201300009483,0,7,0,0.0,2.0,1.0,1.0,B02
201300009484,0,33,0,0.0,2.0,3.0,13.0,A01
201300009484,0,7,0,0.0,2.0,3.0,1.0,B02
201300009485,0,7,0,0.0,1.0,3.0,13.0,A01
201300009486,0,33,0,0.0,2.0,1.0,17.0,A01
201300009486,0,10,0,0.0,2.0,6.0,15.0,B02
201300009487,0,7,0,0.0,2.0,6.0,19.0,A01
201300009487,0,33,0,0.0,2.0,1.0,1.0,B02
201300009488,0,33,0,0.0,2.0,2.0,2.0,A01
201300009488,0,17,0,0.0,0.0,6.0,16.0,B02
201300009489,0,7,0,0.0,2.0,1.0,1.0,A01
201300009489,0,10,0,0.0,2.0,0.0,1.0,B02
201300009490,0,7,0,0.0,2.0,3.0,1.0,B02
201300009490,0,1,0,0.0,2.0,4.0,1.0,A01
201300009491,0,7,0,2.0,0.0,3.0,13.0,A01
201300009492,0,7,0,0.0,2.0,1.0,13.0,A01
201300009492,0,7,0,0.0,2.0,1.0,0.0,B02
201300009493,0,7,0,0.0,2.0,1.0,6.0,A01
201300009493,0,10,0,0.0,2.0,1.0,1.0,B02
201300009494,0,15,0,0.0,2.0,4.0,24.0,B02
201300009494,0,7,0,1.0,0.0,1.0,14.0,A01
201300009495,0,7,0,0.0,0.0,2.0,19.0,A01
201300009495,0,38,1,0.0,0.0,3.0,1.0,B02
201300009496,0,7,0,0.0,2.0,8.0,19.0,A01
201300009496,0,7,0,0.0,2.0,1.0,1.0,B02
201300009497,0,7,0,0.0,2.0,2.0,19.0,A01
201300009497,0,14,0,0.0,2.0,3.0,1.0,B02
201300009498,0,7,0,0.0,2.0,8.0,15.0,A01
201300009498,0,15,0,0.0,2.0,2.0,1.0,B02
201300009499,0,14,0,0.0,2.0,2.0,17.0,A01
201300009499,0,30,0,0.0,2.0,8.0,11.0,B02
201300009500,0,33,0,0.0,0.0,0.0,1.0,A01
201300009501,0,2,0,0.0,2.0,8.0,15.0,A01
201300009501,0,7,0,0.0,2.0,1.0,1.0,B02
201300009502,0,30,0,0.0,0.0,0.0,1.0,A01
201300009503,0,7,0,0.0,2.0,2.0,13.0,A01
201300009503,0,7,0,0.0,2.0,1.0,1.0,B02
201300009504,0,7,0,0.0,9.0,7.0,17.0,A01
201300009504,0,1,0,0.0,2.0,8.0,1.0,B02
201300009505,0,7,0,0.0,2.0,3.0,19.0,B02
201300009505,0,15,0,0.0,2.0,2.0,1.0,A01
201300009506,0,7,0,0.0,0.0,9.0,1.0,A01
201300009507,0,7,0,0.0,2.0,7.0,1.0,A01
201300009507,0,21,0,0.0,2.0,1.0,15.0,B02
201300009508,0,7,0,2.0,0.0,1.0,1.0,A01
201300009509,0,17,0,0.0,2.0,1.0,1.0,A01
201300009509,0,7,0,0.0,2.0,8.0,19.0,B02
201300009510,0,7,0,0.0,2.0,7.0,1.0,A01
201300009510,0,7,0,0.0,2.0,1.0,1.0,B02
201300009511,0,10,0,0.0,2.0,2.0,19.0,A01
201300009511,0,7,0,0.0,2.0,1.0,1.0,B02
201300009512,0,30,0,0.0,2.0,1.0,1.0,B02
201300009512,0,15,0,0.0,0.0,5.0,19.0,A01
201300009513,0,34,0,0.0,2.0,1.0,2.0,A01
201300009513,0,7,0,0.0,2.0,6.0,2.0,B02
201300009513,0,7,0,0.0,2.0,6.0,1.0,C03
201300009513,0,7,0,0.0,2.0,1.0,1.0,D04
201300009514,0,7,0,0.0,1.0,2.0,1.0,A01
201300009515,0,7,0,0.0,2.0,6.0,2.0,B02
201300009515,0,31,0,0.0,2.0,1.0,2.0,A01
201300009516,0,7,0,0.0,2.0,3.0,13.0,A01
201300009516,0,15,0,0.0,2.0,3.0,1.0,B02
201300009516,0,7,0,0.0,9.0,1.0,1.0,D04
201300009517,0,7,0,0.0,2.0,5.0,11.0,A01
201300009517,0,2,0,0.0,2.0,1.0,1.0,B02
201300009518,0,7,0,0.0,0.0,2.0,13.0,A01
201300009518,0,7,0,0.0,0.0,2.0,21.0,B02
201300009519,0,7,0,8.0,0.0,1.0,2.0,A01
201300009520,0,7,0,0.0,0.0,3.0,1.0,A01
201300009520,0,30,0,0.0,0.0,3.0,1.0,B02
201300009521,0,7,0,2.0,0.0,9.0,1.0,A01
201300009522,0,7,0,0.0,2.0,3.0,16.0,A01
201300009522,0,30,0,0.0,2.0,7.0,1.0,B02
201300009523,0,7,0,0.0,2.0,3.0,1.0,A01
201300009523,0,15,0,0.0,2.0,3.0,1.0,B02
201300009524,0,7,0,8.0,0.0,8.0,0.0,A01
201300009525,0,30,0,0.0,0.0,4.0,9.0,A01
201300009525,0,14,0,0.0,2.0,1.0,1.0,B02
201300009526,0,7,0,0.0,0.0,1.0,0.0,A01
201300009527,0,7,0,2.0,0.0,3.0,1.0,A01
201300009528,0,7,0,8.0,0.0,3.0,1.0,A01
201300009529,0,7,0,10.0,0.0,1.0,1.0,A01
201300009530,0,7,0,0.0,2.0,1.0,1.0,B02
201300009530,0,7,0,0.0,2.0,3.0,1.0,A01
201300009531,0,17,0,0.0,1.0,2.0,1.0,A01
201300009532,0,7,0,0.0,0.0,0.0,14.0,A01
201300009533,0,2,0,6.0,0.0,1.0,13.0,A01
201300009534,0,10,0,8.0,0.0,1.0,14.0,A01
201300009535,0,7,0,13.0,0.0,2.0,0.0,A01
201300009536,0,7,0,2.0,0.0,1.0,0.0,A01
201300009537,0,31,0,0.0,0.0,8.0,17.0,A01
201300009538,0,7,0,0.0,2.0,5.0,6.0,A01
201300009538,0,14,0,0.0,2.0,3.0,23.0,B02
201300009538,0,7,0,0.0,2.0,2.0,1.0,C03
201300009539,0,2,0,0.0,2.0,8.0,1.0,A01
201300009539,0,7,0,0.0,2.0,8.0,1.0,B02
201300009540,0,7,0,2.0,0.0,8.0,1.0,A01
201300009541,0,7,0,2.0,2.0,1.0,1.0,A01
201300009541,0,7,0,2.0,2.0,4.0,1.0,B02
201300009542,0,1,0,0.0,2.0,7.0,14.0,A01
201300009542,0,17,0,0.0,2.0,3.0,1.0,B02
201300009543,0,7,0,0.0,2.0,1.0,1.0,B02
201300009543,0,7,0,0.0,2.0,8.0,19.0,A01
201300009544,0,10,0,0.0,0.0,7.0,17.0,A01
201300009544,0,7,0,0.0,0.0,7.0,1.0,B02
201300009545,0,7,0,0.0,1.0,2.0,1.0,A01
201300009546,0,33,0,0.0,2.0,8.0,1.0,B02
201300009546,0,7,0,0.0,2.0,1.0,15.0,A01
201300009547,0,7,0,0.0,2.0,7.0,19.0,A01
201300009547,0,7,0,0.0,2.0,1.0,1.0,B02
201300009548,0,7,0,0.0,2.0,3.0,1.0,A01
201300009548,0,1,0,0.0,2.0,2.0,1.0,B02
201300009549,0,7,0,0.0,0.0,1.0,1.0,A01
201300009550,0,10,0,0.0,0.0,0.0,1.0,A01
201300009551,0,7,0,8.0,0.0,1.0,21.0,A01
201300009552,0,10,0,0.0,6.0,2.0,21.0,A01
201300009553,0,10,0,0.0,2.0,2.0,19.0,A01
201300009553,0,10,0,0.0,2.0,7.0,1.0,B02
201300009554,0,7,0,13.0,0.0,3.0,1.0,A01
201300009555,0,36,0,6.0,0.0,1.0,1.0,A01
201300009556,0,7,0,0.0,2.0,1.0,13.0,A01
201300009556,0,7,0,0.0,2.0,1.0,1.0,B02
201300009557,0,7,0,6.0,0.0,2.0,1.0,A01
201300009558,0,7,0,0.0,2.0,3.0,1.0,A01
201300009558,0,10,0,0.0,2.0,1.0,19.0,B02
201300009559,0,33,0,0.0,2.0,2.0,2.0,A01
201300009559,0,15,0,0.0,2.0,6.0,15.0,B02
201300009560,0,7,0,6.0,0.0,2.0,1.0,A01
201300009561,0,7,0,0.0,2.0,1.0,15.0,A01
201300009561,0,33,0,0.0,2.0,7.0,1.0,B02
201300009562,0,7,0,0.0,2.0,7.0,1.0,A01
201300009562,0,7,0,0.0,2.0,1.0,1.0,B02
201300009563,0,7,0,8.0,0.0,2.0,19.0,A01
201300009564,0,7,0,0.0,0.0,3.0,0.0,A01
201300009565,0,7,0,0.0,2.0,1.0,5.0,A01
201300009565,0,7,0,0.0,2.0,1.0,1.0,B02
201300009565,0,7,0,0.0,9.0,0.0,1.0,C03
201300009566,0,7,0,0.0,2.0,1.0,13.0,B02
201300009566,0,7,0,0.0,2.0,1.0,1.0,A01
201300009567,0,7,0,0.0,2.0,1.0,15.0,A01
201300009567,0,7,0,0.0,2.0,1.0,1.0,B02
201300009568,0,7,0,0.0,2.0,1.0,13.0,A01
201300009568,0,7,0,0.0,2.0,1.0,1.0,B02
201300009569,0,30,0,0.0,2.0,8.0,1.0,A01
201300009569,0,10,0,0.0,2.0,7.0,1.0,B02
201300009570,0,7,0,0.0,1.0,2.0,1.0,A01
201300009571,0,31,0,0.0,1.0,2.0,1.0,A01
201300009572,0,7,0,13.0,0.0,2.0,1.0,A01
201300009573,0,7,0,0.0,2.0,1.0,1.0,A01
201300009573,0,7,0,0.0,2.0,8.0,19.0,B02
201300009574,0,7,0,0.0,2.0,1.0,1.0,B02
201300009574,0,7,0,0.0,2.0,1.0,1.0,A01
201300009575,0,7,0,2.0,0.0,2.0,1.0,A01
201300009576,0,1,0,13.0,0.0,9.0,1.0,A01
201300009577,0,21,0,0.0,0.0,8.0,1.0,A01
201300009578,0,30,0,0.0,2.0,1.0,15.0,A01
201300009578,0,7,0,0.0,2.0,2.0,1.0,B02
201300009579,0,10,0,0.0,2.0,1.0,1.0,A01
201300009579,0,7,0,0.0,2.0,6.0,19.0,B02
201300009580,0,10,0,0.0,2.0,1.0,19.0,A01
201300009580,0,7,0,0.0,2.0,2.0,1.0,B02
201300009581,0,30,0,0.0,2.0,3.0,1.0,B02
201300009581,0,7,0,0.0,2.0,8.0,15.0,A01
201300009582,0,7,0,0.0,2.0,3.0,1.0,A01
201300009582,0,15,0,0.0,2.0,3.0,1.0,B02
201300009583,0,30,0,0.0,2.0,8.0,1.0,A01
201300009584,0,10,0,0.0,1.0,2.0,1.0,A01
201300009585,0,7,0,0.0,2.0,3.0,15.0,A01
201300009585,0,31,0,0.0,2.0,1.0,21.0,B02
201300009586,0,7,0,13.0,0.0,9.0,13.0,A01
201300009587,0,7,0,2.0,0.0,8.0,1.0,A01
201300009588,0,7,0,0.0,2.0,2.0,15.0,A01
201300009588,0,1,0,0.0,2.0,1.0,1.0,B02
201300009589,0,1,0,0.0,0.0,1.0,1.0,A01
201300009590,0,7,0,6.0,0.0,3.0,1.0,A01
201300009591,0,33,0,2.0,0.0,1.0,1.0,A01
201300009592,0,7,0,13.0,0.0,8.0,1.0,A01
201300009593,0,7,0,0.0,2.0,2.0,15.0,A01
201300009593,0,33,0,0.0,2.0,8.0,1.0,B02
201300009594,0,15,0,0.0,2.0,4.0,1.0,A01
201300009594,0,10,0,0.0,2.0,1.0,1.0,D04
201300009594,0,10,0,0.0,2.0,1.0,1.0,C03
201300009594,0,10,0,0.0,2.0,1.0,1.0,B02
201300009595,0,7,0,13.0,0.0,4.0,0.0,A01
201300009596,0,39,0,0.0,2.0,2.0,1.0,B02
201300009596,0,7,0,0.0,4.0,8.0,1.0,A01
201300009597,0,7,0,0.0,2.0,2.0,1.0,A01
201300009597,0,1,0,0.0,2.0,4.0,1.0,B02
201300009598,0,7,0,0.0,2.0,2.0,19.0,A01
201300009598,0,7,0,0.0,2.0,1.0,1.0,B02
201300009599,0,10,0,0.0,2.0,4.0,24.0,A01
201300009599,0,10,0,1.0,0.0,1.0,1.0,C03
201300009599,0,7,0,1.0,0.0,1.0,1.0,B02
201300009600,0,7,0,13.0,0.0,1.0,1.0,A01
201300009601,0,36,0,0.0,0.0,1.0,1.0,A01
201300009602,0,7,0,0.0,2.0,1.0,2.0,A01
201300009602,0,3,0,13.0,2.0,4.0,1.0,B02
201300009603,0,7,0,13.0,0.0,1.0,1.0,A01
201300009604,0,2,0,0.0,2.0,7.0,1.0,A01
201300009604,0,7,0,0.0,2.0,2.0,15.0,B02
201300009605,0,7,0,13.0,0.0,2.0,1.0,A01
201300009606,1,7,0,0.0,2.0,8.0,1.0,A01
201300009606,0,7,0,0.0,2.0,8.0,21.0,B02
201300009607,0,7,0,6.0,0.0,1.0,13.0,A01
201300009608,0,7,0,0.0,0.0,2.0,17.0,A01
201300009609,0,7,0,0.0,2.0,7.0,17.0,A01
201300009609,0,1,0,0.0,2.0,6.0,1.0,B02
201300009610,0,7,0,16.0,0.0,9.0,13.0,A01
201300009611,0,7,0,13.0,0.0,1.0,1.0,A01
201300009612,0,7,0,0.0,1.0,1.0,20.0,A01
201300009613,0,33,0,13.0,0.0,1.0,1.0,A01
201300009614,0,10,0,0.0,2.0,1.0,1.0,A01
201300009614,0,7,0,0.0,2.0,1.0,5.0,B02
201300009615,0,7,0,8.0,0.0,1.0,14.0,A01
201300009616,0,7,0,16.0,0.0,1.0,19.0,A01
201300009617,0,17,0,2.0,0.0,1.0,1.0,A01
201300009618,0,7,0,0.0,2.0,3.0,15.0,A01
201300009618,0,2,0,0.0,2.0,6.0,1.0,B02
201300009619,0,7,0,13.0,0.0,3.0,1.0,A01
201300009620,0,7,0,2.0,0.0,3.0,21.0,A01
201300009621,0,10,0,0.0,2.0,2.0,19.0,A01
201300009621,0,7,0,0.0,2.0,3.0,1.0,B02
201300009622,0,7,0,0.0,2.0,1.0,1.0,A01
201300009622,0,20,0,0.0,2.0,4.0,16.0,B02
201300009623,0,7,0,0.0,2.0,3.0,23.0,B02
201300009623,0,7,0,12.0,2.0,3.0,15.0,A01
201300009624,0,7,0,13.0,0.0,1.0,1.0,A01
201300009625,0,15,0,0.0,2.0,1.0,1.0,B02
201300009625,0,7,0,0.0,2.0,7.0,13.0,A01
201300009626,0,7,0,0.0,2.0,3.0,1.0,A01
201300009627,0,7,0,13.0,0.0,1.0,1.0,A01
201300009628,0,7,0,13.0,0.0,2.0,1.0,A01