Num_Acc,senc,catv,occutc,obs,obsm,choc,manv,num_veh
201300009629,0,7,0,0.0,2.0,1.0,1.0,A01
201300009629,0,7,0,0.0,2.0,1.0,15.0,B02
201300009630,0,30,0,14.0,0.0,2.0,17.0,A01
201300009631,0,30,0,0.0,0.0,8.0,15.0,A01
201300009632,0,10,0,0.0,2.0,7.0,17.0,A01
201300009632,0,33,0,0.0,2.0,8.0,15.0,B02
201300009633,0,33,0,13.0,0.0,1.0,1.0,A01
201300009634,0,7,0,13.0,0.0,9.0,21.0,A01
201300009635,0,33,0,0.0,6.0,1.0,1.0,A01
201300009636,0,7,0,0.0,2.0,1.0,1.0,B02
201300009636,0,10,0,0.0,2.0,5.0,1.0,A01
201300009637,0,7,0,13.0,0.0,1.0,13.0,A01
201300009638,0,7,0,0.0,2.0,1.0,1.0,A01
201300009638,0,38,4,0.0,2.0,3.0,1.0,B02
201300009639,0,7,0,0.0,2.0,8.0,19.0,A01
201300009639,0,7,0,0.0,2.0,1.0,1.0,B02
201300009640,0,7,0,13.0,0.0,2.0,1.0,A01
201300009641,0,7,0,8.0,0.0,3.0,13.0,A01
201300009642,0,33,0,15.0,0.0,7.0,14.0,A01
201300009643,0,30,0,6.0,0.0,1.0,14.0,A01
201300009644,0,7,0,1.0,1.0,2.0,14.0,A01
201300009645,0,7,0,13.0,0.0,2.0,1.0,A01
201300009646,0,7,0,0.0,2.0,3.0,1.0,B02
201300009646,0,15,0,0.0,2.0,2.0,19.0,A01
201300009647,0,7,0,0.0,2.0,6.0,13.0,A01
201300009647,0,17,0,0.0,2.0,3.0,1.0,B02
201300009648,0,7,0,13.0,0.0,2.0,1.0,A01
201300009649,0,7,0,13.0,0.0,9.0,1.0,A01
201300009650,0,7,0,9.0,0.0,1.0,1.0,A01
201300009651,0,30,0,1.0,0.0,7.0,1.0,A01
201300009652,0,10,0,2.0,0.0,1.0,1.0,A01
201300009653,1,7,0,0.0,1.0,1.0,13.0,A01
201300009654,0,7,0,0.0,2.0,8.0,19.0,A01
201300009654,0,7,0,0.0,2.0,1.0,1.0,B02
201300009655,0,7,0,0.0,2.0,8.0,1.0,A01
201300009655,0,7,0,0.0,2.0,1.0,19.0,B02
201300009656,0,7,0,0.0,2.0,4.0,15.0,A01
201300009656,0,2,0,0.0,2.0,1.0,1.0,B02
201300009657,0,7,0,0.0,2.0,2.0,1.0,B02
201300009657,0,30,0,0.0,2.0,1.0,17.0,A01
201300009658,0,7,0,0.0,2.0,2.0,15.0,A01
201300009658,0,33,0,0.0,2.0,1.0,1.0,B02
201300009659,0,7,0,0.0,2.0,3.0,1.0,C03
201300009659,0,7,0,0.0,2.0,9.0,1.0,B02
201300009659,0,7,0,0.0,2.0,1.0,13.0,A01
201300009660,0,7,0,0.0,0.0,0.0,1.0,A01
201300009661,0,7,0,0.0,2.0,1.0,5.0,A01
201300009661,0,7,0,0.0,2.0,1.0,1.0,B02
201300009662,0,7,0,1.0,0.0,2.0,1.0,A01
201300009662,0,7,0,0.0,2.0,1.0,2.0,B02
201300009663,0,7,0,0.0,2.0,3.0,13.0,A01
201300009663,0,7,0,0.0,2.0,3.0,1.0,B02
201300009664,0,2,0,0.0,2.0,1.0,13.0,A01
201300009664,0,7,0,0.0,2.0,3.0,1.0,B02
201300009665,0,2,0,0.0,2.0,1.0,1.0,B02
201300009665,0,10,0,0.0,2.0,3.0,17.0,A01
201300009666,0,7,0,0.0,2.0,1.0,1.0,A01
201300009666,0,30,0,0.0,2.0,4.0,1.0,B02
201300009666,0,7,0,0.0,2.0,4.0,1.0,C03
201300009667,0,10,0,0.0,2.0,1.0,1.0,B02
201300009667,0,7,0,0.0,2.0,1.0,1.0,A01
201300009668,0,7,0,0.0,2.0,2.0,1.0,A01
201300009668,0,1,0,0.0,0.0,4.0,1.0,B02
201300009669,0,7,0,0.0,2.0,3.0,13.0,A01
201300009669,0,7,0,0.0,2.0,1.0,1.0,B02
201300009669,0,7,0,0.0,2.0,3.0,1.0,C03
201300009670,0,30,0,6.0,0.0,7.0,1.0,A01
201300009671,0,7,0,8.0,0.0,8.0,1.0,A01
201300009672,0,7,0,13.0,0.0,3.0,13.0,A01
201300009673,0,33,0,0.0,2.0,1.0,1.0,B02
201300009673,0,7,0,15.0,2.0,8.0,19.0,A01
201300009674,0,7,0,4.0,0.0,1.0,1.0,A01
201300009674,0,7,0,0.0,2.0,7.0,1.0,B02
201300009674,0,7,0,0.0,2.0,1.0,1.0,C03
201300009674,0,7,0,0.0,2.0,1.0,1.0,D04
201300009674,0,7,0,0.0,2.0,7.0,1.0,E05
201300009675,0,7,0,0.0,2.0,1.0,13.0,A01
201300009675,0,7,0,0.0,2.0,1.0,1.0,B02
201300009676,0,1,0,1.0,0.0,1.0,2.0,B02
201300009676,0,7,0,0.0,9.0,3.0,22.0,A01
201300009677,0,7,0,0.0,1.0,1.0,1.0,A01
201300009678,0,7,0,0.0,0.0,1.0,1.0,B02
201300009678,0,7,0,0.0,0.0,1.0,1.0,A01
201300009679,0,7,0,1.0,0.0,2.0,15.0,A01
201300009680,0,33,0,13.0,0.0,1.0,1.0,A01
201300009681,0,7,0,2.0,0.0,3.0,1.0,A01
201300009682,0,7,0,0.0,1.0,2.0,1.0,A01
201300009683,0,7,0,0.0,2.0,1.0,19.0,B02
201300009683,0,14,0,0.0,0.0,7.0,1.0,A01
201300009684,0,7,0,0.0,1.0,3.0,15.0,A01
201300009685,0,7,0,0.0,0.0,9.0,0.0,A01
201300009686,0,7,0,0.0,0.0,7.0,1.0,A01
201300009686,0,10,0,0.0,2.0,1.0,1.0,B02
201300009687,0,7,0,6.0,0.0,1.0,1.0,A01
201300009688,0,31,0,0.0,0.0,7.0,0.0,A01
201300009689,0,7,0,0.0,2.0,1.0,1.0,B02
201300009689,0,7,0,0.0,2.0,1.0,13.0,A01
201300009690,0,7,0,0.0,2.0,3.0,15.0,A01
201300009690,0,2,0,0.0,2.0,8.0,1.0,B02
201300009691,0,7,0,0.0,2.0,1.0,1.0,B02
201300009691,0,7,0,0.0,2.0,7.0,1.0,A01
201300009692,0,7,0,0.0,2.0,8.0,16.0,A01
201300009692,0,7,0,0.0,2.0,2.0,1.0,B02
201300009693,0,14,0,0.0,2.0,2.0,1.0,B02
201300009693,0,10,0,0.0,2.0,3.0,15.0,A01
201300009694,0,7,0,0.0,2.0,3.0,1.0,B02
201300009695,0,7,0,0.0,1.0,5.0,4.0,A01
201300009696,0,7,0,1.0,0.0,1.0,1.0,A01
201300009697,0,7,0,0.0,6.0,9.0,21.0,A01
201300009698,0,7,0,13.0,0.0,2.0,14.0,A01
201300009699,0,33,0,1.0,0.0,2.0,21.0,B02
201300009699,0,10,0,0.0,2.0,4.0,1.0,A01
201300009700,0,7,0,0.0,2.0,1.0,13.0,A01
201300009700,0,20,0,0.0,2.0,1.0,1.0,B02
201300009701,0,7,0,8.0,0.0,3.0,1.0,A01
201300009702,0,7,0,0.0,2.0,4.0,2.0,A01
201300009702,0,7,0,0.0,2.0,4.0,2.0,B02
201300009703,0,7,0,0.0,2.0,1.0,13.0,B02
201300009703,0,7,0,0.0,2.0,1.0,1.0,A01
201300009704,0,7,0,0.0,2.0,8.0,1.0,B02
201300009704,0,7,0,0.0,2.0,9.0,17.0,A01
201300009705,0,7,0,0.0,2.0,1.0,1.0,B01
201300009705,0,10,0,0.0,2.0,2.0,11.0,B02
201300009706,0,7,0,0.0,2.0,1.0,1.0,A01
201300009706,0,3,0,0.0,2.0,4.0,1.0,B02
201300009707,0,7,0,0.0,2.0,8.0,1.0,A01
201300009707,0,15,0,0.0,2.0,2.0,1.0,B02
201300009708,0,7,0,8.0,0.0,4.0,1.0,A01
201300009709,0,31,0,0.0,0.0,1.0,1.0,B02
201300009709,0,7,0,0.0,0.0,2.0,15.0,A01
201300009710,0,10,0,16.0,0.0,1.0,1.0,A01
201300009711,0,2,0,12.0,0.0,1.0,6.0,A01
201300009712,0,30,0,0.0,2.0,1.0,1.0,A01
201300009712,0,7,0,0.0,2.0,3.0,23.0,B02
201300009713,0,14,0,0.0,2.0,1.0,1.0,B02
201300009713,0,10,0,0.0,2.0,7.0,1.0,A01
201300009714,0,7,0,6.0,0.0,2.0,14.0,A01
201300009715,0,30,0,1.0,0.0,1.0,1.0,A01
201300009716,0,7,0,0.0,2.0,1.0,1.0,A01
201300009716,0,14,0,0.0,2.0,1.0,1.0,B02
201300009717,0,3,0,0.0,2.0,3.0,1.0,A01
201300009717,0,10,0,0.0,2.0,5.0,15.0,B02
201300009718,0,30,0,0.0,0.0,0.0,1.0,A01
201300009719,0,7,0,0.0,1.0,2.0,1.0,A01
201300009720,0,7,0,6.0,0.0,1.0,14.0,A01
201300009721,0,7,0,13.0,0.0,1.0,14.0,A01
201300009722,0,1,0,0.0,0.0,9.0,16.0,A01
201300009723,0,7,0,6.0,0.0,1.0,1.0,A01
201300009724,0,7,0,0.0,2.0,1.0,1.0,B02
201300009724,0,10,0,0.0,2.0,2.0,15.0,A01
201300009725,0,7,0,0.0,2.0,7.0,13.0,A01
201300009725,0,7,0,0.0,2.0,1.0,1.0,B02
201300009726,0,7,0,0.0,2.0,1.0,21.0,A01
201300009726,0,3,0,0.0,2.0,1.0,21.0,B02
201300009727,0,33,0,0.0,0.0,8.0,0.0,A01
201300009728,0,7,0,0.0,2.0,2.0,13.0,A01
201300009728,0,14,0,0.0,2.0,3.0,21.0,B02
201300009729,0,30,0,7.0,0.0,1.0,1.0,A01
201300009730,0,36,0,8.0,0.0,1.0,1.0,A01
201300009731,0,10,0,0.0,1.0,2.0,1.0,A01
201300009732,0,7,0,0.0,2.0,7.0,2.0,B02
201300009732,0,1,0,0.0,2.0,8.0,2.0,A01
201300009733,0,7,0,0.0,2.0,8.0,15.0,A01
201300009733,0,31,0,0.0,2.0,7.0,17.0,B02
201300009734,0,33,0,8.0,0.0,1.0,1.0,A01
201300009735,0,7,0,8.0,0.0,1.0,13.0,A01
201300009736,0,21,0,0.0,1.0,5.0,1.0,A01
201300009737,0,21,0,14.0,0.0,0.0,1.0,A01
201300009738,0,33,0,0.0,6.0,1.0,1.0,A01
201300009739,0,33,0,16.0,0.0,1.0,1.0,A01
201300009740,0,37,0,0.0,2.0,5.0,15.0,B02
201300009740,0,7,0,0.0,2.0,1.0,1.0,A01
201300009741,0,21,0,0.0,2.0,6.0,1.0,A01
201300009741,0,31,0,0.0,2.0,1.0,1.0,B02
201300009742,0,7,0,0.0,2.0,3.0,1.0,B02
201300009742,0,7,0,0.0,2.0,7.0,13.0,A01
201300009743,0,7,0,0.0,2.0,4.0,23.0,D04
201300009743,0,7,0,0.0,2.0,1.0,1.0,E05
201300009743,0,7,0,1.0,0.0,1.0,1.0,A01
201300009743,0,7,0,0.0,2.0,6.0,23.0,B02
201300009743,0,7,0,1.0,2.0,4.0,23.0,C03
201300009744,0,7,0,0.0,2.0,3.0,13.0,A01
201300009744,0,7,0,0.0,2.0,3.0,1.0,B02
201300009745,0,33,0,0.0,0.0,7.0,1.0,A01
201300009746,0,2,0,0.0,2.0,1.0,1.0,B02
201300009746,0,7,0,0.0,2.0,3.0,1.0,A01
201300009747,0,33,0,0.0,2.0,1.0,1.0,A01
201300009747,0,7,0,0.0,2.0,8.0,19.0,B02
201300009748,0,7,0,6.0,0.0,1.0,19.0,A01
201300009749,0,33,0,0.0,2.0,1.0,1.0,A01
201300009749,0,7,0,0.0,2.0,8.0,19.0,B02
201300009750,0,7,0,0.0,2.0,1.0,13.0,A01
201300009750,0,10,0,0.0,2.0,6.0,0.0,B02
201300009750,0,15,0,0.0,2.0,8.0,0.0,D04
201300009750,0,7,0,0.0,2.0,1.0,0.0,C03
201300009751,0,7,0,0.0,2.0,1.0,13.0,A01
201300009751,0,7,0,0.0,2.0,1.0,1.0,B02
201300009752,0,7,0,0.0,2.0,1.0,1.0,A01
201300009752,0,1,0,0.0,2.0,4.0,1.0,B02
201300009753,0,2,0,0.0,2.0,1.0,1.0,B02
201300009753,0,7,0,0.0,2.0,2.0,15.0,A01
201300009754,0,30,0,0.0,2.0,1.0,1.0,A01
201300009754,0,30,0,0.0,2.0,1.0,1.0,B02
201300009755,0,10,0,0.0,2.0,8.0,1.0,A01
201300009755,0,10,0,0.0,2.0,1.0,1.0,B02
201300009755,0,10,0,0.0,2.0,8.0,1.0,C03
201300009756,0,2,0,15.0,0.0,1.0,16.0,A01
201300009757,0,36,0,6.0,0.0,3.0,13.0,A01
201300009758,0,7,0,0.0,0.0,6.0,1.0,A01
201300009758,0,7,0,0.0,2.0,1.0,9.0,B02
201300009759,0,7,0,0.0,1.0,2.0,1.0,A01
201300009760,0,7,0,0.0,2.0,4.0,2.0,B02
201300009760,0,31,0,0.0,2.0,1.0,23.0,A01
201300009761,0,33,0,8.0,0.0,1.0,1.0,A01
201300009762,0,7,0,0.0,2.0,2.0,20.0,A01
201300009762,0,30,0,0.0,2.0,2.0,1.0,B02
201300009763,0,7,0,0.0,2.0,2.0,13.0,A01
201300009763,0,7,0,0.0,2.0,8.0,15.0,B02
201300009764,0,7,0,0.0,0.0,9.0,1.0,A01
201300009765,0,7,0,1.0,0.0,2.0,14.0,A01
201300009766,0,7,0,0.0,2.0,3.0,13.0,A01
201300009766,0,7,0,0.0,2.0,3.0,1.0,B02
201300009767,0,7,0,0.0,0.0,4.0,1.0,A01
201300009767,0,7,0,0.0,2.0,1.0,0.0,B02
201300009768,0,7,0,2.0,0.0,7.0,1.0,A01
201300009769,0,7,0,0.0,1.0,2.0,1.0,A01
201300009770,0,7,0,16.0,0.0,1.0,1.0,A01
201300009771,0,7,0,0.0,2.0,1.0,1.0,B02
201300009771,0,7,0,0.0,2.0,1.0,1.0,A01
201300009772,0,10,0,0.0,0.0,9.0,17.0,A01
201300009773,0,14,0,0.0,2.0,1.0,15.0,A01
201300009773,0,33,0,0.0,2.0,1.0,1.0,B02
201300009774,0,2,0,12.0,0.0,1.0,1.0,A01
201300009775,0,7,0,0.0,1.0,3.0,1.0,A01
201300009776,0,7,0,0.0,2.0,2.0,1.0,B02
201300009776,0,7,0,0.0,2.0,1.0,15.0,A01
201300009777,0,7,0,0.0,1.0,3.0,5.0,A01
201300009778,0,2,0,0.0,2.0,5.0,15.0,A01
201300009778,0,7,0,0.0,2.0,2.0,1.0,B02
201300009779,0,31,0,0.0,0.0,7.0,1.0,A01
201300009780,0,7,0,0.0,2.0,1.0,13.0,A01
201300009780,0,10,0,0.0,2.0,3.0,1.0,B02
201300009781,0,10,0,0.0,1.0,1.0,2.0,A01
201300009782,0,7,0,0.0,0.0,2.0,17.0,B02
201300009782,0,99,0,0.0,0.0,8.0,13.0,A01
201300009783,0,7,0,8.0,0.0,6.0,13.0,A01
201300009784,0,7,0,0.0,2.0,1.0,15.0,A01
201300009784,0,7,0,0.0,2.0,1.0,1.0,B02
201300009785,0,7,0,13.0,0.0,2.0,1.0,A01
201300009786,0,7,0,0.0,2.0,1.0,1.0,A01
201300009786,0,1,0,0.0,2.0,7.0,19.0,B02
201300009787,0,10,0,0.0,0.0,7.0,15.0,A01
201300009787,0,33,0,0.0,2.0,1.0,1.0,B02
201300009788,0,7,0,0.0,1.0,2.0,1.0,A01
201300009789,0,7,0,0.0,2.0,7.0,15.0,C03
201300009789,0,33,0,0.0,2.0,1.0,1.0,A01
201300009789,0,33,0,0.0,2.0,1.0,1.0,B02
201300009790,0,7,0,0.0,2.0,3.0,1.0,A01
201300009790,0,7,0,0.0,2.0,3.0,1.0,B02
201300009791,0,7,0,0.0,2.0,3.0,1.0,A01
201300009791,0,7,0,0.0,2.0,3.0,0.0,B02
201300009792,0,7,0,0.0,2.0,2.0,1.0,A01
201300009792,0,10,0,0.0,2.0,3.0,1.0,B02
201300009793,0,36,0,8.0,0.0,2.0,14.0,A01
201300009794,0,33,0,0.0,6.0,1.0,1.0,A01
201300009795,0,7,0,0.0,2.0,1.0,13.0,A01
201300009795,0,3,0,0.0,2.0,1.0,1.0,B02
201300009796,0,2,0,0.0,2.0,4.0,15.0,B02
201300009796,0,15,0,0.0,2.0,1.0,17.0,A01
201300009797,0,33,0,0.0,0.0,8.0,1.0,A01
201300009798,0,1,0,0.0,2.0,7.0,1.0,B02
201300009798,0,7,0,0.0,2.0,1.0,15.0,A01
201300009799,0,7,0,0.0,2.0,3.0,1.0,B02
201300009799,0,7,0,0.0,2.0,3.0,1.0,A01
201300009800,0,7,0,0.0,2.0,1.0,1.0,A01
201300009800,0,7,0,8.0,2.0,7.0,19.0,B02
201300009801,0,7,0,0.0,2.0,1.0,1.0,A01
201300009801,0,7,0,0.0,2.0,7.0,21.0,B02
201300009802,0,7,0,16.0,0.0,1.0,1.0,A01
201300009802,0,7,0,0.0,0.0,1.0,1.0,B02
201300009803,0,7,0,0.0,2.0,1.0,13.0,B02
201300009803,0,7,0,0.0,2.0,1.0,1.0,A01
201300009804,0,7,0,0.0,2.0,3.0,1.0,B02
201300009804,0,7,0,0.0,2.0,3.0,13.0,A01
201300009805,0,7,0,0.0,0.0,6.0,15.0,A01
201300009805,0,33,0,0.0,2.0,1.0,1.0,B02
201300009806,0,7,0,0.0,1.0,2.0,15.0,A01
201300009807,0,7,0,0.0,2.0,3.0,15.0,A01
201300009807,0,10,0,0.0,2.0,1.0,1.0,B02
201300009808,0,30,0,1.0,0.0,1.0,0.0,A01
201300009809,0,7,0,13.0,0.0,1.0,1.0,A01
201300009810,0,7,0,0.0,2.0,2.0,1.0,B02
201300009810,0,7,0,0.0,2.0,1.0,13.0,A01
201300009811,0,2,0,0.0,0.0,7.0,21.0,A01
201300009812,0,7,0,2.0,0.0,1.0,0.0,A01
201300009813,0,31,0,0.0,2.0,1.0,1.0,B02
201300009813,0,7,0,0.0,2.0,2.0,15.0,A01
201300009814,0,7,0,0.0,1.0,3.0,1.0,A01
201300009815,0,7,0,0.0,2.0,1.0,1.0,A01
201300009815,0,7,0,13.0,2.0,4.0,0.0,B02
201300009816,0,7,0,8.0,0.0,2.0,0.0,A01
201300009817,0,33,0,6.0,2.0,7.0,17.0,A01
201300009817,0,7,0,0.0,2.0,7.0,1.0,B02
201300009818,0,7,0,0.0,0.0,3.0,15.0,B02
201300009818,0,30,0,0.0,2.0,1.0,17.0,A01
201300009819,0,7,0,0.0,1.0,3.0,1.0,A01
201300009820,0,10,0,0.0,1.0,7.0,1.0,A01
201300009821,0,15,0,0.0,0.0,6.0,2.0,B02
201300009821,0,10,0,0.0,2.0,3.0,2.0,A01
201300009822,0,7,0,0.0,1.0,4.0,4.0,A01
201300009823,0,7,0,2.0,0.0,3.0,1.0,A01
201300009824,0,7,0,0.0,2.0,3.0,1.0,A01
201300009824,0,16,0,0.0,2.0,3.0,1.0,B02
201300009825,0,33,0,8.0,0.0,1.0,1.0,A01
201300009826,0,7,0,0.0,0.0,9.0,1.0,A01
201300009827,0,7,0,0.0,9.0,3.0,15.0,A01
201300009827,0,1,0,0.0,2.0,2.0,1.0,B02
201300009828,0,7,0,2.0,0.0,9.0,1.0,A01
201300009829,0,1,0,0.0,2.0,1.0,15.0,A01
201300009829,0,7,0,0.0,2.0,2.0,1.0,B02
201300009830,0,7,0,0.0,2.0,1.0,13.0,A01
201300009830,0,7,0,0.0,2.0,1.0,21.0,B02
201300009831,0,7,0,0.0,2.0,2.0,15.0,A01
201300009831,0,7,0,0.0,2.0,1.0,1.0,B02
201300009832,0,10,0,0.0,1.0,2.0,2.0,A01
201300009833,0,7,0,6.0,0.0,1.0,1.0,A01
201300009834,0,7,0,6.0,0.0,1.0,0.0,A01
201300009835,0,33,0,0.0,2.0,1.0,1.0,A01
201300009835,0,7,0,0.0,0.0,6.0,15.0,B02
201300009836,0,1,0,0.0,0.0,7.0,9.0,B02
201300009836,0,7,0,0.0,9.0,8.0,2.0,A01
201300009837,0,34,0,0.0,2.0,1.0,1.0,B02
201300009837,0,10,0,0.0,2.0,3.0,1.0,A01
201300009838,0,2,0,15.0,0.0,1.0,1.0,A01
201300009839,0,2,0,16.0,0.0,9.0,1.0,A01
201300009840,0,7,0,0.0,1.0,3.0,1.0,A01
201300009841,0,7,0,0.0,1.0,3.0,1.0,A01
201300009842,0,10,0,16.0,0.0,1.0,1.0,A01
201300009843,0,30,0,14.0,0.0,1.0,1.0,A01
201300009844,0,1,0,0.0,2.0,6.0,1.0,B02
201300009844,0,7,0,0.0,2.0,3.0,1.0,A01
201300009845,0,7,0,0.0,1.0,2.0,1.0,A01
201300009846,0,7,0,0.0,2.0,7.0,19.0,A01
201300009846,0,2,0,0.0,2.0,1.0,1.0,B02
201300009847,0,7,0,0.0,2.0,2.0,1.0,A01
201300009847,0,30,0,0.0,2.0,8.0,19.0,B02
201300009848,0,33,0,0.0,2.0,7.0,2.0,B02
201300009848,0,10,0,0.0,2.0,8.0,2.0,A01
201300009849,0,14,0,0.0,2.0,0.0,1.0,B02
201300009849,0,7,0,0.0,9.0,2.0,2.0,A01
201300009850,0,7,0,0.0,0.0,2.0,21.0,A01
201300009850,0,7,0,0.0,0.0,6.0,1.0,B02
201300009851,0,7,0,0.0,2.0,3.0,15.0,A01
201300009851,0,35,0,0.0,0.0,6.0,1.0,B02
201300009852,0,10,0,0.0,2.0,1.0,19.0,B02
201300009852,0,7,0,0.0,2.0,2.0,1.0,A01
201300009853,0,7,0,6.0,0.0,1.0,1.0,A01
201300009854,0,7,0,0.0,2.0,8.0,1.0,C03
201300009854,0,7,0,0.0,2.0,1.0,13.0,A01
201300009854,0,7,0,0.0,2.0,1.0,1.0,B02
201300009855,0,7,0,0.0,2.0,2.0,1.0,A01
201300009855,0,7,0,0.0,1.0,6.0,1.0,B01
201300009856,0,7,0,0.0,1.0,1.0,1.0,A01
201300009857,1,7,0,0.0,1.0,0.0,0.0,A01
201300009858,0,7,0,0.0,2.0,2.0,1.0,A01
201300009858,0,7,0,0.0,2.0,3.0,1.0,B01
201300009859,0,10,0,0.0,2.0,1.0,0.0,B01
201300009859,0,30,0,0.0,0.0,7.0,1.0,C01
201300009859,0,30,0,0.0,2.0,0.0,0.0,A01
201300009860,0,32,0,0.0,2.0,1.0,1.0,B01
201300009860,0,7,0,0.0,2.0,7.0,1.0,A01
201300009861,0,33,0,0.0,1.0,1.0,1.0,A01
201300009862,0,32,0,0.0,1.0,1.0,0.0,A01
201300009863,0,7,0,0.0,1.0,1.0,1.0,A01
201300009864,0,30,0,0.0,2.0,1.0,0.0,A01
201300009865,0,7,0,15.0,0.0,1.0,0.0,A01
201300009866,0,33,0,0.0,1.0,1.0,1.0,A01
201300009867,0,7,0,0.0,2.0,4.0,15.0,B01
201300009867,0,33,0,0.0,2.0,1.0,1.0,A01
201300009868,0,7,0,0.0,2.0,1.0,1.0,B01
201300009868,0,7,0,0.0,2.0,1.0,17.0,A01
201300009869,0,7,0,0.0,2.0,1.0,2.0,C01
201300009869,0,7,0,0.0,2.0,1.0,5.0,A01
201300009869,0,7,0,0.0,2.0,1.0,1.0,B01
201300009870,0,30,0,1.0,0.0,2.0,2.0,A01
201300009871,0,10,0,0.0,2.0,2.0,19.0,A01
201300009871,0,33,0,0.0,2.0,1.0,2.0,B01
201300009872,0,7,0,0.0,2.0,4.0,2.0,B01
201300009872,0,7,0,0.0,2.0,4.0,2.0,C01
201300009872,0,7,0,0.0,2.0,1.0,2.0,A01
201300009873,0,7,0,0.0,2.0,5.0,15.0,A01
201300009873,0,30,0,0.0,2.0,1.0,1.0,B01
201300009874,0,7,0,0.0,2.0,3.0,11.0,A01
201300009874,0,32,0,0.0,2.0,1.0,17.0,B01
201300009875,0,7,0,1.0,0.0,2.0,2.0,A01
201300009876,0,7,0,0.0,1.0,2.0,13.0,A01
201300009877,0,33,0,1.0,0.0,1.0,1.0,A01
201300009878,0,32,0,0.0,0.0,0.0,0.0,A01
201300009879,0,31,0,12.0,0.0,7.0,1.0,A01
201300009880,0,7,0,0.0,2.0,7.0,1.0,B01
201300009880,0,10,0,0.0,2.0,3.0,9.0,A01
201300009880,0,7,0,0.0,2.0,1.0,1.0,C01
201300009881,0,7,0,2.0,0.0,1.0,13.0,A01
201300009882,0,7,0,0.0,1.0,1.0,0.0,A01
201300009883,0,30,0,8.0,0.0,1.0,17.0,A01
201300009884,0,7,0,0.0,2.0,7.0,15.0,A01
201300009884,0,33,0,0.0,2.0,1.0,1.0,B01
201300009885,0,7,0,0.0,2.0,1.0,10.0,A01
201300009885,0,33,0,0.0,2.0,1.0,2.0,B01
201300009886,0,7,0,15.0,0.0,1.0,13.0,A01
201300009887,0,7,0,0.0,2.0,1.0,1.0,A01
201300009887,0,7,0,0.0,2.0,4.0,1.0,B01
201300009887,0,7,0,0.0,0.0,4.0,1.0,C01
201300009888,0,7,0,0.0,2.0,1.0,1.0,B01
201300009888,0,7,0,0.0,2.0,7.0,15.0,A01
201300009889,1,7,0,0.0,1.0,1.0,10.0,Z01
201300009890,0,32,0,0.0,9.0,1.0,1.0,A01
201300009891,0,31,0,0.0,2.0,1.0,0.0,B01
201300009891,0,7,0,0.0,2.0,2.0,15.0,A01
201300009892,0,10,0,0.0,2.0,3.0,9.0,A01
201300009892,0,2,0,0.0,2.0,1.0,1.0,B01
201300009893,0,7,0,0.0,0.0,3.0,15.0,A01
201300009893,0,33,0,0.0,0.0,0.0,17.0,B01
201300009894,1,7,0,0.0,1.0,0.0,0.0,Z01
201300009895,0,7,0,0.0,9.0,2.0,15.0,A01
201300009895,0,1,0,0.0,2.0,1.0,1.0,B01
201300009896,0,7,0,0.0,1.0,7.0,2.0,A01
201300009897,0,7,0,0.0,0.0,4.0,0.0,B01
201300009897,0,7,0,0.0,2.0,1.0,2.0,A01
201300009898,0,7,0,0.0,1.0,7.0,0.0,A01
201300009899,0,7,0,0.0,0.0,7.0,15.0,A01
201300009899,0,30,0,0.0,2.0,1.0,0.0,B01
201300009900,0,7,0,0.0,2.0,8.0,16.0,A01
201300009900,0,7,0,0.0,2.0,2.0,1.0,B01
201300009901,0,7,0,0.0,1.0,1.0,1.0,A01
201300009902,0,7,0,0.0,1.0,3.0,15.0,A01
201300009903,0,7,0,0.0,0.0,3.0,15.0,A01
201300009903,0,30,0,0.0,2.0,2.0,1.0,B01
201300009904,0,33,0,0.0,2.0,7.0,17.0,A01
201300009904,0,7,0,0.0,0.0,3.0,15.0,B01
201300009905,0,30,0,0.0,0.0,0.0,0.0,A01
201300009906,0,7,0,0.0,0.0,8.0,2.0,A01
201300009906,0,31,0,0.0,2.0,1.0,2.0,B01
201300009907,0,7,0,0.0,2.0,6.0,10.0,A01
201300009907,0,2,0,0.0,2.0,1.0,2.0,B01
201300009908,0,7,0,0.0,2.0,1.0,5.0,A01
201300009908,0,7,0,0.0,2.0,1.0,1.0,B01
201300009909,0,7,0,0.0,2.0,5.0,2.0,B01
201300009909,0,7,0,0.0,2.0,3.0,2.0,A01
201300009910,0,7,0,0.0,2.0,0.0,0.0,B01
201300009910,0,33,0,0.0,2.0,0.0,0.0,A01
201300009911,0,34,0,0.0,2.0,1.0,2.0,B01
201300009911,0,7,0,0.0,2.0,8.0,10.0,A01
201300009912,0,7,0,0.0,2.0,7.0,2.0,A01
201300009912,0,1,0,0.0,0.0,0.0,2.0,B01
201300009913,0,7,0,1.0,2.0,3.0,9.0,A01
201300009913,0,34,0,0.0,2.0,1.0,1.0,B01
201300009914,0,7,0,0.0,2.0,2.0,15.0,A01
201300009914,0,32,0,0.0,2.0,1.0,1.0,B01
201300009915,0,32,0,0.0,2.0,1.0,13.0,A01
201300009915,0,7,0,0.0,2.0,1.0,1.0,B01
201300009916,0,7,0,0.0,1.0,2.0,1.0,A01
201300009917,0,7,0,0.0,1.0,1.0,0.0,A01
201300009918,0,7,0,8.0,0.0,1.0,0.0,A01