Num_Acc,senc,catv,occutc,obs,obsm,choc,manv,num_veh
201300009919,0,33,0,0.0,2.0,1.0,17.0,B01
201300009919,0,7,0,0.0,2.0,3.0,15.0,A01
201300009920,0,7,0,0.0,2.0,3.0,10.0,B01
201300009920,0,2,0,0.0,2.0,7.0,2.0,A01
201300009921,0,7,0,0.0,2.0,8.0,13.0,A01
201300009921,0,30,0,0.0,2.0,7.0,17.0,B01
201300009922,0,7,0,0.0,2.0,0.0,0.0,A01
201300009922,0,32,0,0.0,0.0,0.0,0.0,B01
201300009923,0,7,0,0.0,0.0,5.0,2.0,A01
201300009923,0,32,0,0.0,2.0,8.0,2.0,B01
201300009924,0,2,0,0.0,0.0,1.0,1.0,A01
201300009924,0,7,0,0.0,0.0,1.0,15.0,B01
201300009925,0,7,0,0.0,0.0,1.0,2.0,C01
201300009925,0,7,0,0.0,0.0,4.0,2.0,B01
201300009925,0,7,0,0.0,2.0,4.0,2.0,A01
201300009926,0,31,0,0.0,2.0,1.0,23.0,A01
201300009926,1,10,0,0.0,2.0,4.0,4.0,Z01
201300009927,0,10,0,1.0,0.0,2.0,1.0,A01
201300009928,0,7,0,0.0,0.0,4.0,2.0,B01
201300009928,0,1,0,0.0,2.0,1.0,2.0,A01
201300009929,0,7,0,0.0,2.0,1.0,15.0,A01
201300009929,0,32,0,0.0,2.0,1.0,1.0,B01
201300009930,0,33,0,0.0,0.0,1.0,2.0,A01
201300009930,0,7,0,0.0,0.0,2.0,15.0,B01
201300009931,0,7,0,0.0,2.0,2.0,17.0,A01
201300009931,0,14,0,0.0,2.0,8.0,1.0,B01
201300009932,0,32,0,0.0,2.0,1.0,1.0,B01
201300009932,0,31,0,0.0,0.0,0.0,0.0,C01
201300009932,0,7,0,0.0,2.0,2.0,15.0,A01
201300009933,0,32,0,0.0,2.0,7.0,17.0,A01
201300009933,0,7,0,0.0,2.0,3.0,1.0,B01
201300009934,0,30,0,0.0,2.0,8.0,18.0,A01
201300009934,0,7,0,0.0,2.0,7.0,14.0,B01
201300009935,0,7,0,1.0,0.0,2.0,14.0,A01
201300009935,0,10,0,0.0,0.0,6.0,24.0,B01
201300009936,0,30,0,0.0,0.0,0.0,17.0,A01
201300009936,0,7,0,0.0,0.0,0.0,15.0,B01
201300009937,0,30,0,0.0,2.0,1.0,2.0,A01
201300009937,0,7,0,0.0,2.0,4.0,2.0,B01
201300009938,0,7,0,0.0,2.0,1.0,1.0,A01
201300009938,0,7,0,8.0,2.0,8.0,1.0,B01
201300009939,0,7,0,0.0,1.0,1.0,1.0,A01
201300009940,0,7,0,0.0,2.0,3.0,10.0,A01
201300009940,0,2,0,0.0,2.0,1.0,1.0,B01
201300009941,0,33,0,0.0,2.0,1.0,2.0,A01
201300009941,0,7,0,0.0,2.0,8.0,11.0,B01
201300009942,0,2,0,0.0,2.0,1.0,17.0,A01
201300009942,0,33,0,0.0,0.0,4.0,0.0,B01
201300009943,0,7,0,0.0,1.0,1.0,0.0,A01
201300009944,0,2,0,0.0,2.0,1.0,1.0,B01
201300009944,0,7,0,0.0,2.0,5.0,1.0,A01
201300009945,0,2,0,0.0,2.0,1.0,2.0,A01
201300009945,0,7,0,0.0,0.0,4.0,2.0,B01
201300009946,0,7,0,1.0,1.0,1.0,1.0,A01
201300009947,0,30,0,0.0,2.0,1.0,2.0,A01
201300009947,0,10,0,0.0,2.0,4.0,1.0,B01
201300009948,0,1,0,0.0,2.0,7.0,17.0,A01
201300009948,0,7,0,1.0,2.0,8.0,15.0,B01
201300009949,0,33,0,0.0,2.0,1.0,1.0,A01
201300009949,0,7,0,0.0,0.0,7.0,11.0,B01
201300009950,0,33,0,0.0,2.0,1.0,1.0,A01
201300009950,0,7,0,0.0,2.0,2.0,9.0,B01
201300009951,0,7,0,1.0,0.0,8.0,0.0,B01
201300009951,0,30,0,0.0,9.0,7.0,17.0,A01
201300009952,0,10,0,0.0,2.0,2.0,2.0,A01
201300009952,0,1,0,0.0,2.0,0.0,2.0,B01
201300009952,0,1,0,0.0,2.0,0.0,2.0,C01
201300009953,0,32,0,0.0,2.0,1.0,2.0,B01
201300009953,0,7,0,0.0,0.0,5.0,15.0,A01
201300009954,0,33,0,0.0,0.0,1.0,0.0,B01
201300009954,0,7,0,0.0,0.0,1.0,0.0,C01
201300009954,0,7,0,0.0,0.0,1.0,9.0,A01
201300009955,0,32,0,12.0,0.0,0.0,2.0,A01
201300009955,0,7,0,0.0,2.0,0.0,11.0,B01
201300009956,0,1,0,0.0,2.0,2.0,2.0,A01
201300009956,0,7,0,0.0,9.0,2.0,1.0,B01
201300009957,0,33,0,0.0,2.0,8.0,3.0,A01
201300009957,0,7,0,0.0,2.0,2.0,2.0,B01
201300009957,0,7,0,0.0,2.0,2.0,2.0,C01
201300009958,0,31,0,0.0,2.0,1.0,0.0,A01
201300009958,0,7,0,0.0,2.0,8.0,15.0,B01
201300009959,0,33,0,0.0,2.0,8.0,2.0,A01
201300009959,0,7,0,0.0,2.0,0.0,15.0,B01
201300009960,0,30,0,0.0,2.0,1.0,0.0,A01
201300009960,0,7,0,0.0,0.0,4.0,0.0,B01
201300009961,0,7,0,0.0,2.0,3.0,1.0,B01
201300009961,0,7,0,0.0,2.0,1.0,21.0,A01
201300009962,0,7,0,0.0,2.0,1.0,2.0,A01
201300009962,0,34,0,0.0,0.0,4.0,2.0,B01
201300009963,0,7,0,0.0,2.0,1.0,2.0,A01
201300009963,0,7,0,0.0,0.0,4.0,2.0,B01
201300009964,0,32,0,14.0,0.0,0.0,1.0,B01
201300009964,0,10,0,0.0,0.0,0.0,1.0,A01
201300009965,0,7,0,0.0,2.0,8.0,1.0,B01
201300009965,0,2,0,0.0,2.0,1.0,0.0,A01
201300009966,0,7,0,0.0,2.0,3.0,15.0,B01
201300009966,0,2,0,0.0,2.0,1.0,1.0,A01
201300009967,0,3,0,0.0,2.0,3.0,2.0,B01
201300009967,0,30,0,0.0,2.0,1.0,17.0,A01
201300009968,0,7,0,1.0,0.0,1.0,0.0,A01
201300009969,0,7,0,0.0,1.0,1.0,16.0,A01
201300009970,0,10,0,0.0,2.0,3.0,24.0,A01
201300009970,0,1,0,1.0,0.0,0.0,2.0,B01
201300009971,0,7,0,0.0,0.0,1.0,0.0,D01
201300009971,0,7,0,0.0,0.0,1.0,6.0,A01
201300009971,0,31,0,0.0,0.0,8.0,0.0,C01
201300009971,0,7,0,0.0,0.0,6.0,0.0,B01
201300009971,0,7,0,0.0,0.0,8.0,0.0,E01
201300009972,0,7,0,0.0,0.0,0.0,15.0,B01
201300009972,0,1,0,0.0,0.0,0.0,1.0,A01
201300009973,0,10,0,0.0,2.0,8.0,9.0,A01
201300009973,0,30,0,0.0,2.0,1.0,1.0,B01
201300009974,0,7,0,0.0,2.0,2.0,9.0,A01
201300009974,0,33,0,0.0,2.0,8.0,9.0,B01
201300009975,0,7,0,0.0,2.0,7.0,19.0,A01
201300009975,0,31,0,0.0,2.0,4.0,21.0,B01
201300009976,0,10,0,0.0,2.0,2.0,1.0,B01
201300009976,0,30,0,0.0,2.0,1.0,1.0,A01
201300009977,0,33,0,0.0,2.0,1.0,1.0,A01
201300009977,0,7,0,0.0,2.0,7.0,15.0,B01
201300009978,0,7,0,0.0,2.0,1.0,2.0,A01
201300009978,0,7,0,0.0,0.0,4.0,15.0,B01
201300009979,0,34,0,0.0,0.0,4.0,1.0,C01
201300009979,2,7,0,0.0,2.0,1.0,1.0,A01
201300009979,0,33,0,0.0,2.0,4.0,1.0,B01
201300009980,1,99,0,0.0,1.0,0.0,0.0,A01
201300009981,0,33,0,0.0,0.0,0.0,0.0,A01
201300009982,0,7,0,0.0,2.0,5.0,2.0,B01
201300009982,0,34,0,0.0,2.0,1.0,9.0,A01
201300009983,0,30,0,0.0,1.0,1.0,0.0,A01
201300009984,0,1,0,0.0,2.0,1.0,2.0,A01
201300009984,0,7,0,0.0,2.0,3.0,15.0,B01
201300009985,0,7,0,0.0,2.0,3.0,1.0,B01
201300009985,0,30,0,0.0,2.0,2.0,17.0,A01
201300009986,0,2,0,16.0,0.0,7.0,1.0,A01
201300009987,0,31,0,6.0,0.0,2.0,1.0,A01
201300009988,1,30,0,0.0,1.0,1.0,3.0,A01
201300009989,0,7,0,1.0,0.0,1.0,2.0,A01
201300009989,0,14,0,0.0,0.0,4.0,0.0,B01
201300009990,1,30,0,0.0,2.0,2.0,9.0,A01
201300009990,0,30,0,0.0,2.0,1.0,9.0,B01
201300009991,0,2,0,0.0,2.0,1.0,2.0,A01
201300009991,0,7,0,0.0,2.0,4.0,2.0,B01
201300009992,0,7,0,0.0,2.0,1.0,1.0,B01
201300009992,1,7,0,0.0,0.0,0.0,0.0,Z01
201300009993,0,7,0,0.0,2.0,6.0,2.0,C01
201300009993,0,32,0,0.0,2.0,4.0,2.0,D01
201300009993,0,7,0,0.0,2.0,1.0,4.0,E01
201300009993,0,7,0,0.0,2.0,1.0,2.0,A01
201300009993,0,33,0,0.0,2.0,9.0,2.0,B01
201300009994,0,7,0,0.0,2.0,0.0,2.0,A01
201300009994,0,34,0,0.0,2.0,2.0,2.0,B01
201300009995,0,32,0,0.0,2.0,1.0,17.0,A01
201300009995,0,7,0,0.0,2.0,3.0,15.0,B01
201300009996,0,7,0,0.0,1.0,0.0,4.0,A01
201300009997,0,1,0,0.0,2.0,1.0,1.0,B01
201300009997,0,34,0,0.0,2.0,3.0,15.0,A01
201300009998,0,7,0,0.0,1.0,3.0,0.0,A01
201300009999,0,7,0,0.0,0.0,3.0,11.0,A01
201300009999,0,33,0,0.0,2.0,2.0,2.0,B01
201300010000,0,2,0,0.0,2.0,1.0,17.0,A01
201300010000,0,7,0,0.0,2.0,3.0,1.0,B01
201300010001,0,1,0,0.0,1.0,1.0,1.0,A01
201300010002,0,7,0,0.0,2.0,2.0,19.0,B01
201300010002,0,7,0,0.0,2.0,3.0,1.0,C01
201300010002,0,33,0,0.0,2.0,1.0,17.0,A01
201300010003,0,10,0,0.0,1.0,1.0,1.0,A01
201300010004,0,7,0,0.0,2.0,7.0,2.0,B01
201300010004,0,30,0,0.0,2.0,8.0,2.0,A01
201300010005,0,7,0,0.0,1.0,1.0,1.0,A01
201300010006,0,7,0,0.0,2.0,2.0,9.0,A01
201300010006,0,1,0,0.0,2.0,1.0,1.0,B01
201300010007,0,30,0,0.0,2.0,8.0,1.0,B01
201300010007,0,7,0,0.0,2.0,2.0,15.0,A01
201300010008,0,7,0,0.0,2.0,0.0,24.0,B01
201300010008,0,30,0,1.0,0.0,0.0,2.0,A01
201300010009,0,7,0,0.0,2.0,3.0,15.0,A01
201300010009,0,34,0,0.0,2.0,1.0,2.0,B01
201300010010,0,17,0,8.0,1.0,5.0,16.0,A01
201300010011,0,7,0,0.0,1.0,1.0,14.0,A01
201300010012,0,7,0,0.0,1.0,1.0,1.0,A01
201300010013,0,7,0,0.0,1.0,3.0,2.0,A01
201300010014,0,34,0,0.0,2.0,1.0,1.0,B01
201300010014,0,7,0,0.0,2.0,1.0,15.0,A01
201300010015,0,14,0,0.0,0.0,3.0,2.0,B01
201300010015,0,33,0,0.0,0.0,2.0,2.0,A01
201300010016,0,10,0,0.0,1.0,4.0,4.0,A01
201300010017,0,7,0,0.0,9.0,3.0,22.0,A01
201300010017,0,1,0,1.0,0.0,0.0,2.0,B01
201300010018,0,10,0,0.0,2.0,4.0,15.0,B01
201300010018,0,31,0,0.0,2.0,1.0,1.0,A01
201300010019,0,7,0,0.0,2.0,1.0,1.0,C01
201300010019,0,7,0,0.0,2.0,2.0,10.0,A01
201300010019,0,7,0,0.0,2.0,8.0,0.0,B01
201300010020,0,30,0,0.0,2.0,1.0,18.0,A01
201300010020,0,7,0,0.0,2.0,1.0,2.0,B01
201300010021,0,7,0,0.0,1.0,2.0,1.0,A01
201300010022,0,32,0,0.0,2.0,1.0,1.0,B01
201300010022,0,7,0,0.0,2.0,3.0,15.0,A01
201300010023,0,7,0,0.0,1.0,3.0,1.0,A01
201300010024,0,7,0,0.0,2.0,3.0,20.0,A01
201300010024,0,2,0,0.0,2.0,1.0,17.0,B01
201300010025,1,10,0,0.0,2.0,1.0,2.0,Z01
201300010025,0,7,0,0.0,2.0,4.0,2.0,B01
201300010026,0,7,0,0.0,2.0,1.0,0.0,A01
201300010026,0,2,0,0.0,2.0,8.0,0.0,B01
201300010027,0,30,0,8.0,0.0,1.0,2.0,A01
201300010028,0,33,0,0.0,2.0,1.0,2.0,A01
201300010028,0,7,0,0.0,0.0,2.0,2.0,B01
201300010029,0,32,0,0.0,2.0,9.0,2.0,A01
201300010029,0,7,0,0.0,0.0,5.0,2.0,B01
201300010030,0,7,0,0.0,2.0,1.0,2.0,A01
201300010030,0,7,0,0.0,1.0,4.0,23.0,B01
201300010031,0,30,0,0.0,0.0,1.0,2.0,B01
201300010031,0,7,0,0.0,0.0,1.0,2.0,A01
201300010032,0,32,0,6.0,2.0,2.0,17.0,A01
201300010032,0,7,0,0.0,2.0,3.0,15.0,B01
201300010033,0,33,0,0.0,2.0,1.0,1.0,B01
201300010033,0,7,0,0.0,2.0,2.0,10.0,A01
201300010034,0,2,0,0.0,2.0,1.0,1.0,B01
201300010034,0,7,0,0.0,2.0,3.0,1.0,C01
201300010034,0,7,0,0.0,0.0,8.0,9.0,A01
201300010035,0,13,0,0.0,1.0,3.0,1.0,A01
201300010036,0,2,0,0.0,0.0,9.0,1.0,B01
201300010036,0,10,0,0.0,0.0,1.0,1.0,A01
201300010037,0,7,0,0.0,2.0,8.0,11.0,A01
201300010037,0,34,0,0.0,2.0,7.0,1.0,B01
201300010038,0,33,0,0.0,2.0,1.0,17.0,B01
201300010038,0,7,0,0.0,2.0,2.0,15.0,A01
201300010039,0,7,0,0.0,2.0,3.0,15.0,A01
201300010039,0,30,0,0.0,2.0,1.0,1.0,B01
201300010040,0,7,0,0.0,2.0,4.0,2.0,B01
201300010040,0,7,0,0.0,2.0,3.0,2.0,A01
201300010041,0,32,0,0.0,2.0,1.0,5.0,A01
201300010041,0,32,0,0.0,2.0,1.0,1.0,B01
201300010042,0,7,0,0.0,1.0,3.0,2.0,A01
201300010043,0,7,0,0.0,1.0,8.0,9.0,B01
201300010044,0,33,0,0.0,2.0,4.0,17.0,B01
201300010044,0,7,0,0.0,2.0,1.0,1.0,A01
201300010045,0,32,0,0.0,0.0,2.0,1.0,A01
201300010045,0,1,0,0.0,2.0,2.0,0.0,B01
201300010046,0,34,0,0.0,2.0,1.0,1.0,B01
201300010046,0,10,0,0.0,2.0,8.0,19.0,A01
201300010047,0,30,0,0.0,2.0,2.0,1.0,B01
201300010047,0,7,0,0.0,2.0,3.0,15.0,A01
201300010048,2,7,0,0.0,2.0,3.0,1.0,Z01
201300010048,0,7,0,0.0,2.0,3.0,1.0,A01
201300010049,0,30,0,0.0,2.0,1.0,1.0,A01
201300010049,0,37,1,0.0,2.0,3.0,15.0,B01
201300010050,0,31,0,0.0,0.0,4.0,1.0,A01
201300010050,1,7,0,0.0,2.0,1.0,1.0,Z01
201300010051,0,7,0,0.0,2.0,5.0,12.0,A01
201300010051,0,33,0,0.0,2.0,1.0,1.0,B01
201300010052,0,33,0,0.0,2.0,1.0,1.0,B01
201300010052,0,13,0,0.0,2.0,1.0,15.0,A01
201300010053,0,7,0,0.0,2.0,8.0,2.0,A01
201300010053,0,34,0,0.0,2.0,2.0,2.0,B01
201300010054,0,2,0,0.0,0.0,0.0,0.0,A01
201300010055,0,30,0,0.0,2.0,7.0,0.0,A01
201300010055,0,7,0,0.0,2.0,3.0,15.0,B01
201300010056,0,7,0,0.0,0.0,1.0,15.0,A01
201300010056,0,1,0,0.0,0.0,8.0,1.0,B01
201300010057,0,7,0,0.0,2.0,3.0,13.0,A01
201300010057,0,7,0,0.0,2.0,3.0,1.0,B01
201300010058,0,33,0,0.0,2.0,1.0,0.0,A01
201300010058,0,7,0,0.0,2.0,2.0,15.0,B01
201300010059,0,7,0,0.0,2.0,3.0,15.0,A01
201300010059,0,33,0,0.0,2.0,1.0,1.0,B01
201300010060,0,7,0,0.0,0.0,4.0,0.0,B01
201300010060,0,7,0,0.0,2.0,1.0,1.0,A01
201300010061,0,7,0,0.0,1.0,1.0,1.0,A01
201300010062,0,7,0,0.0,2.0,1.0,1.0,B01
201300010062,0,34,0,0.0,2.0,1.0,17.0,A01
201300010063,0,10,0,0.0,0.0,5.0,1.0,B01
201300010063,0,30,0,0.0,2.0,1.0,14.0,A01
201300010064,0,34,0,0.0,2.0,1.0,1.0,A01
201300010064,0,7,0,0.0,2.0,3.0,1.0,B01
201300010065,0,7,0,0.0,1.0,1.0,1.0,A01
201300010066,0,34,0,0.0,2.0,0.0,0.0,A01
201300010066,0,10,0,0.0,2.0,0.0,1.0,B01
201300010067,0,7,0,0.0,1.0,2.0,2.0,A01
201300010068,0,33,0,0.0,2.0,2.0,1.0,B01
201300010068,0,7,0,0.0,2.0,3.0,9.0,A01
201300010069,0,7,0,0.0,1.0,2.0,1.0,A01
201300010070,0,10,0,0.0,2.0,1.0,1.0,B01
201300010070,0,7,0,0.0,2.0,2.0,15.0,A01
201300010071,0,7,0,14.0,2.0,3.0,1.0,B01
201300010071,0,7,0,0.0,2.0,1.0,19.0,A01
201300010072,0,7,0,0.0,2.0,3.0,15.0,A01
201300010072,0,32,0,0.0,2.0,1.0,0.0,B01
201300010073,0,7,0,0.0,2.0,2.0,15.0,B01
201300010073,0,7,0,0.0,2.0,3.0,1.0,A01
201300010074,0,10,0,0.0,2.0,1.0,5.0,A01
201300010074,0,2,0,0.0,2.0,9.0,1.0,B01
201300010075,0,30,0,0.0,2.0,1.0,3.0,A01
201300010075,0,7,0,0.0,2.0,3.0,15.0,B01
201300010076,0,7,0,0.0,2.0,1.0,19.0,A01
201300010076,0,30,0,0.0,2.0,1.0,1.0,B01
201300010077,1,7,0,0.0,2.0,3.0,1.0,Z01
201300010077,0,32,0,0.0,2.0,6.0,23.0,B01
201300010077,0,7,0,0.0,2.0,3.0,23.0,C01
201300010078,0,7,0,0.0,1.0,2.0,1.0,A01
201300010079,0,7,0,0.0,1.0,1.0,1.0,A01
201300010080,0,7,0,0.0,1.0,2.0,0.0,A01
201300010081,0,37,15,0.0,2.0,3.0,1.0,B01
201300010081,0,7,0,0.0,2.0,3.0,1.0,A01
201300010082,0,7,0,0.0,1.0,1.0,1.0,A01
201300010083,0,7,0,0.0,2.0,1.0,24.0,C01
201300010083,0,7,0,1.0,0.0,1.0,13.0,A01
201300010083,0,7,0,0.0,2.0,2.0,24.0,B01
201300010084,0,37,1,0.0,2.0,7.0,15.0,A01
201300010084,0,33,0,0.0,2.0,1.0,1.0,B01
201300010085,0,7,0,0.0,1.0,1.0,2.0,A01
201300010086,0,7,0,0.0,1.0,1.0,1.0,A01
201300010087,0,30,0,0.0,2.0,1.0,1.0,A01
201300010087,0,7,0,0.0,2.0,4.0,1.0,B01
201300010088,0,2,0,0.0,2.0,1.0,1.0,B01
201300010088,0,7,0,0.0,2.0,2.0,15.0,A01
201300010089,0,20,0,0.0,1.0,6.0,4.0,A01
201300010090,0,7,0,0.0,2.0,2.0,1.0,A01
201300010090,0,7,0,0.0,0.0,8.0,11.0,B01
201300010091,0,30,0,0.0,2.0,2.0,1.0,B01
201300010091,0,7,0,0.0,2.0,3.0,9.0,A01
201300010092,0,33,0,0.0,2.0,6.0,1.0,A01
201300010092,0,7,0,0.0,2.0,5.0,0.0,B01
201300010093,1,1,0,0.0,1.0,0.0,0.0,Z01
201300010094,0,7,0,0.0,2.0,2.0,15.0,A01
201300010094,0,33,0,0.0,2.0,8.0,1.0,B01
201300010095,0,7,0,0.0,2.0,3.0,1.0,B01
201300010095,0,7,0,0.0,2.0,9.0,14.0,A01
201300010096,0,7,0,0.0,2.0,4.0,23.0,B01
201300010096,0,30,0,0.0,2.0,1.0,2.0,A01
201300010097,0,31,0,0.0,2.0,1.0,2.0,A01
201300010097,0,7,0,0.0,2.0,3.0,1.0,C01
201300010097,0,7,0,0.0,2.0,4.0,2.0,B01
201300010098,0,7,0,0.0,2.0,7.0,1.0,B01
201300010098,0,30,0,0.0,2.0,4.0,13.0,A01
201300010099,0,34,0,0.0,2.0,1.0,1.0,B01
201300010099,0,10,0,0.0,2.0,2.0,15.0,A01
201300010100,0,7,0,0.0,2.0,3.0,12.0,A01
201300010100,0,30,0,0.0,2.0,4.0,1.0,B01
201300010101,0,7,0,0.0,1.0,3.0,15.0,A01
201300010102,0,7,0,0.0,2.0,3.0,13.0,A01
201300010102,0,7,0,0.0,2.0,1.0,1.0,B01
201300010103,0,7,0,0.0,2.0,3.0,1.0,B01
201300010103,0,7,0,0.0,2.0,1.0,15.0,A01
201300010104,0,7,0,0.0,2.0,3.0,15.0,A01
201300010104,0,31,0,0.0,2.0,8.0,1.0,B01
201300010105,0,10,0,0.0,2.0,3.0,1.0,C01
201300010105,0,33,0,0.0,2.0,2.0,2.0,A01
201300010105,0,7,0,0.0,2.0,6.0,2.0,B01
201300010106,0,7,0,0.0,1.0,1.0,1.0,A01
201300010107,0,7,0,0.0,1.0,2.0,1.0,A01
201300010108,0,33,0,0.0,2.0,1.0,1.0,B01
201300010108,0,7,0,0.0,2.0,3.0,9.0,A01
201300010109,0,7,0,0.0,2.0,1.0,15.0,A01
201300010109,0,31,0,0.0,2.0,1.0,1.0,B01
201300010110,0,7,0,0.0,2.0,1.0,2.0,A01
201300010110,0,7,0,0.0,2.0,4.0,23.0,B01
201300010111,0,7,0,0.0,1.0,1.0,1.0,A01
201300010112,0,33,0,0.0,2.0,1.0,1.0,B01
201300010112,0,7,0,0.0,2.0,2.0,15.0,A01
201300010113,0,30,0,0.0,2.0,2.0,15.0,A01
201300010113,0,7,0,0.0,2.0,3.0,1.0,B01
201300010114,0,7,0,0.0,1.0,4.0,4.0,A01
201300010115,0,7,0,0.0,2.0,1.0,2.0,A01
201300010115,0,7,0,0.0,2.0,4.0,2.0,B01
201300010116,0,10,0,0.0,2.0,1.0,2.0,A01
201300010116,0,33,0,0.0,2.0,4.0,23.0,B01
201300010117,0,7,0,0.0,1.0,2.0,15.0,A01
201300010118,0,10,0,0.0,1.0,0.0,1.0,A01
201300010119,0,7,0,0.0,2.0,2.0,1.0,B01
201300010119,0,7,0,0.0,2.0,3.0,9.0,A01
201300010120,0,7,0,0.0,2.0,1.0,2.0,A01
201300010120,0,33,0,0.0,2.0,4.0,2.0,B01
201300010121,0,33,0,0.0,2.0,1.0,1.0,B01
201300010121,0,10,0,0.0,2.0,3.0,10.0,A01
201300010122,0,7,0,0.0,2.0,1.0,2.0,A01
201300010122,0,7,0,0.0,2.0,4.0,2.0,B01
201300010123,0,31,0,0.0,2.0,0.0,1.0,A01
201300010123,1,7,0,0.0,2.0,0.0,15.0,Z01
201300010124,0,30,0,0.0,1.0,0.0,1.0,A01
201300010125,0,7,0,0.0,2.0,4.0,1.0,B01
201300010125,0,31,0,0.0,2.0,1.0,2.0,A01
201300010126,0,7,0,0.0,2.0,1.0,2.0,A01
201300010126,0,7,0,0.0,2.0,4.0,2.0,B01
201300010127,0,31,0,0.0,2.0,0.0,1.0,B01
201300010127,0,7,0,0.0,2.0,1.0,15.0,A01
201300010128,0,1,0,0.0,2.0,0.0,17.0,A01
201300010128,0,7,0,0.0,2.0,2.0,1.0,B01
201300010129,0,7,0,0.0,2.0,1.0,2.0,A01
201300010129,0,7,0,0.0,2.0,4.0,2.0,B01
201300010130,0,7,0,0.0,1.0,0.0,1.0,A01
201300010131,0,7,0,0.0,2.0,7.0,15.0,B01
201300010131,0,7,0,0.0,2.0,1.0,1.0,A01
201300010132,0,10,0,0.0,2.0,6.0,4.0,A01
201300010132,0,7,0,0.0,2.0,5.0,1.0,B01
201300010133,0,7,0,0.0,2.0,8.0,1.0,B01
201300010133,0,33,0,0.0,2.0,8.0,12.0,A01
201300010134,0,7,0,0.0,2.0,3.0,17.0,A01
201300010134,0,7,0,0.0,2.0,3.0,1.0,B01
201300010135,0,32,0,0.0,2.0,1.0,2.0,A01
201300010135,0,7,0,0.0,2.0,4.0,2.0,B01
201300010136,0,7,0,0.0,2.0,0.0,9.0,A01
201300010136,0,33,0,0.0,2.0,0.0,1.0,B01
201300010137,0,33,0,0.0,2.0,1.0,1.0,B01
201300010137,0,7,0,0.0,2.0,7.0,10.0,A01
201300010138,0,7,0,0.0,2.0,1.0,2.0,A01
201300010138,0,30,0,0.0,2.0,4.0,2.0,B01
201300010139,0,33,0,0.0,2.0,1.0,1.0,B01
201300010139,0,7,0,0.0,2.0,8.0,9.0,A01
201300010140,0,7,0,0.0,2.0,3.0,15.0,A01
201300010140,0,31,0,0.0,2.0,1.0,1.0,B01
201300010141,0,7,0,0.0,2.0,1.0,2.0,A01
201300010141,0,7,0,0.0,2.0,4.0,2.0,C01
201300010141,0,7,0,0.0,2.0,4.0,2.0,B01
201300010142,0,7,0,0.0,2.0,8.0,1.0,B01
201300010142,0,7,0,0.0,2.0,3.0,5.0,A01
201300010143,0,7,0,0.0,2.0,3.0,15.0,A01
201300010143,0,30,0,0.0,2.0,1.0,1.0,B01
201300010144,0,30,0,0.0,2.0,1.0,1.0,B01
201300010144,0,7,0,0.0,2.0,2.0,15.0,A01
201300010145,0,7,0,0.0,2.0,1.0,1.0,B01
201300010145,0,7,0,0.0,2.0,8.0,9.0,A01
201300010146,0,7,0,0.0,2.0,2.0,1.0,A01
201300010146,0,33,0,0.0,2.0,3.0,1.0,B01
201300010147,0,7,0,0.0,1.0,1.0,1.0,A01
201300010148,0,7,0,0.0,2.0,3.0,15.0,A01
201300010148,0,30,0,0.0,2.0,1.0,13.0,B01
201300010149,0,7,0,0.0,2.0,6.0,15.0,A01
201300010149,0,32,0,0.0,2.0,1.0,1.0,B01
201300010150,0,7,0,0.0,2.0,4.0,23.0,C01
201300010150,0,7,0,0.0,2.0,1.0,2.0,A01
201300010150,0,7,0,0.0,2.0,4.0,23.0,B01
201300010150,0,7,0,0.0,2.0,4.0,23.0,D01
201300010151,0,7,0,0.0,1.0,3.0,1.0,A01
201300010152,0,7,0,0.0,2.0,7.0,12.0,A01
201300010152,0,30,0,0.0,2.0,8.0,1.0,B01
201300010153,0,1,0,0.0,2.0,1.0,1.0,A01
201300010153,0,1,0,0.0,2.0,1.0,1.0,B01
201300010154,0,1,0,0.0,2.0,1.0,2.0,A01
201300010154,0,7,0,0.0,2.0,4.0,23.0,B01
201300010155,0,31,0,0.0,2.0,0.0,1.0,B01
201300010155,0,7,0,0.0,2.0,0.0,9.0,A01
201300010156,0,7,0,0.0,1.0,1.0,1.0,A01
201300010157,0,30,0,0.0,2.0,8.0,15.0,B01
201300010157,0,36,0,0.0,2.0,7.0,15.0,A01
201300010158,0,33,0,0.0,2.0,1.0,1.0,B01
201300010158,0,7,0,0.0,2.0,6.0,9.0,A01
201300010159,0,31,0,0.0,2.0,1.0,1.0,B01
201300010159,0,7,0,0.0,2.0,3.0,9.0,A01
201300010160,0,7,0,0.0,2.0,8.0,20.0,A01
201300010160,0,30,0,0.0,2.0,1.0,21.0,B01
201300010161,0,30,0,0.0,2.0,2.0,13.0,B01
201300010161,0,7,0,0.0,2.0,3.0,15.0,A01
201300010162,0,7,0,0.0,2.0,7.0,15.0,A01
201300010162,0,7,0,0.0,2.0,8.0,1.0,B01
201300010163,0,7,0,0.0,2.0,3.0,1.0,B01
201300010163,0,31,0,0.0,2.0,7.0,17.0,A01
201300010164,0,7,0,0.0,1.0,2.0,1.0,A01
201300010165,0,7,0,0.0,2.0,7.0,1.0,A01
201300010165,0,33,0,0.0,2.0,8.0,1.0,B01
201300010166,0,33,0,0.0,2.0,1.0,9.0,A01
201300010166,0,31,0,0.0,2.0,1.0,1.0,B01