Num_Acc,senc,catv,occutc,obs,obsm,choc,manv,num_veh
201300010167,0,7,0,0.0,2.0,2.0,1.0,B01
201300010167,0,7,0,0.0,2.0,3.0,9.0,A01
201300010168,0,7,0,0.0,2.0,1.0,1.0,B01
201300010168,0,1,0,0.0,2.0,7.0,15.0,A01
201300010169,0,30,0,0.0,2.0,2.0,12.0,A01
201300010169,0,30,0,0.0,0.0,6.0,1.0,B01
201300010170,0,7,0,0.0,1.0,1.0,1.0,A01
201300010171,0,10,0,0.0,2.0,1.0,1.0,B01
201300010171,0,32,0,0.0,2.0,1.0,1.0,A01
201300010172,0,7,0,0.0,2.0,3.0,15.0,A01
201300010172,0,34,0,0.0,2.0,2.0,21.0,B01
201300010173,0,33,0,0.0,2.0,2.0,13.0,B01
201300010173,0,7,0,0.0,2.0,8.0,15.0,A01
201300010174,0,30,0,11.0,2.0,1.0,17.0,A01
201300010174,0,7,0,0.0,2.0,3.0,1.0,B01
201300010175,0,3,0,0.0,2.0,1.0,2.0,A01
201300010175,0,7,0,0.0,2.0,4.0,2.0,B01
201300010176,0,32,0,0.0,2.0,7.0,14.0,A01
201300010176,0,7,0,0.0,2.0,3.0,13.0,B01
201300010177,0,31,0,0.0,2.0,1.0,1.0,A01
201300010177,1,10,0,0.0,2.0,0.0,15.0,Z01
201300010178,0,10,0,0.0,2.0,0.0,9.0,A01
201300010178,0,32,0,0.0,2.0,0.0,1.0,B01
201300010179,0,7,0,0.0,2.0,3.0,15.0,A01
201300010179,0,30,0,0.0,2.0,2.0,1.0,B01
201300010180,0,7,0,0.0,2.0,4.0,2.0,B01
201300010180,0,32,0,0.0,2.0,1.0,2.0,A01
201300010181,0,38,45,0.0,2.0,1.0,2.0,A01
201300010181,0,7,0,0.0,2.0,4.0,2.0,B01
201300010182,0,14,0,0.0,2.0,0.0,9.0,A01
201300010182,0,1,0,0.0,2.0,0.0,1.0,B01
201300010183,0,7,0,0.0,2.0,2.0,15.0,A01
201300010183,0,32,0,0.0,2.0,1.0,1.0,B01
201300010184,0,32,0,0.0,2.0,1.0,1.0,B01
201300010184,0,14,0,0.0,2.0,1.0,15.0,A01
201300010185,0,10,0,0.0,2.0,1.0,2.0,A01
201300010185,0,7,0,0.0,2.0,4.0,2.0,B01
201300010186,0,30,0,0.0,2.0,7.0,17.0,A01
201300010186,0,7,0,0.0,2.0,3.0,15.0,B01
201300010187,0,10,0,16.0,0.0,1.0,1.0,A01
201300010188,0,31,0,0.0,2.0,1.0,2.0,A01
201300010188,0,7,0,0.0,2.0,4.0,2.0,B01
201300010189,0,7,0,0.0,2.0,3.0,9.0,A01
201300010189,0,1,0,0.0,2.0,7.0,1.0,B01
201300010190,0,7,0,0.0,2.0,1.0,10.0,A01
201300010190,0,32,0,0.0,2.0,3.0,1.0,B01
201300010191,0,32,0,0.0,2.0,1.0,1.0,B01
201300010191,0,7,0,0.0,2.0,5.0,12.0,A01
201300010192,0,30,0,0.0,2.0,1.0,2.0,A01
201300010192,0,10,0,0.0,2.0,4.0,2.0,B01
201300010193,0,7,0,0.0,2.0,1.0,1.0,B01
201300010193,0,7,0,0.0,2.0,1.0,1.0,A01
201300010194,0,30,0,0.0,2.0,1.0,2.0,A01
201300010194,0,7,0,0.0,2.0,4.0,2.0,B01
201300010195,0,30,0,0.0,2.0,1.0,1.0,B01
201300010195,0,7,0,0.0,2.0,2.0,15.0,A01
201300010196,0,7,0,3.0,0.0,1.0,0.0,A01
201300010197,0,30,0,0.0,2.0,0.0,23.0,B01
201300010197,0,7,0,0.0,2.0,3.0,20.0,A01
201300010198,0,10,0,0.0,2.0,1.0,16.0,B01
201300010198,0,7,0,0.0,2.0,2.0,16.0,A01
201300010199,0,30,0,0.0,2.0,1.0,1.0,A01
201300010199,0,30,0,0.0,2.0,3.0,1.0,B01
201300010200,0,7,0,0.0,2.0,6.0,15.0,B01
201300010200,0,33,0,0.0,2.0,1.0,15.0,A01
201300010201,0,30,0,0.0,0.0,8.0,1.0,A01
201300010202,0,7,0,0.0,2.0,1.0,2.0,A01
201300010202,0,7,0,0.0,2.0,4.0,23.0,B01
201300010203,0,10,0,0.0,2.0,3.0,15.0,A01
201300010203,0,31,0,0.0,2.0,8.0,1.0,B01
201300010204,0,7,0,0.0,2.0,2.0,15.0,A01
201300010204,0,33,0,0.0,2.0,1.0,1.0,B01
201300010205,0,33,0,0.0,2.0,1.0,1.0,A01
201300010205,0,7,0,0.0,2.0,1.0,1.0,B01
201300010206,0,7,0,0.0,2.0,1.0,1.0,B01
201300010206,0,7,0,0.0,2.0,7.0,5.0,A01
201300010207,0,33,0,0.0,2.0,7.0,1.0,B01
201300010207,0,7,0,0.0,2.0,1.0,15.0,A01
201300010208,0,99,0,0.0,2.0,7.0,1.0,B01
201300010208,0,30,0,0.0,2.0,1.0,1.0,A01
201300010209,0,32,0,0.0,1.0,1.0,1.0,A01
201300010210,0,7,0,0.0,1.0,2.0,1.0,A01
201300010211,0,7,0,0.0,2.0,2.0,12.0,A01
201300010211,0,33,0,0.0,2.0,5.0,1.0,B01
201300010212,0,7,0,0.0,1.0,2.0,1.0,A01
201300010213,0,7,0,0.0,1.0,1.0,1.0,A01
201300010214,0,30,0,0.0,2.0,2.0,13.0,B01
201300010214,0,7,0,0.0,2.0,8.0,15.0,A01
201300010215,0,7,0,0.0,2.0,3.0,15.0,A01
201300010215,0,30,0,0.0,2.0,7.0,1.0,B01
201300010216,0,7,0,0.0,2.0,4.0,2.0,B01
201300010216,0,7,0,0.0,2.0,1.0,2.0,A01
201300010217,0,32,0,0.0,2.0,4.0,23.0,B01
201300010217,0,7,0,0.0,2.0,2.0,2.0,A01
201300010218,0,33,0,0.0,2.0,4.0,23.0,B01
201300010218,0,7,0,0.0,2.0,1.0,2.0,A01
201300010219,0,2,0,0.0,2.0,1.0,1.0,A01
201300010219,0,7,0,0.0,2.0,1.0,15.0,B01
201300010220,0,32,0,0.0,2.0,7.0,1.0,B01
201300010220,0,7,0,0.0,2.0,1.0,9.0,A01
201300010221,0,3,0,1.0,2.0,5.0,1.0,B01
201300010221,0,7,0,0.0,2.0,2.0,9.0,A01
201300010222,0,7,0,0.0,2.0,2.0,12.0,A01
201300010222,0,32,0,0.0,2.0,8.0,1.0,B01
201300010223,0,10,0,0.0,2.0,4.0,2.0,A01
201300010223,1,99,0,0.0,0.0,0.0,0.0,Z01
201300010224,0,7,0,0.0,2.0,6.0,15.0,B01
201300010224,0,1,0,0.0,2.0,1.0,17.0,A01
201300010225,0,7,0,0.0,2.0,1.0,1.0,A01
201300010225,0,7,0,0.0,2.0,2.0,15.0,B01
201300010226,0,7,0,0.0,1.0,1.0,15.0,A01
201300010227,0,7,0,0.0,2.0,0.0,9.0,A01
201300010227,0,30,0,0.0,2.0,1.0,1.0,B01
201300010228,0,3,0,0.0,1.0,2.0,1.0,A01
201300010229,0,7,0,0.0,2.0,1.0,2.0,A01
201300010229,0,7,0,0.0,2.0,4.0,23.0,B01
201300010230,0,7,0,0.0,2.0,2.0,15.0,B01
201300010230,0,30,0,0.0,2.0,1.0,1.0,A01
201300010231,0,7,0,0.0,1.0,1.0,1.0,A01
201300010232,0,7,0,0.0,2.0,1.0,9.0,A01
201300010232,0,7,0,0.0,2.0,5.0,1.0,B01
201300010233,0,7,0,0.0,2.0,1.0,2.0,A01
201300010233,0,7,0,0.0,2.0,4.0,2.0,B01
201300010234,0,7,0,0.0,2.0,4.0,2.0,C01
201300010234,0,7,0,0.0,2.0,4.0,2.0,B01
201300010234,0,7,0,0.0,2.0,1.0,2.0,A01
201300010235,0,33,0,1.0,0.0,0.0,12.0,A01
201300010236,0,7,0,1.0,0.0,1.0,1.0,A01
201300010236,0,14,0,0.0,0.0,0.0,1.0,C01
201300010237,0,7,0,0.0,2.0,3.0,15.0,A01
201300010237,0,31,0,0.0,2.0,2.0,13.0,B01
201300010238,0,33,0,0.0,2.0,1.0,1.0,B01
201300010238,0,7,0,0.0,2.0,3.0,15.0,A01
201300010239,0,7,0,0.0,2.0,3.0,19.0,A01
201300010239,0,33,0,0.0,2.0,2.0,1.0,B01
201300010240,0,7,0,0.0,2.0,1.0,2.0,A01
201300010240,0,7,0,0.0,1.0,4.0,23.0,B01
201300010241,0,1,0,0.0,2.0,3.0,1.0,B01
201300010241,0,2,0,0.0,2.0,2.0,9.0,A01
201300010242,0,7,0,0.0,2.0,3.0,15.0,A01
201300010242,0,2,0,0.0,2.0,2.0,17.0,B01
201300010243,0,34,0,0.0,2.0,1.0,1.0,B01
201300010243,0,7,0,0.0,2.0,8.0,10.0,A01
201300010244,0,7,0,0.0,1.0,3.0,1.0,A01
201300010245,0,32,0,0.0,2.0,8.0,1.0,B01
201300010245,0,7,0,0.0,2.0,2.0,9.0,A01
201300010246,0,7,0,0.0,1.0,3.0,1.0,A01
201300010247,0,7,0,0.0,2.0,3.0,10.0,A01
201300010247,0,32,0,0.0,2.0,2.0,1.0,B01
201300010248,0,33,0,0.0,1.0,0.0,1.0,A01
201300010249,0,7,0,0.0,2.0,1.0,9.0,A01
201300010249,0,30,0,0.0,2.0,1.0,1.0,B01
201300010250,0,33,0,0.0,2.0,1.0,1.0,B01
201300010250,0,7,0,0.0,2.0,3.0,15.0,A01
201300010251,0,7,0,0.0,2.0,1.0,9.0,A01
201300010251,0,33,0,0.0,2.0,1.0,1.0,B01
201300010252,0,7,0,0.0,2.0,2.0,16.0,A01
201300010252,0,1,0,0.0,2.0,4.0,16.0,B01
201300010253,0,7,0,0.0,2.0,4.0,2.0,B01
201300010253,0,7,0,0.0,2.0,1.0,2.0,A01
201300010254,0,10,0,0.0,2.0,3.0,15.0,A01
201300010254,0,31,0,0.0,2.0,1.0,1.0,B01
201300010255,0,7,0,0.0,2.0,3.0,2.0,B01
201300010255,0,31,0,0.0,2.0,7.0,2.0,A01
201300010256,0,7,0,0.0,2.0,4.0,2.0,B01
201300010256,0,7,0,0.0,2.0,1.0,2.0,A01
201300010257,1,7,0,0.0,2.0,0.0,0.0,Z01
201300010257,0,2,0,0.0,2.0,3.0,16.0,A01
201300010258,0,7,0,0.0,2.0,6.0,11.0,B01
201300010258,0,2,0,0.0,2.0,2.0,1.0,A01
201300010259,0,1,0,0.0,1.0,1.0,1.0,A01
201300010260,0,2,0,0.0,2.0,2.0,1.0,B01
201300010260,0,7,0,0.0,2.0,1.0,9.0,A01
201300010261,0,7,0,0.0,2.0,3.0,1.0,B01
201300010261,0,7,0,0.0,2.0,2.0,15.0,A01
201300010262,0,7,0,0.0,2.0,7.0,1.0,A01
201300010262,1,99,0,0.0,0.0,0.0,0.0,Z01
201300010263,0,33,0,0.0,2.0,8.0,1.0,B01
201300010263,0,7,0,0.0,2.0,2.0,12.0,A01
201300010264,0,7,0,0.0,2.0,4.0,23.0,C01
201300010264,0,7,0,0.0,2.0,6.0,1.0,D01
201300010264,0,7,0,0.0,2.0,4.0,2.0,B01
201300010264,0,10,0,0.0,2.0,1.0,2.0,A01
201300010265,0,7,0,0.0,2.0,5.0,15.0,A01
201300010265,0,30,0,0.0,2.0,1.0,1.0,B01
201300010266,0,7,0,0.0,2.0,1.0,0.0,B01
201300010266,0,7,0,0.0,2.0,1.0,0.0,A01
201300010267,0,7,0,0.0,1.0,2.0,1.0,A01
201300010268,0,7,0,0.0,2.0,1.0,1.0,A01
201300010268,0,30,0,0.0,2.0,1.0,1.0,B01
201300010269,0,7,0,0.0,2.0,7.0,16.0,A01
201300010269,0,2,0,0.0,2.0,1.0,1.0,B01
201300010270,0,7,0,0.0,1.0,1.0,1.0,A01
201300010271,0,7,0,0.0,2.0,1.0,0.0,A01
201300010271,0,1,0,0.0,2.0,1.0,0.0,B01
201300010272,0,10,0,0.0,1.0,8.0,1.0,A01
201300010273,0,7,0,0.0,1.0,1.0,1.0,A01
201300010274,0,7,0,0.0,2.0,8.0,9.0,A01
201300010274,0,2,0,0.0,2.0,1.0,1.0,B01
201300010275,0,31,0,0.0,2.0,1.0,1.0,A01
201300010275,0,7,0,0.0,2.0,2.0,1.0,B01
201300010276,0,2,0,0.0,2.0,1.0,1.0,B01
201300010276,0,7,0,0.0,2.0,3.0,9.0,A01
201300010277,0,1,0,0.0,2.0,1.0,1.0,B01
201300010277,0,7,0,0.0,2.0,2.0,10.0,A01
201300010278,0,30,0,0.0,2.0,1.0,1.0,A01
201300010278,0,7,0,0.0,2.0,1.0,1.0,B01
201300010279,0,7,0,0.0,1.0,1.0,1.0,A01
201300010280,0,2,0,0.0,2.0,4.0,0.0,B01
201300010280,0,7,0,0.0,2.0,1.0,0.0,A01
201300010281,0,7,0,0.0,1.0,1.0,1.0,A01
201300010282,0,7,0,0.0,2.0,8.0,15.0,B01
201300010282,0,2,0,0.0,2.0,1.0,17.0,A01
201300010283,0,33,0,0.0,1.0,1.0,1.0,A01
201300010284,0,7,0,0.0,1.0,3.0,15.0,A01
201300010285,0,7,0,0.0,2.0,8.0,9.0,A01
201300010285,0,34,0,0.0,2.0,1.0,1.0,B01
201300010286,0,7,0,0.0,2.0,4.0,23.0,B01
201300010286,0,2,0,0.0,2.0,1.0,1.0,A01
201300010287,0,1,0,0.0,2.0,1.0,1.0,A01
201300010288,0,7,0,0.0,2.0,6.0,15.0,B01
201300010288,0,2,0,0.0,2.0,1.0,1.0,A01
201300010289,0,7,0,0.0,2.0,1.0,15.0,A01
201300010289,0,31,0,0.0,2.0,1.0,1.0,B01
201300010290,0,33,0,0.0,1.0,1.0,17.0,A01
201300010291,0,7,0,0.0,2.0,1.0,1.0,A01
201300010291,0,30,0,0.0,2.0,1.0,1.0,B01
201300010292,0,7,0,0.0,2.0,1.0,15.0,A01
201300010292,0,7,0,15.0,2.0,8.0,1.0,B01
201300010293,0,34,0,9.0,2.0,1.0,1.0,A01
201300010294,0,30,0,0.0,2.0,1.0,5.0,A01
201300010294,0,7,0,0.0,2.0,7.0,1.0,B01
201300010295,0,31,0,0.0,2.0,1.0,1.0,A01
201300010295,0,7,0,0.0,2.0,6.0,1.0,B01
201300010296,0,32,0,0.0,2.0,1.0,1.0,A01
201300010296,0,33,0,0.0,2.0,8.0,19.0,B01
201300010297,0,7,0,0.0,1.0,1.0,1.0,A01
201300010298,0,7,0,0.0,1.0,1.0,1.0,A01
201300010299,0,33,0,0.0,2.0,1.0,1.0,A01
201300010299,0,7,0,0.0,2.0,3.0,1.0,B01
201300010300,0,7,0,0.0,1.0,1.0,1.0,A01
201300010301,0,1,0,0.0,2.0,1.0,0.0,B01
201300010301,0,7,0,0.0,2.0,1.0,0.0,A01
201300010302,0,7,0,0.0,2.0,2.0,1.0,A01
201300010302,0,33,0,0.0,2.0,1.0,1.0,B01
201300010303,0,7,0,0.0,2.0,4.0,1.0,B01
201300010303,0,30,0,0.0,2.0,1.0,1.0,A01
201300010304,0,7,0,0.0,2.0,4.0,1.0,B01
201300010304,0,7,0,0.0,2.0,1.0,1.0,A01
201300010305,0,7,0,0.0,0.0,1.0,13.0,A01
201300010306,0,7,0,0.0,2.0,1.0,0.0,A01
201300010306,0,31,0,0.0,2.0,1.0,1.0,B01
201300010307,0,7,0,0.0,1.0,1.0,1.0,A01
201300010308,0,32,0,0.0,2.0,1.0,1.0,B01
201300010308,0,7,0,0.0,2.0,3.0,9.0,A01
201300010309,0,7,0,0.0,1.0,1.0,1.0,A01
201300010310,0,7,0,0.0,2.0,8.0,9.0,A01
201300010310,0,1,0,0.0,2.0,1.0,1.0,B01
201300010311,0,7,0,0.0,2.0,8.0,11.0,A01
201300010311,0,33,0,0.0,2.0,1.0,0.0,B01
201300010312,0,31,0,8.0,0.0,1.0,1.0,A01
201300010313,0,3,0,9.0,0.0,1.0,1.0,A01
201300010314,0,7,0,0.0,1.0,1.0,1.0,A01
201300010315,0,7,0,0.0,0.0,1.0,0.0,A01
201300010316,0,37,1,0.0,1.0,0.0,0.0,A01
201300010317,0,7,0,0.0,2.0,1.0,1.0,A01
201300010317,0,7,0,0.0,2.0,1.0,1.0,B01
201300010318,0,37,1,0.0,2.0,1.0,1.0,A01
201300010318,0,7,0,0.0,2.0,4.0,0.0,B01
201300010319,0,34,0,0.0,2.0,1.0,1.0,B01
201300010319,0,7,0,0.0,2.0,2.0,15.0,A01
201300010320,0,7,0,0.0,1.0,7.0,1.0,A01
201300010321,0,7,0,0.0,2.0,4.0,23.0,B01
201300010321,0,7,0,0.0,2.0,1.0,1.0,A01
201300010322,0,7,0,0.0,2.0,3.0,1.0,A01
201300010322,0,30,0,0.0,2.0,1.0,1.0,B01
201300010323,0,31,0,0.0,2.0,1.0,1.0,B01
201300010323,0,7,0,0.0,2.0,8.0,9.0,A01
201300010324,0,7,0,0.0,1.0,1.0,0.0,A01
201300010325,0,7,0,0.0,2.0,2.0,1.0,A01
201300010325,0,32,0,0.0,2.0,1.0,1.0,B01
201300010326,0,7,0,0.0,1.0,1.0,1.0,A01
201300010327,0,7,0,0.0,2.0,0.0,15.0,A01
201300010327,0,33,0,0.0,2.0,0.0,1.0,B01
201300010328,0,33,0,0.0,2.0,1.0,1.0,A01
201300010328,0,7,0,0.0,2.0,1.0,1.0,B01
201300010329,0,7,0,0.0,2.0,6.0,1.0,A01
201300010329,0,2,0,0.0,2.0,1.0,1.0,B01
201300010330,0,7,0,0.0,2.0,6.0,1.0,B01
201300010330,0,34,0,0.0,2.0,1.0,12.0,A01
201300010331,0,7,0,3.0,2.0,8.0,1.0,B01
201300010331,0,7,0,3.0,2.0,1.0,0.0,A01
201300010332,0,7,0,0.0,2.0,1.0,5.0,A01
201300010332,0,31,0,0.0,2.0,1.0,1.0,B01
201300010333,0,10,0,0.0,2.0,6.0,0.0,B01
201300010333,0,30,0,0.0,2.0,1.0,1.0,A01
201300010334,0,7,0,14.0,0.0,1.0,0.0,A01
201300010335,0,7,0,0.0,2.0,0.0,1.0,A01
201300010335,0,7,0,1.0,2.0,0.0,24.0,B01
201300010336,0,7,0,0.0,2.0,0.0,0.0,A01
201300010336,0,1,0,0.0,2.0,0.0,1.0,B01
201300010337,0,2,0,0.0,2.0,1.0,13.0,A01
201300010337,0,7,0,0.0,2.0,8.0,1.0,B01
201300010338,0,34,0,0.0,2.0,1.0,17.0,B01
201300010338,0,7,0,0.0,2.0,8.0,15.0,A01
201300010339,0,7,0,0.0,2.0,7.0,1.0,B01
201300010339,0,7,0,0.0,2.0,1.0,9.0,A01
201300010340,0,7,0,0.0,2.0,8.0,11.0,A01
201300010340,0,33,0,0.0,2.0,1.0,1.0,B01
201300010341,0,34,0,0.0,2.0,1.0,1.0,B01
201300010341,0,7,0,0.0,2.0,7.0,15.0,A01
201300010342,0,7,0,0.0,1.0,1.0,1.0,A01
201300010343,0,7,0,0.0,2.0,1.0,15.0,A01
201300010343,0,7,0,0.0,2.0,3.0,1.0,B01
201300010344,0,7,0,0.0,2.0,1.0,1.0,A01
201300010344,0,7,0,0.0,2.0,4.0,23.0,B01
201300010345,0,7,0,0.0,2.0,1.0,1.0,A01
201300010345,0,7,0,0.0,2.0,1.0,1.0,B01
201300010346,0,7,0,0.0,2.0,4.0,4.0,A01
201300010346,0,1,0,0.0,2.0,0.0,1.0,B01
201300010347,0,32,0,0.0,1.0,1.0,1.0,A01
201300010348,0,33,0,0.0,2.0,4.0,23.0,B01
201300010348,0,7,0,0.0,2.0,1.0,1.0,A01
201300010349,0,7,0,0.0,2.0,5.0,15.0,A01
201300010349,0,33,0,0.0,2.0,1.0,1.0,B01
201300010350,0,32,0,0.0,9.0,0.0,1.0,A01
201300010351,0,30,0,0.0,1.0,1.0,1.0,A01
201300010352,0,33,0,0.0,2.0,1.0,0.0,B01
201300010352,0,30,0,0.0,2.0,3.0,1.0,A01
201300010353,0,7,0,0.0,1.0,1.0,1.0,A01
201300010354,0,7,0,0.0,2.0,1.0,1.0,B01
201300010354,0,32,0,0.0,2.0,1.0,1.0,A01
201300010355,0,2,0,0.0,2.0,1.0,1.0,A01
201300010355,0,7,0,0.0,2.0,1.0,1.0,B01
201300010356,0,7,0,0.0,1.0,1.0,1.0,A01
201300010357,0,7,0,0.0,1.0,4.0,4.0,A01
201300010358,0,7,0,0.0,2.0,1.0,19.0,A01
201300010358,0,34,0,0.0,2.0,1.0,1.0,C01
201300010358,0,33,0,0.0,2.0,5.0,1.0,B01
201300010359,0,7,0,0.0,1.0,4.0,4.0,A01
201300010360,0,7,0,0.0,1.0,1.0,1.0,A01
201300010361,0,7,0,0.0,2.0,1.0,1.0,B01
201300010361,0,30,0,0.0,0.0,1.0,5.0,A01
201300010362,0,7,0,0.0,1.0,4.0,4.0,A01
201300010363,0,33,0,0.0,2.0,1.0,17.0,A01
201300010363,0,2,0,0.0,2.0,4.0,15.0,B01
201300010364,0,2,0,0.0,2.0,1.0,17.0,A01
201300010364,0,10,0,0.0,2.0,3.0,15.0,B01
201300010365,0,1,0,0.0,2.0,4.0,1.0,B01
201300010365,0,1,0,0.0,2.0,4.0,1.0,C01
201300010365,0,33,0,16.0,2.0,1.0,1.0,A01
201300010366,0,7,0,0.0,1.0,0.0,1.0,A01
201300010367,0,2,0,0.0,2.0,1.0,1.0,B01
201300010367,0,10,0,0.0,2.0,1.0,5.0,A01
201300010368,0,7,0,0.0,2.0,1.0,0.0,A01
201300010368,0,32,0,0.0,2.0,1.0,0.0,B01
201300010369,0,34,0,0.0,1.0,1.0,1.0,A01
201300010370,0,7,0,0.0,2.0,2.0,1.0,A01
201300010370,0,34,0,0.0,2.0,1.0,1.0,B01
201300010371,0,7,0,6.0,2.0,1.0,1.0,A01
201300010372,0,7,0,0.0,2.0,1.0,1.0,A01
201300010373,0,30,0,0.0,2.0,1.0,16.0,A01
201300010373,0,13,0,0.0,2.0,1.0,23.0,B01
201300010374,0,7,0,0.0,2.0,0.0,6.0,A01
201300010374,0,32,0,0.0,0.0,0.0,1.0,B01
201300010375,0,30,0,0.0,2.0,1.0,9.0,B01
201300010375,0,7,0,0.0,2.0,1.0,0.0,A01
201300010376,0,7,0,0.0,1.0,1.0,1.0,A01
201300010377,0,7,0,0.0,2.0,1.0,1.0,B01
201300010377,0,30,0,0.0,2.0,1.0,1.0,A01
201300010378,0,30,0,0.0,2.0,4.0,0.0,B01
201300010378,0,7,0,0.0,2.0,1.0,1.0,A01
201300010379,0,7,0,0.0,2.0,3.0,0.0,A01
201300010379,0,1,0,0.0,2.0,1.0,3.0,B01
201300010380,0,7,0,0.0,2.0,6.0,0.0,A01
201300010380,0,30,0,0.0,2.0,1.0,1.0,B01
201300010381,0,7,0,0.0,2.0,1.0,1.0,A01
201300010381,0,1,0,0.0,2.0,8.0,1.0,B01
201300010382,0,7,0,0.0,2.0,1.0,1.0,B01
201300010382,0,7,0,0.0,2.0,1.0,15.0,A01
201300010383,0,31,0,0.0,2.0,1.0,1.0,B01
201300010383,0,7,0,0.0,2.0,1.0,1.0,A01
201300010384,0,33,0,0.0,2.0,1.0,1.0,A01
201300010384,0,7,0,0.0,2.0,4.0,1.0,B01
201300010385,0,30,0,0.0,2.0,1.0,7.0,A01
201300010385,0,3,0,0.0,2.0,3.0,1.0,B01
201300010386,0,30,0,0.0,2.0,1.0,1.0,B01
201300010386,0,7,0,0.0,2.0,1.0,1.0,A01
201300010387,0,7,0,0.0,1.0,2.0,1.0,A01
201300010388,0,7,0,0.0,2.0,4.0,1.0,B01
201300010388,0,7,0,0.0,2.0,1.0,1.0,A01
201300010389,0,32,0,0.0,2.0,4.0,1.0,B01
201300010389,0,7,0,0.0,2.0,4.0,1.0,C01
201300010389,0,7,0,0.0,2.0,1.0,1.0,A01
201300010390,0,30,0,0.0,2.0,1.0,1.0,B01
201300010390,0,7,0,0.0,2.0,1.0,1.0,A01
201300010391,0,7,0,0.0,2.0,3.0,1.0,B01
201300010391,0,31,0,0.0,2.0,1.0,0.0,A01
201300010392,0,32,0,0.0,1.0,1.0,1.0,A01
201300010393,0,7,0,0.0,1.0,3.0,1.0,A01
201300010394,0,7,0,0.0,2.0,8.0,1.0,B01
201300010394,0,7,0,0.0,2.0,2.0,1.0,A01
201300010394,0,31,0,0.0,2.0,1.0,1.0,C01
201300010395,0,1,0,0.0,2.0,1.0,1.0,B01
201300010395,0,7,0,0.0,2.0,1.0,0.0,A01
201300010396,0,31,0,0.0,2.0,1.0,0.0,B01
201300010396,0,7,0,0.0,2.0,3.0,15.0,A01
201300010397,0,30,0,0.0,2.0,1.0,1.0,B01
201300010397,0,7,0,0.0,2.0,1.0,14.0,A01
201300010398,0,33,0,0.0,2.0,8.0,18.0,B01
201300010398,0,7,0,0.0,2.0,5.0,22.0,A01
201300010399,0,32,0,0.0,2.0,1.0,2.0,A01
201300010399,0,10,0,0.0,2.0,4.0,2.0,B01
201300010400,0,30,0,0.0,1.0,1.0,1.0,A01
201300010401,0,32,0,0.0,2.0,1.0,1.0,B01
201300010401,0,2,0,0.0,2.0,3.0,9.0,A01
201300010402,0,7,0,0.0,1.0,1.0,1.0,A01
201300010403,0,7,0,0.0,2.0,4.0,1.0,B01
201300010403,0,7,0,0.0,2.0,1.0,1.0,A01
201300010404,0,7,0,0.0,2.0,1.0,5.0,A01
201300010404,0,7,0,0.0,2.0,1.0,1.0,B01
201300010405,0,34,0,9.0,1.0,1.0,1.0,A01
201300010406,0,30,0,0.0,0.0,0.0,0.0,A01
201300010407,0,30,0,0.0,2.0,7.0,17.0,A01
201300010407,0,7,0,0.0,2.0,8.0,15.0,B01
201300010408,0,7,0,0.0,0.0,1.0,1.0,B01
201300010408,0,7,0,0.0,0.0,1.0,13.0,A01
201300010409,0,33,0,0.0,0.0,0.0,0.0,A01
201300010410,0,30,0,0.0,0.0,1.0,1.0,A01
201300010410,0,7,0,0.0,0.0,1.0,1.0,B01
201300010411,0,7,0,0.0,2.0,0.0,0.0,A01
201300010411,1,10,0,0.0,2.0,3.0,0.0,Z01
201300010412,0,30,0,0.0,0.0,0.0,0.0,A01
201300010413,0,30,0,0.0,1.0,0.0,0.0,A01
201300010414,0,30,0,14.0,2.0,0.0,1.0,A01
201300010415,0,7,0,0.0,2.0,8.0,1.0,B01
201300010415,0,1,0,0.0,2.0,1.0,9.0,A01
201300010416,0,7,0,0.0,0.0,1.0,1.0,B01
201300010416,0,30,0,0.0,0.0,1.0,17.0,A01
201300010417,0,2,0,0.0,2.0,7.0,1.0,B01
201300010417,0,7,0,0.0,2.0,1.0,9.0,A01
201300010418,0,7,0,0.0,2.0,3.0,15.0,A01
201300010418,0,38,1,0.0,2.0,3.0,1.0,B01
201300010419,0,7,0,0.0,2.0,1.0,1.0,A01
201300010419,0,7,0,0.0,0.0,5.0,16.0,B01
201300010420,0,7,0,0.0,0.0,0.0,0.0,A01
201300010421,0,33,0,0.0,2.0,0.0,13.0,A01
201300010421,0,7,0,0.0,2.0,0.0,1.0,B01
201300010422,0,7,0,0.0,2.0,1.0,9.0,A01
201300010422,0,31,0,0.0,2.0,0.0,1.0,B01
201300010423,0,7,0,0.0,0.0,3.0,15.0,A01
201300010423,0,30,0,0.0,0.0,1.0,17.0,B01
201300010424,0,7,0,0.0,2.0,1.0,2.0,A01
201300010424,0,7,0,0.0,0.0,4.0,2.0,B01
201300010425,0,7,0,0.0,1.0,0.0,1.0,A01
201300010426,0,7,0,0.0,1.0,2.0,1.0,A01
201300010427,0,7,0,0.0,1.0,4.0,4.0,A01
201300010428,0,7,0,0.0,2.0,7.0,13.0,A01
201300010428,0,7,0,0.0,2.0,1.0,1.0,B01
201300010429,0,7,0,0.0,0.0,2.0,1.0,A01
201300010430,0,2,0,0.0,0.0,0.0,0.0,A01
201300010431,0,7,0,0.0,2.0,3.0,1.0,C01
201300010431,0,7,0,0.0,0.0,1.0,13.0,A01
201300010431,0,7,0,0.0,0.0,4.0,1.0,B01