Num_Acc,senc,catv,occutc,obs,obsm,choc,manv,num_veh
201300010432,0,7,0,0.0,2.0,0.0,0.0,A01
201300010432,0,1,0,0.0,2.0,0.0,0.0,B01
201300010433,0,7,0,1.0,1.0,2.0,16.0,A01
201300010434,0,32,0,0.0,0.0,1.0,17.0,A01
201300010434,0,7,0,0.0,0.0,2.0,15.0,B01
201300010435,0,33,0,0.0,0.0,1.0,2.0,A01
201300010435,0,7,0,0.0,0.0,4.0,2.0,B01
201300010436,0,7,0,0.0,0.0,1.0,2.0,A01
201300010436,0,7,0,0.0,0.0,4.0,2.0,B01
201300010436,0,7,0,0.0,0.0,4.0,2.0,C01
201300010437,0,7,0,6.0,0.0,2.0,0.0,A01
201300010438,0,7,0,0.0,0.0,1.0,13.0,A01
201300010438,0,7,0,0.0,0.0,1.0,1.0,B01
201300010439,0,10,0,0.0,2.0,1.0,1.0,A01
201300010439,0,33,0,0.0,0.0,0.0,0.0,B01
201300010440,0,30,0,14.0,0.0,1.0,21.0,A01
201300010440,0,7,0,0.0,0.0,6.0,23.0,C01
201300010440,0,7,0,0.0,2.0,3.0,13.0,B01
201300010441,0,30,0,0.0,0.0,0.0,0.0,A01
201300010442,0,10,0,0.0,2.0,3.0,9.0,A01
201300010442,0,33,0,0.0,2.0,1.0,1.0,B01
201300010443,0,7,0,0.0,1.0,4.0,4.0,A01
201300010444,0,30,0,0.0,0.0,0.0,14.0,A01
201300010445,0,33,0,0.0,2.0,2.0,17.0,A01
201300010445,0,7,0,0.0,2.0,2.0,15.0,B01
201300010446,0,7,0,0.0,0.0,1.0,1.0,C01
201300010446,0,7,0,0.0,0.0,1.0,2.0,A01
201300010446,0,7,0,0.0,0.0,4.0,2.0,B01
201300010447,2,7,0,1.0,2.0,2.0,14.0,A01
201300010447,0,7,0,0.0,2.0,6.0,1.0,C01
201300010448,0,30,0,0.0,0.0,1.0,1.0,B01
201300010448,0,7,0,0.0,0.0,3.0,15.0,A01
201300010449,0,31,0,0.0,0.0,0.0,0.0,A01
201300010450,0,7,0,0.0,0.0,4.0,2.0,B01
201300010450,0,7,0,0.0,2.0,1.0,2.0,A01
201300010451,0,7,0,0.0,2.0,7.0,15.0,A01
201300010451,0,31,0,0.0,2.0,1.0,1.0,B01
201300010452,0,7,0,0.0,0.0,1.0,1.0,A01
201300010453,0,7,0,0.0,0.0,6.0,2.0,B01
201300010453,0,7,0,0.0,2.0,2.0,2.0,A01
201300010454,0,7,0,0.0,0.0,1.0,1.0,A01
201300010454,0,7,0,0.0,0.0,1.0,16.0,B01
201300010455,0,32,0,0.0,0.0,1.0,1.0,B01
201300010455,1,7,0,0.0,0.0,1.0,5.0,Z01
201300010456,0,2,0,0.0,2.0,2.0,1.0,B01
201300010456,0,7,0,0.0,2.0,8.0,20.0,A01
201300010457,0,7,0,0.0,2.0,8.0,1.0,B01
201300010457,1,13,0,0.0,0.0,8.0,13.0,Z01
201300010458,0,7,0,0.0,0.0,1.0,17.0,A01
201300010458,0,7,0,0.0,0.0,1.0,1.0,B01
201300010459,0,7,0,0.0,1.0,0.0,4.0,A01
201300010460,0,33,0,0.0,2.0,0.0,1.0,B01
201300010460,0,7,0,0.0,2.0,5.0,15.0,A01
201300010461,0,7,0,0.0,0.0,6.0,15.0,A01
201300010461,0,30,0,0.0,0.0,1.0,1.0,B01
201300010462,0,7,0,0.0,0.0,3.0,1.0,B01
201300010462,0,30,0,0.0,0.0,3.0,13.0,A01
201300010463,0,7,0,0.0,2.0,2.0,9.0,A01
201300010463,0,1,0,0.0,2.0,3.0,1.0,B01
201300010464,0,10,0,0.0,1.0,4.0,20.0,A01
201300010465,0,10,0,0.0,2.0,1.0,2.0,A01
201300010465,0,7,0,0.0,2.0,4.0,2.0,B01
201300010465,0,10,0,0.0,0.0,4.0,2.0,C01
201300010466,0,7,0,0.0,0.0,1.0,14.0,A01
201300010467,0,30,0,0.0,0.0,0.0,0.0,A01
201300010468,0,10,0,0.0,2.0,8.0,15.0,B01
201300010468,0,34,0,7.0,2.0,2.0,17.0,A01
201300010469,0,7,0,8.0,0.0,2.0,14.0,A01
201300010470,0,7,0,0.0,2.0,2.0,9.0,A01
201300010470,0,7,0,6.0,2.0,7.0,1.0,B01
201300010471,0,7,0,0.0,2.0,1.0,2.0,A01
201300010471,0,7,0,0.0,0.0,4.0,2.0,B01
201300010472,0,10,0,6.0,0.0,0.0,0.0,A01
201300010473,0,7,0,0.0,0.0,1.0,2.0,A01
201300010473,0,7,0,0.0,0.0,4.0,2.0,B01
201300010474,0,7,0,3.0,2.0,8.0,0.0,B01
201300010474,0,7,0,0.0,2.0,8.0,13.0,A01
201300010475,0,30,0,0.0,0.0,1.0,2.0,A01
201300010475,0,7,0,0.0,0.0,4.0,1.0,B01
201300010476,0,30,0,0.0,0.0,0.0,0.0,A01
201300010477,0,30,0,0.0,0.0,1.0,14.0,A01
201300010478,0,7,0,0.0,0.0,1.0,2.0,A01
201300010478,0,7,0,0.0,0.0,4.0,1.0,B01
201300010479,0,7,0,0.0,2.0,3.0,13.0,A01
201300010479,0,30,0,0.0,2.0,1.0,1.0,B01
201300010480,0,32,0,0.0,2.0,3.0,13.0,B01
201300010480,0,7,0,0.0,2.0,3.0,17.0,A01
201300010481,0,33,0,0.0,0.0,1.0,2.0,A01
201300010481,0,7,0,0.0,0.0,4.0,1.0,B01
201300010482,0,30,0,0.0,2.0,1.0,17.0,A01
201300010482,0,7,0,0.0,0.0,5.0,15.0,B01
201300010483,0,7,0,0.0,1.0,2.0,1.0,A01
201300010484,0,3,0,0.0,0.0,0.0,0.0,A01
201300010485,1,31,0,0.0,0.0,0.0,17.0,A01
201300010485,0,30,0,0.0,0.0,8.0,15.0,B01
201300010486,0,7,0,0.0,2.0,7.0,15.0,A01
201300010486,0,31,0,0.0,2.0,1.0,1.0,B01
201300010487,0,33,0,0.0,0.0,0.0,0.0,A01
201300010488,0,7,0,0.0,0.0,0.0,0.0,A01
201300010489,0,30,0,0.0,0.0,0.0,0.0,A01
201300010490,0,7,0,0.0,1.0,5.0,1.0,A01
201300010491,0,2,0,0.0,2.0,0.0,5.0,A01
201300010491,0,7,0,0.0,2.0,0.0,0.0,B01
201300010492,0,7,0,0.0,1.0,2.0,15.0,A01
201300010493,0,7,0,0.0,2.0,6.0,0.0,A01
201300010493,0,34,0,0.0,2.0,1.0,21.0,B01
201300010494,0,7,0,0.0,2.0,1.0,1.0,A01
201300010494,0,7,0,0.0,2.0,4.0,23.0,B01
201300010494,0,7,0,0.0,0.0,4.0,23.0,C01
201300010495,0,33,0,0.0,2.0,1.0,1.0,B01
201300010495,0,7,0,0.0,2.0,3.0,9.0,A01
201300010496,0,31,0,0.0,2.0,1.0,1.0,A01
201300010496,0,7,0,0.0,2.0,6.0,15.0,B01
201300010497,0,7,0,6.0,0.0,0.0,0.0,A01
201300010498,0,14,0,0.0,2.0,7.0,16.0,A01
201300010498,0,7,0,0.0,2.0,8.0,18.0,B01
201300010499,0,34,0,0.0,2.0,2.0,17.0,A01
201300010499,0,7,0,0.0,2.0,3.0,15.0,B01
201300010500,0,7,0,0.0,2.0,1.0,2.0,A01
201300010500,0,7,0,0.0,0.0,4.0,2.0,B01
201300010501,0,33,0,0.0,0.0,0.0,0.0,A01
201300010502,0,10,0,0.0,2.0,1.0,9.0,A01
201300010502,0,30,0,0.0,2.0,1.0,1.0,B01
201300010503,0,7,0,6.0,0.0,8.0,0.0,A01
201300010504,0,7,0,1.0,0.0,1.0,13.0,A01
201300010505,0,30,0,0.0,2.0,1.0,0.0,A01
201300010505,0,7,0,0.0,0.0,6.0,15.0,B01
201300010506,0,10,0,0.0,2.0,1.0,2.0,A01
201300010506,0,7,0,0.0,0.0,4.0,2.0,B01
201300010507,0,33,0,0.0,2.0,1.0,1.0,A01
201300010507,0,7,0,0.0,2.0,8.0,15.0,B01
201300010508,0,30,0,0.0,2.0,1.0,2.0,A01
201300010508,0,7,0,0.0,0.0,4.0,2.0,B01
201300010509,0,31,0,0.0,2.0,8.0,1.0,A01
201300010509,1,10,0,0.0,2.0,3.0,13.0,Z01
201300010510,0,7,0,13.0,0.0,2.0,14.0,A01
201300010511,0,7,0,13.0,0.0,2.0,14.0,A01
201300010512,0,7,0,0.0,2.0,3.0,15.0,A01
201300010512,0,33,0,0.0,2.0,1.0,17.0,B01
201300010513,0,7,0,0.0,2.0,8.0,15.0,B01
201300010513,0,32,0,0.0,2.0,1.0,17.0,A01
201300010514,0,7,0,0.0,2.0,1.0,2.0,A01
201300010514,0,7,0,0.0,2.0,4.0,2.0,B01
201300010515,2,99,0,0.0,2.0,1.0,13.0,A01
201300010515,0,7,0,0.0,2.0,1.0,1.0,B01
201300010516,0,7,0,0.0,1.0,0.0,0.0,A01
201300010517,0,7,0,1.0,2.0,3.0,13.0,A01
201300010517,0,7,0,0.0,2.0,3.0,1.0,B01
201300010518,1,10,0,0.0,2.0,0.0,15.0,Z01
201300010518,0,30,0,0.0,2.0,1.0,1.0,A01
201300010519,0,7,0,0.0,2.0,1.0,1.0,A01
201300010519,0,7,0,0.0,2.0,4.0,23.0,B01
201300010520,0,30,0,0.0,2.0,1.0,13.0,A01
201300010520,0,7,0,0.0,2.0,1.0,1.0,B01
201300010521,0,10,0,0.0,2.0,8.0,15.0,B01
201300010521,0,30,0,0.0,2.0,1.0,17.0,A01
201300010522,0,30,0,0.0,2.0,1.0,18.0,A01
201300010522,0,7,0,0.0,2.0,7.0,14.0,B01
201300010523,1,2,0,11.0,1.0,0.0,10.0,Z01
201300010524,0,30,0,0.0,0.0,0.0,21.0,A01
201300010525,0,7,0,0.0,2.0,1.0,1.0,A01
201300010525,0,7,0,0.0,2.0,4.0,16.0,B01
201300010526,0,7,0,0.0,1.0,1.0,1.0,A01
201300010527,0,33,0,0.0,2.0,1.0,1.0,A01
201300010527,0,7,0,0.0,2.0,5.0,15.0,B01
201300010528,0,7,0,0.0,2.0,3.0,1.0,B01
201300010528,0,7,0,11.0,2.0,6.0,11.0,A01
201300010529,1,7,0,0.0,2.0,1.0,2.0,Z01
201300010529,0,3,0,0.0,0.0,5.0,2.0,A01
201300010530,0,7,0,6.0,0.0,2.0,14.0,A01
201300010531,1,33,0,0.0,1.0,0.0,0.0,Z01
201300010532,0,32,0,0.0,0.0,0.0,0.0,A01
201300010533,0,7,0,0.0,2.0,0.0,0.0,A01
201300010533,0,31,0,0.0,2.0,0.0,17.0,B01
201300010534,0,7,0,0.0,0.0,4.0,23.0,C01
201300010534,0,7,0,0.0,2.0,1.0,1.0,A01
201300010534,0,7,0,0.0,2.0,4.0,23.0,B01
201300010535,0,33,0,0.0,0.0,0.0,0.0,A01
201300010536,0,30,0,0.0,0.0,0.0,0.0,A01
201300010537,0,7,0,0.0,1.0,1.0,1.0,A01
201300010538,0,7,0,0.0,9.0,1.0,1.0,A01
201300010539,0,7,0,8.0,0.0,1.0,21.0,A01
201300010540,0,30,0,0.0,0.0,0.0,0.0,A01
201300010541,0,7,0,0.0,2.0,4.0,23.0,C01
201300010541,0,7,0,0.0,2.0,1.0,1.0,A01
201300010541,0,7,0,0.0,2.0,4.0,23.0,B01
201300010542,0,33,0,0.0,2.0,1.0,17.0,A01
201300010542,0,7,0,0.0,2.0,1.0,1.0,C01
201300010542,0,7,0,0.0,2.0,3.0,10.0,B01
201300010543,0,7,0,0.0,0.0,4.0,2.0,C01
201300010543,0,7,0,0.0,2.0,4.0,2.0,B01
201300010543,0,7,0,0.0,2.0,1.0,2.0,A01
201300010544,0,7,0,0.0,2.0,1.0,2.0,A01
201300010544,0,7,0,0.0,0.0,4.0,2.0,C01
201300010544,0,7,0,0.0,2.0,4.0,2.0,B01
201300010545,0,2,0,0.0,0.0,0.0,0.0,A01
201300010546,0,7,0,0.0,2.0,1.0,1.0,A01
201300010546,0,7,0,0.0,2.0,4.0,23.0,B01
201300010546,1,7,0,0.0,2.0,4.0,23.0,Z01
201300010547,0,10,0,0.0,2.0,3.0,15.0,A01
201300010547,0,32,0,0.0,2.0,2.0,1.0,B01
201300010548,0,33,0,0.0,2.0,1.0,17.0,A01
201300010548,0,7,0,0.0,2.0,8.0,15.0,B01
201300010549,0,7,0,0.0,0.0,5.0,15.0,B01
201300010549,0,30,0,0.0,2.0,1.0,2.0,A01
201300010550,0,2,0,0.0,0.0,0.0,0.0,A01
201300010551,0,7,0,0.0,2.0,4.0,15.0,B01
201300010551,0,30,0,0.0,2.0,1.0,1.0,A01
201300010552,0,7,0,0.0,2.0,8.0,23.0,C01
201300010552,0,7,0,0.0,2.0,1.0,9.0,A01
201300010552,0,33,0,0.0,2.0,8.0,1.0,B01
201300010553,0,7,0,0.0,2.0,3.0,1.0,B01
201300010553,0,7,0,8.0,2.0,3.0,13.0,A01
201300010554,0,33,0,0.0,2.0,1.0,1.0,B01
201300010554,0,2,0,0.0,2.0,1.0,5.0,A01
201300010555,0,30,0,0.0,0.0,0.0,0.0,A01
201300010556,0,30,0,0.0,2.0,1.0,19.0,A01
201300010556,0,7,0,0.0,2.0,1.0,1.0,B01
201300010557,0,30,0,0.0,1.0,2.0,0.0,A01
201300010558,0,32,0,0.0,2.0,1.0,1.0,A01
201300010558,0,30,0,0.0,0.0,0.0,19.0,C01
201300010558,0,10,0,0.0,0.0,4.0,23.0,B01
201300010559,0,31,0,0.0,0.0,0.0,0.0,A01
201300010560,0,33,0,0.0,2.0,4.0,1.0,B01
201300010560,1,10,0,0.0,2.0,1.0,1.0,Z01
201300010561,0,32,0,0.0,1.0,0.0,0.0,A01
201300010562,0,7,0,0.0,2.0,2.0,1.0,B01
201300010562,0,10,0,0.0,2.0,8.0,9.0,A01
201300010563,0,31,0,0.0,0.0,0.0,0.0,A01
201300010564,0,7,0,0.0,2.0,1.0,1.0,A01
201300010564,0,7,0,0.0,2.0,4.0,23.0,B01
201300010565,0,30,0,0.0,2.0,8.0,23.0,A01
201300010565,0,10,0,0.0,2.0,5.0,21.0,B01
201300010566,0,30,0,0.0,0.0,0.0,0.0,A01
201300010567,0,10,0,0.0,1.0,4.0,4.0,A01
201300010568,1,7,0,0.0,0.0,4.0,23.0,Z01
201300010568,0,33,0,0.0,2.0,1.0,1.0,A01
201300010569,0,7,0,0.0,2.0,1.0,1.0,B01
201300010569,0,30,0,0.0,2.0,1.0,17.0,A01
201300010570,0,31,0,0.0,2.0,1.0,1.0,A01
201300010570,0,7,0,0.0,2.0,4.0,1.0,B01
201300010571,0,7,0,0.0,0.0,4.0,2.0,B01
201300010571,0,1,0,0.0,2.0,1.0,2.0,A01
201300010572,0,7,0,0.0,2.0,1.0,1.0,A01
201300010572,0,7,0,0.0,2.0,4.0,23.0,B01
201300010573,0,30,0,0.0,0.0,0.0,0.0,A01
201300010574,0,7,0,0.0,1.0,2.0,1.0,A01
201300010575,0,7,0,6.0,0.0,0.0,0.0,A01
201300010576,0,7,0,0.0,2.0,8.0,10.0,A01
201300010576,0,2,0,0.0,2.0,1.0,17.0,B01
201300010577,0,7,0,0.0,2.0,7.0,21.0,B01
201300010577,0,7,0,0.0,2.0,6.0,4.0,A01
201300010578,0,1,0,0.0,0.0,0.0,0.0,A01
201300010579,0,7,0,0.0,2.0,4.0,23.0,B01
201300010579,0,7,0,0.0,2.0,1.0,2.0,A01
201300010579,0,7,0,0.0,2.0,8.0,1.0,C01
201300010580,0,7,0,0.0,2.0,3.0,15.0,B01
201300010580,0,30,0,0.0,2.0,1.0,17.0,A01
201300010581,0,30,0,0.0,1.0,1.0,17.0,A01
201300010582,0,1,0,0.0,0.0,0.0,0.0,A01
201300010583,0,7,0,12.0,0.0,2.0,0.0,A01
201300010584,0,7,0,0.0,2.0,1.0,15.0,A01
201300010584,0,1,0,0.0,2.0,1.0,1.0,B01
201300010585,0,2,0,0.0,2.0,8.0,1.0,B01
201300010585,0,7,0,0.0,2.0,7.0,16.0,A01
201300010586,0,2,0,0.0,0.0,0.0,0.0,A01
201300010587,0,7,0,0.0,2.0,4.0,4.0,A01
201300010587,0,7,0,0.0,2.0,7.0,1.0,B01
201300010588,0,7,0,0.0,2.0,0.0,9.0,A01
201300010588,0,34,0,0.0,2.0,0.0,1.0,B01
201300010589,0,7,0,0.0,2.0,8.0,15.0,A01
201300010589,0,7,0,0.0,2.0,1.0,1.0,B01
201300010590,0,7,0,0.0,1.0,4.0,4.0,A01
201300010591,0,7,0,0.0,2.0,0.0,9.0,A01
201300010591,0,32,0,0.0,2.0,1.0,1.0,B01
201300010592,0,30,0,0.0,2.0,1.0,17.0,B01
201300010592,0,10,0,0.0,2.0,8.0,15.0,A01
201300010593,0,7,0,0.0,2.0,7.0,9.0,A01
201300010593,0,30,0,0.0,2.0,1.0,1.0,B01
201300010594,0,7,0,0.0,0.0,4.0,2.0,B01
201300010594,0,7,0,0.0,2.0,1.0,2.0,A01
201300010595,0,7,0,0.0,2.0,8.0,15.0,B01
201300010595,0,2,0,0.0,2.0,1.0,17.0,A01
201300010596,0,30,0,0.0,0.0,0.0,0.0,A01
201300010597,0,7,0,0.0,2.0,1.0,1.0,B01
201300010597,0,7,0,0.0,2.0,1.0,13.0,A01
201300010598,0,10,0,8.0,0.0,1.0,0.0,A01
201300010599,0,7,0,0.0,2.0,1.0,1.0,B01
201300010599,0,7,0,0.0,2.0,1.0,14.0,A01
201300010600,0,7,0,0.0,0.0,0.0,0.0,A01
201300010601,0,7,0,13.0,0.0,0.0,0.0,A01
201300010602,0,10,0,0.0,1.0,1.0,0.0,A01
201300010603,0,30,0,0.0,0.0,0.0,0.0,A01
201300010604,0,7,0,0.0,2.0,1.0,1.0,B01
201300010604,0,10,0,0.0,2.0,1.0,13.0,A01
201300010605,0,7,0,8.0,0.0,1.0,0.0,A01
201300010606,0,33,0,0.0,2.0,1.0,1.0,B01
201300010606,0,7,0,0.0,2.0,8.0,9.0,A01
201300010607,0,2,0,0.0,2.0,1.0,1.0,A01
201300010607,0,7,0,0.0,2.0,4.0,1.0,B01
201300010608,0,7,0,0.0,1.0,1.0,1.0,A01
201300010609,0,7,0,0.0,2.0,4.0,2.0,B01
201300010609,0,7,0,0.0,2.0,1.0,2.0,A01
201300010609,0,7,0,0.0,0.0,4.0,2.0,C01
201300010610,0,7,0,0.0,2.0,2.0,15.0,A01
201300010610,0,30,0,0.0,2.0,1.0,1.0,B01
201300010611,0,7,0,8.0,0.0,0.0,0.0,A01
201300010612,0,7,0,0.0,2.0,1.0,2.0,A01
201300010612,0,7,0,0.0,0.0,4.0,2.0,C01
201300010612,0,7,0,0.0,2.0,4.0,2.0,B01
201300010613,0,7,0,0.0,1.0,3.0,1.0,A01
201300010614,0,33,0,0.0,2.0,1.0,1.0,A01
201300010614,0,7,0,0.0,2.0,6.0,1.0,B01
201300010615,0,33,0,0.0,2.0,1.0,1.0,B01
201300010615,0,7,0,0.0,2.0,7.0,15.0,A01
201300010616,0,7,0,0.0,2.0,8.0,9.0,B01
201300010616,0,33,0,0.0,2.0,1.0,17.0,A01
201300010617,0,7,0,0.0,2.0,4.0,23.0,B01
201300010617,0,30,0,0.0,2.0,1.0,1.0,A01
201300010618,0,30,0,0.0,2.0,1.0,2.0,A01
201300010618,0,2,0,0.0,0.0,4.0,2.0,B01
201300010619,0,7,0,0.0,1.0,1.0,1.0,A01
201300010620,0,7,0,0.0,0.0,4.0,2.0,B01
201300010620,0,7,0,0.0,2.0,1.0,2.0,A01
201300010621,0,14,0,0.0,2.0,3.0,1.0,B01
201300010621,0,7,0,0.0,2.0,3.0,17.0,A01
201300010621,0,7,0,0.0,2.0,3.0,1.0,C01
201300010622,0,7,0,0.0,0.0,4.0,2.0,B01
201300010622,0,7,0,0.0,2.0,1.0,2.0,A01
201300010623,0,31,0,0.0,2.0,3.0,0.0,A01
201300010623,0,32,0,0.0,2.0,3.0,0.0,B01
201300010624,1,7,0,0.0,1.0,0.0,0.0,Z01
201300010625,0,7,0,0.0,2.0,3.0,1.0,C01
201300010625,0,10,0,0.0,2.0,3.0,13.0,A01
201300010625,0,7,0,0.0,2.0,3.0,1.0,B01
201300010626,0,2,0,0.0,0.0,0.0,0.0,A01
201300010627,0,7,0,0.0,2.0,4.0,23.0,B01
201300010627,0,7,0,0.0,2.0,1.0,1.0,A01
201300010628,0,7,0,0.0,1.0,3.0,1.0,A01
201300010629,0,7,0,0.0,2.0,8.0,0.0,A01
201300010629,0,1,0,0.0,2.0,7.0,17.0,B01
201300010630,0,7,0,0.0,0.0,0.0,0.0,A01
201300010631,0,7,0,8.0,0.0,0.0,0.0,A01
201300010632,0,7,0,8.0,0.0,0.0,0.0,A01
201300010633,0,7,0,13.0,0.0,2.0,14.0,A01
201300010634,0,33,0,0.0,2.0,1.0,1.0,B01
201300010634,0,10,0,0.0,2.0,7.0,15.0,A01
201300010635,0,7,0,0.0,1.0,3.0,1.0,A01
201300010636,0,7,0,0.0,2.0,6.0,1.0,B01
201300010636,0,7,0,0.0,2.0,8.0,1.0,C01
201300010636,1,10,0,0.0,2.0,3.0,13.0,Z01
201300010636,0,7,0,0.0,2.0,1.0,1.0,D01
201300010637,0,7,0,15.0,0.0,2.0,0.0,A01
201300010638,0,30,0,6.0,0.0,1.0,0.0,A01
201300010639,0,7,0,0.0,2.0,8.0,1.0,C01
201300010639,0,10,0,0.0,2.0,3.0,1.0,B01
201300010639,0,7,0,0.0,2.0,3.0,13.0,A01
201300010640,0,7,0,6.0,0.0,1.0,13.0,A01
201300010641,0,7,0,0.0,2.0,3.0,13.0,A01
201300010641,0,7,0,0.0,2.0,6.0,1.0,B01
201300010642,0,30,0,0.0,2.0,2.0,17.0,A01
201300010642,0,7,0,0.0,2.0,8.0,15.0,B01
201300010643,0,32,0,0.0,1.0,1.0,1.0,A01
201300010644,0,7,0,0.0,2.0,3.0,15.0,A01
201300010644,0,1,0,0.0,0.0,7.0,17.0,B01
201300010645,0,7,0,0.0,2.0,7.0,15.0,A01
201300010645,0,7,0,0.0,2.0,2.0,1.0,B01
201300010646,0,10,0,0.0,0.0,8.0,24.0,A01
201300010646,0,33,0,14.0,0.0,2.0,17.0,B01
201300010647,0,7,0,0.0,2.0,7.0,15.0,A01
201300010647,0,33,0,0.0,2.0,1.0,1.0,B01
201300010648,0,7,0,0.0,1.0,7.0,1.0,A01
201300010649,0,10,0,0.0,2.0,1.0,2.0,A01
201300010649,0,33,0,0.0,0.0,4.0,23.0,B01
201300010650,0,7,0,0.0,0.0,8.0,17.0,B01
201300010650,0,33,0,0.0,2.0,1.0,17.0,A01
201300010651,0,7,0,0.0,1.0,4.0,4.0,A01
201300010652,0,7,0,0.0,1.0,4.0,4.0,A01
201300010653,0,33,0,6.0,0.0,2.0,21.0,B01
201300010653,0,7,0,0.0,0.0,0.0,15.0,A01
201300010654,0,7,0,1.0,0.0,2.0,1.0,A01
201300010655,0,7,0,3.0,2.0,3.0,1.0,B01
201300010655,0,7,0,0.0,2.0,3.0,13.0,A01
201300010656,0,32,0,0.0,2.0,1.0,1.0,B01
201300010656,0,30,0,0.0,0.0,7.0,13.0,A01
201300010657,0,7,0,0.0,2.0,3.0,1.0,A01
201300010657,0,32,0,0.0,2.0,2.0,1.0,B01
201300010658,0,33,0,0.0,2.0,7.0,2.0,B01
201300010658,0,7,0,0.0,2.0,8.0,15.0,A01
201300010659,0,17,0,0.0,1.0,5.0,1.0,A01
201300010660,0,30,0,12.0,0.0,2.0,1.0,A01
201300010661,0,7,0,0.0,1.0,8.0,1.0,A01
201300010662,0,7,0,0.0,0.0,1.0,9.0,A01
201300010662,0,33,0,0.0,2.0,1.0,1.0,B01
201300010663,0,32,0,0.0,0.0,8.0,1.0,A01
201300010663,1,7,0,0.0,2.0,7.0,17.0,Z01
201300010664,0,7,0,0.0,0.0,3.0,15.0,A01
201300010664,0,33,0,0.0,2.0,7.0,17.0,B01
201300010665,0,30,0,0.0,0.0,0.0,1.0,A01
201300010665,1,7,0,0.0,0.0,7.0,15.0,Z01
201300010666,0,7,0,0.0,1.0,5.0,4.0,A01
201300010667,0,2,0,0.0,1.0,1.0,17.0,A01
201300010668,0,7,0,0.0,2.0,1.0,1.0,B01
201300010668,0,32,0,0.0,0.0,8.0,20.0,A01
201300010669,0,7,0,1.0,0.0,7.0,14.0,A01
201300010670,0,7,0,0.0,0.0,3.0,10.0,A01
201300010670,0,33,0,6.0,2.0,1.0,21.0,B01
201300010671,0,1,0,0.0,1.0,1.0,1.0,A01
201300010672,0,7,0,0.0,2.0,8.0,15.0,A01
201300010672,2,34,0,1.0,2.0,2.0,17.0,Z01
201300010673,0,3,0,0.0,0.0,3.0,15.0,B01
201300010673,0,31,0,0.0,2.0,1.0,17.0,A01
201300010673,0,33,0,0.0,0.0,1.0,0.0,C01
201300010674,0,32,0,0.0,2.0,1.0,1.0,B01
201300010674,0,7,0,0.0,0.0,1.0,15.0,A01
201300010675,0,33,0,0.0,2.0,8.0,1.0,B01
201300010675,0,10,0,0.0,2.0,3.0,15.0,A01
201300010676,0,7,0,0.0,1.0,1.0,1.0,A01
201300010677,0,7,0,6.0,2.0,2.0,14.0,A01
201300010677,0,7,0,0.0,0.0,1.0,1.0,B01
201300010678,0,7,0,0.0,1.0,7.0,14.0,A01
201300010679,0,7,0,0.0,0.0,0.0,23.0,A01
201300010679,0,33,0,0.0,2.0,1.0,17.0,B01
201300010680,0,7,0,0.0,1.0,3.0,1.0,A01
201300010681,0,3,0,6.0,2.0,2.0,1.0,A01
201300010681,0,34,0,0.0,2.0,7.0,17.0,B01
201300010681,0,10,0,0.0,2.0,3.0,1.0,C01
201300010681,0,10,0,0.0,2.0,8.0,1.0,D01
201300010682,0,33,0,12.0,0.0,7.0,1.0,A01
201300010683,0,7,0,0.0,2.0,2.0,19.0,A01
201300010683,0,2,0,0.0,2.0,1.0,1.0,B01
201300010683,0,7,0,0.0,2.0,3.0,23.0,C01
201300010684,0,7,0,0.0,1.0,1.0,1.0,A01
201300010685,0,7,0,0.0,0.0,1.0,13.0,A01
201300010685,0,7,0,0.0,2.0,1.0,1.0,B01
201300010686,0,7,0,0.0,0.0,1.0,1.0,A01
201300010686,0,32,0,0.0,0.0,1.0,1.0,B01
201300010687,0,34,0,0.0,2.0,7.0,1.0,B01
201300010687,0,7,0,0.0,2.0,8.0,15.0,A01
201300010688,0,2,0,0.0,0.0,4.0,1.0,B01
201300010688,0,7,0,0.0,2.0,1.0,2.0,A01
201300010689,0,7,0,0.0,0.0,8.0,15.0,A01
201300010689,0,1,0,0.0,2.0,1.0,1.0,B01
201300010690,0,32,0,0.0,2.0,1.0,1.0,A01
201300010690,0,2,0,0.0,2.0,1.0,15.0,B01
201300010691,0,33,0,0.0,2.0,1.0,1.0,B01
201300010691,0,7,0,0.0,0.0,3.0,15.0,A01
201300010692,0,7,0,0.0,1.0,3.0,15.0,A01
201300010693,0,33,0,8.0,0.0,2.0,1.0,A01
201300010694,0,2,0,0.0,0.0,1.0,1.0,A01
201300010695,0,7,0,0.0,2.0,3.0,20.0,A01
201300010695,0,32,0,0.0,2.0,1.0,17.0,B01
201300010696,0,7,0,0.0,0.0,2.0,1.0,A01
201300010696,0,32,0,0.0,2.0,1.0,1.0,B01
201300010697,0,32,0,10.0,0.0,1.0,1.0,A01
201300010698,0,2,0,0.0,2.0,1.0,1.0,A01
201300010698,0,2,0,0.0,2.0,1.0,1.0,B01
201300010699,0,7,0,1.0,2.0,3.0,13.0,A01
201300010699,0,34,0,0.0,2.0,1.0,21.0,B01
201300010699,0,7,0,0.0,0.0,8.0,0.0,C01
201300010700,0,33,0,0.0,2.0,3.0,13.0,A01
201300010700,0,7,0,0.0,2.0,3.0,1.0,B01
201300010701,0,32,0,10.0,0.0,3.0,1.0,A01