Num_Acc,senc,catv,occutc,obs,obsm,choc,manv,num_veh
201300010702,0,7,0,13.0,0.0,1.0,14.0,A01
201300010703,0,7,0,0.0,2.0,3.0,13.0,A01
201300010703,0,32,0,0.0,2.0,1.0,1.0,B01
201300010704,0,7,0,0.0,0.0,3.0,1.0,B01
201300010704,0,33,0,0.0,2.0,1.0,1.0,A01
201300010705,0,2,0,0.0,2.0,1.0,1.0,B01
201300010705,0,7,0,0.0,2.0,3.0,15.0,A01
201300010706,0,7,0,0.0,1.0,1.0,1.0,A01
201300010707,0,7,0,0.0,1.0,2.0,16.0,A01
201300010708,0,7,0,0.0,2.0,4.0,2.0,B01
201300010708,0,31,0,0.0,2.0,1.0,2.0,A01
201300010709,0,7,0,0.0,2.0,1.0,2.0,A01
201300010709,0,10,0,0.0,2.0,4.0,2.0,C01
201300010709,0,7,0,0.0,2.0,4.0,2.0,B01
201300010710,2,2,0,0.0,2.0,1.0,2.0,A01
201300010710,0,33,0,0.0,2.0,0.0,1.0,B01
201300010711,0,10,0,0.0,2.0,1.0,0.0,A01
201300010711,0,7,0,0.0,2.0,4.0,1.0,B01
201300010712,0,7,0,10.0,2.0,1.0,1.0,B01
201300010712,0,7,0,0.0,2.0,1.0,9.0,A01
201300010712,0,7,0,0.0,2.0,8.0,24.0,D01
201300010712,0,7,0,0.0,2.0,8.0,1.0,C01
201300010713,0,7,0,14.0,2.0,7.0,15.0,A01
201300010713,0,7,0,0.0,2.0,1.0,1.0,B01
201300010714,0,7,0,0.0,1.0,1.0,16.0,A01
201300010715,0,7,0,0.0,2.0,2.0,20.0,A01
201300010715,0,2,0,0.0,2.0,1.0,18.0,B01
201300010716,1,7,0,0.0,2.0,0.0,15.0,Z01
201300010716,0,2,0,1.0,2.0,8.0,1.0,B01
201300010717,0,37,1,0.0,1.0,2.0,1.0,A01
201300010718,0,7,0,0.0,2.0,8.0,15.0,B01
201300010718,0,30,0,0.0,2.0,1.0,17.0,A01
201300010719,0,33,0,0.0,2.0,1.0,1.0,A01
201300010719,0,7,0,0.0,2.0,8.0,1.0,B01
201300010720,0,31,0,0.0,2.0,1.0,1.0,A01
201300010720,0,7,0,0.0,2.0,8.0,23.0,B01
201300010721,0,7,0,0.0,1.0,1.0,1.0,A01
201300010722,0,7,0,0.0,2.0,4.0,11.0,A01
201300010722,0,32,0,0.0,2.0,8.0,1.0,B01
201300010723,0,7,0,0.0,1.0,1.0,1.0,A01
201300010724,0,7,0,1.0,0.0,3.0,1.0,A01
201300010725,0,2,0,0.0,2.0,1.0,1.0,B01
201300010725,0,7,0,0.0,2.0,5.0,16.0,A01
201300010726,0,2,0,0.0,2.0,1.0,1.0,A01
201300010726,0,7,0,0.0,2.0,1.0,1.0,B01
201300010727,0,7,0,0.0,2.0,7.0,1.0,A01
201300010727,0,37,10,0.0,2.0,1.0,1.0,B01
201300010728,0,7,0,0.0,2.0,3.0,1.0,B01
201300010728,0,10,0,0.0,2.0,2.0,15.0,A01
201300010729,0,32,0,0.0,2.0,4.0,1.0,B01
201300010729,0,7,0,0.0,2.0,1.0,1.0,A01
201300010730,0,7,0,0.0,2.0,1.0,1.0,B01
201300010730,1,7,0,0.0,2.0,8.0,9.0,A01
201300010731,0,7,0,0.0,1.0,1.0,1.0,A01
201300010732,0,7,0,0.0,2.0,1.0,1.0,B01
201300010732,0,30,0,0.0,2.0,1.0,5.0,A01
201300010733,0,7,0,0.0,1.0,4.0,4.0,A01
201300010734,0,7,0,0.0,2.0,4.0,1.0,B01
201300010734,0,7,0,0.0,2.0,1.0,1.0,A01
201300010735,0,7,0,0.0,2.0,4.0,2.0,C01
201300010735,0,10,0,14.0,0.0,1.0,1.0,A01
201300010735,0,7,0,14.0,2.0,4.0,2.0,B01
201300010736,0,10,0,0.0,2.0,7.0,16.0,A01
201300010736,0,31,0,0.0,2.0,1.0,1.0,B01
201300010737,0,7,0,0.0,1.0,1.0,1.0,A01
201300010738,0,7,0,0.0,1.0,2.0,1.0,A01
201300010739,0,7,0,0.0,2.0,1.0,1.0,B01
201300010739,0,1,0,0.0,2.0,7.0,19.0,A01
201300010740,0,31,0,10.0,0.0,9.0,1.0,A01
201300010741,0,7,0,0.0,2.0,3.0,15.0,A01
201300010741,0,2,0,0.0,2.0,0.0,1.0,B01
201300010742,0,7,0,0.0,0.0,9.0,14.0,A01
201300010742,0,7,0,0.0,2.0,1.0,1.0,B01
201300010743,0,7,0,0.0,2.0,1.0,2.0,B01
201300010743,0,7,0,0.0,2.0,4.0,2.0,C01
201300010743,0,10,0,0.0,2.0,1.0,2.0,A01
201300010743,0,7,0,0.0,2.0,4.0,1.0,D01
201300010744,0,7,0,0.0,1.0,2.0,1.0,A01
201300010745,0,7,0,0.0,2.0,7.0,1.0,B01
201300010745,0,2,0,0.0,2.0,1.0,1.0,A01
201300010746,0,33,0,0.0,1.0,1.0,1.0,A01
201300010747,0,7,0,0.0,1.0,1.0,1.0,A01
201300010748,0,2,0,0.0,2.0,1.0,1.0,A01
201300010748,0,7,0,0.0,2.0,4.0,2.0,B01
201300010749,0,32,0,0.0,2.0,2.0,1.0,B01
201300010749,0,7,0,0.0,2.0,3.0,15.0,A01
201300010750,0,2,0,0.0,2.0,8.0,1.0,A01
201300010750,0,32,0,0.0,2.0,7.0,1.0,B01
201300010751,0,7,0,0.0,1.0,1.0,1.0,A01
201300010752,0,2,0,0.0,1.0,1.0,1.0,A01
201300010753,0,32,0,0.0,0.0,1.0,1.0,B01
201300010753,0,2,0,0.0,2.0,1.0,1.0,A01
201300010754,0,7,0,1.0,0.0,1.0,1.0,A01
201300010755,0,15,0,0.0,2.0,2.0,1.0,B01
201300010755,0,7,0,0.0,2.0,8.0,1.0,A01
201300010756,0,7,0,0.0,1.0,1.0,1.0,A01
201300010757,0,7,0,0.0,2.0,3.0,11.0,A01
201300010757,0,2,0,0.0,2.0,7.0,1.0,B01
201300010758,0,33,0,0.0,2.0,1.0,17.0,B01
201300010758,0,7,0,0.0,2.0,8.0,10.0,A01
201300010759,0,31,0,0.0,2.0,1.0,2.0,B01
201300010759,0,7,0,1.0,2.0,1.0,1.0,A01
201300010760,0,7,0,0.0,2.0,4.0,1.0,B01
201300010760,0,7,0,0.0,0.0,1.0,1.0,A01
201300010761,0,33,0,0.0,2.0,1.0,2.0,A01
201300010761,0,7,0,0.0,0.0,0.0,23.0,C01
201300010761,0,7,0,0.0,2.0,4.0,1.0,B01
201300010762,0,2,0,0.0,1.0,1.0,0.0,A01
201300010763,0,32,0,0.0,2.0,1.0,1.0,A01
201300010763,0,30,0,1.0,2.0,7.0,1.0,B01
201300010764,0,31,0,1.0,0.0,1.0,14.0,A01
201300010764,0,7,0,0.0,0.0,0.0,16.0,B01
201300010765,0,7,0,0.0,2.0,1.0,15.0,A01
201300010765,0,31,0,0.0,2.0,8.0,1.0,B01
201300010766,0,7,0,0.0,2.0,3.0,9.0,A01
201300010766,0,33,0,0.0,2.0,1.0,1.0,B01
201300010767,0,31,0,0.0,2.0,8.0,1.0,B01
201300010767,0,7,0,0.0,2.0,1.0,1.0,A01
201300010768,0,37,1,0.0,1.0,7.0,16.0,A01
201300010769,0,7,0,0.0,2.0,3.0,1.0,A01
201300010769,0,7,0,0.0,2.0,1.0,1.0,B01
201300010770,1,99,0,0.0,1.0,2.0,0.0,Z01
201300010771,0,32,0,0.0,2.0,1.0,1.0,A01
201300010772,0,10,0,0.0,2.0,2.0,1.0,A01
201300010772,0,7,0,0.0,2.0,1.0,1.0,B01
201300010773,0,7,0,0.0,1.0,5.0,4.0,A01
201300010774,0,7,0,0.0,2.0,4.0,2.0,D01
201300010774,0,7,0,0.0,2.0,4.0,2.0,C01
201300010774,0,7,0,0.0,2.0,9.0,2.0,B01
201300010774,0,7,0,0.0,2.0,1.0,1.0,A01
201300010775,1,7,0,0.0,1.0,0.0,1.0,A01
201300010776,0,14,0,0.0,2.0,3.0,1.0,A01
201300010776,0,7,0,0.0,2.0,5.0,15.0,B01
201300010777,0,32,0,0.0,2.0,1.0,1.0,A01
201300010777,0,37,15,0.0,2.0,7.0,1.0,B01
201300010778,0,2,0,0.0,2.0,1.0,1.0,A01
201300010778,0,7,0,0.0,2.0,2.0,9.0,B01
201300010779,0,7,0,0.0,2.0,1.0,9.0,A01
201300010779,0,32,0,0.0,2.0,5.0,1.0,B01
201300010780,0,7,0,0.0,2.0,4.0,1.0,B01
201300010780,0,33,0,0.0,2.0,1.0,1.0,A01
201300010781,0,7,0,0.0,2.0,3.0,1.0,B01
201300010781,0,7,0,0.0,2.0,3.0,13.0,A01
201300010782,0,7,0,0.0,2.0,2.0,1.0,B01
201300010782,0,32,0,0.0,2.0,6.0,0.0,A01
201300010783,0,31,0,0.0,1.0,1.0,1.0,A01
201300010784,0,1,0,0.0,2.0,8.0,1.0,A01
201300010784,0,33,0,0.0,2.0,1.0,1.0,B01
201300010785,0,7,0,1.0,1.0,8.0,14.0,A01
201300010786,0,7,0,0.0,1.0,3.0,15.0,A01
201300010787,0,7,0,0.0,2.0,1.0,2.0,A01
201300010787,0,7,0,0.0,2.0,4.0,2.0,B01
201300010788,0,7,0,0.0,1.0,3.0,1.0,A01
201300010789,0,7,0,0.0,1.0,1.0,1.0,A01
201300010790,0,7,0,0.0,2.0,8.0,1.0,A01
201300010790,0,31,0,0.0,2.0,1.0,1.0,B01
201300010791,0,7,0,0.0,2.0,2.0,1.0,A01
201300010791,0,7,0,0.0,2.0,2.0,1.0,B01
201300010792,0,7,0,0.0,1.0,1.0,1.0,A01
201300010793,0,15,0,0.0,2.0,9.0,1.0,A01
201300010794,0,38,1,0.0,1.0,1.0,1.0,A01
201300010795,0,2,0,0.0,2.0,8.0,0.0,A01
201300010795,0,33,0,0.0,2.0,1.0,1.0,B01
201300010796,0,7,0,0.0,2.0,4.0,1.0,C01
201300010796,0,7,0,0.0,2.0,1.0,1.0,A01
201300010796,0,10,0,0.0,2.0,4.0,1.0,B01
201300010797,0,13,0,0.0,2.0,5.0,0.0,A01
201300010797,0,33,0,0.0,2.0,1.0,1.0,B01
201300010798,0,10,0,0.0,2.0,1.0,2.0,A01
201300010798,0,7,0,0.0,2.0,4.0,1.0,B01
201300010799,0,31,0,0.0,2.0,4.0,1.0,B01
201300010799,0,7,0,0.0,2.0,1.0,1.0,A01
201300010800,0,32,0,1.0,1.0,1.0,1.0,A01
201300010801,0,30,0,0.0,2.0,3.0,1.0,B01
201300010801,0,7,0,0.0,2.0,1.0,1.0,A01
201300010802,0,7,0,0.0,2.0,4.0,2.0,D01
201300010802,0,10,0,0.0,2.0,4.0,2.0,C01
201300010802,0,7,0,0.0,2.0,1.0,1.0,A01
201300010802,0,10,0,0.0,2.0,4.0,2.0,B01
201300010803,0,7,0,0.0,1.0,2.0,1.0,A01
201300010804,0,10,0,0.0,2.0,3.0,17.0,A01
201300010804,0,33,0,1.0,2.0,1.0,17.0,B01
201300010805,0,10,0,0.0,1.0,1.0,15.0,A01
201300010806,0,7,0,0.0,1.0,2.0,1.0,A01
201300010807,0,7,0,0.0,2.0,6.0,15.0,A01
201300010807,0,33,0,0.0,2.0,1.0,17.0,B01
201300010808,0,33,0,0.0,2.0,1.0,1.0,B01
201300010808,0,7,0,0.0,2.0,8.0,9.0,A01
201300010809,0,7,0,0.0,2.0,6.0,9.0,B01
201300010809,0,2,0,0.0,2.0,1.0,1.0,A01
201300010810,0,31,0,0.0,2.0,2.0,17.0,A01
201300010810,0,7,0,0.0,2.0,8.0,15.0,B01
201300010811,0,7,0,0.0,2.0,4.0,2.0,B01
201300010811,0,30,0,0.0,2.0,1.0,2.0,A01
201300010812,0,37,1,0.0,1.0,2.0,15.0,A01
201300010813,0,31,0,0.0,2.0,8.0,21.0,B01
201300010813,0,7,0,0.0,2.0,7.0,1.0,A01
201300010814,0,7,0,0.0,1.0,1.0,1.0,A01
201300010815,0,30,0,0.0,1.0,1.0,1.0,A01
201300010816,0,2,0,0.0,2.0,8.0,1.0,B01
201300010816,1,7,0,0.0,2.0,0.0,0.0,Z01
201300010817,0,7,0,1.0,0.0,1.0,1.0,A01
201300010818,0,7,0,0.0,1.0,7.0,1.0,A01
201300010819,0,40,0,0.0,1.0,0.0,1.0,A01
201300010820,0,7,0,0.0,1.0,1.0,0.0,A01
201300010821,0,31,0,0.0,2.0,7.0,1.0,B01
201300010821,1,7,0,0.0,2.0,0.0,16.0,A01
201300010822,0,2,0,0.0,2.0,1.0,1.0,B01
201300010822,0,7,0,0.0,2.0,3.0,19.0,A01
201300010823,0,7,0,0.0,1.0,4.0,4.0,A01
201300010824,0,33,0,0.0,2.0,1.0,1.0,A01
201300010824,0,7,0,0.0,2.0,1.0,15.0,B01
201300010825,0,32,0,0.0,2.0,1.0,9.0,B01
201300010825,0,7,0,0.0,2.0,3.0,15.0,A01
201300010826,0,10,0,0.0,1.0,3.0,15.0,A01
201300010827,0,7,0,0.0,2.0,3.0,15.0,A01
201300010827,0,31,0,0.0,2.0,1.0,1.0,B01
201300010828,0,10,0,0.0,2.0,2.0,9.0,A01
201300010828,0,32,0,0.0,2.0,4.0,1.0,B01
201300010829,0,7,0,0.0,1.0,1.0,1.0,A01
201300010830,0,31,0,0.0,2.0,1.0,17.0,B01
201300010830,0,7,0,0.0,2.0,3.0,15.0,A01
201300010831,0,10,0,0.0,2.0,1.0,9.0,A01
201300010831,0,32,0,0.0,2.0,7.0,1.0,B01
201300010832,0,7,0,0.0,2.0,1.0,1.0,A01
201300010832,0,7,0,0.0,2.0,4.0,1.0,C01
201300010832,0,7,0,0.0,2.0,4.0,1.0,B01
201300010833,0,7,0,0.0,2.0,4.0,0.0,B01
201300010833,0,7,0,0.0,2.0,1.0,1.0,A01
201300010834,0,10,0,0.0,2.0,1.0,2.0,A01
201300010834,0,7,0,0.0,2.0,4.0,1.0,B01
201300010835,0,7,0,0.0,2.0,2.0,15.0,A01
201300010835,0,33,0,0.0,2.0,7.0,1.0,B01
201300010836,0,7,0,0.0,1.0,2.0,16.0,A01
201300010837,0,31,0,0.0,2.0,4.0,2.0,B01
201300010837,0,32,0,0.0,2.0,4.0,2.0,C01
201300010837,0,7,0,14.0,0.0,1.0,1.0,A01
201300010838,0,32,0,0.0,2.0,1.0,5.0,B01
201300010838,0,7,0,0.0,2.0,3.0,9.0,A01
201300010839,0,30,0,0.0,2.0,9.0,0.0,A01
201300010840,0,7,0,0.0,1.0,1.0,1.0,A01
201300010841,0,7,0,0.0,2.0,1.0,15.0,A01
201300010841,0,31,0,0.0,2.0,1.0,1.0,B01
201300010842,1,7,0,0.0,2.0,1.0,1.0,A01
201300010842,0,32,0,0.0,2.0,1.0,1.0,B01
201300010843,0,33,0,0.0,2.0,1.0,1.0,A01
201300010843,0,7,0,0.0,2.0,1.0,1.0,B01
201300010844,0,33,0,0.0,2.0,8.0,1.0,B01
201300010844,0,7,0,0.0,2.0,0.0,9.0,A01
201300010845,0,7,0,0.0,2.0,5.0,1.0,B01
201300010845,0,2,0,0.0,2.0,1.0,3.0,A01
201300010846,0,7,0,0.0,2.0,4.0,23.0,B01
201300010846,0,32,0,0.0,2.0,1.0,1.0,A01
201300010847,0,7,0,0.0,2.0,5.0,1.0,B01
201300010847,0,10,0,0.0,2.0,1.0,1.0,A01
201300010848,0,7,0,0.0,2.0,0.0,0.0,B01
201300010848,0,7,0,1.0,2.0,8.0,1.0,A01
201300010849,0,7,0,0.0,2.0,1.0,15.0,A01
201300010849,0,31,0,0.0,2.0,0.0,1.0,B01
201300010850,0,7,0,0.0,1.0,2.0,1.0,A01
201300010851,0,2,0,0.0,2.0,1.0,1.0,A01
201300010851,0,7,0,0.0,2.0,4.0,1.0,B01
201300010852,0,7,0,0.0,2.0,6.0,15.0,B01
201300010852,0,7,0,0.0,2.0,2.0,1.0,A01
201300010853,0,2,0,0.0,2.0,3.0,1.0,B01
201300010853,0,7,0,0.0,2.0,2.0,12.0,A01
201300010854,0,30,0,0.0,2.0,7.0,1.0,A01
201300010854,0,10,0,0.0,2.0,6.0,15.0,B01
201300010855,0,7,0,0.0,1.0,1.0,15.0,A01
201300010856,0,7,0,0.0,1.0,1.0,15.0,A01
201300010857,0,32,0,0.0,2.0,1.0,17.0,B01
201300010857,0,7,0,0.0,2.0,3.0,15.0,A01
201300010858,0,33,0,0.0,2.0,8.0,1.0,B01
201300010858,0,2,0,0.0,2.0,7.0,13.0,A01
201300010859,0,7,0,0.0,2.0,2.0,15.0,A01
201300010859,0,34,0,0.0,2.0,1.0,1.0,B01
201300010860,0,7,0,0.0,2.0,1.0,1.0,B01
201300010860,0,32,0,0.0,2.0,8.0,1.0,A01
201300010861,0,30,0,0.0,2.0,4.0,1.0,B01
201300010861,0,7,0,0.0,2.0,1.0,2.0,A01
201300010862,0,10,0,0.0,2.0,1.0,2.0,A01
201300010862,0,31,0,0.0,2.0,9.0,2.0,B01
201300010862,0,7,0,0.0,2.0,4.0,1.0,C01
201300010863,0,13,0,0.0,2.0,7.0,15.0,B01
201300010863,0,7,0,0.0,2.0,3.0,1.0,A01
201300010864,0,7,0,0.0,2.0,3.0,1.0,B01
201300010864,0,7,0,0.0,2.0,7.0,1.0,A01
201300010865,0,7,0,0.0,2.0,3.0,15.0,A01
201300010865,0,30,0,0.0,2.0,1.0,17.0,B01
201300010866,0,30,0,0.0,2.0,1.0,1.0,B01
201300010866,0,7,0,0.0,2.0,2.0,16.0,A01
201300010867,0,1,0,0.0,2.0,1.0,0.0,A01
201300010867,0,7,0,0.0,2.0,3.0,15.0,B01
201300010868,0,10,0,0.0,2.0,1.0,2.0,A01
201300010868,0,7,0,0.0,2.0,4.0,1.0,B01
201300010869,0,7,0,1.0,2.0,5.0,1.0,B01
201300010869,0,7,0,0.0,2.0,5.0,24.0,C01
201300010869,0,7,0,0.0,2.0,1.0,1.0,A01
201300010870,0,7,0,0.0,2.0,3.0,15.0,A01
201300010870,0,37,1,0.0,2.0,2.0,1.0,B01
201300010871,0,7,0,0.0,1.0,1.0,1.0,A01
201300010872,0,30,0,0.0,2.0,1.0,1.0,B01
201300010872,0,7,0,0.0,2.0,3.0,15.0,A01
201300010873,0,32,0,0.0,1.0,5.0,1.0,A01
201300010874,0,33,0,0.0,2.0,7.0,17.0,B01
201300010874,0,7,0,0.0,2.0,3.0,15.0,A01
201300010875,0,7,0,0.0,2.0,4.0,2.0,C01
201300010875,0,7,0,14.0,0.0,1.0,1.0,A01
201300010875,0,10,0,14.0,2.0,4.0,2.0,B01
201300010876,0,10,0,0.0,2.0,2.0,0.0,B01
201300010876,0,1,0,0.0,2.0,3.0,13.0,A01
201300010877,0,7,0,0.0,2.0,6.0,15.0,A01
201300010877,0,31,0,0.0,2.0,2.0,0.0,B01
201300010878,0,7,0,0.0,2.0,8.0,6.0,B01
201300010878,0,7,0,0.0,2.0,1.0,1.0,A01
201300010879,0,2,0,0.0,2.0,2.0,0.0,A01
201300010879,0,7,0,0.0,2.0,8.0,1.0,B01
201300010880,0,7,0,0.0,2.0,2.0,16.0,B01
201300010880,0,32,0,0.0,2.0,3.0,1.0,A01
201300010881,0,7,0,0.0,2.0,1.0,1.0,A01
201300010881,0,7,0,0.0,2.0,4.0,2.0,B01
201300010882,0,7,0,0.0,2.0,7.0,1.0,A01
201300010882,0,7,0,0.0,2.0,3.0,1.0,B01
201300010883,0,30,0,0.0,1.0,1.0,1.0,A01
201300010884,0,7,0,0.0,2.0,1.0,1.0,A01
201300010884,0,7,0,0.0,2.0,4.0,1.0,B01
201300010885,0,7,0,7.0,0.0,1.0,1.0,A01
201300010886,0,7,0,0.0,2.0,2.0,16.0,B01
201300010886,0,30,0,0.0,2.0,8.0,1.0,A01
201300010887,0,2,0,0.0,2.0,1.0,1.0,B01
201300010887,0,7,0,0.0,2.0,8.0,10.0,A01
201300010888,1,30,0,0.0,2.0,1.0,17.0,A01
201300010888,0,7,0,0.0,2.0,3.0,15.0,B01
201300010889,0,7,0,0.0,2.0,3.0,1.0,A01
201300010889,0,7,0,0.0,2.0,1.0,1.0,B01
201300010890,0,1,0,0.0,1.0,1.0,1.0,A01
201300010891,0,7,0,0.0,2.0,6.0,15.0,A01
201300010891,0,33,0,0.0,2.0,1.0,17.0,B01
201300010892,0,7,0,0.0,1.0,1.0,1.0,A01
201300010893,0,7,0,0.0,1.0,1.0,1.0,A01
201300010894,0,10,0,0.0,2.0,3.0,0.0,A01
201300010894,0,7,0,0.0,2.0,2.0,1.0,B01
201300010895,1,7,0,0.0,1.0,1.0,1.0,Z01
201300010896,0,2,0,0.0,2.0,1.0,1.0,B01
201300010896,0,7,0,0.0,2.0,5.0,15.0,A01
201300010897,0,2,0,0.0,2.0,1.0,1.0,B01
201300010897,0,7,0,0.0,2.0,2.0,1.0,A01
201300010898,0,31,0,0.0,2.0,1.0,2.0,A01
201300010898,0,10,0,0.0,2.0,4.0,2.0,B01
201300010899,0,2,0,0.0,2.0,1.0,1.0,A01
201300010899,0,7,0,0.0,2.0,3.0,1.0,B01
201300010900,0,7,0,0.0,2.0,8.0,15.0,A01
201300010900,0,37,4,0.0,2.0,1.0,1.0,B01
201300010901,0,7,0,0.0,2.0,1.0,15.0,A01
201300010901,0,31,0,0.0,2.0,1.0,1.0,B01
201300010902,0,7,0,0.0,2.0,4.0,1.0,B01
201300010902,0,7,0,0.0,2.0,1.0,16.0,A01
201300010902,0,10,0,0.0,2.0,4.0,2.0,C01
201300010903,0,7,0,0.0,2.0,1.0,1.0,A01
201300010903,0,2,0,0.0,2.0,1.0,16.0,B01
201300010904,0,33,0,0.0,2.0,1.0,17.0,B01
201300010904,0,7,0,0.0,2.0,3.0,15.0,A01
201300010905,0,10,0,0.0,2.0,3.0,15.0,A01
201300010905,0,31,0,0.0,2.0,1.0,1.0,B01
201300010906,0,7,0,0.0,2.0,1.0,1.0,A01
201300010906,0,7,0,0.0,2.0,1.0,1.0,C01
201300010906,0,7,0,0.0,2.0,9.0,1.0,B01
201300010907,0,33,0,0.0,2.0,7.0,1.0,B01
201300010907,0,7,0,0.0,2.0,6.0,11.0,A01
201300010908,0,37,40,0.0,1.0,1.0,1.0,A01
201300010909,0,33,0,0.0,2.0,0.0,1.0,B01
201300010909,0,7,0,0.0,2.0,2.0,19.0,A01
201300010910,0,10,0,0.0,2.0,1.0,1.0,A01
201300010910,0,32,0,0.0,2.0,7.0,1.0,B01
201300010911,0,2,0,0.0,2.0,1.0,1.0,A01
201300010911,0,7,0,0.0,2.0,5.0,1.0,B01
201300010912,0,2,0,0.0,2.0,1.0,1.0,A01
201300010912,0,7,0,0.0,2.0,8.0,1.0,B01
201300010913,0,2,0,1.0,0.0,1.0,0.0,A01
201300010914,0,7,0,0.0,2.0,0.0,0.0,B01
201300010914,0,1,0,0.0,2.0,0.0,1.0,A01
201300010915,0,7,0,0.0,2.0,1.0,1.0,A01
201300010915,0,7,0,0.0,2.0,1.0,1.0,B01
201300010916,0,7,0,0.0,2.0,4.0,1.0,B01
201300010916,0,7,0,0.0,2.0,1.0,1.0,C01
201300010916,0,7,0,0.0,2.0,1.0,1.0,A01
201300010916,0,7,0,0.0,2.0,4.0,1.0,D01
201300010916,0,7,0,0.0,2.0,4.0,1.0,E01
201300010917,0,10,0,0.0,2.0,1.0,2.0,A01
201300010917,0,7,0,0.0,2.0,4.0,2.0,B01
201300010918,0,7,0,0.0,2.0,7.0,12.0,A01
201300010918,0,31,0,0.0,2.0,0.0,1.0,B01
201300010919,0,7,0,0.0,1.0,1.0,15.0,A01
201300010920,0,7,0,0.0,2.0,1.0,15.0,A01
201300010920,0,2,0,0.0,2.0,1.0,1.0,B01
201300010921,0,10,0,0.0,2.0,4.0,3.0,A01
201300010921,0,32,0,0.0,2.0,1.0,1.0,B01
201300010922,0,7,0,0.0,2.0,1.0,1.0,A01
201300010922,0,7,0,5.0,0.0,1.0,1.0,B01
201300010923,0,7,0,0.0,1.0,4.0,4.0,A01
201300010924,0,7,0,0.0,1.0,8.0,15.0,A01
201300010925,0,31,0,0.0,2.0,1.0,1.0,B01
201300010925,0,10,0,0.0,2.0,8.0,15.0,A01
201300010926,0,33,0,0.0,2.0,1.0,21.0,B01
201300010926,0,10,0,0.0,2.0,7.0,15.0,A01
201300010927,0,7,0,0.0,2.0,8.0,15.0,A01
201300010927,0,31,0,0.0,2.0,7.0,15.0,B01
201300010928,0,2,0,0.0,2.0,1.0,1.0,B01
201300010928,0,7,0,0.0,2.0,2.0,15.0,A01
201300010929,0,33,0,0.0,2.0,2.0,1.0,B01
201300010929,0,7,0,0.0,2.0,3.0,15.0,A01
201300010930,0,2,0,0.0,2.0,1.0,1.0,B01
201300010930,0,7,0,0.0,2.0,2.0,1.0,A01
201300010931,0,7,0,0.0,1.0,3.0,1.0,A01
201300010932,0,10,0,0.0,2.0,7.0,10.0,A01
201300010932,0,31,0,0.0,2.0,0.0,1.0,B01
201300010933,0,37,25,0.0,1.0,2.0,21.0,A01
201300010934,0,33,0,0.0,2.0,1.0,1.0,B01
201300010934,0,7,0,0.0,2.0,7.0,1.0,A01
201300010935,0,10,0,0.0,2.0,6.0,24.0,B01
201300010935,0,7,0,1.0,0.0,2.0,14.0,A01
201300010936,0,7,0,0.0,2.0,7.0,1.0,A01
201300010936,0,7,0,0.0,2.0,1.0,1.0,B01
201300010937,0,32,0,0.0,2.0,2.0,1.0,B01
201300010937,0,7,0,0.0,2.0,6.0,9.0,A01
201300010938,0,7,0,0.0,2.0,1.0,1.0,A01
201300010938,0,7,0,0.0,2.0,1.0,1.0,B01
201300010939,0,31,0,0.0,2.0,3.0,1.0,B01
201300010939,0,10,0,0.0,2.0,1.0,1.0,A01
201300010940,0,7,0,0.0,2.0,2.0,15.0,A01
201300010940,0,10,0,0.0,2.0,1.0,1.0,B01
201300010941,0,7,0,0.0,1.0,2.0,14.0,A01
201300010942,0,33,0,0.0,2.0,8.0,1.0,B01
201300010942,0,3,0,0.0,2.0,1.0,15.0,A01
201300010943,0,7,0,0.0,2.0,4.0,2.0,B01
201300010943,0,14,0,0.0,2.0,1.0,2.0,A01
201300010944,0,7,0,0.0,2.0,1.0,1.0,B01
201300010944,0,31,0,0.0,2.0,1.0,1.0,A01
201300010945,0,7,0,0.0,2.0,7.0,1.0,B01
201300010945,0,2,0,0.0,2.0,1.0,1.0,A01
201300010946,0,33,0,0.0,2.0,4.0,23.0,C01
201300010946,0,31,0,0.0,2.0,4.0,23.0,B01
201300010946,0,37,13,0.0,2.0,1.0,2.0,A01
201300010947,0,7,0,0.0,1.0,1.0,15.0,A01
201300010948,0,2,0,0.0,1.0,1.0,1.0,A01
201300010949,0,38,4,0.0,2.0,2.0,1.0,B01
201300010949,0,7,0,0.0,2.0,3.0,15.0,A01
201300010950,0,7,0,0.0,1.0,4.0,4.0,A01
201300010951,0,7,0,0.0,2.0,4.0,2.0,B01
201300010951,0,10,0,0.0,2.0,4.0,2.0,C01
201300010951,0,7,0,0.0,2.0,1.0,2.0,A01
201300010952,0,30,0,0.0,2.0,6.0,1.0,B01
201300010952,0,33,0,0.0,2.0,1.0,1.0,A01
201300010953,0,38,2,0.0,2.0,2.0,1.0,B01
201300010953,0,7,0,0.0,2.0,3.0,1.0,A01
201300010954,0,34,0,0.0,2.0,1.0,2.0,A01
201300010954,0,10,0,0.0,2.0,6.0,14.0,B01
201300010955,0,33,0,0.0,2.0,4.0,23.0,B01
201300010955,0,7,0,14.0,0.0,1.0,1.0,A01
201300010956,0,7,0,0.0,2.0,1.0,1.0,B01
201300010956,0,7,0,0.0,2.0,1.0,1.0,A01
201300010957,0,7,0,0.0,2.0,8.0,15.0,A01
201300010957,0,7,0,0.0,2.0,1.0,1.0,B01
201300010958,0,7,0,0.0,2.0,1.0,1.0,A01
201300010958,0,7,0,0.0,2.0,2.0,1.0,B01