Num_Acc,senc,catv,occutc,obs,obsm,choc,manv,num_veh
201300010959,0,31,0,0.0,2.0,8.0,0.0,A01
201300010959,0,7,0,0.0,2.0,7.0,1.0,B01
201300010960,0,7,0,0.0,2.0,1.0,1.0,A01
201300010960,0,7,0,0.0,2.0,8.0,1.0,B01
201300010960,0,7,0,1.0,2.0,7.0,1.0,C01
201300010961,0,7,0,0.0,2.0,4.0,2.0,B01
201300010961,0,7,0,0.0,2.0,1.0,1.0,A01
201300010962,0,7,0,0.0,1.0,1.0,1.0,A01
201300010963,0,31,0,10.0,0.0,0.0,0.0,A01
201300010964,0,7,0,0.0,1.0,3.0,15.0,A01
201300010965,0,30,0,0.0,2.0,1.0,1.0,A01
201300010965,0,7,0,0.0,2.0,8.0,1.0,C01
201300010965,0,10,0,0.0,2.0,5.0,15.0,B01
201300010966,0,7,0,0.0,2.0,3.0,20.0,A01
201300010966,0,34,0,0.0,2.0,2.0,1.0,B01
201300010967,0,10,0,0.0,2.0,6.0,15.0,A01
201300010967,0,33,0,0.0,2.0,2.0,1.0,B01
201300010968,0,7,0,0.0,2.0,4.0,2.0,B01
201300010968,0,7,0,0.0,2.0,4.0,2.0,D01
201300010968,0,7,0,0.0,2.0,4.0,1.0,E01
201300010968,0,7,0,0.0,2.0,4.0,2.0,C01
201300010968,0,10,0,0.0,2.0,1.0,2.0,A01
201300010969,0,7,0,0.0,2.0,3.0,15.0,A01
201300010969,0,2,0,0.0,2.0,2.0,17.0,B01
201300010970,1,99,0,0.0,2.0,0.0,0.0,Z01
201300010970,0,7,0,0.0,2.0,1.0,1.0,B01
201300010971,0,10,0,0.0,2.0,1.0,1.0,A01
201300010971,0,7,0,0.0,2.0,1.0,1.0,B01
201300010972,0,7,0,0.0,2.0,1.0,1.0,B01
201300010972,0,7,0,0.0,2.0,5.0,1.0,A01
201300010973,0,7,0,0.0,2.0,8.0,10.0,A01
201300010973,0,32,0,0.0,2.0,1.0,0.0,B01
201300010974,0,7,0,0.0,1.0,1.0,0.0,A01
201300010975,0,7,0,0.0,2.0,4.0,1.0,C01
201300010975,0,7,0,0.0,2.0,1.0,2.0,A01
201300010975,0,7,0,0.0,2.0,4.0,2.0,B01
201300010976,0,33,0,0.0,2.0,1.0,1.0,B01
201300010976,0,7,0,0.0,2.0,3.0,1.0,A01
201300010977,0,37,20,0.0,2.0,7.0,1.0,B01
201300010977,0,13,0,0.0,2.0,8.0,24.0,C01
201300010977,0,30,0,1.0,2.0,2.0,3.0,A01
201300010978,0,32,0,0.0,2.0,1.0,2.0,A01
201300010978,0,33,0,0.0,2.0,5.0,2.0,B01
201300010979,0,7,0,0.0,2.0,1.0,1.0,A01
201300010979,0,1,0,0.0,2.0,1.0,1.0,B01
201300010980,0,7,0,0.0,2.0,8.0,22.0,A01
201300010980,0,2,0,1.0,0.0,2.0,1.0,B01
201300010981,0,10,0,0.0,1.0,1.0,15.0,A01
201300010982,0,33,0,14.0,0.0,1.0,1.0,A01
201300010982,0,7,0,0.0,2.0,1.0,2.0,B01
201300010983,0,32,0,0.0,2.0,5.0,1.0,B01
201300010983,0,7,0,0.0,2.0,1.0,2.0,A01
201300010984,0,30,0,0.0,2.0,1.0,1.0,B01
201300010984,0,7,0,0.0,2.0,3.0,9.0,A01
201300010985,0,2,0,0.0,2.0,1.0,17.0,B01
201300010985,0,7,0,0.0,2.0,8.0,15.0,A01
201300010986,0,7,0,0.0,2.0,3.0,1.0,B01
201300010986,0,7,0,0.0,2.0,1.0,1.0,A01
201300010987,0,32,0,0.0,2.0,5.0,1.0,B01
201300010987,0,7,0,0.0,2.0,6.0,9.0,A01
201300010987,0,31,0,0.0,2.0,1.0,1.0,C01
201300010988,0,37,1,0.0,1.0,5.0,1.0,A01
201300010989,0,7,0,0.0,2.0,3.0,13.0,A01
201300010989,0,2,0,0.0,2.0,1.0,21.0,B01
201300010990,0,2,0,0.0,2.0,1.0,1.0,A01
201300010990,0,7,0,0.0,2.0,5.0,1.0,B01
201300010991,0,7,0,0.0,2.0,4.0,2.0,B01
201300010991,0,7,0,14.0,0.0,1.0,1.0,A01
201300010992,0,7,0,0.0,2.0,7.0,15.0,A01
201300010992,0,33,0,0.0,2.0,1.0,1.0,B01
201300010993,0,7,0,0.0,2.0,2.0,1.0,B01
201300010993,0,2,0,0.0,2.0,7.0,1.0,A01
201300010994,0,7,0,0.0,2.0,2.0,13.0,A01
201300010994,0,30,0,0.0,2.0,1.0,1.0,B01
201300010995,0,33,0,12.0,0.0,0.0,0.0,A01
201300010996,0,37,1,0.0,2.0,6.0,23.0,B01
201300010996,0,32,0,0.0,2.0,7.0,1.0,A01
201300010997,0,37,18,0.0,1.0,2.0,1.0,A01
201300010998,0,33,0,0.0,2.0,5.0,0.0,A01
201300010998,0,10,0,0.0,2.0,6.0,15.0,B01
201300010999,0,33,0,6.0,0.0,1.0,1.0,A01
201300010999,0,7,0,0.0,0.0,0.0,0.0,B01
201300011000,0,7,0,0.0,2.0,2.0,1.0,B01
201300011000,0,33,0,0.0,2.0,8.0,1.0,A01
201300011001,0,7,0,0.0,2.0,1.0,1.0,A01
201300011001,0,1,0,0.0,2.0,0.0,1.0,B01
201300011002,0,30,0,0.0,2.0,0.0,0.0,A01
201300011003,0,7,0,0.0,2.0,1.0,1.0,A01
201300011003,0,31,0,0.0,2.0,4.0,1.0,B01
201300011004,0,7,0,0.0,2.0,1.0,1.0,B01
201300011004,0,32,0,0.0,2.0,7.0,1.0,A01
201300011005,0,7,0,0.0,2.0,2.0,15.0,B01
201300011005,0,7,0,0.0,2.0,3.0,1.0,A01
201300011006,0,7,0,0.0,2.0,3.0,1.0,B01
201300011006,0,7,0,1.0,0.0,0.0,17.0,A01
201300011007,0,7,0,0.0,2.0,7.0,1.0,B01
201300011007,0,31,0,14.0,2.0,7.0,1.0,A01
201300011008,0,2,0,0.0,1.0,1.0,1.0,A01
201300011009,0,10,0,0.0,1.0,1.0,16.0,A01
201300011010,0,31,0,0.0,2.0,1.0,1.0,B01
201300011010,0,7,0,0.0,2.0,3.0,9.0,A01
201300011010,0,30,0,0.0,2.0,1.0,1.0,C01
201300011011,0,7,0,0.0,2.0,1.0,9.0,A01
201300011011,0,31,0,0.0,2.0,1.0,17.0,B01
201300011012,0,2,0,0.0,2.0,4.0,23.0,B01
201300011012,0,2,0,0.0,2.0,1.0,0.0,A01
201300011013,0,32,0,0.0,2.0,4.0,1.0,B01
201300011013,0,7,0,0.0,2.0,4.0,1.0,C01
201300011013,0,2,0,0.0,2.0,1.0,1.0,A01
201300011014,0,32,0,0.0,2.0,1.0,0.0,A01
201300011014,0,10,0,0.0,2.0,1.0,1.0,B01
201300011015,0,7,0,0.0,2.0,1.0,2.0,B01
201300011015,0,7,0,0.0,2.0,4.0,1.0,A01
201300011015,0,7,0,0.0,2.0,1.0,2.0,C01
201300011016,0,2,0,0.0,2.0,1.0,0.0,B01
201300011016,0,7,0,0.0,2.0,7.0,15.0,A01
201300011017,0,10,0,0.0,2.0,3.0,15.0,B01
201300011017,0,7,0,0.0,2.0,1.0,1.0,A01
201300011018,0,37,1,0.0,2.0,3.0,1.0,B01
201300011018,0,7,0,0.0,2.0,2.0,16.0,A01
201300011019,0,7,0,0.0,1.0,1.0,1.0,A01
201300011020,0,7,0,0.0,1.0,1.0,1.0,A01
201300011021,0,7,0,0.0,2.0,3.0,1.0,A01
201300011021,0,7,0,0.0,2.0,3.0,1.0,B01
201300011022,0,7,0,0.0,2.0,1.0,1.0,A01
201300011022,0,37,1,0.0,2.0,6.0,1.0,B01
201300011023,0,7,0,0.0,2.0,2.0,12.0,A01
201300011023,0,32,0,0.0,2.0,8.0,3.0,B01
201300011024,0,7,0,0.0,1.0,8.0,1.0,A01
201300011025,0,7,0,0.0,2.0,4.0,2.0,B01
201300011025,0,7,0,0.0,2.0,4.0,1.0,C01
201300011025,0,7,0,0.0,2.0,1.0,2.0,A01
201300011026,0,7,0,0.0,1.0,1.0,1.0,A01
201300011027,0,2,0,0.0,2.0,1.0,1.0,A01
201300011027,0,7,0,0.0,2.0,8.0,1.0,B01
201300011028,0,31,0,0.0,2.0,6.0,1.0,B01
201300011028,0,7,0,0.0,2.0,2.0,1.0,A01
201300011029,0,30,0,0.0,2.0,1.0,1.0,A01
201300011029,0,7,0,0.0,2.0,3.0,15.0,B01
201300011030,0,7,0,0.0,1.0,3.0,1.0,A01
201300011031,0,7,0,0.0,2.0,5.0,2.0,B01
201300011031,0,32,0,0.0,2.0,1.0,1.0,A01
201300011032,0,2,0,0.0,2.0,7.0,1.0,B01
201300011032,0,7,0,0.0,2.0,3.0,9.0,A01
201300011033,0,7,0,3.0,2.0,1.0,2.0,A01
201300011033,0,7,0,0.0,2.0,4.0,1.0,B01
201300011034,0,31,0,0.0,2.0,4.0,3.0,B01
201300011034,0,7,0,0.0,2.0,2.0,1.0,A01
201300011035,0,7,0,0.0,2.0,4.0,1.0,C01
201300011035,0,7,0,0.0,2.0,4.0,1.0,B01
201300011035,0,7,0,0.0,2.0,1.0,1.0,A01
201300011036,0,1,0,14.0,0.0,2.0,1.0,B01
201300011036,0,7,0,0.0,2.0,8.0,22.0,A01
201300011037,0,32,0,0.0,2.0,1.0,1.0,B01
201300011037,0,7,0,0.0,2.0,2.0,10.0,A01
201300011038,0,31,0,0.0,2.0,1.0,9.0,A01
201300011038,0,7,0,0.0,2.0,2.0,1.0,B01
201300011039,0,7,0,0.0,1.0,1.0,15.0,A01
201300011040,0,7,0,0.0,2.0,3.0,15.0,A01
201300011040,0,33,0,1.0,2.0,7.0,17.0,B01
201300011041,0,7,0,0.0,2.0,6.0,15.0,A01
201300011041,0,37,2,0.0,2.0,1.0,1.0,B01
201300011042,0,7,0,0.0,2.0,2.0,16.0,B01
201300011042,0,31,0,0.0,2.0,1.0,1.0,A01
201300011043,0,7,0,0.0,2.0,1.0,1.0,A01
201300011043,0,7,0,0.0,2.0,2.0,1.0,B01
201300011044,0,7,0,0.0,2.0,1.0,1.0,B01
201300011044,0,7,0,0.0,2.0,5.0,12.0,A01
201300011045,0,7,0,0.0,1.0,1.0,1.0,A01
201300011046,0,33,0,0.0,1.0,0.0,1.0,A01
201300011047,0,33,0,0.0,1.0,7.0,21.0,A01
201300011048,0,7,0,0.0,1.0,2.0,1.0,A01
201300011049,0,7,0,0.0,1.0,1.0,15.0,A01
201300011050,0,31,0,0.0,1.0,2.0,1.0,A01
201300011051,0,30,0,0.0,2.0,1.0,1.0,A01
201300011051,0,7,0,0.0,2.0,3.0,1.0,B01
201300011052,0,33,0,0.0,2.0,0.0,21.0,B01
201300011052,0,7,0,0.0,0.0,0.0,1.0,A01
201300011053,0,2,0,0.0,2.0,0.0,2.0,A01
201300011053,0,7,0,0.0,2.0,4.0,23.0,B01
201300011054,0,1,0,0.0,2.0,4.0,15.0,B01
201300011054,0,7,0,0.0,2.0,1.0,1.0,A01
201300011055,0,1,0,0.0,2.0,0.0,1.0,B01
201300011055,0,2,0,0.0,2.0,1.0,1.0,A01
201300011056,0,34,0,0.0,2.0,2.0,17.0,A01
201300011056,0,7,0,0.0,2.0,1.0,1.0,B01
201300011057,0,33,0,0.0,2.0,7.0,1.0,B01
201300011057,0,10,0,0.0,2.0,8.0,0.0,A01
201300011058,0,7,0,0.0,2.0,4.0,2.0,B01
201300011058,0,7,0,0.0,2.0,1.0,1.0,A01
201300011059,0,7,0,0.0,2.0,4.0,1.0,D01
201300011059,0,7,0,0.0,2.0,4.0,1.0,C01
201300011059,0,7,0,0.0,2.0,4.0,1.0,E01
201300011059,0,7,0,0.0,2.0,1.0,1.0,A01
201300011059,0,7,0,0.0,2.0,4.0,1.0,B01
201300011060,0,7,0,0.0,1.0,1.0,1.0,A01
201300011061,0,7,0,0.0,1.0,1.0,1.0,A01
201300011062,0,7,0,0.0,2.0,8.0,15.0,A01
201300011062,0,37,17,0.0,2.0,1.0,1.0,B01
201300011063,0,31,0,0.0,2.0,0.0,0.0,B01
201300011063,0,31,0,0.0,2.0,0.0,0.0,A01
201300011064,0,7,0,0.0,1.0,3.0,15.0,A01
201300011065,0,7,0,0.0,1.0,1.0,15.0,A01
201300011066,0,33,0,0.0,1.0,0.0,15.0,A01
201300011067,0,15,0,0.0,2.0,1.0,1.0,B01
201300011067,0,10,0,0.0,2.0,8.0,0.0,A01
201300011068,0,15,0,0.0,2.0,1.0,2.0,A01
201300011068,0,7,0,0.0,2.0,4.0,1.0,B01
201300011069,0,7,0,0.0,1.0,1.0,1.0,A01
201300011070,0,31,0,0.0,2.0,4.0,0.0,B01
201300011070,0,2,0,0.0,2.0,1.0,1.0,A01
201300011071,0,2,0,0.0,1.0,1.0,1.0,A01
201300011072,0,7,0,0.0,1.0,1.0,1.0,A01
201300011073,0,32,0,0.0,1.0,1.0,1.0,A01
201300011074,0,10,0,0.0,2.0,3.0,1.0,B01
201300011074,0,37,10,0.0,2.0,3.0,1.0,A01
201300011075,0,7,0,0.0,2.0,3.0,1.0,B01
201300011075,0,2,0,0.0,2.0,1.0,1.0,A01
201300011076,0,30,0,0.0,2.0,1.0,1.0,B01
201300011076,0,7,0,0.0,2.0,3.0,9.0,A01
201300011077,0,7,0,0.0,2.0,3.0,9.0,A01
201300011077,0,7,0,0.0,2.0,1.0,1.0,B01
201300011078,0,7,0,0.0,1.0,1.0,15.0,A01
201300011079,0,7,0,0.0,2.0,1.0,2.0,A01
201300011079,0,7,0,0.0,2.0,4.0,2.0,B01
201300011079,0,7,0,0.0,2.0,4.0,1.0,C01
201300011080,0,31,0,0.0,1.0,2.0,16.0,A01
201300011081,0,37,1,0.0,1.0,3.0,15.0,A01
201300011082,0,7,0,0.0,2.0,2.0,15.0,A01
201300011082,0,32,0,0.0,2.0,1.0,1.0,B01
201300011083,0,7,0,0.0,2.0,1.0,2.0,A01
201300011083,0,7,0,0.0,2.0,4.0,2.0,B01
201300011083,0,14,0,0.0,2.0,4.0,2.0,C01
201300011084,0,1,0,0.0,2.0,8.0,19.0,A01
201300011084,0,7,0,0.0,2.0,1.0,1.0,B01
201300011085,0,7,0,1.0,2.0,1.0,1.0,B01
201300011085,0,7,0,0.0,2.0,1.0,10.0,A01
201300011086,0,7,0,0.0,1.0,1.0,15.0,A01
201300011087,0,7,0,0.0,2.0,8.0,1.0,B01
201300011087,0,7,0,0.0,2.0,2.0,0.0,A01
201300011088,0,32,0,0.0,0.0,0.0,0.0,A01
201300011089,0,2,0,1.0,0.0,0.0,14.0,B01
201300011089,0,31,0,1.0,0.0,0.0,14.0,A01
201300011090,0,7,0,0.0,2.0,1.0,1.0,A01
201300011090,0,7,0,0.0,2.0,4.0,1.0,B01
201300011091,0,31,0,0.0,1.0,1.0,1.0,A01
201300011092,0,2,0,0.0,0.0,0.0,21.0,A01
201300011092,0,14,0,0.0,2.0,1.0,2.0,C01
201300011092,0,7,0,0.0,2.0,4.0,1.0,B01
201300011093,0,7,0,0.0,2.0,8.0,22.0,A01
201300011093,0,1,0,0.0,2.0,1.0,1.0,B01
201300011094,0,7,0,0.0,2.0,1.0,1.0,A01
201300011094,0,7,0,0.0,2.0,3.0,1.0,B01
201300011095,0,7,0,0.0,2.0,1.0,2.0,A01
201300011095,0,7,0,0.0,2.0,4.0,1.0,B01
201300011096,0,7,0,0.0,1.0,1.0,1.0,A01
201300011097,0,1,0,0.0,2.0,0.0,1.0,A01
201300011097,1,7,0,0.0,2.0,0.0,0.0,Z01
201300011098,0,33,0,0.0,2.0,1.0,1.0,A01
201300011098,0,7,0,0.0,2.0,4.0,1.0,B01
201300011099,0,31,0,0.0,2.0,1.0,17.0,B01
201300011099,0,14,0,0.0,2.0,3.0,15.0,A01
201300011100,0,7,0,0.0,9.0,1.0,14.0,A01
201300011100,0,1,0,0.0,2.0,4.0,1.0,B01
201300011101,0,37,1,0.0,1.0,2.0,7.0,A01
201300011102,0,10,0,0.0,1.0,4.0,4.0,A01
201300011103,0,7,0,1.0,0.0,2.0,14.0,A01
201300011104,0,32,0,0.0,2.0,1.0,1.0,A01
201300011104,0,7,0,0.0,2.0,7.0,1.0,B01
201300011105,0,31,0,0.0,2.0,2.0,1.0,B01
201300011105,0,7,0,0.0,2.0,8.0,9.0,A01
201300011106,0,7,0,0.0,2.0,8.0,11.0,A01
201300011106,0,15,0,0.0,2.0,2.0,1.0,B01
201300011107,0,7,0,0.0,1.0,2.0,15.0,A01
201300011108,0,33,0,0.0,2.0,2.0,1.0,A01
201300011108,0,7,0,0.0,2.0,3.0,0.0,B01
201300011109,0,32,0,3.0,0.0,1.0,1.0,A01
201300011110,0,7,0,9.0,0.0,1.0,13.0,A01
201300011111,0,31,0,0.0,2.0,1.0,1.0,A01
201300011111,0,31,0,0.0,2.0,4.0,1.0,B01
201300011111,0,7,0,0.0,2.0,4.0,1.0,C01
201300011112,0,31,0,0.0,2.0,1.0,1.0,B01
201300011112,0,7,0,0.0,2.0,7.0,15.0,A01
201300011112,0,33,0,0.0,2.0,1.0,2.0,C01
201300011113,0,7,0,0.0,2.0,1.0,1.0,B01
201300011113,0,34,0,0.0,2.0,1.0,5.0,A01
201300011114,0,33,0,0.0,2.0,3.0,3.0,A01
201300011114,0,10,0,0.0,2.0,8.0,9.0,B01
201300011115,0,10,0,0.0,1.0,1.0,15.0,A01
201300011116,0,1,0,0.0,2.0,0.0,1.0,B01
201300011116,0,7,0,0.0,2.0,2.0,1.0,A01
201300011117,0,10,0,0.0,1.0,1.0,1.0,A01
201300011118,0,1,0,0.0,2.0,0.0,0.0,B01
201300011118,0,7,0,0.0,2.0,3.0,1.0,A01
201300011119,0,7,0,0.0,2.0,4.0,12.0,A01
201300011119,0,32,0,0.0,2.0,1.0,1.0,B01
201300011120,0,7,0,0.0,1.0,1.0,1.0,A01
201300011121,0,32,0,0.0,2.0,4.0,1.0,B01
201300011121,0,31,0,0.0,2.0,1.0,1.0,A01
201300011122,0,10,0,0.0,2.0,4.0,4.0,A01
201300011122,0,33,0,0.0,2.0,1.0,23.0,B01
201300011123,0,7,0,0.0,1.0,2.0,1.0,A01
201300011124,0,7,0,0.0,1.0,1.0,1.0,A01
201300011125,0,7,0,0.0,2.0,2.0,1.0,A01
201300011125,0,7,0,0.0,2.0,8.0,20.0,B01
201300011126,0,7,0,0.0,2.0,1.0,1.0,B01
201300011126,0,10,0,0.0,2.0,2.0,15.0,A01
201300011127,0,7,0,0.0,2.0,1.0,2.0,A01
201300011127,0,7,0,0.0,2.0,4.0,1.0,B01
201300011128,0,7,0,4.0,0.0,3.0,0.0,A01
201300011129,0,7,0,0.0,2.0,1.0,1.0,A01
201300011129,0,1,0,0.0,2.0,8.0,0.0,B01
201300011130,0,7,0,0.0,2.0,6.0,15.0,B01
201300011130,0,30,0,0.0,2.0,1.0,1.0,A01
201300011131,0,31,0,0.0,2.0,1.0,2.0,A01
201300011131,0,7,0,0.0,2.0,4.0,1.0,B01
201300011132,0,32,0,0.0,2.0,1.0,1.0,B01
201300011132,0,32,0,0.0,2.0,1.0,1.0,A01
201300011133,0,7,0,0.0,2.0,7.0,1.0,B01
201300011133,0,2,0,0.0,2.0,8.0,18.0,A01
201300011134,0,33,0,0.0,0.0,9.0,1.0,A01
201300011135,0,7,0,0.0,2.0,1.0,1.0,A01
201300011135,0,7,0,0.0,2.0,4.0,23.0,B01
201300011136,0,7,0,0.0,1.0,1.0,1.0,A01
201300011137,0,7,0,0.0,2.0,5.0,14.0,A01
201300011137,0,32,0,0.0,2.0,3.0,1.0,B01
201300011138,0,33,0,0.0,2.0,1.0,21.0,B01
201300011138,0,10,0,0.0,2.0,4.0,10.0,A01
201300011139,0,10,0,0.0,2.0,1.0,1.0,B01
201300011139,0,30,0,1.0,2.0,1.0,16.0,A01
201300011140,0,7,0,0.0,2.0,1.0,1.0,B01
201300011140,0,2,0,0.0,2.0,1.0,16.0,A01
201300011141,0,7,0,0.0,2.0,1.0,1.0,B01
201300011141,0,10,0,9.0,2.0,2.0,1.0,A01
201300011142,0,31,0,0.0,2.0,1.0,2.0,A01
201300011142,0,10,0,0.0,2.0,4.0,2.0,B01
201300011143,0,7,0,0.0,2.0,3.0,15.0,A01
201300011143,0,31,0,0.0,2.0,0.0,0.0,B01
201300011144,0,10,0,1.0,2.0,1.0,1.0,C01
201300011144,0,2,0,0.0,2.0,0.0,1.0,B01
201300011144,0,7,0,0.0,2.0,2.0,0.0,A01
201300011145,0,7,0,0.0,1.0,4.0,23.0,B01
201300011145,0,34,0,0.0,1.0,1.0,1.0,A01
201300011146,0,7,0,0.0,2.0,6.0,15.0,A01
201300011146,0,32,0,0.0,2.0,1.0,1.0,B01
201300011147,0,32,0,0.0,0.0,7.0,0.0,A01
201300011148,0,14,0,0.0,2.0,1.0,17.0,B01
201300011148,0,7,0,0.0,2.0,8.0,1.0,A01
201300011149,0,34,0,0.0,2.0,1.0,1.0,B01
201300011149,0,30,0,0.0,2.0,1.0,13.0,A01
201300011150,0,7,0,0.0,1.0,1.0,9.0,A01
201300011151,0,10,0,0.0,2.0,8.0,1.0,B01
201300011151,0,7,0,0.0,2.0,2.0,0.0,A01
201300011152,0,33,0,0.0,2.0,1.0,2.0,A01
201300011152,0,2,0,0.0,2.0,4.0,1.0,B01
201300011153,0,10,0,0.0,1.0,5.0,4.0,A01
201300011154,0,31,0,0.0,2.0,1.0,1.0,B01
201300011154,0,7,0,0.0,2.0,5.0,15.0,A01
201300011155,0,7,0,0.0,1.0,4.0,20.0,A01
201300011156,0,7,0,0.0,2.0,8.0,1.0,A01
201300011156,0,2,0,0.0,2.0,7.0,0.0,B01
201300011157,0,1,0,0.0,2.0,0.0,7.0,B01
201300011157,0,37,1,0.0,9.0,2.0,0.0,A01
201300011158,0,7,0,0.0,2.0,3.0,0.0,A01
201300011158,0,7,0,0.0,2.0,3.0,1.0,B01
201300011159,0,33,0,0.0,2.0,0.0,0.0,B01
201300011159,0,2,0,0.0,2.0,8.0,0.0,A01
201300011160,0,7,0,0.0,2.0,4.0,2.0,B01
201300011160,0,7,0,0.0,2.0,1.0,1.0,A01
201300011161,0,7,0,0.0,1.0,1.0,1.0,A01
201300011162,0,10,0,0.0,1.0,4.0,4.0,A01
201300011163,0,31,0,0.0,2.0,1.0,1.0,B01
201300011163,0,7,0,0.0,2.0,7.0,15.0,A01
201300011164,0,7,0,0.0,2.0,4.0,2.0,B01
201300011164,0,32,0,0.0,2.0,1.0,2.0,A01
201300011165,0,31,0,0.0,2.0,1.0,2.0,A01
201300011165,0,7,0,0.0,2.0,4.0,2.0,B01
201300011166,0,10,0,0.0,2.0,8.0,15.0,B01
201300011166,0,33,0,0.0,2.0,2.0,1.0,A01
201300011167,0,7,0,0.0,2.0,8.0,15.0,B01
201300011167,0,2,0,0.0,2.0,2.0,15.0,A01
201300011168,0,34,0,0.0,2.0,2.0,0.0,A01
201300011168,0,32,0,0.0,2.0,2.0,0.0,B01
201300011169,0,7,0,1.0,2.0,3.0,9.0,A01
201300011169,0,13,0,0.0,2.0,2.0,1.0,B01
201300011170,0,10,0,0.0,1.0,7.0,1.0,A01
201300011171,0,2,0,0.0,2.0,8.0,1.0,B01
201300011171,0,7,0,0.0,2.0,7.0,1.0,A01
201300011172,0,33,0,0.0,2.0,9.0,1.0,B01
201300011172,0,7,0,0.0,2.0,1.0,5.0,A01
201300011173,0,7,0,0.0,2.0,1.0,1.0,A01
201300011173,0,7,0,0.0,2.0,4.0,1.0,B01
201300011174,0,32,0,0.0,2.0,2.0,0.0,A01
201300011174,0,33,0,0.0,2.0,1.0,1.0,B01
201300011175,2,7,0,0.0,1.0,1.0,5.0,A01
201300011176,0,33,0,8.0,0.0,9.0,1.0,A01
201300011177,0,3,0,0.0,2.0,3.0,9.0,A01
201300011177,0,34,0,0.0,2.0,1.0,1.0,B01
201300011178,0,33,0,14.0,0.0,1.0,0.0,B01
201300011178,0,13,0,0.0,2.0,4.0,0.0,A01
201300011179,0,2,0,0.0,2.0,7.0,16.0,A01
201300011179,0,34,0,0.0,2.0,8.0,1.0,B01
201300011180,0,7,0,14.0,0.0,1.0,1.0,A01
201300011180,0,7,0,0.0,2.0,4.0,2.0,B01
201300011181,0,7,0,6.0,0.0,0.0,1.0,A01
201300011182,0,31,0,0.0,2.0,1.0,9.0,A01
201300011182,0,33,0,0.0,2.0,1.0,1.0,B01
201300011183,0,31,0,0.0,2.0,8.0,0.0,A01
201300011183,0,7,0,0.0,2.0,7.0,0.0,B01
201300011184,0,34,0,0.0,2.0,1.0,1.0,A01
201300011184,0,7,0,0.0,2.0,6.0,10.0,B01
201300011185,0,30,0,0.0,2.0,0.0,1.0,B01
201300011185,0,7,0,0.0,2.0,0.0,15.0,A01
201300011186,0,7,0,0.0,2.0,1.0,9.0,B01
201300011186,0,32,0,0.0,2.0,7.0,17.0,A01
201300011187,0,32,0,6.0,2.0,3.0,1.0,A01
201300011187,0,7,0,1.0,2.0,1.0,1.0,B01
201300011188,0,7,0,0.0,2.0,1.0,15.0,A01
201300011188,0,33,0,0.0,2.0,8.0,1.0,B01
201300011189,0,30,0,12.0,0.0,2.0,14.0,A01
201300011189,0,7,0,0.0,0.0,0.0,1.0,B01
201300011190,0,33,0,8.0,0.0,0.0,1.0,A01
201300011191,0,7,0,0.0,1.0,2.0,1.0,A01
201300011192,0,2,0,1.0,0.0,1.0,1.0,A01
201300011192,0,7,0,0.0,2.0,4.0,1.0,B01
201300011193,0,32,0,0.0,1.0,0.0,1.0,A01
201300011194,0,31,0,9.0,0.0,1.0,1.0,A01
201300011195,0,30,0,0.0,2.0,1.0,1.0,A01
201300011195,0,7,0,1.0,2.0,3.0,1.0,B01
201300011196,0,7,0,0.0,2.0,3.0,15.0,A01
201300011196,0,31,0,0.0,2.0,7.0,17.0,B01
201300011197,0,38,1,0.0,1.0,2.0,1.0,A01
201300011198,0,7,0,0.0,2.0,3.0,1.0,B01
201300011198,0,14,0,0.0,0.0,0.0,0.0,C01
201300011198,0,2,0,1.0,2.0,1.0,17.0,A01
201300011199,0,7,0,0.0,2.0,2.0,1.0,B01
201300011199,0,30,0,0.0,2.0,1.0,9.0,A01
201300011200,0,7,0,0.0,2.0,4.0,1.0,B01
201300011200,0,7,0,0.0,2.0,1.0,1.0,A01
201300011201,0,10,0,0.0,1.0,2.0,1.0,A01
201300011202,0,7,0,0.0,1.0,1.0,1.0,A01
201300011203,0,30,0,0.0,2.0,1.0,2.0,A01
201300011203,0,7,0,0.0,2.0,5.0,1.0,B01
201300011204,0,40,10,0.0,1.0,1.0,1.0,A01
201300011205,0,7,0,0.0,2.0,3.0,13.0,B01
201300011205,0,31,0,0.0,2.0,2.0,1.0,C01
201300011205,0,7,0,0.0,0.0,0.0,9.0,A01
201300011206,0,7,0,0.0,2.0,1.0,15.0,A01
201300011206,0,7,0,0.0,2.0,8.0,1.0,B01
201300011207,0,10,0,0.0,1.0,0.0,15.0,A01
201300011208,0,7,0,0.0,2.0,1.0,1.0,A01
201300011208,0,7,0,0.0,2.0,4.0,2.0,B01
201300011209,0,3,0,13.0,0.0,0.0,10.0,A01
201300011210,0,7,0,0.0,2.0,2.0,15.0,A01
201300011210,0,2,0,0.0,2.0,1.0,1.0,B01
201300011211,0,33,0,0.0,2.0,1.0,1.0,B01
201300011211,0,10,0,0.0,2.0,2.0,15.0,A01
201300011212,0,32,0,0.0,2.0,1.0,1.0,B01
201300011212,0,7,0,0.0,2.0,1.0,1.0,A01
201300011213,0,30,0,0.0,2.0,1.0,0.0,B01
201300011213,1,7,0,0.0,0.0,0.0,0.0,Z01
201300011214,0,33,0,8.0,0.0,1.0,0.0,A01
201300011215,0,7,0,0.0,2.0,4.0,2.0,B01
201300011215,0,33,0,0.0,2.0,1.0,11.0,A01