Num_Acc,senc,catv,occutc,obs,obsm,choc,manv,num_veh
201300011481,0,10,0,6.0,0.0,1.0,1.0,A01
201300011482,0,33,0,0.0,2.0,1.0,1.0,A01
201300011482,0,7,0,0.0,0.0,0.0,1.0,D01
201300011482,0,7,0,0.0,2.0,8.0,1.0,C01
201300011482,0,7,0,0.0,2.0,6.0,2.0,B01
201300011483,0,31,0,1.0,0.0,1.0,13.0,A01
201300011483,0,10,0,0.0,0.0,4.0,23.0,B01
201300011484,0,7,0,0.0,0.0,2.0,1.0,B01
201300011484,0,7,0,0.0,0.0,1.0,1.0,A01
201300011485,0,7,0,0.0,1.0,1.0,1.0,A01
201300011486,0,33,0,0.0,2.0,1.0,1.0,B01
201300011486,0,7,0,0.0,2.0,3.0,9.0,A01
201300011487,0,33,0,6.0,0.0,1.0,2.0,A01
201300011488,0,7,0,6.0,0.0,1.0,14.0,A01
201300011489,0,10,0,0.0,0.0,6.0,24.0,B01
201300011489,0,7,0,1.0,0.0,2.0,1.0,A01
201300011490,0,7,0,0.0,2.0,1.0,5.0,A01
201300011490,0,7,0,0.0,2.0,1.0,1.0,B01
201300011491,0,1,0,0.0,2.0,1.0,1.0,B01
201300011491,0,7,0,0.0,2.0,8.0,9.0,A01
201300011492,0,2,0,6.0,0.0,1.0,1.0,A01
201300011493,0,7,0,0.0,2.0,1.0,1.0,B01
201300011493,0,7,0,0.0,2.0,1.0,13.0,A01
201300011494,0,7,0,15.0,0.0,1.0,14.0,A01
201300011495,0,7,0,0.0,2.0,4.0,19.0,A01
201300011495,0,34,0,0.0,2.0,1.0,1.0,B02
201300011496,0,7,0,6.0,0.0,1.0,15.0,A01
201300011497,0,7,0,0.0,2.0,1.0,1.0,B02
201300011497,0,7,0,0.0,2.0,1.0,13.0,A01
201300011498,0,7,0,14.0,0.0,2.0,1.0,A01
201300011498,0,7,0,0.0,0.0,2.0,23.0,B02
201300011499,0,7,0,0.0,0.0,2.0,1.0,A01
201300011499,0,7,0,0.0,0.0,5.0,3.0,B02
201300011500,0,2,0,0.0,2.0,2.0,17.0,A01
201300011500,0,7,0,0.0,2.0,3.0,15.0,B02
201300011501,0,7,0,0.0,2.0,3.0,1.0,A01
201300011501,0,7,0,0.0,2.0,0.0,15.0,B02
201300011501,0,30,0,0.0,0.0,8.0,15.0,C03
201300011502,0,7,0,2.0,0.0,9.0,1.0,A01
201300011503,0,7,0,0.0,1.0,2.0,17.0,A01
201300011504,0,7,0,0.0,2.0,8.0,15.0,A01
201300011504,0,7,0,0.0,2.0,1.0,1.0,B02
201300011505,0,2,0,0.0,2.0,1.0,17.0,A01
201300011505,0,7,0,0.0,2.0,3.0,15.0,B02
201300011506,0,7,0,0.0,1.0,2.0,1.0,A01
201300011507,0,7,0,0.0,2.0,1.0,1.0,B01
201300011507,0,7,0,0.0,2.0,1.0,19.0,A01
201300011508,0,1,0,0.0,0.0,4.0,2.0,B01
201300011508,0,10,0,0.0,2.0,1.0,2.0,A01
201300011509,0,1,0,0.0,2.0,1.0,1.0,B01
201300011509,0,7,0,0.0,9.0,6.0,15.0,A01
201300011510,0,1,0,0.0,2.0,7.0,1.0,B01
201300011510,0,7,0,0.0,9.0,1.0,9.0,A01
201300011511,0,33,0,0.0,2.0,3.0,1.0,B01
201300011511,0,10,0,0.0,9.0,6.0,19.0,A01
201300011512,0,7,0,0.0,0.0,7.0,15.0,A01
201300011512,0,2,0,0.0,2.0,1.0,1.0,B01
201300011513,0,33,0,1.0,2.0,1.0,17.0,A01
201300011513,0,7,0,0.0,9.0,8.0,15.0,B01
201300011514,0,7,0,0.0,1.0,1.0,1.0,A01
201300011515,0,33,0,0.0,0.0,0.0,1.0,A01
201300011516,0,7,0,0.0,0.0,8.0,1.0,B02
201300011516,0,7,0,0.0,2.0,1.0,15.0,A01
201300011517,0,1,0,0.0,2.0,1.0,1.0,B02
201300011517,0,14,0,0.0,9.0,5.0,15.0,A01
201300011518,0,33,0,0.0,0.0,1.0,9.0,A01
201300011518,0,7,0,0.0,0.0,3.0,0.0,B02
201300011519,0,10,0,0.0,2.0,1.0,2.0,A01
201300011519,0,7,0,0.0,2.0,9.0,2.0,B02
201300011519,0,10,0,0.0,0.0,6.0,2.0,C03
201300011520,0,7,0,0.0,2.0,2.0,13.0,A01
201300011520,0,7,0,0.0,2.0,1.0,13.0,B02
201300011521,0,7,0,0.0,0.0,9.0,14.0,A01
201300011521,0,7,0,0.0,0.0,8.0,1.0,B02
201300011521,0,7,0,0.0,0.0,8.0,1.0,C03
201300011521,0,7,0,0.0,0.0,1.0,1.0,D04
201300011522,0,10,0,2.0,0.0,1.0,1.0,A01
201300011523,0,33,0,0.0,2.0,1.0,2.0,A01
201300011523,0,15,0,0.0,2.0,7.0,16.0,B02
201300011524,0,7,0,13.0,0.0,2.0,1.0,A01
201300011525,0,7,0,0.0,1.0,3.0,1.0,A01
201300011526,0,7,0,6.0,0.0,1.0,13.0,A01
201300011527,0,7,0,0.0,0.0,9.0,1.0,A01
201300011528,0,7,0,0.0,2.0,2.0,13.0,B02
201300011528,0,7,0,0.0,2.0,2.0,21.0,A01
201300011529,0,7,0,0.0,2.0,8.0,10.0,A01
201300011529,0,14,0,0.0,2.0,2.0,1.0,B02
201300011530,0,7,0,0.0,2.0,3.0,1.0,A01
201300011530,0,1,0,0.0,2.0,8.0,1.0,B02
201300011531,0,10,0,0.0,0.0,9.0,1.0,A01
201300011532,0,7,0,2.0,0.0,1.0,1.0,A01
201300011533,0,7,0,3.0,0.0,1.0,1.0,A01
201300011534,0,15,0,0.0,0.0,6.0,1.0,B02
201300011534,0,7,0,0.0,2.0,2.0,1.0,A01
201300011535,0,7,0,4.0,2.0,1.0,1.0,A01
201300011535,0,7,0,1.0,2.0,1.0,1.0,B02
201300011536,0,7,0,0.0,0.0,0.0,13.0,B02
201300011536,0,7,0,13.0,0.0,1.0,1.0,A01
201300011537,0,15,0,3.0,0.0,2.0,14.0,A01
201300011537,0,38,1,4.0,0.0,3.0,0.0,B02
201300011538,0,7,0,13.0,0.0,1.0,1.0,A01
201300011539,0,7,0,0.0,2.0,1.0,1.0,D04
201300011539,0,7,0,0.0,2.0,9.0,1.0,A01
201300011539,0,7,0,0.0,2.0,4.0,21.0,C03
201300011539,2,99,0,,2.0,1.0,1.0,B02
201300011540,0,7,0,13.0,0.0,1.0,0.0,A01
201300011541,0,7,0,0.0,2.0,0.0,12.0,B02
201300011541,0,10,0,0.0,2.0,7.0,1.0,A01
201300011542,0,7,0,0.0,0.0,9.0,1.0,A01
201300011543,0,7,0,4.0,0.0,3.0,13.0,A01
201300011544,0,33,0,13.0,0.0,1.0,1.0,A01
201300011545,0,7,0,0.0,2.0,1.0,1.0,B02
201300011545,0,2,0,0.0,2.0,7.0,1.0,A01
201300011546,0,7,0,0.0,2.0,7.0,1.0,A01
201300011546,0,30,0,0.0,2.0,1.0,0.0,B02
201300011547,0,14,0,8.0,0.0,1.0,1.0,A01
201300011548,0,7,0,0.0,1.0,2.0,15.0,A01
201300011549,0,7,0,0.0,2.0,2.0,1.0,A01
201300011549,0,7,0,0.0,2.0,3.0,15.0,B02
201300011550,0,30,0,0.0,2.0,1.0,17.0,B02
201300011550,0,30,0,0.0,0.0,8.0,15.0,A01
201300011551,0,33,0,6.0,0.0,3.0,15.0,A01
201300011552,0,7,0,0.0,2.0,3.0,15.0,B02
201300011552,0,33,0,0.0,2.0,2.0,17.0,A01
201300011553,0,7,0,0.0,2.0,1.0,13.0,A01
201300011553,0,7,0,0.0,2.0,1.0,0.0,B02
201300011554,0,10,0,0.0,2.0,2.0,9.0,B02
201300011554,0,10,0,0.0,2.0,8.0,1.0,A01
201300011555,0,7,0,0.0,2.0,7.0,19.0,A01
201300011555,0,7,0,0.0,2.0,1.0,1.0,B02
201300011556,0,7,0,0.0,0.0,1.0,1.0,A01
201300011557,0,2,0,0.0,2.0,1.0,13.0,A01
201300011557,0,7,0,0.0,2.0,3.0,1.0,B02
201300011558,0,33,0,0.0,2.0,5.0,17.0,A01
201300011558,0,7,0,0.0,2.0,6.0,13.0,B02
201300011559,0,30,0,7.0,0.0,1.0,1.0,A01
201300011560,0,7,0,0.0,2.0,8.0,0.0,A01
201300011560,0,33,0,0.0,2.0,1.0,0.0,B02
201300011561,0,14,0,2.0,0.0,8.0,1.0,A01
201300011562,0,10,0,0.0,2.0,1.0,1.0,B02
201300011562,0,7,0,3.0,2.0,1.0,1.0,A01
201300011563,0,7,0,0.0,1.0,2.0,1.0,A01
201300011564,0,10,0,13.0,2.0,3.0,1.0,B02
201300011564,0,10,0,0.0,2.0,3.0,1.0,A01
201300011565,0,7,0,0.0,0.0,2.0,15.0,A01
201300011565,0,2,0,0.0,0.0,1.0,18.0,B02
201300011566,0,7,0,0.0,2.0,3.0,13.0,A01
201300011566,0,7,0,0.0,2.0,3.0,1.0,B02
201300011566,0,7,0,0.0,2.0,1.0,1.0,C03
201300011567,0,7,0,0.0,1.0,1.0,1.0,A01
201300011568,0,7,0,2.0,0.0,3.0,1.0,A01
201300011569,0,7,0,2.0,0.0,1.0,1.0,A01
201300011570,0,7,0,2.0,0.0,1.0,1.0,A01
201300011571,0,7,0,6.0,0.0,2.0,1.0,A01
201300011572,0,7,0,0.0,0.0,7.0,13.0,B02
201300011572,0,10,0,0.0,2.0,3.0,1.0,A01
201300011573,0,7,0,0.0,1.0,2.0,1.0,A01
201300011574,0,7,0,16.0,0.0,0.0,1.0,A01
201300011575,0,14,0,0.0,2.0,1.0,1.0,A01
201300011575,0,15,0,0.0,2.0,4.0,1.0,B02
201300011576,0,17,0,0.0,2.0,6.0,1.0,B02
201300011576,0,7,0,0.0,2.0,2.0,14.0,A01
201300011577,0,7,0,3.0,0.0,0.0,1.0,A01
201300011578,0,7,0,4.0,0.0,3.0,0.0,A01
201300011579,0,7,0,13.0,0.0,2.0,14.0,A01
201300011580,0,7,0,0.0,2.0,1.0,2.0,A01
201300011580,0,7,0,0.0,2.0,4.0,2.0,B02
201300011581,0,7,0,0.0,2.0,2.0,1.0,A01
201300011581,0,17,0,0.0,0.0,0.0,17.0,B02
201300011582,0,7,0,4.0,0.0,1.0,1.0,A01
201300011583,0,7,0,4.0,0.0,1.0,12.0,A01
201300011584,0,7,0,0.0,2.0,6.0,1.0,B02
201300011584,0,7,0,0.0,2.0,1.0,1.0,F06
201300011584,0,7,0,0.0,2.0,8.0,1.0,G07
201300011584,0,10,0,0.0,2.0,2.0,21.0,E05
201300011584,0,7,0,0.0,2.0,7.0,21.0,C03
201300011584,0,7,0,0.0,9.0,1.0,1.0,D04
201300011584,0,7,0,0.0,2.0,2.0,1.0,A01
201300011585,0,7,0,0.0,2.0,1.0,19.0,A01
201300011585,0,17,0,0.0,2.0,4.0,0.0,B02
201300011586,0,10,0,0.0,2.0,1.0,2.0,A01
201300011586,0,7,0,0.0,0.0,4.0,2.0,B02
201300011587,0,7,0,13.0,0.0,1.0,1.0,A01
201300011588,0,37,27,0.0,2.0,2.0,2.0,B02
201300011588,0,7,0,0.0,0.0,6.0,23.0,A01
201300011589,0,7,0,0.0,0.0,1.0,2.0,A01
201300011590,0,7,0,0.0,0.0,4.0,2.0,C01
201300011590,0,15,0,0.0,2.0,1.0,2.0,A02
201300011591,0,7,0,4.0,2.0,1.0,2.0,A01
201300011591,0,17,0,0.0,0.0,5.0,1.0,B02
201300011592,0,7,0,0.0,0.0,9.0,1.0,A01
201300011592,0,7,0,14.0,0.0,1.0,1.0,B02
201300011593,0,7,0,4.0,0.0,3.0,1.0,A01
201300011594,0,7,0,0.0,2.0,1.0,21.0,A01
201300011594,0,7,0,0.0,0.0,5.0,1.0,B02
201300011594,0,7,0,0.0,0.0,6.0,1.0,C03
201300011595,0,7,0,4.0,0.0,8.0,1.0,A01
201300011596,0,7,0,0.0,9.0,1.0,1.0,A01
201300011597,0,7,0,0.0,2.0,1.0,2.0,A01
201300011597,0,13,0,0.0,2.0,4.0,1.0,B02
201300011597,0,7,0,14.0,0.0,2.0,2.0,C03
201300011597,0,7,0,14.0,0.0,2.0,1.0,D04
201300011598,0,7,0,4.0,0.0,3.0,1.0,A01
201300011599,0,10,0,0.0,2.0,3.0,1.0,B02
201300011599,0,7,0,0.0,2.0,3.0,5.0,A01
201300011600,0,7,0,4.0,0.0,1.0,0.0,A01
201300011600,0,7,0,14.0,0.0,3.0,2.0,B02
201300011601,0,7,0,0.0,2.0,3.0,1.0,B02
201300011601,0,17,0,4.0,2.0,1.0,6.0,A01
201300011602,0,10,0,0.0,2.0,1.0,1.0,A01
201300011602,0,10,0,0.0,2.0,1.0,23.0,B02
201300011603,0,7,0,0.0,2.0,4.0,2.0,A01
201300011603,0,17,0,1.0,0.0,2.0,2.0,B02
201300011603,2,7,0,0.0,2.0,1.0,2.0,C03
201300011604,0,7,0,13.0,0.0,9.0,2.0,A01
201300011605,0,10,0,0.0,2.0,1.0,1.0,A01
201300011605,0,99,0,0.0,0.0,6.0,1.0,B02
201300011606,0,7,0,5.0,0.0,1.0,1.0,A01
201300011607,0,33,0,0.0,2.0,2.0,2.0,A01
201300011607,0,33,0,0.0,0.0,6.0,1.0,B02
201300011608,0,7,0,0.0,2.0,2.0,1.0,A01
201300011608,0,17,0,0.0,2.0,6.0,1.0,B02
201300011609,0,17,0,0.0,2.0,1.0,1.0,A01
201300011609,0,7,0,4.0,0.0,4.0,1.0,B02
201300011610,0,7,0,7.0,0.0,1.0,1.0,A01
201300011611,0,7,0,3.0,0.0,3.0,1.0,A01
201300011612,0,17,0,3.0,0.0,7.0,14.0,A01
201300011613,0,7,0,0.0,2.0,7.0,17.0,A01
201300011613,0,7,0,13.0,2.0,0.0,1.0,B02
201300011614,0,15,0,0.0,0.0,6.0,1.0,B02
201300011614,0,7,0,4.0,2.0,3.0,13.0,A01
201300011615,0,7,0,0.0,2.0,1.0,2.0,B02
201300011615,0,15,0,0.0,2.0,4.0,1.0,A01
201300011616,0,17,0,0.0,0.0,6.0,1.0,B02
201300011616,0,10,0,0.0,2.0,2.0,1.0,A01
201300011617,0,15,0,0.0,0.0,0.0,0.0,A01
201300011618,0,7,0,0.0,0.0,9.0,1.0,A01
201300011619,0,7,0,9.0,0.0,1.0,1.0,A01
201300011620,0,7,0,4.0,0.0,8.0,0.0,A01
201300011621,0,7,0,3.0,0.0,8.0,13.0,A01
201300011622,0,17,0,0.0,0.0,6.0,1.0,B02
201300011622,0,7,0,0.0,2.0,2.0,11.0,A01
201300011623,0,7,0,4.0,0.0,4.0,1.0,A01
201300011624,0,7,0,0.0,2.0,3.0,1.0,A01
201300011624,0,10,0,0.0,0.0,1.0,23.0,B02
201300011624,0,7,0,0.0,2.0,1.0,1.0,C03
201300011625,0,7,0,4.0,0.0,1.0,1.0,A01
201300011626,0,17,0,0.0,2.0,1.0,2.0,B02
201300011626,0,17,0,0.0,0.0,4.0,2.0,A01
201300011627,0,14,0,0.0,0.0,0.0,2.0,B02
201300011627,0,7,0,4.0,2.0,1.0,2.0,A01
201300011628,0,17,0,0.0,2.0,6.0,1.0,B02
201300011628,0,10,0,0.0,2.0,2.0,12.0,A01
201300011629,0,7,0,0.0,2.0,1.0,1.0,C03
201300011629,0,17,0,0.0,2.0,4.0,1.0,B02
201300011630,0,7,0,2.0,0.0,1.0,14.0,A01
201300011631,0,14,0,0.0,2.0,1.0,1.0,A01
201300011631,0,14,0,0.0,2.0,4.0,1.0,B02
201300011632,0,7,0,3.0,0.0,1.0,1.0,A01
201300011632,0,10,0,1.0,0.0,3.0,1.0,B02
201300011633,0,17,0,0.0,2.0,4.0,2.0,B02
201300011633,0,7,0,0.0,2.0,1.0,2.0,A01
201300011634,0,7,0,0.0,2.0,1.0,2.0,A01
201300011634,0,7,0,0.0,0.0,4.0,1.0,B02
201300011634,0,7,0,0.0,2.0,1.0,2.0,C03
201300011634,0,7,0,0.0,2.0,1.0,2.0,D04
201300011635,0,34,0,0.0,2.0,1.0,2.0,A01
201300011636,0,7,0,0.0,0.0,2.0,1.0,B02
201300011636,0,14,0,0.0,0.0,6.0,13.0,A01
201300011637,0,33,0,3.0,0.0,8.0,16.0,A01
201300011638,0,7,0,0.0,2.0,1.0,2.0,A01
201300011638,0,7,0,0.0,2.0,4.0,2.0,B02
201300011638,0,7,0,0.0,2.0,4.0,2.0,C03
201300011639,0,10,0,3.0,0.0,1.0,1.0,A01
201300011640,0,7,0,5.0,0.0,1.0,1.0,A01
201300011641,0,7,0,0.0,2.0,2.0,14.0,A01
201300011641,0,15,0,0.0,0.0,3.0,1.0,B02
201300011642,0,7,0,0.0,2.0,3.0,2.0,A01
201300011642,0,7,0,0.0,0.0,5.0,2.0,B02
201300011643,0,15,0,14.0,0.0,1.0,2.0,B02
201300011643,0,7,0,0.0,0.0,4.0,23.0,A01
201300011644,0,7,0,0.0,1.0,3.0,1.0,A01
201300011645,0,15,0,0.0,2.0,1.0,17.0,A01
201300011645,0,7,0,0.0,0.0,4.0,13.0,B02
201300011646,0,7,0,3.0,0.0,1.0,0.0,A01
201300011647,0,17,0,3.0,0.0,3.0,1.0,A01
201300011648,0,7,0,0.0,0.0,4.0,1.0,B02
201300011648,0,17,0,0.0,2.0,1.0,1.0,A01
201300011649,0,7,0,0.0,2.0,1.0,2.0,A01
201300011649,0,10,0,0.0,2.0,4.0,2.0,B02
201300011650,0,7,0,0.0,2.0,6.0,1.0,B02
201300011650,0,7,0,0.0,2.0,2.0,12.0,A01
201300011651,0,7,0,3.0,2.0,4.0,1.0,B02
201300011651,0,7,0,1.0,0.0,1.0,2.0,A01
201300011652,0,7,0,3.0,0.0,3.0,1.0,A01
201300011653,0,10,0,0.0,2.0,2.0,2.0,A01
201300011653,0,7,0,0.0,0.0,4.0,2.0,E05
201300011653,0,7,0,0.0,0.0,4.0,2.0,D04
201300011653,0,7,0,0.0,2.0,1.0,21.0,C03
201300011653,0,7,0,0.0,0.0,4.0,2.0,B02
201300011653,0,7,0,4.0,0.0,8.0,1.0,F06
201300011654,0,7,0,0.0,2.0,6.0,2.0,B02
201300011654,0,7,0,0.0,2.0,2.0,2.0,A01
201300011655,0,7,0,4.0,0.0,8.0,3.0,A01
201300011655,0,14,0,0.0,2.0,2.0,1.0,B02
201300011656,0,14,0,0.0,2.0,7.0,1.0,B02
201300011656,0,7,0,3.0,2.0,1.0,1.0,A01
201300011657,0,7,0,0.0,0.0,6.0,1.0,A01
201300011657,0,7,0,0.0,0.0,1.0,14.0,B02
201300011658,0,7,0,14.0,0.0,2.0,2.0,A01
201300011658,0,7,0,0.0,0.0,8.0,2.0,B02
201300011659,0,7,0,4.0,0.0,1.0,17.0,A01
201300011660,0,17,0,0.0,2.0,6.0,1.0,B02
201300011660,0,17,0,0.0,2.0,2.0,1.0,A01
201300011661,0,33,0,0.0,2.0,1.0,2.0,B02
201300011661,0,7,0,0.0,2.0,5.0,15.0,A01
201300011662,0,7,0,0.0,2.0,1.0,1.0,A01
201300011662,0,15,0,0.0,2.0,5.0,1.0,B02
201300011663,0,10,0,0.0,0.0,9.0,0.0,A01
201300011664,0,7,0,6.0,1.0,1.0,1.0,A01
201300011665,0,30,0,0.0,2.0,1.0,13.0,A01
201300011665,0,7,0,0.0,2.0,3.0,1.0,B02
201300011666,0,7,0,0.0,2.0,1.0,1.0,B02
201300011666,0,33,0,0.0,2.0,1.0,1.0,A01
201300011667,0,7,0,0.0,2.0,3.0,1.0,A01
201300011667,0,7,0,0.0,2.0,2.0,1.0,B02
201300011668,0,33,0,0.0,2.0,2.0,1.0,A01
201300011668,0,7,0,0.0,2.0,3.0,16.0,B02
201300011669,0,7,0,0.0,2.0,1.0,0.0,C03
201300011669,0,7,0,0.0,2.0,3.0,6.0,A01
201300011669,0,7,0,0.0,2.0,6.0,1.0,B02
201300011670,0,7,0,0.0,2.0,1.0,5.0,A01
201300011670,0,7,0,0.0,2.0,1.0,1.0,B02
201300011671,0,7,0,0.0,2.0,8.0,1.0,A01
201300011671,0,1,0,0.0,2.0,8.0,1.0,B02
201300011672,0,99,0,0.0,9.0,0.0,4.0,A01
201300011673,0,7,0,1.0,0.0,3.0,2.0,C03
201300011673,0,7,0,3.0,0.0,1.0,1.0,A01
201300011673,0,10,0,0.0,2.0,3.0,2.0,B02
201300011674,0,15,0,0.0,0.0,8.0,1.0,A01
201300011675,0,33,0,0.0,2.0,1.0,2.0,A01
201300011675,0,7,0,0.0,2.0,4.0,2.0,B02
201300011676,0,7,0,1.0,1.0,2.0,2.0,A01
201300011677,0,7,0,4.0,0.0,1.0,0.0,A01
201300011678,0,10,0,3.0,0.0,2.0,0.0,A01
201300011679,0,7,0,4.0,0.0,2.0,1.0,A01
201300011680,0,7,0,0.0,2.0,4.0,23.0,B02
201300011680,0,7,0,0.0,2.0,1.0,2.0,A01
201300011681,0,7,0,0.0,2.0,2.0,2.0,A01
201300011681,0,7,0,0.0,0.0,6.0,2.0,B02
201300011682,0,7,0,0.0,2.0,7.0,12.0,A01
201300011682,0,7,0,0.0,2.0,8.0,1.0,B02
201300011683,0,7,0,4.0,0.0,3.0,1.0,A01
201300011684,0,7,0,8.0,0.0,1.0,14.0,A01
201300011685,0,10,0,3.0,0.0,1.0,14.0,A01
201300011686,0,7,0,0.0,2.0,2.0,14.0,A01
201300011686,0,15,0,0.0,2.0,6.0,1.0,B02
201300011687,0,7,0,4.0,2.0,3.0,5.0,A01
201300011687,0,10,0,4.0,2.0,3.0,17.0,B02
201300011688,0,10,0,3.0,0.0,9.0,21.0,A01
201300011689,0,10,0,3.0,0.0,9.0,1.0,A01
201300011690,0,10,0,0.0,2.0,2.0,2.0,A01
201300011690,0,7,0,0.0,0.0,4.0,2.0,B02
201300011691,0,7,0,3.0,0.0,9.0,1.0,A01
201300011692,0,7,0,4.0,0.0,9.0,17.0,A01
201300011693,0,7,0,4.0,0.0,3.0,1.0,A01
201300011694,0,7,0,4.0,0.0,3.0,2.0,A01
201300011695,0,7,0,0.0,2.0,2.0,14.0,A01
201300011695,0,15,0,0.0,2.0,6.0,0.0,B02
201300011696,0,7,0,6.0,0.0,1.0,1.0,A01
201300011697,0,7,0,3.0,0.0,2.0,2.0,A01
201300011698,0,7,0,0.0,2.0,1.0,2.0,A01
201300011698,0,7,0,0.0,0.0,4.0,1.0,B02
201300011699,0,7,0,6.0,0.0,1.0,14.0,A01
201300011700,0,7,0,0.0,2.0,2.0,2.0,A01
201300011700,0,17,0,0.0,0.0,6.0,1.0,B02
201300011701,0,14,0,0.0,2.0,6.0,17.0,A01
201300011701,0,7,0,0.0,2.0,2.0,1.0,B02
201300011702,0,7,0,13.0,0.0,3.0,14.0,A01
201300011703,0,10,0,0.0,2.0,1.0,2.0,A01
201300011703,0,7,0,0.0,0.0,4.0,1.0,B02
201300011704,0,17,0,0.0,0.0,6.0,1.0,B02
201300011704,0,7,0,0.0,2.0,2.0,14.0,A01
201300011705,0,7,0,0.0,0.0,2.0,14.0,A01
201300011705,0,17,0,0.0,0.0,0.0,1.0,B02
201300011706,0,7,0,0.0,1.0,1.0,1.0,A01
201300011707,0,7,0,0.0,2.0,1.0,2.0,A01
201300011707,0,14,0,0.0,0.0,0.0,1.0,B02
201300011707,0,7,0,0.0,2.0,1.0,2.0,D04
201300011707,0,7,0,0.0,2.0,1.0,2.0,E05
201300011707,0,7,0,0.0,2.0,1.0,2.0,F06
201300011707,0,7,0,0.0,2.0,1.0,2.0,G07
201300011707,0,7,0,0.0,2.0,1.0,2.0,H08
201300011707,0,7,0,0.0,2.0,1.0,2.0,C09
201300011707,0,10,0,0.0,2.0,1.0,0.0,J10
201300011707,0,14,0,0.0,2.0,1.0,2.0,K11
201300011708,0,14,0,0.0,2.0,4.0,1.0,B02
201300011708,0,7,0,0.0,2.0,1.0,2.0,A01
201300011709,0,10,0,1.0,0.0,2.0,14.0,A01
201300011709,0,10,0,0.0,9.0,1.0,2.0,C03
201300011709,0,17,0,0.0,2.0,6.0,24.0,B02
201300011710,0,33,0,0.0,2.0,1.0,1.0,B02
201300011710,0,7,0,0.0,0.0,0.0,1.0,A01
201300011711,0,7,0,3.0,2.0,1.0,2.0,A01
201300011711,0,14,0,0.0,0.0,4.0,1.0,B02
201300011712,0,15,0,0.0,2.0,1.0,2.0,B02
201300011712,0,14,0,0.0,0.0,4.0,1.0,A01
201300011713,0,33,0,7.0,0.0,1.0,1.0,A01
201300011714,0,15,0,0.0,0.0,4.0,2.0,B02
201300011714,0,7,0,0.0,2.0,1.0,2.0,A01
201300011715,0,7,0,4.0,0.0,1.0,13.0,A01
201300011716,0,33,0,0.0,0.0,7.0,1.0,A01
201300011717,0,7,0,0.0,2.0,3.0,1.0,A01
201300011717,0,7,0,0.0,2.0,3.0,13.0,B02
201300011718,0,33,0,0.0,0.0,8.0,16.0,A01
201300011719,0,33,0,0.0,2.0,1.0,17.0,B02
201300011719,0,7,0,0.0,2.0,8.0,15.0,A01
201300011720,0,10,0,0.0,2.0,3.0,16.0,A01
201300011720,0,15,0,0.0,2.0,8.0,15.0,B02
201300011721,0,7,0,0.0,2.0,1.0,1.0,B02
201300011721,0,33,0,0.0,2.0,1.0,13.0,A01
201300011722,0,7,0,0.0,2.0,1.0,15.0,A01
201300011722,0,31,0,0.0,2.0,2.0,1.0,B02
201300011723,0,7,0,1.0,0.0,1.0,2.0,C03
201300011723,0,10,0,1.0,0.0,1.0,0.0,D04
201300011723,0,10,0,0.0,2.0,4.0,2.0,B02
201300011723,0,10,0,0.0,2.0,1.0,2.0,A01
201300011724,0,7,0,0.0,2.0,1.0,2.0,A01
201300011724,0,17,0,0.0,0.0,5.0,2.0,B02
201300011725,0,7,0,4.0,0.0,3.0,1.0,A01
201300011726,0,7,0,0.0,2.0,7.0,14.0,A01
201300011726,0,17,0,0.0,2.0,8.0,1.0,B02
201300011727,0,15,0,0.0,2.0,4.0,2.0,B02
201300011727,0,7,0,0.0,2.0,1.0,2.0,A01
201300011728,0,7,0,4.0,0.0,2.0,0.0,A01
201300011729,0,17,0,3.0,0.0,3.0,1.0,A01
201300011730,0,7,0,4.0,0.0,3.0,21.0,A01
201300011731,0,10,0,0.0,2.0,1.0,2.0,B02
201300011731,0,17,0,0.0,0.0,4.0,9.0,A01
201300011732,0,7,0,3.0,0.0,2.0,1.0,A01
201300011733,0,7,0,0.0,2.0,2.0,1.0,B02
201300011733,0,7,0,4.0,2.0,3.0,13.0,A01
201300011734,0,7,0,4.0,0.0,3.0,13.0,A01
201300011735,0,7,0,0.0,2.0,1.0,2.0,B02
201300011735,0,15,0,0.0,0.0,4.0,1.0,A01
201300011736,0,7,0,0.0,2.0,3.0,1.0,B02
201300011736,0,7,0,4.0,2.0,1.0,13.0,A01
201300011736,0,14,0,0.0,2.0,1.0,1.0,C03
201300011737,0,7,0,0.0,2.0,1.0,1.0,B02
201300011737,0,7,0,0.0,2.0,1.0,5.0,A01
201300011738,0,7,0,4.0,2.0,1.0,17.0,A01
201300011738,0,7,0,0.0,2.0,8.0,1.0,B02
201300011739,0,7,0,4.0,0.0,3.0,0.0,A01
201300011740,0,7,0,4.0,0.0,3.0,11.0,A01
201300011741,0,10,0,0.0,0.0,1.0,1.0,A01
201300011742,0,7,0,0.0,2.0,1.0,1.0,B02
201300011742,0,7,0,0.0,2.0,4.0,1.0,A01
201300011742,0,7,0,0.0,2.0,7.0,1.0,C03
201300011742,0,7,0,0.0,0.0,1.0,1.0,D04
201300011743,0,1,0,0.0,0.0,6.0,1.0,B02
201300011743,0,7,0,0.0,9.0,2.0,1.0,A01
201300011744,0,7,0,0.0,0.0,2.0,1.0,A01
201300011744,0,7,0,0.0,0.0,3.0,0.0,B02
201300011745,0,7,0,0.0,2.0,3.0,13.0,B02