Num_Acc,senc,catv,occutc,obs,obsm,choc,manv,num_veh
201300011745,0,7,0,0.0,2.0,3.0,1.0,A01
201300011746,0,7,0,0.0,0.0,4.0,23.0,B02
201300011746,0,31,0,0.0,2.0,1.0,1.0,A01
201300011747,0,7,0,9.0,0.0,3.0,1.0,A01
201300011748,0,10,0,0.0,2.0,3.0,1.0,A01
201300011748,0,15,0,0.0,2.0,7.0,17.0,B02
201300011749,0,14,0,0.0,2.0,1.0,1.0,A01
201300011749,0,7,0,0.0,2.0,4.0,17.0,B02
201300011750,0,7,0,0.0,2.0,8.0,1.0,A01
201300011750,0,7,0,0.0,2.0,3.0,13.0,B02
201300011751,0,7,0,0.0,2.0,1.0,1.0,B02
201300011751,0,33,0,0.0,2.0,4.0,21.0,A01
201300011752,0,15,0,0.0,2.0,8.0,19.0,A01
201300011752,0,7,0,0.0,2.0,1.0,1.0,B02
201300011753,0,20,0,0.0,2.0,3.0,1.0,B02
201300011753,0,33,0,0.0,2.0,1.0,2.0,A01
201300011753,0,7,0,0.0,2.0,4.0,1.0,C03
201300011754,0,7,0,0.0,2.0,4.0,2.0,C03
201300011754,0,7,0,0.0,2.0,1.0,2.0,D04
201300011754,0,7,0,0.0,2.0,1.0,2.0,E05
201300011754,0,7,0,0.0,2.0,1.0,1.0,B02
201300011754,0,7,0,0.0,2.0,4.0,23.0,A01
201300011755,0,7,0,0.0,2.0,1.0,1.0,C03
201300011755,0,7,0,0.0,2.0,1.0,5.0,B02
201300011755,0,7,0,0.0,2.0,1.0,1.0,A01
201300011756,0,7,0,0.0,2.0,3.0,13.0,A01
201300011756,0,7,0,0.0,2.0,3.0,1.0,B02
201300011757,0,7,0,0.0,2.0,3.0,1.0,A01
201300011757,0,3,0,0.0,2.0,3.0,1.0,B02
201300011758,0,7,0,3.0,2.0,6.0,1.0,B02
201300011758,0,7,0,0.0,2.0,2.0,1.0,A01
201300011759,0,33,0,0.0,2.0,1.0,2.0,B02
201300011759,0,7,0,0.0,0.0,6.0,2.0,A01
201300011760,0,7,0,3.0,0.0,1.0,1.0,A01
201300011761,0,31,0,8.0,0.0,2.0,1.0,A01
201300011762,0,7,0,7.0,2.0,1.0,1.0,A01
201300011762,0,7,0,7.0,2.0,7.0,1.0,B02
201300011763,0,7,0,4.0,0.0,1.0,1.0,A01
201300011764,0,7,0,13.0,0.0,1.0,12.0,A01
201300011765,0,7,0,1.0,0.0,1.0,2.0,B02
201300011765,2,7,0,1.0,0.0,8.0,23.0,A01
201300011765,0,37,10,1.0,0.0,1.0,1.0,C03
201300011766,0,7,0,0.0,2.0,2.0,15.0,A01
201300011766,0,2,0,0.0,2.0,1.0,1.0,B02
201300011767,0,7,0,2.0,0.0,3.0,13.0,A01
201300011768,0,7,0,0.0,2.0,2.0,1.0,A01
201300011768,0,7,0,0.0,2.0,1.0,13.0,B02
201300011769,0,7,0,0.0,2.0,2.0,13.0,A01
201300011769,0,7,0,0.0,2.0,2.0,13.0,B02
201300011770,0,7,0,0.0,2.0,3.0,11.0,A01
201300011770,0,7,0,0.0,2.0,5.0,1.0,B02
201300011771,0,7,0,4.0,0.0,3.0,1.0,A01
201300011772,0,7,0,0.0,1.0,6.0,4.0,A01
201300011773,0,10,0,0.0,2.0,2.0,2.0,A01
201300011773,0,15,0,0.0,2.0,6.0,2.0,B02
201300011774,0,7,0,4.0,0.0,1.0,1.0,B02
201300011774,0,15,0,0.0,0.0,0.0,1.0,A01
201300011774,0,7,0,0.0,9.0,1.0,1.0,C03
201300011775,0,7,0,4.0,0.0,1.0,19.0,A01
201300011776,0,33,0,0.0,0.0,0.0,1.0,A01
201300011777,0,7,0,7.0,0.0,9.0,1.0,A01
201300011778,0,7,0,0.0,2.0,2.0,1.0,A01
201300011778,0,10,0,0.0,2.0,3.0,1.0,B02
201300011779,0,7,0,14.0,0.0,1.0,1.0,F06
201300011779,0,17,0,0.0,0.0,0.0,1.0,A01
201300011779,0,7,0,14.0,0.0,1.0,1.0,D04
201300011779,0,7,0,14.0,0.0,1.0,1.0,C03
201300011779,0,7,0,14.0,0.0,3.0,1.0,B02
201300011779,0,7,0,14.0,0.0,1.0,1.0,E05
201300011780,0,38,1,0.0,0.0,6.0,2.0,B02
201300011780,0,14,0,0.0,2.0,2.0,2.0,A01
201300011781,0,7,0,4.0,0.0,6.0,2.0,A01
201300011782,0,10,0,4.0,0.0,8.0,17.0,A01
201300011783,0,7,0,0.0,2.0,1.0,2.0,A01
201300011783,0,7,0,0.0,0.0,4.0,2.0,B02
201300011783,0,7,0,0.0,0.0,8.0,2.0,C03
201300011784,0,33,0,3.0,0.0,7.0,1.0,A01
201300011785,0,33,0,4.0,0.0,2.0,1.0,A01
201300011786,0,7,0,0.0,2.0,1.0,2.0,A01
201300011786,0,7,0,3.0,2.0,4.0,2.0,B02
201300011787,0,7,0,0.0,2.0,1.0,2.0,B02
201300011787,0,7,0,0.0,0.0,4.0,2.0,A01
201300011788,0,7,0,1.0,0.0,1.0,1.0,A01
201300011788,0,7,0,0.0,0.0,4.0,24.0,B02
201300011789,0,7,0,13.0,2.0,8.0,1.0,A01
201300011789,0,7,0,0.0,2.0,7.0,1.0,B02
201300011790,0,17,0,0.0,2.0,6.0,1.0,B02
201300011790,0,7,0,0.0,2.0,2.0,1.0,A01
201300011791,0,15,0,9.0,0.0,1.0,2.0,A01
201300011791,0,7,0,0.0,0.0,4.0,23.0,B02
201300011792,0,15,0,0.0,2.0,4.0,1.0,B02
201300011792,0,7,0,0.0,2.0,1.0,14.0,A01
201300011793,0,17,0,0.0,2.0,6.0,1.0,A01
201300011793,0,7,0,0.0,9.0,1.0,1.0,C03
201300011793,0,17,0,0.0,9.0,7.0,1.0,B02
201300011794,0,7,0,4.0,0.0,3.0,13.0,A01
201300011794,0,15,0,0.0,2.0,3.0,1.0,B02
201300011795,0,17,0,0.0,0.0,4.0,2.0,B02
201300011795,0,17,0,0.0,2.0,1.0,2.0,A01
201300011796,1,7,0,0.0,2.0,1.0,17.0,A01
201300011796,0,7,0,0.0,2.0,8.0,2.0,B02
201300011796,0,7,0,0.0,2.0,2.0,2.0,C03
201300011797,0,17,0,0.0,2.0,3.0,1.0,B02
201300011797,0,7,0,0.0,2.0,1.0,14.0,A01
201300011798,0,7,0,0.0,2.0,1.0,5.0,A01
201300011798,0,7,0,0.0,2.0,1.0,17.0,B02
201300011799,0,10,0,3.0,0.0,7.0,1.0,A01
201300011800,0,7,0,0.0,2.0,1.0,2.0,A01
201300011800,0,7,0,0.0,2.0,4.0,2.0,C03
201300011800,0,10,0,0.0,2.0,4.0,2.0,B02
201300011801,0,7,0,0.0,0.0,0.0,17.0,B02
201300011801,0,7,0,0.0,0.0,2.0,21.0,A01
201300011802,0,7,0,0.0,2.0,4.0,1.0,C03
201300011802,0,7,0,0.0,2.0,8.0,1.0,E05
201300011802,0,3,0,0.0,2.0,4.0,1.0,D04
201300011802,0,7,0,0.0,2.0,4.0,1.0,B02
201300011802,0,7,0,0.0,2.0,1.0,1.0,A01
201300011803,0,17,0,0.0,2.0,2.0,2.0,A01
201300011803,0,7,0,3.0,2.0,6.0,1.0,B02
201300011803,0,17,0,0.0,0.0,0.0,0.0,C03
201300011804,0,7,0,0.0,2.0,1.0,2.0,A01
201300011804,0,7,0,0.0,2.0,4.0,2.0,B02
201300011804,0,7,0,0.0,2.0,4.0,2.0,C03
201300011805,0,33,0,0.0,9.0,1.0,1.0,B02
201300011805,0,15,0,0.0,9.0,0.0,1.0,A01
201300011806,0,17,0,0.0,2.0,2.0,1.0,B02
201300011806,0,7,0,0.0,2.0,4.0,0.0,A01
201300011807,0,7,0,4.0,0.0,9.0,13.0,A01
201300011808,0,7,0,4.0,0.0,8.0,13.0,A01
201300011809,0,7,0,0.0,2.0,5.0,1.0,D04
201300011809,0,7,0,0.0,2.0,1.0,1.0,A01
201300011809,0,15,0,0.0,2.0,8.0,1.0,C03
201300011809,0,7,0,0.0,2.0,1.0,1.0,B02
201300011810,0,10,0,4.0,0.0,1.0,1.0,A01
201300011810,0,7,0,0.0,2.0,3.0,2.0,B02
201300011811,0,7,0,3.0,0.0,3.0,1.0,A01
201300011812,0,10,0,0.0,0.0,0.0,24.0,A01
201300011813,0,7,0,0.0,2.0,7.0,2.0,A01
201300011813,0,15,0,0.0,2.0,2.0,2.0,B02
201300011814,0,7,0,3.0,2.0,1.0,2.0,A01
201300011814,0,17,0,0.0,2.0,6.0,2.0,B02
201300011815,0,17,0,1.0,1.0,3.0,14.0,A01
201300011816,0,7,0,0.0,2.0,2.0,2.0,A01
201300011816,0,10,0,0.0,0.0,6.0,2.0,B02
201300011817,0,10,0,0.0,2.0,8.0,2.0,C03
201300011817,0,10,0,0.0,2.0,2.0,2.0,A01
201300011817,0,7,0,0.0,2.0,4.0,2.0,B02
201300011818,0,38,0,3.0,0.0,2.0,0.0,A01
201300011819,0,7,0,0.0,1.0,7.0,14.0,A01
201300011820,0,7,0,0.0,2.0,7.0,19.0,A01
201300011820,0,10,0,0.0,2.0,1.0,1.0,B02
201300011821,0,7,0,0.0,2.0,1.0,1.0,A01
201300011821,0,7,0,0.0,2.0,1.0,13.0,B02
201300011822,0,10,0,0.0,2.0,2.0,5.0,A01
201300011822,0,7,0,0.0,2.0,3.0,1.0,B02
201300011823,0,7,0,0.0,2.0,8.0,15.0,B02
201300011823,0,7,0,0.0,2.0,2.0,17.0,A01
201300011824,0,7,0,0.0,0.0,1.0,14.0,A01
201300011825,0,7,0,0.0,2.0,7.0,15.0,A01
201300011825,0,31,0,0.0,2.0,5.0,1.0,B02
201300011826,0,7,0,0.0,2.0,1.0,13.0,A01
201300011826,0,7,0,0.0,2.0,1.0,1.0,B02
201300011827,0,7,0,13.0,0.0,9.0,14.0,A01
201300011828,0,7,0,0.0,0.0,7.0,14.0,A01
201300011829,0,7,0,0.0,2.0,1.0,14.0,A01
201300011829,0,10,0,0.0,0.0,4.0,1.0,B02
201300011830,0,7,0,0.0,2.0,1.0,1.0,A01
201300011830,0,17,0,0.0,0.0,4.0,1.0,B02
201300011831,0,10,0,3.0,0.0,7.0,14.0,A01
201300011832,0,7,0,14.0,0.0,1.0,21.0,C03
201300011832,0,7,0,13.0,2.0,2.0,14.0,A01
201300011832,0,7,0,13.0,0.0,6.0,1.0,B02
201300011833,0,14,0,0.0,2.0,8.0,1.0,B02
201300011833,0,7,0,0.0,2.0,2.0,14.0,A01
201300011834,0,7,0,0.0,2.0,5.0,0.0,A01
201300011834,0,7,0,0.0,0.0,3.0,1.0,B02
201300011835,0,10,0,4.0,2.0,1.0,2.0,A01
201300011835,0,17,0,0.0,2.0,4.0,2.0,B02
201300011836,0,7,0,13.0,0.0,1.0,1.0,A01
201300011837,0,7,0,13.0,0.0,9.0,1.0,A01
201300011837,0,7,0,0.0,2.0,1.0,1.0,B02
201300011837,0,7,0,0.0,2.0,4.0,1.0,C03
201300011837,0,7,0,0.0,2.0,6.0,23.0,D04
201300011838,0,10,0,14.0,0.0,1.0,1.0,A01
201300011839,0,7,0,13.0,0.0,2.0,0.0,A01
201300011840,0,15,0,4.0,0.0,1.0,1.0,A01
201300011840,0,7,0,14.0,0.0,1.0,1.0,B02
201300011841,0,7,0,0.0,2.0,2.0,2.0,A01
201300011841,0,13,0,0.0,0.0,6.0,1.0,B02
201300011842,0,99,0,1.0,0.0,2.0,14.0,A01
201300011842,0,15,0,1.0,2.0,6.0,24.0,B02
201300011843,0,17,0,13.0,0.0,2.0,1.0,A01
201300011844,0,7,0,13.0,0.0,9.0,1.0,A01
201300011845,0,7,0,7.0,0.0,7.0,1.0,A01
201300011846,0,7,0,0.0,2.0,3.0,15.0,A01
201300011846,0,1,0,0.0,2.0,1.0,15.0,B02
201300011847,0,31,0,0.0,0.0,1.0,17.0,B02
201300011847,0,7,0,0.0,0.0,6.0,17.0,A01
201300011848,0,1,0,0.0,0.0,0.0,0.0,A01
201300011849,0,30,0,0.0,0.0,0.0,16.0,A01
201300011850,0,7,0,0.0,1.0,3.0,1.0,A01
201300011851,0,7,0,2.0,0.0,1.0,15.0,A01
201300011852,0,7,0,0.0,2.0,1.0,1.0,B02
201300011852,0,7,0,0.0,0.0,4.0,9.0,A01
201300011853,0,7,0,0.0,2.0,1.0,11.0,B02
201300011853,0,2,0,0.0,2.0,6.0,1.0,A01
201300011854,0,7,0,0.0,2.0,3.0,16.0,A01
201300011854,0,2,0,0.0,2.0,1.0,1.0,B02
201300011855,0,7,0,0.0,2.0,6.0,1.0,B02
201300011855,0,7,0,0.0,2.0,3.0,0.0,C03
201300011855,0,30,0,0.0,2.0,3.0,13.0,A01
201300011856,0,33,0,6.0,0.0,1.0,1.0,A01
201300011857,0,30,0,14.0,0.0,1.0,0.0,A01
201300011857,0,7,0,0.0,0.0,6.0,23.0,B02
201300011858,1,7,0,0.0,1.0,1.0,1.0,A01
201300011859,0,7,0,3.0,0.0,1.0,1.0,A01
201300011860,0,7,0,7.0,0.0,1.0,14.0,A01
201300011861,0,10,0,4.0,0.0,3.0,13.0,A01
201300011862,0,7,0,2.0,0.0,8.0,1.0,A01
201300011863,0,33,0,0.0,0.0,8.0,1.0,A01
201300011864,0,33,0,0.0,2.0,5.0,12.0,A01
201300011864,0,7,0,0.0,2.0,3.0,1.0,B02
201300011865,0,7,0,0.0,2.0,1.0,1.0,A01
201300011865,0,17,0,0.0,2.0,4.0,1.0,B02
201300011866,0,7,0,1.0,0.0,2.0,21.0,B02
201300011867,0,7,0,0.0,2.0,1.0,1.0,B02
201300011867,0,7,0,0.0,2.0,1.0,5.0,A01
201300011868,0,7,0,14.0,0.0,2.0,2.0,B02
201300011868,0,7,0,8.0,0.0,1.0,1.0,A01
201300011869,0,7,0,7.0,0.0,8.0,1.0,A01
201300011870,0,7,0,4.0,0.0,1.0,9.0,A01
201300011871,0,10,0,1.0,0.0,3.0,2.0,A01
201300011872,0,7,0,0.0,0.0,1.0,0.0,A01
201300011873,0,10,0,0.0,0.0,0.0,1.0,A01
201300011874,0,10,0,0.0,2.0,4.0,17.0,A01
201300011874,0,10,0,0.0,2.0,1.0,2.0,B02
201300011875,0,7,0,3.0,0.0,3.0,1.0,A01
201300011876,0,7,0,0.0,2.0,3.0,1.0,B02
201300011876,0,7,0,0.0,2.0,3.0,5.0,A01
201300011877,0,7,0,0.0,0.0,4.0,1.0,A01
201300011877,0,7,0,0.0,2.0,1.0,2.0,B02
201300011877,0,7,0,0.0,2.0,4.0,2.0,C03
201300011877,0,7,0,0.0,2.0,3.0,2.0,D04
201300011878,0,7,0,3.0,0.0,1.0,13.0,A01
201300011879,0,10,0,0.0,0.0,9.0,1.0,A01
201300011880,0,7,0,3.0,0.0,8.0,17.0,A01
201300011881,0,10,0,3.0,0.0,1.0,2.0,A01
201300011882,0,7,0,13.0,0.0,2.0,14.0,A01
201300011883,0,7,0,0.0,2.0,4.0,2.0,B02
201300011883,0,7,0,0.0,0.0,5.0,2.0,A01
201300011883,0,7,0,0.0,2.0,4.0,2.0,C03
201300011883,0,33,0,0.0,2.0,1.0,2.0,D04
201300011883,0,7,0,0.0,2.0,6.0,2.0,E05
201300011884,0,31,0,0.0,2.0,3.0,3.0,A01
201300011884,0,7,0,0.0,0.0,5.0,1.0,B02
201300011885,0,7,0,4.0,2.0,2.0,1.0,A01
201300011885,0,7,0,0.0,0.0,6.0,1.0,B02
201300011885,0,7,0,0.0,2.0,8.0,1.0,C03
201300011885,0,17,0,0.0,2.0,8.0,1.0,D04
201300011886,0,17,0,0.0,2.0,2.0,21.0,A01
201300011886,0,7,0,0.0,2.0,7.0,4.0,B02
201300011887,0,7,0,3.0,2.0,7.0,17.0,A01
201300011887,0,7,0,0.0,2.0,8.0,1.0,B02
201300011888,1,7,0,0.0,2.0,7.0,1.0,Z01
201300011888,0,7,0,0.0,2.0,2.0,1.0,B01
201300011888,0,1,0,0.0,2.0,4.0,1.0,A01
201300011889,0,30,0,0.0,0.0,0.0,1.0,A01
201300011890,0,7,0,0.0,2.0,8.0,1.0,B01
201300011890,0,7,0,0.0,2.0,1.0,1.0,A01
201300011891,0,1,0,0.0,1.0,1.0,0.0,A01
201300011892,0,7,0,0.0,1.0,3.0,1.0,A01
201300011893,0,7,0,0.0,2.0,5.0,1.0,A01
201300011893,0,30,0,0.0,2.0,3.0,1.0,B01
201300011894,0,7,0,0.0,2.0,5.0,16.0,A01
201300011894,0,1,0,0.0,2.0,1.0,1.0,B01
201300011895,0,33,0,0.0,2.0,2.0,2.0,A01
201300011895,0,10,0,0.0,2.0,3.0,15.0,B01
201300011896,0,7,0,0.0,2.0,4.0,1.0,A01
201300011896,1,7,0,0.0,2.0,1.0,1.0,B01
201300011897,0,7,0,0.0,1.0,1.0,1.0,A01
201300011898,0,7,0,0.0,2.0,1.0,1.0,A01
201300011898,0,10,0,0.0,2.0,1.0,1.0,B01
201300011899,0,7,0,0.0,1.0,2.0,1.0,A01
201300011900,0,33,0,0.0,2.0,7.0,1.0,B01
201300011900,0,7,0,0.0,2.0,2.0,19.0,A01
201300011901,0,7,0,15.0,0.0,2.0,1.0,A01
201300011902,0,7,0,0.0,2.0,7.0,1.0,B01
201300011902,0,33,0,0.0,2.0,7.0,1.0,A01
201300011903,0,7,0,3.0,0.0,2.0,1.0,A01
201300011904,0,7,0,0.0,2.0,1.0,1.0,A01
201300011904,0,7,0,0.0,2.0,1.0,1.0,B01
201300011905,0,2,0,0.0,2.0,1.0,1.0,B01
201300011905,0,7,0,0.0,2.0,5.0,1.0,A01
201300011906,0,33,0,0.0,2.0,1.0,1.0,C01
201300011906,0,7,0,0.0,2.0,8.0,1.0,B01
201300011906,0,7,0,0.0,2.0,1.0,13.0,A01
201300011907,0,7,0,0.0,0.0,1.0,13.0,A01
201300011908,0,7,0,14.0,0.0,1.0,17.0,A01
201300011909,0,7,0,3.0,0.0,7.0,14.0,A01
201300011910,0,7,0,0.0,2.0,1.0,14.0,A01
201300011910,0,15,0,0.0,2.0,4.0,1.0,B02
201300011911,0,7,0,13.0,0.0,1.0,14.0,A01
201300011912,0,33,0,0.0,0.0,1.0,1.0,A01
201300011913,0,17,0,1.0,0.0,1.0,1.0,B02
201300011913,0,7,0,0.0,2.0,1.0,23.0,A01
201300011914,0,7,0,0.0,0.0,5.0,1.0,C03
201300011914,0,7,0,0.0,2.0,4.0,1.0,B02
201300011914,0,7,0,0.0,2.0,1.0,1.0,A01
201300011915,0,7,0,0.0,2.0,1.0,1.0,B02
201300011915,0,33,0,0.0,2.0,1.0,13.0,A01
201300011916,0,7,0,0.0,2.0,2.0,1.0,B02
201300011916,0,2,0,0.0,2.0,8.0,19.0,A01
201300011917,0,7,0,0.0,2.0,3.0,15.0,B02
201300011917,0,33,0,0.0,2.0,2.0,17.0,A01
201300011918,0,7,0,0.0,2.0,3.0,1.0,B02
201300011918,0,1,0,0.0,2.0,1.0,13.0,A01
201300011919,0,1,0,0.0,0.0,0.0,2.0,A01
201300011920,0,7,0,0.0,2.0,3.0,15.0,A01
201300011920,0,1,0,0.0,2.0,1.0,1.0,B02
201300011921,1,7,0,0.0,1.0,0.0,0.0,A01
201300011922,0,7,0,0.0,2.0,4.0,2.0,B02
201300011922,0,17,0,0.0,2.0,1.0,2.0,A01
201300011923,0,7,0,13.0,0.0,2.0,1.0,A01
201300011924,0,7,0,0.0,2.0,2.0,1.0,B02
201300011924,0,1,0,0.0,2.0,1.0,15.0,A01
201300011925,0,33,0,4.0,0.0,1.0,13.0,A01
201300011926,0,2,0,0.0,2.0,1.0,2.0,A01
201300011926,0,7,0,0.0,0.0,6.0,20.0,B02
201300011927,2,10,0,0.0,2.0,2.0,15.0,B02
201300011927,0,33,0,0.0,2.0,1.0,1.0,A01
201300011928,0,33,0,0.0,2.0,1.0,1.0,B02
201300011928,0,10,0,0.0,2.0,1.0,15.0,A01
201300011929,0,31,0,0.0,2.0,7.0,1.0,B02
201300011929,0,7,0,0.0,2.0,3.0,9.0,A01
201300011930,0,2,0,8.0,0.0,1.0,14.0,A01
201300011931,0,36,0,12.0,0.0,1.0,14.0,A01
201300011932,0,7,0,0.0,2.0,2.0,15.0,A01
201300011932,0,7,0,0.0,2.0,1.0,1.0,B02
201300011933,0,33,0,0.0,2.0,1.0,1.0,A01
201300011933,0,7,0,0.0,2.0,6.0,15.0,B02
201300011934,0,7,0,0.0,2.0,1.0,1.0,B02
201300011934,0,7,0,0.0,2.0,7.0,19.0,A01
201300011935,0,7,0,0.0,2.0,7.0,17.0,A01
201300011935,0,1,0,0.0,2.0,8.0,1.0,B02
201300011936,0,7,0,0.0,1.0,2.0,2.0,A01
201300011937,0,7,0,0.0,0.0,2.0,1.0,A01
201300011937,0,7,0,0.0,0.0,3.0,15.0,B02
201300011938,0,33,0,0.0,0.0,7.0,17.0,A01
201300011939,0,7,0,0.0,6.0,2.0,1.0,A01
201300011940,0,7,0,0.0,2.0,1.0,1.0,A01
201300011940,0,7,0,0.0,2.0,1.0,19.0,B02
201300011941,0,31,0,0.0,0.0,8.0,1.0,A01
201300011942,0,7,0,0.0,1.0,2.0,1.0,A01
201300011943,0,7,0,0.0,2.0,1.0,1.0,B02
201300011943,0,33,0,0.0,2.0,4.0,1.0,A01
201300011944,0,7,0,12.0,0.0,3.0,1.0,A01
201300011945,0,17,0,1.0,0.0,2.0,14.0,A01
201300011945,0,17,0,0.0,0.0,0.0,23.0,B02
201300011946,0,33,0,3.0,2.0,6.0,21.0,A01
201300011946,0,7,0,0.0,2.0,8.0,1.0,B02
201300011946,0,7,0,0.0,2.0,4.0,1.0,C03
201300011947,0,7,0,3.0,0.0,2.0,14.0,A01
201300011948,0,10,0,0.0,2.0,2.0,1.0,A01
201300011948,0,7,0,0.0,0.0,6.0,12.0,B02
201300011949,0,7,0,0.0,2.0,4.0,23.0,D04
201300011949,0,17,0,0.0,2.0,1.0,21.0,A01
201300011949,0,7,0,0.0,2.0,4.0,23.0,C03
201300011949,0,7,0,0.0,2.0,4.0,0.0,G07
201300011949,0,7,0,0.0,2.0,4.0,23.0,E05
201300011949,0,7,0,0.0,2.0,4.0,23.0,B02
201300011949,0,7,0,0.0,2.0,4.0,23.0,F06
201300011950,0,7,0,0.0,2.0,2.0,2.0,B02
201300011950,0,7,0,0.0,0.0,6.0,2.0,A01
201300011951,0,33,0,0.0,0.0,8.0,1.0,A01
201300011952,0,7,0,0.0,2.0,7.0,1.0,B02
201300011952,0,33,0,0.0,2.0,8.0,1.0,A01
201300011953,0,15,0,0.0,2.0,6.0,1.0,A01
201300011953,0,10,0,0.0,2.0,2.0,1.0,B02
201300011954,0,7,0,0.0,0.0,4.0,2.0,B02
201300011954,0,10,0,0.0,2.0,1.0,1.0,A01
201300011955,0,7,0,3.0,0.0,2.0,14.0,A01
201300011956,0,7,0,0.0,1.0,2.0,1.0,A01
201300011957,0,7,0,0.0,2.0,6.0,1.0,C03
201300011957,0,7,0,0.0,2.0,4.0,1.0,B02
201300011957,0,7,0,0.0,2.0,8.0,1.0,D04
201300011957,0,33,0,0.0,2.0,1.0,1.0,A01
201300011958,0,7,0,3.0,0.0,1.0,1.0,A01
201300011958,0,10,0,0.0,2.0,1.0,2.0,B02
201300011959,0,7,0,0.0,2.0,8.0,1.0,E05
201300011959,0,7,0,0.0,2.0,4.0,1.0,C03
201300011959,0,7,0,0.0,2.0,4.0,0.0,D04
201300011959,0,7,0,0.0,2.0,4.0,1.0,B02
201300011959,0,7,0,0.0,2.0,1.0,1.0,A01
201300011960,0,7,0,4.0,0.0,2.0,14.0,A01
201300011961,0,7,0,0.0,1.0,1.0,1.0,A01
201300011962,0,7,0,0.0,9.0,1.0,1.0,D04
201300011962,0,7,0,0.0,9.0,1.0,0.0,C03
201300011962,0,7,0,0.0,9.0,1.0,1.0,B02
201300011962,0,7,0,0.0,9.0,1.0,1.0,E05
201300011962,0,7,0,0.0,9.0,1.0,1.0,F06
201300011962,0,7,0,0.0,9.0,1.0,1.0,A01
201300011962,0,33,0,0.0,9.0,1.0,1.0,G07
201300011963,0,7,0,0.0,9.0,1.0,1.0,D04
201300011963,0,7,0,0.0,0.0,4.0,1.0,A01
201300011963,0,7,0,0.0,2.0,1.0,1.0,B02
201300011964,0,7,0,0.0,2.0,2.0,3.0,A01
201300011964,0,7,0,0.0,9.0,1.0,1.0,C03
201300011964,0,7,0,0.0,2.0,6.0,1.0,B02
201300011964,0,7,0,0.0,9.0,1.0,1.0,D04
201300011965,0,7,0,0.0,1.0,2.0,1.0,A01
201300011966,0,7,0,0.0,2.0,1.0,1.0,A01
201300011966,0,7,0,0.0,2.0,3.0,1.0,D04
201300011966,0,7,0,0.0,2.0,4.0,1.0,B02
201300011966,0,7,0,0.0,2.0,4.0,1.0,C03
201300011967,0,7,0,3.0,9.0,3.0,21.0,B02
201300011967,0,17,0,0.0,9.0,1.0,2.0,E05
201300011967,0,7,0,0.0,9.0,1.0,2.0,F06
201300011967,0,38,0,0.0,9.0,6.0,2.0,C03
201300011967,0,15,0,3.0,9.0,3.0,13.0,A01
201300011967,0,15,0,0.0,2.0,2.0,21.0,D04
201300011967,0,7,0,0.0,9.0,1.0,2.0,G07
201300011968,0,15,0,0.0,2.0,1.0,2.0,A01
201300011968,0,15,0,0.0,2.0,4.0,2.0,B02
201300011969,0,7,0,0.0,2.0,1.0,21.0,C03
201300011969,0,7,0,0.0,2.0,6.0,2.0,F06
201300011969,0,7,0,0.0,2.0,4.0,2.0,A01
201300011969,0,7,0,0.0,2.0,1.0,21.0,D04
201300011969,0,10,0,0.0,2.0,2.0,2.0,H08
201300011969,0,10,0,0.0,2.0,6.0,2.0,I09
201300011969,0,7,0,0.0,2.0,1.0,2.0,B02
201300011969,0,10,0,0.0,2.0,3.0,21.0,G07
201300011969,0,7,0,0.0,2.0,5.0,2.0,E05
201300011970,0,7,0,0.0,0.0,4.0,2.0,A01
201300011970,0,33,0,0.0,2.0,1.0,2.0,B02
201300011971,0,7,0,0.0,2.0,1.0,1.0,A01
201300011971,0,7,0,0.0,2.0,4.0,1.0,B02
201300011972,0,10,0,4.0,0.0,1.0,1.0,C03
201300011972,0,7,0,14.0,0.0,3.0,1.0,A01
201300011972,0,7,0,0.0,2.0,4.0,24.0,B02
201300011973,0,7,0,4.0,0.0,3.0,15.0,A01
201300011974,0,17,0,0.0,2.0,2.0,1.0,B02
201300011974,0,7,0,3.0,2.0,3.0,17.0,A01
201300011975,0,10,0,0.0,0.0,1.0,1.0,A01
201300011976,0,7,0,13.0,0.0,9.0,1.0,A01
201300011977,0,7,0,3.0,0.0,7.0,21.0,A01
201300011978,0,30,0,0.0,0.0,7.0,1.0,A01
201300011978,0,7,0,0.0,2.0,1.0,9.0,B02
201300011979,0,10,0,0.0,0.0,7.0,15.0,A01
201300011979,0,1,0,0.0,2.0,1.0,1.0,B02
201300011980,0,2,0,0.0,2.0,1.0,17.0,B02
201300011980,0,7,0,0.0,2.0,6.0,15.0,A01
201300011981,0,2,0,0.0,2.0,1.0,3.0,B02
201300011981,0,3,0,0.0,2.0,3.0,11.0,A01
201300011982,0,30,0,0.0,0.0,7.0,1.0,A01
201300011983,0,33,0,0.0,2.0,1.0,1.0,B02
201300011983,0,30,0,0.0,2.0,1.0,13.0,A01
201300011984,0,30,0,14.0,0.0,1.0,1.0,A01
201300011985,0,7,0,0.0,2.0,2.0,17.0,A01
201300011985,0,7,0,0.0,2.0,2.0,1.0,B02
201300011986,0,7,0,0.0,0.0,9.0,1.0,A01
201300011987,0,7,0,0.0,2.0,3.0,1.0,A01
201300011987,0,7,0,0.0,2.0,7.0,19.0,B02
201300011988,0,7,0,0.0,2.0,1.0,1.0,B02
201300011988,0,10,0,0.0,2.0,8.0,19.0,A01
201300011989,0,7,0,0.0,2.0,2.0,15.0,A01