Num_Acc,senc,catv,occutc,obs,obsm,choc,manv,num_veh
201300011989,0,7,0,0.0,2.0,3.0,0.0,B02
201300011990,0,33,0,14.0,0.0,0.0,1.0,A01
201300011991,0,2,0,0.0,2.0,7.0,1.0,B02
201300011991,0,7,0,0.0,2.0,2.0,15.0,A01
201300011992,0,21,0,0.0,2.0,3.0,1.0,A01
201300011992,0,31,0,0.0,2.0,3.0,1.0,B02
201300011993,0,33,0,0.0,2.0,3.0,1.0,B01
201300011993,0,7,0,0.0,2.0,8.0,15.0,A02
201300011994,0,7,0,0.0,2.0,3.0,13.0,A01
201300011994,0,7,0,0.0,2.0,3.0,1.0,B02
201300011995,0,7,0,0.0,2.0,7.0,13.0,A01
201300011995,0,10,0,0.0,2.0,1.0,1.0,B02
201300011996,0,17,0,0.0,1.0,5.0,1.0,A01
201300011997,0,1,0,0.0,2.0,6.0,0.0,B01
201300011997,0,7,0,0.0,2.0,1.0,19.0,A02
201300011998,0,7,0,13.0,0.0,2.0,1.0,A01
201300011999,0,2,0,15.0,0.0,7.0,1.0,A01
201300012000,0,30,0,0.0,0.0,0.0,15.0,A01
201300012001,0,7,0,0.0,2.0,7.0,19.0,A01
201300012001,0,7,0,0.0,2.0,1.0,1.0,B02
201300012002,0,7,0,0.0,2.0,1.0,1.0,A01
201300012002,0,21,0,0.0,0.0,4.0,16.0,B02
201300012003,0,7,0,0.0,2.0,0.0,13.0,A01
201300012003,0,7,0,0.0,2.0,2.0,1.0,B02
201300012003,0,7,0,0.0,2.0,3.0,1.0,C03
201300012004,0,7,0,6.0,0.0,3.0,2.0,A01
201300012005,0,30,0,0.0,0.0,8.0,1.0,A01
201300012006,0,7,0,6.0,0.0,3.0,0.0,A01
201300012007,0,7,0,0.0,2.0,0.0,0.0,A01
201300012007,0,2,0,0.0,2.0,5.0,16.0,B02
201300012008,0,10,0,13.0,0.0,2.0,1.0,A01
201300012009,0,30,0,0.0,2.0,1.0,1.0,B01
201300012009,0,21,0,0.0,2.0,2.0,15.0,A02
201300012010,0,2,0,6.0,0.0,1.0,16.0,A01
201300012011,0,1,0,0.0,2.0,2.0,1.0,B01
201300012011,0,7,0,0.0,2.0,3.0,1.0,A02
201300012012,0,7,0,13.0,0.0,9.0,1.0,A01
201300012013,0,7,0,0.0,2.0,3.0,13.0,A01
201300012013,0,7,0,0.0,2.0,3.0,1.0,B02
201300012014,0,1,0,0.0,0.0,0.0,0.0,A01
201300012014,0,7,0,0.0,2.0,2.0,2.0,B02
201300012015,0,33,0,0.0,2.0,1.0,13.0,A01
201300012015,0,17,0,0.0,2.0,3.0,1.0,B02
201300012016,0,7,0,0.0,0.0,8.0,21.0,A01
201300012017,0,7,0,0.0,2.0,2.0,1.0,A01
201300012017,0,33,0,0.0,2.0,3.0,15.0,B02
201300012018,0,7,0,0.0,2.0,1.0,15.0,A01
201300012018,0,1,0,0.0,2.0,1.0,1.0,B02
201300012019,0,30,0,13.0,0.0,1.0,13.0,A01
201300012020,0,7,0,0.0,2.0,5.0,13.0,A01
201300012020,0,7,0,0.0,2.0,1.0,1.0,B02
201300012021,0,2,0,0.0,1.0,1.0,1.0,A01
201300012022,0,7,0,13.0,0.0,9.0,1.0,A01
201300012023,0,7,0,0.0,2.0,3.0,17.0,A01
201300012023,0,20,0,0.0,2.0,3.0,1.0,B02
201300012024,0,7,0,0.0,2.0,8.0,19.0,A01
201300012024,0,10,0,0.0,2.0,1.0,1.0,B02
201300012025,0,21,0,0.0,0.0,8.0,1.0,B02
201300012025,0,7,0,13.0,0.0,3.0,17.0,A01
201300012026,0,10,0,0.0,1.0,7.0,13.0,A01
201300012027,0,7,0,0.0,2.0,1.0,13.0,A01
201300012027,0,7,0,0.0,2.0,1.0,1.0,B02
201300012027,0,7,0,0.0,2.0,3.0,2.0,C03
201300012027,0,7,0,0.0,2.0,7.0,1.0,D04
201300012028,0,7,0,0.0,0.0,8.0,19.0,A01
201300012028,0,7,0,0.0,2.0,1.0,1.0,B02
201300012029,0,7,0,0.0,0.0,7.0,1.0,A01
201300012029,0,10,0,0.0,2.0,1.0,19.0,B02
201300012030,0,7,0,2.0,0.0,1.0,1.0,A01
201300012031,0,7,0,0.0,2.0,3.0,13.0,A01
201300012031,0,7,0,0.0,2.0,3.0,1.0,B02
201300012032,0,17,0,0.0,2.0,1.0,16.0,A01
201300012032,0,1,0,0.0,2.0,7.0,1.0,B02
201300012033,0,7,0,2.0,0.0,7.0,1.0,A01
201300012034,0,7,0,0.0,2.0,3.0,1.0,A01
201300012034,0,7,0,0.0,2.0,3.0,1.0,B02
201300012035,0,10,0,8.0,0.0,1.0,1.0,A01
201300012036,0,7,0,13.0,0.0,3.0,0.0,A01
201300012037,0,7,0,8.0,0.0,7.0,13.0,A01
201300012038,0,7,0,4.0,0.0,3.0,1.0,A01
201300012039,0,7,0,0.0,2.0,2.0,17.0,A01
201300012039,0,7,0,0.0,2.0,8.0,0.0,B02
201300012040,0,14,0,0.0,2.0,7.0,17.0,B02
201300012040,1,7,0,0.0,2.0,8.0,17.0,A01
201300012040,0,7,0,0.0,2.0,0.0,17.0,C03
201300012041,0,7,0,0.0,2.0,2.0,2.0,A01
201300012041,0,7,0,0.0,2.0,6.0,2.0,B02
201300012042,0,7,0,0.0,2.0,6.0,1.0,B02
201300012042,0,33,0,0.0,2.0,1.0,21.0,A01
201300012043,0,33,0,3.0,0.0,1.0,1.0,A01
201300012044,0,7,0,4.0,0.0,1.0,19.0,A01
201300012044,0,7,0,0.0,2.0,1.0,1.0,B02
201300012045,0,10,0,0.0,2.0,6.0,1.0,A01
201300012045,0,33,0,0.0,2.0,5.0,21.0,B02
201300012046,0,7,0,2.0,0.0,1.0,1.0,A01
201300012047,0,17,0,3.0,0.0,3.0,21.0,A01
201300012048,1,17,0,0.0,2.0,2.0,12.0,A01
201300012048,0,7,0,4.0,0.0,6.0,1.0,B02
201300012049,0,33,0,0.0,0.0,8.0,1.0,A01
201300012050,0,31,0,3.0,0.0,8.0,1.0,A01
201300012051,0,7,0,0.0,2.0,3.0,13.0,A01
201300012051,0,7,0,0.0,2.0,3.0,1.0,B02
201300012052,0,7,0,0.0,2.0,8.0,17.0,C03
201300012052,0,7,0,3.0,0.0,1.0,1.0,B02
201300012052,0,7,0,0.0,2.0,8.0,5.0,A01
201300012053,0,10,0,0.0,2.0,1.0,1.0,B02
201300012053,0,10,0,0.0,2.0,1.0,1.0,E05
201300012053,0,7,0,0.0,2.0,4.0,1.0,A01
201300012053,0,15,0,0.0,0.0,5.0,13.0,C03
201300012053,0,7,0,0.0,2.0,4.0,1.0,D04
201300012054,0,7,0,0.0,1.0,1.0,2.0,A01
201300012055,0,7,0,0.0,1.0,0.0,1.0,A01
201300012056,0,7,0,0.0,2.0,2.0,21.0,A01
201300012056,0,33,0,0.0,2.0,1.0,21.0,B01
201300012057,0,33,0,16.0,0.0,0.0,0.0,A01
201300012058,0,7,0,14.0,0.0,1.0,0.0,A01
201300012059,0,7,0,0.0,1.0,0.0,1.0,A01
201300012060,0,30,0,0.0,0.0,4.0,1.0,A01
201300012060,0,7,0,0.0,2.0,2.0,2.0,B01
201300012061,0,7,0,0.0,1.0,1.0,2.0,A01
201300012062,0,7,0,0.0,2.0,4.0,23.0,A01
201300012062,2,7,0,14.0,0.0,1.0,2.0,B01
201300012063,0,7,0,0.0,2.0,8.0,13.0,A01
201300012063,0,14,0,0.0,2.0,3.0,1.0,B02
201300012064,0,7,0,0.0,2.0,2.0,2.0,A01
201300012064,0,3,0,0.0,2.0,4.0,2.0,B02
201300012065,0,38,1,0.0,2.0,1.0,2.0,A01
201300012065,0,14,0,0.0,2.0,4.0,2.0,B02
201300012066,0,14,0,0.0,2.0,3.0,1.0,B02
201300012066,0,10,0,0.0,2.0,3.0,13.0,A01
201300012067,0,7,0,0.0,1.0,2.0,21.0,A01
201300012068,0,7,0,0.0,2.0,1.0,1.0,A01
201300012068,0,33,0,0.0,2.0,8.0,19.0,B02
201300012069,0,7,0,0.0,2.0,3.0,9.0,A01
201300012069,0,2,0,0.0,2.0,7.0,1.0,B02
201300012070,0,15,0,1.0,0.0,1.0,1.0,A01
201300012070,0,14,0,0.0,2.0,9.0,23.0,B02
201300012071,0,7,0,0.0,2.0,3.0,1.0,A01
201300012071,0,7,0,0.0,2.0,8.0,15.0,B02
201300012072,0,7,0,0.0,2.0,1.0,13.0,A01
201300012072,0,7,0,0.0,2.0,2.0,21.0,C03
201300012072,0,10,0,0.0,2.0,3.0,1.0,B02
201300012073,0,10,0,13.0,0.0,7.0,13.0,A01
201300012074,0,7,0,1.0,0.0,7.0,14.0,A01
201300012074,0,17,0,0.0,2.0,5.0,24.0,B02
201300012075,0,7,0,0.0,1.0,3.0,2.0,A01
201300012076,0,2,0,0.0,2.0,1.0,17.0,A01
201300012076,0,7,0,0.0,2.0,6.0,15.0,B02
201300012077,0,2,0,6.0,0.0,1.0,13.0,A01
201300012078,0,7,0,0.0,2.0,1.0,17.0,A01
201300012078,0,7,0,0.0,2.0,1.0,1.0,B02
201300012078,0,7,0,0.0,2.0,8.0,1.0,C03
201300012079,0,31,0,0.0,0.0,9.0,13.0,A01
201300012080,0,33,0,16.0,0.0,9.0,13.0,A01
201300012081,0,33,0,2.0,0.0,1.0,14.0,A01
201300012082,0,7,0,0.0,2.0,3.0,15.0,A01
201300012082,0,33,0,0.0,2.0,1.0,1.0,B02
201300012083,0,14,0,0.0,2.0,3.0,1.0,C03
201300012083,0,7,0,0.0,2.0,5.0,23.0,B02
201300012083,0,33,0,0.0,2.0,1.0,2.0,A01
201300012084,0,14,0,0.0,2.0,1.0,13.0,A01
201300012084,0,7,0,0.0,2.0,3.0,1.0,D04
201300012084,0,7,0,0.0,2.0,3.0,1.0,C03
201300012084,0,14,0,0.0,2.0,6.0,1.0,B02
201300012085,0,1,0,0.0,2.0,8.0,19.0,A01
201300012085,0,7,0,0.0,2.0,1.0,1.0,B02
201300012086,0,30,0,0.0,2.0,1.0,13.0,A01
201300012086,0,7,0,0.0,0.0,3.0,1.0,B02
201300012087,0,7,0,2.0,0.0,1.0,14.0,A01
201300012088,0,7,0,11.0,0.0,1.0,1.0,A01
201300012089,0,7,0,2.0,0.0,8.0,17.0,A01
201300012090,0,10,0,0.0,0.0,8.0,10.0,A01
201300012090,0,7,0,0.0,2.0,1.0,1.0,B02
201300012090,0,7,0,0.0,2.0,1.0,17.0,C03
201300012091,0,7,0,13.0,0.0,9.0,1.0,A01
201300012092,0,7,0,4.0,0.0,1.0,0.0,A01
201300012093,0,33,0,16.0,0.0,1.0,0.0,A01
201300012094,0,7,0,0.0,1.0,2.0,1.0,A01
201300012095,2,7,0,0.0,0.0,8.0,23.0,A01
201300012095,0,7,0,1.0,0.0,1.0,1.0,B02
201300012096,0,33,0,0.0,0.0,0.0,12.0,A01
201300012097,0,7,0,13.0,0.0,1.0,21.0,C03
201300012097,0,10,0,0.0,2.0,6.0,23.0,B02
201300012097,0,15,0,1.0,0.0,2.0,21.0,A01
201300012098,0,7,0,0.0,0.0,0.0,14.0,A01
201300012099,0,10,0,0.0,2.0,1.0,2.0,A01
201300012099,0,7,0,0.0,2.0,4.0,2.0,B02
201300012100,0,14,0,0.0,0.0,7.0,1.0,A01
201300012101,0,33,0,0.0,2.0,8.0,17.0,A01
201300012101,0,14,0,0.0,2.0,6.0,15.0,B02
201300012102,0,10,0,13.0,0.0,3.0,13.0,A01
201300012103,0,7,0,2.0,0.0,6.0,13.0,A01
201300012104,0,21,0,0.0,0.0,8.0,10.0,B02
201300012104,0,33,0,0.0,2.0,0.0,1.0,A01
201300012105,0,99,0,0.0,2.0,4.0,2.0,A01
201300012105,0,7,0,0.0,2.0,2.0,2.0,B02
201300012106,0,7,0,0.0,2.0,8.0,19.0,A01
201300012106,0,37,0,0.0,2.0,3.0,2.0,B02
201300012107,0,17,0,0.0,2.0,1.0,2.0,A01
201300012107,0,17,0,0.0,0.0,4.0,2.0,B02
201300012108,0,33,0,0.0,2.0,1.0,2.0,B02
201300012108,0,10,0,0.0,0.0,7.0,2.0,A01
201300012109,0,7,0,0.0,2.0,1.0,14.0,A01
201300012109,0,7,0,0.0,0.0,3.0,0.0,B02
201300012110,0,7,0,0.0,0.0,1.0,10.0,A01
201300012110,0,1,0,0.0,2.0,1.0,1.0,B02
201300012111,0,7,0,0.0,1.0,2.0,1.0,A01
201300012112,0,7,0,0.0,1.0,2.0,1.0,A01
201300012113,0,10,0,0.0,0.0,3.0,9.0,B02
201300012113,0,1,0,0.0,0.0,2.0,0.0,A01
201300012114,0,7,0,0.0,1.0,3.0,17.0,A01
201300012115,0,33,0,0.0,0.0,0.0,1.0,A01
201300012116,0,7,0,10.0,0.0,1.0,0.0,A01
201300012117,0,7,0,0.0,0.0,3.0,9.0,A01
201300012117,0,99,0,0.0,2.0,1.0,1.0,B02
201300012118,0,33,0,0.0,2.0,1.0,1.0,A01
201300012118,0,7,0,0.0,2.0,1.0,1.0,B02
201300012119,0,33,0,0.0,0.0,8.0,1.0,A01
201300012120,0,7,0,6.0,0.0,1.0,1.0,A01
201300012121,0,7,0,3.0,0.0,7.0,1.0,A01
201300012122,0,7,0,0.0,1.0,3.0,15.0,A01
201300012123,0,34,0,0.0,2.0,1.0,1.0,A01
201300012123,0,10,0,0.0,2.0,3.0,15.0,B02
201300012124,0,37,0,13.0,0.0,1.0,1.0,A01
201300012125,0,33,0,16.0,0.0,1.0,1.0,A01
201300012126,0,7,0,0.0,0.0,0.0,13.0,A01
201300012127,0,33,0,0.0,2.0,4.0,2.0,A01
201300012127,0,33,0,0.0,2.0,1.0,2.0,B02
201300012128,0,33,0,0.0,0.0,1.0,1.0,A01
201300012129,0,14,0,0.0,2.0,6.0,1.0,B02
201300012129,0,10,0,0.0,2.0,2.0,17.0,A01
201300012130,0,17,0,0.0,2.0,6.0,3.0,A01
201300012130,0,7,0,0.0,2.0,2.0,1.0,B02
201300012131,0,7,0,0.0,2.0,4.0,23.0,B02
201300012131,0,7,0,1.0,1.0,1.0,17.0,C03
201300012131,0,7,0,0.0,0.0,4.0,24.0,A01
201300012132,0,33,0,0.0,0.0,0.0,1.0,A01
201300012133,0,13,0,3.0,0.0,1.0,14.0,A01
201300012134,0,15,0,0.0,0.0,6.0,23.0,A01
201300012134,0,7,0,1.0,0.0,2.0,1.0,B02
201300012135,0,33,0,0.0,0.0,0.0,16.0,A01
201300012136,0,7,0,13.0,0.0,9.0,0.0,A01
201300012137,0,33,0,4.0,0.0,2.0,1.0,A01
201300012138,0,15,0,0.0,0.0,6.0,1.0,B02
201300012138,0,10,0,0.0,2.0,2.0,1.0,A01
201300012139,0,7,0,0.0,0.0,1.0,2.0,A01
201300012139,0,7,0,0.0,0.0,4.0,2.0,B02
201300012140,0,7,0,0.0,2.0,7.0,17.0,B02
201300012140,0,17,0,0.0,2.0,8.0,13.0,A01
201300012141,0,10,0,0.0,2.0,7.0,1.0,C03
201300012141,0,15,0,3.0,2.0,1.0,6.0,A01
201300012141,0,7,0,0.0,2.0,1.0,1.0,B02
201300012142,0,10,0,0.0,0.0,9.0,1.0,A01
201300012143,0,7,0,0.0,0.0,4.0,23.0,A01
201300012143,0,10,0,1.0,0.0,1.0,2.0,B02
201300012143,0,7,0,3.0,0.0,6.0,2.0,C03
201300012144,0,17,0,0.0,2.0,2.0,1.0,B02
201300012144,0,7,0,0.0,2.0,6.0,9.0,A01
201300012145,0,7,0,13.0,0.0,2.0,14.0,A01
201300012146,0,7,0,3.0,0.0,3.0,17.0,A01
201300012147,0,10,0,0.0,2.0,3.0,1.0,C03
201300012147,0,7,0,0.0,2.0,1.0,1.0,B02
201300012147,0,7,0,3.0,0.0,1.0,13.0,A01
201300012148,0,7,0,13.0,0.0,1.0,13.0,A01
201300012149,0,7,0,13.0,0.0,1.0,14.0,A01
201300012150,0,10,0,3.0,0.0,3.0,1.0,A01
201300012151,0,33,0,4.0,0.0,1.0,1.0,A01
201300012152,0,17,0,0.0,2.0,2.0,2.0,A01
201300012152,0,7,0,0.0,2.0,4.0,2.0,B02
201300012153,0,17,0,3.0,0.0,2.0,1.0,A01
201300012154,0,7,0,14.0,0.0,1.0,1.0,A01
201300012155,0,7,0,13.0,0.0,1.0,14.0,A01
201300012156,0,10,0,3.0,0.0,3.0,11.0,A01
201300012157,0,7,0,13.0,0.0,2.0,1.0,A01
201300012158,0,33,0,4.0,0.0,7.0,14.0,A01
201300012159,0,7,0,13.0,0.0,2.0,1.0,A01
201300012160,0,7,0,3.0,0.0,2.0,1.0,A01
201300012161,0,33,0,3.0,0.0,2.0,14.0,A01
201300012162,0,7,0,3.0,0.0,5.0,14.0,A01
201300012163,0,7,0,13.0,1.0,3.0,19.0,A01
201300012163,0,7,0,0.0,0.0,6.0,24.0,B02
201300012164,0,7,0,0.0,2.0,8.0,17.0,A01
201300012164,0,7,0,0.0,2.0,3.0,16.0,B02
201300012165,0,21,0,0.0,0.0,8.0,15.0,B02
201300012165,0,33,0,0.0,2.0,1.0,1.0,A01
201300012166,0,7,0,3.0,0.0,2.0,21.0,A01
201300012167,0,7,0,0.0,2.0,3.0,17.0,A01
201300012167,0,7,0,0.0,2.0,3.0,1.0,B02
201300012168,0,7,0,6.0,0.0,1.0,14.0,A01
201300012169,0,33,0,6.0,0.0,1.0,1.0,A01
201300012170,0,7,0,3.0,0.0,1.0,1.0,A01
201300012170,0,7,0,0.0,2.0,1.0,21.0,B02
201300012170,0,7,0,0.0,2.0,1.0,21.0,C03
201300012170,0,7,0,0.0,0.0,6.0,23.0,D04
201300012170,0,7,0,0.0,2.0,2.0,23.0,E05
201300012170,0,7,0,0.0,2.0,2.0,21.0,F06
201300012170,0,7,0,0.0,2.0,2.0,21.0,G07
201300012170,0,7,0,0.0,2.0,7.0,21.0,H08
201300012171,0,7,0,0.0,2.0,4.0,0.0,E05
201300012171,0,7,0,0.0,2.0,4.0,1.0,C03
201300012171,0,7,0,0.0,2.0,4.0,1.0,B02
201300012171,0,7,0,0.0,2.0,4.0,0.0,D04
201300012171,0,7,0,0.0,2.0,1.0,12.0,A01
201300012172,0,7,0,3.0,0.0,2.0,1.0,A01
201300012173,0,34,0,0.0,9.0,0.0,1.0,A01
201300012174,0,10,0,6.0,0.0,3.0,14.0,A01
201300012175,0,33,0,4.0,0.0,9.0,1.0,A01
201300012176,0,7,0,0.0,2.0,7.0,1.0,A01
201300012176,0,33,0,0.0,2.0,3.0,13.0,B02
201300012177,0,15,0,0.0,1.0,2.0,1.0,A01
201300012178,0,34,0,0.0,2.0,1.0,2.0,A01
201300012178,0,7,0,0.0,0.0,6.0,2.0,B02
201300012179,0,7,0,0.0,0.0,4.0,11.0,A01
201300012179,0,7,0,0.0,2.0,1.0,1.0,B02
201300012180,0,31,0,0.0,2.0,1.0,2.0,A01
201300012180,0,7,0,0.0,0.0,4.0,2.0,B02
201300012181,0,7,0,4.0,0.0,1.0,1.0,A01
201300012182,0,7,0,0.0,2.0,2.0,1.0,A01
201300012182,0,14,0,0.0,0.0,6.0,1.0,B02
201300012183,0,7,0,0.0,2.0,4.0,23.0,A01
201300012183,0,33,0,0.0,2.0,1.0,1.0,B02
201300012184,0,34,0,0.0,2.0,3.0,2.0,A01
201300012184,0,7,0,0.0,0.0,4.0,2.0,B02
201300012185,0,7,0,0.0,2.0,6.0,2.0,B02
201300012185,0,7,0,1.0,0.0,2.0,2.0,A01
201300012186,0,7,0,0.0,0.0,0.0,1.0,A01
201300012187,0,17,0,0.0,2.0,3.0,21.0,D04
201300012187,0,7,0,0.0,2.0,1.0,5.0,A01
201300012187,0,7,0,0.0,2.0,3.0,21.0,B02
201300012187,0,7,0,0.0,2.0,1.0,21.0,C03
201300012188,0,7,0,3.0,0.0,2.0,21.0,A01
201300012189,0,17,0,3.0,2.0,8.0,1.0,A01
201300012190,0,33,0,3.0,0.0,1.0,2.0,A01
201300012191,0,7,0,3.0,0.0,3.0,14.0,A01
201300012192,0,7,0,0.0,2.0,1.0,1.0,B02
201300012192,0,7,0,4.0,0.0,1.0,14.0,A01
201300012193,0,7,0,0.0,2.0,1.0,1.0,B02
201300012193,0,7,0,0.0,2.0,1.0,10.0,A01
201300012194,0,17,0,1.0,1.0,1.0,2.0,A01
201300012194,0,10,0,0.0,0.0,4.0,23.0,B02
201300012195,0,7,0,0.0,2.0,1.0,2.0,B02
201300012195,0,10,0,0.0,0.0,4.0,1.0,A01
201300012196,0,7,0,0.0,1.0,3.0,1.0,A01
201300012197,0,7,0,4.0,0.0,8.0,17.0,A01
201300012198,0,7,0,3.0,0.0,2.0,1.0,A01
201300012198,0,7,0,0.0,2.0,1.0,1.0,B02
201300012198,0,7,0,0.0,2.0,1.0,1.0,C03
201300012198,0,7,0,0.0,2.0,3.0,1.0,D04
201300012199,0,7,0,7.0,0.0,1.0,1.0,A01
201300012200,0,15,0,6.0,0.0,1.0,0.0,A01
201300012201,0,10,0,0.0,2.0,2.0,12.0,A01
201300012201,0,7,0,3.0,0.0,6.0,1.0,B02
201300012202,0,7,0,13.0,0.0,9.0,1.0,A01
201300012203,0,7,0,4.0,0.0,2.0,14.0,A01
201300012204,0,7,0,0.0,2.0,4.0,2.0,A01
201300012204,0,17,0,0.0,2.0,0.0,2.0,B02
201300012205,0,7,0,0.0,2.0,1.0,17.0,A01
201300012206,0,33,0,0.0,0.0,0.0,1.0,A01
201300012207,0,10,0,3.0,0.0,2.0,14.0,A01
201300012208,0,7,0,11.0,0.0,1.0,1.0,A01
201300012209,0,7,0,13.0,0.0,1.0,14.0,A01
201300012210,0,17,0,0.0,0.0,0.0,1.0,B02
201300012210,0,7,0,0.0,2.0,2.0,2.0,A01
201300012211,0,33,0,8.0,0.0,0.0,13.0,A01
201300012212,0,30,0,2.0,0.0,1.0,13.0,A01
201300012213,0,7,0,13.0,0.0,9.0,14.0,A01
201300012214,0,33,0,0.0,0.0,7.0,14.0,A01
201300012215,0,7,0,2.0,0.0,8.0,13.0,A01
201300012216,0,7,0,16.0,0.0,1.0,14.0,A01
201300012217,0,7,0,0.0,1.0,4.0,4.0,A01
201300012218,0,10,0,0.0,2.0,1.0,1.0,C03
201300012218,0,7,0,0.0,2.0,4.0,15.0,B02
201300012218,0,7,0,0.0,2.0,3.0,1.0,A01
201300012219,0,14,0,0.0,2.0,2.0,1.0,B02
201300012219,0,7,0,0.0,2.0,4.0,17.0,A01
201300012220,0,7,0,10.0,0.0,2.0,14.0,A01
201300012221,0,7,0,0.0,2.0,1.0,1.0,C03
201300012221,0,7,0,0.0,2.0,1.0,1.0,B02
201300012221,0,7,0,0.0,2.0,2.0,15.0,A01
201300012222,0,10,0,13.0,2.0,2.0,14.0,A01
201300012222,0,38,0,0.0,2.0,3.0,1.0,B02
201300012223,0,38,0,0.0,1.0,1.0,1.0,A01
201300012224,0,7,0,2.0,0.0,1.0,13.0,A01
201300012225,0,7,0,0.0,2.0,3.0,13.0,A01
201300012225,0,7,0,0.0,2.0,3.0,1.0,B02
201300012226,0,14,0,0.0,2.0,3.0,1.0,A01
201300012226,0,7,0,0.0,2.0,3.0,13.0,B02
201300012227,0,33,0,0.0,2.0,1.0,1.0,A01
201300012227,0,7,0,0.0,2.0,2.0,1.0,B02
201300012228,0,17,0,13.0,0.0,1.0,13.0,A01
201300012229,0,17,0,0.0,2.0,1.0,1.0,B02
201300012229,0,7,0,0.0,2.0,8.0,15.0,A01
201300012230,0,7,0,13.0,0.0,2.0,1.0,A01
201300012231,0,7,0,3.0,0.0,9.0,1.0,A01
201300012232,0,7,0,0.0,2.0,3.0,5.0,A01
201300012232,0,7,0,0.0,2.0,3.0,1.0,B02
201300012233,0,7,0,13.0,0.0,1.0,1.0,A01
201300012234,0,7,0,0.0,2.0,3.0,15.0,A01
201300012234,0,2,0,0.0,2.0,8.0,1.0,B02
201300012235,0,1,0,13.0,0.0,7.0,1.0,A01
201300012236,0,10,0,2.0,0.0,1.0,13.0,A01
201300012237,0,31,0,0.0,2.0,1.0,13.0,A01
201300012237,0,7,0,0.0,2.0,3.0,1.0,B02
201300012238,0,7,0,0.0,1.0,2.0,15.0,A01
201300012239,0,7,0,0.0,2.0,6.0,15.0,B02
201300012239,0,7,0,0.0,2.0,1.0,17.0,A01
201300012240,0,30,0,15.0,0.0,1.0,14.0,A01
201300012241,0,7,0,0.0,2.0,1.0,1.0,A01
201300012241,0,7,0,0.0,2.0,8.0,1.0,B02
201300012242,0,30,0,0.0,2.0,1.0,1.0,B02
201300012242,0,7,0,0.0,2.0,1.0,1.0,A01
201300012243,0,20,0,0.0,2.0,1.0,15.0,B02
201300012243,0,30,0,0.0,2.0,3.0,1.0,A01
201300012244,0,7,0,0.0,0.0,1.0,1.0,A01
201300012245,0,33,0,3.0,0.0,7.0,1.0,A01
201300012246,0,7,0,1.0,0.0,4.0,23.0,D04
201300012246,0,7,0,1.0,0.0,4.0,23.0,E05
201300012246,0,7,0,1.0,0.0,5.0,23.0,B02
201300012246,0,7,0,1.0,0.0,4.0,23.0,C03
201300012246,0,7,0,1.0,0.0,1.0,2.0,A01
201300012247,0,14,0,0.0,2.0,1.0,2.0,C03
201300012247,0,14,0,0.0,2.0,5.0,0.0,A01
201300012247,0,7,0,0.0,2.0,4.0,1.0,B02
201300012248,0,7,0,0.0,0.0,0.0,18.0,A01
201300012249,0,7,0,3.0,0.0,7.0,0.0,A01
201300012250,0,7,0,0.0,2.0,6.0,1.0,B02
201300012250,0,7,0,0.0,2.0,2.0,14.0,A01
201300012250,0,7,0,14.0,0.0,1.0,2.0,C03
201300012251,0,7,0,3.0,2.0,9.0,17.0,A01
201300012251,0,7,0,4.0,2.0,1.0,1.0,B02
201300012252,0,13,0,0.0,0.0,6.0,1.0,C03
201300012252,0,7,0,0.0,2.0,3.0,21.0,A01
201300012252,0,7,0,0.0,2.0,1.0,2.0,B02
201300012253,0,7,0,0.0,2.0,1.0,2.0,A01
201300012253,0,7,0,0.0,2.0,4.0,2.0,B02
201300012254,0,7,0,0.0,2.0,7.0,12.0,A01
201300012254,0,31,0,0.0,2.0,9.0,1.0,B02
201300012255,0,33,0,0.0,2.0,1.0,1.0,A01
201300012255,0,7,0,0.0,0.0,5.0,14.0,B02
201300012256,0,7,0,3.0,0.0,2.0,1.0,A01
201300012257,0,7,0,4.0,0.0,2.0,2.0,A01
201300012258,0,7,0,0.0,2.0,6.0,18.0,A01
201300012258,0,10,0,0.0,2.0,2.0,1.0,B02
201300012259,0,7,0,0.0,2.0,4.0,2.0,B02
201300012259,0,7,0,0.0,2.0,1.0,2.0,A01
201300012260,0,7,0,9.0,0.0,3.0,1.0,A01
201300012261,0,7,0,0.0,0.0,8.0,23.0,A01
201300012261,0,17,0,1.0,0.0,2.0,13.0,B02
201300012262,0,7,0,0.0,2.0,1.0,0.0,A01
201300012262,0,7,0,0.0,2.0,4.0,0.0,B02
201300012263,0,7,0,0.0,2.0,1.0,1.0,A01
201300012263,0,7,0,0.0,2.0,9.0,1.0,B02
201300012264,0,7,0,0.0,2.0,2.0,1.0,B02
201300012264,0,7,0,4.0,0.0,3.0,13.0,A01
201300012265,0,7,0,4.0,0.0,3.0,1.0,A01
201300012266,0,7,0,0.0,0.0,6.0,1.0,C03
201300012266,0,7,0,0.0,0.0,2.0,13.0,A01
201300012266,0,7,0,0.0,0.0,6.0,1.0,B02
201300012267,0,7,0,3.0,0.0,9.0,1.0,A01
201300012268,0,7,0,0.0,0.0,1.0,2.0,A01
201300012268,0,7,0,0.0,0.0,4.0,2.0,B02
201300012269,0,7,0,0.0,0.0,0.0,13.0,A01