Num_Acc,senc,catv,occutc,obs,obsm,choc,manv,num_veh
201300012270,0,7,0,4.0,0.0,1.0,17.0,A01
201300012271,0,10,0,0.0,2.0,2.0,11.0,A01
201300012271,0,10,0,0.0,2.0,6.0,0.0,B02
201300012272,0,7,0,3.0,0.0,1.0,3.0,A01
201300012272,0,7,0,14.0,0.0,1.0,1.0,B02
201300012272,0,7,0,0.0,0.0,4.0,1.0,C03
201300012272,0,7,0,0.0,2.0,1.0,1.0,D04
201300012272,0,15,0,0.0,2.0,6.0,1.0,E05
201300012273,0,7,0,0.0,1.0,8.0,13.0,A01
201300012274,0,17,0,4.0,0.0,1.0,14.0,A01
201300012275,0,7,0,0.0,2.0,4.0,17.0,A01
201300012275,0,33,0,0.0,2.0,1.0,1.0,B02
201300012276,0,7,0,0.0,2.0,4.0,1.0,A01
201300012276,0,33,0,0.0,2.0,1.0,1.0,B02
201300012277,0,14,0,0.0,2.0,6.0,1.0,B02
201300012277,0,7,0,0.0,2.0,2.0,14.0,A01
201300012278,0,7,0,0.0,2.0,4.0,2.0,C03
201300012278,0,7,0,0.0,2.0,1.0,2.0,A01
201300012278,0,7,0,0.0,2.0,1.0,2.0,B02
201300012279,0,7,0,4.0,0.0,1.0,1.0,A01
201300012280,0,33,0,1.0,0.0,2.0,20.0,A01
201300012280,0,33,0,1.0,2.0,8.0,24.0,C03
201300012280,0,33,0,1.0,2.0,6.0,24.0,B02
201300012281,0,7,0,0.0,0.0,6.0,1.0,A01
201300012281,1,7,0,0.0,0.0,2.0,14.0,B02
201300012282,0,7,0,3.0,2.0,1.0,1.0,A01
201300012282,0,14,0,0.0,2.0,5.0,1.0,B02
201300012283,0,33,0,0.0,0.0,1.0,1.0,A01
201300012283,0,7,0,0.0,0.0,6.0,1.0,B02
201300012284,0,7,0,0.0,2.0,3.0,1.0,B02
201300012284,0,7,0,0.0,2.0,3.0,1.0,C03
201300012284,2,7,0,4.0,0.0,1.0,1.0,A01
201300012285,0,33,0,0.0,0.0,0.0,0.0,A01
201300012286,0,7,0,0.0,9.0,1.0,1.0,B02
201300012286,0,7,0,0.0,9.0,1.0,1.0,D04
201300012286,0,33,0,3.0,0.0,1.0,1.0,A01
201300012286,0,7,0,0.0,9.0,1.0,1.0,C03
201300012287,0,17,0,0.0,2.0,4.0,1.0,B02
201300012287,0,14,0,0.0,2.0,1.0,1.0,A01
201300012288,0,32,0,0.0,2.0,3.0,1.0,A01
201300012288,0,7,0,0.0,2.0,4.0,1.0,C03
201300012288,0,32,0,0.0,2.0,2.0,9.0,B02
201300012289,0,7,0,0.0,2.0,3.0,2.0,C03
201300012289,0,7,0,0.0,0.0,0.0,1.0,D04
201300012289,0,7,0,0.0,2.0,6.0,1.0,B02
201300012289,0,7,0,14.0,0.0,8.0,14.0,A01
201300012290,0,7,0,2.0,0.0,1.0,17.0,A01
201300012291,0,7,0,3.0,6.0,1.0,21.0,A01
201300012291,0,7,0,1.0,2.0,1.0,1.0,B02
201300012292,0,7,0,0.0,0.0,2.0,1.0,F06
201300012292,0,7,0,0.0,0.0,8.0,1.0,C03
201300012292,0,7,0,0.0,0.0,3.0,1.0,B02
201300012292,0,7,0,0.0,0.0,2.0,1.0,A01
201300012292,0,7,0,0.0,0.0,2.0,1.0,E05
201300012292,0,7,0,0.0,0.0,3.0,1.0,D04
201300012293,0,7,0,4.0,0.0,3.0,1.0,A01
201300012294,0,7,0,4.0,2.0,1.0,1.0,A01
201300012294,0,7,0,0.0,2.0,2.0,1.0,B02
201300012295,0,7,0,7.0,0.0,9.0,1.0,A01
201300012296,0,7,0,3.0,0.0,2.0,1.0,A01
201300012297,0,7,0,3.0,0.0,1.0,1.0,A01
201300012298,0,38,1,0.0,2.0,3.0,1.0,A01
201300012298,0,7,0,0.0,2.0,5.0,1.0,B02
201300012298,0,7,0,0.0,2.0,4.0,2.0,C03
201300012299,0,7,0,3.0,0.0,5.0,14.0,A01
201300012300,0,7,0,0.0,1.0,3.0,16.0,A01
201300012301,0,7,0,2.0,0.0,9.0,1.0,A01
201300012302,0,7,0,0.0,2.0,1.0,2.0,A01
201300012302,0,7,0,0.0,2.0,4.0,2.0,B02
201300012302,0,7,0,0.0,0.0,4.0,0.0,C03
201300012303,0,7,0,0.0,2.0,3.0,1.0,A01
201300012303,2,7,0,0.0,0.0,2.0,1.0,B02
201300012304,0,7,0,6.0,0.0,2.0,1.0,A01
201300012305,0,7,0,0.0,2.0,2.0,1.0,A01
201300012305,0,1,0,0.0,2.0,8.0,15.0,B02
201300012306,0,7,0,15.0,0.0,1.0,1.0,A01
201300012307,0,7,0,0.0,2.0,3.0,1.0,B02
201300012307,0,10,0,0.0,2.0,3.0,1.0,A01
201300012308,0,2,0,0.0,2.0,3.0,1.0,A01
201300012308,0,7,0,0.0,2.0,5.0,1.0,B02
201300012309,0,7,0,0.0,2.0,1.0,1.0,A01
201300012309,0,7,0,0.0,2.0,1.0,15.0,B02
201300012310,0,2,0,0.0,2.0,8.0,1.0,A01
201300012310,0,7,0,0.0,2.0,2.0,1.0,B02
201300012311,0,2,0,13.0,0.0,9.0,1.0,A01
201300012312,0,31,0,0.0,2.0,1.0,1.0,B02
201300012312,0,7,0,0.0,2.0,3.0,9.0,A01
201300012313,0,7,0,0.0,9.0,7.0,17.0,A01
201300012313,0,1,0,0.0,2.0,8.0,1.0,B02
201300012314,0,36,0,16.0,0.0,5.0,1.0,A01
201300012315,0,7,0,7.0,1.0,2.0,16.0,A01
201300012316,0,33,0,6.0,0.0,7.0,14.0,A01
201300012317,0,7,0,0.0,2.0,2.0,15.0,A01
201300012317,0,33,0,0.0,2.0,1.0,1.0,B02
201300012318,0,33,0,0.0,2.0,2.0,2.0,A01
201300012318,0,7,0,0.0,0.0,6.0,2.0,B02
201300012318,0,7,0,0.0,0.0,8.0,15.0,C03
201300012319,0,7,0,0.0,2.0,1.0,17.0,A01
201300012319,0,7,0,0.0,2.0,1.0,1.0,B02
201300012320,0,1,0,0.0,2.0,2.0,1.0,A01
201300012320,0,7,0,0.0,9.0,3.0,1.0,B02
201300012321,0,7,0,8.0,0.0,2.0,1.0,A01
201300012322,0,7,0,0.0,1.0,2.0,15.0,A01
201300012323,0,7,0,0.0,2.0,3.0,1.0,A01
201300012323,0,7,0,0.0,2.0,1.0,1.0,B02
201300012324,0,31,0,0.0,2.0,7.0,2.0,B02
201300012324,0,7,0,0.0,2.0,8.0,2.0,A01
201300012325,0,7,0,0.0,9.0,1.0,1.0,A01
201300012325,0,7,0,0.0,9.0,1.0,1.0,C03
201300012325,0,7,0,0.0,9.0,1.0,1.0,D04
201300012325,0,33,0,0.0,9.0,1.0,1.0,B02
201300012325,0,33,0,0.0,9.0,1.0,1.0,F06
201300012325,0,33,0,0.0,9.0,1.0,1.0,E05
201300012326,0,7,0,0.0,2.0,1.0,1.0,B02
201300012326,0,7,0,0.0,2.0,1.0,13.0,A01
201300012327,0,7,0,0.0,2.0,1.0,1.0,B02
201300012327,0,7,0,0.0,2.0,8.0,1.0,A01
201300012328,0,7,0,9.0,0.0,1.0,1.0,A01
201300012329,0,7,0,2.0,0.0,2.0,1.0,A01
201300012330,0,7,0,4.0,1.0,8.0,2.0,A01
201300012331,0,7,0,3.0,0.0,1.0,1.0,A01
201300012332,0,7,0,3.0,0.0,1.0,1.0,A01
201300012332,0,7,0,0.0,2.0,2.0,1.0,B02
201300012333,0,7,0,0.0,2.0,2.0,1.0,A01
201300012333,0,7,0,0.0,2.0,6.0,1.0,B02
201300012334,0,15,0,0.0,0.0,5.0,1.0,B02
201300012334,0,10,0,0.0,2.0,1.0,2.0,A01
201300012335,0,15,0,0.0,0.0,6.0,1.0,A01
201300012335,0,10,0,0.0,2.0,2.0,2.0,B02
201300012336,0,7,0,,,,,A01
201300012337,0,7,0,3.0,0.0,7.0,1.0,A01
201300012337,0,7,0,0.0,2.0,1.0,1.0,B02
201300012338,0,10,0,13.0,0.0,1.0,1.0,A01
201300012339,0,7,0,0.0,2.0,7.0,1.0,B01
201300012339,0,7,0,0.0,2.0,1.0,11.0,A01
201300012340,0,7,0,8.0,0.0,1.0,1.0,A01
201300012341,0,7,0,0.0,1.0,1.0,1.0,A01
201300012342,0,7,0,0.0,1.0,1.0,1.0,A01
201300012343,0,10,0,0.0,2.0,1.0,13.0,A01
201300012343,0,2,0,0.0,0.0,4.0,15.0,B01
201300012344,0,10,0,0.0,2.0,2.0,15.0,A01
201300012344,0,33,0,0.0,2.0,7.0,1.0,B01
201300012345,0,7,0,0.0,1.0,1.0,1.0,A01
201300012346,0,7,0,0.0,2.0,1.0,13.0,A01
201300012346,0,7,0,0.0,2.0,8.0,1.0,B01
201300012346,0,7,0,0.0,2.0,1.0,1.0,C01
201300012347,0,7,0,0.0,2.0,1.0,1.0,C01
201300012347,0,7,0,0.0,2.0,1.0,1.0,B01
201300012347,0,7,0,0.0,2.0,7.0,13.0,A01
201300012348,0,7,0,0.0,1.0,1.0,1.0,A01
201300012349,0,10,0,0.0,1.0,1.0,15.0,A01
201300012350,0,7,0,0.0,2.0,3.0,17.0,A01
201300012350,0,7,0,0.0,0.0,8.0,24.0,D01
201300012350,0,10,0,0.0,2.0,1.0,1.0,B01
201300012350,0,7,0,0.0,2.0,1.0,1.0,C01
201300012351,0,2,0,0.0,2.0,1.0,13.0,A01
201300012351,0,7,0,0.0,2.0,3.0,1.0,B01
201300012352,0,30,0,0.0,0.0,2.0,1.0,A01
201300012353,0,7,0,0.0,2.0,1.0,5.0,A01
201300012353,0,7,0,0.0,2.0,1.0,1.0,B02
201300012354,2,31,0,0.0,0.0,1.0,1.0,A01
201300012355,0,7,0,1.0,2.0,4.0,24.0,A01
201300012355,0,7,0,0.0,2.0,4.0,23.0,B02
201300012355,0,2,0,1.0,2.0,7.0,21.0,C03
201300012356,0,7,0,2.0,0.0,1.0,0.0,A01
201300012357,0,7,0,0.0,2.0,7.0,1.0,B02
201300012357,0,7,0,0.0,2.0,1.0,1.0,A01
201300012358,0,7,0,3.0,0.0,1.0,6.0,A01
201300012359,0,7,0,0.0,2.0,3.0,2.0,B02
201300012359,0,33,0,0.0,2.0,2.0,23.0,A01
201300012360,0,7,0,0.0,1.0,1.0,1.0,A01
201300012361,0,7,0,0.0,0.0,1.0,1.0,A01
201300012362,0,33,0,14.0,0.0,1.0,0.0,A01
201300012363,0,7,0,0.0,1.0,2.0,1.0,A01
201300012364,0,7,0,14.0,0.0,1.0,6.0,A01
201300012365,0,10,0,0.0,1.0,4.0,4.0,A01
201300012366,0,7,0,6.0,1.0,1.0,10.0,A01
201300012367,0,33,0,0.0,2.0,1.0,1.0,B01
201300012367,0,7,0,0.0,9.0,3.0,0.0,A01
201300012368,0,7,0,3.0,2.0,4.0,2.0,C03
201300012368,0,10,0,3.0,2.0,1.0,1.0,A01
201300012368,0,7,0,0.0,2.0,8.0,1.0,B02
201300012369,0,10,0,0.0,2.0,1.0,2.0,A01
201300012369,0,17,0,0.0,2.0,4.0,2.0,B02
201300012370,0,7,0,3.0,2.0,1.0,1.0,A01
201300012370,0,17,0,0.0,2.0,2.0,1.0,C03
201300012370,0,7,0,0.0,2.0,3.0,1.0,B02
201300012371,0,7,0,3.0,0.0,1.0,1.0,A01
201300012372,0,14,0,0.0,2.0,4.0,23.0,C03
201300012372,0,15,0,0.0,2.0,1.0,2.0,A01
201300012372,0,15,0,0.0,2.0,4.0,23.0,B02
201300012373,0,33,0,0.0,2.0,8.0,1.0,A01
201300012373,0,7,0,0.0,2.0,0.0,14.0,B02
201300012374,0,7,0,5.0,0.0,1.0,11.0,A01
201300012374,0,7,0,0.0,2.0,1.0,2.0,B02
201300012375,0,7,0,0.0,2.0,1.0,2.0,B02
201300012375,0,7,0,0.0,0.0,4.0,1.0,A01
201300012375,0,7,0,0.0,2.0,1.0,2.0,C03
201300012375,0,7,0,0.0,2.0,1.0,2.0,D04
201300012376,0,7,0,13.0,0.0,9.0,19.0,A01
201300012377,0,7,0,0.0,2.0,3.0,2.0,D04
201300012377,0,7,0,0.0,2.0,1.0,2.0,E05
201300012377,0,15,0,3.0,2.0,3.0,6.0,A01
201300012377,0,10,0,0.0,0.0,5.0,2.0,C03
201300012377,0,7,0,0.0,2.0,3.0,1.0,B02
201300012378,0,33,0,0.0,2.0,1.0,2.0,A01
201300012378,0,33,0,0.0,0.0,4.0,2.0,B02
201300012379,0,10,0,0.0,2.0,1.0,2.0,A01
201300012379,0,7,0,0.0,2.0,4.0,23.0,B02
201300012380,0,7,0,0.0,2.0,2.0,17.0,A01
201300012380,0,15,0,0.0,2.0,6.0,1.0,B02
201300012381,0,7,0,0.0,0.0,9.0,1.0,A01
201300012382,0,14,0,0.0,2.0,1.0,2.0,A01
201300012382,0,14,0,0.0,0.0,4.0,2.0,B02
201300012383,0,10,0,13.0,0.0,3.0,17.0,A01
201300012384,0,7,0,4.0,0.0,3.0,17.0,A01
201300012385,0,33,0,0.0,0.0,7.0,1.0,A01
201300012386,0,31,0,5.0,0.0,1.0,0.0,A01
201300012387,0,7,0,2.0,0.0,1.0,1.0,A01
201300012388,0,33,0,0.0,0.0,8.0,1.0,A01
201300012389,0,33,0,0.0,2.0,7.0,1.0,A01
201300012389,0,7,0,0.0,2.0,3.0,19.0,B02
201300012390,0,31,0,2.0,0.0,3.0,1.0,A01
201300012391,0,7,0,0.0,0.0,1.0,2.0,B02
201300012391,0,7,0,0.0,0.0,4.0,23.0,A01
201300012392,0,10,0,0.0,0.0,1.0,14.0,A01
201300012393,0,7,0,3.0,0.0,1.0,1.0,A01
201300012394,0,7,0,1.0,0.0,4.0,2.0,C03
201300012394,0,10,0,1.0,2.0,4.0,23.0,B02
201300012394,0,7,0,3.0,0.0,1.0,17.0,A01
201300012395,0,7,0,16.0,0.0,0.0,14.0,A01
201300012396,0,7,0,0.0,2.0,4.0,0.0,B02
201300012396,0,7,0,0.0,2.0,1.0,2.0,A01
201300012397,0,7,0,0.0,2.0,2.0,14.0,A01
201300012397,0,7,0,0.0,0.0,6.0,1.0,B02
201300012397,0,7,0,0.0,2.0,3.0,21.0,C03
201300012398,0,7,0,0.0,0.0,8.0,23.0,A01
201300012398,0,15,0,0.0,2.0,2.0,1.0,B02
201300012399,2,7,0,0.0,2.0,7.0,12.0,A01
201300012399,0,7,0,4.0,2.0,3.0,1.0,B02
201300012400,0,7,0,3.0,0.0,2.0,14.0,A01
201300012401,0,33,0,0.0,9.0,8.0,21.0,A01
201300012402,0,7,0,6.0,0.0,1.0,14.0,A01
201300012403,0,7,0,13.0,0.0,7.0,1.0,A01
201300012404,0,15,0,0.0,0.0,6.0,1.0,A01
201300012405,0,7,0,0.0,2.0,8.0,24.0,A01
201300012405,1,14,0,1.0,0.0,7.0,1.0,B02
201300012406,0,7,0,0.0,2.0,4.0,1.0,A01
201300012406,0,7,0,0.0,2.0,1.0,1.0,B02
201300012407,0,7,0,,2.0,1.0,1.0,A02
201300012407,0,7,0,,2.0,4.0,23.0,A01
201300012408,0,7,0,0.0,2.0,1.0,2.0,C03
201300012408,0,7,0,0.0,0.0,4.0,1.0,A01
201300012408,0,7,0,0.0,2.0,1.0,2.0,B02
201300012409,0,7,0,0.0,2.0,4.0,1.0,A01
201300012410,0,7,0,13.0,0.0,2.0,21.0,A01
201300012411,0,7,0,13.0,0.0,7.0,1.0,A01
201300012412,0,7,0,0.0,0.0,1.0,2.0,A01
201300012412,0,7,0,0.0,0.0,4.0,2.0,B02
201300012413,0,7,0,3.0,0.0,1.0,1.0,A01
201300012414,0,7,0,13.0,0.0,1.0,14.0,A01
201300012415,0,7,0,0.0,1.0,0.0,1.0,A01
201300012416,0,7,0,3.0,2.0,1.0,9.0,B02
201300012416,0,7,0,3.0,0.0,2.0,0.0,A01
201300012417,0,10,0,0.0,2.0,3.0,17.0,A01
201300012417,0,15,0,0.0,0.0,6.0,1.0,B02
201300012418,0,7,0,3.0,0.0,6.0,11.0,A01
201300012419,0,7,0,3.0,0.0,3.0,17.0,A01
201300012419,0,7,0,1.0,2.0,3.0,17.0,B02
201300012419,0,7,0,1.0,0.0,3.0,17.0,C03
201300012420,0,7,0,3.0,0.0,9.0,14.0,A01
201300012421,0,10,0,0.0,2.0,1.0,2.0,A01
201300012421,0,15,0,0.0,2.0,5.0,2.0,B02
201300012422,0,36,0,3.0,0.0,2.0,2.0,A01
201300012423,0,7,0,0.0,0.0,1.0,2.0,A01
201300012423,0,33,0,0.0,2.0,4.0,2.0,B02
201300012423,0,7,0,0.0,0.0,4.0,2.0,C03
201300012424,0,14,0,3.0,0.0,2.0,0.0,A01
201300012425,0,7,0,0.0,2.0,7.0,1.0,A01
201300012425,0,7,0,0.0,2.0,3.0,9.0,B02
201300012426,0,7,0,0.0,2.0,1.0,2.0,A01
201300012427,0,7,0,16.0,0.0,1.0,0.0,A01
201300012428,0,7,0,0.0,9.0,8.0,15.0,A01
201300012428,0,1,0,0.0,2.0,1.0,2.0,B02
201300012429,0,33,0,1.0,0.0,1.0,1.0,A01
201300012429,0,7,0,0.0,2.0,1.0,23.0,B02
201300012430,0,10,0,0.0,2.0,1.0,1.0,B02
201300012430,0,17,0,0.0,0.0,4.0,1.0,A01
201300012431,0,7,0,0.0,2.0,3.0,15.0,A01
201300012431,0,2,0,0.0,2.0,1.0,0.0,B02
201300012432,0,7,0,0.0,2.0,3.0,1.0,A01
201300012432,0,33,0,0.0,2.0,1.0,1.0,B02
201300012433,0,7,0,0.0,2.0,1.0,1.0,A01
201300012433,0,1,0,0.0,2.0,7.0,1.0,B02
201300012434,0,7,0,0.0,1.0,1.0,1.0,A01
201300012435,0,1,0,0.0,2.0,3.0,19.0,A01
201300012435,0,7,0,0.0,2.0,1.0,1.0,B02
201300012436,0,7,0,0.0,2.0,0.0,1.0,A01
201300012436,0,37,0,0.0,0.0,0.0,15.0,B02
201300012437,0,7,0,0.0,2.0,1.0,1.0,B02
201300012437,0,7,0,0.0,2.0,1.0,13.0,A01
201300012438,0,31,0,0.0,0.0,0.0,1.0,A01
201300012439,0,31,0,0.0,2.0,2.0,1.0,A01
201300012439,0,7,0,0.0,2.0,6.0,1.0,B02
201300012440,0,2,0,0.0,2.0,1.0,1.0,A01
201300012440,0,7,0,0.0,2.0,3.0,9.0,B02
201300012441,0,7,0,0.0,2.0,3.0,1.0,B02
201300012441,0,33,0,0.0,2.0,5.0,17.0,A01
201300012442,0,7,0,4.0,0.0,2.0,1.0,A01
201300012443,0,33,0,0.0,0.0,3.0,17.0,A01
201300012443,0,33,0,0.0,0.0,1.0,5.0,B02
201300012444,0,7,0,0.0,2.0,7.0,1.0,A01
201300012444,0,7,0,0.0,2.0,2.0,1.0,B02
201300012445,0,33,0,0.0,2.0,2.0,2.0,A01
201300012445,0,7,0,0.0,2.0,3.0,2.0,B02
201300012446,0,10,0,0.0,0.0,7.0,15.0,B02
201300012446,0,33,0,0.0,2.0,1.0,1.0,A01
201300012447,0,7,0,4.0,2.0,1.0,23.0,A01
201300012447,0,7,0,0.0,2.0,1.0,1.0,B02
201300012448,0,7,0,0.0,2.0,0.0,15.0,A01
201300012448,0,30,0,0.0,2.0,0.0,15.0,B02
201300012449,0,7,0,0.0,2.0,6.0,17.0,A01
201300012449,0,7,0,0.0,2.0,2.0,17.0,B02
201300012450,0,7,0,0.0,0.0,4.0,15.0,A01
201300012450,0,7,0,0.0,2.0,8.0,5.0,C03
201300012450,0,7,0,0.0,2.0,1.0,21.0,B02
201300012451,0,7,0,0.0,2.0,1.0,1.0,A01
201300012451,0,7,0,0.0,2.0,8.0,19.0,B02
201300012452,0,33,0,0.0,2.0,1.0,1.0,A01
201300012452,0,7,0,0.0,2.0,1.0,15.0,B02
201300012453,0,14,0,0.0,2.0,3.0,21.0,A01
201300012453,0,7,0,0.0,2.0,8.0,1.0,B02
201300012454,0,7,0,0.0,1.0,2.0,1.0,A01
201300012455,0,7,0,0.0,2.0,1.0,15.0,A01
201300012455,0,31,0,0.0,2.0,1.0,1.0,B02
201300012456,0,7,0,2.0,0.0,2.0,14.0,A01
201300012457,0,2,0,0.0,2.0,4.0,2.0,B02
201300012457,0,7,0,0.0,2.0,2.0,2.0,A01
201300012458,0,7,0,0.0,1.0,2.0,1.0,A01
201300012459,0,7,0,9.0,1.0,3.0,13.0,A01
201300012460,0,30,0,16.0,0.0,9.0,13.0,A01
201300012461,0,7,0,13.0,0.0,2.0,14.0,A01
201300012462,0,10,0,13.0,0.0,9.0,1.0,A01
201300012463,0,7,0,3.0,0.0,3.0,13.0,A01
201300012464,0,33,0,0.0,2.0,1.0,1.0,B02
201300012464,0,33,0,0.0,0.0,7.0,1.0,A01
201300012465,0,15,0,0.0,2.0,6.0,1.0,B02
201300012465,0,7,0,0.0,2.0,1.0,14.0,A01
201300012466,0,7,0,7.0,0.0,1.0,2.0,A01
201300012467,0,7,0,2.0,0.0,5.0,0.0,A01
201300012468,0,17,0,0.0,0.0,7.0,2.0,B02
201300012468,0,7,0,0.0,2.0,3.0,14.0,A01
201300012469,0,33,0,0.0,0.0,0.0,1.0,A01
201300012470,0,7,0,3.0,0.0,6.0,1.0,A01
201300012470,0,15,0,0.0,2.0,2.0,17.0,B02
201300012471,0,7,0,0.0,2.0,1.0,2.0,A01
201300012471,0,7,0,0.0,2.0,4.0,2.0,B02
201300012472,0,7,0,3.0,0.0,5.0,23.0,A01
201300012472,0,7,0,0.0,2.0,3.0,2.0,B02
201300012473,0,7,0,4.0,0.0,3.0,13.0,A01
201300012474,0,33,0,0.0,0.0,2.0,3.0,A01
201300012475,0,7,0,0.0,0.0,4.0,23.0,A01
201300012475,0,14,0,1.0,0.0,1.0,1.0,B02
201300012476,0,7,0,4.0,0.0,1.0,1.0,A01
201300012477,0,7,0,0.0,2.0,3.0,1.0,B02
201300012477,0,7,0,0.0,2.0,8.0,15.0,A01
201300012478,0,7,0,0.0,2.0,4.0,15.0,A01
201300012478,0,10,0,0.0,2.0,3.0,2.0,B02
201300012479,0,7,0,0.0,1.0,3.0,1.0,A01
201300012480,0,7,0,0.0,2.0,5.0,1.0,A01
201300012480,0,7,0,0.0,2.0,1.0,9.0,B02
201300012481,0,7,0,0.0,1.0,1.0,1.0,A01
201300012482,0,33,0,5.0,0.0,8.0,13.0,A01
201300012483,0,36,0,0.0,0.0,0.0,1.0,A01
201300012484,0,7,0,0.0,2.0,9.0,13.0,A01
201300012484,0,7,0,0.0,2.0,3.0,1.0,B02
201300012484,0,7,0,0.0,2.0,3.0,1.0,C03
201300012485,0,7,0,0.0,2.0,5.0,17.0,A01
201300012485,0,31,0,0.0,2.0,3.0,1.0,B02
201300012486,0,33,0,2.0,0.0,1.0,1.0,A01
201300012487,0,34,0,0.0,0.0,7.0,1.0,A01
201300012488,0,7,0,13.0,0.0,9.0,13.0,A01
201300012489,0,7,0,0.0,2.0,2.0,1.0,A01
201300012489,0,7,0,0.0,2.0,7.0,13.0,B02
201300012490,0,2,0,0.0,2.0,6.0,9.0,B02
201300012490,0,7,0,0.0,2.0,2.0,1.0,A01
201300012491,0,30,0,0.0,0.0,0.0,1.0,A01
201300012492,0,10,0,0.0,2.0,3.0,15.0,B02
201300012492,0,30,0,0.0,2.0,1.0,17.0,A01
201300012493,0,37,0,0.0,1.0,2.0,7.0,A01
201300012494,0,7,0,0.0,1.0,3.0,1.0,A01
201300012495,0,33,0,0.0,0.0,8.0,1.0,A01
201300012496,0,7,0,0.0,2.0,3.0,1.0,A01
201300012496,0,30,0,0.0,2.0,1.0,1.0,B02
201300012497,0,7,0,0.0,1.0,3.0,1.0,A01
201300012498,0,7,0,0.0,2.0,1.0,19.0,A01
201300012498,0,10,0,0.0,2.0,1.0,1.0,B02
201300012498,0,7,0,0.0,2.0,1.0,1.0,C03
201300012499,0,7,0,0.0,0.0,6.0,0.0,A01
201300012499,0,33,0,0.0,0.0,1.0,0.0,B02
201300012499,0,7,0,0.0,0.0,0.0,0.0,C03
201300012500,0,15,0,0.0,2.0,4.0,2.0,B01
201300012500,0,7,0,0.0,2.0,1.0,2.0,A01
201300012501,0,14,0,0.0,0.0,6.0,1.0,B02
201300012501,0,7,0,5.0,2.0,2.0,17.0,A01
201300012502,0,7,0,4.0,0.0,3.0,21.0,A01
201300012503,0,7,0,3.0,0.0,9.0,1.0,A01
201300012504,0,7,0,13.0,0.0,3.0,14.0,A01
201300012505,0,7,0,0.0,2.0,3.0,5.0,A01
201300012505,0,7,0,0.0,2.0,3.0,11.0,B02
201300012506,0,33,0,0.0,2.0,1.0,2.0,A01
201300012506,0,7,0,0.0,2.0,4.0,2.0,B02
201300012507,0,7,0,0.0,2.0,8.0,2.0,B02
201300012507,0,7,0,0.0,2.0,1.0,2.0,C03
201300012507,0,7,0,0.0,2.0,2.0,2.0,A01
201300012508,0,7,0,0.0,0.0,8.0,1.0,A01
201300012508,0,7,0,0.0,2.0,1.0,1.0,B02
201300012509,0,7,0,0.0,0.0,8.0,9.0,A01
201300012509,0,1,0,0.0,0.0,1.0,1.0,B02
201300012510,0,7,0,0.0,1.0,1.0,1.0,A01
201300012511,0,7,0,0.0,0.0,1.0,1.0,B02
201300012511,0,7,0,0.0,0.0,4.0,23.0,A01
201300012512,0,7,0,0.0,0.0,6.0,15.0,B02
201300012512,0,10,0,0.0,0.0,1.0,1.0,A01
201300012513,0,33,0,0.0,2.0,1.0,1.0,B02
201300012513,0,7,0,0.0,2.0,2.0,15.0,A01
201300012514,0,7,0,0.0,2.0,1.0,1.0,B02
201300012514,0,7,0,0.0,2.0,7.0,13.0,A01
201300012515,0,7,0,0.0,0.0,3.0,9.0,A01
201300012515,0,33,0,0.0,0.0,1.0,1.0,B02
201300012516,0,7,0,0.0,0.0,0.0,1.0,A01
201300012517,0,7,0,0.0,2.0,2.0,1.0,B01
201300012517,0,1,0,0.0,2.0,3.0,19.0,A02
201300012518,0,7,0,16.0,0.0,1.0,1.0,A01
201300012519,0,33,0,0.0,2.0,1.0,1.0,A01
201300012519,0,7,0,0.0,2.0,5.0,1.0,B02
201300012520,0,33,0,0.0,2.0,1.0,1.0,B02
201300012520,0,33,0,0.0,2.0,1.0,1.0,A01
201300012521,0,10,0,13.0,0.0,1.0,1.0,A01
201300012522,0,7,0,13.0,0.0,1.0,1.0,A01
201300012523,0,7,0,0.0,2.0,1.0,1.0,B02
201300012523,0,7,0,0.0,2.0,1.0,17.0,A01
201300012524,0,7,0,14.0,0.0,7.0,1.0,A01
201300012525,0,7,0,0.0,2.0,2.0,13.0,A01
201300012525,0,1,0,0.0,2.0,1.0,1.0,B02
201300012526,0,7,0,0.0,2.0,8.0,1.0,A01
201300012526,0,1,0,0.0,2.0,1.0,19.0,B02
201300012527,0,7,0,3.0,0.0,7.0,21.0,A01
201300012528,0,7,0,0.0,2.0,1.0,1.0,B02
201300012528,0,7,0,0.0,2.0,7.0,19.0,A01
201300012529,0,1,0,0.0,2.0,1.0,9.0,A01
201300012529,0,7,0,0.0,2.0,7.0,1.0,B02
201300012530,0,7,0,0.0,2.0,2.0,15.0,A01
201300012530,0,33,0,0.0,2.0,1.0,1.0,B02
201300012531,0,7,0,0.0,2.0,4.0,11.0,B02
201300012531,0,31,0,0.0,2.0,1.0,1.0,A01
201300012532,0,10,0,0.0,1.0,8.0,1.0,A01
201300012533,0,7,0,0.0,2.0,1.0,13.0,A01
201300012533,0,14,0,0.0,2.0,3.0,1.0,B02
201300012534,0,30,0,11.0,0.0,1.0,1.0,A01
201300012535,0,10,0,0.0,1.0,8.0,15.0,A01
201300012536,0,1,0,0.0,0.0,5.0,1.0,B02
201300012536,0,7,0,0.0,2.0,2.0,9.0,A01
201300012537,0,7,0,0.0,2.0,2.0,13.0,A01
201300012537,0,32,0,0.0,2.0,1.0,1.0,B02