Num_Acc,senc,catv,occutc,obs,obsm,choc,manv,num_veh
201300012538,0,31,0,0.0,0.0,2.0,1.0,A01
201300012539,0,7,0,0.0,1.0,1.0,1.0,A01
201300012540,0,2,0,0.0,2.0,7.0,17.0,B02
201300012540,0,10,0,0.0,2.0,3.0,15.0,A01
201300012541,0,7,0,6.0,0.0,3.0,20.0,A01
201300012542,0,7,0,0.0,1.0,2.0,1.0,A01
201300012543,0,7,0,0.0,2.0,1.0,6.0,A01
201300012543,0,7,0,0.0,2.0,1.0,1.0,B02
201300012544,0,7,0,0.0,2.0,1.0,15.0,A01
201300012544,0,32,0,0.0,0.0,8.0,1.0,B02
201300012545,0,7,0,0.0,2.0,3.0,1.0,A01
201300012545,0,7,0,0.0,2.0,3.0,1.0,B02
201300012546,0,7,0,0.0,1.0,5.0,1.0,A01
201300012547,0,32,0,0.0,2.0,3.0,1.0,A01
201300012547,0,7,0,0.0,2.0,2.0,12.0,B02
201300012548,0,7,0,0.0,1.0,3.0,1.0,A01
201300012549,0,30,0,16.0,0.0,8.0,1.0,A01
201300012550,0,3,0,0.0,2.0,9.0,1.0,A01
201300012551,0,31,0,2.0,0.0,1.0,14.0,A01
201300012552,0,31,0,0.0,2.0,1.0,1.0,B02
201300012552,0,7,0,0.0,2.0,3.0,15.0,A01
201300012553,0,10,0,0.0,0.0,0.0,24.0,C03
201300012553,0,7,0,0.0,0.0,0.0,16.0,B02
201300012553,0,30,0,16.0,0.0,7.0,1.0,A01
201300012554,0,7,0,0.0,2.0,2.0,9.0,A01
201300012554,0,1,0,0.0,2.0,7.0,1.0,B02
201300012555,0,7,0,13.0,0.0,9.0,17.0,A01
201300012556,0,7,0,13.0,0.0,1.0,1.0,A01
201300012557,0,31,0,0.0,2.0,8.0,1.0,B02
201300012557,0,10,0,0.0,2.0,1.0,15.0,A01
201300012558,0,2,0,0.0,2.0,7.0,1.0,B02
201300012558,0,7,0,0.0,2.0,1.0,9.0,A01
201300012559,0,7,0,0.0,0.0,7.0,6.0,B02
201300012559,0,7,0,0.0,0.0,2.0,1.0,A01
201300012560,0,7,0,0.0,0.0,1.0,13.0,A01
201300012560,0,21,0,0.0,0.0,1.0,1.0,B02
201300012561,0,37,6,0.0,2.0,3.0,1.0,A01
201300012561,0,10,0,0.0,2.0,3.0,1.0,B02
201300012562,0,31,0,0.0,2.0,7.0,1.0,B02
201300012562,0,7,0,0.0,2.0,8.0,9.0,A01
201300012563,0,7,0,0.0,1.0,3.0,1.0,A01
201300012564,0,7,0,9.0,2.0,1.0,1.0,A01
201300012564,0,7,0,0.0,2.0,1.0,1.0,B02
201300012564,0,7,0,0.0,2.0,8.0,1.0,C03
201300012565,0,31,0,3.0,0.0,0.0,1.0,A01
201300012566,0,7,0,0.0,2.0,1.0,1.0,A01
201300012566,0,7,0,0.0,2.0,3.0,1.0,B02
201300012567,0,7,0,9.0,0.0,1.0,1.0,A01
201300012568,0,7,0,6.0,0.0,1.0,0.0,A01
201300012569,0,7,0,2.0,0.0,1.0,13.0,A01
201300012570,0,10,0,0.0,2.0,1.0,1.0,A01
201300012570,0,7,0,0.0,0.0,4.0,23.0,B02
201300012571,0,33,0,0.0,2.0,1.0,1.0,B02
201300012571,0,7,0,0.0,2.0,6.0,9.0,A01
201300012572,0,33,0,12.0,0.0,8.0,15.0,A01
201300012573,0,7,0,0.0,0.0,0.0,6.0,A01
201300012574,0,30,0,0.0,2.0,3.0,1.0,A01
201300012574,0,7,0,0.0,2.0,3.0,15.0,B02
201300012575,0,7,0,13.0,0.0,1.0,1.0,A01
201300012576,0,7,0,0.0,2.0,3.0,19.0,A01
201300012576,0,7,0,0.0,2.0,1.0,1.0,B02
201300012577,0,33,0,0.0,2.0,0.0,1.0,A01
201300012577,0,7,0,0.0,2.0,1.0,13.0,B02
201300012578,0,7,0,0.0,9.0,3.0,11.0,A01
201300012578,0,1,0,0.0,2.0,1.0,1.0,B02
201300012579,0,7,0,0.0,2.0,3.0,15.0,B02
201300012579,0,33,0,0.0,2.0,3.0,1.0,A01
201300012580,0,30,0,0.0,2.0,1.0,1.0,A01
201300012580,0,7,0,0.0,2.0,2.0,15.0,B02
201300012581,0,33,0,0.0,2.0,1.0,1.0,A01
201300012581,0,7,0,0.0,2.0,1.0,1.0,B02
201300012582,0,7,0,0.0,2.0,1.0,5.0,A01
201300012582,0,7,0,0.0,2.0,1.0,1.0,B02
201300012583,0,7,0,2.0,0.0,3.0,1.0,A01
201300012584,0,7,0,0.0,2.0,3.0,1.0,B02
201300012584,2,7,0,0.0,2.0,3.0,5.0,A01
201300012585,0,7,0,13.0,0.0,1.0,1.0,A01
201300012586,0,33,0,2.0,0.0,1.0,14.0,A01
201300012587,0,7,0,0.0,2.0,1.0,1.0,A01
201300012587,0,32,0,0.0,2.0,3.0,23.0,B02
201300012588,0,7,0,0.0,2.0,1.0,15.0,A01
201300012588,0,33,0,0.0,2.0,8.0,1.0,B02
201300012589,0,7,0,6.0,0.0,1.0,2.0,A01
201300012590,0,33,0,3.0,0.0,1.0,2.0,A01
201300012591,0,7,0,0.0,2.0,1.0,1.0,B02
201300012591,0,7,0,4.0,2.0,5.0,1.0,C03
201300012591,0,14,0,3.0,2.0,8.0,1.0,A01
201300012592,0,14,0,2.0,0.0,1.0,14.0,A01
201300012593,0,17,0,6.0,0.0,1.0,14.0,A01
201300012594,0,7,0,3.0,0.0,2.0,14.0,A01
201300012595,0,21,0,0.0,2.0,7.0,15.0,A01
201300012595,0,33,0,0.0,2.0,1.0,1.0,B02
201300012595,0,33,0,16.0,0.0,9.0,1.0,C03
201300012596,0,7,0,0.0,0.0,6.0,1.0,A01
201300012596,0,7,0,0.0,2.0,2.0,2.0,B02
201300012597,0,37,17,0.0,2.0,3.0,1.0,B02
201300012597,0,7,0,0.0,2.0,3.0,13.0,A01
201300012598,0,7,0,2.0,0.0,8.0,21.0,A01
201300012599,0,2,0,7.0,0.0,1.0,14.0,A01
201300012600,0,17,0,0.0,2.0,1.0,21.0,B02
201300012600,0,7,0,0.0,2.0,1.0,13.0,A01
201300012601,0,38,0,14.0,0.0,3.0,2.0,A02
201300012601,0,7,0,14.0,0.0,4.0,23.0,B01
201300012602,0,31,0,0.0,0.0,2.0,15.0,A01
201300012603,0,7,0,14.0,0.0,2.0,1.0,A01
201300012604,0,33,0,12.0,0.0,1.0,1.0,A01
201300012605,0,31,0,6.0,0.0,1.0,0.0,A01
201300012606,0,7,0,4.0,0.0,3.0,1.0,A01
201300012607,0,7,0,0.0,2.0,6.0,2.0,C03
201300012607,0,7,0,0.0,2.0,4.0,2.0,B02
201300012607,0,7,0,0.0,2.0,1.0,2.0,A01
201300012608,0,17,0,0.0,2.0,3.0,1.0,A01
201300012608,0,7,0,0.0,2.0,8.0,15.0,B02
201300012609,0,33,0,0.0,2.0,1.0,2.0,B02
201300012609,0,7,0,0.0,0.0,6.0,2.0,A01
201300012610,0,7,0,0.0,0.0,1.0,17.0,B02
201300012610,0,2,0,0.0,0.0,8.0,10.0,A01
201300012611,0,33,0,0.0,2.0,1.0,1.0,A01
201300012612,0,7,0,0.0,2.0,6.0,5.0,B02
201300012612,0,7,0,0.0,2.0,3.0,13.0,A01
201300012612,0,14,0,0.0,2.0,3.0,1.0,C03
201300012613,0,7,0,0.0,2.0,5.0,12.0,A01
201300012613,0,31,0,0.0,2.0,3.0,1.0,B02
201300012614,0,39,67,0.0,4.0,2.0,1.0,B02
201300012614,0,38,17,0.0,4.0,5.0,13.0,A01
201300012615,0,7,0,0.0,2.0,3.0,1.0,A01
201300012615,0,7,0,0.0,2.0,3.0,1.0,B02
201300012616,0,7,0,10.0,0.0,9.0,17.0,A01
201300012617,0,2,0,0.0,2.0,1.0,5.0,B02
201300012617,0,7,0,0.0,2.0,1.0,1.0,A01
201300012618,0,7,0,13.0,0.0,1.0,13.0,A01
201300012619,0,7,0,0.0,2.0,1.0,1.0,B02
201300012619,0,7,0,0.0,2.0,1.0,1.0,C03
201300012619,0,7,0,0.0,2.0,1.0,13.0,A01
201300012620,0,7,0,0.0,2.0,3.0,1.0,B02
201300012620,0,33,0,0.0,2.0,2.0,1.0,A01
201300012621,0,7,0,0.0,1.0,3.0,1.0,A01
201300012622,0,7,0,6.0,0.0,1.0,1.0,A01
201300012623,0,7,0,2.0,0.0,3.0,1.0,A01
201300012624,0,7,0,0.0,2.0,3.0,1.0,B02
201300012624,0,7,0,0.0,2.0,3.0,1.0,A01
201300012625,0,7,0,0.0,2.0,5.0,15.0,A01
201300012625,0,1,0,0.0,2.0,1.0,1.0,B02
201300012626,0,33,0,0.0,0.0,8.0,15.0,A01
201300012627,0,33,0,13.0,0.0,0.0,1.0,A01
201300012628,0,7,0,0.0,9.0,8.0,13.0,A01
201300012628,0,1,0,0.0,2.0,1.0,1.0,B02
201300012629,0,33,0,0.0,1.0,3.0,1.0,A01
201300012630,0,7,0,0.0,2.0,3.0,15.0,B02
201300012630,0,33,0,0.0,2.0,1.0,1.0,A01
201300012631,0,33,0,0.0,2.0,7.0,1.0,B02
201300012631,0,33,0,0.0,2.0,8.0,15.0,A01
201300012631,0,33,0,0.0,2.0,1.0,1.0,C03
201300012632,0,7,0,0.0,2.0,3.0,1.0,A01
201300012633,0,7,0,0.0,9.0,2.0,2.0,A01
201300012633,0,1,0,0.0,2.0,4.0,2.0,B02
201300012634,0,33,0,0.0,2.0,1.0,1.0,B02
201300012634,0,7,0,0.0,2.0,5.0,15.0,A01
201300012635,0,33,0,0.0,2.0,1.0,17.0,A01
201300012635,0,7,0,0.0,2.0,3.0,15.0,B02
201300012636,0,7,0,1.0,1.0,1.0,20.0,A01
201300012637,0,7,0,13.0,0.0,1.0,1.0,A01
201300012638,0,7,0,11.0,0.0,2.0,0.0,A01
201300012639,0,10,0,0.0,0.0,8.0,1.0,C03
201300012639,0,7,0,4.0,0.0,1.0,1.0,A01
201300012639,0,7,0,4.0,0.0,1.0,1.0,D04
201300012639,0,7,0,4.0,0.0,1.0,1.0,B02
201300012640,0,17,0,0.0,2.0,1.0,2.0,A01
201300012640,0,17,0,0.0,0.0,4.0,2.0,C03
201300012641,0,7,0,0.0,2.0,1.0,2.0,A01
201300012641,0,17,0,0.0,2.0,0.0,2.0,B02
201300012642,0,7,0,0.0,2.0,3.0,21.0,A01
201300012642,0,17,0,0.0,2.0,3.0,1.0,B02
201300012643,0,7,0,0.0,2.0,3.0,2.0,A01
201300012643,0,16,0,0.0,2.0,5.0,2.0,B02
201300012644,0,7,0,0.0,1.0,1.0,1.0,A01
201300012645,0,7,0,0.0,2.0,3.0,1.0,C03
201300012645,0,7,0,0.0,2.0,3.0,1.0,B02
201300012645,0,14,0,0.0,2.0,3.0,1.0,D04
201300012645,0,7,0,0.0,2.0,0.0,5.0,A01
201300012646,0,7,0,0.0,0.0,3.0,0.0,A01
201300012646,0,33,0,0.0,0.0,2.0,0.0,B02
201300012647,0,7,0,0.0,2.0,1.0,5.0,A01
201300012647,0,7,0,0.0,2.0,1.0,1.0,B02
201300012648,0,7,0,0.0,0.0,1.0,0.0,B02
201300012648,0,7,0,0.0,0.0,7.0,0.0,A01
201300012649,0,7,0,0.0,2.0,2.0,17.0,A01
201300012649,0,7,0,0.0,0.0,6.0,1.0,B02
201300012650,0,33,0,0.0,6.0,1.0,1.0,A01
201300012651,0,7,0,11.0,2.0,3.0,18.0,A01
201300012651,0,7,0,0.0,2.0,2.0,1.0,B02
201300012652,0,7,0,4.0,5.0,3.0,1.0,A01
201300012653,0,33,0,3.0,0.0,3.0,13.0,A01
201300012654,0,7,0,13.0,0.0,2.0,14.0,A01
201300012655,0,7,0,0.0,2.0,3.0,5.0,A01
201300012655,0,7,0,0.0,2.0,3.0,1.0,B02
201300012656,0,7,0,5.0,0.0,3.0,1.0,A01
201300012657,0,17,0,0.0,0.0,6.0,2.0,A01
201300012657,0,10,0,0.0,2.0,2.0,1.0,B02
201300012658,0,7,0,3.0,0.0,1.0,14.0,A01
201300012659,0,7,0,3.0,0.0,3.0,17.0,A01
201300012660,0,10,0,4.0,0.0,3.0,1.0,A01
201300012661,0,7,0,0.0,2.0,3.0,1.0,B02
201300012661,0,7,0,0.0,2.0,2.0,17.0,A01
201300012662,0,17,0,3.0,0.0,8.0,13.0,A01
201300012663,0,7,0,13.0,0.0,1.0,14.0,A01
201300012664,0,7,0,0.0,0.0,2.0,12.0,A01
201300012664,0,33,0,0.0,0.0,8.0,1.0,B02
201300012665,0,14,0,1.0,0.0,1.0,2.0,F06
201300012665,0,7,0,0.0,0.0,4.0,23.0,H08
201300012665,0,7,0,0.0,0.0,7.0,23.0,G07
201300012665,0,7,0,0.0,0.0,6.0,24.0,D04
201300012665,0,7,0,0.0,0.0,5.0,20.0,C03
201300012665,0,7,0,0.0,0.0,5.0,20.0,I09
201300012665,0,7,0,0.0,0.0,6.0,23.0,E05
201300012665,0,7,0,0.0,0.0,4.0,23.0,A01
201300012665,0,7,0,0.0,0.0,4.0,20.0,B02
201300012666,0,7,0,13.0,0.0,1.0,14.0,A01
201300012667,0,7,0,0.0,2.0,3.0,5.0,A01
201300012667,0,7,0,0.0,2.0,3.0,17.0,B02
201300012668,0,7,0,13.0,0.0,2.0,1.0,A01
201300012669,0,7,0,0.0,2.0,3.0,1.0,B02
201300012669,0,7,0,0.0,2.0,3.0,13.0,A01
201300012670,0,7,0,0.0,9.0,1.0,1.0,B02
201300012670,0,33,0,0.0,2.0,7.0,13.0,A01
201300012671,0,7,0,0.0,0.0,0.0,2.0,A01
201300012672,0,7,0,0.0,2.0,1.0,1.0,B02
201300012672,0,7,0,0.0,2.0,3.0,10.0,A01
201300012673,0,7,0,2.0,0.0,9.0,17.0,A01
201300012674,0,14,0,0.0,1.0,1.0,1.0,A01
201300012674,1,99,0,0.0,1.0,1.0,1.0,B02
201300012675,0,7,0,6.0,0.0,1.0,13.0,A01
201300012676,0,7,0,0.0,2.0,1.0,1.0,A01
201300012676,0,30,0,0.0,2.0,7.0,1.0,B02
201300012677,0,7,0,14.0,0.0,2.0,1.0,B02
201300012677,0,7,0,14.0,0.0,4.0,21.0,E05
201300012677,0,7,0,14.0,0.0,4.0,21.0,C03
201300012677,0,7,0,3.0,0.0,2.0,17.0,A01
201300012677,0,7,0,14.0,0.0,1.0,21.0,D04
201300012677,0,7,0,0.0,0.0,1.0,0.0,F06
201300012678,0,33,0,0.0,0.0,1.0,1.0,A01
201300012679,0,7,0,6.0,0.0,2.0,1.0,A01
201300012680,0,7,0,0.0,2.0,1.0,1.0,A01
201300012680,0,7,0,0.0,2.0,6.0,1.0,C03
201300012680,0,7,0,0.0,2.0,4.0,13.0,B02
201300012681,0,14,0,5.0,0.0,1.0,1.0,A01
201300012682,0,7,0,3.0,0.0,9.0,17.0,A01
201300012683,0,7,0,0.0,2.0,1.0,2.0,A01
201300012683,0,17,0,0.0,0.0,4.0,2.0,B02
201300012684,0,7,0,0.0,2.0,1.0,17.0,A01
201300012684,0,7,0,0.0,0.0,8.0,15.0,B02
201300012685,0,7,0,0.0,0.0,9.0,17.0,A01
201300012686,0,7,0,0.0,0.0,3.0,1.0,B02
201300012686,0,7,0,0.0,0.0,3.0,1.0,A01
201300012687,0,7,0,0.0,0.0,4.0,15.0,B02
201300012688,0,10,0,0.0,2.0,1.0,1.0,B02
201300012688,0,30,0,0.0,2.0,1.0,5.0,A01
201300012689,0,10,0,0.0,0.0,3.0,1.0,A01
201300012690,0,7,0,2.0,0.0,2.0,1.0,A01
201300012691,0,33,0,0.0,2.0,3.0,17.0,A01
201300012691,0,7,0,0.0,2.0,3.0,1.0,B02
201300012692,0,31,0,0.0,2.0,1.0,1.0,A01
201300012692,0,7,0,0.0,2.0,3.0,19.0,B02
201300012693,0,10,0,0.0,2.0,7.0,6.0,A01
201300012693,0,10,0,0.0,2.0,1.0,1.0,B02
201300012694,0,7,0,0.0,2.0,7.0,19.0,A01
201300012694,0,7,0,0.0,2.0,1.0,1.0,B02
201300012695,0,7,0,0.0,1.0,2.0,1.0,A01
201300012696,0,7,0,0.0,1.0,3.0,1.0,A01
201300012697,0,33,0,0.0,2.0,1.0,1.0,B02
201300012697,0,7,0,0.0,2.0,8.0,19.0,A01
201300012698,0,33,0,0.0,2.0,3.0,1.0,A01
201300012698,0,33,0,0.0,,3.0,1.0,B02
201300012699,0,33,0,0.0,2.0,1.0,13.0,A01
201300012699,0,33,0,0.0,2.0,1.0,1.0,B02
201300012700,0,10,0,0.0,2.0,7.0,10.0,A01
201300012700,0,33,0,0.0,2.0,8.0,1.0,B02
201300012701,0,14,0,0.0,2.0,4.0,2.0,A01
201300012701,0,7,0,0.0,2.0,1.0,2.0,C03
201300012702,0,10,0,4.0,0.0,1.0,1.0,A01
201300012703,0,7,0,0.0,2.0,1.0,1.0,A01
201300012703,0,17,0,0.0,0.0,4.0,1.0,B02
201300012704,0,7,0,3.0,0.0,1.0,1.0,A01
201300012705,0,7,0,0.0,0.0,6.0,1.0,B02
201300012705,0,33,0,0.0,2.0,1.0,1.0,A01
201300012706,0,7,0,4.0,2.0,3.0,5.0,A01
201300012706,0,10,0,0.0,2.0,3.0,1.0,B02
201300012707,0,7,0,0.0,2.0,2.0,1.0,A01
201300012707,0,14,0,0.0,2.0,6.0,1.0,B02
201300012707,0,10,0,0.0,2.0,6.0,1.0,C03
201300012707,0,7,0,0.0,2.0,1.0,1.0,D04
201300012707,0,7,0,0.0,2.0,5.0,1.0,E05
201300012707,0,10,0,0.0,2.0,6.0,1.0,F06
201300012707,0,14,0,0.0,2.0,5.0,1.0,G07
201300012708,0,14,0,0.0,2.0,8.0,9.0,A01
201300012708,0,17,0,0.0,2.0,7.0,1.0,C03
201300012709,0,10,0,0.0,0.0,6.0,1.0,A01
201300012709,0,10,0,0.0,2.0,2.0,1.0,B02
201300012710,0,1,0,0.0,2.0,4.0,1.0,B02
201300012710,0,7,0,0.0,9.0,1.0,1.0,A01
201300012711,0,7,0,0.0,2.0,1.0,2.0,A01
201300012711,0,10,0,0.0,2.0,5.0,1.0,B02
201300012711,0,7,0,0.0,0.0,4.0,0.0,C03
201300012712,0,7,0,13.0,0.0,1.0,16.0,A01
201300012713,0,7,0,5.0,2.0,3.0,1.0,A01
201300012713,0,7,0,0.0,2.0,3.0,1.0,B02
201300012714,0,17,0,13.0,0.0,8.0,14.0,A01
201300012715,0,7,0,5.0,0.0,9.0,21.0,A01
201300012716,0,10,0,0.0,2.0,1.0,2.0,A01
201300012716,0,17,0,0.0,0.0,0.0,2.0,B02
201300012717,0,7,0,3.0,0.0,4.0,2.0,A01
201300012717,0,14,0,0.0,2.0,1.0,2.0,B02
201300012717,0,10,0,14.0,0.0,1.0,2.0,C03
201300012718,0,31,0,0.0,0.0,8.0,1.0,A01
201300012719,0,10,0,5.0,0.0,1.0,1.0,A01
201300012720,0,10,0,0.0,2.0,2.0,17.0,A01
201300012720,0,17,0,0.0,0.0,6.0,1.0,B02
201300012721,0,7,0,4.0,0.0,2.0,21.0,A01
201300012722,0,14,0,0.0,0.0,8.0,9.0,A01
201300012723,0,17,0,0.0,0.0,4.0,20.0,A01
201300012723,0,10,0,0.0,2.0,1.0,1.0,B02
201300012724,0,14,0,3.0,0.0,7.0,1.0,A01
201300012724,0,7,0,0.0,2.0,3.0,1.0,B02
201300012725,0,17,0,14.0,0.0,1.0,1.0,A01
201300012725,0,17,0,14.0,0.0,4.0,23.0,B02
201300012725,0,7,0,14.0,0.0,4.0,23.0,C03
201300012725,0,7,0,14.0,0.0,6.0,23.0,D04
201300012725,0,7,0,14.0,0.0,4.0,23.0,E05
201300012725,0,7,0,0.0,0.0,5.0,23.0,F06
201300012726,0,7,0,1.0,,1.0,1.0,A01
201300012726,0,17,0,0.0,0.0,6.0,23.0,B03
201300012727,0,15,0,0.0,2.0,1.0,2.0,A01
201300012727,0,15,0,0.0,2.0,4.0,2.0,B02
201300012728,0,7,0,0.0,2.0,1.0,2.0,A01
201300012728,0,7,0,0.0,2.0,4.0,2.0,B02
201300012729,0,17,0,1.0,0.0,2.0,2.0,B02
201300012729,0,15,0,0.0,2.0,6.0,3.0,D04
201300012730,0,33,0,13.0,0.0,1.0,1.0,A01
201300012731,0,7,0,2.0,2.0,8.0,1.0,A01
201300012731,0,7,0,0.0,2.0,2.0,19.0,B02
201300012732,0,33,0,0.0,0.0,0.0,1.0,A01
201300012733,0,10,0,0.0,0.0,7.0,1.0,B02
201300012733,0,10,0,0.0,2.0,1.0,1.0,A01
201300012734,0,7,0,0.0,2.0,1.0,1.0,A01
201300012734,0,33,0,0.0,2.0,1.0,13.0,B02
201300012735,0,7,0,13.0,0.0,2.0,1.0,A01
201300012736,0,7,0,2.0,0.0,1.0,1.0,A01
201300012737,0,2,0,0.0,2.0,1.0,17.0,A01
201300012737,0,7,0,0.0,2.0,8.0,1.0,B01
201300012738,0,7,0,0.0,1.0,2.0,1.0,A01
201300012739,0,7,0,1.0,2.0,1.0,1.0,A01
201300012739,0,7,0,0.0,2.0,1.0,1.0,B01
201300012740,0,7,0,0.0,1.0,1.0,15.0,A01
201300012741,0,7,0,0.0,0.0,4.0,2.0,D01
201300012741,0,7,0,0.0,0.0,1.0,2.0,A01
201300012741,0,7,0,0.0,0.0,4.0,2.0,B01
201300012741,0,7,0,0.0,0.0,4.0,2.0,C01
201300012742,0,30,0,0.0,0.0,8.0,1.0,B01
201300012742,0,7,0,0.0,2.0,1.0,15.0,A01
201300012743,0,7,0,0.0,1.0,2.0,15.0,A01
201300012744,0,7,0,0.0,1.0,8.0,0.0,A01
201300012745,0,7,0,0.0,1.0,1.0,1.0,A01
201300012746,0,7,0,0.0,0.0,3.0,15.0,B01
201300012746,0,2,0,0.0,2.0,1.0,17.0,A01
201300012747,0,7,0,0.0,0.0,1.0,1.0,A01
201300012747,0,10,0,0.0,0.0,1.0,15.0,B01
201300012748,0,7,0,0.0,2.0,3.0,1.0,B01
201300012748,0,7,0,0.0,2.0,6.0,15.0,A01
201300012749,0,7,0,0.0,0.0,4.0,2.0,B01
201300012749,0,7,0,0.0,0.0,4.0,2.0,C01
201300012749,0,13,0,0.0,0.0,1.0,2.0,A01
201300012750,0,7,0,0.0,1.0,7.0,1.0,A01
201300012751,0,7,0,0.0,0.0,9.0,17.0,A01
201300012752,0,7,0,0.0,0.0,4.0,23.0,B01
201300012752,0,7,0,0.0,2.0,1.0,1.0,A01
201300012753,0,7,0,0.0,2.0,3.0,15.0,B01
201300012753,0,2,0,0.0,2.0,1.0,17.0,A01
201300012754,0,7,0,0.0,0.0,7.0,18.0,A01
201300012754,0,10,0,4.0,0.0,3.0,1.0,B01
201300012755,0,7,0,0.0,1.0,2.0,16.0,A01
201300012756,0,7,0,0.0,1.0,2.0,1.0,A01
201300012757,0,7,0,0.0,2.0,7.0,1.0,B01
201300012757,0,7,0,0.0,0.0,3.0,9.0,A01
201300012758,0,7,0,0.0,1.0,3.0,1.0,A01
201300012759,0,7,0,0.0,1.0,4.0,4.0,A01
201300012760,0,7,0,0.0,1.0,2.0,1.0,A01
201300012761,0,10,0,0.0,2.0,1.0,1.0,A01
201300012761,0,7,0,0.0,0.0,4.0,1.0,B01
201300012762,0,7,0,11.0,0.0,9.0,1.0,A01
201300012763,0,7,0,0.0,0.0,6.0,15.0,B01
201300012763,0,32,0,0.0,2.0,1.0,1.0,A01
201300012764,0,1,0,0.0,1.0,1.0,1.0,A01
201300012765,0,38,1,1.0,1.0,5.0,1.0,A01
201300012766,1,7,0,0.0,2.0,3.0,1.0,A01
201300012766,0,33,0,0.0,2.0,7.0,1.0,B01
201300012767,0,7,0,0.0,0.0,8.0,1.0,C01
201300012767,0,7,0,0.0,2.0,8.0,1.0,B01
201300012767,0,7,0,0.0,2.0,1.0,1.0,A01
201300012768,0,7,0,0.0,2.0,5.0,15.0,A01
201300012768,0,2,0,0.0,2.0,1.0,1.0,B01
201300012769,0,1,0,0.0,0.0,6.0,1.0,B01
201300012769,0,7,0,0.0,2.0,3.0,1.0,A01
201300012770,0,7,0,0.0,1.0,3.0,1.0,A01
201300012771,0,30,0,0.0,0.0,4.0,15.0,B01
201300012771,0,7,0,0.0,2.0,1.0,2.0,A01
201300012772,0,31,0,0.0,2.0,1.0,1.0,B01
201300012772,0,7,0,0.0,2.0,3.0,15.0,A01
201300012773,0,7,0,0.0,1.0,1.0,1.0,A01
201300012774,0,7,0,0.0,2.0,1.0,13.0,A01
201300012774,0,7,0,0.0,0.0,1.0,1.0,B01
201300012775,0,7,0,0.0,2.0,1.0,1.0,A01
201300012775,0,1,0,0.0,0.0,4.0,1.0,B01
201300012776,0,7,0,0.0,0.0,8.0,15.0,B01
201300012776,0,7,0,0.0,2.0,1.0,17.0,A01
201300012777,0,7,0,0.0,1.0,1.0,19.0,A01
201300012778,0,7,0,14.0,1.0,7.0,1.0,A01
201300012779,0,30,0,0.0,2.0,1.0,1.0,B01
201300012779,0,7,0,0.0,2.0,3.0,9.0,A01
201300012780,0,7,0,0.0,2.0,2.0,19.0,A01
201300012780,0,30,0,0.0,2.0,1.0,1.0,B01
201300012781,0,7,0,0.0,0.0,2.0,15.0,A01
201300012781,0,32,0,0.0,2.0,1.0,1.0,B01
201300012782,0,7,0,0.0,1.0,2.0,1.0,A01
201300012783,0,7,0,0.0,2.0,1.0,1.0,A01
201300012783,0,7,0,0.0,0.0,4.0,23.0,B01
201300012783,0,7,0,0.0,0.0,4.0,23.0,C01
201300012784,0,7,0,0.0,2.0,2.0,1.0,A01
201300012784,0,7,0,0.0,2.0,1.0,1.0,B01
201300012785,0,7,0,0.0,2.0,2.0,16.0,A01
201300012785,0,1,0,0.0,2.0,1.0,1.0,B01
201300012786,0,7,0,0.0,2.0,2.0,9.0,A01
201300012786,0,1,0,0.0,2.0,1.0,1.0,B01
201300012787,0,33,0,1.0,0.0,0.0,1.0,A01
201300012788,0,7,0,0.0,1.0,1.0,15.0,A01
201300012789,2,7,0,0.0,1.0,2.0,16.0,A01
201300012790,0,30,0,0.0,2.0,3.0,15.0,B01
201300012790,0,7,0,0.0,0.0,5.0,17.0,A01
201300012791,0,1,0,0.0,2.0,1.0,1.0,A01
201300012791,0,7,0,0.0,2.0,5.0,1.0,B01
201300012792,0,7,0,0.0,1.0,3.0,0.0,A01
201300012793,0,7,0,0.0,2.0,4.0,2.0,B01
201300012793,0,7,0,0.0,2.0,1.0,2.0,A01
201300012794,0,7,0,8.0,0.0,1.0,1.0,A01
201300012795,0,2,0,0.0,0.0,0.0,21.0,A01
201300012796,0,7,0,0.0,1.0,1.0,1.0,A01
201300012797,0,10,0,0.0,1.0,1.0,1.0,A01
201300012798,0,7,0,0.0,2.0,3.0,15.0,A01
201300012798,0,2,0,0.0,2.0,3.0,1.0,B01
201300012799,0,7,0,0.0,1.0,1.0,1.0,A01
201300012800,0,1,0,0.0,2.0,6.0,1.0,B01
201300012800,0,7,0,0.0,2.0,2.0,1.0,A01
201300012801,0,2,0,0.0,1.0,1.0,1.0,A01
201300012802,0,33,0,0.0,0.0,1.0,1.0,B01
201300012802,0,7,0,0.0,2.0,5.0,15.0,A01
201300012803,0,7,0,0.0,0.0,1.0,15.0,A01
201300012803,0,7,0,0.0,0.0,1.0,1.0,B01
201300012804,0,7,0,0.0,1.0,1.0,1.0,A01
201300012805,0,7,0,0.0,1.0,8.0,15.0,A01
201300012806,0,1,0,0.0,2.0,4.0,1.0,B01
201300012806,0,7,0,0.0,2.0,1.0,2.0,A01
201300012807,0,7,0,0.0,2.0,3.0,1.0,B02
201300012807,0,7,0,0.0,2.0,2.0,13.0,A01
201300012808,0,7,0,0.0,2.0,8.0,1.0,B02