Num_Acc,senc,catv,occutc,obs,obsm,choc,manv,num_veh
201300012808,0,33,0,0.0,2.0,2.0,16.0,A01
201300012809,0,7,0,0.0,2.0,3.0,23.0,C03
201300012809,0,7,0,0.0,2.0,1.0,15.0,A01
201300012809,0,7,0,0.0,2.0,3.0,1.0,B02
201300012810,0,33,0,0.0,0.0,6.0,2.0,B02
201300012810,0,7,0,0.0,0.0,2.0,2.0,A01
201300012811,0,38,0,6.0,0.0,3.0,13.0,A01
201300012812,0,7,0,0.0,2.0,3.0,13.0,A01
201300012812,0,7,0,0.0,2.0,3.0,1.0,B02
201300012812,0,7,0,0.0,2.0,2.0,1.0,C03
201300012813,0,7,0,0.0,2.0,1.0,1.0,A01
201300012813,0,7,0,0.0,2.0,4.0,15.0,B02
201300012813,0,7,0,0.0,2.0,3.0,1.0,C03
201300012814,0,7,0,0.0,2.0,4.0,2.0,B02
201300012814,0,7,0,0.0,2.0,1.0,2.0,C03
201300012814,0,7,0,0.0,0.0,4.0,23.0,A01
201300012815,0,34,0,0.0,2.0,1.0,1.0,A01
201300012815,0,10,0,0.0,2.0,7.0,15.0,B02
201300012816,0,7,0,0.0,0.0,1.0,2.0,B02
201300012816,0,7,0,0.0,0.0,4.0,2.0,A01
201300012817,0,33,0,0.0,2.0,1.0,2.0,B02
201300012817,0,7,0,0.0,0.0,5.0,16.0,A01
201300012818,0,7,0,0.0,1.0,7.0,1.0,A01
201300012819,0,7,0,0.0,2.0,3.0,1.0,A01
201300012819,0,7,0,0.0,2.0,7.0,1.0,B02
201300012820,0,7,0,0.0,2.0,5.0,2.0,C03
201300012820,0,30,0,0.0,2.0,1.0,2.0,B02
201300012820,0,7,0,0.0,2.0,1.0,2.0,A01
201300012821,0,30,0,0.0,2.0,3.0,9.0,A01
201300012821,0,10,0,0.0,2.0,2.0,1.0,B02
201300012822,0,7,0,0.0,1.0,1.0,15.0,A01
201300012823,0,7,0,2.0,0.0,2.0,0.0,A01
201300012824,0,31,0,0.0,2.0,8.0,1.0,B02
201300012824,0,7,0,0.0,2.0,3.0,15.0,A01
201300012825,0,36,0,1.0,0.0,2.0,2.0,A01
201300012826,0,7,0,0.0,2.0,1.0,13.0,A01
201300012826,0,7,0,0.0,2.0,1.0,1.0,B02
201300012827,0,10,0,0.0,2.0,7.0,24.0,B02
201300012827,0,10,0,1.0,0.0,6.0,4.0,A01
201300012828,0,10,0,13.0,2.0,2.0,21.0,B02
201300012828,0,7,0,0.0,2.0,3.0,1.0,A01
201300012829,0,10,0,0.0,2.0,8.0,1.0,B02
201300012829,0,30,0,0.0,2.0,8.0,1.0,A01
201300012830,0,1,0,13.0,0.0,2.0,1.0,A01
201300012831,0,31,0,0.0,2.0,6.0,15.0,A01
201300012831,0,33,0,0.0,2.0,1.0,17.0,B02
201300012832,0,7,0,0.0,2.0,2.0,1.0,B02
201300012832,0,33,0,0.0,2.0,2.0,13.0,A01
201300012833,0,7,0,0.0,2.0,6.0,2.0,A01
201300012833,0,2,0,0.0,2.0,1.0,2.0,B02
201300012834,0,34,0,0.0,2.0,1.0,1.0,C03
201300012834,0,7,0,0.0,2.0,1.0,15.0,A01
201300012834,0,7,0,0.0,2.0,3.0,1.0,B02
201300012835,0,33,0,0.0,6.0,1.0,0.0,A01
201300012836,0,7,0,0.0,2.0,3.0,5.0,A01
201300012836,0,7,0,0.0,2.0,3.0,5.0,B02
201300012837,0,7,0,0.0,1.0,2.0,2.0,A01
201300012838,0,7,0,0.0,2.0,3.0,1.0,A01
201300012838,0,7,0,0.0,2.0,2.0,1.0,C03
201300012838,0,15,0,0.0,0.0,6.0,1.0,B02
201300012839,0,7,0,0.0,2.0,1.0,21.0,A01
201300012840,0,7,0,3.0,2.0,2.0,11.0,A01
201300012841,0,7,0,3.0,0.0,3.0,1.0,A01
201300012842,0,34,0,3.0,0.0,0.0,0.0,A01
201300012843,0,33,0,0.0,0.0,1.0,1.0,A01
201300012844,0,7,0,0.0,2.0,1.0,1.0,A01
201300012844,0,7,0,14.0,0.0,1.0,21.0,C03
201300012844,0,7,0,14.0,0.0,1.0,21.0,D04
201300012844,0,7,0,0.0,2.0,1.0,5.0,B02
201300012845,0,7,0,3.0,0.0,2.0,14.0,A01
201300012846,0,7,0,1.0,0.0,4.0,2.0,C03
201300012846,0,7,0,0.0,2.0,1.0,2.0,D04
201300012846,0,7,0,3.0,2.0,1.0,2.0,B02
201300012846,0,7,0,0.0,0.0,1.0,2.0,A01
201300012847,0,7,0,3.0,0.0,3.0,13.0,A01
201300012848,0,15,0,1.0,1.0,1.0,1.0,A01
201300012849,0,7,0,13.0,2.0,1.0,1.0,A01
201300012849,0,7,0,0.0,0.0,5.0,1.0,B02
201300012850,0,7,0,0.0,2.0,3.0,21.0,A01
201300012850,0,7,0,0.0,2.0,2.0,19.0,B02
201300012851,0,7,0,0.0,1.0,2.0,17.0,B02
201300012852,0,7,0,13.0,0.0,1.0,13.0,A01
201300012853,0,7,0,7.0,2.0,7.0,13.0,A01
201300012853,0,7,0,0.0,2.0,2.0,21.0,B02
201300012854,0,7,0,0.0,2.0,1.0,2.0,A01
201300012854,0,14,0,0.0,0.0,4.0,2.0,B02
201300012855,0,31,0,0.0,2.0,1.0,1.0,B02
201300012855,0,7,0,0.0,2.0,3.0,16.0,A01
201300012856,0,7,0,0.0,2.0,3.0,13.0,A01
201300012856,0,7,0,0.0,2.0,3.0,1.0,B02
201300012857,0,33,0,0.0,0.0,9.0,13.0,A01
201300012858,0,17,0,0.0,0.0,0.0,1.0,B02
201300012858,0,31,0,0.0,2.0,1.0,13.0,A01
201300012859,0,7,0,0.0,2.0,3.0,17.0,A01
201300012859,0,15,0,0.0,2.0,3.0,1.0,B02
201300012860,0,7,0,0.0,1.0,1.0,21.0,A01
201300012861,0,7,0,2.0,0.0,8.0,13.0,A01
201300012862,0,14,0,0.0,2.0,4.0,1.0,B02
201300012862,0,10,0,0.0,2.0,1.0,14.0,A01
201300012863,0,7,0,0.0,2.0,8.0,13.0,A01
201300012863,0,7,0,0.0,2.0,7.0,17.0,B02
201300012864,0,7,0,0.0,2.0,7.0,1.0,A01
201300012864,0,7,0,0.0,2.0,1.0,1.0,B02
201300012865,0,7,0,0.0,2.0,4.0,2.0,B02
201300012865,0,37,0,0.0,2.0,1.0,13.0,A01
201300012865,0,7,0,0.0,2.0,1.0,5.0,C03
201300012866,0,33,0,1.0,0.0,2.0,24.0,A01
201300012867,0,38,0,0.0,2.0,2.0,2.0,A01
201300012867,0,7,0,0.0,0.0,6.0,1.0,B02
201300012868,0,30,0,0.0,2.0,7.0,19.0,A01
201300012868,0,7,0,12.0,2.0,3.0,1.0,B02
201300012869,0,7,0,0.0,2.0,8.0,1.0,A01
201300012869,0,7,0,0.0,2.0,8.0,1.0,B02
201300012870,0,10,0,0.0,2.0,3.0,0.0,B02
201300012870,0,7,0,0.0,2.0,7.0,1.0,A01
201300012871,0,7,0,0.0,2.0,3.0,5.0,A01
201300012871,0,7,0,0.0,2.0,3.0,18.0,B02
201300012872,0,7,0,3.0,0.0,1.0,14.0,A01
201300012873,0,7,0,0.0,0.0,2.0,13.0,A01
201300012874,0,7,0,4.0,0.0,1.0,13.0,A01
201300012875,0,7,0,3.0,0.0,9.0,1.0,A01
201300012876,0,7,0,3.0,0.0,1.0,1.0,A01
201300012876,0,7,0,0.0,2.0,1.0,2.0,B02
201300012876,0,7,0,14.0,0.0,8.0,1.0,C03
201300012877,0,7,0,3.0,2.0,2.0,17.0,A01
201300012877,0,17,0,0.0,2.0,6.0,1.0,B02
201300012878,0,7,0,6.0,0.0,3.0,14.0,A01
201300012879,0,7,0,0.0,2.0,2.0,17.0,A01
201300012879,0,17,0,0.0,0.0,0.0,2.0,B02
201300012880,0,7,0,6.0,0.0,2.0,1.0,A01
201300012881,0,7,0,2.0,0.0,3.0,1.0,A01
201300012882,0,7,0,13.0,0.0,1.0,1.0,A01
201300012883,0,14,0,0.0,2.0,3.0,2.0,B02
201300012883,0,7,0,0.0,2.0,3.0,2.0,A01
201300012884,0,7,0,0.0,2.0,1.0,15.0,A01
201300012884,0,10,0,0.0,2.0,1.0,1.0,B02
201300012884,0,7,0,0.0,2.0,1.0,23.0,C03
201300012885,0,7,0,0.0,1.0,1.0,13.0,A01
201300012886,0,15,0,0.0,2.0,3.0,2.0,A01
201300012886,0,7,0,0.0,2.0,6.0,15.0,B02
201300012886,0,15,0,0.0,2.0,8.0,1.0,C03
201300012886,0,7,0,0.0,2.0,3.0,1.0,D04
201300012887,0,7,0,0.0,2.0,8.0,16.0,A01
201300012887,0,33,0,0.0,2.0,3.0,1.0,B02
201300012888,0,33,0,11.0,0.0,1.0,1.0,A01
201300012889,0,38,43,3.0,0.0,2.0,1.0,A01
201300012890,0,7,0,14.0,0.0,1.0,1.0,A01
201300012891,0,7,0,4.0,0.0,3.0,1.0,A01
201300012892,0,17,0,3.0,0.0,3.0,13.0,A01
201300012893,0,7,0,13.0,0.0,1.0,14.0,A01
201300012894,0,7,0,3.0,0.0,9.0,1.0,A01
201300012895,0,31,0,0.0,0.0,1.0,1.0,B02
201300012895,0,7,0,0.0,0.0,3.0,10.0,A01
201300012896,0,7,0,13.0,0.0,3.0,13.0,A01
201300012897,0,7,0,0.0,2.0,2.0,2.0,A01
201300012897,0,7,0,0.0,2.0,3.0,23.0,B02
201300012898,0,10,0,0.0,2.0,2.0,1.0,A01
201300012898,0,7,0,0.0,2.0,4.0,15.0,B02
201300012899,0,33,0,0.0,2.0,1.0,1.0,B02
201300012899,0,7,0,0.0,2.0,5.0,15.0,A01
201300012900,0,7,0,0.0,0.0,1.0,1.0,A01
201300012901,0,7,0,0.0,0.0,0.0,1.0,A01
201300012902,0,15,0,,0.0,4.0,0.0,B02
201300012903,0,7,0,0.0,2.0,2.0,15.0,A01
201300012903,0,33,0,0.0,2.0,1.0,1.0,B02
201300012904,0,2,0,0.0,2.0,7.0,1.0,A01
201300012904,0,10,0,0.0,2.0,3.0,1.0,B02
201300012905,0,33,0,0.0,0.0,8.0,0.0,A01
201300012906,0,7,0,0.0,1.0,3.0,1.0,A01
201300012907,0,7,0,0.0,2.0,1.0,1.0,B01
201300012907,0,3,0,0.0,2.0,3.0,19.0,A01
201300012908,0,7,0,13.0,0.0,1.0,0.0,A01
201300012909,0,7,0,0.0,2.0,1.0,1.0,A01
201300012909,0,7,0,0.0,2.0,4.0,1.0,B01
201300012910,0,33,0,0.0,2.0,1.0,13.0,A01
201300012910,0,7,0,0.0,2.0,4.0,17.0,B01
201300012911,0,33,0,0.0,2.0,1.0,1.0,B01
201300012911,0,7,0,0.0,2.0,8.0,15.0,A01
201300012912,0,30,0,0.0,1.0,7.0,1.0,A01
201300012913,0,7,0,0.0,2.0,1.0,1.0,A01
201300012913,0,7,0,0.0,2.0,1.0,1.0,B01
201300012914,0,33,0,0.0,2.0,8.0,17.0,B01
201300012914,0,7,0,0.0,2.0,8.0,15.0,A01
201300012915,0,33,0,0.0,2.0,1.0,13.0,A01
201300012915,0,7,0,0.0,2.0,2.0,1.0,B01
201300012916,0,7,0,0.0,2.0,1.0,1.0,A01
201300012916,0,7,0,0.0,1.0,1.0,1.0,B01
201300012917,0,7,0,0.0,2.0,7.0,1.0,B01
201300012917,0,14,0,0.0,2.0,0.0,1.0,A01
201300012918,0,7,0,5.0,0.0,1.0,14.0,A01
201300012919,0,7,0,0.0,2.0,8.0,13.0,B01
201300012919,0,7,0,0.0,2.0,7.0,0.0,A01
201300012920,0,1,0,0.0,2.0,4.0,2.0,B01
201300012920,0,10,0,0.0,2.0,4.0,2.0,A01
201300012921,0,7,0,0.0,1.0,8.0,1.0,A01
201300012922,0,10,0,1.0,1.0,6.0,1.0,A01
201300012923,0,33,0,0.0,9.0,0.0,1.0,A01
201300012924,0,7,0,0.0,1.0,8.0,1.0,A01
201300012925,0,33,0,0.0,2.0,1.0,1.0,B01
201300012925,0,7,0,0.0,2.0,6.0,10.0,A01
201300012926,0,7,0,0.0,2.0,3.0,0.0,B01
201300012926,0,2,0,0.0,2.0,7.0,19.0,A01
201300012927,0,7,0,0.0,2.0,3.0,1.0,B01
201300012927,0,7,0,3.0,2.0,1.0,13.0,A01
201300012928,0,7,0,0.0,0.0,0.0,1.0,A01
201300012929,0,30,0,0.0,2.0,7.0,1.0,B01
201300012929,0,7,0,0.0,2.0,3.0,15.0,A01
201300012930,1,7,0,0.0,1.0,0.0,1.0,A01
201300012931,0,7,0,0.0,2.0,1.0,1.0,A01
201300012931,0,30,0,0.0,2.0,4.0,1.0,B01
201300012932,0,7,0,0.0,0.0,0.0,1.0,A01
201300012933,0,7,0,0.0,2.0,4.0,1.0,B01
201300012933,0,7,0,0.0,2.0,1.0,1.0,A01
201300012934,0,7,0,0.0,1.0,1.0,1.0,A01
201300012935,0,7,0,0.0,2.0,1.0,13.0,A01
201300012935,0,7,0,0.0,2.0,1.0,1.0,C01
201300012935,0,7,0,0.0,2.0,7.0,1.0,B01
201300012936,0,2,0,0.0,2.0,1.0,0.0,A01
201300012936,0,7,0,0.0,2.0,1.0,1.0,B01
201300012937,0,7,0,0.0,0.0,0.0,0.0,A01
201300012938,0,7,0,0.0,0.0,0.0,0.0,A01
201300012939,0,7,0,0.0,0.0,0.0,1.0,A01
201300012940,0,7,0,3.0,0.0,0.0,0.0,A01
201300012941,0,7,0,0.0,0.0,0.0,1.0,A01
201300012942,0,7,0,0.0,1.0,1.0,0.0,A01
201300012943,0,7,0,0.0,1.0,0.0,1.0,A01
201300012944,0,7,0,0.0,1.0,0.0,4.0,A01
201300012945,0,7,0,16.0,0.0,0.0,1.0,A01
201300012946,0,7,0,0.0,1.0,0.0,1.0,A01
201300012947,0,7,0,0.0,2.0,1.0,1.0,A01
201300012947,1,7,0,0.0,2.0,1.0,1.0,Z01
201300012947,0,7,0,0.0,2.0,4.0,1.0,B01
201300012948,0,7,0,0.0,1.0,0.0,1.0,A01
201300012949,0,30,0,0.0,2.0,1.0,1.0,B01
201300012949,0,7,0,0.0,2.0,8.0,1.0,A01
201300012950,0,7,0,0.0,9.0,7.0,15.0,A01
201300012950,0,33,0,0.0,2.0,1.0,1.0,B01
201300012951,0,33,0,0.0,0.0,0.0,1.0,A01
201300012952,0,7,0,0.0,1.0,0.0,1.0,A01
201300012953,0,7,0,0.0,0.0,0.0,15.0,A01
201300012954,0,7,0,0.0,0.0,4.0,1.0,B01
201300012954,0,7,0,0.0,2.0,2.0,1.0,A01
201300012955,0,7,0,0.0,2.0,7.0,0.0,A01
201300012955,0,7,0,0.0,2.0,0.0,1.0,B01
201300012956,0,7,0,0.0,1.0,0.0,0.0,A01
201300012957,0,7,0,0.0,1.0,0.0,0.0,A01
201300012958,0,7,0,0.0,2.0,0.0,1.0,A01
201300012958,0,30,0,0.0,2.0,7.0,1.0,B01
201300012959,0,7,0,0.0,2.0,4.0,1.0,B01
201300012959,0,7,0,0.0,2.0,1.0,0.0,A01
201300012960,0,7,0,0.0,2.0,1.0,1.0,B01
201300012960,0,7,0,0.0,2.0,4.0,15.0,A01
201300012960,0,7,0,0.0,2.0,1.0,1.0,C01
201300012961,0,1,0,0.0,1.0,7.0,1.0,A01
201300012962,0,7,0,0.0,2.0,1.0,1.0,A01
201300012962,0,7,0,0.0,2.0,4.0,1.0,B01
201300012963,1,99,0,0.0,1.0,0.0,0.0,Z01
201300012964,0,30,0,0.0,2.0,8.0,1.0,B01
201300012964,0,7,0,0.0,2.0,1.0,10.0,A01
201300012965,0,7,0,3.0,0.0,1.0,1.0,A01
201300012966,0,7,0,0.0,2.0,1.0,1.0,A01
201300012966,0,7,0,0.0,2.0,4.0,1.0,B01
201300012967,0,7,0,0.0,1.0,7.0,1.0,A01
201300012968,0,7,0,0.0,2.0,4.0,1.0,B01
201300012968,0,32,0,0.0,2.0,1.0,1.0,A01
201300012969,0,7,0,0.0,2.0,0.0,1.0,B01
201300012969,0,30,0,0.0,2.0,1.0,1.0,A01
201300012970,0,7,0,0.0,2.0,1.0,1.0,A01
201300012970,0,7,0,0.0,2.0,4.0,1.0,B01
201300012971,0,1,0,0.0,1.0,7.0,1.0,A01
201300012972,0,7,0,0.0,2.0,4.0,1.0,B01
201300012972,0,7,0,0.0,0.0,1.0,1.0,C01
201300012972,0,7,0,0.0,2.0,1.0,1.0,A01
201300012973,0,7,0,0.0,2.0,1.0,0.0,A01
201300012973,0,33,0,0.0,2.0,4.0,1.0,B01
201300012974,0,7,0,0.0,0.0,1.0,1.0,B01
201300012974,0,7,0,0.0,2.0,4.0,0.0,A01
201300012975,0,7,0,0.0,2.0,1.0,0.0,A01
201300012975,0,7,0,0.0,2.0,7.0,1.0,B01
201300012976,0,33,0,0.0,0.0,0.0,0.0,A01
201300012977,0,33,0,0.0,0.0,0.0,1.0,B01
201300012977,0,13,0,2.0,0.0,1.0,1.0,A01
201300012978,0,7,0,0.0,2.0,0.0,1.0,B01
201300012978,0,13,0,0.0,2.0,7.0,0.0,A01
201300012979,0,2,0,0.0,2.0,0.0,0.0,A01
201300012979,0,7,0,0.0,2.0,7.0,1.0,B01
201300012980,0,7,0,0.0,2.0,1.0,1.0,A01
201300012980,0,7,0,0.0,2.0,4.0,0.0,C01
201300012980,0,7,0,0.0,2.0,4.0,1.0,B01
201300012981,0,7,0,13.0,0.0,0.0,0.0,A01
201300012982,0,7,0,0.0,1.0,0.0,1.0,A01
201300012983,0,33,0,16.0,0.0,8.0,0.0,A01
201300012984,0,7,0,13.0,0.0,0.0,0.0,A01
201300012985,0,1,0,8.0,0.0,1.0,0.0,A01
201300012986,0,7,0,0.0,1.0,1.0,1.0,A01
201300012987,0,7,0,0.0,2.0,0.0,1.0,B01
201300012987,0,7,0,0.0,2.0,1.0,1.0,A01
201300012988,0,7,0,6.0,0.0,0.0,0.0,A01
201300012989,0,7,0,0.0,1.0,1.0,1.0,A01
201300012990,0,7,0,0.0,2.0,0.0,0.0,A01
201300012990,0,7,0,0.0,2.0,0.0,0.0,B01
201300012991,0,30,0,0.0,0.0,0.0,0.0,A01
201300012992,0,7,0,0.0,2.0,0.0,0.0,B01
201300012992,0,7,0,0.0,2.0,1.0,0.0,A01
201300012993,0,7,0,0.0,2.0,4.0,1.0,A01
201300012993,0,7,0,0.0,2.0,4.0,1.0,B01
201300012994,0,7,0,0.0,2.0,1.0,1.0,A01
201300012994,0,1,0,0.0,2.0,4.0,1.0,B01
201300012995,0,30,0,0.0,0.0,0.0,0.0,A01
201300012996,0,7,0,6.0,0.0,1.0,0.0,A01
201300012997,0,7,0,0.0,1.0,0.0,0.0,A01
201300012998,0,7,0,0.0,0.0,0.0,1.0,A01
201300012999,1,7,0,0.0,2.0,0.0,0.0,A01
201300012999,0,1,0,0.0,2.0,0.0,0.0,B01
201300013000,0,7,0,0.0,2.0,4.0,0.0,B01
201300013000,0,7,0,0.0,2.0,1.0,0.0,A01
201300013001,0,7,0,0.0,1.0,0.0,0.0,A01
201300013002,0,7,0,9.0,0.0,1.0,1.0,A01
201300013003,0,33,0,0.0,2.0,0.0,0.0,B01
201300013003,0,7,0,0.0,2.0,0.0,0.0,A01
201300013004,0,7,0,0.0,2.0,0.0,1.0,B01
201300013004,0,7,0,0.0,2.0,4.0,1.0,C01
201300013004,0,7,0,0.0,2.0,1.0,0.0,A01
201300013005,0,2,0,0.0,2.0,1.0,1.0,A01
201300013005,0,7,0,0.0,0.0,0.0,0.0,B01
201300013006,0,30,0,0.0,2.0,0.0,1.0,A01
201300013006,1,34,0,0.0,2.0,0.0,0.0,Z01
201300013007,0,33,0,0.0,2.0,0.0,0.0,B01
201300013007,0,7,0,0.0,2.0,7.0,0.0,A01
201300013008,1,7,0,0.0,2.0,0.0,0.0,Z01
201300013008,0,33,0,0.0,2.0,4.0,1.0,B01
201300013009,0,7,0,0.0,2.0,1.0,13.0,B01
201300013009,0,10,0,0.0,2.0,1.0,1.0,A01
201300013010,0,7,0,0.0,0.0,0.0,0.0,A01
201300013011,0,7,0,0.0,0.0,0.0,0.0,A01
201300013012,0,7,0,1.0,0.0,7.0,1.0,A01
201300013012,0,7,0,1.0,2.0,0.0,1.0,B01
201300013013,0,7,0,0.0,0.0,1.0,0.0,A01
201300013014,0,7,0,0.0,0.0,1.0,1.0,A01
201300013015,0,7,0,0.0,0.0,0.0,1.0,B01
201300013015,0,32,0,1.0,0.0,0.0,0.0,A01
201300013016,0,7,0,0.0,2.0,0.0,0.0,B01
201300013016,0,30,0,0.0,2.0,0.0,1.0,A01
201300013017,0,32,0,0.0,2.0,0.0,1.0,A01
201300013017,0,7,0,0.0,2.0,4.0,0.0,B01
201300013018,0,7,0,0.0,1.0,0.0,1.0,A01
201300013019,0,7,0,0.0,2.0,0.0,1.0,A01
201300013019,0,7,0,0.0,0.0,0.0,1.0,B01
201300013020,0,7,0,0.0,2.0,0.0,1.0,B01
201300013020,0,7,0,0.0,2.0,0.0,1.0,A01
201300013021,0,7,0,0.0,0.0,9.0,0.0,A01
201300013022,0,7,0,0.0,2.0,0.0,0.0,B01
201300013022,0,7,0,0.0,2.0,0.0,1.0,A01
201300013023,0,7,0,0.0,0.0,6.0,0.0,B01
201300013023,0,7,0,0.0,0.0,4.0,1.0,A01
201300013024,0,34,0,0.0,0.0,0.0,0.0,A01
201300013025,1,34,0,0.0,1.0,0.0,0.0,A01
201300013026,0,33,0,0.0,2.0,1.0,1.0,B01
201300013026,0,7,0,0.0,2.0,0.0,1.0,A01
201300013027,0,7,0,0.0,2.0,1.0,1.0,B01
201300013027,0,33,0,0.0,2.0,1.0,1.0,A01
201300013028,0,7,0,0.0,1.0,1.0,1.0,A01
201300013029,0,33,0,0.0,0.0,1.0,1.0,A01
201300013030,0,1,0,12.0,0.0,0.0,0.0,A01
201300013031,0,7,0,0.0,2.0,0.0,0.0,B01
201300013031,0,10,0,1.0,0.0,0.0,0.0,A01
201300013032,0,7,0,0.0,2.0,1.0,1.0,B01
201300013032,0,7,0,0.0,2.0,1.0,1.0,A01
201300013033,0,7,0,0.0,2.0,0.0,1.0,B01
201300013033,0,7,0,0.0,2.0,0.0,14.0,A01
201300013034,0,32,0,0.0,0.0,0.0,1.0,A01
201300013035,0,7,0,0.0,2.0,4.0,1.0,B01
201300013035,0,2,0,0.0,2.0,1.0,0.0,A01
201300013036,0,7,0,0.0,0.0,0.0,0.0,A01
201300013037,0,33,0,0.0,0.0,0.0,0.0,A01
201300013038,0,32,0,0.0,2.0,0.0,1.0,A01
201300013038,0,7,0,0.0,0.0,6.0,0.0,B01
201300013039,0,7,0,0.0,1.0,0.0,0.0,A01
201300013040,0,7,0,0.0,2.0,8.0,1.0,B01
201300013040,0,7,0,0.0,2.0,1.0,1.0,A01
201300013041,0,7,0,0.0,2.0,4.0,1.0,B01
201300013041,0,10,0,0.0,2.0,1.0,1.0,A01
201300013042,0,2,0,0.0,2.0,7.0,0.0,A01
201300013042,0,7,0,0.0,0.0,0.0,1.0,B01
201300013043,0,7,0,0.0,2.0,7.0,10.0,A01
201300013043,0,33,0,0.0,2.0,7.0,17.0,B01
201300013044,0,7,0,0.0,2.0,1.0,1.0,B01
201300013044,0,15,0,0.0,2.0,4.0,1.0,A01
201300013045,0,7,0,0.0,2.0,1.0,0.0,A01
201300013045,0,7,0,0.0,2.0,7.0,1.0,B01
201300013046,0,2,0,0.0,0.0,0.0,1.0,A01
201300013047,0,7,0,0.0,1.0,7.0,15.0,A01
201300013048,0,7,0,0.0,2.0,1.0,1.0,A01
201300013048,0,7,0,0.0,2.0,4.0,1.0,B01
201300013049,0,7,0,0.0,1.0,1.0,1.0,A01
201300013050,0,7,0,0.0,2.0,0.0,0.0,B01
201300013050,0,7,0,0.0,2.0,7.0,0.0,A01
201300013051,0,30,0,0.0,2.0,1.0,1.0,A01
201300013051,0,7,0,0.0,2.0,1.0,0.0,B01
201300013052,0,33,0,0.0,0.0,0.0,0.0,A01
201300013053,0,7,0,0.0,2.0,4.0,0.0,B01
201300013053,0,7,0,0.0,2.0,1.0,0.0,A01
201300013054,1,7,0,0.0,1.0,0.0,0.0,Z01
201300013055,0,7,0,0.0,2.0,8.0,0.0,B01
201300013055,0,7,0,0.0,2.0,1.0,0.0,A01
201300013056,0,7,0,0.0,1.0,4.0,4.0,A01
201300013057,0,7,0,0.0,2.0,0.0,1.0,B01
201300013057,0,7,0,0.0,2.0,0.0,0.0,A01
201300013058,0,7,0,0.0,1.0,1.0,1.0,A01
201300013059,0,13,0,0.0,2.0,1.0,1.0,B01
201300013059,0,7,0,0.0,2.0,1.0,1.0,A01
201300013060,0,34,0,0.0,2.0,8.0,0.0,B01
201300013060,0,7,0,0.0,2.0,7.0,1.0,A01
201300013061,1,7,0,0.0,2.0,7.0,16.0,A01
201300013061,0,2,0,0.0,2.0,7.0,1.0,B01
201300013062,0,7,0,0.0,2.0,1.0,1.0,A01
201300013062,0,2,0,0.0,2.0,1.0,1.0,B01
201300013063,0,33,0,0.0,0.0,0.0,1.0,A01
201300013064,0,7,0,0.0,2.0,1.0,1.0,A01
201300013064,0,7,0,0.0,2.0,4.0,1.0,B01
201300013064,0,7,0,0.0,2.0,1.0,1.0,C01
201300013065,0,34,0,0.0,2.0,1.0,1.0,B01
201300013065,0,7,0,0.0,2.0,7.0,1.0,A01
201300013066,0,7,0,0.0,2.0,1.0,10.0,A01
201300013066,0,33,0,0.0,2.0,1.0,0.0,B01
201300013067,0,7,0,9.0,0.0,1.0,0.0,A01
201300013068,0,7,0,0.0,1.0,8.0,1.0,A01
201300013069,0,7,0,0.0,1.0,7.0,1.0,A01
201300013070,0,2,0,0.0,2.0,3.0,0.0,B01
201300013070,0,7,0,0.0,2.0,3.0,15.0,A01
201300013071,0,2,0,0.0,2.0,7.0,1.0,B01
201300013071,0,7,0,0.0,2.0,3.0,1.0,A01
201300013072,0,7,0,0.0,2.0,7.0,19.0,A01
201300013072,0,33,0,0.0,2.0,1.0,1.0,B01
201300013073,0,17,0,0.0,0.0,4.0,23.0,B02
201300013073,0,15,0,0.0,2.0,1.0,2.0,A01
201300013073,0,7,0,0.0,9.0,1.0,1.0,C03
201300013074,0,1,0,0.0,2.0,3.0,13.0,B02
201300013074,0,14,0,11.0,2.0,2.0,1.0,A01
201300013075,0,10,0,0.0,2.0,1.0,2.0,B02
201300013075,0,7,0,6.0,0.0,4.0,23.0,A01
201300013076,0,38,7,0.0,0.0,6.0,15.0,B02
201300013076,0,33,0,0.0,2.0,2.0,21.0,A01
201300013077,0,7,0,0.0,1.0,1.0,0.0,A01
201300013078,0,10,0,0.0,2.0,3.0,2.0,A01
201300013078,0,10,0,0.0,2.0,3.0,2.0,B02
201300013079,0,7,0,0.0,0.0,0.0,0.0,A01
201300013079,0,7,0,5.0,0.0,4.0,0.0,B02
201300013080,0,10,0,0.0,0.0,0.0,0.0,C03
201300013080,0,10,0,0.0,0.0,4.0,23.0,B02
201300013080,0,10,0,1.0,0.0,1.0,1.0,A01
201300013081,0,7,0,0.0,0.0,4.0,2.0,A01
201300013081,0,7,0,0.0,2.0,1.0,2.0,B02
201300013081,0,7,0,14.0,0.0,1.0,2.0,C03
201300013081,0,7,0,14.0,0.0,3.0,2.0,D04
201300013082,0,7,0,13.0,0.0,2.0,0.0,A01
201300013083,0,10,0,16.0,0.0,9.0,14.0,A01
201300013084,0,7,0,0.0,2.0,1.0,1.0,A01
201300013084,0,7,0,0.0,2.0,8.0,1.0,B01
201300013085,0,30,0,0.0,2.0,1.0,1.0,A01
201300013085,0,7,0,0.0,2.0,4.0,1.0,B01
201300013085,0,7,0,0.0,2.0,0.0,0.0,C01
201300013086,0,7,0,0.0,1.0,0.0,1.0,A01
201300013087,0,7,0,0.0,1.0,2.0,1.0,A01
201300013088,0,7,0,0.0,2.0,0.0,0.0,B01
201300013088,0,7,0,0.0,0.0,0.0,0.0,A01