Num_Acc,senc,catv,occutc,obs,obsm,choc,manv,num_veh
201300013089,0,1,0,0.0,2.0,1.0,1.0,B01
201300013089,0,7,0,0.0,2.0,3.0,15.0,A01
201300013090,0,33,0,0.0,0.0,4.0,23.0,B01
201300013090,1,7,0,14.0,0.0,1.0,1.0,A01
201300013091,0,7,0,0.0,0.0,3.0,23.0,B01
201300013091,0,7,0,14.0,0.0,2.0,14.0,A01
201300013092,0,7,0,0.0,2.0,2.0,1.0,A01
201300013092,0,1,0,0.0,2.0,7.0,19.0,B01
201300013093,0,30,0,0.0,2.0,1.0,0.0,B01
201300013093,0,7,0,0.0,2.0,1.0,1.0,A01
201300013094,0,7,0,0.0,2.0,1.0,2.0,A01
201300013094,0,7,0,0.0,0.0,4.0,2.0,B01
201300013095,0,7,0,0.0,0.0,7.0,1.0,B01
201300013095,0,7,0,0.0,2.0,1.0,1.0,A01
201300013096,0,30,0,0.0,2.0,1.0,1.0,B01
201300013096,0,7,0,0.0,2.0,4.0,4.0,A01
201300013097,0,7,0,0.0,2.0,8.0,1.0,B01
201300013097,0,7,0,0.0,2.0,1.0,1.0,A01
201300013098,0,7,0,0.0,1.0,1.0,1.0,A01
201300013099,0,34,0,0.0,0.0,0.0,0.0,A01
201300013100,0,7,0,0.0,0.0,4.0,23.0,B01
201300013100,0,7,0,14.0,0.0,1.0,1.0,A01
201300013101,0,7,0,0.0,2.0,1.0,1.0,A01
201300013101,0,7,0,0.0,0.0,4.0,15.0,B01
201300013102,0,7,0,0.0,1.0,4.0,4.0,A01
201300013103,1,10,0,0.0,2.0,0.0,13.0,A01
201300013103,0,7,0,0.0,2.0,5.0,17.0,B01
201300013104,0,33,0,6.0,0.0,1.0,1.0,A01
201300013105,0,7,0,0.0,1.0,1.0,1.0,A01
201300013106,0,1,0,0.0,2.0,7.0,1.0,A01
201300013106,0,7,0,0.0,2.0,1.0,1.0,B01
201300013107,0,7,0,0.0,1.0,4.0,4.0,A01
201300013108,0,15,0,0.0,2.0,2.0,1.0,B01
201300013108,0,7,0,0.0,2.0,8.0,15.0,A01
201300013109,0,10,0,0.0,2.0,1.0,2.0,A01
201300013109,0,10,0,0.0,0.0,4.0,1.0,B01
201300013110,0,33,0,1.0,0.0,7.0,16.0,A01
201300013111,0,7,0,8.0,0.0,1.0,1.0,A01
201300013112,0,7,0,13.0,0.0,9.0,1.0,A01
201300013113,0,7,0,0.0,1.0,2.0,1.0,A01
201300013114,0,7,0,0.0,2.0,0.0,1.0,B01
201300013114,0,7,0,12.0,2.0,0.0,1.0,A01
201300013115,0,7,0,0.0,1.0,0.0,0.0,A01
201300013116,1,7,0,14.0,0.0,1.0,1.0,A01
201300013116,0,7,0,14.0,0.0,4.0,23.0,B01
201300013117,0,7,0,0.0,2.0,0.0,0.0,A01
201300013117,0,1,0,0.0,2.0,0.0,0.0,B01
201300013118,0,7,0,0.0,1.0,0.0,1.0,A01
201300013119,0,33,0,0.0,2.0,1.0,1.0,A01
201300013119,1,7,0,0.0,2.0,1.0,1.0,B01
201300013120,0,10,0,4.0,0.0,0.0,1.0,A01
201300013121,0,7,0,0.0,2.0,1.0,1.0,A01
201300013121,0,7,0,0.0,2.0,4.0,2.0,B01
201300013122,0,7,0,0.0,2.0,3.0,1.0,A01
201300013122,0,7,0,0.0,2.0,3.0,1.0,B01
201300013123,0,7,0,0.0,2.0,3.0,1.0,B01
201300013123,0,33,0,0.0,2.0,0.0,1.0,A01
201300013124,0,7,0,0.0,2.0,0.0,1.0,A01
201300013124,0,1,0,0.0,0.0,1.0,1.0,B01
201300013125,0,34,0,0.0,2.0,1.0,1.0,B01
201300013125,0,7,0,0.0,2.0,8.0,11.0,A01
201300013126,0,7,0,0.0,0.0,1.0,0.0,A01
201300013127,0,1,0,0.0,2.0,1.0,15.0,B01
201300013127,0,7,0,0.0,2.0,3.0,9.0,A01
201300013128,0,7,0,0.0,1.0,3.0,15.0,A01
201300013129,0,7,0,1.0,0.0,1.0,1.0,A01
201300013130,1,99,0,0.0,0.0,0.0,0.0,A01
201300013130,0,31,0,0.0,0.0,0.0,0.0,B01
201300013131,0,7,0,0.0,0.0,4.0,1.0,C01
201300013131,0,7,0,0.0,2.0,9.0,2.0,B01
201300013131,0,7,0,0.0,2.0,1.0,2.0,A01
201300013132,0,1,0,0.0,2.0,8.0,1.0,B01
201300013132,0,7,0,0.0,2.0,1.0,1.0,A01
201300013133,0,7,0,0.0,2.0,8.0,23.0,B01
201300013133,0,3,0,0.0,2.0,1.0,13.0,A01
201300013134,0,33,0,1.0,0.0,9.0,0.0,A01
201300013135,0,7,0,0.0,2.0,0.0,0.0,B01
201300013135,0,7,0,0.0,2.0,0.0,0.0,A01
201300013136,0,7,0,0.0,2.0,4.0,12.0,B01
201300013136,0,7,0,0.0,2.0,1.0,1.0,A01
201300013137,0,7,0,0.0,2.0,6.0,1.0,B01
201300013137,0,30,0,0.0,2.0,7.0,15.0,A01
201300013138,0,7,0,0.0,2.0,4.0,23.0,B01
201300013138,0,7,0,0.0,2.0,1.0,1.0,A01
201300013139,0,7,0,0.0,2.0,1.0,17.0,A01
201300013139,0,33,0,0.0,2.0,1.0,1.0,B01
201300013140,0,7,0,0.0,2.0,8.0,1.0,B01
201300013140,0,10,0,0.0,2.0,1.0,21.0,A01
201300013141,0,7,0,0.0,1.0,0.0,1.0,A01
201300013142,0,7,0,0.0,2.0,1.0,0.0,B01
201300013142,0,30,0,0.0,2.0,1.0,0.0,A01
201300013143,0,7,0,0.0,2.0,7.0,12.0,A01
201300013143,0,30,0,0.0,2.0,3.0,0.0,B01
201300013144,0,2,0,0.0,2.0,1.0,1.0,A01
201300013144,0,7,0,0.0,2.0,6.0,1.0,B01
201300013145,0,33,0,0.0,2.0,1.0,1.0,A01
201300013145,0,7,0,0.0,2.0,2.0,16.0,B01
201300013146,1,31,0,0.0,1.0,1.0,1.0,A01
201300013147,0,7,0,0.0,1.0,1.0,1.0,A01
201300013148,0,7,0,0.0,2.0,1.0,1.0,A01
201300013148,0,7,0,0.0,2.0,4.0,1.0,B01
201300013149,0,7,0,0.0,2.0,1.0,1.0,A01
201300013149,0,7,0,0.0,2.0,1.0,1.0,B01
201300013150,0,7,0,0.0,1.0,1.0,1.0,A01
201300013151,0,33,0,0.0,0.0,0.0,21.0,A01
201300013152,0,7,0,0.0,1.0,3.0,1.0,A01
201300013153,0,7,0,2.0,0.0,1.0,1.0,A01
201300013154,0,7,0,0.0,1.0,1.0,1.0,A01
201300013155,0,10,0,0.0,0.0,0.0,1.0,A01
201300013156,0,7,0,0.0,2.0,2.0,13.0,A01
201300013156,0,7,0,0.0,2.0,1.0,1.0,B01
201300013157,0,7,0,0.0,1.0,4.0,20.0,A01
201300013158,0,30,0,0.0,0.0,0.0,0.0,A01
201300013159,0,32,0,0.0,2.0,1.0,2.0,A01
201300013159,0,7,0,0.0,2.0,4.0,2.0,B01
201300013160,0,7,0,0.0,1.0,0.0,1.0,A01
201300013161,0,7,0,0.0,2.0,3.0,15.0,B01
201300013161,0,7,0,0.0,2.0,2.0,1.0,A01
201300013162,0,7,0,0.0,2.0,1.0,2.0,A01
201300013162,0,7,0,0.0,2.0,4.0,2.0,C01
201300013162,0,7,0,0.0,2.0,4.0,2.0,B01
201300013163,0,31,0,0.0,2.0,7.0,1.0,A01
201300013163,0,7,0,0.0,2.0,8.0,1.0,B01
201300013164,0,7,0,0.0,1.0,1.0,1.0,A01
201300013165,0,30,0,0.0,0.0,1.0,21.0,A01
201300013166,0,30,0,0.0,1.0,1.0,1.0,A01
201300013167,0,1,0,0.0,0.0,0.0,1.0,A01
201300013168,0,32,0,0.0,2.0,3.0,0.0,B01
201300013168,0,7,0,0.0,2.0,5.0,0.0,A01
201300013169,0,7,0,0.0,1.0,1.0,1.0,A01
201300013170,0,7,0,0.0,2.0,1.0,1.0,B01
201300013170,0,14,0,0.0,2.0,3.0,9.0,A01
201300013171,0,34,0,0.0,5.0,0.0,1.0,A01
201300013172,0,30,0,0.0,2.0,1.0,1.0,A01
201300013172,0,7,0,0.0,2.0,3.0,15.0,B01
201300013173,0,7,0,0.0,2.0,4.0,1.0,B01
201300013173,0,7,0,0.0,2.0,1.0,1.0,A01
201300013173,0,7,0,0.0,2.0,4.0,1.0,C01
201300013174,0,13,0,0.0,1.0,7.0,1.0,A01
201300013175,0,30,0,0.0,0.0,0.0,21.0,A01
201300013176,0,33,0,0.0,0.0,8.0,21.0,A01
201300013177,0,7,0,0.0,2.0,2.0,10.0,A01
201300013177,0,7,0,0.0,2.0,1.0,1.0,B01
201300013178,0,7,0,0.0,2.0,1.0,1.0,B01
201300013178,0,1,0,0.0,2.0,0.0,10.0,A01
201300013179,0,7,0,0.0,1.0,3.0,1.0,A01
201300013180,0,7,0,0.0,2.0,3.0,15.0,A01
201300013180,0,7,0,0.0,2.0,3.0,1.0,B01
201300013181,0,7,0,0.0,2.0,2.0,1.0,A01
201300013181,0,7,0,0.0,2.0,3.0,1.0,B01
201300013182,0,7,0,0.0,2.0,1.0,1.0,A01
201300013182,0,7,0,0.0,2.0,4.0,1.0,B01
201300013183,0,7,0,0.0,2.0,2.0,15.0,B01
201300013183,0,7,0,0.0,2.0,1.0,1.0,A01
201300013184,0,7,0,0.0,0.0,5.0,2.0,B01
201300013184,0,7,0,14.0,0.0,1.0,12.0,A01
201300013185,0,2,0,0.0,2.0,1.0,0.0,B01
201300013186,0,7,0,0.0,2.0,1.0,1.0,B01
201300013186,0,2,0,0.0,0.0,1.0,9.0,A01
201300013187,1,7,0,0.0,2.0,1.0,9.0,A01
201300013187,0,7,0,0.0,2.0,1.0,1.0,B01
201300013188,0,7,0,0.0,2.0,7.0,15.0,A01
201300013188,0,1,0,0.0,2.0,1.0,1.0,B01
201300013189,0,7,0,0.0,2.0,1.0,1.0,A01
201300013189,0,7,0,0.0,0.0,4.0,1.0,B01
201300013190,0,7,0,0.0,2.0,6.0,15.0,B01
201300013190,0,2,0,0.0,2.0,1.0,17.0,A01
201300013191,0,7,0,0.0,2.0,1.0,1.0,B01
201300013191,0,33,0,0.0,2.0,7.0,1.0,A01
201300013192,0,7,0,0.0,2.0,7.0,14.0,A01
201300013192,0,7,0,0.0,2.0,8.0,1.0,B01
201300013193,0,7,0,0.0,2.0,4.0,2.0,B01
201300013193,0,7,0,0.0,2.0,1.0,2.0,A01
201300013194,0,7,0,0.0,2.0,5.0,4.0,A01
201300013194,0,2,0,0.0,2.0,0.0,1.0,B01
201300013195,0,7,0,0.0,2.0,1.0,13.0,A01
201300013195,0,7,0,0.0,2.0,1.0,1.0,B01
201300013196,0,7,0,0.0,2.0,9.0,1.0,C01
201300013196,0,7,0,0.0,0.0,4.0,1.0,D01
201300013196,0,7,0,0.0,2.0,9.0,1.0,B01
201300013196,0,10,0,0.0,2.0,1.0,1.0,A01
201300013197,0,2,0,0.0,0.0,0.0,0.0,A01
201300013198,0,7,0,0.0,0.0,0.0,0.0,A01
201300013198,0,7,0,0.0,0.0,0.0,0.0,B01
201300013199,0,7,0,0.0,2.0,1.0,1.0,A01
201300013199,0,7,0,0.0,2.0,1.0,1.0,B01
201300013200,0,33,0,0.0,2.0,0.0,0.0,B01
201300013200,0,7,0,0.0,2.0,0.0,0.0,A01
201300013201,1,7,0,0.0,1.0,1.0,0.0,T01
201300013202,0,7,0,0.0,2.0,2.0,0.0,B01
201300013202,0,7,0,0.0,2.0,2.0,0.0,A01
201300013203,0,7,0,0.0,0.0,4.0,20.0,B01
201300013203,0,7,0,0.0,2.0,1.0,0.0,A01
201300013204,0,7,0,0.0,0.0,4.0,0.0,B01
201300013204,0,33,0,0.0,2.0,1.0,1.0,C01
201300013204,0,7,0,0.0,0.0,4.0,11.0,A01
201300013205,0,1,0,0.0,0.0,1.0,0.0,A01
201300013205,0,7,0,0.0,0.0,0.0,0.0,B01
201300013206,0,7,0,0.0,0.0,1.0,0.0,C01
201300013206,0,7,0,0.0,0.0,4.0,0.0,A01
201300013206,0,7,0,0.0,0.0,9.0,0.0,B01
201300013207,0,7,0,0.0,0.0,0.0,23.0,B01
201300013207,0,7,0,0.0,0.0,0.0,0.0,A01
201300013208,0,31,0,0.0,2.0,3.0,9.0,B01
201300013208,0,7,0,0.0,2.0,2.0,16.0,A01
201300013209,0,7,0,0.0,2.0,1.0,1.0,A01
201300013209,0,32,0,0.0,2.0,4.0,1.0,B01
201300013210,0,7,0,0.0,2.0,1.0,1.0,A01
201300013210,0,7,0,0.0,2.0,4.0,1.0,B01
201300013211,0,14,0,9.0,0.0,1.0,1.0,A01
201300013212,0,7,0,0.0,2.0,2.0,20.0,A01
201300013212,0,1,0,0.0,2.0,0.0,1.0,B01
201300013213,0,30,0,0.0,2.0,1.0,1.0,B01
201300013213,0,7,0,0.0,2.0,3.0,9.0,A01
201300013214,0,7,0,0.0,2.0,4.0,4.0,A01
201300013214,0,31,0,0.0,2.0,1.0,1.0,B01
201300013215,1,7,0,0.0,1.0,0.0,0.0,A01
201300013216,0,7,0,0.0,2.0,7.0,1.0,B01
201300013216,0,7,0,0.0,2.0,1.0,9.0,A01
201300013217,0,30,0,0.0,2.0,0.0,1.0,B01
201300013217,0,7,0,0.0,2.0,0.0,1.0,A01
201300013218,0,7,0,0.0,2.0,1.0,2.0,A01
201300013218,0,7,0,0.0,0.0,4.0,2.0,B01
201300013219,0,7,0,0.0,1.0,0.0,1.0,A01
201300013220,0,30,0,0.0,1.0,1.0,1.0,A01
201300013221,0,7,0,0.0,2.0,7.0,20.0,A01
201300013221,0,33,0,0.0,2.0,1.0,1.0,B01
201300013222,0,30,0,0.0,2.0,8.0,1.0,B01
201300013222,0,7,0,0.0,2.0,8.0,1.0,A01
201300013223,0,32,0,0.0,0.0,0.0,0.0,A01
201300013224,0,7,0,0.0,0.0,4.0,1.0,B01
201300013224,0,7,0,0.0,2.0,1.0,1.0,A01
201300013225,0,7,0,1.0,0.0,4.0,4.0,A01
201300013225,0,7,0,0.0,2.0,7.0,24.0,B01
201300013226,1,7,0,0.0,1.0,1.0,1.0,A01
201300013227,0,7,0,0.0,2.0,3.0,15.0,B01
201300013227,0,7,0,0.0,2.0,2.0,16.0,A01
201300013228,0,7,0,0.0,2.0,8.0,1.0,B01
201300013228,0,7,0,0.0,2.0,1.0,1.0,A01
201300013229,0,7,0,0.0,2.0,3.0,1.0,A01
201300013229,0,7,0,0.0,2.0,7.0,1.0,B01
201300013230,0,7,0,8.0,0.0,3.0,21.0,A01
201300013230,0,7,0,0.0,2.0,1.0,1.0,B02
201300013231,0,7,0,4.0,0.0,3.0,13.0,A01
201300013232,0,7,0,4.0,0.0,3.0,1.0,A01
201300013233,0,7,0,0.0,1.0,2.0,1.0,A01
201300013234,0,7,0,0.0,2.0,3.0,13.0,A01
201300013234,0,7,0,0.0,2.0,3.0,1.0,B02
201300013235,0,10,0,0.0,1.0,2.0,1.0,A01
201300013236,0,33,0,0.0,0.0,0.0,1.0,A01
201300013237,0,7,0,0.0,2.0,4.0,2.0,B02
201300013237,0,7,0,0.0,2.0,1.0,2.0,A01
201300013238,0,7,0,1.0,0.0,2.0,1.0,A01
201300013239,0,7,0,0.0,2.0,2.0,21.0,A01
201300013239,0,32,0,0.0,0.0,6.0,1.0,B02
201300013240,0,10,0,0.0,2.0,6.0,12.0,C03
201300013240,0,15,0,0.0,2.0,1.0,2.0,D04
201300013240,0,7,0,3.0,0.0,7.0,21.0,B02
201300013240,0,7,0,0.0,2.0,4.0,2.0,F06
201300013240,0,17,0,0.0,0.0,0.0,1.0,A01
201300013240,0,7,0,0.0,2.0,4.0,2.0,E05
201300013241,0,7,0,0.0,2.0,3.0,13.0,A01
201300013241,0,7,0,0.0,2.0,2.0,1.0,B02
201300013242,0,10,0,0.0,0.0,9.0,17.0,A01
201300013243,0,7,0,0.0,2.0,3.0,1.0,B02
201300013243,0,7,0,0.0,2.0,3.0,1.0,A01
201300013244,0,7,0,0.0,2.0,1.0,2.0,A01
201300013244,0,7,0,0.0,0.0,5.0,23.0,B02
201300013245,0,7,0,3.0,0.0,9.0,14.0,A01
201300013246,0,7,0,0.0,6.0,1.0,0.0,D04
201300013246,0,7,0,0.0,6.0,1.0,0.0,C03
201300013246,0,33,0,0.0,6.0,1.0,1.0,A01
201300013246,0,7,0,0.0,6.0,1.0,1.0,B02
201300013247,0,7,0,0.0,0.0,4.0,24.0,A01
201300013247,0,7,0,1.0,0.0,1.0,2.0,B02
201300013248,0,17,0,0.0,0.0,0.0,17.0,B02
201300013248,0,7,0,0.0,2.0,1.0,17.0,A01
201300013249,0,7,0,0.0,2.0,4.0,23.0,A01
201300013249,0,10,0,0.0,2.0,1.0,1.0,B02
201300013250,0,33,0,0.0,0.0,0.0,1.0,A01
201300013251,0,33,0,0.0,0.0,8.0,12.0,A01
201300013252,0,33,0,3.0,0.0,9.0,1.0,A01
201300013253,0,7,0,0.0,0.0,8.0,1.0,B02
201300013253,0,33,0,0.0,2.0,8.0,17.0,A01
201300013254,0,7,0,0.0,1.0,6.0,4.0,A01
201300013255,0,7,0,0.0,0.0,9.0,1.0,A01
201300013256,0,34,0,0.0,2.0,1.0,2.0,A01
201300013256,0,7,0,0.0,2.0,3.0,1.0,B02
201300013257,0,7,0,15.0,0.0,0.0,1.0,A01
201300013258,0,14,0,3.0,0.0,1.0,1.0,A01
201300013259,0,7,0,0.0,0.0,0.0,0.0,A01
201300013260,0,7,0,4.0,0.0,3.0,1.0,A01
201300013261,0,7,0,7.0,0.0,1.0,1.0,A01
201300013262,0,7,0,0.0,0.0,0.0,24.0,B02
201300013262,0,7,0,0.0,1.0,3.0,21.0,A01
201300013263,0,7,0,8.0,0.0,2.0,1.0,A01
201300013264,0,7,0,4.0,0.0,1.0,21.0,A01
201300013265,0,7,0,0.0,9.0,1.0,1.0,B02
201300013265,0,7,0,0.0,9.0,0.0,1.0,A01
201300013266,0,10,0,14.0,1.0,1.0,2.0,A01
201300013267,0,7,0,3.0,0.0,1.0,1.0,A01
201300013268,0,7,0,0.0,6.0,1.0,1.0,A01
201300013269,2,7,0,0.0,2.0,8.0,11.0,A01
201300013269,0,7,0,0.0,2.0,7.0,1.0,B02
201300013270,0,7,0,3.0,0.0,3.0,17.0,A01
201300013271,0,17,0,0.0,0.0,5.0,2.0,B02
201300013271,0,10,0,0.0,2.0,3.0,2.0,A01
201300013272,0,7,0,0.0,2.0,2.0,17.0,A01
201300013272,0,7,0,0.0,0.0,3.0,1.0,B02
201300013273,0,10,0,3.0,2.0,5.0,13.0,A01
201300013273,0,10,0,4.0,2.0,3.0,18.0,B02
201300013274,0,7,0,13.0,0.0,1.0,1.0,A01
201300013275,0,2,0,0.0,2.0,8.0,19.0,B01
201300013275,0,7,0,0.0,2.0,3.0,19.0,A01
201300013276,0,33,0,6.0,0.0,8.0,0.0,A01
201300013277,0,7,0,0.0,9.0,1.0,1.0,B01
201300013277,0,1,0,0.0,2.0,1.0,0.0,A01
201300013278,0,1,0,0.0,2.0,7.0,11.0,A01
201300013278,0,33,0,0.0,2.0,1.0,1.0,B01
201300013279,0,13,0,0.0,1.0,2.0,1.0,A01
201300013280,0,7,0,0.0,2.0,3.0,0.0,B01
201300013280,0,30,0,0.0,2.0,1.0,5.0,A01
201300013281,0,2,0,0.0,2.0,1.0,1.0,B01
201300013281,0,7,0,0.0,2.0,1.0,15.0,A01
201300013282,0,7,0,0.0,2.0,1.0,13.0,A01
201300013282,0,7,0,0.0,2.0,3.0,1.0,B01
201300013283,0,7,0,0.0,2.0,1.0,15.0,A01
201300013283,0,37,1,6.0,2.0,1.0,21.0,B01
201300013284,0,7,0,3.0,0.0,9.0,20.0,A01
201300013285,0,30,0,0.0,0.0,0.0,0.0,A01
201300013286,0,7,0,0.0,1.0,2.0,1.0,A01
201300013287,0,7,0,0.0,1.0,2.0,0.0,A01
201300013288,0,2,0,0.0,2.0,7.0,1.0,B01
201300013288,0,7,0,0.0,2.0,3.0,9.0,A01
201300013289,0,2,0,0.0,2.0,1.0,3.0,A01
201300013289,0,7,0,0.0,2.0,3.0,9.0,B01
201300013290,0,7,0,1.0,0.0,2.0,13.0,B01
201300013290,0,7,0,0.0,0.0,8.0,23.0,A01
201300013291,0,7,0,0.0,1.0,4.0,4.0,A01
201300013292,0,10,0,0.0,1.0,4.0,0.0,A01
201300013293,0,31,0,0.0,2.0,1.0,1.0,B01
201300013293,0,7,0,0.0,2.0,3.0,9.0,A01
201300013294,0,7,0,0.0,1.0,2.0,1.0,A01
201300013295,0,7,0,0.0,0.0,3.0,0.0,B01
201300013295,0,7,0,0.0,0.0,3.0,0.0,A01
201300013296,0,7,0,0.0,1.0,7.0,2.0,A01
201300013297,0,7,0,0.0,2.0,1.0,2.0,B01
201300013297,0,7,0,11.0,2.0,1.0,6.0,A01
201300013298,0,7,0,0.0,1.0,7.0,1.0,A01
201300013299,0,7,0,0.0,2.0,1.0,2.0,A01
201300013299,0,7,0,3.0,2.0,4.0,2.0,C01
201300013299,0,7,0,0.0,2.0,4.0,2.0,B01
201300013300,0,7,0,13.0,0.0,3.0,5.0,A01
201300013301,0,33,0,0.0,2.0,1.0,2.0,A01
201300013301,0,7,0,0.0,9.0,6.0,2.0,B01
201300013302,0,7,0,0.0,0.0,1.0,1.0,A01
201300013303,0,7,0,0.0,2.0,2.0,2.0,B01
201300013303,0,7,0,0.0,2.0,1.0,2.0,A01
201300013304,0,7,0,9.0,0.0,3.0,6.0,A01
201300013305,0,7,0,8.0,0.0,5.0,1.0,A01
201300013306,0,7,0,0.0,2.0,2.0,10.0,A01
201300013306,0,7,0,0.0,2.0,1.0,1.0,B01
201300013307,0,7,0,0.0,0.0,0.0,9.0,A01
201300013307,0,33,0,0.0,2.0,0.0,1.0,B01
201300013308,0,7,0,2.0,2.0,3.0,9.0,A01
201300013308,0,15,0,0.0,2.0,7.0,2.0,B01
201300013309,0,32,0,13.0,0.0,3.0,0.0,A01
201300013310,0,7,0,0.0,1.0,2.0,1.0,A01
201300013311,0,7,0,0.0,0.0,0.0,0.0,A01
201300013312,0,7,0,0.0,2.0,1.0,2.0,A01
201300013312,0,7,0,0.0,2.0,4.0,2.0,B01
201300013313,0,10,0,0.0,2.0,1.0,5.0,A01
201300013313,0,7,0,0.0,2.0,3.0,5.0,B01
201300013314,0,10,0,0.0,2.0,1.0,1.0,A01
201300013314,0,7,0,0.0,2.0,4.0,1.0,B01
201300013314,0,7,0,0.0,0.0,4.0,1.0,C01
201300013315,0,30,0,0.0,2.0,1.0,1.0,A01
201300013315,0,7,0,0.0,2.0,4.0,2.0,B01
201300013316,0,7,0,0.0,2.0,2.0,9.0,A01
201300013316,0,2,0,0.0,2.0,1.0,1.0,B01
201300013317,0,14,0,0.0,2.0,3.0,1.0,C01
201300013317,0,33,0,0.0,2.0,1.0,2.0,A01
201300013317,0,7,0,0.0,0.0,5.0,1.0,B01
201300013318,0,7,0,0.0,2.0,2.0,15.0,A01
201300013318,0,7,0,0.0,2.0,3.0,1.0,B01
201300013319,0,37,1,0.0,1.0,2.0,2.0,A01
201300013320,0,30,0,0.0,2.0,1.0,2.0,A01
201300013320,0,7,0,0.0,0.0,0.0,1.0,B01
201300013321,0,7,0,0.0,2.0,3.0,1.0,A01
201300013321,0,30,0,0.0,2.0,1.0,1.0,B01
201300013322,0,7,0,0.0,1.0,1.0,2.0,A01
201300013322,0,7,0,0.0,1.0,4.0,2.0,B01
201300013323,0,7,0,13.0,0.0,1.0,1.0,A01
201300013324,0,31,0,9.0,0.0,1.0,1.0,A01
201300013325,0,7,0,1.0,2.0,3.0,1.0,B01
201300013325,0,7,0,0.0,2.0,3.0,5.0,A01
201300013326,0,7,0,0.0,2.0,3.0,5.0,A01
201300013326,0,7,0,0.0,2.0,3.0,1.0,B01
201300013327,0,7,0,0.0,1.0,1.0,1.0,A01
201300013328,0,7,0,2.0,0.0,1.0,14.0,A01
201300013329,0,10,0,0.0,1.0,6.0,4.0,A01
201300013330,0,7,0,0.0,2.0,4.0,2.0,C01
201300013330,0,10,0,0.0,2.0,1.0,2.0,A01
201300013330,0,7,0,0.0,2.0,4.0,2.0,B01
201300013331,0,30,0,0.0,0.0,1.0,1.0,A01
201300013332,0,7,0,0.0,2.0,1.0,0.0,A01
201300013332,0,7,0,0.0,2.0,1.0,0.0,B01
201300013333,0,7,0,0.0,2.0,7.0,13.0,A01
201300013333,0,7,0,0.0,2.0,1.0,1.0,B01
201300013334,0,30,0,0.0,0.0,7.0,0.0,A01
201300013335,0,10,0,0.0,1.0,2.0,0.0,A01
201300013336,0,2,0,12.0,2.0,8.0,0.0,B01
201300013336,0,10,0,0.0,9.0,7.0,1.0,A01
201300013337,0,2,0,0.0,2.0,1.0,1.0,B01
201300013337,0,10,0,0.0,2.0,3.0,10.0,A01
201300013338,0,30,0,14.0,0.0,1.0,1.0,A01
201300013339,0,7,0,0.0,2.0,3.0,1.0,B01
201300013339,0,7,0,0.0,2.0,3.0,5.0,A01
201300013340,0,7,0,0.0,2.0,3.0,5.0,A01
201300013340,0,7,0,0.0,2.0,3.0,1.0,B01
201300013341,0,7,0,0.0,2.0,1.0,9.0,A01
201300013341,0,31,0,0.0,2.0,1.0,1.0,B01
201300013342,0,7,0,0.0,1.0,1.0,1.0,A01
201300013343,0,7,0,0.0,2.0,4.0,2.0,B01
201300013343,0,7,0,0.0,2.0,1.0,2.0,A01
201300013344,0,7,0,0.0,2.0,1.0,1.0,C01
201300013344,0,7,0,0.0,2.0,2.0,1.0,B01
201300013344,0,7,0,0.0,2.0,3.0,16.0,A01
201300013345,0,7,0,0.0,1.0,1.0,1.0,A01
201300013346,0,7,0,0.0,2.0,1.0,15.0,A01
201300013346,0,7,0,0.0,2.0,1.0,1.0,B01
201300013347,0,7,0,0.0,2.0,4.0,2.0,C01
201300013347,0,7,0,0.0,2.0,4.0,2.0,B01
201300013347,0,7,0,0.0,2.0,1.0,2.0,A01
201300013348,0,7,0,8.0,0.0,1.0,1.0,A01
201300013349,0,7,0,0.0,2.0,1.0,2.0,A01
201300013349,0,7,0,0.0,2.0,4.0,2.0,B01
201300013350,0,7,0,12.0,1.0,2.0,1.0,A01
201300013351,0,7,0,0.0,0.0,6.0,2.0,B02
201300013351,0,17,0,0.0,2.0,2.0,2.0,A01
201300013352,0,7,0,0.0,2.0,1.0,2.0,C03
201300013352,0,17,0,0.0,0.0,4.0,1.0,A01
201300013353,0,33,0,3.0,0.0,9.0,14.0,A01
201300013354,0,7,0,0.0,2.0,2.0,2.0,A01
201300013354,0,17,0,0.0,0.0,6.0,1.0,B02
201300013355,0,7,0,13.0,0.0,2.0,14.0,A01
201300013356,0,7,0,0.0,2.0,8.0,10.0,A01
201300013356,0,2,0,0.0,2.0,1.0,1.0,B02
201300013357,0,36,0,13.0,0.0,7.0,14.0,A01
201300013358,0,7,0,0.0,2.0,3.0,1.0,B02
201300013358,0,7,0,0.0,2.0,2.0,13.0,A01
201300013359,0,17,0,13.0,0.0,2.0,1.0,A01
201300013360,0,10,0,3.0,0.0,1.0,1.0,A01
201300013361,0,7,0,3.0,0.0,8.0,13.0,A01
201300013362,0,10,0,3.0,1.0,2.0,1.0,B02
201300013362,0,10,0,3.0,0.0,2.0,1.0,A01
201300013363,0,7,0,13.0,0.0,1.0,1.0,A01
201300013364,0,10,0,0.0,2.0,1.0,2.0,A01
201300013364,0,10,0,3.0,0.0,4.0,1.0,B02
201300013365,0,7,0,3.0,2.0,1.0,1.0,A01
201300013365,0,7,0,0.0,2.0,7.0,1.0,B02
201300013366,0,7,0,0.0,2.0,4.0,2.0,B02
201300013366,0,14,0,0.0,2.0,1.0,2.0,A01
201300013367,0,7,0,4.0,0.0,1.0,13.0,A01
201300013368,0,7,0,4.0,0.0,3.0,21.0,A01
201300013369,0,7,0,0.0,2.0,2.0,3.0,A01