Num_Acc,senc,catv,occutc,obs,obsm,choc,manv,num_veh
201300013628,0,7,0,0.0,1.0,3.0,0.0,A01
201300013629,0,7,0,0.0,2.0,8.0,0.0,B01
201300013629,0,7,0,0.0,2.0,1.0,0.0,A01
201300013630,0,10,0,0.0,2.0,1.0,1.0,B01
201300013630,0,2,0,0.0,2.0,1.0,5.0,A01
201300013631,0,7,0,0.0,2.0,1.0,1.0,A01
201300013631,0,7,0,0.0,2.0,4.0,23.0,B01
201300013632,0,7,0,0.0,2.0,2.0,23.0,B01
201300013632,0,34,0,0.0,2.0,0.0,1.0,A01
201300013633,0,7,0,0.0,2.0,1.0,1.0,B01
201300013633,0,7,0,0.0,2.0,4.0,1.0,C01
201300013633,0,7,0,0.0,2.0,1.0,1.0,A01
201300013634,0,7,0,0.0,2.0,3.0,9.0,A01
201300013634,0,7,0,0.0,2.0,2.0,1.0,B01
201300013635,0,10,0,0.0,2.0,3.0,19.0,A01
201300013635,0,7,0,0.0,2.0,1.0,1.0,B01
201300013636,0,36,0,0.0,2.0,8.0,0.0,A01
201300013636,0,7,0,0.0,2.0,8.0,1.0,B01
201300013637,0,7,0,0.0,2.0,4.0,0.0,B01
201300013637,0,7,0,0.0,2.0,1.0,2.0,A01
201300013638,0,7,0,0.0,1.0,5.0,4.0,A01
201300013639,0,2,0,0.0,2.0,1.0,1.0,B01
201300013639,0,10,0,0.0,2.0,2.0,1.0,A01
201300013640,0,7,0,0.0,2.0,6.0,23.0,B01
201300013640,0,10,0,0.0,2.0,2.0,2.0,A01
201300013641,0,33,0,0.0,2.0,7.0,1.0,A01
201300013641,0,7,0,0.0,2.0,8.0,1.0,B01
201300013642,0,7,0,0.0,0.0,4.0,1.0,B01
201300013642,0,7,0,0.0,2.0,1.0,1.0,A01
201300013643,0,30,0,0.0,2.0,1.0,19.0,A01
201300013643,0,7,0,0.0,2.0,2.0,1.0,B01
201300013644,0,7,0,0.0,0.0,4.0,2.0,B01
201300013644,0,7,0,0.0,2.0,1.0,2.0,A01
201300013645,0,33,0,0.0,2.0,1.0,17.0,B01
201300013645,0,7,0,0.0,2.0,5.0,15.0,A01
201300013646,0,32,0,0.0,0.0,7.0,0.0,A01
201300013647,0,7,0,0.0,1.0,3.0,17.0,A01
201300013648,0,10,0,0.0,0.0,0.0,17.0,A01
201300013648,0,34,0,0.0,2.0,0.0,17.0,B01
201300013649,0,7,0,0.0,2.0,5.0,17.0,A01
201300013649,0,30,0,0.0,2.0,3.0,9.0,B01
201300013650,0,1,0,0.0,2.0,2.0,1.0,B01
201300013650,0,7,0,0.0,2.0,1.0,9.0,A01
201300013651,0,7,0,0.0,2.0,3.0,5.0,A01
201300013651,0,32,0,0.0,2.0,3.0,1.0,B01
201300013652,0,34,0,0.0,2.0,1.0,17.0,A01
201300013652,0,7,0,0.0,2.0,3.0,10.0,B01
201300013653,0,7,0,0.0,1.0,1.0,1.0,B01
201300013654,0,2,0,0.0,2.0,1.0,0.0,A01
201300013654,0,7,0,0.0,2.0,3.0,0.0,B01
201300013655,0,7,0,0.0,2.0,3.0,15.0,A01
201300013655,0,34,0,0.0,2.0,7.0,0.0,B01
201300013656,0,7,0,0.0,0.0,0.0,10.0,A01
201300013656,0,32,0,0.0,0.0,1.0,0.0,B01
201300013657,0,7,0,0.0,0.0,6.0,0.0,B01
201300013657,0,7,0,0.0,2.0,1.0,2.0,A01
201300013658,0,7,0,0.0,2.0,7.0,14.0,A01
201300013658,0,31,0,4.0,2.0,7.0,1.0,B01
201300013659,0,7,0,0.0,2.0,1.0,2.0,A01
201300013659,0,7,0,0.0,2.0,4.0,2.0,B01
201300013659,0,7,0,0.0,2.0,4.0,2.0,C01
201300013660,0,7,0,0.0,2.0,3.0,13.0,A01
201300013660,0,10,0,0.0,2.0,3.0,1.0,B01
201300013661,0,7,0,0.0,2.0,1.0,2.0,A01
201300013661,0,7,0,0.0,0.0,4.0,2.0,B01
201300013662,0,7,0,0.0,2.0,8.0,15.0,A01
201300013662,0,33,0,0.0,2.0,2.0,17.0,B01
201300013663,0,7,0,0.0,2.0,1.0,2.0,A01
201300013663,0,7,0,0.0,2.0,4.0,2.0,B01
201300013664,0,7,0,0.0,2.0,3.0,1.0,B01
201300013664,0,7,0,0.0,2.0,3.0,1.0,A01
201300013665,0,33,0,11.0,0.0,1.0,0.0,A01
201300013666,0,7,0,0.0,2.0,3.0,15.0,B01
201300013666,0,30,0,0.0,2.0,1.0,17.0,A01
201300013667,0,2,0,0.0,1.0,1.0,1.0,A01
201300013668,0,2,0,0.0,1.0,1.0,1.0,A01
201300013669,0,7,0,0.0,2.0,2.0,1.0,B01
201300013669,1,7,0,0.0,2.0,3.0,18.0,A01
201300013670,0,32,0,0.0,2.0,1.0,1.0,B01
201300013670,0,7,0,0.0,2.0,3.0,19.0,A01
201300013671,0,10,0,16.0,0.0,1.0,1.0,A01
201300013672,0,33,0,0.0,2.0,4.0,2.0,B01
201300013672,0,7,0,0.0,2.0,2.0,2.0,A01
201300013673,0,3,0,0.0,1.0,1.0,5.0,A01
201300013674,0,33,0,0.0,2.0,1.0,2.0,A01
201300013674,0,7,0,0.0,2.0,8.0,23.0,B01
201300013675,0,7,0,0.0,2.0,6.0,15.0,A01
201300013675,0,2,0,0.0,2.0,1.0,1.0,B01
201300013676,0,7,0,0.0,1.0,1.0,1.0,A01
201300013677,0,7,0,0.0,2.0,6.0,1.0,B01
201300013677,0,33,0,0.0,2.0,7.0,2.0,A01
201300013678,0,7,0,5.0,0.0,1.0,1.0,A01
201300013679,0,7,0,0.0,2.0,3.0,15.0,A01
201300013679,0,7,0,0.0,2.0,3.0,1.0,B01
201300013680,0,7,0,0.0,2.0,1.0,2.0,A01
201300013680,0,7,0,0.0,2.0,4.0,2.0,B01
201300013681,0,33,0,0.0,2.0,7.0,1.0,B01
201300013681,0,7,0,0.0,2.0,3.0,15.0,A01
201300013682,0,10,0,0.0,2.0,3.0,15.0,A01
201300013682,0,7,0,0.0,2.0,6.0,15.0,B01
201300013683,0,7,0,0.0,2.0,4.0,2.0,B01
201300013683,0,7,0,0.0,2.0,1.0,2.0,A01
201300013684,0,7,0,0.0,2.0,3.0,13.0,A01
201300013684,0,7,0,0.0,2.0,3.0,1.0,C01
201300013684,0,7,0,0.0,2.0,8.0,1.0,B01
201300013685,0,7,0,6.0,0.0,1.0,1.0,A01
201300013686,0,34,0,0.0,2.0,1.0,0.0,B01
201300013686,0,7,0,0.0,2.0,8.0,0.0,A01
201300013687,0,7,0,0.0,2.0,3.0,13.0,B01
201300013687,0,33,0,0.0,2.0,7.0,17.0,A01
201300013688,0,30,0,0.0,2.0,7.0,1.0,B01
201300013688,0,7,0,0.0,2.0,1.0,9.0,A01
201300013689,0,7,0,0.0,2.0,3.0,5.0,A01
201300013689,0,7,0,0.0,2.0,3.0,21.0,B01
201300013690,0,7,0,0.0,0.0,3.0,1.0,B01
201300013690,0,7,0,0.0,2.0,1.0,13.0,A01
201300013691,0,7,0,0.0,0.0,5.0,17.0,A01
201300013691,0,30,0,0.0,0.0,3.0,15.0,B01
201300013692,0,30,0,0.0,2.0,8.0,0.0,B01
201300013692,1,7,0,0.0,0.0,,,Z01
201300013693,0,7,0,0.0,1.0,2.0,17.0,A01
201300013694,0,7,0,0.0,2.0,2.0,15.0,A01
201300013694,0,30,0,12.0,2.0,1.0,0.0,B01
201300013695,0,7,0,0.0,2.0,1.0,1.0,A01
201300013695,0,15,0,0.0,2.0,8.0,0.0,B01
201300013696,1,7,0,0.0,2.0,4.0,2.0,Z01
201300013696,0,2,0,0.0,2.0,1.0,2.0,A01
201300013697,0,32,0,0.0,2.0,1.0,1.0,B01
201300013697,0,7,0,0.0,2.0,2.0,19.0,A01
201300013698,0,33,0,0.0,2.0,8.0,19.0,A01
201300013698,0,7,0,0.0,2.0,8.0,1.0,C01
201300013698,0,7,0,0.0,2.0,8.0,1.0,B01
201300013698,0,7,0,0.0,2.0,3.0,1.0,D01
201300013699,0,7,0,0.0,2.0,4.0,9.0,A01
201300013699,0,33,0,0.0,2.0,1.0,1.0,B01
201300013700,0,32,0,0.0,2.0,7.0,1.0,B01
201300013700,0,7,0,0.0,2.0,1.0,19.0,A01
201300013701,0,7,0,0.0,2.0,2.0,1.0,B01
201300013701,0,7,0,0.0,2.0,2.0,5.0,A01
201300013702,0,33,0,0.0,0.0,1.0,15.0,A01
201300013702,0,7,0,0.0,2.0,4.0,15.0,B01
201300013703,0,7,0,0.0,1.0,1.0,1.0,A01
201300013704,0,7,0,0.0,2.0,8.0,1.0,B01
201300013704,0,7,0,0.0,2.0,1.0,1.0,C01
201300013704,1,7,0,9.0,2.0,3.0,19.0,A01
201300013705,0,7,0,0.0,2.0,1.0,1.0,B01
201300013705,0,7,0,0.0,2.0,1.0,5.0,A01
201300013706,0,7,0,0.0,1.0,8.0,0.0,A01
201300013707,0,1,0,0.0,2.0,2.0,1.0,B01
201300013707,0,7,0,0.0,9.0,3.0,1.0,A01
201300013708,0,7,0,0.0,1.0,1.0,0.0,A01
201300013709,0,7,0,0.0,2.0,8.0,15.0,B01
201300013709,0,33,0,0.0,2.0,1.0,17.0,A01
201300013710,0,10,0,6.0,0.0,5.0,19.0,A01
201300013710,0,32,0,0.0,2.0,1.0,1.0,B01
201300013711,0,7,0,0.0,0.0,8.0,21.0,B01
201300013711,0,33,0,0.0,2.0,2.0,17.0,A01
201300013712,0,7,0,0.0,2.0,1.0,15.0,A01
201300013712,0,34,0,0.0,2.0,1.0,1.0,B01
201300013713,0,2,0,0.0,0.0,1.0,1.0,B01
201300013713,0,7,0,0.0,0.0,3.0,15.0,A01
201300013714,0,30,0,16.0,0.0,0.0,1.0,A01
201300013715,0,2,0,0.0,2.0,1.0,1.0,B01
201300013715,0,7,0,0.0,2.0,3.0,15.0,A01
201300013716,0,7,0,0.0,1.0,2.0,16.0,A01
201300013717,0,7,0,0.0,2.0,1.0,5.0,B01
201300013717,0,7,0,0.0,2.0,1.0,2.0,C01
201300013717,0,33,0,0.0,2.0,1.0,5.0,A01
201300013718,0,7,0,0.0,2.0,3.0,15.0,A01
201300013718,0,30,0,6.0,2.0,8.0,1.0,B01
201300013719,0,7,0,0.0,2.0,3.0,1.0,B01
201300013719,0,7,0,0.0,2.0,3.0,13.0,A01
201300013720,0,31,0,0.0,2.0,1.0,1.0,B01
201300013720,0,7,0,0.0,2.0,3.0,15.0,A01
201300013721,0,7,0,0.0,1.0,8.0,1.0,A01
201300013722,0,7,0,0.0,0.0,9.0,18.0,A01
201300013723,0,7,0,0.0,2.0,1.0,1.0,B01
201300013723,0,7,0,2.0,2.0,7.0,13.0,A01
201300013724,0,10,0,0.0,0.0,1.0,13.0,A01
201300013725,0,7,0,0.0,2.0,4.0,1.0,B01
201300013725,0,7,0,0.0,2.0,1.0,13.0,A01
201300013725,0,7,0,0.0,2.0,1.0,1.0,C01
201300013725,0,7,0,0.0,2.0,1.0,1.0,D01
201300013726,0,7,0,0.0,1.0,3.0,1.0,A01
201300013727,0,33,0,0.0,1.0,0.0,0.0,A01
201300013728,0,7,0,0.0,1.0,1.0,0.0,A01
201300013729,0,7,0,0.0,1.0,2.0,0.0,A01
201300013730,0,7,0,0.0,2.0,4.0,2.0,B01
201300013730,0,7,0,0.0,0.0,4.0,2.0,C01
201300013730,2,7,0,0.0,2.0,1.0,2.0,A01
201300013731,0,7,0,0.0,0.0,3.0,1.0,A01
201300013731,0,7,0,0.0,0.0,3.0,1.0,B01
201300013732,0,37,1,0.0,2.0,1.0,0.0,C01
201300013732,0,7,0,0.0,0.0,9.0,1.0,B01
201300013732,0,7,0,0.0,2.0,1.0,0.0,A01
201300013733,0,7,0,0.0,0.0,8.0,9.0,A01
201300013733,0,2,0,0.0,2.0,1.0,1.0,B01
201300013734,0,7,0,0.0,2.0,3.0,11.0,A01
201300013734,0,7,0,0.0,2.0,6.0,1.0,B01
201300013735,0,30,0,0.0,2.0,3.0,15.0,B01
201300013735,0,30,0,0.0,0.0,1.0,1.0,A01
201300013736,0,2,0,0.0,2.0,1.0,5.0,A01
201300013736,0,7,0,0.0,2.0,1.0,1.0,B01
201300013737,0,31,0,0.0,2.0,1.0,1.0,A01
201300013737,0,7,0,0.0,2.0,7.0,1.0,B01
201300013738,0,30,0,0.0,0.0,8.0,1.0,B01
201300013738,0,7,0,0.0,0.0,1.0,1.0,A01
201300013739,0,7,0,0.0,2.0,4.0,2.0,B01
201300013739,0,7,0,0.0,2.0,1.0,2.0,A01
201300013739,0,7,0,0.0,2.0,4.0,2.0,C01
201300013740,0,33,0,11.0,0.0,1.0,0.0,A01
201300013741,0,7,0,0.0,0.0,1.0,0.0,A01
201300013741,0,7,0,0.0,0.0,4.0,0.0,B01
201300013742,0,7,0,0.0,0.0,1.0,1.0,B01
201300013742,0,7,0,0.0,0.0,7.0,6.0,A01
201300013743,0,7,0,0.0,0.0,0.0,1.0,B01
201300013743,0,7,0,0.0,2.0,3.0,2.0,A01
201300013744,0,33,0,0.0,0.0,1.0,1.0,B01
201300013744,0,1,0,0.0,0.0,6.0,1.0,A01
201300013745,0,30,0,0.0,2.0,1.0,2.0,A01
201300013745,0,7,0,0.0,2.0,4.0,2.0,B01
201300013746,0,7,0,0.0,2.0,3.0,16.0,B01
201300013746,0,7,0,0.0,2.0,7.0,19.0,A01
201300013747,0,7,0,0.0,2.0,3.0,9.0,A01
201300013747,0,32,0,0.0,2.0,1.0,2.0,B01
201300013748,0,7,0,0.0,2.0,4.0,0.0,A01
201300013748,0,33,0,0.0,2.0,1.0,2.0,B01
201300013749,0,33,0,0.0,0.0,7.0,17.0,B01
201300013749,0,7,0,0.0,0.0,3.0,15.0,A01
201300013750,0,7,0,6.0,2.0,1.0,1.0,A01
201300013750,0,7,0,0.0,2.0,3.0,1.0,B01
201300013751,0,7,0,0.0,2.0,8.0,15.0,B01
201300013751,0,33,0,0.0,2.0,6.0,2.0,A01
201300013752,0,7,0,0.0,1.0,2.0,11.0,A01
201300013753,0,34,0,0.0,2.0,1.0,1.0,B01
201300013753,0,7,0,0.0,2.0,8.0,11.0,A01
201300013754,0,7,0,0.0,1.0,3.0,1.0,A01
201300013755,0,7,0,0.0,0.0,3.0,9.0,A01
201300013755,0,10,0,0.0,0.0,7.0,1.0,B01
201300013756,0,7,0,0.0,0.0,5.0,20.0,A01
201300013756,0,7,0,0.0,2.0,3.0,2.0,B01
201300013757,0,7,0,0.0,2.0,1.0,11.0,A01
201300013757,0,7,0,0.0,2.0,1.0,2.0,B01
201300013758,0,32,0,0.0,2.0,1.0,17.0,B01
201300013758,0,7,0,0.0,2.0,6.0,15.0,A01
201300013759,0,7,0,2.0,0.0,1.0,2.0,A01
201300013760,0,7,0,0.0,2.0,1.0,15.0,A01
201300013760,0,33,0,0.0,2.0,1.0,16.0,B01
201300013761,0,7,0,0.0,0.0,2.0,14.0,A01
201300013761,0,1,0,0.0,0.0,8.0,2.0,B01
201300013762,0,7,0,0.0,0.0,6.0,1.0,B01
201300013762,0,34,0,0.0,2.0,1.0,2.0,A01
201300013763,0,13,0,0.0,2.0,0.0,0.0,C01
201300013763,0,7,0,0.0,2.0,0.0,0.0,A01
201300013763,0,15,0,0.0,2.0,0.0,0.0,B01
201300013764,0,7,0,0.0,1.0,3.0,5.0,A01
201300013765,0,7,0,0.0,2.0,4.0,23.0,B01
201300013765,0,7,0,0.0,2.0,1.0,2.0,A01
201300013766,0,34,0,0.0,2.0,1.0,9.0,A01
201300013766,0,7,0,0.0,2.0,5.0,9.0,B01
201300013767,0,7,0,0.0,0.0,8.0,15.0,B01
201300013767,0,10,0,0.0,2.0,2.0,17.0,A01
201300013768,0,7,0,0.0,2.0,1.0,0.0,A01
201300013768,0,10,0,0.0,2.0,3.0,0.0,B01
201300013769,0,7,0,0.0,1.0,1.0,0.0,A01
201300013770,0,33,0,0.0,2.0,1.0,1.0,A01
201300013770,0,7,0,1.0,2.0,5.0,15.0,B01
201300013771,0,7,0,0.0,2.0,3.0,0.0,A01
201300013771,0,34,0,0.0,2.0,2.0,1.0,B01
201300013772,0,31,0,0.0,2.0,1.0,17.0,A01
201300013772,0,3,0,0.0,2.0,1.0,0.0,B01
201300013773,0,1,0,0.0,0.0,1.0,1.0,B01
201300013773,0,7,0,0.0,0.0,3.0,9.0,A01
201300013774,0,7,0,0.0,1.0,8.0,0.0,A01
201300013775,0,2,0,0.0,2.0,1.0,2.0,C01
201300013775,0,2,0,0.0,2.0,1.0,2.0,A01
201300013775,0,7,0,0.0,0.0,4.0,2.0,B01
201300013776,0,7,0,0.0,0.0,4.0,2.0,B01
201300013776,1,7,0,0.0,0.0,0.0,0.0,Z01
201300013777,0,7,0,0.0,2.0,2.0,0.0,B01
201300013777,1,99,0,0.0,0.0,0.0,0.0,A01
201300013778,1,7,0,0.0,0.0,2.0,1.0,A01
201300013778,0,7,0,0.0,0.0,2.0,9.0,B01
201300013779,0,7,0,0.0,0.0,4.0,2.0,B01
201300013779,0,30,0,0.0,0.0,1.0,2.0,A01
201300013780,0,7,0,0.0,1.0,2.0,2.0,A01
201300013781,0,32,0,0.0,0.0,1.0,1.0,B01
201300013781,0,7,0,0.0,0.0,2.0,15.0,A01
201300013782,1,7,0,0.0,1.0,1.0,1.0,A01
201300013783,0,7,0,0.0,2.0,3.0,15.0,A01
201300013783,0,2,0,0.0,2.0,1.0,1.0,B01
201300013784,0,7,0,0.0,2.0,1.0,1.0,B01
201300013784,0,7,0,0.0,2.0,2.0,1.0,A01
201300013785,0,33,0,0.0,2.0,1.0,1.0,A01
201300013785,0,7,0,0.0,2.0,3.0,1.0,B01
201300013786,0,7,0,0.0,1.0,3.0,1.0,A01
201300013787,0,7,0,0.0,0.0,4.0,23.0,C01
201300013787,0,7,0,0.0,2.0,4.0,23.0,B01
201300013787,0,7,0,0.0,2.0,1.0,0.0,A01
201300013788,0,7,0,0.0,2.0,4.0,2.0,B01
201300013788,0,7,0,0.0,2.0,1.0,0.0,A01
201300013789,0,30,0,0.0,1.0,1.0,1.0,A01
201300013790,0,7,0,0.0,2.0,1.0,2.0,A01
201300013790,0,7,0,0.0,2.0,4.0,2.0,C01
201300013790,0,7,0,0.0,2.0,4.0,2.0,B01
201300013791,0,14,0,14.0,0.0,0.0,1.0,A01
201300013792,0,30,0,0.0,2.0,7.0,17.0,A01
201300013792,0,7,0,0.0,2.0,8.0,15.0,B01
201300013793,0,7,0,0.0,2.0,3.0,15.0,A01
201300013793,0,34,0,0.0,2.0,2.0,17.0,B01
201300013794,0,7,0,14.0,0.0,2.0,2.0,A01
201300013795,0,33,0,0.0,2.0,1.0,1.0,B01
201300013795,0,7,0,0.0,0.0,8.0,11.0,A01
201300013796,0,7,0,0.0,1.0,6.0,1.0,A01
201300013797,0,7,0,6.0,0.0,1.0,0.0,A01
201300013798,0,2,0,0.0,2.0,1.0,1.0,B01
201300013798,0,7,0,0.0,2.0,3.0,1.0,A01
201300013799,0,32,0,0.0,2.0,2.0,0.0,B01
201300013799,0,7,0,0.0,2.0,0.0,0.0,A01
201300013800,0,34,0,0.0,1.0,1.0,1.0,A01
201300013800,0,7,0,0.0,2.0,1.0,1.0,B01
201300013801,0,34,0,0.0,2.0,1.0,1.0,B01
201300013801,0,7,0,0.0,2.0,3.0,9.0,A01
201300013802,0,33,0,0.0,2.0,0.0,9.0,B01
201300013802,0,7,0,0.0,2.0,0.0,0.0,A01
201300013803,0,32,0,0.0,2.0,1.0,1.0,A01
201300013803,0,7,0,0.0,2.0,4.0,1.0,B01
201300013804,1,99,0,0.0,1.0,0.0,0.0,Z01
201300013805,0,7,0,0.0,2.0,3.0,15.0,B01
201300013805,0,30,0,0.0,2.0,7.0,1.0,A01
201300013806,0,7,0,0.0,2.0,2.0,15.0,A01
201300013806,0,32,0,0.0,2.0,1.0,1.0,B01
201300013807,1,7,0,0.0,2.0,0.0,1.0,Z01
201300013807,0,34,0,0.0,2.0,2.0,1.0,B01
201300013808,0,34,0,0.0,1.0,1.0,2.0,A01
201300013809,0,7,0,0.0,9.0,8.0,0.0,A01
201300013809,0,32,0,0.0,2.0,1.0,0.0,B01
201300013810,0,99,0,0.0,1.0,2.0,1.0,A01
201300013811,0,7,0,0.0,0.0,2.0,9.0,A01
201300013811,0,34,0,0.0,2.0,8.0,2.0,B01
201300013812,0,7,0,0.0,9.0,8.0,1.0,B01
201300013812,0,2,0,0.0,2.0,1.0,1.0,A01
201300013813,0,7,0,0.0,2.0,8.0,1.0,B01
201300013813,0,32,0,0.0,2.0,7.0,3.0,A01
201300013814,1,33,0,0.0,2.0,5.0,0.0,A01
201300013814,1,7,0,0.0,2.0,2.0,0.0,Z01
201300013815,0,7,0,13.0,0.0,1.0,1.0,A01
201300013816,0,37,50,0.0,2.0,2.0,9.0,A01
201300013816,0,7,0,0.0,0.0,4.0,1.0,B01
201300013817,0,7,0,0.0,2.0,1.0,0.0,A01
201300013817,0,7,0,0.0,2.0,4.0,0.0,B01
201300013818,0,32,0,0.0,2.0,1.0,2.0,A01
201300013818,1,7,0,0.0,2.0,5.0,1.0,Z01
201300013819,2,32,0,0.0,2.0,1.0,1.0,A01
201300013819,0,7,0,0.0,2.0,2.0,15.0,B01
201300013820,1,7,0,0.0,2.0,1.0,2.0,Z01
201300013820,0,7,0,0.0,2.0,4.0,23.0,B01
201300013821,1,3,0,0.0,1.0,4.0,4.0,Z01
201300013822,0,7,0,0.0,2.0,4.0,1.0,B01
201300013822,0,7,0,0.0,2.0,1.0,17.0,A01
201300013822,0,7,0,0.0,2.0,3.0,1.0,D01
201300013822,0,7,0,0.0,2.0,1.0,1.0,C01
201300013823,0,7,0,1.0,0.0,1.0,1.0,A01
201300013824,0,7,0,0.0,2.0,3.0,15.0,B01
201300013824,0,32,0,0.0,2.0,1.0,17.0,A01
201300013825,0,7,0,0.0,1.0,2.0,1.0,A01
201300013826,0,7,0,0.0,1.0,1.0,1.0,A01
201300013827,0,7,0,0.0,2.0,3.0,15.0,A01
201300013827,0,30,0,0.0,2.0,3.0,1.0,B01
201300013828,1,7,0,0.0,2.0,5.0,15.0,Z01
201300013828,0,30,0,0.0,2.0,1.0,1.0,A01
201300013829,0,7,0,10.0,0.0,3.0,13.0,A01
201300013830,0,33,0,0.0,2.0,1.0,1.0,B01
201300013830,0,10,0,0.0,2.0,2.0,15.0,A01
201300013831,0,7,0,0.0,2.0,1.0,2.0,A01
201300013831,0,7,0,0.0,2.0,4.0,2.0,B01
201300013831,0,7,0,0.0,2.0,4.0,2.0,C01
201300013832,0,7,0,0.0,2.0,7.0,22.0,B01
201300013832,0,30,0,1.0,0.0,7.0,0.0,A01
201300013833,0,7,0,0.0,2.0,4.0,2.0,C01
201300013833,0,7,0,0.0,2.0,1.0,2.0,B01
201300013833,0,7,0,0.0,2.0,4.0,2.0,D01
201300013833,0,7,0,0.0,2.0,1.0,2.0,A01
201300013834,0,10,0,0.0,2.0,1.0,2.0,A01
201300013834,0,7,0,0.0,0.0,4.0,2.0,B01
201300013835,0,7,0,0.0,2.0,3.0,3.0,B01
201300013835,0,1,0,0.0,2.0,1.0,2.0,A01
201300013836,0,7,0,0.0,2.0,4.0,2.0,B01
201300013836,0,7,0,0.0,2.0,1.0,12.0,A01
201300013837,0,33,0,0.0,2.0,1.0,1.0,B01
201300013837,0,7,0,0.0,2.0,3.0,1.0,A01
201300013838,0,7,0,0.0,1.0,2.0,0.0,A01
201300013839,0,7,0,0.0,1.0,1.0,0.0,A01
201300013840,0,7,0,0.0,2.0,3.0,9.0,A01
201300013840,0,99,0,0.0,2.0,1.0,1.0,B01
201300013841,0,7,0,0.0,1.0,1.0,1.0,A01
201300013842,0,1,0,0.0,2.0,3.0,9.0,B01
201300013842,1,7,0,0.0,2.0,2.0,0.0,Z01
201300013843,0,7,0,0.0,2.0,7.0,1.0,A01
201300013843,0,7,0,0.0,2.0,1.0,15.0,B01
201300013844,0,7,0,0.0,2.0,5.0,16.0,B01
201300013844,0,33,0,0.0,2.0,1.0,1.0,A01
201300013845,0,7,0,0.0,2.0,0.0,1.0,A01
201300013845,0,32,0,0.0,2.0,1.0,1.0,B01
201300013846,0,30,0,0.0,2.0,1.0,1.0,B01
201300013846,0,7,0,0.0,2.0,2.0,0.0,A01
201300013847,0,7,0,0.0,2.0,3.0,9.0,A01
201300013847,0,34,0,0.0,2.0,1.0,2.0,B01
201300013848,0,7,0,3.0,1.0,1.0,0.0,A01
201300013849,0,20,0,0.0,0.0,0.0,0.0,A01
201300013849,0,7,0,14.0,9.0,2.0,1.0,B01
201300013850,0,7,0,0.0,2.0,2.0,1.0,A01
201300013850,0,7,0,0.0,2.0,3.0,23.0,B01
201300013851,0,33,0,0.0,2.0,7.0,0.0,A01
201300013851,0,20,0,0.0,2.0,1.0,0.0,B01
201300013852,0,33,0,0.0,0.0,7.0,1.0,A01
201300013853,0,7,0,0.0,2.0,1.0,2.0,A01
201300013853,0,7,0,0.0,2.0,4.0,2.0,B01
201300013854,0,7,0,0.0,0.0,1.0,0.0,A01
201300013855,0,7,0,0.0,2.0,4.0,1.0,B01
201300013855,0,7,0,0.0,2.0,2.0,1.0,A01
201300013856,0,33,0,0.0,0.0,4.0,23.0,B01
201300013856,0,7,0,1.0,0.0,3.0,2.0,A01
201300013857,0,33,0,0.0,0.0,3.0,1.0,A01
201300013858,0,7,0,0.0,2.0,0.0,15.0,A01
201300013858,0,30,0,0.0,2.0,3.0,1.0,B01
201300013859,0,7,0,0.0,1.0,7.0,13.0,A01
201300013860,0,7,0,0.0,1.0,1.0,2.0,A01
201300013861,0,37,20,1.0,1.0,3.0,2.0,A01
201300013861,0,7,0,0.0,0.0,5.0,2.0,B01
201300013862,0,7,0,0.0,2.0,4.0,2.0,A01
201300013862,0,7,0,0.0,2.0,4.0,2.0,B01
201300013863,0,31,0,0.0,2.0,1.0,1.0,A01
201300013863,0,7,0,0.0,2.0,3.0,9.0,B01
201300013864,0,34,0,0.0,2.0,1.0,1.0,B01
201300013864,0,7,0,0.0,2.0,1.0,1.0,A01
201300013865,0,7,0,11.0,0.0,1.0,16.0,A01
201300013866,0,7,0,0.0,2.0,1.0,1.0,A01
201300013866,0,7,0,0.0,0.0,4.0,23.0,B01
201300013867,0,7,0,0.0,2.0,3.0,15.0,A01
201300013867,0,32,0,0.0,2.0,7.0,1.0,B01
201300013868,0,7,0,0.0,2.0,1.0,9.0,A01
201300013868,0,33,0,0.0,2.0,7.0,1.0,B01
201300013869,0,30,0,0.0,2.0,6.0,5.0,A01
201300013869,0,34,0,0.0,2.0,1.0,0.0,B01
201300013870,1,7,0,0.0,2.0,2.0,0.0,Z01
201300013870,0,7,0,0.0,2.0,0.0,2.0,A01
201300013871,0,7,0,0.0,2.0,5.0,1.0,B01
201300013871,0,7,0,0.0,2.0,1.0,0.0,A01
201300013872,0,7,0,0.0,2.0,2.0,2.0,B01
201300013872,0,7,0,0.0,0.0,3.0,23.0,C01
201300013872,0,10,0,0.0,0.0,8.0,10.0,A01
201300013873,0,34,0,0.0,2.0,4.0,0.0,B01
201300013873,1,7,0,0.0,2.0,1.0,0.0,A01
201300013874,0,7,0,0.0,9.0,8.0,13.0,A01
201300013874,0,1,0,0.0,2.0,1.0,2.0,B01
201300013875,0,33,0,0.0,0.0,1.0,1.0,B01
201300013875,0,7,0,0.0,0.0,8.0,1.0,A01
201300013876,0,7,0,1.0,1.0,7.0,0.0,A01
201300013877,0,7,0,1.0,0.0,1.0,1.0,A01
201300013878,2,7,0,0.0,2.0,1.0,19.0,A01
201300013878,0,7,0,8.0,2.0,5.0,1.0,B01
201300013879,0,7,0,0.0,2.0,1.0,10.0,A01
201300013879,0,33,0,0.0,2.0,1.0,1.0,B01
201300013880,1,99,0,0.0,1.0,3.0,0.0,Z01
201300013881,1,99,0,0.0,1.0,0.0,0.0,Z01