Num_Acc,senc,catv,occutc,obs,obsm,choc,manv,num_veh
201300013882,0,7,0,0.0,2.0,2.0,10.0,A01
201300013882,0,34,0,0.0,2.0,1.0,1.0,B01
201300013883,0,7,0,0.0,2.0,4.0,2.0,B01
201300013883,0,7,0,0.0,2.0,1.0,2.0,A01
201300013884,0,31,0,0.0,2.0,1.0,2.0,B01
201300013884,0,7,0,0.0,2.0,3.0,1.0,A01
201300013885,0,7,0,0.0,2.0,5.0,1.0,B01
201300013885,1,7,0,0.0,2.0,0.0,0.0,Z01
201300013886,0,33,0,0.0,0.0,8.0,17.0,A01
201300013887,0,2,0,0.0,0.0,0.0,2.0,A01
201300013888,0,7,0,0.0,2.0,6.0,11.0,A01
201300013888,0,33,0,0.0,2.0,1.0,1.0,B01
201300013889,0,7,0,0.0,1.0,1.0,0.0,A01
201300013890,0,34,0,0.0,2.0,2.0,1.0,B01
201300013890,1,7,0,0.0,2.0,6.0,4.0,Z01
201300013891,0,7,0,0.0,0.0,3.0,15.0,A01
201300013891,0,2,0,0.0,0.0,1.0,1.0,B01
201300013892,0,32,0,0.0,1.0,1.0,3.0,A01
201300013893,0,7,0,0.0,2.0,1.0,1.0,A01
201300013893,0,7,0,6.0,0.0,4.0,1.0,B01
201300013894,0,2,0,0.0,1.0,0.0,0.0,A01
201300013895,0,7,0,0.0,2.0,0.0,1.0,B01
201300013895,1,99,0,0.0,2.0,2.0,0.0,Z01
201300013896,0,7,0,0.0,2.0,2.0,15.0,A01
201300013896,1,3,0,0.0,2.0,5.0,1.0,B01
201300013897,0,7,0,0.0,2.0,1.0,2.0,A01
201300013897,0,7,0,0.0,2.0,4.0,2.0,B01
201300013898,0,7,0,0.0,1.0,1.0,19.0,A01
201300013899,1,7,0,0.0,2.0,0.0,0.0,Z01
201300013899,0,7,0,0.0,2.0,7.0,1.0,B01
201300013900,0,7,0,0.0,1.0,0.0,0.0,A01
201300013901,0,34,0,0.0,2.0,7.0,0.0,B01
201300013901,0,37,4,0.0,2.0,8.0,0.0,A01
201300013901,0,7,0,0.0,2.0,4.0,2.0,C01
201300013902,1,33,0,0.0,9.0,1.0,1.0,Z01
201300013902,0,1,0,0.0,9.0,1.0,1.0,B01
201300013903,0,7,0,0.0,2.0,6.0,9.0,A01
201300013903,0,31,0,0.0,2.0,1.0,2.0,B01
201300013904,0,7,0,0.0,1.0,8.0,1.0,B01
201300013904,0,7,0,0.0,1.0,3.0,16.0,A01
201300013905,0,7,0,0.0,2.0,1.0,1.0,A01
201300013905,0,7,0,0.0,2.0,4.0,1.0,B01
201300013906,0,7,0,0.0,2.0,4.0,23.0,B01
201300013906,0,7,0,0.0,2.0,1.0,1.0,A01
201300013907,0,31,0,0.0,2.0,1.0,1.0,B01
201300013907,0,7,0,0.0,0.0,2.0,9.0,A01
201300013908,0,32,0,0.0,1.0,0.0,0.0,A01
201300013909,0,7,0,0.0,1.0,1.0,1.0,A01
201300013910,0,2,0,12.0,0.0,1.0,14.0,A01
201300013911,0,7,0,0.0,2.0,2.0,0.0,A01
201300013911,0,13,0,0.0,0.0,6.0,1.0,B01
201300013912,0,7,0,0.0,1.0,1.0,1.0,A01
201300013913,0,7,0,0.0,2.0,8.0,1.0,B01
201300013913,0,15,0,0.0,2.0,6.0,15.0,A01
201300013914,0,30,0,0.0,0.0,0.0,1.0,A01
201300013915,0,7,0,9.0,0.0,1.0,1.0,A01
201300013916,0,30,0,0.0,2.0,1.0,17.0,A01
201300013916,0,7,0,0.0,2.0,3.0,15.0,B01
201300013917,0,30,0,0.0,0.0,0.0,17.0,A01
201300013917,0,7,0,0.0,0.0,0.0,15.0,B01
201300013918,0,34,0,11.0,0.0,1.0,0.0,A01
201300013919,0,7,0,0.0,2.0,8.0,2.0,B01
201300013919,0,7,0,0.0,2.0,1.0,2.0,A01
201300013920,0,30,0,0.0,2.0,7.0,17.0,A01
201300013920,0,7,0,0.0,2.0,8.0,15.0,B01
201300013921,0,7,0,0.0,2.0,1.0,2.0,A01
201300013921,0,7,0,0.0,2.0,4.0,2.0,B01
201300013922,0,7,0,0.0,2.0,1.0,1.0,A01
201300013922,0,7,0,0.0,1.0,4.0,1.0,B01
201300013923,0,10,0,0.0,2.0,1.0,2.0,A01
201300013923,0,7,0,0.0,2.0,4.0,23.0,B01
201300013924,0,7,0,0.0,2.0,4.0,0.0,B01
201300013924,0,7,0,0.0,2.0,1.0,1.0,A01
201300013925,0,7,0,0.0,2.0,1.0,2.0,A01
201300013925,0,7,0,0.0,2.0,4.0,2.0,B01
201300013926,0,7,0,0.0,2.0,3.0,1.0,A01
201300013926,0,33,0,0.0,2.0,1.0,1.0,B01
201300013927,0,7,0,8.0,0.0,1.0,1.0,A01
201300013928,0,32,0,8.0,0.0,7.0,1.0,A01
201300013929,0,7,0,0.0,2.0,3.0,15.0,A01
201300013929,0,30,0,0.0,2.0,7.0,17.0,B01
201300013930,0,7,0,0.0,2.0,4.0,2.0,B01
201300013930,0,7,0,0.0,2.0,1.0,2.0,A01
201300013931,0,32,0,0.0,2.0,1.0,0.0,B01
201300013931,0,7,0,0.0,2.0,2.0,0.0,A01
201300013932,0,31,0,0.0,2.0,0.0,1.0,B01
201300013932,0,7,0,0.0,2.0,0.0,9.0,A01
201300013933,0,33,0,0.0,2.0,1.0,2.0,A01
201300013933,0,7,0,0.0,2.0,6.0,2.0,B01
201300013934,0,7,0,0.0,2.0,3.0,1.0,B01
201300013934,0,7,0,0.0,2.0,2.0,19.0,A01
201300013935,0,7,0,0.0,0.0,8.0,20.0,A01
201300013935,0,1,0,0.0,2.0,1.0,1.0,B01
201300013936,0,7,0,0.0,2.0,4.0,1.0,A01
201300013936,1,7,0,0.0,2.0,1.0,1.0,Z01
201300013937,0,7,0,0.0,0.0,9.0,14.0,A01
201300013938,1,7,0,0.0,2.0,0.0,0.0,Z01
201300013938,0,30,0,0.0,2.0,0.0,1.0,B01
201300013939,0,7,0,0.0,2.0,3.0,1.0,B01
201300013939,0,7,0,0.0,2.0,3.0,13.0,A01
201300013940,0,7,0,0.0,2.0,4.0,23.0,C01
201300013940,0,7,0,0.0,2.0,9.0,23.0,B01
201300013940,1,7,0,0.0,2.0,1.0,2.0,Z01
201300013941,0,33,0,0.0,2.0,2.0,1.0,B01
201300013941,0,7,0,0.0,2.0,3.0,15.0,A01
201300013942,0,7,0,0.0,0.0,4.0,23.0,A01
201300013942,0,7,0,0.0,2.0,1.0,2.0,B01
201300013943,0,7,0,0.0,1.0,2.0,1.0,A01
201300013944,0,7,0,0.0,1.0,1.0,2.0,A01
201300013945,0,3,0,0.0,0.0,4.0,1.0,B01
201300013945,0,7,0,0.0,0.0,1.0,1.0,A01
201300013946,0,7,0,0.0,2.0,1.0,2.0,A01
201300013946,0,7,0,0.0,2.0,4.0,2.0,B01
201300013947,0,7,0,4.0,0.0,3.0,0.0,A01
201300013948,0,31,0,0.0,2.0,1.0,17.0,A01
201300013948,0,7,0,0.0,2.0,3.0,1.0,B01
201300013949,0,7,0,0.0,2.0,4.0,23.0,B01
201300013949,1,7,0,0.0,2.0,1.0,1.0,Z01
201300013950,0,7,0,0.0,1.0,2.0,16.0,A01
201300013951,0,34,0,0.0,2.0,1.0,17.0,A01
201300013951,0,33,0,0.0,2.0,1.0,1.0,B01
201300013952,0,37,4,0.0,2.0,2.0,1.0,A01
201300013952,0,17,0,0.0,2.0,3.0,15.0,B01
201300013953,0,7,0,0.0,2.0,1.0,2.0,A01
201300013953,0,31,0,0.0,2.0,1.0,1.0,B01
201300013954,0,30,0,0.0,2.0,1.0,2.0,A01
201300013954,0,7,0,0.0,0.0,8.0,15.0,B01
201300013955,0,7,0,0.0,1.0,1.0,19.0,A01
201300013956,0,7,0,0.0,2.0,3.0,13.0,A01
201300013956,0,7,0,0.0,2.0,3.0,1.0,B01
201300013957,1,7,0,0.0,1.0,1.0,1.0,Z01
201300013958,0,2,0,0.0,2.0,0.0,1.0,B01
201300013958,1,7,0,0.0,2.0,0.0,10.0,Z01
201300013959,1,7,0,0.0,2.0,0.0,1.0,Z01
201300013959,0,7,0,0.0,2.0,0.0,1.0,B01
201300013960,0,31,0,0.0,2.0,7.0,17.0,B01
201300013960,1,13,0,0.0,2.0,6.0,13.0,Z01
201300013961,1,7,0,0.0,2.0,1.0,1.0,Z01
201300013961,0,7,0,0.0,2.0,4.0,23.0,B01
201300013962,0,34,0,0.0,2.0,2.0,1.0,B01
201300013962,0,7,0,0.0,2.0,3.0,19.0,A01
201300013963,0,7,0,0.0,0.0,7.0,23.0,B01
201300013963,1,32,0,0.0,2.0,1.0,18.0,A01
201300013964,0,32,0,0.0,2.0,8.0,1.0,B01
201300013964,0,7,0,0.0,2.0,2.0,12.0,A01
201300013965,1,32,0,0.0,1.0,1.0,0.0,Z01
201300013966,0,30,0,0.0,0.0,8.0,2.0,A01
201300013966,0,30,0,0.0,2.0,0.0,2.0,B01
201300013966,0,7,0,0.0,0.0,0.0,0.0,C01
201300013967,0,7,0,0.0,0.0,2.0,19.0,A01
201300013967,0,2,0,0.0,2.0,1.0,19.0,B01
201300013968,0,34,0,0.0,2.0,4.0,2.0,B01
201300013968,1,7,0,0.0,2.0,1.0,0.0,Z01
201300013969,0,7,0,0.0,2.0,7.0,16.0,B01
201300013969,0,30,0,0.0,2.0,3.0,2.0,A01
201300013970,1,99,0,0.0,2.0,0.0,0.0,Z01
201300013970,0,7,0,0.0,2.0,1.0,1.0,B01
201300013970,0,30,0,0.0,2.0,1.0,1.0,A01
201300013971,1,30,0,0.0,1.0,1.0,1.0,Z01
201300013972,1,7,0,0.0,1.0,1.0,5.0,Z01
201300013973,1,7,0,0.0,1.0,1.0,1.0,Z01
201300013974,0,7,0,0.0,2.0,3.0,15.0,A01
201300013974,0,33,0,0.0,2.0,2.0,1.0,B01
201300013975,1,7,0,0.0,1.0,1.0,0.0,Z01
201300013976,0,7,0,0.0,2.0,8.0,19.0,A01
201300013976,0,7,0,0.0,2.0,1.0,1.0,B01
201300013977,0,7,0,0.0,1.0,0.0,0.0,A01
201300013978,0,7,0,0.0,2.0,7.0,15.0,A01
201300013978,0,33,0,0.0,2.0,2.0,1.0,B01
201300013979,0,30,0,0.0,2.0,1.0,1.0,B01
201300013979,0,7,0,0.0,0.0,0.0,0.0,A01
201300013980,0,1,0,0.0,2.0,1.0,1.0,B01
201300013980,0,7,0,0.0,2.0,3.0,23.0,A01
201300013981,0,33,0,15.0,0.0,2.0,0.0,A01
201300013982,1,7,0,0.0,1.0,1.0,1.0,A01
201300013983,0,34,0,0.0,2.0,2.0,17.0,A01
201300013983,0,10,0,0.0,2.0,6.0,15.0,B01
201300013984,0,7,0,0.0,1.0,3.0,15.0,A01
201300013985,0,7,0,0.0,2.0,3.0,1.0,B01
201300013985,0,7,0,0.0,2.0,5.0,15.0,A01
201300013986,0,7,0,0.0,1.0,1.0,0.0,A01
201300013987,0,7,0,0.0,1.0,1.0,2.0,A01
201300013988,0,7,0,0.0,2.0,8.0,15.0,A01
201300013988,0,32,0,0.0,2.0,2.0,17.0,B01
201300013989,0,7,0,0.0,2.0,8.0,2.0,B01
201300013989,0,13,0,0.0,2.0,7.0,12.0,A01
201300013990,0,34,0,0.0,2.0,1.0,1.0,A01
201300013990,0,7,0,0.0,2.0,4.0,1.0,B01
201300013991,0,33,0,0.0,2.0,1.0,1.0,B01
201300013991,0,7,0,0.0,2.0,3.0,19.0,A01
201300013992,0,7,0,0.0,2.0,3.0,1.0,A01
201300013992,0,7,0,0.0,2.0,5.0,12.0,B01
201300013993,0,7,0,13.0,0.0,2.0,1.0,A01
201300013994,0,7,0,0.0,2.0,4.0,23.0,B01
201300013994,0,7,0,0.0,2.0,1.0,1.0,A01
201300013994,0,7,0,0.0,2.0,4.0,23.0,C01
201300013994,0,7,0,0.0,2.0,4.0,23.0,D01
201300013995,0,7,0,0.0,0.0,4.0,2.0,B01
201300013995,0,10,0,0.0,0.0,1.0,2.0,A01
201300013996,0,7,0,0.0,1.0,8.0,1.0,A01
201300013997,0,33,0,0.0,2.0,1.0,5.0,A01
201300013997,0,30,0,0.0,2.0,1.0,1.0,B01
201300013998,0,7,0,0.0,2.0,4.0,1.0,B01
201300013998,0,7,0,0.0,2.0,1.0,1.0,A01
201300013999,0,7,0,0.0,2.0,1.0,1.0,A01
201300013999,0,7,0,0.0,2.0,6.0,1.0,B01
201300014000,0,7,0,0.0,2.0,3.0,0.0,A01
201300014000,0,30,0,0.0,2.0,1.0,0.0,B01
201300014001,0,7,0,8.0,0.0,1.0,0.0,A01
201300014001,0,30,0,8.0,0.0,1.0,1.0,B01
201300014002,1,7,0,0.0,2.0,0.0,0.0,Z01
201300014002,0,2,0,0.0,2.0,0.0,1.0,B01
201300014003,0,7,0,0.0,2.0,6.0,2.0,C01
201300014003,0,7,0,0.0,2.0,2.0,9.0,A01
201300014003,0,7,0,0.0,2.0,6.0,0.0,B01
201300014004,0,7,0,0.0,2.0,3.0,15.0,A01
201300014004,0,32,0,0.0,2.0,1.0,0.0,B01
201300014005,1,7,0,0.0,1.0,0.0,1.0,A01
201300014006,0,7,0,0.0,2.0,2.0,15.0,A01
201300014006,0,33,0,0.0,2.0,1.0,1.0,B01
201300014007,0,7,0,2.0,0.0,2.0,14.0,A01
201300014008,0,7,0,0.0,2.0,4.0,0.0,A01
201300014008,0,7,0,0.0,0.0,1.0,0.0,B01
201300014009,0,7,0,0.0,2.0,3.0,2.0,A01
201300014009,0,7,0,0.0,2.0,5.0,2.0,B01
201300014010,1,7,0,0.0,1.0,0.0,0.0,Z01
201300014011,0,7,0,1.0,1.0,1.0,21.0,A01
201300014012,0,32,0,0.0,2.0,1.0,21.0,B01
201300014012,0,10,0,0.0,2.0,0.0,16.0,A01
201300014012,0,10,0,0.0,2.0,1.0,5.0,C01
201300014013,0,30,0,0.0,2.0,2.0,1.0,A01
201300014013,0,7,0,0.0,2.0,3.0,15.0,B01
201300014014,0,7,0,0.0,0.0,5.0,2.0,B01
201300014014,0,37,8,0.0,2.0,3.0,21.0,A01
201300014015,1,7,0,0.0,1.0,1.0,1.0,Z01
201300014016,0,7,0,0.0,2.0,1.0,9.0,B01
201300014016,0,7,0,0.0,2.0,3.0,9.0,A01
201300014017,0,7,0,0.0,2.0,1.0,2.0,A01
201300014017,0,7,0,0.0,0.0,4.0,2.0,B01
201300014018,1,34,0,0.0,2.0,0.0,1.0,Z01
201300014018,0,7,0,0.0,2.0,0.0,1.0,B01
201300014019,0,7,0,0.0,2.0,3.0,1.0,B01
201300014019,0,33,0,0.0,2.0,7.0,17.0,A01
201300014020,0,1,0,0.0,2.0,0.0,1.0,A01
201300014020,1,7,0,0.0,0.0,0.0,0.0,Z01
201300014021,0,7,0,0.0,1.0,3.0,1.0,A01
201300014022,0,7,0,0.0,2.0,1.0,2.0,A01
201300014022,0,7,0,0.0,2.0,4.0,2.0,B01
201300014022,0,7,0,0.0,0.0,4.0,2.0,C01
201300014023,0,7,0,0.0,2.0,6.0,0.0,A01
201300014023,0,7,0,0.0,2.0,2.0,1.0,B01
201300014024,0,7,0,0.0,2.0,2.0,0.0,A01
201300014024,0,32,0,0.0,2.0,4.0,3.0,B01
201300014025,0,34,0,0.0,0.0,0.0,0.0,A01
201300014026,0,7,0,0.0,1.0,5.0,4.0,A01
201300014027,0,7,0,0.0,2.0,8.0,15.0,B01
201300014027,0,32,0,0.0,2.0,1.0,17.0,A01
201300014028,0,7,0,0.0,2.0,1.0,9.0,A01
201300014028,0,33,0,0.0,2.0,7.0,1.0,B01
201300014029,0,7,0,0.0,2.0,8.0,15.0,A01
201300014029,0,31,0,0.0,2.0,1.0,17.0,B01
201300014030,0,14,0,0.0,0.0,1.0,0.0,A01
201300014030,0,7,0,0.0,0.0,4.0,0.0,B01
201300014031,0,7,0,1.0,0.0,1.0,15.0,A01
201300014032,1,7,0,0.0,2.0,0.0,0.0,Z01
201300014032,0,30,0,0.0,2.0,0.0,0.0,A01
201300014033,0,33,0,13.0,0.0,1.0,2.0,A01
201300014034,0,7,0,0.0,2.0,8.0,9.0,A01
201300014034,0,31,0,0.0,2.0,1.0,2.0,B01
201300014035,0,7,0,0.0,2.0,7.0,1.0,B01
201300014035,0,33,0,0.0,2.0,7.0,1.0,C01
201300014035,1,99,0,0.0,0.0,0.0,0.0,Z01
201300014036,0,7,0,0.0,0.0,4.0,1.0,B01
201300014036,0,7,0,0.0,2.0,1.0,1.0,A01
201300014037,0,32,0,0.0,2.0,0.0,0.0,B01
201300014037,1,10,0,0.0,2.0,0.0,0.0,Z01
201300014038,0,7,0,0.0,2.0,4.0,23.0,B01
201300014038,1,7,0,0.0,2.0,1.0,1.0,Z01
201300014039,0,7,0,0.0,0.0,7.0,2.0,C01
201300014039,0,7,0,0.0,2.0,7.0,2.0,B01
201300014039,0,7,0,0.0,2.0,4.0,4.0,A01
201300014040,0,7,0,0.0,2.0,4.0,23.0,B01
201300014040,1,7,0,0.0,2.0,1.0,1.0,Z01
201300014041,0,33,0,0.0,0.0,9.0,1.0,A01
201300014042,0,7,0,0.0,1.0,2.0,0.0,A01
201300014043,0,7,0,0.0,2.0,4.0,23.0,B01
201300014043,0,32,0,0.0,2.0,1.0,1.0,A01
201300014044,0,7,0,0.0,2.0,2.0,15.0,A01
201300014044,0,7,0,0.0,2.0,3.0,1.0,B01
201300014045,0,32,0,0.0,2.0,7.0,1.0,B01
201300014045,0,7,0,0.0,2.0,3.0,9.0,A01
201300014046,0,7,0,0.0,2.0,1.0,21.0,A01
201300014046,0,7,0,0.0,2.0,8.0,23.0,B01
201300014047,0,7,0,0.0,2.0,0.0,15.0,B01
201300014047,0,30,0,0.0,2.0,1.0,17.0,A01
201300014048,0,7,0,0.0,2.0,4.0,1.0,B01
201300014048,1,7,0,0.0,2.0,1.0,1.0,Z01
201300014049,0,33,0,0.0,2.0,1.0,1.0,A01
201300014049,0,7,0,0.0,2.0,2.0,1.0,B01
201300014050,0,33,0,0.0,2.0,7.0,1.0,B01
201300014050,0,7,0,0.0,2.0,8.0,10.0,A01
201300014051,0,13,0,0.0,2.0,7.0,12.0,A01
201300014051,0,7,0,0.0,2.0,8.0,2.0,B01
201300014052,0,7,0,0.0,0.0,4.0,23.0,B01
201300014052,0,7,0,0.0,2.0,3.0,15.0,A01
201300014053,0,34,0,0.0,0.0,1.0,17.0,A01
201300014053,0,7,0,0.0,0.0,3.0,9.0,B01
201300014054,0,7,0,0.0,2.0,2.0,9.0,A01
201300014054,0,30,0,0.0,2.0,1.0,1.0,B01
201300014055,0,10,0,0.0,2.0,3.0,2.0,A01
201300014055,0,7,0,0.0,2.0,3.0,2.0,B01
201300014056,0,7,0,0.0,1.0,2.0,17.0,A01
201300014057,0,7,0,0.0,0.0,3.0,15.0,A01
201300014057,0,30,0,0.0,2.0,2.0,1.0,B01
201300014058,0,7,0,8.0,0.0,1.0,1.0,A01
201300014059,1,37,0,0.0,1.0,0.0,1.0,Z01
201300014060,1,33,0,0.0,1.0,0.0,0.0,Z01
201300014061,1,30,0,0.0,1.0,1.0,2.0,Z01
201300014062,0,32,0,0.0,0.0,4.0,2.0,B01
201300014062,0,7,0,0.0,2.0,1.0,0.0,A01
201300014063,0,13,0,0.0,1.0,6.0,1.0,A01
201300014064,0,7,0,0.0,2.0,1.0,15.0,A01
201300014064,0,7,0,0.0,2.0,2.0,0.0,B01
201300014065,0,7,0,0.0,2.0,6.0,15.0,A01
201300014065,0,7,0,0.0,2.0,3.0,1.0,B01
201300014066,0,7,0,0.0,2.0,2.0,1.0,B01
201300014066,0,32,0,0.0,2.0,1.0,1.0,A01
201300014067,0,7,0,0.0,1.0,2.0,1.0,A01
201300014068,0,2,0,0.0,2.0,4.0,2.0,B01
201300014068,0,34,0,0.0,2.0,1.0,2.0,A01
201300014069,0,7,0,0.0,1.0,2.0,2.0,A01
201300014070,0,10,0,0.0,2.0,6.0,15.0,B01
201300014070,0,33,0,0.0,2.0,1.0,17.0,A01
201300014071,0,33,0,0.0,2.0,0.0,0.0,B01
201300014071,0,2,0,0.0,2.0,0.0,0.0,A01
201300014072,0,7,0,0.0,2.0,0.0,15.0,A01
201300014072,0,34,0,0.0,2.0,0.0,17.0,B01
201300014073,0,40,0,0.0,1.0,1.0,1.0,B01
201300014074,0,7,0,0.0,2.0,1.0,1.0,B01
201300014074,0,7,0,1.0,2.0,8.0,9.0,A01
201300014075,0,33,0,0.0,2.0,1.0,2.0,A01
201300014075,0,7,0,0.0,0.0,4.0,2.0,B01
201300014076,0,7,0,0.0,2.0,3.0,1.0,C01
201300014076,0,10,0,0.0,2.0,3.0,15.0,B01
201300014076,0,30,0,0.0,2.0,2.0,17.0,A01
201300014077,0,2,0,0.0,2.0,1.0,1.0,B01
201300014077,0,7,0,0.0,2.0,2.0,15.0,A01
201300014078,0,7,0,0.0,1.0,2.0,0.0,A01
201300014079,0,7,0,0.0,2.0,8.0,11.0,A01
201300014079,0,34,0,0.0,2.0,7.0,1.0,B01
201300014080,0,7,0,0.0,1.0,2.0,1.0,A01
201300014081,0,7,0,1.0,0.0,3.0,16.0,A01
201300014082,0,7,0,0.0,2.0,3.0,15.0,A01
201300014082,0,33,0,0.0,2.0,1.0,21.0,B01
201300014083,1,7,0,0.0,1.0,1.0,1.0,Z01
201300014084,0,7,0,0.0,2.0,1.0,15.0,A01
201300014084,0,33,0,0.0,2.0,1.0,1.0,B01
201300014085,0,7,0,0.0,0.0,4.0,1.0,D01
201300014085,0,7,0,0.0,2.0,4.0,1.0,C01
201300014085,0,7,0,0.0,2.0,4.0,1.0,B01
201300014085,0,7,0,0.0,2.0,1.0,1.0,A01
201300014086,0,31,0,0.0,1.0,1.0,1.0,A01
201300014087,0,34,0,0.0,0.0,7.0,1.0,A01
201300014088,0,33,0,0.0,2.0,7.0,1.0,B01
201300014088,0,33,0,0.0,2.0,4.0,21.0,C01
201300014088,2,7,0,0.0,2.0,8.0,20.0,A01
201300014089,1,7,0,0.0,1.0,2.0,1.0,A01
201300014090,0,33,0,0.0,2.0,8.0,1.0,B01
201300014090,0,7,0,0.0,0.0,0.0,12.0,A01
201300014091,0,33,0,0.0,2.0,1.0,1.0,A01
201300014091,0,7,0,0.0,2.0,3.0,15.0,B01
201300014092,0,7,0,0.0,2.0,2.0,9.0,A01
201300014092,0,33,0,0.0,2.0,1.0,2.0,B01
201300014093,0,7,0,0.0,0.0,8.0,0.0,A01
201300014094,0,7,0,0.0,0.0,8.0,15.0,B01
201300014094,0,32,0,0.0,2.0,1.0,17.0,A01
201300014095,0,7,0,0.0,2.0,4.0,1.0,B01
201300014095,1,7,0,0.0,2.0,1.0,1.0,Z01
201300014096,0,33,0,0.0,2.0,5.0,20.0,B01
201300014096,0,37,10,0.0,2.0,2.0,1.0,A01
201300014097,0,2,0,0.0,2.0,1.0,1.0,B01
201300014097,0,7,0,0.0,2.0,2.0,15.0,A01
201300014098,0,7,0,0.0,2.0,2.0,1.0,B01
201300014098,0,7,0,0.0,2.0,5.0,15.0,A01
201300014099,0,7,0,0.0,2.0,2.0,15.0,A01
201300014099,0,7,0,9.0,2.0,1.0,21.0,B01
201300014100,0,30,0,0.0,2.0,1.0,1.0,A01
201300014100,0,7,0,0.0,2.0,1.0,15.0,B01
201300014101,1,7,0,0.0,2.0,0.0,17.0,Z01
201300014101,0,7,0,0.0,2.0,1.0,1.0,B01
201300014102,0,7,0,0.0,2.0,1.0,15.0,B01
201300014102,0,31,0,0.0,2.0,1.0,18.0,A01
201300014103,0,7,0,0.0,0.0,4.0,2.0,B01
201300014103,0,7,0,0.0,2.0,1.0,2.0,A01
201300014104,0,7,0,0.0,1.0,2.0,1.0,A01
201300014105,0,2,0,0.0,2.0,3.0,1.0,A01
201300014105,1,7,0,1.0,0.0,0.0,0.0,Z01
201300014106,0,30,0,0.0,2.0,7.0,1.0,C01
201300014106,1,99,0,0.0,2.0,0.0,13.0,Z01
201300014106,0,30,0,0.0,2.0,7.0,1.0,B01
201300014107,0,7,0,0.0,2.0,6.0,2.0,B01
201300014107,0,34,0,0.0,2.0,2.0,2.0,A01
201300014108,0,32,0,0.0,1.0,1.0,5.0,A01
201300014109,0,2,0,0.0,2.0,2.0,1.0,A01
201300014109,1,7,0,0.0,2.0,1.0,19.0,Z01
201300014110,1,31,0,0.0,1.0,0.0,1.0,Z01
201300014111,0,7,0,0.0,2.0,3.0,1.0,A01
201300014111,0,30,0,0.0,2.0,5.0,2.0,B01
201300014112,0,3,0,0.0,2.0,4.0,2.0,B01
201300014112,0,7,0,0.0,2.0,4.0,2.0,C01
201300014112,0,7,0,0.0,2.0,1.0,2.0,A01
201300014113,0,7,0,0.0,2.0,1.0,0.0,A01
201300014113,0,7,0,0.0,2.0,3.0,19.0,B01
201300014114,0,33,0,0.0,2.0,1.0,1.0,A01
201300014114,0,7,0,0.0,0.0,4.0,15.0,B01
201300014115,0,7,0,0.0,2.0,8.0,2.0,A01
201300014115,0,30,0,0.0,2.0,1.0,2.0,B01
201300014116,0,7,0,0.0,2.0,8.0,15.0,A01
201300014116,0,30,0,0.0,2.0,7.0,9.0,B01
201300014117,0,7,0,0.0,1.0,2.0,0.0,A01
201300014118,1,7,0,0.0,1.0,1.0,1.0,Z01
201300014119,0,7,0,0.0,1.0,1.0,1.0,A01
201300014120,0,34,0,0.0,2.0,1.0,1.0,B01
201300014120,0,7,0,0.0,2.0,5.0,10.0,A01
201300014121,0,7,0,0.0,2.0,1.0,2.0,A01
201300014121,0,7,0,0.0,0.0,4.0,2.0,B01
201300014122,0,7,0,0.0,1.0,6.0,4.0,A01
201300014123,0,32,0,6.0,0.0,1.0,1.0,A01
201300014124,0,7,0,0.0,2.0,2.0,15.0,A01
201300014124,0,31,0,0.0,2.0,1.0,1.0,B01
201300014125,0,34,0,0.0,2.0,0.0,1.0,B01
201300014125,1,7,0,0.0,2.0,0.0,1.0,Z01
201300014126,1,7,0,0.0,1.0,0.0,1.0,Z01
201300014127,0,7,0,0.0,2.0,3.0,1.0,A01
201300014127,0,33,0,0.0,2.0,3.0,2.0,B01
201300014128,1,7,0,0.0,1.0,1.0,17.0,Z01
201300014129,0,7,0,0.0,1.0,4.0,20.0,A01
201300014130,1,7,0,0.0,2.0,1.0,1.0,Z01
201300014130,0,7,0,0.0,2.0,4.0,0.0,B01
201300014131,1,7,0,0.0,1.0,1.0,17.0,Z01
201300014132,1,99,0,0.0,1.0,1.0,1.0,Z01
201300014133,0,32,0,0.0,2.0,2.0,0.0,B01
201300014133,0,7,0,0.0,2.0,2.0,9.0,A01
201300014134,0,10,0,8.0,0.0,2.0,14.0,A01
201300014135,0,7,0,0.0,2.0,2.0,23.0,B01
201300014135,0,30,0,0.0,2.0,1.0,21.0,A01
201300014136,0,7,0,0.0,0.0,4.0,0.0,B01
201300014136,1,10,0,0.0,0.0,1.0,0.0,Z01
201300014137,0,7,0,0.0,2.0,8.0,15.0,A01
201300014137,0,30,0,0.0,2.0,1.0,1.0,B01
201300014138,0,7,0,0.0,2.0,6.0,24.0,B01
201300014138,0,7,0,1.0,2.0,3.0,2.0,A01
201300014139,1,7,0,0.0,0.0,0.0,0.0,Z01
201300014139,0,30,0,0.0,0.0,2.0,0.0,B01
201300014140,0,7,0,0.0,4.0,7.0,16.0,B01
201300014140,0,32,0,0.0,2.0,8.0,1.0,A01
201300014141,0,34,0,0.0,9.0,1.0,2.0,A01
201300014142,0,7,0,0.0,0.0,5.0,23.0,C01
201300014142,0,7,0,14.0,0.0,7.0,1.0,A01
201300014142,0,7,0,0.0,0.0,1.0,1.0,B01
201300014143,0,7,0,0.0,2.0,2.0,2.0,A01
201300014143,0,7,0,0.0,0.0,6.0,2.0,B01
201300014144,0,7,0,0.0,0.0,4.0,1.0,B01
201300014144,0,30,0,0.0,0.0,1.0,1.0,A01