Num_Acc,senc,catv,occutc,obs,obsm,choc,manv,num_veh
201300014145,0,37,1,0.0,1.0,0.0,16.0,A01
201300014146,0,7,0,1.0,0.0,5.0,14.0,B01
201300014146,0,32,0,0.0,0.0,8.0,1.0,A01
201300014147,0,7,0,0.0,2.0,7.0,15.0,A01
201300014147,0,32,0,0.0,2.0,0.0,2.0,B01
201300014148,1,7,0,0.0,1.0,0.0,0.0,Z01
201300014149,1,7,0,0.0,1.0,1.0,0.0,Z01
201300014150,0,7,0,0.0,2.0,3.0,15.0,A01
201300014150,0,2,0,0.0,2.0,2.0,2.0,B01
201300014151,2,7,0,0.0,2.0,1.0,2.0,Z01
201300014151,0,7,0,0.0,0.0,4.0,2.0,A01
201300014152,0,32,0,0.0,2.0,1.0,1.0,A01
201300014152,0,10,0,0.0,2.0,3.0,20.0,B01
201300014153,0,7,0,0.0,2.0,2.0,0.0,A01
201300014153,1,7,0,,0.0,2.0,,B01
201300014154,0,7,0,8.0,0.0,2.0,1.0,A01
201300014155,1,99,0,0.0,0.0,0.0,0.0,A01
201300014155,0,99,0,0.0,0.0,0.0,0.0,B01
201300014156,0,7,0,0.0,1.0,0.0,0.0,A01
201300014157,0,33,0,1.0,0.0,1.0,1.0,A01
201300014158,0,7,0,0.0,1.0,4.0,4.0,A01
201300014159,0,10,0,0.0,2.0,1.0,1.0,A01
201300014159,0,10,0,0.0,2.0,1.0,1.0,B01
201300014159,0,14,0,0.0,0.0,4.0,1.0,C01
201300014160,0,7,0,0.0,0.0,1.0,16.0,B01
201300014160,0,32,0,0.0,2.0,1.0,5.0,A01
201300014161,0,30,0,0.0,2.0,2.0,1.0,B01
201300014161,0,7,0,0.0,2.0,2.0,1.0,A01
201300014162,0,33,0,1.0,2.0,2.0,1.0,B01
201300014162,0,7,0,0.0,2.0,3.0,0.0,A01
201300014163,0,7,0,0.0,2.0,6.0,1.0,A01
201300014163,0,7,0,0.0,2.0,3.0,1.0,B01
201300014164,0,7,0,0.0,2.0,1.0,1.0,A01
201300014164,0,7,0,0.0,2.0,4.0,23.0,C01
201300014164,0,7,0,0.0,2.0,4.0,23.0,B01
201300014165,0,7,0,0.0,2.0,1.0,1.0,A01
201300014165,0,7,0,14.0,0.0,4.0,23.0,B01
201300014165,0,7,0,0.0,9.0,4.0,23.0,C01
201300014165,0,7,0,0.0,2.0,4.0,23.0,D01
201300014166,0,7,0,0.0,1.0,3.0,14.0,A01
201300014167,0,7,0,0.0,2.0,7.0,1.0,A01
201300014167,0,7,0,0.0,2.0,1.0,1.0,B01
201300014168,0,7,0,0.0,2.0,3.0,2.0,B01
201300014168,0,7,0,0.0,2.0,2.0,2.0,A01
201300014169,0,7,0,0.0,2.0,4.0,2.0,B01
201300014169,0,7,0,0.0,2.0,1.0,2.0,A01
201300014170,0,7,0,0.0,0.0,6.0,2.0,B01
201300014170,0,32,0,0.0,2.0,1.0,2.0,A01
201300014171,0,32,0,0.0,2.0,1.0,1.0,B01
201300014171,0,7,0,0.0,2.0,5.0,1.0,A01
201300014172,0,34,0,0.0,0.0,0.0,1.0,A01
201300014173,0,7,0,8.0,2.0,7.0,15.0,B01
201300014173,0,7,0,0.0,2.0,1.0,15.0,A01
201300014174,0,7,0,0.0,2.0,3.0,15.0,B01
201300014174,0,34,0,0.0,2.0,1.0,17.0,A01
201300014175,1,7,0,0.0,0.0,2.0,10.0,Z01
201300014175,0,32,0,0.0,2.0,1.0,21.0,A01
201300014176,0,7,0,0.0,0.0,0.0,0.0,A01
201300014177,1,7,0,0.0,2.0,1.0,1.0,Z01
201300014177,0,10,0,0.0,2.0,4.0,2.0,A01
201300014178,1,7,0,0.0,2.0,0.0,1.0,Z01
201300014178,0,7,0,0.0,2.0,3.0,16.0,B01
201300014179,0,7,0,12.0,0.0,3.0,6.0,A01
201300014180,0,7,0,13.0,1.0,1.0,0.0,A01
201300014181,0,7,0,0.0,2.0,1.0,19.0,A01
201300014181,0,30,0,0.0,2.0,1.0,2.0,B01
201300014182,0,7,0,0.0,1.0,2.0,1.0,A01
201300014183,0,10,0,0.0,0.0,7.0,0.0,B01
201300014183,0,10,0,0.0,0.0,3.0,0.0,A01
201300014184,0,32,0,0.0,2.0,7.0,2.0,B01
201300014184,0,7,0,0.0,2.0,1.0,9.0,A01
201300014185,0,31,0,0.0,2.0,1.0,1.0,B01
201300014185,0,7,0,0.0,2.0,3.0,15.0,A01
201300014186,0,7,0,0.0,1.0,2.0,1.0,A01
201300014187,0,32,0,0.0,2.0,2.0,17.0,A01
201300014187,0,7,0,0.0,2.0,2.0,9.0,B01
201300014188,0,30,0,0.0,2.0,8.0,2.0,B01
201300014188,0,7,0,0.0,2.0,2.0,15.0,A01
201300014189,1,10,0,0.0,0.0,,,Z01
201300014189,0,7,0,0.0,0.0,8.0,1.0,A01
201300014190,0,34,0,0.0,1.0,1.0,1.0,A01
201300014191,0,7,0,0.0,2.0,5.0,1.0,B01
201300014191,0,7,0,0.0,2.0,1.0,15.0,A01
201300014192,0,2,0,0.0,2.0,1.0,1.0,A01
201300014192,0,7,0,0.0,2.0,3.0,15.0,B01
201300014193,0,7,0,0.0,2.0,1.0,24.0,F01
201300014193,0,7,0,0.0,2.0,1.0,13.0,A01
201300014193,0,7,0,0.0,2.0,3.0,15.0,B01
201300014194,0,7,0,0.0,1.0,6.0,4.0,A01
201300014195,0,2,0,0.0,1.0,0.0,0.0,A01
201300014196,0,32,0,0.0,2.0,2.0,1.0,A01
201300014196,0,7,0,0.0,2.0,5.0,15.0,B01
201300014197,1,7,0,0.0,2.0,0.0,13.0,Z01
201300014197,0,34,0,0.0,2.0,0.0,1.0,B01
201300014198,0,7,0,0.0,2.0,7.0,15.0,A01
201300014198,0,7,0,0.0,2.0,1.0,1.0,B01
201300014199,0,7,0,0.0,2.0,3.0,1.0,A01
201300014199,0,7,0,0.0,2.0,7.0,1.0,B01
201300014200,0,2,0,0.0,2.0,1.0,1.0,B01
201300014200,0,7,0,0.0,2.0,1.0,1.0,A01
201300014201,0,7,0,0.0,2.0,3.0,9.0,A01
201300014201,0,34,0,0.0,2.0,1.0,1.0,B01
201300014202,1,2,0,12.0,0.0,9.0,0.0,A01
201300014203,0,7,0,0.0,2.0,1.0,5.0,A01
201300014203,0,7,0,0.0,2.0,1.0,0.0,B01
201300014204,0,7,0,0.0,2.0,3.0,10.0,A01
201300014204,0,34,0,0.0,2.0,2.0,17.0,B01
201300014205,0,34,0,1.0,0.0,1.0,1.0,B01
201300014205,0,7,0,0.0,2.0,3.0,0.0,A01
201300014206,0,7,0,0.0,2.0,7.0,1.0,B01
201300014206,0,7,0,0.0,2.0,2.0,1.0,A01
201300014207,0,33,0,0.0,0.0,7.0,1.0,A01
201300014207,0,7,0,0.0,0.0,8.0,1.0,B01
201300014208,0,32,0,0.0,2.0,0.0,0.0,B01
201300014208,0,7,0,0.0,2.0,0.0,0.0,A01
201300014209,0,7,0,0.0,1.0,1.0,1.0,A01
201300014210,0,7,0,0.0,2.0,2.0,0.0,B01
201300014210,0,2,0,0.0,2.0,1.0,0.0,A01
201300014211,0,1,0,0.0,2.0,0.0,2.0,B01
201300014211,0,7,0,0.0,9.0,0.0,2.0,A01
201300014212,0,30,0,0.0,0.0,6.0,17.0,A01
201300014212,0,7,0,0.0,2.0,6.0,1.0,B01
201300014213,0,7,0,5.0,0.0,0.0,1.0,A01
201300014214,0,34,0,0.0,2.0,1.0,1.0,B01
201300014214,0,7,0,0.0,2.0,4.0,19.0,A01
201300014215,0,7,0,0.0,2.0,8.0,15.0,A01
201300014215,0,33,0,0.0,2.0,2.0,1.0,B01
201300014216,0,33,0,0.0,2.0,1.0,17.0,A01
201300014216,0,7,0,0.0,0.0,3.0,15.0,B01
201300014217,0,7,0,0.0,2.0,5.0,22.0,A01
201300014217,0,30,0,0.0,2.0,1.0,1.0,B01
201300014218,0,30,0,0.0,2.0,1.0,17.0,B01
201300014218,0,7,0,0.0,2.0,2.0,15.0,A01
201300014219,0,7,0,0.0,1.0,4.0,4.0,A01
201300014220,0,32,0,0.0,0.0,1.0,23.0,B01
201300014220,0,7,0,0.0,2.0,4.0,4.0,A01
201300014221,0,2,0,0.0,2.0,1.0,1.0,B01
201300014221,0,7,0,1.0,2.0,2.0,11.0,A01
201300014222,0,7,0,0.0,2.0,1.0,0.0,A01
201300014222,0,7,0,0.0,2.0,4.0,0.0,B01
201300014223,0,7,0,0.0,2.0,1.0,0.0,A01
201300014223,0,7,0,0.0,2.0,2.0,0.0,B01
201300014224,0,7,0,0.0,0.0,3.0,9.0,A01
201300014224,0,33,0,0.0,2.0,1.0,2.0,B01
201300014225,0,7,0,0.0,2.0,1.0,15.0,B01
201300014225,0,33,0,0.0,2.0,1.0,0.0,A01
201300014226,0,7,0,0.0,2.0,5.0,15.0,A01
201300014226,1,33,0,0.0,2.0,2.0,1.0,B01
201300014227,1,7,0,0.0,2.0,3.0,18.0,Z01
201300014227,0,2,0,0.0,2.0,2.0,15.0,B01
201300014228,0,37,1,0.0,1.0,1.0,1.0,A01
201300014229,1,7,0,0.0,1.0,0.0,1.0,Z01
201300014230,0,2,0,0.0,2.0,0.0,1.0,B01
201300014230,1,7,0,0.0,2.0,0.0,1.0,Z01
201300014231,1,7,0,0.0,1.0,6.0,1.0,Z01
201300014232,0,7,0,0.0,2.0,1.0,1.0,B01
201300014232,0,7,0,0.0,2.0,3.0,13.0,A01
201300014233,0,30,0,0.0,2.0,8.0,18.0,A01
201300014233,0,7,0,0.0,2.0,7.0,1.0,B01
201300014234,0,7,0,0.0,2.0,1.0,1.0,A01
201300014234,0,7,0,0.0,2.0,8.0,1.0,B01
201300014235,0,7,0,0.0,2.0,7.0,1.0,A01
201300014235,0,1,0,0.0,2.0,1.0,0.0,B01
201300014236,0,31,0,0.0,2.0,1.0,1.0,A01
201300014236,1,7,0,0.0,2.0,6.0,10.0,Z01
201300014237,0,7,0,0.0,2.0,3.0,13.0,A01
201300014237,0,7,0,0.0,2.0,3.0,15.0,B01
201300014238,0,7,0,0.0,0.0,0.0,0.0,B01
201300014238,0,7,0,0.0,0.0,0.0,0.0,A01
201300014239,0,31,0,0.0,1.0,1.0,1.0,A01
201300014240,0,7,0,0.0,2.0,7.0,1.0,B01
201300014240,0,7,0,0.0,2.0,3.0,1.0,A01
201300014241,0,7,0,0.0,2.0,3.0,1.0,B01
201300014241,0,7,0,0.0,2.0,2.0,1.0,A01
201300014242,0,7,0,0.0,2.0,1.0,5.0,A01
201300014242,0,7,0,0.0,2.0,1.0,1.0,B01
201300014243,0,7,0,0.0,2.0,3.0,6.0,A01
201300014243,0,32,0,0.0,2.0,8.0,1.0,B01
201300014244,0,37,1,0.0,1.0,1.0,1.0,A01
201300014245,0,32,0,0.0,2.0,1.0,1.0,B01
201300014245,0,7,0,0.0,2.0,7.0,16.0,A01
201300014246,0,7,0,0.0,2.0,1.0,1.0,B01
201300014246,0,7,0,0.0,2.0,2.0,1.0,A01
201300014247,0,7,0,0.0,2.0,4.0,1.0,C01
201300014247,0,7,0,0.0,2.0,1.0,1.0,A01
201300014247,0,7,0,0.0,0.0,4.0,1.0,D01
201300014247,0,7,0,0.0,2.0,4.0,1.0,B01
201300014248,0,7,0,0.0,1.0,2.0,2.0,A01
201300014249,0,32,0,0.0,2.0,5.0,12.0,B01
201300014249,0,7,0,0.0,2.0,3.0,1.0,A01
201300014250,0,32,0,0.0,2.0,3.0,2.0,B01
201300014250,0,7,0,0.0,2.0,0.0,15.0,A01
201300014251,1,30,0,0.0,1.0,1.0,1.0,Z01
201300014252,0,33,0,0.0,1.0,6.0,1.0,A01
201300014253,0,7,0,0.0,0.0,6.0,2.0,B01
201300014253,0,7,0,0.0,2.0,2.0,2.0,A01
201300014254,0,7,0,6.0,0.0,3.0,0.0,A01
201300014255,0,2,0,0.0,1.0,1.0,1.0,A01
201300014256,0,7,0,0.0,2.0,1.0,2.0,A01
201300014256,0,7,0,0.0,2.0,4.0,2.0,C01
201300014256,0,7,0,0.0,2.0,4.0,2.0,B01
201300014257,0,31,0,0.0,2.0,4.0,2.0,B01
201300014257,0,32,0,0.0,2.0,1.0,2.0,A01
201300014258,0,34,0,0.0,1.0,1.0,1.0,A01
201300014259,0,33,0,0.0,0.0,3.0,0.0,A01
201300014260,0,7,0,0.0,1.0,3.0,1.0,A01
201300014261,0,7,0,0.0,2.0,8.0,13.0,A01
201300014261,0,30,0,0.0,2.0,1.0,2.0,B01
201300014262,1,34,0,0.0,1.0,0.0,1.0,Z01
201300014263,1,7,0,0.0,1.0,1.0,1.0,Z01
201300014264,1,7,0,0.0,2.0,1.0,2.0,Z01
201300014264,0,7,0,0.0,2.0,4.0,1.0,B01
201300014265,1,7,0,0.0,0.0,0.0,14.0,Z01
201300014265,0,7,0,4.0,0.0,7.0,21.0,B01
201300014266,0,7,0,0.0,1.0,5.0,4.0,A01
201300014267,0,2,0,0.0,2.0,2.0,9.0,A01
201300014267,0,7,0,0.0,2.0,1.0,1.0,B01
201300014268,0,30,0,0.0,2.0,8.0,1.0,A01
201300014268,1,20,0,0.0,2.0,7.0,14.0,Z01
201300014269,0,37,0,0.0,1.0,1.0,0.0,A01
201300014270,1,7,0,0.0,1.0,1.0,0.0,Z01
201300014271,0,7,0,0.0,2.0,4.0,23.0,B01
201300014271,1,7,0,0.0,2.0,1.0,1.0,Z01
201300014272,1,33,0,0.0,1.0,0.0,0.0,Z01
201300014273,1,7,0,0.0,1.0,0.0,4.0,Z01
201300014274,0,2,0,0.0,1.0,1.0,1.0,A01
201300014275,0,7,0,2.0,0.0,1.0,0.0,A01
201300014276,0,7,0,0.0,2.0,1.0,1.0,A01
201300014276,0,7,0,0.0,2.0,4.0,1.0,B01
201300014277,0,7,0,0.0,2.0,1.0,15.0,B01
201300014277,0,2,0,0.0,2.0,1.0,1.0,A01
201300014278,1,31,0,0.0,0.0,0.0,0.0,Z01
201300014278,0,7,0,8.0,2.0,5.0,1.0,B01
201300014279,0,7,0,0.0,2.0,3.0,0.0,A01
201300014279,0,30,0,15.0,2.0,1.0,1.0,B01
201300014280,0,7,0,0.0,2.0,4.0,2.0,B01
201300014280,0,7,0,0.0,2.0,4.0,2.0,C01
201300014280,0,7,0,0.0,2.0,1.0,2.0,A01
201300014281,0,7,0,0.0,2.0,4.0,1.0,B01
201300014281,0,7,0,0.0,2.0,1.0,0.0,A01
201300014282,0,7,0,0.0,0.0,4.0,0.0,C01
201300014282,0,7,0,0.0,2.0,4.0,1.0,B01
201300014282,0,15,0,0.0,2.0,0.0,9.0,A01
201300014283,0,30,0,0.0,1.0,1.0,0.0,A01
201300014283,0,7,0,0.0,2.0,4.0,0.0,B01
201300014284,0,30,0,0.0,2.0,2.0,1.0,A01
201300014284,0,7,0,0.0,2.0,2.0,1.0,B01
201300014285,0,7,0,0.0,2.0,7.0,1.0,A01
201300014285,0,7,0,0.0,2.0,8.0,1.0,B01
201300014286,0,7,0,0.0,1.0,2.0,0.0,A01
201300014287,0,33,0,0.0,1.0,1.0,1.0,A01
201300014288,0,30,0,0.0,2.0,7.0,14.0,A01
201300014289,0,7,0,5.0,2.0,1.0,0.0,A01
201300014290,0,7,0,0.0,1.0,1.0,1.0,A01
201300014291,0,7,0,0.0,2.0,4.0,23.0,B01
201300014291,0,7,0,0.0,2.0,1.0,2.0,A01
201300014292,0,7,0,6.0,0.0,1.0,14.0,A01
201300014293,0,7,0,0.0,0.0,6.0,2.0,B01
201300014293,0,30,0,0.0,2.0,1.0,2.0,A01
201300014294,0,30,0,0.0,0.0,0.0,1.0,A01
201300014295,0,37,1,0.0,2.0,5.0,1.0,B01
201300014295,0,7,0,0.0,2.0,1.0,9.0,A01
201300014296,0,37,1,0.0,1.0,1.0,0.0,A01
201300014297,0,7,0,0.0,1.0,7.0,1.0,A01
201300014298,0,30,0,0.0,2.0,1.0,1.0,B01
201300014298,0,7,0,0.0,2.0,3.0,1.0,A01
201300014299,0,7,0,0.0,2.0,3.0,9.0,A01
201300014299,0,32,0,0.0,2.0,1.0,17.0,B01
201300014300,0,33,0,0.0,2.0,1.0,1.0,B01
201300014300,0,7,0,0.0,2.0,5.0,9.0,A01
201300014300,0,7,0,0.0,2.0,8.0,0.0,C01
201300014301,0,7,0,0.0,2.0,1.0,15.0,A01
201300014301,0,7,0,0.0,0.0,4.0,23.0,B01
201300014302,0,7,0,0.0,2.0,3.0,11.0,A01
201300014302,0,31,0,0.0,2.0,1.0,17.0,B01
201300014303,1,7,0,0.0,1.0,1.0,1.0,Z01
201300014304,0,33,0,1.0,2.0,7.0,17.0,A01
201300014304,0,7,0,0.0,2.0,3.0,15.0,B01
201300014305,0,7,0,0.0,2.0,5.0,1.0,B01
201300014305,0,7,0,0.0,2.0,1.0,1.0,A01
201300014306,0,34,0,0.0,2.0,2.0,1.0,B01
201300014306,0,7,0,0.0,2.0,1.0,15.0,A01
201300014307,0,30,0,0.0,2.0,8.0,1.0,B01
201300014307,1,30,0,0.0,2.0,0.0,17.0,Y01
201300014308,0,7,0,0.0,2.0,6.0,15.0,B01
201300014308,0,7,0,0.0,2.0,3.0,1.0,A01
201300014309,0,7,0,0.0,1.0,0.0,1.0,A01
201300014310,1,7,0,0.0,2.0,2.0,11.0,Z01
201300014310,0,32,0,0.0,2.0,1.0,1.0,B01
201300014311,0,7,0,0.0,2.0,4.0,2.0,B01
201300014311,0,7,0,0.0,2.0,4.0,2.0,C01
201300014311,0,7,0,0.0,2.0,1.0,2.0,A01
201300014312,0,7,0,0.0,2.0,1.0,0.0,B01
201300014312,0,7,0,0.0,2.0,4.0,0.0,C01
201300014312,0,7,0,0.0,2.0,1.0,0.0,A01
201300014313,0,7,0,0.0,2.0,8.0,19.0,A01
201300014313,0,7,0,0.0,2.0,1.0,1.0,B01
201300014314,0,7,0,0.0,2.0,1.0,2.0,A01
201300014314,0,7,0,0.0,2.0,4.0,2.0,B01
201300014315,0,7,0,0.0,1.0,1.0,1.0,A01
201300014316,1,7,0,0.0,2.0,0.0,0.0,Z01
201300014316,0,33,0,0.0,0.0,0.0,0.0,C01
201300014316,0,7,0,0.0,2.0,5.0,1.0,B01
201300014317,0,30,0,0.0,1.0,2.0,2.0,A01
201300014318,0,7,0,15.0,0.0,1.0,17.0,A01
201300014319,0,7,0,0.0,2.0,1.0,2.0,A01
201300014319,1,7,0,0.0,2.0,4.0,2.0,Z01
201300014320,0,10,0,0.0,1.0,1.0,0.0,A01
201300014321,0,32,0,0.0,2.0,0.0,0.0,B01
201300014321,1,7,0,0.0,2.0,0.0,0.0,Z01
201300014322,0,7,0,0.0,2.0,5.0,1.0,C01
201300014322,0,37,11,1.0,2.0,2.0,1.0,B01
201300014322,1,34,0,0.0,2.0,7.0,12.0,A01
201300014323,0,7,0,0.0,2.0,3.0,0.0,A01
201300014323,0,2,0,0.0,2.0,1.0,1.0,B01
201300014324,0,30,0,0.0,2.0,7.0,1.0,B01
201300014324,0,7,0,0.0,2.0,2.0,15.0,A01
201300014325,0,7,0,1.0,2.0,3.0,0.0,B01
201300014325,0,7,0,0.0,2.0,1.0,0.0,A01
201300014326,0,7,0,0.0,2.0,3.0,1.0,A01
201300014326,0,7,0,0.0,2.0,1.0,15.0,B01
201300014327,0,7,0,0.0,2.0,8.0,9.0,A01
201300014327,0,7,0,0.0,2.0,3.0,2.0,B01
201300014328,0,7,0,0.0,1.0,1.0,16.0,A01
201300014329,0,37,1,0.0,1.0,7.0,1.0,A01
201300014330,0,37,1,0.0,2.0,3.0,1.0,B01
201300014330,0,7,0,0.0,2.0,2.0,9.0,A01
201300014331,0,7,0,0.0,0.0,4.0,2.0,B01
201300014331,0,34,0,0.0,0.0,1.0,2.0,A01
201300014332,1,30,0,0.0,1.0,1.0,5.0,Z01
201300014333,0,30,0,0.0,0.0,7.0,1.0,A01
201300014334,1,7,0,0.0,1.0,1.0,1.0,Z01
201300014335,0,7,0,0.0,2.0,4.0,23.0,B01
201300014336,1,7,0,0.0,2.0,1.0,1.0,Z01
201300014336,0,7,0,0.0,2.0,4.0,0.0,B01
201300014337,0,30,0,0.0,2.0,1.0,1.0,B01
201300014337,1,7,0,0.0,0.0,0.0,0.0,Z01
201300014338,1,7,0,0.0,2.0,1.0,1.0,Z01
201300014338,0,7,0,0.0,2.0,7.0,1.0,B01
201300014339,0,7,0,0.0,0.0,5.0,2.0,B01
201300014339,0,7,0,0.0,2.0,9.0,2.0,A01
201300014339,2,7,0,0.0,4.0,1.0,2.0,Z01
201300014340,0,7,0,0.0,2.0,6.0,1.0,C01
201300014340,1,7,0,0.0,2.0,0.0,0.0,Z01
201300014340,0,7,0,0.0,2.0,3.0,1.0,B01
201300014340,0,7,0,0.0,2.0,6.0,1.0,D01
201300014340,0,7,0,0.0,2.0,8.0,1.0,A01
201300014341,0,7,0,0.0,2.0,4.0,1.0,A01
201300014341,0,7,0,0.0,2.0,1.0,1.0,B01
201300014342,0,7,0,0.0,0.0,4.0,24.0,B01
201300014342,0,7,0,1.0,0.0,1.0,1.0,A01
201300014343,0,30,0,0.0,2.0,8.0,1.0,A01
201300014343,1,10,0,0.0,2.0,7.0,14.0,Z01
201300014344,0,10,0,0.0,1.0,0.0,0.0,A01
201300014345,0,40,0,0.0,2.0,3.0,1.0,B01
201300014345,0,7,0,0.0,4.0,2.0,16.0,A01
201300014346,0,7,0,0.0,2.0,1.0,1.0,B01
201300014346,0,7,0,0.0,2.0,1.0,13.0,A01
201300014347,0,33,0,1.0,2.0,7.0,17.0,A01
201300014347,0,7,0,0.0,2.0,3.0,15.0,B01
201300014348,0,7,0,0.0,2.0,1.0,2.0,A01
201300014348,0,7,0,0.0,0.0,4.0,1.0,B01
201300014349,0,7,0,14.0,0.0,1.0,1.0,A01
201300014350,0,7,0,0.0,0.0,4.0,2.0,B01
201300014350,0,10,0,0.0,0.0,1.0,2.0,A01
201300014351,0,30,0,0.0,0.0,7.0,1.0,A01
201300014352,0,31,0,0.0,2.0,1.0,17.0,B01
201300014352,0,10,0,0.0,2.0,3.0,15.0,A01
201300014353,0,7,0,0.0,2.0,6.0,13.0,B01
201300014353,0,30,0,0.0,2.0,1.0,2.0,A01
201300014354,0,37,1,0.0,1.0,2.0,1.0,A01
201300014355,0,31,0,0.0,2.0,0.0,0.0,A01
201300014356,0,30,0,0.0,2.0,3.0,1.0,B01
201300014356,0,32,0,0.0,2.0,3.0,1.0,A01
201300014357,1,30,0,0.0,1.0,1.0,16.0,Z01
201300014358,0,30,0,0.0,2.0,1.0,1.0,B01
201300014358,0,7,0,1.0,0.0,3.0,10.0,A01
201300014359,0,7,0,0.0,2.0,2.0,2.0,A01
201300014359,0,30,0,0.0,2.0,3.0,2.0,B01
201300014360,0,7,0,0.0,2.0,4.0,2.0,B01
201300014360,0,7,0,0.0,2.0,1.0,2.0,A01
201300014361,0,33,0,6.0,0.0,7.0,1.0,A01
201300014362,0,15,0,0.0,2.0,2.0,2.0,A01
201300014362,0,7,0,0.0,2.0,3.0,0.0,B01
201300014363,1,7,0,0.0,1.0,1.0,0.0,Z01
201300014364,0,7,0,0.0,2.0,3.0,15.0,B01
201300014364,0,32,0,0.0,2.0,7.0,17.0,A01
201300014365,1,99,0,0.0,1.0,0.0,0.0,Z01
201300014366,0,7,0,0.0,2.0,0.0,0.0,A01
201300014366,0,7,0,0.0,2.0,1.0,0.0,B01
201300014367,0,7,0,0.0,1.0,0.0,0.0,A01
201300014368,0,30,0,0.0,1.0,1.0,0.0,A01
201300014369,0,7,0,0.0,0.0,4.0,2.0,B01
201300014369,0,10,0,0.0,2.0,1.0,2.0,A01
201300014370,0,7,0,0.0,2.0,4.0,23.0,B01
201300014370,0,33,0,0.0,2.0,1.0,1.0,A01
201300014371,0,33,0,0.0,2.0,1.0,0.0,A01
201300014371,0,7,0,0.0,2.0,2.0,0.0,B01
201300014372,1,7,0,0.0,2.0,0.0,5.0,Z01
201300014372,0,31,0,0.0,2.0,0.0,1.0,B01
201300014373,1,7,0,0.0,1.0,0.0,1.0,Z01
201300014374,0,7,0,0.0,2.0,8.0,1.0,B01
201300014374,1,7,0,0.0,2.0,1.0,8.0,Z01
201300014375,0,7,0,0.0,1.0,8.0,1.0,A01
201300014376,0,30,0,0.0,2.0,1.0,1.0,B01
201300014376,0,7,0,0.0,2.0,3.0,17.0,A01
201300014377,0,30,0,6.0,2.0,1.0,17.0,B01
201300014377,0,7,0,0.0,2.0,3.0,10.0,A01
201300014378,0,3,0,0.0,2.0,5.0,1.0,B01
201300014378,0,32,0,0.0,2.0,0.0,2.0,A01
201300014379,0,7,0,1.0,0.0,1.0,14.0,A01
201300014380,0,34,0,0.0,2.0,1.0,13.0,A01
201300014380,0,32,0,0.0,2.0,1.0,13.0,B01
201300014381,0,7,0,6.0,0.0,1.0,0.0,A01
201300014382,0,7,0,0.0,1.0,2.0,16.0,A01
201300014383,0,7,0,0.0,2.0,8.0,15.0,A01
201300014383,0,2,0,0.0,2.0,1.0,17.0,B01
201300014384,0,7,0,0.0,1.0,4.0,4.0,A01
201300014385,0,7,0,0.0,2.0,0.0,21.0,B01
201300014385,1,34,0,0.0,2.0,0.0,9.0,Z01
201300014386,1,7,0,0.0,2.0,7.0,23.0,Z01
201300014386,0,33,0,0.0,2.0,1.0,1.0,B01
201300014387,1,7,0,0.0,2.0,1.0,1.0,Z01
201300014387,0,7,0,0.0,2.0,1.0,1.0,B01
201300014388,0,30,0,0.0,2.0,1.0,1.0,B01
201300014388,1,7,0,0.0,2.0,0.0,10.0,Z01
201300014389,1,30,0,0.0,1.0,0.0,2.0,A01
201300014390,1,7,0,0.0,2.0,1.0,1.0,Z01
201300014390,0,31,0,0.0,2.0,0.0,1.0,B01
201300014391,0,7,0,0.0,2.0,3.0,15.0,B01
201300014391,0,33,0,0.0,2.0,3.0,17.0,A01
201300014392,1,31,0,0.0,1.0,1.0,1.0,Z01
201300014393,0,7,0,0.0,2.0,5.0,10.0,A01
201300014393,0,7,0,0.0,2.0,1.0,0.0,B01
201300014394,0,7,0,0.0,2.0,8.0,11.0,A01
201300014394,0,33,0,0.0,2.0,7.0,1.0,B01
201300014395,0,30,0,0.0,2.0,1.0,1.0,B01
201300014395,0,7,0,0.0,2.0,2.0,1.0,A01
201300014396,0,7,0,0.0,2.0,4.0,2.0,B01
201300014396,0,30,0,0.0,2.0,1.0,2.0,A01
201300014397,0,31,0,0.0,2.0,1.0,2.0,A01
201300014397,0,7,0,0.0,2.0,6.0,2.0,B01
201300014398,0,7,0,0.0,0.0,4.0,1.0,C01
201300014398,0,7,0,1.0,2.0,5.0,1.0,B01
201300014398,0,7,0,0.0,2.0,1.0,1.0,A01
201300014399,0,7,0,0.0,0.0,3.0,10.0,A01
201300014399,0,33,0,0.0,2.0,8.0,1.0,B01
201300014400,0,7,0,0.0,1.0,2.0,1.0,A01
201300014401,1,7,0,0.0,1.0,1.0,1.0,Z01
201300014402,0,7,0,0.0,2.0,4.0,1.0,B01
201300014402,0,37,3,0.0,2.0,1.0,1.0,A01
201300014403,0,7,0,0.0,2.0,2.0,16.0,B01
201300014403,0,7,0,0.0,2.0,2.0,2.0,A01
201300014404,0,34,0,0.0,2.0,1.0,13.0,B01
201300014404,0,7,0,0.0,2.0,5.0,13.0,A01
201300014405,0,7,0,0.0,2.0,1.0,1.0,B01
201300014405,0,7,0,0.0,2.0,3.0,1.0,A01
201300014406,0,7,0,0.0,2.0,3.0,2.0,B01
201300014406,0,7,0,0.0,2.0,2.0,2.0,A01
201300014407,0,1,0,0.0,2.0,1.0,1.0,B01
201300014407,0,7,0,0.0,9.0,7.0,11.0,A01
201300014408,0,2,0,0.0,2.0,2.0,1.0,B01
201300014408,0,30,0,0.0,2.0,2.0,15.0,A01
201300014409,0,7,0,0.0,2.0,4.0,1.0,A01
201300014409,1,7,0,0.0,2.0,1.0,1.0,Z01