Num_Acc,senc,catv,occutc,obs,obsm,choc,manv,num_veh
201300014410,1,7,0,0.0,1.0,0.0,1.0,Z01
201300014411,0,7,0,0.0,1.0,7.0,14.0,A01
201300014412,0,1,0,0.0,2.0,1.0,1.0,A01
201300014412,0,7,0,0.0,0.0,4.0,1.0,B01
201300014413,0,37,1,0.0,2.0,1.0,23.0,G02
201300014413,0,7,0,0.0,2.0,4.0,23.0,F02
201300014413,0,7,0,0.0,2.0,1.0,2.0,A01
201300014413,0,7,0,0.0,2.0,4.0,23.0,C01
201300014413,0,7,0,0.0,2.0,4.0,23.0,D01
201300014413,0,7,0,0.0,2.0,4.0,23.0,E01
201300014413,0,7,0,0.0,2.0,4.0,23.0,B01
201300014414,0,2,0,0.0,2.0,1.0,1.0,A01
201300014414,0,7,0,0.0,2.0,0.0,15.0,B01
201300014415,0,34,0,0.0,2.0,1.0,1.0,A01
201300014415,1,15,0,0.0,2.0,0.0,0.0,Z01
201300014416,1,7,0,0.0,1.0,0.0,0.0,A01
201300014417,0,7,0,0.0,2.0,2.0,1.0,A01
201300014417,0,7,0,0.0,2.0,1.0,15.0,B01
201300014418,0,13,0,0.0,2.0,0.0,12.0,A01
201300014418,0,30,0,0.0,2.0,2.0,21.0,B01
201300014419,0,7,0,0.0,1.0,2.0,16.0,A01
201300014420,0,7,0,0.0,2.0,6.0,10.0,A01
201300014420,0,33,0,0.0,2.0,1.0,1.0,B01
201300014421,0,7,0,0.0,2.0,2.0,10.0,A01
201300014421,0,33,0,1.0,2.0,7.0,1.0,B01
201300014422,0,3,0,0.0,2.0,3.0,15.0,B01
201300014422,0,7,0,0.0,2.0,3.0,15.0,A01
201300014423,0,33,0,0.0,2.0,2.0,13.0,A01
201300014423,0,7,0,0.0,2.0,2.0,0.0,B01
201300014424,0,14,0,12.0,2.0,7.0,11.0,A01
201300014425,1,7,0,0.0,1.0,1.0,0.0,Z01
201300014426,1,7,0,0.0,1.0,2.0,16.0,A01
201300014427,0,34,0,0.0,2.0,1.0,1.0,B01
201300014427,0,7,0,0.0,2.0,2.0,1.0,A01
201300014428,0,32,0,0.0,0.0,0.0,0.0,A01
201300014429,0,32,0,0.0,2.0,1.0,1.0,B01
201300014429,1,10,0,0.0,2.0,1.0,19.0,Z01
201300014430,0,7,0,0.0,2.0,3.0,1.0,B01
201300014430,0,7,0,0.0,2.0,2.0,9.0,A01
201300014431,0,7,0,0.0,2.0,1.0,1.0,A01
201300014431,0,10,0,0.0,2.0,4.0,23.0,B01
201300014432,0,3,0,1.0,1.0,1.0,2.0,A01
201300014433,0,33,0,0.0,2.0,0.0,1.0,A01
201300014433,0,7,0,0.0,2.0,0.0,0.0,B01
201300014434,0,30,0,0.0,2.0,2.0,0.0,B01
201300014434,0,7,0,0.0,2.0,3.0,1.0,A01
201300014435,0,34,0,0.0,2.0,7.0,2.0,B01
201300014435,0,7,0,0.0,2.0,8.0,2.0,A01
201300014436,0,7,0,0.0,2.0,4.0,2.0,B01
201300014436,2,7,0,0.0,2.0,1.0,2.0,Z01
201300014437,0,7,0,0.0,2.0,1.0,0.0,B01
201300014437,0,10,0,0.0,2.0,7.0,1.0,A01
201300014438,0,7,0,0.0,0.0,3.0,0.0,A01
201300014438,0,30,0,0.0,0.0,1.0,2.0,B01
201300014439,0,7,0,0.0,2.0,2.0,9.0,B01
201300014439,0,7,0,0.0,2.0,1.0,9.0,A01
201300014440,0,7,0,0.0,2.0,3.0,0.0,A01
201300014440,0,32,0,0.0,2.0,1.0,1.0,B01
201300014441,0,7,0,0.0,2.0,8.0,15.0,A01
201300014441,0,7,0,0.0,2.0,3.0,1.0,B01
201300014442,1,7,0,0.0,1.0,0.0,0.0,Z01
201300014443,0,7,0,0.0,2.0,7.0,12.0,A01
201300014443,0,33,0,0.0,2.0,8.0,18.0,B01
201300014444,0,34,0,0.0,1.0,1.0,17.0,A01
201300014445,0,7,0,8.0,0.0,2.0,0.0,A01
201300014446,0,7,0,0.0,2.0,9.0,1.0,B01
201300014446,1,7,0,0.0,0.0,,,Z01
201300014446,0,7,0,0.0,2.0,5.0,1.0,C01
201300014447,0,7,0,0.0,2.0,1.0,15.0,A01
201300014447,0,32,0,0.0,0.0,7.0,17.0,B01
201300014448,0,10,0,0.0,0.0,1.0,0.0,A01
201300014449,0,7,0,0.0,2.0,6.0,2.0,B01
201300014449,0,7,0,0.0,2.0,2.0,2.0,A01
201300014450,0,37,0,0.0,1.0,5.0,0.0,A01
201300014451,0,32,0,0.0,0.0,4.0,2.0,A01
201300014452,0,1,0,0.0,2.0,1.0,9.0,A01
201300014452,0,7,0,0.0,2.0,2.0,1.0,B01
201300014453,0,33,0,0.0,2.0,1.0,1.0,B01
201300014453,0,7,0,0.0,2.0,8.0,10.0,A01
201300014454,0,7,0,0.0,2.0,2.0,1.0,B01
201300014454,0,7,0,0.0,2.0,1.0,16.0,A01
201300014455,1,32,0,0.0,1.0,0.0,0.0,Z01
201300014456,0,7,0,0.0,0.0,4.0,23.0,B01
201300014456,0,2,0,0.0,0.0,1.0,2.0,A01
201300014457,0,10,0,8.0,2.0,1.0,0.0,A01
201300014457,0,7,0,0.0,2.0,7.0,2.0,B01
201300014458,0,7,0,0.0,2.0,4.0,6.0,A01
201300014458,0,7,0,0.0,2.0,2.0,1.0,B01
201300014459,0,33,0,0.0,2.0,1.0,0.0,A01
201300014459,0,7,0,0.0,2.0,4.0,2.0,B01
201300014460,0,7,0,0.0,0.0,0.0,15.0,A01
201300014460,0,33,0,0.0,2.0,0.0,21.0,B01
201300014461,0,2,0,1.0,0.0,1.0,1.0,A01
201300014462,0,1,0,1.0,0.0,1.0,1.0,B01
201300014462,0,7,0,0.0,2.0,8.0,24.0,A01
201300014463,0,7,0,0.0,0.0,2.0,0.0,A01
201300014463,0,34,0,0.0,2.0,1.0,0.0,B01
201300014464,0,7,0,8.0,0.0,1.0,1.0,A01
201300014465,0,33,0,0.0,2.0,1.0,2.0,A01
201300014465,0,7,0,0.0,2.0,4.0,2.0,B01
201300014466,0,33,0,0.0,2.0,3.0,1.0,B01
201300014466,0,7,0,0.0,2.0,3.0,2.0,A01
201300014467,0,7,0,0.0,1.0,1.0,1.0,A01
201300014468,0,7,0,0.0,1.0,4.0,2.0,A01
201300014469,0,7,0,0.0,1.0,3.0,4.0,A01
201300014470,0,7,0,0.0,2.0,0.0,0.0,A01
201300014470,0,7,0,0.0,2.0,2.0,0.0,B01
201300014471,0,34,0,0.0,2.0,7.0,2.0,B01
201300014471,0,7,0,0.0,2.0,6.0,9.0,A01
201300014472,1,7,0,0.0,1.0,2.0,1.0,Z01
201300014473,0,7,0,0.0,2.0,7.0,1.0,B01
201300014473,0,7,0,0.0,2.0,3.0,13.0,A01
201300014474,0,33,0,0.0,0.0,7.0,21.0,A01
201300014475,1,7,0,0.0,1.0,0.0,0.0,Z01
201300014476,0,32,0,0.0,2.0,1.0,1.0,B01
201300014476,0,7,0,0.0,2.0,3.0,15.0,A01
201300014477,0,7,0,0.0,1.0,8.0,0.0,A01
201300014478,0,2,0,0.0,4.0,1.0,10.0,A01
201300014478,0,40,0,0.0,2.0,3.0,0.0,T01
201300014479,0,34,0,0.0,2.0,3.0,2.0,A01
201300014479,0,30,0,0.0,2.0,5.0,0.0,B01
201300014480,0,7,0,0.0,2.0,4.0,1.0,B01
201300014480,0,7,0,0.0,2.0,1.0,1.0,A01
201300014481,0,7,0,0.0,2.0,8.0,15.0,B01
201300014481,0,30,0,0.0,2.0,7.0,17.0,A01
201300014482,0,31,0,0.0,2.0,2.0,12.0,A01
201300014482,0,7,0,0.0,2.0,6.0,1.0,B01
201300014483,0,33,0,0.0,2.0,0.0,1.0,B01
201300014483,0,7,0,0.0,2.0,1.0,15.0,A01
201300014484,0,7,0,0.0,2.0,4.0,1.0,A01
201300014484,1,7,0,0.0,2.0,1.0,1.0,Z01
201300014485,0,7,0,0.0,2.0,7.0,16.0,A01
201300014485,0,7,0,0.0,2.0,3.0,2.0,B01
201300014486,0,7,0,1.0,2.0,1.0,2.0,B01
201300014486,0,7,0,0.0,2.0,3.0,2.0,C01
201300014486,0,7,0,0.0,2.0,6.0,21.0,A01
201300014487,1,7,0,0.0,2.0,0.0,0.0,Z01
201300014487,0,7,0,0.0,2.0,4.0,22.0,B01
201300014488,0,30,0,0.0,2.0,1.0,17.0,A01
201300014488,0,7,0,0.0,2.0,3.0,15.0,B01
201300014489,1,99,0,0.0,1.0,0.0,0.0,Z01
201300014490,0,7,0,0.0,2.0,7.0,1.0,B01
201300014490,0,2,0,0.0,2.0,1.0,16.0,A01
201300014491,0,7,0,6.0,0.0,1.0,0.0,A01
201300014492,0,37,1,0.0,1.0,0.0,0.0,A01
201300014493,0,32,0,0.0,1.0,1.0,1.0,A01
201300014494,0,7,0,0.0,0.0,5.0,2.0,B01
201300014494,0,30,0,0.0,0.0,1.0,2.0,A01
201300014495,0,40,0,0.0,2.0,1.0,2.0,B01
201300014495,0,7,0,8.0,1.0,7.0,2.0,A01
201300014496,0,7,0,0.0,1.0,4.0,0.0,A01
201300014497,0,1,0,0.0,0.0,1.0,2.0,B01
201300014497,0,7,0,0.0,0.0,0.0,24.0,A01
201300014498,0,7,0,0.0,2.0,2.0,1.0,B01
201300014498,0,7,0,0.0,2.0,8.0,11.0,A01
201300014499,0,30,0,0.0,2.0,1.0,2.0,B01
201300014499,0,7,0,0.0,2.0,3.0,19.0,A01
201300014500,1,7,0,0.0,2.0,0.0,0.0,Z01
201300014500,0,2,0,0.0,0.0,4.0,11.0,A01
201300014501,0,30,0,0.0,0.0,0.0,0.0,A01
201300014502,0,7,0,0.0,1.0,1.0,1.0,A01
201300014503,1,10,0,0.0,2.0,0.0,0.0,Z01
201300014503,0,2,0,0.0,2.0,0.0,13.0,B01
201300014504,1,7,0,0.0,1.0,0.0,1.0,Z01
201300014505,1,99,0,0.0,1.0,1.0,0.0,Z01
201300014506,0,7,0,0.0,2.0,3.0,13.0,A01
201300014506,0,7,0,1.0,2.0,9.0,1.0,B01
201300014507,0,30,0,0.0,4.0,4.0,23.0,B01
201300014507,0,7,0,0.0,2.0,1.0,1.0,C01
201300014507,1,7,0,0.0,2.0,0.0,0.0,Z01
201300014508,0,34,0,0.0,2.0,4.0,11.0,B01
201300014508,0,7,0,0.0,2.0,2.0,1.0,A01
201300014509,0,34,0,0.0,1.0,1.0,1.0,A01
201300014510,0,33,0,0.0,9.0,0.0,3.0,B01
201300014510,0,7,0,0.0,9.0,3.0,0.0,A01
201300014511,0,33,0,0.0,0.0,0.0,0.0,B01
201300014511,0,7,0,0.0,0.0,1.0,9.0,A01
201300014512,1,7,0,0.0,1.0,0.0,0.0,Z01
201300014513,1,7,0,0.0,2.0,7.0,18.0,Z01
201300014513,0,7,0,0.0,2.0,8.0,2.0,A01
201300014514,0,33,0,0.0,2.0,1.0,17.0,B01
201300014514,0,7,0,0.0,2.0,3.0,15.0,A01
201300014515,0,7,0,0.0,2.0,1.0,2.0,A01
201300014515,0,7,0,0.0,2.0,4.0,2.0,B01
201300014516,0,1,0,9.0,0.0,0.0,1.0,A01
201300014517,1,2,0,0.0,1.0,1.0,1.0,Z01
201300014518,0,7,0,0.0,1.0,6.0,2.0,A01
201300014519,0,7,0,0.0,2.0,8.0,10.0,A01
201300014519,0,30,0,0.0,2.0,1.0,1.0,B01
201300014520,1,7,0,0.0,1.0,1.0,16.0,Z01
201300014521,0,7,0,0.0,2.0,2.0,10.0,A01
201300014521,0,33,0,0.0,2.0,8.0,0.0,B01
201300014522,0,7,0,0.0,2.0,4.0,1.0,B01
201300014522,0,33,0,0.0,2.0,1.0,2.0,A01
201300014523,0,7,0,0.0,2.0,1.0,1.0,B01
201300014523,0,7,0,0.0,2.0,1.0,1.0,A01
201300014523,0,7,0,0.0,2.0,4.0,1.0,C01
201300014524,0,7,0,0.0,0.0,2.0,1.0,B01
201300014524,0,10,0,0.0,0.0,3.0,9.0,A01
201300014525,0,7,0,0.0,1.0,1.0,2.0,A01
201300014526,0,7,0,0.0,2.0,8.0,1.0,B01
201300014526,0,7,0,0.0,2.0,1.0,1.0,A01
201300014527,0,7,0,0.0,2.0,1.0,2.0,A01
201300014527,0,7,0,0.0,1.0,4.0,2.0,B01
201300014528,0,7,0,9.0,0.0,1.0,1.0,A01
201300014529,0,7,0,0.0,0.0,9.0,2.0,A01
201300014530,0,7,0,0.0,2.0,3.0,9.0,A01
201300014530,0,31,0,0.0,2.0,3.0,1.0,B01
201300014531,0,7,0,0.0,2.0,8.0,11.0,A01
201300014531,0,10,0,0.0,2.0,2.0,1.0,B01
201300014532,0,7,0,0.0,1.0,8.0,1.0,A01
201300014533,0,7,0,1.0,0.0,4.0,1.0,B01
201300014533,0,30,0,0.0,2.0,1.0,1.0,A01
201300014534,1,7,0,0.0,1.0,1.0,1.0,Z01
201300014535,1,7,0,0.0,2.0,0.0,2.0,Z01
201300014535,0,2,0,0.0,2.0,2.0,1.0,A01
201300014536,0,7,0,0.0,2.0,1.0,1.0,B01
201300014536,1,7,0,0.0,2.0,4.0,4.0,Z01
201300014537,0,7,0,0.0,2.0,2.0,1.0,B01
201300014537,1,7,0,0.0,2.0,1.0,9.0,Z01
201300014538,0,7,0,0.0,2.0,8.0,15.0,B01
201300014538,2,7,0,1.0,2.0,2.0,17.0,A01
201300014539,1,7,0,1.0,0.0,2.0,14.0,Z01
201300014539,0,10,0,0.0,2.0,4.0,24.0,C01
201300014539,0,7,0,0.0,2.0,6.0,24.0,B01
201300014540,0,14,0,0.0,2.0,1.0,2.0,A01
201300014540,0,10,0,0.0,2.0,4.0,2.0,B01
201300014541,0,7,0,0.0,0.0,3.0,15.0,B01
201300014541,0,32,0,0.0,2.0,1.0,17.0,A01
201300014542,0,7,0,0.0,2.0,2.0,1.0,A01
201300014542,0,7,0,0.0,0.0,6.0,0.0,B01
201300014543,0,7,0,0.0,2.0,1.0,2.0,B01
201300014543,0,7,0,0.0,2.0,1.0,13.0,A01
201300014544,1,7,0,0.0,1.0,0.0,21.0,Z01
201300014545,0,33,0,0.0,2.0,2.0,17.0,B01
201300014545,0,7,0,0.0,2.0,3.0,10.0,A01
201300014546,0,7,0,0.0,1.0,2.0,0.0,A01
201300014547,1,7,0,0.0,0.0,0.0,0.0,Z01
201300014547,0,7,0,0.0,2.0,9.0,1.0,A01
201300014547,0,7,0,0.0,2.0,9.0,1.0,B01
201300014548,0,33,0,0.0,2.0,2.0,1.0,A01
201300014548,0,7,0,0.0,2.0,3.0,9.0,B01
201300014549,0,7,0,0.0,2.0,2.0,1.0,A01
201300014549,0,30,0,0.0,2.0,1.0,1.0,B01
201300014550,0,7,0,0.0,1.0,0.0,9.0,A01
201300014551,0,1,0,0.0,2.0,2.0,0.0,B01
201300014551,0,7,0,0.0,9.0,0.0,6.0,A01
201300014552,0,7,0,0.0,2.0,3.0,1.0,A01
201300014552,0,3,0,0.0,2.0,6.0,19.0,B01
201300014553,0,7,0,0.0,0.0,7.0,0.0,B01
201300014553,0,7,0,0.0,1.0,3.0,0.0,A01
201300014554,0,7,0,0.0,2.0,3.0,1.0,B01
201300014554,0,7,0,0.0,2.0,2.0,9.0,A01
201300014555,0,7,0,0.0,2.0,5.0,16.0,B01
201300014555,0,7,0,0.0,2.0,3.0,16.0,A01
201300014556,0,7,0,0.0,0.0,1.0,0.0,A01
201300014556,0,30,0,0.0,0.0,6.0,0.0,B01
201300014557,1,30,0,0.0,1.0,2.0,1.0,A01
201300014558,0,2,0,0.0,0.0,0.0,0.0,A01
201300014559,0,33,0,0.0,2.0,1.0,1.0,A01
201300014559,0,7,0,0.0,2.0,7.0,15.0,B01
201300014560,0,7,0,0.0,2.0,3.0,9.0,A01
201300014560,0,34,0,0.0,2.0,1.0,3.0,B01
201300014561,0,7,0,8.0,0.0,8.0,0.0,A01
201300014562,0,7,0,0.0,2.0,2.0,1.0,A01
201300014562,0,7,0,0.0,2.0,1.0,0.0,B01
201300014563,0,7,0,0.0,2.0,1.0,1.0,C01
201300014563,0,7,0,0.0,2.0,2.0,19.0,A01
201300014563,0,7,0,0.0,2.0,1.0,1.0,B01
201300014564,0,10,0,0.0,2.0,4.0,14.0,A01
201300014564,0,32,0,0.0,2.0,8.0,1.0,B01
201300014565,0,7,0,0.0,1.0,1.0,1.0,A01
201300014566,0,7,0,0.0,2.0,3.0,15.0,A01
201300014566,0,32,0,0.0,2.0,1.0,1.0,B01
201300014567,0,7,0,0.0,2.0,3.0,16.0,B01
201300014567,0,7,0,0.0,2.0,2.0,15.0,A01
201300014568,0,31,0,0.0,0.0,1.0,1.0,B01
201300014568,0,7,0,0.0,0.0,1.0,23.0,A01
201300014569,0,7,0,13.0,0.0,1.0,1.0,A01
201300014570,0,7,0,0.0,2.0,3.0,2.0,B01
201300014570,0,7,0,0.0,2.0,2.0,2.0,A01
201300014570,0,7,0,0.0,2.0,4.0,15.0,C01
201300014570,0,7,0,0.0,0.0,6.0,1.0,D01
201300014571,0,7,0,1.0,0.0,3.0,1.0,A01
201300014572,0,7,0,0.0,2.0,2.0,0.0,A01
201300014572,0,7,0,0.0,2.0,2.0,0.0,B01
201300014573,0,7,0,0.0,2.0,3.0,15.0,A01
201300014573,0,7,0,0.0,2.0,1.0,1.0,B01
201300014574,0,33,0,0.0,2.0,1.0,1.0,B01
201300014574,0,7,0,0.0,2.0,6.0,1.0,A01
201300014575,0,32,0,0.0,0.0,0.0,2.0,B01
201300014575,0,7,0,0.0,9.0,3.0,2.0,A01
201300014576,0,7,0,0.0,2.0,1.0,1.0,A01
201300014576,0,7,0,1.0,2.0,5.0,1.0,B01
201300014577,0,33,0,0.0,2.0,1.0,1.0,B01
201300014577,0,7,0,0.0,2.0,2.0,16.0,A01
201300014578,1,99,0,0.0,1.0,2.0,0.0,A01
201300014579,0,10,0,14.0,0.0,2.0,0.0,A01
201300014580,0,7,0,0.0,2.0,3.0,10.0,A01
201300014580,0,34,0,0.0,2.0,1.0,1.0,B01
201300014581,0,7,0,1.0,1.0,7.0,0.0,A01
201300014582,0,7,0,0.0,2.0,9.0,1.0,B01
201300014582,0,14,0,0.0,2.0,1.0,1.0,A01
201300014582,0,13,0,0.0,2.0,4.0,0.0,C01
201300014583,0,7,0,0.0,2.0,7.0,15.0,B01
201300014583,0,33,0,0.0,2.0,1.0,8.0,A01
201300014584,0,30,0,0.0,0.0,0.0,0.0,A01
201300014585,1,7,0,0.0,1.0,0.0,1.0,Z01
201300014586,0,7,0,0.0,2.0,8.0,11.0,A01
201300014586,0,34,0,0.0,2.0,2.0,1.0,B01
201300014587,0,34,0,0.0,2.0,7.0,1.0,B01
201300014587,0,7,0,0.0,2.0,3.0,19.0,A01
201300014588,0,13,0,0.0,2.0,1.0,1.0,B01
201300014588,0,7,0,0.0,2.0,4.0,1.0,A01
201300014589,0,7,0,0.0,2.0,4.0,23.0,B01
201300014589,1,7,0,0.0,2.0,1.0,2.0,Z01
201300014590,1,7,0,0.0,2.0,1.0,2.0,Z01
201300014590,0,7,0,0.0,2.0,4.0,22.0,B01
201300014591,0,7,0,0.0,1.0,8.0,1.0,A01
201300014592,0,32,0,1.0,0.0,1.0,1.0,A01
201300014593,0,7,0,0.0,1.0,0.0,0.0,A01
201300014594,0,7,0,0.0,9.0,8.0,0.0,A01
201300014594,0,17,0,0.0,2.0,2.0,0.0,B01
201300014595,0,2,0,0.0,0.0,1.0,0.0,A01
201300014595,0,7,0,0.0,0.0,4.0,0.0,B01
201300014596,0,10,0,0.0,2.0,0.0,15.0,A01
201300014596,0,33,0,0.0,0.0,0.0,1.0,B01
201300014597,0,10,0,0.0,2.0,3.0,11.0,B01
201300014597,0,33,0,0.0,2.0,1.0,1.0,A01
201300014598,0,30,0,6.0,0.0,1.0,1.0,A01
201300014599,0,7,0,2.0,0.0,1.0,1.0,A01
201300014600,1,7,0,0.0,0.0,1.0,1.0,A01
201300014601,0,7,0,0.0,1.0,0.0,0.0,A01
201300014602,0,7,0,0.0,2.0,0.0,9.0,A01
201300014602,0,2,0,0.0,2.0,0.0,1.0,B01
201300014603,1,7,0,0.0,2.0,1.0,5.0,Z01
201300014603,0,7,0,0.0,2.0,1.0,1.0,B01
201300014604,0,7,0,0.0,2.0,8.0,15.0,B01
201300014604,0,34,0,6.0,2.0,1.0,17.0,A01
201300014605,0,7,0,0.0,2.0,3.0,2.0,A01
201300014605,0,7,0,1.0,2.0,8.0,1.0,B01
201300014606,0,7,0,0.0,0.0,0.0,15.0,A01
201300014606,0,2,0,8.0,0.0,1.0,2.0,B01
201300014607,0,7,0,0.0,1.0,1.0,0.0,A01
201300014608,0,34,0,1.0,0.0,3.0,18.0,A01
201300014608,0,7,0,0.0,2.0,5.0,22.0,B01
201300014609,0,33,0,12.0,0.0,2.0,0.0,A01
201300014610,0,7,0,0.0,2.0,4.0,0.0,B01
201300014610,0,7,0,0.0,2.0,1.0,1.0,A01
201300014611,0,37,1,0.0,1.0,7.0,1.0,A01
201300014612,0,30,0,0.0,0.0,7.0,17.0,B01
201300014612,0,7,0,0.0,0.0,8.0,15.0,A01
201300014613,1,7,0,0.0,1.0,0.0,0.0,Z01
201300014614,1,7,0,0.0,1.0,1.0,1.0,Z01
201300014615,0,30,0,0.0,2.0,1.0,1.0,B01
201300014615,0,7,0,0.0,2.0,3.0,17.0,A01
201300014616,0,30,0,0.0,2.0,8.0,17.0,A01
201300014616,0,7,0,0.0,2.0,8.0,1.0,B01
201300014617,0,7,0,0.0,0.0,0.0,15.0,A01
201300014617,0,31,0,0.0,2.0,8.0,21.0,B01
201300014618,0,7,0,0.0,2.0,1.0,1.0,A01
201300014618,0,7,0,0.0,2.0,7.0,1.0,B01
201300014619,0,7,0,0.0,2.0,6.0,2.0,B01
201300014619,0,7,0,0.0,0.0,1.0,2.0,A01
201300014620,1,7,0,0.0,1.0,0.0,0.0,Z01
201300014621,0,7,0,0.0,1.0,2.0,1.0,A01
201300014622,0,7,0,0.0,0.0,0.0,15.0,A01
201300014622,0,32,0,0.0,0.0,0.0,1.0,B01
201300014623,1,33,0,0.0,1.0,1.0,1.0,Z01
201300014624,0,7,0,0.0,2.0,1.0,1.0,B01
201300014624,2,7,0,0.0,2.0,1.0,0.0,A01
201300014625,0,7,0,0.0,2.0,4.0,0.0,B01
201300014625,0,7,0,0.0,2.0,1.0,0.0,A01
201300014626,0,7,0,0.0,0.0,8.0,1.0,B01
201300014626,0,32,0,0.0,0.0,7.0,12.0,A01
201300014627,0,32,0,1.0,2.0,1.0,1.0,B01
201300014627,0,7,0,0.0,2.0,7.0,15.0,A01
201300014628,0,7,0,0.0,2.0,1.0,2.0,A01
201300014628,0,7,0,0.0,2.0,4.0,2.0,B01
201300014629,0,30,0,0.0,0.0,0.0,1.0,A01
201300014630,0,7,0,0.0,2.0,3.0,5.0,A01
201300014630,0,7,0,0.0,2.0,2.0,5.0,B01
201300014631,2,7,0,0.0,0.0,1.0,1.0,Z01
201300014631,0,7,0,0.0,0.0,6.0,2.0,B01
201300014632,0,1,0,0.0,2.0,8.0,13.0,A01
201300014632,0,7,0,0.0,2.0,5.0,17.0,B01
201300014633,0,2,0,16.0,0.0,7.0,1.0,A01
201300014634,0,7,0,0.0,1.0,4.0,20.0,A01
201300014635,0,33,0,0.0,0.0,7.0,0.0,A01
201300014636,0,30,0,0.0,2.0,2.0,0.0,A01
201300014636,0,7,0,0.0,2.0,3.0,0.0,B01
201300014637,0,7,0,0.0,2.0,2.0,10.0,A01
201300014637,0,2,0,0.0,0.0,1.0,0.0,B01
201300014638,0,7,0,0.0,2.0,1.0,21.0,A01
201300014638,0,7,0,0.0,2.0,1.0,1.0,B01
201300014639,0,32,0,0.0,2.0,1.0,1.0,B01
201300014639,0,7,0,0.0,2.0,2.0,11.0,A01
201300014640,0,7,0,0.0,2.0,2.0,1.0,B01
201300014640,0,7,0,0.0,0.0,3.0,9.0,A01
201300014641,0,7,0,0.0,1.0,3.0,15.0,A01
201300014642,0,10,0,0.0,2.0,1.0,3.0,B01
201300014642,0,7,0,0.0,0.0,7.0,5.0,A01
201300014643,0,34,0,0.0,2.0,1.0,1.0,B01
201300014643,0,7,0,0.0,2.0,6.0,0.0,A01
201300014644,0,2,0,0.0,0.0,0.0,2.0,A01
201300014645,0,32,0,0.0,2.0,1.0,19.0,A01
201300014645,0,15,0,0.0,2.0,2.0,16.0,B01
201300014646,1,7,0,0.0,2.0,1.0,1.0,Z01
201300014646,0,31,0,0.0,2.0,8.0,1.0,B01
201300014647,0,7,0,0.0,2.0,2.0,1.0,A01
201300014647,0,7,0,0.0,2.0,3.0,16.0,B01
201300014648,0,33,0,0.0,2.0,1.0,1.0,B01
201300014648,0,7,0,0.0,2.0,5.0,1.0,A01
201300014649,0,10,0,0.0,9.0,1.0,15.0,A01
201300014649,0,34,0,0.0,0.0,1.0,2.0,B01
201300014650,0,7,0,0.0,2.0,3.0,19.0,B01
201300014650,0,33,0,0.0,2.0,1.0,21.0,A01
201300014651,0,30,0,0.0,2.0,7.0,1.0,A01
201300014651,1,7,0,0.0,2.0,8.0,10.0,Z01
201300014652,0,7,0,0.0,2.0,0.0,0.0,A01
201300014652,0,7,0,0.0,2.0,0.0,0.0,Z01
201300014653,0,7,0,0.0,2.0,6.0,15.0,B01
201300014653,0,7,0,0.0,2.0,2.0,16.0,A01
201300014654,0,7,0,0.0,2.0,2.0,1.0,A01
201300014654,0,33,0,0.0,2.0,1.0,1.0,B01
201300014655,0,31,0,0.0,2.0,1.0,2.0,A01
201300014655,0,7,0,0.0,2.0,4.0,2.0,B01
201300014656,0,7,0,0.0,2.0,8.0,23.0,B01
201300014656,0,7,0,0.0,2.0,1.0,16.0,A01
201300014656,0,7,0,0.0,2.0,3.0,23.0,C01
201300014657,0,10,0,0.0,2.0,8.0,11.0,A01
201300014657,0,34,0,0.0,2.0,2.0,1.0,B01
201300014658,0,30,0,0.0,2.0,1.0,1.0,B01
201300014658,0,7,0,0.0,2.0,3.0,0.0,A01
201300014659,0,1,0,0.0,2.0,1.0,19.0,A01
201300014659,0,32,0,0.0,9.0,1.0,1.0,B01
201300014660,0,30,0,0.0,1.0,1.0,1.0,A01
201300014661,0,33,0,0.0,1.0,1.0,21.0,A01
201300014662,0,33,0,0.0,2.0,1.0,15.0,B01
201300014662,0,7,0,0.0,2.0,8.0,9.0,A01
201300014663,0,7,0,0.0,1.0,1.0,1.0,A01
201300014664,0,7,0,0.0,2.0,7.0,21.0,C01
201300014664,0,7,0,1.0,0.0,1.0,0.0,A01
201300014665,0,7,0,0.0,0.0,0.0,0.0,A01
201300014665,0,7,0,0.0,0.0,1.0,0.0,B01
201300014666,0,7,0,0.0,1.0,1.0,0.0,A01
201300014667,0,37,20,0.0,2.0,2.0,16.0,A01
201300014667,0,7,0,0.0,2.0,8.0,1.0,B01
201300014668,0,7,0,0.0,2.0,2.0,16.0,A01
201300014668,0,30,0,0.0,2.0,5.0,15.0,B01
201300014669,0,7,0,0.0,0.0,0.0,20.0,A01
201300014669,0,33,0,0.0,2.0,0.0,1.0,B01
201300014670,0,32,0,0.0,2.0,7.0,17.0,B01
201300014670,0,7,0,0.0,2.0,3.0,21.0,A01
201300014671,0,7,0,0.0,1.0,0.0,15.0,A01
201300014672,0,7,0,0.0,2.0,5.0,2.0,B01
201300014672,0,30,0,0.0,2.0,5.0,2.0,A01
201300014673,0,33,0,0.0,0.0,1.0,2.0,A01
201300014673,0,7,0,0.0,0.0,5.0,2.0,B01
201300014674,0,32,0,0.0,2.0,2.0,0.0,B01
201300014674,0,7,0,0.0,2.0,1.0,15.0,A01
201300014675,0,7,0,0.0,2.0,3.0,0.0,A01
201300014675,0,7,0,0.0,2.0,5.0,0.0,B01
201300014676,0,32,0,0.0,0.0,4.0,2.0,B01
201300014676,0,7,0,0.0,2.0,1.0,2.0,A01