Num_Acc,senc,catv,occutc,obs,obsm,choc,manv,num_veh
201300014677,0,7,0,0.0,2.0,1.0,15.0,A01
201300014677,0,7,0,0.0,2.0,1.0,1.0,B01
201300014678,0,30,0,0.0,2.0,2.0,21.0,B01
201300014678,0,7,0,0.0,2.0,2.0,9.0,A01
201300014679,0,7,0,0.0,2.0,1.0,15.0,A01
201300014679,0,30,0,0.0,2.0,1.0,1.0,B01
201300014680,0,7,0,0.0,1.0,1.0,0.0,A01
201300014681,0,7,0,0.0,1.0,2.0,15.0,A01
201300014682,0,7,0,0.0,0.0,1.0,16.0,B01
201300014682,0,1,0,0.0,0.0,1.0,1.0,A01
201300014683,0,33,0,1.0,0.0,1.0,0.0,A01
201300014684,0,7,0,0.0,0.0,7.0,1.0,B01
201300014684,0,7,0,0.0,0.0,1.0,16.0,A01
201300014685,0,7,0,0.0,2.0,1.0,0.0,B01
201300014685,0,7,0,12.0,0.0,9.0,0.0,A01
201300014686,0,7,0,0.0,2.0,1.0,15.0,A01
201300014686,0,33,0,0.0,2.0,1.0,1.0,B01
201300014687,0,10,0,0.0,2.0,3.0,15.0,A01
201300014687,0,32,0,0.0,2.0,1.0,17.0,B01
201300014688,0,33,0,0.0,0.0,0.0,0.0,A01
201300014689,0,7,0,0.0,2.0,4.0,1.0,B01
201300014689,0,7,0,0.0,2.0,1.0,2.0,A01
201300014690,0,7,0,0.0,1.0,2.0,1.0,A01
201300014691,0,7,0,0.0,2.0,4.0,13.0,B01
201300014691,0,31,0,0.0,2.0,1.0,0.0,A01
201300014692,0,7,0,0.0,0.0,0.0,0.0,B01
201300014692,0,2,0,0.0,0.0,0.0,0.0,A01
201300014693,0,7,0,0.0,2.0,6.0,10.0,B01
201300014693,0,33,0,0.0,2.0,1.0,5.0,A01
201300014694,0,7,0,0.0,1.0,1.0,1.0,A01
201300014695,0,7,0,0.0,2.0,1.0,5.0,A01
201300014695,0,7,0,0.0,2.0,1.0,1.0,B01
201300014696,0,33,0,12.0,0.0,7.0,21.0,A01
201300014697,0,7,0,0.0,2.0,1.0,15.0,A01
201300014697,0,7,0,6.0,2.0,7.0,1.0,B01
201300014698,0,7,0,0.0,0.0,6.0,9.0,A01
201300014698,0,7,0,0.0,2.0,3.0,1.0,B01
201300014699,1,99,0,0.0,1.0,0.0,0.0,Z01
201300014700,0,30,0,3.0,0.0,1.0,1.0,A01
201300014701,0,7,0,0.0,2.0,1.0,1.0,B01
201300014701,0,7,0,0.0,2.0,1.0,13.0,A01
201300014702,0,7,0,0.0,1.0,6.0,4.0,A01
201300014703,1,7,0,0.0,2.0,1.0,0.0,Z01
201300014703,0,10,0,0.0,2.0,4.0,0.0,B01
201300014703,0,7,0,0.0,2.0,0.0,0.0,A01
201300014704,0,32,0,0.0,2.0,4.0,2.0,B01
201300014704,0,7,0,0.0,2.0,1.0,2.0,A01
201300014704,0,7,0,0.0,2.0,4.0,2.0,C01
201300014705,0,7,0,0.0,2.0,1.0,1.0,C01
201300014705,0,15,0,0.0,2.0,3.0,1.0,B01
201300014705,0,7,0,0.0,2.0,3.0,5.0,A01
201300014706,0,7,0,0.0,2.0,1.0,3.0,A01
201300014706,0,30,0,0.0,2.0,8.0,0.0,B01
201300014707,0,34,0,0.0,2.0,1.0,1.0,B01
201300014707,1,7,0,0.0,0.0,4.0,23.0,Z01
201300014708,0,33,0,0.0,1.0,2.0,2.0,A01
201300014709,0,7,0,0.0,2.0,3.0,2.0,A01
201300014709,0,7,0,0.0,2.0,2.0,2.0,B01
201300014710,0,2,0,0.0,1.0,2.0,1.0,A01
201300014711,0,7,0,0.0,2.0,1.0,9.0,A01
201300014711,0,33,0,0.0,2.0,2.0,1.0,B01
201300014712,0,2,0,0.0,2.0,3.0,7.0,A01
201300014712,0,7,0,0.0,2.0,2.0,20.0,B01
201300014713,0,7,0,0.0,2.0,3.0,21.0,A01
201300014713,0,7,0,0.0,2.0,9.0,1.0,B01
201300014713,0,7,0,0.0,0.0,6.0,0.0,C01
201300014714,0,7,0,0.0,0.0,2.0,2.0,A01
201300014714,0,7,0,0.0,9.0,4.0,2.0,B01
201300014715,0,30,0,0.0,0.0,4.0,2.0,B01
201300014715,0,7,0,0.0,0.0,1.0,2.0,A01
201300014716,0,7,0,0.0,2.0,4.0,2.0,B01
201300014716,0,7,0,0.0,2.0,1.0,2.0,A01
201300014717,0,30,0,6.0,0.0,1.0,15.0,A01
201300014718,0,7,0,0.0,2.0,5.0,1.0,B01
201300014718,1,10,0,0.0,2.0,0.0,22.0,C01
201300014718,0,32,0,0.0,2.0,1.0,1.0,A01
201300014719,0,30,0,0.0,1.0,1.0,0.0,A01
201300014720,0,30,0,0.0,2.0,7.0,17.0,B01
201300014720,0,7,0,0.0,2.0,8.0,15.0,A01
201300014721,0,7,0,0.0,2.0,1.0,1.0,B01
201300014721,0,7,0,0.0,2.0,1.0,21.0,A01
201300014722,0,34,0,0.0,2.0,1.0,1.0,B01
201300014722,0,34,0,0.0,2.0,3.0,1.0,A01
201300014723,0,7,0,0.0,2.0,1.0,1.0,B01
201300014723,0,7,0,15.0,2.0,2.0,15.0,A01
201300014724,0,32,0,0.0,2.0,1.0,1.0,B01
201300014724,0,7,0,0.0,2.0,3.0,9.0,A01
201300014725,0,2,0,1.0,0.0,1.0,1.0,A01
201300014726,0,30,0,0.0,2.0,4.0,15.0,B01
201300014726,0,7,0,0.0,2.0,1.0,1.0,A01
201300014727,0,33,0,0.0,2.0,8.0,2.0,A01
201300014727,1,34,0,0.0,2.0,1.0,2.0,Z01
201300014728,0,31,0,0.0,0.0,8.0,1.0,A01
201300014729,1,7,0,0.0,1.0,0.0,0.0,Z01
201300014730,0,15,0,0.0,1.0,0.0,0.0,A01
201300014731,0,7,0,0.0,1.0,1.0,1.0,A01
201300014732,0,33,0,0.0,2.0,7.0,16.0,B01
201300014732,0,7,0,0.0,2.0,3.0,9.0,A01
201300014733,0,7,0,0.0,2.0,1.0,2.0,B01
201300014733,0,32,0,0.0,2.0,1.0,0.0,A01
201300014734,0,7,0,0.0,2.0,7.0,15.0,A01
201300014734,0,7,0,0.0,2.0,1.0,2.0,B01
201300014735,0,2,0,0.0,2.0,1.0,2.0,A01
201300014735,0,7,0,0.0,2.0,2.0,0.0,B01
201300014736,0,7,0,0.0,2.0,2.0,21.0,B01
201300014736,0,7,0,7.0,2.0,7.0,19.0,A01
201300014737,0,7,0,0.0,1.0,1.0,0.0,A01
201300014738,0,34,0,0.0,2.0,5.0,0.0,B01
201300014738,0,7,0,0.0,2.0,3.0,0.0,A01
201300014739,0,7,0,0.0,2.0,4.0,0.0,B01
201300014739,0,7,0,0.0,2.0,1.0,0.0,A01
201300014740,0,7,0,0.0,2.0,2.0,1.0,A01
201300014740,0,7,0,0.0,2.0,1.0,15.0,B01
201300014741,0,99,0,0.0,0.0,3.0,1.0,A01
201300014742,0,7,0,0.0,2.0,3.0,1.0,C01
201300014742,0,32,0,0.0,2.0,5.0,1.0,B01
201300014742,0,7,0,0.0,2.0,3.0,0.0,A01
201300014743,0,7,0,0.0,0.0,1.0,2.0,A01
201300014743,0,33,0,0.0,0.0,9.0,2.0,B01
201300014743,0,7,0,0.0,0.0,4.0,2.0,C01
201300014744,1,7,0,0.0,1.0,0.0,0.0,Z01
201300014745,0,7,0,0.0,2.0,1.0,1.0,A01
201300014745,0,7,0,0.0,2.0,0.0,20.0,B01
201300014746,0,7,0,1.0,2.0,1.0,1.0,A01
201300014746,0,7,0,0.0,0.0,7.0,1.0,B01
201300014747,0,7,0,0.0,1.0,1.0,1.0,A01
201300014748,0,7,0,0.0,2.0,4.0,2.0,B01
201300014748,0,7,0,0.0,2.0,1.0,2.0,A01
201300014749,1,99,0,0.0,0.0,0.0,0.0,Z01
201300014749,0,7,0,0.0,2.0,2.0,2.0,A01
201300014750,0,38,1,0.0,1.0,5.0,16.0,A01
201300014751,0,13,0,0.0,2.0,2.0,9.0,A01
201300014751,0,7,0,0.0,2.0,6.0,1.0,B01
201300014752,0,7,0,0.0,2.0,1.0,0.0,A01
201300014752,0,7,0,0.0,2.0,4.0,0.0,B01
201300014753,0,7,0,0.0,2.0,1.0,0.0,C01
201300014753,0,33,0,0.0,2.0,2.0,21.0,A01
201300014753,0,7,0,0.0,2.0,6.0,0.0,B01
201300014754,0,2,0,0.0,2.0,1.0,5.0,A01
201300014754,0,7,0,0.0,2.0,2.0,0.0,B01
201300014755,0,7,0,0.0,2.0,2.0,0.0,B01
201300014755,0,2,0,0.0,2.0,7.0,9.0,A01
201300014756,0,32,0,0.0,2.0,1.0,17.0,B01
201300014756,0,7,0,0.0,2.0,3.0,10.0,A01
201300014757,0,7,0,0.0,2.0,8.0,1.0,B01
201300014757,0,30,0,0.0,2.0,1.0,1.0,A01
201300014758,0,7,0,0.0,2.0,3.0,19.0,A01
201300014758,0,7,0,0.0,2.0,1.0,1.0,B01
201300014759,0,7,0,0.0,2.0,1.0,9.0,B01
201300014759,0,7,0,0.0,2.0,6.0,4.0,A01
201300014760,0,31,0,0.0,0.0,0.0,0.0,B01
201300014760,0,10,0,0.0,0.0,0.0,0.0,A01
201300014761,0,7,0,0.0,2.0,1.0,2.0,A01
201300014761,0,7,0,0.0,2.0,4.0,1.0,B01
201300014762,0,7,0,0.0,2.0,1.0,1.0,A01
201300014762,0,7,0,0.0,2.0,4.0,1.0,B01
201300014763,0,37,1,0.0,2.0,3.0,1.0,B01
201300014763,0,33,0,0.0,2.0,3.0,13.0,A01
201300014764,0,33,0,0.0,2.0,1.0,2.0,B01
201300014764,0,7,0,0.0,2.0,6.0,2.0,A01
201300014765,0,7,0,0.0,2.0,2.0,9.0,A01
201300014765,0,2,0,0.0,2.0,8.0,1.0,B01
201300014766,0,7,0,0.0,2.0,2.0,2.0,A01
201300014766,0,7,0,0.0,2.0,4.0,20.0,B01
201300014767,0,30,0,1.0,2.0,8.0,2.0,B01
201300014767,0,7,0,0.0,2.0,7.0,14.0,A01
201300014768,0,7,0,0.0,1.0,1.0,2.0,A01
201300014769,0,7,0,0.0,2.0,4.0,1.0,B01
201300014769,0,7,0,0.0,2.0,1.0,1.0,A01
201300014770,0,7,0,2.0,2.0,2.0,1.0,B01
201300014770,0,7,0,0.0,2.0,3.0,9.0,A01
201300014771,0,3,0,15.0,0.0,5.0,1.0,A01
201300014772,0,7,0,0.0,2.0,1.0,2.0,B01
201300014772,0,7,0,0.0,2.0,4.0,2.0,A01
201300014772,1,7,0,0.0,2.0,0.0,2.0,Z01
201300014773,0,7,0,0.0,2.0,3.0,0.0,B01
201300014773,0,7,0,0.0,2.0,3.0,0.0,A01
201300014774,0,7,0,0.0,2.0,8.0,15.0,A01
201300014774,0,31,0,0.0,2.0,7.0,17.0,B01
201300014775,0,7,0,0.0,2.0,1.0,1.0,B01
201300014775,0,7,0,0.0,2.0,2.0,11.0,A01
201300014776,0,7,0,0.0,2.0,3.0,15.0,B01
201300014776,0,33,0,8.0,2.0,3.0,2.0,A01
201300014777,0,7,0,0.0,2.0,1.0,1.0,B01
201300014777,1,7,0,0.0,2.0,8.0,1.0,Z01
201300014778,0,7,0,0.0,2.0,2.0,15.0,A01
201300014778,0,2,0,0.0,2.0,7.0,1.0,B01
201300014779,0,7,0,0.0,2.0,4.0,0.0,A01
201300014779,0,34,0,0.0,2.0,1.0,1.0,B01
201300014780,0,30,0,0.0,0.0,8.0,19.0,A01
201300014780,0,7,0,0.0,0.0,1.0,1.0,B01
201300014781,0,7,0,0.0,0.0,0.0,2.0,B01
201300014781,0,34,0,11.0,0.0,3.0,2.0,A01
201300014782,0,37,30,0.0,2.0,3.0,2.0,B01
201300014782,1,7,0,0.0,2.0,7.0,17.0,Z01
201300014783,0,7,0,12.0,0.0,9.0,20.0,A01
201300014784,0,34,0,0.0,2.0,1.0,2.0,A01
201300014784,0,7,0,0.0,2.0,7.0,23.0,C01
201300014784,0,7,0,0.0,2.0,8.0,23.0,B01
201300014785,0,7,0,0.0,1.0,1.0,15.0,A01
201300014786,0,31,0,0.0,2.0,1.0,2.0,B01
201300014786,0,34,0,0.0,2.0,1.0,2.0,C01
201300014786,0,13,0,0.0,2.0,4.0,2.0,A01
201300014787,0,7,0,0.0,2.0,8.0,15.0,A01
201300014787,0,34,0,0.0,2.0,1.0,2.0,B01
201300014788,0,7,0,1.0,0.0,3.0,1.0,A01
201300014789,0,7,0,0.0,2.0,1.0,2.0,A01
201300014789,0,7,0,0.0,2.0,4.0,2.0,B01
201300014790,0,7,0,0.0,2.0,7.0,5.0,A01
201300014791,0,7,0,0.0,1.0,1.0,2.0,A01
201300014792,0,7,0,0.0,1.0,2.0,1.0,A01
201300014793,0,7,0,0.0,2.0,2.0,1.0,A01
201300014793,0,7,0,0.0,2.0,5.0,10.0,B01
201300014794,0,7,0,1.0,2.0,1.0,1.0,B01
201300014794,0,7,0,0.0,0.0,0.0,0.0,A01
201300014795,0,7,0,0.0,2.0,2.0,15.0,A01
201300014795,0,7,0,0.0,2.0,3.0,1.0,B01
201300014796,0,7,0,0.0,2.0,4.0,2.0,C01
201300014796,0,7,0,0.0,2.0,4.0,2.0,B01
201300014796,0,7,0,0.0,2.0,1.0,2.0,A01
201300014797,0,7,0,0.0,1.0,3.0,0.0,A01
201300014798,0,7,0,0.0,2.0,8.0,15.0,A01
201300014798,0,34,0,0.0,2.0,1.0,17.0,B01
201300014799,0,31,0,0.0,1.0,1.0,11.0,A01
201300014800,0,7,0,1.0,0.0,8.0,0.0,A01
201300014800,0,7,0,8.0,9.0,8.0,11.0,C01
201300014801,0,7,0,0.0,0.0,0.0,15.0,A01
201300014801,0,33,0,0.0,2.0,7.0,2.0,B01
201300014802,0,30,0,0.0,0.0,7.0,1.0,B01
201300014802,1,30,0,0.0,2.0,1.0,0.0,Z01
201300014803,0,7,0,0.0,2.0,2.0,0.0,B01
201300014803,0,31,0,0.0,2.0,1.0,1.0,A01
201300014804,0,7,0,0.0,2.0,4.0,2.0,C01
201300014804,0,7,0,0.0,2.0,4.0,2.0,B01
201300014804,0,7,0,0.0,2.0,1.0,2.0,A01
201300014805,1,30,0,0.0,1.0,0.0,0.0,Z01
201300014806,0,7,0,1.0,2.0,5.0,2.0,A01
201300014806,0,7,0,0.0,2.0,1.0,2.0,B01
201300014807,0,99,0,0.0,2.0,1.0,2.0,A01
201300014807,0,7,0,0.0,2.0,4.0,2.0,B01
201300014808,0,7,0,0.0,2.0,6.0,0.0,B01
201300014808,2,7,0,0.0,2.0,0.0,0.0,A01
201300014809,0,7,0,0.0,2.0,1.0,1.0,A01
201300014809,0,7,0,0.0,2.0,3.0,1.0,B01
201300014810,0,33,0,5.0,2.0,3.0,0.0,A01
201300014810,0,33,0,0.0,2.0,3.0,0.0,B01
201300014811,0,7,0,0.0,2.0,1.0,1.0,B01
201300014811,0,2,0,0.0,2.0,3.0,1.0,A01
201300014812,0,7,0,0.0,2.0,1.0,2.0,A01
201300014812,0,7,0,0.0,0.0,4.0,23.0,B01
201300014813,0,10,0,0.0,2.0,2.0,2.0,B01
201300014813,0,7,0,0.0,2.0,7.0,17.0,A01
201300014814,0,7,0,0.0,0.0,0.0,0.0,B01
201300014814,0,7,0,0.0,0.0,0.0,0.0,A01
201300014814,1,7,0,0.0,0.0,0.0,0.0,Z01
201300014815,2,7,0,0.0,2.0,1.0,13.0,A01
201300014815,0,7,0,0.0,2.0,1.0,1.0,B01
201300014816,0,7,0,0.0,2.0,6.0,23.0,B01
201300014816,0,7,0,10.0,4.0,3.0,14.0,A01
201300014817,2,7,0,0.0,2.0,2.0,17.0,Z01
201300014817,0,7,0,0.0,2.0,8.0,13.0,A01
201300014818,0,34,0,0.0,2.0,8.0,17.0,B01
201300014818,0,7,0,0.0,2.0,2.0,0.0,C01
201300014819,0,7,0,0.0,0.0,4.0,1.0,B01
201300014819,0,7,0,0.0,2.0,1.0,2.0,A01
201300014820,0,30,0,0.0,1.0,0.0,0.0,A01
201300014821,0,7,0,0.0,2.0,3.0,1.0,A01
201300014821,0,7,0,0.0,2.0,3.0,1.0,B01
201300014822,0,33,0,0.0,2.0,1.0,1.0,B01
201300014822,0,7,0,0.0,2.0,1.0,15.0,A01
201300014823,0,34,0,0.0,2.0,1.0,1.0,B01
201300014823,0,7,0,0.0,2.0,8.0,15.0,A01
201300014824,0,7,0,6.0,2.0,1.0,2.0,A01
201300014825,0,3,0,0.0,2.0,8.0,16.0,B01
201300014825,0,33,0,0.0,2.0,1.0,1.0,A01
201300014826,0,7,0,0.0,1.0,3.0,1.0,A01
201300014827,0,7,0,0.0,1.0,2.0,0.0,A01
201300014828,0,7,0,0.0,2.0,8.0,1.0,D01
201300014828,0,7,0,0.0,2.0,8.0,1.0,C01
201300014828,0,7,0,0.0,2.0,1.0,0.0,A01
201300014828,0,32,0,0.0,2.0,1.0,23.0,B01
201300014829,0,7,0,0.0,0.0,4.0,0.0,C01
201300014829,0,7,0,0.0,2.0,4.0,0.0,B01
201300014829,0,10,0,0.0,2.0,2.0,0.0,A01
201300014830,0,7,0,0.0,0.0,2.0,15.0,A01
201300014830,0,7,0,0.0,2.0,8.0,0.0,B01
201300014831,0,7,0,0.0,0.0,0.0,0.0,A01
201300014831,0,32,0,0.0,0.0,0.0,0.0,B01
201300014832,0,7,0,0.0,1.0,2.0,0.0,A01
201300014833,0,7,0,0.0,1.0,4.0,4.0,A01
201300014834,0,2,0,0.0,2.0,2.0,1.0,A01
201300014834,0,31,0,0.0,2.0,2.0,1.0,B01
201300014835,0,2,0,1.0,0.0,0.0,0.0,A01
201300014835,0,37,1,0.0,2.0,5.0,0.0,B01
201300014836,0,7,0,1.0,0.0,6.0,2.0,B01
201300014836,0,37,1,0.0,2.0,1.0,2.0,A01
201300014837,0,31,0,0.0,2.0,3.0,17.0,A01
201300014837,0,7,0,0.0,0.0,3.0,1.0,B01
201300014838,0,7,0,0.0,0.0,0.0,22.0,B01
201300014838,0,7,0,0.0,0.0,8.0,1.0,A01
201300014839,0,7,0,0.0,0.0,4.0,23.0,B01
201300014839,0,10,0,0.0,2.0,1.0,1.0,A01
201300014840,0,7,0,0.0,2.0,8.0,23.0,A01
201300014840,0,34,0,0.0,2.0,1.0,1.0,B01
201300014841,0,32,0,0.0,2.0,1.0,21.0,B01
201300014841,0,10,0,0.0,2.0,3.0,9.0,A01
201300014842,0,7,0,0.0,1.0,1.0,1.0,A01
201300014843,0,32,0,0.0,0.0,8.0,1.0,A01
201300014844,0,31,0,0.0,0.0,0.0,16.0,A01
201300014845,0,7,0,0.0,1.0,3.0,0.0,A01
201300014846,0,7,0,0.0,2.0,1.0,1.0,B01
201300014846,0,30,0,0.0,2.0,1.0,0.0,A01
201300014847,0,7,0,0.0,2.0,6.0,10.0,A01
201300014847,0,7,0,0.0,2.0,2.0,1.0,B01
201300014848,0,7,0,0.0,2.0,3.0,10.0,A01
201300014848,0,33,0,0.0,2.0,1.0,0.0,B01
201300014849,0,30,0,1.0,0.0,1.0,15.0,A01
201300014850,0,7,0,0.0,2.0,6.0,15.0,A01
201300014850,0,7,0,0.0,2.0,2.0,1.0,B01
201300014851,0,30,0,0.0,2.0,4.0,23.0,B01
201300014851,0,7,0,0.0,2.0,1.0,1.0,A01
201300014852,0,7,0,0.0,2.0,3.0,1.0,B01
201300014852,0,33,0,0.0,2.0,1.0,5.0,A01
201300014853,0,7,0,0.0,1.0,2.0,15.0,A01
201300014854,0,7,0,0.0,1.0,3.0,1.0,A01
201300014855,0,30,0,2.0,1.0,8.0,17.0,A01
201300014856,0,7,0,0.0,2.0,7.0,1.0,B01
201300014856,0,7,0,0.0,2.0,1.0,1.0,A01
201300014857,0,3,0,13.0,0.0,0.0,14.0,A01
201300014858,0,7,0,0.0,2.0,3.0,15.0,A01
201300014858,0,32,0,0.0,2.0,1.0,1.0,B01
201300014859,0,31,0,0.0,2.0,3.0,0.0,A01
201300014859,0,7,0,0.0,2.0,2.0,0.0,B01
201300014860,0,20,0,0.0,2.0,3.0,1.0,B01
201300014860,0,7,0,1.0,2.0,2.0,1.0,A01
201300014861,0,7,0,0.0,2.0,3.0,15.0,A01
201300014861,0,32,0,0.0,2.0,1.0,1.0,B01
201300014862,0,1,0,1.0,1.0,1.0,1.0,A01
201300014863,1,30,0,0.0,1.0,0.0,0.0,Z01
201300014864,0,7,0,0.0,0.0,4.0,2.0,B01
201300014865,1,7,0,0.0,2.0,1.0,1.0,Z01
201300014865,0,7,0,0.0,2.0,4.0,23.0,A01
201300014866,0,7,0,8.0,0.0,2.0,1.0,A01
201300014867,0,31,0,0.0,0.0,0.0,1.0,A01
201300014868,0,7,0,0.0,2.0,2.0,11.0,A01
201300014868,0,7,0,0.0,2.0,1.0,1.0,B01
201300014869,0,7,0,0.0,2.0,1.0,1.0,A01
201300014869,0,7,0,0.0,2.0,1.0,1.0,C01
201300014869,0,7,0,0.0,0.0,4.0,23.0,B01
201300014870,0,7,0,0.0,2.0,4.0,2.0,C01
201300014870,0,7,0,0.0,2.0,4.0,2.0,E01
201300014870,0,7,0,0.0,2.0,4.0,2.0,B01
201300014870,0,7,0,0.0,2.0,1.0,2.0,A01
201300014870,0,10,0,0.0,2.0,4.0,2.0,D01
201300014871,0,34,0,8.0,0.0,1.0,1.0,A01
201300014872,0,37,15,0.0,1.0,0.0,0.0,A01
201300014873,1,1,0,0.0,1.0,1.0,5.0,Z01
201300014874,0,7,0,0.0,2.0,4.0,24.0,E01
201300014874,0,7,0,0.0,2.0,4.0,24.0,C01
201300014874,0,7,0,1.0,2.0,1.0,2.0,A01
201300014874,0,7,0,0.0,2.0,7.0,1.0,D01
201300014874,0,7,0,0.0,2.0,4.0,0.0,B01
201300014875,0,7,0,0.0,0.0,6.0,2.0,B01
201300014875,0,33,0,0.0,2.0,1.0,1.0,A01
201300014876,0,2,0,0.0,2.0,1.0,2.0,A01
201300014876,0,7,0,0.0,2.0,6.0,2.0,B01
201300014877,0,33,0,0.0,2.0,1.0,2.0,B01
201300014877,0,7,0,0.0,2.0,2.0,1.0,A01
201300014878,0,32,0,11.0,0.0,1.0,1.0,A01
201300014879,0,7,0,0.0,2.0,1.0,0.0,A01
201300014879,0,7,0,0.0,2.0,1.0,1.0,D01
201300014879,0,7,0,0.0,2.0,1.0,1.0,C01
201300014879,0,7,0,0.0,2.0,4.0,1.0,B01
201300014880,1,7,0,0.0,1.0,4.0,4.0,Z01
201300014881,0,7,0,0.0,2.0,4.0,4.0,A01
201300014881,0,7,0,0.0,2.0,1.0,1.0,B01
201300014882,0,33,0,0.0,0.0,7.0,0.0,A01
201300014883,0,7,0,15.0,0.0,1.0,0.0,A01
201300014884,0,7,0,0.0,2.0,1.0,1.0,A01
201300014884,0,7,0,0.0,2.0,2.0,23.0,C01
201300014884,0,7,0,0.0,2.0,5.0,23.0,B01
201300014885,0,7,0,0.0,2.0,3.0,24.0,A01
201300014885,0,37,1,1.0,0.0,7.0,0.0,B01
201300014886,0,7,0,0.0,2.0,1.0,2.0,A01
201300014886,0,7,0,0.0,2.0,4.0,2.0,B01
201300014887,0,7,0,0.0,2.0,0.0,0.0,B01
201300014887,0,7,0,0.0,2.0,0.0,0.0,A01
201300014888,0,7,0,0.0,2.0,3.0,11.0,A01
201300014888,0,7,0,0.0,2.0,1.0,1.0,B01
201300014889,0,34,0,11.0,0.0,3.0,17.0,A01
201300014890,0,33,0,0.0,2.0,1.0,1.0,B01
201300014890,0,7,0,0.0,2.0,3.0,10.0,A01
201300014891,0,7,0,0.0,9.0,3.0,10.0,A01
201300014891,0,1,0,0.0,2.0,1.0,17.0,B01
201300014892,0,7,0,0.0,0.0,1.0,2.0,B01
201300014892,0,7,0,0.0,2.0,1.0,2.0,A01
201300014892,0,7,0,0.0,2.0,4.0,2.0,C01
201300014893,0,7,0,0.0,1.0,3.0,1.0,A01
201300014894,0,30,0,0.0,2.0,8.0,1.0,B01
201300014894,0,30,0,0.0,2.0,1.0,9.0,A01
201300014895,0,7,0,0.0,2.0,1.0,1.0,B01
201300014895,0,7,0,0.0,2.0,1.0,5.0,A01
201300014896,0,7,0,0.0,2.0,4.0,2.0,B01
201300014896,0,7,0,0.0,2.0,1.0,2.0,A01
201300014897,0,37,7,0.0,1.0,1.0,1.0,A01
201300014898,0,7,0,0.0,0.0,7.0,13.0,A01
201300014898,0,33,0,0.0,0.0,8.0,1.0,B01
201300014899,0,7,0,0.0,0.0,3.0,1.0,B01
201300014899,0,7,0,0.0,0.0,5.0,1.0,C01
201300014899,0,7,0,0.0,0.0,1.0,1.0,A01
201300014900,0,32,0,0.0,2.0,1.0,2.0,A01
201300014900,1,99,0,0.0,0.0,0.0,0.0,Z01
201300014901,0,37,1,0.0,1.0,4.0,4.0,A01
201300014902,0,7,0,0.0,0.0,7.0,15.0,B01
201300014902,0,32,0,0.0,2.0,1.0,0.0,A01
201300014903,0,7,0,0.0,2.0,5.0,15.0,B01
201300014903,0,33,0,0.0,2.0,8.0,1.0,A01
201300014904,0,7,0,0.0,1.0,0.0,0.0,A01
201300014905,0,32,0,0.0,2.0,1.0,1.0,A01
201300014905,0,7,0,1.0,2.0,6.0,1.0,B01
201300014906,1,10,0,0.0,1.0,5.0,1.0,Z01
201300014907,0,32,0,0.0,2.0,1.0,2.0,A01
201300014907,0,7,0,0.0,2.0,4.0,23.0,B01
201300014908,0,7,0,0.0,1.0,3.0,1.0,A01
201300014909,0,7,0,0.0,1.0,1.0,0.0,A01
201300014910,0,33,0,0.0,2.0,8.0,16.0,B01
201300014910,0,7,0,0.0,2.0,2.0,15.0,A01
201300014911,0,7,0,0.0,0.0,4.0,2.0,B01
201300014911,0,7,0,0.0,2.0,1.0,2.0,A01
201300014912,0,10,0,0.0,1.0,7.0,2.0,A01
201300014913,0,33,0,0.0,2.0,1.0,15.0,A01
201300014913,0,32,0,0.0,2.0,9.0,1.0,B01
201300014914,0,7,0,0.0,1.0,4.0,20.0,A01
201300014915,0,37,7,0.0,2.0,1.0,2.0,A01
201300014915,1,32,0,0.0,2.0,4.0,2.0,Z01
201300014916,0,7,0,0.0,2.0,4.0,2.0,B01
201300014916,0,7,0,0.0,2.0,1.0,2.0,A01
201300014916,0,7,0,0.0,2.0,4.0,2.0,C01
201300014917,1,7,0,0.0,1.0,0.0,0.0,Z01
201300014918,0,7,0,0.0,0.0,2.0,0.0,A01
201300014919,0,7,0,0.0,2.0,1.0,15.0,A01
201300014919,0,7,0,0.0,2.0,3.0,1.0,B01
201300014920,0,7,0,0.0,2.0,1.0,9.0,A01
201300014920,0,30,0,0.0,2.0,1.0,1.0,B01
201300014921,0,33,0,0.0,2.0,3.0,0.0,A01
201300014921,0,7,0,0.0,2.0,7.0,0.0,B01
201300014922,0,30,0,0.0,0.0,7.0,1.0,A01
201300014923,0,32,0,0.0,0.0,0.0,1.0,A01
201300014924,0,32,0,0.0,2.0,1.0,2.0,A01
201300014924,0,7,0,0.0,2.0,4.0,14.0,B01
201300014925,0,32,0,0.0,1.0,0.0,0.0,A01
201300014926,0,7,0,0.0,0.0,0.0,2.0,C01
201300014926,0,7,0,0.0,2.0,5.0,2.0,B01
201300014926,0,7,0,0.0,2.0,3.0,1.0,A01
201300014927,0,7,0,0.0,0.0,4.0,1.0,B01
201300014927,0,7,0,0.0,2.0,1.0,1.0,A01
201300014928,0,7,0,0.0,2.0,4.0,2.0,B01
201300014928,0,7,0,0.0,2.0,1.0,2.0,A01
201300014929,0,33,0,0.0,0.0,0.0,1.0,A01
201300014930,0,7,0,0.0,2.0,3.0,1.0,A01
201300014930,0,32,0,9.0,2.0,8.0,17.0,B01
201300014931,0,7,0,13.0,0.0,2.0,2.0,A01
201300014932,0,1,0,0.0,0.0,0.0,0.0,A01
201300014933,0,7,0,0.0,2.0,3.0,0.0,A01
201300014933,0,7,0,0.0,2.0,6.0,0.0,B01