Num_Acc,senc,catv,occutc,obs,obsm,choc,manv,num_veh
201300014934,0,7,0,0.0,2.0,8.0,1.0,B01
201300014934,0,7,0,0.0,2.0,3.0,13.0,A01
201300014935,0,7,0,0.0,1.0,2.0,1.0,A01
201300014936,0,1,0,0.0,2.0,1.0,2.0,B01
201300014936,0,7,0,0.0,9.0,2.0,11.0,A01
201300014937,0,7,0,0.0,2.0,1.0,1.0,A01
201300014937,0,7,0,0.0,2.0,4.0,2.0,B01
201300014938,0,30,0,0.0,1.0,1.0,1.0,A01
201300014939,0,7,0,0.0,2.0,8.0,15.0,A01
201300014939,0,7,0,0.0,2.0,1.0,2.0,B01
201300014940,0,31,0,0.0,1.0,1.0,1.0,A01
201300014941,0,7,0,0.0,1.0,1.0,1.0,A01
201300014942,0,30,0,0.0,2.0,7.0,1.0,B01
201300014942,0,10,0,0.0,2.0,3.0,13.0,A01
201300014943,0,7,0,0.0,2.0,2.0,12.0,A01
201300014943,0,30,0,0.0,2.0,8.0,1.0,B01
201300014944,0,7,0,0.0,0.0,8.0,15.0,B01
201300014944,0,2,0,0.0,0.0,5.0,17.0,A01
201300014945,1,2,0,0.0,1.0,8.0,7.0,Z01
201300014946,0,10,0,0.0,2.0,2.0,19.0,B01
201300014946,0,30,0,0.0,2.0,1.0,0.0,A01
201300014947,0,1,0,0.0,2.0,8.0,18.0,B01
201300014947,0,7,0,0.0,9.0,7.0,22.0,A01
201300014948,0,7,0,0.0,1.0,1.0,16.0,A01
201300014949,0,33,0,0.0,0.0,2.0,23.0,A01
201300014949,0,32,0,0.0,2.0,1.0,1.0,B01
201300014950,0,32,0,0.0,2.0,2.0,1.0,B01
201300014950,0,7,0,0.0,2.0,1.0,10.0,A01
201300014951,0,7,0,0.0,2.0,1.0,2.0,A01
201300014951,0,7,0,0.0,0.0,4.0,2.0,C01
201300014951,0,7,0,0.0,2.0,4.0,2.0,B01
201300014952,0,33,0,0.0,0.0,1.0,0.0,A01
201300014953,0,7,0,0.0,2.0,0.0,0.0,A01
201300014953,0,7,0,0.0,2.0,0.0,0.0,B01
201300014954,0,7,0,0.0,2.0,3.0,2.0,A01
201300014954,0,2,0,0.0,2.0,1.0,2.0,B01
201300014955,0,7,0,0.0,0.0,2.0,0.0,A01
201300014955,0,7,0,0.0,0.0,1.0,0.0,B01
201300014956,0,7,0,0.0,0.0,1.0,2.0,A01
201300014956,0,7,0,0.0,0.0,4.0,2.0,B01
201300014957,0,31,0,0.0,2.0,2.0,21.0,A01
201300014957,0,7,0,0.0,2.0,3.0,2.0,B01
201300014958,1,7,0,0.0,1.0,0.0,0.0,Z01
201300014959,0,32,0,0.0,2.0,2.0,3.0,A01
201300014959,0,7,0,0.0,2.0,3.0,2.0,B01
201300014960,0,7,0,0.0,1.0,1.0,15.0,A01
201300014961,0,7,0,0.0,2.0,3.0,1.0,A01
201300014961,0,7,0,0.0,2.0,3.0,1.0,B01
201300014962,0,34,0,0.0,0.0,1.0,0.0,A01
201300014962,0,7,0,0.0,0.0,6.0,0.0,B01
201300014963,1,33,0,0.0,0.0,0.0,1.0,A01
201300014963,0,7,0,0.0,2.0,2.0,1.0,B01
201300014964,0,7,0,0.0,1.0,0.0,4.0,A01
201300014965,0,31,0,0.0,0.0,1.0,0.0,B01
201300014965,0,7,0,0.0,0.0,3.0,0.0,A01
201300014966,0,7,0,0.0,2.0,6.0,23.0,B01
201300014966,0,7,0,1.0,0.0,2.0,2.0,A01
201300014967,0,32,0,12.0,0.0,0.0,15.0,A01
201300014968,0,7,0,0.0,2.0,1.0,2.0,A01
201300014968,0,7,0,0.0,0.0,4.0,1.0,B01
201300014969,1,7,0,10.0,2.0,1.0,1.0,Z01
201300014969,0,7,0,0.0,2.0,3.0,1.0,A01
201300014970,0,7,0,0.0,2.0,1.0,11.0,A01
201300014970,0,7,0,0.0,2.0,3.0,1.0,B01
201300014971,0,7,0,0.0,1.0,1.0,1.0,A01
201300014972,0,34,0,0.0,2.0,1.0,1.0,B01
201300014972,0,7,0,0.0,2.0,2.0,17.0,A01
201300014973,0,34,0,0.0,2.0,1.0,1.0,B01
201300014973,0,7,0,0.0,2.0,8.0,1.0,A01
201300014974,0,30,0,0.0,2.0,1.0,2.0,B01
201300014974,0,7,0,0.0,2.0,4.0,2.0,A01
201300014975,0,30,0,0.0,1.0,1.0,0.0,A01
201300014976,1,34,0,0.0,1.0,1.0,13.0,Z01
201300014977,1,30,0,0.0,1.0,0.0,0.0,Z01
201300014978,0,7,0,0.0,9.0,1.0,0.0,A01
201300014978,0,2,0,0.0,2.0,0.0,5.0,B01
201300014979,0,1,0,0.0,2.0,1.0,9.0,B01
201300014979,0,7,0,0.0,2.0,8.0,1.0,A01
201300014980,0,34,0,0.0,2.0,2.0,1.0,B01
201300014980,0,10,0,0.0,2.0,1.0,19.0,A01
201300014981,0,32,0,1.0,0.0,1.0,1.0,B01
201300014981,0,7,0,0.0,2.0,3.0,24.0,A01
201300014982,0,33,0,0.0,2.0,2.0,2.0,A01
201300014982,0,10,0,0.0,2.0,6.0,2.0,B01
201300014983,0,30,0,0.0,1.0,8.0,2.0,A01
201300014984,0,33,0,14.0,0.0,1.0,1.0,A01
201300014985,0,2,0,0.0,2.0,4.0,0.0,B01
201300014985,0,7,0,0.0,9.0,2.0,1.0,A01
201300014986,0,30,0,0.0,2.0,2.0,2.0,A01
201300014986,0,33,0,0.0,2.0,1.0,1.0,B01
201300014987,0,7,0,0.0,2.0,1.0,1.0,B01
201300014987,0,7,0,0.0,2.0,1.0,13.0,A01
201300014988,0,34,0,0.0,2.0,8.0,23.0,B01
201300014988,0,7,0,1.0,0.0,3.0,9.0,A01
201300014989,0,30,0,0.0,2.0,7.0,1.0,B01
201300014989,1,7,0,0.0,2.0,0.0,0.0,Z01
201300014990,0,37,0,0.0,2.0,1.0,1.0,A01
201300014990,0,7,0,0.0,2.0,4.0,23.0,B01
201300014991,0,30,0,0.0,2.0,1.0,21.0,B01
201300014991,0,7,0,0.0,2.0,3.0,10.0,A01
201300014992,0,10,0,0.0,1.0,4.0,4.0,A01
201300014993,0,30,0,0.0,2.0,8.0,10.0,A01
201300014993,0,7,0,0.0,2.0,2.0,1.0,B01
201300014994,0,1,0,0.0,2.0,1.0,2.0,A01
201300014994,0,7,0,0.0,2.0,4.0,2.0,B01
201300014995,0,32,0,0.0,0.0,0.0,0.0,A01
201300014996,0,32,0,0.0,2.0,4.0,2.0,B01
201300014996,0,7,0,0.0,2.0,1.0,2.0,A01
201300014997,0,33,0,0.0,2.0,8.0,24.0,B01
201300014997,0,30,0,1.0,0.0,1.0,1.0,A01
201300014998,0,30,0,0.0,1.0,1.0,1.0,A01
201300014999,0,7,0,0.0,0.0,7.0,0.0,B01
201300014999,0,7,0,0.0,0.0,8.0,2.0,A01
201300015000,1,7,0,0.0,1.0,2.0,0.0,Z01
201300015001,0,2,0,0.0,2.0,3.0,17.0,A01
201300015001,0,32,0,0.0,2.0,3.0,1.0,B01
201300015002,0,7,0,0.0,2.0,1.0,2.0,A01
201300015002,0,10,0,0.0,2.0,4.0,2.0,B01
201300015002,0,7,0,0.0,2.0,4.0,2.0,C01
201300015003,0,7,0,0.0,0.0,0.0,0.0,C01
201300015003,0,7,0,0.0,0.0,0.0,0.0,B01
201300015003,0,7,0,0.0,0.0,0.0,0.0,A01
201300015004,0,1,0,0.0,0.0,4.0,1.0,A01
201300015004,1,30,0,0.0,2.0,2.0,2.0,Z01
201300015005,0,7,0,0.0,2.0,1.0,17.0,A01
201300015005,0,30,0,0.0,2.0,8.0,15.0,B01
201300015006,1,33,0,0.0,0.0,0.0,1.0,Z01
201300015007,0,32,0,0.0,2.0,4.0,1.0,A01
201300015007,1,7,0,0.0,2.0,1.0,2.0,Z01
201300015008,1,7,0,0.0,2.0,3.0,20.0,Z01
201300015008,0,34,0,0.0,2.0,2.0,1.0,A01
201300015009,0,10,0,0.0,2.0,4.0,23.0,B01
201300015009,0,32,0,0.0,2.0,2.0,2.0,A01
201300015010,0,7,0,0.0,2.0,4.0,23.0,B01
201300015010,1,10,0,0.0,2.0,1.0,1.0,Z01
201300015011,0,7,0,0.0,2.0,2.0,1.0,A01
201300015011,0,7,0,1.0,2.0,4.0,24.0,C01
201300015011,0,7,0,0.0,2.0,8.0,2.0,B01
201300015012,0,31,0,0.0,2.0,7.0,2.0,A01
201300015012,1,7,0,0.0,0.0,0.0,14.0,Z01
201300015013,0,7,0,0.0,2.0,8.0,13.0,B01
201300015013,0,30,0,0.0,2.0,0.0,1.0,A01
201300015014,1,33,0,0.0,2.0,1.0,2.0,Z01
201300015014,0,7,0,0.0,2.0,4.0,23.0,B01
201300015015,0,7,0,0.0,2.0,4.0,22.0,B01
201300015015,1,7,0,0.0,2.0,1.0,1.0,Z01
201300015016,1,7,0,0.0,2.0,8.0,1.0,Z01
201300015016,0,30,0,0.0,2.0,7.0,1.0,B01
201300015017,0,7,0,0.0,0.0,2.0,1.0,A01
201300015017,0,7,0,0.0,0.0,1.0,0.0,B01
201300015018,0,7,0,0.0,1.0,2.0,0.0,A01
201300015019,0,7,0,0.0,1.0,1.0,15.0,A01
201300015020,0,33,0,0.0,2.0,1.0,2.0,A01
201300015020,0,7,0,0.0,2.0,3.0,1.0,B01
201300015021,0,7,0,0.0,1.0,1.0,18.0,Z01
201300015022,1,10,0,0.0,1.0,0.0,1.0,Z01
201300015023,0,2,0,0.0,0.0,0.0,0.0,A01
201300015024,0,7,0,0.0,2.0,2.0,20.0,A01
201300015024,0,1,0,0.0,4.0,1.0,21.0,B01
201300015025,0,7,0,0.0,2.0,4.0,4.0,B01
201300015025,0,7,0,0.0,4.0,3.0,15.0,A01
201300015026,0,34,0,0.0,2.0,1.0,17.0,B01
201300015026,0,7,0,0.0,2.0,3.0,11.0,A01
201300015027,0,7,0,0.0,1.0,1.0,1.0,A01
201300015028,0,7,0,0.0,1.0,4.0,4.0,A01
201300015029,0,32,0,0.0,0.0,0.0,0.0,B01
201300015029,0,7,0,0.0,0.0,0.0,0.0,A01
201300015030,0,7,0,0.0,2.0,1.0,2.0,A01
201300015030,0,7,0,0.0,2.0,4.0,2.0,B01
201300015031,0,7,0,0.0,2.0,1.0,1.0,A01
201300015031,0,7,0,0.0,2.0,8.0,1.0,B01
201300015032,0,7,0,0.0,1.0,4.0,0.0,A01
201300015033,0,30,0,0.0,0.0,1.0,15.0,A01
201300015033,0,7,0,0.0,0.0,1.0,1.0,B01
201300015034,0,7,0,0.0,2.0,1.0,9.0,A01
201300015034,0,34,0,0.0,2.0,1.0,0.0,B01
201300015035,0,7,0,0.0,1.0,5.0,0.0,A01
201300015036,0,33,0,0.0,1.0,7.0,1.0,A01
201300015037,0,7,0,0.0,1.0,1.0,0.0,A01
201300015038,0,32,0,0.0,2.0,8.0,1.0,B01
201300015038,0,7,0,0.0,2.0,5.0,1.0,A01
201300015039,0,33,0,0.0,2.0,0.0,1.0,B01
201300015039,0,7,0,0.0,2.0,0.0,6.0,A01
201300015039,0,7,0,0.0,2.0,0.0,1.0,C01
201300015040,0,7,0,0.0,2.0,8.0,15.0,B01
201300015040,0,7,0,0.0,2.0,1.0,1.0,A01
201300015041,0,7,0,0.0,1.0,1.0,0.0,A01
201300015042,0,32,0,0.0,2.0,1.0,0.0,B01
201300015042,0,7,0,0.0,2.0,1.0,0.0,A01
201300015043,0,7,0,0.0,2.0,8.0,15.0,B01
201300015043,0,33,0,0.0,2.0,1.0,2.0,A01
201300015044,0,7,0,0.0,2.0,1.0,1.0,A01
201300015044,0,3,0,0.0,2.0,4.0,1.0,B01
201300015044,0,7,0,0.0,2.0,4.0,1.0,C01
201300015045,0,31,0,0.0,2.0,4.0,0.0,B01
201300015045,0,7,0,0.0,0.0,1.0,0.0,A01
201300015046,0,7,0,0.0,9.0,3.0,15.0,A01
201300015046,0,1,0,0.0,2.0,4.0,1.0,B01
201300015047,0,34,0,0.0,2.0,0.0,1.0,B01
201300015047,0,7,0,0.0,2.0,3.0,0.0,A01
201300015048,0,7,0,0.0,2.0,3.0,9.0,A01
201300015048,0,34,0,0.0,2.0,2.0,1.0,B01
201300015049,0,7,0,0.0,1.0,3.0,15.0,A01
201300015050,0,7,0,0.0,2.0,1.0,15.0,A01
201300015050,0,30,0,0.0,2.0,7.0,1.0,B01
201300015051,0,7,0,0.0,2.0,1.0,2.0,A01
201300015051,0,7,0,0.0,2.0,5.0,23.0,B01
201300015052,0,33,0,0.0,1.0,1.0,1.0,A01
201300015053,0,7,0,0.0,1.0,1.0,9.0,A01
201300015054,0,7,0,0.0,1.0,2.0,1.0,A01
201300015055,0,7,0,0.0,2.0,1.0,1.0,A01
201300015055,0,2,0,0.0,0.0,8.0,1.0,B01
201300015056,0,7,0,0.0,0.0,2.0,10.0,A01
201300015056,0,34,0,1.0,2.0,6.0,1.0,B01
201300015057,0,14,0,6.0,1.0,3.0,1.0,A01
201300015058,0,7,0,0.0,0.0,3.0,0.0,A01
201300015059,0,15,0,0.0,2.0,2.0,15.0,B01
201300015059,0,7,0,0.0,2.0,1.0,1.0,A01
201300015060,0,7,0,0.0,2.0,6.0,1.0,A01
201300015060,0,32,0,0.0,2.0,1.0,2.0,B01
201300015061,1,7,0,0.0,2.0,8.0,10.0,Z01
201300015061,0,33,0,0.0,2.0,3.0,17.0,A01
201300015062,0,7,0,0.0,1.0,3.0,1.0,A01
201300015063,0,30,0,0.0,0.0,7.0,2.0,A01
201300015064,0,33,0,0.0,2.0,1.0,1.0,B01
201300015064,0,7,0,0.0,2.0,3.0,5.0,A01
201300015065,0,33,0,0.0,2.0,8.0,15.0,B01
201300015065,0,7,0,0.0,2.0,1.0,9.0,A01
201300015066,0,37,140,0.0,1.0,2.0,13.0,A01
201300015067,0,32,0,0.0,2.0,8.0,1.0,B01
201300015067,0,7,0,0.0,2.0,1.0,19.0,A01
201300015068,0,7,0,0.0,2.0,3.0,0.0,A01
201300015068,0,32,0,0.0,2.0,7.0,17.0,B01
201300015069,0,14,0,0.0,1.0,1.0,2.0,A01
201300015069,0,32,0,0.0,2.0,8.0,0.0,B01
201300015070,0,7,0,0.0,2.0,1.0,1.0,A01
201300015070,0,7,0,0.0,2.0,4.0,1.0,B01
201300015071,0,7,0,0.0,2.0,8.0,15.0,B01
201300015071,0,31,0,0.0,2.0,1.0,1.0,A01
201300015072,0,7,0,0.0,2.0,4.0,23.0,B01
201300015072,0,7,0,0.0,2.0,1.0,1.0,A01
201300015073,0,7,0,0.0,2.0,5.0,13.0,A01
201300015073,0,7,0,0.0,2.0,3.0,1.0,B01
201300015074,0,7,0,0.0,2.0,1.0,1.0,B01
201300015074,0,7,0,0.0,2.0,1.0,13.0,A01
201300015075,0,7,0,0.0,1.0,1.0,1.0,A01
201300015076,0,7,0,0.0,2.0,1.0,1.0,A01
201300015076,0,7,0,0.0,2.0,3.0,1.0,B01
201300015077,0,7,0,0.0,2.0,6.0,9.0,A01
201300015077,0,30,0,0.0,2.0,1.0,1.0,B01
201300015078,0,33,0,0.0,0.0,1.0,0.0,A01
201300015078,0,7,0,0.0,0.0,8.0,9.0,B01
201300015079,0,7,0,0.0,2.0,8.0,0.0,A01
201300015079,0,7,0,0.0,2.0,3.0,0.0,B01
201300015080,1,7,0,0.0,1.0,1.0,1.0,Z01
201300015081,0,7,0,0.0,2.0,9.0,2.0,B01
201300015081,0,7,0,0.0,2.0,4.0,2.0,D01
201300015081,0,7,0,0.0,2.0,9.0,2.0,C01
201300015081,0,7,0,0.0,2.0,1.0,2.0,A01
201300015082,0,7,0,0.0,2.0,1.0,0.0,A01
201300015082,0,33,0,0.0,2.0,3.0,0.0,B01
201300015083,0,7,0,0.0,1.0,1.0,0.0,A01
201300015083,0,7,0,0.0,1.0,3.0,1.0,B01
201300015084,0,10,0,0.0,2.0,8.0,2.0,B01
201300015084,0,7,0,0.0,2.0,7.0,2.0,A01
201300015085,0,7,0,0.0,0.0,6.0,2.0,C01
201300015085,0,7,0,0.0,2.0,4.0,2.0,B01
201300015085,0,7,0,0.0,2.0,1.0,2.0,A01
201300015086,1,7,0,0.0,1.0,5.0,0.0,Z01
201300015087,0,7,0,0.0,2.0,1.0,1.0,A01
201300015087,0,10,0,0.0,2.0,4.0,1.0,B01
201300015088,0,7,0,0.0,2.0,2.0,1.0,A01
201300015088,0,7,0,0.0,2.0,1.0,1.0,B01
201300015089,0,7,0,0.0,2.0,3.0,6.0,A01
201300015089,0,33,0,0.0,2.0,1.0,17.0,B01
201300015090,0,7,0,0.0,0.0,6.0,2.0,B01
201300015090,0,32,0,0.0,2.0,1.0,2.0,A01
201300015091,0,33,0,0.0,2.0,1.0,1.0,B01
201300015091,0,7,0,0.0,2.0,3.0,19.0,A01
201300015092,1,7,0,0.0,2.0,1.0,1.0,Z01
201300015092,0,7,0,0.0,2.0,0.0,1.0,B01
201300015092,0,7,0,7.0,2.0,7.0,16.0,A01
201300015093,0,7,0,0.0,1.0,1.0,0.0,A01
201300015094,0,10,0,0.0,2.0,1.0,1.0,A01
201300015094,0,10,0,0.0,2.0,8.0,1.0,B01
201300015095,0,7,0,0.0,2.0,3.0,13.0,A01
201300015095,0,30,0,0.0,2.0,2.0,17.0,B01
201300015096,0,7,0,0.0,2.0,1.0,1.0,B01
201300015096,1,7,0,0.0,2.0,7.0,0.0,Z01
201300015097,0,7,0,0.0,2.0,1.0,2.0,C01
201300015097,0,7,0,0.0,2.0,1.0,2.0,A01
201300015097,0,7,0,0.0,2.0,4.0,2.0,B01
201300015098,0,7,0,0.0,1.0,1.0,1.0,A01
201300015099,0,32,0,0.0,2.0,7.0,17.0,A01
201300015099,0,7,0,0.0,2.0,3.0,1.0,B01
201300015100,0,7,0,6.0,0.0,0.0,1.0,A01
201300015101,0,7,0,0.0,2.0,6.0,2.0,B01
201300015101,0,31,0,0.0,2.0,1.0,3.0,A01
201300015102,0,7,0,0.0,1.0,1.0,1.0,A01
201300015103,0,33,0,0.0,2.0,1.0,1.0,B01
201300015103,0,7,0,0.0,2.0,3.0,9.0,A01
201300015104,0,7,0,0.0,2.0,1.0,1.0,A01
201300015104,0,7,0,0.0,2.0,3.0,9.0,B01
201300015105,0,7,0,0.0,2.0,8.0,13.0,B01
201300015105,0,30,0,0.0,2.0,1.0,17.0,A01
201300015106,0,33,0,0.0,2.0,1.0,1.0,B01
201300015106,0,7,0,0.0,2.0,8.0,10.0,A01
201300015107,0,34,0,0.0,0.0,0.0,0.0,A01
201300015108,1,7,0,0.0,0.0,0.0,0.0,Z01
201300015108,0,33,0,14.0,2.0,2.0,1.0,A01
201300015109,0,2,0,0.0,2.0,1.0,0.0,B01
201300015109,0,7,0,0.0,2.0,3.0,0.0,A01
201300015110,0,32,0,0.0,2.0,2.0,17.0,B01
201300015110,0,7,0,0.0,2.0,6.0,15.0,A01
201300015111,0,37,1,1.0,2.0,1.0,2.0,A01
201300015111,0,7,0,0.0,2.0,4.0,7.0,B01
201300015112,0,7,0,0.0,2.0,4.0,2.0,B01
201300015112,0,7,0,0.0,2.0,1.0,2.0,A01
201300015113,0,7,0,0.0,2.0,1.0,2.0,A01
201300015113,0,7,0,0.0,2.0,4.0,2.0,B01
201300015114,0,34,0,0.0,2.0,1.0,1.0,A01
201300015114,0,7,0,0.0,2.0,3.0,16.0,B01
201300015114,0,7,0,0.0,2.0,4.0,23.0,C01
201300015115,0,32,0,0.0,2.0,1.0,1.0,A01
201300015115,0,32,0,0.0,2.0,7.0,1.0,B01
201300015116,0,7,0,0.0,2.0,3.0,17.0,B01
201300015116,0,32,0,0.0,2.0,1.0,17.0,A01
201300015117,0,7,0,0.0,2.0,4.0,2.0,B01
201300015117,0,7,0,0.0,2.0,1.0,2.0,A01
201300015118,0,7,0,0.0,2.0,8.0,15.0,B01
201300015118,0,33,0,0.0,2.0,1.0,1.0,A01
201300015119,0,32,0,0.0,2.0,1.0,13.0,A01
201300015119,0,7,0,0.0,2.0,8.0,1.0,B01
201300015120,0,34,0,0.0,1.0,9.0,1.0,A01
201300015121,0,32,0,0.0,0.0,8.0,2.0,A01
201300015122,0,7,0,0.0,1.0,2.0,1.0,A01
201300015123,0,7,0,0.0,0.0,3.0,0.0,B01
201300015123,0,7,0,0.0,0.0,3.0,11.0,A01
201300015124,0,10,0,0.0,2.0,1.0,15.0,A01
201300015124,0,10,0,0.0,2.0,7.0,1.0,B01
201300015125,0,33,0,0.0,2.0,1.0,0.0,A01
201300015125,0,7,0,0.0,0.0,5.0,0.0,B01
201300015126,0,7,0,0.0,0.0,2.0,2.0,B01
201300015126,0,32,0,0.0,2.0,6.0,1.0,A01
201300015127,0,7,0,0.0,2.0,9.0,2.0,B01
201300015127,0,7,0,0.0,2.0,1.0,2.0,A01
201300015127,0,7,0,0.0,2.0,4.0,15.0,C01
201300015128,0,7,0,0.0,2.0,3.0,1.0,B01
201300015128,0,2,0,0.0,2.0,0.0,17.0,A01
201300015129,0,7,0,0.0,2.0,8.0,1.0,A01
201300015129,0,7,0,0.0,2.0,6.0,1.0,C01
201300015129,0,7,0,0.0,2.0,1.0,1.0,B01
201300015130,0,7,0,0.0,1.0,3.0,1.0,A01
201300015131,0,7,0,0.0,2.0,6.0,15.0,A01
201300015131,0,34,0,0.0,2.0,1.0,1.0,B01
201300015132,0,7,0,0.0,0.0,0.0,1.0,A01
201300015133,0,7,0,4.0,0.0,1.0,1.0,A01
201300015134,0,2,0,12.0,0.0,7.0,1.0,A01
201300015135,0,7,0,0.0,0.0,7.0,1.0,B01
201300015135,0,30,0,0.0,2.0,3.0,1.0,A01
201300015136,0,2,0,0.0,2.0,1.0,1.0,B01
201300015136,0,7,0,0.0,2.0,3.0,11.0,A01
201300015137,1,34,0,0.0,0.0,0.0,0.0,Z01
201300015137,0,30,0,0.0,0.0,8.0,15.0,A01
201300015138,0,7,0,0.0,2.0,1.0,2.0,A01
201300015138,0,7,0,0.0,2.0,4.0,2.0,B01
201300015139,0,7,0,0.0,2.0,3.0,17.0,A01
201300015139,0,7,0,0.0,2.0,3.0,1.0,B01
201300015140,0,33,0,0.0,2.0,8.0,2.0,B01
201300015140,0,7,0,0.0,2.0,5.0,2.0,A01
201300015141,0,7,0,0.0,2.0,1.0,2.0,B01
201300015141,0,7,0,0.0,2.0,3.0,2.0,C01
201300015141,0,7,0,0.0,0.0,1.0,11.0,A01
201300015141,0,7,0,0.0,2.0,1.0,2.0,D01
201300015142,0,33,0,0.0,2.0,2.0,1.0,B01
201300015142,0,7,0,0.0,2.0,4.0,11.0,A01
201300015143,0,7,0,0.0,1.0,1.0,2.0,A01
201300015144,0,32,0,0.0,0.0,0.0,0.0,A01
201300015145,0,7,0,0.0,2.0,5.0,1.0,B01
201300015145,0,32,0,0.0,2.0,1.0,1.0,A01
201300015146,0,7,0,8.0,0.0,1.0,15.0,A01
201300015147,0,7,0,0.0,0.0,4.0,2.0,B01
201300015147,0,7,0,0.0,2.0,1.0,2.0,A01
201300015148,0,10,0,0.0,2.0,4.0,1.0,B01
201300015148,0,14,0,0.0,2.0,1.0,21.0,A01
201300015149,0,7,0,0.0,2.0,5.0,12.0,A01
201300015149,0,34,0,0.0,2.0,1.0,1.0,B01
201300015150,0,30,0,0.0,2.0,6.0,2.0,A01
201300015150,0,7,0,0.0,2.0,6.0,15.0,B01
201300015151,1,7,0,0.0,1.0,1.0,0.0,Z01
201300015152,1,99,0,0.0,0.0,0.0,0.0,Z01
201300015152,0,7,0,12.0,0.0,5.0,1.0,A01
201300015153,0,33,0,0.0,0.0,4.0,1.0,B01
201300015153,0,7,0,0.0,0.0,1.0,9.0,A01
201300015154,0,14,0,0.0,2.0,0.0,17.0,A01
201300015154,0,7,0,0.0,2.0,8.0,0.0,B01
201300015155,0,34,0,0.0,2.0,8.0,15.0,A01
201300015155,0,32,0,0.0,2.0,1.0,1.0,B01
201300015156,0,7,0,0.0,0.0,6.0,0.0,B01
201300015156,0,2,0,0.0,2.0,1.0,0.0,A01
201300015157,0,2,0,0.0,0.0,0.0,0.0,A01
201300015157,0,10,0,0.0,0.0,0.0,1.0,B01
201300015158,1,7,0,0.0,0.0,0.0,2.0,Z01
201300015158,0,1,0,0.0,0.0,8.0,2.0,A01
201300015159,0,33,0,0.0,2.0,8.0,1.0,B01
201300015159,0,7,0,0.0,2.0,1.0,9.0,A01
201300015160,0,31,0,0.0,1.0,3.0,1.0,A01
201300015161,0,30,0,0.0,2.0,4.0,2.0,A01
201300015161,0,7,0,0.0,2.0,4.0,1.0,B01
201300015162,0,7,0,0.0,1.0,8.0,1.0,A01
201300015163,0,10,0,0.0,1.0,6.0,4.0,A01
201300015164,0,7,0,0.0,2.0,7.0,2.0,B01
201300015164,0,32,0,0.0,2.0,8.0,2.0,A01
201300015165,0,7,0,0.0,2.0,4.0,2.0,B01
201300015165,0,7,0,0.0,2.0,1.0,2.0,A01
201300015166,0,32,0,0.0,0.0,0.0,0.0,A01
201300015167,0,33,0,0.0,1.0,1.0,0.0,A01
201300015168,1,7,0,0.0,2.0,1.0,2.0,Z01
201300015168,0,32,0,0.0,0.0,4.0,23.0,B01
201300015169,0,7,0,0.0,2.0,4.0,2.0,B01
201300015169,0,7,0,0.0,2.0,1.0,2.0,A01
201300015169,0,7,0,0.0,2.0,9.0,2.0,C01
201300015170,0,30,0,0.0,2.0,1.0,1.0,B01
201300015170,0,7,0,0.0,2.0,3.0,15.0,A01
201300015171,2,30,0,0.0,1.0,1.0,0.0,A01
201300015172,0,10,0,0.0,2.0,7.0,1.0,B01
201300015172,0,7,0,0.0,2.0,8.0,1.0,A01
201300015173,0,33,0,0.0,0.0,1.0,1.0,B01
201300015173,0,7,0,0.0,0.0,2.0,15.0,A01
201300015174,0,34,0,0.0,0.0,0.0,1.0,A01
201300015175,0,3,0,4.0,2.0,2.0,1.0,A01
201300015175,0,7,0,0.0,2.0,1.0,2.0,B01
201300015176,0,7,0,0.0,2.0,2.0,12.0,A01
201300015176,0,32,0,0.0,2.0,3.0,1.0,B01
201300015177,0,7,0,0.0,2.0,8.0,1.0,B01
201300015177,0,7,0,0.0,2.0,0.0,1.0,A01
201300015178,0,32,0,0.0,0.0,0.0,1.0,A01
201300015179,0,32,0,0.0,2.0,8.0,0.0,B01
201300015179,0,3,0,0.0,2.0,7.0,0.0,A01
201300015180,0,7,0,0.0,1.0,7.0,0.0,A01
201300015181,0,7,0,0.0,0.0,4.0,2.0,C01
201300015181,0,7,0,0.0,2.0,1.0,2.0,B01
201300015181,0,7,0,0.0,2.0,1.0,2.0,A01
201300015182,0,7,0,0.0,2.0,3.0,15.0,A01
201300015182,0,33,0,0.0,2.0,8.0,1.0,B01
201300015183,0,33,0,0.0,1.0,2.0,21.0,A01
201300015184,0,7,0,0.0,2.0,4.0,2.0,C01
201300015184,0,7,0,0.0,2.0,1.0,2.0,A01
201300015184,0,7,0,0.0,2.0,1.0,2.0,B01
201300015185,0,7,0,0.0,2.0,8.0,15.0,B01
201300015185,0,2,0,0.0,2.0,3.0,3.0,A01
201300015186,0,30,0,0.0,2.0,1.0,1.0,B01
201300015186,0,7,0,0.0,2.0,2.0,19.0,A01
201300015187,0,33,0,0.0,2.0,9.0,1.0,A01
201300015187,0,7,0,0.0,2.0,6.0,19.0,B01
201300015188,0,7,0,0.0,2.0,3.0,1.0,A01
201300015188,0,1,0,0.0,2.0,8.0,15.0,B01
201300015189,0,37,1,0.0,0.0,3.0,7.0,A01
201300015189,1,7,0,1.0,2.0,1.0,0.0,Z01
201300015190,0,32,0,0.0,2.0,1.0,1.0,B01
201300015190,0,7,0,0.0,2.0,7.0,15.0,A01
201300015191,0,7,0,0.0,2.0,3.0,15.0,A01
201300015191,0,33,0,0.0,2.0,1.0,1.0,B01
201300015192,0,33,0,0.0,1.0,1.0,17.0,A01
201300015193,0,34,0,0.0,2.0,0.0,1.0,B01