Num_Acc,senc,catv,occutc,obs,obsm,choc,manv,num_veh
201300015735,0,31,0,0.0,1.0,1.0,2.0,A01
201300015736,0,30,0,0.0,2.0,1.0,1.0,B01
201300015736,0,7,0,0.0,2.0,3.0,9.0,A01
201300015737,1,7,0,0.0,1.0,2.0,1.0,Z01
201300015738,1,7,0,0.0,1.0,0.0,1.0,Z01
201300015739,1,7,0,0.0,1.0,0.0,1.0,Z01
201300015740,0,34,0,0.0,2.0,1.0,0.0,B01
201300015740,0,7,0,0.0,2.0,3.0,0.0,A01
201300015741,0,33,0,0.0,2.0,7.0,2.0,B01
201300015741,0,7,0,0.0,0.0,1.0,19.0,A01
201300015742,0,33,0,0.0,0.0,0.0,1.0,B01
201300015742,0,7,0,0.0,0.0,0.0,16.0,A01
201300015743,0,34,0,0.0,0.0,8.0,1.0,A01
201300015744,0,7,0,0.0,2.0,8.0,10.0,A01
201300015744,0,30,0,0.0,2.0,1.0,17.0,B01
201300015745,0,7,0,0.0,2.0,1.0,5.0,B01
201300015745,0,7,0,0.0,2.0,1.0,5.0,A01
201300015746,0,7,0,0.0,2.0,1.0,0.0,A01
201300015746,0,7,0,0.0,2.0,1.0,0.0,B01
201300015747,0,7,0,0.0,0.0,2.0,0.0,B01
201300015747,0,32,0,1.0,0.0,1.0,0.0,A01
201300015748,0,7,0,0.0,2.0,6.0,15.0,B01
201300015748,0,7,0,0.0,2.0,2.0,15.0,A01
201300015749,0,33,0,0.0,2.0,1.0,1.0,B01
201300015749,0,10,0,0.0,2.0,2.0,1.0,A01
201300015750,0,7,0,0.0,2.0,1.0,1.0,B01
201300015750,2,7,0,0.0,2.0,1.0,1.0,A01
201300015751,0,7,0,0.0,1.0,1.0,2.0,A01
201300015752,0,2,0,0.0,0.0,0.0,1.0,A01
201300015753,0,7,0,0.0,0.0,4.0,13.0,B01
201300015753,1,7,0,0.0,2.0,1.0,0.0,Z01
201300015754,1,2,0,0.0,1.0,1.0,1.0,Z01
201300015755,0,10,0,0.0,1.0,4.0,4.0,A01
201300015756,0,30,0,8.0,0.0,1.0,17.0,B01
201300015756,0,7,0,15.0,0.0,3.0,15.0,A01
201300015757,0,7,0,0.0,2.0,3.0,1.0,B01
201300015757,0,7,0,0.0,2.0,3.0,17.0,A01
201300015758,0,7,0,0.0,2.0,2.0,16.0,A01
201300015758,0,1,0,0.0,2.0,3.0,18.0,B01
201300015759,0,7,0,0.0,2.0,1.0,2.0,A01
201300015759,0,7,0,0.0,2.0,4.0,23.0,B01
201300015760,0,7,0,0.0,1.0,3.0,0.0,A01
201300015761,0,32,0,1.0,0.0,1.0,2.0,A01
201300015762,0,7,0,0.0,0.0,8.0,2.0,A01
201300015762,0,17,0,0.0,0.0,2.0,2.0,B01
201300015763,2,7,0,1.0,0.0,1.0,1.0,A01
201300015764,0,30,0,0.0,2.0,1.0,17.0,B01
201300015764,0,7,0,0.0,2.0,2.0,17.0,A01
201300015765,0,10,0,6.0,0.0,1.0,0.0,A01
201300015766,0,7,0,0.0,2.0,2.0,1.0,A01
201300015766,0,32,0,0.0,1.0,4.0,2.0,B01
201300015767,0,7,0,0.0,2.0,1.0,9.0,A01
201300015767,0,33,0,0.0,2.0,1.0,1.0,B01
201300015768,0,7,0,0.0,2.0,7.0,5.0,A01
201300015768,0,7,0,0.0,2.0,3.0,16.0,B01
201300015769,0,2,0,0.0,2.0,8.0,1.0,B01
201300015769,1,7,0,0.0,0.0,0.0,15.0,Z01
201300015770,0,7,0,8.0,0.0,1.0,15.0,A01
201300015771,0,34,0,0.0,2.0,8.0,1.0,B01
201300015771,0,7,0,0.0,2.0,6.0,23.0,C01
201300015771,0,7,0,0.0,2.0,3.0,13.0,A01
201300015772,0,30,0,0.0,2.0,1.0,1.0,B01
201300015772,0,7,0,0.0,2.0,7.0,10.0,A01
201300015773,0,7,0,0.0,2.0,8.0,9.0,A01
201300015773,0,7,0,0.0,2.0,1.0,0.0,B01
201300015774,0,32,0,0.0,2.0,7.0,17.0,B01
201300015774,0,10,0,0.0,2.0,1.0,9.0,A01
201300015775,0,7,0,0.0,2.0,6.0,0.0,B01
201300015775,0,7,0,1.0,0.0,2.0,0.0,A01
201300015776,0,7,0,0.0,0.0,3.0,1.0,A01
201300015776,0,33,0,0.0,0.0,8.0,1.0,B01
201300015777,0,2,0,0.0,1.0,1.0,0.0,A01
201300015778,0,32,0,0.0,0.0,0.0,1.0,B01
201300015778,1,7,0,0.0,2.0,0.0,1.0,Z01
201300015779,0,7,0,0.0,0.0,3.0,20.0,B01
201300015779,0,2,0,0.0,2.0,1.0,17.0,A01
201300015780,0,7,0,0.0,2.0,3.0,15.0,A01
201300015780,0,30,0,0.0,2.0,1.0,1.0,B01
201300015781,0,7,0,0.0,2.0,7.0,0.0,A01
201300015781,0,7,0,0.0,2.0,8.0,0.0,B01
201300015782,0,7,0,0.0,1.0,8.0,2.0,A01
201300015783,0,7,0,0.0,2.0,1.0,15.0,B01
201300015783,0,30,0,0.0,2.0,1.0,1.0,A01
201300015784,0,32,0,0.0,2.0,1.0,17.0,A01
201300015784,0,7,0,0.0,2.0,6.0,1.0,B01
201300015785,0,32,0,0.0,2.0,7.0,0.0,A01
201300015785,0,7,0,0.0,2.0,3.0,0.0,B01
201300015786,0,30,0,0.0,2.0,8.0,2.0,B01
201300015786,0,38,1,0.0,2.0,7.0,2.0,A01
201300015787,0,99,0,0.0,2.0,3.0,1.0,B01
201300015787,0,30,0,0.0,2.0,1.0,0.0,A01
201300015788,0,7,0,0.0,2.0,7.0,15.0,A01
201300015788,0,33,0,0.0,2.0,1.0,1.0,B01
201300015789,0,7,0,1.0,1.0,1.0,14.0,A01
201300015790,0,33,0,0.0,2.0,2.0,2.0,B01
201300015790,0,7,0,0.0,2.0,3.0,2.0,A01
201300015791,0,32,0,0.0,1.0,1.0,17.0,A01
201300015792,0,30,0,8.0,0.0,1.0,1.0,A01
201300015793,0,7,0,12.0,1.0,7.0,1.0,A01
201300015794,0,38,15,0.0,2.0,2.0,1.0,B01
201300015794,0,7,0,8.0,2.0,5.0,16.0,A01
201300015795,0,7,0,0.0,2.0,3.0,1.0,B01
201300015795,0,7,0,6.0,2.0,1.0,1.0,A01
201300015796,0,1,0,0.0,2.0,0.0,0.0,B01
201300015796,0,33,0,0.0,2.0,0.0,1.0,A01
201300015797,0,7,0,0.0,2.0,8.0,21.0,B01
201300015797,0,33,0,0.0,2.0,1.0,1.0,A01
201300015798,1,7,0,0.0,2.0,3.0,9.0,A01
201300015798,0,7,0,0.0,2.0,2.0,1.0,B01
201300015799,0,34,0,1.0,0.0,1.0,1.0,A01
201300015800,0,7,0,0.0,2.0,3.0,0.0,A01
201300015800,0,7,0,0.0,2.0,9.0,0.0,B01
201300015801,0,33,0,4.0,0.0,1.0,13.0,A01
201300015802,0,7,0,0.0,1.0,7.0,15.0,A01
201300015803,0,7,0,0.0,0.0,0.0,15.0,B01
201300015803,0,32,0,0.0,2.0,8.0,1.0,A01
201300015804,0,2,0,0.0,2.0,3.0,1.0,B01
201300015804,0,7,0,0.0,2.0,1.0,15.0,A01
201300015805,0,7,0,0.0,0.0,4.0,2.0,D01
201300015805,0,7,0,0.0,0.0,4.0,2.0,B01
201300015805,0,7,0,0.0,0.0,4.0,2.0,C01
201300015805,0,7,0,0.0,0.0,1.0,2.0,A01
201300015806,0,33,0,0.0,2.0,1.0,1.0,A01
201300015806,0,7,0,0.0,2.0,3.0,9.0,B01
201300015807,0,7,0,0.0,2.0,8.0,1.0,B01
201300015807,0,34,0,0.0,2.0,2.0,13.0,A01
201300015808,0,30,0,0.0,0.0,7.0,0.0,A01
201300015809,0,7,0,0.0,2.0,0.0,10.0,A01
201300015809,0,33,0,0.0,0.0,0.0,1.0,B01
201300015810,0,7,0,6.0,0.0,0.0,0.0,A01
201300015811,0,31,0,1.0,0.0,2.0,2.0,A01
201300015811,0,37,7,0.0,0.0,6.0,23.0,B01
201300015812,0,30,0,0.0,2.0,2.0,1.0,B01
201300015812,0,7,0,0.0,2.0,2.0,5.0,A01
201300015813,0,7,0,0.0,2.0,7.0,19.0,B01
201300015813,0,7,0,0.0,2.0,1.0,2.0,A01
201300015814,0,7,0,1.0,9.0,3.0,2.0,B01
201300015815,0,33,0,0.0,2.0,2.0,2.0,A01
201300015815,0,7,0,0.0,2.0,6.0,2.0,B01
201300015816,0,7,0,0.0,2.0,2.0,15.0,B01
201300015816,0,30,0,0.0,2.0,1.0,1.0,A01
201300015817,0,30,0,0.0,2.0,1.0,17.0,A01
201300015817,0,7,0,0.0,2.0,3.0,19.0,B01
201300015818,0,7,0,0.0,2.0,1.0,2.0,A01
201300015818,0,7,0,0.0,0.0,4.0,1.0,B01
201300015819,0,32,0,0.0,2.0,1.0,1.0,A01
201300015819,0,7,0,0.0,2.0,6.0,1.0,B01
201300015820,0,33,0,0.0,2.0,7.0,2.0,B01
201300015820,0,7,0,0.0,2.0,7.0,2.0,A01
201300015821,0,31,0,0.0,2.0,1.0,0.0,B01
201300015821,0,7,0,0.0,2.0,2.0,11.0,A01
201300015822,0,30,0,0.0,1.0,7.0,1.0,A01
201300015823,0,7,0,0.0,2.0,1.0,1.0,A01
201300015823,0,7,0,0.0,2.0,4.0,1.0,B01
201300015823,0,7,0,0.0,0.0,5.0,1.0,C01
201300015824,0,7,0,0.0,2.0,3.0,15.0,A01
201300015824,0,32,0,1.0,2.0,1.0,17.0,B01
201300015825,0,7,0,0.0,2.0,1.0,1.0,B01
201300015825,2,7,0,0.0,2.0,1.0,1.0,A01
201300015826,1,7,0,0.0,1.0,4.0,4.0,A01
201300015827,0,7,0,0.0,2.0,6.0,15.0,A01
201300015827,0,33,0,0.0,2.0,1.0,1.0,B01
201300015828,0,7,0,0.0,1.0,0.0,1.0,A01
201300015829,0,15,0,0.0,2.0,4.0,2.0,B01
201300015829,0,7,0,0.0,2.0,1.0,2.0,A01
201300015830,0,7,0,0.0,0.0,4.0,23.0,B01
201300015830,0,7,0,0.0,2.0,1.0,2.0,A01
201300015831,0,33,0,0.0,2.0,7.0,17.0,B01
201300015831,0,7,0,0.0,2.0,3.0,13.0,A01
201300015832,0,7,0,0.0,2.0,4.0,23.0,A01
201300015832,1,7,0,0.0,2.0,4.0,2.0,Z01
201300015833,0,7,0,0.0,2.0,1.0,21.0,B01
201300015833,0,7,0,15.0,2.0,9.0,0.0,A01
201300015834,0,30,0,0.0,0.0,0.0,0.0,A01
201300015835,0,34,0,0.0,2.0,2.0,9.0,B01
201300015835,0,7,0,0.0,2.0,0.0,1.0,A01
201300015836,0,30,0,0.0,0.0,0.0,1.0,A01
201300015837,0,30,0,0.0,1.0,1.0,1.0,A01
201300015838,0,34,0,0.0,2.0,6.0,2.0,B01
201300015838,0,7,0,0.0,2.0,6.0,13.0,A01
201300015839,0,33,0,0.0,2.0,1.0,18.0,A01
201300015839,0,32,0,0.0,0.0,9.0,0.0,B01
201300015840,0,34,0,0.0,,0.0,21.0,A01
201300015841,0,7,0,0.0,2.0,6.0,15.0,A01
201300015841,0,2,0,0.0,2.0,1.0,0.0,B01
201300015842,0,7,0,0.0,0.0,8.0,3.0,B01
201300015842,0,34,0,0.0,0.0,2.0,3.0,A01
201300015843,0,7,0,0.0,1.0,3.0,1.0,A01
201300015844,0,7,0,0.0,2.0,4.0,2.0,A01
201300015844,0,7,0,0.0,2.0,9.0,2.0,B01
201300015844,0,7,0,0.0,2.0,1.0,2.0,C01
201300015845,0,7,0,12.0,0.0,2.0,1.0,A01
201300015846,0,30,0,0.0,2.0,0.0,0.0,C01
201300015846,0,7,0,0.0,2.0,1.0,0.0,A01
201300015846,0,30,0,0.0,2.0,0.0,1.0,B01
201300015847,0,7,0,0.0,0.0,1.0,0.0,A01
201300015847,0,7,0,0.0,0.0,3.0,0.0,B01
201300015848,0,7,0,0.0,2.0,2.0,2.0,A01
201300015848,0,33,0,0.0,2.0,4.0,2.0,B01
201300015849,0,7,0,0.0,2.0,3.0,9.0,B01
201300015849,0,7,0,0.0,2.0,2.0,1.0,A01
201300015850,0,7,0,0.0,2.0,4.0,1.0,C01
201300015850,0,7,0,0.0,2.0,2.0,1.0,A01
201300015850,0,7,0,0.0,2.0,4.0,1.0,B01
201300015851,0,7,0,1.0,0.0,1.0,1.0,A01
201300015852,0,31,0,0.0,0.0,4.0,1.0,B01
201300015852,0,15,0,0.0,2.0,1.0,2.0,A01
201300015853,0,7,0,1.0,0.0,9.0,13.0,A01
201300015854,0,7,0,0.0,1.0,1.0,1.0,A01
201300015855,0,33,0,0.0,2.0,1.0,17.0,B01
201300015855,0,7,0,0.0,2.0,3.0,15.0,A01
201300015856,0,32,0,0.0,2.0,1.0,1.0,B01
201300015856,0,7,0,0.0,2.0,3.0,15.0,A01
201300015857,0,7,0,0.0,0.0,1.0,1.0,B01
201300015857,0,7,0,0.0,0.0,1.0,1.0,C01
201300015857,0,7,0,0.0,2.0,1.0,5.0,A01
201300015858,0,7,0,6.0,0.0,1.0,1.0,A01
201300015858,0,7,0,0.0,9.0,1.0,1.0,B01
201300015859,0,7,0,0.0,2.0,8.0,1.0,C01
201300015859,0,33,0,0.0,2.0,3.0,17.0,A01
201300015859,0,7,0,0.0,2.0,3.0,1.0,B01
201300015860,0,7,0,0.0,0.0,0.0,9.0,A01
201300015860,0,33,0,0.0,2.0,0.0,9.0,B01
201300015861,0,7,0,0.0,,0.0,0.0,A01
201300015861,0,10,0,0.0,2.0,1.0,2.0,B01
201300015862,1,99,0,0.0,2.0,1.0,2.0,Z01
201300015862,0,1,0,0.0,2.0,4.0,2.0,B01
201300015863,1,2,0,0.0,1.0,0.0,0.0,Z01
201300015864,0,7,0,0.0,1.0,3.0,21.0,A01
201300015865,0,30,0,0.0,2.0,2.0,1.0,A01
201300015865,1,99,0,0.0,0.0,0.0,0.0,Z01
201300015866,0,7,0,0.0,1.0,1.0,1.0,A01
201300015867,1,7,0,0.0,2.0,1.0,1.0,Z01
201300015867,0,1,0,0.0,2.0,4.0,1.0,B01
201300015868,1,7,0,0.0,2.0,1.0,1.0,Z01
201300015868,0,7,0,0.0,2.0,0.0,1.0,B01
201300015869,0,30,0,0.0,2.0,1.0,2.0,A01
201300015870,0,7,0,0.0,2.0,3.0,9.0,A01
201300015870,0,33,0,0.0,2.0,1.0,0.0,B01
201300015871,0,1,0,0.0,2.0,1.0,0.0,B01
201300015871,0,7,0,0.0,2.0,5.0,15.0,A01
201300015872,0,7,0,0.0,2.0,1.0,1.0,A01
201300015872,0,7,0,0.0,0.0,4.0,1.0,B01
201300015873,0,7,0,6.0,0.0,1.0,0.0,A01
201300015874,1,7,0,0.0,1.0,1.0,1.0,Z01
201300015875,0,7,0,0.0,1.0,1.0,0.0,A01
201300015876,0,7,0,0.0,1.0,3.0,17.0,A01
201300015877,0,7,0,0.0,2.0,3.0,14.0,B01
201300015877,0,2,0,8.0,2.0,1.0,18.0,A01
201300015878,0,7,0,0.0,2.0,3.0,1.0,B01
201300015878,0,7,0,0.0,2.0,5.0,9.0,A01
201300015879,1,7,0,0.0,0.0,0.0,0.0,Z01
201300015879,0,3,0,0.0,2.0,8.0,1.0,B01
201300015880,0,7,0,1.0,0.0,1.0,0.0,A01
201300015881,0,7,0,0.0,2.0,3.0,15.0,A01
201300015881,0,34,0,0.0,2.0,1.0,1.0,B01
201300015882,0,7,0,0.0,2.0,1.0,19.0,B01
201300015882,0,34,0,0.0,2.0,2.0,1.0,A01
201300015883,0,7,0,0.0,2.0,6.0,15.0,B01
201300015883,0,2,0,0.0,2.0,1.0,1.0,A01
201300015884,0,33,0,0.0,2.0,0.0,16.0,B01
201300015884,0,7,0,0.0,2.0,0.0,12.0,A01
201300015885,1,7,0,0.0,1.0,1.0,0.0,Z01
201300015886,0,33,0,0.0,0.0,7.0,2.0,B01
201300015887,0,33,0,0.0,1.0,1.0,21.0,A01
201300015888,0,34,0,0.0,2.0,2.0,17.0,B01
201300015888,0,7,0,0.0,2.0,3.0,10.0,A01
201300015889,0,36,0,0.0,9.0,1.0,0.0,A01
201300015889,0,1,0,0.0,0.0,0.0,0.0,B01
201300015889,0,1,0,0.0,0.0,1.0,0.0,C01
201300015890,0,33,0,0.0,0.0,2.0,10.0,A01
201300015890,0,33,0,0.0,0.0,2.0,0.0,B01
201300015891,0,7,0,0.0,2.0,5.0,9.0,A01
201300015891,0,30,0,0.0,2.0,1.0,1.0,B01
201300015892,0,7,0,0.0,1.0,1.0,1.0,A01
201300015893,0,7,0,0.0,2.0,4.0,4.0,A01
201300015893,0,2,0,0.0,2.0,1.0,23.0,B01
201300015894,0,34,0,9.0,0.0,0.0,2.0,A01
201300015895,0,7,0,0.0,2.0,2.0,15.0,B01
201300015895,0,33,0,0.0,2.0,1.0,2.0,A01
201300015896,1,7,0,0.0,2.0,1.0,0.0,Z01
201300015896,0,30,0,0.0,2.0,6.0,1.0,B01
201300015897,0,7,0,0.0,2.0,7.0,1.0,A01
201300015897,0,30,0,0.0,2.0,8.0,1.0,B01
201300015898,0,7,0,0.0,0.0,3.0,2.0,B01
201300015898,0,32,0,0.0,0.0,2.0,2.0,A01
201300015899,0,7,0,0.0,2.0,8.0,1.0,A01
201300015899,0,7,0,0.0,2.0,1.0,1.0,B01
201300015900,0,7,0,0.0,2.0,1.0,1.0,B01
201300015900,1,7,0,0.0,2.0,1.0,5.0,Z01
201300015901,0,7,0,0.0,2.0,1.0,2.0,B01
201300015901,0,10,0,0.0,2.0,3.0,9.0,A01
201300015902,0,7,0,0.0,2.0,1.0,15.0,A01
201300015902,0,7,0,0.0,2.0,3.0,1.0,B01
201300015903,1,7,0,0.0,1.0,0.0,0.0,Z01
201300015904,0,7,0,0.0,2.0,1.0,1.0,A01
201300015904,0,7,0,0.0,2.0,4.0,1.0,B01
201300015905,0,7,0,0.0,1.0,3.0,1.0,A01
201300015906,0,7,0,0.0,2.0,2.0,11.0,A01
201300015906,0,38,6,0.0,2.0,6.0,1.0,B01
201300015907,0,7,0,0.0,1.0,2.0,2.0,A01
201300015908,1,7,0,0.0,1.0,1.0,1.0,Z01
201300015909,0,7,0,0.0,2.0,3.0,13.0,A01
201300015909,0,33,0,0.0,2.0,1.0,2.0,B01
201300015910,0,1,0,0.0,2.0,2.0,1.0,A01
201300015910,1,7,0,0.0,2.0,3.0,1.0,Z01
201300015911,0,7,0,0.0,2.0,1.0,1.0,B01
201300015911,0,37,10,0.0,2.0,8.0,1.0,A01
201300015912,0,32,0,0.0,2.0,1.0,17.0,B01
201300015912,0,32,0,0.0,2.0,3.0,9.0,A01
201300015913,0,32,0,0.0,2.0,1.0,1.0,B01
201300015913,0,7,0,0.0,2.0,3.0,15.0,A01
201300015914,0,7,0,0.0,2.0,2.0,15.0,A01
201300015914,0,30,0,0.0,2.0,3.0,21.0,B01
201300015915,1,7,0,0.0,1.0,1.0,2.0,Z01
201300015916,1,30,0,0.0,1.0,1.0,1.0,Z01
201300015917,0,30,0,0.0,2.0,7.0,1.0,B01
201300015917,1,7,0,0.0,2.0,1.0,0.0,Z01
201300015918,0,37,3,0.0,2.0,2.0,1.0,B01
201300015918,0,10,0,0.0,2.0,8.0,19.0,A01
201300015919,2,7,0,1.0,0.0,9.0,0.0,A01
201300015920,0,7,0,0.0,1.0,4.0,4.0,A01
201300015921,0,7,0,0.0,2.0,5.0,2.0,A01
201300015921,0,7,0,0.0,2.0,1.0,2.0,B01
201300015922,0,30,0,0.0,2.0,1.0,1.0,B01
201300015922,1,7,0,0.0,9.0,4.0,13.0,Z01
201300015923,0,7,0,0.0,2.0,2.0,15.0,A01
201300015923,0,30,0,0.0,2.0,1.0,1.0,B01
201300015924,0,7,0,0.0,2.0,1.0,0.0,B01
201300015924,0,13,0,0.0,2.0,5.0,0.0,A01
201300015925,0,30,0,0.0,0.0,0.0,0.0,A01
201300015926,0,7,0,0.0,2.0,3.0,21.0,A01
201300015926,0,10,0,0.0,2.0,3.0,1.0,B01
201300015927,0,7,0,0.0,2.0,1.0,15.0,B01
201300015927,0,33,0,0.0,2.0,2.0,17.0,A01
201300015928,0,32,0,0.0,2.0,1.0,1.0,A01
201300015928,0,7,0,0.0,2.0,2.0,0.0,B01
201300015929,1,7,0,0.0,1.0,0.0,0.0,Z01
201300015930,0,33,0,0.0,0.0,0.0,0.0,B01
201300015930,0,7,0,0.0,2.0,7.0,15.0,A01
201300015931,0,7,0,0.0,2.0,1.0,2.0,A01
201300015931,2,7,0,0.0,2.0,4.0,4.0,Z01
201300015932,0,7,0,0.0,2.0,1.0,9.0,A01
201300015932,0,37,80,0.0,2.0,7.0,7.0,B01
201300015933,0,7,0,1.0,0.0,1.0,1.0,B01
201300015933,0,14,0,0.0,0.0,4.0,0.0,A01
201300015934,0,30,0,0.0,1.0,1.0,2.0,A01
201300015935,0,2,0,0.0,2.0,0.0,1.0,B01
201300015935,0,7,0,0.0,2.0,2.0,1.0,A01
201300015936,0,32,0,0.0,0.0,0.0,0.0,A01
201300015937,0,2,0,0.0,0.0,0.0,0.0,A01
201300015938,1,7,0,0.0,2.0,4.0,23.0,Z01
201300015938,0,7,0,0.0,2.0,4.0,23.0,B01
201300015938,0,7,0,0.0,2.0,1.0,1.0,A01
201300015939,0,7,0,0.0,2.0,3.0,15.0,A01
201300015939,0,7,0,0.0,2.0,1.0,1.0,B01
201300015940,0,7,0,0.0,1.0,7.0,0.0,A01
201300015941,0,7,0,0.0,2.0,8.0,22.0,A01
201300015941,0,33,0,1.0,0.0,2.0,22.0,B01
201300015942,0,7,0,0.0,2.0,3.0,1.0,B01
201300015942,0,7,0,0.0,2.0,1.0,1.0,A01
201300015943,0,37,3,0.0,2.0,2.0,1.0,B01
201300015943,0,7,0,0.0,2.0,3.0,10.0,A01
201300015944,0,7,0,0.0,0.0,3.0,0.0,A01
201300015944,0,33,0,0.0,0.0,0.0,0.0,B01
201300015945,0,34,0,1.0,0.0,1.0,2.0,A01
201300015946,0,7,0,0.0,1.0,1.0,1.0,A01
201300015947,0,7,0,0.0,1.0,2.0,1.0,B01
201300015948,0,32,0,0.0,2.0,1.0,1.0,B01
201300015948,0,10,0,0.0,2.0,8.0,10.0,A01
201300015949,0,33,0,0.0,2.0,1.0,1.0,B01
201300015949,0,7,0,0.0,2.0,3.0,10.0,A01
201300015950,2,30,0,0.0,2.0,0.0,18.0,Z01
201300015950,0,7,0,0.0,0.0,2.0,16.0,A01
201300015951,0,32,0,0.0,0.0,0.0,16.0,A01
201300015952,0,32,0,0.0,2.0,2.0,1.0,B01
201300015952,0,3,0,0.0,2.0,3.0,20.0,A01
201300015953,0,33,0,0.0,1.0,1.0,1.0,A01
201300015954,0,7,0,1.0,0.0,2.0,1.0,B01
201300015955,0,7,0,0.0,2.0,3.0,11.0,A01
201300015955,0,33,0,0.0,2.0,1.0,21.0,B01
201300015956,0,32,0,0.0,0.0,7.0,0.0,A01
201300015957,0,2,0,0.0,0.0,1.0,2.0,B01
201300015957,0,7,0,0.0,0.0,4.0,2.0,A01
201300015958,0,34,0,0.0,2.0,4.0,2.0,B01
201300015958,2,7,0,0.0,2.0,1.0,2.0,A01
201300015959,0,34,0,0.0,0.0,0.0,0.0,A01
201300015960,0,7,0,0.0,0.0,4.0,2.0,B01
201300015960,0,7,0,0.0,2.0,1.0,2.0,A01
201300015961,0,7,0,0.0,1.0,1.0,1.0,A01
201300015962,0,7,0,0.0,2.0,1.0,2.0,A01
201300015962,0,7,0,0.0,2.0,4.0,2.0,B01
201300015963,1,99,0,8.0,1.0,1.0,0.0,Z01
201300015964,0,7,0,0.0,0.0,1.0,0.0,A01
201300015964,0,7,0,0.0,0.0,4.0,0.0,B01
201300015965,0,7,0,0.0,2.0,1.0,2.0,A01
201300015965,0,7,0,0.0,2.0,4.0,0.0,C01
201300015965,0,10,0,0.0,2.0,4.0,0.0,B01
201300015966,0,7,0,0.0,1.0,3.0,2.0,A01
201300015967,0,7,0,0.0,2.0,1.0,9.0,B01
201300015967,0,33,0,0.0,2.0,1.0,1.0,A01
201300015968,0,7,0,0.0,2.0,1.0,2.0,A01
201300015968,0,7,0,0.0,0.0,4.0,2.0,B01
201300015969,0,7,0,0.0,2.0,4.0,1.0,A01
201300015969,0,7,0,0.0,0.0,4.0,0.0,B01
201300015970,0,32,0,0.0,2.0,7.0,3.0,A01
201300015970,0,7,0,0.0,2.0,3.0,15.0,B01
201300015971,0,2,0,0.0,2.0,8.0,18.0,B01
201300015971,0,7,0,0.0,2.0,5.0,16.0,A01
201300015972,0,32,0,11.0,0.0,1.0,17.0,A01
201300015972,0,10,0,0.0,2.0,6.0,2.0,B01
201300015973,0,7,0,0.0,2.0,3.0,9.0,A01
201300015973,0,32,0,0.0,2.0,1.0,21.0,B01
201300015974,0,30,0,0.0,2.0,1.0,1.0,A01
201300015974,0,7,0,0.0,0.0,3.0,1.0,B01
201300015975,0,32,0,0.0,2.0,2.0,21.0,B01
201300015975,0,10,0,0.0,2.0,3.0,9.0,A01
201300015976,0,34,0,0.0,1.0,1.0,17.0,A01
201300015977,0,7,0,0.0,1.0,7.0,1.0,A01
201300015978,0,7,0,0.0,2.0,1.0,1.0,B01
201300015978,0,7,0,15.0,2.0,3.0,1.0,A01
201300015979,0,7,0,0.0,2.0,3.0,16.0,A01
201300015979,0,32,0,0.0,2.0,3.0,1.0,B01
201300015980,0,7,0,0.0,2.0,4.0,2.0,B01
201300015980,0,7,0,0.0,2.0,1.0,2.0,A01
201300015980,0,7,0,0.0,0.0,4.0,2.0,C01
201300015981,0,7,0,0.0,2.0,1.0,1.0,A01
201300015981,0,7,0,0.0,0.0,4.0,1.0,B01
201300015982,0,7,0,0.0,2.0,1.0,2.0,A01
201300015982,0,7,0,0.0,0.0,4.0,1.0,B01
201300015983,0,7,0,0.0,0.0,0.0,15.0,A01
201300015983,0,7,0,0.0,2.0,3.0,1.0,B01
201300015984,0,7,0,0.0,1.0,1.0,1.0,A01
201300015985,0,7,0,0.0,2.0,1.0,2.0,A01
201300015985,0,7,0,0.0,2.0,4.0,2.0,B01
201300015985,0,7,0,0.0,2.0,4.0,0.0,C01
201300015986,0,7,0,0.0,2.0,3.0,15.0,B01
201300015986,0,32,0,0.0,2.0,2.0,17.0,A01
201300015987,0,7,0,6.0,0.0,1.0,1.0,A01
201300015988,0,32,0,0.0,2.0,2.0,19.0,A01
201300015988,0,33,0,0.0,2.0,1.0,1.0,B01
201300015989,1,99,0,0.0,0.0,0.0,0.0,Z01
201300015989,0,7,0,15.0,0.0,3.0,1.0,A01
201300015990,0,30,0,0.0,0.0,1.0,2.0,A01
201300015990,0,7,0,0.0,0.0,4.0,2.0,B01
201300015991,0,33,0,0.0,2.0,1.0,1.0,B01
201300015991,0,10,0,0.0,2.0,3.0,9.0,A01
201300015992,0,7,0,0.0,0.0,0.0,2.0,B01
201300015992,0,31,0,0.0,2.0,0.0,2.0,A01
201300015993,0,7,0,0.0,2.0,6.0,11.0,B01
201300015993,2,7,0,0.0,2.0,9.0,0.0,C01
201300015993,0,7,0,0.0,0.0,0.0,4.0,A01
201300015994,0,33,0,0.0,1.0,1.0,1.0,A01
201300015995,0,7,0,0.0,0.0,2.0,9.0,A01
201300015995,0,32,0,0.0,0.0,1.0,1.0,B01
201300015996,0,7,0,0.0,2.0,0.0,1.0,B01
201300015996,0,30,0,0.0,2.0,0.0,1.0,A01
201300015997,0,7,0,0.0,0.0,1.0,1.0,B01
201300015997,0,10,0,0.0,2.0,3.0,0.0,C01
201300015997,0,33,0,0.0,0.0,0.0,2.0,A01
201300015998,0,7,0,0.0,2.0,1.0,2.0,A01
201300015998,0,31,0,0.0,2.0,4.0,23.0,B01
201300015999,0,1,0,0.0,2.0,1.0,7.0,A01
201300015999,0,7,0,0.0,9.0,2.0,2.0,B01
201300016000,0,40,0,0.0,1.0,2.0,1.0,A01