Num_Acc,senc,catv,occutc,obs,obsm,choc,manv,num_veh
201300016001,0,31,0,0.0,2.0,1.0,1.0,A01
201300016001,0,7,0,0.0,2.0,2.0,15.0,B01
201300016002,0,33,0,0.0,0.0,1.0,1.0,A01
201300016003,0,7,0,0.0,1.0,3.0,11.0,A01
201300016004,0,7,0,0.0,2.0,6.0,10.0,A01
201300016004,0,7,0,0.0,2.0,2.0,1.0,B01
201300016005,0,30,0,0.0,2.0,1.0,17.0,A01
201300016005,0,7,0,0.0,2.0,3.0,19.0,B01
201300016006,0,7,0,0.0,2.0,7.0,1.0,A01
201300016006,0,30,0,0.0,2.0,1.0,1.0,B01
201300016007,0,7,0,0.0,1.0,1.0,1.0,A01
201300016008,0,7,0,0.0,1.0,8.0,1.0,A01
201300016009,1,34,0,0.0,1.0,0.0,0.0,Z01
201300016010,0,7,0,0.0,2.0,3.0,15.0,B01
201300016010,0,33,0,0.0,2.0,1.0,1.0,A01
201300016011,1,7,0,0.0,2.0,1.0,0.0,Z01
201300016011,0,7,0,0.0,0.0,4.0,0.0,B01
201300016011,0,7,0,0.0,0.0,4.0,0.0,A01
201300016012,0,7,0,0.0,0.0,8.0,1.0,B01
201300016012,0,30,0,0.0,2.0,1.0,1.0,A01
201300016013,0,7,0,0.0,2.0,6.0,1.0,B01
201300016013,0,7,0,0.0,2.0,6.0,1.0,C01
201300016013,0,7,0,9.0,2.0,1.0,3.0,A01
201300016014,1,99,0,0.0,2.0,1.0,3.0,A01
201300016014,0,7,0,0.0,2.0,2.0,21.0,B01
201300016015,0,7,0,0.0,2.0,1.0,2.0,A01
201300016015,0,7,0,0.0,2.0,4.0,2.0,B01
201300016016,0,7,0,0.0,2.0,1.0,15.0,A01
201300016016,0,33,0,0.0,2.0,1.0,1.0,B01
201300016017,0,7,0,0.0,2.0,2.0,16.0,A01
201300016017,0,37,1,0.0,2.0,3.0,7.0,B01
201300016018,0,99,0,0.0,2.0,7.0,1.0,B01
201300016018,0,7,0,0.0,2.0,1.0,1.0,A01
201300016019,0,10,0,0.0,2.0,8.0,1.0,A01
201300016019,1,10,0,0.0,2.0,8.0,13.0,Z01
201300016020,0,7,0,0.0,1.0,3.0,15.0,A01
201300016021,0,7,0,15.0,0.0,1.0,0.0,A01
201300016022,0,7,0,0.0,1.0,0.0,0.0,A01
201300016023,0,2,0,0.0,2.0,6.0,1.0,A01
201300016024,0,7,0,0.0,2.0,1.0,1.0,A01
201300016024,0,7,0,0.0,2.0,4.0,23.0,C01
201300016024,0,7,0,0.0,2.0,4.0,23.0,B01
201300016025,0,7,0,1.0,0.0,3.0,2.0,B01
201300016025,0,34,0,0.0,2.0,7.0,17.0,A01
201300016026,0,7,0,0.0,1.0,1.0,15.0,A01
201300016027,0,10,0,8.0,2.0,1.0,1.0,A01
201300016027,0,7,0,0.0,2.0,6.0,1.0,B01
201300016028,0,33,0,0.0,2.0,2.0,1.0,B01
201300016028,0,10,0,0.0,0.0,8.0,10.0,A01
201300016029,0,7,0,0.0,1.0,1.0,1.0,A01
201300016030,0,7,0,0.0,2.0,1.0,6.0,A01
201300016030,0,7,0,0.0,2.0,1.0,1.0,B01
201300016031,0,32,0,14.0,0.0,1.0,1.0,A01
201300016032,0,10,0,0.0,1.0,1.0,16.0,A01
201300016033,0,7,0,0.0,1.0,3.0,1.0,A01
201300016034,0,7,0,0.0,1.0,3.0,15.0,A01
201300016035,0,33,0,0.0,1.0,1.0,1.0,A01
201300016036,0,30,0,0.0,0.0,7.0,17.0,A01
201300016037,0,7,0,0.0,2.0,1.0,1.0,B01
201300016037,0,7,0,0.0,2.0,7.0,0.0,A01
201300016038,0,7,0,1.0,0.0,1.0,5.0,A01
201300016039,1,7,0,0.0,2.0,1.0,5.0,Z01
201300016039,0,33,0,0.0,2.0,1.0,1.0,B01
201300016040,0,30,0,8.0,0.0,0.0,0.0,A01
201300016041,1,30,0,0.0,1.0,1.0,1.0,Z01
201300016042,1,33,0,0.0,1.0,1.0,1.0,Z01
201300016043,1,7,0,0.0,2.0,1.0,9.0,Z01
201300016043,0,7,0,0.0,2.0,8.0,1.0,B01
201300016044,0,7,0,9.0,0.0,1.0,21.0,A01
201300016045,0,33,0,0.0,2.0,1.0,1.0,B01
201300016045,1,7,0,0.0,2.0,4.0,15.0,Z01
201300016046,1,34,0,0.0,2.0,0.0,0.0,Z01
201300016046,0,2,0,0.0,2.0,0.0,0.0,B01
201300016047,1,7,0,0.0,2.0,8.0,11.0,Z01
201300016047,0,34,0,0.0,2.0,7.0,1.0,B01
201300016048,1,7,0,0.0,1.0,1.0,1.0,Z01
201300016049,0,7,0,0.0,2.0,8.0,15.0,B01
201300016049,0,2,0,0.0,2.0,8.0,1.0,A01
201300016050,0,7,0,0.0,2.0,2.0,22.0,B01
201300016050,0,30,0,0.0,2.0,6.0,18.0,A01
201300016051,2,7,0,0.0,1.0,0.0,4.0,Z01
201300016052,0,7,0,0.0,2.0,1.0,1.0,A01
201300016052,0,7,0,0.0,2.0,6.0,1.0,B01
201300016053,0,7,0,0.0,2.0,1.0,1.0,B01
201300016053,0,7,0,0.0,2.0,3.0,19.0,A01
201300016054,0,34,0,0.0,1.0,1.0,3.0,A01
201300016055,0,7,0,0.0,2.0,8.0,1.0,B01
201300016055,0,15,0,0.0,2.0,2.0,12.0,A01
201300016056,0,7,0,0.0,2.0,4.0,1.0,B01
201300016056,0,10,0,0.0,2.0,1.0,1.0,A01
201300016057,0,7,0,0.0,2.0,7.0,15.0,A01
201300016057,0,32,0,0.0,2.0,1.0,1.0,B01
201300016058,1,7,0,0.0,9.0,2.0,2.0,Z01
201300016058,0,1,0,0.0,2.0,3.0,2.0,B01
201300016059,0,7,0,0.0,1.0,3.0,1.0,A01
201300016060,0,34,0,0.0,2.0,7.0,1.0,B01
201300016060,0,7,0,0.0,2.0,1.0,19.0,A01
201300016061,0,7,0,0.0,2.0,9.0,2.0,B01
201300016061,0,7,0,0.0,2.0,3.0,11.0,A01
201300016061,0,7,0,0.0,2.0,4.0,2.0,C01
201300016062,0,32,0,0.0,2.0,6.0,2.0,A01
201300016062,0,7,0,0.0,2.0,2.0,16.0,B01
201300016063,1,32,0,0.0,1.0,0.0,0.0,Z01
201300016064,0,7,0,11.0,0.0,1.0,1.0,A01
201300016065,0,2,0,0.0,2.0,0.0,1.0,B01
201300016065,1,7,0,0.0,2.0,1.0,10.0,Z01
201300016066,0,7,0,0.0,0.0,4.0,23.0,B01
201300016066,0,7,0,0.0,2.0,1.0,1.0,A01
201300016067,0,7,0,0.0,2.0,4.0,2.0,C01
201300016067,0,7,0,0.0,2.0,4.0,2.0,B01
201300016067,0,10,0,0.0,2.0,1.0,2.0,A01
201300016068,0,7,0,0.0,1.0,4.0,4.0,A01
201300016069,0,30,0,0.0,0.0,8.0,1.0,A01
201300016070,0,32,0,0.0,2.0,1.0,1.0,B01
201300016070,0,7,0,0.0,2.0,3.0,15.0,A01
201300016071,0,30,0,0.0,1.0,1.0,1.0,A01
201300016072,1,7,0,0.0,2.0,5.0,1.0,Z01
201300016072,0,2,0,0.0,2.0,1.0,1.0,A01
201300016073,1,7,0,0.0,2.0,0.0,2.0,Z01
201300016073,0,7,0,0.0,0.0,5.0,23.0,A01
201300016074,0,7,0,0.0,2.0,6.0,15.0,B01
201300016074,0,34,0,0.0,2.0,1.0,17.0,A01
201300016075,0,7,0,0.0,2.0,3.0,9.0,A01
201300016075,0,33,0,0.0,2.0,1.0,1.0,B01
201300016076,0,30,0,0.0,2.0,3.0,1.0,A01
201300016076,0,30,0,0.0,2.0,1.0,5.0,B01
201300016077,0,7,0,0.0,2.0,6.0,1.0,B01
201300016077,0,7,0,0.0,2.0,1.0,1.0,A01
201300016078,0,7,0,0.0,2.0,4.0,0.0,B01
201300016078,0,7,0,0.0,2.0,1.0,0.0,A01
201300016079,0,33,0,0.0,2.0,2.0,1.0,B01
201300016079,1,7,0,0.0,2.0,6.0,17.0,Z01
201300016080,0,7,0,0.0,0.0,1.0,9.0,B01
201300016080,0,32,0,0.0,2.0,0.0,2.0,A01
201300016081,0,7,0,6.0,0.0,0.0,0.0,A01
201300016082,0,7,0,0.0,1.0,1.0,15.0,A01
201300016083,1,7,0,0.0,1.0,0.0,0.0,Z01
201300016084,0,7,0,0.0,2.0,3.0,1.0,B01
201300016084,0,34,0,0.0,2.0,1.0,15.0,A01
201300016085,0,1,0,1.0,0.0,1.0,1.0,B01
201300016085,0,7,0,0.0,2.0,8.0,22.0,A01
201300016086,0,7,0,0.0,1.0,1.0,0.0,A01
201300016087,0,34,0,0.0,2.0,1.0,2.0,B01
201300016087,0,7,0,0.0,2.0,3.0,11.0,A01
201300016088,0,7,0,0.0,2.0,3.0,15.0,B01
201300016088,0,7,0,0.0,2.0,3.0,1.0,A01
201300016089,0,7,0,0.0,1.0,0.0,1.0,A01
201300016090,0,7,0,0.0,2.0,3.0,2.0,B01
201300016090,0,7,0,0.0,0.0,4.0,10.0,A01
201300016091,0,7,0,0.0,2.0,1.0,2.0,A01
201300016091,0,7,0,0.0,2.0,0.0,2.0,B01
201300016092,0,7,0,0.0,2.0,1.0,1.0,B01
201300016092,0,34,0,0.0,2.0,7.0,1.0,A01
201300016093,0,7,0,0.0,2.0,4.0,13.0,B01
201300016093,0,33,0,0.0,2.0,1.0,17.0,A01
201300016094,0,7,0,8.0,9.0,1.0,1.0,A01
201300016095,0,7,0,0.0,1.0,3.0,1.0,A01
201300016096,0,10,0,0.0,1.0,6.0,1.0,A01
201300016097,0,30,0,0.0,0.0,3.0,1.0,A01
201300016098,1,7,0,0.0,2.0,1.0,17.0,Z01
201300016098,0,7,0,0.0,2.0,8.0,15.0,A01
201300016099,0,7,0,0.0,1.0,2.0,15.0,A01
201300016100,0,31,0,0.0,0.0,7.0,0.0,A01
201300016101,0,7,0,0.0,2.0,1.0,15.0,A01
201300016101,0,7,0,0.0,2.0,2.0,1.0,B01
201300016102,0,7,0,0.0,2.0,5.0,16.0,A01
201300016102,0,7,0,0.0,2.0,3.0,1.0,B01
201300016103,0,33,0,0.0,2.0,5.0,1.0,B01
201300016103,0,7,0,0.0,2.0,1.0,15.0,A01
201300016104,0,7,0,0.0,2.0,1.0,2.0,A01
201300016104,0,7,0,0.0,2.0,4.0,23.0,C01
201300016104,0,7,0,0.0,2.0,4.0,23.0,B01
201300016105,0,33,0,0.0,2.0,7.0,2.0,B01
201300016105,0,7,0,0.0,2.0,0.0,3.0,A01
201300016106,0,7,0,0.0,2.0,6.0,18.0,A01
201300016106,0,15,0,0.0,2.0,7.0,1.0,B01
201300016107,0,7,0,0.0,2.0,3.0,2.0,A01
201300016107,0,7,0,0.0,2.0,2.0,2.0,B01
201300016108,0,7,0,0.0,2.0,0.0,0.0,B01
201300016108,0,33,0,0.0,2.0,0.0,0.0,A01
201300016109,0,7,0,0.0,2.0,1.0,15.0,A01
201300016109,0,7,0,0.0,2.0,9.0,2.0,B01
201300016109,0,7,0,0.0,2.0,3.0,2.0,C01
201300016110,0,7,0,0.0,2.0,7.0,16.0,B01
201300016110,0,20,0,0.0,2.0,1.0,1.0,A01
201300016111,0,30,0,0.0,0.0,0.0,1.0,A01
201300016112,0,7,0,0.0,2.0,0.0,0.0,B01
201300016112,0,30,0,0.0,2.0,0.0,0.0,A01
201300016113,0,37,0,0.0,2.0,8.0,9.0,A01
201300016113,0,7,0,0.0,2.0,5.0,9.0,B01
201300016114,0,30,0,0.0,2.0,1.0,21.0,A01
201300016114,0,7,0,0.0,2.0,5.0,9.0,B01
201300016115,0,30,0,0.0,2.0,3.0,15.0,A01
201300016115,0,1,0,0.0,2.0,1.0,1.0,B01
201300016116,0,7,0,0.0,2.0,1.0,0.0,A01
201300016116,0,7,0,0.0,2.0,1.0,0.0,B01
201300016117,0,7,0,0.0,2.0,2.0,15.0,A01
201300016117,0,33,0,0.0,2.0,1.0,1.0,B01
201300016118,0,7,0,0.0,0.0,2.0,22.0,A01
201300016118,0,34,0,1.0,0.0,3.0,18.0,B01
201300016119,0,7,0,0.0,2.0,7.0,19.0,B01
201300016119,0,32,0,0.0,2.0,1.0,17.0,A01
201300016120,0,14,0,0.0,2.0,8.0,24.0,B01
201300016120,0,7,0,1.0,0.0,7.0,2.0,A01
201300016121,0,30,0,0.0,1.0,1.0,1.0,A01
201300016122,0,7,0,0.0,2.0,6.0,15.0,A01
201300016122,0,30,0,0.0,2.0,1.0,1.0,B01
201300016123,0,7,0,0.0,2.0,1.0,1.0,B01
201300016123,0,7,0,0.0,0.0,4.0,1.0,A01
201300016123,0,7,0,0.0,2.0,1.0,1.0,C01
201300016124,0,32,0,0.0,2.0,1.0,1.0,B01
201300016124,0,7,0,1.0,2.0,1.0,1.0,A01
201300016125,0,7,0,0.0,1.0,0.0,1.0,A01
201300016126,0,7,0,0.0,0.0,2.0,15.0,A01
201300016126,0,2,0,0.0,0.0,1.0,1.0,B01
201300016127,0,7,0,0.0,2.0,1.0,9.0,A01
201300016127,0,33,0,0.0,2.0,7.0,1.0,B01
201300016128,0,33,0,0.0,0.0,0.0,0.0,A01
201300016129,0,7,0,0.0,2.0,8.0,1.0,C01
201300016129,0,2,0,0.0,2.0,1.0,3.0,A01
201300016129,0,7,0,0.0,2.0,3.0,1.0,B01
201300016130,0,2,0,0.0,2.0,1.0,1.0,A01
201300016130,0,7,0,0.0,0.0,4.0,1.0,B01
201300016131,0,31,0,0.0,2.0,1.0,1.0,B01
201300016131,0,7,0,0.0,2.0,7.0,10.0,A01
201300016132,0,7,0,0.0,0.0,8.0,0.0,A01
201300016132,0,33,0,0.0,2.0,8.0,0.0,B01
201300016133,0,7,0,0.0,2.0,4.0,2.0,B01
201300016133,0,7,0,0.0,2.0,1.0,2.0,A01
201300016134,0,7,0,0.0,2.0,1.0,2.0,A01
201300016134,0,7,0,0.0,2.0,4.0,2.0,B01
201300016135,0,7,0,12.0,1.0,1.0,1.0,A01
201300016136,0,7,0,0.0,2.0,3.0,13.0,B01
201300016136,0,32,0,0.0,2.0,5.0,17.0,A01
201300016137,0,7,0,0.0,1.0,1.0,0.0,A01
201300016138,0,7,0,0.0,2.0,2.0,16.0,A01
201300016138,0,34,0,0.0,2.0,8.0,16.0,B01
201300016139,0,7,0,0.0,2.0,2.0,16.0,A01
201300016139,0,7,0,0.0,2.0,6.0,16.0,B01
201300016140,0,31,0,0.0,2.0,2.0,2.0,A01
201300016140,0,7,0,0.0,2.0,3.0,11.0,B01
201300016141,0,2,0,0.0,0.0,0.0,0.0,A01
201300016142,0,7,0,1.0,2.0,2.0,15.0,A01
201300016142,0,30,0,0.0,2.0,0.0,2.0,B01
201300016143,0,37,1,0.0,2.0,4.0,2.0,C01
201300016143,0,7,0,14.0,0.0,1.0,2.0,A01
201300016143,0,7,0,1.0,0.0,1.0,2.0,B01
201300016144,1,7,0,0.0,1.0,0.0,0.0,Z01
201300016145,0,7,0,1.0,0.0,9.0,0.0,A01
201300016146,0,7,0,0.0,2.0,3.0,15.0,A01
201300016146,0,33,0,0.0,2.0,1.0,1.0,B01
201300016147,0,32,0,0.0,0.0,0.0,21.0,B01
201300016147,1,7,0,0.0,0.0,0.0,16.0,Z01
201300016148,0,32,0,0.0,2.0,1.0,1.0,B01
201300016148,0,7,0,0.0,2.0,2.0,15.0,A01
201300016149,0,7,0,0.0,2.0,3.0,9.0,A01
201300016149,0,15,0,0.0,2.0,2.0,1.0,B01
201300016150,0,7,0,0.0,1.0,2.0,1.0,A01
201300016151,0,7,0,0.0,0.0,3.0,0.0,A01
201300016152,0,7,0,0.0,1.0,1.0,15.0,A01
201300016153,0,33,0,0.0,2.0,7.0,17.0,B01
201300016153,0,7,0,0.0,2.0,3.0,13.0,A01
201300016154,0,32,0,0.0,2.0,1.0,1.0,B01
201300016154,0,10,0,0.0,2.0,2.0,15.0,A01
201300016155,0,33,0,0.0,2.0,3.0,2.0,A01
201300016155,0,7,0,0.0,0.0,6.0,2.0,B01
201300016156,0,7,0,0.0,1.0,2.0,0.0,A01
201300016157,0,33,0,0.0,0.0,1.0,17.0,A01
201300016157,0,7,0,0.0,0.0,0.0,0.0,B01
201300016158,1,7,0,0.0,1.0,4.0,0.0,A01
201300016159,0,7,0,0.0,1.0,1.0,0.0,A01
201300016160,0,30,0,0.0,2.0,1.0,1.0,B01
201300016160,0,7,0,0.0,2.0,8.0,10.0,A01
201300016161,0,33,0,15.0,0.0,3.0,0.0,A01
201300016162,0,2,0,0.0,2.0,1.0,13.0,A01
201300016162,0,7,0,0.0,2.0,8.0,0.0,B01
201300016163,0,32,0,0.0,2.0,2.0,1.0,B01
201300016163,0,7,0,0.0,2.0,8.0,10.0,A01
201300016164,0,2,0,0.0,0.0,0.0,0.0,A01
201300016164,0,7,0,0.0,0.0,3.0,11.0,B01
201300016165,0,7,0,0.0,1.0,1.0,1.0,A01
201300016166,0,34,0,0.0,1.0,3.0,1.0,A01
201300016167,0,34,0,0.0,0.0,0.0,0.0,A01
201300016168,0,7,0,0.0,2.0,1.0,2.0,A01
201300016168,0,7,0,0.0,0.0,6.0,2.0,B01
201300016169,0,7,0,0.0,2.0,1.0,1.0,A01
201300016169,0,30,0,0.0,2.0,7.0,16.0,B01
201300016170,0,31,0,1.0,2.0,2.0,1.0,A01
201300016170,0,7,0,0.0,2.0,8.0,1.0,B01
201300016171,0,40,0,0.0,1.0,1.0,1.0,A01
201300016172,0,32,0,0.0,2.0,1.0,0.0,B01
201300016172,1,30,0,0.0,2.0,6.0,9.0,A01
201300016173,0,7,0,0.0,2.0,4.0,1.0,B01
201300016173,0,30,0,0.0,2.0,1.0,1.0,A01
201300016174,0,10,0,9.0,0.0,1.0,1.0,A01
201300016175,0,7,0,0.0,9.0,5.0,1.0,B01
201300016175,0,2,0,0.0,2.0,3.0,1.0,A01
201300016176,0,7,0,0.0,2.0,4.0,2.0,B01
201300016176,0,7,0,0.0,2.0,1.0,2.0,A01
201300016177,0,7,0,0.0,2.0,4.0,2.0,B01
201300016177,0,7,0,0.0,2.0,1.0,2.0,A01
201300016178,0,32,0,0.0,2.0,1.0,1.0,B01
201300016178,0,7,0,0.0,2.0,3.0,15.0,A01
201300016179,0,7,0,0.0,0.0,0.0,0.0,A01
201300016180,0,7,0,9.0,0.0,1.0,2.0,A01
201300016181,0,7,0,0.0,1.0,2.0,1.0,A01
201300016182,0,7,0,0.0,2.0,3.0,15.0,B01
201300016182,0,30,0,0.0,2.0,3.0,8.0,A01
201300016183,0,17,0,0.0,2.0,8.0,1.0,A01
201300016183,0,7,0,0.0,2.0,8.0,2.0,B01
201300016184,0,7,0,0.0,2.0,7.0,2.0,B01
201300016184,0,7,0,0.0,1.0,7.0,2.0,A01
201300016185,0,31,0,15.0,0.0,1.0,2.0,A01
201300016186,0,7,0,0.0,2.0,2.0,1.0,B01
201300016186,0,7,0,0.0,2.0,6.0,9.0,A01
201300016187,0,7,0,14.0,0.0,7.0,1.0,A01
201300016188,0,33,0,0.0,2.0,1.0,18.0,A01
201300016188,0,7,0,0.0,2.0,1.0,1.0,B01
201300016189,0,17,0,0.0,2.0,6.0,11.0,A01
201300016189,0,7,0,0.0,2.0,2.0,1.0,B01
201300016190,1,7,0,0.0,2.0,2.0,0.0,Z01
201300016190,0,31,0,0.0,2.0,1.0,1.0,B01
201300016191,0,17,0,0.0,2.0,1.0,1.0,B01
201300016191,0,7,0,0.0,2.0,7.0,13.0,A01
201300016192,0,7,0,0.0,2.0,1.0,15.0,A01
201300016192,0,7,0,0.0,2.0,8.0,1.0,B01
201300016193,0,7,0,0.0,2.0,1.0,9.0,A01
201300016193,0,7,0,0.0,2.0,5.0,1.0,B01
201300016194,0,7,0,0.0,2.0,1.0,1.0,A01
201300016194,0,7,0,0.0,2.0,6.0,1.0,B01
201300016195,0,7,0,1.0,1.0,1.0,1.0,A01
201300016196,0,7,0,0.0,2.0,3.0,12.0,A01
201300016196,0,7,0,0.0,0.0,8.0,1.0,B01
201300016197,0,7,0,0.0,2.0,1.0,2.0,A01
201300016197,0,7,0,0.0,2.0,4.0,1.0,B01
201300016198,0,7,0,0.0,2.0,1.0,1.0,B01
201300016198,0,7,0,0.0,2.0,1.0,1.0,A01
201300016199,0,15,0,0.0,0.0,0.0,1.0,A01
201300016200,0,7,0,13.0,0.0,1.0,0.0,A01
201300016201,0,7,0,0.0,2.0,1.0,1.0,B01
201300016201,0,7,0,0.0,2.0,1.0,5.0,A01
201300016202,0,7,0,0.0,2.0,0.0,1.0,E01
201300016202,0,7,0,0.0,2.0,0.0,1.0,B01
201300016202,0,7,0,0.0,2.0,1.0,0.0,A01
201300016203,0,7,0,0.0,2.0,1.0,2.0,A01
201300016203,0,7,0,0.0,2.0,4.0,1.0,B01
201300016204,0,7,0,13.0,0.0,9.0,0.0,A01
201300016205,0,7,0,0.0,2.0,1.0,1.0,B01
201300016205,0,7,0,0.0,2.0,8.0,9.0,A01
201300016206,0,7,0,0.0,0.0,4.0,2.0,B01
201300016206,0,7,0,0.0,2.0,1.0,2.0,A01
201300016207,0,2,0,0.0,0.0,8.0,0.0,A01
201300016208,0,7,0,0.0,2.0,3.0,15.0,B01
201300016208,0,33,0,0.0,2.0,1.0,17.0,A01
201300016209,0,7,0,0.0,2.0,1.0,1.0,A01
201300016209,0,7,0,0.0,2.0,1.0,1.0,B01
201300016210,0,7,0,0.0,2.0,4.0,2.0,C01
201300016210,0,7,0,0.0,2.0,1.0,2.0,A01
201300016210,0,7,0,0.0,2.0,4.0,2.0,B01
201300016211,0,7,0,0.0,2.0,1.0,2.0,A01
201300016211,0,7,0,0.0,2.0,4.0,1.0,B01
201300016212,0,7,0,0.0,2.0,1.0,1.0,A01
201300016212,0,7,0,0.0,2.0,4.0,1.0,B01
201300016213,0,7,0,0.0,2.0,1.0,15.0,A01
201300016213,0,7,0,0.0,2.0,1.0,1.0,B01
201300016214,0,33,0,0.0,2.0,1.0,11.0,A01
201300016214,0,7,0,0.0,2.0,1.0,1.0,B01
201300016215,0,7,0,0.0,2.0,8.0,1.0,B01
201300016215,0,7,0,0.0,2.0,7.0,1.0,A01
201300016216,0,7,0,0.0,2.0,4.0,2.0,C01
201300016216,0,7,0,0.0,2.0,4.0,1.0,B01
201300016216,0,7,0,0.0,2.0,4.0,2.0,D01
201300016216,0,37,2,0.0,2.0,1.0,2.0,A01
201300016217,0,7,0,0.0,1.0,1.0,1.0,A01
201300016218,0,1,0,0.0,2.0,4.0,2.0,B01
201300016218,0,7,0,0.0,2.0,1.0,2.0,A01
201300016219,0,33,0,0.0,2.0,1.0,0.0,B01
201300016219,0,7,0,0.0,2.0,2.0,15.0,A01
201300016220,0,7,0,9.0,0.0,9.0,14.0,A01
201300016221,0,7,0,3.0,0.0,9.0,2.0,A01
201300016222,0,7,0,0.0,2.0,1.0,1.0,A01
201300016222,0,7,0,0.0,2.0,4.0,1.0,B01
201300016223,0,7,0,0.0,2.0,7.0,17.0,B01
201300016223,0,1,0,0.0,2.0,8.0,15.0,A01
201300016224,1,7,0,0.0,1.0,0.0,1.0,Z01
201300016225,0,15,0,0.0,2.0,4.0,2.0,C01
201300016225,0,7,0,0.0,2.0,1.0,2.0,A01
201300016225,0,7,0,0.0,2.0,4.0,2.0,B01
201300016226,1,7,0,0.0,2.0,1.0,2.0,Z01
201300016226,0,7,0,0.0,2.0,4.0,2.0,B01
201300016227,0,33,0,0.0,2.0,0.0,21.0,A01
201300016227,0,7,0,0.0,2.0,7.0,21.0,B01
201300016228,0,7,0,0.0,2.0,3.0,15.0,A01
201300016228,0,7,0,0.0,2.0,2.0,1.0,B01
201300016229,0,7,0,0.0,2.0,2.0,17.0,A01
201300016229,0,7,0,0.0,2.0,6.0,15.0,B01
201300016230,0,7,0,0.0,2.0,8.0,1.0,B01
201300016230,0,31,0,0.0,2.0,1.0,0.0,A01
201300016231,0,37,1,0.0,2.0,8.0,1.0,B01
201300016231,0,33,0,0.0,2.0,0.0,1.0,A01
201300016232,0,7,0,0.0,2.0,4.0,2.0,D01
201300016232,0,7,0,0.0,2.0,4.0,2.0,C01
201300016232,0,7,0,0.0,2.0,4.0,2.0,B01
201300016232,0,10,0,0.0,2.0,1.0,2.0,A01
201300016233,0,1,0,0.0,9.0,0.0,2.0,B01
201300016233,0,7,0,0.0,2.0,8.0,2.0,A01
201300016234,0,7,0,0.0,2.0,5.0,1.0,B01
201300016234,0,7,0,0.0,2.0,1.0,9.0,A01
201300016235,0,7,0,0.0,2.0,1.0,2.0,A01
201300016235,0,7,0,0.0,2.0,4.0,2.0,C01
201300016235,0,7,0,0.0,2.0,4.0,2.0,B01
201300016236,0,7,0,0.0,2.0,4.0,2.0,B01
201300016236,0,10,0,0.0,2.0,1.0,2.0,A01
201300016237,0,7,0,0.0,2.0,1.0,1.0,B01
201300016237,0,7,0,0.0,2.0,2.0,9.0,A01
201300016238,0,10,0,0.0,2.0,3.0,1.0,B01
201300016238,0,30,0,0.0,2.0,1.0,1.0,A01
201300016239,0,7,0,0.0,1.0,1.0,1.0,A01
201300016240,0,7,0,0.0,2.0,1.0,1.0,A01
201300016240,0,7,0,0.0,2.0,1.0,1.0,B01
201300016241,0,2,0,0.0,2.0,1.0,18.0,B01
201300016241,0,7,0,0.0,2.0,7.0,16.0,A01
201300016242,0,7,0,0.0,2.0,0.0,1.0,B01
201300016242,0,7,0,0.0,2.0,0.0,1.0,C01
201300016242,0,7,0,0.0,2.0,1.0,13.0,A01
201300016243,0,7,0,0.0,2.0,1.0,5.0,A01
201300016243,0,7,0,0.0,2.0,1.0,1.0,B01
201300016244,0,7,0,0.0,2.0,1.0,9.0,A01
201300016244,0,7,0,0.0,2.0,8.0,9.0,B01
201300016245,0,34,0,0.0,2.0,0.0,1.0,B01
201300016245,0,7,0,0.0,2.0,0.0,1.0,A01
201300016246,0,7,0,0.0,2.0,1.0,2.0,A01
201300016246,0,37,1,0.0,2.0,4.0,1.0,B01
201300016247,0,7,0,0.0,1.0,1.0,1.0,A01
201300016248,0,7,0,8.0,0.0,1.0,1.0,A01
201300016249,0,7,0,0.0,2.0,2.0,2.0,A01
201300016249,0,7,0,0.0,2.0,4.0,2.0,B01
201300016250,0,2,0,0.0,2.0,1.0,9.0,A01
201300016250,0,7,0,0.0,2.0,1.0,1.0,C01
201300016250,0,7,0,0.0,2.0,7.0,1.0,B01
201300016251,0,7,0,0.0,0.0,9.0,6.0,A01
201300016252,0,7,0,0.0,1.0,4.0,1.0,A01
201300016253,0,7,0,0.0,2.0,1.0,15.0,A01
201300016253,0,32,0,0.0,2.0,1.0,1.0,B01
201300016254,0,7,0,0.0,1.0,2.0,1.0,A01
201300016255,0,7,0,0.0,2.0,5.0,1.0,B01
201300016255,0,7,0,0.0,2.0,1.0,2.0,A01
201300016256,2,7,0,0.0,1.0,0.0,1.0,Z01
201300016257,0,7,0,3.0,0.0,9.0,14.0,A01
201300016258,0,7,0,0.0,2.0,1.0,10.0,A01
201300016258,0,7,0,0.0,2.0,7.0,1.0,B01
201300016259,1,13,0,0.0,1.0,1.0,15.0,Z01
201300016260,0,10,0,0.0,2.0,4.0,2.0,C01
201300016260,0,10,0,0.0,2.0,1.0,2.0,A01
201300016260,0,7,0,0.0,2.0,4.0,1.0,B01
201300016261,0,10,0,0.0,2.0,4.0,2.0,B01
201300016261,0,7,0,0.0,2.0,1.0,2.0,A01
201300016262,1,7,0,0.0,1.0,1.0,1.0,Z01
201300016263,0,10,0,0.0,2.0,1.0,1.0,B01
201300016263,0,7,0,0.0,2.0,4.0,9.0,A01
201300016263,0,7,0,0.0,2.0,5.0,1.0,C01
201300016264,0,10,0,0.0,2.0,5.0,2.0,B01
201300016264,0,7,0,0.0,2.0,1.0,2.0,A01
201300016264,0,7,0,0.0,2.0,8.0,2.0,C01
201300016265,0,7,0,3.0,0.0,1.0,1.0,A01