Num_Acc,senc,catv,occutc,obs,obsm,choc,manv,num_veh
201300016266,0,7,0,0.0,2.0,1.0,1.0,B01
201300016266,0,7,0,0.0,2.0,1.0,1.0,A01
201300016267,0,7,0,0.0,2.0,4.0,2.0,B01
201300016267,0,15,0,0.0,2.0,1.0,2.0,A01
201300016268,0,7,0,0.0,1.0,1.0,2.0,A01
201300016269,0,7,0,0.0,1.0,1.0,15.0,A01
201300016270,0,7,0,0.0,2.0,1.0,16.0,A01
201300016270,0,7,0,0.0,2.0,3.0,23.0,B01
201300016271,0,14,0,1.0,0.0,2.0,2.0,B01
201300016271,0,15,0,0.0,0.0,6.0,23.0,A01
201300016272,0,7,0,0.0,2.0,1.0,2.0,A01
201300016272,0,7,0,0.0,2.0,4.0,2.0,B01
201300016273,0,7,0,0.0,2.0,3.0,1.0,B01
201300016273,0,7,0,0.0,2.0,3.0,13.0,A01
201300016274,1,99,0,0.0,1.0,1.0,1.0,Z01
201300016275,0,7,0,0.0,2.0,4.0,1.0,B01
201300016275,0,7,0,0.0,2.0,1.0,1.0,A01
201300016276,0,7,0,0.0,2.0,1.0,1.0,B01
201300016276,0,7,0,0.0,2.0,1.0,15.0,A01
201300016277,0,7,0,0.0,2.0,1.0,1.0,C01
201300016277,0,7,0,0.0,2.0,1.0,5.0,A01
201300016277,0,7,0,0.0,2.0,1.0,1.0,B01
201300016278,0,7,0,0.0,1.0,2.0,2.0,A01
201300016279,0,10,0,0.0,2.0,8.0,1.0,B01
201300016279,0,7,0,9.0,2.0,1.0,17.0,A01
201300016280,0,2,0,0.0,2.0,0.0,0.0,B01
201300016280,0,7,0,0.0,2.0,0.0,0.0,A01
201300016281,0,7,0,0.0,2.0,1.0,15.0,A01
201300016281,0,7,0,0.0,2.0,3.0,1.0,B01
201300016282,0,7,0,0.0,2.0,7.0,13.0,A01
201300016282,0,17,0,0.0,2.0,1.0,1.0,B01
201300016283,0,7,0,8.0,0.0,1.0,14.0,A01
201300016284,0,7,0,0.0,2.0,1.0,2.0,A01
201300016284,0,38,1,0.0,2.0,4.0,1.0,B01
201300016285,0,7,0,0.0,2.0,4.0,2.0,B01
201300016285,0,7,0,0.0,2.0,1.0,2.0,A01
201300016286,0,10,0,0.0,2.0,1.0,1.0,B01
201300016286,0,7,0,0.0,2.0,6.0,10.0,A01
201300016287,0,7,0,0.0,2.0,4.0,2.0,B01
201300016287,0,7,0,0.0,2.0,1.0,2.0,A01
201300016288,0,7,0,0.0,0.0,4.0,2.0,C01
201300016288,0,7,0,0.0,2.0,1.0,2.0,A01
201300016288,0,7,0,0.0,2.0,4.0,2.0,B01
201300016289,0,7,0,8.0,0.0,7.0,0.0,A01
201300016290,0,7,0,0.0,2.0,8.0,17.0,B01
201300016290,0,7,0,0.0,2.0,3.0,10.0,A01
201300016291,0,7,0,0.0,9.0,4.0,2.0,B01
201300016291,0,2,0,0.0,2.0,1.0,2.0,A01
201300016292,0,7,0,13.0,0.0,1.0,17.0,A01
201300016293,0,7,0,0.0,1.0,1.0,1.0,A01
201300016294,0,34,0,0.0,0.0,0.0,0.0,A01
201300016295,0,7,0,0.0,1.0,3.0,1.0,A01
201300016296,0,33,0,8.0,0.0,1.0,1.0,A01
201300016297,0,1,0,0.0,2.0,8.0,0.0,B01
201300016297,0,7,0,0.0,9.0,3.0,9.0,A01
201300016298,0,7,0,0.0,2.0,1.0,13.0,A01
201300016298,0,7,0,0.0,2.0,8.0,1.0,B01
201300016298,0,7,0,0.0,2.0,3.0,1.0,C01
201300016299,0,7,0,0.0,2.0,2.0,1.0,C01
201300016299,0,7,0,0.0,2.0,9.0,0.0,A01
201300016299,0,7,0,0.0,2.0,9.0,0.0,B01
201300016300,0,7,0,0.0,2.0,3.0,1.0,A01
201300016300,0,32,0,0.0,2.0,7.0,1.0,B01
201300016301,1,7,0,0.0,1.0,5.0,16.0,Z01
201300016302,0,1,0,12.0,2.0,1.0,9.0,B01
201300016302,0,7,0,0.0,9.0,8.0,1.0,A01
201300016303,0,7,0,0.0,1.0,4.0,4.0,A01
201300016304,0,7,0,6.0,0.0,3.0,1.0,A01
201300016305,0,34,0,0.0,2.0,7.0,0.0,C01
201300016305,0,2,0,0.0,0.0,4.0,2.0,B01
201300016305,0,7,0,0.0,0.0,1.0,0.0,A01
201300016306,0,7,0,2.0,0.0,1.0,5.0,A01
201300016307,0,1,0,0.0,2.0,7.0,0.0,A01
201300016307,0,14,0,0.0,9.0,2.0,0.0,B01
201300016308,0,7,0,0.0,0.0,4.0,2.0,B01
201300016308,0,30,0,0.0,2.0,1.0,2.0,A01
201300016309,0,7,0,0.0,2.0,3.0,0.0,A01
201300016309,0,7,0,0.0,2.0,2.0,0.0,B01
201300016310,0,7,0,2.0,0.0,1.0,21.0,B01
201300016311,0,7,0,0.0,0.0,4.0,1.0,B01
201300016311,0,7,0,0.0,2.0,2.0,1.0,A01
201300016312,0,7,0,0.0,0.0,4.0,1.0,B01
201300016312,0,7,0,0.0,0.0,1.0,1.0,A01
201300016313,0,7,0,0.0,0.0,6.0,1.0,B01
201300016313,0,7,0,0.0,0.0,4.0,1.0,C01
201300016313,0,7,0,14.0,0.0,1.0,1.0,A01
201300016314,0,7,0,0.0,2.0,0.0,1.0,A01
201300016315,0,7,0,0.0,1.0,0.0,4.0,A01
201300016316,0,7,0,0.0,2.0,1.0,1.0,B01
201300016316,0,3,0,0.0,2.0,7.0,15.0,A01
201300016317,0,7,0,0.0,2.0,1.0,17.0,A01
201300016317,0,7,0,0.0,2.0,1.0,1.0,B01
201300016318,0,7,0,0.0,2.0,6.0,1.0,B01
201300016318,0,7,0,0.0,2.0,1.0,1.0,C01
201300016318,0,7,0,0.0,2.0,2.0,17.0,A01
201300016319,0,7,0,0.0,2.0,1.0,1.0,B01
201300016319,0,7,0,0.0,2.0,1.0,13.0,A01
201300016320,0,10,0,0.0,2.0,2.0,16.0,B01
201300016320,0,10,0,0.0,2.0,3.0,1.0,A01
201300016321,0,32,0,0.0,2.0,8.0,2.0,A01
201300016321,1,7,0,0.0,2.0,0.0,4.0,Z01
201300016322,0,7,0,0.0,0.0,0.0,0.0,A01
201300016323,0,34,0,0.0,2.0,1.0,17.0,A01
201300016323,0,10,0,0.0,2.0,6.0,15.0,B01
201300016324,0,7,0,0.0,2.0,1.0,13.0,A01
201300016324,0,7,0,0.0,0.0,1.0,1.0,D01
201300016324,0,7,0,0.0,0.0,3.0,1.0,C01
201300016324,0,7,0,0.0,0.0,3.0,1.0,B01
201300016325,0,30,0,0.0,2.0,1.0,1.0,B01
201300016325,0,7,0,0.0,0.0,3.0,20.0,A01
201300016326,0,7,0,0.0,0.0,6.0,1.0,A01
201300016326,0,7,0,0.0,0.0,2.0,0.0,B01
201300016327,0,10,0,0.0,2.0,1.0,1.0,A01
201300016327,0,7,0,0.0,2.0,4.0,1.0,B01
201300016328,0,7,0,0.0,2.0,1.0,1.0,A01
201300016328,0,7,0,0.0,2.0,8.0,1.0,B01
201300016329,0,7,0,0.0,1.0,3.0,1.0,B01
201300016330,0,33,0,8.0,0.0,1.0,1.0,A01
201300016331,0,7,0,0.0,2.0,1.0,1.0,A01
201300016331,0,34,0,0.0,2.0,4.0,1.0,B01
201300016332,0,7,0,0.0,0.0,0.0,1.0,B01
201300016332,0,7,0,0.0,0.0,0.0,1.0,C01
201300016332,0,7,0,0.0,0.0,0.0,0.0,A01
201300016333,0,2,0,0.0,0.0,1.0,1.0,A01
201300016334,0,7,0,0.0,0.0,0.0,1.0,C01
201300016334,0,7,0,0.0,0.0,1.0,1.0,A01
201300016334,0,7,0,0.0,0.0,0.0,1.0,B01
201300016335,0,33,0,0.0,0.0,0.0,1.0,A01
201300016336,0,31,0,0.0,5.0,0.0,1.0,A01
201300016337,0,7,0,0.0,2.0,1.0,17.0,A01
201300016337,0,7,0,0.0,2.0,2.0,1.0,B01
201300016338,0,7,0,0.0,0.0,5.0,1.0,A01
201300016339,0,7,0,3.0,0.0,7.0,1.0,A01
201300016340,0,7,0,6.0,0.0,9.0,1.0,A01
201300016341,0,7,0,0.0,0.0,9.0,1.0,A01
201300016342,0,30,0,0.0,0.0,0.0,1.0,A01
201300016343,0,15,0,0.0,0.0,0.0,1.0,B01
201300016343,0,15,0,0.0,2.0,6.0,1.0,A01
201300016344,0,7,0,0.0,2.0,1.0,17.0,A01
201300016344,0,7,0,0.0,2.0,1.0,1.0,B01
201300016345,0,2,0,0.0,2.0,1.0,1.0,B01
201300016345,0,7,0,0.0,2.0,5.0,1.0,A01
201300016346,0,36,0,6.0,0.0,1.0,1.0,A01
201300016347,0,7,0,0.0,2.0,0.0,1.0,A01
201300016348,0,15,0,0.0,2.0,8.0,1.0,B01
201300016348,0,7,0,0.0,2.0,1.0,5.0,A01
201300016349,0,7,0,0.0,0.0,0.0,1.0,A01
201300016350,0,7,0,0.0,2.0,7.0,1.0,B01
201300016350,1,32,0,0.0,0.0,0.0,0.0,Z01
201300016351,0,7,0,0.0,0.0,0.0,1.0,A01
201300016352,0,7,0,0.0,0.0,1.0,1.0,A01
201300016353,0,2,0,0.0,0.0,0.0,0.0,A01
201300016354,0,7,0,0.0,0.0,4.0,1.0,B01
201300016354,0,7,0,0.0,2.0,1.0,1.0,A01
201300016355,0,15,0,0.0,2.0,3.0,1.0,B01
201300016355,0,7,0,0.0,0.0,0.0,1.0,A01
201300016356,0,7,0,0.0,2.0,2.0,0.0,A01
201300016356,0,33,0,0.0,2.0,1.0,1.0,B01
201300016357,0,7,0,0.0,0.0,2.0,1.0,B01
201300016357,0,7,0,0.0,0.0,1.0,1.0,A01
201300016358,0,7,0,1.0,0.0,1.0,0.0,A01
201300016358,0,14,0,0.0,0.0,6.0,24.0,B01
201300016359,0,7,0,8.0,1.0,0.0,1.0,A01
201300016360,0,7,0,0.0,1.0,1.0,1.0,A01
201300016361,0,7,0,0.0,0.0,9.0,0.0,A01
201300016362,0,7,0,0.0,0.0,2.0,15.0,A01
201300016362,0,7,0,0.0,2.0,1.0,1.0,B01
201300016363,0,7,0,1.0,5.0,2.0,1.0,A01
201300016364,0,7,0,0.0,0.0,7.0,1.0,A01
201300016365,0,7,0,0.0,0.0,2.0,1.0,A01
201300016366,0,7,0,0.0,2.0,1.0,1.0,A01
201300016366,0,7,0,0.0,0.0,2.0,16.0,B01
201300016367,0,7,0,0.0,2.0,4.0,4.0,A01
201300016367,0,7,0,0.0,2.0,1.0,1.0,B01
201300016368,0,30,0,0.0,2.0,0.0,0.0,A01
201300016369,0,33,0,0.0,0.0,1.0,1.0,A01
201300016370,0,7,0,0.0,1.0,1.0,1.0,A01
201300016371,0,7,0,0.0,2.0,1.0,1.0,B01
201300016371,0,7,0,0.0,2.0,1.0,15.0,A01
201300016371,0,7,0,0.0,0.0,1.0,1.0,C01
201300016372,0,7,0,0.0,1.0,1.0,1.0,A01
201300016373,0,7,0,0.0,0.0,0.0,1.0,A01
201300016374,0,7,0,0.0,0.0,0.0,1.0,A01
201300016375,0,33,0,0.0,0.0,1.0,1.0,A01
201300016376,0,7,0,0.0,0.0,9.0,0.0,A01
201300016377,0,7,0,13.0,0.0,1.0,0.0,A01
201300016377,0,7,0,0.0,0.0,0.0,10.0,B01
201300016378,0,7,0,4.0,0.0,9.0,1.0,A01
201300016379,0,7,0,0.0,2.0,4.0,2.0,B01
201300016379,0,7,0,0.0,2.0,1.0,2.0,A01
201300016380,0,7,0,0.0,0.0,0.0,0.0,A01
201300016381,0,7,0,0.0,2.0,1.0,0.0,A01
201300016381,0,7,0,0.0,2.0,1.0,0.0,B01
201300016382,0,7,0,0.0,2.0,1.0,2.0,B01
201300016382,0,7,0,0.0,2.0,1.0,2.0,A01
201300016382,0,7,0,0.0,2.0,4.0,2.0,C01
201300016383,0,7,0,1.0,0.0,1.0,0.0,A01
201300016384,0,7,0,0.0,2.0,2.0,1.0,A01
201300016384,1,7,0,0.0,2.0,3.0,13.0,Z01
201300016385,0,7,0,0.0,2.0,1.0,2.0,C01
201300016385,0,7,0,0.0,0.0,2.0,1.0,B01
201300016385,0,7,0,0.0,2.0,1.0,12.0,A01
201300016386,0,7,0,6.0,0.0,4.0,1.0,A01
201300016387,0,7,0,8.0,0.0,1.0,1.0,A01
201300016388,0,7,0,0.0,0.0,4.0,1.0,B01
201300016388,0,7,0,0.0,2.0,1.0,1.0,A01
201300016389,0,7,0,0.0,2.0,1.0,1.0,A01
201300016389,0,7,0,0.0,0.0,4.0,1.0,B01
201300016390,0,7,0,1.0,0.0,2.0,21.0,B01
201300016391,0,1,0,0.0,2.0,1.0,1.0,B01
201300016391,0,7,0,0.0,9.0,1.0,15.0,A01
201300016392,1,7,0,0.0,0.0,0.0,2.0,Z01
201300016392,0,7,0,3.0,0.0,8.0,1.0,B01
201300016393,0,7,0,8.0,0.0,1.0,11.0,A01
201300016394,0,10,0,0.0,2.0,8.0,10.0,A01
201300016394,0,33,0,0.0,2.0,1.0,1.0,B01
201300016395,0,7,0,0.0,2.0,3.0,2.0,B01
201300016395,0,7,0,0.0,2.0,1.0,9.0,A01
201300016396,0,7,0,0.0,2.0,3.0,5.0,A01
201300016396,0,7,0,0.0,2.0,2.0,1.0,B01
201300016397,0,7,0,0.0,2.0,8.0,1.0,B01
201300016397,0,7,0,0.0,2.0,3.0,9.0,A01
201300016398,0,7,0,0.0,2.0,1.0,2.0,B01
201300016398,0,7,0,0.0,0.0,4.0,2.0,A01
201300016399,0,33,0,0.0,0.0,8.0,1.0,A01
201300016400,0,7,0,1.0,0.0,9.0,1.0,A01
201300016401,0,7,0,0.0,2.0,1.0,0.0,A01
201300016401,0,7,0,0.0,2.0,5.0,0.0,B01
201300016402,0,7,0,0.0,2.0,6.0,23.0,B01
201300016402,0,7,0,0.0,2.0,1.0,2.0,A01
201300016403,0,30,0,0.0,0.0,8.0,1.0,A01
201300016404,0,7,0,0.0,1.0,1.0,1.0,A01
201300016405,0,17,0,0.0,0.0,8.0,0.0,A01
201300016406,0,10,0,0.0,2.0,1.0,2.0,A01
201300016406,0,7,0,0.0,0.0,4.0,2.0,B01
201300016407,0,7,0,0.0,2.0,2.0,0.0,A01
201300016407,0,7,0,0.0,2.0,2.0,0.0,B01
201300016408,0,2,0,0.0,2.0,2.0,1.0,A01
201300016408,0,7,0,0.0,2.0,3.0,2.0,B01
201300016409,0,7,0,0.0,2.0,8.0,16.0,B01
201300016409,0,7,0,0.0,2.0,1.0,1.0,A01
201300016410,0,7,0,0.0,2.0,3.0,24.0,B01
201300016410,0,7,0,0.0,2.0,3.0,11.0,A01
201300016411,0,7,0,0.0,2.0,1.0,1.0,B01
201300016411,0,7,0,0.0,2.0,7.0,15.0,A01
201300016412,0,7,0,1.0,0.0,6.0,2.0,B01
201300016412,0,7,0,0.0,0.0,5.0,2.0,C01
201300016412,0,7,0,1.0,0.0,2.0,2.0,A01
201300016413,0,7,0,0.0,2.0,3.0,15.0,B01
201300016413,0,34,0,0.0,2.0,1.0,17.0,A01
201300016414,0,7,0,0.0,0.0,1.0,1.0,A01
201300016415,0,7,0,0.0,2.0,1.0,2.0,A01
201300016415,0,37,0,0.0,2.0,4.0,2.0,B01
201300016416,0,7,0,0.0,1.0,1.0,1.0,A01
201300016417,0,32,0,0.0,0.0,7.0,1.0,A01
201300016418,0,7,0,0.0,2.0,1.0,1.0,A01
201300016418,0,7,0,0.0,2.0,1.0,1.0,B01
201300016419,0,7,0,0.0,1.0,1.0,2.0,A01
201300016420,0,7,0,0.0,2.0,1.0,2.0,A01
201300016420,0,7,0,0.0,2.0,4.0,0.0,B01
201300016421,0,33,0,0.0,0.0,8.0,15.0,A01
201300016422,0,2,0,0.0,2.0,8.0,17.0,B01
201300016422,0,7,0,0.0,2.0,7.0,15.0,A01
201300016423,0,7,0,0.0,2.0,1.0,2.0,A01
201300016423,0,7,0,0.0,0.0,4.0,2.0,B01
201300016424,0,7,0,0.0,0.0,6.0,2.0,B01
201300016424,0,2,0,0.0,2.0,1.0,2.0,A01
201300016425,0,7,0,0.0,2.0,3.0,16.0,B01
201300016425,0,7,0,0.0,2.0,2.0,12.0,A01
201300016426,0,7,0,0.0,2.0,3.0,9.0,A01
201300016426,0,33,0,0.0,2.0,1.0,1.0,B01
201300016427,0,10,0,0.0,2.0,0.0,15.0,A01
201300016427,0,2,0,0.0,2.0,0.0,17.0,B01
201300016428,0,7,0,0.0,2.0,1.0,9.0,A01
201300016428,0,7,0,0.0,2.0,3.0,1.0,B01
201300016429,0,7,0,0.0,1.0,2.0,1.0,A01
201300016430,0,7,0,0.0,1.0,2.0,0.0,A01
201300016431,0,10,0,0.0,2.0,1.0,2.0,A01
201300016431,0,7,0,0.0,2.0,4.0,2.0,B01
201300016431,0,7,0,0.0,2.0,4.0,2.0,C01
201300016432,0,7,0,3.0,0.0,1.0,1.0,A01
201300016433,0,7,0,0.0,0.0,4.0,2.0,B01
201300016433,1,7,0,0.0,2.0,1.0,2.0,Z01
201300016434,0,7,0,0.0,2.0,4.0,2.0,C01
201300016434,0,7,0,0.0,2.0,9.0,2.0,B01
201300016434,0,7,0,0.0,2.0,1.0,2.0,A01
201300016435,0,7,0,4.0,0.0,8.0,1.0,A01
201300016436,0,7,0,0.0,0.0,9.0,0.0,A01
201300016437,0,7,0,0.0,2.0,6.0,1.0,B01
201300016437,0,7,0,0.0,2.0,2.0,1.0,A01
201300016438,0,7,0,0.0,2.0,1.0,2.0,A01
201300016438,0,7,0,0.0,2.0,4.0,2.0,B01
201300016439,0,33,0,0.0,0.0,1.0,0.0,A01
201300016440,0,7,0,0.0,2.0,4.0,2.0,C01
201300016440,0,7,0,0.0,2.0,1.0,2.0,B01
201300016440,0,7,0,0.0,2.0,1.0,2.0,A01
201300016441,0,7,0,0.0,1.0,1.0,0.0,A01
201300016442,0,7,0,0.0,2.0,1.0,12.0,A01
201300016442,0,7,0,0.0,2.0,4.0,1.0,B01
201300016442,0,10,0,0.0,2.0,4.0,1.0,C01
201300016443,0,10,0,0.0,2.0,8.0,9.0,A01
201300016443,0,31,0,0.0,2.0,1.0,1.0,B01
201300016444,0,7,0,0.0,2.0,5.0,1.0,B01
201300016444,0,7,0,0.0,2.0,3.0,14.0,A01
201300016445,0,7,0,0.0,2.0,3.0,1.0,A01
201300016445,0,30,0,0.0,2.0,7.0,1.0,B01
201300016446,0,7,0,0.0,2.0,3.0,1.0,A01
201300016446,0,7,0,0.0,2.0,2.0,1.0,B01
201300016447,0,7,0,0.0,2.0,8.0,15.0,B01
201300016447,0,34,0,0.0,2.0,7.0,2.0,A01
201300016448,0,31,0,0.0,2.0,3.0,0.0,B01
201300016448,0,7,0,0.0,2.0,8.0,10.0,A01
201300016449,0,7,0,0.0,2.0,8.0,15.0,B01
201300016449,0,33,0,0.0,2.0,1.0,17.0,A01
201300016450,0,7,0,11.0,0.0,3.0,0.0,A01
201300016451,0,33,0,0.0,2.0,1.0,1.0,B01
201300016451,0,7,0,0.0,2.0,2.0,15.0,A01
201300016452,0,7,0,0.0,2.0,3.0,1.0,C01
201300016452,0,7,0,0.0,2.0,3.0,1.0,B01
201300016452,0,7,0,0.0,2.0,3.0,1.0,D01
201300016452,0,7,0,0.0,2.0,3.0,13.0,A01
201300016453,0,7,0,8.0,0.0,1.0,1.0,A01
201300016454,1,7,0,0.0,0.0,0.0,2.0,B01
201300016454,0,7,0,0.0,0.0,4.0,2.0,A01
201300016455,0,7,0,0.0,0.0,1.0,14.0,A01
201300016456,0,7,0,8.0,0.0,1.0,1.0,A01
201300016457,0,7,0,0.0,2.0,2.0,1.0,B01
201300016457,0,7,0,0.0,2.0,3.0,9.0,A01
201300016458,0,31,0,0.0,2.0,1.0,9.0,A01
201300016458,0,7,0,0.0,2.0,5.0,2.0,B01
201300016459,0,7,0,0.0,1.0,0.0,0.0,A01
201300016460,0,7,0,14.0,0.0,3.0,2.0,A01
201300016461,0,33,0,0.0,2.0,1.0,1.0,B01
201300016461,0,7,0,0.0,2.0,3.0,19.0,A01
201300016462,0,7,0,0.0,2.0,3.0,1.0,B01
201300016462,0,7,0,0.0,2.0,1.0,6.0,A01
201300016463,0,34,0,0.0,2.0,1.0,1.0,B01
201300016463,0,7,0,0.0,2.0,5.0,15.0,A01
201300016464,0,7,0,0.0,2.0,8.0,0.0,B01
201300016464,0,7,0,0.0,2.0,3.0,0.0,A01
201300016465,0,7,0,0.0,2.0,1.0,0.0,B01
201300016465,0,7,0,0.0,2.0,1.0,0.0,A01
201300016466,0,1,0,0.0,2.0,1.0,1.0,B01
201300016466,0,7,0,0.0,2.0,2.0,1.0,A01
201300016467,0,7,0,0.0,2.0,2.0,1.0,B01
201300016467,0,7,0,0.0,2.0,8.0,9.0,A01
201300016468,0,7,0,0.0,2.0,1.0,15.0,A01
201300016468,0,34,0,0.0,2.0,2.0,1.0,B01
201300016469,0,7,0,0.0,1.0,1.0,1.0,A01
201300016470,0,7,0,0.0,2.0,4.0,2.0,B01
201300016470,0,7,0,0.0,2.0,1.0,2.0,A01
201300016471,0,7,0,0.0,2.0,1.0,2.0,A01
201300016471,0,7,0,0.0,2.0,4.0,2.0,B01
201300016472,0,7,0,0.0,2.0,2.0,1.0,C01
201300016472,0,7,0,0.0,2.0,8.0,1.0,B01
201300016472,0,7,0,0.0,2.0,1.0,19.0,A01
201300016473,0,7,0,3.0,0.0,2.0,0.0,A01
201300016474,0,20,0,4.0,0.0,9.0,1.0,A01
201300016474,0,20,0,3.0,0.0,9.0,2.0,B01
201300016475,0,7,0,0.0,2.0,4.0,2.0,B01
201300016475,0,7,0,0.0,2.0,2.0,2.0,A01
201300016476,0,7,0,0.0,2.0,2.0,2.0,A01
201300016476,0,7,0,0.0,2.0,6.0,2.0,B01
201300016476,0,7,0,0.0,2.0,4.0,2.0,C01
201300016477,0,7,0,0.0,2.0,1.0,2.0,A01
201300016477,0,7,0,0.0,2.0,1.0,2.0,B01
201300016478,0,7,0,0.0,2.0,1.0,2.0,A01
201300016478,0,7,0,0.0,0.0,4.0,2.0,B01
201300016479,0,7,0,0.0,2.0,1.0,2.0,A01
201300016479,0,7,0,0.0,2.0,4.0,2.0,B01
201300016480,0,7,0,0.0,0.0,2.0,0.0,A01
201300016481,0,10,0,1.0,1.0,7.0,1.0,A01
201300016482,0,7,0,4.0,0.0,1.0,1.0,A01
201300016483,0,7,0,4.0,0.0,3.0,0.0,A01
201300016484,1,7,0,0.0,1.0,0.0,0.0,A01
201300016485,0,7,0,0.0,0.0,6.0,1.0,B01
201300016485,0,7,0,0.0,2.0,2.0,11.0,A01
201300016486,0,7,0,13.0,0.0,1.0,0.0,A01
201300016487,0,10,0,0.0,2.0,1.0,2.0,A01
201300016487,0,7,0,0.0,2.0,4.0,2.0,B01
201300016488,0,7,0,0.0,1.0,1.0,2.0,A01
201300016489,0,7,0,0.0,2.0,3.0,1.0,B01
201300016489,0,7,0,0.0,2.0,3.0,15.0,A01
201300016490,0,7,0,0.0,1.0,1.0,2.0,A01
201300016491,0,10,0,0.0,2.0,2.0,15.0,A01
201300016491,0,32,0,0.0,2.0,1.0,18.0,B01
201300016492,0,7,0,0.0,2.0,3.0,1.0,B01
201300016492,0,33,0,0.0,2.0,2.0,17.0,A01
201300016493,0,7,0,0.0,2.0,7.0,0.0,A01
201300016493,0,7,0,0.0,2.0,2.0,1.0,B01
201300016494,0,34,0,0.0,0.0,5.0,2.0,A01
201300016495,0,10,0,0.0,2.0,2.0,2.0,A01
201300016495,0,7,0,0.0,2.0,5.0,2.0,B01
201300016496,0,7,0,0.0,2.0,4.0,2.0,B01
201300016496,0,13,0,0.0,2.0,1.0,1.0,A01
201300016497,0,7,0,0.0,2.0,3.0,1.0,B01
201300016497,0,7,0,0.0,2.0,2.0,23.0,A01
201300016498,0,7,0,0.0,2.0,4.0,2.0,D01
201300016498,0,7,0,0.0,2.0,4.0,2.0,C01
201300016498,0,10,0,0.0,2.0,4.0,2.0,B01
201300016498,0,7,0,0.0,2.0,1.0,2.0,A01
201300016499,1,30,0,0.0,0.0,7.0,1.0,A01
201300016500,0,7,0,0.0,1.0,4.0,4.0,A01
201300016501,0,10,0,0.0,2.0,2.0,19.0,A01
201300016501,0,7,0,0.0,2.0,3.0,1.0,B01
201300016502,0,7,0,0.0,2.0,1.0,2.0,A01
201300016502,0,7,0,0.0,2.0,4.0,2.0,B01
201300016503,0,7,0,8.0,0.0,1.0,1.0,A01
201300016504,0,34,0,0.0,5.0,1.0,1.0,A01
201300016505,0,7,0,0.0,2.0,4.0,2.0,B01
201300016505,0,13,0,0.0,2.0,1.0,2.0,A01
201300016506,0,7,0,0.0,2.0,2.0,19.0,A01
201300016506,0,7,0,0.0,2.0,1.0,1.0,B01
201300016507,0,7,0,0.0,9.0,1.0,1.0,B01
201300016507,0,1,0,0.0,2.0,1.0,15.0,A01
201300016508,0,10,0,0.0,0.0,4.0,2.0,B01
201300016508,0,7,0,0.0,2.0,1.0,2.0,A01
201300016509,0,7,0,0.0,2.0,3.0,13.0,A01
201300016509,0,7,0,0.0,2.0,3.0,1.0,B01
201300016510,0,30,0,0.0,0.0,2.0,16.0,A01
201300016511,0,7,0,0.0,2.0,1.0,2.0,A01
201300016511,0,7,0,0.0,2.0,4.0,2.0,B01
201300016512,0,7,0,0.0,2.0,1.0,1.0,B01
201300016512,0,7,0,0.0,2.0,3.0,10.0,A01
201300016513,0,7,0,0.0,2.0,2.0,1.0,B01
201300016513,0,7,0,0.0,2.0,3.0,9.0,A01
201300016514,0,7,0,0.0,0.0,0.0,2.0,A01
201300016515,0,7,0,0.0,2.0,2.0,1.0,A01
201300016515,0,7,0,0.0,0.0,5.0,9.0,B01
201300016516,0,7,0,0.0,2.0,4.0,1.0,C01
201300016516,0,7,0,0.0,2.0,1.0,1.0,A01
201300016516,0,7,0,0.0,2.0,4.0,1.0,B01
201300016517,0,7,0,4.0,0.0,8.0,1.0,A01
201300016518,0,7,0,0.0,0.0,7.0,1.0,A01
201300016519,0,7,0,0.0,1.0,3.0,1.0,A01
201300016520,0,7,0,0.0,2.0,1.0,1.0,B01
201300016520,0,7,0,0.0,2.0,3.0,9.0,A01
201300016521,0,7,0,0.0,2.0,1.0,1.0,A01
201300016521,0,7,0,0.0,2.0,8.0,1.0,B01
201300016522,0,33,0,0.0,2.0,1.0,1.0,B01
201300016522,0,7,0,0.0,0.0,3.0,1.0,C01
201300016522,0,7,0,0.0,2.0,2.0,11.0,A01
201300016523,0,7,0,3.0,0.0,0.0,0.0,A01
201300016524,0,7,0,4.0,0.0,2.0,0.0,A01
201300016525,0,33,0,0.0,2.0,1.0,17.0,A01
201300016525,0,33,0,0.0,2.0,8.0,15.0,B01
201300016526,0,7,0,12.0,0.0,1.0,0.0,A01
201300016527,0,30,0,1.0,0.0,1.0,1.0,A01
201300016528,0,7,0,0.0,1.0,3.0,11.0,A01
201300016529,0,7,0,0.0,2.0,1.0,0.0,B01
201300016529,0,7,0,9.0,2.0,3.0,1.0,A01
201300016530,0,3,0,0.0,2.0,1.0,2.0,A01
201300016530,0,7,0,0.0,2.0,6.0,2.0,B01
201300016531,0,33,0,0.0,2.0,1.0,0.0,A01
201300016531,0,7,0,0.0,2.0,8.0,1.0,B01
201300016532,0,34,0,0.0,0.0,7.0,15.0,A01
201300016533,0,7,0,3.0,0.0,1.0,2.0,A01
201300016534,0,7,0,1.0,0.0,2.0,20.0,A01
201300016534,0,10,0,0.0,0.0,5.0,24.0,B01
201300016535,0,7,0,0.0,2.0,8.0,0.0,B01
201300016535,0,7,0,0.0,2.0,2.0,0.0,A01
201300016536,0,10,0,0.0,0.0,0.0,0.0,A01
201300016537,0,7,0,4.0,0.0,1.0,16.0,A01
201300016538,0,7,0,0.0,2.0,8.0,1.0,B01
201300016538,0,33,0,0.0,2.0,1.0,1.0,A01
201300016539,0,3,0,0.0,2.0,3.0,13.0,B01
201300016539,0,10,0,0.0,2.0,1.0,15.0,A01