Num_Acc,senc,catv,occutc,obs,obsm,choc,manv,num_veh
201300016540,0,33,0,0.0,2.0,8.0,2.0,A01
201300016540,0,17,0,0.0,2.0,7.0,2.0,B01
201300016541,0,7,0,0.0,2.0,7.0,1.0,B01
201300016541,0,33,0,0.0,2.0,1.0,1.0,A01
201300016542,0,30,0,0.0,0.0,8.0,1.0,A01
201300016543,0,7,0,1.0,0.0,2.0,1.0,A01
201300016543,0,99,0,0.0,0.0,6.0,0.0,B01
201300016544,0,7,0,4.0,0.0,2.0,9.0,A01
201300016545,0,33,0,2.0,0.0,1.0,17.0,A01
201300016546,0,7,0,0.0,2.0,1.0,1.0,A01
201300016546,0,7,0,0.0,0.0,6.0,12.0,B01
201300016547,0,7,0,0.0,0.0,2.0,1.0,A01
201300016548,0,7,0,0.0,2.0,2.0,1.0,B01
201300016548,0,7,0,0.0,2.0,6.0,9.0,A01
201300016549,0,7,0,15.0,0.0,9.0,1.0,A01
201300016550,0,7,0,0.0,2.0,2.0,9.0,A01
201300016550,0,32,0,0.0,2.0,5.0,0.0,B01
201300016551,0,30,0,0.0,2.0,7.0,15.0,B01
201300016551,0,7,0,0.0,2.0,3.0,9.0,A01
201300016552,0,34,0,0.0,0.0,0.0,1.0,A01
201300016553,0,7,0,13.0,0.0,2.0,1.0,A01
201300016554,0,7,0,8.0,0.0,2.0,1.0,A01
201300016555,0,10,0,0.0,2.0,7.0,1.0,B01
201300016555,0,7,0,0.0,2.0,1.0,19.0,A01
201300016556,0,7,0,0.0,2.0,1.0,16.0,A01
201300016556,0,31,0,0.0,2.0,3.0,15.0,B01
201300016557,0,7,0,0.0,2.0,2.0,1.0,B01
201300016557,0,7,0,0.0,2.0,1.0,9.0,A01
201300016558,0,7,0,0.0,2.0,1.0,2.0,A01
201300016558,0,7,0,0.0,0.0,4.0,2.0,C01
201300016558,0,7,0,0.0,2.0,4.0,2.0,B01
201300016559,0,7,0,0.0,2.0,2.0,1.0,A01
201300016559,0,7,0,0.0,2.0,7.0,1.0,B01
201300016560,0,7,0,0.0,2.0,4.0,2.0,B01
201300016560,0,7,0,0.0,0.0,4.0,2.0,C01
201300016560,0,7,0,0.0,2.0,1.0,2.0,A01
201300016561,1,7,0,0.0,2.0,3.0,2.0,B01
201300016561,0,32,0,0.0,2.0,1.0,3.0,A01
201300016562,0,7,0,0.0,2.0,2.0,2.0,A01
201300016562,0,7,0,0.0,2.0,3.0,2.0,B01
201300016563,0,7,0,0.0,2.0,3.0,15.0,B01
201300016563,0,2,0,0.0,2.0,7.0,17.0,A01
201300016564,0,7,0,0.0,2.0,3.0,9.0,A01
201300016564,0,33,0,0.0,2.0,2.0,17.0,B01
201300016565,0,7,0,0.0,2.0,3.0,10.0,A01
201300016565,0,33,0,0.0,2.0,1.0,1.0,B01
201300016566,0,7,0,0.0,2.0,3.0,15.0,A01
201300016566,0,32,0,0.0,2.0,1.0,0.0,B01
201300016567,0,7,0,0.0,2.0,3.0,10.0,A01
201300016567,0,7,0,0.0,2.0,1.0,1.0,B01
201300016568,0,7,0,8.0,0.0,7.0,1.0,A01
201300016569,0,7,0,0.0,2.0,4.0,1.0,C01
201300016569,0,7,0,0.0,2.0,1.0,1.0,A01
201300016569,0,7,0,0.0,2.0,4.0,1.0,B01
201300016569,0,7,0,0.0,2.0,4.0,1.0,D01
201300016570,0,7,0,0.0,2.0,1.0,2.0,A01
201300016570,0,7,0,0.0,0.0,4.0,0.0,B01
201300016571,0,7,0,0.0,2.0,3.0,1.0,A01
201300016571,0,7,0,0.0,2.0,3.0,1.0,B01
201300016572,0,7,0,0.0,1.0,3.0,1.0,A01
201300016573,0,7,0,0.0,2.0,3.0,0.0,B01
201300016573,0,7,0,0.0,2.0,3.0,0.0,A01
201300016574,0,7,0,0.0,2.0,3.0,1.0,B01
201300016574,0,7,0,0.0,2.0,2.0,15.0,A01
201300016575,0,30,0,0.0,0.0,8.0,16.0,A01
201300016576,0,7,0,3.0,0.0,8.0,0.0,A01
201300016577,0,7,0,10.0,2.0,3.0,15.0,A01
201300016577,0,7,0,0.0,2.0,2.0,1.0,B01
201300016578,0,7,0,4.0,0.0,3.0,1.0,A01
201300016579,0,7,0,0.0,0.0,4.0,2.0,B01
201300016579,0,7,0,0.0,2.0,2.0,2.0,A01
201300016580,0,7,0,0.0,1.0,2.0,1.0,A01
201300016581,0,7,0,0.0,1.0,1.0,21.0,A01
201300016582,0,10,0,0.0,0.0,0.0,0.0,A01
201300016583,0,7,0,10.0,0.0,1.0,1.0,A01
201300016584,0,7,0,0.0,2.0,1.0,1.0,A01
201300016584,0,7,0,0.0,2.0,4.0,23.0,B02
201300016585,0,7,0,0.0,0.0,9.0,17.0,A01
201300016586,0,7,0,0.0,2.0,5.0,16.0,A01
201300016586,0,7,0,0.0,2.0,3.0,1.0,B02
201300016587,0,7,0,0.0,2.0,1.0,2.0,A01
201300016587,0,7,0,0.0,2.0,4.0,2.0,B02
201300016587,0,7,0,0.0,2.0,1.0,2.0,C03
201300016587,0,17,0,0.0,2.0,4.0,2.0,D04
201300016588,0,7,0,0.0,2.0,1.0,2.0,A01
201300016588,0,10,0,0.0,0.0,4.0,2.0,B02
201300016589,0,7,0,0.0,2.0,1.0,2.0,A01
201300016589,0,14,0,0.0,2.0,6.0,2.0,B02
201300016590,0,7,0,0.0,2.0,1.0,2.0,A01
201300016590,0,7,0,0.0,2.0,4.0,2.0,B02
201300016590,0,7,0,0.0,2.0,4.0,2.0,C03
201300016591,0,10,0,4.0,0.0,8.0,1.0,A01
201300016592,0,17,0,0.0,2.0,8.0,13.0,A01
201300016592,0,7,0,0.0,0.0,8.0,17.0,C03
201300016593,0,7,0,3.0,0.0,1.0,1.0,A01
201300016594,0,10,0,0.0,2.0,1.0,1.0,A01
201300016594,0,15,0,0.0,2.0,4.0,2.0,B02
201300016595,0,7,0,0.0,2.0,1.0,1.0,A01
201300016595,0,7,0,0.0,2.0,4.0,1.0,B02
201300016596,0,7,0,4.0,0.0,8.0,1.0,A01
201300016597,0,7,0,0.0,2.0,1.0,1.0,A01
201300016597,0,7,0,0.0,2.0,6.0,1.0,B02
201300016598,0,7,0,0.0,0.0,6.0,24.0,B02
201300016598,0,7,0,1.0,1.0,2.0,2.0,A01
201300016599,0,38,0,0.0,1.0,1.0,1.0,A01
201300016600,0,33,0,0.0,2.0,1.0,2.0,A01
201300016600,0,7,0,0.0,0.0,6.0,1.0,B02
201300016601,0,7,0,0.0,0.0,2.0,1.0,A01
201300016601,0,7,0,7.0,0.0,3.0,21.0,B02
201300016602,0,10,0,0.0,2.0,2.0,3.0,A01
201300016602,0,7,0,0.0,0.0,6.0,1.0,B02
201300016603,0,10,0,16.0,0.0,3.0,1.0,A01
201300016604,0,7,0,3.0,0.0,8.0,13.0,A01
201300016605,0,17,0,0.0,2.0,4.0,2.0,B02
201300016605,0,7,0,0.0,2.0,1.0,2.0,A01
201300016606,0,7,0,0.0,2.0,2.0,17.0,B02
201300016606,0,7,0,0.0,2.0,6.0,1.0,A01
201300016607,0,14,0,0.0,2.0,3.0,1.0,B02
201300016607,0,7,0,0.0,2.0,3.0,1.0,A01
201300016608,0,7,0,3.0,0.0,2.0,1.0,A01
201300016609,0,10,0,13.0,0.0,2.0,1.0,A01
201300016610,0,14,0,0.0,0.0,4.0,2.0,B02
201300016610,0,10,0,0.0,0.0,1.0,2.0,A01
201300016611,0,7,0,0.0,2.0,3.0,9.0,B02
201300016611,0,31,0,0.0,2.0,1.0,1.0,A01
201300016612,0,10,0,0.0,2.0,1.0,2.0,C03
201300016612,0,7,0,0.0,2.0,1.0,1.0,A01
201300016612,0,7,0,0.0,2.0,8.0,1.0,D04
201300016612,0,7,0,0.0,2.0,3.0,1.0,B02
201300016613,0,14,0,13.0,0.0,3.0,1.0,A01
201300016614,0,33,0,14.0,0.0,8.0,1.0,A01
201300016615,0,7,0,0.0,2.0,1.0,13.0,A01
201300016615,0,7,0,0.0,2.0,1.0,1.0,B02
201300016616,0,33,0,0.0,6.0,7.0,1.0,A01
201300016617,0,1,0,0.0,2.0,3.0,1.0,A01
201300016617,0,7,0,0.0,2.0,3.0,15.0,B02
201300016618,0,33,0,0.0,2.0,1.0,1.0,A01
201300016618,0,7,0,0.0,2.0,3.0,19.0,B02
201300016619,0,7,0,0.0,1.0,2.0,1.0,A01
201300016620,0,7,0,0.0,2.0,3.0,15.0,B02
201300016620,0,31,0,0.0,2.0,7.0,17.0,A01
201300016621,0,33,0,16.0,0.0,1.0,1.0,A01
201300016622,0,7,0,0.0,1.0,2.0,1.0,A01
201300016623,0,7,0,0.0,2.0,1.0,1.0,C03
201300016623,0,7,0,0.0,2.0,3.0,11.0,A01
201300016623,0,7,0,0.0,2.0,3.0,1.0,B02
201300016624,0,7,0,0.0,1.0,1.0,1.0,A01
201300016625,0,7,0,13.0,0.0,2.0,1.0,A01
201300016626,0,7,0,0.0,2.0,5.0,21.0,A01
201300016626,0,7,0,0.0,2.0,1.0,2.0,B02
201300016627,0,7,0,0.0,2.0,1.0,1.0,A01
201300016627,0,17,0,0.0,2.0,4.0,1.0,B02
201300016628,0,7,0,4.0,2.0,2.0,1.0,A01
201300016628,0,14,0,0.0,0.0,6.0,2.0,B02
201300016629,0,7,0,3.0,0.0,2.0,14.0,A01
201300016630,0,7,0,13.0,0.0,1.0,1.0,A01
201300016631,0,7,0,0.0,1.0,2.0,1.0,A01
201300016632,0,7,0,2.0,0.0,2.0,13.0,A01
201300016633,0,30,0,14.0,0.0,1.0,1.0,A01
201300016634,0,7,0,2.0,0.0,1.0,13.0,A01
201300016635,0,7,0,4.0,0.0,3.0,1.0,A01
201300016636,0,10,0,0.0,2.0,3.0,20.0,A01
201300016636,0,30,0,0.0,2.0,1.0,1.0,B02
201300016637,0,7,0,0.0,1.0,2.0,1.0,A01
201300016638,0,30,0,0.0,2.0,8.0,9.0,A01
201300016638,0,7,0,0.0,2.0,3.0,1.0,B02
201300016639,0,7,0,0.0,1.0,4.0,4.0,A01
201300016640,0,10,0,0.0,2.0,3.0,9.0,A01
201300016640,0,7,0,0.0,2.0,5.0,1.0,B02
201300016641,0,31,0,0.0,2.0,1.0,1.0,A01
201300016642,0,17,0,1.0,0.0,2.0,2.0,B02
201300016643,0,7,0,13.0,0.0,3.0,19.0,A01
201300016644,0,7,0,16.0,0.0,0.0,0.0,A01
201300016645,0,2,0,0.0,2.0,1.0,1.0,A01
201300016645,0,7,0,0.0,2.0,8.0,15.0,B02
201300016646,0,1,0,0.0,2.0,1.0,13.0,A01
201300016646,0,7,0,0.0,2.0,3.0,1.0,B02
201300016647,0,10,0,0.0,2.0,3.0,1.0,A01
201300016647,0,2,0,0.0,2.0,1.0,13.0,B02
201300016648,0,36,0,8.0,0.0,1.0,1.0,A01
201300016649,0,7,0,0.0,2.0,1.0,13.0,A01
201300016649,0,7,0,0.0,2.0,1.0,2.0,B02
201300016650,0,7,0,0.0,0.0,1.0,21.0,A01
201300016650,0,10,0,0.0,0.0,1.0,0.0,B02
201300016651,0,7,0,13.0,0.0,3.0,13.0,A01
201300016652,0,10,0,0.0,1.0,2.0,1.0,A01
201300016653,0,7,0,0.0,2.0,7.0,10.0,A01
201300016653,0,1,0,0.0,2.0,1.0,1.0,B01
201300016654,0,7,0,0.0,0.0,1.0,0.0,A01
201300016655,0,7,0,0.0,1.0,3.0,1.0,A01
201300016656,0,10,0,0.0,1.0,5.0,1.0,A01
201300016657,0,7,0,0.0,2.0,1.0,1.0,A01
201300016657,0,7,0,0.0,2.0,1.0,1.0,B01
201300016658,0,7,0,0.0,1.0,2.0,1.0,A01
201300016659,0,7,0,0.0,0.0,5.0,1.0,B01
201300016659,0,36,0,0.0,2.0,1.0,3.0,A01
201300016660,0,7,0,0.0,2.0,1.0,1.0,B01
201300016660,2,7,0,0.0,2.0,8.0,10.0,A01
201300016661,0,7,0,1.0,0.0,1.0,14.0,A01
201300016661,0,7,0,0.0,2.0,6.0,24.0,B01
201300016662,0,40,0,0.0,2.0,2.0,1.0,B01
201300016662,0,10,0,0.0,2.0,2.0,15.0,A01
201300016663,0,7,0,0.0,1.0,3.0,1.0,A01
201300016664,0,7,0,13.0,2.0,4.0,1.0,B01
201300016664,0,17,0,0.0,2.0,2.0,1.0,A01
201300016665,0,7,0,0.0,1.0,4.0,20.0,A01
201300016666,0,37,3,0.0,1.0,2.0,1.0,A01
201300016667,0,2,0,0.0,2.0,1.0,1.0,A01
201300016667,0,7,0,0.0,2.0,8.0,1.0,B01
201300016668,0,7,0,3.0,0.0,1.0,14.0,A01
201300016669,0,33,0,0.0,2.0,1.0,3.0,A01
201300016669,0,17,0,0.0,0.0,5.0,1.0,B01
201300016670,0,2,0,0.0,2.0,1.0,1.0,A01
201300016670,0,7,0,0.0,2.0,3.0,1.0,B01
201300016671,0,7,0,0.0,2.0,3.0,15.0,A01
201300016671,0,32,0,1.0,2.0,8.0,1.0,B01
201300016672,0,32,0,0.0,2.0,3.0,5.0,A01
201300016672,0,7,0,0.0,2.0,8.0,21.0,B01
201300016673,0,7,0,0.0,0.0,3.0,1.0,A01
201300016673,0,1,0,0.0,2.0,1.0,1.0,B01
201300016674,0,7,0,16.0,0.0,1.0,13.0,A01
201300016675,0,1,0,0.0,2.0,1.0,1.0,A01
201300016675,1,7,0,0.0,2.0,5.0,14.0,Z01
201300016676,0,7,0,8.0,0.0,7.0,13.0,A01
201300016677,0,7,0,0.0,1.0,1.0,15.0,A01
201300016678,0,7,0,15.0,0.0,1.0,13.0,A01
201300016679,0,7,0,0.0,1.0,2.0,1.0,A01
201300016680,0,7,0,8.0,0.0,1.0,1.0,A01
201300016681,0,2,0,0.0,2.0,2.0,17.0,A01
201300016681,0,7,0,0.0,2.0,4.0,2.0,B01
201300016682,0,7,0,3.0,2.0,1.0,13.0,A01
201300016682,0,10,0,0.0,2.0,2.0,1.0,B01
201300016682,0,7,0,14.0,0.0,1.0,1.0,C01
201300016683,0,2,0,0.0,2.0,1.0,1.0,B01
201300016683,0,7,0,0.0,2.0,3.0,15.0,A02
201300016684,0,7,0,0.0,1.0,3.0,1.0,A01
201300016685,0,7,0,0.0,2.0,4.0,11.0,A01
201300016685,0,7,0,0.0,2.0,1.0,1.0,B01
201300016686,0,30,0,0.0,2.0,8.0,1.0,B01
201300016686,1,7,0,0.0,2.0,2.0,15.0,Z01
201300016687,0,7,0,3.0,2.0,3.0,13.0,A01
201300016687,0,7,0,0.0,2.0,1.0,1.0,B01
201300016688,0,7,0,1.0,0.0,2.0,14.0,A01
201300016689,0,30,0,1.0,0.0,1.0,1.0,A01
201300016690,0,10,0,0.0,1.0,8.0,1.0,A01
201300016691,0,7,0,0.0,1.0,2.0,1.0,A01
201300016692,0,30,0,14.0,0.0,1.0,1.0,A01
201300016693,0,7,0,0.0,2.0,4.0,23.0,B01
201300016693,0,7,0,0.0,2.0,1.0,1.0,A01
201300016694,0,7,0,0.0,2.0,1.0,1.0,C01
201300016694,0,7,0,0.0,2.0,1.0,1.0,B01
201300016694,0,7,0,0.0,2.0,6.0,11.0,A01
201300016695,0,7,0,0.0,2.0,7.0,15.0,A01
201300016695,0,2,0,0.0,2.0,1.0,1.0,B01
201300016696,0,2,0,11.0,0.0,1.0,17.0,A01
201300016697,0,7,0,9.0,0.0,1.0,14.0,A01
201300016698,0,2,0,7.0,0.0,1.0,13.0,A01
201300016699,0,7,0,0.0,2.0,8.0,24.0,B01
201300016699,0,2,0,1.0,0.0,7.0,14.0,A01
201300016700,0,7,0,9.0,0.0,1.0,13.0,A01
201300016701,0,7,0,0.0,2.0,1.0,5.0,A01
201300016701,0,7,0,0.0,2.0,1.0,1.0,B01
201300016702,0,10,0,0.0,2.0,6.0,1.0,B01
201300016702,0,2,0,0.0,2.0,1.0,9.0,A01
201300016703,0,7,0,2.0,0.0,6.0,13.0,A01
201300016704,0,7,0,0.0,2.0,2.0,15.0,A01
201300016704,0,33,0,0.0,2.0,8.0,1.0,B01
201300016705,0,7,0,0.0,1.0,2.0,1.0,A01
201300016706,0,7,0,0.0,2.0,4.0,23.0,B01
201300016706,0,2,0,0.0,2.0,1.0,2.0,A01
201300016707,0,2,0,0.0,2.0,4.0,0.0,B01
201300016707,1,7,0,0.0,2.0,2.0,0.0,Z01
201300016708,0,33,0,0.0,2.0,1.0,3.0,A01
201300016708,0,10,0,0.0,2.0,5.0,1.0,B01
201300016709,0,7,0,0.0,2.0,3.0,15.0,A01
201300016709,0,31,0,0.0,2.0,1.0,1.0,B01
201300016710,0,7,0,0.0,2.0,1.0,15.0,B01
201300016710,0,2,0,0.0,2.0,1.0,1.0,A01
201300016711,0,7,0,0.0,0.0,0.0,13.0,A01
201300016712,0,33,0,0.0,0.0,0.0,1.0,A01
201300016713,0,7,0,0.0,2.0,8.0,13.0,A01
201300016713,0,33,0,0.0,2.0,1.0,1.0,B01
201300016714,0,7,0,0.0,1.0,1.0,1.0,A01
201300016715,0,7,0,0.0,2.0,2.0,1.0,A01
201300016715,0,1,0,0.0,2.0,1.0,19.0,B01
201300016716,0,7,0,0.0,1.0,7.0,17.0,A01
201300016717,0,33,0,0.0,2.0,1.0,1.0,B01
201300016717,0,7,0,0.0,2.0,2.0,15.0,A01
201300016718,0,3,0,6.0,0.0,1.0,15.0,A01
201300016719,0,33,0,0.0,2.0,1.0,1.0,B01
201300016719,0,7,0,0.0,2.0,8.0,10.0,A01
201300016720,0,7,0,13.0,0.0,0.0,1.0,A01
201300016721,0,30,0,12.0,0.0,7.0,1.0,A01
201300016722,0,30,0,14.0,0.0,1.0,1.0,A01
201300016723,0,7,0,1.0,0.0,0.0,1.0,A01
201300016724,0,2,0,12.0,0.0,0.0,14.0,A01
201300016725,0,7,0,0.0,2.0,8.0,11.0,A01
201300016725,0,33,0,0.0,2.0,2.0,1.0,B01
201300016726,0,40,0,0.0,1.0,2.0,1.0,A01
201300016727,1,99,0,0.0,9.0,1.0,17.0,Z01
201300016727,0,1,0,0.0,2.0,8.0,15.0,A01
201300016728,0,7,0,0.0,2.0,2.0,1.0,A01
201300016728,0,1,0,0.0,2.0,1.0,1.0,B01
201300016729,0,33,0,0.0,2.0,1.0,2.0,A01
201300016729,0,7,0,0.0,2.0,4.0,2.0,B01
201300016730,0,7,0,0.0,2.0,4.0,1.0,C01
201300016730,0,33,0,0.0,2.0,1.0,3.0,A01
201300016730,0,7,0,0.0,0.0,6.0,1.0,B01
201300016731,0,7,0,0.0,2.0,1.0,15.0,A01
201300016731,0,30,0,0.0,2.0,1.0,1.0,B01
201300016732,0,7,0,0.0,2.0,3.0,15.0,A01
201300016732,0,33,0,0.0,2.0,1.0,1.0,B01
201300016733,0,7,0,0.0,2.0,3.0,23.0,B01
201300016733,0,21,0,0.0,2.0,3.0,15.0,A01
201300016734,0,33,0,0.0,2.0,1.0,2.0,A01
201300016734,0,7,0,0.0,0.0,4.0,2.0,B01
201300016735,0,7,0,0.0,1.0,4.0,4.0,A01
201300016736,0,7,0,0.0,2.0,4.0,2.0,B01
201300016736,0,10,0,0.0,2.0,1.0,2.0,A01
201300016737,0,2,0,16.0,0.0,1.0,14.0,A01
201300016738,0,7,0,0.0,2.0,3.0,15.0,A01
201300016738,0,33,0,0.0,2.0,1.0,17.0,B01
201300016739,0,2,0,0.0,2.0,1.0,0.0,A01
201300016739,0,7,0,0.0,0.0,4.0,1.0,B01
201300016740,0,10,0,0.0,2.0,8.0,1.0,A01
201300016740,0,7,0,0.0,2.0,1.0,1.0,B01
201300016740,0,7,0,0.0,2.0,1.0,23.0,C01
201300016741,0,1,0,1.0,0.0,1.0,1.0,B01
201300016741,0,7,0,0.0,2.0,8.0,22.0,A01
201300016742,0,7,0,0.0,1.0,2.0,1.0,A01
201300016743,0,7,0,0.0,2.0,3.0,1.0,B01
201300016743,0,7,0,0.0,2.0,2.0,15.0,A01
201300016744,0,7,0,0.0,2.0,1.0,1.0,B01
201300016744,0,7,0,0.0,2.0,1.0,1.0,A01
201300016745,0,7,0,0.0,2.0,1.0,1.0,A01
201300016745,0,7,0,0.0,2.0,4.0,1.0,B01
201300016746,0,7,0,0.0,2.0,2.0,15.0,A01
201300016746,0,32,0,0.0,2.0,1.0,1.0,B01
201300016747,0,7,0,0.0,1.0,2.0,1.0,A01
201300016748,0,7,0,0.0,1.0,3.0,15.0,A01
201300016749,0,7,0,0.0,1.0,3.0,1.0,A01
201300016750,0,7,0,0.0,1.0,1.0,1.0,A01
201300016751,0,7,0,0.0,1.0,2.0,1.0,A01
201300016752,0,7,0,0.0,2.0,1.0,0.0,B01
201300016752,0,7,0,0.0,2.0,4.0,4.0,A01
201300016753,0,7,0,0.0,1.0,1.0,2.0,A01
201300016754,0,7,0,0.0,2.0,3.0,13.0,A01
201300016754,0,2,0,0.0,2.0,1.0,1.0,B01
201300016755,0,34,0,0.0,2.0,1.0,1.0,B01
201300016755,0,7,0,0.0,2.0,3.0,15.0,A01
201300016756,0,7,0,0.0,1.0,4.0,4.0,A01
201300016757,0,31,0,11.0,0.0,1.0,1.0,A01
201300016758,0,7,0,0.0,1.0,1.0,1.0,A01
201300016759,0,7,0,0.0,2.0,3.0,15.0,A01
201300016759,0,2,0,0.0,2.0,1.0,5.0,B01
201300016759,0,7,0,0.0,2.0,6.0,24.0,C01
201300016760,0,7,0,6.0,0.0,9.0,1.0,A01
201300016761,0,7,0,0.0,2.0,1.0,1.0,B02
201300016761,0,7,0,0.0,2.0,1.0,13.0,A01
201300016762,0,7,0,0.0,2.0,8.0,19.0,B01
201300016762,0,10,0,0.0,2.0,1.0,1.0,A01
201300016763,0,35,0,0.0,1.0,1.0,1.0,A01
201300016764,0,7,0,0.0,0.0,8.0,19.0,A01
201300016764,0,31,0,0.0,2.0,7.0,21.0,B01
201300016765,0,7,0,14.0,0.0,1.0,2.0,A01
201300016765,0,7,0,0.0,0.0,4.0,23.0,B01
201300016766,0,1,0,0.0,0.0,1.0,2.0,B01
201300016766,0,7,0,0.0,0.0,5.0,2.0,A01
201300016767,0,7,0,0.0,1.0,3.0,4.0,A01
201300016768,0,2,0,0.0,2.0,1.0,1.0,B01
201300016768,0,7,0,0.0,2.0,3.0,1.0,A01
201300016769,0,1,0,0.0,2.0,7.0,1.0,B01
201300016769,0,7,0,0.0,2.0,1.0,15.0,A01
201300016770,0,7,0,3.0,0.0,3.0,1.0,A01
201300016771,1,7,0,0.0,1.0,0.0,16.0,A01
201300016772,0,1,0,15.0,0.0,1.0,0.0,A01
201300016773,0,10,0,0.0,2.0,3.0,5.0,C01
201300016773,0,7,0,0.0,0.0,4.0,1.0,A01
201300016773,0,7,0,0.0,2.0,1.0,2.0,B01
201300016774,0,1,0,0.0,2.0,7.0,0.0,A01
201300016774,0,7,0,0.0,9.0,3.0,16.0,B01
201300016775,0,7,0,0.0,2.0,5.0,15.0,A01
201300016775,0,2,0,0.0,2.0,1.0,1.0,B01
201300016776,0,7,0,0.0,1.0,7.0,16.0,B01
201300016777,0,7,0,0.0,2.0,1.0,1.0,B02
201300016777,0,7,0,0.0,2.0,0.0,1.0,C03
201300016777,0,7,0,0.0,2.0,1.0,5.0,A01
201300016778,0,3,0,0.0,2.0,3.0,15.0,A01
201300016778,0,7,0,0.0,2.0,1.0,1.0,B02
201300016779,0,31,0,0.0,2.0,1.0,5.0,A01
201300016779,0,10,0,0.0,2.0,2.0,2.0,B02
201300016780,0,33,0,0.0,2.0,5.0,17.0,A01
201300016780,0,7,0,0.0,2.0,3.0,1.0,B02
201300016781,0,7,0,0.0,2.0,2.0,15.0,A01
201300016781,0,31,0,0.0,2.0,3.0,1.0,B02
201300016782,0,7,0,0.0,0.0,8.0,19.0,A01
201300016782,0,33,0,0.0,2.0,3.0,1.0,B02
201300016783,0,7,0,0.0,2.0,6.0,15.0,B02
201300016783,0,33,0,0.0,2.0,1.0,17.0,A01
201300016784,0,7,0,0.0,1.0,1.0,1.0,A01
201300016785,0,7,0,0.0,2.0,3.0,13.0,A01
201300016785,0,17,0,0.0,2.0,3.0,1.0,B02
201300016786,0,1,0,0.0,2.0,8.0,0.0,B02
201300016786,0,7,0,0.0,9.0,1.0,19.0,A01
201300016787,0,7,0,0.0,2.0,1.0,2.0,A01
201300016787,0,7,0,0.0,2.0,4.0,2.0,C03
201300016787,0,7,0,0.0,2.0,4.0,2.0,B02
201300016788,0,7,0,0.0,2.0,3.0,1.0,A01
201300016788,0,1,0,0.0,2.0,4.0,2.0,B02
201300016789,0,7,0,0.0,2.0,1.0,1.0,A01
201300016789,0,7,0,0.0,2.0,3.0,9.0,B02
201300016790,0,7,0,0.0,0.0,1.0,17.0,A01
201300016791,0,33,0,0.0,2.0,7.0,1.0,A01
201300016791,0,7,0,0.0,2.0,3.0,9.0,B02
201300016792,0,7,0,0.0,2.0,3.0,1.0,B02
201300016792,0,7,0,0.0,2.0,3.0,13.0,A01
201300016793,0,7,0,0.0,2.0,3.0,1.0,A01
201300016793,0,33,0,0.0,2.0,1.0,17.0,B02
201300016794,0,7,0,0.0,2.0,3.0,1.0,B02
201300016794,0,7,0,0.0,2.0,3.0,13.0,A01
201300016795,0,7,0,13.0,0.0,3.0,1.0,A01
201300016796,1,30,0,1.0,2.0,0.0,1.0,A01
201300016797,0,33,0,0.0,2.0,1.0,1.0,B02
201300016797,0,7,0,0.0,2.0,1.0,13.0,A01
201300016798,0,33,0,0.0,2.0,7.0,1.0,A01
201300016798,0,7,0,0.0,2.0,1.0,19.0,B02
201300016799,0,7,0,0.0,1.0,1.0,15.0,A01
201300016800,0,7,0,0.0,2.0,1.0,21.0,B02
201300016800,0,7,0,0.0,2.0,4.0,13.0,A01
201300016801,0,33,0,2.0,0.0,1.0,21.0,A01
201300016802,0,7,0,0.0,1.0,2.0,2.0,A01
201300016803,0,7,0,2.0,0.0,1.0,0.0,A01
201300016804,0,7,0,6.0,0.0,0.0,1.0,A01
201300016805,0,7,0,0.0,0.0,9.0,1.0,A01
201300016806,0,33,0,0.0,2.0,2.0,17.0,A01
201300016806,0,7,0,0.0,2.0,8.0,17.0,B02
201300016807,0,10,0,0.0,0.0,2.0,1.0,A01
201300016808,0,7,0,13.0,0.0,3.0,13.0,A01
201300016809,0,7,0,0.0,0.0,5.0,19.0,B02
201300016809,0,33,0,0.0,2.0,1.0,1.0,A01
201300016810,0,7,0,8.0,0.0,7.0,1.0,A01
201300016811,0,7,0,15.0,2.0,5.0,1.0,B01
201300016811,0,36,0,0.0,2.0,1.0,1.0,A01
201300016812,0,2,0,8.0,0.0,1.0,14.0,A01
201300016813,0,31,0,0.0,0.0,7.0,1.0,A01
201300016814,0,3,0,8.0,0.0,3.0,1.0,A01
201300016815,0,7,0,0.0,2.0,5.0,23.0,B01
201300016815,0,33,0,0.0,2.0,1.0,2.0,A01
201300016816,0,33,0,0.0,2.0,0.0,1.0,A01
201300016816,1,7,0,0.0,0.0,0.0,15.0,B01
201300016817,0,7,0,2.0,0.0,1.0,14.0,A01
201300016818,0,30,0,0.0,0.0,1.0,9.0,A01
201300016819,0,7,0,0.0,2.0,2.0,1.0,A01
201300016819,0,1,0,0.0,2.0,1.0,1.0,B01
201300016820,0,2,0,0.0,0.0,7.0,1.0,A01
201300016821,0,30,0,0.0,2.0,2.0,1.0,B01
201300016821,0,7,0,0.0,2.0,3.0,9.0,A01
201300016822,0,31,0,0.0,2.0,1.0,13.0,B01
201300016822,0,13,0,0.0,2.0,3.0,1.0,A01
201300016823,0,7,0,0.0,2.0,0.0,10.0,C01
201300016823,0,7,0,0.0,2.0,4.0,2.0,B01
201300016823,0,33,0,0.0,2.0,1.0,2.0,A01
201300016824,0,7,0,0.0,2.0,4.0,23.0,C01
201300016824,0,7,0,0.0,2.0,1.0,1.0,A01