Num_Acc,senc,catv,occutc,obs,obsm,choc,manv,num_veh
201300016824,0,7,0,0.0,2.0,4.0,23.0,B01
201300016825,0,2,0,0.0,1.0,0.0,0.0,A01
201300016826,0,1,0,0.0,0.0,1.0,19.0,B01
201300016826,0,7,0,12.0,0.0,2.0,1.0,A01
201300016827,0,33,0,13.0,0.0,1.0,1.0,A01
201300016828,0,7,0,0.0,2.0,1.0,2.0,B01
201300016828,0,7,0,0.0,2.0,3.0,2.0,A01
201300016828,0,10,0,0.0,2.0,3.0,2.0,C01
201300016829,0,7,0,0.0,2.0,5.0,2.0,B01
201300016829,0,2,0,12.0,2.0,1.0,2.0,A01
201300016830,0,2,0,0.0,0.0,8.0,15.0,A01
201300016831,0,7,0,1.0,1.0,3.0,1.0,A01
201300016832,0,7,0,0.0,2.0,6.0,1.0,A01
201300016832,0,30,0,0.0,2.0,6.0,1.0,B01
201300016833,0,7,0,0.0,1.0,4.0,4.0,A01
201300016834,0,33,0,0.0,0.0,8.0,15.0,A01
201300016835,0,7,0,0.0,2.0,1.0,1.0,A01
201300016835,0,7,0,0.0,2.0,1.0,1.0,B02
201300016836,0,7,0,6.0,0.0,9.0,1.0,A01
201300016837,0,7,0,0.0,2.0,1.0,1.0,A01
201300016837,0,7,0,0.0,2.0,1.0,1.0,B02
201300016838,0,10,0,2.0,0.0,1.0,1.0,A01
201300016839,0,7,0,2.0,0.0,3.0,1.0,A01
201300016840,0,33,0,0.0,2.0,3.0,1.0,A01
201300016841,0,13,0,6.0,0.0,1.0,1.0,A01
201300016842,0,15,0,0.0,2.0,3.0,1.0,A01
201300016842,0,15,0,0.0,2.0,8.0,1.0,B02
201300016843,0,7,0,0.0,1.0,3.0,1.0,A01
201300016844,0,99,0,0.0,2.0,3.0,15.0,B02
201300016844,0,7,0,0.0,2.0,2.0,13.0,A01
201300016845,0,7,0,2.0,0.0,7.0,1.0,A01
201300016846,0,33,0,0.0,5.0,1.0,1.0,A01
201300016847,0,31,0,13.0,0.0,1.0,1.0,A01
201300016848,0,10,0,15.0,0.0,1.0,1.0,A01
201300016849,0,7,0,0.0,1.0,0.0,21.0,A01
201300016850,0,7,0,0.0,1.0,4.0,20.0,A01
201300016851,2,7,0,0.0,2.0,1.0,13.0,A01
201300016851,0,7,0,0.0,2.0,1.0,1.0,B02
201300016852,0,7,0,0.0,2.0,3.0,15.0,A01
201300016852,0,33,0,0.0,2.0,1.0,1.0,B02
201300016853,2,7,0,1.0,0.0,1.0,1.0,A01
201300016854,0,33,0,0.0,2.0,7.0,21.0,B02
201300016854,0,7,0,0.0,2.0,2.0,15.0,A01
201300016855,0,7,0,0.0,2.0,3.0,1.0,A01
201300016855,0,30,0,0.0,2.0,1.0,15.0,B02
201300016856,0,13,0,2.0,0.0,3.0,1.0,A01
201300016857,0,7,0,0.0,2.0,7.0,13.0,A01
201300016857,0,7,0,0.0,2.0,1.0,1.0,B02
201300016858,0,10,0,0.0,2.0,3.0,19.0,B02
201300016858,0,10,0,0.0,2.0,1.0,1.0,A01
201300016859,0,7,0,0.0,2.0,3.0,15.0,B02
201300016859,0,30,0,0.0,2.0,1.0,17.0,A01
201300016860,0,10,0,16.0,0.0,1.0,19.0,A01
201300016861,0,7,0,1.0,0.0,1.0,19.0,A01
201300016862,0,10,0,13.0,0.0,1.0,1.0,A01
201300016863,0,10,0,1.0,1.0,1.0,1.0,A01
201300016864,0,7,0,0.0,2.0,1.0,1.0,B02
201300016864,0,7,0,0.0,2.0,1.0,1.0,A01
201300016865,0,10,0,2.0,0.0,2.0,1.0,A01
201300016866,0,32,0,0.0,2.0,2.0,1.0,A01
201300016866,0,7,0,0.0,2.0,3.0,1.0,B02
201300016867,0,30,0,0.0,2.0,2.0,15.0,A01
201300016867,0,7,0,0.0,2.0,3.0,1.0,B02
201300016868,0,7,0,13.0,0.0,3.0,13.0,A01
201300016869,0,7,0,6.0,0.0,2.0,1.0,A01
201300016870,0,7,0,0.0,2.0,3.0,13.0,A01
201300016870,0,7,0,0.0,2.0,3.0,1.0,B02
201300016871,0,7,0,0.0,2.0,1.0,0.0,A01
201300016871,0,3,0,0.0,2.0,1.0,0.0,B02
201300016872,0,7,0,0.0,0.0,9.0,15.0,A01
201300016872,0,7,0,0.0,2.0,2.0,1.0,B02
201300016873,0,17,0,0.0,2.0,6.0,1.0,B02
201300016873,0,2,0,0.0,2.0,3.0,13.0,A01
201300016874,1,99,0,0.0,2.0,0.0,2.0,Z01
201300016874,0,1,0,0.0,2.0,4.0,2.0,B02
201300016875,0,7,0,0.0,1.0,1.0,15.0,A01
201300016876,0,7,0,0.0,2.0,3.0,1.0,A01
201300016876,0,7,0,0.0,2.0,3.0,1.0,B01
201300016877,0,10,0,0.0,1.0,2.0,1.0,A01
201300016878,0,7,0,8.0,0.0,1.0,1.0,A01
201300016879,0,2,0,12.0,2.0,1.0,1.0,A01
201300016879,0,7,0,0.0,2.0,1.0,1.0,B01
201300016880,0,10,0,0.0,1.0,5.0,20.0,A01
201300016881,0,15,0,15.0,0.0,2.0,1.0,A01
201300016882,0,7,0,0.0,1.0,2.0,1.0,A01
201300016883,0,7,0,0.0,1.0,1.0,1.0,A01
201300016884,0,7,0,0.0,2.0,3.0,1.0,B01
201300016884,0,7,0,0.0,2.0,2.0,1.0,A01
201300016885,0,7,0,0.0,1.0,1.0,1.0,A01
201300016886,0,33,0,0.0,1.0,1.0,1.0,A01
201300016887,0,7,0,0.0,2.0,3.0,15.0,A01
201300016887,0,7,0,0.0,2.0,1.0,1.0,B01
201300016888,0,7,0,0.0,2.0,1.0,1.0,B01
201300016888,0,7,0,0.0,2.0,6.0,15.0,A01
201300016889,0,7,0,13.0,0.0,9.0,1.0,A01
201300016890,1,7,0,0.0,2.0,2.0,2.0,A01
201300016890,0,7,0,0.0,2.0,6.0,1.0,B01
201300016891,0,7,0,0.0,1.0,1.0,16.0,A01
201300016892,0,7,0,0.0,2.0,1.0,13.0,A01
201300016892,0,7,0,0.0,2.0,1.0,1.0,B01
201300016893,0,2,0,0.0,2.0,1.0,1.0,B01
201300016893,0,7,0,0.0,2.0,2.0,1.0,C01
201300016893,0,7,0,0.0,2.0,8.0,16.0,A01
201300016894,0,7,0,0.0,1.0,1.0,16.0,A01
201300016895,0,2,0,6.0,0.0,1.0,0.0,A01
201300016896,0,30,0,0.0,0.0,0.0,1.0,A01
201300016897,0,30,0,0.0,0.0,0.0,1.0,A01
201300016898,0,7,0,0.0,1.0,1.0,1.0,A01
201300016899,1,99,0,0.0,1.0,1.0,0.0,A01
201300016900,0,7,0,1.0,2.0,1.0,2.0,A01
201300016900,0,7,0,6.0,2.0,4.0,2.0,B01
201300016901,0,30,0,1.0,0.0,1.0,1.0,A01
201300016902,0,7,0,8.0,0.0,8.0,1.0,A01
201300016903,0,7,0,0.0,2.0,2.0,19.0,B01
201300016903,0,7,0,0.0,2.0,1.0,1.0,A01
201300016904,0,7,0,0.0,1.0,1.0,1.0,A01
201300016905,0,7,0,0.0,2.0,7.0,17.0,A01
201300016905,0,1,0,0.0,2.0,3.0,1.0,B01
201300016905,0,1,0,0.0,2.0,8.0,1.0,C01
201300016906,0,7,0,0.0,1.0,4.0,4.0,A01
201300016907,0,10,0,0.0,2.0,1.0,2.0,A01
201300016907,0,33,0,0.0,2.0,4.0,23.0,B01
201300016907,0,7,0,0.0,2.0,4.0,23.0,C01
201300016908,0,7,0,2.0,0.0,1.0,1.0,A01
201300016909,0,10,0,0.0,2.0,2.0,20.0,B02
201300016909,0,7,0,0.0,2.0,4.0,24.0,C03
201300016909,0,30,0,1.0,2.0,1.0,18.0,A01
201300016910,0,7,0,0.0,1.0,1.0,1.0,A01
201300016911,0,33,0,8.0,0.0,8.0,1.0,A01
201300016912,0,33,0,13.0,0.0,8.0,14.0,A01
201300016913,0,38,49,0.0,2.0,8.0,1.0,B01
201300016913,0,7,0,0.0,2.0,8.0,13.0,A01
201300016914,0,7,0,0.0,2.0,3.0,15.0,B01
201300016914,0,7,0,0.0,2.0,8.0,1.0,A01
201300016915,0,7,0,0.0,1.0,1.0,20.0,A01
201300016916,0,7,0,0.0,2.0,1.0,19.0,A01
201300016916,0,33,0,0.0,2.0,7.0,1.0,B01
201300016917,0,7,0,0.0,2.0,1.0,2.0,A01
201300016917,0,7,0,15.0,2.0,4.0,2.0,B01
201300016918,0,7,0,2.0,0.0,1.0,1.0,A01
201300016919,0,33,0,16.0,0.0,0.0,1.0,A01
201300016920,0,7,0,1.0,2.0,3.0,1.0,B01
201300016920,0,7,0,0.0,2.0,1.0,5.0,A01
201300016921,0,7,0,16.0,0.0,9.0,1.0,A01
201300016922,0,7,0,8.0,0.0,1.0,1.0,A01
201300016923,0,2,0,0.0,2.0,1.0,1.0,B01
201300016923,0,7,0,0.0,2.0,8.0,1.0,A01
201300016924,0,7,0,0.0,1.0,1.0,1.0,A01
201300016925,0,7,0,0.0,2.0,8.0,1.0,B01
201300016925,0,30,0,0.0,2.0,1.0,15.0,A01
201300016926,0,7,0,0.0,2.0,6.0,4.0,A01
201300016926,0,7,0,0.0,2.0,3.0,1.0,B01
201300016927,0,7,0,0.0,1.0,1.0,1.0,A01
201300016928,0,10,0,0.0,2.0,1.0,2.0,A01
201300016928,0,31,0,0.0,2.0,4.0,23.0,B01
201300016928,0,10,0,0.0,2.0,6.0,2.0,C01
201300016929,0,7,0,1.0,1.0,2.0,1.0,A01
201300016930,0,33,0,0.0,2.0,1.0,1.0,A01
201300016930,0,7,0,0.0,2.0,6.0,23.0,B01
201300016931,0,33,0,0.0,2.0,1.0,1.0,B01
201300016931,0,7,0,0.0,2.0,7.0,1.0,A01
201300016932,0,2,0,0.0,2.0,2.0,5.0,A01
201300016932,0,1,0,0.0,2.0,0.0,19.0,B01
201300016933,0,30,0,0.0,0.0,5.0,1.0,A01
201300016934,0,7,0,0.0,2.0,6.0,15.0,A01
201300016934,0,33,0,0.0,2.0,1.0,1.0,B01
201300016935,0,2,0,16.0,0.0,0.0,1.0,A01
201300016936,0,30,0,0.0,0.0,0.0,1.0,A01
201300016937,0,7,0,0.0,1.0,1.0,15.0,A01
201300016938,0,30,0,0.0,0.0,0.0,1.0,A01
201300016939,0,7,0,0.0,2.0,7.0,1.0,A01
201300016939,0,10,0,0.0,2.0,1.0,1.0,B02
201300016940,0,7,0,0.0,0.0,3.0,15.0,A01
201300016940,0,33,0,15.0,2.0,1.0,17.0,B02
201300016941,0,7,0,2.0,0.0,1.0,13.0,A01
201300016942,0,33,0,0.0,2.0,1.0,1.0,A01
201300016942,0,7,0,0.0,2.0,3.0,5.0,B02
201300016943,0,7,0,13.0,0.0,1.0,14.0,A01
201300016944,0,2,0,0.0,0.0,0.0,15.0,A01
201300016945,0,7,0,0.0,0.0,1.0,1.0,A01
201300016945,0,33,0,0.0,0.0,1.0,1.0,B02
201300016946,0,1,0,0.0,2.0,1.0,0.0,A01
201300016946,0,7,0,0.0,9.0,1.0,1.0,B02
201300016947,0,7,0,0.0,2.0,6.0,15.0,A01
201300016947,0,2,0,0.0,2.0,2.0,1.0,A02
201300016947,0,7,0,0.0,2.0,1.0,1.0,A03
201300016948,0,33,0,0.0,0.0,1.0,21.0,A01
201300016948,0,7,0,0.0,0.0,6.0,15.0,B02
201300016949,0,7,0,0.0,0.0,0.0,16.0,B02
201300016949,0,7,0,0.0,0.0,8.0,1.0,A01
201300016950,0,10,0,0.0,2.0,1.0,1.0,A01
201300016950,0,1,0,0.0,2.0,8.0,19.0,B02
201300016951,0,10,0,0.0,2.0,9.0,13.0,A01
201300016951,0,7,0,0.0,2.0,1.0,1.0,B02
201300016952,0,10,0,0.0,2.0,1.0,19.0,A01
201300016952,0,7,0,0.0,2.0,7.0,1.0,B02
201300016953,0,10,0,3.0,0.0,2.0,1.0,A01
201300016954,0,3,0,0.0,2.0,1.0,23.0,C03
201300016954,0,7,0,0.0,2.0,9.0,13.0,A01
201300016954,0,7,0,0.0,2.0,1.0,21.0,B02
201300016955,0,14,0,0.0,2.0,8.0,13.0,A01
201300016955,0,7,0,0.0,2.0,1.0,1.0,C03
201300016955,0,7,0,0.0,2.0,8.0,1.0,B02
201300016955,0,10,0,0.0,2.0,1.0,1.0,D04
201300016956,0,7,0,8.0,0.0,1.0,5.0,A01
201300016957,0,7,0,0.0,0.0,1.0,11.0,A01
201300016958,0,7,0,0.0,2.0,3.0,14.0,B02
201300016958,0,2,0,0.0,2.0,1.0,13.0,A01
201300016959,0,7,0,2.0,0.0,3.0,2.0,A01
201300016960,0,3,0,0.0,1.0,2.0,1.0,A01
201300016961,0,33,0,2.0,0.0,7.0,21.0,A01
201300016962,0,7,0,2.0,0.0,7.0,13.0,A01
201300016963,0,7,0,0.0,2.0,7.0,15.0,A01
201300016963,0,7,0,0.0,2.0,1.0,1.0,B02
201300016964,0,7,0,2.0,0.0,7.0,0.0,A01
201300016965,0,10,0,16.0,0.0,1.0,1.0,A01
201300016966,0,7,0,0.0,2.0,8.0,15.0,A01
201300016966,0,2,0,0.0,2.0,1.0,1.0,B02
201300016967,0,7,0,13.0,0.0,1.0,1.0,A01
201300016968,0,31,0,13.0,0.0,1.0,1.0,A01
201300016969,0,7,0,0.0,1.0,1.0,9.0,A01
201300016970,0,17,0,0.0,2.0,1.0,19.0,A01
201300016970,0,7,0,0.0,0.0,8.0,1.0,B02
201300016971,0,2,0,0.0,0.0,3.0,1.0,B02
201300016971,0,7,0,0.0,0.0,3.0,1.0,A01
201300016972,0,7,0,2.0,0.0,1.0,1.0,A01
201300016973,0,30,0,0.0,0.0,1.0,1.0,A01
201300016974,0,7,0,0.0,0.0,0.0,1.0,A01
201300016975,0,30,0,0.0,2.0,1.0,1.0,B02
201300016975,0,7,0,0.0,2.0,1.0,1.0,A01
201300016976,0,10,0,0.0,1.0,1.0,15.0,A01
201300016977,0,7,0,0.0,2.0,1.0,17.0,C03
201300016977,0,7,0,0.0,2.0,6.0,1.0,B02
201300016977,0,7,0,0.0,2.0,7.0,17.0,A01
201300016978,0,7,0,0.0,2.0,3.0,13.0,A01
201300016978,0,7,0,0.0,2.0,3.0,1.0,B02
201300016978,0,10,0,0.0,2.0,1.0,1.0,C03
201300016979,0,7,0,2.0,0.0,7.0,1.0,A01
201300016980,0,33,0,0.0,0.0,0.0,1.0,A01
201300016981,0,10,0,0.0,0.0,9.0,1.0,A01
201300016982,0,7,0,13.0,0.0,1.0,1.0,A01
201300016983,0,34,0,16.0,0.0,8.0,14.0,A01
201300016984,0,7,0,0.0,2.0,2.0,1.0,A01
201300016984,0,7,0,0.0,2.0,1.0,1.0,B02
201300016985,0,33,0,8.0,0.0,1.0,1.0,A01
201300016986,0,7,0,0.0,0.0,4.0,1.0,B02
201300016986,0,10,0,0.0,0.0,1.0,1.0,A01
201300016987,0,7,0,0.0,2.0,1.0,17.0,A01
201300016987,0,7,0,0.0,2.0,6.0,10.0,B02
201300016988,0,17,0,13.0,0.0,7.0,15.0,A01
201300016989,0,7,0,0.0,2.0,3.0,1.0,B02
201300016989,0,7,0,13.0,2.0,3.0,1.0,A01
201300016990,0,14,0,0.0,2.0,3.0,1.0,B02
201300016990,0,7,0,0.0,2.0,3.0,14.0,A01
201300016991,0,7,0,0.0,2.0,1.0,13.0,A01
201300016991,0,7,0,0.0,2.0,1.0,1.0,B02
201300016992,0,7,0,6.0,0.0,1.0,19.0,A01
201300016993,0,33,0,0.0,2.0,7.0,1.0,A01
201300016993,0,7,0,0.0,2.0,1.0,15.0,B02
201300016994,0,7,0,0.0,0.0,8.0,15.0,B02
201300016994,0,7,0,0.0,2.0,1.0,17.0,A01
201300016995,0,7,0,0.0,1.0,3.0,1.0,A01
201300016996,0,7,0,0.0,9.0,1.0,1.0,C03
201300016996,0,7,0,0.0,0.0,5.0,15.0,A01
201300016996,0,33,0,0.0,2.0,1.0,13.0,B02
201300016997,0,33,0,0.0,2.0,1.0,1.0,B02
201300016997,0,7,0,0.0,2.0,3.0,19.0,A01
201300016998,0,7,0,16.0,0.0,0.0,1.0,A01
201300016999,0,14,0,0.0,2.0,2.0,2.0,A01
201300016999,0,1,0,0.0,2.0,4.0,2.0,B02
201300017000,0,7,0,8.0,0.0,7.0,1.0,A01
201300017001,0,7,0,6.0,0.0,1.0,14.0,A01
201300017002,0,14,0,0.0,1.0,4.0,20.0,A01
201300017003,0,7,0,0.0,2.0,3.0,1.0,A01
201300017003,0,7,0,0.0,2.0,2.0,16.0,B02
201300017004,0,7,0,6.0,2.0,4.0,16.0,B02
201300017004,0,10,0,0.0,2.0,2.0,2.0,A01
201300017005,0,10,0,2.0,0.0,1.0,14.0,A01
201300017006,0,31,0,8.0,0.0,3.0,1.0,A01
201300017007,0,33,0,0.0,2.0,2.0,1.0,B02
201300017007,0,21,0,0.0,0.0,5.0,15.0,A01
201300017008,0,33,0,0.0,2.0,0.0,17.0,B02
201300017008,0,10,0,0.0,2.0,0.0,13.0,A01
201300017009,0,3,0,0.0,2.0,1.0,1.0,A01
201300017009,0,21,0,0.0,2.0,1.0,1.0,B02
201300017010,0,7,0,8.0,0.0,2.0,16.0,A01
201300017011,0,7,0,0.0,2.0,1.0,17.0,B02
201300017011,0,7,0,0.0,2.0,1.0,1.0,A01
201300017012,0,7,0,0.0,1.0,1.0,17.0,A01
201300017013,0,7,0,0.0,2.0,3.0,9.0,A01
201300017013,0,30,0,0.0,2.0,1.0,1.0,B02
201300017014,0,7,0,0.0,2.0,2.0,21.0,B02
201300017014,0,7,0,0.0,2.0,2.0,13.0,A01
201300017015,0,7,0,0.0,2.0,3.0,1.0,D04
201300017015,0,15,0,0.0,0.0,0.0,21.0,C03
201300017015,0,7,0,0.0,2.0,1.0,1.0,E05
201300017015,0,15,0,0.0,0.0,3.0,1.0,B02
201300017015,0,7,0,0.0,2.0,1.0,17.0,A01
201300017016,0,7,0,0.0,2.0,3.0,9.0,A01
201300017016,0,33,0,0.0,2.0,1.0,1.0,B02
201300017017,0,7,0,0.0,2.0,2.0,1.0,A01
201300017017,0,7,0,0.0,2.0,3.0,9.0,B02
201300017018,0,33,0,0.0,2.0,1.0,1.0,A01
201300017018,0,7,0,0.0,2.0,2.0,9.0,B02
201300017019,0,7,0,13.0,0.0,1.0,21.0,A01
201300017020,0,33,0,0.0,2.0,8.0,13.0,B02
201300017020,0,7,0,0.0,2.0,1.0,1.0,A01
201300017021,0,31,0,0.0,2.0,0.0,13.0,A01
201300017021,0,21,0,0.0,2.0,8.0,1.0,B02
201300017022,0,7,0,0.0,2.0,8.0,19.0,A01
201300017022,0,33,0,0.0,2.0,1.0,1.0,B02
201300017023,0,33,0,8.0,0.0,1.0,1.0,A01
201300017024,0,7,0,0.0,0.0,2.0,0.0,B02
201300017024,0,7,0,0.0,0.0,6.0,0.0,A01
201300017025,0,7,0,0.0,2.0,2.0,1.0,B02
201300017025,0,31,0,0.0,2.0,1.0,1.0,A01
201300017026,0,7,0,0.0,2.0,1.0,1.0,A01
201300017026,0,7,0,0.0,2.0,3.0,23.0,B02
201300017026,0,7,0,0.0,2.0,1.0,0.0,C03
201300017027,0,7,0,0.0,2.0,2.0,19.0,A01
201300017027,0,33,0,0.0,2.0,7.0,21.0,B02
201300017028,0,33,0,0.0,2.0,1.0,1.0,B02
201300017028,0,7,0,0.0,2.0,3.0,13.0,A01
201300017029,0,7,0,16.0,0.0,3.0,16.0,A01
201300017030,0,7,0,0.0,2.0,1.0,1.0,B02
201300017030,0,7,0,0.0,2.0,1.0,17.0,A01
201300017031,0,7,0,0.0,0.0,1.0,5.0,A01
201300017031,0,7,0,0.0,2.0,1.0,1.0,B02
201300017032,0,7,0,0.0,2.0,4.0,4.0,A01
201300017032,0,2,0,0.0,2.0,1.0,1.0,B02
201300017033,0,1,0,0.0,2.0,8.0,1.0,A01
201300017033,0,7,0,0.0,2.0,8.0,0.0,B02
201300017034,0,7,0,0.0,2.0,7.0,1.0,A01
201300017034,0,7,0,0.0,2.0,1.0,1.0,B02
201300017035,0,7,0,2.0,0.0,2.0,21.0,A01
201300017036,0,7,0,0.0,2.0,1.0,2.0,A01
201300017036,0,7,0,3.0,0.0,4.0,23.0,B02
201300017037,0,7,0,0.0,2.0,3.0,1.0,A01
201300017037,0,7,0,0.0,2.0,1.0,1.0,B02
201300017038,0,7,0,13.0,0.0,8.0,1.0,A01
201300017039,0,14,0,0.0,2.0,3.0,13.0,A01
201300017039,0,7,0,0.0,2.0,3.0,1.0,B02
201300017040,0,7,0,0.0,2.0,1.0,1.0,A01
201300017040,0,7,0,0.0,2.0,7.0,19.0,B02
201300017041,0,7,0,0.0,0.0,1.0,16.0,A01
201300017042,0,7,0,0.0,1.0,5.0,4.0,A01
201300017043,0,7,0,0.0,2.0,3.0,1.0,B02
201300017043,0,7,0,0.0,2.0,2.0,0.0,A01
201300017044,0,14,0,0.0,0.0,0.0,1.0,A01
201300017045,0,7,0,15.0,2.0,2.0,17.0,A01
201300017045,0,7,0,0.0,0.0,3.0,15.0,B02
201300017046,0,10,0,13.0,0.0,1.0,13.0,A01
201300017047,0,7,0,13.0,0.0,0.0,1.0,A01
201300017048,0,7,0,0.0,2.0,1.0,1.0,A01
201300017048,0,7,0,0.0,2.0,1.0,1.0,B02
201300017049,0,7,0,6.0,2.0,1.0,13.0,A01
201300017049,0,7,0,0.0,2.0,3.0,1.0,B02
201300017050,0,7,0,13.0,2.0,2.0,17.0,A01
201300017050,0,7,0,13.0,0.0,8.0,15.0,B02
201300017051,0,7,0,8.0,0.0,2.0,1.0,A01
201300017052,0,7,0,0.0,2.0,1.0,15.0,A01
201300017052,0,7,0,0.0,2.0,0.0,1.0,B02
201300017052,0,7,0,0.0,2.0,0.0,0.0,C03
201300017053,0,10,0,0.0,2.0,1.0,1.0,A01
201300017053,0,14,0,0.0,2.0,8.0,15.0,B02
201300017054,0,7,0,0.0,2.0,2.0,1.0,D04
201300017054,0,33,0,0.0,2.0,1.0,1.0,B02
201300017054,0,7,0,0.0,2.0,5.0,15.0,A01
201300017054,0,7,0,0.0,2.0,3.0,1.0,C03
201300017055,0,7,0,0.0,1.0,5.0,1.0,A01
201300017056,0,33,0,3.0,0.0,1.0,14.0,A01
201300017057,0,7,0,13.0,0.0,9.0,1.0,A01
201300017058,0,10,0,0.0,2.0,1.0,19.0,A01
201300017058,0,33,0,0.0,2.0,7.0,1.0,B02
201300017059,0,30,0,0.0,2.0,1.0,18.0,A01
201300017059,0,7,0,0.0,2.0,2.0,16.0,B02
201300017060,0,7,0,0.0,2.0,1.0,1.0,A01
201300017060,0,7,0,0.0,0.0,6.0,9.0,B02
201300017061,0,7,0,16.0,0.0,0.0,14.0,A01
201300017062,0,21,0,0.0,0.0,9.0,14.0,A01
201300017063,0,10,0,0.0,2.0,2.0,1.0,A01
201300017063,0,7,0,0.0,0.0,1.0,1.0,B02
201300017064,0,7,0,0.0,2.0,2.0,1.0,A01
201300017064,0,33,0,0.0,2.0,4.0,16.0,B02
201300017065,0,7,0,0.0,2.0,3.0,13.0,A01
201300017065,0,7,0,0.0,2.0,3.0,1.0,B02
201300017066,0,7,0,3.0,0.0,7.0,1.0,A01
201300017067,0,7,0,6.0,0.0,8.0,1.0,A01
201300017068,0,7,0,2.0,0.0,1.0,13.0,A01
201300017069,0,7,0,0.0,0.0,7.0,0.0,A01
201300017069,0,7,0,0.0,0.0,3.0,0.0,B02
201300017070,0,10,0,0.0,2.0,3.0,1.0,A01
201300017070,0,10,0,0.0,2.0,3.0,1.0,B02
201300017071,0,30,0,0.0,1.0,1.0,1.0,A01
201300017072,0,10,0,2.0,0.0,1.0,1.0,A01
201300017073,0,7,0,0.0,2.0,1.0,1.0,B02
201300017073,0,7,0,0.0,2.0,7.0,19.0,A01
201300017074,0,7,0,0.0,0.0,9.0,17.0,A01
201300017075,0,7,0,6.0,0.0,1.0,1.0,A01
201300017076,0,33,0,0.0,2.0,1.0,1.0,B02
201300017076,0,10,0,0.0,2.0,3.0,15.0,A01
201300017077,0,7,0,2.0,0.0,8.0,0.0,A01
201300017078,0,14,0,0.0,1.0,2.0,20.0,A01
201300017079,0,7,0,0.0,1.0,1.0,1.0,A01
201300017080,0,10,0,0.0,0.0,3.0,15.0,A01
201300017080,0,31,0,0.0,2.0,1.0,1.0,B02
201300017081,0,7,0,0.0,2.0,2.0,15.0,A01
201300017081,0,10,0,0.0,2.0,1.0,1.0,B02
201300017082,0,7,0,0.0,2.0,2.0,20.0,A01
201300017082,0,2,0,0.0,0.0,1.0,1.0,B02
201300017083,0,7,0,2.0,0.0,1.0,1.0,A01
201300017084,0,7,0,8.0,0.0,3.0,1.0,A01
201300017085,0,7,0,2.0,0.0,8.0,1.0,A01
201300017086,0,7,0,0.0,2.0,3.0,16.0,B02
201300017086,0,7,0,0.0,2.0,1.0,1.0,A01
201300017087,0,7,0,0.0,2.0,1.0,1.0,A01
201300017087,0,7,0,0.0,2.0,1.0,1.0,B02
201300017088,0,33,0,8.0,0.0,0.0,0.0,A01
201300017089,0,7,0,0.0,9.0,7.0,1.0,A01
201300017089,0,1,0,0.0,2.0,1.0,19.0,B02
201300017090,0,7,0,0.0,1.0,2.0,1.0,A01
201300017091,0,33,0,0.0,0.0,0.0,1.0,A01
201300017092,0,10,0,2.0,0.0,8.0,13.0,A01
201300017093,0,7,0,13.0,0.0,1.0,1.0,A01
201300017094,0,7,0,0.0,2.0,3.0,13.0,A01
201300017094,0,7,0,0.0,2.0,3.0,14.0,B02
201300017095,0,7,0,0.0,0.0,9.0,1.0,A01
201300017096,0,7,0,0.0,2.0,2.0,15.0,A01
201300017096,0,7,0,0.0,2.0,1.0,1.0,B02
201300017096,0,10,0,0.0,2.0,3.0,23.0,C03
201300017097,0,7,0,0.0,2.0,3.0,0.0,A01
201300017097,0,7,0,0.0,2.0,3.0,0.0,B02
201300017098,0,15,0,0.0,2.0,3.0,1.0,B02
201300017098,0,7,0,0.0,9.0,1.0,1.0,D04
201300017098,0,7,0,0.0,2.0,1.0,1.0,C03
201300017098,0,7,0,0.0,0.0,3.0,13.0,A01
201300017099,0,7,0,0.0,2.0,6.0,15.0,A01
201300017099,0,15,0,0.0,2.0,2.0,1.0,B02
201300017100,0,7,0,1.0,0.0,4.0,4.0,A01
201300017100,0,33,0,0.0,2.0,2.0,23.0,B02
201300017101,0,7,0,0.0,2.0,1.0,1.0,A01
201300017101,0,7,0,0.0,2.0,8.0,1.0,B02
201300017101,0,7,0,0.0,2.0,1.0,1.0,C03
201300017102,0,31,0,15.0,0.0,7.0,13.0,A01
201300017103,0,33,0,0.0,6.0,1.0,1.0,A01
201300017104,0,10,0,0.0,2.0,3.0,13.0,A01
201300017104,0,7,0,0.0,2.0,3.0,1.0,B02
201300017105,0,7,0,0.0,2.0,2.0,1.0,B02
201300017105,0,31,0,0.0,2.0,1.0,16.0,A01
201300017106,0,33,0,0.0,0.0,0.0,21.0,A01
201300017107,0,15,0,0.0,2.0,3.0,1.0,B02
201300017107,0,7,0,0.0,2.0,3.0,19.0,A01
201300017108,0,7,0,2.0,0.0,1.0,1.0,A01
201300017109,0,10,0,0.0,2.0,3.0,13.0,A01
201300017109,0,2,0,0.0,2.0,1.0,1.0,B02
201300017110,0,15,0,0.0,2.0,3.0,1.0,B02
201300017110,0,7,0,0.0,2.0,3.0,13.0,A01
201300017111,0,7,0,0.0,9.0,2.0,1.0,A01
201300017111,0,1,0,0.0,2.0,8.0,1.0,B02
201300017112,0,7,0,0.0,0.0,1.0,13.0,A01
201300017113,0,7,0,6.0,0.0,7.0,1.0,A01
201300017114,0,7,0,0.0,2.0,1.0,2.0,A01
201300017114,0,7,0,0.0,0.0,4.0,2.0,B02
201300017115,0,7,0,2.0,0.0,1.0,1.0,A01