Num_Acc,senc,catv,occutc,obs,obsm,choc,manv,num_veh
201300017116,0,30,0,0.0,2.0,1.0,1.0,B02
201300017116,0,7,0,0.0,2.0,2.0,17.0,A01
201300017117,0,7,0,2.0,2.0,8.0,1.0,B02
201300017117,0,7,0,2.0,2.0,1.0,13.0,A01
201300017118,0,7,0,7.0,0.0,9.0,14.0,A01
201300017119,0,7,0,0.0,2.0,6.0,9.0,A01
201300017119,0,7,0,0.0,2.0,2.0,21.0,B02
201300017120,0,7,0,16.0,0.0,0.0,0.0,A01
201300017121,0,7,0,2.0,0.0,3.0,14.0,A01
201300017122,0,7,0,0.0,0.0,0.0,13.0,A01
201300017123,0,7,0,0.0,0.0,4.0,1.0,A01
201300017124,0,7,0,0.0,2.0,3.0,13.0,A01
201300017124,0,7,0,0.0,2.0,3.0,1.0,B02
201300017125,0,7,0,0.0,2.0,1.0,1.0,B02
201300017125,0,33,0,0.0,2.0,8.0,9.0,A01
201300017126,0,10,0,13.0,0.0,3.0,0.0,A01
201300017127,0,7,0,0.0,2.0,1.0,13.0,A01
201300017127,0,2,0,0.0,2.0,1.0,13.0,B02
201300017128,0,7,0,0.0,2.0,8.0,15.0,A01
201300017128,0,15,0,0.0,2.0,3.0,1.0,B02
201300017129,0,33,0,8.0,0.0,1.0,1.0,A01
201300017130,0,21,0,0.0,2.0,3.0,15.0,A01
201300017130,0,31,0,0.0,2.0,1.0,1.0,B02
201300017131,0,7,0,0.0,2.0,1.0,1.0,A01
201300017131,0,7,0,0.0,2.0,8.0,1.0,B02
201300017132,0,7,0,13.0,0.0,1.0,15.0,A01
201300017133,0,10,0,0.0,2.0,1.0,13.0,A01
201300017133,0,17,0,0.0,2.0,1.0,1.0,B02
201300017134,0,7,0,13.0,0.0,0.0,1.0,A01
201300017134,0,7,0,13.0,0.0,0.0,1.0,B02
201300017135,0,7,0,6.0,0.0,7.0,14.0,A01
201300017136,0,33,0,11.0,0.0,1.0,1.0,A01
201300017137,0,7,0,0.0,2.0,2.0,20.0,A01
201300017137,0,31,0,0.0,2.0,1.0,1.0,B02
201300017138,0,7,0,0.0,2.0,2.0,1.0,A01
201300017138,0,21,0,0.0,0.0,0.0,15.0,B02
201300017139,0,7,0,0.0,2.0,3.0,13.0,A01
201300017139,0,14,0,0.0,2.0,3.0,1.0,B02
201300017139,0,7,0,0.0,9.0,1.0,1.0,C03
201300017140,0,30,0,0.0,2.0,6.0,9.0,A01
201300017140,0,7,0,0.0,2.0,2.0,9.0,B02
201300017141,0,7,0,0.0,2.0,1.0,1.0,B02
201300017141,0,30,0,0.0,2.0,3.0,15.0,A01
201300017142,0,7,0,0.0,2.0,1.0,13.0,A01
201300017142,0,15,0,0.0,2.0,1.0,1.0,B02
201300017143,0,10,0,6.0,0.0,1.0,1.0,A01
201300017144,0,7,0,0.0,2.0,1.0,1.0,A01
201300017144,0,7,0,0.0,2.0,3.0,1.0,B02
201300017145,0,7,0,13.0,0.0,2.0,1.0,A01
201300017146,0,30,0,0.0,2.0,1.0,1.0,A01
201300017146,0,10,0,0.0,2.0,3.0,1.0,B02
201300017147,0,7,0,0.0,2.0,3.0,1.0,A01
201300017147,0,7,0,0.0,2.0,3.0,13.0,B02
201300017148,0,7,0,0.0,1.0,1.0,1.0,A01
201300017149,0,7,0,0.0,2.0,3.0,9.0,A01
201300017149,0,7,0,0.0,2.0,1.0,1.0,B02
201300017150,0,33,0,0.0,2.0,1.0,17.0,B02
201300017150,0,7,0,0.0,2.0,8.0,10.0,A01
201300017151,0,7,0,6.0,0.0,1.0,1.0,A01
201300017152,0,7,0,0.0,9.0,7.0,1.0,A01
201300017152,0,1,0,0.0,2.0,8.0,1.0,B02
201300017153,0,7,0,0.0,2.0,7.0,21.0,B02
201300017153,0,7,0,0.0,2.0,8.0,1.0,C03
201300017153,0,7,0,0.0,2.0,2.0,5.0,A01
201300017154,0,7,0,0.0,0.0,9.0,1.0,A01
201300017155,0,10,0,0.0,2.0,1.0,1.0,A01
201300017155,0,10,0,0.0,2.0,8.0,19.0,B02
201300017156,0,1,0,0.0,2.0,3.0,13.0,A01
201300017156,0,7,0,0.0,2.0,3.0,1.0,B02
201300017157,0,7,0,0.0,2.0,1.0,1.0,B02
201300017157,0,7,0,0.0,2.0,1.0,13.0,A01
201300017158,0,7,0,0.0,2.0,6.0,1.0,B02
201300017158,0,7,0,0.0,2.0,3.0,5.0,A01
201300017159,0,33,0,13.0,0.0,8.0,14.0,A01
201300017160,0,7,0,0.0,2.0,3.0,0.0,B02
201300017160,0,7,0,0.0,2.0,3.0,13.0,A01
201300017161,0,33,0,0.0,0.0,1.0,1.0,A01
201300017162,0,7,0,0.0,0.0,1.0,1.0,B02
201300017162,0,7,0,0.0,0.0,1.0,0.0,A01
201300017163,0,7,0,13.0,0.0,1.0,1.0,A01
201300017164,0,33,0,2.0,0.0,1.0,0.0,A01
201300017165,0,1,0,0.0,0.0,4.0,0.0,A01
201300017166,0,33,0,7.0,0.0,1.0,1.0,A01
201300017167,0,7,0,13.0,0.0,7.0,1.0,A01
201300017168,0,2,0,0.0,2.0,5.0,17.0,A01
201300017168,0,7,0,0.0,2.0,1.0,15.0,B02
201300017169,0,7,0,0.0,0.0,1.0,9.0,A01
201300017169,0,33,0,0.0,2.0,7.0,21.0,B02
201300017170,0,7,0,12.0,0.0,1.0,1.0,A01
201300017171,0,7,0,0.0,1.0,2.0,1.0,A01
201300017172,0,7,0,0.0,1.0,1.0,1.0,A01
201300017173,0,7,0,0.0,2.0,3.0,13.0,A01
201300017173,0,7,0,0.0,2.0,3.0,1.0,B02
201300017174,0,1,0,0.0,2.0,1.0,1.0,B02
201300017174,0,7,0,0.0,2.0,1.0,19.0,A01
201300017175,0,10,0,13.0,0.0,1.0,1.0,A01
201300017176,0,33,0,0.0,2.0,7.0,17.0,A01
201300017176,0,10,0,0.0,2.0,8.0,1.0,B02
201300017177,0,7,0,0.0,2.0,1.0,13.0,A01
201300017177,0,7,0,0.0,2.0,1.0,1.0,B02
201300017178,0,7,0,0.0,0.0,1.0,19.0,A01
201300017179,0,7,0,13.0,0.0,1.0,1.0,A01
201300017180,0,33,0,13.0,0.0,1.0,1.0,A01
201300017181,0,33,0,0.0,2.0,1.0,1.0,A01
201300017181,0,33,0,0.0,2.0,4.0,1.0,B02
201300017182,0,7,0,2.0,2.0,1.0,13.0,A01
201300017182,0,7,0,0.0,2.0,1.0,1.0,B02
201300017183,0,2,0,0.0,2.0,1.0,1.0,A01
201300017183,0,7,0,0.0,2.0,3.0,15.0,B02
201300017184,0,33,0,8.0,0.0,1.0,13.0,A01
201300017185,0,33,0,1.0,0.0,7.0,1.0,A01
201300017186,0,31,0,0.0,2.0,1.0,13.0,A01
201300017186,0,10,0,0.0,2.0,3.0,1.0,B02
201300017187,0,7,0,2.0,6.0,1.0,21.0,A01
201300017188,0,7,0,8.0,0.0,8.0,1.0,A01
201300017189,0,7,0,2.0,0.0,1.0,13.0,A01
201300017190,0,13,0,0.0,2.0,3.0,15.0,A01
201300017190,0,10,0,0.0,2.0,2.0,17.0,B02
201300017191,0,7,0,3.0,0.0,8.0,1.0,A01
201300017192,0,7,0,0.0,2.0,2.0,1.0,A01
201300017192,0,7,0,0.0,2.0,3.0,19.0,B02
201300017193,0,7,0,13.0,0.0,1.0,13.0,A01
201300017194,0,33,0,0.0,2.0,1.0,1.0,B02
201300017194,0,7,0,0.0,2.0,6.0,19.0,A01
201300017195,0,7,0,13.0,0.0,1.0,1.0,A01
201300017196,0,2,0,0.0,2.0,8.0,13.0,A01
201300017196,0,7,0,0.0,2.0,3.0,1.0,B02
201300017197,0,7,0,8.0,0.0,8.0,14.0,A01
201300017198,0,7,0,13.0,0.0,1.0,1.0,A01
201300017199,0,2,0,13.0,0.0,1.0,1.0,A01
201300017200,0,7,0,10.0,0.0,1.0,13.0,A01
201300017201,0,7,0,2.0,0.0,1.0,14.0,A01
201300017202,0,10,0,1.0,0.0,2.0,1.0,A01
201300017202,0,13,0,0.0,2.0,6.0,23.0,B02
201300017203,0,7,0,0.0,2.0,1.0,21.0,A01
201300017203,0,1,0,0.0,2.0,1.0,13.0,B02
201300017204,0,7,0,0.0,0.0,5.0,1.0,A01
201300017204,0,2,0,0.0,2.0,1.0,19.0,B02
201300017205,0,7,0,0.0,2.0,3.0,1.0,A01
201300017205,0,17,0,0.0,2.0,3.0,1.0,B02
201300017206,0,7,0,13.0,0.0,8.0,1.0,A01
201300017207,0,7,0,0.0,2.0,3.0,13.0,A01
201300017207,0,7,0,0.0,2.0,8.0,1.0,B02
201300017208,0,7,0,0.0,1.0,2.0,1.0,A01
201300017209,0,7,0,13.0,0.0,6.0,1.0,A01
201300017210,0,7,0,0.0,0.0,1.0,1.0,A01
201300017211,0,10,0,0.0,2.0,3.0,21.0,B02
201300017211,0,14,0,0.0,2.0,3.0,13.0,A01
201300017212,0,33,0,13.0,0.0,2.0,1.0,A01
201300017213,0,1,0,0.0,5.0,0.0,1.0,A01
201300017214,0,17,0,0.0,2.0,3.0,21.0,B02
201300017214,0,7,0,0.0,2.0,3.0,13.0,A01
201300017215,0,7,0,0.0,2.0,8.0,1.0,A01
201300017215,0,10,0,0.0,2.0,3.0,13.0,B02
201300017216,0,7,0,1.0,0.0,2.0,13.0,A01
201300017217,0,10,0,0.0,0.0,0.0,1.0,A01
201300017217,0,7,0,0.0,9.0,1.0,1.0,B02
201300017218,0,7,0,0.0,1.0,3.0,1.0,A01
201300017219,0,7,0,0.0,1.0,2.0,16.0,A01
201300017220,0,7,0,0.0,2.0,1.0,13.0,A01
201300017220,0,7,0,0.0,2.0,1.0,1.0,B02
201300017221,0,1,0,0.0,2.0,1.0,1.0,B02
201300017221,0,7,0,0.0,2.0,8.0,15.0,A01
201300017222,0,10,0,0.0,0.0,0.0,14.0,A01
201300017223,0,7,0,13.0,0.0,9.0,1.0,A01
201300017224,0,30,0,0.0,2.0,1.0,1.0,B02
201300017224,0,7,0,0.0,2.0,2.0,13.0,A01
201300017225,0,30,0,0.0,0.0,1.0,1.0,A01
201300017226,0,3,0,0.0,2.0,3.0,19.0,A01
201300017226,0,10,0,0.0,2.0,1.0,1.0,B02
201300017227,0,30,0,0.0,2.0,1.0,1.0,A01
201300017227,0,7,0,0.0,2.0,2.0,1.0,B02
201300017228,0,33,0,16.0,0.0,1.0,0.0,A01
201300017229,0,7,0,8.0,0.0,3.0,1.0,A01
201300017230,0,2,0,0.0,0.0,0.0,1.0,A01
201300017231,0,7,0,0.0,1.0,2.0,1.0,A01
201300017232,0,7,0,0.0,1.0,2.0,1.0,A01
201300017233,0,7,0,0.0,0.0,2.0,1.0,B02
201300017233,0,1,0,0.0,2.0,1.0,19.0,A01
201300017234,0,7,0,0.0,2.0,2.0,19.0,A01
201300017234,0,10,0,0.0,2.0,6.0,1.0,B02
201300017235,0,10,0,0.0,2.0,2.0,15.0,A01
201300017235,0,2,0,0.0,2.0,1.0,0.0,B02
201300017236,0,1,0,0.0,2.0,4.0,1.0,B02
201300017236,0,7,0,0.0,2.0,2.0,1.0,A01
201300017237,0,7,0,0.0,2.0,1.0,21.0,C03
201300017237,0,10,0,0.0,2.0,1.0,1.0,B02
201300017237,0,7,0,0.0,2.0,1.0,13.0,A01
201300017238,0,7,0,0.0,2.0,1.0,14.0,A01
201300017238,0,7,0,0.0,2.0,3.0,1.0,B02
201300017239,0,36,0,2.0,0.0,0.0,13.0,A01
201300017240,0,7,0,7.0,0.0,1.0,0.0,A01
201300017241,0,7,0,0.0,1.0,1.0,1.0,A01
201300017242,0,7,0,13.0,0.0,9.0,0.0,A01
201300017243,0,36,0,16.0,0.0,9.0,21.0,A01
201300017244,0,7,0,2.0,0.0,7.0,2.0,A01
201300017245,0,7,0,0.0,0.0,9.0,1.0,A01
201300017246,0,7,0,3.0,0.0,1.0,17.0,A01
201300017247,0,7,0,0.0,1.0,2.0,1.0,A01
201300017248,0,33,0,15.0,0.0,1.0,1.0,A01
201300017249,0,7,0,2.0,0.0,3.0,1.0,A01
201300017250,0,7,0,0.0,2.0,7.0,1.0,B02
201300017250,0,10,0,0.0,2.0,1.0,1.0,A01
201300017251,0,7,0,13.0,0.0,9.0,1.0,A01
201300017252,0,7,0,0.0,2.0,1.0,13.0,A01
201300017252,0,7,0,0.0,2.0,8.0,14.0,B02
201300017252,0,15,0,0.0,2.0,1.0,21.0,C03
201300017253,0,33,0,0.0,2.0,1.0,17.0,B01
201300017253,0,7,0,0.0,2.0,1.0,15.0,A02
201300017254,0,2,0,0.0,9.0,1.0,1.0,A01
201300017255,0,10,0,0.0,2.0,3.0,15.0,A01
201300017255,0,33,0,1.0,2.0,8.0,1.0,B01
201300017256,0,7,0,0.0,2.0,1.0,1.0,B02
201300017256,0,7,0,0.0,2.0,3.0,15.0,A01
201300017257,0,10,0,0.0,2.0,2.0,15.0,A01
201300017257,0,7,0,0.0,2.0,3.0,1.0,B02
201300017258,0,10,0,3.0,2.0,3.0,13.0,A01
201300017258,0,15,0,0.0,2.0,3.0,1.0,B01
201300017258,0,15,0,0.0,2.0,1.0,2.0,C01
201300017258,0,7,0,0.0,0.0,0.0,21.0,D01
201300017259,0,7,0,0.0,1.0,5.0,4.0,A01
201300017260,0,7,0,0.0,2.0,1.0,15.0,A01
201300017260,0,7,0,0.0,2.0,1.0,1.0,B01
201300017261,0,7,0,0.0,2.0,3.0,1.0,B02
201300017261,0,2,0,0.0,2.0,1.0,13.0,A01
201300017262,0,33,0,0.0,2.0,1.0,1.0,B01
201300017262,0,7,0,0.0,2.0,2.0,19.0,A02
201300017263,0,7,0,1.0,1.0,2.0,20.0,A01
201300017264,0,7,0,13.0,0.0,2.0,1.0,A01
201300017265,0,10,0,13.0,0.0,3.0,1.0,A01
201300017266,0,7,0,2.0,0.0,1.0,1.0,A01
201300017267,0,7,0,0.0,2.0,1.0,1.0,B01
201300017267,0,14,0,0.0,2.0,8.0,15.0,A01
201300017268,0,33,0,0.0,2.0,1.0,1.0,B01
201300017268,0,7,0,0.0,2.0,2.0,19.0,A01
201300017269,0,7,0,16.0,0.0,9.0,1.0,A01
201300017270,0,7,0,13.0,0.0,9.0,1.0,A01
201300017271,0,33,0,0.0,0.0,8.0,17.0,A01
201300017271,0,7,0,0.0,2.0,8.0,1.0,B02
201300017271,0,33,0,0.0,2.0,8.0,1.0,C03
201300017272,0,10,0,0.0,2.0,3.0,1.0,A01
201300017272,0,7,0,3.0,2.0,7.0,1.0,B02
201300017273,0,7,0,0.0,2.0,8.0,19.0,A01
201300017273,0,7,0,0.0,2.0,1.0,1.0,B02
201300017274,0,7,0,8.0,0.0,8.0,13.0,A01
201300017275,0,1,0,0.0,2.0,8.0,13.0,B02
201300017275,0,7,0,0.0,2.0,2.0,17.0,A01
201300017276,0,7,0,8.0,0.0,1.0,1.0,A01
201300017277,0,7,0,0.0,2.0,1.0,13.0,A01
201300017277,0,7,0,0.0,2.0,1.0,1.0,B02
201300017278,0,34,0,0.0,0.0,8.0,1.0,A01
201300017279,0,7,0,0.0,0.0,9.0,1.0,A01
201300017280,0,7,0,0.0,2.0,7.0,15.0,A01
201300017280,0,10,0,0.0,2.0,1.0,1.0,B02
201300017281,0,7,0,0.0,2.0,1.0,15.0,A01
201300017281,0,7,0,0.0,0.0,1.0,1.0,B02
201300017282,0,33,0,0.0,0.0,8.0,1.0,A01
201300017283,0,7,0,16.0,0.0,3.0,1.0,A01
201300017284,0,7,0,6.0,0.0,2.0,1.0,A01
201300017285,0,7,0,13.0,2.0,0.0,1.0,A01
201300017286,0,7,0,8.0,0.0,8.0,1.0,A01
201300017287,0,7,0,0.0,1.0,4.0,20.0,A01
201300017288,0,33,0,1.0,0.0,1.0,1.0,A01
201300017289,0,10,0,0.0,2.0,8.0,1.0,B02
201300017289,0,33,0,0.0,2.0,1.0,13.0,A01
201300017290,0,14,0,0.0,0.0,9.0,1.0,A01
201300017291,0,7,0,2.0,0.0,3.0,0.0,A01
201300017292,0,7,0,0.0,2.0,1.0,17.0,A01
201300017292,0,7,0,0.0,2.0,1.0,1.0,B02
201300017293,0,7,0,0.0,2.0,3.0,1.0,B02
201300017293,0,33,0,0.0,2.0,3.0,17.0,A01
201300017294,0,30,0,16.0,0.0,0.0,1.0,A01
201300017295,0,7,0,0.0,2.0,3.0,1.0,B02
201300017295,0,7,0,0.0,2.0,3.0,1.0,A01
201300017296,0,7,0,0.0,2.0,5.0,9.0,A01
201300017296,0,30,0,0.0,2.0,3.0,1.0,B02
201300017297,0,7,0,12.0,0.0,1.0,1.0,A01
201300017298,0,7,0,0.0,1.0,1.0,1.0,A01
201300017299,0,1,0,0.0,1.0,2.0,5.0,A01
201300017300,0,33,0,16.0,0.0,7.0,1.0,A01
201300017301,0,7,0,8.0,0.0,9.0,1.0,A01
201300017302,0,7,0,2.0,0.0,1.0,1.0,A01
201300017303,0,7,0,0.0,2.0,1.0,13.0,A01
201300017303,0,13,0,0.0,2.0,1.0,1.0,B02
201300017304,0,7,0,0.0,1.0,7.0,1.0,A01
201300017305,1,7,0,0.0,1.0,2.0,14.0,A01
201300017306,0,1,0,0.0,2.0,2.0,1.0,A01
201300017306,0,7,0,0.0,2.0,1.0,1.0,B02
201300017307,0,7,0,0.0,0.0,2.0,1.0,B02
201300017307,0,7,0,0.0,0.0,7.0,15.0,A01
201300017308,0,7,0,13.0,0.0,2.0,14.0,A01
201300017309,0,14,0,0.0,2.0,2.0,19.0,A01
201300017309,0,7,0,0.0,2.0,8.0,1.0,B02
201300017310,0,7,0,13.0,0.0,1.0,1.0,A01
201300017311,0,10,0,13.0,0.0,1.0,21.0,A01
201300017312,0,10,0,2.0,0.0,1.0,1.0,A01
201300017313,0,7,0,0.0,2.0,3.0,1.0,B02
201300017313,0,7,0,0.0,2.0,3.0,1.0,A01
201300017314,0,10,0,0.0,2.0,3.0,21.0,B02
201300017314,0,7,0,0.0,2.0,3.0,13.0,A01
201300017315,0,7,0,2.0,0.0,3.0,14.0,A01
201300017316,0,7,0,13.0,0.0,3.0,13.0,A01
201300017317,0,7,0,0.0,2.0,2.0,13.0,A01
201300017317,0,7,0,0.0,2.0,2.0,1.0,B02
201300017318,0,14,0,0.0,2.0,2.0,1.0,B02
201300017318,0,7,0,0.0,2.0,3.0,15.0,A01
201300017319,0,14,0,0.0,2.0,3.0,15.0,B02
201300017319,0,7,0,0.0,2.0,1.0,1.0,A01
201300017320,0,33,0,0.0,2.0,1.0,1.0,A01
201300017320,0,7,0,0.0,2.0,8.0,15.0,B02
201300017321,0,7,0,0.0,0.0,6.0,10.0,A01
201300017321,0,10,0,0.0,2.0,3.0,1.0,B02
201300017322,0,10,0,0.0,2.0,2.0,15.0,B02
201300017322,0,15,0,0.0,2.0,1.0,1.0,A01
201300017323,0,7,0,2.0,0.0,3.0,13.0,A01
201300017324,0,7,0,0.0,2.0,6.0,1.0,B02
201300017324,0,7,0,0.0,2.0,1.0,21.0,A01
201300017324,0,7,0,0.0,2.0,3.0,1.0,C03
201300017325,0,7,0,13.0,0.0,3.0,1.0,A01
201300017326,0,7,0,0.0,2.0,3.0,1.0,B02
201300017326,0,7,0,0.0,2.0,3.0,13.0,A01
201300017327,0,7,0,0.0,0.0,4.0,23.0,A01
201300017327,0,7,0,1.0,0.0,1.0,1.0,B02
201300017328,0,10,0,6.0,0.0,9.0,1.0,A01
201300017329,0,21,0,0.0,4.0,8.0,1.0,A01
201300017330,0,7,0,0.0,1.0,2.0,1.0,A01
201300017331,0,7,0,0.0,1.0,8.0,24.0,A01
201300017332,0,7,0,0.0,2.0,1.0,1.0,B02
201300017332,0,7,0,0.0,2.0,7.0,1.0,A01
201300017333,0,1,0,1.0,0.0,1.0,1.0,B02
201300017333,0,7,0,0.0,0.0,6.0,24.0,A01
201300017334,0,7,0,0.0,9.0,2.0,17.0,A01
201300017334,0,1,0,0.0,2.0,8.0,15.0,B02
201300017335,0,7,0,13.0,0.0,9.0,17.0,A01
201300017336,0,7,0,10.0,0.0,2.0,1.0,A01
201300017337,0,33,0,7.0,0.0,1.0,1.0,A01
201300017338,0,33,0,0.0,0.0,7.0,1.0,A01
201300017339,0,32,0,0.0,6.0,1.0,1.0,A01
201300017340,0,7,0,16.0,0.0,2.0,14.0,A01
201300017341,0,7,0,0.0,2.0,1.0,15.0,A01
201300017341,0,10,0,0.0,2.0,3.0,1.0,B02
201300017342,0,7,0,0.0,1.0,1.0,1.0,A01
201300017343,0,7,0,15.0,2.0,3.0,1.0,B02
201300017343,0,7,0,15.0,2.0,3.0,13.0,A01
201300017344,0,7,0,,1.0,1.0,1.0,A01
201300017345,0,30,0,12.0,0.0,2.0,21.0,A01
201300017346,0,37,1,0.0,0.0,6.0,17.0,A01
201300017346,0,2,0,0.0,0.0,1.0,13.0,B02
201300017347,0,30,0,0.0,2.0,1.0,17.0,B02
201300017347,0,7,0,0.0,2.0,6.0,15.0,A01
201300017348,0,1,0,0.0,0.0,4.0,1.0,B02
201300017348,1,7,0,0.0,2.0,1.0,2.0,A01
201300017349,0,7,0,0.0,0.0,9.0,1.0,A01
201300017350,0,33,0,0.0,2.0,1.0,1.0,B02
201300017350,0,7,0,0.0,2.0,2.0,1.0,A01
201300017351,0,2,0,0.0,2.0,1.0,1.0,B02
201300017351,0,7,0,0.0,2.0,8.0,19.0,A01
201300017352,0,7,0,0.0,2.0,7.0,13.0,A01
201300017352,0,7,0,0.0,2.0,1.0,1.0,B02
201300017353,0,7,0,6.0,0.0,1.0,1.0,A01
201300017354,0,7,0,16.0,0.0,1.0,1.0,A01
201300017355,0,7,0,0.0,1.0,1.0,1.0,A01
201300017356,0,7,0,2.0,0.0,1.0,14.0,A01
201300017357,0,7,0,0.0,2.0,3.0,15.0,A01
201300017357,0,10,0,0.0,2.0,1.0,1.0,B02
201300017358,0,7,0,0.0,1.0,1.0,1.0,A01
201300017359,0,7,0,0.0,2.0,4.0,1.0,A01
201300017359,0,33,0,0.0,2.0,1.0,1.0,B02
201300017360,0,7,0,1.0,0.0,1.0,2.0,A01
201300017360,0,7,0,1.0,0.0,9.0,23.0,B02
201300017360,0,7,0,0.0,2.0,4.0,23.0,C02
201300017361,0,7,0,0.0,2.0,1.0,1.0,A01
201300017361,0,1,0,0.0,2.0,3.0,9.0,B02
201300017362,0,33,0,0.0,0.0,0.0,1.0,A01
201300017363,0,7,0,2.0,0.0,1.0,13.0,A01
201300017364,0,33,0,16.0,0.0,8.0,1.0,A01
201300017365,0,7,0,0.0,2.0,7.0,1.0,A01
201300017365,0,7,0,0.0,2.0,1.0,1.0,B02
201300017366,0,7,0,0.0,2.0,1.0,13.0,A01
201300017366,0,7,0,0.0,2.0,1.0,1.0,B02
201300017367,0,1,0,0.0,9.0,3.0,19.0,B02
201300017367,0,1,0,0.0,9.0,1.0,0.0,A01
201300017368,0,1,0,0.0,0.0,0.0,1.0,A01
201300017369,0,33,0,0.0,2.0,2.0,17.0,A01
201300017369,0,7,0,0.0,2.0,1.0,1.0,B02
201300017370,0,7,0,0.0,1.0,3.0,1.0,A01
201300017371,0,7,0,9.0,0.0,8.0,1.0,A01
201300017372,0,7,0,0.0,2.0,8.0,1.0,B01
201300017372,0,13,0,0.0,0.0,1.0,15.0,A01
201300017373,0,7,0,6.0,0.0,3.0,1.0,A01
201300017374,0,7,0,0.0,2.0,3.0,19.0,B02
201300017374,0,2,0,0.0,2.0,1.0,1.0,A02
201300017375,0,7,0,0.0,2.0,5.0,19.0,A01
201300017375,0,10,0,0.0,2.0,2.0,1.0,B02
201300017376,0,7,0,8.0,0.0,2.0,14.0,A01
201300017377,0,7,0,0.0,2.0,1.0,1.0,A01
201300017377,0,7,0,0.0,2.0,9.0,23.0,B02
201300017377,0,7,0,0.0,0.0,4.0,23.0,C03
201300017378,0,7,0,6.0,0.0,2.0,1.0,A01
201300017379,0,33,0,0.0,1.0,1.0,17.0,A01
201300017380,0,7,0,0.0,2.0,0.0,13.0,A01
201300017380,0,1,0,0.0,2.0,0.0,1.0,B02
201300017381,0,30,0,16.0,0.0,5.0,1.0,A01
201300017382,0,7,0,0.0,2.0,1.0,1.0,A01
201300017382,0,7,0,0.0,2.0,1.0,3.0,B02
201300017383,0,33,0,0.0,2.0,1.0,13.0,A01
201300017383,0,10,0,0.0,2.0,3.0,1.0,B02
201300017384,0,7,0,2.0,0.0,8.0,1.0,A01
201300017385,0,17,0,0.0,2.0,3.0,1.0,B02
201300017385,0,10,0,0.0,2.0,3.0,1.0,A01
201300017385,0,7,0,0.0,2.0,3.0,1.0,C03
201300017386,0,7,0,0.0,1.0,1.0,1.0,A01
201300017387,0,33,0,16.0,0.0,0.0,1.0,A01
201300017388,0,7,0,0.0,1.0,3.0,1.0,A01
201300017389,0,21,0,0.0,2.0,4.0,2.0,B02
201300017389,0,7,0,0.0,2.0,1.0,2.0,A01
201300017390,0,2,0,0.0,2.0,1.0,5.0,A01
201300017390,0,7,0,0.0,2.0,2.0,1.0,B02
201300017391,0,7,0,15.0,0.0,2.0,1.0,A01
201300017392,0,7,0,0.0,1.0,8.0,1.0,A01
201300017393,0,33,0,0.0,0.0,7.0,0.0,A01
201300017394,0,7,0,13.0,0.0,1.0,1.0,A01
201300017395,0,14,0,0.0,2.0,1.0,1.0,B02
201300017395,0,7,0,0.0,2.0,7.0,13.0,A01
201300017396,0,33,0,3.0,0.0,7.0,1.0,A01
201300017397,0,36,0,13.0,0.0,1.0,1.0,A01
201300017398,0,7,0,0.0,2.0,1.0,1.0,A01
201300017398,0,20,0,0.0,2.0,8.0,1.0,B02
201300017399,0,7,0,0.0,1.0,1.0,1.0,A01
201300017400,0,31,0,15.0,0.0,0.0,1.0,A01
201300017400,0,7,0,0.0,0.0,0.0,15.0,B02
201300017401,0,7,0,0.0,2.0,1.0,1.0,A01
201300017401,0,7,0,0.0,2.0,7.0,19.0,B02
201300017402,0,7,0,0.0,2.0,3.0,1.0,A01
201300017402,0,7,0,0.0,2.0,3.0,1.0,B02
201300017403,0,33,0,0.0,2.0,1.0,18.0,A01
201300017403,0,7,0,0.0,2.0,7.0,16.0,B02
201300017404,0,7,0,0.0,0.0,7.0,1.0,B02
201300017404,0,1,0,0.0,2.0,1.0,19.0,A01
201300017405,0,7,0,0.0,2.0,4.0,1.0,B02
201300017405,0,36,0,0.0,2.0,1.0,1.0,A01
201300017406,0,7,0,0.0,2.0,3.0,1.0,B02
201300017406,0,7,0,0.0,2.0,3.0,17.0,A01
201300017407,0,7,0,0.0,1.0,8.0,1.0,A01
201300017408,0,7,0,0.0,2.0,3.0,13.0,A01
201300017408,0,7,0,16.0,0.0,1.0,21.0,C03
201300017408,0,7,0,0.0,2.0,9.0,1.0,B02
201300017409,0,7,0,0.0,1.0,2.0,1.0,A01
201300017410,0,7,0,0.0,2.0,8.0,1.0,B02
201300017410,0,7,0,0.0,2.0,2.0,1.0,A01
201300017411,0,1,0,0.0,2.0,1.0,13.0,A01
201300017411,0,7,0,0.0,2.0,1.0,1.0,B02
201300017412,0,33,0,0.0,2.0,1.0,1.0,B02
201300017412,0,7,0,0.0,2.0,7.0,15.0,A01
201300017413,0,33,0,13.0,0.0,2.0,1.0,A01
201300017414,0,7,0,2.0,0.0,2.0,1.0,A01
201300017415,0,7,0,13.0,0.0,2.0,1.0,A01
201300017416,0,33,0,0.0,2.0,1.0,1.0,B02
201300017416,0,7,0,0.0,2.0,5.0,1.0,A01
201300017417,0,7,0,8.0,0.0,1.0,13.0,A01
201300017418,0,7,0,0.0,2.0,1.0,1.0,B02
201300017418,0,7,0,0.0,2.0,7.0,1.0,A01