Num_Acc,senc,catv,occutc,obs,obsm,choc,manv,num_veh
201300017419,0,10,0,0.0,2.0,1.0,13.0,A01
201300017419,0,7,0,0.0,2.0,1.0,1.0,B02
201300017420,0,33,0,0.0,6.0,1.0,1.0,A01
201300017421,0,33,0,2.0,0.0,1.0,1.0,A01
201300017422,0,7,0,0.0,2.0,8.0,17.0,A01
201300017422,0,14,0,0.0,2.0,3.0,1.0,B02
201300017422,0,10,0,0.0,2.0,1.0,1.0,C03
201300017423,0,17,0,0.0,2.0,1.0,2.0,A01
201300017423,0,17,0,0.0,0.0,4.0,23.0,B02
201300017424,0,7,0,0.0,1.0,2.0,1.0,A01
201300017425,0,7,0,1.0,0.0,2.0,14.0,A01
201300017426,0,30,0,6.0,1.0,1.0,1.0,A01
201300017427,0,7,0,0.0,2.0,1.0,17.0,A01
201300017427,0,7,0,0.0,2.0,3.0,21.0,B02
201300017428,0,7,0,0.0,2.0,1.0,1.0,B02
201300017428,0,7,0,0.0,2.0,7.0,17.0,A01
201300017429,0,33,0,0.0,6.0,1.0,1.0,A01
201300017430,0,7,0,13.0,0.0,1.0,1.0,B02
201300017430,0,7,0,8.0,0.0,7.0,1.0,A01
201300017431,0,15,0,0.0,2.0,3.0,13.0,A01
201300017431,0,15,0,0.0,2.0,3.0,21.0,B02
201300017432,0,7,0,0.0,2.0,3.0,13.0,A01
201300017432,0,7,0,0.0,2.0,3.0,1.0,B02
201300017433,0,2,0,0.0,2.0,1.0,1.0,B02
201300017433,0,7,0,0.0,2.0,5.0,4.0,A01
201300017434,0,7,0,4.0,0.0,3.0,1.0,A01
201300017435,0,7,0,0.0,2.0,1.0,13.0,A01
201300017435,0,7,0,0.0,2.0,1.0,1.0,B02
201300017436,0,7,0,0.0,2.0,2.0,15.0,B02
201300017436,0,7,0,0.0,2.0,1.0,1.0,A01
201300017437,0,7,0,0.0,0.0,3.0,13.0,A01
201300017437,0,7,0,0.0,0.0,7.0,23.0,B02
201300017438,0,7,0,0.0,2.0,1.0,13.0,A01
201300017438,0,7,0,0.0,2.0,1.0,1.0,B02
201300017439,0,7,0,0.0,2.0,1.0,1.0,B02
201300017439,0,7,0,0.0,2.0,1.0,13.0,A01
201300017440,0,7,0,0.0,2.0,1.0,1.0,A01
201300017440,0,7,0,0.0,2.0,7.0,1.0,B02
201300017441,0,7,0,2.0,0.0,4.0,1.0,A01
201300017442,0,7,0,8.0,0.0,0.0,1.0,A01
201300017443,0,33,0,3.0,0.0,0.0,1.0,A01
201300017444,0,7,0,0.0,1.0,2.0,19.0,A01
201300017445,0,7,0,2.0,0.0,7.0,14.0,A01
201300017446,0,33,0,13.0,0.0,1.0,17.0,A01
201300017447,0,33,0,12.0,0.0,1.0,1.0,A01
201300017448,0,7,0,13.0,0.0,1.0,1.0,A01
201300017449,0,10,0,13.0,0.0,3.0,13.0,A01
201300017450,0,1,0,0.0,2.0,1.0,1.0,B02
201300017450,0,7,0,0.0,2.0,8.0,0.0,A01
201300017451,0,7,0,2.0,0.0,3.0,1.0,A01
201300017452,0,33,0,16.0,0.0,8.0,21.0,C03
201300017452,0,33,0,0.0,2.0,1.0,1.0,B02
201300017452,0,30,0,0.0,2.0,8.0,19.0,A01
201300017453,0,7,0,0.0,9.0,2.0,2.0,A01
201300017453,0,1,0,0.0,2.0,4.0,1.0,B02
201300017454,0,7,0,15.0,0.0,2.0,15.0,A01
201300017455,0,14,0,0.0,2.0,2.0,21.0,B02
201300017455,0,7,0,0.0,2.0,3.0,5.0,A01
201300017456,0,33,0,9.0,0.0,1.0,1.0,A01
201300017457,0,36,0,2.0,0.0,2.0,0.0,A01
201300017458,0,7,0,6.0,0.0,1.0,1.0,A01
201300017459,0,7,0,0.0,1.0,2.0,21.0,A01
201300017460,0,7,0,0.0,1.0,3.0,1.0,A01
201300017461,0,7,0,2.0,0.0,1.0,1.0,A01
201300017462,0,7,0,0.0,2.0,1.0,13.0,A01
201300017462,0,15,0,0.0,2.0,1.0,1.0,B02
201300017463,0,30,0,0.0,0.0,2.0,13.0,A01
201300017464,0,14,0,0.0,2.0,3.0,21.0,B02
201300017464,0,7,0,0.0,2.0,7.0,13.0,A01
201300017465,0,10,0,0.0,2.0,1.0,21.0,B02
201300017465,0,7,0,0.0,2.0,1.0,17.0,A01
201300017466,0,7,0,0.0,2.0,7.0,6.0,B02
201300017466,0,7,0,0.0,2.0,1.0,1.0,A01
201300017467,0,7,0,8.0,0.0,7.0,14.0,A01
201300017468,0,2,0,0.0,1.0,1.0,1.0,A01
201300017469,0,7,0,0.0,2.0,1.0,1.0,B02
201300017469,0,7,0,0.0,2.0,8.0,1.0,D04
201300017469,0,7,0,0.0,2.0,8.0,1.0,C03
201300017469,0,7,0,0.0,2.0,1.0,13.0,A01
201300017470,0,7,0,6.0,0.0,1.0,14.0,A01
201300017471,0,7,0,0.0,1.0,1.0,1.0,A01
201300017472,0,7,0,0.0,0.0,1.0,1.0,B02
201300017472,0,7,0,0.0,0.0,3.0,1.0,A01
201300017473,0,7,0,0.0,2.0,1.0,1.0,B02
201300017473,0,7,0,0.0,2.0,1.0,13.0,A01
201300017474,0,7,0,4.0,0.0,1.0,1.0,A01
201300017475,0,7,0,0.0,2.0,3.0,1.0,B02
201300017475,0,7,0,0.0,2.0,3.0,13.0,A01
201300017476,0,7,0,0.0,0.0,9.0,14.0,A01
201300017477,0,7,0,13.0,0.0,9.0,1.0,A01
201300017478,0,10,0,0.0,2.0,3.0,9.0,A01
201300017478,0,7,0,0.0,2.0,3.0,1.0,B02
201300017479,0,7,0,0.0,1.0,1.0,1.0,A01
201300017480,0,7,0,0.0,1.0,1.0,1.0,A01
201300017481,0,33,0,0.0,0.0,0.0,1.0,A01
201300017482,0,36,0,12.0,0.0,1.0,15.0,A01
201300017483,0,2,0,0.0,2.0,9.0,1.0,B02
201300017483,0,7,0,0.0,2.0,8.0,1.0,A01
201300017484,0,7,0,0.0,2.0,7.0,1.0,B02
201300017484,0,10,0,0.0,2.0,3.0,1.0,A01
201300017485,0,17,0,0.0,0.0,8.0,1.0,A01
201300017486,0,30,0,0.0,2.0,1.0,13.0,A01
201300017486,0,7,0,0.0,2.0,1.0,1.0,B02
201300017487,0,7,0,0.0,1.0,1.0,15.0,A01
201300017488,0,7,0,2.0,0.0,1.0,15.0,A01
201300017489,0,7,0,0.0,2.0,1.0,1.0,A01
201300017489,0,7,0,0.0,0.0,4.0,15.0,B02
201300017490,0,30,0,0.0,0.0,3.0,21.0,A01
201300017491,0,33,0,15.0,0.0,1.0,21.0,B02
201300017491,0,7,0,0.0,0.0,0.0,19.0,A01
201300017492,0,33,0,0.0,0.0,1.0,1.0,A01
201300017493,0,2,0,2.0,0.0,7.0,1.0,A01
201300017494,0,7,0,0.0,2.0,2.0,17.0,A01
201300017494,0,1,0,0.0,2.0,6.0,1.0,B02
201300017495,0,7,0,0.0,1.0,1.0,15.0,A01
201300017496,0,10,0,0.0,2.0,2.0,1.0,A01
201300017496,0,7,0,0.0,2.0,7.0,1.0,B02
201300017497,0,7,0,4.0,0.0,8.0,0.0,A01
201300017498,0,2,0,8.0,0.0,7.0,1.0,A01
201300017499,0,33,0,0.0,0.0,1.0,1.0,A01
201300017500,0,7,0,13.0,0.0,9.0,5.0,A01
201300017501,0,33,0,0.0,2.0,1.0,1.0,B02
201300017501,0,17,0,0.0,2.0,2.0,10.0,A01
201300017502,0,7,0,13.0,0.0,1.0,1.0,A01
201300017503,0,7,0,0.0,2.0,1.0,1.0,B02
201300017503,0,7,0,0.0,2.0,3.0,9.0,A01
201300017504,0,7,0,0.0,2.0,1.0,1.0,A01
201300017504,0,7,0,0.0,2.0,2.0,15.0,B02
201300017505,0,32,0,0.0,2.0,1.0,1.0,B02
201300017505,0,7,0,0.0,2.0,2.0,15.0,A01
201300017506,0,10,0,6.0,0.0,3.0,1.0,A01
201300017507,0,30,0,6.0,0.0,1.0,1.0,A01
201300017508,0,31,0,0.0,2.0,1.0,1.0,A01
201300017508,0,7,0,0.0,0.0,5.0,4.0,B02
201300017509,0,7,0,0.0,2.0,3.0,13.0,A01
201300017509,0,7,0,0.0,2.0,3.0,1.0,B02
201300017510,0,33,0,0.0,2.0,2.0,13.0,A01
201300017510,0,7,0,0.0,2.0,2.0,1.0,B02
201300017511,0,7,0,0.0,2.0,1.0,5.0,A01
201300017511,0,7,0,0.0,2.0,3.0,1.0,B02
201300017511,0,7,0,0.0,2.0,3.0,1.0,C03
201300017512,0,7,0,6.0,0.0,1.0,1.0,A01
201300017513,0,30,0,0.0,0.0,0.0,0.0,A01
201300017514,0,7,0,3.0,2.0,2.0,1.0,A01
201300017514,0,7,0,0.0,2.0,3.0,1.0,B02
201300017515,0,7,0,2.0,0.0,1.0,1.0,A01
201300017516,0,7,0,0.0,2.0,5.0,13.0,A01
201300017516,0,10,0,0.0,2.0,2.0,1.0,B02
201300017517,0,7,0,0.0,2.0,3.0,0.0,B02
201300017517,0,33,0,0.0,2.0,3.0,17.0,A01
201300017518,0,33,0,16.0,0.0,1.0,1.0,A01
201300017519,0,1,0,0.0,2.0,4.0,2.0,B02
201300017519,1,99,0,0.0,2.0,0.0,0.0,A01
201300017520,0,7,0,2.0,0.0,1.0,13.0,A01
201300017521,0,99,0,0.0,2.0,1.0,13.0,A01
201300017521,0,33,0,0.0,2.0,3.0,1.0,B02
201300017522,0,7,0,0.0,2.0,7.0,1.0,A01
201300017522,0,38,10,0.0,2.0,1.0,1.0,B02
201300017523,0,7,0,2.0,0.0,1.0,0.0,A01
201300017524,0,7,0,0.0,2.0,1.0,1.0,A01
201300017524,0,7,0,0.0,2.0,1.0,1.0,B02
201300017525,1,7,0,0.0,1.0,3.0,1.0,A01
201300017526,0,7,0,0.0,1.0,3.0,1.0,A01
201300017527,0,7,0,0.0,1.0,2.0,2.0,A01
201300017528,0,7,0,0.0,1.0,1.0,1.0,A01
201300017529,0,7,0,0.0,2.0,3.0,13.0,A01
201300017529,0,10,0,0.0,2.0,3.0,1.0,B02
201300017530,0,10,0,13.0,0.0,2.0,1.0,A01
201300017531,0,30,0,0.0,0.0,1.0,14.0,A01
201300017532,0,7,0,0.0,1.0,4.0,4.0,A01
201300017533,0,21,0,0.0,2.0,3.0,1.0,B01
201300017533,0,33,0,0.0,2.0,1.0,17.0,A01
201300017534,0,7,0,13.0,0.0,3.0,13.0,A01
201300017535,0,31,0,15.0,0.0,1.0,1.0,A01
201300017536,0,21,0,0.0,2.0,8.0,15.0,B01
201300017536,0,7,0,0.0,2.0,1.0,17.0,A01
201300017537,0,7,0,0.0,2.0,3.0,19.0,A01
201300017537,0,2,0,0.0,2.0,1.0,1.0,B01
201300017538,0,7,0,6.0,0.0,1.0,1.0,A01
201300017539,0,7,0,0.0,2.0,1.0,1.0,B01
201300017539,0,7,0,0.0,2.0,8.0,15.0,A01
201300017540,0,7,0,0.0,2.0,1.0,5.0,A01
201300017540,0,10,0,0.0,2.0,1.0,1.0,B01
201300017541,0,14,0,0.0,1.0,6.0,1.0,A01
201300017542,0,30,0,2.0,0.0,1.0,14.0,A01
201300017543,0,7,0,0.0,1.0,1.0,1.0,A01
201300017544,0,33,0,0.0,0.0,7.0,10.0,A01
201300017545,0,10,0,0.0,2.0,7.0,19.0,A01
201300017545,0,34,0,0.0,2.0,1.0,1.0,B01
201300017546,0,33,0,13.0,0.0,7.0,14.0,A01
201300017547,0,10,0,0.0,2.0,1.0,2.0,A01
201300017547,0,2,0,0.0,2.0,7.0,2.0,B01
201300017548,0,7,0,0.0,2.0,3.0,1.0,B01
201300017548,0,7,0,0.0,2.0,7.0,15.0,A01
201300017549,0,7,0,0.0,2.0,1.0,1.0,A01
201300017549,0,7,0,0.0,2.0,1.0,15.0,B01
201300017550,0,7,0,0.0,2.0,3.0,1.0,B01
201300017550,0,7,0,0.0,2.0,2.0,19.0,A01
201300017551,0,7,0,0.0,9.0,2.0,19.0,A01
201300017551,0,1,0,0.0,2.0,1.0,1.0,B01
201300017552,0,7,0,0.0,2.0,3.0,15.0,A01
201300017552,0,30,0,0.0,2.0,1.0,1.0,B01
201300017553,0,7,0,0.0,2.0,2.0,15.0,B01
201300017553,0,7,0,0.0,2.0,7.0,1.0,A01
201300017554,0,7,0,13.0,0.0,1.0,14.0,A01
201300017555,0,7,0,0.0,2.0,1.0,2.0,A01
201300017555,0,33,0,0.0,0.0,4.0,2.0,B01
201300017556,0,7,0,0.0,1.0,8.0,1.0,A01
201300017557,0,7,0,0.0,2.0,2.0,1.0,B01
201300017557,0,7,0,0.0,2.0,2.0,11.0,A01
201300017558,0,7,0,0.0,2.0,1.0,5.0,A01
201300017558,0,7,0,0.0,2.0,1.0,1.0,B02
201300017559,0,7,0,8.0,0.0,3.0,17.0,A01
201300017560,0,7,0,0.0,0.0,6.0,23.0,A01
201300017560,0,38,45,0.0,2.0,2.0,1.0,B02
201300017561,0,7,0,0.0,2.0,7.0,15.0,A01
201300017561,0,2,0,0.0,2.0,1.0,1.0,B02
201300017562,0,7,0,8.0,0.0,2.0,1.0,A01
201300017563,0,7,0,0.0,0.0,0.0,13.0,A01
201300017564,0,2,0,0.0,1.0,1.0,1.0,A01
201300017565,0,7,0,0.0,2.0,1.0,0.0,B02
201300017565,0,7,0,0.0,2.0,3.0,1.0,A01
201300017566,0,7,0,8.0,0.0,3.0,1.0,A01
201300017567,0,7,0,0.0,2.0,6.0,20.0,B02
201300017567,0,7,0,1.0,0.0,2.0,1.0,A01
201300017568,0,7,0,0.0,2.0,3.0,13.0,A01
201300017568,0,10,0,0.0,2.0,3.0,1.0,B02
201300017569,0,7,0,0.0,2.0,7.0,15.0,A01
201300017569,0,31,0,0.0,2.0,1.0,1.0,B02
201300017570,0,7,0,8.0,0.0,1.0,14.0,A01
201300017571,0,33,0,0.0,2.0,3.0,1.0,A01
201300017571,1,7,0,0.0,2.0,3.0,0.0,B02
201300017572,0,30,0,0.0,0.0,1.0,0.0,A01
201300017572,0,7,0,0.0,0.0,1.0,0.0,B02
201300017573,0,33,0,0.0,2.0,1.0,1.0,A01
201300017573,0,7,0,0.0,0.0,6.0,19.0,B02
201300017574,0,7,0,0.0,0.0,6.0,6.0,A01
201300017574,0,32,0,0.0,2.0,1.0,1.0,B02
201300017575,0,7,0,0.0,2.0,1.0,1.0,B01
201300017575,0,7,0,0.0,2.0,6.0,19.0,A01
201300017576,0,7,0,15.0,0.0,1.0,13.0,A01
201300017577,0,7,0,8.0,0.0,8.0,1.0,A01
201300017578,0,3,0,0.0,2.0,1.0,15.0,A01
201300017578,0,33,0,0.0,2.0,7.0,13.0,B01
201300017579,0,31,0,7.0,0.0,1.0,1.0,A01
201300017580,0,7,0,2.0,0.0,8.0,1.0,A01
201300017581,0,10,0,0.0,5.0,1.0,1.0,A01
201300017582,0,7,0,2.0,0.0,1.0,14.0,A01
201300017583,0,31,0,1.0,0.0,1.0,1.0,A01
201300017584,0,21,0,0.0,2.0,3.0,15.0,A01
201300017584,0,7,0,0.0,2.0,5.0,17.0,B02
201300017585,0,17,0,0.0,1.0,6.0,24.0,B02
201300017585,0,7,0,1.0,0.0,5.0,17.0,A01
201300017586,0,7,0,0.0,0.0,1.0,2.0,A01
201300017587,0,7,0,0.0,2.0,3.0,1.0,A01
201300017587,0,7,0,0.0,2.0,3.0,1.0,B02
201300017588,0,7,0,1.0,2.0,3.0,13.0,A01
201300017588,0,17,0,0.0,2.0,3.0,1.0,B02
201300017589,0,7,0,15.0,2.0,3.0,1.0,A01
201300017589,0,7,0,0.0,2.0,6.0,15.0,B01
201300017590,0,30,0,0.0,2.0,1.0,1.0,B02
201300017590,0,2,0,0.0,2.0,1.0,9.0,A01
201300017591,0,7,0,0.0,2.0,8.0,1.0,B02
201300017591,0,7,0,0.0,2.0,2.0,13.0,A01
201300017592,0,7,0,13.0,0.0,9.0,13.0,A01
201300017593,1,7,0,0.0,1.0,2.0,16.0,A01
201300017594,0,7,0,0.0,2.0,3.0,13.0,A01
201300017594,0,7,0,0.0,2.0,9.0,17.0,B02
201300017594,0,20,0,0.0,2.0,6.0,1.0,C03
201300017595,0,7,0,2.0,0.0,2.0,1.0,A01
201300017596,0,32,0,0.0,2.0,1.0,13.0,A01
201300017596,0,7,0,0.0,2.0,1.0,1.0,B02
201300017597,0,33,0,0.0,0.0,7.0,17.0,A01
201300017598,0,33,0,0.0,0.0,9.0,19.0,A01
201300017598,0,7,0,0.0,0.0,7.0,1.0,B02
201300017599,0,7,0,0.0,2.0,3.0,1.0,B02
201300017599,0,33,0,0.0,2.0,3.0,13.0,A01
201300017600,0,7,0,6.0,0.0,1.0,1.0,A01
201300017601,0,33,0,0.0,2.0,1.0,2.0,A01
201300017601,0,33,0,0.0,0.0,4.0,23.0,B02
201300017602,0,7,0,1.0,0.0,4.0,1.0,A01
201300017602,0,7,0,0.0,0.0,8.0,24.0,B02
201300017603,0,7,0,3.0,2.0,8.0,13.0,A01
201300017603,0,1,0,0.0,2.0,8.0,1.0,B02
201300017604,0,33,0,13.0,0.0,1.0,1.0,A01
201300017605,0,33,0,0.0,2.0,3.0,13.0,A01
201300017605,0,7,0,0.0,2.0,3.0,1.0,B02
201300017606,0,7,0,2.0,0.0,1.0,13.0,A01
201300017607,0,7,0,0.0,1.0,3.0,1.0,A01
201300017608,0,7,0,0.0,2.0,6.0,1.0,B02
201300017608,0,33,0,0.0,2.0,1.0,1.0,A01
201300017609,0,7,0,14.0,0.0,1.0,1.0,A01
201300017609,0,17,0,0.0,0.0,4.0,23.0,B02
201300017610,0,33,0,0.0,2.0,1.0,17.0,B02
201300017610,0,7,0,0.0,2.0,8.0,15.0,A01
201300017611,0,33,0,1.0,0.0,0.0,1.0,A01
201300017612,0,7,0,13.0,0.0,9.0,1.0,A01
201300017613,0,7,0,6.0,0.0,1.0,1.0,A01
201300017614,0,7,0,0.0,2.0,1.0,2.0,B02
201300017614,0,7,0,0.0,2.0,4.0,1.0,A01
201300017615,0,1,0,0.0,2.0,8.0,13.0,B02
201300017615,0,7,0,0.0,2.0,7.0,17.0,A01
201300017616,0,7,0,6.0,0.0,2.0,1.0,A01
201300017617,0,7,0,0.0,1.0,2.0,17.0,A01
201300017618,0,1,0,0.0,2.0,6.0,19.0,A01
201300017618,0,7,0,0.0,2.0,3.0,1.0,B02
201300017619,0,7,0,13.0,0.0,1.0,1.0,A01
201300017620,0,7,0,0.0,2.0,1.0,1.0,B02
201300017620,0,33,0,0.0,2.0,3.0,13.0,A01
201300017621,0,10,0,0.0,2.0,3.0,1.0,A01
201300017621,0,33,0,0.0,2.0,1.0,13.0,B02
201300017622,0,10,0,13.0,0.0,2.0,0.0,A01
201300017623,0,7,0,0.0,2.0,5.0,15.0,B02
201300017623,0,30,0,0.0,2.0,1.0,2.0,A01
201300017624,0,7,0,0.0,2.0,3.0,1.0,A01
201300017624,0,7,0,0.0,2.0,3.0,1.0,B02
201300017625,0,7,0,0.0,0.0,1.0,1.0,B02
201300017625,0,7,0,0.0,0.0,7.0,1.0,A01
201300017626,0,7,0,0.0,2.0,1.0,23.0,B02
201300017626,0,7,0,0.0,0.0,6.0,15.0,C03
201300017626,0,33,0,0.0,2.0,1.0,1.0,A01
201300017627,0,10,0,6.0,0.0,2.0,1.0,A01
201300017628,0,33,0,0.0,0.0,8.0,1.0,A01
201300017629,0,7,0,0.0,1.0,1.0,1.0,A01
201300017630,0,2,0,0.0,2.0,8.0,15.0,A01
201300017630,0,7,0,0.0,2.0,1.0,1.0,B02
201300017631,0,30,0,3.0,0.0,1.0,14.0,A01
201300017632,0,30,0,0.0,2.0,7.0,1.0,A01
201300017633,0,30,0,0.0,1.0,1.0,1.0,A01
201300017634,0,7,0,0.0,2.0,7.0,19.0,A01
201300017634,0,15,0,0.0,2.0,3.0,23.0,B02
201300017634,0,7,0,0.0,2.0,1.0,1.0,C03
201300017635,0,15,0,0.0,2.0,3.0,1.0,B02
201300017635,0,7,0,0.0,2.0,3.0,13.0,A01
201300017636,0,7,0,0.0,1.0,3.0,21.0,A01
201300017637,0,7,0,0.0,2.0,3.0,13.0,A01
201300017637,0,7,0,0.0,2.0,3.0,21.0,B02
201300017638,0,30,0,0.0,2.0,1.0,1.0,A01
201300017638,0,7,0,0.0,2.0,3.0,15.0,B02
201300017639,0,30,0,6.0,0.0,1.0,1.0,A01
201300017640,2,7,0,13.0,0.0,3.0,13.0,A01
201300017641,0,7,0,6.0,0.0,1.0,1.0,A01
201300017642,0,7,0,0.0,2.0,8.0,1.0,B02
201300017642,0,33,0,0.0,2.0,2.0,1.0,A01
201300017643,0,7,0,0.0,0.0,7.0,0.0,B02
201300017643,0,33,0,0.0,2.0,1.0,1.0,A01
201300017644,0,33,0,8.0,0.0,1.0,1.0,A01
201300017645,0,1,0,0.0,2.0,1.0,19.0,B02
201300017645,0,7,0,0.0,2.0,3.0,1.0,A01
201300017646,0,33,0,0.0,2.0,8.0,1.0,A01
201300017646,0,7,0,0.0,2.0,8.0,15.0,B02
201300017647,0,7,0,0.0,1.0,2.0,1.0,A01
201300017648,0,7,0,6.0,0.0,1.0,0.0,A01
201300017649,0,7,0,0.0,1.0,1.0,15.0,A01
201300017650,0,33,0,15.0,0.0,0.0,16.0,A01
201300017651,0,7,0,2.0,0.0,1.0,1.0,A01
201300017652,0,31,0,2.0,0.0,2.0,2.0,A01
201300017653,0,7,0,0.0,0.0,1.0,1.0,A01
201300017654,0,7,0,2.0,0.0,5.0,1.0,A01
201300017655,0,7,0,13.0,0.0,1.0,1.0,A01
201300017656,0,33,0,0.0,2.0,8.0,1.0,A01
201300017656,0,7,0,0.0,2.0,1.0,15.0,B02
201300017657,0,14,0,0.0,1.0,4.0,4.0,A01
201300017658,0,7,0,0.0,2.0,9.0,1.0,A01
201300017658,2,7,0,0.0,2.0,7.0,17.0,B01
201300017659,0,7,0,0.0,2.0,8.0,11.0,A01
201300017659,0,30,0,0.0,2.0,1.0,1.0,B01
201300017660,0,7,0,0.0,2.0,1.0,15.0,A01
201300017660,0,1,0,0.0,2.0,8.0,1.0,B02
201300017661,0,31,0,0.0,0.0,1.0,17.0,A01
201300017661,0,7,0,0.0,0.0,2.0,9.0,B02
201300017662,0,33,0,11.0,0.0,1.0,1.0,A01
201300017663,0,7,0,0.0,1.0,1.0,16.0,A01
201300017664,0,1,0,0.0,2.0,1.0,1.0,B01
201300017664,0,7,0,0.0,2.0,6.0,23.0,A01
201300017665,0,7,0,2.0,0.0,1.0,21.0,A01
201300017666,0,7,0,0.0,1.0,0.0,2.0,A01
201300017667,0,7,0,0.0,0.0,9.0,1.0,A01
201300017668,0,7,0,9.0,0.0,1.0,1.0,A01
201300017669,0,7,0,6.0,0.0,1.0,1.0,A01
201300017670,0,30,0,0.0,2.0,1.0,18.0,B01
201300017670,0,7,0,0.0,2.0,2.0,14.0,A01
201300017671,0,7,0,0.0,2.0,1.0,1.0,B01
201300017671,0,7,0,0.0,2.0,8.0,9.0,A01
201300017672,0,7,0,0.0,2.0,3.0,9.0,A01
201300017672,0,2,0,0.0,2.0,1.0,1.0,B01
201300017673,0,7,0,0.0,1.0,8.0,1.0,A01
201300017674,0,7,0,0.0,1.0,1.0,1.0,A01
201300017675,0,31,0,0.0,2.0,1.0,9.0,A01
201300017675,0,7,0,0.0,2.0,6.0,1.0,B01
201300017676,0,7,0,13.0,2.0,8.0,1.0,A01
201300017677,0,30,0,16.0,0.0,7.0,1.0,A01
201300017678,0,7,0,0.0,2.0,4.0,23.0,B01
201300017678,0,31,0,0.0,2.0,4.0,23.0,C01
201300017678,0,7,0,0.0,2.0,1.0,1.0,A01
201300017678,0,7,0,0.0,2.0,4.0,23.0,D01
201300017679,0,7,0,0.0,2.0,1.0,1.0,A01
201300017679,0,7,0,0.0,2.0,4.0,23.0,B01
201300017680,0,1,0,0.0,1.0,1.0,1.0,A01
201300017681,0,7,0,5.0,2.0,8.0,1.0,A01
201300017681,0,7,0,0.0,2.0,1.0,1.0,B01
201300017682,0,7,0,2.0,0.0,1.0,1.0,A01
201300017683,0,7,0,0.0,1.0,1.0,18.0,A01
201300017684,0,7,0,15.0,0.0,9.0,1.0,A01
201300017685,0,7,0,0.0,1.0,1.0,1.0,A01
201300017686,0,7,0,13.0,0.0,7.0,1.0,A01
201300017687,0,10,0,0.0,2.0,4.0,1.0,C01
201300017687,0,7,0,0.0,2.0,4.0,1.0,B01
201300017687,0,10,0,0.0,2.0,1.0,1.0,A01
201300017688,0,7,0,0.0,2.0,2.0,1.0,A01
201300017688,0,7,0,0.0,2.0,6.0,1.0,B01
201300017689,0,7,0,1.0,0.0,1.0,1.0,A01
201300017690,0,33,0,0.0,2.0,3.0,13.0,A01
201300017690,0,7,0,0.0,2.0,3.0,1.0,B02
201300017691,0,7,0,0.0,2.0,3.0,13.0,A01
201300017691,0,15,0,0.0,2.0,3.0,1.0,B02
201300017692,0,33,0,3.0,0.0,1.0,1.0,A01
201300017693,0,7,0,0.0,1.0,1.0,1.0,A01
201300017694,0,7,0,0.0,2.0,8.0,13.0,A01
201300017694,0,14,0,0.0,2.0,3.0,1.0,B02
201300017694,0,7,0,0.0,2.0,8.0,2.0,C03
201300017695,0,2,0,0.0,2.0,1.0,13.0,A01
201300017695,0,7,0,0.0,2.0,1.0,1.0,B02
201300017696,0,7,0,0.0,2.0,8.0,22.0,A01
201300017696,0,7,0,0.0,2.0,3.0,1.0,C03
201300017696,0,33,0,1.0,2.0,5.0,17.0,B02
201300017697,0,10,0,0.0,2.0,1.0,17.0,A01
201300017697,0,7,0,0.0,2.0,4.0,15.0,B02
201300017698,0,10,0,16.0,0.0,9.0,14.0,A01
201300017699,0,33,0,13.0,0.0,1.0,14.0,A01
201300017700,0,10,0,13.0,0.0,2.0,14.0,A01
201300017701,0,7,0,0.0,2.0,2.0,6.0,A01
201300017701,0,30,0,0.0,2.0,1.0,1.0,B02
201300017702,0,32,0,0.0,0.0,0.0,1.0,A01
201300017703,0,10,0,2.0,0.0,2.0,14.0,A01
201300017704,0,7,0,2.0,0.0,4.0,1.0,A01
201300017705,0,7,0,0.0,2.0,1.0,1.0,B02
201300017705,0,7,0,0.0,2.0,1.0,15.0,A01
201300017706,0,31,0,0.0,2.0,1.0,1.0,A01
201300017706,0,7,0,0.0,2.0,2.0,15.0,B02
201300017707,0,7,0,0.0,2.0,1.0,1.0,B02
201300017707,0,7,0,0.0,2.0,1.0,1.0,A01
201300017708,0,33,0,0.0,0.0,8.0,1.0,A01
201300017709,0,7,0,0.0,2.0,3.0,1.0,A01
201300017709,0,7,0,0.0,2.0,3.0,1.0,B02
201300017710,0,7,0,2.0,0.0,7.0,1.0,A01
201300017711,0,7,0,0.0,2.0,1.0,1.0,A01
201300017711,0,7,0,0.0,2.0,7.0,21.0,B02
201300017712,0,7,0,0.0,0.0,1.0,1.0,A01
201300017713,0,7,0,2.0,0.0,2.0,1.0,A01
201300017714,0,14,0,16.0,0.0,9.0,21.0,A01
201300017715,0,7,0,0.0,2.0,3.0,1.0,A01
201300017715,0,21,0,0.0,2.0,3.0,1.0,B02
201300017716,0,7,0,2.0,0.0,1.0,16.0,A01
201300017717,0,7,0,13.0,0.0,1.0,1.0,A01
201300017718,0,7,0,6.0,0.0,1.0,1.0,A01
201300017719,0,7,0,15.0,1.0,5.0,1.0,A01
201300017720,0,7,0,0.0,2.0,3.0,10.0,A01
201300017720,0,33,0,0.0,2.0,1.0,2.0,B02
201300017721,0,33,0,0.0,0.0,5.0,1.0,A01
201300017721,1,7,0,0.0,2.0,0.0,19.0,B02
201300017722,0,10,0,0.0,2.0,3.0,13.0,A01
201300017722,0,31,0,0.0,2.0,2.0,1.0,B02