Num_Acc,senc,catv,occutc,obs,obsm,choc,manv,num_veh
201300017723,0,7,0,0.0,2.0,1.0,13.0,A01
201300017723,0,15,0,0.0,2.0,1.0,1.0,B02
201300017724,0,7,0,0.0,2.0,8.0,19.0,A01
201300017724,0,7,0,0.0,2.0,1.0,2.0,B02
201300017725,0,10,0,13.0,0.0,9.0,1.0,A01
201300017726,0,10,0,0.0,2.0,4.0,4.0,A01
201300017726,0,31,0,0.0,2.0,1.0,1.0,B02
201300017727,0,33,0,0.0,0.0,2.0,1.0,A01
201300017728,0,7,0,6.0,0.0,2.0,1.0,A01
201300017729,0,33,0,0.0,0.0,7.0,1.0,A01
201300017730,0,7,0,0.0,2.0,1.0,15.0,A01
201300017730,0,7,0,0.0,2.0,3.0,1.0,B02
201300017731,0,10,0,6.0,0.0,5.0,0.0,B02
201300017731,0,15,0,0.0,2.0,3.0,1.0,A01
201300017732,0,7,0,0.0,1.0,3.0,1.0,B02
201300017732,0,7,0,0.0,1.0,2.0,1.0,A01
201300017733,0,7,0,16.0,0.0,1.0,0.0,A01
201300017734,0,7,0,0.0,1.0,1.0,1.0,A01
201300017735,0,7,0,0.0,1.0,2.0,1.0,A01
201300017736,0,2,0,0.0,2.0,1.0,0.0,A01
201300017736,0,7,0,0.0,2.0,2.0,0.0,B02
201300017737,0,34,0,13.0,0.0,2.0,1.0,A01
201300017738,0,7,0,2.0,0.0,1.0,1.0,A01
201300017739,0,7,0,0.0,0.0,2.0,19.0,A01
201300017739,0,7,0,0.0,2.0,1.0,1.0,B02
201300017739,0,7,0,0.0,0.0,8.0,23.0,C03
201300017740,0,33,0,0.0,2.0,2.0,17.0,A01
201300017740,0,7,0,0.0,2.0,2.0,1.0,B02
201300017741,0,7,0,0.0,1.0,2.0,15.0,A01
201300017742,0,7,0,0.0,5.0,2.0,0.0,A01
201300017743,0,33,0,0.0,2.0,6.0,10.0,A01
201300017743,0,33,0,0.0,2.0,1.0,2.0,B02
201300017744,0,7,0,0.0,0.0,8.0,1.0,B02
201300017744,0,2,0,0.0,2.0,2.0,9.0,A01
201300017745,0,7,0,0.0,2.0,3.0,1.0,B02
201300017745,0,7,0,0.0,2.0,2.0,19.0,A01
201300017746,0,7,0,0.0,1.0,2.0,1.0,A01
201300017747,0,7,0,0.0,2.0,1.0,15.0,A01
201300017747,0,7,0,0.0,2.0,3.0,1.0,B02
201300017748,0,30,0,0.0,0.0,0.0,0.0,A01
201300017749,0,7,0,1.0,0.0,1.0,14.0,A01
201300017750,0,7,0,1.0,0.0,2.0,1.0,A01
201300017751,0,7,0,12.0,0.0,7.0,15.0,A01
201300017752,0,2,0,0.0,0.0,7.0,1.0,A01
201300017753,0,7,0,16.0,0.0,9.0,1.0,A01
201300017754,0,99,0,0.0,0.0,5.0,19.0,B02
201300017754,0,30,0,0.0,2.0,1.0,1.0,A01
201300017755,0,7,0,0.0,1.0,1.0,1.0,A01
201300017756,0,7,0,0.0,2.0,1.0,0.0,A01
201300017756,0,33,0,0.0,2.0,7.0,0.0,B02
201300017757,0,7,0,13.0,0.0,3.0,1.0,A01
201300017758,0,7,0,0.0,2.0,3.0,13.0,A01
201300017758,0,7,0,0.0,2.0,3.0,1.0,B02
201300017758,0,7,0,0.0,2.0,1.0,1.0,C03
201300017759,0,7,0,0.0,2.0,3.0,19.0,A01
201300017759,0,7,0,0.0,2.0,2.0,1.0,B01
201300017760,0,7,0,0.0,2.0,3.0,1.0,B02
201300017760,0,7,0,0.0,2.0,3.0,1.0,C03
201300017760,0,7,0,0.0,2.0,3.0,13.0,A01
201300017761,0,7,0,0.0,2.0,6.0,17.0,A01
201300017761,0,13,0,0.0,2.0,3.0,1.0,B02
201300017762,0,14,0,13.0,0.0,7.0,14.0,A01
201300017763,0,7,0,13.0,0.0,3.0,13.0,A01
201300017764,0,7,0,0.0,2.0,1.0,1.0,A01
201300017764,0,7,0,0.0,2.0,7.0,1.0,B02
201300017765,0,33,0,6.0,0.0,1.0,1.0,A01
201300017766,0,10,0,13.0,0.0,2.0,0.0,A01
201300017767,0,7,0,0.0,1.0,1.0,1.0,A01
201300017768,0,7,0,13.0,0.0,9.0,14.0,A01
201300017769,0,7,0,0.0,2.0,2.0,2.0,B01
201300017769,0,7,0,0.0,2.0,2.0,13.0,A01
201300017770,0,7,0,0.0,0.0,8.0,1.0,A01
201300017771,0,7,0,0.0,0.0,7.0,14.0,A01
201300017771,0,7,0,0.0,0.0,1.0,1.0,B02
201300017772,0,31,0,8.0,0.0,0.0,0.0,A01
201300017773,0,7,0,8.0,0.0,8.0,14.0,A01
201300017774,0,15,0,0.0,1.0,8.0,1.0,A01
201300017775,0,7,0,0.0,2.0,3.0,1.0,A01
201300017775,0,15,0,0.0,0.0,0.0,0.0,C03
201300017775,0,14,0,0.0,2.0,5.0,1.0,B02
201300017776,0,7,0,0.0,2.0,1.0,17.0,A01
201300017776,0,7,0,0.0,2.0,1.0,1.0,B02
201300017777,0,10,0,0.0,2.0,1.0,13.0,A01
201300017777,0,10,0,0.0,2.0,3.0,1.0,B01
201300017778,0,33,0,0.0,2.0,7.0,1.0,B02
201300017778,0,7,0,0.0,2.0,1.0,15.0,A01
201300017779,0,7,0,2.0,0.0,1.0,13.0,A01
201300017780,0,7,0,2.0,0.0,2.0,1.0,A01
201300017781,0,7,0,0.0,1.0,3.0,5.0,A01
201300017782,0,7,0,0.0,2.0,3.0,1.0,B02
201300017782,0,7,0,0.0,2.0,1.0,13.0,A01
201300017783,0,7,0,0.0,2.0,1.0,1.0,B02
201300017783,0,7,0,0.0,1.0,4.0,1.0,A01
201300017784,0,7,0,0.0,2.0,8.0,17.0,A01
201300017784,0,33,0,0.0,2.0,7.0,17.0,B02
201300017785,0,7,0,2.0,0.0,9.0,13.0,A01
201300017786,0,7,0,0.0,1.0,1.0,15.0,A01
201300017787,0,7,0,0.0,2.0,1.0,1.0,A01
201300017787,0,7,0,0.0,2.0,1.0,1.0,B02
201300017787,0,7,0,0.0,2.0,1.0,1.0,C03
201300017788,0,7,0,3.0,0.0,2.0,14.0,A01
201300017789,0,7,0,10.0,0.0,3.0,1.0,A01
201300017790,0,33,0,0.0,2.0,1.0,13.0,A01
201300017790,0,7,0,0.0,2.0,3.0,1.0,B02
201300017791,0,33,0,8.0,0.0,1.0,1.0,A01
201300017792,0,7,0,0.0,2.0,2.0,21.0,A01
201300017792,0,7,0,0.0,2.0,3.0,10.0,B02
201300017793,0,7,0,13.0,0.0,1.0,1.0,A01
201300017794,0,2,0,0.0,2.0,1.0,10.0,A01
201300017794,0,2,0,0.0,2.0,1.0,2.0,B02
201300017795,0,15,0,0.0,2.0,6.0,1.0,B02
201300017795,0,7,0,0.0,2.0,3.0,13.0,A01
201300017796,0,7,0,0.0,2.0,4.0,2.0,B02
201300017796,0,33,0,0.0,2.0,1.0,2.0,A01
201300017797,0,7,0,0.0,2.0,1.0,11.0,A01
201300017797,0,7,0,0.0,2.0,1.0,21.0,B02
201300017798,0,1,0,0.0,2.0,5.0,1.0,B01
201300017798,0,13,0,0.0,2.0,1.0,9.0,A01
201300017799,0,33,0,13.0,0.0,8.0,13.0,A01
201300017800,0,2,0,0.0,2.0,1.0,1.0,A01
201300017800,0,7,0,0.0,0.0,8.0,1.0,B02
201300017801,0,1,0,0.0,2.0,8.0,1.0,B01
201300017801,0,7,0,0.0,2.0,1.0,15.0,A01
201300017802,0,33,0,0.0,2.0,2.0,17.0,A01
201300017802,0,7,0,0.0,2.0,3.0,15.0,B01
201300017803,0,7,0,13.0,0.0,1.0,14.0,A01
201300017804,0,7,0,0.0,2.0,3.0,16.0,B02
201300017804,0,7,0,0.0,2.0,3.0,15.0,A01
201300017805,0,30,0,0.0,2.0,1.0,0.0,B02
201300017805,0,7,0,0.0,9.0,2.0,0.0,A01
201300017806,0,10,0,0.0,2.0,1.0,1.0,B02
201300017806,0,7,0,0.0,2.0,3.0,19.0,A01
201300017807,0,7,0,0.0,2.0,1.0,1.0,B02
201300017807,0,7,0,0.0,2.0,7.0,15.0,A01
201300017808,0,7,0,0.0,1.0,3.0,1.0,A01
201300017809,0,7,0,16.0,0.0,1.0,14.0,A01
201300017810,0,7,0,0.0,2.0,2.0,1.0,A01
201300017810,0,14,0,0.0,2.0,8.0,9.0,B02
201300017811,0,7,0,0.0,2.0,3.0,19.0,B02
201300017811,0,15,0,0.0,2.0,2.0,1.0,A01
201300017812,0,10,0,0.0,1.0,4.0,20.0,A01
201300017813,0,7,0,15.0,0.0,1.0,1.0,A01
201300017814,0,7,0,13.0,0.0,1.0,1.0,A01
201300017815,0,33,0,6.0,0.0,3.0,1.0,A01
201300017816,0,7,0,0.0,1.0,4.0,4.0,A01
201300017817,0,33,0,16.0,0.0,1.0,1.0,A01
201300017818,0,7,0,1.0,0.0,9.0,1.0,A01
201300017819,0,14,0,0.0,2.0,2.0,1.0,B02
201300017819,0,10,0,0.0,2.0,1.0,13.0,A01
201300017820,0,7,0,0.0,2.0,1.0,13.0,A01
201300017820,0,15,0,0.0,2.0,1.0,1.0,B02
201300017821,0,33,0,3.0,0.0,8.0,17.0,A01
201300017822,0,7,0,0.0,2.0,3.0,2.0,A01
201300017822,0,17,0,0.0,0.0,5.0,2.0,B02
201300017823,0,7,0,0.0,0.0,1.0,0.0,C03
201300017823,0,7,0,0.0,0.0,3.0,0.0,B02
201300017823,0,7,0,0.0,0.0,3.0,0.0,A01
201300017824,0,7,0,0.0,0.0,3.0,1.0,A01
201300017824,0,7,0,0.0,0.0,8.0,1.0,B02
201300017825,0,7,0,0.0,2.0,1.0,1.0,B02
201300017825,0,7,0,0.0,2.0,7.0,13.0,A01
201300017826,0,7,0,1.0,0.0,1.0,2.0,A01
201300017826,0,15,0,0.0,2.0,4.0,24.0,B02
201300017827,0,7,0,0.0,1.0,2.0,1.0,A01
201300017828,0,7,0,2.0,0.0,1.0,14.0,A01
201300017829,0,34,0,0.0,1.0,1.0,1.0,A01
201300017830,0,7,0,0.0,1.0,2.0,15.0,A01
201300017831,0,7,0,8.0,0.0,2.0,1.0,A01
201300017832,0,10,0,13.0,0.0,1.0,5.0,A01
201300017833,0,7,0,0.0,2.0,2.0,1.0,A01
201300017833,0,7,0,0.0,2.0,3.0,15.0,B02
201300017834,0,7,0,0.0,2.0,1.0,1.0,B02
201300017834,0,7,0,0.0,2.0,1.0,1.0,A01
201300017835,0,7,0,0.0,2.0,2.0,1.0,A01
201300017835,0,10,0,0.0,2.0,5.0,19.0,B02
201300017836,0,33,0,14.0,0.0,9.0,1.0,A01
201300017837,0,7,0,15.0,0.0,1.0,1.0,A01
201300017838,0,7,0,13.0,0.0,9.0,13.0,A01
201300017839,0,7,0,0.0,2.0,7.0,1.0,A01
201300017839,0,1,0,0.0,2.0,1.0,19.0,B02
201300017840,0,7,0,0.0,2.0,8.0,15.0,A01
201300017840,0,33,0,0.0,2.0,1.0,1.0,B02
201300017841,0,7,0,0.0,2.0,1.0,15.0,A01
201300017841,0,7,0,0.0,2.0,1.0,1.0,B02
201300017842,0,33,0,16.0,0.0,7.0,16.0,A01
201300017843,0,7,0,0.0,2.0,2.0,13.0,A01
201300017843,0,7,0,0.0,2.0,3.0,1.0,B02
201300017844,0,7,0,2.0,0.0,1.0,1.0,A01
201300017845,0,7,0,2.0,0.0,1.0,1.0,A01
201300017846,0,14,0,0.0,1.0,1.0,1.0,A01
201300017847,0,1,0,0.0,0.0,0.0,0.0,A01
201300017848,0,7,0,0.0,0.0,9.0,1.0,A01
201300017849,0,7,0,0.0,2.0,7.0,17.0,A01
201300017849,0,10,0,0.0,2.0,8.0,1.0,B02
201300017850,0,2,0,1.0,0.0,1.0,1.0,B02
201300017850,0,7,0,0.0,0.0,6.0,23.0,A01
201300017851,0,7,0,0.0,2.0,2.0,15.0,A01
201300017851,0,33,0,0.0,2.0,1.0,1.0,B02
201300017852,0,7,0,2.0,0.0,1.0,13.0,A01
201300017853,0,7,0,16.0,0.0,1.0,13.0,A01
201300017854,0,2,0,9.0,0.0,1.0,14.0,A01
201300017855,0,33,0,0.0,2.0,1.0,1.0,B02
201300017855,0,10,0,0.0,2.0,2.0,19.0,A01
201300017856,0,7,0,0.0,2.0,3.0,1.0,A01
201300017856,0,33,0,0.0,2.0,1.0,1.0,B02
201300017857,0,31,0,6.0,0.0,1.0,14.0,A01
201300017858,0,7,0,0.0,0.0,0.0,23.0,A01
201300017858,0,7,0,0.0,2.0,3.0,17.0,B02
201300017858,0,33,0,12.0,2.0,5.0,1.0,C03
201300017859,0,7,0,0.0,2.0,3.0,1.0,B02
201300017859,0,7,0,0.0,2.0,2.0,15.0,A01
201300017860,0,17,0,6.0,2.0,3.0,13.0,A01
201300017861,0,2,0,0.0,2.0,1.0,2.0,A01
201300017861,0,7,0,0.0,2.0,6.0,20.0,B02
201300017862,0,7,0,1.0,0.0,9.0,14.0,A01
201300017863,0,7,0,0.0,2.0,3.0,1.0,B02
201300017863,0,7,0,0.0,2.0,3.0,13.0,A01
201300017864,0,7,0,0.0,2.0,7.0,15.0,A01
201300017864,0,7,0,0.0,2.0,1.0,16.0,B02
201300017865,0,7,0,0.0,2.0,1.0,1.0,B02
201300017865,0,7,0,0.0,2.0,7.0,1.0,A01
201300017866,0,7,0,13.0,0.0,1.0,14.0,A01
201300017867,0,7,0,0.0,2.0,8.0,1.0,B02
201300017867,0,33,0,0.0,2.0,1.0,19.0,A01
201300017868,0,1,0,0.0,0.0,1.0,1.0,A01
201300017869,0,7,0,0.0,1.0,3.0,1.0,A01
201300017870,0,33,0,0.0,2.0,8.0,1.0,A01
201300017870,0,7,0,0.0,2.0,1.0,23.0,B02
201300017871,0,15,0,0.0,2.0,4.0,1.0,A01
201300017871,0,15,0,0.0,0.0,4.0,1.0,B02
201300017871,0,15,0,0.0,2.0,1.0,1.0,C03
201300017872,0,33,0,16.0,0.0,2.0,13.0,A01
201300017873,0,30,0,0.0,0.0,7.0,1.0,A01
201300017874,0,33,0,3.0,0.0,1.0,13.0,A01
201300017875,0,7,0,2.0,0.0,3.0,13.0,A01
201300017876,0,7,0,0.0,0.0,9.0,14.0,A01
201300017877,0,7,0,2.0,0.0,9.0,14.0,A01
201300017878,0,17,0,6.0,0.0,1.0,13.0,A01
201300017879,0,31,0,16.0,0.0,3.0,13.0,A01
201300017880,0,15,0,0.0,2.0,3.0,17.0,A01
201300017880,0,33,0,0.0,2.0,8.0,10.0,B02
201300017881,0,7,0,13.0,0.0,3.0,1.0,A01
201300017882,0,10,0,13.0,0.0,9.0,13.0,A01
201300017883,0,7,0,0.0,2.0,1.0,1.0,B02
201300017883,0,10,0,0.0,2.0,1.0,19.0,A01
201300017884,0,7,0,0.0,2.0,2.0,1.0,B02
201300017884,0,31,0,0.0,2.0,1.0,13.0,A01
201300017885,0,7,0,11.0,0.0,3.0,1.0,A01
201300017886,0,10,0,0.0,2.0,2.0,15.0,A01
201300017886,0,2,0,0.0,2.0,1.0,1.0,B02
201300017887,0,99,0,0.0,0.0,6.0,24.0,B02
201300017887,0,7,0,1.0,0.0,2.0,1.0,A01
201300017888,0,7,0,0.0,2.0,2.0,1.0,A01
201300017888,0,33,0,0.0,2.0,1.0,0.0,B02
201300017889,0,7,0,0.0,2.0,1.0,1.0,B02
201300017889,0,7,0,0.0,2.0,1.0,13.0,A01
201300017890,0,33,0,0.0,0.0,0.0,1.0,A01
201300017891,0,33,0,0.0,2.0,1.0,1.0,A01
201300017891,0,7,0,0.0,2.0,1.0,1.0,B02
201300017892,0,14,0,0.0,2.0,1.0,1.0,B02
201300017892,0,7,0,0.0,2.0,2.0,13.0,A01
201300017893,0,7,0,0.0,2.0,3.0,1.0,B02
201300017893,0,7,0,0.0,2.0,3.0,13.0,A01
201300017894,0,7,0,0.0,9.0,7.0,1.0,B02
201300017894,0,1,0,0.0,2.0,8.0,19.0,A01
201300017895,0,7,0,0.0,2.0,4.0,23.0,A01
201300017895,0,33,0,0.0,2.0,1.0,1.0,B02
201300017896,0,7,0,0.0,2.0,7.0,17.0,A01
201300017896,0,7,0,0.0,2.0,8.0,11.0,C03
201300017896,0,7,0,0.0,2.0,3.0,1.0,B02
201300017897,0,7,0,2.0,0.0,8.0,0.0,A01
201300017898,0,7,0,6.0,0.0,8.0,16.0,A01
201300017899,0,10,0,0.0,1.0,1.0,1.0,A01
201300017900,0,7,0,0.0,2.0,2.0,19.0,A01
201300017900,0,33,0,0.0,2.0,1.0,1.0,B02
201300017901,0,7,0,4.0,0.0,1.0,0.0,A01
201300017902,0,1,0,14.0,0.0,0.0,1.0,A01
201300017903,0,7,0,0.0,2.0,2.0,11.0,A01
201300017903,0,2,0,0.0,2.0,1.0,1.0,B02
201300017904,0,7,0,0.0,2.0,2.0,9.0,A01
201300017904,0,33,0,0.0,2.0,1.0,1.0,B02
201300017905,0,7,0,1.0,1.0,2.0,1.0,A01
201300017906,0,7,0,0.0,2.0,2.0,15.0,B02
201300017906,0,31,0,0.0,2.0,1.0,1.0,A01
201300017907,0,3,0,0.0,0.0,3.0,13.0,A01
201300017907,0,7,0,0.0,0.0,3.0,1.0,B02
201300017908,0,7,0,0.0,1.0,1.0,15.0,A01
201300017909,0,7,0,13.0,0.0,3.0,13.0,A01
201300017910,1,7,0,0.0,1.0,7.0,1.0,A01
201300017911,0,33,0,3.0,0.0,9.0,17.0,A01
201300017912,0,30,0,0.0,2.0,1.0,1.0,B02
201300017912,0,7,0,0.0,0.0,8.0,19.0,A01
201300017913,0,33,0,0.0,2.0,1.0,1.0,B02
201300017913,0,7,0,0.0,2.0,5.0,15.0,A01
201300017914,0,30,0,0.0,0.0,1.0,1.0,A01
201300017914,0,7,0,0.0,0.0,4.0,16.0,B02
201300017915,0,2,0,0.0,0.0,6.0,1.0,B02
201300017915,0,7,0,0.0,2.0,2.0,1.0,A01
201300017916,0,7,0,15.0,0.0,2.0,1.0,A01
201300017917,0,33,0,0.0,2.0,8.0,17.0,A01
201300017917,0,7,0,0.0,2.0,3.0,1.0,B02
201300017918,0,7,0,0.0,2.0,1.0,1.0,A01
201300017918,0,7,0,0.0,2.0,4.0,1.0,B02
201300017919,0,7,0,13.0,0.0,2.0,1.0,A01
201300017920,0,7,0,0.0,2.0,3.0,13.0,A01
201300017920,0,7,0,0.0,2.0,3.0,1.0,B02
201300017921,0,7,0,0.0,2.0,2.0,15.0,A01
201300017921,0,7,0,0.0,2.0,3.0,1.0,B02
201300017922,0,7,0,0.0,2.0,4.0,23.0,C03
201300017922,0,7,0,14.0,0.0,1.0,1.0,A01
201300017922,0,7,0,0.0,2.0,6.0,23.0,B02
201300017923,0,7,0,2.0,0.0,7.0,0.0,A01
201300017924,0,7,0,0.0,2.0,6.0,10.0,A01
201300017924,0,33,0,0.0,2.0,1.0,1.0,B02
201300017925,0,33,0,0.0,2.0,1.0,1.0,A01
201300017925,0,7,0,0.0,2.0,6.0,1.0,B02
201300017926,0,2,0,0.0,2.0,6.0,15.0,A01
201300017926,0,2,0,0.0,2.0,2.0,13.0,B02
201300017927,0,33,0,0.0,0.0,7.0,0.0,A01
201300017928,0,7,0,0.0,2.0,3.0,1.0,A01
201300017928,0,7,0,0.0,2.0,1.0,15.0,B02
201300017929,0,7,0,0.0,2.0,1.0,13.0,A01
201300017929,0,7,0,0.0,2.0,1.0,1.0,B02
201300017930,0,7,0,0.0,0.0,3.0,0.0,B02
201300017930,0,7,0,0.0,0.0,1.0,0.0,A01
201300017931,0,7,0,0.0,2.0,1.0,1.0,B02
201300017931,0,7,0,0.0,2.0,6.0,15.0,A01
201300017932,0,7,0,0.0,2.0,3.0,13.0,A01
201300017932,0,15,0,0.0,2.0,3.0,1.0,B02
201300017933,0,7,0,2.0,0.0,3.0,1.0,A01
201300017934,0,32,0,0.0,2.0,1.0,1.0,B02
201300017934,0,7,0,0.0,2.0,3.0,15.0,A01
201300017935,0,10,0,0.0,2.0,9.0,19.0,B02
201300017935,0,7,0,0.0,2.0,2.0,1.0,A01
201300017936,0,7,0,0.0,1.0,3.0,15.0,A01
201300017937,0,10,0,1.0,0.0,2.0,1.0,A01
201300017938,0,7,0,0.0,2.0,1.0,15.0,A01
201300017938,0,33,0,0.0,2.0,1.0,1.0,B02
201300017939,0,7,0,0.0,2.0,3.0,1.0,B02
201300017939,0,7,0,0.0,2.0,7.0,19.0,A01
201300017940,0,7,0,0.0,1.0,3.0,1.0,A01
201300017940,0,7,0,0.0,1.0,3.0,1.0,B02
201300017941,0,7,0,0.0,2.0,8.0,1.0,B02
201300017941,0,2,0,0.0,2.0,1.0,19.0,A01
201300017942,0,7,0,0.0,2.0,3.0,1.0,A01
201300017942,0,7,0,0.0,2.0,1.0,15.0,B02
201300017943,0,7,0,5.0,2.0,2.0,17.0,A01
201300017943,0,7,0,0.0,2.0,2.0,1.0,B02
201300017944,0,7,0,2.0,0.0,2.0,14.0,A01
201300017945,0,7,0,2.0,0.0,1.0,1.0,A01
201300017946,0,7,0,0.0,0.0,7.0,1.0,A01
201300017946,0,7,0,0.0,0.0,1.0,19.0,B02
201300017947,0,7,0,0.0,2.0,3.0,1.0,A01
201300017947,0,2,0,0.0,2.0,1.0,1.0,B02
201300017948,0,10,0,0.0,2.0,2.0,17.0,B02
201300017948,0,1,0,0.0,2.0,1.0,13.0,A01
201300017949,0,7,0,0.0,1.0,1.0,1.0,A01
201300017950,0,7,0,0.0,2.0,4.0,23.0,A01
201300017950,0,37,10,1.0,0.0,1.0,1.0,B02
201300017951,0,7,0,0.0,0.0,3.0,13.0,A01
201300017951,0,7,0,0.0,0.0,3.0,1.0,B02
201300017952,0,33,0,0.0,0.0,3.0,5.0,A01
201300017952,0,7,0,0.0,0.0,3.0,1.0,B02
201300017953,0,7,0,0.0,2.0,3.0,15.0,A01
201300017953,0,7,0,0.0,2.0,1.0,1.0,B02
201300017954,0,7,0,0.0,2.0,3.0,15.0,A01
201300017954,0,31,0,0.0,2.0,1.0,1.0,B02
201300017955,0,7,0,0.0,0.0,6.0,2.0,A01
201300017955,0,7,0,0.0,2.0,1.0,5.0,C03
201300017955,0,7,0,0.0,2.0,1.0,1.0,B02
201300017956,0,7,0,13.0,0.0,1.0,14.0,A01
201300017957,0,33,0,0.0,2.0,7.0,17.0,A01
201300017957,0,31,0,0.0,2.0,6.0,15.0,B02
201300017958,0,7,0,0.0,2.0,3.0,13.0,A01
201300017958,0,7,0,0.0,2.0,1.0,1.0,B02
201300017959,0,14,0,0.0,2.0,2.0,16.0,A01
201300017959,0,30,0,0.0,2.0,3.0,18.0,B02
201300017960,0,7,0,3.0,0.0,8.0,1.0,A01
201300017961,0,10,0,2.0,0.0,0.0,0.0,A01
201300017962,0,7,0,0.0,2.0,2.0,15.0,A01
201300017962,0,2,0,0.0,2.0,1.0,1.0,B02
201300017963,0,10,0,2.0,0.0,1.0,1.0,A01
201300017964,0,7,0,0.0,1.0,2.0,1.0,A01
201300017965,0,7,0,0.0,1.0,2.0,1.0,A01
201300017966,0,7,0,0.0,2.0,3.0,1.0,A01
201300017966,0,33,0,0.0,2.0,9.0,15.0,B02
201300017967,0,7,0,0.0,2.0,3.0,1.0,A01
201300017967,0,7,0,0.0,2.0,3.0,1.0,B02
201300017968,0,33,0,0.0,0.0,1.0,1.0,A01
201300017969,0,31,0,0.0,2.0,1.0,17.0,A01
201300017969,0,7,0,0.0,2.0,3.0,1.0,B02
201300017970,0,14,0,0.0,2.0,2.0,1.0,B02
201300017970,0,33,0,0.0,2.0,1.0,1.0,A01
201300017971,2,7,0,6.0,0.0,1.0,1.0,A01
201300017972,0,7,0,0.0,1.0,5.0,4.0,A01
201300017973,0,7,0,0.0,2.0,3.0,19.0,A01
201300017973,0,33,0,0.0,2.0,1.0,1.0,B02
201300017974,0,7,0,0.0,2.0,1.0,15.0,A01
201300017974,0,31,0,0.0,2.0,1.0,1.0,B02
201300017975,0,7,0,3.0,0.0,2.0,1.0,A01
201300017976,0,33,0,8.0,0.0,1.0,1.0,A01
201300017977,0,7,0,0.0,2.0,1.0,0.0,B02
201300017977,0,10,0,0.0,2.0,1.0,0.0,A01
201300017978,0,14,0,0.0,2.0,1.0,1.0,B02
201300017978,0,7,0,0.0,2.0,1.0,1.0,A01
201300017979,0,33,0,3.0,0.0,1.0,1.0,A01
201300017980,0,7,0,3.0,0.0,1.0,16.0,A01
201300017981,0,30,0,0.0,2.0,4.0,1.0,B02
201300017981,0,7,0,0.0,2.0,1.0,1.0,A01
201300017982,0,10,0,0.0,2.0,3.0,1.0,B02
201300017982,0,10,0,0.0,2.0,3.0,1.0,A01
201300017983,0,7,0,8.0,0.0,1.0,1.0,A01
201300017984,0,10,0,0.0,0.0,3.0,15.0,A01
201300017984,0,30,0,0.0,0.0,7.0,17.0,B02
201300017985,0,10,0,0.0,1.0,2.0,1.0,A01
201300017986,0,7,0,15.0,0.0,1.0,1.0,A01
201300017987,0,33,0,0.0,2.0,1.0,1.0,A01
201300017987,0,7,0,0.0,0.0,8.0,9.0,B02
201300017988,0,7,0,0.0,2.0,3.0,0.0,A01
201300017988,0,7,0,0.0,2.0,3.0,13.0,B02
201300017989,0,1,0,0.0,2.0,3.0,1.0,B02
201300017989,0,7,0,0.0,9.0,3.0,13.0,A01
201300017990,0,33,0,0.0,2.0,1.0,5.0,A01
201300017990,0,7,0,0.0,2.0,8.0,15.0,B02
201300017991,0,7,0,13.0,0.0,2.0,1.0,A01
201300017992,0,7,0,0.0,2.0,1.0,1.0,B02
201300017992,0,33,0,0.0,2.0,1.0,13.0,A01
201300017993,0,7,0,0.0,2.0,1.0,1.0,B02
201300017993,0,33,0,0.0,2.0,1.0,1.0,A01
201300017994,0,7,0,0.0,2.0,5.0,15.0,A01
201300017994,0,1,0,0.0,2.0,1.0,1.0,B02
201300017995,0,10,0,0.0,2.0,4.0,15.0,A01
201300017995,0,15,0,0.0,2.0,1.0,1.0,B02
201300017996,0,33,0,0.0,6.0,1.0,1.0,A01
201300017997,0,33,0,0.0,0.0,1.0,2.0,A01
201300017998,0,7,0,12.0,0.0,3.0,13.0,A01
201300017999,0,7,0,0.0,2.0,1.0,1.0,B01
201300017999,0,7,0,0.0,2.0,8.0,19.0,A01
201300018000,0,7,0,13.0,0.0,1.0,1.0,A01
201300018001,0,7,0,13.0,0.0,9.0,15.0,A01
201300018002,0,7,0,14.0,0.0,2.0,1.0,A01
201300018003,0,14,0,0.0,2.0,3.0,1.0,A01
201300018003,0,2,0,0.0,2.0,1.0,1.0,B02
201300018004,0,7,0,0.0,2.0,2.0,2.0,B02
201300018004,0,7,0,0.0,0.0,4.0,23.0,A01
201300018005,0,7,0,0.0,2.0,2.0,17.0,B02
201300018005,0,30,0,0.0,0.0,3.0,15.0,A01
201300018006,1,99,0,0.0,2.0,0.0,0.0,Z01
201300018006,0,1,0,0.0,0.0,4.0,0.0,B02
201300018007,0,7,0,0.0,2.0,3.0,1.0,B02
201300018007,0,7,0,0.0,2.0,3.0,13.0,A01
201300018008,0,7,0,0.0,2.0,1.0,1.0,A01
201300018008,0,7,0,0.0,2.0,4.0,1.0,B02
201300018009,0,7,0,8.0,0.0,8.0,14.0,A01
201300018010,1,99,0,0.0,2.0,0.0,0.0,Z01
201300018010,0,2,0,0.0,2.0,8.0,9.0,B02
201300018011,0,30,0,0.0,0.0,0.0,14.0,A01
201300018012,0,7,0,0.0,2.0,8.0,1.0,B02
201300018012,0,31,0,0.0,2.0,3.0,17.0,A01
201300018012,0,7,0,0.0,2.0,3.0,1.0,C03
201300018013,0,7,0,0.0,1.0,3.0,11.0,A01
201300018014,0,7,0,0.0,0.0,3.0,0.0,C03
201300018014,0,7,0,0.0,0.0,1.0,0.0,A01