Num_Acc,senc,catv,occutc,obs,obsm,choc,manv,num_veh
201300018014,0,7,0,0.0,0.0,1.0,0.0,B02
201300018015,0,7,0,0.0,2.0,3.0,16.0,A01
201300018015,0,33,0,0.0,2.0,1.0,1.0,B02
201300018016,0,7,0,0.0,1.0,3.0,21.0,A01
201300018017,0,30,0,0.0,2.0,1.0,1.0,B02
201300018017,0,10,0,0.0,9.0,2.0,1.0,A01
201300018018,0,7,0,13.0,0.0,3.0,1.0,A01
201300018019,0,7,0,0.0,1.0,5.0,4.0,A01
201300018020,0,30,0,14.0,0.0,1.0,1.0,A01
201300018021,0,33,0,0.0,2.0,8.0,1.0,A01
201300018021,0,7,0,0.0,2.0,7.0,15.0,B02
201300018022,0,7,0,13.0,0.0,1.0,1.0,A01
201300018023,0,15,0,0.0,1.0,2.0,1.0,A01
201300018024,0,10,0,0.0,2.0,1.0,1.0,B02
201300018024,0,7,0,0.0,2.0,2.0,1.0,A01
201300018025,0,7,0,0.0,1.0,2.0,1.0,A01
201300018026,0,14,0,0.0,2.0,2.0,16.0,A01
201300018026,0,14,0,0.0,2.0,8.0,1.0,B02
201300018027,0,33,0,0.0,2.0,1.0,17.0,B02
201300018027,0,7,0,0.0,2.0,1.0,15.0,A01
201300018028,0,7,0,0.0,1.0,1.0,1.0,A01
201300018029,0,7,0,0.0,2.0,1.0,1.0,B02
201300018029,0,14,0,0.0,2.0,7.0,1.0,A01
201300018030,0,7,0,0.0,0.0,1.0,15.0,A01
201300018030,0,33,0,0.0,0.0,1.0,1.0,B02
201300018031,0,33,0,0.0,2.0,1.0,1.0,B02
201300018031,0,10,0,0.0,2.0,6.0,19.0,A01
201300018032,0,15,0,0.0,2.0,3.0,1.0,B02
201300018032,0,7,0,0.0,2.0,3.0,13.0,A01
201300018033,0,7,0,2.0,0.0,1.0,1.0,A01
201300018034,0,10,0,2.0,0.0,2.0,1.0,A01
201300018035,0,7,0,0.0,2.0,2.0,15.0,A01
201300018035,0,2,0,0.0,2.0,3.0,1.0,B02
201300018036,0,2,0,13.0,0.0,1.0,1.0,A01
201300018037,0,7,0,13.0,0.0,2.0,16.0,A01
201300018038,0,33,0,0.0,2.0,1.0,1.0,B02
201300018038,0,7,0,0.0,2.0,8.0,19.0,A01
201300018039,0,7,0,8.0,0.0,2.0,1.0,A01
201300018040,0,10,0,0.0,2.0,1.0,1.0,C03
201300018040,0,7,0,0.0,2.0,3.0,1.0,B02
201300018040,0,7,0,0.0,2.0,1.0,13.0,A01
201300018041,0,7,0,13.0,0.0,1.0,0.0,A01
201300018042,0,7,0,0.0,9.0,1.0,1.0,A01
201300018043,0,1,0,0.0,0.0,0.0,1.0,A01
201300018044,0,7,0,0.0,2.0,8.0,19.0,A01
201300018044,0,30,0,0.0,2.0,0.0,1.0,B02
201300018045,0,30,0,0.0,2.0,1.0,2.0,A01
201300018045,0,10,0,0.0,0.0,4.0,23.0,B02
201300018046,0,7,0,0.0,2.0,3.0,15.0,A01
201300018046,0,7,0,0.0,2.0,3.0,1.0,B02
201300018047,0,1,0,0.0,0.0,6.0,13.0,B02
201300018047,0,7,0,0.0,9.0,2.0,21.0,A01
201300018048,0,7,0,0.0,0.0,1.0,0.0,A01
201300018049,0,14,0,0.0,2.0,3.0,1.0,A01
201300018049,0,7,0,0.0,2.0,3.0,1.0,B02
201300018050,0,7,0,0.0,2.0,1.0,1.0,B02
201300018050,0,10,0,0.0,2.0,1.0,5.0,A01
201300018051,0,7,0,0.0,2.0,8.0,15.0,A01
201300018051,0,30,0,0.0,2.0,1.0,1.0,B02
201300018052,0,7,0,0.0,2.0,0.0,17.0,A01
201300018052,0,7,0,0.0,2.0,8.0,15.0,B02
201300018053,0,7,0,0.0,1.0,5.0,14.0,A01
201300018054,0,10,0,0.0,2.0,1.0,1.0,A01
201300018054,0,33,0,0.0,2.0,1.0,1.0,B02
201300018055,0,2,0,0.0,2.0,1.0,1.0,B02
201300018055,0,7,0,0.0,2.0,3.0,15.0,A01
201300018056,0,2,0,0.0,2.0,1.0,1.0,B02
201300018056,0,7,0,0.0,2.0,2.0,15.0,A01
201300018057,0,10,0,0.0,2.0,8.0,15.0,A01
201300018057,0,30,0,0.0,2.0,1.0,23.0,B02
201300018058,0,7,0,0.0,2.0,1.0,1.0,B02
201300018058,0,7,0,0.0,2.0,8.0,17.0,A01
201300018059,0,7,0,0.0,2.0,2.0,13.0,A01
201300018059,0,1,0,0.0,2.0,6.0,15.0,B02
201300018060,0,33,0,13.0,0.0,1.0,17.0,A01
201300018061,0,33,0,0.0,2.0,1.0,2.0,A01
201300018061,0,33,0,0.0,2.0,1.0,2.0,B02
201300018061,0,7,0,0.0,0.0,4.0,11.0,C03
201300018062,0,10,0,13.0,0.0,2.0,15.0,A01
201300018063,0,33,0,9.0,0.0,7.0,13.0,A01
201300018064,0,15,0,0.0,0.0,4.0,1.0,C03
201300018064,0,17,0,0.0,2.0,6.0,1.0,B02
201300018064,0,10,0,0.0,2.0,3.0,1.0,A01
201300018065,0,7,0,0.0,2.0,1.0,13.0,A01
201300018065,0,33,0,0.0,2.0,1.0,1.0,B02
201300018066,0,21,0,16.0,0.0,0.0,1.0,A01
201300018067,0,31,0,13.0,0.0,7.0,1.0,A01
201300018068,0,7,0,0.0,1.0,1.0,1.0,A01
201300018069,0,7,0,0.0,2.0,3.0,17.0,A01
201300018069,0,7,0,0.0,2.0,3.0,1.0,B02
201300018070,0,7,0,2.0,0.0,8.0,14.0,A01
201300018071,0,10,0,6.0,0.0,1.0,1.0,A01
201300018072,0,30,0,0.0,2.0,1.0,1.0,A01
201300018072,0,7,0,0.0,2.0,7.0,15.0,B02
201300018073,0,10,0,0.0,2.0,3.0,1.0,B02
201300018073,0,7,0,0.0,2.0,3.0,13.0,A01
201300018074,0,10,0,0.0,2.0,3.0,1.0,B02
201300018074,0,7,0,0.0,2.0,3.0,13.0,A01
201300018075,0,1,0,0.0,2.0,4.0,1.0,B02
201300018075,0,10,0,0.0,2.0,1.0,1.0,A01
201300018076,0,33,0,0.0,2.0,1.0,1.0,A01
201300018076,0,21,0,0.0,2.0,7.0,19.0,B02
201300018077,0,7,0,2.0,0.0,1.0,13.0,A01
201300018078,0,7,0,5.0,0.0,1.0,14.0,A01
201300018079,0,10,0,2.0,0.0,3.0,1.0,A01
201300018080,0,7,0,2.0,0.0,1.0,1.0,A01
201300018081,0,7,0,0.0,2.0,1.0,1.0,B02
201300018081,0,7,0,0.0,2.0,1.0,13.0,A01
201300018082,0,7,0,0.0,2.0,1.0,1.0,C03
201300018082,0,7,0,0.0,2.0,9.0,1.0,B02
201300018082,0,7,0,0.0,0.0,0.0,2.0,D04
201300018082,0,33,0,0.0,2.0,1.0,13.0,A01
201300018083,0,31,0,0.0,0.0,4.0,0.0,B02
201300018083,0,7,0,0.0,2.0,2.0,2.0,A01
201300018084,0,7,0,5.0,0.0,1.0,1.0,A01
201300018085,0,38,21,0.0,0.0,8.0,1.0,A01
201300018086,0,7,0,0.0,2.0,3.0,1.0,A01
201300018086,0,7,0,0.0,2.0,1.0,13.0,B02
201300018087,0,7,0,2.0,0.0,8.0,1.0,A01
201300018088,0,1,0,0.0,2.0,6.0,1.0,B02
201300018088,0,10,0,0.0,2.0,2.0,17.0,A01
201300018089,0,7,0,0.0,2.0,3.0,13.0,A01
201300018089,0,7,0,0.0,2.0,1.0,1.0,C03
201300018089,0,13,0,0.0,2.0,8.0,1.0,B02
201300018090,0,10,0,2.0,0.0,7.0,2.0,A01
201300018091,0,7,0,0.0,2.0,3.0,1.0,B02
201300018091,0,7,0,0.0,2.0,3.0,13.0,A01
201300018092,0,7,0,0.0,2.0,1.0,19.0,B02
201300018092,0,30,0,0.0,2.0,7.0,1.0,A01
201300018093,0,7,0,0.0,1.0,3.0,2.0,A01
201300018094,0,17,0,0.0,2.0,4.0,1.0,B02
201300018094,0,7,0,0.0,2.0,1.0,1.0,A01
201300018095,0,7,0,2.0,0.0,1.0,0.0,A01
201300018096,0,7,0,6.0,0.0,1.0,1.0,A01
201300018097,0,7,0,0.0,2.0,1.0,1.0,B02
201300018097,0,7,0,0.0,2.0,1.0,15.0,A01
201300018098,0,7,0,0.0,2.0,3.0,1.0,A01
201300018098,0,21,0,0.0,2.0,5.0,15.0,B02
201300018099,0,30,0,0.0,2.0,1.0,17.0,A01
201300018099,0,21,0,0.0,0.0,2.0,15.0,B02
201300018100,0,7,0,2.0,0.0,1.0,1.0,A01
201300018101,0,7,0,0.0,2.0,3.0,5.0,A01
201300018101,0,7,0,0.0,2.0,3.0,1.0,B02
201300018102,0,7,0,0.0,2.0,3.0,1.0,B02
201300018102,0,7,0,0.0,2.0,1.0,17.0,A01
201300018102,0,7,0,0.0,2.0,1.0,1.0,C03
201300018103,0,7,0,0.0,2.0,3.0,1.0,B02
201300018103,0,10,0,0.0,2.0,3.0,1.0,A01
201300018104,0,10,0,0.0,2.0,3.0,1.0,A01
201300018104,0,33,0,0.0,2.0,1.0,17.0,B02
201300018105,0,7,0,0.0,9.0,2.0,1.0,A01
201300018105,0,1,0,0.0,2.0,8.0,15.0,B02
201300018106,0,1,0,0.0,2.0,1.0,19.0,A01
201300018106,0,7,0,0.0,2.0,2.0,1.0,B02
201300018107,0,33,0,0.0,2.0,7.0,15.0,B02
201300018107,0,7,0,0.0,2.0,2.0,1.0,A01
201300018108,0,33,0,0.0,2.0,7.0,17.0,A01
201300018108,0,10,0,0.0,2.0,6.0,13.0,B02
201300018109,0,7,0,0.0,1.0,1.0,1.0,A01
201300018110,0,7,0,0.0,2.0,7.0,13.0,A01
201300018110,0,7,0,0.0,2.0,1.0,1.0,B02
201300018111,0,7,0,0.0,2.0,6.0,13.0,A01
201300018111,0,7,0,0.0,2.0,1.0,1.0,B02
201300018112,0,2,0,0.0,2.0,1.0,15.0,B02
201300018112,0,10,0,0.0,2.0,2.0,1.0,A01
201300018113,0,7,0,0.0,2.0,1.0,21.0,A01
201300018113,0,7,0,0.0,2.0,1.0,1.0,B02
201300018114,0,7,0,0.0,2.0,2.0,15.0,A01
201300018114,0,33,0,0.0,2.0,7.0,17.0,B02
201300018115,0,10,0,0.0,2.0,7.0,15.0,A01
201300018115,0,7,0,0.0,2.0,1.0,1.0,B02
201300018116,0,7,0,0.0,2.0,3.0,1.0,B02
201300018116,0,7,0,0.0,2.0,3.0,13.0,A01
201300018117,0,10,0,0.0,2.0,1.0,19.0,B02
201300018117,0,7,0,0.0,2.0,6.0,1.0,A01
201300018118,0,7,0,0.0,2.0,3.0,1.0,A01
201300018118,0,10,0,0.0,2.0,3.0,13.0,B02
201300018119,0,14,0,0.0,2.0,3.0,1.0,A01
201300018119,0,1,0,0.0,2.0,1.0,13.0,B02
201300018120,0,31,0,14.0,0.0,1.0,6.0,A01
201300018121,0,30,0,0.0,2.0,1.0,1.0,A01
201300018121,0,7,0,0.0,2.0,3.0,15.0,B02
201300018122,0,7,0,13.0,0.0,3.0,1.0,A01
201300018123,0,7,0,0.0,1.0,1.0,1.0,A01
201300018124,0,7,0,0.0,1.0,2.0,2.0,A01
201300018125,0,7,0,0.0,2.0,2.0,15.0,A01
201300018125,0,2,0,0.0,2.0,1.0,1.0,B02
201300018126,0,7,0,8.0,0.0,3.0,17.0,A01
201300018127,0,14,0,0.0,1.0,2.0,16.0,A01
201300018128,0,7,0,0.0,2.0,3.0,1.0,A01
201300018128,0,1,0,0.0,2.0,1.0,13.0,B02
201300018129,0,7,0,0.0,0.0,0.0,1.0,A01
201300018130,0,33,0,0.0,2.0,7.0,1.0,A01
201300018130,0,30,0,0.0,2.0,8.0,13.0,B02
201300018131,0,33,0,13.0,0.0,8.0,1.0,A01
201300018132,0,33,0,5.0,0.0,0.0,1.0,A01
201300018133,0,7,0,0.0,2.0,1.0,17.0,A01
201300018133,0,7,0,0.0,2.0,1.0,1.0,B02
201300018134,0,7,0,0.0,2.0,3.0,1.0,B02
201300018134,0,33,0,0.0,2.0,1.0,13.0,A01
201300018135,0,33,0,0.0,2.0,1.0,1.0,B02
201300018135,0,7,0,0.0,2.0,1.0,1.0,A01
201300018136,0,33,0,3.0,0.0,2.0,0.0,A01
201300018137,0,30,0,0.0,2.0,1.0,1.0,A01
201300018137,0,7,0,0.0,2.0,3.0,15.0,B02
201300018138,0,7,0,2.0,0.0,7.0,13.0,A01
201300018139,0,33,0,0.0,2.0,1.0,1.0,B02
201300018139,0,10,0,0.0,2.0,2.0,1.0,A01
201300018140,0,7,0,6.0,0.0,2.0,1.0,A01
201300018141,0,7,0,10.0,0.0,7.0,1.0,A01
201300018142,0,7,0,11.0,0.0,1.0,1.0,A01
201300018143,0,33,0,0.0,0.0,7.0,16.0,A01
201300018144,0,31,0,10.0,0.0,7.0,1.0,A01
201300018145,0,30,0,8.0,0.0,1.0,1.0,A01
201300018146,0,1,0,0.0,2.0,8.0,19.0,B02
201300018146,0,7,0,0.0,2.0,1.0,1.0,A01
201300018147,0,10,0,0.0,2.0,3.0,1.0,B02
201300018147,0,10,0,0.0,2.0,3.0,13.0,A01
201300018148,0,10,0,0.0,2.0,5.0,16.0,A01
201300018148,0,1,0,0.0,2.0,3.0,1.0,B02
201300018149,0,10,0,0.0,2.0,4.0,2.0,A01
201300018149,0,10,0,0.0,2.0,1.0,2.0,B02
201300018150,0,10,0,2.0,0.0,1.0,0.0,A01
201300018151,0,7,0,0.0,2.0,1.0,1.0,A01
201300018151,0,20,0,0.0,2.0,4.0,1.0,B02
201300018152,0,7,0,13.0,0.0,1.0,1.0,A01
201300018153,0,7,0,2.0,0.0,3.0,1.0,A01
201300018154,0,33,0,0.0,0.0,7.0,1.0,A01
201300018155,0,33,0,13.0,0.0,9.0,16.0,A01
201300018156,0,7,0,0.0,2.0,7.0,14.0,A01
201300018156,0,1,0,0.0,0.0,0.0,0.0,B02
201300018157,0,7,0,0.0,1.0,3.0,1.0,A01
201300018158,0,7,0,8.0,0.0,2.0,1.0,A01
201300018159,0,7,0,13.0,0.0,9.0,1.0,A01
201300018160,0,31,0,0.0,2.0,1.0,1.0,B02
201300018160,0,7,0,0.0,2.0,3.0,1.0,A01
201300018161,1,7,0,0.0,1.0,1.0,1.0,A01
201300018162,0,7,0,0.0,1.0,1.0,1.0,A01
201300018163,0,7,0,0.0,1.0,2.0,16.0,A01
201300018164,0,7,0,0.0,1.0,3.0,15.0,A01
201300018165,0,7,0,0.0,2.0,1.0,20.0,A01
201300018165,0,2,0,0.0,2.0,7.0,1.0,B01
201300018166,0,7,0,0.0,1.0,1.0,1.0,A01
201300018167,0,7,0,0.0,0.0,9.0,1.0,A01
201300018168,0,33,0,1.0,0.0,2.0,15.0,A01
201300018169,0,7,0,0.0,2.0,2.0,9.0,A01
201300018169,0,1,0,0.0,2.0,3.0,1.0,B01
201300018170,0,33,0,0.0,2.0,1.0,1.0,B01
201300018170,0,7,0,0.0,2.0,2.0,15.0,A01
201300018171,0,2,0,0.0,2.0,7.0,15.0,A01
201300018171,0,7,0,0.0,2.0,2.0,1.0,B01
201300018172,0,7,0,0.0,2.0,8.0,17.0,A01
201300018172,0,17,0,0.0,2.0,1.0,1.0,B01
201300018173,0,7,0,13.0,0.0,1.0,1.0,A01
201300018174,0,7,0,2.0,0.0,3.0,1.0,A01
201300018175,0,7,0,0.0,0.0,1.0,13.0,A01
201300018175,0,7,0,0.0,0.0,9.0,1.0,B02
201300018176,0,33,0,14.0,0.0,1.0,16.0,A01
201300018177,0,34,0,12.0,2.0,1.0,1.0,A01
201300018177,0,7,0,0.0,0.0,4.0,23.0,B02
201300018178,0,7,0,16.0,0.0,9.0,1.0,A01
201300018179,0,7,0,0.0,2.0,2.0,2.0,A01
201300018179,0,1,0,0.0,0.0,4.0,2.0,B02
201300018180,0,7,0,0.0,2.0,8.0,19.0,A01
201300018180,0,7,0,0.0,2.0,2.0,1.0,B02
201300018181,0,7,0,0.0,2.0,3.0,0.0,B02
201300018181,0,30,0,0.0,2.0,1.0,9.0,A01
201300018182,0,33,0,3.0,0.0,7.0,1.0,A01
201300018183,0,33,0,0.0,2.0,1.0,1.0,B02
201300018183,0,7,0,0.0,2.0,1.0,15.0,A01
201300018184,0,7,0,2.0,0.0,3.0,13.0,A01
201300018185,0,10,0,0.0,1.0,6.0,1.0,A01
201300018186,0,30,0,0.0,2.0,1.0,1.0,B02
201300018186,0,7,0,0.0,2.0,2.0,15.0,A01
201300018187,0,7,0,0.0,2.0,3.0,21.0,B02
201300018187,0,7,0,0.0,2.0,3.0,13.0,A01
201300018188,0,7,0,0.0,0.0,3.0,19.0,A01
201300018188,0,33,0,0.0,0.0,1.0,1.0,B02
201300018189,0,7,0,0.0,0.0,0.0,0.0,A01
201300018190,0,7,0,3.0,2.0,1.0,0.0,C03
201300018190,0,7,0,3.0,2.0,1.0,13.0,A01
201300018190,0,7,0,3.0,2.0,3.0,21.0,B02
201300018191,0,7,0,0.0,1.0,2.0,1.0,A01
201300018192,0,7,0,0.0,2.0,2.0,15.0,A01
201300018192,0,7,0,0.0,2.0,2.0,1.0,B02
201300018193,0,7,0,6.0,0.0,7.0,1.0,A01
201300018194,0,7,0,0.0,2.0,3.0,1.0,B02
201300018194,0,7,0,0.0,2.0,3.0,6.0,A01
201300018195,0,7,0,0.0,2.0,7.0,19.0,A01
201300018195,0,7,0,0.0,2.0,1.0,1.0,B02
201300018196,0,30,0,16.0,0.0,9.0,0.0,A01
201300018197,0,7,0,2.0,0.0,8.0,1.0,A01
201300018198,0,1,0,0.0,5.0,1.0,1.0,A01
201300018199,0,7,0,2.0,0.0,3.0,13.0,A01
201300018200,0,7,0,1.0,0.0,3.0,14.0,A01
201300018200,0,14,0,0.0,0.0,5.0,24.0,B02
201300018201,0,7,0,3.0,0.0,1.0,1.0,A01
201300018202,0,7,0,7.0,0.0,2.0,0.0,A01
201300018203,0,7,0,0.0,1.0,3.0,15.0,A01
201300018204,0,7,0,0.0,2.0,1.0,1.0,A01
201300018204,0,7,0,0.0,2.0,2.0,19.0,B02
201300018205,0,7,0,0.0,1.0,0.0,0.0,A01
201300018206,0,7,0,0.0,2.0,1.0,1.0,A01
201300018206,0,1,0,0.0,2.0,4.0,16.0,C03
201300018206,0,1,0,0.0,2.0,8.0,16.0,B02
201300018207,0,30,0,0.0,2.0,1.0,15.0,A01
201300018207,0,7,0,0.0,2.0,8.0,1.0,B02
201300018208,0,7,0,0.0,2.0,1.0,13.0,A01
201300018208,0,15,0,0.0,2.0,1.0,1.0,B02
201300018209,0,2,0,0.0,2.0,1.0,21.0,A01
201300018209,0,7,0,0.0,2.0,1.0,1.0,B02
201300018210,0,1,0,0.0,2.0,1.0,15.0,B02
201300018210,0,31,0,0.0,2.0,7.0,1.0,A01
201300018211,0,7,0,13.0,0.0,1.0,1.0,A01
201300018212,0,7,0,0.0,2.0,1.0,1.0,B02
201300018212,0,3,0,0.0,2.0,7.0,13.0,A01
201300018213,0,7,0,2.0,0.0,1.0,1.0,A01
201300018214,0,30,0,1.0,0.0,1.0,1.0,A01
201300018214,0,7,0,0.0,0.0,4.0,23.0,B02
201300018215,0,7,0,0.0,2.0,1.0,1.0,B02
201300018215,0,7,0,6.0,2.0,5.0,19.0,A01
201300018216,0,7,0,6.0,0.0,1.0,13.0,A01
201300018217,0,7,0,0.0,2.0,1.0,23.0,C03
201300018217,0,7,0,0.0,2.0,1.0,1.0,B02
201300018217,0,7,0,0.0,2.0,2.0,15.0,A01
201300018218,0,33,0,2.0,0.0,9.0,1.0,A01
201300018219,0,7,0,0.0,2.0,1.0,1.0,B02
201300018219,0,7,0,0.0,2.0,1.0,11.0,A01
201300018219,0,15,0,0.0,2.0,8.0,1.0,C03
201300018220,0,7,0,0.0,2.0,6.0,1.0,A01
201300018220,0,7,0,0.0,2.0,1.0,1.0,B02
201300018221,0,7,0,0.0,2.0,2.0,1.0,B02
201300018221,0,1,0,0.0,2.0,1.0,18.0,A01
201300018222,0,10,0,0.0,2.0,8.0,1.0,A01
201300018222,0,7,0,0.0,2.0,8.0,1.0,B02
201300018223,0,17,0,0.0,2.0,6.0,1.0,A01
201300018223,0,7,0,2.0,0.0,1.0,1.0,C03
201300018223,0,17,0,0.0,2.0,3.0,1.0,B02
201300018224,0,7,0,8.0,2.0,7.0,1.0,A01
201300018224,0,7,0,0.0,2.0,2.0,1.0,B02
201300018225,0,7,0,13.0,0.0,9.0,1.0,A01
201300018226,0,7,0,0.0,1.0,8.0,1.0,A01
201300018227,0,33,0,12.0,5.0,1.0,1.0,A01
201300018228,0,7,0,13.0,0.0,1.0,14.0,A01
201300018229,0,7,0,0.0,2.0,2.0,2.0,A01
201300018229,0,1,0,0.0,2.0,4.0,2.0,B02
201300018230,0,14,0,0.0,1.0,2.0,5.0,A01
201300018231,0,7,0,0.0,2.0,2.0,19.0,A01
201300018231,0,7,0,0.0,2.0,3.0,1.0,B02
201300018232,0,30,0,11.0,0.0,1.0,1.0,A01
201300018233,0,7,0,2.0,0.0,1.0,1.0,A01
201300018234,0,7,0,0.0,2.0,3.0,15.0,B02
201300018234,0,7,0,0.0,2.0,2.0,17.0,A01
201300018235,0,33,0,0.0,6.0,1.0,2.0,A01
201300018236,0,7,0,0.0,1.0,3.0,1.0,A01
201300018236,0,7,0,0.0,2.0,1.0,1.0,B02
201300018237,0,30,0,0.0,2.0,8.0,15.0,B02
201300018237,0,7,0,0.0,9.0,2.0,17.0,A01
201300018238,0,30,0,0.0,0.0,8.0,1.0,A01
201300018239,0,33,0,0.0,2.0,1.0,17.0,A01
201300018239,0,7,0,0.0,2.0,8.0,15.0,B02
201300018240,0,2,0,0.0,2.0,1.0,1.0,A01
201300018240,0,7,0,0.0,2.0,3.0,1.0,B02
201300018241,0,7,0,1.0,0.0,1.0,14.0,A01
201300018242,0,7,0,13.0,0.0,1.0,13.0,A01
201300018243,0,7,0,0.0,9.0,1.0,9.0,A01
201300018243,0,1,0,0.0,2.0,8.0,1.0,B02
201300018244,0,33,0,0.0,2.0,1.0,13.0,A01
201300018244,0,7,0,0.0,2.0,3.0,1.0,B02
201300018245,0,7,0,2.0,0.0,9.0,1.0,A01
201300018246,0,7,0,16.0,0.0,9.0,17.0,A01
201300018247,0,7,0,0.0,2.0,3.0,15.0,A01
201300018247,0,31,0,0.0,2.0,1.0,1.0,B02
201300018248,0,7,0,0.0,2.0,3.0,1.0,A01
201300018248,0,7,0,0.0,2.0,1.0,19.0,B02
201300018249,0,10,0,0.0,0.0,0.0,1.0,A01
201300018250,0,7,0,6.0,0.0,1.0,1.0,A01
201300018251,0,7,0,0.0,0.0,2.0,13.0,A01
201300018251,0,7,0,0.0,0.0,6.0,1.0,B02
201300018252,0,7,0,8.0,0.0,9.0,14.0,A01
201300018253,0,7,0,0.0,2.0,3.0,20.0,A01
201300018253,0,2,0,0.0,2.0,5.0,17.0,B02
201300018254,0,7,0,15.0,0.0,9.0,1.0,A01
201300018255,0,7,0,0.0,2.0,2.0,2.0,A01
201300018255,0,1,0,0.0,2.0,4.0,1.0,B02
201300018256,0,32,0,12.0,0.0,3.0,1.0,A01
201300018257,0,7,0,0.0,2.0,3.0,15.0,A01
201300018257,0,33,0,0.0,2.0,1.0,1.0,B02
201300018258,0,33,0,0.0,2.0,7.0,17.0,A01
201300018258,0,21,0,0.0,2.0,8.0,15.0,B02
201300018259,0,7,0,0.0,2.0,7.0,13.0,A01
201300018259,0,7,0,0.0,2.0,1.0,1.0,B02
201300018260,0,31,0,0.0,0.0,0.0,1.0,A01
201300018260,0,7,0,0.0,0.0,0.0,19.0,B02
201300018261,0,7,0,0.0,0.0,1.0,17.0,A01
201300018262,0,7,0,0.0,1.0,2.0,16.0,A01
201300018263,0,7,0,0.0,6.0,0.0,1.0,A01
201300018264,0,36,0,13.0,0.0,0.0,16.0,A01
201300018265,0,7,0,0.0,2.0,3.0,1.0,B02
201300018265,0,7,0,0.0,2.0,3.0,13.0,A01
201300018266,0,7,0,13.0,0.0,3.0,13.0,A01
201300018267,0,36,0,1.0,0.0,2.0,1.0,A01
201300018268,0,7,0,0.0,2.0,1.0,1.0,B02
201300018268,0,17,0,0.0,2.0,8.0,20.0,A01
201300018269,0,7,0,0.0,2.0,2.0,1.0,B02
201300018269,0,7,0,0.0,2.0,1.0,1.0,A01
201300018270,0,7,0,0.0,2.0,3.0,1.0,A01
201300018270,0,7,0,0.0,2.0,3.0,1.0,B02
201300018271,0,10,0,2.0,0.0,3.0,1.0,A01
201300018272,0,7,0,0.0,2.0,1.0,1.0,B02
201300018272,0,7,0,0.0,2.0,1.0,13.0,A01
201300018273,0,2,0,0.0,2.0,8.0,1.0,B02
201300018273,0,7,0,0.0,2.0,3.0,1.0,A01
201300018274,0,7,0,0.0,2.0,1.0,1.0,B02
201300018274,0,7,0,0.0,2.0,8.0,16.0,A01
201300018275,0,7,0,0.0,2.0,1.0,1.0,B02
201300018275,0,7,0,0.0,2.0,7.0,1.0,A01
201300018276,0,7,0,0.0,2.0,3.0,13.0,A01
201300018276,0,7,0,0.0,2.0,3.0,1.0,B02
201300018277,0,7,0,0.0,2.0,3.0,1.0,A01
201300018277,0,10,0,0.0,2.0,3.0,1.0,B02
201300018278,0,10,0,0.0,0.0,0.0,1.0,A01
201300018279,0,7,0,0.0,2.0,1.0,1.0,B02
201300018279,0,21,0,0.0,2.0,1.0,5.0,A01
201300018280,0,7,0,0.0,2.0,4.0,1.0,B02
201300018280,0,10,0,0.0,2.0,1.0,1.0,A01
201300018280,0,10,0,0.0,0.0,4.0,1.0,C03
201300018281,0,7,0,0.0,1.0,1.0,1.0,A01
201300018282,0,14,0,0.0,2.0,1.0,2.0,A01
201300018282,0,30,0,0.0,0.0,4.0,2.0,B02
201300018283,0,7,0,0.0,2.0,8.0,1.0,B02
201300018283,0,14,0,0.0,2.0,3.0,1.0,A01
201300018284,0,7,0,0.0,2.0,3.0,0.0,B02
201300018284,0,7,0,0.0,2.0,3.0,0.0,A01
201300018285,0,17,0,0.0,2.0,3.0,1.0,B02
201300018285,0,7,0,0.0,2.0,3.0,13.0,A01
201300018286,0,7,0,0.0,2.0,1.0,19.0,B02
201300018286,0,10,0,0.0,2.0,8.0,1.0,A01
201300018287,0,7,0,0.0,2.0,1.0,13.0,A01
201300018287,0,7,0,0.0,2.0,1.0,1.0,B02
201300018288,0,7,0,0.0,2.0,1.0,13.0,C03
201300018288,0,7,0,0.0,2.0,1.0,1.0,A01
201300018288,0,7,0,0.0,2.0,1.0,1.0,B02
201300018289,0,7,0,13.0,0.0,1.0,13.0,A01
201300018290,0,36,0,13.0,0.0,7.0,1.0,A01
201300018291,0,33,0,0.0,2.0,1.0,1.0,B02
201300018291,0,3,0,0.0,2.0,3.0,13.0,A01
201300018292,0,1,0,0.0,0.0,6.0,19.0,A01
201300018292,0,33,0,0.0,2.0,1.0,1.0,B02
201300018293,0,33,0,0.0,0.0,0.0,1.0,A01
201300018294,0,7,0,0.0,0.0,4.0,23.0,A01
201300018294,0,7,0,0.0,2.0,4.0,2.0,B02
201300018294,0,10,0,0.0,2.0,1.0,2.0,C03
201300018295,0,7,0,0.0,2.0,1.0,1.0,A01
201300018295,0,7,0,0.0,2.0,8.0,16.0,B02
201300018296,0,7,0,8.0,0.0,5.0,1.0,A01
201300018297,0,33,0,0.0,2.0,1.0,1.0,B02
201300018297,0,7,0,0.0,2.0,2.0,0.0,A01
201300018298,0,14,0,0.0,2.0,3.0,1.0,A01
201300018298,0,17,0,0.0,0.0,5.0,0.0,B02
201300018299,0,7,0,2.0,0.0,1.0,1.0,A01
201300018300,0,7,0,0.0,2.0,1.0,2.0,A01