Num_Acc,senc,catv,occutc,obs,obsm,choc,manv,num_veh
201300018300,0,7,0,0.0,2.0,4.0,15.0,B02
201300018301,0,7,0,0.0,1.0,3.0,1.0,A01
201300018302,0,7,0,0.0,1.0,1.0,1.0,A01
201300018303,0,2,0,0.0,0.0,1.0,1.0,A01
201300018304,0,30,0,13.0,0.0,7.0,14.0,A01
201300018305,0,7,0,13.0,0.0,2.0,14.0,A01
201300018306,0,7,0,13.0,0.0,9.0,1.0,A01
201300018307,0,7,0,0.0,1.0,3.0,1.0,A01
201300018308,0,30,0,9.0,0.0,8.0,1.0,A01
201300018309,0,33,0,0.0,2.0,1.0,13.0,A01
201300018309,0,7,0,0.0,2.0,3.0,1.0,B02
201300018310,0,33,0,0.0,2.0,1.0,1.0,B02
201300018310,0,7,0,0.0,2.0,2.0,9.0,A01
201300018311,0,7,0,0.0,0.0,2.0,0.0,A01
201300018311,0,1,0,0.0,0.0,1.0,1.0,B02
201300018312,0,1,0,0.0,2.0,4.0,1.0,B02
201300018312,0,7,0,0.0,2.0,2.0,1.0,A01
201300018313,0,7,0,0.0,1.0,3.0,1.0,A01
201300018314,0,7,0,0.0,2.0,3.0,15.0,A01
201300018314,0,7,0,0.0,2.0,2.0,1.0,B02
201300018315,0,7,0,6.0,0.0,2.0,14.0,A01
201300018316,0,7,0,0.0,0.0,8.0,15.0,B02
201300018316,0,33,0,0.0,2.0,1.0,17.0,A01
201300018317,0,33,0,0.0,0.0,0.0,1.0,A01
201300018318,0,7,0,0.0,2.0,6.0,1.0,B02
201300018318,0,7,0,0.0,2.0,6.0,1.0,A01
201300018319,0,7,0,0.0,2.0,7.0,13.0,B02
201300018319,0,21,0,0.0,2.0,1.0,1.0,A01
201300018320,0,2,0,0.0,2.0,3.0,19.0,A01
201300018320,0,7,0,0.0,2.0,2.0,1.0,B02
201300018321,0,7,0,0.0,2.0,2.0,15.0,A01
201300018321,0,1,0,0.0,2.0,1.0,1.0,B02
201300018322,0,7,0,2.0,0.0,1.0,1.0,A01
201300018323,0,7,0,0.0,2.0,3.0,1.0,B02
201300018323,0,7,0,0.0,2.0,3.0,13.0,A01
201300018324,0,10,0,2.0,0.0,2.0,1.0,A01
201300018325,0,7,0,0.0,2.0,2.0,1.0,B02
201300018325,0,10,0,0.0,2.0,1.0,15.0,A01
201300018326,0,7,0,0.0,2.0,1.0,1.0,B02
201300018326,0,3,0,0.0,2.0,8.0,15.0,A01
201300018327,0,7,0,0.0,2.0,1.0,15.0,A01
201300018327,0,7,0,0.0,2.0,1.0,1.0,B02
201300018328,0,33,0,0.0,6.0,0.0,1.0,A01
201300018329,0,30,0,1.0,0.0,7.0,2.0,A01
201300018329,0,7,0,0.0,0.0,0.0,23.0,C03
201300018329,0,7,0,1.0,0.0,2.0,15.0,B02
201300018330,0,14,0,0.0,2.0,3.0,1.0,A01
201300018330,0,10,0,0.0,2.0,3.0,13.0,B02
201300018331,0,7,0,0.0,2.0,1.0,1.0,A01
201300018331,0,7,0,0.0,2.0,3.0,1.0,B02
201300018331,0,7,0,0.0,2.0,1.0,1.0,C03
201300018332,0,7,0,0.0,2.0,1.0,1.0,A01
201300018332,0,33,0,0.0,0.0,4.0,1.0,B02
201300018333,0,7,0,0.0,2.0,3.0,1.0,B02
201300018333,0,7,0,0.0,2.0,2.0,17.0,A01
201300018334,0,7,0,0.0,2.0,1.0,13.0,A01
201300018334,0,7,0,0.0,2.0,3.0,1.0,B02
201300018335,0,31,0,16.0,0.0,0.0,1.0,A01
201300018336,0,7,0,13.0,0.0,1.0,1.0,A01
201300018337,0,7,0,6.0,0.0,1.0,19.0,A01
201300018338,0,33,0,0.0,0.0,1.0,1.0,A01
201300018339,0,7,0,0.0,0.0,1.0,1.0,A01
201300018340,0,7,0,0.0,2.0,1.0,13.0,A01
201300018340,0,10,0,0.0,2.0,1.0,1.0,B02
201300018341,0,7,0,0.0,2.0,3.0,1.0,A01
201300018341,0,7,0,0.0,2.0,3.0,1.0,B02
201300018342,0,7,0,0.0,2.0,7.0,15.0,C03
201300018342,0,7,0,0.0,2.0,1.0,23.0,B02
201300018342,0,7,0,0.0,2.0,1.0,1.0,A01
201300018343,0,15,0,0.0,2.0,3.0,21.0,B02
201300018343,0,7,0,0.0,2.0,3.0,13.0,A01
201300018344,0,33,0,0.0,2.0,8.0,17.0,A01
201300018344,0,10,0,0.0,2.0,3.0,1.0,B02
201300018345,0,7,0,0.0,2.0,1.0,1.0,B02
201300018345,0,7,0,0.0,2.0,7.0,15.0,A01
201300018346,0,7,0,0.0,2.0,3.0,19.0,A01
201300018346,0,7,0,0.0,2.0,2.0,1.0,B02
201300018347,0,7,0,0.0,2.0,2.0,2.0,A01
201300018348,0,10,0,0.0,9.0,0.0,0.0,A01
201300018348,0,7,0,15.0,0.0,1.0,21.0,B02
201300018348,0,7,0,0.0,9.0,3.0,1.0,C03
201300018349,0,7,0,0.0,2.0,2.0,1.0,A01
201300018349,0,7,0,0.0,2.0,3.0,19.0,B02
201300018350,0,7,0,0.0,1.0,2.0,1.0,A01
201300018351,0,10,0,6.0,0.0,7.0,13.0,A01
201300018352,0,33,0,0.0,0.0,0.0,1.0,A01
201300018353,0,2,0,13.0,0.0,1.0,1.0,A01
201300018354,0,33,0,0.0,0.0,0.0,15.0,A01
201300018355,0,7,0,0.0,0.0,0.0,15.0,A01
201300018355,0,33,0,13.0,0.0,8.0,21.0,B02
201300018356,0,7,0,0.0,2.0,1.0,2.0,A01
201300018356,0,7,0,0.0,0.0,4.0,15.0,B02
201300018357,0,7,0,0.0,2.0,1.0,13.0,A01
201300018357,0,7,0,0.0,2.0,1.0,1.0,B02
201300018358,0,7,0,0.0,1.0,2.0,1.0,A01
201300018359,0,30,0,3.0,0.0,2.0,1.0,A01
201300018360,0,33,0,0.0,2.0,1.0,1.0,A01
201300018360,0,7,0,0.0,0.0,3.0,19.0,B02
201300018361,0,7,0,0.0,2.0,1.0,1.0,B02
201300018361,0,7,0,0.0,2.0,3.0,19.0,A01
201300018362,0,7,0,0.0,2.0,3.0,13.0,A01
201300018362,0,15,0,0.0,2.0,3.0,1.0,B02
201300018363,0,33,0,0.0,0.0,7.0,16.0,A01
201300018364,0,33,0,0.0,2.0,4.0,1.0,A01
201300018364,0,33,0,0.0,2.0,4.0,1.0,B02
201300018365,0,7,0,0.0,0.0,2.0,1.0,A01
201300018365,0,7,0,0.0,2.0,8.0,1.0,B02
201300018366,0,30,0,0.0,2.0,1.0,2.0,A01
201300018366,0,1,0,0.0,0.0,4.0,2.0,B02
201300018367,0,7,0,0.0,2.0,1.0,1.0,A01
201300018367,0,17,0,0.0,2.0,4.0,1.0,B02
201300018368,0,10,0,6.0,0.0,3.0,13.0,A01
201300018369,0,30,0,0.0,2.0,8.0,1.0,B02
201300018370,0,10,0,0.0,0.0,4.0,1.0,B02
201300018370,0,33,0,0.0,2.0,1.0,1.0,A01
201300018371,0,7,0,0.0,2.0,1.0,1.0,B02
201300018371,0,7,0,0.0,2.0,1.0,1.0,A01
201300018372,0,10,0,13.0,0.0,0.0,1.0,A01
201300018373,0,30,0,0.0,0.0,6.0,14.0,A01
201300018373,0,7,0,0.0,0.0,3.0,9.0,B02
201300018374,0,33,0,14.0,0.0,9.0,1.0,A01
201300018375,0,7,0,0.0,9.0,3.0,17.0,A01
201300018375,0,10,0,0.0,2.0,3.0,1.0,C03
201300018375,0,17,0,0.0,2.0,3.0,21.0,B02
201300018376,0,7,0,13.0,0.0,1.0,1.0,A01
201300018377,0,7,0,13.0,0.0,2.0,2.0,A01
201300018378,0,7,0,0.0,0.0,1.0,1.0,B02
201300018378,0,7,0,0.0,0.0,2.0,3.0,A01
201300018379,0,7,0,0.0,0.0,3.0,1.0,A01
201300018380,0,7,0,0.0,2.0,1.0,1.0,A01
201300018380,0,2,0,0.0,2.0,1.0,5.0,B02
201300018381,0,7,0,0.0,2.0,8.0,9.0,A01
201300018381,0,7,0,0.0,2.0,1.0,1.0,B02
201300018382,0,36,0,0.0,2.0,1.0,10.0,A01
201300018382,0,7,0,0.0,2.0,1.0,1.0,B02
201300018383,0,7,0,8.0,0.0,3.0,0.0,A01
201300018384,0,7,0,0.0,2.0,1.0,15.0,A01
201300018384,0,7,0,0.0,2.0,1.0,1.0,B02
201300018385,0,1,0,0.0,2.0,8.0,1.0,B02
201300018385,0,10,0,0.0,2.0,7.0,17.0,A01
201300018386,0,30,0,0.0,0.0,0.0,0.0,A01
201300018387,0,7,0,0.0,2.0,3.0,13.0,A01
201300018387,0,15,0,0.0,2.0,3.0,1.0,B02
201300018388,0,3,0,0.0,2.0,1.0,1.0,B02
201300018388,0,10,0,0.0,2.0,8.0,15.0,A01
201300018389,0,7,0,0.0,2.0,5.0,13.0,A01
201300018389,0,10,0,0.0,2.0,1.0,1.0,B02
201300018390,0,7,0,0.0,2.0,1.0,13.0,A01
201300018390,0,14,0,0.0,2.0,1.0,1.0,B02
201300018391,0,7,0,13.0,0.0,2.0,14.0,A01
201300018392,0,7,0,13.0,0.0,1.0,1.0,A01
201300018393,0,7,0,0.0,0.0,1.0,2.0,A01
201300018394,0,7,0,0.0,2.0,7.0,10.0,A01
201300018394,0,33,0,6.0,2.0,1.0,2.0,B02
201300018395,0,1,0,0.0,2.0,8.0,2.0,B02
201300018395,0,7,0,0.0,2.0,7.0,17.0,A01
201300018396,0,33,0,8.0,0.0,7.0,0.0,A01
201300018397,0,14,0,0.0,2.0,1.0,13.0,A01
201300018397,0,2,0,0.0,2.0,1.0,13.0,B02
201300018398,0,33,0,8.0,0.0,1.0,1.0,A01
201300018399,0,7,0,0.0,2.0,3.0,1.0,B02
201300018399,0,7,0,0.0,2.0,3.0,17.0,A01
201300018399,0,15,0,0.0,2.0,8.0,1.0,C03
201300018400,0,14,0,0.0,2.0,2.0,17.0,A01
201300018400,0,1,0,0.0,2.0,3.0,13.0,B02
201300018401,0,7,0,0.0,2.0,2.0,17.0,A01
201300018401,0,1,0,0.0,2.0,4.0,2.0,B02
201300018402,0,33,0,0.0,6.0,1.0,1.0,A01
201300018403,0,36,0,8.0,0.0,1.0,1.0,A01
201300018404,0,33,0,2.0,0.0,1.0,1.0,A01
201300018405,0,7,0,14.0,0.0,1.0,2.0,A01
201300018405,0,7,0,0.0,0.0,4.0,15.0,B02
201300018406,0,7,0,0.0,2.0,3.0,1.0,B02
201300018406,0,7,0,0.0,2.0,2.0,1.0,A01
201300018407,0,7,0,8.0,0.0,1.0,0.0,A01
201300018408,0,7,0,2.0,0.0,1.0,1.0,A01
201300018409,0,7,0,13.0,0.0,1.0,14.0,A01
201300018410,0,7,0,0.0,2.0,4.0,15.0,C03
201300018410,0,7,0,0.0,2.0,2.0,2.0,A01
201300018410,0,7,0,0.0,2.0,1.0,1.0,B02
201300018411,0,7,0,0.0,1.0,1.0,1.0,A01
201300018412,0,7,0,0.0,2.0,1.0,13.0,A01
201300018412,0,7,0,0.0,2.0,1.0,1.0,B02
201300018413,0,7,0,13.0,0.0,3.0,1.0,A01
201300018414,0,7,0,0.0,5.0,1.0,0.0,A01
201300018415,0,7,0,0.0,2.0,1.0,2.0,B02
201300018415,0,7,0,0.0,2.0,1.0,15.0,A01
201300018416,0,2,0,4.0,0.0,1.0,1.0,A01
201300018417,0,7,0,0.0,2.0,3.0,1.0,B02
201300018417,0,7,0,0.0,2.0,3.0,13.0,A01
201300018418,0,15,0,0.0,2.0,1.0,1.0,B02
201300018418,0,7,0,0.0,2.0,1.0,13.0,A01
201300018419,0,7,0,0.0,2.0,3.0,1.0,B02
201300018419,0,7,0,0.0,2.0,3.0,13.0,A01
201300018420,0,7,0,13.0,0.0,1.0,1.0,A01
201300018421,0,7,0,0.0,2.0,7.0,2.0,A01
201300018421,0,1,0,0.0,2.0,6.0,0.0,B02
201300018422,0,7,0,0.0,1.0,2.0,1.0,A01
201300018423,0,30,0,0.0,0.0,8.0,1.0,B02
201300018423,0,7,0,0.0,0.0,2.0,15.0,A01
201300018424,0,7,0,0.0,2.0,3.0,1.0,B02
201300018424,0,7,0,0.0,2.0,3.0,13.0,A01
201300018425,0,30,0,0.0,2.0,1.0,15.0,A01
201300018425,0,7,0,0.0,2.0,2.0,15.0,B02
201300018426,0,7,0,2.0,0.0,8.0,14.0,A01
201300018427,0,2,0,1.0,0.0,1.0,1.0,A01
201300018428,0,7,0,0.0,2.0,2.0,12.0,A01
201300018428,0,33,0,0.0,2.0,8.0,0.0,B02
201300018429,0,7,0,0.0,2.0,8.0,9.0,A01
201300018429,0,33,0,0.0,2.0,1.0,1.0,B02
201300018430,0,7,0,0.0,2.0,3.0,1.0,B02
201300018430,0,7,0,0.0,2.0,3.0,1.0,A01
201300018431,0,33,0,0.0,0.0,8.0,1.0,A01
201300018432,0,33,0,13.0,0.0,9.0,1.0,A01
201300018433,0,31,0,0.0,0.0,1.0,1.0,A01
201300018434,0,13,0,0.0,2.0,4.0,4.0,B02
201300018434,0,30,0,0.0,2.0,1.0,1.0,A01
201300018435,0,7,0,0.0,0.0,1.0,1.0,B02
201300018435,0,7,0,0.0,0.0,1.0,1.0,A01
201300018436,0,7,0,8.0,0.0,1.0,1.0,A01
201300018437,0,33,0,0.0,0.0,1.0,1.0,B02
201300018437,0,7,0,0.0,0.0,5.0,15.0,A01
201300018438,0,7,0,0.0,2.0,1.0,1.0,A01
201300018438,0,7,0,0.0,2.0,1.0,1.0,B02
201300018439,0,7,0,0.0,2.0,2.0,15.0,A01
201300018439,0,7,0,0.0,2.0,3.0,1.0,B02
201300018440,0,30,0,8.0,0.0,3.0,13.0,A01
201300018441,0,7,0,1.0,0.0,1.0,14.0,B02
201300018441,0,7,0,0.0,0.0,6.0,24.0,A01
201300018442,0,30,0,8.0,0.0,1.0,0.0,A01
201300018443,0,7,0,2.0,0.0,9.0,1.0,A01
201300018444,0,7,0,0.0,0.0,9.0,1.0,A01
201300018445,0,7,0,0.0,2.0,2.0,1.0,A01
201300018445,0,2,0,0.0,2.0,1.0,16.0,B02
201300018446,0,7,0,0.0,0.0,8.0,1.0,A01
201300018447,0,7,0,0.0,2.0,3.0,3.0,A01
201300018447,0,7,0,0.0,2.0,2.0,1.0,B02
201300018448,0,33,0,0.0,2.0,1.0,13.0,A01
201300018448,0,7,0,0.0,2.0,3.0,1.0,B02
201300018449,0,7,0,0.0,2.0,8.0,5.0,A01
201300018449,0,33,0,0.0,2.0,8.0,1.0,B02
201300018450,0,7,0,2.0,0.0,1.0,1.0,A01
201300018451,0,33,0,0.0,2.0,0.0,17.0,A01
201300018451,0,7,0,0.0,2.0,8.0,15.0,B02
201300018452,0,7,0,0.0,1.0,1.0,16.0,A01
201300018453,0,7,0,0.0,2.0,3.0,1.0,B02
201300018453,0,7,0,0.0,2.0,3.0,19.0,A01
201300018454,0,7,0,1.0,0.0,2.0,1.0,A01
201300018454,0,7,0,0.0,2.0,2.0,24.0,B02
201300018455,2,7,0,0.0,2.0,1.0,13.0,A01
201300018455,0,7,0,0.0,2.0,1.0,1.0,B02
201300018456,0,17,0,0.0,2.0,8.0,1.0,C03
201300018456,0,7,0,0.0,2.0,2.0,17.0,B02
201300018456,0,7,0,0.0,2.0,2.0,1.0,A01
201300018457,0,7,0,2.0,0.0,8.0,1.0,A01
201300018458,0,10,0,0.0,2.0,8.0,11.0,A01
201300018458,0,33,0,0.0,2.0,2.0,11.0,B02
201300018459,0,10,0,0.0,1.0,1.0,1.0,A01
201300018460,0,7,0,8.0,0.0,8.0,13.0,A01
201300018461,0,7,0,0.0,2.0,7.0,5.0,A01
201300018461,0,7,0,0.0,2.0,1.0,1.0,B02
201300018462,0,21,0,6.0,0.0,7.0,1.0,A01
201300018463,0,10,0,0.0,1.0,7.0,1.0,A01
201300018464,0,14,0,0.0,2.0,7.0,16.0,B02
201300018464,0,2,0,0.0,2.0,1.0,18.0,A01
201300018465,0,7,0,0.0,2.0,3.0,19.0,A01
201300018465,0,7,0,0.0,2.0,1.0,0.0,B02
201300018466,0,17,0,0.0,2.0,1.0,1.0,B02
201300018466,0,31,0,0.0,2.0,7.0,21.0,A01
201300018467,0,7,0,0.0,2.0,8.0,19.0,A01
201300018467,0,7,0,0.0,2.0,1.0,1.0,B02
201300018468,0,21,0,0.0,2.0,1.0,15.0,A01
201300018468,0,31,0,0.0,2.0,8.0,1.0,B02
201300018469,0,7,0,0.0,1.0,8.0,13.0,A01
201300018470,0,10,0,0.0,0.0,0.0,17.0,A01
201300018470,0,7,0,13.0,0.0,1.0,1.0,B02
201300018471,0,7,0,13.0,0.0,9.0,14.0,A01
201300018472,0,7,0,1.0,2.0,8.0,10.0,A01
201300018472,0,7,0,0.0,2.0,1.0,1.0,B02
201300018473,0,7,0,8.0,0.0,1.0,0.0,A01
201300018474,0,10,0,0.0,0.0,1.0,1.0,A01
201300018474,0,33,0,0.0,2.0,1.0,5.0,B02
201300018475,0,33,0,0.0,2.0,6.0,19.0,B02
201300018475,0,33,0,0.0,2.0,1.0,1.0,A01
201300018476,0,7,0,12.0,0.0,2.0,1.0,A01
201300018477,0,7,0,0.0,1.0,1.0,1.0,A01
201300018478,0,37,0,0.0,1.0,3.0,1.0,A01
201300018479,0,7,0,6.0,0.0,1.0,1.0,A01
201300018480,0,21,0,0.0,1.0,2.0,1.0,A01
201300018481,0,10,0,6.0,0.0,1.0,1.0,A01
201300018482,0,7,0,0.0,2.0,2.0,1.0,B02
201300018482,0,7,0,13.0,2.0,7.0,15.0,A01
201300018483,0,7,0,2.0,0.0,3.0,1.0,A01
201300018484,0,7,0,0.0,2.0,1.0,1.0,A01
201300018484,0,30,0,0.0,2.0,1.0,13.0,B02
201300018485,0,7,0,8.0,0.0,9.0,1.0,A01
201300018486,0,7,0,2.0,0.0,9.0,1.0,A01
201300018487,0,7,0,0.0,2.0,2.0,13.0,A01
201300018487,0,7,0,0.0,2.0,3.0,1.0,B02
201300018488,2,7,0,0.0,1.0,1.0,1.0,A01
201300018489,0,7,0,0.0,2.0,1.0,13.0,A01
201300018489,0,7,0,0.0,2.0,3.0,1.0,B02
201300018489,0,7,0,0.0,2.0,1.0,1.0,C03
201300018490,0,10,0,0.0,2.0,2.0,15.0,A01
201300018490,0,7,0,0.0,2.0,1.0,1.0,B02
201300018491,0,1,0,0.0,2.0,1.0,16.0,B02
201300018491,0,7,0,0.0,2.0,3.0,17.0,A01
201300018492,0,7,0,0.0,2.0,8.0,19.0,A01
201300018492,0,7,0,0.0,2.0,1.0,1.0,B02
201300018493,0,7,0,13.0,0.0,1.0,1.0,A01
201300018494,0,7,0,13.0,0.0,1.0,1.0,A01
201300018495,0,38,0,0.0,2.0,8.0,16.0,A01
201300018495,0,33,0,0.0,2.0,1.0,1.0,B02
201300018496,0,10,0,13.0,0.0,9.0,1.0,A01
201300018497,0,7,0,0.0,2.0,3.0,1.0,B02
201300018497,0,7,0,0.0,2.0,0.0,13.0,A01
201300018498,0,17,0,0.0,2.0,8.0,1.0,A01
201300018498,0,38,1,0.0,2.0,8.0,1.0,B02
201300018498,0,7,0,0.0,2.0,8.0,1.0,C03
201300018499,0,10,0,0.0,2.0,1.0,1.0,A01
201300018499,0,7,0,0.0,2.0,4.0,16.0,B02
201300018499,0,7,0,0.0,2.0,3.0,1.0,C03
201300018500,1,33,0,0.0,2.0,1.0,5.0,A01
201300018500,0,7,0,0.0,2.0,3.0,1.0,B02
201300018501,0,7,0,0.0,2.0,3.0,2.0,A01
201300018501,0,7,0,0.0,2.0,4.0,2.0,B02
201300018502,0,10,0,13.0,0.0,2.0,1.0,A01
201300018503,0,7,0,2.0,0.0,7.0,1.0,A01
201300018504,0,7,0,2.0,0.0,8.0,14.0,A01
201300018505,0,7,0,0.0,0.0,2.0,1.0,A01
201300018506,0,33,0,0.0,0.0,1.0,1.0,A01
201300018507,0,36,0,0.0,0.0,0.0,1.0,A01
201300018508,0,2,0,15.0,0.0,1.0,15.0,A01
201300018509,0,7,0,2.0,0.0,1.0,0.0,A01
201300018510,0,7,0,0.0,0.0,3.0,0.0,A01
201300018510,0,33,0,0.0,0.0,1.0,13.0,B02
201300018511,0,33,0,0.0,0.0,1.0,1.0,A01
201300018512,0,7,0,0.0,1.0,3.0,1.0,A01
201300018513,0,7,0,13.0,2.0,3.0,13.0,A01
201300018513,0,7,0,13.0,2.0,1.0,1.0,B02
201300018514,0,30,0,15.0,0.0,1.0,1.0,A01
201300018515,0,7,0,2.0,0.0,8.0,1.0,A01
201300018516,0,7,0,0.0,0.0,5.0,0.0,B02
201300018516,0,7,0,0.0,0.0,2.0,1.0,A01
201300018517,0,30,0,0.0,2.0,1.0,1.0,A01
201300018517,0,7,0,0.0,2.0,2.0,1.0,B02
201300018518,0,36,0,0.0,0.0,1.0,1.0,A01
201300018519,0,7,0,16.0,0.0,9.0,1.0,A01
201300018520,0,2,0,0.0,2.0,1.0,2.0,A01
201300018520,0,21,0,0.0,2.0,6.0,2.0,B02
201300018521,0,7,0,0.0,2.0,1.0,13.0,A01
201300018521,0,7,0,0.0,2.0,1.0,1.0,B02
201300018522,0,7,0,0.0,2.0,2.0,1.0,A01
201300018522,0,7,0,5.0,2.0,3.0,1.0,B02
201300018523,0,7,0,13.0,0.0,1.0,1.0,A01
201300018524,0,7,0,2.0,0.0,1.0,1.0,A01
201300018525,0,7,0,0.0,1.0,1.0,1.0,A01
201300018526,0,7,0,2.0,0.0,1.0,1.0,A01
201300018527,0,7,0,0.0,2.0,8.0,17.0,A01
201300018527,0,33,0,0.0,2.0,8.0,5.0,B02
201300018528,0,7,0,0.0,2.0,1.0,15.0,A01
201300018528,0,7,0,0.0,2.0,3.0,1.0,B02
201300018529,0,7,0,2.0,2.0,2.0,17.0,A01
201300018529,0,7,0,0.0,2.0,3.0,15.0,B02
201300018530,0,7,0,8.0,0.0,8.0,1.0,A01
201300018531,0,7,0,0.0,0.0,0.0,19.0,C03
201300018531,0,7,0,11.0,2.0,1.0,1.0,A01
201300018531,0,7,0,0.0,0.0,1.0,1.0,B02
201300018532,0,7,0,0.0,1.0,3.0,15.0,A01
201300018533,0,7,0,0.0,2.0,3.0,1.0,B02
201300018533,0,7,0,0.0,2.0,3.0,16.0,A01
201300018534,0,10,0,16.0,2.0,8.0,13.0,A01
201300018534,0,7,0,0.0,2.0,8.0,1.0,B02
201300018535,0,7,0,2.0,0.0,1.0,1.0,A01
201300018536,0,7,0,0.0,2.0,7.0,17.0,A01
201300018536,0,1,0,0.0,2.0,8.0,1.0,B02
201300018537,0,7,0,0.0,2.0,7.0,19.0,B02
201300018537,0,7,0,0.0,2.0,1.0,1.0,A01
201300018538,0,7,0,0.0,0.0,1.0,19.0,B02
201300018538,0,14,0,0.0,0.0,7.0,1.0,A01
201300018539,0,33,0,15.0,0.0,9.0,1.0,A01
201300018540,0,33,0,7.0,0.0,1.0,1.0,A01
201300018541,0,7,0,0.0,2.0,1.0,1.0,A01
201300018541,0,33,0,0.0,2.0,4.0,1.0,B02
201300018541,0,7,0,0.0,2.0,3.0,15.0,C03
201300018542,0,10,0,0.0,1.0,2.0,15.0,A01
201300018543,0,10,0,0.0,2.0,7.0,2.0,A01
201300018543,0,1,0,0.0,0.0,4.0,2.0,B02
201300018544,0,7,0,0.0,2.0,3.0,13.0,A01
201300018544,0,30,0,0.0,2.0,3.0,1.0,B02
201300018545,0,10,0,13.0,0.0,2.0,1.0,A01
201300018546,0,7,0,0.0,2.0,3.0,9.0,A01
201300018546,0,1,0,0.0,2.0,1.0,1.0,B02
201300018547,0,1,0,0.0,2.0,0.0,16.0,A01
201300018547,0,10,0,0.0,0.0,5.0,1.0,B02
201300018548,0,33,0,8.0,0.0,1.0,1.0,A01
201300018549,0,7,0,0.0,2.0,7.0,0.0,A01
201300018549,0,7,0,0.0,2.0,1.0,0.0,B02
201300018550,0,31,0,0.0,2.0,1.0,1.0,A01
201300018550,0,10,0,0.0,2.0,5.0,19.0,B02
201300018551,0,7,0,1.0,0.0,1.0,1.0,A01
201300018552,0,7,0,0.0,2.0,1.0,5.0,A01
201300018552,0,10,0,0.0,2.0,1.0,1.0,B02
201300018553,0,7,0,0.0,2.0,3.0,1.0,A01
201300018553,0,7,0,0.0,2.0,1.0,15.0,B02
201300018554,0,7,0,0.0,2.0,3.0,15.0,A01
201300018554,0,30,0,0.0,2.0,1.0,1.0,B02
201300018555,0,7,0,0.0,2.0,8.0,13.0,A01
201300018555,0,7,0,0.0,2.0,1.0,1.0,B02
201300018556,0,33,0,7.0,0.0,7.0,1.0,A01
201300018557,0,7,0,0.0,9.0,7.0,15.0,A01
201300018557,0,1,0,0.0,2.0,8.0,1.0,B02
201300018558,0,33,0,0.0,2.0,7.0,21.0,A01
201300018558,0,7,0,0.0,2.0,3.0,15.0,B02
201300018559,0,7,0,1.0,0.0,7.0,14.0,A01
201300018559,0,7,0,0.0,0.0,6.0,23.0,B02
201300018560,0,30,0,0.0,0.0,1.0,1.0,A01
201300018561,0,33,0,13.0,0.0,8.0,1.0,A01
201300018562,0,7,0,0.0,2.0,1.0,15.0,A01
201300018562,0,33,0,0.0,2.0,7.0,1.0,B02
201300018563,0,7,0,0.0,2.0,1.0,1.0,A01
201300018563,0,7,0,0.0,2.0,1.0,1.0,B02
201300018564,0,33,0,0.0,2.0,1.0,1.0,B02
201300018564,0,7,0,0.0,2.0,6.0,19.0,A01
201300018565,0,7,0,2.0,0.0,8.0,1.0,A01
201300018566,0,33,0,2.0,0.0,2.0,14.0,A01
201300018567,0,7,0,8.0,2.0,2.0,19.0,A01
201300018567,0,7,0,0.0,2.0,1.0,1.0,B02
201300018567,0,7,0,0.0,2.0,1.0,23.0,C03
201300018568,0,7,0,0.0,2.0,3.0,15.0,A01
201300018568,0,2,0,0.0,2.0,1.0,1.0,B02
201300018569,0,33,0,14.0,0.0,1.0,1.0,A01
201300018570,0,7,0,0.0,1.0,3.0,15.0,A01
201300018571,0,7,0,0.0,2.0,2.0,1.0,A01
201300018571,0,33,0,0.0,2.0,6.0,10.0,B02
201300018572,0,2,0,0.0,2.0,1.0,1.0,A01
201300018572,0,10,0,0.0,2.0,6.0,1.0,B02
201300018573,0,7,0,6.0,0.0,2.0,1.0,A01
201300018574,0,7,0,2.0,0.0,3.0,1.0,A01
201300018575,0,7,0,0.0,2.0,1.0,1.0,A01
201300018575,0,7,0,0.0,2.0,1.0,1.0,C03
201300018575,0,7,0,0.0,0.0,4.0,15.0,B02
201300018576,0,7,0,13.0,0.0,1.0,16.0,A01
201300018577,0,10,0,0.0,1.0,2.0,1.0,A01
201300018578,0,15,0,0.0,2.0,3.0,1.0,B02
201300018578,0,15,0,0.0,2.0,3.0,13.0,A01
201300018579,0,7,0,0.0,2.0,1.0,13.0,A01
201300018579,0,7,0,0.0,2.0,3.0,2.0,B02
201300018580,0,10,0,0.0,9.0,0.0,1.0,A01
201300018580,0,1,0,0.0,0.0,0.0,1.0,B02
201300018581,0,7,0,0.0,2.0,1.0,11.0,A01
201300018581,0,7,0,0.0,2.0,1.0,1.0,B02
201300018582,0,32,0,0.0,1.0,1.0,1.0,A01
201300018583,0,33,0,0.0,2.0,1.0,1.0,B02
201300018583,0,7,0,0.0,2.0,1.0,15.0,A01
201300018584,0,7,0,0.0,2.0,3.0,1.0,B02
201300018584,0,7,0,0.0,2.0,1.0,1.0,A01
201300018585,0,36,0,0.0,0.0,0.0,1.0,A01
201300018586,0,7,0,13.0,0.0,9.0,14.0,A01
201300018587,0,7,0,0.0,1.0,2.0,1.0,A01
201300018588,0,2,0,0.0,5.0,1.0,1.0,A01
201300018589,0,10,0,8.0,0.0,1.0,17.0,A01
201300018589,0,7,0,0.0,9.0,3.0,1.0,B02
201300018590,0,7,0,0.0,6.0,8.0,21.0,A01