Num_Acc,senc,catv,occutc,obs,obsm,choc,manv,num_veh
201300018863,0,10,0,0.0,2.0,8.0,15.0,B02
201300018864,0,7,0,0.0,2.0,1.0,17.0,A01
201300018864,0,7,0,0.0,2.0,6.0,15.0,B02
201300018865,0,7,0,0.0,2.0,1.0,5.0,A01
201300018865,0,7,0,0.0,2.0,1.0,1.0,B02
201300018866,0,7,0,0.0,9.0,3.0,1.0,B02
201300018866,0,1,0,0.0,2.0,8.0,13.0,A01
201300018867,0,7,0,6.0,0.0,3.0,1.0,A01
201300018868,0,33,0,8.0,0.0,2.0,1.0,A01
201300018869,0,7,0,0.0,2.0,1.0,15.0,B02
201300018869,0,30,0,0.0,2.0,1.0,1.0,A01
201300018870,0,7,0,0.0,0.0,8.0,1.0,B02
201300018870,0,1,0,0.0,2.0,8.0,1.0,A01
201300018871,0,7,0,0.0,1.0,2.0,1.0,A01
201300018872,0,7,0,0.0,0.0,9.0,1.0,A01
201300018873,0,10,0,0.0,2.0,3.0,1.0,B02
201300018873,0,7,0,13.0,2.0,3.0,5.0,A01
201300018874,0,21,0,6.0,0.0,1.0,1.0,A01
201300018875,0,7,0,14.0,2.0,8.0,1.0,A01
201300018875,0,7,0,0.0,2.0,1.0,1.0,B02
201300018876,0,10,0,1.0,0.0,3.0,1.0,A01
201300018876,0,17,0,0.0,2.0,5.0,0.0,B02
201300018877,0,7,0,0.0,2.0,1.0,2.0,A01
201300018877,0,17,0,0.0,0.0,4.0,1.0,B02
201300018878,0,7,0,0.0,2.0,1.0,19.0,A01
201300018878,0,2,0,0.0,2.0,7.0,1.0,B02
201300018879,0,2,0,0.0,2.0,7.0,14.0,B02
201300018879,0,2,0,1.0,2.0,1.0,1.0,A01
201300018880,0,7,0,0.0,0.0,1.0,1.0,B02
201300018880,0,7,0,0.0,2.0,1.0,5.0,A01
201300018881,0,2,0,0.0,2.0,7.0,14.0,B02
201300018881,0,7,0,0.0,9.0,7.0,13.0,A01
201300018882,0,21,0,0.0,0.0,8.0,14.0,A01
201300018883,0,7,0,0.0,2.0,7.0,1.0,B02
201300018883,0,7,0,0.0,2.0,1.0,1.0,A01
201300018884,0,7,0,0.0,2.0,7.0,13.0,A01
201300018884,0,15,0,0.0,2.0,1.0,1.0,B02
201300018885,0,2,0,0.0,2.0,1.0,1.0,B02
201300018885,0,10,0,0.0,2.0,3.0,15.0,A01
201300018886,0,10,0,0.0,2.0,1.0,1.0,C03
201300018886,0,17,0,0.0,2.0,0.0,1.0,A01
201300018887,0,17,0,0.0,0.0,1.0,14.0,A01
201300018887,0,17,0,0.0,0.0,5.0,13.0,B02
201300018887,0,17,0,0.0,2.0,3.0,13.0,C03
201300018888,0,7,0,0.0,2.0,3.0,1.0,B02
201300018888,0,7,0,0.0,2.0,3.0,13.0,A01
201300018889,0,7,0,0.0,1.0,1.0,1.0,A01
201300018890,0,32,0,0.0,0.0,0.0,0.0,A01
201300018891,0,7,0,0.0,1.0,2.0,1.0,A01
201300018892,0,7,0,15.0,0.0,2.0,1.0,A01
201300018893,0,10,0,0.0,0.0,4.0,15.0,A01
201300018893,0,14,0,0.0,0.0,1.0,1.0,B02
201300018893,0,20,0,0.0,0.0,1.0,0.0,C03
201300018894,0,7,0,4.0,0.0,3.0,17.0,A01
201300018895,0,7,0,2.0,0.0,7.0,1.0,A01
201300018896,0,7,0,0.0,2.0,1.0,13.0,B02
201300018896,0,7,0,0.0,2.0,1.0,0.0,A01
201300018897,0,7,0,0.0,2.0,8.0,15.0,A01
201300018897,0,33,0,0.0,2.0,1.0,17.0,B02
201300018898,0,7,0,2.0,0.0,8.0,13.0,A01
201300018899,0,33,0,0.0,2.0,1.0,2.0,B02
201300018899,0,7,0,0.0,2.0,4.0,15.0,A01
201300018900,0,7,0,0.0,2.0,7.0,1.0,A01
201300018900,0,7,0,0.0,2.0,1.0,19.0,B02
201300018901,0,7,0,0.0,1.0,2.0,1.0,A01
201300018902,0,7,0,0.0,2.0,1.0,13.0,A01
201300018902,0,7,0,0.0,2.0,1.0,1.0,B02
201300018902,0,7,0,0.0,2.0,1.0,1.0,C03
201300018903,0,10,0,0.0,1.0,6.0,4.0,A01
201300018904,0,7,0,0.0,2.0,1.0,1.0,A01
201300018904,0,7,0,0.0,2.0,1.0,1.0,B02
201300018905,0,7,0,0.0,2.0,1.0,1.0,B02
201300018905,0,7,0,0.0,2.0,1.0,1.0,A01
201300018906,0,7,0,13.0,0.0,3.0,1.0,A01
201300018907,0,7,0,6.0,0.0,2.0,14.0,A01
201300018908,0,7,0,0.0,0.0,3.0,1.0,A01
201300018908,0,7,0,0.0,0.0,3.0,1.0,B02
201300018909,0,33,0,0.0,2.0,1.0,13.0,A01
201300018909,0,7,0,0.0,2.0,3.0,1.0,B02
201300018910,0,17,0,2.0,0.0,2.0,1.0,A01
201300018911,0,33,0,0.0,2.0,3.0,17.0,A01
201300018911,0,7,0,0.0,0.0,3.0,1.0,B02
201300018912,0,7,0,0.0,2.0,1.0,2.0,A01
201300018912,0,7,0,0.0,0.0,4.0,2.0,C03
201300018912,0,7,0,0.0,0.0,4.0,2.0,B02
201300018913,0,1,0,0.0,2.0,4.0,1.0,A01
201300018913,0,7,0,0.0,0.0,3.0,1.0,B02
201300018914,0,7,0,2.0,0.0,1.0,14.0,A01
201300018915,0,7,0,0.0,1.0,2.0,1.0,A01
201300018916,0,7,0,0.0,2.0,9.0,17.0,A01
201300018916,0,7,0,0.0,2.0,1.0,1.0,C03
201300018916,0,7,0,0.0,2.0,8.0,1.0,B02
201300018917,0,7,0,2.0,0.0,1.0,1.0,A01
201300018918,0,10,0,16.0,0.0,0.0,1.0,A01
201300018919,0,10,0,0.0,2.0,7.0,1.0,A01
201300018919,0,2,0,0.0,2.0,1.0,13.0,B02
201300018920,0,7,0,10.0,0.0,1.0,13.0,A01
201300018921,0,7,0,2.0,0.0,2.0,13.0,A01
201300018922,0,33,0,0.0,0.0,0.0,1.0,A01
201300018922,0,7,0,0.0,9.0,1.0,1.0,B02
201300018923,0,7,0,0.0,2.0,3.0,0.0,A01
201300018923,0,7,0,0.0,2.0,3.0,1.0,C03
201300018923,0,99,0,0.0,2.0,8.0,1.0,D04
201300018923,0,7,0,0.0,2.0,8.0,0.0,B02
201300018924,0,7,0,1.0,1.0,2.0,1.0,A01
201300018925,0,14,0,0.0,0.0,5.0,17.0,A01
201300018925,0,33,0,0.0,2.0,2.0,1.0,B02
201300018926,0,7,0,0.0,2.0,1.0,2.0,B01
201300018926,0,7,0,0.0,2.0,8.0,19.0,A02
201300018927,0,7,0,0.0,2.0,1.0,13.0,A01
201300018927,0,7,0,0.0,2.0,1.0,0.0,B02
201300018928,0,7,0,0.0,2.0,3.0,13.0,A01
201300018928,0,10,0,0.0,2.0,8.0,21.0,B02
201300018929,0,7,0,0.0,2.0,1.0,1.0,A01
201300018929,0,7,0,0.0,2.0,4.0,23.0,B02
201300018929,0,17,0,0.0,0.0,0.0,23.0,C03
201300018930,0,7,0,0.0,2.0,2.0,17.0,A01
201300018930,0,7,0,0.0,2.0,2.0,2.0,B02
201300018931,0,7,0,0.0,2.0,1.0,1.0,A01
201300018931,0,7,0,0.0,2.0,7.0,19.0,B02
201300018931,0,7,0,0.0,2.0,1.0,23.0,C03
201300018932,0,7,0,0.0,2.0,3.0,15.0,A01
201300018932,0,33,0,0.0,2.0,1.0,1.0,B02
201300018933,0,7,0,0.0,9.0,7.0,1.0,A01
201300018933,0,1,0,0.0,0.0,1.0,1.0,B02
201300018934,0,7,0,0.0,2.0,1.0,1.0,B02
201300018934,0,7,0,0.0,2.0,7.0,1.0,C03
201300018934,0,7,0,0.0,2.0,2.0,16.0,A01
201300018935,0,7,0,14.0,0.0,0.0,1.0,A01
201300018936,0,7,0,0.0,2.0,3.0,13.0,A01
201300018936,0,17,0,2.0,2.0,3.0,1.0,B02
201300018937,0,21,0,0.0,2.0,6.0,15.0,B02
201300018937,0,7,0,0.0,2.0,3.0,1.0,A01
201300018938,0,30,0,0.0,2.0,1.0,1.0,B02
201300018938,0,7,0,0.0,2.0,2.0,9.0,A01
201300018939,0,10,0,0.0,2.0,6.0,15.0,A01
201300018939,0,33,0,0.0,2.0,1.0,17.0,B02
201300018940,0,7,0,9.0,1.0,3.0,1.0,A01
201300018941,0,7,0,0.0,1.0,2.0,1.0,A01
201300018942,0,7,0,0.0,1.0,2.0,1.0,A01
201300018943,0,1,0,0.0,2.0,1.0,9.0,A01
201300018943,0,7,0,0.0,2.0,2.0,1.0,B02
201300018944,0,10,0,0.0,1.0,1.0,1.0,A01
201300018945,0,7,0,0.0,2.0,1.0,1.0,A01
201300018945,0,10,0,0.0,2.0,4.0,1.0,B02
201300018946,0,7,0,8.0,0.0,8.0,1.0,A01
201300018947,0,7,0,1.0,0.0,2.0,14.0,A01
201300018948,0,7,0,0.0,2.0,7.0,17.0,A01
201300018948,0,7,0,0.0,2.0,1.0,1.0,B02
201300018949,0,7,0,0.0,6.0,1.0,13.0,A01
201300018949,0,7,0,0.0,2.0,1.0,1.0,B02
201300018950,0,7,0,6.0,0.0,1.0,1.0,A01
201300018951,0,31,0,6.0,0.0,1.0,14.0,A01
201300018952,0,7,0,0.0,1.0,3.0,16.0,A01
201300018953,0,7,0,0.0,0.0,1.0,13.0,A01
201300018953,0,7,0,0.0,0.0,1.0,1.0,B02
201300018954,0,30,0,0.0,4.0,4.0,16.0,A01
201300018954,0,39,0,0.0,2.0,3.0,1.0,B02
201300018955,0,7,0,0.0,2.0,1.0,13.0,A01
201300018955,0,14,0,0.0,2.0,3.0,21.0,B02
201300018955,0,7,0,0.0,2.0,1.0,1.0,C03
201300018955,0,7,0,0.0,2.0,1.0,1.0,D04
201300018955,0,7,0,0.0,2.0,7.0,21.0,E05
201300018956,0,7,0,0.0,2.0,3.0,13.0,A01
201300018956,0,7,0,0.0,2.0,3.0,1.0,B02
201300018957,0,2,0,0.0,2.0,1.0,1.0,A01
201300018957,0,7,0,0.0,2.0,3.0,15.0,B02
201300018958,0,14,0,0.0,2.0,1.0,1.0,A01
201300018958,0,7,0,0.0,2.0,4.0,1.0,B02
201300018958,0,10,0,0.0,2.0,4.0,1.0,C03
201300018959,0,7,0,0.0,2.0,1.0,13.0,A01
201300018959,0,7,0,0.0,2.0,3.0,1.0,B02
201300018960,0,7,0,0.0,1.0,3.0,1.0,A01
201300018961,0,7,0,6.0,0.0,9.0,1.0,A01
201300018962,0,30,0,12.0,0.0,9.0,1.0,A01
201300018963,0,7,0,0.0,2.0,1.0,1.0,A01
201300018963,0,7,0,0.0,2.0,3.0,15.0,B02
201300018964,0,7,0,0.0,2.0,2.0,1.0,B02
201300018964,0,7,0,0.0,2.0,5.0,13.0,A01
201300018965,0,7,0,0.0,2.0,3.0,13.0,A01
201300018965,0,7,0,0.0,2.0,3.0,1.0,B02
201300018966,0,7,0,0.0,2.0,8.0,10.0,A01
201300018966,0,7,0,0.0,2.0,1.0,1.0,B02
201300018967,0,30,0,0.0,2.0,1.0,2.0,A01
201300018968,0,7,0,0.0,0.0,0.0,15.0,A01
201300018969,0,7,0,0.0,1.0,0.0,21.0,A01
201300018969,0,10,0,0.0,0.0,0.0,4.0,B02
201300018970,0,7,0,0.0,2.0,1.0,5.0,A01
201300018970,0,14,0,0.0,2.0,1.0,1.0,B02
201300018971,0,30,0,0.0,9.0,1.0,1.0,A01
201300018971,0,1,0,0.0,2.0,1.0,1.0,B02
201300018972,0,33,0,0.0,9.0,1.0,2.0,A01
201300018972,0,1,0,0.0,0.0,8.0,10.0,B02
201300018973,0,7,0,0.0,2.0,1.0,15.0,B02
201300018973,0,30,0,0.0,2.0,1.0,1.0,A01
201300018974,0,36,0,0.0,0.0,2.0,1.0,A01
201300018974,0,33,0,0.0,0.0,1.0,1.0,B02
201300018975,0,33,0,6.0,0.0,0.0,23.0,A01
201300018976,0,33,0,0.0,2.0,3.0,13.0,A01
201300018976,0,7,0,0.0,2.0,6.0,2.0,C03
201300018976,0,7,0,0.0,2.0,3.0,1.0,B02
201300018977,0,1,0,0.0,2.0,7.0,19.0,B02
201300018977,0,7,0,0.0,2.0,1.0,1.0,A01
201300018978,0,7,0,2.0,0.0,8.0,1.0,A01
201300018979,0,7,0,0.0,0.0,0.0,13.0,A01
201300018979,0,7,0,0.0,2.0,3.0,1.0,C03
201300018979,0,7,0,0.0,2.0,3.0,21.0,B02
201300018980,0,7,0,0.0,2.0,2.0,13.0,A01
201300018980,0,7,0,0.0,2.0,2.0,1.0,B02
201300018981,0,7,0,0.0,2.0,1.0,1.0,B02
201300018981,0,7,0,0.0,2.0,7.0,0.0,A01
201300018982,0,10,0,0.0,0.0,6.0,10.0,A01
201300018982,0,33,0,0.0,2.0,1.0,1.0,B02
201300018983,0,15,0,0.0,2.0,1.0,1.0,A01
201300018983,0,7,0,0.0,2.0,8.0,19.0,B02
201300018984,0,7,0,2.0,0.0,3.0,1.0,A01
201300018985,0,33,0,0.0,0.0,8.0,1.0,A01
201300018986,0,7,0,0.0,9.0,2.0,1.0,A01
201300018986,0,1,0,0.0,2.0,1.0,19.0,B02
201300018987,0,30,0,0.0,2.0,1.0,13.0,A01
201300018987,0,10,0,0.0,2.0,1.0,1.0,B02
201300018988,0,7,0,0.0,0.0,2.0,15.0,A01
201300018988,0,7,0,12.0,0.0,1.0,1.0,B02
201300018989,0,7,0,0.0,2.0,3.0,1.0,A01
201300018989,0,17,0,0.0,2.0,3.0,1.0,B02
201300018990,0,7,0,0.0,1.0,3.0,19.0,A01
201300018991,0,30,0,0.0,2.0,1.0,1.0,B02
201300018991,0,7,0,0.0,2.0,1.0,1.0,A01
201300018992,0,7,0,13.0,0.0,1.0,0.0,A01
201300018993,0,1,0,0.0,2.0,9.0,1.0,B02
201300018993,0,15,0,0.0,2.0,7.0,1.0,A01
201300018994,0,7,0,0.0,2.0,8.0,1.0,B02
201300018994,0,7,0,0.0,2.0,3.0,1.0,A01
201300018995,0,7,0,0.0,2.0,3.0,1.0,B02
201300018995,0,7,0,0.0,2.0,3.0,13.0,A01
201300018996,0,7,0,0.0,2.0,2.0,1.0,A01
201300018996,0,7,0,0.0,2.0,7.0,19.0,B02
201300018997,0,14,0,0.0,9.0,2.0,2.0,A01
201300018997,0,1,0,0.0,2.0,4.0,2.0,B02
201300018998,0,7,0,0.0,1.0,2.0,1.0,A01
201300018999,0,7,0,0.0,2.0,2.0,15.0,A01
201300018999,0,7,0,0.0,2.0,3.0,1.0,B02
201300019000,0,2,0,0.0,2.0,0.0,1.0,A01
201300019001,0,30,0,9.0,0.0,1.0,1.0,A01
201300019002,0,2,0,0.0,2.0,2.0,1.0,B02
201300019002,0,7,0,0.0,2.0,3.0,19.0,A01
201300019003,0,33,0,0.0,2.0,1.0,1.0,A01
201300019003,0,1,0,0.0,2.0,4.0,1.0,B02
201300019004,0,7,0,0.0,2.0,3.0,13.0,A01
201300019004,0,7,0,0.0,2.0,3.0,1.0,B02
201300019005,0,1,0,0.0,5.0,7.0,1.0,A01
201300019006,0,30,0,0.0,2.0,1.0,13.0,A01
201300019006,0,7,0,0.0,2.0,3.0,1.0,B02
201300019007,0,15,0,0.0,2.0,2.0,15.0,A01
201300019007,0,1,0,0.0,2.0,1.0,1.0,B02
201300019008,0,7,0,0.0,2.0,3.0,13.0,A01
201300019008,0,7,0,0.0,2.0,3.0,1.0,B02
201300019009,0,15,0,0.0,2.0,3.0,1.0,B02
201300019009,0,10,0,0.0,2.0,3.0,13.0,A01
201300019010,0,7,0,0.0,2.0,3.0,1.0,C03
201300019010,0,7,0,4.0,0.0,2.0,15.0,A01
201300019010,0,7,0,0.0,2.0,1.0,1.0,B02
201300019011,0,7,0,3.0,0.0,1.0,11.0,A01
201300019012,0,2,0,4.0,0.0,0.0,14.0,A01
201300019013,0,7,0,0.0,1.0,1.0,1.0,A01
201300019014,0,7,0,0.0,2.0,1.0,1.0,B02
201300019014,0,7,0,0.0,2.0,1.0,17.0,A01
201300019015,0,7,0,0.0,1.0,8.0,1.0,A01
201300019016,0,7,0,13.0,0.0,1.0,17.0,A01
201300019017,0,10,0,0.0,1.0,2.0,1.0,A01
201300019018,0,7,0,0.0,2.0,3.0,9.0,A01
201300019018,0,1,0,0.0,2.0,1.0,1.0,B02
201300019019,0,1,0,0.0,2.0,1.0,1.0,B02
201300019019,0,7,0,0.0,2.0,3.0,9.0,A01
201300019020,0,7,0,0.0,1.0,2.0,2.0,A01
201300019021,0,7,0,6.0,0.0,9.0,13.0,A01
201300019022,0,10,0,0.0,2.0,5.0,17.0,A01
201300019022,0,33,0,0.0,2.0,8.0,1.0,B02
201300019023,0,7,0,0.0,2.0,1.0,1.0,A01
201300019023,0,7,0,0.0,2.0,3.0,1.0,B02
201300019023,0,7,0,0.0,2.0,1.0,1.0,C03
201300019023,0,7,0,0.0,2.0,3.0,1.0,D04
201300019024,0,7,0,0.0,1.0,1.0,1.0,A01
201300019025,0,7,0,0.0,2.0,3.0,16.0,B02
201300019025,0,99,0,0.0,2.0,7.0,19.0,A01
201300019026,0,7,0,6.0,0.0,2.0,1.0,A01
201300019027,0,7,0,13.0,0.0,1.0,17.0,A01
201300019028,0,7,0,16.0,0.0,0.0,13.0,A01
201300019029,0,7,0,0.0,2.0,3.0,1.0,B02
201300019029,0,7,0,3.0,2.0,2.0,1.0,A01
201300019030,0,7,0,0.0,0.0,7.0,0.0,A01
201300019031,0,7,0,0.0,1.0,1.0,1.0,A01
201300019032,0,7,0,0.0,2.0,3.0,17.0,A01
201300019032,0,7,0,0.0,2.0,3.0,1.0,B02
201300019033,0,7,0,0.0,0.0,3.0,19.0,A01
201300019033,0,7,0,0.0,2.0,1.0,1.0,B02
201300019034,0,14,0,13.0,0.0,1.0,1.0,A01
201300019035,0,7,0,8.0,0.0,2.0,0.0,A01
201300019036,0,30,0,0.0,2.0,1.0,1.0,A01
201300019036,0,7,0,0.0,2.0,2.0,1.0,B02
201300019037,0,7,0,2.0,0.0,1.0,0.0,A01
201300019038,0,10,0,2.0,0.0,1.0,1.0,A01
201300019039,0,7,0,0.0,2.0,2.0,1.0,A01
201300019039,0,7,0,0.0,2.0,8.0,15.0,B02
201300019040,0,31,0,13.0,0.0,1.0,16.0,A01
201300019041,0,7,0,0.0,2.0,1.0,1.0,A01
201300019041,0,1,0,0.0,2.0,3.0,15.0,B02
201300019042,0,7,0,0.0,2.0,3.0,16.0,A01
201300019042,0,1,0,0.0,2.0,1.0,1.0,B02
201300019043,0,7,0,2.0,0.0,1.0,1.0,A01
201300019044,0,7,0,1.0,0.0,1.0,1.0,A01
201300019045,0,7,0,13.0,0.0,1.0,13.0,A01
201300019046,0,7,0,0.0,2.0,8.0,19.0,A01
201300019046,0,15,0,0.0,2.0,1.0,1.0,B02
201300019047,0,7,0,0.0,1.0,1.0,1.0,A01
201300019048,0,7,0,6.0,2.0,8.0,15.0,A01
201300019048,0,7,0,0.0,2.0,1.0,1.0,B02
201300019049,0,7,0,0.0,2.0,1.0,13.0,A01
201300019049,0,10,0,0.0,2.0,1.0,1.0,B02
201300019050,0,33,0,0.0,2.0,3.0,1.0,B02
201300019050,0,7,0,0.0,2.0,3.0,1.0,A01
201300019051,0,7,0,0.0,2.0,3.0,1.0,B02
201300019051,0,7,0,0.0,2.0,3.0,13.0,A01
201300019051,0,7,0,0.0,2.0,1.0,1.0,C03
201300019052,0,10,0,6.0,0.0,1.0,1.0,A01
201300019053,0,30,0,0.0,2.0,1.0,1.0,A01
201300019053,0,7,0,0.0,2.0,5.0,15.0,B02
201300019054,0,7,0,0.0,2.0,3.0,19.0,A01
201300019054,0,7,0,0.0,2.0,3.0,1.0,B02
201300019055,0,33,0,0.0,2.0,1.0,13.0,A01
201300019055,0,7,0,0.0,2.0,1.0,1.0,B02
201300019056,0,7,0,0.0,2.0,4.0,1.0,C03
201300019056,0,33,0,0.0,2.0,4.0,1.0,B02
201300019056,0,7,0,0.0,2.0,1.0,1.0,A01
201300019057,0,7,0,0.0,2.0,2.0,15.0,A01
201300019057,0,31,0,0.0,2.0,1.0,1.0,B02
201300019058,0,7,0,0.0,2.0,3.0,13.0,A01
201300019058,0,7,0,0.0,2.0,3.0,1.0,B02
201300019059,0,7,0,0.0,2.0,7.0,15.0,A01
201300019059,0,7,0,0.0,2.0,1.0,1.0,B02
201300019060,0,7,0,0.0,2.0,3.0,1.0,B02
201300019060,0,7,0,0.0,2.0,3.0,1.0,A01
201300019061,0,7,0,13.0,0.0,9.0,1.0,A01
201300019062,0,10,0,0.0,2.0,1.0,1.0,A01
201300019062,0,7,0,0.0,2.0,4.0,23.0,B02
201300019062,0,7,0,0.0,2.0,4.0,23.0,C03
201300019062,0,7,0,0.0,2.0,4.0,23.0,D04
201300019063,0,7,0,6.0,0.0,2.0,1.0,A01
201300019064,0,10,0,0.0,2.0,2.0,1.0,B02
201300019064,0,10,0,0.0,2.0,4.0,1.0,C03
201300019064,0,7,0,0.0,2.0,2.0,13.0,A01
201300019064,0,7,0,0.0,2.0,1.0,1.0,D04
201300019065,0,7,0,0.0,2.0,3.0,1.0,A01
201300019065,0,7,0,0.0,2.0,5.0,1.0,B02
201300019066,0,7,0,0.0,2.0,7.0,1.0,D04
201300019066,0,33,0,0.0,2.0,1.0,1.0,A01
201300019066,0,7,0,0.0,2.0,8.0,1.0,C03
201300019066,0,7,0,0.0,2.0,4.0,2.0,B02
201300019067,0,33,0,4.0,9.0,1.0,17.0,A01
201300019068,0,7,0,1.0,1.0,3.0,17.0,A01
201300019069,0,7,0,0.0,1.0,1.0,1.0,A01
201300019070,0,33,0,0.0,2.0,4.0,1.0,A01
201300019070,0,7,0,0.0,2.0,1.0,9.0,B02
201300019071,0,7,0,3.0,0.0,2.0,14.0,A01
201300019072,0,31,0,0.0,2.0,1.0,1.0,B02
201300019072,0,7,0,0.0,0.0,7.0,15.0,A01
201300019073,0,36,0,2.0,0.0,1.0,1.0,A01
201300019074,0,7,0,0.0,2.0,1.0,1.0,B02
201300019074,0,7,0,0.0,2.0,3.0,15.0,A01
201300019075,0,7,0,13.0,0.0,9.0,1.0,A01
201300019076,0,7,0,0.0,2.0,2.0,15.0,A01
201300019076,0,7,0,0.0,2.0,1.0,1.0,B02
201300019076,0,7,0,0.0,2.0,1.0,23.0,C03
201300019077,0,7,0,0.0,2.0,1.0,1.0,B02
201300019077,0,7,0,0.0,2.0,1.0,13.0,A01
201300019078,0,1,0,0.0,2.0,4.0,1.0,B02
201300019078,0,10,0,0.0,2.0,2.0,1.0,A01
201300019079,0,7,0,6.0,0.0,1.0,19.0,A01
201300019080,0,10,0,0.0,2.0,3.0,15.0,A01
201300019080,0,33,0,0.0,2.0,1.0,1.0,B02
201300019081,0,7,0,0.0,2.0,3.0,21.0,B02
201300019082,0,2,0,0.0,2.0,1.0,1.0,B02
201300019082,0,17,0,0.0,2.0,3.0,1.0,A01
201300019083,0,7,0,0.0,2.0,7.0,24.0,B02
201300019083,0,7,0,3.0,2.0,1.0,2.0,A01
201300019083,0,7,0,0.0,2.0,1.0,21.0,C03
201300019084,0,31,0,0.0,2.0,1.0,1.0,B02
201300019084,0,7,0,0.0,2.0,2.0,15.0,A01
201300019085,0,7,0,0.0,2.0,6.0,2.0,B02
201300019085,0,33,0,0.0,2.0,1.0,2.0,A01
201300019086,0,7,0,2.0,0.0,9.0,1.0,A01
201300019087,0,7,0,0.0,1.0,4.0,4.0,A01
201300019088,1,7,0,0.0,1.0,2.0,1.0,A01
201300019089,0,14,0,2.0,0.0,3.0,14.0,A01
201300019090,0,7,0,3.0,0.0,1.0,1.0,A01
201300019091,0,7,0,0.0,1.0,1.0,1.0,A01
201300019092,0,7,0,0.0,2.0,7.0,15.0,A01
201300019092,0,30,0,0.0,2.0,1.0,1.0,B02
201300019093,0,7,0,13.0,0.0,9.0,1.0,A01
201300019094,0,10,0,2.0,0.0,1.0,0.0,A01
201300019095,0,10,0,0.0,2.0,4.0,15.0,B02
201300019095,0,33,0,0.0,2.0,1.0,1.0,A01
201300019096,0,7,0,0.0,2.0,3.0,9.0,A01
201300019096,0,2,0,0.0,2.0,2.0,1.0,B02
201300019097,0,7,0,0.0,0.0,1.0,1.0,A01
201300019097,0,33,0,0.0,0.0,1.0,1.0,B02
201300019098,0,7,0,0.0,9.0,2.0,1.0,A01
201300019098,0,1,0,0.0,2.0,8.0,1.0,B02
201300019099,0,7,0,6.0,0.0,3.0,1.0,A01
201300019100,0,7,0,0.0,1.0,2.0,1.0,A01
201300019101,0,7,0,13.0,0.0,3.0,13.0,A01
201300019102,0,7,0,0.0,2.0,2.0,13.0,A01
201300019102,0,15,0,0.0,2.0,1.0,1.0,B02
201300019103,0,7,0,2.0,0.0,1.0,1.0,A01
201300019104,0,7,0,0.0,2.0,1.0,1.0,B02
201300019104,0,7,0,0.0,2.0,3.0,19.0,A01
201300019105,0,10,0,0.0,2.0,2.0,15.0,A01
201300019105,0,33,0,0.0,2.0,1.0,1.0,B02
201300019106,2,7,0,2.0,0.0,9.0,1.0,A01
201300019107,0,7,0,0.0,1.0,3.0,1.0,A01
201300019108,0,7,0,0.0,2.0,7.0,1.0,B02
201300019108,0,30,0,0.0,2.0,1.0,9.0,A01
201300019109,0,7,0,0.0,2.0,1.0,1.0,B02
201300019109,0,7,0,0.0,2.0,7.0,13.0,A01
201300019110,0,7,0,0.0,2.0,1.0,1.0,B02
201300019110,0,2,0,0.0,2.0,1.0,11.0,A01
201300019111,2,7,0,0.0,2.0,3.0,1.0,A01
201300019111,0,7,0,0.0,2.0,3.0,1.0,B02
201300019112,0,7,0,13.0,0.0,1.0,1.0,A01
201300019113,0,33,0,0.0,2.0,1.0,1.0,B02
201300019113,0,7,0,0.0,2.0,5.0,15.0,A01
201300019114,0,32,0,15.0,0.0,1.0,0.0,A01
201300019115,0,7,0,8.0,0.0,7.0,1.0,A01
201300019116,0,10,0,2.0,0.0,2.0,13.0,A01
201300019117,0,35,0,0.0,0.0,0.0,1.0,A01
201300019118,0,7,0,13.0,0.0,1.0,13.0,A01
201300019119,0,33,0,0.0,0.0,7.0,1.0,A01
201300019119,0,7,0,0.0,0.0,2.0,1.0,B02
201300019120,0,7,0,6.0,0.0,1.0,1.0,A01
201300019121,0,7,0,16.0,0.0,9.0,19.0,A01
201300019122,1,7,0,1.0,1.0,3.0,17.0,A01
201300019123,0,30,0,0.0,2.0,1.0,0.0,A01
201300019123,0,7,0,0.0,2.0,2.0,1.0,B02
201300019124,0,38,0,0.0,2.0,8.0,19.0,A01
201300019124,0,7,0,0.0,2.0,1.0,1.0,B02
201300019125,0,1,0,0.0,2.0,1.0,5.0,A01
201300019125,0,7,0,0.0,2.0,5.0,15.0,B02
201300019126,0,1,0,0.0,2.0,4.0,13.0,B02
201300019126,0,15,0,0.0,2.0,3.0,1.0,A01
201300019127,0,7,0,2.0,0.0,8.0,1.0,A01
201300019128,0,33,0,13.0,0.0,1.0,2.0,A01
201300019129,0,33,0,1.0,0.0,1.0,14.0,A01
201300019130,0,10,0,6.0,0.0,1.0,0.0,A01
201300019131,0,33,0,0.0,0.0,0.0,1.0,A01
201300019132,0,14,0,0.0,0.0,0.0,1.0,A01
201300019133,0,7,0,0.0,2.0,2.0,1.0,A01
201300019133,0,1,0,0.0,2.0,1.0,15.0,B02
201300019134,0,7,0,6.0,0.0,7.0,1.0,A01
201300019135,0,33,0,6.0,0.0,1.0,1.0,A01
201300019136,0,7,0,0.0,2.0,3.0,1.0,A01
201300019136,0,33,0,0.0,2.0,5.0,12.0,B02
201300019137,0,3,0,0.0,2.0,4.0,23.0,B02
201300019137,0,10,0,0.0,2.0,1.0,1.0,A01