Num_Acc,senc,catv,occutc,obs,obsm,choc,manv,num_veh
201300019138,0,10,0,0.0,2.0,3.0,1.0,A01
201300019138,0,10,0,0.0,2.0,3.0,13.0,B02
201300019139,0,33,0,0.0,0.0,7.0,1.0,A01
201300019140,0,1,0,0.0,2.0,1.0,1.0,B02
201300019140,0,13,0,0.0,2.0,2.0,15.0,A01
201300019141,0,7,0,0.0,1.0,2.0,1.0,A01
201300019142,0,30,0,16.0,0.0,9.0,0.0,A01
201300019143,0,7,0,2.0,0.0,2.0,14.0,A01
201300019144,0,7,0,0.0,2.0,9.0,1.0,B02
201300019144,0,7,0,0.0,2.0,3.0,1.0,A01
201300019145,0,1,0,0.0,2.0,8.0,19.0,A01
201300019145,0,7,0,0.0,2.0,2.0,1.0,B02
201300019146,0,10,0,0.0,2.0,1.0,1.0,A01
201300019146,0,7,0,0.0,2.0,1.0,13.0,B02
201300019147,0,7,0,0.0,2.0,1.0,1.0,A01
201300019147,0,7,0,0.0,2.0,3.0,19.0,B02
201300019148,0,7,0,13.0,0.0,1.0,14.0,A01
201300019149,0,7,0,7.0,0.0,9.0,14.0,A01
201300019150,0,17,0,0.0,0.0,6.0,1.0,B02
201300019150,0,1,0,0.0,2.0,1.0,19.0,A01
201300019151,0,7,0,0.0,2.0,8.0,15.0,B02
201300019151,0,14,0,0.0,2.0,1.0,1.0,A01
201300019152,0,7,0,0.0,0.0,4.0,23.0,A01
201300019152,0,7,0,1.0,0.0,1.0,1.0,B02
201300019153,0,7,0,2.0,0.0,1.0,1.0,A01
201300019154,0,7,0,13.0,0.0,8.0,1.0,A01
201300019155,0,10,0,0.0,2.0,1.0,13.0,A01
201300019155,0,10,0,0.0,2.0,1.0,1.0,B02
201300019156,0,7,0,0.0,1.0,3.0,1.0,A01
201300019157,0,7,0,0.0,1.0,1.0,1.0,A01
201300019158,0,7,0,13.0,0.0,1.0,1.0,A01
201300019159,0,14,0,0.0,2.0,2.0,15.0,A01
201300019159,0,33,0,0.0,2.0,1.0,1.0,B02
201300019160,0,10,0,0.0,2.0,3.0,1.0,B02
201300019160,0,10,0,0.0,2.0,3.0,1.0,A01
201300019161,0,7,0,2.0,0.0,3.0,14.0,A01
201300019162,0,7,0,0.0,0.0,8.0,1.0,A01
201300019163,0,7,0,0.0,2.0,3.0,1.0,A01
201300019163,0,33,0,0.0,2.0,1.0,1.0,B02
201300019164,0,31,0,13.0,0.0,1.0,1.0,A01
201300019165,0,33,0,0.0,2.0,1.0,1.0,C03
201300019165,0,7,0,0.0,2.0,8.0,23.0,A01
201300019165,0,7,0,0.0,2.0,8.0,1.0,B02
201300019166,0,31,0,0.0,2.0,1.0,17.0,A01
201300019166,0,7,0,0.0,2.0,6.0,15.0,B02
201300019167,0,1,0,0.0,2.0,1.0,1.0,B02
201300019167,0,7,0,0.0,2.0,3.0,9.0,A01
201300019168,0,33,0,0.0,2.0,1.0,2.0,B02
201300019168,0,7,0,0.0,2.0,3.0,15.0,A01
201300019169,0,7,0,0.0,2.0,1.0,23.0,C03
201300019169,0,33,0,0.0,2.0,2.0,1.0,B02
201300019169,0,7,0,0.0,2.0,5.0,15.0,A01
201300019170,2,7,0,0.0,2.0,1.0,19.0,A01
201300019170,0,33,0,0.0,2.0,1.0,1.0,B02
201300019171,0,31,0,0.0,2.0,8.0,1.0,B02
201300019171,0,7,0,0.0,2.0,1.0,0.0,A01
201300019172,0,7,0,0.0,2.0,3.0,1.0,B02
201300019172,0,10,0,0.0,2.0,3.0,1.0,A01
201300019173,0,33,0,8.0,0.0,1.0,1.0,A01
201300019174,0,10,0,3.0,0.0,0.0,14.0,A01
201300019175,0,7,0,0.0,2.0,5.0,15.0,A01
201300019175,0,7,0,0.0,2.0,2.0,1.0,B02
201300019176,0,7,0,0.0,2.0,1.0,13.0,A01
201300019176,0,7,0,0.0,2.0,3.0,1.0,B02
201300019177,0,7,0,0.0,1.0,1.0,1.0,A01
201300019178,0,30,0,0.0,4.0,7.0,19.0,A01
201300019178,0,39,0,0.0,2.0,3.0,1.0,B02
201300019179,0,7,0,0.0,2.0,3.0,13.0,A01
201300019179,0,7,0,0.0,2.0,3.0,1.0,B02
201300019180,0,7,0,0.0,0.0,8.0,14.0,A01
201300019180,0,33,0,0.0,2.0,1.0,17.0,B02
201300019181,0,1,0,16.0,9.0,0.0,0.0,A01
201300019181,0,1,0,0.0,9.0,0.0,0.0,B02
201300019182,0,7,0,0.0,2.0,3.0,13.0,A01
201300019182,0,15,0,0.0,2.0,3.0,1.0,B02
201300019183,0,7,0,8.0,0.0,2.0,14.0,A01
201300019184,0,7,0,0.0,1.0,5.0,1.0,A01
201300019185,0,7,0,0.0,2.0,1.0,2.0,A01
201300019185,0,1,0,0.0,2.0,5.0,2.0,B02
201300019186,0,7,0,0.0,2.0,3.0,11.0,A01
201300019186,0,2,0,0.0,2.0,2.0,17.0,B02
201300019187,0,33,0,0.0,2.0,1.0,17.0,A01
201300019187,0,17,0,0.0,2.0,0.0,1.0,B02
201300019188,0,7,0,0.0,1.0,3.0,15.0,A01
201300019189,0,7,0,0.0,2.0,8.0,1.0,C03
201300019189,0,31,0,0.0,2.0,3.0,3.0,B02
201300019189,0,33,0,0.0,2.0,3.0,3.0,A01
201300019190,0,7,0,0.0,1.0,2.0,1.0,A01
201300019191,0,7,0,0.0,2.0,3.0,1.0,A01
201300019191,0,7,0,0.0,2.0,3.0,17.0,B02
201300019192,0,7,0,2.0,0.0,3.0,1.0,A01
201300019193,0,2,0,0.0,2.0,1.0,1.0,A01
201300019193,0,10,0,0.0,2.0,3.0,15.0,B02
201300019194,0,30,0,0.0,2.0,7.0,15.0,A01
201300019194,0,7,0,0.0,2.0,1.0,1.0,B02
201300019195,0,34,0,0.0,1.0,1.0,1.0,A01
201300019196,0,7,0,2.0,0.0,1.0,14.0,A01
201300019197,0,7,0,8.0,0.0,1.0,13.0,A01
201300019198,0,17,0,0.0,2.0,3.0,1.0,A01
201300019198,0,7,0,0.0,2.0,1.0,13.0,B02
201300019199,0,17,0,0.0,0.0,7.0,17.0,A01
201300019200,0,7,0,0.0,2.0,2.0,15.0,A01
201300019200,0,33,0,0.0,2.0,7.0,1.0,B02
201300019201,0,33,0,0.0,2.0,1.0,1.0,B02
201300019201,0,7,0,0.0,2.0,3.0,19.0,A01
201300019202,0,30,0,0.0,2.0,2.0,2.0,B02
201300019202,0,7,0,0.0,2.0,3.0,15.0,A01
201300019203,0,7,0,2.0,0.0,1.0,1.0,A01
201300019204,0,33,0,0.0,2.0,8.0,15.0,B02
201300019204,0,7,0,0.0,2.0,2.0,15.0,A01
201300019205,0,7,0,8.0,0.0,1.0,16.0,A01
201300019206,0,33,0,0.0,2.0,1.0,1.0,B02
201300019206,0,7,0,0.0,2.0,7.0,15.0,A01
201300019207,0,7,0,0.0,2.0,3.0,1.0,A01
201300019207,0,7,0,0.0,2.0,7.0,16.0,B02
201300019208,0,7,0,0.0,1.0,1.0,1.0,A01
201300019209,0,7,0,8.0,0.0,2.0,0.0,A01
201300019210,0,33,0,0.0,2.0,0.0,1.0,B02
201300019210,0,7,0,0.0,2.0,3.0,16.0,A01
201300019211,0,30,0,0.0,2.0,1.0,1.0,A01
201300019211,0,7,0,0.0,2.0,3.0,1.0,B02
201300019212,0,21,0,0.0,2.0,4.0,1.0,B02
201300019212,0,7,0,0.0,2.0,1.0,1.0,A01
201300019213,0,15,0,1.0,0.0,1.0,14.0,A01
201300019213,0,15,0,0.0,0.0,4.0,24.0,B02
201300019214,0,10,0,4.0,0.0,1.0,1.0,A01
201300019215,0,7,0,13.0,0.0,2.0,1.0,A01
201300019216,0,7,0,0.0,2.0,3.0,15.0,A01
201300019216,0,1,0,0.0,2.0,1.0,1.0,B02
201300019217,0,7,0,13.0,0.0,2.0,14.0,A01
201300019218,0,7,0,0.0,2.0,3.0,1.0,A01
201300019218,0,31,0,0.0,2.0,3.0,19.0,B02
201300019219,0,7,0,0.0,1.0,4.0,20.0,A01
201300019220,0,7,0,13.0,0.0,9.0,1.0,A01
201300019221,0,30,0,2.0,0.0,1.0,1.0,A01
201300019222,0,10,0,0.0,2.0,3.0,13.0,A01
201300019222,0,7,0,0.0,2.0,3.0,1.0,B02
201300019223,0,2,0,0.0,2.0,1.0,1.0,A01
201300019223,0,7,0,0.0,2.0,1.0,17.0,B02
201300019224,0,7,0,2.0,0.0,7.0,14.0,A01
201300019225,0,7,0,0.0,2.0,8.0,21.0,B02
201300019225,0,7,0,0.0,2.0,3.0,13.0,A01
201300019225,0,7,0,0.0,2.0,1.0,21.0,C03
201300019226,0,7,0,0.0,2.0,1.0,2.0,A01
201300019226,0,1,0,0.0,2.0,4.0,2.0,B02
201300019227,0,7,0,0.0,2.0,1.0,15.0,A01
201300019227,0,1,0,0.0,2.0,8.0,19.0,B02
201300019228,0,33,0,0.0,2.0,1.0,1.0,A01
201300019228,0,10,0,0.0,2.0,3.0,1.0,B02
201300019229,0,10,0,0.0,1.0,1.0,20.0,A01
201300019230,0,17,0,0.0,2.0,1.0,2.0,A01
201300019230,0,7,0,0.0,2.0,4.0,23.0,B01
201300019231,0,7,0,0.0,2.0,1.0,13.0,A01
201300019231,0,7,0,0.0,2.0,1.0,1.0,B01
201300019232,0,2,0,15.0,4.0,2.0,1.0,A01
201300019232,0,39,80,0.0,2.0,1.0,1.0,B01
201300019233,0,7,0,15.0,2.0,1.0,1.0,A01
201300019233,0,7,0,0.0,2.0,7.0,20.0,B01
201300019234,0,7,0,0.0,2.0,1.0,13.0,A01
201300019234,0,7,0,0.0,2.0,1.0,1.0,B01
201300019235,0,15,0,0.0,2.0,4.0,23.0,A01
201300019235,0,15,0,14.0,2.0,2.0,1.0,B01
201300019235,0,7,0,14.0,0.0,2.0,21.0,C01
201300019235,0,7,0,14.0,2.0,1.0,1.0,D01
201300019236,0,7,0,0.0,1.0,1.0,15.0,A01
201300019237,0,7,0,1.0,1.0,3.0,1.0,A01
201300019238,1,32,0,0.0,1.0,0.0,0.0,A01
201300019239,0,33,0,0.0,2.0,1.0,17.0,A01
201300019239,0,7,0,0.0,2.0,8.0,15.0,B01
201300019240,0,7,0,0.0,2.0,4.0,23.0,A01
201300019240,0,7,0,0.0,2.0,1.0,1.0,B01
201300019241,0,7,0,0.0,2.0,1.0,1.0,A01
201300019241,0,7,0,0.0,2.0,4.0,1.0,B01
201300019242,0,7,0,0.0,2.0,4.0,23.0,A01
201300019242,0,30,0,0.0,2.0,1.0,1.0,B01
201300019243,0,7,0,0.0,2.0,4.0,4.0,A01
201300019243,0,7,0,0.0,2.0,1.0,1.0,B01
201300019244,0,7,0,8.0,2.0,1.0,1.0,A01
201300019244,2,7,0,0.0,2.0,1.0,13.0,Z01
201300019245,0,2,0,0.0,2.0,1.0,17.0,A01
201300019245,0,7,0,0.0,2.0,6.0,15.0,B01
201300019246,0,7,0,0.0,2.0,1.0,15.0,A01
201300019246,0,7,0,0.0,2.0,1.0,1.0,B01
201300019247,0,7,0,0.0,2.0,4.0,23.0,A01
201300019247,0,7,0,0.0,2.0,1.0,1.0,B01
201300019248,0,2,0,9.0,0.0,1.0,14.0,A01
201300019249,0,7,0,0.0,1.0,1.0,1.0,A01
201300019250,0,32,0,0.0,2.0,7.0,17.0,A01
201300019250,0,7,0,0.0,2.0,8.0,15.0,B01
201300019251,0,7,0,0.0,2.0,2.0,1.0,A01
201300019251,0,7,0,0.0,2.0,1.0,15.0,B01
201300019252,0,7,0,0.0,2.0,5.0,1.0,A01
201300019252,0,7,0,0.0,2.0,1.0,1.0,B01
201300019253,0,31,0,13.0,0.0,1.0,13.0,A01
201300019254,0,30,0,0.0,2.0,1.0,1.0,A01
201300019254,0,7,0,0.0,2.0,4.0,23.0,B01
201300019255,0,7,0,0.0,2.0,7.0,17.0,A01
201300019255,0,30,0,0.0,2.0,8.0,1.0,B01
201300019256,0,7,0,0.0,2.0,8.0,15.0,B01
201300019256,0,33,0,1.0,0.0,7.0,1.0,A01
201300019257,0,7,0,0.0,2.0,1.0,17.0,A01
201300019257,0,33,0,0.0,2.0,1.0,1.0,B01
201300019258,0,10,0,6.0,0.0,2.0,21.0,A01
201300019258,0,7,0,0.0,2.0,0.0,1.0,B01
201300019259,0,17,0,15.0,2.0,2.0,14.0,A01
201300019259,0,16,0,3.0,2.0,6.0,23.0,B01
201300019260,0,2,0,0.0,2.0,1.0,16.0,B01
201300019260,0,7,0,0.0,2.0,2.0,1.0,A01
201300019261,0,10,0,8.0,0.0,1.0,14.0,A01
201300019262,0,30,0,12.0,0.0,1.0,1.0,A01
201300019263,0,7,0,0.0,2.0,4.0,23.0,A01
201300019263,0,7,0,0.0,2.0,1.0,1.0,B01
201300019264,0,7,0,0.0,2.0,1.0,1.0,A01
201300019264,0,7,0,0.0,2.0,4.0,1.0,B01
201300019264,0,7,0,0.0,2.0,4.0,1.0,C01
201300019265,0,7,0,13.0,0.0,1.0,1.0,A01
201300019266,0,7,0,3.0,0.0,1.0,13.0,A01
201300019267,0,7,0,0.0,2.0,1.0,1.0,B01
201300019267,0,7,0,0.0,2.0,3.0,16.0,A01
201300019268,0,7,0,0.0,1.0,1.0,1.0,A01
201300019269,0,33,0,0.0,2.0,2.0,9.0,A01
201300019269,0,7,0,0.0,2.0,6.0,1.0,B01
201300019270,0,7,0,0.0,2.0,2.0,1.0,A01
201300019270,0,7,0,0.0,2.0,1.0,16.0,B01
201300019271,0,2,0,0.0,2.0,1.0,1.0,A01
201300019271,0,7,0,0.0,2.0,6.0,20.0,B01
201300019272,0,2,0,0.0,2.0,1.0,6.0,A01
201300019272,0,7,0,0.0,2.0,2.0,1.0,B01
201300019273,0,7,0,0.0,1.0,1.0,1.0,A01
201300019274,0,30,0,1.0,2.0,1.0,1.0,A01
201300019274,0,7,0,0.0,2.0,6.0,15.0,B01
201300019275,0,7,0,0.0,1.0,1.0,1.0,A01
201300019276,0,30,0,8.0,0.0,1.0,1.0,A01
201300019277,0,10,0,0.0,1.0,2.0,1.0,A01
201300019278,0,7,0,0.0,2.0,2.0,1.0,A01
201300019278,0,2,0,0.0,2.0,1.0,1.0,B01
201300019279,0,35,0,2.0,0.0,0.0,1.0,A01
201300019280,0,7,0,0.0,9.0,1.0,1.0,A01
201300019281,0,7,0,0.0,2.0,4.0,15.0,A01
201300019281,0,1,0,0.0,2.0,1.0,1.0,B01
201300019282,0,2,0,8.0,0.0,1.0,14.0,A01
201300019283,0,30,0,0.0,2.0,1.0,1.0,A01
201300019283,0,7,0,0.0,2.0,4.0,23.0,B01
201300019284,0,7,0,0.0,2.0,4.0,16.0,A01
201300019284,0,7,0,0.0,2.0,1.0,1.0,B01
201300019285,0,7,0,0.0,2.0,4.0,16.0,A01
201300019285,0,7,0,0.0,2.0,1.0,1.0,B01
201300019286,0,7,0,1.0,0.0,2.0,14.0,A01
201300019287,0,7,0,0.0,1.0,4.0,4.0,A01
201300019288,0,10,0,0.0,1.0,8.0,1.0,A01
201300019289,0,7,0,0.0,2.0,4.0,1.0,A01
201300019289,0,7,0,0.0,2.0,4.0,1.0,B01
201300019289,0,10,0,0.0,2.0,4.0,1.0,C01
201300019290,0,7,0,0.0,2.0,4.0,23.0,B01
201300019290,0,1,0,0.0,2.0,1.0,2.0,A01
201300019291,0,33,0,9.0,0.0,1.0,1.0,A01
201300019292,0,17,0,3.0,2.0,1.0,6.0,A01
201300019292,0,7,0,0.0,2.0,1.0,1.0,B01
201300019293,0,7,0,0.0,1.0,1.0,1.0,A01
201300019294,0,7,0,0.0,2.0,1.0,1.0,A01
201300019294,0,7,0,0.0,2.0,4.0,16.0,B01
201300019295,0,7,0,0.0,1.0,8.0,1.0,A01
201300019296,0,7,0,0.0,2.0,1.0,15.0,A01
201300019296,0,7,0,0.0,2.0,1.0,1.0,B01
201300019296,0,7,0,0.0,2.0,1.0,16.0,C01
201300019297,0,7,0,0.0,2.0,1.0,13.0,A01
201300019297,0,7,0,0.0,2.0,1.0,1.0,B01
201300019298,0,7,0,0.0,2.0,3.0,10.0,A01
201300019298,0,1,0,0.0,2.0,1.0,2.0,B01
201300019299,0,30,0,12.0,0.0,1.0,14.0,A01
201300019300,0,30,0,0.0,1.0,1.0,1.0,A01
201300019300,0,7,0,0.0,2.0,3.0,1.0,B01
201300019301,0,7,0,0.0,1.0,1.0,1.0,A01
201300019302,0,7,0,6.0,0.0,1.0,14.0,A01
201300019303,0,7,0,0.0,2.0,4.0,1.0,A01
201300019303,0,10,0,0.0,2.0,1.0,1.0,B01
201300019304,0,2,0,14.0,0.0,1.0,1.0,A01
201300019305,0,10,0,0.0,1.0,1.0,1.0,A01
201300019306,0,7,0,0.0,2.0,4.0,15.0,A01
201300019306,0,33,0,0.0,2.0,3.0,1.0,B01
201300019307,0,7,0,0.0,1.0,1.0,1.0,A01
201300019308,0,13,0,0.0,2.0,6.0,15.0,A01
201300019308,0,32,0,0.0,2.0,3.0,17.0,B01
201300019309,0,7,0,0.0,2.0,1.0,13.0,A01
201300019309,0,15,0,0.0,2.0,1.0,1.0,B01
201300019310,0,7,0,0.0,2.0,1.0,1.0,A01
201300019310,0,1,0,0.0,2.0,4.0,9.0,B01
201300019311,1,7,0,0.0,1.0,1.0,1.0,A01
201300019312,0,7,0,0.0,2.0,3.0,15.0,A01
201300019312,0,1,0,0.0,2.0,5.0,16.0,B01
201300019313,0,7,0,0.0,2.0,8.0,1.0,B01
201300019313,0,30,0,0.0,2.0,1.0,1.0,A01
201300019314,0,10,0,0.0,2.0,5.0,17.0,A01
201300019314,0,1,0,0.0,2.0,8.0,1.0,B01
201300019315,0,31,0,0.0,2.0,8.0,2.0,A01
201300019315,0,7,0,0.0,2.0,2.0,2.0,B01
201300019316,0,32,0,6.0,0.0,1.0,1.0,A01
201300019317,0,10,0,6.0,0.0,1.0,1.0,A01
201300019318,0,7,0,0.0,2.0,1.0,2.0,A01
201300019318,0,10,0,0.0,2.0,4.0,23.0,B01
201300019319,0,7,0,8.0,0.0,1.0,1.0,A01
201300019320,0,7,0,0.0,1.0,1.0,1.0,A01
201300019321,0,7,0,0.0,2.0,2.0,15.0,A01
201300019321,0,30,0,0.0,2.0,1.0,1.0,B01
201300019322,0,7,0,6.0,0.0,1.0,1.0,A01
201300019323,0,7,0,8.0,0.0,1.0,1.0,A01
201300019324,0,7,0,0.0,2.0,2.0,2.0,A01
201300019324,0,1,0,0.0,0.0,6.0,2.0,B02
201300019325,0,7,0,0.0,2.0,1.0,2.0,A01
201300019325,0,21,0,0.0,0.0,4.0,2.0,B02
201300019326,0,7,0,0.0,0.0,2.0,17.0,B02
201300019326,0,7,0,0.0,0.0,3.0,15.0,A01
201300019327,0,7,0,0.0,2.0,1.0,1.0,A01
201300019327,0,7,0,0.0,0.0,4.0,1.0,B02
201300019328,0,7,0,0.0,0.0,2.0,1.0,B02
201300019328,0,7,0,0.0,0.0,1.0,1.0,A01
201300019329,0,7,0,13.0,0.0,3.0,13.0,A01
201300019330,0,30,0,0.0,0.0,1.0,1.0,A01
201300019331,0,14,0,0.0,1.0,7.0,2.0,A01
201300019332,0,7,0,0.0,1.0,2.0,17.0,A01
201300019333,0,10,0,0.0,2.0,1.0,2.0,A01
201300019333,0,7,0,0.0,2.0,4.0,2.0,B01
201300019334,0,2,0,0.0,2.0,8.0,1.0,B01
201300019334,0,7,0,0.0,0.0,5.0,1.0,A01
201300019335,0,2,0,0.0,2.0,7.0,1.0,B01
201300019335,0,7,0,0.0,2.0,8.0,9.0,A01
201300019336,0,1,0,0.0,1.0,1.0,0.0,A01
201300019337,0,7,0,0.0,0.0,0.0,1.0,A01
201300019338,0,7,0,13.0,0.0,1.0,0.0,A01
201300019339,0,2,0,1.0,0.0,1.0,1.0,A01
201300019339,0,7,0,0.0,2.0,6.0,1.0,B01
201300019340,0,7,0,0.0,2.0,1.0,2.0,B01
201300019340,0,7,0,0.0,0.0,4.0,1.0,A01
201300019341,0,2,0,0.0,0.0,7.0,1.0,A01
201300019342,0,7,0,0.0,1.0,1.0,1.0,A01
201300019343,0,1,0,0.0,2.0,8.0,1.0,B01
201300019343,0,7,0,0.0,2.0,1.0,1.0,A01
201300019344,0,2,0,0.0,0.0,7.0,1.0,A01
201300019345,0,7,0,0.0,2.0,4.0,2.0,B01
201300019345,0,7,0,0.0,2.0,4.0,2.0,C01
201300019345,0,7,0,0.0,2.0,1.0,2.0,A01
201300019346,0,7,0,0.0,2.0,1.0,2.0,A01
201300019346,0,7,0,0.0,2.0,4.0,2.0,B01
201300019347,0,1,0,0.0,2.0,7.0,1.0,B01
201300019347,0,10,0,0.0,2.0,1.0,9.0,A01
201300019348,0,3,0,0.0,2.0,1.0,1.0,B01
201300019348,0,7,0,0.0,2.0,7.0,10.0,A01
201300019349,0,30,0,0.0,0.0,7.0,0.0,A01
201300019349,0,7,0,0.0,0.0,1.0,1.0,B01
201300019350,0,1,0,0.0,2.0,8.0,1.0,B01
201300019350,0,7,0,0.0,2.0,2.0,1.0,A01
201300019351,0,2,0,0.0,2.0,1.0,1.0,B01
201300019351,0,7,0,0.0,2.0,6.0,15.0,A01
201300019352,0,7,0,0.0,2.0,7.0,21.0,A01
201300019352,0,30,0,0.0,2.0,1.0,15.0,B01
201300019353,0,30,0,0.0,0.0,7.0,1.0,A01
201300019354,0,2,0,0.0,5.0,7.0,1.0,A01
201300019355,0,7,0,0.0,0.0,1.0,1.0,A01
201300019355,0,7,0,0.0,0.0,1.0,1.0,B01
201300019356,0,7,0,0.0,1.0,2.0,1.0,A01
201300019357,0,10,0,0.0,1.0,2.0,16.0,A01
201300019358,0,7,0,0.0,0.0,1.0,1.0,A01
201300019358,0,1,0,0.0,2.0,7.0,1.0,B01
201300019359,0,7,0,0.0,0.0,1.0,1.0,A01
201300019359,0,1,0,0.0,2.0,1.0,0.0,B01
201300019360,0,7,0,0.0,1.0,1.0,1.0,A01
201300019361,0,2,0,0.0,0.0,8.0,0.0,A01
201300019362,0,7,0,2.0,0.0,1.0,0.0,A01
201300019363,0,7,0,0.0,0.0,8.0,15.0,A01
201300019363,0,33,0,0.0,2.0,1.0,17.0,B01
201300019364,0,7,0,0.0,0.0,1.0,0.0,A01
201300019364,0,7,0,0.0,0.0,8.0,1.0,B01
201300019365,0,7,0,0.0,2.0,3.0,1.0,B01
201300019365,0,7,0,0.0,2.0,1.0,0.0,A01
201300019366,0,7,0,0.0,0.0,9.0,0.0,A01
201300019367,0,30,0,0.0,0.0,0.0,0.0,A01
201300019368,0,2,0,0.0,0.0,0.0,0.0,A01
201300019369,0,33,0,0.0,2.0,1.0,2.0,A01
201300019369,0,7,0,0.0,2.0,5.0,15.0,B01
201300019370,0,30,0,0.0,2.0,1.0,0.0,B01
201300019370,0,7,0,0.0,2.0,1.0,0.0,A01
201300019371,0,7,0,0.0,2.0,2.0,0.0,B01
201300019371,0,7,0,0.0,2.0,1.0,0.0,A01
201300019372,0,10,0,0.0,2.0,3.0,15.0,A01
201300019372,0,30,0,0.0,2.0,1.0,17.0,B01
201300019373,0,1,0,0.0,2.0,7.0,0.0,B01
201300019373,0,7,0,0.0,2.0,3.0,0.0,A01
201300019374,0,33,0,0.0,0.0,4.0,1.0,A01
201300019374,1,7,0,0.0,2.0,1.0,2.0,Z01
201300019375,0,30,0,0.0,2.0,1.0,2.0,A01
201300019375,0,7,0,0.0,2.0,5.0,1.0,B01
201300019376,0,7,0,0.0,2.0,4.0,2.0,B01
201300019376,0,7,0,0.0,2.0,1.0,2.0,A01
201300019377,0,7,0,0.0,0.0,4.0,2.0,A01
201300019377,0,7,0,0.0,2.0,4.0,2.0,B01
201300019377,0,7,0,0.0,2.0,1.0,2.0,C01
201300019378,0,30,0,0.0,2.0,3.0,13.0,A01
201300019378,0,7,0,0.0,2.0,8.0,1.0,B01
201300019379,0,7,0,0.0,9.0,7.0,0.0,A01
201300019379,0,1,0,0.0,2.0,8.0,0.0,B01
201300019380,0,7,0,0.0,0.0,7.0,0.0,A01
201300019380,0,37,1,0.0,2.0,1.0,0.0,B01
201300019381,0,7,0,0.0,9.0,1.0,0.0,A01
201300019381,0,1,0,0.0,2.0,8.0,1.0,B01
201300019382,0,10,0,0.0,2.0,1.0,2.0,A01
201300019382,0,7,0,0.0,0.0,5.0,2.0,B01
201300019383,0,10,0,0.0,1.0,1.0,0.0,A01
201300019384,0,30,0,0.0,2.0,1.0,15.0,A01
201300019384,0,31,0,0.0,0.0,8.0,1.0,B01
201300019385,0,7,0,0.0,2.0,4.0,2.0,B01
201300019385,0,7,0,0.0,2.0,1.0,2.0,A01
201300019386,0,30,0,0.0,2.0,7.0,13.0,A01
201300019386,0,7,0,0.0,2.0,8.0,1.0,B01
201300019387,0,7,0,0.0,1.0,1.0,1.0,A01
201300019388,0,10,0,0.0,2.0,6.0,1.0,A01
201300019388,0,10,0,0.0,2.0,3.0,1.0,B01
201300019389,0,7,0,0.0,2.0,3.0,0.0,B01
201300019389,0,7,0,0.0,2.0,3.0,1.0,C01
201300019389,0,7,0,0.0,2.0,2.0,1.0,A01
201300019390,0,7,0,2.0,0.0,1.0,1.0,A01
201300019391,0,7,0,0.0,2.0,3.0,9.0,A01
201300019391,0,1,0,1.0,2.0,7.0,1.0,B01
201300019392,0,2,0,0.0,2.0,3.0,1.0,B01
201300019392,0,7,0,0.0,2.0,2.0,15.0,A01
201300019393,0,33,0,0.0,2.0,1.0,2.0,A01
201300019393,0,7,0,0.0,2.0,4.0,1.0,B01
201300019394,0,7,0,0.0,2.0,1.0,9.0,A01
201300019394,0,1,0,0.0,2.0,7.0,1.0,B01
201300019395,0,7,0,0.0,2.0,1.0,1.0,B01
201300019395,0,7,0,0.0,2.0,1.0,1.0,A01
201300019396,0,7,0,0.0,2.0,1.0,2.0,A01
201300019396,0,7,0,0.0,2.0,4.0,1.0,B01
201300019397,0,33,0,0.0,2.0,1.0,2.0,A01
201300019397,0,7,0,0.0,2.0,4.0,1.0,B01
201300019398,0,7,0,0.0,2.0,2.0,15.0,B01
201300019398,0,1,0,0.0,2.0,1.0,1.0,A01
201300019399,0,7,0,0.0,2.0,6.0,15.0,A01
201300019399,0,7,0,0.0,2.0,3.0,1.0,B01
201300019400,0,1,0,0.0,2.0,1.0,1.0,B01
201300019400,0,7,0,0.0,2.0,1.0,1.0,A01
201300019401,0,7,0,0.0,1.0,1.0,1.0,A01
201300019402,0,33,0,0.0,0.0,8.0,1.0,A01
201300019403,0,7,0,0.0,2.0,1.0,2.0,C01
201300019403,0,7,0,0.0,2.0,4.0,1.0,B01
201300019403,0,7,0,0.0,2.0,1.0,2.0,A01
201300019403,0,7,0,0.0,2.0,4.0,2.0,E01
201300019403,0,7,0,0.0,2.0,4.0,1.0,D01
201300019404,0,7,0,8.0,0.0,3.0,0.0,A01
201300019405,0,7,0,0.0,2.0,1.0,1.0,B01
201300019405,0,7,0,0.0,2.0,2.0,1.0,A01
201300019406,0,7,0,0.0,2.0,1.0,16.0,A01
201300019406,0,2,0,0.0,2.0,1.0,1.0,B01
201300019407,0,7,0,0.0,2.0,4.0,2.0,B01
201300019407,0,7,0,0.0,2.0,1.0,2.0,A01
201300019408,0,7,0,0.0,2.0,1.0,1.0,B01
201300019408,0,10,0,0.0,2.0,3.0,0.0,A01
201300019409,0,1,0,0.0,0.0,7.0,0.0,B01
201300019409,0,7,0,0.0,0.0,0.0,0.0,A01
201300019410,1,7,0,0.0,0.0,0.0,17.0,Z01
201300019410,0,1,0,0.0,2.0,8.0,2.0,B01
201300019411,0,7,0,0.0,2.0,4.0,23.0,B01
201300019411,0,7,0,0.0,2.0,1.0,2.0,A01
201300019411,0,10,0,0.0,2.0,4.0,23.0,C01
201300019412,0,7,0,0.0,2.0,2.0,9.0,B01
201300019412,0,2,0,0.0,2.0,8.0,1.0,A01