Num_Acc,senc,catv,occutc,obs,obsm,choc,manv,num_veh
201300019413,0,7,0,0.0,2.0,7.0,15.0,A01
201300019413,0,32,0,0.0,2.0,1.0,1.0,B01
201300019414,0,30,0,0.0,2.0,1.0,2.0,A01
201300019414,0,7,0,0.0,2.0,4.0,1.0,B01
201300019415,0,7,0,6.0,0.0,1.0,0.0,A01
201300019416,0,7,0,0.0,1.0,3.0,1.0,A01
201300019417,0,1,0,0.0,2.0,8.0,0.0,B01
201300019417,0,7,0,0.0,2.0,2.0,16.0,A01
201300019418,0,1,0,0.0,2.0,8.0,1.0,B01
201300019418,0,7,0,0.0,2.0,1.0,9.0,A01
201300019419,0,7,0,0.0,1.0,1.0,1.0,A01
201300019420,0,2,0,0.0,2.0,8.0,1.0,A01
201300019420,0,7,0,0.0,2.0,1.0,1.0,B01
201300019421,0,33,0,2.0,0.0,1.0,0.0,A01
201300019422,0,7,0,0.0,1.0,4.0,4.0,A01
201300019423,0,7,0,0.0,2.0,3.0,18.0,A01
201300019423,0,14,0,0.0,2.0,2.0,1.0,B01
201300019424,0,1,0,0.0,0.0,0.0,0.0,B01
201300019424,0,7,0,0.0,0.0,0.0,0.0,A01
201300019425,0,7,0,0.0,2.0,2.0,15.0,A01
201300019425,0,30,0,0.0,2.0,1.0,1.0,B01
201300019426,0,7,0,3.0,0.0,1.0,13.0,A01
201300019427,0,31,0,3.0,0.0,0.0,1.0,A01
201300019428,0,2,0,0.0,2.0,1.0,1.0,B01
201300019428,0,7,0,0.0,2.0,3.0,15.0,A01
201300019429,0,7,0,0.0,2.0,0.0,15.0,A01
201300019429,0,7,0,0.0,2.0,0.0,2.0,B01
201300019430,0,7,0,0.0,1.0,1.0,1.0,A01
201300019431,0,7,0,0.0,0.0,0.0,0.0,A01
201300019431,0,7,0,0.0,0.0,2.0,0.0,B01
201300019432,0,7,0,0.0,2.0,1.0,1.0,A01
201300019432,0,1,0,0.0,2.0,1.0,15.0,B01
201300019433,0,7,0,0.0,1.0,1.0,0.0,A01
201300019434,0,30,0,0.0,2.0,1.0,9.0,A01
201300019434,0,7,0,0.0,2.0,2.0,1.0,B01
201300019435,0,7,0,0.0,1.0,0.0,0.0,A01
201300019436,0,2,0,0.0,0.0,0.0,1.0,A01
201300019437,0,7,0,0.0,2.0,1.0,0.0,B01
201300019437,0,7,0,0.0,2.0,2.0,0.0,A01
201300019438,0,32,0,0.0,2.0,4.0,9.0,B01
201300019438,0,7,0,0.0,2.0,1.0,9.0,A01
201300019439,0,30,0,0.0,0.0,0.0,0.0,A01
201300019439,0,7,0,0.0,0.0,0.0,0.0,B01
201300019440,0,7,0,6.0,0.0,1.0,1.0,A01
201300019441,0,33,0,0.0,2.0,7.0,1.0,B01
201300019441,0,7,0,0.0,2.0,1.0,0.0,A01
201300019442,0,2,0,0.0,0.0,1.0,1.0,A01
201300019443,0,7,0,0.0,2.0,1.0,1.0,A01
201300019443,0,30,0,0.0,2.0,4.0,1.0,B01
201300019444,0,30,0,0.0,0.0,0.0,0.0,B01
201300019444,0,7,0,0.0,0.0,0.0,0.0,A01
201300019445,0,30,0,0.0,2.0,1.0,1.0,A01
201300019445,0,7,0,0.0,2.0,4.0,9.0,B01
201300019446,0,7,0,0.0,1.0,1.0,1.0,A01
201300019447,0,7,0,15.0,0.0,1.0,1.0,A01
201300019448,0,7,0,0.0,2.0,1.0,19.0,A01
201300019448,0,7,0,0.0,2.0,3.0,1.0,B01
201300019449,0,7,0,0.0,0.0,0.0,0.0,A01
201300019449,0,7,0,0.0,0.0,0.0,0.0,B01
201300019450,0,7,0,0.0,1.0,1.0,1.0,A01
201300019451,0,7,0,0.0,2.0,4.0,1.0,B01
201300019451,0,7,0,0.0,2.0,1.0,1.0,A01
201300019452,0,30,0,0.0,2.0,4.0,1.0,A01
201300019452,0,10,0,0.0,2.0,1.0,1.0,B01
201300019453,0,37,1,0.0,0.0,0.0,0.0,A01
201300019453,0,30,0,0.0,0.0,0.0,0.0,B01
201300019454,0,30,0,0.0,0.0,1.0,0.0,A01
201300019455,0,30,0,16.0,0.0,0.0,1.0,A01
201300019456,0,7,0,0.0,1.0,2.0,16.0,A01
201300019457,0,7,0,0.0,0.0,0.0,0.0,A01
201300019457,0,32,0,0.0,0.0,0.0,0.0,B01
201300019458,0,7,0,0.0,2.0,7.0,14.0,A01
201300019458,0,7,0,0.0,2.0,8.0,1.0,B01
201300019459,0,32,0,0.0,2.0,3.0,0.0,B01
201300019459,0,7,0,0.0,0.0,1.0,0.0,A01
201300019460,0,7,0,0.0,2.0,1.0,0.0,A01
201300019460,0,33,0,0.0,2.0,0.0,0.0,B01
201300019461,0,7,0,13.0,0.0,0.0,9.0,A01
201300019462,0,7,0,3.0,0.0,2.0,14.0,A01
201300019463,0,7,0,14.0,0.0,1.0,0.0,A01
201300019464,0,30,0,0.0,0.0,7.0,0.0,A01
201300019465,0,2,0,0.0,1.0,1.0,13.0,A01
201300019466,0,7,0,0.0,0.0,0.0,0.0,A01
201300019466,0,7,0,0.0,0.0,0.0,0.0,B01
201300019467,0,33,0,0.0,2.0,1.0,1.0,A01
201300019467,1,7,0,0.0,2.0,8.0,10.0,Z01
201300019468,0,7,0,0.0,2.0,3.0,24.0,C01
201300019468,0,7,0,0.0,2.0,1.0,1.0,B01
201300019468,0,7,0,0.0,2.0,2.0,1.0,A01
201300019469,0,7,0,0.0,0.0,0.0,0.0,B01
201300019469,0,7,0,0.0,0.0,0.0,0.0,A01
201300019470,0,1,0,0.0,2.0,1.0,1.0,B01
201300019470,0,7,0,0.0,2.0,2.0,16.0,A01
201300019471,0,7,0,0.0,0.0,0.0,0.0,A01
201300019471,0,1,0,0.0,0.0,0.0,0.0,B01
201300019472,0,33,0,1.0,0.0,1.0,13.0,A01
201300019473,0,7,0,0.0,2.0,8.0,13.0,A01
201300019473,0,31,0,0.0,2.0,7.0,17.0,B01
201300019474,0,7,0,0.0,0.0,0.0,0.0,A01
201300019475,0,13,0,0.0,2.0,0.0,0.0,B01
201300019475,0,33,0,0.0,0.0,0.0,0.0,A01
201300019476,0,7,0,0.0,1.0,1.0,1.0,A01
201300019477,0,1,0,0.0,0.0,3.0,0.0,A01
201300019477,0,7,0,0.0,0.0,0.0,0.0,B01
201300019478,0,7,0,2.0,0.0,1.0,1.0,A01
201300019479,0,31,0,0.0,2.0,0.0,0.0,B01
201300019479,0,7,0,0.0,2.0,3.0,0.0,D01
201300019479,0,7,0,0.0,2.0,5.0,0.0,C01
201300019479,0,13,0,0.0,2.0,4.0,0.0,A01
201300019480,0,7,0,0.0,2.0,0.0,0.0,A01
201300019480,0,30,0,0.0,2.0,0.0,0.0,B01
201300019481,0,7,0,0.0,2.0,4.0,1.0,B01
201300019481,0,7,0,0.0,2.0,1.0,1.0,A01
201300019482,0,7,0,4.0,0.0,3.0,1.0,A01
201300019483,0,33,0,0.0,5.0,0.0,0.0,A01
201300019484,0,1,0,0.0,2.0,3.0,1.0,B01
201300019484,0,7,0,0.0,2.0,2.0,12.0,A01
201300019485,1,99,0,0.0,1.0,1.0,1.0,A01
201300019486,1,30,0,0.0,1.0,0.0,0.0,A01
201300019487,0,7,0,2.0,0.0,1.0,0.0,A01
201300019488,0,33,0,0.0,2.0,0.0,1.0,B01
201300019488,0,1,0,0.0,2.0,1.0,9.0,A01
201300019489,0,7,0,0.0,2.0,1.0,0.0,A01
201300019489,0,33,0,0.0,2.0,1.0,0.0,B01
201300019490,0,1,0,0.0,2.0,2.0,1.0,B01
201300019490,0,7,0,0.0,2.0,1.0,16.0,A01
201300019491,0,7,0,0.0,1.0,1.0,1.0,A01
201300019492,0,30,0,0.0,2.0,0.0,0.0,A01
201300019492,0,7,0,0.0,2.0,0.0,0.0,B01
201300019493,0,30,0,0.0,0.0,0.0,0.0,B01
201300019493,0,7,0,0.0,0.0,0.0,0.0,A01
201300019494,0,7,0,0.0,1.0,1.0,1.0,A01
201300019495,0,7,0,0.0,1.0,1.0,1.0,A01
201300019496,0,2,0,0.0,0.0,0.0,1.0,A01
201300019497,1,99,0,0.0,2.0,0.0,0.0,B01
201300019497,0,1,0,0.0,2.0,0.0,1.0,A01
201300019498,0,33,0,0.0,0.0,8.0,1.0,A01
201300019499,0,7,0,0.0,9.0,0.0,12.0,A01
201300019499,0,1,0,0.0,2.0,0.0,0.0,B01
201300019500,0,7,0,0.0,0.0,9.0,0.0,A01
201300019501,0,7,0,0.0,2.0,4.0,1.0,B01
201300019501,0,30,0,0.0,2.0,1.0,1.0,A01
201300019502,0,2,0,0.0,2.0,2.0,0.0,B01
201300019502,0,7,0,0.0,2.0,0.0,9.0,A01
201300019503,1,7,0,0.0,2.0,2.0,1.0,A01
201300019503,0,2,0,0.0,2.0,3.0,1.0,B01
201300019504,0,1,0,0.0,0.0,0.0,1.0,B01
201300019504,0,7,0,0.0,2.0,0.0,1.0,A01
201300019505,0,7,0,0.0,2.0,0.0,9.0,A01
201300019505,0,1,0,0.0,2.0,0.0,9.0,B01
201300019506,0,7,0,0.0,1.0,0.0,0.0,A01
201300019507,0,1,0,0.0,0.0,1.0,1.0,B01
201300019507,0,7,0,0.0,0.0,3.0,1.0,A01
201300019508,0,7,0,0.0,2.0,4.0,1.0,A01
201300019508,1,99,0,0.0,0.0,0.0,0.0,B01
201300019509,0,37,1,0.0,0.0,8.0,15.0,A01
201300019509,0,2,0,0.0,2.0,2.0,1.0,B01
201300019510,1,99,0,0.0,0.0,0.0,0.0,A01
201300019510,0,1,0,0.0,2.0,0.0,21.0,B01
201300019511,0,2,0,0.0,0.0,0.0,0.0,B01
201300019511,0,7,0,0.0,0.0,3.0,0.0,A01
201300019512,0,7,0,13.0,0.0,7.0,14.0,A01
201300019513,0,7,0,0.0,2.0,4.0,1.0,A01
201300019513,0,7,0,0.0,2.0,1.0,1.0,B01
201300019514,0,7,0,0.0,2.0,1.0,1.0,B01
201300019514,0,7,0,0.0,0.0,0.0,10.0,A01
201300019515,0,7,0,0.0,1.0,0.0,0.0,A01
201300019516,0,30,0,0.0,2.0,2.0,0.0,B01
201300019516,0,7,0,0.0,0.0,2.0,9.0,A01
201300019517,0,33,0,12.0,0.0,1.0,1.0,A01
201300019518,2,7,0,1.0,0.0,0.0,2.0,A01
201300019519,0,7,0,0.0,2.0,1.0,1.0,B01
201300019519,0,7,0,0.0,2.0,1.0,1.0,A01
201300019520,1,7,0,0.0,1.0,1.0,0.0,A01
201300019521,1,7,0,0.0,2.0,0.0,15.0,Z01
201300019521,0,30,0,0.0,2.0,8.0,1.0,A01
201300019522,0,30,0,0.0,0.0,0.0,0.0,A01
201300019522,0,7,0,0.0,0.0,0.0,0.0,B01
201300019523,0,2,0,0.0,1.0,1.0,17.0,A01
201300019524,0,7,0,0.0,2.0,2.0,16.0,A01
201300019524,0,2,0,0.0,2.0,2.0,18.0,B01
201300019525,0,7,0,1.0,0.0,1.0,1.0,A01
201300019526,0,2,0,0.0,2.0,1.0,2.0,A01
201300019526,0,7,0,0.0,2.0,8.0,11.0,B01
201300019527,0,7,0,0.0,1.0,0.0,0.0,A01
201300019528,0,7,0,0.0,2.0,2.0,1.0,A01
201300019528,0,30,0,0.0,2.0,3.0,1.0,B01
201300019529,0,10,0,0.0,2.0,1.0,1.0,B01
201300019529,1,7,0,0.0,2.0,1.0,1.0,A01
201300019530,0,7,0,0.0,1.0,2.0,0.0,A01
201300019531,0,7,0,0.0,2.0,2.0,1.0,B01
201300019531,0,7,0,0.0,2.0,2.0,1.0,A01
201300019532,0,7,0,0.0,2.0,1.0,0.0,A01
201300019532,0,7,0,0.0,2.0,3.0,0.0,B01
201300019533,0,2,0,0.0,2.0,1.0,9.0,A01
201300019533,0,7,0,0.0,2.0,7.0,0.0,B01
201300019534,0,31,0,0.0,2.0,1.0,1.0,B01
201300019534,0,7,0,0.0,2.0,6.0,15.0,A01
201300019535,0,34,0,0.0,2.0,1.0,0.0,A01
201300019535,0,7,0,0.0,9.0,6.0,4.0,B01
201300019536,0,33,0,0.0,2.0,1.0,2.0,A01
201300019536,0,7,0,0.0,0.0,4.0,0.0,B01
201300019537,0,7,0,3.0,0.0,0.0,0.0,A01
201300019538,0,7,0,0.0,2.0,4.0,0.0,B01
201300019538,0,7,0,0.0,0.0,1.0,0.0,A01
201300019539,0,7,0,0.0,1.0,1.0,0.0,A01
201300019540,0,7,0,0.0,0.0,7.0,10.0,A01
201300019540,0,33,0,0.0,2.0,1.0,0.0,B01
201300019541,0,7,0,0.0,0.0,6.0,2.0,A01
201300019541,0,34,0,0.0,2.0,1.0,2.0,B01
201300019542,0,7,0,8.0,0.0,1.0,0.0,A01
201300019543,0,7,0,0.0,0.0,0.0,0.0,A01
201300019544,0,1,0,0.0,2.0,1.0,2.0,A01
201300019544,0,7,0,0.0,0.0,4.0,0.0,B01
201300019545,0,7,0,0.0,0.0,4.0,0.0,C01
201300019545,0,7,0,0.0,0.0,4.0,0.0,B01
201300019545,0,7,0,1.0,0.0,1.0,1.0,A01
201300019546,0,7,0,0.0,2.0,1.0,0.0,A01
201300019546,0,7,0,0.0,2.0,3.0,0.0,B01
201300019547,0,1,0,0.0,2.0,8.0,1.0,B01
201300019547,0,7,0,0.0,2.0,1.0,15.0,A01
201300019548,0,7,0,0.0,1.0,3.0,1.0,A01
201300019549,0,7,0,0.0,0.0,8.0,15.0,B01
201300019549,0,32,0,0.0,0.0,1.0,0.0,A01
201300019550,0,32,0,0.0,0.0,7.0,0.0,A01
201300019550,0,7,0,0.0,0.0,3.0,0.0,B01
201300019551,0,7,0,0.0,0.0,1.0,0.0,A01
201300019552,0,20,0,0.0,0.0,4.0,0.0,B01
201300019552,0,7,0,0.0,2.0,1.0,0.0,A01
201300019553,0,30,0,0.0,0.0,1.0,0.0,B01
201300019553,0,7,0,0.0,0.0,8.0,0.0,A01
201300019554,1,7,0,0.0,1.0,1.0,0.0,Z01
201300019555,0,7,0,1.0,0.0,1.0,1.0,A01
201300019556,1,7,0,0.0,0.0,6.0,15.0,Z01
201300019556,0,32,0,0.0,2.0,1.0,1.0,B01
201300019557,0,7,0,0.0,0.0,5.0,15.0,B01
201300019557,0,32,0,0.0,2.0,1.0,1.0,A01
201300019558,0,7,0,0.0,0.0,1.0,0.0,A01
201300019559,0,7,0,0.0,1.0,3.0,0.0,A01
201300019560,0,33,0,0.0,0.0,0.0,0.0,A01
201300019561,0,7,0,0.0,2.0,1.0,0.0,B01
201300019561,0,7,0,0.0,2.0,2.0,0.0,A01
201300019562,0,33,0,0.0,0.0,0.0,1.0,A01
201300019563,0,7,0,0.0,2.0,2.0,10.0,A01
201300019563,0,33,0,0.0,2.0,2.0,2.0,B01
201300019564,0,7,0,0.0,1.0,1.0,0.0,A01
201300019565,0,7,0,0.0,2.0,0.0,0.0,B01
201300019565,0,7,0,0.0,2.0,1.0,0.0,A01
201300019566,0,7,0,1.0,2.0,1.0,0.0,A01
201300019566,0,7,0,0.0,2.0,4.0,0.0,B01
201300019567,0,30,0,0.0,2.0,7.0,0.0,B01
201300019568,0,7,0,0.0,2.0,0.0,0.0,B01
201300019568,0,7,0,0.0,2.0,1.0,2.0,A01
201300019568,0,7,0,0.0,2.0,4.0,2.0,C01
201300019569,0,7,0,16.0,0.0,1.0,0.0,A01
201300019570,0,30,0,5.0,0.0,0.0,0.0,A01
201300019571,0,32,0,0.0,2.0,4.0,2.0,B01
201300019571,0,7,0,0.0,9.0,1.0,2.0,A01
201300019572,0,7,0,2.0,0.0,9.0,0.0,A01
201300019573,0,7,0,0.0,0.0,0.0,0.0,A01
201300019574,0,7,0,0.0,2.0,1.0,0.0,B01
201300019574,1,7,0,0.0,0.0,4.0,0.0,Z01
201300019575,0,7,0,0.0,0.0,4.0,0.0,A01
201300019575,0,7,0,0.0,2.0,1.0,0.0,D01
201300019575,0,7,0,0.0,2.0,1.0,0.0,C01
201300019575,0,7,0,0.0,2.0,1.0,0.0,B01
201300019576,0,7,0,1.0,2.0,1.0,2.0,A01
201300019576,0,7,0,0.0,0.0,0.0,0.0,C01
201300019576,0,7,0,0.0,0.0,0.0,0.0,B01
201300019577,0,7,0,0.0,1.0,4.0,20.0,A01
201300019578,1,7,0,0.0,0.0,0.0,0.0,Z01
201300019578,0,1,0,0.0,2.0,8.0,0.0,A01
201300019579,0,3,0,0.0,1.0,0.0,0.0,A01
201300019580,0,33,0,7.0,0.0,0.0,0.0,A01
201300019581,1,10,0,0.0,1.0,0.0,0.0,Z01
201300019582,0,7,0,15.0,0.0,9.0,0.0,A01
201300019583,0,7,0,0.0,2.0,0.0,0.0,B01
201300019583,0,33,0,0.0,2.0,0.0,0.0,A01
201300019584,0,7,0,0.0,1.0,1.0,0.0,A01
201300019585,0,7,0,0.0,2.0,3.0,0.0,C01
201300019585,0,7,0,0.0,0.0,6.0,2.0,B01
201300019585,0,33,0,0.0,2.0,8.0,17.0,A01
201300019586,0,7,0,0.0,1.0,1.0,1.0,A01
201300019587,0,7,0,2.0,0.0,1.0,0.0,A01
201300019588,0,7,0,0.0,2.0,1.0,2.0,B01
201300019588,0,7,0,0.0,1.0,3.0,0.0,A01
201300019589,0,7,0,0.0,0.0,3.0,15.0,A01
201300019589,0,1,0,0.0,2.0,1.0,0.0,Y01
201300019590,0,30,0,0.0,2.0,1.0,0.0,A01
201300019590,0,7,0,0.0,0.0,0.0,0.0,B01
201300019591,0,2,0,12.0,0.0,0.0,1.0,A01
201300019592,0,30,0,0.0,2.0,7.0,17.0,A01
201300019592,0,7,0,0.0,2.0,8.0,0.0,B01
201300019593,0,7,0,0.0,0.0,8.0,15.0,B01
201300019593,0,33,0,0.0,2.0,4.0,17.0,A01
201300019594,0,7,0,0.0,0.0,0.0,0.0,A01
201300019595,0,32,0,0.0,1.0,1.0,0.0,A01
201300019596,0,7,0,0.0,2.0,1.0,2.0,A01
201300019596,0,7,0,0.0,2.0,6.0,0.0,B01
201300019597,0,30,0,0.0,2.0,0.0,5.0,A01
201300019597,1,7,0,0.0,2.0,1.0,5.0,Z01
201300019598,0,7,0,0.0,1.0,1.0,0.0,A01
201300019599,0,7,0,0.0,2.0,3.0,15.0,A01
201300019599,0,2,0,0.0,2.0,1.0,0.0,B01
201300019600,0,7,0,0.0,1.0,1.0,1.0,A01
201300019600,0,7,0,0.0,2.0,1.0,0.0,B01
201300019600,0,7,0,0.0,2.0,1.0,0.0,C01
201300019601,0,33,0,0.0,1.0,1.0,0.0,A01
201300019602,0,7,0,0.0,1.0,1.0,0.0,A01
201300019603,0,7,0,12.0,0.0,0.0,0.0,A01
201300019604,0,7,0,0.0,2.0,0.0,0.0,B01
201300019604,0,7,0,0.0,0.0,3.0,0.0,A01
201300019605,0,33,0,0.0,2.0,7.0,0.0,B01
201300019605,0,7,0,0.0,0.0,1.0,15.0,A01
201300019606,0,7,0,0.0,2.0,1.0,1.0,A01
201300019606,0,7,0,0.0,0.0,4.0,1.0,B01
201300019607,0,1,0,0.0,2.0,1.0,1.0,A01
201300019607,0,7,0,0.0,0.0,4.0,1.0,B01
201300019608,0,7,0,0.0,1.0,0.0,1.0,A01
201300019609,0,7,0,0.0,2.0,8.0,9.0,B01
201300019609,0,7,0,0.0,2.0,1.0,9.0,A01
201300019610,0,33,0,0.0,2.0,1.0,1.0,B01
201300019610,0,7,0,0.0,2.0,0.0,15.0,A01
201300019611,0,2,0,0.0,2.0,0.0,0.0,B01
201300019611,0,7,0,0.0,2.0,0.0,0.0,A01
201300019612,0,2,0,0.0,2.0,0.0,0.0,A01
201300019612,0,7,0,0.0,2.0,0.0,0.0,B01
201300019613,0,7,0,0.0,1.0,1.0,1.0,A01
201300019614,0,7,0,0.0,2.0,8.0,0.0,B01
201300019614,0,7,0,0.0,2.0,1.0,1.0,A01
201300019615,0,30,0,0.0,2.0,1.0,1.0,B01
201300019615,0,7,0,0.0,2.0,8.0,15.0,A01
201300019616,0,7,0,0.0,0.0,8.0,1.0,B01
201300019616,0,30,0,0.0,2.0,1.0,0.0,A01
201300019617,0,30,0,0.0,2.0,1.0,2.0,A01
201300019617,0,13,0,0.0,0.0,4.0,2.0,B01
201300019618,0,7,0,0.0,2.0,4.0,2.0,B01
201300019618,0,7,0,0.0,2.0,1.0,2.0,A01
201300019619,0,33,0,0.0,0.0,1.0,1.0,A01
201300019619,0,13,0,0.0,0.0,4.0,15.0,B01
201300019620,0,7,0,0.0,0.0,0.0,0.0,A01
201300019620,0,7,0,0.0,0.0,0.0,0.0,B01
201300019621,0,7,0,0.0,0.0,0.0,0.0,A01
201300019621,0,1,0,1.0,0.0,0.0,0.0,B01
201300019622,0,7,0,0.0,0.0,2.0,0.0,A01
201300019622,0,7,0,0.0,0.0,6.0,0.0,B01
201300019623,0,7,0,0.0,0.0,3.0,13.0,A01
201300019623,0,7,0,0.0,0.0,8.0,1.0,B02
201300019623,0,7,0,0.0,0.0,3.0,1.0,C03
201300019624,0,7,0,0.0,2.0,3.0,1.0,A01
201300019624,0,20,0,0.0,2.0,3.0,1.0,B02
201300019625,0,7,0,4.0,0.0,1.0,1.0,A01
201300019626,0,7,0,4.0,0.0,3.0,1.0,A01
201300019627,0,7,0,4.0,0.0,3.0,2.0,A01
201300019628,0,33,0,0.0,2.0,1.0,13.0,A01
201300019628,0,15,0,0.0,2.0,3.0,1.0,B02
201300019629,0,17,0,0.0,2.0,6.0,1.0,B02
201300019629,0,7,0,0.0,2.0,3.0,1.0,A01
201300019630,0,7,0,0.0,2.0,4.0,1.0,B02
201300019630,0,7,0,0.0,2.0,1.0,1.0,A01
201300019631,0,7,0,3.0,0.0,1.0,1.0,A01
201300019632,0,10,0,0.0,2.0,1.0,12.0,A01
201300019632,0,17,0,0.0,2.0,4.0,1.0,B02
201300019633,0,7,0,0.0,0.0,9.0,1.0,A01
201300019634,0,7,0,0.0,2.0,3.0,9.0,B01
201300019634,0,30,0,0.0,2.0,8.0,2.0,A01
201300019635,0,7,0,0.0,1.0,2.0,1.0,A01
201300019636,0,7,0,0.0,2.0,1.0,1.0,A01
201300019636,0,7,0,0.0,2.0,4.0,1.0,B01
201300019637,0,7,0,0.0,2.0,4.0,1.0,B01
201300019637,0,7,0,0.0,2.0,1.0,1.0,A01
201300019638,0,7,0,0.0,0.0,1.0,1.0,A01
201300019639,0,2,0,0.0,2.0,1.0,1.0,A01
201300019639,0,7,0,0.0,0.0,8.0,15.0,B01
201300019640,0,2,0,0.0,1.0,1.0,1.0,A01
201300019641,0,7,0,0.0,2.0,8.0,20.0,A01
201300019641,0,33,0,0.0,2.0,8.0,17.0,B01
201300019642,0,30,0,0.0,2.0,2.0,1.0,B01
201300019642,0,7,0,0.0,2.0,3.0,9.0,A01
201300019643,0,7,0,0.0,2.0,4.0,2.0,B01
201300019643,0,30,0,0.0,2.0,1.0,2.0,A01
201300019644,0,7,0,9.0,0.0,1.0,1.0,A01
201300019645,0,7,0,0.0,2.0,8.0,1.0,B01
201300019645,0,2,0,0.0,2.0,1.0,9.0,A01
201300019646,0,7,0,0.0,1.0,1.0,1.0,A01
201300019647,0,7,0,0.0,1.0,1.0,1.0,A01
201300019648,0,7,0,0.0,1.0,1.0,1.0,A01
201300019649,0,2,0,6.0,0.0,1.0,1.0,A01
201300019650,0,2,0,0.0,2.0,1.0,17.0,A01
201300019650,0,7,0,1.0,2.0,3.0,15.0,B01
201300019651,0,7,0,3.0,0.0,1.0,1.0,A01
201300019652,0,1,0,0.0,0.0,4.0,1.0,B01
201300019652,0,7,0,0.0,9.0,1.0,1.0,A01
201300019653,0,7,0,0.0,1.0,1.0,1.0,A01
201300019654,0,7,0,2.0,0.0,1.0,1.0,A01
201300019655,0,7,0,0.0,1.0,1.0,1.0,A01
201300019656,0,7,0,15.0,0.0,1.0,0.0,A01
201300019657,0,15,0,0.0,2.0,1.0,2.0,A01
201300019657,0,7,0,0.0,0.0,4.0,2.0,B01
201300019658,0,2,0,0.0,2.0,1.0,1.0,B01
201300019658,0,7,0,1.0,2.0,7.0,20.0,A01
201300019659,0,7,0,0.0,2.0,4.0,23.0,B01
201300019659,0,7,0,0.0,2.0,4.0,23.0,C01
201300019659,0,7,0,0.0,0.0,4.0,23.0,D01
201300019659,0,7,0,0.0,2.0,1.0,1.0,A01
201300019660,0,7,0,0.0,1.0,1.0,0.0,A01
201300019661,0,7,0,3.0,0.0,1.0,0.0,A01
201300019662,0,30,0,0.0,2.0,1.0,1.0,A01
201300019662,0,7,0,0.0,0.0,4.0,23.0,B01
201300019663,0,7,0,0.0,0.0,9.0,14.0,A01
201300019664,1,7,0,0.0,2.0,3.0,15.0,A01
201300019664,0,2,0,0.0,2.0,1.0,17.0,B01
201300019665,0,7,0,0.0,0.0,0.0,0.0,B01
201300019665,0,2,0,0.0,0.0,0.0,0.0,A01
201300019666,0,7,0,0.0,0.0,0.0,0.0,A01
201300019666,0,30,0,0.0,0.0,0.0,0.0,B01
201300019667,0,30,0,0.0,2.0,0.0,0.0,B01
201300019667,0,7,0,0.0,2.0,0.0,0.0,A01
201300019668,0,7,0,0.0,0.0,0.0,0.0,A01
201300019669,0,7,0,0.0,0.0,0.0,0.0,A01
201300019669,0,33,0,0.0,0.0,0.0,0.0,B01
201300019670,0,33,0,0.0,0.0,0.0,0.0,A01
201300019670,0,7,0,0.0,0.0,0.0,0.0,B01
201300019671,0,7,0,0.0,0.0,0.0,0.0,A01
201300019671,0,7,0,0.0,0.0,0.0,0.0,B01
201300019672,0,7,0,0.0,0.0,0.0,0.0,A01
201300019672,0,7,0,0.0,0.0,0.0,0.0,B01
201300019673,0,7,0,0.0,1.0,0.0,0.0,A01
201300019674,0,7,0,0.0,0.0,0.0,0.0,A01
201300019674,0,30,0,0.0,0.0,0.0,0.0,B01
201300019675,0,7,0,0.0,0.0,4.0,23.0,B01
201300019675,0,2,0,0.0,0.0,0.0,1.0,A01
201300019676,0,10,0,0.0,0.0,1.0,1.0,A01
201300019676,0,1,0,0.0,0.0,4.0,1.0,B01
201300019677,0,7,0,0.0,0.0,1.0,15.0,A01
201300019677,0,30,0,0.0,0.0,1.0,1.0,B01
201300019678,0,3,0,0.0,2.0,1.0,1.0,A01
201300019678,0,7,0,0.0,0.0,4.0,23.0,B01
201300019679,0,7,0,0.0,2.0,1.0,1.0,A01
201300019679,0,7,0,0.0,0.0,4.0,23.0,B01
201300019680,0,7,0,0.0,0.0,0.0,0.0,A01
201300019680,0,1,0,0.0,0.0,0.0,0.0,B01
201300019681,0,7,0,2.0,0.0,1.0,0.0,A01
201300019682,0,7,0,0.0,0.0,4.0,15.0,B01
201300019682,0,7,0,0.0,2.0,1.0,1.0,A01
201300019683,0,7,0,0.0,0.0,4.0,0.0,A01
201300019683,0,7,0,0.0,0.0,1.0,1.0,B01
201300019684,0,7,0,0.0,1.0,1.0,1.0,A01
201300019685,0,2,0,0.0,2.0,1.0,1.0,A01
201300019685,0,7,0,0.0,2.0,3.0,15.0,B01
201300019686,0,2,0,0.0,1.0,1.0,1.0,A01
201300019687,0,7,0,0.0,1.0,1.0,1.0,A01
201300019688,0,7,0,13.0,0.0,1.0,0.0,A01
201300019689,0,2,0,0.0,2.0,1.0,1.0,B01
201300019689,0,7,0,0.0,2.0,2.0,9.0,A01
201300019690,0,7,0,0.0,0.0,4.0,1.0,A01
201300019690,0,7,0,0.0,2.0,1.0,1.0,B01
201300019690,0,7,0,0.0,2.0,1.0,1.0,C01
201300019691,0,7,0,0.0,2.0,4.0,4.0,A01
201300019691,0,2,0,0.0,2.0,7.0,1.0,B01
201300019692,0,7,0,0.0,0.0,4.0,23.0,B01
201300019692,0,7,0,0.0,2.0,1.0,1.0,A01
201300019693,0,30,0,0.0,0.0,8.0,1.0,B01
201300019693,0,7,0,0.0,2.0,2.0,1.0,A01
201300019694,0,7,0,0.0,2.0,4.0,4.0,A01
201300019694,0,2,0,0.0,2.0,7.0,1.0,B01
201300019695,0,7,0,3.0,0.0,1.0,0.0,A01