Num_Acc,senc,catv,occutc,obs,obsm,choc,manv,num_veh
201300019696,0,2,0,0.0,2.0,7.0,1.0,B01
201300019696,0,7,0,0.0,2.0,2.0,16.0,A01
201300019697,0,7,0,0.0,2.0,1.0,1.0,B01
201300019697,0,7,0,0.0,2.0,1.0,15.0,A01
201300019698,0,7,0,0.0,2.0,3.0,13.0,A01
201300019698,0,2,0,0.0,2.0,1.0,1.0,B01
201300019699,0,7,0,0.0,2.0,3.0,15.0,A01
201300019699,0,2,0,0.0,2.0,8.0,1.0,B01
201300019700,0,7,0,0.0,0.0,4.0,1.0,B01
201300019700,0,7,0,0.0,2.0,1.0,1.0,A01
201300019701,0,7,0,0.0,2.0,3.0,1.0,B01
201300019701,0,3,0,0.0,2.0,3.0,15.0,A01
201300019702,0,7,0,0.0,2.0,3.0,13.0,A01
201300019702,0,7,0,0.0,2.0,8.0,1.0,B01
201300019702,0,7,0,0.0,2.0,3.0,1.0,C01
201300019703,0,7,0,0.0,2.0,6.0,1.0,C03
201300019703,0,7,0,4.0,2.0,6.0,1.0,A01
201300019703,0,7,0,0.0,2.0,1.0,1.0,B02
201300019704,0,7,0,1.0,0.0,8.0,1.0,A01
201300019704,0,14,0,0.0,0.0,4.0,23.0,B02
201300019705,0,17,0,1.0,0.0,2.0,1.0,A01
201300019705,0,7,0,0.0,0.0,4.0,23.0,B02
201300019706,0,7,0,0.0,2.0,2.0,1.0,B02
201300019706,0,7,0,0.0,0.0,3.0,11.0,A01
201300019707,0,7,0,0.0,2.0,1.0,1.0,B02
201300019707,0,7,0,4.0,0.0,3.0,1.0,A01
201300019708,0,14,0,0.0,0.0,0.0,0.0,B02
201300019708,0,14,0,0.0,0.0,0.0,0.0,C03
201300019708,0,17,0,0.0,0.0,0.0,0.0,D04
201300019708,0,10,0,0.0,0.0,0.0,0.0,A01
201300019709,0,33,0,0.0,2.0,1.0,1.0,A01
201300019709,0,7,0,0.0,0.0,5.0,1.0,B02
201300019710,0,14,0,0.0,0.0,3.0,24.0,B02
201300019710,0,33,0,1.0,0.0,2.0,1.0,A01
201300019711,0,7,0,0.0,2.0,5.0,15.0,A01
201300019711,0,30,0,0.0,2.0,1.0,1.0,B02
201300019712,0,7,0,0.0,2.0,8.0,13.0,A01
201300019712,0,15,0,0.0,2.0,8.0,21.0,B02
201300019713,0,7,0,0.0,2.0,3.0,15.0,A01
201300019713,0,33,0,0.0,2.0,2.0,17.0,B02
201300019714,0,7,0,0.0,2.0,7.0,1.0,A01
201300019714,0,10,0,0.0,2.0,1.0,1.0,B02
201300019715,0,31,0,0.0,2.0,1.0,1.0,B02
201300019715,0,7,0,0.0,2.0,2.0,15.0,A01
201300019716,0,7,0,0.0,2.0,8.0,10.0,A01
201300019716,0,33,0,0.0,2.0,1.0,17.0,B02
201300019717,0,7,0,0.0,1.0,1.0,1.0,A01
201300019718,0,10,0,0.0,1.0,2.0,0.0,A01
201300019719,0,17,0,0.0,2.0,8.0,13.0,B02
201300019719,0,7,0,0.0,2.0,8.0,13.0,A01
201300019720,0,10,0,13.0,0.0,1.0,1.0,A01
201300019721,0,7,0,0.0,2.0,1.0,1.0,B02
201300019721,0,7,0,0.0,2.0,1.0,1.0,C03
201300019721,0,7,0,0.0,2.0,1.0,17.0,A01
201300019722,0,7,0,0.0,1.0,2.0,1.0,A01
201300019723,0,30,0,0.0,2.0,1.0,2.0,A01
201300019723,0,7,0,0.0,0.0,4.0,2.0,B02
201300019724,0,2,0,0.0,2.0,1.0,1.0,B02
201300019724,0,7,0,0.0,0.0,7.0,15.0,A01
201300019725,0,7,0,0.0,0.0,9.0,1.0,A01
201300019726,0,7,0,0.0,0.0,9.0,0.0,A01
201300019727,0,33,0,0.0,0.0,9.0,1.0,A01
201300019728,0,7,0,13.0,0.0,3.0,1.0,A01
201300019729,0,7,0,0.0,2.0,1.0,13.0,A01
201300019729,0,7,0,0.0,2.0,1.0,1.0,C03
201300019729,0,14,0,0.0,2.0,1.0,1.0,B02
201300019730,0,7,0,0.0,2.0,1.0,1.0,A01
201300019730,0,7,0,0.0,2.0,1.0,13.0,B02
201300019731,0,7,0,6.0,0.0,2.0,2.0,A01
201300019732,0,7,0,8.0,0.0,7.0,14.0,A01
201300019733,0,7,0,0.0,2.0,3.0,19.0,B02
201300019733,0,7,0,0.0,2.0,2.0,1.0,A01
201300019734,0,36,0,2.0,0.0,2.0,14.0,A01
201300019735,0,7,0,0.0,2.0,1.0,1.0,B02
201300019735,0,7,0,2.0,0.0,2.0,14.0,A01
201300019736,0,7,0,16.0,0.0,9.0,14.0,A01
201300019737,0,7,0,0.0,2.0,1.0,1.0,B02
201300019737,0,7,0,0.0,2.0,1.0,17.0,A01
201300019737,0,7,0,0.0,2.0,3.0,1.0,C03
201300019738,0,7,0,6.0,0.0,3.0,16.0,A01
201300019739,0,7,0,6.0,0.0,3.0,1.0,A01
201300019740,0,7,0,0.0,2.0,1.0,0.0,C03
201300019740,0,7,0,0.0,2.0,3.0,1.0,A01
201300019740,0,7,0,0.0,2.0,3.0,1.0,B02
201300019741,0,7,0,0.0,2.0,8.0,5.0,D04
201300019741,0,7,0,0.0,2.0,1.0,13.0,A01
201300019741,0,7,0,0.0,2.0,1.0,2.0,B02
201300019741,0,7,0,0.0,2.0,1.0,1.0,C03
201300019742,0,10,0,0.0,2.0,2.0,1.0,B02
201300019742,0,10,0,0.0,2.0,1.0,19.0,A01
201300019743,0,7,0,0.0,2.0,2.0,19.0,A01
201300019743,0,33,0,0.0,2.0,1.0,1.0,B02
201300019744,0,10,0,8.0,0.0,2.0,1.0,A01
201300019745,0,7,0,0.0,2.0,2.0,2.0,A01
201300019745,0,3,0,0.0,2.0,6.0,2.0,B02
201300019746,0,7,0,0.0,2.0,1.0,19.0,A01
201300019746,0,7,0,0.0,2.0,2.0,1.0,B02
201300019747,0,7,0,0.0,2.0,3.0,13.0,A01
201300019747,0,7,0,0.0,2.0,3.0,1.0,B02
201300019748,0,7,0,0.0,0.0,1.0,1.0,A01
201300019749,0,7,0,0.0,2.0,3.0,15.0,A01
201300019749,0,7,0,0.0,0.0,2.0,1.0,B02
201300019750,0,33,0,0.0,2.0,1.0,2.0,A01
201300019750,0,7,0,0.0,2.0,4.0,1.0,B02
201300019751,0,7,0,13.0,0.0,1.0,0.0,A01
201300019752,0,7,0,0.0,0.0,0.0,0.0,A01
201300019752,0,7,0,0.0,2.0,6.0,24.0,B02
201300019753,0,7,0,0.0,0.0,3.0,13.0,A01
201300019753,0,7,0,0.0,0.0,3.0,1.0,B02
201300019754,2,7,0,2.0,0.0,1.0,13.0,A01
201300019755,0,7,0,0.0,1.0,1.0,1.0,A01
201300019756,0,7,0,2.0,0.0,1.0,1.0,A01
201300019757,0,10,0,0.0,2.0,2.0,1.0,A01
201300019757,0,7,0,0.0,2.0,8.0,15.0,B02
201300019758,0,7,0,2.0,0.0,1.0,0.0,A01
201300019759,0,7,0,16.0,0.0,9.0,1.0,A01
201300019760,0,7,0,0.0,2.0,2.0,1.0,A01
201300019760,0,10,0,0.0,2.0,1.0,1.0,B02
201300019761,0,7,0,13.0,0.0,1.0,1.0,A01
201300019762,0,14,0,0.0,9.0,2.0,2.0,A01
201300019762,0,1,0,0.0,0.0,4.0,2.0,B02
201300019763,0,3,0,0.0,6.0,1.0,1.0,A01
201300019764,0,7,0,0.0,1.0,2.0,1.0,A01
201300019765,0,7,0,0.0,2.0,5.0,4.0,A01
201300019765,0,33,0,0.0,2.0,7.0,1.0,B02
201300019766,0,7,0,0.0,2.0,4.0,1.0,E05
201300019766,0,7,0,0.0,2.0,7.0,1.0,G07
201300019766,0,7,0,0.0,2.0,4.0,1.0,H08
201300019766,0,7,0,0.0,2.0,1.0,1.0,B02
201300019766,0,7,0,0.0,2.0,4.0,1.0,C03
201300019766,0,7,0,0.0,2.0,1.0,1.0,A01
201300019766,0,7,0,0.0,2.0,4.0,1.0,D04
201300019766,0,7,0,0.0,2.0,4.0,1.0,F06
201300019767,0,33,0,5.0,0.0,1.0,16.0,A01
201300019768,0,7,0,2.0,0.0,1.0,1.0,A01
201300019769,0,7,0,0.0,1.0,2.0,1.0,A01
201300019770,0,10,0,0.0,2.0,8.0,1.0,A01
201300019770,0,10,0,0.0,2.0,1.0,1.0,B02
201300019771,0,7,0,13.0,0.0,4.0,1.0,A01
201300019771,0,7,0,13.0,2.0,1.0,1.0,B02
201300019771,0,7,0,13.0,2.0,1.0,1.0,C03
201300019772,0,7,0,3.0,0.0,1.0,0.0,A01
201300019773,0,7,0,3.0,0.0,2.0,1.0,A01
201300019774,0,7,0,0.0,0.0,4.0,23.0,A01
201300019774,0,7,0,14.0,2.0,1.0,0.0,B02
201300019775,0,7,0,3.0,0.0,1.0,1.0,A01
201300019776,0,7,0,3.0,0.0,1.0,1.0,A01
201300019777,0,7,0,0.0,2.0,2.0,17.0,A01
201300019777,0,7,0,0.0,2.0,6.0,1.0,B02
201300019778,0,7,0,3.0,0.0,8.0,0.0,A01
201300019779,0,7,0,14.0,0.0,8.0,1.0,C03
201300019779,0,7,0,0.0,2.0,1.0,1.0,B02
201300019779,0,7,0,0.0,2.0,1.0,5.0,A01
201300019780,0,7,0,0.0,0.0,0.0,17.0,A01
201300019781,0,7,0,13.0,0.0,1.0,1.0,A01
201300019782,0,7,0,0.0,0.0,3.0,2.0,A01
201300019782,0,14,0,0.0,0.0,1.0,2.0,D04
201300019782,0,14,0,0.0,0.0,4.0,2.0,C03
201300019782,0,14,0,0.0,0.0,5.0,3.0,B02
201300019783,0,7,0,0.0,2.0,6.0,2.0,B02
201300019783,0,7,0,4.0,2.0,1.0,13.0,A01
201300019784,0,7,0,0.0,0.0,2.0,14.0,A01
201300019785,0,7,0,13.0,0.0,2.0,14.0,A01
201300019786,0,17,0,0.0,2.0,8.0,0.0,B02
201300019786,0,7,0,4.0,2.0,3.0,17.0,A01
201300019787,0,7,0,2.0,0.0,1.0,0.0,A01
201300019788,0,7,0,0.0,2.0,2.0,15.0,A01
201300019788,0,31,0,0.0,2.0,1.0,1.0,B02
201300019789,0,30,0,0.0,2.0,7.0,1.0,A01
201300019789,0,7,0,0.0,2.0,3.0,9.0,B02
201300019790,0,2,0,0.0,2.0,1.0,17.0,B02
201300019790,0,7,0,0.0,2.0,3.0,15.0,A01
201300019791,0,10,0,0.0,2.0,4.0,2.0,B02
201300019791,0,31,0,0.0,2.0,1.0,1.0,A01
201300019792,0,7,0,0.0,0.0,4.0,2.0,B02
201300019792,0,7,0,0.0,2.0,1.0,2.0,A01
201300019793,0,30,0,0.0,2.0,1.0,2.0,A01
201300019793,0,7,0,0.0,2.0,6.0,2.0,B02
201300019794,0,7,0,0.0,2.0,4.0,2.0,B02
201300019794,0,7,0,0.0,2.0,4.0,2.0,A01
201300019794,0,7,0,0.0,2.0,1.0,2.0,D04
201300019794,0,7,0,0.0,2.0,1.0,2.0,C03
201300019795,0,7,0,0.0,2.0,1.0,9.0,A01
201300019795,0,32,0,0.0,2.0,4.0,0.0,B02
201300019796,0,31,0,0.0,2.0,1.0,1.0,A01
201300019796,0,7,0,0.0,2.0,3.0,19.0,B01
201300019797,0,7,0,0.0,9.0,1.0,1.0,A01
201300019797,0,1,0,0.0,0.0,8.0,19.0,B02
201300019798,0,31,0,0.0,0.0,0.0,16.0,A01
201300019799,0,7,0,0.0,2.0,6.0,15.0,B02
201300019799,0,2,0,0.0,2.0,1.0,17.0,A01
201300019800,0,30,0,0.0,0.0,7.0,16.0,A01
201300019801,0,30,0,0.0,2.0,7.0,15.0,B02
201300019801,0,14,0,0.0,2.0,1.0,1.0,A01
201300019802,0,7,0,0.0,2.0,3.0,13.0,A01
201300019802,0,7,0,0.0,0.0,3.0,1.0,B02
201300019803,0,1,0,0.0,2.0,1.0,1.0,B02
201300019803,0,7,0,0.0,2.0,3.0,20.0,A01
201300019804,0,14,0,0.0,0.0,8.0,15.0,A01
201300019805,0,1,0,0.0,1.0,1.0,13.0,A01
201300019806,0,7,0,8.0,0.0,6.0,10.0,B02
201300019806,0,7,0,8.0,2.0,3.0,1.0,A01
201300019807,0,7,0,0.0,2.0,3.0,1.0,B02
201300019807,0,7,0,0.0,2.0,3.0,1.0,A01
201300019808,0,7,0,0.0,2.0,7.0,17.0,B02
201300019808,0,7,0,0.0,2.0,8.0,15.0,A01
201300019809,0,2,0,0.0,2.0,8.0,1.0,B02
201300019809,0,7,0,0.0,2.0,7.0,17.0,A01
201300019810,0,10,0,0.0,2.0,3.0,1.0,A01
201300019810,0,10,0,0.0,2.0,3.0,1.0,B02
201300019811,0,1,0,0.0,2.0,8.0,1.0,A01
201300019811,0,1,0,0.0,2.0,1.0,1.0,B01
201300019812,0,7,0,0.0,1.0,2.0,1.0,A01
201300019813,0,33,0,13.0,0.0,1.0,1.0,A01
201300019814,0,30,0,0.0,2.0,8.0,19.0,B01
201300019814,0,7,0,0.0,2.0,1.0,1.0,A01
201300019815,0,33,0,0.0,5.0,1.0,1.0,A01
201300019816,0,7,0,0.0,2.0,1.0,13.0,A01
201300019816,0,7,0,0.0,2.0,3.0,1.0,B01
201300019817,0,10,0,0.0,2.0,3.0,13.0,A01
201300019817,0,10,0,0.0,2.0,3.0,1.0,B02
201300019818,0,7,0,0.0,0.0,9.0,1.0,A01
201300019819,0,33,0,13.0,0.0,1.0,1.0,A01
201300019820,0,7,0,0.0,2.0,1.0,19.0,A01
201300019820,0,7,0,0.0,2.0,3.0,1.0,B02
201300019821,0,7,0,0.0,2.0,2.0,15.0,A01
201300019821,0,1,0,0.0,2.0,8.0,1.0,B02
201300019822,0,7,0,0.0,2.0,1.0,13.0,A01
201300019822,0,14,0,0.0,2.0,1.0,1.0,B02
201300019823,0,2,0,0.0,0.0,7.0,1.0,A01
201300019824,0,7,0,13.0,0.0,1.0,14.0,A01
201300019825,0,7,0,0.0,2.0,6.0,23.0,A01
201300019825,0,7,0,1.0,0.0,2.0,2.0,B02
201300019826,0,10,0,0.0,2.0,5.0,1.0,B02
201300019826,0,7,0,3.0,2.0,3.0,21.0,A01
201300019827,0,7,0,13.0,0.0,1.0,11.0,A01
201300019828,0,17,0,13.0,0.0,7.0,1.0,A01
201300019829,0,7,0,0.0,2.0,1.0,1.0,B02
201300019829,0,7,0,0.0,2.0,7.0,19.0,A01
201300019830,1,10,0,0.0,1.0,2.0,1.0,A01
201300019831,0,31,0,0.0,2.0,1.0,1.0,A01
201300019831,0,10,0,0.0,2.0,3.0,23.0,B02
201300019832,0,33,0,0.0,2.0,3.0,13.0,A01
201300019832,0,7,0,0.0,2.0,8.0,1.0,B02
201300019833,0,7,0,8.0,0.0,1.0,1.0,A01
201300019834,0,3,0,14.0,0.0,1.0,1.0,A01
201300019835,0,7,0,0.0,2.0,1.0,2.0,A01
201300019835,0,7,0,0.0,2.0,4.0,2.0,B01
201300019836,0,32,0,12.0,0.0,1.0,1.0,A01
201300019837,0,1,0,0.0,2.0,0.0,2.0,B01
201300019837,0,7,0,0.0,2.0,7.0,17.0,A01
201300019838,0,7,0,0.0,0.0,4.0,1.0,B01
201300019838,0,7,0,0.0,2.0,1.0,2.0,A01
201300019839,0,7,0,0.0,1.0,3.0,1.0,A01
201300019840,0,7,0,0.0,1.0,2.0,1.0,A01
201300019841,0,7,0,0.0,2.0,1.0,1.0,B01
201300019841,0,7,0,0.0,2.0,4.0,1.0,A01
201300019842,0,7,0,0.0,2.0,3.0,1.0,A01
201300019842,0,17,0,0.0,2.0,3.0,15.0,B01
201300019843,0,7,0,0.0,1.0,1.0,1.0,A01
201300019844,0,7,0,0.0,0.0,2.0,1.0,A01
201300019845,0,7,0,0.0,9.0,2.0,17.0,A01
201300019845,0,1,0,0.0,2.0,8.0,13.0,B01
201300019846,0,7,0,0.0,2.0,3.0,15.0,B01
201300019846,0,2,0,0.0,2.0,1.0,15.0,A01
201300019847,0,7,0,0.0,2.0,3.0,9.0,A01
201300019847,0,2,0,0.0,2.0,1.0,1.0,B01
201300019848,0,7,0,0.0,1.0,1.0,1.0,A01
201300019849,0,7,0,0.0,0.0,4.0,1.0,B01
201300019849,0,7,0,0.0,2.0,8.0,1.0,C01
201300019849,0,7,0,0.0,2.0,1.0,1.0,A01
201300019850,0,7,0,0.0,1.0,1.0,15.0,A01
201300019851,0,7,0,0.0,2.0,1.0,15.0,A01
201300019851,0,7,0,0.0,2.0,1.0,2.0,B01
201300019852,0,7,0,0.0,2.0,8.0,15.0,B01
201300019852,0,7,0,8.0,2.0,7.0,17.0,A01
201300019853,0,7,0,0.0,2.0,1.0,15.0,A01
201300019853,0,2,0,0.0,2.0,1.0,1.0,B01
201300019854,0,13,0,12.0,0.0,7.0,16.0,A01
201300019855,0,7,0,0.0,6.0,0.0,1.0,A01
201300019856,0,7,0,0.0,2.0,1.0,2.0,A01
201300019856,1,99,0,0.0,2.0,0.0,2.0,Z01
201300019857,0,7,0,0.0,2.0,3.0,1.0,B01
201300019857,0,7,0,0.0,2.0,1.0,15.0,A01
201300019858,0,33,0,0.0,2.0,3.0,1.0,B01
201300019858,0,7,0,0.0,2.0,2.0,15.0,A01
201300019859,0,7,0,0.0,2.0,7.0,19.0,B01
201300019859,0,7,0,0.0,2.0,1.0,1.0,A01
201300019860,0,7,0,0.0,0.0,3.0,1.0,A01
201300019861,0,7,0,0.0,2.0,5.0,0.0,B01
201300019861,0,7,0,0.0,2.0,1.0,1.0,A01
201300019862,0,7,0,0.0,2.0,3.0,1.0,B01
201300019862,0,7,0,0.0,2.0,1.0,2.0,C01
201300019862,0,7,0,0.0,2.0,3.0,1.0,A01
201300019863,0,7,0,0.0,2.0,4.0,1.0,B01
201300019863,0,7,0,0.0,2.0,1.0,2.0,A01
201300019864,0,7,0,14.0,0.0,1.0,2.0,E01
201300019864,0,7,0,15.0,0.0,1.0,2.0,C01
201300019864,0,7,0,14.0,0.0,1.0,2.0,B01
201300019864,0,7,0,14.0,0.0,1.0,2.0,A01
201300019864,0,7,0,14.0,0.0,1.0,2.0,D01
201300019865,0,33,0,0.0,2.0,1.0,2.0,A01
201300019865,0,7,0,0.0,2.0,3.0,15.0,B01
201300019866,0,7,0,14.0,0.0,1.0,1.0,A01
201300019867,0,7,0,6.0,0.0,7.0,13.0,A01
201300019868,0,38,1,0.0,2.0,3.0,15.0,B01
201300019868,0,7,0,0.0,2.0,7.0,17.0,A01
201300019869,0,7,0,0.0,9.0,2.0,2.0,A01
201300019869,0,1,0,0.0,0.0,8.0,2.0,B01
201300019870,0,7,0,0.0,2.0,3.0,1.0,B01
201300019870,1,7,0,0.0,2.0,0.0,16.0,A01
201300019871,0,7,0,0.0,1.0,5.0,4.0,A01
201300019872,0,7,0,0.0,2.0,1.0,1.0,B01
201300019872,0,7,0,0.0,2.0,7.0,15.0,A01
201300019873,0,7,0,0.0,2.0,3.0,1.0,B01
201300019873,0,7,0,0.0,2.0,3.0,15.0,A01
201300019874,0,7,0,0.0,2.0,4.0,23.0,B01
201300019874,0,7,0,0.0,2.0,1.0,2.0,A01
201300019874,0,7,0,0.0,2.0,4.0,23.0,C01
201300019875,0,7,0,0.0,2.0,3.0,1.0,B01
201300019875,0,7,0,0.0,2.0,2.0,19.0,A01
201300019876,0,1,0,0.0,2.0,1.0,1.0,B01
201300019876,0,7,0,0.0,9.0,2.0,19.0,A01
201300019877,0,2,0,0.0,2.0,1.0,1.0,B01
201300019877,0,7,0,0.0,2.0,2.0,15.0,A01
201300019878,0,17,0,2.0,0.0,2.0,1.0,A01
201300019879,0,7,0,3.0,1.0,2.0,1.0,A01
201300019880,0,7,0,0.0,2.0,2.0,15.0,A01
201300019880,0,2,0,0.0,2.0,2.0,1.0,B01
201300019881,0,7,0,15.0,0.0,0.0,1.0,A01
201300019882,0,2,0,12.0,0.0,1.0,0.0,A01
201300019883,0,7,0,0.0,2.0,3.0,1.0,B01
201300019883,0,33,0,0.0,2.0,1.0,1.0,A01
201300019884,0,7,0,0.0,2.0,1.0,15.0,A01
201300019884,0,34,0,0.0,2.0,8.0,1.0,B01
201300019885,0,7,0,0.0,0.0,4.0,1.0,B01
201300019885,0,7,0,0.0,2.0,1.0,1.0,A01
201300019886,0,7,0,8.0,0.0,1.0,6.0,A01
201300019887,0,7,0,0.0,2.0,3.0,1.0,B01
201300019887,0,7,0,0.0,2.0,3.0,13.0,A01
201300019888,0,33,0,12.0,0.0,8.0,1.0,B01
201300019888,0,7,0,0.0,0.0,2.0,2.0,A01
201300019889,0,7,0,12.0,0.0,2.0,14.0,A01
201300019890,0,7,0,16.0,0.0,0.0,1.0,A01
201300019891,0,7,0,0.0,2.0,8.0,13.0,A01
201300019891,0,7,0,0.0,2.0,8.0,1.0,B01
201300019892,0,31,0,0.0,6.0,1.0,1.0,A01
201300019893,0,7,0,13.0,0.0,1.0,1.0,A01
201300019894,0,7,0,13.0,0.0,2.0,1.0,A01
201300019895,0,10,0,0.0,2.0,3.0,2.0,A01
201300019895,0,37,1,0.0,2.0,2.0,2.0,B01
201300019896,0,1,0,0.0,2.0,8.0,14.0,A01
201300019896,0,7,0,0.0,9.0,8.0,13.0,B01
201300019897,0,7,0,0.0,2.0,3.0,1.0,A01
201300019897,0,2,0,0.0,0.0,4.0,23.0,B01
201300019898,0,2,0,0.0,1.0,1.0,1.0,A01
201300019899,0,7,0,0.0,1.0,2.0,1.0,A01
201300019900,0,7,0,0.0,1.0,3.0,1.0,A01
201300019901,0,7,0,0.0,2.0,3.0,5.0,A01
201300019901,0,7,0,0.0,2.0,3.0,23.0,B01
201300019902,0,7,0,0.0,1.0,1.0,9.0,A01
201300019903,0,7,0,1.0,1.0,2.0,22.0,A01
201300019904,0,7,0,0.0,2.0,1.0,1.0,B01
201300019904,0,7,0,0.0,2.0,2.0,15.0,A01
201300019905,0,7,0,0.0,2.0,1.0,1.0,A01
201300019905,0,30,0,0.0,2.0,8.0,15.0,B01
201300019906,0,7,0,0.0,1.0,2.0,1.0,A01
201300019907,0,7,0,13.0,0.0,1.0,1.0,A01
201300019908,0,2,0,0.0,2.0,7.0,21.0,A01
201300019908,0,7,0,0.0,2.0,2.0,9.0,B01
201300019909,0,7,0,0.0,2.0,3.0,1.0,B01
201300019909,0,7,0,0.0,2.0,3.0,15.0,A01
201300019910,0,7,0,0.0,0.0,4.0,23.0,B01
201300019910,0,7,0,0.0,2.0,1.0,1.0,A01
201300019911,0,31,0,16.0,0.0,8.0,1.0,A01
201300019912,0,7,0,0.0,2.0,5.0,4.0,A01
201300019912,0,33,0,0.0,2.0,8.0,0.0,B01
201300019913,1,7,0,0.0,1.0,1.0,1.0,Z01
201300019914,0,7,0,0.0,1.0,2.0,1.0,A01
201300019915,0,7,0,0.0,2.0,3.0,9.0,A01
201300019915,0,32,0,0.0,2.0,7.0,15.0,B01
201300019916,0,33,0,8.0,0.0,1.0,1.0,A01
201300019917,0,17,0,0.0,2.0,1.0,2.0,A01
201300019917,0,7,0,0.0,0.0,4.0,2.0,B01
201300019918,0,7,0,0.0,2.0,2.0,13.0,A01
201300019918,0,7,0,0.0,2.0,2.0,1.0,B01
201300019919,0,30,0,3.0,0.0,1.0,1.0,A01
201300019920,0,7,0,0.0,0.0,5.0,23.0,B01
201300019920,0,7,0,14.0,0.0,1.0,2.0,A01
201300019921,0,7,0,,,4.0,23.0,B01
201300019921,0,7,0,14.0,2.0,1.0,1.0,A01
201300019922,0,7,0,0.0,2.0,6.0,1.0,B01
201300019922,0,2,0,14.0,2.0,1.0,17.0,A01
201300019923,0,7,0,0.0,2.0,1.0,1.0,B01
201300019923,0,7,0,0.0,2.0,8.0,15.0,A01
201300019924,0,7,0,0.0,0.0,4.0,23.0,B01
201300019924,0,7,0,0.0,2.0,1.0,2.0,A01
201300019925,0,31,0,9.0,0.0,2.0,1.0,A01
201300019926,0,7,0,13.0,0.0,2.0,14.0,A01
201300019927,0,7,0,6.0,0.0,3.0,1.0,A01
201300019928,0,7,0,15.0,2.0,1.0,14.0,A01
201300019928,0,2,0,15.0,2.0,4.0,1.0,B01
201300019929,0,7,0,0.0,2.0,1.0,1.0,B01
201300019929,0,7,0,0.0,2.0,3.0,15.0,A01
201300019930,0,7,0,0.0,2.0,2.0,16.0,B01
201300019930,0,33,0,0.0,2.0,3.0,1.0,A01
201300019931,0,2,0,12.0,0.0,0.0,1.0,A01
201300019932,0,33,0,16.0,0.0,8.0,1.0,A01
201300019933,0,7,0,0.0,2.0,1.0,9.0,A01
201300019933,0,7,0,0.0,2.0,3.0,1.0,B01
201300019934,0,33,0,11.0,0.0,2.0,1.0,A01
201300019935,0,7,0,0.0,1.0,1.0,16.0,A01
201300019936,0,15,0,0.0,0.0,7.0,1.0,A01
201300019937,0,7,0,0.0,2.0,8.0,1.0,B01
201300019937,0,7,0,0.0,2.0,1.0,1.0,A01
201300019938,0,2,0,0.0,2.0,1.0,1.0,B01
201300019938,0,7,0,0.0,2.0,4.0,23.0,A01
201300019939,0,7,0,0.0,2.0,1.0,2.0,A01
201300019939,0,7,0,0.0,2.0,4.0,2.0,B01
201300019940,0,7,0,8.0,0.0,2.0,1.0,A01
201300019941,0,7,0,15.0,0.0,1.0,1.0,A01
201300019942,0,30,0,0.0,2.0,3.0,11.0,A01
201300019942,0,7,0,0.0,2.0,5.0,1.0,B01
201300019943,0,2,0,3.0,2.0,1.0,9.0,B01
201300019943,0,7,0,0.0,0.0,5.0,11.0,A01
201300019944,0,7,0,0.0,2.0,1.0,15.0,A01
201300019944,0,30,0,0.0,2.0,1.0,1.0,B01
201300019945,0,7,0,0.0,2.0,1.0,1.0,A01
201300019945,0,7,0,0.0,0.0,4.0,1.0,B01
201300019946,0,1,0,1.0,2.0,1.0,1.0,B01
201300019946,0,7,0,0.0,9.0,8.0,22.0,A01
201300019947,0,7,0,0.0,2.0,7.0,15.0,A01
201300019947,0,33,0,0.0,2.0,1.0,1.0,B01
201300019948,1,2,0,0.0,1.0,1.0,1.0,A01
201300019949,0,7,0,0.0,0.0,5.0,16.0,B01
201300019949,0,30,0,0.0,2.0,3.0,16.0,A01
201300019950,0,7,0,0.0,2.0,1.0,2.0,A01
201300019950,0,7,0,0.0,2.0,4.0,2.0,B01
201300019951,0,33,0,12.0,0.0,1.0,1.0,A01
201300019952,0,7,0,0.0,1.0,2.0,1.0,A01
201300019953,0,7,0,0.0,2.0,3.0,15.0,A01
201300019953,0,7,0,0.0,2.0,2.0,1.0,B01
201300019954,0,7,0,13.0,0.0,2.0,13.0,A01
201300019955,0,1,0,0.0,0.0,4.0,23.0,B01
201300019955,0,7,0,0.0,2.0,3.0,1.0,A01
201300019956,0,7,0,0.0,2.0,1.0,2.0,A01
201300019956,0,7,0,0.0,0.0,4.0,1.0,B01
201300019957,0,7,0,0.0,2.0,5.0,20.0,A01
201300019957,0,33,0,0.0,2.0,2.0,1.0,B01
201300019958,0,7,0,0.0,2.0,8.0,1.0,B01
201300019958,0,7,0,0.0,2.0,2.0,19.0,A01
201300019959,0,7,0,0.0,1.0,2.0,1.0,A01
201300019960,0,7,0,0.0,2.0,1.0,2.0,A01
201300019960,0,7,0,0.0,2.0,4.0,1.0,B01
201300019961,0,7,0,0.0,2.0,1.0,2.0,A01
201300019961,0,7,0,0.0,0.0,4.0,1.0,B01
201300019962,0,1,0,0.0,1.0,1.0,1.0,A01
201300019963,0,33,0,0.0,2.0,1.0,1.0,B01
201300019963,0,7,0,0.0,2.0,7.0,15.0,A01
201300019964,0,7,0,13.0,0.0,9.0,1.0,A01
201300019965,0,7,0,0.0,1.0,1.0,1.0,A01
201300019966,0,7,0,0.0,2.0,3.0,15.0,B01
201300019966,0,33,0,0.0,2.0,2.0,17.0,A01
201300019967,0,7,0,0.0,2.0,1.0,1.0,A01