Num_Acc,senc,catv,occutc,obs,obsm,choc,manv,num_veh
201300019967,0,7,0,0.0,2.0,4.0,23.0,B01
201300019968,0,7,0,0.0,2.0,2.0,15.0,A01
201300019968,0,33,0,0.0,2.0,1.0,1.0,B01
201300019969,0,7,0,0.0,2.0,4.0,1.0,B01
201300019969,0,7,0,0.0,2.0,1.0,2.0,A01
201300019970,0,1,0,0.0,2.0,7.0,1.0,B01
201300019970,0,7,0,0.0,2.0,1.0,9.0,A01
201300019971,0,7,0,0.0,2.0,1.0,19.0,A01
201300019971,0,2,0,0.0,2.0,8.0,1.0,B01
201300019972,0,7,0,0.0,2.0,4.0,23.0,A01
201300019972,0,30,0,0.0,2.0,1.0,2.0,B01
201300019973,0,7,0,0.0,2.0,1.0,1.0,A01
201300019973,0,10,0,0.0,0.0,4.0,1.0,B01
201300019974,0,7,0,0.0,2.0,2.0,17.0,B01
201300019974,0,7,0,0.0,2.0,3.0,15.0,A01
201300019975,0,7,0,0.0,2.0,2.0,19.0,A01
201300019975,0,7,0,9.0,0.0,8.0,1.0,B01
201300019976,0,7,0,0.0,1.0,3.0,1.0,A01
201300019977,0,7,0,0.0,2.0,1.0,1.0,B01
201300019977,0,7,0,0.0,2.0,1.0,15.0,A01
201300019978,0,2,0,0.0,0.0,4.0,2.0,B01
201300019978,1,7,0,0.0,0.0,0.0,0.0,Z01
201300019979,0,7,0,0.0,0.0,4.0,4.0,A01
201300019979,0,7,0,0.0,0.0,2.0,21.0,B01
201300019980,0,7,0,0.0,2.0,1.0,2.0,A01
201300019980,0,7,0,0.0,2.0,4.0,23.0,B01
201300019980,0,7,0,0.0,2.0,4.0,23.0,C01
201300019981,0,7,0,0.0,2.0,7.0,15.0,A01
201300019981,0,7,0,0.0,2.0,1.0,1.0,B01
201300019982,0,7,0,0.0,2.0,4.0,2.0,B01
201300019982,0,7,0,0.0,2.0,4.0,2.0,C01
201300019982,0,7,0,0.0,2.0,1.0,2.0,A01
201300019983,0,7,0,0.0,2.0,1.0,1.0,B01
201300019983,0,7,0,0.0,2.0,7.0,19.0,A01
201300019984,0,7,0,0.0,2.0,4.0,1.0,B01
201300019984,0,7,0,0.0,2.0,1.0,1.0,A01
201300019985,0,7,0,0.0,1.0,1.0,1.0,A01
201300019986,0,7,0,0.0,2.0,1.0,2.0,A01
201300019986,0,7,0,0.0,0.0,4.0,23.0,B01
201300019987,0,7,0,8.0,0.0,2.0,15.0,A01
201300019988,0,7,0,0.0,2.0,3.0,1.0,A01
201300019988,0,7,0,0.0,2.0,5.0,1.0,B01
201300019989,0,7,0,0.0,1.0,1.0,1.0,A01
201300019990,0,7,0,0.0,1.0,2.0,1.0,A01
201300019991,0,7,0,6.0,0.0,1.0,1.0,A01
201300019992,0,7,0,8.0,0.0,1.0,1.0,A01
201300019993,0,7,0,6.0,0.0,1.0,2.0,A01
201300019994,0,7,0,13.0,0.0,1.0,1.0,A01
201300019994,0,7,0,14.0,0.0,4.0,2.0,B01
201300019995,0,7,0,0.0,2.0,1.0,1.0,C01
201300019995,0,7,0,0.0,2.0,1.0,1.0,D01
201300019995,0,7,0,0.0,0.0,4.0,16.0,A01
201300019995,0,7,0,0.0,2.0,1.0,1.0,B01
201300019996,0,7,0,0.0,1.0,1.0,1.0,A01
201300019997,0,7,0,8.0,0.0,2.0,14.0,A01
201300019998,0,7,0,16.0,0.0,9.0,1.0,A01
201300019999,0,13,0,0.0,1.0,7.0,1.0,A01
201300020000,0,7,0,0.0,1.0,3.0,1.0,A01
201300020001,0,7,0,16.0,0.0,2.0,1.0,A01
201300020002,0,7,0,0.0,2.0,1.0,1.0,A01
201300020002,0,7,0,0.0,2.0,4.0,2.0,D01
201300020002,0,7,0,0.0,2.0,4.0,2.0,C01
201300020002,0,7,0,0.0,2.0,4.0,2.0,B01
201300020003,0,7,0,0.0,1.0,1.0,1.0,A01
201300020004,0,7,0,1.0,0.0,8.0,2.0,A01
201300020005,0,14,0,0.0,2.0,3.0,10.0,A01
201300020005,0,7,0,0.0,2.0,1.0,1.0,B02
201300020006,0,30,0,0.0,2.0,3.0,19.0,A01
201300020006,0,7,0,0.0,2.0,2.0,1.0,B02
201300020007,0,10,0,0.0,9.0,0.0,1.0,A01
201300020007,0,33,0,0.0,9.0,1.0,1.0,B02
201300020008,0,7,0,2.0,0.0,2.0,1.0,A01
201300020009,0,33,0,0.0,2.0,1.0,1.0,A01
201300020009,0,7,0,0.0,2.0,1.0,1.0,B02
201300020010,0,7,0,0.0,2.0,1.0,15.0,A01
201300020010,0,33,0,0.0,2.0,7.0,1.0,B02
201300020011,0,7,0,2.0,0.0,3.0,1.0,A01
201300020012,0,2,0,0.0,2.0,1.0,13.0,A01
201300020012,0,7,0,0.0,2.0,3.0,1.0,B02
201300020013,0,10,0,0.0,2.0,1.0,1.0,A01
201300020013,0,33,0,0.0,2.0,1.0,13.0,B02
201300020014,0,38,1,0.0,2.0,3.0,1.0,A01
201300020014,0,7,0,0.0,2.0,7.0,13.0,B02
201300020015,0,7,0,0.0,1.0,6.0,1.0,A01
201300020016,0,30,0,0.0,0.0,8.0,1.0,A01
201300020017,0,7,0,2.0,0.0,1.0,14.0,A01
201300020018,0,7,0,3.0,0.0,7.0,1.0,A01
201300020019,0,7,0,3.0,0.0,7.0,13.0,A01
201300020020,0,10,0,3.0,0.0,9.0,1.0,A01
201300020021,0,10,0,0.0,0.0,1.0,2.0,A01
201300020021,0,10,0,0.0,2.0,4.0,2.0,B02
201300020022,0,7,0,13.0,0.0,1.0,14.0,A01
201300020023,0,7,0,16.0,0.0,8.0,1.0,A01
201300020024,0,7,0,4.0,0.0,0.0,13.0,A01
201300020025,0,7,0,7.0,0.0,2.0,1.0,A01
201300020026,0,7,0,4.0,0.0,1.0,1.0,A01
201300020027,0,7,0,0.0,2.0,3.0,1.0,A01
201300020027,0,10,0,0.0,2.0,3.0,1.0,B02
201300020028,0,7,0,3.0,2.0,3.0,1.0,A01
201300020028,0,7,0,0.0,2.0,1.0,21.0,B02
201300020029,0,17,0,1.0,0.0,2.0,1.0,A01
201300020029,0,10,0,0.0,0.0,6.0,24.0,B02
201300020030,0,7,0,13.0,0.0,1.0,1.0,A01
201300020031,0,7,0,13.0,0.0,1.0,21.0,A01
201300020032,0,7,0,3.0,0.0,3.0,1.0,A01
201300020033,0,33,0,0.0,0.0,1.0,1.0,A01
201300020034,0,15,0,0.0,2.0,1.0,2.0,A01
201300020034,0,15,0,0.0,2.0,4.0,2.0,B02
201300020035,0,10,0,3.0,0.0,2.0,1.0,A01
201300020036,0,10,0,3.0,0.0,9.0,17.0,A01
201300020037,0,7,0,3.0,0.0,1.0,1.0,A01
201300020038,0,7,0,13.0,0.0,3.0,1.0,A01
201300020039,0,7,0,3.0,0.0,8.0,17.0,A01
201300020040,0,7,0,8.0,0.0,1.0,2.0,A01
201300020041,0,33,0,0.0,2.0,1.0,5.0,A01
201300020041,0,7,0,0.0,2.0,1.0,13.0,B02
201300020042,0,7,0,0.0,2.0,1.0,1.0,A01
201300020042,0,7,0,0.0,2.0,5.0,9.0,B02
201300020043,0,10,0,1.0,0.0,2.0,21.0,B02
201300020043,0,10,0,0.0,2.0,6.0,23.0,A01
201300020044,0,7,0,1.0,0.0,3.0,15.0,A01
201300020045,0,7,0,0.0,0.0,1.0,1.0,A01
201300020046,0,17,0,0.0,2.0,2.0,1.0,B02
201300020046,0,7,0,0.0,0.0,4.0,9.0,A01
201300020047,0,7,0,3.0,0.0,1.0,0.0,A01
201300020048,0,17,0,4.0,0.0,3.0,13.0,A01
201300020049,0,7,0,4.0,0.0,3.0,13.0,A01
201300020050,0,33,0,0.0,2.0,1.0,2.0,A01
201300020050,0,10,0,0.0,2.0,6.0,2.0,B02
201300020051,0,7,0,0.0,2.0,2.0,17.0,A01
201300020051,0,7,0,0.0,2.0,2.0,5.0,B02
201300020052,0,33,0,0.0,2.0,1.0,1.0,A01
201300020053,0,7,0,3.0,0.0,2.0,14.0,A01
201300020054,0,33,0,16.0,0.0,7.0,1.0,A01
201300020055,0,7,0,0.0,2.0,2.0,2.0,A01
201300020055,0,7,0,0.0,0.0,4.0,2.0,B02
201300020056,0,7,0,16.0,0.0,1.0,14.0,A01
201300020057,0,7,0,0.0,2.0,3.0,5.0,A01
201300020057,0,7,0,0.0,2.0,3.0,1.0,B02
201300020058,0,7,0,0.0,2.0,1.0,2.0,A01
201300020058,0,7,0,0.0,2.0,6.0,17.0,B02
201300020059,0,7,0,0.0,2.0,5.0,17.0,B02
201300020059,0,7,0,3.0,2.0,3.0,11.0,A01
201300020060,0,7,0,3.0,0.0,1.0,2.0,A01
201300020061,0,7,0,1.0,0.0,2.0,12.0,D04
201300020061,0,15,0,0.0,0.0,4.0,1.0,H08
201300020061,0,7,0,4.0,0.0,1.0,2.0,B02
201300020061,0,7,0,0.0,2.0,7.0,11.0,A01
201300020061,0,7,0,1.0,0.0,8.0,14.0,G07
201300020061,0,17,0,4.0,2.0,3.0,13.0,J10
201300020061,0,7,0,14.0,2.0,3.0,11.0,C03
201300020061,0,7,0,1.0,0.0,7.0,13.0,E05
201300020061,0,7,0,1.0,0.0,8.0,14.0,F06
201300020061,0,7,0,1.0,0.0,7.0,14.0,I09
201300020062,0,15,0,3.0,0.0,0.0,13.0,A01
201300020062,0,7,0,0.0,2.0,1.0,17.0,D04
201300020062,0,7,0,0.0,2.0,1.0,17.0,B02
201300020062,0,15,0,3.0,2.0,7.0,2.0,C03
201300020063,0,7,0,13.0,0.0,1.0,1.0,A01
201300020064,0,7,0,0.0,2.0,1.0,2.0,A01
201300020064,0,10,0,0.0,2.0,4.0,2.0,B02
201300020065,0,7,0,0.0,2.0,3.0,21.0,B02
201300020065,0,7,0,0.0,2.0,3.0,5.0,A01
201300020066,0,7,0,0.0,6.0,9.0,14.0,A01
201300020067,0,7,0,0.0,0.0,0.0,1.0,A01
201300020068,0,7,0,6.0,0.0,1.0,6.0,A01
201300020069,0,7,0,0.0,2.0,1.0,2.0,A01
201300020069,0,10,0,0.0,2.0,4.0,2.0,B02
201300020070,0,7,0,0.0,2.0,5.0,15.0,B02
201300020070,0,31,0,0.0,2.0,1.0,1.0,A01
201300020071,0,7,0,0.0,2.0,3.0,1.0,B02
201300020071,0,7,0,2.0,2.0,5.0,12.0,A01
201300020072,0,10,0,0.0,1.0,2.0,1.0,A01
201300020073,0,7,0,7.0,0.0,1.0,1.0,A01
201300020074,0,7,0,13.0,0.0,9.0,1.0,A01
201300020075,0,7,0,0.0,2.0,8.0,9.0,A01
201300020075,0,7,0,0.0,2.0,3.0,1.0,B02
201300020075,0,7,0,0.0,2.0,1.0,2.0,C03
201300020076,0,10,0,0.0,2.0,4.0,23.0,C03
201300020076,0,7,0,0.0,2.0,4.0,23.0,A01
201300020076,0,7,0,0.0,2.0,1.0,23.0,D04
201300020076,0,7,0,0.0,2.0,4.0,23.0,B02
201300020077,0,31,0,3.0,0.0,8.0,1.0,A01
201300020078,0,7,0,0.0,2.0,1.0,2.0,B02
201300020078,0,33,0,0.0,2.0,1.0,2.0,C03
201300020078,0,7,0,0.0,2.0,4.0,1.0,A01
201300020079,0,7,0,0.0,0.0,4.0,2.0,B02
201300020079,0,7,0,0.0,0.0,1.0,2.0,A01
201300020080,0,7,0,3.0,0.0,2.0,13.0,A01
201300020081,0,10,0,0.0,0.0,7.0,1.0,A01
201300020082,0,7,0,3.0,0.0,2.0,1.0,A01
201300020083,0,7,0,13.0,0.0,3.0,1.0,A01
201300020084,0,7,0,0.0,0.0,9.0,17.0,A01
201300020085,0,7,0,3.0,0.0,1.0,13.0,B02
201300020085,0,7,0,0.0,2.0,1.0,1.0,C03
201300020085,0,7,0,0.0,2.0,3.0,2.0,A01
201300020086,0,7,0,0.0,2.0,1.0,2.0,A01
201300020086,0,3,0,0.0,2.0,6.0,2.0,B02
201300020087,0,7,0,0.0,2.0,6.0,23.0,C03
201300020087,0,3,0,0.0,2.0,4.0,23.0,E05
201300020087,0,7,0,0.0,2.0,5.0,23.0,D04
201300020087,0,7,0,0.0,2.0,4.0,1.0,B02
201300020087,0,15,0,0.0,2.0,1.0,1.0,A01
201300020088,0,7,0,13.0,0.0,1.0,1.0,A01
201300020088,0,7,0,13.0,0.0,1.0,1.0,B02
201300020089,0,7,0,13.0,0.0,1.0,1.0,A01
201300020090,0,7,0,0.0,0.0,4.0,1.0,B02
201300020090,0,7,0,0.0,2.0,1.0,1.0,A01
201300020091,0,7,0,3.0,0.0,3.0,17.0,A01
201300020092,0,7,0,0.0,2.0,1.0,13.0,A01
201300020092,0,7,0,0.0,2.0,1.0,1.0,B02
201300020093,0,7,0,0.0,0.0,7.0,1.0,C01
201300020093,0,7,0,0.0,2.0,4.0,23.0,J01
201300020093,0,7,0,0.0,2.0,5.0,24.0,B01
201300020093,0,7,0,0.0,2.0,2.0,21.0,G01
201300020093,0,7,0,0.0,2.0,2.0,21.0,D01
201300020093,0,7,0,0.0,2.0,8.0,21.0,A01
201300020093,0,7,0,0.0,2.0,2.0,1.0,M01
201300020094,0,7,0,3.0,0.0,7.0,14.0,A01
201300020095,0,7,0,13.0,0.0,2.0,17.0,A01
201300020096,0,7,0,3.0,0.0,1.0,1.0,A01
201300020097,0,10,0,0.0,0.0,1.0,1.0,C03
201300020097,0,7,0,0.0,0.0,1.0,1.0,D04
201300020097,0,7,0,0.0,2.0,4.0,1.0,A01
201300020097,0,7,0,0.0,0.0,1.0,1.0,B02
201300020098,0,7,0,13.0,0.0,1.0,1.0,A01
201300020099,0,7,0,0.0,0.0,0.0,23.0,A01
201300020100,0,7,0,4.0,0.0,3.0,13.0,A01
201300020101,0,31,0,0.0,0.0,4.0,2.0,B01
201300020101,0,7,0,0.0,2.0,2.0,2.0,A01
201300020102,0,7,0,16.0,0.0,9.0,14.0,A01
201300020103,0,7,0,3.0,0.0,1.0,12.0,A01
201300020104,0,33,0,16.0,0.0,7.0,1.0,A01
201300020105,0,7,0,0.0,2.0,2.0,2.0,B01
201300020105,0,30,0,0.0,0.0,4.0,2.0,A01
201300020106,0,7,0,0.0,1.0,4.0,0.0,A01
201300020107,0,7,0,0.0,2.0,1.0,1.0,A01
201300020107,0,30,0,0.0,2.0,4.0,1.0,B01
201300020108,0,7,0,0.0,0.0,0.0,0.0,B01
201300020108,0,7,0,0.0,2.0,3.0,5.0,A01
201300020109,0,31,0,0.0,2.0,2.0,1.0,A01
201300020110,0,30,0,12.0,0.0,1.0,10.0,A01
201300020111,0,7,0,0.0,1.0,1.0,1.0,A01
201300020112,0,7,0,0.0,2.0,1.0,2.0,A01
201300020112,0,7,0,0.0,2.0,4.0,1.0,B01
201300020113,0,7,0,6.0,2.0,3.0,1.0,A01
201300020113,0,15,0,0.0,2.0,3.0,1.0,B01
201300020114,0,7,0,0.0,2.0,1.0,2.0,A01
201300020114,0,7,0,0.0,2.0,4.0,23.0,C01
201300020114,0,7,0,0.0,2.0,4.0,23.0,B01
201300020115,0,30,0,0.0,2.0,1.0,1.0,B01
201300020115,0,7,0,0.0,2.0,7.0,15.0,A01
201300020116,0,7,0,0.0,1.0,1.0,1.0,A01
201300020117,0,7,0,0.0,2.0,3.0,1.0,A01
201300020117,0,7,0,0.0,2.0,3.0,13.0,B01
201300020118,0,7,0,0.0,2.0,2.0,15.0,A01
201300020118,0,30,0,0.0,2.0,1.0,1.0,B01
201300020119,0,7,0,0.0,2.0,1.0,1.0,A01
201300020119,0,7,0,0.0,2.0,4.0,23.0,B01
201300020120,0,7,0,0.0,2.0,2.0,1.0,B01
201300020120,0,7,0,0.0,2.0,3.0,9.0,A01
201300020121,0,7,0,0.0,0.0,8.0,24.0,B01
201300020121,0,7,0,1.0,0.0,1.0,1.0,A01
201300020122,0,7,0,0.0,2.0,6.0,23.0,B01
201300020122,0,7,0,0.0,2.0,2.0,1.0,A01
201300020123,0,7,0,8.0,0.0,1.0,1.0,A01
201300020124,0,7,0,0.0,2.0,7.0,9.0,A01
201300020124,0,33,0,0.0,2.0,3.0,1.0,B01
201300020125,0,7,0,0.0,0.0,4.0,1.0,B01
201300020125,0,7,0,0.0,2.0,1.0,15.0,A01
201300020126,0,2,0,0.0,2.0,2.0,17.0,B01
201300020126,0,7,0,0.0,2.0,3.0,15.0,A01
201300020127,0,7,0,16.0,0.0,1.0,1.0,A01
201300020128,0,7,0,0.0,2.0,6.0,23.0,B01
201300020128,0,2,0,0.0,2.0,1.0,1.0,A01
201300020129,0,7,0,0.0,2.0,3.0,13.0,B01
201300020129,0,7,0,0.0,2.0,3.0,1.0,A01
201300020130,0,7,0,0.0,1.0,2.0,1.0,A01
201300020131,0,33,0,9.0,0.0,1.0,2.0,A01
201300020132,0,7,0,0.0,2.0,3.0,15.0,B01
201300020132,0,7,0,0.0,2.0,1.0,1.0,A01
201300020133,0,2,0,0.0,1.0,1.0,1.0,A01
201300020134,0,7,0,0.0,0.0,4.0,1.0,B01
201300020134,0,7,0,0.0,2.0,1.0,1.0,A01
201300020135,0,7,0,0.0,2.0,3.0,1.0,B01
201300020135,0,7,0,0.0,2.0,3.0,1.0,A01
201300020136,0,7,0,0.0,2.0,3.0,13.0,A01
201300020136,0,7,0,0.0,2.0,2.0,1.0,B01
201300020137,0,7,0,0.0,2.0,1.0,1.0,B01
201300020137,0,7,0,0.0,2.0,3.0,15.0,A01
201300020138,0,33,0,3.0,0.0,2.0,0.0,A01
201300020139,0,7,0,2.0,0.0,3.0,1.0,A01
201300020140,0,33,0,6.0,0.0,1.0,1.0,A01
201300020141,0,7,0,13.0,0.0,1.0,1.0,A01
201300020142,0,7,0,13.0,0.0,2.0,0.0,A01
201300020143,0,10,0,0.0,0.0,0.0,15.0,A01
201300020143,0,7,0,8.0,0.0,1.0,1.0,B02
201300020144,0,32,0,0.0,2.0,1.0,2.0,B02
201300020144,0,7,0,0.0,0.0,4.0,2.0,A01
201300020145,0,33,0,14.0,0.0,1.0,1.0,A01
201300020145,0,21,0,0.0,2.0,3.0,23.0,B02
201300020146,0,2,0,0.0,2.0,8.0,15.0,B02
201300020146,0,7,0,0.0,2.0,7.0,17.0,A01
201300020147,0,10,0,0.0,2.0,1.0,1.0,A01
201300020147,0,15,0,0.0,2.0,2.0,1.0,B02
201300020148,0,7,0,0.0,2.0,3.0,5.0,A01
201300020148,0,2,0,0.0,2.0,1.0,1.0,B02
201300020149,0,30,0,0.0,0.0,1.0,18.0,B02
201300020149,0,7,0,0.0,0.0,3.0,18.0,A01
201300020150,0,7,0,0.0,0.0,8.0,1.0,B02
201300020150,0,7,0,0.0,2.0,1.0,19.0,A01
201300020151,0,33,0,0.0,2.0,1.0,17.0,A01
201300020151,0,7,0,0.0,2.0,7.0,15.0,B02
201300020152,0,7,0,0.0,1.0,3.0,1.0,A01
201300020153,0,7,0,0.0,2.0,1.0,1.0,B02
201300020153,0,7,0,0.0,2.0,3.0,19.0,A01
201300020153,0,7,0,0.0,2.0,3.0,23.0,C03
201300020154,0,7,0,12.0,1.0,1.0,13.0,A01
201300020155,0,7,0,0.0,2.0,3.0,1.0,B01
201300020155,0,7,0,0.0,2.0,3.0,13.0,A01
201300020156,0,7,0,6.0,0.0,3.0,17.0,A01
201300020157,0,10,0,0.0,2.0,3.0,1.0,C03
201300020157,0,7,0,0.0,2.0,3.0,1.0,B02
201300020157,0,7,0,0.0,2.0,3.0,13.0,A01
201300020158,0,7,0,0.0,9.0,4.0,16.0,A01
201300020158,0,1,0,0.0,2.0,1.0,2.0,B02
201300020159,0,7,0,0.0,1.0,2.0,1.0,A01
201300020160,0,1,0,0.0,0.0,1.0,0.0,A01
201300020161,0,7,0,0.0,2.0,1.0,15.0,B02
201300020161,0,34,0,0.0,2.0,1.0,2.0,A01
201300020162,0,10,0,0.0,2.0,1.0,1.0,B02
201300020162,0,7,0,0.0,2.0,1.0,13.0,A01
201300020163,0,33,0,0.0,2.0,3.0,13.0,A01
201300020163,0,7,0,0.0,2.0,3.0,1.0,B02
201300020164,0,34,0,12.0,0.0,2.0,1.0,A01
201300020165,0,33,0,0.0,2.0,1.0,3.0,B02
201300020165,0,7,0,0.0,2.0,2.0,10.0,A01
201300020166,0,7,0,0.0,2.0,2.0,9.0,A01
201300020166,0,1,0,0.0,2.0,4.0,12.0,B02
201300020167,0,33,0,13.0,0.0,1.0,13.0,A01
201300020168,0,7,0,0.0,1.0,1.0,1.0,A01
201300020169,0,34,0,0.0,2.0,1.0,1.0,A01
201300020169,0,7,0,0.0,2.0,7.0,15.0,B02
201300020170,0,7,0,0.0,9.0,3.0,1.0,A01
201300020170,0,1,0,0.0,2.0,1.0,1.0,B02
201300020171,0,7,0,0.0,2.0,3.0,13.0,A01
201300020171,0,7,0,0.0,2.0,3.0,1.0,B02
201300020172,0,7,0,0.0,2.0,5.0,15.0,A01
201300020172,0,1,0,0.0,2.0,1.0,16.0,B02
201300020173,0,30,0,0.0,0.0,7.0,16.0,A01
201300020174,0,7,0,0.0,2.0,4.0,15.0,C03
201300020174,0,7,0,0.0,2.0,1.0,2.0,A01
201300020174,0,7,0,0.0,2.0,4.0,1.0,B02
201300020175,0,7,0,13.0,0.0,9.0,13.0,A01
201300020176,0,33,0,0.0,0.0,9.0,1.0,A01
201300020177,0,7,0,0.0,2.0,7.0,1.0,A01
201300020177,0,7,0,0.0,2.0,2.0,19.0,B02
201300020178,0,10,0,0.0,2.0,1.0,13.0,A01
201300020178,0,7,0,0.0,2.0,1.0,1.0,B02
201300020179,0,7,0,0.0,2.0,1.0,1.0,B02
201300020179,0,7,0,0.0,2.0,3.0,13.0,A01
201300020180,0,33,0,12.0,0.0,1.0,1.0,A01
201300020181,0,7,0,0.0,2.0,1.0,1.0,B02
201300020181,0,7,0,0.0,2.0,5.0,1.0,A01
201300020182,0,1,0,0.0,2.0,7.0,1.0,B02
201300020182,0,7,0,0.0,2.0,3.0,1.0,A01
201300020183,0,7,0,6.0,0.0,1.0,14.0,A01
201300020184,0,10,0,6.0,0.0,3.0,1.0,A01
201300020185,0,7,0,1.0,2.0,4.0,24.0,C03
201300020185,0,17,0,0.0,2.0,2.0,1.0,B02
201300020185,0,7,0,1.0,2.0,6.0,9.0,A01
201300020185,0,7,0,1.0,0.0,4.0,24.0,D04
201300020186,0,10,0,2.0,0.0,1.0,1.0,A01
201300020187,0,2,0,0.0,0.0,1.0,1.0,A01
201300020188,0,7,0,0.0,2.0,2.0,1.0,A01
201300020188,0,33,0,0.0,2.0,7.0,15.0,B02
201300020189,0,33,0,13.0,0.0,1.0,1.0,A01
201300020190,0,7,0,4.0,0.0,2.0,1.0,A01
201300020191,0,2,0,0.0,2.0,0.0,17.0,B01
201300020191,0,7,0,0.0,2.0,8.0,15.0,A01
201300020192,0,10,0,0.0,1.0,3.0,1.0,A01
201300020193,0,37,1,0.0,1.0,1.0,1.0,A01
201300020194,0,7,0,0.0,2.0,5.0,1.0,B01
201300020194,0,7,0,0.0,2.0,3.0,9.0,A01
201300020195,0,7,0,0.0,2.0,2.0,15.0,A01
201300020195,0,2,0,0.0,2.0,1.0,1.0,B01
201300020196,0,2,0,0.0,2.0,1.0,1.0,A01
201300020196,0,37,1,0.0,2.0,4.0,23.0,B01
201300020197,0,7,0,0.0,2.0,3.0,1.0,B01
201300020197,0,7,0,0.0,2.0,1.0,15.0,A01
201300020198,0,2,0,0.0,2.0,1.0,1.0,B01
201300020198,0,10,0,0.0,2.0,7.0,13.0,A01
201300020199,0,7,0,0.0,2.0,1.0,9.0,A01
201300020199,0,7,0,0.0,2.0,7.0,1.0,B01
201300020200,0,7,0,0.0,1.0,1.0,1.0,A01
201300020201,0,7,0,0.0,2.0,4.0,23.0,B01
201300020201,0,15,0,0.0,2.0,1.0,1.0,A01
201300020202,0,7,0,0.0,1.0,1.0,1.0,A01
201300020203,0,7,0,0.0,1.0,7.0,15.0,A01
201300020204,0,2,0,0.0,1.0,1.0,0.0,A01
201300020205,0,10,0,0.0,1.0,3.0,1.0,A01
201300020206,0,7,0,0.0,2.0,2.0,15.0,A01
201300020206,0,2,0,0.0,2.0,1.0,1.0,B01
201300020207,0,7,0,0.0,2.0,4.0,1.0,B01
201300020207,0,31,0,0.0,2.0,1.0,1.0,A01
201300020208,0,7,0,0.0,2.0,1.0,1.0,A01
201300020208,0,7,0,0.0,2.0,4.0,2.0,B01
201300020209,0,7,0,0.0,2.0,1.0,0.0,A01
201300020209,0,7,0,0.0,2.0,6.0,0.0,B01
201300020209,0,7,0,0.0,2.0,4.0,0.0,C01
201300020209,0,7,0,0.0,2.0,0.0,0.0,D01
201300020210,0,7,0,0.0,2.0,1.0,1.0,A01
201300020210,0,7,0,0.0,2.0,8.0,15.0,B01
201300020211,0,7,0,0.0,2.0,5.0,23.0,C01
201300020211,0,7,0,0.0,2.0,1.0,1.0,A01
201300020211,0,7,0,0.0,2.0,4.0,23.0,B01
201300020212,0,10,0,0.0,2.0,1.0,1.0,B01
201300020212,0,7,0,0.0,2.0,5.0,9.0,A01
201300020213,0,7,0,0.0,1.0,1.0,1.0,A01
201300020214,0,7,0,0.0,2.0,1.0,1.0,B01
201300020214,0,7,0,0.0,2.0,7.0,9.0,A01
201300020215,0,7,0,0.0,2.0,3.0,1.0,B01
201300020215,0,7,0,0.0,2.0,3.0,9.0,A01
201300020216,0,10,0,0.0,1.0,4.0,4.0,A01
201300020217,0,7,0,0.0,1.0,4.0,4.0,A01
201300020218,0,7,0,0.0,2.0,2.0,1.0,B01
201300020218,0,7,0,0.0,2.0,8.0,9.0,A01
201300020219,0,2,0,0.0,2.0,1.0,1.0,A01
201300020219,1,7,0,0.0,0.0,4.0,0.0,B01
201300020220,0,7,0,0.0,2.0,4.0,23.0,C01
201300020220,0,7,0,0.0,2.0,4.0,23.0,B01
201300020220,0,7,0,0.0,2.0,1.0,1.0,A01
201300020221,0,7,0,0.0,1.0,1.0,13.0,A01
201300020222,0,7,0,0.0,2.0,7.0,1.0,B01
201300020222,0,2,0,0.0,2.0,1.0,5.0,A01
201300020223,0,7,0,0.0,2.0,2.0,15.0,A01
201300020223,0,7,0,0.0,2.0,3.0,1.0,B01
201300020224,0,33,0,0.0,2.0,7.0,1.0,B01
201300020224,0,2,0,0.0,2.0,1.0,9.0,A01
201300020225,0,7,0,0.0,2.0,7.0,1.0,B01
201300020225,0,2,0,0.0,2.0,1.0,9.0,A01
201300020226,0,33,0,0.0,1.0,9.0,1.0,A01
201300020227,0,7,0,0.0,2.0,1.0,1.0,A01
201300020227,0,7,0,0.0,2.0,4.0,23.0,C01
201300020227,0,10,0,0.0,2.0,4.0,23.0,B01
201300020228,0,7,0,0.0,1.0,2.0,2.0,A01
201300020229,0,30,0,0.0,2.0,1.0,1.0,A01
201300020229,0,7,0,0.0,2.0,6.0,2.0,B01
201300020230,0,33,0,0.0,2.0,4.0,1.0,B01
201300020230,0,7,0,0.0,2.0,1.0,2.0,A01
201300020231,0,2,0,0.0,2.0,1.0,1.0,A01
201300020231,0,7,0,0.0,2.0,4.0,2.0,B01
201300020232,0,7,0,0.0,2.0,8.0,1.0,B01
201300020232,0,7,0,0.0,2.0,1.0,1.0,A01
201300020233,0,7,0,0.0,1.0,1.0,0.0,A01
201300020234,0,7,0,0.0,2.0,2.0,15.0,A01
201300020234,0,7,0,0.0,2.0,1.0,1.0,B01
201300020235,0,7,0,0.0,2.0,3.0,9.0,A01
201300020235,0,7,0,0.0,2.0,2.0,1.0,B01
201300020235,0,7,0,0.0,2.0,1.0,1.0,C01
201300020236,0,7,0,0.0,2.0,1.0,11.0,A01
201300020236,0,7,0,0.0,2.0,6.0,1.0,B01
201300020237,0,10,0,0.0,2.0,8.0,1.0,B01
201300020237,0,7,0,0.0,2.0,1.0,9.0,A01
201300020238,0,7,0,0.0,1.0,3.0,13.0,A01