Num_Acc,senc,catv,occutc,obs,obsm,choc,manv,num_veh
201300020239,0,7,0,0.0,1.0,4.0,4.0,A01
201300020240,0,10,0,0.0,2.0,7.0,1.0,B01
201300020240,0,10,0,0.0,2.0,1.0,9.0,A01
201300020241,0,10,0,0.0,2.0,7.0,9.0,A01
201300020241,0,7,0,0.0,2.0,1.0,1.0,B01
201300020242,0,1,0,0.0,2.0,1.0,0.0,B01
201300020242,0,7,0,0.0,2.0,3.0,1.0,A01
201300020243,0,2,0,0.0,2.0,1.0,9.0,A01
201300020243,0,7,0,0.0,2.0,1.0,1.0,B01
201300020244,0,7,0,0.0,2.0,3.0,9.0,A01
201300020244,0,7,0,0.0,2.0,2.0,1.0,B01
201300020245,1,7,0,0.0,2.0,1.0,9.0,B01
201300020245,0,2,0,0.0,2.0,1.0,5.0,A01
201300020246,0,7,0,0.0,1.0,1.0,1.0,A01
201300020247,0,7,0,0.0,2.0,1.0,1.0,A01
201300020247,0,7,0,0.0,2.0,1.0,1.0,B01
201300020248,0,1,0,0.0,2.0,2.0,0.0,B01
201300020248,0,7,0,0.0,2.0,1.0,1.0,A01
201300020249,0,1,0,0.0,2.0,4.0,0.0,B01
201300020249,0,7,0,0.0,2.0,2.0,9.0,A01
201300020250,0,7,0,0.0,2.0,1.0,1.0,B01
201300020250,0,7,0,0.0,2.0,3.0,9.0,A01
201300020251,0,7,0,0.0,2.0,5.0,1.0,B01
201300020251,0,2,0,0.0,2.0,1.0,1.0,A01
201300020252,0,7,0,10.0,0.0,1.0,1.0,A01
201300020253,0,38,0,0.0,2.0,3.0,9.0,A01
201300020253,0,2,0,0.0,2.0,1.0,1.0,B01
201300020254,0,2,0,0.0,2.0,1.0,17.0,A01
201300020254,0,7,0,0.0,2.0,8.0,15.0,B01
201300020255,0,30,0,0.0,2.0,8.0,11.0,A01
201300020255,0,7,0,0.0,2.0,7.0,1.0,B01
201300020256,0,7,0,0.0,2.0,6.0,1.0,A01
201300020256,0,34,0,0.0,2.0,1.0,1.0,B01
201300020257,0,7,0,0.0,1.0,2.0,1.0,A01
201300020258,0,7,0,0.0,2.0,4.0,23.0,B01
201300020258,0,7,0,0.0,2.0,1.0,2.0,A01
201300020259,0,7,0,0.0,2.0,3.0,1.0,B01
201300020259,0,7,0,0.0,2.0,1.0,19.0,A01
201300020260,0,1,0,0.0,2.0,1.0,2.0,A01
201300020260,0,7,0,0.0,2.0,4.0,23.0,B01
201300020261,0,7,0,0.0,2.0,6.0,23.0,B01
201300020261,0,7,0,0.0,2.0,1.0,17.0,A01
201300020262,0,7,0,0.0,2.0,9.0,1.0,B01
201300020262,0,7,0,0.0,2.0,1.0,0.0,A01
201300020263,0,7,0,0.0,0.0,1.0,1.0,A01
201300020263,0,7,0,0.0,2.0,4.0,23.0,B01
201300020263,0,7,0,0.0,2.0,4.0,23.0,C01
201300020264,0,7,0,0.0,2.0,1.0,15.0,A01
201300020264,0,30,0,0.0,2.0,1.0,1.0,B01
201300020265,0,7,0,0.0,1.0,0.0,15.0,A01
201300020266,0,7,0,0.0,1.0,3.0,1.0,A01
201300020267,0,7,0,0.0,2.0,4.0,1.0,C01
201300020267,0,13,0,0.0,2.0,1.0,1.0,A01
201300020267,0,7,0,0.0,2.0,4.0,1.0,B01
201300020268,0,7,0,0.0,2.0,2.0,15.0,A01
201300020268,0,33,0,0.0,2.0,1.0,1.0,B01
201300020269,0,7,0,0.0,2.0,0.0,1.0,B01
201300020269,0,33,0,0.0,2.0,1.0,1.0,A01
201300020270,0,2,0,0.0,2.0,1.0,1.0,B01
201300020270,0,7,0,0.0,2.0,8.0,19.0,A01
201300020271,0,7,0,0.0,2.0,2.0,15.0,A01
201300020271,0,7,0,0.0,2.0,1.0,1.0,B01
201300020272,0,7,0,8.0,0.0,0.0,1.0,A01
201300020273,0,7,0,0.0,2.0,6.0,1.0,C01
201300020273,0,7,0,0.0,2.0,7.0,13.0,A01
201300020273,0,7,0,0.0,2.0,1.0,1.0,B01
201300020274,0,7,0,0.0,2.0,4.0,2.0,B01
201300020274,0,7,0,0.0,2.0,1.0,1.0,A01
201300020274,0,7,0,0.0,0.0,3.0,1.0,C01
201300020275,0,7,0,0.0,2.0,3.0,15.0,A01
201300020275,0,7,0,0.0,2.0,1.0,1.0,B01
201300020276,0,10,0,0.0,2.0,3.0,1.0,B01
201300020276,0,7,0,0.0,2.0,2.0,9.0,A01
201300020277,0,33,0,0.0,2.0,7.0,17.0,A01
201300020277,0,7,0,0.0,2.0,3.0,15.0,B01
201300020278,0,7,0,2.0,0.0,7.0,1.0,A01
201300020279,0,7,0,0.0,2.0,1.0,1.0,B01
201300020279,0,7,0,0.0,2.0,1.0,1.0,A01
201300020280,0,1,0,0.0,2.0,8.0,1.0,B01
201300020280,0,7,0,0.0,2.0,2.0,15.0,A01
201300020281,0,7,0,0.0,2.0,6.0,1.0,B01
201300020281,0,2,0,0.0,2.0,1.0,1.0,A01
201300020282,0,7,0,0.0,2.0,2.0,15.0,A01
201300020282,0,7,0,0.0,2.0,7.0,1.0,B01
201300020283,0,7,0,0.0,2.0,1.0,13.0,A01
201300020283,0,7,0,0.0,2.0,1.0,1.0,B01
201300020284,0,7,0,0.0,2.0,3.0,15.0,B01
201300020284,0,7,0,0.0,2.0,2.0,1.0,A01
201300020285,0,10,0,0.0,2.0,1.0,2.0,A01
201300020285,0,7,0,0.0,2.0,4.0,1.0,B01
201300020286,0,7,0,0.0,2.0,4.0,23.0,B01
201300020286,0,1,0,0.0,2.0,1.0,1.0,A01
201300020287,0,7,0,0.0,1.0,1.0,1.0,A01
201300020288,0,7,0,0.0,2.0,3.0,16.0,B01
201300020288,0,7,0,0.0,2.0,3.0,15.0,A01
201300020289,0,7,0,0.0,2.0,8.0,9.0,A01
201300020289,0,7,0,0.0,2.0,1.0,1.0,B01
201300020290,0,7,0,0.0,2.0,1.0,1.0,A01
201300020290,0,33,0,0.0,2.0,1.0,15.0,B01
201300020291,0,7,0,0.0,2.0,1.0,2.0,A01
201300020291,0,7,0,0.0,2.0,4.0,2.0,B01
201300020292,0,7,0,0.0,1.0,2.0,1.0,A01
201300020293,0,1,0,0.0,2.0,1.0,1.0,B01
201300020293,0,7,0,0.0,2.0,2.0,17.0,A01
201300020294,0,7,0,0.0,2.0,1.0,1.0,B01
201300020294,0,7,0,0.0,2.0,2.0,15.0,A01
201300020295,0,7,0,0.0,2.0,1.0,2.0,A01
201300020295,0,7,0,0.0,0.0,4.0,23.0,B01
201300020296,0,7,0,0.0,2.0,1.0,1.0,B01
201300020296,0,7,0,0.0,2.0,8.0,9.0,A01
201300020297,0,7,0,0.0,2.0,5.0,15.0,A01
201300020297,0,30,0,0.0,2.0,1.0,1.0,B01
201300020298,0,7,0,0.0,2.0,4.0,23.0,B01
201300020298,0,7,0,0.0,2.0,1.0,1.0,A01
201300020298,0,7,0,0.0,2.0,4.0,23.0,C01
201300020299,0,7,0,0.0,1.0,1.0,1.0,A01
201300020300,0,7,0,0.0,1.0,7.0,1.0,A01
201300020301,0,7,0,0.0,1.0,1.0,16.0,A01
201300020302,0,7,0,0.0,1.0,2.0,1.0,A01
201300020303,0,2,0,0.0,2.0,1.0,1.0,B01
201300020303,0,7,0,0.0,2.0,3.0,9.0,A01
201300020304,0,7,0,0.0,2.0,2.0,15.0,A01
201300020304,0,2,0,0.0,2.0,0.0,1.0,B01
201300020304,0,7,0,0.0,2.0,2.0,23.0,C01
201300020305,0,7,0,0.0,2.0,1.0,1.0,B01
201300020305,0,7,0,0.0,2.0,8.0,4.0,A01
201300020306,0,7,0,0.0,2.0,3.0,15.0,A01
201300020306,0,7,0,0.0,2.0,1.0,1.0,B01
201300020307,0,7,0,6.0,0.0,1.0,15.0,A01
201300020308,0,7,0,1.0,0.0,1.0,22.0,A01
201300020308,0,1,0,1.0,0.0,1.0,1.0,B01
201300020309,0,2,0,0.0,2.0,1.0,1.0,B01
201300020309,0,7,0,0.0,2.0,3.0,15.0,A01
201300020310,0,31,0,0.0,2.0,1.0,1.0,A01
201300020310,0,7,0,0.0,2.0,4.0,23.0,B01
201300020311,0,7,0,6.0,0.0,1.0,17.0,A01
201300020312,0,7,0,1.0,0.0,2.0,1.0,A01
201300020313,0,7,0,0.0,2.0,1.0,15.0,A01
201300020313,0,31,0,0.0,2.0,1.0,1.0,B01
201300020314,1,7,0,0.0,2.0,1.0,1.0,A01
201300020314,0,7,0,0.0,2.0,4.0,23.0,B01
201300020315,0,7,0,0.0,2.0,8.0,1.0,A01
201300020315,0,30,0,0.0,2.0,1.0,1.0,B02
201300020316,0,7,0,0.0,2.0,4.0,2.0,B02
201300020316,0,7,0,0.0,2.0,1.0,2.0,A01
201300020317,0,17,0,0.0,2.0,5.0,1.0,A01
201300020317,0,31,0,0.0,2.0,3.0,9.0,B02
201300020318,0,7,0,0.0,2.0,1.0,1.0,B02
201300020318,0,30,0,0.0,2.0,8.0,15.0,A01
201300020319,0,10,0,0.0,0.0,4.0,2.0,A01
201300020319,0,33,0,0.0,2.0,1.0,2.0,B02
201300020320,0,7,0,0.0,2.0,2.0,15.0,A01
201300020320,0,33,0,0.0,2.0,1.0,1.0,B02
201300020321,0,14,0,0.0,2.0,1.0,2.0,A01
201300020321,0,7,0,0.0,2.0,4.0,2.0,B02
201300020321,0,7,0,0.0,2.0,5.0,2.0,C03
201300020321,0,7,0,0.0,2.0,7.0,2.0,D04
201300020321,0,7,0,0.0,2.0,5.0,2.0,E05
201300020322,0,1,0,0.0,2.0,1.0,1.0,A01
201300020322,0,7,0,0.0,0.0,1.0,23.0,B02
201300020323,0,7,0,0.0,2.0,1.0,1.0,B02
201300020323,0,10,0,0.0,2.0,3.0,13.0,A01
201300020324,0,7,0,0.0,0.0,5.0,23.0,A01
201300020324,0,1,0,1.0,0.0,1.0,1.0,B02
201300020325,0,7,0,0.0,2.0,7.0,1.0,B02
201300020325,0,7,0,0.0,2.0,1.0,19.0,A01
201300020326,0,7,0,0.0,1.0,2.0,19.0,A01
201300020327,0,7,0,0.0,2.0,1.0,1.0,B02
201300020327,0,7,0,0.0,2.0,1.0,13.0,A01
201300020328,0,15,0,0.0,2.0,1.0,1.0,B01
201300020328,0,7,0,3.0,2.0,2.0,0.0,A01
201300020329,0,7,0,0.0,2.0,3.0,15.0,A01
201300020329,0,31,0,0.0,2.0,1.0,1.0,B01
201300020330,0,7,0,0.0,2.0,3.0,13.0,A01
201300020330,0,7,0,0.0,2.0,8.0,1.0,B01
201300020331,0,7,0,1.0,0.0,2.0,1.0,A01
201300020332,0,33,0,11.0,0.0,6.0,17.0,A01
201300020333,0,7,0,0.0,1.0,2.0,15.0,A01
201300020334,0,7,0,0.0,1.0,2.0,0.0,A01
201300020335,0,10,0,8.0,0.0,1.0,1.0,A01
201300020336,0,10,0,13.0,0.0,9.0,2.0,A01
201300020337,0,7,0,0.0,1.0,2.0,1.0,A01
201300020338,0,7,0,0.0,2.0,3.0,15.0,B01
201300020338,0,2,0,0.0,2.0,1.0,1.0,A01
201300020339,0,7,0,0.0,1.0,3.0,1.0,A01
201300020340,0,7,0,13.0,0.0,8.0,21.0,A01
201300020341,0,7,0,0.0,1.0,1.0,1.0,A01
201300020342,0,7,0,1.0,0.0,1.0,1.0,A01
201300020343,0,7,0,0.0,1.0,8.0,1.0,A01
201300020344,0,2,0,0.0,2.0,1.0,0.0,A01
201300020344,0,7,0,0.0,2.0,1.0,1.0,B01
201300020345,0,7,0,14.0,0.0,1.0,1.0,A01
201300020346,0,33,0,0.0,1.0,1.0,11.0,A01
201300020346,0,7,0,0.0,0.0,3.0,15.0,B01
201300020347,0,7,0,0.0,0.0,2.0,1.0,B01
201300020347,0,1,0,0.0,2.0,2.0,5.0,A01
201300020348,0,7,0,0.0,2.0,1.0,13.0,A01
201300020348,0,7,0,0.0,2.0,1.0,1.0,B01
201300020348,0,7,0,0.0,2.0,1.0,1.0,C01
201300020349,0,7,0,0.0,2.0,1.0,2.0,A01
201300020349,0,7,0,0.0,2.0,4.0,2.0,B01
201300020350,0,7,0,0.0,1.0,1.0,1.0,A01
201300020351,0,7,0,0.0,2.0,7.0,13.0,A01
201300020351,0,7,0,0.0,2.0,1.0,1.0,B01
201300020352,0,21,0,0.0,2.0,6.0,1.0,A01
201300020352,0,1,0,0.0,2.0,3.0,1.0,B02
201300020353,0,33,0,0.0,2.0,7.0,17.0,A01
201300020353,0,1,0,0.0,2.0,3.0,1.0,B02
201300020354,0,33,0,0.0,0.0,2.0,1.0,A01
201300020355,0,7,0,2.0,0.0,1.0,1.0,A01
201300020356,0,1,0,0.0,2.0,1.0,19.0,B02
201300020356,0,7,0,0.0,0.0,7.0,1.0,A01
201300020357,0,31,0,0.0,2.0,5.0,1.0,B02
201300020357,0,7,0,0.0,2.0,3.0,9.0,A01
201300020358,0,7,0,2.0,6.0,1.0,1.0,A01
201300020359,0,7,0,2.0,0.0,8.0,1.0,A01
201300020360,0,7,0,0.0,2.0,4.0,2.0,B01
201300020360,0,33,0,0.0,2.0,1.0,2.0,A01
201300020361,0,7,0,0.0,2.0,1.0,1.0,B01
201300020361,0,7,0,0.0,2.0,0.0,24.0,C01
201300020361,0,1,0,0.0,2.0,1.0,1.0,A01
201300020362,0,2,0,0.0,2.0,1.0,1.0,B01
201300020362,0,7,0,0.0,2.0,2.0,1.0,A01
201300020363,0,7,0,0.0,1.0,1.0,15.0,A01
201300020364,0,7,0,0.0,2.0,1.0,1.0,B01
201300020364,0,30,0,0.0,2.0,7.0,1.0,A01
201300020365,0,7,0,0.0,2.0,1.0,1.0,A01
201300020365,0,1,0,0.0,2.0,4.0,15.0,B01
201300020366,0,33,0,0.0,2.0,1.0,1.0,B01
201300020366,0,7,0,0.0,2.0,8.0,9.0,A01
201300020367,0,7,0,0.0,2.0,1.0,1.0,B01
201300020367,0,7,0,0.0,2.0,2.0,15.0,A01
201300020368,0,1,0,0.0,2.0,8.0,1.0,B01
201300020368,0,7,0,0.0,2.0,1.0,1.0,A01
201300020369,0,7,0,0.0,2.0,2.0,2.0,A01
201300020369,0,1,0,0.0,2.0,5.0,1.0,B01
201300020370,0,30,0,0.0,2.0,5.0,0.0,B01
201300020370,0,7,0,0.0,2.0,3.0,9.0,A01
201300020371,0,7,0,9.0,0.0,1.0,1.0,A01
201300020372,0,7,0,0.0,2.0,1.0,1.0,A01
201300020372,0,2,0,0.0,2.0,8.0,19.0,B01
201300020373,0,7,0,0.0,2.0,6.0,11.0,A01
201300020373,0,30,0,0.0,2.0,3.0,1.0,B01
201300020374,0,10,0,0.0,2.0,3.0,9.0,A01
201300020374,0,1,0,0.0,2.0,1.0,1.0,B01
201300020375,0,7,0,0.0,2.0,1.0,15.0,A01
201300020375,0,2,0,0.0,2.0,1.0,1.0,B01
201300020376,0,7,0,0.0,1.0,1.0,15.0,A01
201300020377,0,30,0,0.0,2.0,1.0,1.0,B01
201300020377,0,7,0,0.0,2.0,2.0,15.0,A01
201300020378,0,7,0,9.0,0.0,1.0,13.0,A01
201300020379,0,1,0,0.0,2.0,3.0,19.0,B01
201300020379,0,7,0,0.0,2.0,1.0,1.0,A01
201300020380,0,7,0,6.0,0.0,2.0,14.0,A01
201300020381,0,7,0,0.0,1.0,1.0,1.0,A01
201300020382,0,1,0,0.0,2.0,3.0,19.0,A01
201300020382,0,10,0,0.0,2.0,2.0,1.0,B01
201300020383,0,32,0,0.0,2.0,1.0,21.0,B01
201300020383,0,7,0,0.0,2.0,6.0,15.0,A01
201300020384,0,7,0,8.0,0.0,1.0,14.0,A01
201300020385,0,7,0,0.0,1.0,2.0,1.0,A01
201300020386,0,1,0,0.0,2.0,1.0,5.0,A01
201300020386,0,7,0,0.0,2.0,2.0,16.0,B01
201300020387,0,7,0,0.0,2.0,3.0,1.0,C01
201300020387,1,7,0,0.0,2.0,3.0,20.0,Z01
201300020387,0,2,0,0.0,2.0,1.0,1.0,B01
201300020388,0,7,0,12.0,0.0,2.0,16.0,A01
201300020389,0,30,0,0.0,2.0,1.0,1.0,B01
201300020389,0,7,0,0.0,2.0,2.0,10.0,A01
201300020390,0,7,0,0.0,2.0,1.0,1.0,A01
201300020390,0,1,0,0.0,2.0,1.0,1.0,B01
201300020391,0,7,0,0.0,2.0,1.0,1.0,B01
201300020391,0,30,0,0.0,2.0,1.0,15.0,A01
201300020392,0,7,0,15.0,0.0,2.0,1.0,A01
201300020393,0,33,0,0.0,2.0,4.0,23.0,B01
201300020393,0,33,0,0.0,2.0,1.0,2.0,A01
201300020394,0,7,0,6.0,2.0,7.0,1.0,B01
201300020394,0,7,0,0.0,2.0,1.0,1.0,A01
201300020395,0,7,0,1.0,0.0,1.0,14.0,A01
201300020396,0,1,0,0.0,2.0,1.0,19.0,A01
201300020396,0,7,0,0.0,2.0,2.0,16.0,B01
201300020397,0,2,0,1.0,0.0,1.0,1.0,A01
201300020398,0,7,0,0.0,1.0,7.0,1.0,A01
201300020399,0,7,0,0.0,2.0,3.0,24.0,A01
201300020399,0,1,0,1.0,0.0,1.0,1.0,B01
201300020400,0,7,0,0.0,2.0,4.0,23.0,B01
201300020400,0,7,0,0.0,2.0,1.0,2.0,A01
201300020401,0,7,0,8.0,0.0,3.0,1.0,A01
201300020402,0,7,0,8.0,0.0,3.0,14.0,A01
201300020403,0,32,0,0.0,2.0,2.0,17.0,A01
201300020403,0,7,0,0.0,2.0,3.0,15.0,B01
201300020404,0,7,0,1.0,0.0,1.0,1.0,A01
201300020405,0,14,0,0.0,1.0,3.0,1.0,A01
201300020406,0,10,0,0.0,2.0,1.0,2.0,A01
201300020406,0,7,0,0.0,2.0,4.0,23.0,B01
201300020407,0,7,0,0.0,2.0,1.0,15.0,A01
201300020407,0,7,0,0.0,2.0,1.0,23.0,B01
201300020408,0,10,0,0.0,1.0,4.0,4.0,A01
201300020409,0,7,0,0.0,2.0,6.0,1.0,B01
201300020409,0,30,0,0.0,2.0,1.0,1.0,A01
201300020410,0,2,0,0.0,2.0,7.0,15.0,B01
201300020410,1,7,0,0.0,2.0,8.0,15.0,Z01
201300020411,0,7,0,8.0,0.0,1.0,16.0,A01
201300020412,0,10,0,0.0,1.0,1.0,1.0,A01
201300020413,0,37,2,0.0,1.0,2.0,1.0,A01
201300020414,0,10,0,1.0,0.0,2.0,1.0,B01
201300020414,0,10,0,0.0,2.0,8.0,22.0,A01
201300020415,0,1,0,0.0,2.0,7.0,19.0,B01
201300020415,0,7,0,0.0,2.0,1.0,1.0,A01
201300020416,0,7,0,0.0,2.0,4.0,23.0,C01
201300020416,0,7,0,0.0,2.0,4.0,23.0,B01
201300020416,0,7,0,0.0,2.0,1.0,2.0,A01
201300020417,0,1,0,0.0,2.0,0.0,0.0,B01
201300020417,0,15,0,0.0,2.0,7.0,1.0,A01
201300020418,0,33,0,0.0,2.0,1.0,1.0,B01
201300020418,0,7,0,0.0,2.0,1.0,15.0,A01
201300020419,0,7,0,0.0,1.0,1.0,1.0,A01
201300020420,0,7,0,0.0,1.0,2.0,1.0,A01
201300020421,0,1,0,0.0,2.0,6.0,15.0,A01
201300020421,0,7,0,0.0,2.0,2.0,1.0,B01
201300020422,0,2,0,0.0,1.0,1.0,1.0,A01
201300020423,0,7,0,0.0,2.0,0.0,1.0,B01
201300020423,0,7,0,8.0,2.0,0.0,1.0,A01
201300020424,0,2,0,0.0,2.0,1.0,1.0,B01
201300020424,0,7,0,0.0,2.0,1.0,15.0,A01
201300020425,0,7,0,0.0,2.0,2.0,1.0,B01
201300020425,0,33,0,0.0,2.0,1.0,1.0,A01
201300020426,0,32,0,0.0,2.0,1.0,1.0,B01
201300020426,0,7,0,0.0,2.0,2.0,15.0,A01
201300020427,0,7,0,0.0,2.0,4.0,0.0,B01
201300020427,0,32,0,0.0,2.0,1.0,1.0,A01
201300020428,0,10,0,0.0,2.0,3.0,15.0,A01
201300020428,0,1,0,0.0,2.0,3.0,1.0,B01
201300020429,0,30,0,2.0,0.0,1.0,13.0,A01
201300020430,0,7,0,0.0,2.0,2.0,1.0,B01
201300020430,0,7,0,0.0,2.0,3.0,1.0,A01
201300020431,0,7,0,0.0,1.0,2.0,15.0,A01
201300020432,0,1,0,0.0,2.0,2.0,19.0,A01
201300020432,0,30,0,1.0,2.0,1.0,1.0,B01
201300020433,0,7,0,0.0,2.0,0.0,16.0,A01
201300020433,0,30,0,0.0,2.0,2.0,0.0,B01
201300020434,0,7,0,0.0,2.0,2.0,15.0,A01
201300020434,0,32,0,0.0,2.0,1.0,1.0,B01
201300020435,0,17,0,12.0,0.0,6.0,13.0,A01
201300020436,0,7,0,0.0,2.0,3.0,1.0,A01
201300020436,0,7,0,0.0,2.0,7.0,15.0,B01
201300020437,1,7,0,0.0,2.0,4.0,4.0,Z01
201300020437,0,7,0,0.0,2.0,1.0,2.0,C01
201300020437,0,7,0,0.0,2.0,1.0,2.0,B01
201300020438,2,7,0,0.0,2.0,1.0,2.0,A01
201300020438,0,30,0,0.0,2.0,4.0,1.0,B01
201300020439,0,10,0,0.0,2.0,2.0,17.0,B01
201300020439,0,7,0,0.0,2.0,8.0,15.0,A01
201300020440,1,10,0,0.0,2.0,2.0,15.0,Z01
201300020440,0,33,0,0.0,2.0,1.0,1.0,B01
201300020441,1,7,0,0.0,2.0,3.0,13.0,A01
201300020441,0,7,0,0.0,2.0,3.0,1.0,B01
201300020442,0,7,0,1.0,2.0,8.0,1.0,B01
201300020442,0,7,0,0.0,2.0,1.0,1.0,A01
201300020443,0,7,0,1.0,0.0,9.0,14.0,A01
201300020444,0,7,0,0.0,2.0,1.0,1.0,B01
201300020444,0,7,0,0.0,2.0,3.0,15.0,A01
201300020445,0,7,0,0.0,2.0,6.0,1.0,B01
201300020445,0,7,0,0.0,2.0,2.0,1.0,C01
201300020445,0,2,0,0.0,2.0,1.0,2.0,A01
201300020446,0,38,10,0.0,1.0,2.0,1.0,A01
201300020447,0,7,0,0.0,2.0,1.0,1.0,C01
201300020447,0,30,0,0.0,2.0,1.0,2.0,A01
201300020447,0,7,0,0.0,2.0,4.0,23.0,B01
201300020448,0,1,0,0.0,2.0,1.0,1.0,B01
201300020448,1,7,0,0.0,2.0,3.0,1.0,A01
201300020449,0,7,0,12.0,0.0,1.0,13.0,A01
201300020450,0,7,0,0.0,1.0,3.0,1.0,A01
201300020451,0,7,0,0.0,1.0,3.0,1.0,A01
201300020452,1,7,0,0.0,1.0,1.0,1.0,Z01
201300020453,0,7,0,0.0,2.0,3.0,1.0,A01
201300020453,0,1,0,0.0,2.0,2.0,15.0,B01
201300020454,0,2,0,0.0,2.0,1.0,1.0,B01
201300020454,1,7,0,0.0,2.0,2.0,15.0,A01
201300020455,0,7,0,0.0,2.0,8.0,22.0,A01
201300020455,0,1,0,1.0,0.0,1.0,1.0,B01
201300020456,0,7,0,0.0,2.0,8.0,15.0,A01
201300020456,0,7,0,0.0,2.0,1.0,1.0,B01
201300020457,0,7,0,0.0,2.0,1.0,15.0,A01
201300020457,0,7,0,0.0,2.0,1.0,1.0,B01
201300020458,0,31,0,0.0,2.0,5.0,1.0,A01
201300020458,0,10,0,0.0,2.0,8.0,20.0,B01
201300020459,0,7,0,0.0,1.0,2.0,1.0,A01
201300020460,0,10,0,0.0,2.0,2.0,15.0,A01
201300020460,0,30,0,0.0,2.0,1.0,1.0,B01
201300020461,0,7,0,0.0,2.0,1.0,1.0,B01
201300020461,0,33,0,0.0,2.0,1.0,15.0,A01
201300020462,0,31,0,0.0,1.0,1.0,1.0,A01
201300020463,0,32,0,12.0,0.0,1.0,1.0,A01
201300020464,0,7,0,0.0,2.0,1.0,1.0,B01
201300020464,0,7,0,0.0,2.0,1.0,13.0,A01
201300020465,0,7,0,0.0,2.0,2.0,15.0,B02
201300020465,0,33,0,0.0,2.0,7.0,1.0,A01
201300020466,0,10,0,0.0,2.0,3.0,1.0,B02
201300020466,0,10,0,0.0,2.0,3.0,13.0,A01
201300020467,0,7,0,13.0,0.0,1.0,1.0,A01
201300020468,0,7,0,13.0,0.0,1.0,1.0,A01
201300020469,0,7,0,0.0,2.0,1.0,13.0,A01
201300020469,0,7,0,0.0,2.0,3.0,1.0,B02
201300020470,0,7,0,0.0,2.0,3.0,1.0,B02
201300020470,0,33,0,0.0,2.0,1.0,13.0,A01
201300020471,0,2,0,0.0,2.0,1.0,1.0,B02
201300020471,0,7,0,0.0,2.0,1.0,13.0,A01
201300020472,0,7,0,0.0,1.0,1.0,15.0,A01
201300020473,0,7,0,0.0,1.0,3.0,1.0,A01
201300020474,0,7,0,2.0,0.0,1.0,13.0,A01
201300020475,0,7,0,0.0,2.0,2.0,1.0,A01
201300020475,1,7,0,0.0,2.0,1.0,19.0,B01
201300020476,0,1,0,0.0,2.0,1.0,13.0,A01
201300020476,0,2,0,0.0,2.0,1.0,1.0,B01
201300020477,0,1,0,0.0,1.0,1.0,5.0,A01
201300020478,0,7,0,0.0,1.0,7.0,1.0,A01
201300020479,0,2,0,0.0,2.0,8.0,1.0,A01
201300020479,0,7,0,0.0,2.0,7.0,9.0,B01
201300020480,0,30,0,0.0,1.0,1.0,1.0,A01
201300020481,0,7,0,0.0,1.0,2.0,1.0,A01
201300020482,0,7,0,0.0,9.0,3.0,2.0,A01
201300020482,0,1,0,0.0,2.0,4.0,1.0,B01
201300020483,0,7,0,0.0,1.0,3.0,1.0,A01
201300020484,0,2,0,0.0,2.0,1.0,13.0,A01
201300020484,0,7,0,0.0,2.0,3.0,1.0,B01
201300020485,0,7,0,13.0,0.0,1.0,1.0,A01
201300020486,0,7,0,0.0,2.0,8.0,13.0,A01
201300020486,0,7,0,0.0,2.0,7.0,21.0,B01
201300020486,0,7,0,0.0,2.0,8.0,1.0,C01
201300020487,0,2,0,0.0,0.0,8.0,1.0,A01
201300020488,0,33,0,0.0,0.0,8.0,6.0,A01
201300020489,0,7,0,0.0,1.0,6.0,4.0,A01
201300020490,0,33,0,0.0,2.0,2.0,1.0,B01
201300020490,0,7,0,0.0,2.0,3.0,9.0,A01
201300020491,0,3,0,0.0,1.0,3.0,16.0,A01
201300020492,0,7,0,0.0,2.0,3.0,2.0,A01
201300020492,0,2,0,0.0,2.0,4.0,23.0,B01
201300020493,0,7,0,0.0,2.0,4.0,1.0,A01
201300020493,0,2,0,0.0,2.0,1.0,2.0,B01
201300020493,0,7,0,0.0,2.0,1.0,2.0,C01
201300020494,0,7,0,0.0,2.0,3.0,1.0,B01
201300020494,0,7,0,0.0,2.0,3.0,19.0,A01
201300020495,0,7,0,0.0,1.0,5.0,4.0,A01
201300020496,0,7,0,0.0,2.0,1.0,2.0,A01
201300020496,0,7,0,0.0,0.0,4.0,1.0,B01
201300020497,0,30,0,0.0,2.0,8.0,13.0,A01
201300020497,0,7,0,0.0,2.0,8.0,1.0,B01
201300020498,0,7,0,0.0,0.0,0.0,1.0,A01
201300020498,0,33,0,12.0,0.0,7.0,1.0,B01
201300020499,0,7,0,0.0,1.0,2.0,9.0,A01
201300020500,0,2,0,0.0,2.0,1.0,1.0,A01
201300020500,0,7,0,0.0,2.0,2.0,15.0,B01
201300020501,0,1,0,0.0,2.0,5.0,1.0,B01
201300020501,0,7,0,0.0,2.0,3.0,9.0,A01
201300020502,0,30,0,0.0,2.0,1.0,2.0,A01
201300020502,0,7,0,0.0,2.0,6.0,23.0,B01
201300020503,0,2,0,0.0,2.0,3.0,2.0,A01
201300020503,0,7,0,0.0,2.0,4.0,1.0,B01
201300020504,0,7,0,0.0,2.0,2.0,2.0,A01
201300020504,0,1,0,0.0,2.0,4.0,1.0,B01
201300020505,0,10,0,0.0,2.0,1.0,2.0,A01
201300020505,0,7,0,0.0,2.0,4.0,23.0,B01
201300020505,0,7,0,0.0,2.0,4.0,23.0,C01
201300020506,0,2,0,0.0,2.0,1.0,9.0,A01