Num_Acc,senc,catv,occutc,obs,obsm,choc,manv,num_veh
201300020506,0,7,0,0.0,2.0,1.0,1.0,B01
201300020507,0,7,0,10.0,0.0,2.0,14.0,A01
201300020508,0,7,0,0.0,1.0,2.0,1.0,A01
201300020509,0,7,0,0.0,2.0,1.0,1.0,B01
201300020509,0,7,0,0.0,2.0,6.0,15.0,A01
201300020510,0,30,0,0.0,0.0,7.0,1.0,A01
201300020511,0,1,0,0.0,2.0,7.0,12.0,B01
201300020511,0,7,0,0.0,2.0,3.0,1.0,A01
201300020512,0,10,0,0.0,2.0,2.0,2.0,A01
201300020512,0,7,0,0.0,0.0,6.0,23.0,B01
201300020513,0,7,0,3.0,0.0,1.0,1.0,A01
201300020513,0,7,0,0.0,2.0,1.0,1.0,B01
201300020514,0,7,0,16.0,0.0,9.0,13.0,A01
201300020515,0,7,0,13.0,0.0,9.0,1.0,A01
201300020516,0,7,0,0.0,2.0,1.0,2.0,B01
201300020516,0,7,0,0.0,2.0,5.0,19.0,A01
201300020517,0,7,0,0.0,0.0,2.0,1.0,A01
201300020518,0,2,0,13.0,0.0,2.0,1.0,A01
201300020519,0,7,0,0.0,2.0,1.0,13.0,A01
201300020519,0,7,0,0.0,2.0,8.0,1.0,B01
201300020519,0,7,0,0.0,2.0,3.0,1.0,C01
201300020520,0,7,0,0.0,2.0,1.0,15.0,A01
201300020520,0,30,0,0.0,2.0,1.0,1.0,B01
201300020521,0,7,0,0.0,2.0,2.0,9.0,A01
201300020521,0,1,0,0.0,2.0,1.0,1.0,B01
201300020522,0,7,0,0.0,1.0,4.0,4.0,A01
201300020523,0,7,0,0.0,2.0,2.0,1.0,A01
201300020523,0,2,0,0.0,2.0,8.0,13.0,B01
201300020524,0,30,0,0.0,2.0,7.0,1.0,B01
201300020524,0,7,0,0.0,2.0,3.0,15.0,A01
201300020525,0,7,0,11.0,0.0,1.0,1.0,A01
201300020526,0,7,0,0.0,1.0,2.0,1.0,A01
201300020527,0,7,0,0.0,2.0,7.0,15.0,A01
201300020527,0,30,0,0.0,2.0,1.0,1.0,B01
201300020528,0,7,0,4.0,0.0,1.0,11.0,A01
201300020529,0,7,0,0.0,2.0,3.0,13.0,A01
201300020529,0,7,0,0.0,2.0,3.0,1.0,B01
201300020530,0,7,0,0.0,2.0,1.0,15.0,A01
201300020530,0,7,0,0.0,2.0,3.0,1.0,B01
201300020531,0,7,0,6.0,0.0,1.0,1.0,A01
201300020532,0,10,0,13.0,0.0,1.0,13.0,A01
201300020533,0,30,0,16.0,0.0,3.0,9.0,A01
201300020534,0,7,0,0.0,2.0,2.0,15.0,A01
201300020534,0,30,0,0.0,2.0,1.0,1.0,B01
201300020535,0,30,0,0.0,2.0,1.0,2.0,A01
201300020535,0,10,0,0.0,2.0,4.0,23.0,B01
201300020536,0,7,0,13.0,0.0,1.0,1.0,A01
201300020537,0,10,0,10.0,0.0,1.0,1.0,A01
201300020538,0,7,0,0.0,1.0,4.0,4.0,A01
201300020539,0,7,0,0.0,2.0,5.0,15.0,A01
201300020539,0,1,0,0.0,2.0,1.0,1.0,B01
201300020540,0,7,0,0.0,2.0,1.0,2.0,A01
201300020540,0,7,0,0.0,2.0,4.0,23.0,B01
201300020540,0,7,0,0.0,2.0,4.0,15.0,C01
201300020541,0,7,0,0.0,2.0,1.0,2.0,A01
201300020541,0,7,0,0.0,2.0,4.0,23.0,B01
201300020541,0,7,0,0.0,2.0,4.0,23.0,C01
201300020542,0,1,0,0.0,2.0,7.0,1.0,B01
201300020542,0,7,0,0.0,2.0,3.0,9.0,A01
201300020543,0,7,0,0.0,2.0,1.0,2.0,A01
201300020543,0,7,0,0.0,2.0,4.0,23.0,B01
201300020544,0,30,0,0.0,2.0,1.0,1.0,B01
201300020544,0,7,0,0.0,2.0,3.0,9.0,A01
201300020545,0,7,0,14.0,2.0,1.0,2.0,A01
201300020545,0,7,0,0.0,2.0,4.0,23.0,B01
201300020546,0,7,0,0.0,2.0,3.0,9.0,A01
201300020546,0,7,0,0.0,2.0,5.0,1.0,B01
201300020547,0,7,0,0.0,2.0,2.0,1.0,B01
201300020547,0,7,0,0.0,2.0,1.0,19.0,A01
201300020548,0,7,0,0.0,2.0,2.0,13.0,A01
201300020548,0,2,0,13.0,2.0,7.0,1.0,B01
201300020549,0,7,0,6.0,0.0,1.0,14.0,A01
201300020550,0,30,0,16.0,0.0,7.0,1.0,A01
201300020551,0,2,0,0.0,2.0,1.0,17.0,A01
201300020551,0,7,0,0.0,2.0,8.0,15.0,B01
201300020552,0,7,0,0.0,2.0,8.0,13.0,A01
201300020552,0,33,0,0.0,2.0,7.0,1.0,B01
201300020553,0,3,0,9.0,0.0,1.0,14.0,A01
201300020554,0,7,0,0.0,2.0,1.0,2.0,A01
201300020554,0,7,0,0.0,1.0,4.0,1.0,B01
201300020555,0,7,0,0.0,2.0,1.0,2.0,A01
201300020555,0,7,0,0.0,2.0,9.0,2.0,B01
201300020555,0,7,0,0.0,2.0,4.0,23.0,C01
201300020556,0,7,0,13.0,0.0,1.0,14.0,A01
201300020557,0,7,0,0.0,2.0,1.0,2.0,A01
201300020557,0,7,0,0.0,2.0,4.0,23.0,B01
201300020558,0,30,0,0.0,0.0,0.0,1.0,A01
201300020559,0,7,0,13.0,0.0,1.0,14.0,A01
201300020560,0,7,0,0.0,2.0,1.0,5.0,A01
201300020560,0,31,0,0.0,2.0,1.0,1.0,B01
201300020561,0,30,0,16.0,0.0,7.0,1.0,A01
201300020562,0,2,0,13.0,0.0,0.0,1.0,A01
201300020563,0,17,0,0.0,2.0,3.0,2.0,A01
201300020563,0,7,0,0.0,2.0,4.0,23.0,B01
201300020563,0,7,0,0.0,2.0,8.0,1.0,C01
201300020564,0,7,0,11.0,0.0,1.0,13.0,A01
201300020565,0,7,0,15.0,0.0,2.0,14.0,A01
201300020566,0,30,0,0.0,0.0,1.0,0.0,A01
201300020567,0,7,0,0.0,1.0,1.0,1.0,A01
201300020568,0,2,0,14.0,0.0,1.0,1.0,A01
201300020569,0,2,0,0.0,2.0,7.0,1.0,B01
201300020569,0,7,0,0.0,2.0,3.0,19.0,A01
201300020570,0,33,0,0.0,0.0,8.0,1.0,A01
201300020571,0,2,0,0.0,0.0,3.0,1.0,A01
201300020572,0,7,0,0.0,2.0,7.0,1.0,B01
201300020572,0,7,0,0.0,2.0,1.0,9.0,A01
201300020573,0,7,0,9.0,0.0,1.0,13.0,A01
201300020574,0,7,0,0.0,2.0,3.0,9.0,A01
201300020574,0,30,0,0.0,2.0,1.0,9.0,B01
201300020575,0,2,0,0.0,2.0,1.0,19.0,A01
201300020575,0,7,0,0.0,2.0,2.0,1.0,B01
201300020576,0,20,0,0.0,2.0,6.0,1.0,B01
201300020576,0,10,0,0.0,2.0,2.0,1.0,A01
201300020577,0,7,0,0.0,9.0,2.0,1.0,A01
201300020577,0,99,0,0.0,2.0,6.0,1.0,B02
201300020578,0,7,0,3.0,0.0,1.0,14.0,A01
201300020579,0,7,0,0.0,1.0,8.0,1.0,A01
201300020580,0,30,0,0.0,0.0,7.0,1.0,A01
201300020581,0,2,0,0.0,2.0,1.0,9.0,A01
201300020581,0,7,0,0.0,2.0,5.0,1.0,B01
201300020582,0,7,0,9.0,0.0,1.0,14.0,A01
201300020583,0,2,0,0.0,0.0,0.0,1.0,A01
201300020584,0,7,0,0.0,2.0,8.0,9.0,A01
201300020584,0,2,0,0.0,2.0,7.0,1.0,B01
201300020585,0,2,0,0.0,2.0,1.0,2.0,A01
201300020585,0,7,0,0.0,2.0,4.0,23.0,B01
201300020586,0,7,0,0.0,2.0,5.0,15.0,A01
201300020586,0,33,0,0.0,2.0,1.0,1.0,B01
201300020587,0,7,0,0.0,1.0,2.0,17.0,A01
201300020588,0,2,0,0.0,2.0,6.0,23.0,B01
201300020588,0,15,0,0.0,2.0,1.0,19.0,A01
201300020589,0,10,0,0.0,2.0,1.0,2.0,A01
201300020589,0,7,0,0.0,2.0,4.0,23.0,B01
201300020590,0,7,0,0.0,1.0,1.0,9.0,A01
201300020591,0,33,0,0.0,2.0,8.0,17.0,A01
201300020591,0,7,0,0.0,2.0,8.0,15.0,B01
201300020592,0,7,0,0.0,2.0,3.0,15.0,A01
201300020592,0,33,0,0.0,2.0,3.0,1.0,B01
201300020593,0,35,0,0.0,0.0,9.0,15.0,A01
201300020594,0,33,0,0.0,2.0,1.0,15.0,A01
201300020594,0,7,0,0.0,2.0,1.0,1.0,B01
201300020595,0,7,0,0.0,2.0,1.0,9.0,A01
201300020595,0,1,0,0.0,2.0,2.0,1.0,B01
201300020596,0,10,0,0.0,2.0,1.0,2.0,A01
201300020596,0,10,0,0.0,2.0,4.0,2.0,B01
201300020596,0,13,0,0.0,2.0,4.0,1.0,C01
201300020597,0,7,0,0.0,2.0,8.0,20.0,A01
201300020597,0,1,0,0.0,2.0,1.0,1.0,B01
201300020598,0,7,0,0.0,1.0,1.0,1.0,A01
201300020599,0,2,0,16.0,0.0,8.0,9.0,A01
201300020600,0,7,0,0.0,2.0,3.0,13.0,A01
201300020600,0,7,0,0.0,2.0,3.0,1.0,B01
201300020601,0,7,0,0.0,2.0,6.0,13.0,A01
201300020601,0,7,0,0.0,2.0,1.0,1.0,B01
201300020602,0,7,0,14.0,2.0,3.0,21.0,A01
201300020602,0,7,0,14.0,2.0,5.0,23.0,B01
201300020602,0,7,0,0.0,2.0,4.0,23.0,C01
201300020603,0,7,0,0.0,2.0,1.0,2.0,A01
201300020603,0,34,0,0.0,2.0,4.0,23.0,B01
201300020604,0,2,0,0.0,2.0,1.0,2.0,A01
201300020604,0,7,0,0.0,2.0,4.0,1.0,B01
201300020605,0,7,0,6.0,0.0,1.0,19.0,A01
201300020606,0,2,0,0.0,2.0,1.0,9.0,B01
201300020606,0,7,0,0.0,2.0,2.0,1.0,A01
201300020607,0,2,0,9.0,0.0,1.0,16.0,A01
201300020608,0,7,0,0.0,2.0,1.0,1.0,A01
201300020608,0,1,0,0.0,2.0,7.0,19.0,B01
201300020609,0,2,0,0.0,2.0,1.0,2.0,A01
201300020609,0,7,0,0.0,2.0,4.0,1.0,B01
201300020610,0,7,0,0.0,2.0,3.0,15.0,A01
201300020610,0,7,0,0.0,2.0,3.0,1.0,B01
201300020611,0,7,0,0.0,2.0,1.0,2.0,A01
201300020611,0,34,0,0.0,2.0,4.0,23.0,B01
201300020611,0,7,0,0.0,2.0,4.0,23.0,C01
201300020612,0,30,0,16.0,0.0,1.0,1.0,A01
201300020613,0,33,0,3.0,0.0,8.0,21.0,A01
201300020614,0,7,0,0.0,2.0,1.0,2.0,A01
201300020614,0,7,0,0.0,2.0,4.0,23.0,B01
201300020615,0,7,0,0.0,2.0,7.0,16.0,A01
201300020615,0,1,0,0.0,2.0,3.0,15.0,B01
201300020616,0,1,0,16.0,0.0,1.0,1.0,A01
201300020617,0,7,0,0.0,1.0,2.0,1.0,A01
201300020618,0,10,0,0.0,2.0,1.0,9.0,A01
201300020618,0,1,0,0.0,2.0,4.0,1.0,B01
201300020619,0,7,0,7.0,2.0,1.0,9.0,A01
201300020619,0,7,0,0.0,2.0,7.0,1.0,B01
201300020620,0,7,0,1.0,2.0,8.0,1.0,A01
201300020620,0,7,0,0.0,2.0,2.0,9.0,B01
201300020621,0,15,0,0.0,2.0,3.0,11.0,A01
201300020621,0,7,0,10.0,2.0,7.0,17.0,B01
201300020622,0,7,0,0.0,1.0,1.0,1.0,A01
201300020623,0,7,0,8.0,0.0,4.0,4.0,A01
201300020624,0,7,0,0.0,2.0,1.0,1.0,B01
201300020624,0,7,0,0.0,2.0,1.0,9.0,A01
201300020625,0,7,0,13.0,0.0,2.0,1.0,A01
201300020626,0,30,0,0.0,0.0,8.0,1.0,A01
201300020627,0,2,0,0.0,0.0,7.0,1.0,A01
201300020628,0,2,0,0.0,0.0,0.0,1.0,A01
201300020629,0,7,0,0.0,1.0,8.0,1.0,A01
201300020630,0,7,0,0.0,2.0,8.0,9.0,A01
201300020630,0,2,0,0.0,2.0,1.0,1.0,B01
201300020631,0,7,0,0.0,2.0,0.0,15.0,A01
201300020631,0,1,0,0.0,2.0,0.0,16.0,B01
201300020632,0,2,0,0.0,0.0,8.0,21.0,A01
201300020633,0,2,0,0.0,2.0,1.0,17.0,A01
201300020633,0,7,0,0.0,2.0,3.0,15.0,B01
201300020634,0,2,0,0.0,2.0,7.0,9.0,A01
201300020634,0,7,0,0.0,2.0,2.0,1.0,B01
201300020635,0,7,0,0.0,2.0,1.0,2.0,A01
201300020635,0,7,0,0.0,2.0,4.0,23.0,B01
201300020636,0,7,0,9.0,0.0,1.0,9.0,A01
201300020637,0,7,0,13.0,0.0,1.0,14.0,A01
201300020638,0,2,0,8.0,0.0,1.0,0.0,A01
201300020639,0,7,0,0.0,2.0,1.0,2.0,A01
201300020639,0,7,0,0.0,2.0,4.0,23.0,B01
201300020640,0,7,0,0.0,1.0,1.0,1.0,A01
201300020641,0,7,0,6.0,0.0,2.0,1.0,A01
201300020642,0,7,0,0.0,2.0,7.0,19.0,A01
201300020642,0,33,0,0.0,2.0,1.0,1.0,B01
201300020643,0,2,0,0.0,2.0,1.0,18.0,A01
201300020643,0,7,0,0.0,2.0,7.0,16.0,B01
201300020644,0,7,0,0.0,2.0,1.0,1.0,B01
201300020644,0,7,0,0.0,2.0,3.0,9.0,A01
201300020645,0,10,0,0.0,1.0,1.0,1.0,A01
201300020646,0,7,0,0.0,1.0,1.0,16.0,A01
201300020647,0,2,0,0.0,2.0,1.0,1.0,B01
201300020647,0,7,0,0.0,2.0,6.0,15.0,A01
201300020648,0,2,0,12.0,0.0,1.0,6.0,A01
201300020649,0,7,0,0.0,1.0,7.0,16.0,A01
201300020650,0,2,0,0.0,0.0,8.0,1.0,A01
201300020651,0,7,0,0.0,1.0,3.0,1.0,A01
201300020652,0,7,0,0.0,2.0,1.0,15.0,A01
201300020652,0,7,0,0.0,2.0,1.0,1.0,B01
201300020653,0,10,0,0.0,1.0,4.0,4.0,A01
201300020654,0,7,0,0.0,1.0,4.0,4.0,A01
201300020655,0,7,0,9.0,0.0,1.0,1.0,A01
201300020656,0,7,0,6.0,0.0,1.0,14.0,A01
201300020657,0,7,0,0.0,2.0,1.0,1.0,A01
201300020657,0,7,0,0.0,0.0,4.0,23.0,B01
201300020658,0,7,0,0.0,2.0,1.0,2.0,A01
201300020658,0,30,0,0.0,2.0,4.0,10.0,B01
201300020659,0,7,0,11.0,0.0,1.0,16.0,A01
201300020660,0,7,0,3.0,0.0,2.0,14.0,A01
201300020661,0,7,0,1.0,0.0,2.0,1.0,A01
201300020662,0,3,0,0.0,2.0,3.0,13.0,A01
201300020662,0,7,0,0.0,2.0,8.0,1.0,B01
201300020663,0,7,0,0.0,1.0,3.0,1.0,A01
201300020664,0,7,0,0.0,1.0,1.0,1.0,A01
201300020665,0,10,0,3.0,2.0,1.0,9.0,A01
201300020665,0,7,0,0.0,2.0,7.0,1.0,B01
201300020665,0,7,0,0.0,2.0,6.0,1.0,C01
201300020666,0,7,0,0.0,2.0,1.0,2.0,A01
201300020666,0,37,6,0.0,2.0,4.0,2.0,B01
201300020667,0,2,0,0.0,0.0,4.0,1.0,A01
201300020668,0,7,0,4.0,0.0,1.0,1.0,A01
201300020669,0,7,0,0.0,1.0,2.0,16.0,A01
201300020670,0,1,0,0.0,0.0,0.0,1.0,A01
201300020671,0,7,0,0.0,2.0,1.0,19.0,A01
201300020671,0,7,0,0.0,2.0,8.0,1.0,B01
201300020672,0,7,0,3.0,0.0,1.0,1.0,A01
201300020673,0,7,0,0.0,2.0,3.0,2.0,A01
201300020673,0,7,0,0.0,2.0,6.0,2.0,B01
201300020674,0,2,0,16.0,0.0,7.0,9.0,A01
201300020675,0,7,0,0.0,1.0,2.0,1.0,A01
201300020676,0,7,0,3.0,0.0,9.0,17.0,A01
201300020677,0,7,0,0.0,1.0,1.0,1.0,A01
201300020678,0,7,0,0.0,2.0,7.0,1.0,B01
201300020678,0,7,0,0.0,2.0,1.0,19.0,A01
201300020679,0,7,0,0.0,2.0,5.0,1.0,B01
201300020679,0,7,0,0.0,2.0,3.0,9.0,A01
201300020680,0,7,0,0.0,1.0,2.0,9.0,A01
201300020681,0,7,0,4.0,0.0,1.0,21.0,A01
201300020682,0,7,0,14.0,0.0,1.0,16.0,A01
201300020683,0,7,0,0.0,2.0,1.0,2.0,A01
201300020683,0,31,0,0.0,2.0,4.0,2.0,B01
201300020684,0,2,0,0.0,1.0,1.0,7.0,A01
201300020685,0,7,0,14.0,0.0,1.0,13.0,A01
201300020686,0,7,0,0.0,2.0,7.0,1.0,B01
201300020686,0,7,0,0.0,2.0,1.0,9.0,A01
201300020687,0,33,0,0.0,2.0,2.0,9.0,B01
201300020687,0,7,0,0.0,2.0,3.0,9.0,A01
201300020688,0,7,0,0.0,1.0,8.0,1.0,A01
201300020689,0,7,0,0.0,2.0,2.0,0.0,B01
201300020689,0,7,0,0.0,2.0,1.0,16.0,A01
201300020690,0,7,0,0.0,2.0,1.0,13.0,A01
201300020690,0,7,0,0.0,2.0,1.0,0.0,B01
201300020691,0,7,0,13.0,0.0,1.0,1.0,A01
201300020692,0,7,0,0.0,1.0,1.0,15.0,A01
201300020693,0,10,0,0.0,2.0,1.0,2.0,A01
201300020693,0,7,0,0.0,2.0,4.0,23.0,B01
201300020694,0,7,0,0.0,2.0,1.0,2.0,A01
201300020694,0,7,0,0.0,2.0,4.0,2.0,B01
201300020695,0,7,0,3.0,0.0,1.0,1.0,A01
201300020696,0,7,0,0.0,1.0,1.0,1.0,A01
201300020697,0,7,0,0.0,1.0,1.0,1.0,A01
201300020698,0,30,0,0.0,0.0,0.0,1.0,A01
201300020699,0,7,0,8.0,0.0,8.0,14.0,A01
201300020700,0,7,0,0.0,2.0,1.0,1.0,A01
201300020700,0,30,0,0.0,2.0,4.0,1.0,B01
201300020701,0,7,0,3.0,0.0,2.0,1.0,A01
201300020702,0,7,0,0.0,1.0,1.0,1.0,A01
201300020703,0,7,0,0.0,2.0,3.0,1.0,B01
201300020703,0,7,0,0.0,2.0,2.0,1.0,A01
201300020704,0,7,0,0.0,2.0,7.0,13.0,A01
201300020704,0,7,0,0.0,2.0,1.0,1.0,B01
201300020705,0,7,0,0.0,1.0,3.0,1.0,B01
201300020706,0,7,0,0.0,1.0,2.0,1.0,A01
201300020707,0,7,0,0.0,2.0,1.0,0.0,B01
201300020707,0,7,0,0.0,2.0,1.0,5.0,A01
201300020708,0,7,0,0.0,2.0,7.0,1.0,B01
201300020708,0,30,0,0.0,2.0,1.0,16.0,A01
201300020709,0,7,0,6.0,2.0,2.0,1.0,B01
201300020709,0,7,0,0.0,2.0,3.0,1.0,A01
201300020710,0,10,0,0.0,2.0,3.0,1.0,B01
201300020710,0,30,0,0.0,0.0,1.0,19.0,A01
201300020711,0,7,0,12.0,0.0,7.0,1.0,A01
201300020712,0,7,0,0.0,0.0,4.0,15.0,A01
201300020712,0,2,0,0.0,2.0,1.0,17.0,B01
201300020713,0,13,0,0.0,1.0,4.0,4.0,C01
201300020714,0,7,0,0.0,2.0,2.0,19.0,A01
201300020714,0,2,0,0.0,2.0,1.0,1.0,B01
201300020715,0,7,0,0.0,1.0,3.0,1.0,A01
201300020716,0,7,0,0.0,0.0,4.0,2.0,A01
201300020716,0,7,0,0.0,2.0,1.0,2.0,B01
201300020716,0,7,0,0.0,2.0,1.0,17.0,C01
201300020717,0,7,0,0.0,2.0,7.0,0.0,A01
201300020717,0,7,0,0.0,2.0,3.0,0.0,B01
201300020718,0,7,0,0.0,1.0,2.0,1.0,A01
201300020719,0,7,0,0.0,1.0,1.0,1.0,A01
201300020720,0,7,0,0.0,2.0,6.0,0.0,A01
201300020720,0,7,0,0.0,2.0,1.0,0.0,B01
201300020721,0,1,0,0.0,2.0,0.0,0.0,A01
201300020721,0,7,0,0.0,9.0,1.0,1.0,B01
201300020722,0,7,0,0.0,1.0,3.0,1.0,A01
201300020723,0,10,0,0.0,2.0,1.0,0.0,A01
201300020723,0,7,0,0.0,2.0,1.0,1.0,D01
201300020723,0,7,0,0.0,2.0,1.0,0.0,B01
201300020723,0,7,0,0.0,2.0,8.0,1.0,C01
201300020724,0,30,0,0.0,1.0,1.0,1.0,A01
201300020725,0,7,0,0.0,1.0,3.0,1.0,A01
201300020726,0,1,0,0.0,2.0,1.0,1.0,A01
201300020726,0,7,0,0.0,9.0,5.0,1.0,B01
201300020727,0,33,0,0.0,2.0,1.0,1.0,A01
201300020727,0,7,0,0.0,0.0,4.0,15.0,B01
201300020728,0,7,0,2.0,0.0,8.0,13.0,A01
201300020729,0,33,0,0.0,2.0,1.0,1.0,B01
201300020729,0,7,0,0.0,2.0,2.0,15.0,A01
201300020730,0,7,0,0.0,1.0,2.0,1.0,A01
201300020731,0,7,0,0.0,1.0,2.0,0.0,A01
201300020732,0,7,0,0.0,1.0,1.0,0.0,A01
201300020733,0,7,0,0.0,1.0,3.0,1.0,A01
201300020734,0,33,0,0.0,1.0,2.0,17.0,A01
201300020735,0,7,0,0.0,1.0,1.0,1.0,A01
201300020736,0,2,0,1.0,0.0,6.0,1.0,A01
201300020736,0,7,0,0.0,0.0,0.0,23.0,B01
201300020737,0,7,0,0.0,2.0,1.0,0.0,A01
201300020737,0,7,0,0.0,2.0,1.0,0.0,B01
201300020738,0,7,0,0.0,2.0,6.0,1.0,B01
201300020738,0,2,0,0.0,2.0,1.0,17.0,A01
201300020739,0,33,0,0.0,1.0,0.0,17.0,A01
201300020740,0,7,0,0.0,1.0,1.0,1.0,A01
201300020741,0,7,0,0.0,2.0,1.0,1.0,B01
201300020741,0,7,0,0.0,2.0,1.0,13.0,A01
201300020742,0,7,0,3.0,0.0,2.0,1.0,A01
201300020743,0,3,0,0.0,2.0,1.0,13.0,A01
201300020743,0,10,0,0.0,2.0,3.0,1.0,B01
201300020744,0,7,0,0.0,2.0,2.0,17.0,A01
201300020744,0,1,0,0.0,2.0,8.0,15.0,B01
201300020745,0,7,0,0.0,2.0,1.0,15.0,A01
201300020745,0,34,0,0.0,2.0,1.0,1.0,B01
201300020746,0,7,0,0.0,1.0,1.0,1.0,A01
201300020747,0,33,0,0.0,2.0,9.0,11.0,A01
201300020747,0,7,0,0.0,2.0,3.0,2.0,B01
201300020748,0,2,0,0.0,1.0,1.0,17.0,A01
201300020749,0,7,0,0.0,1.0,1.0,1.0,A01
201300020750,0,7,0,0.0,2.0,1.0,1.0,B01
201300020750,0,14,0,1.0,2.0,1.0,15.0,A01
201300020750,0,7,0,0.0,2.0,8.0,0.0,C01
201300020751,0,7,0,0.0,2.0,3.0,1.0,C01
201300020751,0,7,0,0.0,2.0,8.0,21.0,B01
201300020751,0,7,0,0.0,2.0,3.0,13.0,A01
201300020752,0,7,0,0.0,1.0,2.0,1.0,A01
201300020753,0,7,0,0.0,2.0,8.0,15.0,A01
201300020753,0,1,0,0.0,2.0,0.0,1.0,B01
201300020754,0,7,0,0.0,1.0,2.0,1.0,A01
201300020755,0,34,0,0.0,1.0,3.0,0.0,A01
201300020756,0,10,0,0.0,1.0,1.0,17.0,A01
201300020757,0,7,0,0.0,2.0,3.0,16.0,A01
201300020757,0,2,0,0.0,2.0,1.0,1.0,B01
201300020758,0,7,0,0.0,2.0,4.0,23.0,B01
201300020758,0,7,0,0.0,2.0,1.0,1.0,A01
201300020759,0,7,0,0.0,2.0,4.0,1.0,B01
201300020759,0,7,0,0.0,2.0,4.0,1.0,C01
201300020759,0,7,0,0.0,2.0,1.0,1.0,A01
201300020760,0,7,0,0.0,1.0,1.0,1.0,A01
201300020761,0,7,0,0.0,2.0,3.0,1.0,A01
201300020761,0,7,0,0.0,2.0,3.0,1.0,B01
201300020762,0,7,0,0.0,2.0,1.0,14.0,A01
201300020762,0,7,0,0.0,2.0,2.0,15.0,B01
201300020763,0,7,0,0.0,2.0,1.0,17.0,A01
201300020763,0,7,0,0.0,2.0,3.0,1.0,B01
201300020764,0,37,20,0.0,1.0,1.0,0.0,A01
201300020765,0,7,0,0.0,1.0,1.0,1.0,A01
201300020766,0,7,0,0.0,2.0,2.0,12.0,A01
201300020766,0,7,0,0.0,2.0,3.0,1.0,B01
201300020767,0,10,0,0.0,1.0,8.0,1.0,A01
201300020768,0,7,0,0.0,2.0,1.0,1.0,A01
201300020768,0,7,0,0.0,2.0,7.0,1.0,B01
201300020769,0,7,0,0.0,2.0,7.0,1.0,B01
201300020769,0,7,0,0.0,2.0,1.0,1.0,A01
201300020770,0,7,0,8.0,0.0,1.0,1.0,A01
201300020771,0,20,0,0.0,2.0,8.0,19.0,A01
201300020771,0,7,0,0.0,2.0,1.0,1.0,B01
201300020772,0,7,0,0.0,2.0,0.0,0.0,B01
201300020772,0,7,0,0.0,2.0,0.0,0.0,C01
201300020772,0,7,0,0.0,2.0,0.0,0.0,A01
201300020773,0,7,0,0.0,1.0,1.0,0.0,A01
201300020774,0,7,0,0.0,2.0,3.0,1.0,A01
201300020774,0,7,0,0.0,2.0,8.0,1.0,B01
201300020775,0,1,0,0.0,2.0,4.0,0.0,B01
201300020775,0,7,0,0.0,9.0,7.0,0.0,A01
201300020776,0,7,0,8.0,0.0,1.0,1.0,A01
201300020777,0,7,0,1.0,0.0,1.0,0.0,A01
201300020778,0,7,0,0.0,1.0,4.0,4.0,A01
201300020779,0,7,0,0.0,2.0,1.0,2.0,A01
201300020779,0,7,0,0.0,2.0,4.0,2.0,C01
201300020779,0,32,0,0.0,2.0,4.0,2.0,B01
201300020780,0,7,0,0.0,2.0,1.0,1.0,B01
201300020780,0,33,0,0.0,2.0,7.0,17.0,A01
201300020781,0,7,0,0.0,1.0,2.0,1.0,A01
201300020782,0,7,0,0.0,2.0,1.0,1.0,B01
201300020782,0,7,0,0.0,2.0,1.0,13.0,A01
201300020783,0,7,0,0.0,1.0,1.0,0.0,A01
201300020784,0,7,0,0.0,2.0,3.0,15.0,A01
201300020784,0,30,0,0.0,2.0,1.0,1.0,B01
201300020785,0,7,0,0.0,2.0,2.0,0.0,B01
201300020785,0,7,0,0.0,2.0,3.0,0.0,A01
201300020786,0,7,0,0.0,2.0,3.0,0.0,B01
201300020786,0,1,0,0.0,2.0,1.0,0.0,A01
201300020787,0,7,0,0.0,1.0,0.0,0.0,A01
201300020788,0,7,0,0.0,2.0,3.0,15.0,A01
201300020788,0,33,0,0.0,2.0,1.0,1.0,B01
201300020789,0,7,0,0.0,1.0,1.0,0.0,A01
201300020790,0,7,0,16.0,0.0,0.0,1.0,A01
201300020791,0,32,0,0.0,0.0,8.0,0.0,A01
201300020792,0,7,0,0.0,1.0,1.0,1.0,A01
201300020793,0,7,0,0.0,1.0,0.0,0.0,A01
201300020794,0,33,0,0.0,2.0,0.0,0.0,A01
201300020794,0,7,0,0.0,2.0,0.0,0.0,B01
201300020795,0,7,0,0.0,2.0,8.0,15.0,A01
201300020795,0,33,0,0.0,2.0,1.0,1.0,B01
201300020796,0,7,0,0.0,2.0,2.0,16.0,B01
201300020796,0,7,0,0.0,2.0,3.0,1.0,A01
201300020797,0,7,0,0.0,2.0,3.0,9.0,A01
201300020797,0,37,1,0.0,2.0,2.0,1.0,B01
201300020798,0,7,0,0.0,1.0,1.0,1.0,A01
201300020799,0,7,0,9.0,0.0,0.0,0.0,A01
201300020800,0,30,0,0.0,2.0,1.0,1.0,A01
201300020800,0,7,0,0.0,2.0,3.0,15.0,B01
201300020801,0,7,0,0.0,2.0,5.0,15.0,A01
201300020801,0,30,0,0.0,2.0,1.0,1.0,B01
201300020802,0,7,0,0.0,1.0,1.0,1.0,A01
201300020803,0,7,0,0.0,1.0,2.0,1.0,A01
201300020804,0,7,0,0.0,2.0,2.0,15.0,A01
201300020804,0,33,0,0.0,2.0,8.0,16.0,B01