Num_Acc,senc,catv,occutc,obs,obsm,choc,manv,num_veh
201300020805,1,99,0,0.0,1.0,0.0,1.0,A01
201300020806,0,1,0,0.0,2.0,1.0,1.0,B01
201300020806,0,7,0,0.0,2.0,3.0,9.0,A01
201300020807,0,32,0,0.0,0.0,8.0,1.0,A01
201300020808,0,7,0,2.0,0.0,7.0,1.0,A01
201300020809,0,7,0,0.0,2.0,1.0,1.0,B01
201300020809,0,7,0,0.0,2.0,1.0,1.0,A01
201300020810,0,7,0,0.0,1.0,1.0,1.0,A01
201300020811,0,7,0,0.0,2.0,7.0,15.0,B01
201300020811,0,30,0,0.0,2.0,1.0,1.0,A01
201300020812,0,7,0,0.0,1.0,1.0,1.0,A01
201300020813,0,7,0,0.0,2.0,4.0,2.0,B01
201300020813,0,2,0,0.0,2.0,1.0,2.0,A01
201300020814,0,7,0,0.0,2.0,5.0,1.0,B01
201300020814,0,1,0,0.0,2.0,3.0,15.0,A01
201300020815,0,30,0,0.0,2.0,1.0,0.0,A01
201300020815,0,7,0,0.0,2.0,5.0,1.0,B01
201300020816,0,7,0,0.0,1.0,0.0,0.0,A01
201300020817,0,1,0,0.0,2.0,1.0,1.0,B01
201300020817,0,7,0,0.0,2.0,1.0,9.0,A01
201300020818,0,7,0,0.0,2.0,7.0,10.0,A01
201300020818,0,1,0,0.0,2.0,1.0,1.0,B01
201300020819,0,7,0,0.0,2.0,1.0,1.0,C01
201300020819,0,7,0,0.0,2.0,1.0,13.0,A01
201300020819,0,7,0,0.0,2.0,1.0,1.0,B01
201300020820,0,1,0,0.0,2.0,1.0,5.0,A01
201300020820,0,7,0,0.0,2.0,5.0,1.0,B01
201300020821,0,7,0,2.0,0.0,1.0,1.0,A01
201300020822,0,7,0,0.0,2.0,7.0,1.0,B01
201300020822,0,7,0,0.0,2.0,1.0,9.0,A01
201300020823,0,7,0,0.0,2.0,1.0,1.0,B01
201300020823,0,7,0,0.0,2.0,5.0,15.0,A01
201300020824,1,7,0,0.0,0.0,0.0,0.0,A01
201300020824,0,37,3,0.0,0.0,0.0,7.0,B01
201300020825,0,37,3,0.0,2.0,2.0,2.0,A01
201300020825,0,7,0,0.0,2.0,4.0,2.0,B01
201300020826,0,7,0,0.0,2.0,5.0,15.0,A01
201300020826,0,33,0,0.0,2.0,1.0,1.0,B01
201300020827,0,30,0,0.0,2.0,1.0,18.0,A01
201300020827,0,7,0,0.0,2.0,7.0,16.0,B01
201300020828,0,7,0,1.0,0.0,2.0,1.0,A01
201300020829,1,7,0,0.0,2.0,0.0,17.0,A01
201300020829,0,33,0,0.0,2.0,1.0,1.0,B01
201300020830,0,7,0,0.0,2.0,3.0,1.0,B01
201300020830,0,7,0,0.0,2.0,2.0,15.0,A01
201300020831,0,7,0,0.0,1.0,2.0,1.0,A01
201300020832,0,7,0,0.0,1.0,2.0,1.0,A01
201300020833,0,7,0,0.0,2.0,3.0,15.0,A01
201300020833,0,7,0,0.0,2.0,2.0,1.0,B01
201300020834,0,30,0,0.0,2.0,0.0,0.0,A01
201300020834,0,7,0,0.0,2.0,0.0,0.0,B01
201300020835,0,7,0,0.0,2.0,1.0,2.0,A01
201300020835,0,7,0,0.0,2.0,4.0,2.0,B01
201300020836,0,7,0,6.0,0.0,1.0,0.0,A01
201300020837,0,7,0,0.0,1.0,2.0,17.0,A01
201300020838,0,7,0,0.0,1.0,0.0,0.0,A01
201300020839,0,7,0,0.0,2.0,1.0,2.0,A01
201300020839,0,30,0,0.0,2.0,4.0,2.0,B01
201300020840,0,7,0,0.0,2.0,3.0,9.0,A01
201300020840,0,1,0,0.0,2.0,1.0,1.0,B01
201300020841,0,7,0,1.0,0.0,3.0,1.0,A01
201300020842,0,7,0,0.0,2.0,3.0,0.0,A01
201300020842,0,1,0,0.0,2.0,1.0,0.0,B01
201300020843,0,7,0,0.0,1.0,2.0,1.0,A01
201300020844,0,2,0,12.0,0.0,0.0,0.0,A01
201300020845,0,7,0,4.0,0.0,1.0,1.0,A01
201300020846,0,7,0,0.0,1.0,0.0,23.0,A01
201300020847,0,7,0,2.0,0.0,1.0,1.0,A01
201300020848,0,7,0,12.0,0.0,3.0,0.0,A01
201300020849,0,7,0,0.0,2.0,8.0,1.0,B01
201300020849,0,7,0,0.0,2.0,1.0,1.0,C01
201300020849,0,7,0,0.0,2.0,1.0,13.0,A01
201300020850,0,7,0,0.0,1.0,2.0,1.0,A01
201300020851,0,7,0,0.0,1.0,0.0,0.0,A01
201300020852,0,2,0,0.0,0.0,8.0,1.0,A01
201300020853,0,31,0,0.0,2.0,0.0,1.0,B01
201300020853,0,7,0,0.0,2.0,0.0,15.0,A01
201300020854,0,7,0,0.0,2.0,1.0,0.0,A01
201300020854,0,7,0,0.0,2.0,1.0,0.0,B01
201300020855,0,7,0,0.0,2.0,1.0,1.0,B01
201300020855,0,7,0,0.0,2.0,2.0,15.0,A01
201300020856,0,37,1,0.0,2.0,1.0,1.0,C01
201300020856,0,7,0,0.0,2.0,3.0,15.0,A01
201300020856,0,7,0,0.0,0.0,6.0,1.0,B01
201300020857,0,7,0,2.0,0.0,1.0,1.0,A01
201300020858,0,7,0,0.0,2.0,1.0,0.0,B01
201300020858,0,7,0,0.0,2.0,4.0,0.0,A01
201300020859,0,7,0,0.0,2.0,1.0,1.0,B01
201300020859,0,7,0,0.0,2.0,1.0,1.0,A01
201300020860,0,7,0,0.0,1.0,2.0,1.0,A01
201300020861,0,7,0,0.0,1.0,2.0,1.0,A01
201300020862,0,7,0,0.0,1.0,2.0,1.0,A01
201300020863,0,7,0,0.0,2.0,5.0,1.0,A01
201300020863,0,30,0,0.0,2.0,8.0,0.0,B01
201300020864,0,7,0,3.0,0.0,0.0,1.0,A01
201300020865,0,7,0,0.0,1.0,2.0,1.0,A01
201300020866,0,7,0,8.0,0.0,1.0,1.0,A01
201300020867,0,14,0,0.0,2.0,2.0,0.0,B01
201300020867,0,7,0,0.0,2.0,3.0,0.0,A01
201300020868,0,7,0,0.0,1.0,1.0,1.0,A01
201300020869,0,7,0,0.0,2.0,6.0,15.0,A01
201300020869,0,2,0,0.0,2.0,1.0,0.0,B01
201300020870,0,7,0,0.0,1.0,1.0,1.0,A01
201300020871,0,37,1,0.0,1.0,2.0,9.0,A01
201300020872,0,7,0,0.0,2.0,7.0,15.0,A01
201300020872,0,30,0,0.0,2.0,1.0,1.0,B01
201300020873,0,31,0,0.0,2.0,1.0,1.0,B01
201300020873,0,7,0,0.0,2.0,8.0,15.0,A01
201300020874,0,10,0,0.0,2.0,8.0,1.0,B01
201300020874,0,7,0,0.0,2.0,1.0,0.0,A01
201300020874,0,10,0,0.0,2.0,1.0,1.0,C01
201300020875,0,32,0,0.0,2.0,1.0,1.0,A01
201300020875,0,7,0,0.0,2.0,1.0,1.0,B01
201300020876,0,2,0,1.0,0.0,1.0,0.0,B01
201300020876,0,2,0,1.0,0.0,1.0,0.0,A01
201300020877,0,1,0,0.0,2.0,0.0,0.0,A01
201300020877,0,1,0,0.0,2.0,0.0,0.0,B01
201300020878,0,7,0,0.0,1.0,2.0,14.0,A01
201300020879,0,7,0,0.0,2.0,1.0,0.0,A01
201300020879,0,1,0,0.0,2.0,1.0,1.0,B01
201300020880,0,31,0,1.0,0.0,1.0,10.0,A01
201300020881,0,33,0,0.0,0.0,0.0,1.0,A01
201300020882,0,7,0,0.0,2.0,3.0,1.0,B01
201300020882,0,7,0,0.0,2.0,2.0,12.0,A01
201300020883,0,99,0,0.0,2.0,1.0,0.0,A01
201300020883,0,7,0,0.0,9.0,1.0,1.0,B01
201300020884,0,7,0,0.0,2.0,3.0,13.0,A01
201300020884,0,7,0,0.0,2.0,3.0,0.0,B01
201300020885,0,33,0,0.0,0.0,7.0,0.0,A01
201300020886,0,7,0,0.0,2.0,1.0,0.0,B01
201300020886,0,7,0,0.0,2.0,0.0,0.0,A01
201300020887,0,7,0,0.0,9.0,0.0,0.0,A01
201300020887,0,1,0,0.0,0.0,0.0,0.0,B01
201300020888,0,7,0,0.0,2.0,1.0,1.0,B01
201300020888,0,7,0,0.0,2.0,6.0,0.0,A01
201300020889,0,7,0,8.0,0.0,1.0,21.0,A01
201300020890,0,7,0,0.0,2.0,1.0,0.0,A01
201300020890,0,7,0,0.0,2.0,8.0,1.0,B01
201300020891,1,99,0,0.0,2.0,0.0,17.0,A01
201300020891,0,30,0,0.0,0.0,8.0,2.0,B01
201300020892,0,7,0,0.0,2.0,2.0,2.0,B01
201300020892,0,1,0,0.0,2.0,1.0,2.0,A01
201300020893,0,7,0,0.0,2.0,1.0,0.0,B01
201300020893,0,7,0,0.0,2.0,1.0,0.0,A01
201300020894,0,7,0,0.0,2.0,1.0,0.0,B01
201300020894,0,7,0,0.0,2.0,1.0,1.0,A01
201300020895,0,10,0,0.0,1.0,1.0,17.0,A01
201300020896,0,7,0,0.0,1.0,2.0,1.0,A01
201300020897,0,31,0,0.0,0.0,0.0,0.0,A01
201300020898,0,7,0,0.0,1.0,2.0,15.0,A01
201300020899,0,7,0,0.0,1.0,1.0,2.0,A01
201300020900,0,10,0,0.0,1.0,2.0,15.0,A01
201300020901,0,7,0,0.0,2.0,1.0,5.0,A01
201300020901,0,7,0,0.0,2.0,1.0,1.0,B01
201300020902,0,7,0,0.0,2.0,1.0,15.0,A01
201300020902,0,2,0,0.0,2.0,7.0,0.0,B01
201300020903,0,31,0,0.0,0.0,2.0,0.0,B01
201300020903,0,7,0,0.0,0.0,8.0,9.0,A01
201300020904,0,7,0,0.0,2.0,0.0,0.0,B01
201300020904,0,7,0,0.0,2.0,1.0,0.0,A01
201300020905,0,7,0,0.0,2.0,2.0,2.0,B01
201300020905,0,1,0,0.0,2.0,3.0,12.0,A01
201300020906,0,7,0,15.0,0.0,1.0,14.0,A01
201300020907,0,30,0,1.0,1.0,1.0,2.0,A01
201300020908,0,7,0,0.0,1.0,4.0,4.0,A01
201300020909,1,7,0,0.0,1.0,3.0,2.0,A01
201300020910,0,7,0,0.0,0.0,3.0,9.0,A01
201300020910,0,33,0,0.0,0.0,7.0,15.0,B01
201300020911,0,1,0,0.0,2.0,7.0,16.0,A01
201300020911,0,7,0,0.0,2.0,8.0,16.0,B01
201300020912,0,33,0,0.0,6.0,0.0,2.0,A01
201300020913,0,1,0,1.0,0.0,1.0,13.0,A01
201300020914,0,7,0,0.0,2.0,3.0,1.0,B01
201300020914,0,7,0,0.0,2.0,8.0,15.0,A01
201300020915,0,2,0,0.0,0.0,2.0,1.0,B01
201300020915,0,7,0,0.0,2.0,3.0,1.0,A01
201300020916,0,31,0,16.0,0.0,8.0,1.0,A01
201300020917,0,7,0,0.0,1.0,2.0,0.0,A01
201300020918,0,30,0,0.0,0.0,1.0,1.0,A01
201300020919,0,1,0,0.0,2.0,8.0,1.0,B02
201300020919,0,7,0,0.0,9.0,1.0,1.0,A01
201300020920,0,31,0,13.0,0.0,1.0,1.0,A01
201300020921,0,7,0,8.0,0.0,1.0,0.0,A01
201300020922,0,7,0,0.0,2.0,8.0,10.0,A01
201300020922,0,14,0,0.0,2.0,2.0,0.0,B02
201300020923,0,7,0,0.0,2.0,3.0,13.0,A01
201300020923,0,7,0,0.0,2.0,1.0,1.0,B02
201300020924,0,10,0,0.0,2.0,3.0,1.0,B02
201300020924,0,7,0,0.0,2.0,3.0,13.0,A01
201300020925,0,7,0,0.0,0.0,3.0,1.0,B02
201300020925,0,7,0,0.0,2.0,1.0,1.0,A01
201300020926,0,33,0,0.0,2.0,1.0,1.0,B02
201300020926,0,10,0,0.0,0.0,3.0,10.0,A01
201300020927,0,33,0,0.0,9.0,7.0,17.0,A01
201300020927,0,7,0,0.0,9.0,1.0,1.0,B02
201300020928,0,7,0,0.0,2.0,1.0,13.0,A01
201300020928,0,7,0,0.0,2.0,1.0,1.0,B02
201300020929,0,7,0,0.0,1.0,1.0,1.0,A01
201300020930,0,7,0,0.0,0.0,2.0,5.0,B02
201300020930,0,7,0,0.0,0.0,2.0,1.0,A01
201300020931,0,30,0,0.0,2.0,1.0,1.0,B02
201300020931,0,7,0,0.0,2.0,8.0,15.0,A01
201300020932,0,7,0,0.0,2.0,1.0,13.0,A01
201300020932,0,7,0,0.0,2.0,1.0,2.0,B02
201300020933,0,7,0,8.0,0.0,7.0,0.0,A01
201300020934,0,33,0,16.0,0.0,1.0,1.0,A01
201300020935,0,33,0,0.0,1.0,3.0,1.0,A01
201300020936,0,2,0,0.0,2.0,1.0,2.0,A01
201300020936,0,7,0,0.0,0.0,4.0,1.0,B02
201300020937,0,7,0,0.0,0.0,8.0,0.0,A01
201300020937,0,7,0,0.0,9.0,1.0,19.0,B02
201300020938,0,1,0,0.0,2.0,1.0,2.0,A01
201300020938,0,7,0,0.0,0.0,4.0,23.0,B02
201300020939,0,32,0,0.0,2.0,1.0,19.0,A01
201300020939,0,7,0,0.0,2.0,8.0,19.0,B02
201300020940,0,2,0,0.0,2.0,1.0,19.0,A01
201300020940,0,7,0,0.0,2.0,7.0,1.0,B02
201300020941,0,35,0,15.0,0.0,1.0,1.0,A01
201300020942,0,7,0,0.0,2.0,3.0,19.0,A01
201300020942,0,7,0,0.0,2.0,1.0,1.0,B02
201300020943,0,7,0,6.0,0.0,1.0,1.0,A01
201300020944,0,7,0,0.0,2.0,7.0,19.0,B02
201300020944,0,7,0,0.0,2.0,1.0,1.0,A01
201300020945,0,7,0,0.0,0.0,4.0,4.0,A01
201300020945,0,7,0,0.0,0.0,4.0,24.0,B02
201300020946,0,10,0,0.0,0.0,3.0,19.0,B02
201300020946,0,33,0,0.0,0.0,1.0,1.0,A01
201300020947,0,33,0,3.0,2.0,7.0,3.0,A01
201300020947,0,7,0,0.0,2.0,8.0,1.0,B02
201300020948,0,7,0,0.0,2.0,1.0,2.0,A01
201300020948,0,14,0,0.0,0.0,6.0,2.0,B02
201300020949,0,7,0,0.0,2.0,4.0,15.0,B02
201300020949,0,7,0,0.0,2.0,1.0,1.0,C03
201300020949,0,7,0,0.0,0.0,1.0,1.0,A01
201300020950,0,7,0,0.0,2.0,3.0,1.0,A01
201300020950,0,1,0,0.0,2.0,1.0,15.0,B02
201300020951,0,33,0,0.0,2.0,8.0,1.0,A01
201300020951,0,7,0,0.0,2.0,8.0,15.0,B02
201300020952,0,7,0,8.0,0.0,1.0,6.0,A01
201300020953,0,1,0,0.0,0.0,8.0,1.0,A01
201300020953,0,7,0,0.0,0.0,2.0,9.0,B02
201300020954,0,33,0,16.0,0.0,7.0,1.0,A01
201300020955,0,7,0,0.0,1.0,1.0,1.0,A01
201300020956,0,7,0,0.0,2.0,7.0,1.0,B02
201300020956,0,7,0,0.0,2.0,1.0,1.0,A01
201300020957,0,1,0,0.0,2.0,1.0,1.0,B02
201300020957,0,7,0,0.0,0.0,3.0,1.0,A01
201300020958,0,14,0,0.0,0.0,0.0,0.0,A01
201300020959,0,33,0,14.0,0.0,1.0,21.0,A01
201300020960,0,7,0,0.0,2.0,2.0,1.0,A01
201300020960,0,7,0,0.0,2.0,7.0,13.0,B01
201300020961,0,7,0,0.0,2.0,1.0,9.0,A01
201300020961,0,33,0,0.0,2.0,1.0,1.0,B02
201300020962,0,7,0,0.0,1.0,0.0,1.0,A01
201300020963,0,10,0,0.0,2.0,1.0,1.0,B02
201300020963,0,7,0,0.0,0.0,1.0,13.0,A01
201300020964,0,7,0,0.0,2.0,2.0,15.0,A01
201300020964,0,31,0,0.0,2.0,1.0,1.0,B01
201300020965,0,7,0,0.0,2.0,1.0,1.0,B01
201300020965,0,3,0,0.0,2.0,2.0,15.0,A01
201300020966,0,7,0,0.0,2.0,8.0,9.0,A01
201300020966,0,7,0,0.0,2.0,1.0,6.0,B01
201300020967,0,7,0,0.0,2.0,1.0,15.0,A01
201300020967,0,30,0,0.0,2.0,8.0,1.0,B01
201300020968,0,1,0,0.0,2.0,7.0,19.0,A01
201300020968,0,7,0,0.0,2.0,1.0,2.0,B01
201300020969,0,7,0,0.0,2.0,3.0,15.0,A01
201300020969,0,31,0,0.0,2.0,8.0,2.0,B01
201300020970,0,7,0,0.0,2.0,8.0,1.0,A01
201300020970,0,7,0,0.0,2.0,1.0,1.0,B01
201300020971,0,7,0,0.0,9.0,4.0,1.0,B01
201300020971,0,2,0,0.0,2.0,1.0,1.0,A01
201300020972,0,7,0,0.0,2.0,1.0,2.0,A01
201300020972,0,7,0,0.0,2.0,4.0,2.0,B01
201300020973,0,7,0,10.0,0.0,7.0,2.0,A01
201300020974,0,2,0,0.0,2.0,7.0,17.0,A01
201300020974,0,7,0,0.0,2.0,8.0,15.0,B01
201300020975,0,7,0,0.0,1.0,2.0,1.0,A01
201300020976,0,7,0,0.0,2.0,8.0,10.0,A01
201300020976,0,33,0,0.0,2.0,1.0,17.0,B01
201300020977,0,10,0,0.0,1.0,1.0,2.0,A01
201300020978,0,7,0,0.0,2.0,1.0,1.0,A01
201300020978,0,7,0,0.0,2.0,9.0,1.0,B01
201300020978,0,7,0,0.0,2.0,1.0,1.0,C01
201300020978,0,7,0,0.0,2.0,4.0,2.0,D01
201300020978,0,7,0,0.0,2.0,4.0,2.0,E01
201300020979,0,7,0,9.0,0.0,1.0,1.0,A01
201300020980,0,7,0,0.0,2.0,1.0,17.0,A01
201300020980,0,14,0,0.0,2.0,1.0,1.0,B01
201300020981,0,7,0,0.0,2.0,1.0,1.0,B01
201300020981,1,33,0,0.0,2.0,1.0,5.0,A01
201300020982,0,7,0,0.0,2.0,1.0,1.0,B01
201300020982,0,2,0,0.0,2.0,1.0,13.0,A01
201300020983,0,7,0,0.0,1.0,1.0,2.0,A01
201300020984,0,7,0,0.0,2.0,2.0,15.0,A01
201300020984,0,33,0,0.0,2.0,1.0,1.0,B01
201300020985,0,7,0,0.0,2.0,3.0,1.0,A01
201300020985,0,30,0,0.0,2.0,3.0,1.0,B01
201300020986,0,7,0,0.0,2.0,1.0,2.0,A01
201300020986,0,7,0,0.0,0.0,4.0,2.0,B01
201300020987,0,7,0,0.0,2.0,6.0,10.0,A01
201300020987,0,33,0,0.0,2.0,1.0,2.0,B01
201300020988,0,7,0,0.0,2.0,9.0,15.0,A01
201300020988,0,7,0,0.0,2.0,2.0,1.0,B01
201300020989,0,7,0,0.0,2.0,1.0,15.0,A01
201300020989,0,7,0,0.0,2.0,3.0,1.0,B01
201300020990,0,7,0,0.0,1.0,2.0,2.0,A01
201300020991,0,33,0,12.0,0.0,9.0,1.0,A01
201300020992,0,7,0,0.0,1.0,1.0,1.0,A01
201300020993,0,7,0,6.0,0.0,1.0,1.0,A01
201300020994,0,7,0,0.0,1.0,1.0,1.0,A01
201300020995,0,7,0,0.0,2.0,3.0,0.0,A01
201300020995,0,1,0,0.0,2.0,1.0,0.0,B01
201300020996,0,7,0,0.0,2.0,8.0,19.0,A01
201300020996,0,33,0,0.0,2.0,1.0,1.0,B01
201300020997,0,7,0,0.0,1.0,1.0,1.0,A01
201300020998,0,7,0,1.0,0.0,9.0,0.0,A01
201300020998,0,7,0,0.0,2.0,3.0,23.0,B01
201300020998,0,7,0,0.0,2.0,2.0,0.0,C01
201300020999,0,31,0,0.0,1.0,1.0,1.0,A01
201300021000,0,7,0,0.0,2.0,6.0,23.0,A01
201300021000,0,30,0,0.0,2.0,1.0,1.0,B01
201300021001,0,33,0,0.0,0.0,1.0,1.0,A01
201300021002,0,7,0,0.0,2.0,1.0,1.0,A01
201300021002,0,1,0,0.0,2.0,4.0,1.0,B01
201300021003,0,7,0,0.0,2.0,8.0,15.0,A01
201300021003,0,7,0,0.0,2.0,1.0,1.0,B01
201300021004,0,7,0,0.0,1.0,4.0,4.0,A01
201300021005,0,7,0,0.0,2.0,1.0,9.0,A01
201300021005,0,7,0,0.0,2.0,1.0,1.0,B01
201300021006,0,7,0,0.0,2.0,3.0,6.0,A01
201300021006,0,33,0,0.0,2.0,3.0,1.0,B01
201300021007,0,30,0,0.0,2.0,7.0,19.0,A01
201300021007,0,7,0,0.0,2.0,3.0,1.0,B01
201300021008,0,7,0,0.0,2.0,5.0,16.0,A01
201300021008,0,1,0,0.0,2.0,1.0,1.0,B01
201300021009,0,7,0,0.0,1.0,2.0,16.0,A01
201300021010,0,7,0,15.0,0.0,3.0,13.0,A01
201300021011,0,7,0,0.0,2.0,3.0,15.0,A01
201300021011,0,2,0,0.0,2.0,1.0,1.0,B01
201300021012,0,30,0,0.0,2.0,1.0,2.0,A01
201300021012,0,7,0,0.0,2.0,5.0,23.0,B01
201300021013,0,33,0,0.0,2.0,1.0,1.0,B01
201300021013,0,7,0,0.0,2.0,1.0,15.0,A01
201300021014,0,7,0,0.0,2.0,1.0,19.0,A01
201300021014,0,7,0,0.0,0.0,7.0,1.0,B01
201300021015,0,7,0,0.0,1.0,5.0,4.0,A01
201300021016,0,7,0,0.0,2.0,1.0,2.0,A01
201300021016,0,7,0,0.0,0.0,4.0,2.0,B01
201300021017,0,7,0,0.0,2.0,2.0,1.0,A01
201300021017,0,7,0,0.0,2.0,1.0,9.0,B01
201300021018,0,7,0,0.0,2.0,1.0,1.0,A01
201300021018,0,7,0,0.0,0.0,4.0,23.0,B01
201300021019,0,7,0,0.0,0.0,0.0,19.0,A01
201300021019,0,2,0,0.0,0.0,9.0,1.0,B01
201300021020,0,7,0,0.0,2.0,1.0,15.0,A01
201300021020,0,7,0,0.0,2.0,1.0,1.0,B01
201300021021,0,7,0,0.0,1.0,1.0,1.0,A01
201300021022,0,7,0,0.0,2.0,1.0,13.0,A01
201300021022,0,7,0,0.0,2.0,1.0,1.0,B01
201300021023,0,7,0,8.0,0.0,1.0,13.0,A01
201300021024,0,7,0,0.0,2.0,1.0,1.0,A01
201300021024,0,1,0,0.0,2.0,8.0,19.0,B01
201300021025,0,37,2,0.0,2.0,2.0,1.0,B01
201300021025,0,7,0,0.0,2.0,3.0,19.0,A01
201300021026,0,7,0,0.0,2.0,2.0,19.0,A01
201300021026,0,1,0,0.0,2.0,3.0,1.0,B01
201300021027,0,7,0,0.0,2.0,2.0,2.0,A01
201300021027,0,3,0,0.0,2.0,2.0,1.0,B01
201300021028,2,7,0,0.0,2.0,8.0,15.0,A01
201300021028,0,33,0,0.0,2.0,1.0,17.0,B01
201300021029,0,3,0,0.0,2.0,3.0,13.0,A01
201300021029,0,7,0,0.0,2.0,3.0,1.0,B01
201300021030,0,3,0,0.0,2.0,3.0,1.0,A01
201300021030,0,7,0,0.0,2.0,3.0,1.0,B01
201300021031,0,3,0,0.0,1.0,1.0,2.0,A01
201300021032,0,1,0,0.0,2.0,1.0,0.0,B01
201300021032,0,7,0,0.0,2.0,7.0,16.0,A01
201300021033,0,7,0,0.0,2.0,7.0,17.0,A01
201300021033,0,30,0,0.0,2.0,8.0,15.0,B01
201300021034,0,33,0,0.0,2.0,1.0,1.0,B01
201300021034,0,7,0,0.0,2.0,3.0,10.0,A01
201300021035,0,7,0,0.0,2.0,2.0,6.0,A01
201300021035,0,7,0,0.0,2.0,1.0,1.0,B01
201300021035,0,7,0,0.0,2.0,3.0,1.0,C01
201300021036,0,7,0,0.0,2.0,7.0,16.0,A01
201300021036,0,2,0,0.0,2.0,1.0,18.0,B01
201300021037,0,30,0,0.0,2.0,1.0,1.0,A01
201300021037,0,7,0,0.0,2.0,3.0,1.0,B01
201300021038,0,7,0,0.0,2.0,7.0,17.0,A01
201300021038,0,10,0,0.0,2.0,3.0,14.0,B01
201300021039,0,30,0,0.0,2.0,1.0,17.0,B01
201300021039,0,7,0,0.0,2.0,3.0,9.0,A01
201300021040,0,1,0,0.0,2.0,8.0,13.0,A01
201300021040,0,7,0,0.0,2.0,7.0,13.0,B01
201300021041,0,33,0,0.0,2.0,2.0,17.0,A01
201300021041,0,7,0,0.0,2.0,3.0,15.0,B01
201300021042,0,7,0,0.0,1.0,2.0,1.0,A01
201300021043,0,7,0,0.0,1.0,7.0,1.0,B01
201300021043,0,7,0,0.0,2.0,1.0,9.0,A01
201300021044,0,7,0,0.0,2.0,1.0,1.0,A01
201300021044,0,1,0,0.0,0.0,0.0,0.0,B01
201300021045,0,7,0,0.0,2.0,7.0,16.0,B01
201300021045,0,30,0,0.0,2.0,3.0,18.0,A01
201300021046,0,7,0,0.0,2.0,2.0,1.0,A01
201300021047,0,2,0,0.0,2.0,1.0,1.0,A01
201300021047,0,7,0,0.0,0.0,4.0,23.0,B01
201300021048,0,7,0,0.0,1.0,1.0,1.0,A01
201300021049,0,7,0,0.0,1.0,4.0,4.0,A01
201300021050,0,7,0,0.0,0.0,2.0,1.0,A01
201300021050,0,7,0,0.0,2.0,2.0,15.0,B01
201300021051,0,7,0,0.0,1.0,1.0,2.0,A01
201300021052,0,7,0,0.0,2.0,3.0,1.0,A01
201300021052,0,33,0,0.0,0.0,0.0,0.0,B02
201300021053,0,7,0,0.0,0.0,0.0,12.0,A01
201300021053,0,1,0,0.0,0.0,7.0,1.0,B01
201300021054,0,7,0,0.0,0.0,1.0,0.0,A01
201300021054,0,1,0,0.0,0.0,7.0,15.0,B01
201300021055,0,30,0,0.0,0.0,0.0,0.0,A01
201300021055,0,7,0,0.0,0.0,0.0,1.0,B01
201300021056,0,7,0,0.0,2.0,3.0,13.0,A01
201300021056,0,7,0,0.0,2.0,6.0,1.0,B01
201300021056,0,7,0,0.0,2.0,6.0,1.0,C01
201300021057,0,7,0,0.0,0.0,0.0,0.0,A01
201300021057,0,7,0,0.0,0.0,0.0,0.0,B01
201300021057,0,7,0,0.0,0.0,0.0,0.0,C01
201300021058,0,7,0,0.0,0.0,3.0,15.0,A01
201300021058,0,1,0,0.0,0.0,0.0,0.0,B01
201300021059,0,7,0,0.0,0.0,0.0,0.0,A01
201300021059,0,7,0,0.0,0.0,0.0,0.0,B01
201300021060,0,7,0,0.0,2.0,1.0,13.0,A01
201300021060,0,7,0,0.0,2.0,1.0,1.0,B01
201300021061,0,7,0,0.0,2.0,1.0,1.0,A01
201300021061,0,7,0,0.0,2.0,4.0,23.0,B01
201300021061,0,7,0,0.0,0.0,4.0,23.0,C01
201300021062,0,7,0,0.0,0.0,0.0,15.0,A01
201300021062,0,30,0,0.0,0.0,7.0,17.0,B01
201300021063,0,7,0,0.0,1.0,1.0,1.0,A01
201300021064,1,7,0,0.0,2.0,8.0,18.0,Z01
201300021064,0,1,0,0.0,2.0,7.0,1.0,A01
201300021065,1,7,0,0.0,1.0,2.0,1.0,Z01
201300021066,0,7,0,0.0,2.0,1.0,2.0,A01
201300021066,0,7,0,0.0,2.0,4.0,2.0,B01
201300021067,0,7,0,0.0,1.0,0.0,0.0,A01
201300021068,0,7,0,0.0,2.0,1.0,17.0,A01
201300021068,0,7,0,0.0,0.0,0.0,15.0,B01
201300021069,0,30,0,0.0,0.0,5.0,16.0,B01
201300021069,0,7,0,0.0,2.0,3.0,16.0,A01
201300021070,0,7,0,0.0,1.0,2.0,1.0,A01
201300021071,0,7,0,0.0,0.0,0.0,0.0,A01
201300021071,0,1,0,0.0,2.0,2.0,0.0,B01
201300021072,0,7,0,0.0,2.0,2.0,20.0,A01
201300021072,0,33,0,0.0,2.0,1.0,1.0,B01
201300021073,0,1,0,0.0,2.0,1.0,5.0,A01
201300021073,0,31,0,0.0,2.0,1.0,1.0,B01
201300021074,0,7,0,0.0,2.0,1.0,1.0,B01
201300021074,0,7,0,0.0,2.0,5.0,19.0,A01
201300021075,0,7,0,0.0,2.0,2.0,9.0,A01
201300021075,0,7,0,0.0,2.0,5.0,1.0,B01
201300021076,0,7,0,0.0,2.0,5.0,15.0,A01
201300021076,0,7,0,0.0,2.0,1.0,1.0,B01
201300021077,0,7,0,0.0,2.0,1.0,1.0,A01
201300021077,0,1,0,0.0,2.0,1.0,19.0,B01
201300021078,0,7,0,0.0,9.0,7.0,9.0,A01
201300021078,0,1,0,0.0,0.0,3.0,15.0,B01
201300021079,0,7,0,0.0,0.0,2.0,15.0,A01