Num_Acc,senc,catv,occutc,obs,obsm,choc,manv,num_veh
201300021079,0,2,0,0.0,2.0,1.0,1.0,B01
201300021080,0,7,0,0.0,2.0,1.0,1.0,A01
201300021080,0,7,0,0.0,2.0,4.0,23.0,B01
201300021080,0,7,0,0.0,0.0,4.0,23.0,C01
201300021081,0,7,0,0.0,1.0,2.0,16.0,A01
201300021082,0,7,0,0.0,2.0,1.0,19.0,A01
201300021082,0,7,0,0.0,2.0,7.0,1.0,B01
201300021083,0,7,0,0.0,1.0,3.0,1.0,A01
201300021084,0,7,0,0.0,0.0,5.0,0.0,A01
201300021084,0,1,0,0.0,2.0,0.0,0.0,B01
201300021085,0,7,0,0.0,2.0,1.0,0.0,A01
201300021085,0,7,0,0.0,0.0,0.0,0.0,B01
201300021086,0,2,0,0.0,2.0,2.0,17.0,B01
201300021086,0,7,0,0.0,2.0,8.0,20.0,A01
201300021087,0,7,0,0.0,1.0,2.0,1.0,A01
201300021088,0,7,0,0.0,1.0,3.0,1.0,A01
201300021089,0,7,0,0.0,1.0,2.0,15.0,A01
201300021090,0,7,0,0.0,1.0,1.0,9.0,A01
201300021091,0,7,0,0.0,2.0,2.0,1.0,A01
201300021091,0,7,0,0.0,2.0,3.0,1.0,B01
201300021092,0,7,0,0.0,2.0,3.0,1.0,B01
201300021092,0,7,0,0.0,2.0,2.0,1.0,A01
201300021093,0,7,0,1.0,0.0,1.0,14.0,A01
201300021094,0,7,0,0.0,2.0,1.0,16.0,A01
201300021094,0,7,0,0.0,2.0,3.0,1.0,B01
201300021095,0,7,0,0.0,9.0,1.0,1.0,A01
201300021096,0,7,0,4.0,2.0,1.0,5.0,A01
201300021096,0,7,0,0.0,2.0,3.0,2.0,B01
201300021096,0,7,0,0.0,2.0,1.0,2.0,C01
201300021097,0,10,0,0.0,1.0,4.0,4.0,A01
201300021098,0,7,0,6.0,2.0,1.0,2.0,A01
201300021098,0,7,0,0.0,2.0,3.0,2.0,B01
201300021099,0,7,0,0.0,2.0,1.0,1.0,B01
201300021099,0,7,0,0.0,2.0,2.0,1.0,A01
201300021100,0,7,0,2.0,1.0,1.0,1.0,A01
201300021101,0,1,0,0.0,0.0,4.0,2.0,B01
201300021101,0,7,0,0.0,2.0,2.0,2.0,A01
201300021102,0,7,0,0.0,2.0,3.0,15.0,A01
201300021102,0,37,1,0.0,2.0,1.0,1.0,B01
201300021102,0,7,0,0.0,2.0,0.0,1.0,C01
201300021103,0,7,0,15.0,0.0,1.0,21.0,A01
201300021104,0,33,0,0.0,2.0,1.0,1.0,B01
201300021104,0,7,0,0.0,2.0,6.0,9.0,A01
201300021105,0,37,1,0.0,1.0,2.0,7.0,A01
201300021106,0,31,0,0.0,0.0,0.0,0.0,A01
201300021107,0,7,0,13.0,0.0,9.0,14.0,A01
201300021108,0,7,0,0.0,2.0,1.0,2.0,A01
201300021108,0,7,0,0.0,2.0,0.0,1.0,B01
201300021109,0,7,0,0.0,1.0,0.0,1.0,A01
201300021110,0,7,0,0.0,2.0,1.0,2.0,A01
201300021110,0,7,0,0.0,2.0,4.0,2.0,B01
201300021110,0,7,0,0.0,0.0,4.0,2.0,C01
201300021111,0,32,0,0.0,2.0,4.0,1.0,A01
201300021111,0,7,0,0.0,2.0,3.0,15.0,B01
201300021112,0,7,0,0.0,2.0,3.0,13.0,A01
201300021112,0,7,0,0.0,2.0,6.0,2.0,B01
201300021112,0,7,0,0.0,2.0,1.0,2.0,C01
201300021113,0,7,0,0.0,2.0,0.0,1.0,B01
201300021113,0,7,0,0.0,2.0,0.0,9.0,A01
201300021114,0,7,0,8.0,2.0,3.0,2.0,A01
201300021114,0,7,0,0.0,2.0,2.0,2.0,B01
201300021114,0,7,0,0.0,2.0,3.0,2.0,C01
201300021115,0,10,0,2.0,2.0,1.0,17.0,A01
201300021115,0,7,0,0.0,2.0,8.0,1.0,B01
201300021116,0,7,0,0.0,1.0,2.0,2.0,A01
201300021117,0,33,0,0.0,2.0,7.0,1.0,B01
201300021117,0,7,0,0.0,2.0,1.0,9.0,A01
201300021118,0,7,0,0.0,2.0,8.0,11.0,B01
201300021118,0,33,0,0.0,2.0,2.0,17.0,A01
201300021118,0,7,0,0.0,2.0,8.0,2.0,C01
201300021119,0,1,0,0.0,2.0,8.0,0.0,A01
201300021119,0,7,0,0.0,2.0,1.0,9.0,B01
201300021120,0,7,0,0.0,2.0,3.0,5.0,A01
201300021120,0,7,0,0.0,2.0,3.0,21.0,B01
201300021120,0,7,0,0.0,2.0,7.0,21.0,C01
201300021120,0,37,1,0.0,2.0,8.0,2.0,D01
201300021121,0,7,0,0.0,2.0,1.0,1.0,B01
201300021121,0,7,0,0.0,2.0,1.0,13.0,A01
201300021122,0,7,0,0.0,2.0,1.0,2.0,A01
201300021122,0,37,20,0.0,0.0,4.0,2.0,B01
201300021123,0,7,0,0.0,0.0,8.0,0.0,A01
201300021123,0,33,0,4.0,2.0,1.0,1.0,B01
201300021123,0,7,0,0.0,2.0,1.0,1.0,C01
201300021123,0,33,0,0.0,0.0,0.0,17.0,Z01
201300021124,0,1,0,0.0,1.0,1.0,0.0,A01
201300021125,0,30,0,0.0,2.0,1.0,2.0,A01
201300021125,0,7,0,0.0,0.0,4.0,2.0,B01
201300021126,0,33,0,0.0,2.0,0.0,0.0,B01
201300021126,0,7,0,0.0,2.0,1.0,9.0,A01
201300021127,0,7,0,0.0,2.0,3.0,9.0,A01
201300021127,0,30,0,0.0,2.0,2.0,2.0,B01
201300021128,0,31,0,0.0,2.0,0.0,0.0,B01
201300021128,0,7,0,0.0,2.0,1.0,0.0,A01
201300021129,0,10,0,0.0,1.0,8.0,2.0,A01
201300021130,0,7,0,0.0,1.0,1.0,1.0,A01
201300021131,0,7,0,0.0,2.0,4.0,2.0,B01
201300021131,0,7,0,0.0,2.0,1.0,2.0,A01
201300021132,0,32,0,0.0,2.0,4.0,1.0,B01
201300021132,0,7,0,0.0,2.0,1.0,9.0,A01
201300021133,0,7,0,0.0,1.0,8.0,1.0,Z01
201300021134,0,7,0,0.0,2.0,3.0,15.0,A01
201300021134,0,30,0,0.0,2.0,2.0,17.0,B01
201300021135,0,7,0,0.0,2.0,8.0,1.0,A01
201300021135,0,37,1,0.0,2.0,2.0,1.0,B01
201300021136,0,7,0,0.0,2.0,0.0,9.0,A01
201300021136,0,1,0,0.0,2.0,1.0,2.0,B01
201300021137,0,7,0,0.0,2.0,3.0,1.0,B01
201300021137,0,7,0,0.0,2.0,1.0,15.0,A01
201300021138,0,7,0,0.0,2.0,1.0,2.0,A01
201300021138,0,7,0,0.0,0.0,4.0,2.0,B01
201300021139,0,7,0,0.0,2.0,7.0,15.0,A01
201300021139,0,1,0,0.0,2.0,1.0,1.0,B01
201300021140,0,10,0,0.0,2.0,3.0,2.0,A01
201300021140,0,1,0,0.0,2.0,1.0,1.0,Y01
201300021141,0,7,0,0.0,1.0,1.0,1.0,A01
201300021142,0,1,0,0.0,2.0,0.0,1.0,B01
201300021142,0,7,0,0.0,2.0,1.0,9.0,A01
201300021143,0,32,0,0.0,2.0,1.0,2.0,A01
201300021143,0,10,0,0.0,0.0,7.0,19.0,B01
201300021144,0,7,0,0.0,2.0,1.0,0.0,A01
201300021144,0,7,0,0.0,2.0,6.0,0.0,B01
201300021145,0,32,0,0.0,2.0,1.0,2.0,A01
201300021145,0,7,0,0.0,0.0,6.0,2.0,B01
201300021146,0,7,0,0.0,2.0,5.0,17.0,A01
201300021146,0,7,0,8.0,2.0,3.0,1.0,B01
201300021147,0,10,0,13.0,0.0,1.0,14.0,A01
201300021148,0,37,5,0.0,2.0,3.0,1.0,B01
201300021148,0,7,0,0.0,2.0,3.0,9.0,A01
201300021149,0,7,0,13.0,0.0,1.0,0.0,A01
201300021150,0,7,0,0.0,2.0,2.0,1.0,B01
201300021150,0,7,0,0.0,2.0,3.0,9.0,A01
201300021151,0,7,0,0.0,2.0,1.0,2.0,A01
201300021151,0,7,0,0.0,0.0,4.0,2.0,B01
201300021152,0,30,0,0.0,2.0,3.0,0.0,A01
201300021152,0,7,0,0.0,2.0,2.0,1.0,B01
201300021153,0,7,0,0.0,1.0,2.0,2.0,A01
201300021154,0,7,0,3.0,2.0,1.0,1.0,A01
201300021154,0,7,0,0.0,2.0,1.0,1.0,B01
201300021155,0,7,0,0.0,2.0,1.0,0.0,A01
201300021155,0,33,0,0.0,2.0,1.0,1.0,B01
201300021156,0,7,0,0.0,2.0,7.0,15.0,A01
201300021156,0,10,0,7.0,2.0,1.0,1.0,B01
201300021157,0,30,0,0.0,2.0,1.0,13.0,A01
201300021157,0,7,0,0.0,2.0,3.0,2.0,B01
201300021158,0,34,0,0.0,2.0,1.0,1.0,A01
201300021158,0,7,0,0.0,2.0,3.0,1.0,B01
201300021159,0,33,0,0.0,2.0,7.0,2.0,A01
201300021159,1,30,0,0.0,2.0,1.0,9.0,X01
201300021160,0,37,1,0.0,1.0,2.0,1.0,A01
201300021161,0,7,0,0.0,2.0,3.0,2.0,A01
201300021161,0,7,0,0.0,2.0,9.0,1.0,B01
201300021161,0,15,0,0.0,0.0,4.0,24.0,C01
201300021162,0,31,0,13.0,0.0,1.0,2.0,A01
201300021163,0,7,0,0.0,2.0,0.0,15.0,A01
201300021163,0,1,0,0.0,2.0,0.0,1.0,B01
201300021164,0,10,0,0.0,2.0,8.0,1.0,A01
201300021164,0,99,0,0.0,2.0,1.0,0.0,B01
201300021165,0,7,0,0.0,1.0,1.0,1.0,A01
201300021166,0,7,0,0.0,1.0,1.0,1.0,A01
201300021167,0,3,0,0.0,1.0,2.0,2.0,A01
201300021168,0,7,0,0.0,1.0,2.0,1.0,A01
201300021169,0,10,0,0.0,1.0,3.0,2.0,A01
201300021170,0,7,0,0.0,2.0,4.0,1.0,A01
201300021170,0,7,0,0.0,2.0,1.0,1.0,B01
201300021171,0,7,0,0.0,2.0,9.0,15.0,A01
201300021171,0,7,0,0.0,2.0,9.0,1.0,B01
201300021172,1,31,0,0.0,1.0,1.0,2.0,Z01
201300021173,0,7,0,0.0,2.0,2.0,1.0,B01
201300021173,0,32,0,0.0,2.0,1.0,9.0,A01
201300021174,0,10,0,0.0,2.0,8.0,9.0,A01
201300021174,0,33,0,0.0,2.0,7.0,2.0,B01
201300021175,0,7,0,0.0,2.0,3.0,5.0,A01
201300021175,0,7,0,0.0,2.0,3.0,11.0,B01
201300021175,0,7,0,0.0,2.0,3.0,2.0,C01
201300021176,0,7,0,0.0,2.0,0.0,1.0,B01
201300021176,0,15,0,0.0,2.0,1.0,15.0,A01
201300021177,0,7,0,0.0,2.0,7.0,13.0,A01
201300021177,0,10,0,0.0,2.0,1.0,2.0,B01
201300021178,0,7,0,0.0,2.0,8.0,5.0,A01
201300021178,0,7,0,0.0,2.0,3.0,1.0,B01
201300021179,0,7,0,0.0,2.0,1.0,2.0,A01
201300021179,0,7,0,0.0,2.0,4.0,23.0,B01
201300021179,0,7,0,0.0,2.0,4.0,23.0,C01
201300021180,0,7,0,0.0,2.0,1.0,2.0,A01
201300021180,0,7,0,0.0,0.0,4.0,2.0,B01
201300021181,0,14,0,0.0,1.0,2.0,1.0,A01
201300021182,0,7,0,0.0,1.0,0.0,1.0,A01
201300021183,0,7,0,0.0,1.0,8.0,2.0,A01
201300021184,0,7,0,0.0,1.0,0.0,1.0,A01
201300021185,0,7,0,0.0,2.0,2.0,2.0,A01
201300021185,0,7,0,0.0,2.0,1.0,15.0,B01
201300021186,0,17,0,3.0,0.0,1.0,1.0,A01
201300021187,0,7,0,0.0,2.0,1.0,6.0,A01
201300021187,0,7,0,0.0,2.0,1.0,2.0,B01
201300021188,0,7,0,3.0,0.0,9.0,1.0,A01
201300021189,0,7,0,0.0,1.0,1.0,2.0,A01
201300021190,0,7,0,0.0,0.0,1.0,1.0,A01
201300021191,0,7,0,0.0,1.0,1.0,2.0,A01
201300021192,0,7,0,0.0,1.0,1.0,1.0,A01
201300021193,0,7,0,0.0,1.0,2.0,2.0,A01
201300021194,0,7,0,0.0,2.0,1.0,1.0,A01
201300021194,0,7,0,0.0,2.0,1.0,1.0,B01
201300021195,0,7,0,0.0,2.0,1.0,9.0,A01
201300021195,0,1,0,0.0,2.0,0.0,2.0,B01
201300021196,0,7,0,0.0,2.0,1.0,2.0,A01
201300021196,0,7,0,0.0,2.0,4.0,1.0,B01
201300021197,0,7,0,1.0,0.0,8.0,2.0,A01
201300021198,0,7,0,8.0,0.0,2.0,1.0,A01
201300021199,0,7,0,2.0,0.0,8.0,0.0,A01
201300021200,0,7,0,2.0,0.0,1.0,14.0,A01
201300021201,0,33,0,0.0,2.0,1.0,2.0,B02
201300021201,0,7,0,0.0,2.0,4.0,9.0,A01
201300021202,0,33,0,8.0,0.0,7.0,1.0,A01
201300021203,0,7,0,0.0,2.0,3.0,1.0,B02
201300021203,0,7,0,0.0,2.0,2.0,13.0,A01
201300021204,0,10,0,0.0,1.0,2.0,1.0,A01
201300021205,0,7,0,0.0,1.0,2.0,14.0,A01
201300021206,0,10,0,0.0,2.0,3.0,1.0,C03
201300021206,0,10,0,0.0,2.0,6.0,1.0,B02
201300021206,0,33,0,0.0,2.0,1.0,17.0,A01
201300021207,0,7,0,0.0,2.0,8.0,13.0,A01
201300021207,0,7,0,0.0,2.0,3.0,1.0,B02
201300021208,0,7,0,2.0,0.0,8.0,1.0,A01
201300021209,0,10,0,8.0,0.0,1.0,13.0,A01
201300021210,0,10,0,0.0,2.0,3.0,16.0,B02
201300021210,0,7,0,0.0,2.0,5.0,1.0,A01
201300021210,0,7,0,0.0,2.0,1.0,1.0,C03
201300021211,0,33,0,2.0,0.0,1.0,1.0,A01
201300021212,0,7,0,0.0,0.0,1.0,16.0,A01
201300021212,0,2,0,6.0,0.0,1.0,1.0,B02
201300021213,0,7,0,6.0,0.0,1.0,1.0,A01
201300021214,0,7,0,0.0,2.0,2.0,17.0,A01
201300021214,0,1,0,0.0,0.0,1.0,13.0,B02
201300021215,0,10,0,0.0,2.0,2.0,1.0,A01
201300021215,0,1,0,0.0,2.0,4.0,1.0,B02
201300021216,0,10,0,2.0,0.0,1.0,14.0,A01
201300021217,0,7,0,4.0,0.0,1.0,1.0,A01
201300021218,0,7,0,13.0,0.0,0.0,1.0,A01
201300021219,0,7,0,15.0,0.0,1.0,1.0,A01
201300021220,0,7,0,0.0,0.0,6.0,15.0,A01
201300021220,0,7,0,0.0,0.0,1.0,5.0,B02
201300021221,0,7,0,0.0,2.0,3.0,5.0,A01
201300021221,0,7,0,0.0,2.0,3.0,21.0,B02
201300021222,0,7,0,0.0,2.0,1.0,1.0,C03
201300021222,0,10,0,0.0,2.0,1.0,23.0,A01
201300021222,0,10,0,1.0,2.0,1.0,13.0,B02
201300021223,0,7,0,0.0,2.0,1.0,11.0,A01
201300021223,0,10,0,0.0,2.0,1.0,1.0,B02
201300021224,0,7,0,0.0,0.0,1.0,0.0,C03
201300021224,0,7,0,0.0,2.0,1.0,1.0,B02
201300021224,0,7,0,12.0,1.0,1.0,1.0,A01
201300021225,0,17,0,0.0,2.0,1.0,1.0,B02
201300021225,0,7,0,0.0,2.0,1.0,5.0,A01
201300021226,0,7,0,6.0,0.0,3.0,1.0,A01
201300021227,0,7,0,0.0,1.0,2.0,2.0,A01
201300021228,0,7,0,0.0,2.0,1.0,19.0,A01
201300021228,0,7,0,0.0,2.0,7.0,1.0,B02
201300021229,0,7,0,0.0,2.0,2.0,10.0,A01
201300021229,0,30,0,0.0,2.0,1.0,1.0,B02
201300021230,0,30,0,0.0,2.0,1.0,17.0,A01
201300021230,0,7,0,0.0,0.0,3.0,15.0,B02
201300021231,0,10,0,13.0,0.0,1.0,1.0,A01
201300021232,0,15,0,13.0,0.0,7.0,1.0,A01
201300021233,0,7,0,4.0,2.0,3.0,2.0,A01
201300021233,0,17,0,0.0,0.0,4.0,1.0,B02
201300021234,0,7,0,14.0,0.0,1.0,2.0,B02
201300021234,0,7,0,3.0,2.0,9.0,1.0,A01
201300021235,0,14,0,1.0,0.0,1.0,1.0,A01
201300021236,0,10,0,0.0,2.0,2.0,2.0,B02
201300021236,0,7,0,4.0,0.0,6.0,2.0,A01
201300021237,0,14,0,1.0,0.0,2.0,2.0,B02
201300021237,0,7,0,0.0,9.0,7.0,2.0,D04
201300021237,0,14,0,0.0,0.0,3.0,23.0,A01
201300021237,0,7,0,0.0,9.0,2.0,2.0,E05
201300021237,0,7,0,4.0,0.0,8.0,2.0,C03
201300021238,0,10,0,13.0,0.0,1.0,1.0,A01
201300021239,0,7,0,0.0,2.0,1.0,14.0,A01
201300021239,0,14,0,0.0,2.0,6.0,1.0,B02
201300021240,0,7,0,0.0,0.0,1.0,1.0,A01
201300021241,0,10,0,0.0,2.0,2.0,17.0,C03
201300021241,0,10,0,4.0,2.0,2.0,17.0,A01
201300021241,0,17,0,0.0,2.0,6.0,1.0,B02
201300021242,0,7,0,4.0,0.0,1.0,1.0,A01
201300021243,0,10,0,13.0,0.0,2.0,1.0,A01
201300021244,0,7,0,3.0,0.0,1.0,1.0,A01
201300021245,0,10,0,3.0,2.0,4.0,1.0,B02
201300021245,0,7,0,3.0,2.0,1.0,1.0,A01
201300021246,0,14,0,0.0,2.0,0.0,1.0,D04
201300021246,0,7,0,0.0,9.0,3.0,1.0,E05
201300021246,0,14,0,0.0,9.0,1.0,1.0,F06
201300021246,0,7,0,0.0,9.0,1.0,1.0,C03
201300021246,0,14,0,0.0,0.0,0.0,1.0,A01
201300021247,0,14,0,0.0,2.0,5.0,1.0,B02
201300021247,0,7,0,0.0,2.0,1.0,2.0,A01
201300021248,0,14,0,0.0,0.0,8.0,1.0,B02
201300021248,0,7,0,0.0,2.0,7.0,14.0,A01
201300021249,0,10,0,3.0,0.0,7.0,1.0,A01
201300021250,0,15,0,0.0,1.0,5.0,1.0,A01
201300021251,0,7,0,0.0,1.0,7.0,1.0,A01
201300021252,0,7,0,0.0,2.0,1.0,1.0,A01
201300021252,0,7,0,0.0,2.0,4.0,1.0,B01
201300021253,0,7,0,0.0,2.0,6.0,1.0,A01
201300021253,0,7,0,0.0,2.0,1.0,1.0,B01
201300021254,0,7,0,0.0,2.0,3.0,1.0,B01
201300021254,0,7,0,0.0,2.0,1.0,15.0,A01
201300021255,0,7,0,0.0,2.0,1.0,2.0,A01
201300021255,0,7,0,0.0,0.0,4.0,20.0,B01
201300021256,0,7,0,0.0,2.0,6.0,15.0,B01
201300021256,0,33,0,0.0,2.0,0.0,17.0,A01
201300021257,0,7,0,0.0,2.0,2.0,1.0,B01
201300021257,0,7,0,0.0,2.0,3.0,1.0,A01
201300021258,0,7,0,0.0,1.0,2.0,1.0,A01
201300021259,0,7,0,0.0,2.0,4.0,23.0,B01
201300021259,0,15,0,0.0,2.0,2.0,1.0,A01
201300021260,0,7,0,0.0,2.0,4.0,1.0,B01
201300021260,0,30,0,0.0,2.0,1.0,1.0,A01
201300021261,0,10,0,0.0,2.0,8.0,15.0,A01
201300021261,0,7,0,0.0,2.0,1.0,1.0,B01
201300021262,0,7,0,0.0,2.0,2.0,9.0,A01
201300021262,0,37,5,0.0,2.0,2.0,16.0,B01
201300021263,0,2,0,0.0,1.0,1.0,20.0,A01
201300021264,1,30,0,0.0,0.0,0.0,0.0,A01
201300021265,0,7,0,8.0,0.0,1.0,1.0,A01
201300021266,0,33,0,0.0,2.0,1.0,1.0,B01
201300021266,0,10,0,0.0,2.0,5.0,15.0,A01
201300021267,0,2,0,0.0,2.0,7.0,17.0,A01
201300021267,0,7,0,0.0,2.0,3.0,15.0,B01
201300021268,0,7,0,0.0,2.0,2.0,15.0,A01
201300021268,0,33,0,0.0,2.0,1.0,2.0,B01
201300021269,0,1,0,0.0,0.0,8.0,8.0,A01
201300021269,0,7,0,0.0,2.0,1.0,15.0,B01
201300021270,0,7,0,0.0,0.0,3.0,15.0,B01
201300021270,0,33,0,0.0,2.0,1.0,2.0,A01
201300021271,0,7,0,0.0,1.0,3.0,15.0,A01
201300021272,0,30,0,0.0,2.0,1.0,2.0,A01
201300021272,0,7,0,0.0,2.0,4.0,2.0,B01
201300021273,1,7,0,0.0,2.0,2.0,15.0,A01
201300021273,0,2,0,0.0,2.0,2.0,5.0,B01
201300021274,0,7,0,8.0,0.0,2.0,2.0,A01
201300021275,0,7,0,0.0,2.0,2.0,0.0,B01
201300021275,2,7,0,0.0,2.0,1.0,9.0,A01
201300021276,0,2,0,0.0,2.0,1.0,19.0,B01
201300021276,0,7,0,0.0,2.0,1.0,19.0,A01
201300021277,0,99,0,0.0,2.0,3.0,6.0,A01
201300021277,0,7,0,0.0,2.0,1.0,2.0,B01
201300021278,0,7,0,0.0,2.0,1.0,2.0,B01
201300021278,0,7,0,0.0,2.0,9.0,16.0,A01
201300021279,0,1,0,0.0,2.0,0.0,19.0,B01
201300021279,0,3,0,0.0,2.0,1.0,2.0,A01
201300021280,1,30,0,0.0,1.0,1.0,11.0,A01
201300021281,0,7,0,0.0,1.0,1.0,1.0,A01
201300021282,0,7,0,0.0,1.0,1.0,1.0,A01
201300021283,0,7,0,0.0,1.0,3.0,1.0,A01
201300021284,1,31,0,0.0,2.0,8.0,1.0,B01
201300021284,0,7,0,0.0,2.0,2.0,15.0,A01
201300021285,0,31,0,0.0,0.0,8.0,17.0,A01
201300021286,0,7,0,4.0,0.0,3.0,11.0,A01
201300021287,0,7,0,0.0,2.0,8.0,15.0,A01
201300021287,0,10,0,0.0,2.0,3.0,1.0,B02
201300021288,0,7,0,0.0,1.0,3.0,1.0,A01
201300021289,0,10,0,0.0,2.0,3.0,15.0,A01
201300021289,0,33,0,0.0,2.0,1.0,1.0,B01
201300021290,0,7,0,0.0,1.0,1.0,1.0,A01
201300021291,0,7,0,0.0,1.0,5.0,0.0,A01
201300021292,0,7,0,0.0,1.0,3.0,1.0,A01
201300021293,0,33,0,0.0,2.0,1.0,1.0,B01
201300021293,0,7,0,0.0,2.0,1.0,15.0,A01
201300021294,0,7,0,0.0,2.0,4.0,1.0,B01
201300021294,0,7,0,0.0,2.0,1.0,1.0,A01
201300021295,0,7,0,0.0,1.0,3.0,1.0,A01
201300021296,0,7,0,0.0,1.0,1.0,1.0,A01
201300021297,0,33,0,13.0,0.0,1.0,1.0,A01
201300021298,0,7,0,0.0,2.0,8.0,15.0,A01
201300021298,0,30,0,0.0,2.0,7.0,17.0,B01
201300021299,0,7,0,0.0,2.0,7.0,15.0,A01
201300021299,0,7,0,0.0,2.0,1.0,1.0,B01
201300021299,0,7,0,0.0,2.0,3.0,23.0,C01
201300021300,0,15,0,13.0,0.0,2.0,5.0,A01
201300021301,0,7,0,4.0,0.0,3.0,1.0,A01
201300021302,0,7,0,0.0,2.0,2.0,15.0,A01
201300021302,0,37,1,0.0,2.0,1.0,1.0,B01
201300021303,0,7,0,13.0,0.0,4.0,5.0,A01
201300021304,0,7,0,0.0,1.0,1.0,1.0,A01
201300021305,0,7,0,2.0,0.0,1.0,14.0,A01
201300021306,0,7,0,2.0,0.0,1.0,14.0,A01
201300021307,0,7,0,0.0,0.0,4.0,2.0,A01
201300021307,0,7,0,0.0,2.0,1.0,2.0,B02
201300021308,0,7,0,0.0,2.0,1.0,1.0,A01
201300021308,0,7,0,0.0,0.0,6.0,1.0,B02
201300021309,0,33,0,0.0,0.0,4.0,2.0,B02
201300021309,0,33,0,0.0,2.0,1.0,2.0,A01
201300021310,0,7,0,0.0,2.0,7.0,6.0,A01
201300021310,0,7,0,0.0,2.0,1.0,1.0,B02
201300021311,0,7,0,0.0,1.0,2.0,1.0,A01
201300021312,0,7,0,0.0,2.0,1.0,1.0,A01
201300021312,0,10,0,0.0,9.0,1.0,1.0,B02
201300021313,0,37,0,0.0,2.0,5.0,15.0,A01
201300021313,0,32,0,0.0,2.0,1.0,1.0,B02
201300021314,0,7,0,6.0,0.0,1.0,1.0,A01
201300021315,0,7,0,0.0,1.0,3.0,1.0,A01
201300021316,0,7,0,0.0,0.0,2.0,9.0,A01
201300021316,0,33,0,0.0,0.0,1.0,1.0,B02
201300021317,0,33,0,15.0,0.0,1.0,6.0,A01
201300021318,0,7,0,13.0,0.0,3.0,1.0,A01
201300021319,0,31,0,0.0,0.0,0.0,0.0,A01
201300021320,0,30,0,0.0,2.0,1.0,17.0,B01
201300021320,0,7,0,0.0,2.0,4.0,23.0,A01
201300021321,0,7,0,0.0,2.0,8.0,15.0,B01
201300021321,0,33,0,0.0,2.0,1.0,17.0,A01
201300021322,0,33,0,0.0,2.0,1.0,1.0,B01
201300021322,0,7,0,0.0,2.0,8.0,16.0,A01
201300021323,0,33,0,0.0,2.0,8.0,1.0,B01
201300021323,0,7,0,0.0,2.0,3.0,10.0,A01
201300021324,0,2,0,0.0,0.0,7.0,1.0,A01
201300021325,0,37,9,0.0,2.0,8.0,10.0,A01
201300021325,0,30,0,0.0,2.0,1.0,17.0,B01
201300021326,0,33,0,0.0,2.0,1.0,1.0,B01
201300021326,0,7,0,0.0,2.0,5.0,15.0,A01
201300021327,0,33,0,0.0,0.0,0.0,15.0,A01
201300021328,0,10,0,0.0,1.0,4.0,4.0,A01
201300021329,0,7,0,0.0,2.0,3.0,1.0,B02
201300021329,0,7,0,0.0,2.0,3.0,13.0,A01
201300021330,0,2,0,0.0,2.0,8.0,0.0,B02
201300021330,0,7,0,0.0,2.0,8.0,13.0,A01
201300021331,0,7,0,14.0,2.0,7.0,1.0,B02
201300021331,0,7,0,3.0,0.0,1.0,1.0,A01
201300021332,0,10,0,3.0,0.0,1.0,1.0,A01
201300021333,0,31,0,0.0,2.0,1.0,2.0,A01
201300021333,0,14,0,0.0,0.0,6.0,1.0,B02
201300021334,0,7,0,0.0,2.0,2.0,17.0,A01
201300021334,0,7,0,0.0,2.0,1.0,2.0,C03
201300021334,0,15,0,0.0,2.0,6.0,1.0,D04
201300021334,0,14,0,0.0,2.0,3.0,1.0,B02
201300021335,0,7,0,0.0,2.0,3.0,1.0,B02
201300021335,0,30,0,0.0,2.0,1.0,1.0,A01
201300021336,0,7,0,0.0,2.0,4.0,23.0,B02
201300021336,0,2,0,0.0,2.0,8.0,21.0,A01
201300021337,0,7,0,4.0,0.0,3.0,1.0,A01
201300021338,0,33,0,0.0,2.0,3.0,1.0,B02
201300021338,0,7,0,0.0,2.0,5.0,23.0,A01
201300021339,0,7,0,6.0,0.0,3.0,13.0,A01
201300021340,0,10,0,0.0,2.0,1.0,1.0,C03
201300021340,0,7,0,0.0,2.0,7.0,17.0,A01
201300021340,0,13,0,0.0,2.0,8.0,1.0,B02
201300021341,0,15,0,0.0,1.0,4.0,20.0,A01
201300021342,0,7,0,0.0,0.0,7.0,24.0,A01
201300021342,0,7,0,1.0,0.0,2.0,2.0,B02
201300021343,0,10,0,13.0,0.0,5.0,14.0,A01
201300021344,0,15,0,0.0,1.0,0.0,11.0,C03
201300021344,0,7,0,0.0,2.0,2.0,17.0,G07
201300021345,0,7,0,13.0,0.0,2.0,14.0,A01
201300021346,0,10,0,13.0,0.0,5.0,14.0,A01
201300021347,0,7,0,0.0,2.0,1.0,2.0,A01
201300021347,0,17,0,0.0,0.0,0.0,2.0,B02
201300021348,0,33,0,0.0,0.0,1.0,1.0,A01
201300021349,0,7,0,13.0,0.0,2.0,1.0,A01
201300021350,0,14,0,0.0,2.0,2.0,2.0,A01
201300021350,0,14,0,0.0,2.0,5.0,2.0,B02
201300021351,0,33,0,3.0,0.0,1.0,17.0,A01
201300021352,0,7,0,13.0,0.0,7.0,1.0,A01
201300021353,0,7,0,0.0,2.0,1.0,2.0,A01
201300021353,0,7,0,0.0,2.0,4.0,2.0,B02
201300021354,0,7,0,1.0,2.0,4.0,23.0,A01
201300021354,0,17,0,1.0,0.0,2.0,1.0,B02
201300021354,0,7,0,4.0,0.0,4.0,24.0,C03