Num_Acc,senc,catv,occutc,obs,obsm,choc,manv,num_veh
201300021355,0,7,0,0.0,2.0,2.0,17.0,A01
201300021355,0,7,0,0.0,0.0,6.0,1.0,B02
201300021356,0,10,0,0.0,2.0,1.0,2.0,A01
201300021356,0,17,0,0.0,2.0,4.0,2.0,B02
201300021357,0,17,0,1.0,1.0,2.0,1.0,A01
201300021358,0,7,0,1.0,0.0,2.0,14.0,C03
201300021358,0,7,0,0.0,0.0,0.0,0.0,A01
201300021359,0,7,0,0.0,2.0,1.0,21.0,B02
201300021359,0,7,0,14.0,0.0,1.0,21.0,D04
201300021359,0,10,0,3.0,0.0,0.0,1.0,A01
201300021359,0,7,0,0.0,0.0,4.0,21.0,C03
201300021360,0,33,0,0.0,0.0,7.0,1.0,A01
201300021361,0,7,0,0.0,2.0,3.0,16.0,A01
201300021361,0,30,0,0.0,2.0,1.0,1.0,B02
201300021362,0,7,0,13.0,0.0,9.0,1.0,A01
201300021363,0,7,0,0.0,2.0,1.0,16.0,B02
201300021363,0,7,0,0.0,2.0,1.0,17.0,A01
201300021363,0,7,0,0.0,2.0,8.0,1.0,C03
201300021364,0,7,0,0.0,2.0,3.0,1.0,B01
201300021364,0,1,0,0.0,2.0,1.0,1.0,A01
201300021365,0,7,0,0.0,2.0,1.0,2.0,A01
201300021365,0,7,0,0.0,2.0,4.0,2.0,B01
201300021366,0,1,0,0.0,2.0,0.0,1.0,B01
201300021366,0,7,0,0.0,2.0,0.0,16.0,A01
201300021367,0,7,0,0.0,0.0,0.0,21.0,A01
201300021367,1,7,0,0.0,0.0,0.0,0.0,Z01
201300021368,0,7,0,0.0,1.0,2.0,1.0,A01
201300021369,0,7,0,0.0,2.0,1.0,1.0,B01
201300021369,0,7,0,0.0,2.0,3.0,1.0,A01
201300021370,0,7,0,0.0,0.0,4.0,2.0,A01
201300021370,0,7,0,0.0,0.0,4.0,1.0,B01
201300021371,0,7,0,0.0,1.0,1.0,0.0,A01
201300021372,0,7,0,0.0,0.0,3.0,20.0,A01
201300021372,0,7,0,0.0,2.0,2.0,1.0,B01
201300021373,0,33,0,0.0,2.0,1.0,1.0,A01
201300021373,0,7,0,0.0,2.0,5.0,15.0,B01
201300021373,0,7,0,0.0,0.0,1.0,1.0,C01
201300021374,0,7,0,0.0,1.0,3.0,1.0,A01
201300021375,0,7,0,0.0,1.0,1.0,0.0,A01
201300021376,0,7,0,0.0,2.0,1.0,2.0,A01
201300021376,0,7,0,0.0,2.0,4.0,2.0,B01
201300021376,0,7,0,0.0,2.0,4.0,2.0,C01
201300021377,0,7,0,0.0,2.0,1.0,1.0,A01
201300021377,0,7,0,0.0,2.0,1.0,1.0,B01
201300021378,0,7,0,0.0,1.0,3.0,1.0,A01
201300021379,0,2,0,0.0,0.0,6.0,1.0,A01
201300021380,0,7,0,0.0,2.0,0.0,15.0,A01
201300021380,0,33,0,0.0,2.0,1.0,17.0,B01
201300021381,0,17,0,6.0,0.0,1.0,6.0,A01
201300021382,0,7,0,0.0,2.0,1.0,17.0,A01
201300021382,0,7,0,0.0,2.0,8.0,15.0,B01
201300021383,0,7,0,0.0,2.0,8.0,10.0,A01
201300021383,0,7,0,0.0,2.0,1.0,1.0,B01
201300021384,0,32,0,0.0,2.0,2.0,15.0,A01
201300021384,0,7,0,0.0,2.0,1.0,1.0,B01
201300021385,0,7,0,0.0,2.0,8.0,1.0,A01
201300021385,0,7,0,0.0,0.0,8.0,1.0,B01
201300021386,0,7,0,0.0,2.0,4.0,1.0,B01
201300021386,1,7,0,,0.0,0.0,,Z01
201300021387,0,2,0,0.0,2.0,1.0,1.0,A01
201300021387,0,7,0,0.0,2.0,0.0,15.0,B01
201300021388,0,1,0,0.0,2.0,8.0,1.0,B01
201300021388,1,7,0,0.0,2.0,2.0,19.0,Z01
201300021389,0,7,0,0.0,2.0,1.0,2.0,A01
201300021389,0,7,0,0.0,0.0,4.0,0.0,B01
201300021390,0,7,0,0.0,2.0,1.0,11.0,A01
201300021390,0,33,0,0.0,2.0,4.0,0.0,B01
201300021391,0,7,0,0.0,2.0,7.0,12.0,A01
201300021391,0,34,0,0.0,2.0,1.0,1.0,B01
201300021392,0,7,0,0.0,2.0,1.0,9.0,A01
201300021392,0,7,0,0.0,2.0,6.0,23.0,B01
201300021393,0,30,0,15.0,0.0,1.0,5.0,A01
201300021394,0,33,0,0.0,1.0,1.0,0.0,A01
201300021395,0,31,0,0.0,2.0,6.0,12.0,A01
201300021395,0,7,0,0.0,0.0,1.0,16.0,B01
201300021396,0,33,0,0.0,2.0,8.0,1.0,B01
201300021396,0,30,0,0.0,2.0,1.0,15.0,A01
201300021397,0,7,0,0.0,0.0,4.0,15.0,B01
201300021397,0,7,0,0.0,2.0,1.0,0.0,A01
201300021398,1,30,0,0.0,2.0,2.0,17.0,Z01
201300021398,0,1,0,0.0,2.0,3.0,1.0,B01
201300021399,0,7,0,0.0,0.0,8.0,1.0,A01
201300021400,0,7,0,0.0,2.0,1.0,1.0,A01
201300021400,0,7,0,0.0,2.0,4.0,0.0,B01
201300021401,0,2,0,0.0,0.0,0.0,0.0,A01
201300021402,0,2,0,0.0,2.0,3.0,1.0,B01
201300021402,1,99,0,0.0,0.0,0.0,0.0,Z01
201300021403,0,7,0,0.0,2.0,1.0,1.0,A01
201300021403,0,1,0,0.0,2.0,1.0,1.0,B01
201300021404,0,2,0,0.0,2.0,2.0,1.0,A01
201300021404,0,7,0,0.0,0.0,3.0,1.0,C01
201300021404,0,7,0,0.0,2.0,2.0,1.0,B01
201300021405,0,7,0,0.0,1.0,3.0,1.0,A01
201300021406,0,7,0,0.0,2.0,8.0,15.0,B01
201300021406,1,99,0,0.0,2.0,1.0,17.0,Z01
201300021407,0,7,0,8.0,0.0,1.0,0.0,A01
201300021408,1,32,0,0.0,1.0,0.0,1.0,A01
201300021409,0,7,0,0.0,0.0,7.0,15.0,A01
201300021409,0,33,0,0.0,2.0,1.0,1.0,B01
201300021410,0,33,0,0.0,0.0,0.0,1.0,A01
201300021411,0,7,0,0.0,2.0,1.0,1.0,B01
201300021411,0,7,0,0.0,0.0,3.0,0.0,A01
201300021412,0,7,0,0.0,2.0,1.0,13.0,A01
201300021412,0,7,0,0.0,2.0,1.0,1.0,B01
201300021413,0,7,0,0.0,2.0,0.0,13.0,A01
201300021413,0,7,0,0.0,2.0,1.0,1.0,B01
201300021414,0,7,0,0.0,2.0,3.0,15.0,B01
201300021414,0,32,0,0.0,2.0,1.0,17.0,A01
201300021415,0,37,2,0.0,2.0,0.0,19.0,A01
201300021415,0,7,0,14.0,2.0,8.0,1.0,B01
201300021416,0,7,0,0.0,0.0,0.0,2.0,A01
201300021416,0,2,0,0.0,0.0,1.0,2.0,B01
201300021417,0,7,0,0.0,1.0,1.0,1.0,A01
201300021418,0,7,0,0.0,2.0,4.0,15.0,B01
201300021418,0,7,0,0.0,2.0,3.0,1.0,A01
201300021419,0,7,0,0.0,1.0,1.0,1.0,A01
201300021420,0,15,0,0.0,2.0,3.0,15.0,A01
201300021420,0,7,0,0.0,2.0,5.0,16.0,B01
201300021421,1,7,0,1.0,0.0,3.0,20.0,A01
201300021422,0,10,0,0.0,1.0,2.0,1.0,A01
201300021423,0,7,0,5.0,0.0,4.0,4.0,A01
201300021424,0,7,0,0.0,2.0,3.0,13.0,A01
201300021424,0,17,0,0.0,2.0,3.0,2.0,B01
201300021424,0,7,0,0.0,2.0,8.0,2.0,C01
201300021424,0,7,0,0.0,2.0,8.0,2.0,D01
201300021425,0,7,0,1.0,0.0,8.0,9.0,A01
201300021425,0,7,0,0.0,2.0,2.0,2.0,B01
201300021426,0,7,0,0.0,2.0,2.0,2.0,A01
201300021426,0,7,0,0.0,0.0,4.0,2.0,B01
201300021427,0,33,0,15.0,0.0,0.0,1.0,A01
201300021427,0,7,0,0.0,2.0,5.0,24.0,B01
201300021428,0,7,0,0.0,2.0,7.0,0.0,B01
201300021428,0,7,0,0.0,2.0,2.0,19.0,A01
201300021429,0,7,0,0.0,1.0,0.0,0.0,A01
201300021430,0,2,0,0.0,2.0,1.0,2.0,A01
201300021430,0,2,0,0.0,2.0,7.0,2.0,B01
201300021431,0,7,0,0.0,2.0,1.0,17.0,A01
201300021431,0,7,0,0.0,2.0,2.0,17.0,B01
201300021432,0,7,0,0.0,1.0,2.0,2.0,A01
201300021433,0,33,0,0.0,2.0,4.0,2.0,A01
201300021433,0,7,0,0.0,2.0,4.0,1.0,B01
201300021434,0,7,0,0.0,2.0,1.0,2.0,A01
201300021434,0,7,0,0.0,2.0,3.0,2.0,B01
201300021435,0,33,0,0.0,2.0,1.0,2.0,B01
201300021435,0,7,0,0.0,2.0,7.0,1.0,A01
201300021436,0,1,0,1.0,0.0,1.0,21.0,A01
201300021437,0,7,0,0.0,2.0,2.0,2.0,B01
201300021437,0,2,0,0.0,0.0,3.0,14.0,A01
201300021438,0,32,0,0.0,2.0,1.0,17.0,A01
201300021439,0,7,0,0.0,0.0,2.0,2.0,A01
201300021439,0,2,0,0.0,0.0,4.0,2.0,B01
201300021440,0,10,0,0.0,2.0,2.0,2.0,A01
201300021440,0,7,0,0.0,0.0,4.0,2.0,B01
201300021441,0,7,0,0.0,1.0,1.0,1.0,A01
201300021442,0,33,0,0.0,2.0,1.0,17.0,A01
201300021442,0,7,0,0.0,2.0,3.0,15.0,B01
201300021443,0,33,0,0.0,2.0,1.0,1.0,B01
201300021443,0,7,0,0.0,2.0,3.0,15.0,A01
201300021444,0,7,0,0.0,1.0,3.0,1.0,A01
201300021445,0,14,0,0.0,2.0,8.0,10.0,B01
201300021445,0,33,0,0.0,2.0,1.0,2.0,A01
201300021446,0,7,0,0.0,2.0,8.0,2.0,A01
201300021446,0,33,0,0.0,2.0,1.0,2.0,B01
201300021447,0,1,0,0.0,1.0,0.0,0.0,A01
201300021448,0,7,0,13.0,0.0,1.0,14.0,A01
201300021449,0,7,0,0.0,2.0,1.0,2.0,A01
201300021449,0,7,0,0.0,1.0,4.0,23.0,B01
201300021450,0,1,0,0.0,0.0,8.0,1.0,A01
201300021450,0,7,0,0.0,0.0,3.0,1.0,B01
201300021451,0,7,0,0.0,2.0,2.0,1.0,A01
201300021451,0,1,0,0.0,2.0,1.0,19.0,B01
201300021452,0,7,0,0.0,2.0,7.0,1.0,B01
201300021452,0,7,0,0.0,2.0,1.0,1.0,A01
201300021453,0,7,0,0.0,2.0,1.0,5.0,A01
201300021453,0,7,0,0.0,2.0,1.0,1.0,B01
201300021454,0,7,0,0.0,2.0,3.0,13.0,A01
201300021454,0,7,0,0.0,2.0,3.0,1.0,B01
201300021455,0,10,0,0.0,1.0,0.0,1.0,A01
201300021456,0,7,0,0.0,0.0,1.0,1.0,A01
201300021456,0,7,0,0.0,2.0,4.0,23.0,B01
201300021457,0,31,0,0.0,2.0,1.0,17.0,A01
201300021457,0,7,0,0.0,0.0,6.0,15.0,B01
201300021458,0,10,0,0.0,1.0,4.0,4.0,A01
201300021459,0,7,0,0.0,1.0,2.0,1.0,A01
201300021460,0,7,0,0.0,1.0,4.0,24.0,A01
201300021461,0,7,0,0.0,2.0,1.0,9.0,A01
201300021461,0,33,0,0.0,2.0,1.0,1.0,B01
201300021462,0,7,0,0.0,2.0,1.0,13.0,A01
201300021462,0,7,0,0.0,2.0,1.0,0.0,B01
201300021463,0,7,0,0.0,2.0,5.0,15.0,A01
201300021463,0,7,0,0.0,2.0,1.0,0.0,B01
201300021463,0,7,0,0.0,2.0,1.0,1.0,C01
201300021464,0,30,0,0.0,0.0,0.0,2.0,A01
201300021465,0,7,0,3.0,0.0,0.0,0.0,A01
201300021466,0,7,0,0.0,2.0,7.0,15.0,A01
201300021466,0,7,0,0.0,2.0,3.0,1.0,B01
201300021467,0,7,0,0.0,0.0,8.0,0.0,A01
201300021467,0,38,0,0.0,0.0,7.0,0.0,B01
201300021468,0,7,0,0.0,2.0,6.0,2.0,A01
201300021468,0,33,0,0.0,2.0,2.0,0.0,B01
201300021469,0,7,0,3.0,0.0,2.0,14.0,A01
201300021470,0,33,0,0.0,2.0,3.0,17.0,A01
201300021470,0,7,0,0.0,2.0,3.0,15.0,B01
201300021471,0,7,0,0.0,9.0,3.0,15.0,A01
201300021471,0,1,0,0.0,2.0,2.0,2.0,B01
201300021472,0,33,0,9.0,0.0,1.0,2.0,A01
201300021473,0,30,0,0.0,0.0,8.0,0.0,A01
201300021474,0,30,0,0.0,0.0,8.0,0.0,A01
201300021475,0,1,0,0.0,1.0,1.0,2.0,A01
201300021476,0,7,0,13.0,0.0,9.0,1.0,A01
201300021477,0,7,0,3.0,0.0,1.0,17.0,A01
201300021478,0,1,0,0.0,2.0,4.0,2.0,B01
201300021478,0,7,0,0.0,2.0,1.0,2.0,A01
201300021479,0,7,0,0.0,2.0,4.0,2.0,B01
201300021479,0,7,0,0.0,2.0,1.0,2.0,A01
201300021479,0,7,0,0.0,2.0,4.0,2.0,C01
201300021480,0,7,0,0.0,2.0,7.0,15.0,A01
201300021480,0,2,0,0.0,2.0,1.0,1.0,B01
201300021481,0,7,0,0.0,1.0,3.0,1.0,A01
201300021482,0,7,0,8.0,0.0,1.0,15.0,A01
201300021483,0,30,0,0.0,0.0,0.0,0.0,A01
201300021484,1,2,0,0.0,0.0,0.0,0.0,A01
201300021485,0,2,0,0.0,2.0,3.0,9.0,B01
201300021485,1,7,0,0.0,2.0,2.0,9.0,Z01
201300021486,0,7,0,0.0,2.0,1.0,2.0,A01
201300021486,0,7,0,0.0,2.0,4.0,2.0,B01
201300021487,0,2,0,0.0,0.0,0.0,1.0,A01
201300021488,0,33,0,0.0,2.0,1.0,9.0,A01
201300021488,0,7,0,0.0,0.0,2.0,1.0,B01
201300021489,0,7,0,0.0,2.0,2.0,15.0,A01
201300021489,0,2,0,0.0,2.0,3.0,1.0,B01
201300021490,0,7,0,0.0,2.0,4.0,2.0,B01
201300021490,0,7,0,0.0,2.0,2.0,2.0,A01
201300021491,0,33,0,0.0,2.0,1.0,1.0,B01
201300021491,0,7,0,0.0,2.0,2.0,15.0,A01
201300021492,0,10,0,0.0,0.0,4.0,23.0,C01
201300021492,0,7,0,0.0,0.0,4.0,23.0,B01
201300021492,0,7,0,0.0,0.0,1.0,2.0,A01
201300021493,0,7,0,0.0,2.0,1.0,2.0,A01
201300021493,0,7,0,0.0,2.0,4.0,2.0,B01
201300021494,0,7,0,0.0,2.0,1.0,1.0,A01
201300021494,0,30,0,0.0,2.0,7.0,1.0,B01
201300021495,0,7,0,0.0,1.0,3.0,0.0,A01
201300021496,0,7,0,0.0,1.0,3.0,2.0,A01
201300021497,0,7,0,2.0,0.0,8.0,0.0,A01
201300021498,0,2,0,12.0,0.0,1.0,21.0,A01
201300021499,0,7,0,0.0,1.0,5.0,4.0,A01
201300021500,0,7,0,14.0,0.0,2.0,21.0,A01
201300021500,0,10,0,0.0,0.0,6.0,23.0,B01
201300021500,0,30,0,14.0,0.0,7.0,21.0,C01
201300021501,0,7,0,0.0,2.0,3.0,0.0,A01
201300021501,0,7,0,0.0,2.0,8.0,9.0,B01
201300021502,0,2,0,0.0,0.0,4.0,2.0,B01
201300021502,0,10,0,0.0,2.0,3.0,2.0,A01
201300021503,0,7,0,0.0,1.0,3.0,2.0,A01
201300021504,0,7,0,0.0,1.0,1.0,1.0,A01
201300021505,0,7,0,0.0,2.0,7.0,0.0,A01
201300021505,0,7,0,0.0,2.0,1.0,2.0,B01
201300021506,0,30,0,0.0,0.0,7.0,16.0,A01
201300021507,0,1,0,0.0,2.0,8.0,1.0,B01
201300021507,0,7,0,0.0,9.0,1.0,1.0,A01
201300021508,0,7,0,0.0,2.0,3.0,9.0,A01
201300021508,0,7,0,0.0,2.0,2.0,1.0,B01
201300021509,0,10,0,0.0,0.0,0.0,1.0,A01
201300021510,0,2,0,0.0,0.0,8.0,0.0,A01
201300021511,2,7,0,0.0,0.0,0.0,16.0,B01
201300021511,0,1,0,0.0,0.0,0.0,1.0,A01
201300021512,0,7,0,0.0,2.0,1.0,19.0,A01
201300021512,0,7,0,0.0,2.0,1.0,1.0,B01
201300021513,0,7,0,0.0,1.0,3.0,1.0,A01
201300021514,0,33,0,0.0,2.0,1.0,17.0,B01
201300021514,0,7,0,0.0,2.0,8.0,10.0,A01
201300021515,0,7,0,0.0,2.0,2.0,2.0,B01
201300021515,0,31,0,0.0,2.0,8.0,2.0,A01
201300021516,0,10,0,0.0,0.0,1.0,2.0,A01
201300021516,0,10,0,0.0,0.0,4.0,0.0,B01
201300021517,0,7,0,0.0,1.0,1.0,2.0,A01
201300021518,0,30,0,0.0,2.0,1.0,1.0,B01
201300021518,0,7,0,0.0,2.0,2.0,15.0,A01
201300021519,0,1,0,0.0,0.0,0.0,2.0,A01
201300021520,0,7,0,0.0,2.0,4.0,2.0,C01
201300021520,0,7,0,0.0,2.0,1.0,2.0,A01
201300021520,0,7,0,0.0,2.0,4.0,2.0,B01
201300021521,0,33,0,0.0,0.0,0.0,1.0,A01
201300021522,0,7,0,0.0,1.0,1.0,15.0,A01
201300021523,0,7,0,0.0,1.0,4.0,4.0,A01
201300021524,0,7,0,0.0,2.0,1.0,2.0,A01
201300021524,0,7,0,0.0,2.0,4.0,2.0,B01
201300021525,0,7,0,0.0,2.0,1.0,2.0,A01
201300021525,0,7,0,0.0,2.0,1.0,15.0,B01
201300021526,0,7,0,0.0,1.0,1.0,15.0,A01
201300021527,0,30,0,0.0,0.0,0.0,2.0,A01
201300021528,0,7,0,0.0,0.0,4.0,0.0,C01
201300021528,0,7,0,0.0,2.0,1.0,1.0,A01
201300021528,0,7,0,0.0,2.0,1.0,1.0,B01
201300021529,0,7,0,0.0,2.0,8.0,1.0,C01
201300021529,0,7,0,0.0,2.0,7.0,17.0,A01
201300021529,0,7,0,0.0,2.0,3.0,1.0,B01
201300021529,0,7,0,0.0,2.0,1.0,1.0,D01
201300021530,0,7,0,0.0,2.0,4.0,2.0,A01
201300021530,0,1,0,0.0,2.0,4.0,2.0,B01
201300021531,0,1,0,0.0,0.0,0.0,0.0,A01
201300021532,0,7,0,0.0,0.0,1.0,5.0,A01
201300021533,0,7,0,0.0,2.0,4.0,2.0,B02
201300021533,0,7,0,0.0,2.0,1.0,2.0,A01
201300021534,0,33,0,0.0,2.0,1.0,17.0,A01
201300021534,0,10,0,0.0,0.0,0.0,15.0,B02
201300021535,0,7,0,0.0,2.0,3.0,1.0,B02
201300021535,0,2,0,0.0,2.0,1.0,5.0,A01
201300021536,0,10,0,0.0,2.0,3.0,1.0,B02
201300021536,0,7,0,0.0,2.0,3.0,1.0,A01
201300021537,0,7,0,0.0,2.0,4.0,2.0,C03
201300021537,0,15,0,0.0,2.0,2.0,2.0,A01
201300021537,0,7,0,0.0,2.0,9.0,2.0,B02
201300021538,0,7,0,0.0,0.0,2.0,1.0,A01
201300021539,0,7,0,0.0,2.0,0.0,2.0,C03
201300021539,0,7,0,0.0,2.0,0.0,2.0,D04
201300021539,0,7,0,0.0,2.0,0.0,2.0,B02
201300021539,0,15,0,0.0,2.0,2.0,2.0,E05
201300021539,0,10,0,0.0,2.0,4.0,1.0,A01
201300021539,0,7,0,0.0,2.0,1.0,2.0,F06
201300021540,0,7,0,0.0,2.0,8.0,11.0,B02
201300021540,0,30,0,0.0,2.0,1.0,13.0,A01
201300021541,0,7,0,2.0,0.0,2.0,1.0,A01
201300021542,0,7,0,0.0,2.0,1.0,2.0,A01
201300021542,0,7,0,0.0,2.0,4.0,2.0,B02
201300021543,0,1,0,0.0,0.0,0.0,1.0,A01
201300021544,0,2,0,0.0,2.0,1.0,17.0,B02
201300021544,0,7,0,0.0,2.0,3.0,15.0,A01
201300021545,0,31,0,0.0,0.0,8.0,1.0,A01
201300021546,0,7,0,0.0,1.0,1.0,24.0,A01
201300021547,0,36,0,8.0,0.0,1.0,13.0,A01
201300021548,0,7,0,0.0,2.0,2.0,15.0,A01
201300021548,0,2,0,0.0,2.0,1.0,1.0,B02
201300021549,0,10,0,0.0,1.0,4.0,4.0,A01
201300021550,0,7,0,0.0,1.0,2.0,1.0,A01
201300021551,0,7,0,0.0,2.0,1.0,2.0,A01
201300021551,0,7,0,0.0,2.0,4.0,2.0,B01
201300021552,0,15,0,0.0,2.0,7.0,12.0,A01
201300021552,0,7,0,0.0,2.0,8.0,1.0,B01
201300021553,0,33,0,0.0,2.0,9.0,17.0,A01
201300021553,0,7,0,0.0,2.0,3.0,15.0,B01
201300021554,0,7,0,0.0,2.0,1.0,1.0,B01
201300021554,0,7,0,0.0,2.0,1.0,15.0,A01
201300021555,0,7,0,0.0,1.0,3.0,1.0,A01
201300021556,0,7,0,0.0,2.0,4.0,1.0,B01
201300021556,2,7,0,0.0,2.0,1.0,1.0,Z01
201300021557,0,7,0,0.0,2.0,9.0,13.0,A01
201300021557,0,17,0,0.0,2.0,9.0,1.0,B01
201300021557,0,17,0,0.0,2.0,9.0,1.0,C01
201300021558,0,7,0,0.0,1.0,6.0,23.0,B01
201300021559,0,33,0,0.0,1.0,9.0,1.0,A01
201300021560,0,7,0,0.0,2.0,1.0,1.0,A01
201300021560,0,31,0,0.0,2.0,4.0,1.0,B01
201300021561,0,7,0,0.0,2.0,1.0,15.0,A01
201300021561,0,7,0,0.0,2.0,1.0,1.0,B01
201300021562,0,7,0,0.0,2.0,1.0,1.0,A01
201300021562,0,7,0,0.0,2.0,1.0,1.0,B01
201300021563,0,33,0,0.0,2.0,1.0,1.0,A01
201300021563,0,1,0,0.0,2.0,1.0,0.0,B01
201300021564,0,7,0,0.0,2.0,1.0,15.0,A01
201300021564,0,33,0,0.0,2.0,8.0,1.0,B01
201300021565,0,7,0,0.0,2.0,9.0,13.0,A01
201300021565,0,13,0,0.0,2.0,3.0,1.0,B01
201300021566,0,7,0,0.0,2.0,1.0,13.0,A01
201300021566,0,7,0,0.0,2.0,1.0,1.0,B01
201300021567,0,10,0,0.0,2.0,1.0,1.0,A01
201300021567,0,15,0,0.0,2.0,4.0,2.0,B01
201300021568,0,7,0,0.0,2.0,1.0,13.0,A01
201300021568,0,7,0,0.0,2.0,1.0,1.0,B01
201300021569,0,7,0,0.0,1.0,2.0,1.0,A01
201300021570,0,33,0,0.0,2.0,8.0,2.0,A01
201300021570,0,37,1,0.0,0.0,0.0,15.0,B01
201300021571,0,7,0,0.0,2.0,8.0,15.0,A01
201300021571,0,34,0,0.0,2.0,3.0,17.0,B01
201300021572,0,7,0,0.0,2.0,3.0,9.0,A01
201300021572,0,2,0,0.0,2.0,1.0,0.0,B01
201300021573,0,7,0,11.0,2.0,1.0,13.0,A01
201300021573,0,7,0,0.0,2.0,3.0,1.0,B01
201300021574,0,7,0,0.0,2.0,1.0,1.0,B01
201300021574,0,7,0,0.0,2.0,3.0,15.0,A01
201300021575,0,7,0,0.0,2.0,2.0,13.0,A01
201300021575,0,17,0,0.0,2.0,6.0,2.0,B02
201300021576,0,15,0,4.0,0.0,2.0,14.0,A01
201300021577,0,10,0,0.0,2.0,1.0,2.0,A01
201300021577,0,17,0,0.0,2.0,4.0,2.0,B02
201300021577,0,10,0,14.0,0.0,2.0,21.0,C03
201300021578,0,7,0,4.0,0.0,3.0,13.0,A01
201300021578,0,7,0,14.0,0.0,3.0,14.0,B02
201300021578,0,7,0,14.0,0.0,1.0,2.0,C03
201300021579,0,7,0,0.0,2.0,1.0,12.0,A01
201300021579,0,17,0,0.0,2.0,4.0,1.0,B02
201300021579,0,17,0,0.0,2.0,4.0,1.0,C03
201300021580,0,7,0,0.0,2.0,1.0,14.0,A01
201300021580,0,7,0,0.0,0.0,4.0,1.0,B02
201300021581,0,7,0,4.0,0.0,3.0,13.0,A01
201300021582,0,7,0,0.0,2.0,4.0,23.0,A01
201300021582,0,17,0,14.0,0.0,1.0,2.0,B02
201300021583,0,7,0,13.0,0.0,2.0,1.0,A01
201300021584,0,33,0,0.0,2.0,1.0,1.0,A01
201300021584,0,7,0,0.0,0.0,3.0,1.0,B02
201300021585,0,7,0,2.0,0.0,8.0,13.0,A01
201300021586,0,7,0,0.0,0.0,4.0,11.0,A01
201300021586,0,7,0,0.0,2.0,1.0,1.0,B02
201300021587,0,33,0,7.0,0.0,1.0,15.0,A01
201300021588,0,7,0,0.0,2.0,8.0,11.0,A01
201300021588,0,10,0,0.0,2.0,7.0,17.0,B02
201300021589,0,7,0,0.0,2.0,3.0,13.0,A01
201300021589,0,7,0,0.0,2.0,3.0,1.0,B02
201300021590,0,10,0,0.0,1.0,2.0,2.0,A01
201300021591,0,33,0,0.0,2.0,2.0,13.0,A01
201300021591,0,33,0,0.0,2.0,2.0,1.0,B02
201300021591,0,7,0,0.0,2.0,1.0,1.0,C03
201300021592,0,14,0,0.0,0.0,4.0,1.0,A01
201300021592,0,14,0,0.0,2.0,1.0,2.0,B02
201300021593,0,7,0,7.0,1.0,1.0,20.0,A01
201300021594,0,10,0,0.0,2.0,7.0,17.0,A01
201300021594,0,1,0,0.0,0.0,8.0,1.0,B02
201300021595,0,33,0,0.0,0.0,7.0,17.0,B02
201300021595,0,7,0,0.0,0.0,7.0,19.0,A01
201300021596,0,7,0,0.0,2.0,3.0,2.0,A01
201300021596,0,33,0,0.0,2.0,2.0,2.0,B02
201300021597,0,7,0,0.0,2.0,3.0,17.0,A01
201300021597,0,7,0,0.0,2.0,3.0,1.0,B02
201300021598,0,33,0,13.0,0.0,1.0,1.0,A01
201300021599,0,33,0,0.0,1.0,2.0,17.0,A01
201300021600,0,7,0,0.0,2.0,1.0,5.0,A01
201300021600,0,7,0,3.0,2.0,1.0,1.0,B02
201300021601,0,31,0,0.0,2.0,1.0,1.0,B02
201300021601,0,7,0,0.0,2.0,1.0,13.0,A01
201300021602,0,7,0,0.0,0.0,1.0,1.0,A01
201300021603,0,16,0,0.0,2.0,1.0,1.0,A01
201300021603,0,7,0,4.0,2.0,1.0,13.0,B02
201300021604,0,7,0,0.0,0.0,8.0,19.0,A01
201300021604,0,14,0,0.0,2.0,2.0,1.0,B02
201300021605,0,7,0,0.0,2.0,3.0,9.0,A01
201300021605,0,7,0,0.0,2.0,7.0,1.0,B02
201300021606,0,7,0,13.0,2.0,1.0,9.0,A01
201300021606,0,7,0,0.0,2.0,8.0,1.0,B02
201300021607,0,7,0,0.0,2.0,1.0,1.0,B02
201300021607,0,7,0,0.0,2.0,8.0,19.0,A01
201300021608,0,7,0,0.0,2.0,1.0,1.0,B02
201300021608,0,30,0,0.0,2.0,1.0,13.0,A01
201300021609,0,10,0,5.0,0.0,1.0,14.0,A01
201300021610,0,7,0,0.0,2.0,1.0,5.0,A01
201300021610,0,7,0,0.0,2.0,1.0,1.0,B02
201300021611,0,7,0,0.0,2.0,1.0,2.0,A01
201300021611,0,7,0,0.0,2.0,4.0,1.0,B02
201300021612,0,7,0,13.0,0.0,2.0,12.0,A01
201300021613,0,7,0,3.0,0.0,3.0,13.0,A01
201300021614,0,7,0,0.0,2.0,4.0,1.0,A01
201300021614,0,7,0,0.0,2.0,3.0,21.0,B02
201300021614,0,33,0,0.0,2.0,1.0,2.0,C03
201300021614,0,7,0,0.0,2.0,1.0,2.0,D04
201300021615,0,7,0,0.0,2.0,3.0,2.0,A01
201300021615,0,7,0,0.0,2.0,4.0,1.0,B02
201300021616,0,33,0,0.0,2.0,3.0,2.0,A01
201300021616,0,7,0,0.0,0.0,6.0,2.0,B02
201300021617,0,7,0,13.0,0.0,2.0,1.0,A01
201300021618,0,10,0,3.0,2.0,6.0,1.0,A01
201300021618,0,7,0,13.0,2.0,1.0,12.0,B02
201300021619,0,7,0,3.0,0.0,3.0,14.0,A01
201300021620,0,7,0,3.0,0.0,3.0,13.0,A01
201300021620,0,7,0,1.0,0.0,3.0,1.0,B02