Num_Acc,senc,catv,occutc,obs,obsm,choc,manv,num_veh
201300021904,0,7,0,0.0,1.0,1.0,1.0,A01
201300021905,0,7,0,15.0,0.0,1.0,1.0,A01
201300021906,1,7,0,0.0,1.0,0.0,0.0,A01
201300021907,0,33,0,0.0,2.0,1.0,1.0,B01
201300021907,0,7,0,0.0,2.0,2.0,1.0,A01
201300021908,0,1,0,0.0,2.0,7.0,15.0,B01
201300021908,0,7,0,0.0,2.0,1.0,9.0,A01
201300021909,0,7,0,0.0,1.0,7.0,1.0,A01
201300021910,0,7,0,0.0,1.0,2.0,16.0,A01
201300021911,0,7,0,0.0,1.0,1.0,15.0,A01
201300021912,0,7,0,0.0,1.0,1.0,15.0,A01
201300021913,0,7,0,0.0,1.0,1.0,1.0,A01
201300021914,0,7,0,0.0,1.0,1.0,1.0,A01
201300021915,0,7,0,9.0,0.0,1.0,14.0,A01
201300021916,0,37,1,0.0,2.0,3.0,1.0,A01
201300021916,0,7,0,0.0,2.0,5.0,16.0,B01
201300021917,1,7,0,0.0,1.0,1.0,1.0,Z01
201300021918,0,7,0,0.0,1.0,2.0,9.0,A01
201300021919,0,7,0,0.0,1.0,1.0,9.0,A01
201300021920,0,7,0,6.0,0.0,1.0,14.0,A01
201300021921,0,7,0,0.0,2.0,4.0,23.0,B01
201300021921,0,32,0,0.0,2.0,1.0,1.0,A01
201300021922,0,17,0,4.0,0.0,1.0,1.0,A01
201300021922,0,7,0,4.0,9.0,2.0,1.0,B02
201300021923,0,7,0,13.0,0.0,2.0,1.0,A01
201300021924,0,10,0,0.0,0.0,6.0,0.0,A01
201300021924,0,7,0,1.0,0.0,3.0,2.0,B02
201300021925,0,36,0,4.0,0.0,9.0,1.0,A01
201300021926,0,7,0,4.0,0.0,1.0,1.0,A01
201300021927,0,7,0,0.0,0.0,2.0,14.0,A01
201300021928,0,17,0,13.0,0.0,3.0,1.0,A01
201300021929,0,7,0,12.0,0.0,1.0,1.0,A01
201300021930,0,30,0,0.0,0.0,3.0,0.0,A01
201300021931,0,7,0,0.0,0.0,1.0,0.0,A01
201300021932,0,7,0,3.0,0.0,1.0,0.0,A01
201300021933,0,7,0,0.0,2.0,2.0,15.0,A01
201300021933,0,7,0,0.0,2.0,1.0,0.0,B01
201300021934,0,7,0,8.0,0.0,3.0,14.0,A01
201300021935,0,7,0,0.0,2.0,8.0,9.0,A01
201300021935,0,10,0,0.0,2.0,1.0,1.0,B01
201300021936,0,7,0,0.0,1.0,6.0,4.0,A01
201300021937,0,7,0,1.0,0.0,3.0,13.0,A01
201300021938,0,7,0,16.0,0.0,9.0,12.0,A01
201300021939,0,33,0,16.0,0.0,8.0,15.0,A01
201300021940,0,30,0,0.0,0.0,0.0,2.0,A01
201300021940,0,35,0,0.0,0.0,0.0,1.0,B01
201300021940,0,7,0,0.0,0.0,0.0,2.0,C01
201300021941,0,7,0,0.0,2.0,1.0,2.0,A01
201300021941,0,10,0,0.0,2.0,4.0,2.0,B01
201300021941,0,7,0,0.0,0.0,4.0,2.0,C01
201300021942,0,7,0,0.0,1.0,5.0,4.0,A01
201300021943,0,30,0,0.0,6.0,8.0,21.0,A01
201300021944,0,7,0,0.0,2.0,1.0,1.0,B01
201300021944,0,1,0,0.0,2.0,7.0,1.0,A01
201300021945,0,2,0,12.0,0.0,1.0,2.0,A01
201300021946,0,7,0,13.0,0.0,1.0,13.0,A01
201300021947,0,2,0,0.0,2.0,2.0,17.0,A01
201300021948,0,30,0,15.0,0.0,3.0,0.0,A01
201300021949,0,2,0,12.0,0.0,2.0,1.0,A01
201300021950,0,7,0,0.0,1.0,6.0,4.0,A01
201300021951,0,7,0,13.0,0.0,9.0,1.0,A01
201300021952,0,1,0,0.0,0.0,1.0,2.0,A01
201300021953,0,2,0,0.0,0.0,5.0,17.0,A01
201300021953,0,2,0,0.0,2.0,1.0,2.0,B01
201300021954,0,7,0,0.0,2.0,1.0,1.0,A01
201300021954,0,7,0,0.0,2.0,4.0,2.0,B01
201300021954,0,7,0,0.0,0.0,4.0,2.0,C01
201300021955,0,7,0,13.0,0.0,3.0,16.0,A01
201300021956,0,2,0,12.0,0.0,1.0,1.0,A01
201300021957,0,7,0,0.0,0.0,5.0,15.0,B01
201300021957,0,2,0,0.0,2.0,1.0,1.0,A01
201300021958,0,7,0,0.0,1.0,5.0,4.0,A01
201300021959,0,7,0,0.0,2.0,1.0,1.0,B01
201300021959,0,7,0,0.0,2.0,4.0,1.0,A01
201300021960,0,15,0,10.0,0.0,1.0,1.0,A01
201300021961,0,7,0,0.0,0.0,3.0,1.0,A01
201300021961,0,7,0,0.0,0.0,5.0,0.0,B01
201300021962,0,7,0,0.0,2.0,1.0,2.0,A01
201300021962,0,7,0,0.0,2.0,4.0,2.0,B01
201300021963,0,1,0,0.0,0.0,8.0,2.0,B01
201300021963,0,7,0,0.0,9.0,2.0,2.0,A01
201300021964,0,7,0,1.0,0.0,2.0,1.0,A01
201300021965,0,30,0,0.0,2.0,1.0,0.0,A01
201300021965,0,7,0,0.0,2.0,3.0,0.0,B01
201300021966,0,2,0,0.0,0.0,8.0,1.0,A01
201300021967,0,7,0,0.0,2.0,1.0,2.0,B01
201300021967,0,7,0,0.0,2.0,1.0,2.0,C01
201300021967,0,7,0,0.0,2.0,4.0,1.0,A01
201300021968,0,7,0,0.0,2.0,1.0,1.0,B01
201300021968,0,7,0,0.0,2.0,4.0,4.0,A01
201300021969,0,7,0,13.0,0.0,3.0,13.0,A01
201300021970,0,7,0,13.0,0.0,1.0,1.0,A01
201300021971,0,7,0,0.0,2.0,4.0,2.0,B01
201300021971,0,7,0,0.0,2.0,1.0,2.0,A01
201300021971,0,7,0,0.0,0.0,4.0,15.0,C01
201300021972,0,7,0,0.0,1.0,7.0,0.0,A01
201300021973,0,7,0,0.0,1.0,8.0,0.0,A01
201300021974,1,7,0,0.0,1.0,1.0,0.0,A01
201300021975,0,7,0,0.0,0.0,0.0,1.0,A01
201300021976,0,7,0,1.0,0.0,1.0,0.0,A01
201300021977,0,2,0,0.0,0.0,3.0,1.0,A01
201300021978,0,7,0,0.0,0.0,2.0,23.0,B01
201300021978,0,2,0,0.0,2.0,3.0,9.0,A01
201300021979,0,7,0,2.0,0.0,2.0,13.0,A01
201300021980,0,7,0,0.0,2.0,1.0,1.0,A01
201300021980,0,33,0,0.0,2.0,7.0,1.0,B01
201300021981,0,7,0,0.0,1.0,3.0,1.0,A01
201300021982,0,32,0,0.0,0.0,0.0,1.0,A01
201300021983,0,7,0,0.0,9.0,1.0,0.0,A01
201300021983,0,1,0,0.0,9.0,1.0,1.0,B01
201300021984,0,2,0,0.0,0.0,0.0,1.0,A01
201300021985,0,14,0,0.0,0.0,0.0,1.0,B01
201300021985,0,7,0,8.0,0.0,1.0,6.0,A01
201300021986,0,7,0,1.0,0.0,2.0,1.0,A01
201300021987,0,14,0,0.0,2.0,3.0,1.0,A01
201300021987,0,7,0,0.0,2.0,8.0,15.0,B01
201300021988,0,7,0,0.0,1.0,2.0,1.0,A01
201300021989,0,7,0,0.0,2.0,2.0,1.0,B01
201300021989,0,7,0,0.0,2.0,3.0,15.0,A01
201300021990,0,33,0,0.0,0.0,8.0,1.0,A01
201300021990,0,7,0,0.0,0.0,0.0,1.0,B01
201300021991,0,13,0,0.0,2.0,2.0,0.0,B01
201300021991,0,7,0,0.0,2.0,8.0,0.0,A01
201300021992,0,7,0,0.0,9.0,1.0,1.0,A01
201300021992,0,1,0,0.0,9.0,8.0,19.0,B01
201300021993,0,30,0,0.0,0.0,0.0,1.0,A01
201300021994,0,7,0,0.0,2.0,3.0,23.0,C01
201300021994,0,7,0,0.0,2.0,3.0,5.0,A01
201300021994,0,7,0,0.0,2.0,3.0,1.0,B01
201300021995,0,7,0,0.0,2.0,3.0,0.0,B01
201300021995,0,30,0,0.0,2.0,0.0,13.0,A01
201300021996,0,7,0,0.0,0.0,4.0,2.0,A01
201300021996,0,7,0,0.0,2.0,1.0,2.0,C01
201300021996,0,7,0,0.0,2.0,1.0,2.0,B01
201300021997,0,33,0,0.0,2.0,3.0,13.0,B02
201300021997,0,7,0,0.0,2.0,3.0,1.0,A01
201300021998,0,33,0,0.0,2.0,1.0,1.0,A01
201300021998,0,7,0,0.0,2.0,1.0,1.0,B02
201300021999,0,7,0,8.0,0.0,1.0,13.0,A01
201300022000,0,7,0,0.0,2.0,1.0,1.0,A01
201300022000,0,7,0,0.0,2.0,3.0,15.0,B02
201300022001,0,7,0,1.0,0.0,1.0,14.0,A01
201300022002,0,2,0,0.0,1.0,7.0,1.0,A01
201300022003,0,7,0,0.0,2.0,3.0,1.0,A01
201300022003,0,7,0,0.0,2.0,3.0,1.0,B01
201300022004,0,7,0,0.0,2.0,1.0,19.0,A01
201300022004,0,10,0,0.0,2.0,2.0,1.0,B01
201300022005,0,7,0,0.0,2.0,1.0,2.0,A01
201300022005,0,7,0,0.0,2.0,4.0,2.0,B01
201300022006,0,10,0,0.0,2.0,3.0,0.0,A01
201300022006,0,1,0,0.0,2.0,1.0,1.0,B01
201300022007,0,7,0,0.0,1.0,2.0,1.0,A01
201300022008,0,7,0,0.0,2.0,3.0,1.0,A01
201300022008,0,2,0,0.0,2.0,1.0,19.0,B01
201300022009,0,33,0,0.0,1.0,1.0,1.0,A01
201300022010,0,7,0,0.0,1.0,0.0,2.0,A01
201300022011,0,33,0,0.0,2.0,1.0,17.0,A01
201300022011,0,7,0,0.0,2.0,1.0,1.0,B01
201300022012,0,10,0,0.0,2.0,1.0,2.0,A01
201300022012,0,7,0,0.0,2.0,4.0,23.0,B01
201300022012,0,7,0,0.0,2.0,3.0,2.0,C01
201300022013,0,30,0,0.0,1.0,1.0,1.0,A01
201300022014,0,7,0,13.0,0.0,1.0,1.0,A01
201300022015,0,7,0,13.0,0.0,2.0,1.0,A01
201300022016,0,7,0,0.0,2.0,4.0,1.0,B01
201300022016,0,30,0,0.0,2.0,1.0,1.0,A01
201300022017,0,7,0,0.0,2.0,1.0,1.0,B01
201300022017,0,7,0,0.0,2.0,7.0,19.0,A01
201300022018,0,30,0,1.0,0.0,1.0,1.0,A01
201300022019,1,1,0,0.0,1.0,1.0,1.0,A01
201300022020,0,7,0,13.0,0.0,1.0,1.0,A01
201300022021,0,7,0,3.0,0.0,1.0,0.0,A01
201300022022,0,17,0,0.0,0.0,6.0,1.0,B02
201300022022,0,7,0,0.0,2.0,2.0,17.0,A01
201300022023,0,7,0,0.0,0.0,9.0,1.0,A01
201300022024,0,7,0,0.0,2.0,1.0,2.0,A01
201300022024,0,15,0,0.0,0.0,4.0,1.0,B02
201300022025,0,7,0,3.0,0.0,1.0,14.0,A01
201300022026,0,7,0,4.0,0.0,3.0,13.0,A01
201300022027,0,15,0,3.0,2.0,7.0,1.0,A01
201300022027,0,7,0,0.0,2.0,1.0,1.0,B02
201300022028,0,7,0,0.0,0.0,0.0,0.0,A01
201300022029,0,38,0,4.0,0.0,2.0,1.0,A01
201300022030,0,15,0,1.0,0.0,6.0,0.0,B02
201300022030,0,10,0,0.0,0.0,2.0,1.0,A01
201300022031,0,7,0,3.0,0.0,1.0,1.0,A01
201300022032,0,7,0,0.0,2.0,2.0,1.0,B02
201300022032,0,30,0,0.0,2.0,7.0,19.0,A01
201300022033,0,7,0,8.0,9.0,1.0,1.0,A01
201300022034,0,7,0,13.0,0.0,2.0,1.0,A01
201300022035,0,7,0,0.0,2.0,3.0,1.0,A01
201300022035,0,1,0,0.0,2.0,1.0,1.0,B02
201300022036,0,30,0,11.0,0.0,1.0,1.0,A01
201300022037,0,17,0,0.0,2.0,8.0,13.0,A01
201300022037,0,7,0,0.0,2.0,7.0,17.0,B02
201300022038,0,7,0,3.0,0.0,8.0,1.0,A01
201300022039,0,7,0,1.0,0.0,8.0,1.0,A01
201300022039,0,7,0,0.0,2.0,4.0,23.0,B02
201300022040,0,38,52,16.0,0.0,7.0,1.0,A01
201300022041,0,7,0,0.0,9.0,1.0,1.0,C03
201300022041,0,7,0,0.0,9.0,1.0,2.0,B02
201300022041,0,7,0,0.0,9.0,1.0,2.0,A01
201300022042,0,7,0,3.0,0.0,1.0,1.0,A01
201300022043,0,7,0,13.0,0.0,2.0,21.0,A01
201300022044,0,7,0,13.0,0.0,9.0,1.0,A01
201300022045,0,7,0,11.0,0.0,1.0,1.0,A01
201300022046,0,7,0,3.0,0.0,5.0,1.0,A01
201300022047,0,7,0,1.0,1.0,2.0,1.0,A01
201300022048,0,7,0,0.0,1.0,2.0,0.0,A01
201300022049,0,7,0,0.0,2.0,3.0,11.0,A01
201300022049,0,7,0,0.0,2.0,7.0,1.0,B01
201300022050,0,7,0,0.0,2.0,2.0,1.0,A01
201300022050,0,1,0,0.0,2.0,6.0,1.0,B01
201300022051,0,7,0,0.0,1.0,2.0,16.0,A01
201300022052,0,10,0,0.0,2.0,0.0,2.0,A01
201300022052,0,7,0,0.0,2.0,0.0,2.0,B01
201300022053,0,7,0,4.0,0.0,1.0,1.0,A01
201300022054,0,7,0,2.0,2.0,1.0,1.0,A01
201300022054,0,7,0,0.0,2.0,1.0,1.0,B01
201300022055,0,7,0,0.0,1.0,0.0,2.0,B01
201300022056,0,2,0,14.0,0.0,3.0,13.0,A01
201300022057,0,7,0,2.0,0.0,1.0,2.0,A01
201300022058,0,31,0,0.0,2.0,1.0,1.0,B01
201300022058,0,7,0,0.0,2.0,8.0,15.0,A01
201300022059,0,7,0,0.0,2.0,2.0,0.0,A01
201300022059,0,32,0,0.0,2.0,7.0,0.0,B01
201300022060,0,33,0,1.0,0.0,1.0,1.0,A01
201300022061,0,7,0,0.0,1.0,4.0,4.0,A01
201300022062,0,7,0,0.0,2.0,1.0,19.0,A01
201300022062,0,2,0,0.0,2.0,1.0,1.0,B01
201300022063,0,7,0,0.0,2.0,1.0,1.0,A01
201300022063,0,7,0,0.0,2.0,4.0,1.0,B01
201300022064,0,7,0,0.0,2.0,3.0,19.0,A01
201300022064,0,2,0,0.0,2.0,1.0,1.0,B01
201300022065,0,7,0,3.0,0.0,7.0,14.0,A01
201300022066,0,7,0,13.0,0.0,1.0,1.0,A01
201300022067,0,7,0,0.0,2.0,1.0,1.0,A01
201300022067,0,7,0,0.0,2.0,4.0,1.0,B01
201300022068,0,38,1,0.0,1.0,2.0,1.0,A01
201300022069,0,7,0,1.0,0.0,1.0,0.0,A01
201300022070,2,30,0,0.0,1.0,1.0,1.0,A01
201300022071,0,7,0,0.0,2.0,1.0,13.0,A01
201300022071,0,7,0,0.0,2.0,1.0,1.0,B01
201300022072,0,7,0,0.0,0.0,5.0,1.0,A01
201300022073,0,7,0,16.0,0.0,0.0,0.0,A01
201300022074,0,7,0,1.0,2.0,2.0,14.0,A01
201300022074,0,7,0,0.0,2.0,3.0,1.0,B01
201300022075,0,7,0,1.0,0.0,0.0,21.0,A01
201300022076,0,7,0,1.0,0.0,1.0,14.0,A01
201300022077,0,7,0,0.0,2.0,1.0,19.0,A01
201300022077,0,7,0,0.0,2.0,8.0,1.0,B01
201300022078,0,10,0,3.0,2.0,3.0,2.0,A01
201300022078,0,7,0,3.0,2.0,4.0,2.0,B01
201300022079,0,1,0,0.0,0.0,0.0,1.0,A01
201300022080,0,1,0,0.0,2.0,1.0,15.0,A01
201300022080,0,7,0,0.0,2.0,2.0,1.0,B01
201300022081,0,7,0,0.0,2.0,1.0,0.0,A01
201300022081,0,7,0,0.0,2.0,8.0,1.0,B01
201300022082,0,7,0,13.0,0.0,0.0,0.0,A01
201300022083,0,7,0,0.0,2.0,1.0,1.0,A01
201300022083,0,7,0,0.0,2.0,7.0,1.0,B01
201300022084,0,7,0,0.0,2.0,0.0,15.0,A01
201300022084,0,33,0,0.0,2.0,0.0,1.0,B01
201300022085,0,2,0,0.0,2.0,1.0,2.0,A01
201300022085,0,7,0,0.0,2.0,0.0,2.0,B01
201300022086,0,31,0,13.0,0.0,1.0,1.0,A01
201300022087,0,32,0,1.0,0.0,0.0,1.0,A01
201300022088,0,7,0,6.0,0.0,1.0,1.0,A01
201300022089,0,2,0,0.0,2.0,1.0,1.0,A01
201300022089,0,7,0,0.0,2.0,4.0,1.0,B01
201300022090,0,7,0,0.0,2.0,1.0,12.0,A01
201300022090,0,7,0,0.0,2.0,4.0,1.0,B01
201300022090,0,7,0,0.0,2.0,2.0,2.0,C01
201300022091,0,7,0,3.0,0.0,3.0,0.0,A01
201300022092,0,7,0,0.0,2.0,3.0,0.0,A01
201300022092,0,10,0,0.0,2.0,3.0,0.0,B01
201300022093,0,7,0,0.0,1.0,2.0,1.0,A01
201300022094,0,7,0,0.0,2.0,1.0,15.0,A01
201300022094,0,30,0,0.0,2.0,1.0,1.0,B01
201300022095,0,7,0,0.0,2.0,3.0,10.0,A01
201300022095,0,7,0,3.0,2.0,2.0,1.0,B01
201300022096,0,7,0,0.0,1.0,3.0,1.0,A01
201300022097,0,7,0,13.0,0.0,1.0,2.0,A01
201300022098,0,15,0,0.0,2.0,1.0,14.0,A01
201300022098,0,7,0,0.0,2.0,4.0,1.0,B01
201300022099,0,7,0,13.0,0.0,1.0,0.0,A01
201300022100,0,7,0,0.0,2.0,7.0,15.0,A01
201300022100,0,2,0,0.0,2.0,1.0,1.0,B01
201300022101,0,7,0,13.0,0.0,7.0,5.0,A01
201300022102,0,32,0,0.0,2.0,2.0,1.0,B01
201300022102,0,7,0,0.0,2.0,3.0,0.0,A01
201300022103,0,7,0,0.0,1.0,1.0,0.0,A01
201300022104,0,7,0,0.0,2.0,8.0,15.0,A01
201300022104,0,2,0,0.0,2.0,1.0,1.0,B01
201300022105,0,2,0,12.0,2.0,8.0,21.0,A01
201300022105,1,3,0,0.0,0.0,0.0,0.0,B01
201300022106,0,30,0,12.0,0.0,0.0,0.0,A01
201300022107,0,30,0,0.0,0.0,8.0,1.0,A01
201300022108,0,7,0,0.0,2.0,0.0,1.0,B01
201300022108,0,7,0,0.0,2.0,1.0,16.0,A01
201300022109,0,7,0,0.0,2.0,3.0,9.0,A01
201300022109,0,33,0,0.0,0.0,2.0,15.0,B01
201300022110,0,2,0,0.0,2.0,1.0,1.0,B01
201300022110,0,7,0,0.0,2.0,8.0,15.0,A01
201300022111,0,7,0,12.0,0.0,9.0,1.0,A01
201300022112,0,7,0,1.0,0.0,8.0,1.0,A01
201300022113,0,7,0,0.0,1.0,7.0,1.0,A01
201300022114,0,7,0,8.0,0.0,0.0,0.0,A01
201300022115,0,2,0,14.0,0.0,0.0,0.0,A01
201300022116,0,7,0,1.0,0.0,3.0,14.0,A01
201300022117,0,7,0,0.0,2.0,1.0,2.0,A01
201300022117,0,7,0,0.0,2.0,4.0,2.0,B01
201300022117,0,7,0,0.0,2.0,4.0,2.0,C01
201300022117,0,7,0,0.0,2.0,2.0,3.0,D01
201300022118,0,33,0,0.0,0.0,0.0,1.0,A01
201300022119,0,33,0,0.0,2.0,1.0,1.0,A01
201300022119,0,7,0,0.0,0.0,4.0,1.0,B01
201300022120,0,7,0,16.0,0.0,2.0,1.0,A01
201300022121,0,30,0,0.0,2.0,7.0,1.0,A01
201300022121,0,7,0,0.0,2.0,1.0,1.0,B01
201300022122,0,7,0,0.0,2.0,1.0,14.0,A01
201300022122,0,7,0,0.0,2.0,4.0,0.0,B01
201300022123,0,7,0,0.0,2.0,6.0,2.0,A01
201300022123,0,30,0,0.0,2.0,2.0,0.0,B01
201300022124,0,1,0,0.0,2.0,0.0,0.0,B01
201300022124,0,7,0,0.0,2.0,1.0,0.0,A01
201300022125,0,7,0,0.0,2.0,7.0,0.0,B01
201300022125,0,30,0,0.0,2.0,1.0,9.0,A01
201300022126,0,7,0,9.0,0.0,1.0,13.0,A01
201300022127,0,7,0,0.0,2.0,2.0,0.0,B01
201300022127,0,7,0,0.0,2.0,3.0,13.0,A01
201300022128,0,7,0,0.0,0.0,0.0,0.0,A01
201300022129,0,30,0,0.0,0.0,0.0,1.0,A01
201300022130,0,31,0,0.0,0.0,1.0,14.0,A01
201300022131,0,7,0,0.0,2.0,1.0,2.0,A01
201300022131,0,7,0,0.0,0.0,4.0,2.0,B01
201300022132,0,7,0,0.0,0.0,4.0,2.0,C01
201300022132,0,7,0,0.0,2.0,1.0,1.0,A01
201300022132,0,7,0,0.0,2.0,4.0,2.0,B01
201300022133,0,7,0,0.0,2.0,1.0,5.0,A01
201300022133,0,7,0,0.0,2.0,3.0,1.0,B01
201300022134,0,7,0,13.0,0.0,9.0,0.0,A01
201300022135,0,7,0,13.0,0.0,9.0,0.0,A01
201300022136,0,7,0,0.0,2.0,1.0,2.0,A01
201300022136,0,7,0,0.0,2.0,4.0,1.0,B01
201300022137,0,7,0,0.0,0.0,1.0,9.0,A01
201300022137,0,7,0,0.0,2.0,2.0,1.0,B01
201300022138,0,7,0,6.0,0.0,9.0,1.0,A01
201300022139,0,7,0,0.0,0.0,1.0,0.0,A01
201300022140,0,7,0,0.0,1.0,4.0,4.0,A01
201300022141,0,7,0,12.0,0.0,1.0,1.0,A01
201300022142,0,7,0,7.0,0.0,1.0,1.0,A01
201300022143,0,7,0,13.0,2.0,0.0,0.0,A01
201300022143,0,7,0,0.0,2.0,0.0,0.0,B01
201300022144,0,7,0,15.0,0.0,0.0,14.0,A01
201300022145,0,7,0,6.0,0.0,1.0,1.0,A01
201300022146,0,2,0,0.0,2.0,7.0,21.0,B01
201300022146,0,7,0,0.0,2.0,3.0,16.0,A01
201300022147,0,7,0,13.0,0.0,9.0,1.0,A01
201300022148,0,7,0,0.0,2.0,1.0,11.0,A01
201300022148,0,7,0,0.0,2.0,4.0,1.0,B01
201300022148,0,7,0,0.0,2.0,4.0,1.0,C01
201300022149,0,7,0,0.0,0.0,6.0,11.0,A01
201300022149,0,1,0,0.0,2.0,1.0,1.0,B01
201300022150,0,30,0,0.0,2.0,1.0,1.0,B01
201300022150,0,7,0,0.0,2.0,2.0,15.0,A01
201300022151,0,7,0,0.0,4.0,5.0,16.0,A01
201300022151,0,7,0,7.0,2.0,3.0,1.0,B01
201300022152,0,7,0,0.0,2.0,4.0,15.0,B01
201300022152,0,2,0,0.0,2.0,1.0,2.0,A01
201300022153,0,7,0,13.0,0.0,9.0,0.0,A01
201300022154,0,7,0,0.0,2.0,1.0,5.0,A01
201300022154,0,7,0,0.0,2.0,1.0,1.0,B01
201300022155,0,33,0,11.0,2.0,1.0,1.0,A01
201300022155,0,7,0,0.0,2.0,3.0,1.0,B01
201300022156,0,30,0,0.0,0.0,3.0,0.0,A01
201300022157,0,7,0,0.0,1.0,2.0,0.0,A01
201300022158,0,33,0,0.0,2.0,1.0,1.0,B01
201300022158,0,7,0,0.0,2.0,2.0,15.0,A01
201300022159,0,7,0,0.0,1.0,1.0,1.0,A01
201300022160,0,33,0,12.0,0.0,0.0,0.0,A01
201300022161,0,7,0,0.0,1.0,3.0,0.0,A01
201300022162,0,7,0,0.0,2.0,1.0,1.0,A01
201300022162,0,7,0,0.0,2.0,8.0,1.0,B01
201300022163,0,7,0,0.0,2.0,7.0,1.0,B01
201300022163,0,14,0,0.0,0.0,0.0,1.0,A01
201300022163,0,7,0,0.0,2.0,6.0,23.0,C01
201300022164,0,1,0,0.0,9.0,0.0,0.0,A01
201300022165,0,7,0,0.0,2.0,5.0,15.0,B01
201300022165,0,33,0,0.0,2.0,1.0,2.0,A01
201300022166,0,7,0,8.0,0.0,3.0,14.0,A01
201300022167,1,7,0,0.0,0.0,0.0,0.0,B01
201300022167,0,31,0,0.0,2.0,0.0,1.0,A01
201300022168,0,7,0,0.0,2.0,1.0,1.0,A01
201300022168,0,7,0,0.0,2.0,4.0,1.0,B01
201300022169,0,7,0,13.0,0.0,6.0,1.0,A01
201300022170,0,33,0,16.0,0.0,0.0,0.0,A01
201300022171,0,30,0,0.0,2.0,1.0,1.0,B01
201300022171,0,7,0,0.0,2.0,3.0,15.0,A01
201300022172,0,7,0,0.0,2.0,1.0,1.0,B01
201300022173,0,7,0,0.0,1.0,3.0,1.0,A01
201300022174,0,7,0,0.0,2.0,4.0,2.0,B01
201300022174,0,7,0,0.0,2.0,1.0,2.0,A01
201300022175,0,7,0,0.0,2.0,8.0,20.0,A01
201300022175,0,7,0,0.0,2.0,7.0,1.0,B01
201300022176,0,7,0,3.0,0.0,1.0,1.0,A01
201300022177,0,7,0,0.0,2.0,1.0,1.0,B01
201300022177,0,7,0,0.0,2.0,1.0,1.0,A01
201300022178,0,31,0,0.0,2.0,0.0,14.0,A01
201300022178,1,10,0,0.0,2.0,3.0,18.0,B01
201300022179,0,7,0,0.0,2.0,4.0,0.0,B01
201300022179,0,7,0,0.0,2.0,1.0,1.0,A01
201300022180,0,7,0,6.0,0.0,1.0,1.0,A01
201300022181,0,7,0,0.0,2.0,7.0,17.0,B01
201300022181,0,30,0,0.0,2.0,8.0,15.0,A01
201300022182,0,7,0,0.0,1.0,1.0,1.0,A01
201300022183,0,7,0,0.0,1.0,3.0,15.0,A01
201300022184,0,30,0,0.0,0.0,7.0,1.0,A01
201300022185,0,30,0,0.0,2.0,0.0,17.0,A01
201300022185,0,7,0,0.0,2.0,8.0,15.0,B01
201300022186,0,30,0,0.0,2.0,0.0,17.0,A01
201300022186,0,7,0,0.0,2.0,8.0,15.0,B01
201300022187,0,7,0,0.0,2.0,8.0,0.0,A01
201300022187,0,7,0,0.0,2.0,8.0,1.0,B01
201300022188,0,15,0,0.0,2.0,6.0,9.0,A01
201300022188,0,7,0,0.0,2.0,3.0,1.0,B01
201300022189,0,7,0,0.0,2.0,3.0,13.0,A01
201300022189,0,7,0,0.0,2.0,6.0,1.0,B01
201300022189,0,7,0,0.0,2.0,0.0,1.0,C01
201300022190,0,7,0,0.0,1.0,1.0,1.0,A01
201300022191,0,14,0,0.0,2.0,0.0,16.0,A01
201300022191,0,7,0,0.0,2.0,8.0,16.0,B01
201300022192,0,7,0,0.0,2.0,5.0,16.0,A01
201300022192,0,13,0,0.0,2.0,3.0,1.0,B01
201300022193,0,7,0,5.0,0.0,1.0,1.0,A01
201300022194,0,7,0,0.0,1.0,0.0,1.0,A01
201300022195,0,32,0,0.0,0.0,0.0,1.0,A01
201300022196,0,7,0,13.0,0.0,5.0,1.0,A01
201300022197,0,7,0,0.0,1.0,2.0,1.0,A01
201300022198,0,7,0,0.0,2.0,3.0,1.0,A01
201300022198,0,7,0,0.0,2.0,6.0,15.0,B01
201300022199,0,7,0,0.0,1.0,0.0,1.0,A01
201300022200,0,7,0,0.0,0.0,9.0,0.0,A01
201300022201,0,7,0,13.0,0.0,9.0,0.0,A01
201300022202,0,7,0,13.0,0.0,1.0,1.0,A01
201300022203,0,7,0,0.0,2.0,1.0,1.0,B02
201300022203,0,10,0,0.0,0.0,4.0,0.0,A01
201300022204,0,7,0,14.0,0.0,1.0,1.0,A01
201300022205,0,7,0,0.0,2.0,1.0,2.0,A01
201300022205,0,10,0,0.0,2.0,4.0,23.0,B02
201300022205,0,7,0,0.0,2.0,4.0,23.0,C03
201300022206,0,7,0,13.0,0.0,2.0,1.0,A01
201300022207,0,7,0,0.0,2.0,6.0,1.0,B02
201300022207,0,7,0,0.0,2.0,2.0,2.0,A01
201300022208,0,1,0,0.0,0.0,6.0,1.0,B02
201300022208,0,7,0,0.0,0.0,2.0,17.0,A01
201300022209,0,7,0,0.0,2.0,1.0,15.0,A01
201300022209,0,30,0,0.0,2.0,7.0,1.0,B01
201300022210,0,33,0,0.0,0.0,0.0,15.0,A01
201300022211,0,7,0,8.0,0.0,1.0,14.0,A01
201300022212,0,7,0,0.0,2.0,1.0,15.0,B01
201300022212,0,7,0,0.0,2.0,1.0,2.0,A01
201300022212,0,7,0,0.0,2.0,3.0,1.0,C01
201300022213,0,7,0,14.0,0.0,1.0,9.0,A01
201300022214,0,10,0,0.0,1.0,3.0,1.0,A01
201300022215,0,7,0,0.0,2.0,6.0,1.0,A01