Num_Acc,senc,catv,occutc,obs,obsm,choc,manv,num_veh
201300022216,0,7,0,0.0,2.0,3.0,13.0,B01
201300022216,0,7,0,0.0,2.0,1.0,1.0,A01
201300022217,0,7,0,0.0,1.0,0.0,1.0,A01
201300022218,0,7,0,0.0,1.0,9.0,2.0,A01
201300022218,0,7,0,0.0,2.0,1.0,2.0,B01
201300022219,0,7,0,0.0,2.0,3.0,1.0,B01
201300022219,0,31,0,0.0,2.0,2.0,16.0,A01
201300022220,0,7,0,0.0,2.0,8.0,16.0,A01
201300022220,0,31,0,0.0,2.0,1.0,1.0,B01
201300022221,0,7,0,0.0,2.0,3.0,1.0,A01
201300022221,0,7,0,3.0,2.0,4.0,16.0,B01
201300022222,0,7,0,0.0,2.0,1.0,5.0,A01
201300022222,0,7,0,0.0,2.0,1.0,1.0,B01
201300022223,0,7,0,13.0,0.0,9.0,0.0,A01
201300022224,0,33,0,0.0,2.0,7.0,23.0,B01
201300022224,0,7,0,0.0,2.0,2.0,1.0,A01
201300022225,0,7,0,0.0,2.0,1.0,2.0,C01
201300022225,0,7,0,0.0,2.0,4.0,2.0,B01
201300022226,1,7,0,0.0,0.0,0.0,0.0,Z01
201300022226,0,2,0,0.0,2.0,0.0,1.0,B01
201300022226,0,2,0,0.0,2.0,0.0,1.0,A01
201300022227,0,33,0,0.0,2.0,8.0,1.0,B01
201300022227,0,7,0,0.0,2.0,0.0,11.0,A01
201300022228,0,7,0,0.0,2.0,8.0,9.0,A01
201300022228,0,33,0,0.0,2.0,1.0,1.0,B01
201300022229,0,7,0,0.0,2.0,6.0,15.0,A01
201300022229,0,31,0,0.0,2.0,2.0,1.0,B01
201300022230,0,7,0,0.0,2.0,1.0,1.0,A01
201300022230,1,7,0,0.0,2.0,2.0,5.0,Z01
201300022231,0,7,0,0.0,1.0,2.0,1.0,A01
201300022232,0,7,0,0.0,2.0,4.0,2.0,D01
201300022232,0,7,0,0.0,2.0,4.0,2.0,C01
201300022232,0,7,0,0.0,2.0,1.0,2.0,A01
201300022232,0,7,0,0.0,2.0,4.0,2.0,B01
201300022233,0,7,0,0.0,2.0,1.0,13.0,A01
201300022233,0,7,0,0.0,2.0,1.0,1.0,B01
201300022234,0,7,0,0.0,1.0,1.0,1.0,A01
201300022235,0,7,0,16.0,0.0,9.0,14.0,A01
201300022236,0,7,0,0.0,2.0,3.0,9.0,A01
201300022236,0,7,0,0.0,2.0,1.0,1.0,B01
201300022237,0,7,0,0.0,2.0,1.0,6.0,A01
201300022237,0,7,0,0.0,2.0,4.0,1.0,B01
201300022237,0,7,0,0.0,2.0,3.0,23.0,C01
201300022238,0,7,0,0.0,2.0,9.0,1.0,B01
201300022238,0,7,0,0.0,2.0,9.0,6.0,A01
201300022239,0,7,0,0.0,1.0,1.0,1.0,A01
201300022240,1,33,0,12.0,0.0,0.0,0.0,A01
201300022241,1,7,0,0.0,2.0,0.0,16.0,A01
201300022241,0,1,0,0.0,2.0,1.0,15.0,B01
201300022242,0,7,0,0.0,2.0,2.0,15.0,A01
201300022242,0,1,0,0.0,2.0,1.0,1.0,B01
201300022243,0,7,0,0.0,2.0,4.0,2.0,B01
201300022243,0,13,0,0.0,2.0,1.0,2.0,A01
201300022244,0,7,0,0.0,2.0,8.0,0.0,A01
201300022244,0,31,0,0.0,2.0,1.0,1.0,B01
201300022245,0,33,0,0.0,2.0,4.0,16.0,B01
201300022245,0,7,0,0.0,2.0,3.0,16.0,A01
201300022246,0,7,0,0.0,2.0,0.0,1.0,B01
201300022246,0,7,0,0.0,2.0,0.0,15.0,A01
201300022247,0,7,0,0.0,2.0,1.0,15.0,A01
201300022247,0,31,0,0.0,2.0,1.0,1.0,B01
201300022248,0,7,0,9.0,2.0,6.0,15.0,B01
201300022248,0,7,0,0.0,2.0,2.0,1.0,A01
201300022249,0,7,0,0.0,2.0,1.0,1.0,A01
201300022249,0,30,0,0.0,2.0,8.0,1.0,B01
201300022250,0,7,0,13.0,0.0,9.0,14.0,A01
201300022251,0,7,0,0.0,2.0,3.0,1.0,B01
201300022251,0,7,0,0.0,2.0,3.0,15.0,A01
201300022252,0,7,0,0.0,1.0,1.0,1.0,A01
201300022253,0,7,0,0.0,2.0,1.0,1.0,A01
201300022253,0,7,0,0.0,2.0,7.0,1.0,B01
201300022254,0,7,0,0.0,2.0,8.0,15.0,B01
201300022254,0,30,0,0.0,2.0,2.0,17.0,A01
201300022255,0,7,0,0.0,2.0,1.0,2.0,A01
201300022255,0,7,0,0.0,0.0,4.0,2.0,B01
201300022256,0,34,0,0.0,2.0,1.0,1.0,B01
201300022256,0,7,0,0.0,2.0,3.0,19.0,A01
201300022257,0,7,0,0.0,1.0,6.0,0.0,A01
201300022258,0,7,0,7.0,0.0,1.0,1.0,A01
201300022259,0,7,0,6.0,0.0,3.0,13.0,A01
201300022260,0,7,0,0.0,2.0,1.0,2.0,A01
201300022260,0,7,0,0.0,0.0,4.0,2.0,B01
201300022261,0,7,0,0.0,2.0,3.0,5.0,A01
201300022261,0,7,0,0.0,2.0,3.0,1.0,B01
201300022261,0,7,0,0.0,0.0,3.0,1.0,C01
201300022262,0,7,0,15.0,0.0,2.0,1.0,A01
201300022263,0,7,0,11.0,0.0,1.0,13.0,A01
201300022263,0,7,0,0.0,2.0,1.0,1.0,B01
201300022264,0,7,0,0.0,0.0,4.0,1.0,B01
201300022264,0,7,0,0.0,2.0,1.0,2.0,A01
201300022265,0,33,0,0.0,2.0,4.0,2.0,B01
201300022265,0,7,0,0.0,2.0,1.0,1.0,A01
201300022266,0,7,0,0.0,2.0,3.0,2.0,A01
201300022266,0,1,0,0.0,0.0,1.0,15.0,B01
201300022267,0,7,0,2.0,2.0,2.0,14.0,A01
201300022267,0,7,0,0.0,2.0,3.0,1.0,B01
201300022268,0,7,0,0.0,1.0,1.0,1.0,A01
201300022269,0,33,0,0.0,2.0,1.0,3.0,A01
201300022269,0,7,0,0.0,2.0,3.0,15.0,B01
201300022270,0,33,0,0.0,2.0,1.0,1.0,B01
201300022270,0,7,0,0.0,2.0,3.0,15.0,A01
201300022271,0,7,0,0.0,1.0,1.0,0.0,A01
201300022272,0,7,0,0.0,2.0,4.0,2.0,B01
201300022272,0,7,0,0.0,2.0,1.0,2.0,A01
201300022273,0,7,0,0.0,0.0,4.0,2.0,B01
201300022273,0,7,0,0.0,2.0,1.0,2.0,A01
201300022274,0,7,0,0.0,2.0,1.0,2.0,A01
201300022274,0,7,0,0.0,0.0,4.0,2.0,B01
201300022275,0,99,0,0.0,2.0,2.0,1.0,A01
201300022275,0,7,0,0.0,2.0,3.0,15.0,B01
201300022276,0,7,0,0.0,0.0,4.0,2.0,B01
201300022276,0,7,0,0.0,2.0,1.0,2.0,A01
201300022277,0,7,0,0.0,0.0,1.0,2.0,B01
201300022277,0,7,0,0.0,0.0,1.0,15.0,A01
201300022278,0,7,0,0.0,0.0,3.0,13.0,A01
201300022278,0,7,0,0.0,0.0,8.0,1.0,B01
201300022279,0,7,0,0.0,0.0,1.0,2.0,A01
201300022279,0,7,0,0.0,0.0,4.0,2.0,B01
201300022280,0,10,0,0.0,1.0,1.0,1.0,A01
201300022281,0,2,0,0.0,0.0,9.0,1.0,B01
201300022281,0,7,0,0.0,0.0,3.0,15.0,A01
201300022282,0,7,0,0.0,0.0,4.0,2.0,B01
201300022282,0,7,0,0.0,2.0,1.0,2.0,A01
201300022283,0,7,0,0.0,2.0,3.0,15.0,A01
201300022283,0,2,0,0.0,2.0,1.0,1.0,B01
201300022284,0,7,0,0.0,2.0,1.0,1.0,A01
201300022284,0,7,0,0.0,2.0,7.0,1.0,B01
201300022285,0,7,0,0.0,2.0,4.0,15.0,B01
201300022285,0,32,0,0.0,2.0,1.0,2.0,A01
201300022286,1,7,0,0.0,1.0,0.0,0.0,A01
201300022287,0,7,0,0.0,1.0,2.0,1.0,A01
201300022288,0,7,0,0.0,2.0,8.0,18.0,A01
201300022288,0,37,15,0.0,2.0,7.0,16.0,B01
201300022289,0,7,0,0.0,1.0,2.0,1.0,A01
201300022290,0,7,0,0.0,0.0,4.0,1.0,B01
201300022290,0,3,0,0.0,2.0,1.0,2.0,A01
201300022291,0,7,0,0.0,2.0,1.0,1.0,B01
201300022291,0,7,0,0.0,2.0,5.0,5.0,A01
201300022292,0,7,0,0.0,0.0,9.0,0.0,A01
201300022293,0,33,0,0.0,2.0,0.0,17.0,A01
201300022293,0,7,0,0.0,2.0,0.0,15.0,B01
201300022294,0,7,0,3.0,0.0,1.0,1.0,A01
201300022295,0,7,0,0.0,2.0,3.0,1.0,B01
201300022295,0,7,0,0.0,2.0,1.0,1.0,A01
201300022296,0,7,0,6.0,2.0,8.0,1.0,B01
201300022296,0,7,0,0.0,2.0,1.0,16.0,A01
201300022297,0,7,0,0.0,1.0,1.0,9.0,A01
201300022298,0,7,0,13.0,0.0,2.0,0.0,A01
201300022299,0,7,0,0.0,1.0,1.0,0.0,A01
201300022300,0,10,0,0.0,2.0,7.0,15.0,B01
201300022300,0,32,0,0.0,2.0,1.0,1.0,A01
201300022301,0,7,0,0.0,1.0,0.0,0.0,A01
201300022302,0,7,0,0.0,2.0,1.0,1.0,A01
201300022302,0,7,0,0.0,2.0,1.0,15.0,B01
201300022303,0,7,0,0.0,1.0,1.0,9.0,A01
201300022304,0,7,0,0.0,2.0,2.0,0.0,A01
201300022304,0,34,0,0.0,2.0,1.0,0.0,B01
201300022305,0,31,0,0.0,0.0,1.0,1.0,B01
201300022305,0,7,0,0.0,2.0,3.0,9.0,A01
201300022306,0,2,0,0.0,2.0,8.0,1.0,B01
201300022306,0,7,0,0.0,2.0,3.0,9.0,A01
201300022307,0,7,0,0.0,2.0,4.0,0.0,B01
201300022307,0,7,0,0.0,2.0,1.0,1.0,A01
201300022308,0,7,0,0.0,2.0,8.0,15.0,A01
201300022308,0,30,0,0.0,2.0,1.0,1.0,B01
201300022309,0,1,0,0.0,2.0,8.0,18.0,A01
201300022309,0,14,0,0.0,2.0,7.0,16.0,B01
201300022310,0,7,0,0.0,2.0,4.0,15.0,B01
201300022310,0,7,0,0.0,2.0,1.0,1.0,A01
201300022311,0,7,0,0.0,2.0,7.0,0.0,A01
201300022311,0,30,0,0.0,2.0,3.0,0.0,B01
201300022312,0,7,0,0.0,2.0,1.0,17.0,A01
201300022312,0,1,0,0.0,2.0,1.0,15.0,B01
201300022313,0,7,0,0.0,2.0,3.0,13.0,A01
201300022313,0,7,0,0.0,2.0,4.0,1.0,C01
201300022313,0,10,0,0.0,2.0,2.0,1.0,B01
201300022313,0,7,0,0.0,2.0,4.0,1.0,D01
201300022314,0,7,0,0.0,2.0,2.0,15.0,A01
201300022314,0,7,0,0.0,2.0,1.0,2.0,B01
201300022315,0,7,0,15.0,0.0,3.0,1.0,A01
201300022316,0,10,0,0.0,2.0,1.0,16.0,A01
201300022316,0,33,0,0.0,2.0,2.0,1.0,B01
201300022317,0,1,0,0.0,2.0,2.0,1.0,B01
201300022317,0,7,0,0.0,2.0,1.0,9.0,A01
201300022318,0,32,0,0.0,2.0,1.0,1.0,A01
201300022318,0,7,0,0.0,2.0,1.0,1.0,B01
201300022319,0,33,0,16.0,0.0,8.0,0.0,A01
201300022320,0,7,0,0.0,2.0,3.0,0.0,B01
201300022320,0,7,0,0.0,2.0,3.0,15.0,A01
201300022321,0,7,0,0.0,2.0,6.0,16.0,A01
201300022321,0,31,0,0.0,2.0,1.0,0.0,B01
201300022322,0,7,0,0.0,1.0,1.0,15.0,A01
201300022323,0,33,0,0.0,2.0,1.0,1.0,B01
201300022323,0,7,0,0.0,2.0,8.0,11.0,A01
201300022324,1,7,0,0.0,2.0,1.0,0.0,Z01
201300022324,0,7,0,0.0,2.0,6.0,1.0,B01
201300022325,0,7,0,0.0,2.0,3.0,15.0,A01
201300022325,0,31,0,0.0,2.0,1.0,1.0,B01
201300022326,0,7,0,0.0,2.0,2.0,1.0,B01
201300022326,0,7,0,0.0,2.0,6.0,15.0,A01
201300022327,0,7,0,0.0,2.0,1.0,2.0,B01
201300022327,0,7,0,3.0,2.0,8.0,5.0,A01
201300022328,0,7,0,0.0,2.0,1.0,15.0,A01
201300022328,0,33,0,0.0,2.0,1.0,1.0,B01
201300022329,0,7,0,0.0,2.0,1.0,1.0,B01
201300022329,0,7,0,0.0,2.0,1.0,1.0,A01
201300022330,0,7,0,13.0,0.0,9.0,1.0,A01
201300022331,0,7,0,0.0,2.0,1.0,1.0,B01
201300022331,0,2,0,0.0,2.0,7.0,19.0,A01
201300022332,0,31,0,0.0,2.0,1.0,1.0,B01
201300022332,0,7,0,0.0,2.0,3.0,11.0,A01
201300022333,0,7,0,0.0,2.0,7.0,1.0,B01
201300022333,0,7,0,0.0,2.0,3.0,19.0,A01
201300022334,0,7,0,0.0,1.0,2.0,1.0,A01
201300022335,0,2,0,0.0,2.0,0.0,1.0,B01
201300022335,0,10,0,0.0,2.0,7.0,15.0,A01
201300022336,0,33,0,0.0,2.0,8.0,0.0,A01
201300022336,0,7,0,0.0,2.0,1.0,0.0,B01
201300022337,0,2,0,0.0,0.0,4.0,1.0,B01
201300022337,0,7,0,0.0,2.0,1.0,1.0,A01
201300022338,0,7,0,8.0,0.0,0.0,1.0,A01
201300022339,0,7,0,0.0,1.0,1.0,1.0,A01
201300022340,0,7,0,2.0,0.0,0.0,1.0,A01
201300022341,0,7,0,0.0,1.0,1.0,0.0,A01
201300022342,0,7,0,0.0,2.0,4.0,2.0,B01
201300022342,0,7,0,0.0,2.0,1.0,1.0,A01
201300022343,0,2,0,0.0,2.0,5.0,0.0,B01
201300022343,0,7,0,0.0,2.0,8.0,13.0,A01
201300022344,0,7,0,0.0,0.0,0.0,15.0,A01
201300022344,0,7,0,0.0,0.0,1.0,1.0,B01
201300022345,0,7,0,0.0,2.0,1.0,1.0,A01
201300022345,0,2,0,0.0,2.0,7.0,1.0,B01
201300022346,0,7,0,0.0,2.0,1.0,15.0,A01
201300022346,0,1,0,0.0,2.0,1.0,1.0,B01
201300022347,0,1,0,0.0,2.0,0.0,0.0,B01
201300022347,0,7,0,0.0,2.0,0.0,0.0,A01
201300022348,0,7,0,0.0,1.0,8.0,1.0,A01
201300022349,0,7,0,0.0,1.0,0.0,0.0,A01
201300022350,0,7,0,0.0,1.0,1.0,16.0,A01
201300022351,0,7,0,0.0,2.0,1.0,15.0,B01
201300022351,0,1,0,0.0,2.0,1.0,5.0,A01
201300022352,1,1,0,0.0,1.0,0.0,0.0,A01
201300022353,0,7,0,0.0,2.0,1.0,1.0,A01
201300022353,0,7,0,0.0,2.0,4.0,1.0,B01
201300022354,0,7,0,0.0,2.0,3.0,1.0,B01
201300022354,0,7,0,0.0,2.0,7.0,1.0,A01
201300022355,0,10,0,0.0,2.0,2.0,1.0,B01
201300022355,0,7,0,0.0,2.0,1.0,5.0,A01
201300022356,0,33,0,0.0,1.0,0.0,1.0,A01
201300022357,0,32,0,1.0,2.0,0.0,1.0,B01
201300022357,1,7,0,0.0,2.0,0.0,15.0,Z01
201300022358,0,33,0,0.0,0.0,4.0,1.0,B01
201300022358,0,33,0,0.0,2.0,1.0,1.0,A01
201300022359,0,7,0,0.0,2.0,0.0,1.0,B01
201300022359,0,7,0,0.0,2.0,1.0,1.0,A01
201300022360,0,32,0,0.0,2.0,1.0,1.0,B01
201300022360,0,7,0,0.0,2.0,3.0,15.0,A01
201300022361,0,7,0,0.0,2.0,8.0,13.0,A01
201300022361,0,33,0,0.0,2.0,0.0,17.0,B01
201300022362,0,7,0,0.0,2.0,0.0,0.0,A01
201300022362,0,7,0,0.0,2.0,0.0,0.0,B01
201300022363,0,7,0,0.0,2.0,4.0,1.0,B01
201300022363,0,33,0,0.0,2.0,1.0,1.0,A01
201300022364,0,10,0,0.0,0.0,8.0,15.0,B01
201300022364,0,33,0,0.0,2.0,1.0,17.0,A01
201300022365,0,7,0,0.0,0.0,4.0,1.0,B01
201300022365,0,7,0,0.0,2.0,1.0,1.0,A01
201300022366,0,7,0,0.0,2.0,1.0,1.0,A01
201300022366,0,1,0,0.0,2.0,1.0,19.0,B01
201300022367,0,7,0,1.0,0.0,2.0,17.0,A01
201300022368,0,34,0,0.0,2.0,2.0,1.0,B01
201300022368,0,7,0,0.0,2.0,1.0,15.0,A01
201300022369,0,7,0,4.0,2.0,1.0,1.0,B01
201300022369,0,7,0,0.0,2.0,1.0,1.0,A01
201300022370,1,32,0,0.0,1.0,1.0,1.0,A01
201300022371,0,7,0,0.0,2.0,1.0,1.0,A01
201300022371,0,7,0,0.0,2.0,4.0,1.0,B01
201300022371,0,7,0,0.0,2.0,4.0,1.0,C01
201300022372,0,7,0,13.0,0.0,1.0,0.0,A01
201300022373,0,7,0,0.0,2.0,3.0,1.0,A01
201300022373,0,7,0,0.0,2.0,6.0,1.0,B01
201300022374,0,7,0,0.0,2.0,1.0,1.0,A01
201300022374,0,7,0,0.0,2.0,3.0,1.0,B01
201300022375,0,7,0,0.0,2.0,4.0,0.0,B01
201300022375,0,7,0,0.0,2.0,2.0,0.0,A01
201300022375,0,7,0,0.0,2.0,5.0,0.0,C01
201300022376,0,7,0,0.0,2.0,1.0,1.0,A01
201300022376,0,7,0,0.0,0.0,4.0,23.0,C01
201300022376,0,7,0,0.0,2.0,4.0,23.0,B01
201300022377,0,7,0,0.0,1.0,2.0,1.0,A01
201300022378,0,33,0,0.0,0.0,8.0,1.0,A01
201300022379,0,7,0,0.0,2.0,3.0,1.0,B01
201300022379,0,33,0,0.0,2.0,1.0,14.0,A01
201300022380,0,7,0,0.0,1.0,1.0,1.0,A01
201300022381,0,7,0,0.0,2.0,1.0,1.0,A01
201300022381,0,10,0,0.0,0.0,7.0,1.0,B01
201300022382,0,7,0,0.0,2.0,3.0,15.0,A01
201300022382,0,7,0,0.0,2.0,3.0,1.0,B01
201300022383,0,7,0,0.0,2.0,2.0,1.0,A01
201300022383,0,1,0,0.0,0.0,4.0,1.0,B01
201300022384,0,7,0,0.0,2.0,6.0,1.0,B01
201300022384,0,7,0,0.0,2.0,1.0,1.0,A01
201300022385,0,7,0,0.0,2.0,1.0,1.0,A01
201300022385,0,7,0,0.0,0.0,4.0,23.0,B01
201300022386,0,7,0,0.0,2.0,5.0,1.0,B01
201300022386,0,30,0,0.0,2.0,1.0,1.0,A01
201300022387,0,33,0,0.0,2.0,1.0,1.0,B01
201300022387,0,7,0,0.0,2.0,1.0,15.0,A01
201300022388,0,7,0,0.0,2.0,1.0,0.0,B01
201300022388,0,7,0,0.0,2.0,7.0,0.0,A01
201300022389,0,10,0,0.0,2.0,1.0,1.0,A01
201300022389,0,37,1,0.0,0.0,7.0,1.0,B01
201300022390,0,7,0,0.0,2.0,0.0,0.0,B01
201300022390,0,1,0,0.0,2.0,0.0,0.0,A01
201300022391,0,37,1,0.0,1.0,1.0,1.0,A01
201300022392,0,17,0,0.0,2.0,0.0,0.0,A01
201300022392,0,7,0,0.0,2.0,1.0,0.0,B01
201300022393,0,31,0,0.0,2.0,1.0,2.0,A01
201300022393,0,7,0,0.0,0.0,4.0,23.0,B01
201300022394,0,33,0,0.0,2.0,1.0,1.0,A01
201300022394,0,7,0,0.0,2.0,6.0,1.0,B01
201300022395,0,33,0,9.0,2.0,2.0,2.0,A01
201300022395,0,7,0,0.0,2.0,3.0,2.0,B01
201300022396,0,7,0,6.0,0.0,3.0,1.0,A01
201300022397,0,7,0,0.0,1.0,1.0,17.0,A01
201300022398,0,2,0,0.0,2.0,0.0,0.0,A01
201300022398,0,20,0,0.0,0.0,0.0,0.0,B01
201300022399,0,30,0,0.0,2.0,3.0,0.0,B01
201300022399,1,7,0,0.0,2.0,0.0,0.0,A01
201300022400,0,7,0,0.0,2.0,2.0,9.0,A01
201300022400,0,30,0,0.0,2.0,3.0,1.0,B01
201300022401,0,31,0,0.0,1.0,1.0,13.0,A01
201300022402,0,7,0,0.0,1.0,2.0,0.0,B01
201300022403,0,7,0,0.0,2.0,1.0,1.0,B01
201300022403,0,7,0,0.0,2.0,1.0,13.0,A01
201300022404,0,7,0,0.0,2.0,1.0,15.0,B01
201300022404,0,7,0,0.0,2.0,1.0,1.0,A01
201300022405,0,7,0,0.0,0.0,4.0,2.0,B01
201300022405,0,37,1,0.0,2.0,1.0,2.0,A01
201300022406,0,7,0,0.0,2.0,3.0,13.0,A01
201300022406,0,7,0,0.0,2.0,8.0,1.0,B01
201300022407,0,7,0,0.0,2.0,2.0,19.0,A01
201300022407,0,7,0,0.0,2.0,3.0,19.0,B01
201300022408,0,7,0,0.0,2.0,1.0,0.0,B01
201300022408,0,7,0,8.0,2.0,3.0,0.0,A01
201300022409,0,7,0,0.0,2.0,1.0,1.0,A01
201300022409,0,7,0,0.0,2.0,1.0,1.0,C01
201300022409,0,7,0,0.0,2.0,1.0,9.0,B01
201300022410,0,13,0,0.0,2.0,1.0,0.0,C01
201300022410,0,7,0,0.0,2.0,5.0,15.0,A01
201300022410,0,7,0,0.0,2.0,1.0,1.0,B01
201300022411,0,7,0,0.0,2.0,4.0,1.0,B01
201300022411,0,7,0,0.0,2.0,1.0,1.0,A01
201300022412,1,20,0,0.0,1.0,7.0,1.0,A01
201300022413,0,33,0,0.0,0.0,0.0,1.0,A01
201300022414,0,33,0,0.0,2.0,7.0,0.0,B01
201300022414,0,7,0,0.0,2.0,6.0,0.0,A01
201300022415,0,7,0,0.0,2.0,4.0,1.0,B01
201300022415,0,7,0,0.0,2.0,1.0,1.0,A01
201300022416,0,7,0,6.0,1.0,2.0,14.0,A01
201300022417,0,30,0,0.0,1.0,1.0,1.0,A01
201300022418,0,7,0,0.0,2.0,0.0,0.0,A01
201300022418,0,7,0,1.0,2.0,3.0,0.0,B01
201300022419,0,7,0,0.0,2.0,6.0,1.0,B01
201300022419,1,99,0,0.0,0.0,0.0,0.0,Z01
201300022420,0,33,0,0.0,2.0,1.0,1.0,B01
201300022420,0,7,0,0.0,2.0,1.0,15.0,A01
201300022421,2,7,0,0.0,2.0,1.0,1.0,A01
201300022421,0,7,0,0.0,2.0,4.0,16.0,B01
201300022422,0,32,0,0.0,2.0,1.0,1.0,A01
201300022422,0,7,0,0.0,2.0,4.0,20.0,B01
201300022423,0,1,0,0.0,2.0,7.0,19.0,A01
201300022423,0,7,0,0.0,2.0,1.0,16.0,B01
201300022424,0,7,0,0.0,2.0,1.0,1.0,B01
201300022424,0,7,0,0.0,2.0,1.0,1.0,C01
201300022424,0,7,0,0.0,2.0,4.0,1.0,D01
201300022424,0,7,0,0.0,2.0,1.0,1.0,A01
201300022425,0,33,0,4.0,0.0,3.0,0.0,A01
201300022426,0,7,0,0.0,2.0,2.0,1.0,B01
201300022426,0,7,0,0.0,2.0,1.0,1.0,A01
201300022427,2,7,0,0.0,0.0,0.0,0.0,A01
201300022428,0,7,0,0.0,2.0,2.0,1.0,A01
201300022428,0,7,0,0.0,2.0,6.0,9.0,B01
201300022429,0,7,0,0.0,2.0,2.0,1.0,A01
201300022429,0,7,0,0.0,2.0,3.0,1.0,B01
201300022430,0,34,0,0.0,2.0,1.0,1.0,B01
201300022430,0,7,0,0.0,2.0,5.0,15.0,A01
201300022431,0,7,0,15.0,2.0,8.0,1.0,B01
201300022431,0,7,0,15.0,2.0,2.0,15.0,A01
201300022432,0,7,0,0.0,2.0,1.0,16.0,A01
201300022432,0,30,0,0.0,2.0,8.0,1.0,B01
201300022433,0,2,0,0.0,2.0,1.0,17.0,B01
201300022433,0,7,0,0.0,2.0,8.0,15.0,A01
201300022434,0,7,0,0.0,2.0,4.0,1.0,B01
201300022434,0,7,0,0.0,2.0,1.0,1.0,A01
201300022435,0,31,0,0.0,2.0,3.0,1.0,B01
201300022435,0,32,0,0.0,2.0,1.0,18.0,A01
201300022436,0,7,0,0.0,2.0,3.0,1.0,B01
201300022436,0,7,0,0.0,2.0,4.0,20.0,A01
201300022437,0,7,0,0.0,2.0,8.0,9.0,A01
201300022437,0,10,0,0.0,2.0,3.0,1.0,B01
201300022438,0,7,0,0.0,1.0,1.0,1.0,A01
201300022439,0,31,0,13.0,0.0,1.0,0.0,A01
201300022440,0,7,0,0.0,2.0,1.0,1.0,B01
201300022440,0,33,0,0.0,2.0,1.0,1.0,A01
201300022441,0,32,0,0.0,6.0,1.0,1.0,A01
201300022442,0,7,0,0.0,2.0,0.0,0.0,B01
201300022442,0,7,0,0.0,2.0,5.0,0.0,A01
201300022443,0,34,0,0.0,2.0,0.0,0.0,B01
201300022443,0,7,0,0.0,2.0,0.0,0.0,A01
201300022444,0,7,0,0.0,2.0,3.0,0.0,B01
201300022444,1,33,0,0.0,2.0,0.0,1.0,A01
201300022445,0,7,0,0.0,2.0,1.0,1.0,A01
201300022445,0,7,0,0.0,2.0,4.0,1.0,D01
201300022445,0,7,0,0.0,2.0,4.0,1.0,B01
201300022445,0,7,0,0.0,2.0,4.0,1.0,C01
201300022446,0,7,0,8.0,0.0,1.0,1.0,A01
201300022447,0,32,0,0.0,2.0,7.0,0.0,B01
201300022447,0,1,0,0.0,2.0,1.0,15.0,A01
201300022448,0,33,0,8.0,0.0,1.0,1.0,A01
201300022449,0,7,0,0.0,2.0,2.0,15.0,A01
201300022449,0,2,0,0.0,2.0,1.0,1.0,B01
201300022450,0,7,0,0.0,2.0,6.0,1.0,B01
201300022450,0,33,0,0.0,2.0,1.0,1.0,A01
201300022451,0,7,0,0.0,2.0,3.0,1.0,A01
201300022451,0,7,0,0.0,2.0,5.0,1.0,B01
201300022452,0,33,0,0.0,2.0,1.0,1.0,B01
201300022452,0,7,0,0.0,2.0,2.0,15.0,A01
201300022453,0,7,0,0.0,0.0,6.0,1.0,B01
201300022453,0,7,0,0.0,2.0,1.0,2.0,A01
201300022454,0,7,0,0.0,2.0,3.0,9.0,B01
201300022454,0,7,0,0.0,2.0,6.0,15.0,A01
201300022455,1,7,0,0.0,2.0,1.0,1.0,A01
201300022455,0,7,0,0.0,2.0,8.0,1.0,B01
201300022456,0,7,0,0.0,0.0,4.0,1.0,D01
201300022456,0,7,0,0.0,2.0,4.0,2.0,C01
201300022456,0,7,0,0.0,2.0,4.0,2.0,B01
201300022456,0,7,0,0.0,2.0,3.0,2.0,A01
201300022457,0,7,0,0.0,2.0,3.0,15.0,A01
201300022457,0,33,0,0.0,2.0,8.0,1.0,B01
201300022458,0,7,0,0.0,2.0,1.0,15.0,A01
201300022458,0,7,0,0.0,2.0,3.0,1.0,B01
201300022459,0,2,0,0.0,1.0,8.0,1.0,A01
201300022460,0,7,0,0.0,2.0,1.0,0.0,B01
201300022460,0,7,0,0.0,2.0,1.0,1.0,A01
201300022461,0,33,0,0.0,2.0,1.0,1.0,B01
201300022461,0,7,0,0.0,2.0,3.0,15.0,A01
201300022462,0,7,0,0.0,1.0,3.0,15.0,A01
201300022463,0,7,0,0.0,2.0,7.0,15.0,A01
201300022463,0,33,0,0.0,2.0,0.0,1.0,B01
201300022464,1,10,0,0.0,2.0,1.0,1.0,A01
201300022464,0,7,0,0.0,2.0,4.0,1.0,B01
201300022465,0,33,0,0.0,2.0,1.0,1.0,B01
201300022465,0,7,0,0.0,2.0,5.0,19.0,A01
201300022466,0,7,0,0.0,2.0,2.0,1.0,A01
201300022466,0,7,0,0.0,2.0,1.0,16.0,B01
201300022467,0,7,0,0.0,2.0,1.0,1.0,A01
201300022467,0,7,0,0.0,2.0,4.0,1.0,B01
201300022468,0,7,0,0.0,2.0,1.0,1.0,A01
201300022468,0,7,0,0.0,2.0,1.0,1.0,B01
201300022469,0,34,0,0.0,2.0,8.0,1.0,B01
201300022469,0,7,0,0.0,2.0,7.0,12.0,A01
201300022470,0,7,0,0.0,2.0,2.0,1.0,A01
201300022470,0,33,0,0.0,2.0,1.0,1.0,B01
201300022471,0,32,0,2.0,0.0,1.0,14.0,A01
201300022472,0,7,0,0.0,2.0,1.0,15.0,A01