Num_Acc,senc,catv,occutc,obs,obsm,choc,manv,num_veh
201300022743,0,10,0,0.0,2.0,3.0,2.0,A01
201300022743,0,7,0,0.0,2.0,4.0,2.0,B01
201300022744,0,32,0,0.0,2.0,1.0,1.0,B01
201300022744,0,7,0,0.0,2.0,3.0,10.0,A01
201300022745,0,7,0,0.0,1.0,0.0,0.0,A01
201300022746,0,7,0,0.0,0.0,0.0,0.0,A01
201300022746,0,10,0,0.0,2.0,0.0,0.0,B01
201300022747,0,32,0,0.0,2.0,1.0,1.0,A01
201300022747,0,7,0,0.0,2.0,2.0,2.0,B01
201300022748,0,7,0,0.0,2.0,4.0,2.0,B01
201300022748,0,37,1,0.0,2.0,1.0,2.0,A01
201300022749,0,7,0,0.0,1.0,4.0,4.0,A01
201300022750,0,33,0,0.0,2.0,1.0,1.0,B01
201300022750,0,7,0,0.0,2.0,8.0,15.0,A01
201300022750,0,7,0,0.0,2.0,1.0,1.0,C01
201300022751,0,7,0,0.0,1.0,0.0,0.0,A01
201300022752,0,30,0,3.0,0.0,1.0,13.0,A01
201300022753,0,1,0,0.0,1.0,1.0,0.0,A01
201300022754,0,33,0,16.0,0.0,0.0,0.0,A01
201300022755,0,7,0,0.0,2.0,2.0,1.0,B01
201300022755,0,7,0,0.0,2.0,1.0,13.0,A01
201300022756,0,32,0,0.0,2.0,0.0,1.0,B01
201300022756,0,1,0,0.0,2.0,0.0,13.0,A01
201300022757,0,7,0,4.0,0.0,5.0,5.0,A01
201300022758,0,10,0,0.0,9.0,1.0,1.0,A01
201300022759,0,7,0,0.0,2.0,0.0,0.0,B01
201300022759,0,1,0,0.0,0.0,0.0,0.0,A01
201300022760,0,7,0,0.0,2.0,0.0,0.0,A01
201300022760,0,33,0,0.0,2.0,0.0,0.0,B01
201300022761,0,7,0,0.0,2.0,3.0,0.0,A01
201300022761,0,33,0,0.0,2.0,1.0,0.0,B01
201300022762,0,13,0,0.0,2.0,4.0,17.0,A01
201300022762,0,7,0,0.0,2.0,9.0,2.0,B01
201300022763,0,7,0,0.0,1.0,4.0,20.0,A01
201300022764,0,7,0,0.0,2.0,9.0,2.0,B01
201300022764,0,7,0,0.0,0.0,0.0,2.0,C01
201300022764,0,7,0,0.0,2.0,1.0,2.0,A01
201300022765,0,7,0,0.0,2.0,7.0,2.0,B01
201300022765,0,33,0,0.0,2.0,7.0,0.0,A01
201300022766,0,7,0,5.0,0.0,8.0,13.0,A01
201300022767,0,7,0,0.0,2.0,1.0,0.0,A01
201300022767,0,7,0,0.0,2.0,9.0,1.0,B01
201300022768,0,7,0,0.0,2.0,2.0,0.0,A01
201300022768,0,1,0,0.0,2.0,4.0,1.0,B01
201300022769,0,7,0,0.0,1.0,3.0,1.0,A01
201300022770,1,7,0,0.0,1.0,0.0,0.0,Z01
201300022771,0,7,0,0.0,1.0,0.0,0.0,A01
201300022772,0,7,0,0.0,0.0,0.0,0.0,A01
201300022772,0,30,0,0.0,0.0,0.0,0.0,B01
201300022773,0,33,0,0.0,2.0,0.0,0.0,B01
201300022773,0,7,0,0.0,2.0,0.0,0.0,A01
201300022774,0,33,0,0.0,2.0,1.0,1.0,B01
201300022774,0,7,0,0.0,2.0,1.0,15.0,A01
201300022775,0,7,0,0.0,1.0,0.0,0.0,A01
201300022776,0,33,0,0.0,2.0,4.0,2.0,B01
201300022776,0,7,0,0.0,2.0,1.0,1.0,A01
201300022777,0,7,0,0.0,0.0,0.0,0.0,A01
201300022777,0,7,0,0.0,0.0,0.0,0.0,B01
201300022777,0,7,0,0.0,2.0,0.0,0.0,D01
201300022777,0,7,0,0.0,2.0,0.0,0.0,C01
201300022778,1,7,0,0.0,2.0,0.0,15.0,A01
201300022778,0,1,0,0.0,2.0,8.0,1.0,B01
201300022779,0,7,0,0.0,1.0,1.0,1.0,A01
201300022780,0,33,0,0.0,2.0,1.0,1.0,B01
201300022780,0,7,0,0.0,2.0,2.0,15.0,A01
201300022781,0,7,0,0.0,1.0,1.0,1.0,A01
201300022782,0,7,0,0.0,2.0,1.0,2.0,A01
201300022782,0,7,0,0.0,2.0,4.0,2.0,B01
201300022783,0,7,0,0.0,2.0,1.0,2.0,A01
201300022783,0,10,0,0.0,2.0,4.0,2.0,B01
201300022784,0,37,1,0.0,2.0,0.0,0.0,C01
201300022784,0,14,0,0.0,2.0,0.0,0.0,A01
201300022784,0,7,0,0.0,2.0,0.0,0.0,B01
201300022785,0,33,0,0.0,2.0,1.0,3.0,A01
201300022785,0,7,0,0.0,2.0,5.0,1.0,B01
201300022786,0,7,0,0.0,2.0,8.0,2.0,A01
201300022786,0,2,0,0.0,2.0,0.0,0.0,B01
201300022787,0,1,0,0.0,2.0,0.0,0.0,B01
201300022787,0,1,0,0.0,2.0,1.0,0.0,A01
201300022788,0,7,0,0.0,2.0,4.0,2.0,B01
201300022788,0,30,0,0.0,2.0,1.0,2.0,A01
201300022789,0,33,0,0.0,2.0,1.0,2.0,A01
201300022789,0,7,0,0.0,2.0,5.0,14.0,B01
201300022790,0,7,0,0.0,2.0,1.0,0.0,B01
201300022790,0,1,0,0.0,2.0,0.0,0.0,A01
201300022791,2,7,0,0.0,2.0,8.0,13.0,Z01
201300022791,0,32,0,0.0,2.0,1.0,17.0,B01
201300022792,0,7,0,0.0,1.0,1.0,0.0,A01
201300022793,0,7,0,0.0,1.0,1.0,16.0,A01
201300022794,0,30,0,0.0,2.0,1.0,9.0,B01
201300022794,0,7,0,0.0,2.0,0.0,0.0,A01
201300022795,0,33,0,0.0,2.0,1.0,1.0,B01
201300022795,0,7,0,0.0,2.0,2.0,5.0,A01
201300022796,0,7,0,0.0,2.0,1.0,0.0,B01
201300022796,0,34,0,0.0,2.0,1.0,0.0,A01
201300022797,0,7,0,0.0,1.0,1.0,0.0,A01
201300022798,0,37,1,0.0,1.0,1.0,1.0,A01
201300022799,0,33,0,0.0,2.0,1.0,2.0,A01
201300022799,0,33,0,0.0,2.0,5.0,2.0,B01
201300022800,0,33,0,0.0,2.0,1.0,3.0,B01
201300022800,0,7,0,0.0,2.0,3.0,9.0,A01
201300022801,0,33,0,0.0,2.0,1.0,0.0,B01
201300022801,0,7,0,0.0,0.0,0.0,0.0,A01
201300022802,0,7,0,0.0,1.0,0.0,0.0,A01
201300022803,0,7,0,0.0,2.0,3.0,15.0,B01
201300022803,0,31,0,0.0,2.0,1.0,1.0,A01
201300022804,0,7,0,0.0,2.0,0.0,0.0,A01
201300022804,0,33,0,0.0,0.0,0.0,0.0,B01
201300022805,0,10,0,0.0,2.0,1.0,13.0,A01
201300022805,0,7,0,0.0,2.0,8.0,15.0,B01
201300022806,0,7,0,0.0,2.0,1.0,0.0,A01
201300022806,0,7,0,0.0,2.0,4.0,23.0,B01
201300022806,0,7,0,0.0,2.0,0.0,0.0,C01
201300022807,0,30,0,0.0,2.0,0.0,0.0,A01
201300022807,0,7,0,0.0,0.0,0.0,0.0,B01
201300022808,0,31,0,0.0,2.0,2.0,1.0,B01
201300022808,0,7,0,0.0,2.0,1.0,9.0,A01
201300022809,0,33,0,0.0,2.0,3.0,0.0,B01
201300022809,0,7,0,0.0,2.0,1.0,0.0,A01
201300022810,0,1,0,0.0,2.0,1.0,1.0,B01
201300022810,0,7,0,0.0,2.0,8.0,1.0,A01
201300022811,0,3,0,0.0,1.0,1.0,1.0,A01
201300022812,0,7,0,0.0,2.0,0.0,0.0,B01
201300022812,0,32,0,0.0,0.0,0.0,0.0,A01
201300022813,0,7,0,0.0,1.0,0.0,0.0,A01
201300022814,0,7,0,0.0,1.0,0.0,0.0,A01
201300022815,0,30,0,0.0,2.0,1.0,1.0,A01
201300022815,0,7,0,0.0,2.0,2.0,15.0,B01
201300022816,0,7,0,0.0,0.0,0.0,0.0,B01
201300022816,0,7,0,0.0,2.0,0.0,0.0,A01
201300022817,0,7,0,6.0,0.0,1.0,13.0,A01
201300022818,0,7,0,0.0,2.0,1.0,2.0,A01
201300022818,0,7,0,0.0,2.0,4.0,2.0,C01
201300022818,0,7,0,0.0,2.0,4.0,2.0,B01
201300022819,0,7,0,0.0,1.0,0.0,0.0,A01
201300022820,0,7,0,0.0,2.0,1.0,2.0,A01
201300022820,0,1,0,0.0,2.0,1.0,21.0,B01
201300022821,0,7,0,0.0,2.0,0.0,0.0,A01
201300022821,0,32,0,0.0,2.0,0.0,0.0,B01
201300022822,0,7,0,0.0,0.0,9.0,0.0,A01
201300022823,0,14,0,0.0,2.0,1.0,2.0,C01
201300022823,0,7,0,0.0,2.0,4.0,2.0,B01
201300022823,0,7,0,0.0,2.0,4.0,2.0,A01
201300022824,0,2,0,0.0,2.0,6.0,0.0,A01
201300022824,0,7,0,0.0,2.0,2.0,2.0,B01
201300022825,0,1,0,0.0,2.0,1.0,2.0,B01
201300022825,0,7,0,0.0,2.0,0.0,9.0,A01
201300022826,0,10,0,0.0,2.0,3.0,1.0,B01
201300022826,0,7,0,0.0,2.0,1.0,13.0,A01
201300022827,1,7,0,0.0,2.0,0.0,0.0,Z01
201300022827,0,30,0,0.0,2.0,1.0,1.0,A01
201300022828,0,7,0,0.0,1.0,1.0,1.0,A01
201300022829,0,33,0,0.0,0.0,0.0,0.0,B01
201300022829,0,7,0,0.0,0.0,0.0,0.0,A01
201300022830,0,7,0,0.0,1.0,1.0,1.0,A01
201300022831,0,7,0,0.0,2.0,9.0,5.0,A01
201300022831,0,13,0,0.0,2.0,1.0,2.0,C01
201300022831,0,10,0,0.0,2.0,9.0,2.0,B01
201300022832,0,7,0,0.0,0.0,0.0,0.0,B01
201300022832,0,7,0,0.0,2.0,0.0,0.0,A01
201300022833,0,7,0,0.0,2.0,0.0,0.0,B01
201300022833,0,33,0,0.0,2.0,0.0,0.0,A01
201300022834,0,7,0,0.0,1.0,0.0,0.0,A01
201300022835,0,10,0,0.0,2.0,0.0,1.0,C01
201300022835,0,7,0,0.0,2.0,0.0,11.0,A01
201300022835,0,7,0,0.0,2.0,0.0,1.0,B01
201300022836,0,7,0,0.0,2.0,1.0,1.0,B01
201300022836,0,7,0,0.0,2.0,1.0,13.0,A01
201300022837,0,15,0,0.0,2.0,1.0,1.0,B01
201300022837,0,7,0,0.0,2.0,9.0,11.0,A01
201300022838,0,7,0,0.0,2.0,0.0,0.0,B01
201300022838,0,7,0,0.0,2.0,0.0,0.0,A01
201300022839,0,7,0,0.0,1.0,1.0,0.0,A01
201300022840,0,15,0,0.0,2.0,6.0,1.0,B01
201300022840,0,7,0,0.0,2.0,2.0,14.0,A01
201300022841,2,7,0,0.0,2.0,1.0,13.0,Z01
201300022841,0,7,0,0.0,2.0,9.0,2.0,B01
201300022842,0,1,0,0.0,2.0,0.0,0.0,C01
201300022842,0,7,0,0.0,2.0,2.0,16.0,B01
201300022842,0,32,0,0.0,2.0,3.0,1.0,A01
201300022843,0,7,0,0.0,2.0,0.0,0.0,B01
201300022843,0,7,0,0.0,2.0,0.0,0.0,A01
201300022844,0,7,0,0.0,2.0,8.0,1.0,B01
201300022844,0,7,0,0.0,2.0,1.0,5.0,A01
201300022845,0,33,0,0.0,2.0,1.0,0.0,B01
201300022845,0,7,0,0.0,2.0,7.0,15.0,A01
201300022846,0,32,0,0.0,1.0,0.0,0.0,A01
201300022847,0,7,0,4.0,0.0,0.0,1.0,A01
201300022848,0,7,0,10.0,2.0,9.0,1.0,A01
201300022848,0,7,0,0.0,2.0,1.0,1.0,B01
201300022849,0,7,0,0.0,2.0,2.0,1.0,C01
201300022849,0,33,0,0.0,2.0,9.0,1.0,A01
201300022849,0,7,0,0.0,2.0,4.0,1.0,B01
201300022850,0,7,0,0.0,2.0,9.0,2.0,B01
201300022850,0,7,0,0.0,2.0,1.0,2.0,A01
201300022850,0,7,0,0.0,2.0,4.0,2.0,C01
201300022851,0,1,0,0.0,2.0,0.0,0.0,B01
201300022851,0,37,1,0.0,2.0,0.0,0.0,A01
201300022852,0,33,0,0.0,2.0,8.0,8.0,A01
201300022852,0,7,0,0.0,2.0,1.0,15.0,B01
201300022853,0,7,0,0.0,0.0,0.0,0.0,B01
201300022853,0,31,0,0.0,2.0,0.0,11.0,A01
201300022854,0,7,0,0.0,2.0,0.0,0.0,A01
201300022854,0,31,0,0.0,2.0,0.0,0.0,B01
201300022855,0,2,0,0.0,0.0,0.0,0.0,A01
201300022856,0,7,0,14.0,0.0,1.0,0.0,A01
201300022857,0,7,0,0.0,1.0,1.0,4.0,A01
201300022858,0,7,0,0.0,0.0,0.0,0.0,A01
201300022859,0,7,0,0.0,2.0,0.0,0.0,A01
201300022859,0,1,0,0.0,2.0,0.0,0.0,B01
201300022860,0,14,0,0.0,2.0,1.0,0.0,A01
201300022860,0,1,0,0.0,2.0,4.0,0.0,B01
201300022861,0,7,0,0.0,1.0,0.0,0.0,A01
201300022862,0,37,1,0.0,1.0,1.0,0.0,A01
201300022863,0,2,0,0.0,2.0,1.0,0.0,A01
201300022863,0,7,0,0.0,2.0,0.0,0.0,B01
201300022864,0,7,0,0.0,2.0,0.0,0.0,A01
201300022864,0,30,0,0.0,2.0,0.0,0.0,B01
201300022865,0,7,0,0.0,2.0,6.0,11.0,A01
201300022865,0,34,0,0.0,2.0,7.0,1.0,B01
201300022866,0,33,0,0.0,2.0,7.0,17.0,A01
201300022866,1,7,0,0.0,0.0,0.0,0.0,Z01
201300022867,0,32,0,0.0,1.0,8.0,1.0,A01
201300022868,0,1,0,0.0,2.0,0.0,1.0,B01
201300022868,0,7,0,0.0,2.0,1.0,1.0,A01
201300022869,0,7,0,0.0,2.0,2.0,15.0,B01
201300022869,0,32,0,0.0,2.0,1.0,1.0,A01
201300022870,0,7,0,0.0,2.0,5.0,1.0,B01
201300022870,0,32,0,0.0,2.0,1.0,7.0,A01
201300022871,0,1,0,0.0,2.0,0.0,0.0,B01
201300022871,0,7,0,0.0,2.0,0.0,0.0,A01
201300022872,0,99,0,0.0,2.0,0.0,0.0,A01
201300022872,0,7,0,0.0,2.0,0.0,0.0,B01
201300022873,0,7,0,0.0,2.0,3.0,15.0,A01
201300022873,0,31,0,0.0,2.0,4.0,1.0,B01
201300022874,0,10,0,0.0,9.0,1.0,1.0,A01
201300022874,0,1,0,0.0,2.0,4.0,2.0,B01
201300022875,0,30,0,0.0,0.0,0.0,0.0,B01
201300022875,0,7,0,0.0,0.0,0.0,0.0,A01
201300022876,0,7,0,0.0,2.0,8.0,1.0,B01
201300022876,0,7,0,0.0,2.0,2.0,17.0,A01
201300022877,0,7,0,0.0,0.0,0.0,0.0,A01
201300022877,0,33,0,0.0,2.0,0.0,0.0,B01
201300022878,0,1,0,0.0,2.0,0.0,0.0,A01
201300022878,0,1,0,0.0,2.0,1.0,0.0,B01
201300022879,0,7,0,4.0,0.0,1.0,14.0,A01
201300022880,0,7,0,8.0,0.0,3.0,13.0,A01
201300022881,0,7,0,0.0,1.0,8.0,0.0,A01
201300022882,0,33,0,0.0,9.0,8.0,1.0,A01
201300022883,0,7,0,0.0,2.0,4.0,2.0,C01
201300022883,0,7,0,0.0,2.0,9.0,2.0,B01
201300022883,0,7,0,0.0,2.0,1.0,2.0,A01
201300022884,0,7,0,0.0,2.0,4.0,4.0,A01
201300022884,0,7,0,0.0,2.0,1.0,2.0,B01
201300022885,0,1,0,0.0,0.0,0.0,0.0,B01
201300022885,0,7,0,0.0,2.0,3.0,15.0,A01
201300022886,0,7,0,0.0,2.0,1.0,0.0,A01
201300022886,0,33,0,0.0,2.0,4.0,0.0,B01
201300022887,0,33,0,0.0,2.0,0.0,0.0,B01
201300022887,0,7,0,0.0,2.0,0.0,0.0,A01
201300022888,0,7,0,0.0,2.0,9.0,1.0,B01
201300022888,0,20,0,0.0,2.0,0.0,0.0,A01
201300022889,0,7,0,0.0,2.0,0.0,0.0,A01
201300022889,0,7,0,0.0,0.0,0.0,0.0,C01
201300022889,0,7,0,0.0,2.0,0.0,0.0,B01
201300022889,0,7,0,0.0,0.0,0.0,0.0,E01
201300022889,0,7,0,0.0,0.0,0.0,0.0,D01
201300022890,0,7,0,0.0,2.0,0.0,0.0,B01
201300022890,0,7,0,0.0,2.0,1.0,0.0,A01
201300022891,0,7,0,0.0,2.0,8.0,11.0,A01
201300022891,0,2,0,0.0,2.0,1.0,17.0,B01
201300022892,0,30,0,0.0,2.0,1.0,0.0,A01
201300022892,0,7,0,0.0,2.0,4.0,0.0,B01
201300022893,0,33,0,0.0,1.0,1.0,1.0,A01
201300022894,0,7,0,0.0,2.0,1.0,1.0,A01
201300022894,0,7,0,0.0,2.0,4.0,1.0,B01
201300022895,0,7,0,0.0,2.0,0.0,0.0,A01
201300022895,0,32,0,0.0,0.0,0.0,0.0,B01
201300022896,0,7,0,0.0,1.0,8.0,15.0,A01
201300022897,0,32,0,0.0,2.0,2.0,17.0,B01
201300022897,0,7,0,0.0,2.0,8.0,15.0,A01
201300022898,0,33,0,0.0,2.0,1.0,1.0,A01
201300022898,0,10,0,0.0,2.0,6.0,15.0,B01
201300022899,0,33,0,0.0,2.0,1.0,1.0,A01
201300022899,0,7,0,0.0,2.0,3.0,1.0,B01
201300022900,0,7,0,0.0,2.0,1.0,0.0,A01
201300022900,0,1,0,0.0,2.0,1.0,0.0,B01
201300022901,0,7,0,0.0,2.0,0.0,0.0,C01
201300022901,0,7,0,0.0,0.0,0.0,0.0,A01
201300022901,0,7,0,0.0,2.0,0.0,0.0,B01
201300022902,0,2,0,0.0,2.0,7.0,0.0,B01
201300022902,0,7,0,0.0,2.0,3.0,1.0,A01
201300022903,0,33,0,0.0,9.0,8.0,0.0,A01
201300022904,0,33,0,0.0,2.0,0.0,0.0,C01
201300022904,0,7,0,0.0,2.0,0.0,0.0,B01
201300022904,0,7,0,0.0,2.0,0.0,0.0,A01
201300022905,0,7,0,0.0,2.0,9.0,19.0,B01
201300022905,0,7,0,0.0,2.0,8.0,1.0,A01
201300022906,0,7,0,0.0,2.0,1.0,0.0,B01
201300022906,0,7,0,0.0,2.0,0.0,0.0,A01
201300022907,0,1,0,0.0,2.0,1.0,0.0,B01
201300022907,0,7,0,0.0,2.0,7.0,2.0,A01
201300022908,0,7,0,0.0,1.0,1.0,0.0,A01
201300022909,0,1,0,0.0,1.0,0.0,0.0,A01
201300022910,0,30,0,0.0,2.0,0.0,0.0,A01
201300022910,0,7,0,0.0,0.0,0.0,0.0,B01
201300022911,0,33,0,0.0,2.0,1.0,0.0,A01
201300022911,0,7,0,0.0,0.0,0.0,0.0,B01
201300022911,0,1,0,0.0,2.0,0.0,0.0,C01
201300022912,0,7,0,0.0,1.0,0.0,1.0,A01
201300022913,0,7,0,0.0,2.0,1.0,1.0,A01
201300022913,0,7,0,0.0,2.0,4.0,2.0,B01
201300022914,0,7,0,0.0,1.0,1.0,1.0,A01
201300022915,0,7,0,0.0,2.0,4.0,2.0,B01
201300022915,0,15,0,0.0,2.0,1.0,2.0,A01
201300022916,0,7,0,0.0,2.0,4.0,2.0,B01
201300022916,0,7,0,0.0,2.0,1.0,2.0,A01
201300022917,0,32,0,0.0,2.0,6.0,17.0,A01
201300022917,0,38,1,0.0,2.0,3.0,1.0,C01
201300022917,0,7,0,0.0,2.0,0.0,1.0,B01
201300022918,0,7,0,0.0,1.0,1.0,17.0,A01
201300022919,0,7,0,0.0,1.0,1.0,1.0,A01
201300022920,0,7,0,0.0,2.0,3.0,1.0,B01
201300022920,0,7,0,0.0,2.0,1.0,15.0,A01
201300022921,0,7,0,0.0,1.0,4.0,4.0,A01
201300022922,0,31,0,0.0,2.0,1.0,0.0,A01
201300022922,0,7,0,0.0,2.0,0.0,17.0,B01
201300022923,0,7,0,0.0,2.0,1.0,2.0,A01
201300022923,0,7,0,0.0,2.0,4.0,2.0,B01
201300022924,1,7,0,0.0,2.0,0.0,0.0,Z01
201300022924,0,31,0,0.0,2.0,8.0,15.0,A01
201300022925,0,7,0,0.0,1.0,1.0,2.0,A01
201300022926,0,7,0,0.0,2.0,2.0,2.0,A01
201300022926,0,7,0,0.0,2.0,9.0,1.0,B01
201300022927,0,7,0,0.0,2.0,8.0,15.0,B01
201300022927,0,33,0,0.0,2.0,1.0,17.0,A01
201300022928,1,7,0,0.0,2.0,0.0,0.0,Z01
201300022928,0,31,0,0.0,2.0,0.0,0.0,A01
201300022929,0,32,0,0.0,2.0,4.0,1.0,B01
201300022929,0,7,0,0.0,2.0,3.0,15.0,A01
201300022930,0,7,0,0.0,2.0,1.0,15.0,B01
201300022930,0,31,0,0.0,2.0,7.0,2.0,A01
201300022931,0,7,0,0.0,2.0,1.0,1.0,A01
201300022931,0,7,0,0.0,2.0,1.0,23.0,C01
201300022931,0,7,0,0.0,2.0,1.0,15.0,B01
201300022932,0,7,0,0.0,0.0,0.0,0.0,B01
201300022932,0,33,0,0.0,2.0,1.0,0.0,A01
201300022933,0,7,0,0.0,2.0,8.0,15.0,A01
201300022933,0,2,0,0.0,2.0,8.0,17.0,B01
201300022934,0,30,0,0.0,2.0,8.0,17.0,A01
201300022934,0,7,0,0.0,2.0,8.0,15.0,B01
201300022935,0,7,0,0.0,0.0,1.0,0.0,A01
201300022935,0,33,0,0.0,2.0,0.0,0.0,B01
201300022936,0,7,0,0.0,2.0,1.0,1.0,A01
201300022936,0,7,0,0.0,2.0,1.0,19.0,B01
201300022937,0,7,0,0.0,2.0,8.0,10.0,A01
201300022937,0,33,0,0.0,2.0,2.0,17.0,B01
201300022938,0,7,0,0.0,1.0,0.0,0.0,A01
201300022939,0,7,0,6.0,0.0,9.0,0.0,A01
201300022940,0,32,0,0.0,2.0,0.0,0.0,A01
201300022940,0,7,0,0.0,0.0,0.0,0.0,B01
201300022941,0,7,0,0.0,2.0,0.0,0.0,B01
201300022941,0,7,0,0.0,0.0,0.0,0.0,C01
201300022941,0,7,0,0.0,2.0,0.0,0.0,A01
201300022942,0,33,0,0.0,2.0,1.0,2.0,B01
201300022942,0,7,0,0.0,2.0,2.0,9.0,A01
201300022943,0,33,0,0.0,0.0,0.0,0.0,A01
201300022944,0,7,0,8.0,0.0,1.0,13.0,A01
201300022945,0,7,0,0.0,2.0,0.0,0.0,B01
201300022945,0,15,0,0.0,2.0,0.0,0.0,A01
201300022945,0,7,0,0.0,2.0,0.0,0.0,C01
201300022945,0,7,0,0.0,2.0,0.0,0.0,D01
201300022946,0,33,0,0.0,1.0,1.0,0.0,A01
201300022947,0,7,0,0.0,2.0,3.0,15.0,A01
201300022947,0,33,0,0.0,2.0,1.0,1.0,B01
201300022948,0,31,0,0.0,9.0,0.0,0.0,A01
201300022949,0,7,0,0.0,2.0,4.0,2.0,B01
201300022949,0,7,0,0.0,2.0,1.0,2.0,A01
201300022950,0,33,0,0.0,0.0,0.0,0.0,B01
201300022950,0,10,0,0.0,2.0,0.0,0.0,A01
201300022951,0,7,0,0.0,0.0,0.0,0.0,A01
201300022951,0,30,0,0.0,0.0,0.0,0.0,B01
201300022952,0,32,0,0.0,2.0,1.0,1.0,B01
201300022952,0,30,0,0.0,2.0,1.0,9.0,A01
201300022953,0,7,0,12.0,0.0,2.0,0.0,A01
201300022954,0,7,0,0.0,1.0,1.0,1.0,A01
201300022955,0,10,0,0.0,2.0,2.0,0.0,A01
201300022955,0,10,0,0.0,2.0,3.0,1.0,B01
201300022955,0,7,0,0.0,2.0,3.0,1.0,C01
201300022956,0,7,0,0.0,2.0,1.0,2.0,A01
201300022956,0,15,0,0.0,2.0,4.0,2.0,B01
201300022957,0,32,0,0.0,2.0,3.0,2.0,B01
201300022957,0,7,0,0.0,2.0,1.0,0.0,A01
201300022958,0,7,0,0.0,1.0,0.0,4.0,A01
201300022959,0,7,0,0.0,1.0,1.0,0.0,A01
201300022960,0,7,0,0.0,2.0,1.0,2.0,A01
201300022960,0,7,0,0.0,2.0,4.0,2.0,B01
201300022961,0,7,0,0.0,1.0,1.0,0.0,A01
201300022962,0,7,0,0.0,2.0,1.0,1.0,B01
201300022962,0,7,0,0.0,2.0,1.0,9.0,A01
201300022963,0,7,0,0.0,2.0,1.0,13.0,A01
201300022963,0,7,0,0.0,2.0,1.0,1.0,B01
201300022964,0,30,0,0.0,0.0,0.0,0.0,A01
201300022965,0,7,0,14.0,0.0,1.0,13.0,A01
201300022966,0,7,0,0.0,2.0,1.0,0.0,A01
201300022967,0,33,0,2.0,2.0,1.0,1.0,A01
201300022967,0,7,0,0.0,2.0,4.0,1.0,B01
201300022968,0,7,0,0.0,2.0,0.0,0.0,B01
201300022968,1,7,0,0.0,1.0,1.0,14.0,A01
201300022969,0,7,0,1.0,2.0,4.0,1.0,B01
201300022969,0,2,0,0.0,2.0,1.0,1.0,A01
201300022970,0,32,0,8.0,0.0,1.0,1.0,A01
201300022971,0,1,0,0.0,1.0,1.0,1.0,A01
201300022972,0,7,0,0.0,2.0,1.0,2.0,A01
201300022972,0,1,0,0.0,2.0,1.0,0.0,B01
201300022973,0,7,0,0.0,2.0,1.0,5.0,A01
201300022973,0,7,0,0.0,2.0,1.0,1.0,B01
201300022974,0,7,0,0.0,2.0,8.0,15.0,B01
201300022974,0,33,0,0.0,2.0,7.0,17.0,A01
201300022975,0,7,0,0.0,2.0,1.0,2.0,B01
201300022975,0,7,0,0.0,2.0,4.0,23.0,A01
201300022976,0,7,0,0.0,2.0,8.0,15.0,B01
201300022976,0,31,0,0.0,2.0,1.0,17.0,A01
201300022977,0,1,0,0.0,2.0,1.0,2.0,B01
201300022977,0,7,0,0.0,2.0,4.0,2.0,A01
201300022978,0,33,0,0.0,2.0,8.0,1.0,B01
201300022978,0,7,0,0.0,2.0,1.0,15.0,A01
201300022979,0,1,0,0.0,1.0,1.0,2.0,A01
201300022980,0,7,0,0.0,2.0,6.0,13.0,A01
201300022980,0,33,0,0.0,2.0,2.0,17.0,B01
201300022981,0,7,0,0.0,0.0,0.0,0.0,C01
201300022981,0,7,0,0.0,2.0,0.0,0.0,B01
201300022981,0,7,0,0.0,2.0,0.0,0.0,A01
201300022982,0,7,0,0.0,1.0,0.0,0.0,A01
201300022983,0,7,0,0.0,0.0,0.0,0.0,A01
201300022984,0,33,0,0.0,2.0,1.0,0.0,A01
201300022984,0,7,0,0.0,2.0,8.0,0.0,B01
201300022985,0,33,0,0.0,2.0,0.0,0.0,A01
201300022986,0,7,0,0.0,0.0,0.0,0.0,A01
201300022986,0,30,0,0.0,2.0,0.0,0.0,C01
201300022986,0,7,0,0.0,0.0,0.0,0.0,B01
201300022987,0,30,0,0.0,0.0,0.0,0.0,A01
201300022988,0,7,0,0.0,0.0,0.0,0.0,B01
201300022988,0,2,0,0.0,0.0,0.0,0.0,A01
201300022989,0,7,0,0.0,2.0,6.0,1.0,B01
201300022989,0,36,0,12.0,2.0,0.0,13.0,A01
201300022990,0,2,0,0.0,2.0,0.0,0.0,B01
201300022990,0,7,0,0.0,2.0,0.0,0.0,A01
201300022991,0,7,0,0.0,2.0,4.0,0.0,B01
201300022991,0,2,0,0.0,2.0,1.0,0.0,A01
201300022992,0,7,0,0.0,0.0,1.0,1.0,A01
201300022993,0,7,0,0.0,2.0,0.0,0.0,B01
201300022993,0,33,0,0.0,2.0,1.0,0.0,A01
201300022994,0,7,0,0.0,2.0,0.0,0.0,B01
201300022994,0,33,0,0.0,2.0,0.0,0.0,A01
201300022995,0,32,0,0.0,0.0,1.0,0.0,B01
201300022995,0,7,0,0.0,0.0,0.0,0.0,A01
201300022996,0,30,0,0.0,2.0,0.0,0.0,A01
201300022996,0,2,0,0.0,2.0,0.0,0.0,B01
201300022997,0,10,0,0.0,2.0,0.0,0.0,A01
201300022997,0,7,0,0.0,2.0,0.0,0.0,B01
201300022998,1,7,0,0.0,2.0,0.0,0.0,Z01
201300022998,0,7,0,0.0,2.0,0.0,0.0,A01
201300022999,0,7,0,0.0,2.0,1.0,0.0,A01
201300022999,0,7,0,0.0,2.0,0.0,0.0,B01
201300023000,0,10,0,0.0,2.0,0.0,0.0,B01