Num_Acc,senc,catv,occutc,obs,obsm,choc,manv,num_veh
201300023000,0,33,0,0.0,2.0,0.0,0.0,A01
201300023001,0,34,0,0.0,2.0,1.0,1.0,B01
201300023001,0,7,0,0.0,2.0,7.0,15.0,A01
201300023002,0,32,0,0.0,2.0,0.0,0.0,A01
201300023002,0,10,0,0.0,0.0,0.0,0.0,B01
201300023003,0,7,0,0.0,2.0,6.0,0.0,B01
201300023003,1,7,0,0.0,2.0,0.0,0.0,Z01
201300023004,0,7,0,0.0,2.0,0.0,0.0,A01
201300023005,0,34,0,0.0,2.0,1.0,1.0,B01
201300023005,0,7,0,0.0,2.0,3.0,15.0,A01
201300023006,0,10,0,0.0,2.0,0.0,0.0,B01
201300023006,0,7,0,0.0,2.0,0.0,0.0,A01
201300023007,0,7,0,5.0,0.0,8.0,4.0,A01
201300023008,0,33,0,0.0,2.0,1.0,1.0,B01
201300023008,1,7,0,0.0,2.0,1.0,0.0,Z01
201300023009,0,7,0,0.0,1.0,3.0,15.0,A01
201300023010,0,34,0,0.0,2.0,1.0,5.0,A01
201300023010,0,7,0,0.0,2.0,1.0,1.0,B01
201300023011,0,33,0,0.0,2.0,1.0,1.0,B01
201300023011,0,7,0,0.0,2.0,7.0,15.0,A01
201300023012,0,3,0,0.0,2.0,1.0,13.0,A01
201300023012,0,10,0,0.0,2.0,7.0,1.0,B01
201300023013,0,1,0,0.0,0.0,4.0,1.0,B01
201300023013,0,10,0,0.0,2.0,1.0,1.0,A01
201300023014,0,1,0,0.0,2.0,1.0,19.0,A01
201300023014,0,37,1,0.0,2.0,1.0,1.0,B01
201300023015,0,32,0,0.0,2.0,3.0,13.0,A01
201300023015,0,7,0,0.0,2.0,8.0,1.0,B01
201300023016,0,7,0,0.0,1.0,7.0,1.0,A01
201300023017,0,7,0,0.0,2.0,1.0,2.0,B01
201300023017,0,14,0,0.0,2.0,2.0,2.0,C01
201300023017,0,7,0,0.0,2.0,4.0,1.0,A01
201300023018,0,33,0,0.0,2.0,0.0,0.0,A01
201300023018,0,7,0,0.0,2.0,0.0,0.0,B01
201300023019,0,7,0,0.0,2.0,1.0,0.0,B01
201300023019,0,33,0,0.0,2.0,1.0,0.0,A01
201300023020,0,7,0,0.0,2.0,1.0,0.0,A01
201300023020,0,7,0,0.0,2.0,0.0,0.0,B01
201300023021,0,7,0,0.0,2.0,4.0,2.0,B01
201300023021,0,7,0,0.0,2.0,2.0,2.0,A01
201300023021,0,7,0,0.0,2.0,4.0,2.0,C01
201300023022,0,7,0,0.0,1.0,1.0,0.0,A01
201300023023,0,31,0,0.0,2.0,4.0,2.0,B01
201300023023,0,32,0,0.0,2.0,1.0,2.0,A01
201300023024,0,7,0,0.0,2.0,8.0,13.0,A01
201300023024,0,32,0,0.0,2.0,7.0,17.0,B01
201300023025,0,33,0,0.0,0.0,0.0,0.0,A01
201300023025,0,33,0,0.0,2.0,8.0,15.0,B01
201300023026,0,30,0,0.0,2.0,8.0,1.0,B01
201300023026,0,7,0,0.0,2.0,7.0,1.0,A01
201300023027,0,31,0,0.0,2.0,1.0,0.0,A01
201300023027,0,7,0,0.0,2.0,6.0,1.0,B01
201300023028,0,10,0,0.0,2.0,0.0,0.0,A01
201300023028,0,2,0,0.0,0.0,0.0,0.0,B01
201300023029,0,7,0,0.0,2.0,4.0,2.0,C01
201300023029,0,7,0,0.0,2.0,1.0,1.0,A01
201300023029,0,7,0,0.0,2.0,4.0,2.0,B01
201300023030,0,10,0,0.0,1.0,1.0,15.0,A01
201300023031,0,2,0,0.0,2.0,1.0,0.0,A01
201300023031,0,7,0,0.0,2.0,8.0,0.0,B01
201300023032,0,1,0,0.0,2.0,1.0,1.0,B01
201300023032,0,14,0,0.0,9.0,7.0,16.0,A01
201300023033,0,7,0,0.0,2.0,1.0,1.0,B01
201300023033,0,7,0,0.0,2.0,7.0,15.0,A01
201300023034,0,7,0,0.0,2.0,3.0,1.0,A01
201300023034,0,7,0,0.0,2.0,1.0,13.0,B01
201300023035,0,30,0,0.0,2.0,1.0,2.0,A01
201300023035,1,7,0,0.0,2.0,4.0,23.0,B01
201300023036,0,37,1,0.0,1.0,0.0,0.0,A01
201300023037,0,7,0,0.0,1.0,0.0,0.0,A01
201300023038,0,7,0,6.0,0.0,1.0,13.0,A01
201300023039,0,7,0,0.0,2.0,3.0,9.0,B01
201300023039,0,34,0,0.0,2.0,1.0,0.0,A01
201300023040,0,32,0,0.0,2.0,8.0,1.0,B01
201300023040,0,14,0,0.0,9.0,2.0,12.0,A01
201300023041,0,7,0,0.0,2.0,4.0,2.0,C01
201300023041,0,7,0,0.0,2.0,4.0,2.0,D01
201300023041,0,16,0,0.0,2.0,1.0,2.0,A01
201300023041,0,7,0,0.0,2.0,4.0,12.0,B01
201300023042,0,32,0,0.0,2.0,9.0,2.0,B01
201300023042,1,7,0,0.0,2.0,1.0,2.0,Z01
201300023042,0,7,0,0.0,2.0,4.0,2.0,C01
201300023043,0,7,0,0.0,2.0,5.0,1.0,B01
201300023043,0,32,0,0.0,2.0,1.0,15.0,A01
201300023044,0,7,0,0.0,2.0,4.0,15.0,A01
201300023044,0,33,0,0.0,2.0,1.0,17.0,B01
201300023045,0,7,0,0.0,2.0,1.0,10.0,A01
201300023045,0,30,0,0.0,2.0,1.0,1.0,B01
201300023046,0,32,0,0.0,2.0,1.0,8.0,A01
201300023046,0,7,0,0.0,2.0,8.0,15.0,B01
201300023047,0,7,0,1.0,0.0,0.0,0.0,A01
201300023048,0,7,0,0.0,2.0,4.0,2.0,B01
201300023048,0,7,0,0.0,2.0,4.0,23.0,C01
201300023048,0,7,0,1.0,0.0,2.0,2.0,A01
201300023049,0,13,0,0.0,2.0,4.0,23.0,A01
201300023049,0,1,0,0.0,2.0,1.0,0.0,B01
201300023050,0,32,0,0.0,2.0,1.0,1.0,B01
201300023050,0,7,0,0.0,2.0,7.0,15.0,A01
201300023051,0,31,0,0.0,1.0,0.0,0.0,A01
201300023052,0,7,0,0.0,2.0,1.0,9.0,A01
201300023052,0,7,0,0.0,2.0,7.0,1.0,B01
201300023053,0,7,0,0.0,2.0,7.0,15.0,A01
201300023053,0,30,0,0.0,2.0,1.0,1.0,B01
201300023054,0,32,0,0.0,5.0,7.0,21.0,A01
201300023055,0,7,0,0.0,2.0,4.0,2.0,B01
201300023055,0,7,0,0.0,2.0,1.0,1.0,A01
201300023056,0,7,0,0.0,2.0,0.0,0.0,B01
201300023056,0,7,0,0.0,2.0,1.0,0.0,A01
201300023057,0,31,0,0.0,1.0,0.0,0.0,A01
201300023058,0,7,0,0.0,2.0,4.0,2.0,D01
201300023058,1,7,0,0.0,2.0,1.0,0.0,Z01
201300023058,0,7,0,0.0,2.0,4.0,2.0,B01
201300023058,0,7,0,0.0,2.0,4.0,2.0,A02
201300023058,0,7,0,0.0,2.0,1.0,2.0,E01
201300023058,0,7,0,0.0,2.0,1.0,2.0,C01
201300023059,0,34,0,0.0,2.0,1.0,1.0,B01
201300023059,0,7,0,0.0,2.0,0.0,0.0,A01
201300023060,0,34,0,0.0,9.0,8.0,14.0,A01
201300023060,0,1,0,0.0,9.0,8.0,1.0,B01
201300023061,0,38,1,0.0,1.0,3.0,1.0,A01
201300023062,0,7,0,0.0,2.0,2.0,15.0,A01
201300023062,0,7,0,0.0,2.0,3.0,1.0,B01
201300023063,0,1,0,0.0,2.0,1.0,15.0,A01
201300023063,0,30,0,0.0,2.0,1.0,2.0,B01
201300023064,0,7,0,0.0,2.0,0.0,1.0,C01
201300023064,0,14,0,0.0,2.0,0.0,0.0,A01
201300023064,0,7,0,0.0,2.0,0.0,1.0,B01
201300023064,0,14,0,0.0,2.0,4.0,1.0,D01
201300023065,0,32,0,0.0,1.0,1.0,7.0,A01
201300023066,0,31,0,0.0,2.0,1.0,1.0,B01
201300023066,0,10,0,0.0,2.0,2.0,15.0,A01
201300023067,2,7,0,0.0,2.0,1.0,14.0,Z01
201300023067,0,7,0,0.0,2.0,4.0,2.0,B01
201300023068,0,10,0,0.0,2.0,0.0,0.0,B01
201300023068,0,7,0,0.0,2.0,4.0,1.0,C01
201300023068,0,7,0,0.0,0.0,0.0,0.0,A01
201300023069,0,33,0,0.0,2.0,1.0,3.0,A01
201300023069,0,7,0,0.0,2.0,8.0,11.0,B01
201300023070,0,7,0,0.0,2.0,1.0,1.0,A01
201300023070,0,31,0,0.0,2.0,1.0,1.0,C01
201300023070,0,7,0,0.0,2.0,6.0,2.0,B01
201300023071,0,7,0,0.0,2.0,1.0,2.0,B01
201300023071,0,10,0,0.0,2.0,1.0,2.0,A01
201300023071,0,10,0,0.0,2.0,4.0,23.0,D01
201300023071,0,10,0,0.0,2.0,5.0,23.0,C01
201300023072,0,7,0,0.0,2.0,3.0,0.0,A01
201300023072,0,7,0,0.0,2.0,0.0,0.0,B01
201300023073,0,2,0,0.0,1.0,1.0,1.0,A01
201300023074,0,7,0,6.0,0.0,1.0,19.0,A01
201300023075,0,7,0,0.0,2.0,1.0,2.0,A01
201300023075,0,7,0,0.0,2.0,4.0,2.0,B01
201300023076,0,7,0,0.0,2.0,0.0,0.0,A01
201300023076,0,10,0,0.0,2.0,0.0,0.0,B01
201300023077,0,7,0,0.0,2.0,2.0,16.0,B01
201300023077,0,30,0,0.0,2.0,1.0,7.0,A01
201300023078,0,10,0,0.0,2.0,5.0,0.0,B01
201300023078,0,33,0,0.0,2.0,1.0,0.0,A01
201300023079,1,7,0,0.0,2.0,1.0,2.0,Z01
201300023079,0,33,0,0.0,2.0,4.0,2.0,B01
201300023080,0,2,0,0.0,2.0,1.0,0.0,A01
201300023080,0,7,0,0.0,0.0,0.0,0.0,B01
201300023081,0,7,0,0.0,9.0,0.0,9.0,A01
201300023081,0,33,0,0.0,0.0,7.0,1.0,B01
201300023082,0,30,0,0.0,2.0,1.0,1.0,B01
201300023082,0,7,0,0.0,2.0,6.0,19.0,A01
201300023083,0,1,0,0.0,2.0,4.0,1.0,B01
201300023083,0,31,0,0.0,2.0,1.0,1.0,A01
201300023084,0,7,0,0.0,2.0,1.0,9.0,A01
201300023084,0,1,0,0.0,2.0,7.0,1.0,B01
201300023085,0,1,0,0.0,1.0,1.0,1.0,A01
201300023086,0,7,0,0.0,2.0,0.0,0.0,A01
201300023086,0,30,0,0.0,2.0,0.0,0.0,B01
201300023087,0,7,0,0.0,2.0,4.0,2.0,B01
201300023087,0,7,0,0.0,2.0,1.0,2.0,A01
201300023088,0,30,0,0.0,2.0,0.0,0.0,A01
201300023088,0,7,0,0.0,0.0,0.0,0.0,B01
201300023089,0,33,0,0.0,2.0,1.0,1.0,A01
201300023089,0,7,0,0.0,2.0,3.0,1.0,B01
201300023090,0,7,0,0.0,2.0,8.0,1.0,B01
201300023090,0,7,0,0.0,2.0,2.0,9.0,A01
201300023091,0,7,0,0.0,1.0,0.0,0.0,A01
201300023092,0,7,0,0.0,2.0,4.0,1.0,B01
201300023092,0,7,0,0.0,2.0,1.0,2.0,A01
201300023093,0,32,0,3.0,0.0,1.0,0.0,A01
201300023094,0,32,0,0.0,2.0,8.0,18.0,A01
201300023094,0,7,0,0.0,2.0,1.0,23.0,B01
201300023095,0,1,0,0.0,2.0,1.0,0.0,A01
201300023095,0,7,0,0.0,2.0,3.0,1.0,B01
201300023096,0,7,0,0.0,1.0,1.0,9.0,A01
201300023097,0,32,0,0.0,1.0,1.0,1.0,A01
201300023098,1,15,0,0.0,2.0,4.0,1.0,Z01
201300023098,0,33,0,0.0,2.0,8.0,13.0,A01
201300023099,0,1,0,0.0,1.0,1.0,1.0,A01
201300023100,0,7,0,0.0,2.0,4.0,4.0,C01
201300023100,0,7,0,0.0,2.0,1.0,15.0,B01
201300023100,0,7,0,0.0,2.0,1.0,1.0,A01
201300023101,0,7,0,0.0,2.0,2.0,1.0,B01
201300023101,0,33,0,0.0,2.0,7.0,13.0,A01
201300023102,0,1,0,0.0,2.0,1.0,9.0,A01
201300023102,0,7,0,0.0,2.0,8.0,1.0,B01
201300023103,0,7,0,0.0,1.0,1.0,14.0,A01
201300023104,0,7,0,0.0,1.0,1.0,15.0,A01
201300023105,0,33,0,0.0,2.0,1.0,1.0,B01
201300023105,0,7,0,0.0,2.0,1.0,13.0,A01
201300023106,0,7,0,0.0,2.0,4.0,20.0,B01
201300023106,0,30,0,0.0,2.0,1.0,0.0,A01
201300023107,1,7,0,0.0,1.0,1.0,1.0,Z01
201300023108,1,7,0,0.0,0.0,0.0,0.0,Z01
201300023108,0,7,0,0.0,0.0,0.0,0.0,B01
201300023108,0,33,0,0.0,2.0,0.0,0.0,A01
201300023109,0,7,0,1.0,1.0,0.0,0.0,A01
201300023110,0,7,0,0.0,2.0,2.0,15.0,B01
201300023110,0,2,0,0.0,2.0,1.0,5.0,A01
201300023111,0,7,0,0.0,1.0,0.0,0.0,A01
201300023112,0,33,0,14.0,0.0,0.0,0.0,A01
201300023113,0,33,0,0.0,2.0,1.0,18.0,B01
201300023113,0,7,0,0.0,2.0,5.0,16.0,A01
201300023114,0,1,0,1.0,0.0,1.0,0.0,B01
201300023114,0,7,0,0.0,2.0,8.0,0.0,A01
201300023115,0,32,0,0.0,2.0,0.0,0.0,B01
201300023115,0,7,0,0.0,2.0,5.0,0.0,A01
201300023116,0,7,0,0.0,2.0,0.0,0.0,A01
201300023116,0,1,0,0.0,2.0,0.0,0.0,B01
201300023117,0,2,0,0.0,1.0,0.0,0.0,A01
201300023118,0,13,0,0.0,2.0,0.0,0.0,A01
201300023118,0,7,0,0.0,2.0,0.0,0.0,B01
201300023119,0,7,0,0.0,2.0,4.0,0.0,B01
201300023119,1,14,0,0.0,2.0,1.0,1.0,Z01
201300023120,0,7,0,0.0,2.0,4.0,2.0,B01
201300023120,0,33,0,0.0,2.0,1.0,2.0,A01
201300023121,0,7,0,0.0,1.0,1.0,2.0,A01
201300023122,0,7,0,0.0,2.0,1.0,15.0,A01
201300023122,0,32,0,0.0,2.0,9.0,0.0,B01
201300023123,0,30,0,12.0,0.0,2.0,1.0,A01
201300023124,0,7,0,0.0,0.0,0.0,0.0,A01
201300023125,0,7,0,0.0,2.0,0.0,0.0,A01
201300023125,0,7,0,0.0,0.0,0.0,0.0,B01
201300023126,1,7,0,0.0,1.0,2.0,0.0,Z01
201300023127,0,33,0,0.0,2.0,1.0,2.0,A01
201300023127,0,7,0,0.0,2.0,4.0,23.0,B01
201300023128,0,7,0,0.0,2.0,3.0,1.0,B01
201300023128,0,32,0,0.0,2.0,5.0,0.0,A01
201300023129,0,7,0,4.0,0.0,1.0,14.0,A01
201300023130,0,7,0,0.0,0.0,0.0,0.0,A01
201300023130,0,31,0,0.0,2.0,0.0,0.0,B01
201300023131,0,7,0,0.0,2.0,5.0,0.0,B01
201300023131,0,7,0,0.0,2.0,4.0,0.0,C01
201300023131,0,7,0,0.0,2.0,3.0,0.0,A01
201300023132,0,7,0,0.0,2.0,0.0,0.0,B01
201300023132,0,7,0,0.0,2.0,0.0,0.0,A01
201300023133,0,7,0,0.0,0.0,0.0,0.0,A01
201300023134,0,7,0,0.0,2.0,0.0,0.0,A01
201300023134,0,32,0,0.0,2.0,0.0,0.0,B01
201300023134,0,7,0,0.0,2.0,0.0,0.0,C01
201300023135,0,1,0,0.0,2.0,0.0,0.0,B01
201300023135,0,7,0,0.0,0.0,2.0,0.0,A01
201300023136,0,10,0,0.0,2.0,1.0,13.0,A01
201300023136,0,7,0,0.0,2.0,1.0,1.0,B01
201300023137,0,7,0,0.0,2.0,0.0,0.0,B01
201300023137,0,33,0,0.0,2.0,1.0,0.0,A01
201300023138,0,7,0,0.0,1.0,1.0,2.0,A01
201300023139,0,13,0,0.0,1.0,0.0,0.0,A01
201300023140,0,7,0,0.0,2.0,1.0,2.0,C01
201300023140,0,7,0,0.0,2.0,4.0,2.0,B01
201300023140,0,7,0,0.0,2.0,1.0,2.0,A01
201300023140,0,7,0,0.0,2.0,1.0,2.0,D01
201300023141,0,30,0,0.0,0.0,0.0,0.0,A01
201300023142,0,7,0,0.0,1.0,1.0,2.0,A01
201300023143,0,34,0,0.0,2.0,8.0,17.0,A01
201300023143,0,7,0,0.0,2.0,0.0,15.0,B01
201300023144,0,7,0,0.0,2.0,8.0,1.0,A01
201300023144,0,33,0,0.0,2.0,1.0,0.0,B01
201300023145,2,7,0,0.0,2.0,2.0,1.0,A01
201300023145,0,7,0,0.0,2.0,2.0,1.0,B01
201300023146,0,7,0,0.0,0.0,0.0,0.0,A01
201300023146,0,7,0,0.0,2.0,0.0,0.0,B01
201300023147,0,7,0,8.0,0.0,1.0,13.0,A01
201300023148,0,7,0,0.0,2.0,4.0,15.0,B01
201300023148,0,30,0,0.0,2.0,1.0,2.0,A01
201300023149,2,7,0,0.0,1.0,0.0,0.0,A01
201300023150,0,7,0,15.0,0.0,1.0,1.0,A01
201300023151,0,7,0,0.0,0.0,0.0,0.0,B01
201300023151,0,1,0,0.0,2.0,0.0,0.0,A01
201300023152,0,7,0,0.0,2.0,0.0,0.0,B01
201300023152,0,7,0,0.0,2.0,0.0,0.0,A01
201300023153,0,33,0,0.0,1.0,0.0,0.0,A01
201300023154,0,7,0,0.0,2.0,1.0,0.0,A01
201300023154,0,7,0,0.0,1.0,0.0,0.0,B01
201300023155,0,7,0,0.0,2.0,0.0,0.0,A01
201300023155,0,33,0,0.0,2.0,0.0,0.0,B01
201300023156,0,7,0,0.0,0.0,0.0,0.0,B01
201300023156,0,7,0,0.0,0.0,0.0,0.0,C01
201300023156,0,7,0,0.0,0.0,0.0,0.0,A01
201300023157,0,7,0,0.0,1.0,1.0,1.0,A01
201300023158,0,7,0,9.0,0.0,1.0,16.0,A01
201300023159,0,7,0,0.0,2.0,8.0,1.0,B01
201300023159,0,7,0,0.0,2.0,1.0,14.0,A01
201300023160,0,10,0,0.0,2.0,0.0,0.0,B01
201300023160,0,30,0,0.0,2.0,0.0,0.0,A01
201300023161,0,7,0,0.0,1.0,1.0,1.0,A01
201300023162,0,7,0,0.0,1.0,1.0,0.0,A01
201300023163,0,30,0,0.0,0.0,0.0,17.0,B01
201300023163,0,7,0,0.0,2.0,3.0,15.0,A01
201300023164,0,7,0,0.0,2.0,0.0,0.0,B01
201300023164,0,7,0,0.0,0.0,0.0,0.0,A01
201300023165,0,7,0,0.0,0.0,0.0,15.0,B01
201300023165,1,7,0,0.0,0.0,0.0,0.0,A01
201300023166,0,33,0,0.0,2.0,0.0,0.0,A01
201300023166,0,7,0,0.0,2.0,0.0,0.0,B01
201300023167,0,31,0,0.0,1.0,1.0,17.0,A01
201300023167,0,7,0,0.0,2.0,1.0,15.0,B01
201300023168,0,7,0,0.0,2.0,8.0,11.0,A01
201300023168,0,30,0,0.0,2.0,0.0,3.0,B01
201300023169,0,1,0,0.0,0.0,0.0,0.0,B01
201300023169,0,7,0,0.0,2.0,0.0,0.0,A01
201300023170,0,7,0,0.0,1.0,1.0,1.0,A01
201300023171,0,7,0,0.0,2.0,1.0,0.0,A01
201300023171,0,30,0,0.0,2.0,4.0,0.0,B01
201300023172,0,7,0,0.0,0.0,0.0,0.0,B01
201300023172,0,33,0,0.0,2.0,0.0,0.0,A01
201300023173,0,7,0,0.0,1.0,1.0,1.0,A01
201300023174,0,7,0,0.0,1.0,0.0,20.0,A01
201300023175,0,1,0,0.0,2.0,1.0,0.0,A01
201300023175,0,7,0,0.0,0.0,1.0,0.0,B01
201300023176,0,7,0,8.0,0.0,3.0,0.0,A01
201300023177,0,7,0,0.0,2.0,4.0,2.0,B01
201300023177,0,7,0,0.0,0.0,4.0,2.0,C01
201300023177,0,7,0,0.0,2.0,1.0,2.0,A01
201300023178,0,7,0,0.0,1.0,0.0,0.0,A01
201300023179,1,7,0,0.0,0.0,1.0,0.0,Z01
201300023179,0,7,0,0.0,2.0,0.0,0.0,B01
201300023180,0,7,0,0.0,2.0,6.0,0.0,B01
201300023180,0,7,0,0.0,2.0,2.0,2.0,A01
201300023181,0,7,0,0.0,1.0,1.0,15.0,A01
201300023182,0,7,0,0.0,0.0,0.0,0.0,C01
201300023182,0,7,0,0.0,0.0,0.0,0.0,B01
201300023182,0,33,0,0.0,0.0,0.0,0.0,A01
201300023183,0,7,0,0.0,0.0,1.0,0.0,A01
201300023183,0,7,0,0.0,2.0,0.0,0.0,B01
201300023184,0,7,0,0.0,2.0,1.0,0.0,A01
201300023185,0,7,0,0.0,2.0,3.0,15.0,A01
201300023185,0,31,0,0.0,2.0,8.0,1.0,B01
201300023186,0,7,0,0.0,2.0,4.0,2.0,C01
201300023186,0,7,0,0.0,2.0,1.0,2.0,A01
201300023186,0,7,0,0.0,2.0,4.0,2.0,B01
201300023187,0,7,0,0.0,2.0,0.0,0.0,A01
201300023187,0,7,0,0.0,2.0,0.0,0.0,B01
201300023188,0,7,0,3.0,0.0,3.0,1.0,A01
201300023189,0,7,0,0.0,1.0,0.0,0.0,A01
201300023190,0,34,0,0.0,2.0,0.0,0.0,B01
201300023190,0,7,0,0.0,0.0,0.0,0.0,A01
201300023191,0,7,0,0.0,1.0,0.0,0.0,A01
201300023192,0,7,0,0.0,2.0,0.0,0.0,A01
201300023192,0,7,0,0.0,0.0,0.0,0.0,B01
201300023193,0,30,0,0.0,0.0,4.0,1.0,B01
201300023193,2,7,0,0.0,2.0,1.0,2.0,A01
201300023194,0,7,0,0.0,2.0,1.0,2.0,A01
201300023194,0,7,0,0.0,2.0,4.0,2.0,B01
201300023194,0,7,0,0.0,0.0,4.0,2.0,C01
201300023195,0,7,0,0.0,2.0,2.0,2.0,A01
201300023195,0,7,0,0.0,1.0,1.0,1.0,B01
201300023196,0,7,0,0.0,0.0,0.0,0.0,B01
201300023196,0,7,0,0.0,0.0,0.0,0.0,D01
201300023196,0,7,0,0.0,0.0,0.0,0.0,A01
201300023196,0,7,0,0.0,0.0,0.0,0.0,C01
201300023197,0,7,0,0.0,2.0,0.0,0.0,A01
201300023197,0,7,0,0.0,2.0,1.0,1.0,Z01
201300023198,0,7,0,0.0,0.0,0.0,0.0,A01
201300023198,0,7,0,0.0,0.0,0.0,0.0,B01
201300023199,0,7,0,0.0,1.0,0.0,0.0,A01
201300023200,0,1,0,0.0,2.0,0.0,0.0,B01
201300023200,0,7,0,0.0,2.0,0.0,0.0,A01
201300023201,0,7,0,0.0,0.0,0.0,1.0,B01
201300023201,0,1,0,0.0,2.0,1.0,0.0,A01
201300023202,1,7,0,0.0,1.0,0.0,0.0,Z01
201300023203,0,7,0,0.0,1.0,1.0,0.0,A01
201300023204,0,10,0,0.0,2.0,4.0,23.0,C01
201300023204,0,7,0,0.0,2.0,4.0,23.0,D01
201300023204,0,7,0,0.0,2.0,4.0,2.0,B01
201300023204,0,10,0,0.0,2.0,1.0,1.0,A01
201300023205,0,13,0,0.0,1.0,0.0,0.0,A01
201300023206,0,7,0,0.0,1.0,0.0,0.0,A01
201300023207,0,7,0,0.0,2.0,1.0,15.0,B01
201300023207,0,31,0,0.0,2.0,8.0,1.0,A01
201300023208,0,31,0,0.0,2.0,0.0,0.0,B01
201300023208,0,7,0,0.0,2.0,0.0,0.0,A01
201300023209,0,7,0,0.0,0.0,0.0,0.0,A01
201300023209,0,7,0,0.0,0.0,0.0,0.0,B01
201300023210,0,7,0,0.0,2.0,0.0,0.0,A01
201300023210,0,30,0,0.0,2.0,0.0,0.0,B01
201300023211,0,7,0,0.0,2.0,0.0,0.0,A01
201300023211,0,7,0,0.0,2.0,0.0,0.0,B01
201300023212,0,7,0,0.0,1.0,0.0,0.0,A01
201300023213,0,7,0,0.0,1.0,4.0,4.0,A01
201300023214,0,1,0,0.0,1.0,0.0,0.0,A01
201300023215,0,32,0,0.0,2.0,1.0,1.0,A01
201300023215,0,7,0,0.0,2.0,5.0,2.0,B01
201300023216,0,7,0,0.0,2.0,0.0,0.0,B01
201300023216,0,7,0,0.0,2.0,0.0,0.0,A01
201300023216,0,7,0,0.0,0.0,1.0,0.0,C01
201300023217,0,7,0,0.0,1.0,2.0,1.0,A01
201300023218,0,7,0,0.0,1.0,2.0,1.0,A01
201300023219,0,7,0,0.0,1.0,3.0,16.0,A01
201300023220,0,38,1,0.0,0.0,6.0,23.0,B01
201300023220,0,7,0,1.0,0.0,1.0,2.0,A01
201300023221,0,1,0,0.0,9.0,2.0,1.0,B01
201300023221,0,30,0,0.0,9.0,1.0,1.0,A01
201300023222,0,2,0,0.0,2.0,8.0,1.0,B01
201300023222,0,7,0,0.0,0.0,0.0,0.0,A01
201300023223,0,17,0,0.0,0.0,0.0,0.0,A01
201300023224,0,7,0,0.0,2.0,3.0,10.0,B01
201300023224,0,33,0,0.0,2.0,1.0,1.0,A01
201300023225,0,7,0,0.0,0.0,0.0,0.0,B01
201300023225,0,7,0,0.0,0.0,0.0,0.0,A01
201300023226,0,7,0,0.0,0.0,0.0,0.0,B01
201300023226,0,33,0,0.0,0.0,0.0,0.0,A01
201300023227,2,7,0,1.0,0.0,1.0,14.0,B01
201300023227,0,7,0,6.0,0.0,4.0,24.0,A01
201300023228,0,7,0,0.0,0.0,3.0,11.0,B01
201300023228,0,7,0,0.0,2.0,8.0,1.0,C01
201300023228,0,7,0,0.0,2.0,3.0,2.0,A01
201300023229,1,7,0,0.0,2.0,0.0,0.0,Z01
201300023229,0,31,0,0.0,2.0,1.0,0.0,B01
201300023230,0,33,0,0.0,0.0,1.0,0.0,A01
201300023230,0,7,0,0.0,2.0,1.0,0.0,B01
201300023231,0,7,0,0.0,1.0,1.0,1.0,A01
201300023232,0,33,0,0.0,2.0,0.0,0.0,B01
201300023232,0,7,0,0.0,2.0,1.0,0.0,A01
201300023233,0,32,0,0.0,2.0,1.0,0.0,B01
201300023233,0,10,0,0.0,0.0,0.0,0.0,A01
201300023234,0,7,0,0.0,2.0,0.0,0.0,B01
201300023234,0,7,0,0.0,2.0,0.0,0.0,A01
201300023235,0,7,0,0.0,2.0,1.0,9.0,A01
201300023235,0,7,0,0.0,0.0,5.0,23.0,B02
201300023236,0,7,0,13.0,0.0,3.0,0.0,A01
201300023237,0,1,0,0.0,2.0,1.0,1.0,B02
201300023237,0,7,0,0.0,2.0,8.0,15.0,A01
201300023238,0,7,0,16.0,0.0,9.0,1.0,A01
201300023239,0,7,0,2.0,0.0,1.0,1.0,A01
201300023240,0,17,0,1.0,0.0,1.0,2.0,A01
201300023240,0,17,0,0.0,0.0,4.0,24.0,B02
201300023240,0,17,0,0.0,0.0,4.0,24.0,C03
201300023240,0,17,0,0.0,0.0,4.0,24.0,D04
201300023241,0,7,0,1.0,0.0,2.0,14.0,A01
201300023242,0,7,0,0.0,2.0,3.0,17.0,A01
201300023242,0,14,0,0.0,0.0,5.0,1.0,B02
201300023243,0,7,0,0.0,0.0,5.0,9.0,A01
201300023243,0,7,0,0.0,2.0,1.0,21.0,B02
201300023244,0,33,0,0.0,0.0,9.0,1.0,A01
201300023245,0,16,0,0.0,0.0,0.0,0.0,A01
201300023245,0,38,46,0.0,2.0,1.0,1.0,C03
201300023246,0,10,0,0.0,2.0,3.0,1.0,A01
201300023246,0,1,0,0.0,2.0,1.0,13.0,B02
201300023247,0,30,0,0.0,2.0,1.0,1.0,A01
201300023247,0,10,0,0.0,2.0,3.0,1.0,B02
201300023248,0,7,0,4.0,0.0,2.0,17.0,A01
201300023248,0,10,0,0.0,2.0,6.0,23.0,B02
201300023249,0,7,0,4.0,0.0,3.0,1.0,A01
201300023250,0,7,0,0.0,2.0,2.0,13.0,A01
201300023250,0,7,0,4.0,2.0,6.0,2.0,B02
201300023251,0,7,0,0.0,2.0,1.0,1.0,A01
201300023251,0,17,0,0.0,0.0,0.0,1.0,B02
201300023252,0,33,0,6.0,0.0,7.0,1.0,A01
201300023253,0,7,0,0.0,2.0,1.0,2.0,A01
201300023253,0,7,0,0.0,2.0,4.0,2.0,B02
201300023253,0,7,0,14.0,0.0,1.0,2.0,C03