Num_Acc,senc,catv,occutc,obs,obsm,choc,manv,num_veh
201300023254,0,7,0,13.0,2.0,2.0,1.0,A01
201300023254,0,7,0,13.0,2.0,3.0,1.0,B02
201300023255,0,7,0,4.0,0.0,3.0,13.0,A01
201300023256,0,34,0,4.0,0.0,2.0,15.0,A01
201300023257,0,7,0,4.0,0.0,3.0,13.0,A01
201300023258,0,7,0,4.0,0.0,6.0,21.0,A01
201300023259,0,33,0,4.0,0.0,8.0,13.0,A01
201300023260,0,7,0,0.0,2.0,2.0,1.0,A01
201300023260,0,15,0,0.0,2.0,8.0,13.0,B02
201300023261,0,7,0,0.0,2.0,4.0,1.0,A01
201300023261,0,7,0,0.0,2.0,1.0,12.0,B02
201300023262,0,7,0,4.0,0.0,2.0,0.0,A01
201300023263,0,33,0,0.0,2.0,1.0,2.0,A01
201300023264,0,7,0,3.0,0.0,2.0,1.0,A01
201300023265,0,10,0,3.0,0.0,6.0,1.0,C03
201300023265,0,7,0,0.0,0.0,5.0,1.0,B02
201300023265,0,10,0,0.0,2.0,2.0,1.0,A01
201300023266,0,17,0,0.0,2.0,3.0,1.0,C03
201300023266,0,7,0,1.0,2.0,2.0,2.0,A01
201300023266,0,7,0,0.0,0.0,4.0,23.0,B02
201300023267,0,7,0,0.0,2.0,2.0,23.0,C03
201300023267,0,10,0,0.0,2.0,5.0,23.0,B02
201300023267,0,7,0,0.0,1.0,2.0,19.0,A01
201300023268,0,7,0,3.0,0.0,1.0,1.0,A01
201300023269,0,34,0,0.0,2.0,1.0,21.0,A01
201300023269,0,7,0,0.0,2.0,2.0,1.0,B02
201300023270,0,7,0,3.0,9.0,1.0,1.0,A01
201300023271,0,7,0,0.0,2.0,1.0,1.0,C03
201300023271,0,7,0,0.0,2.0,8.0,11.0,B02
201300023271,0,7,0,0.0,2.0,2.0,12.0,A01
201300023272,0,7,0,4.0,0.0,3.0,13.0,A01
201300023273,0,17,0,0.0,2.0,3.0,1.0,A01
201300023273,0,10,0,0.0,2.0,1.0,17.0,B02
201300023274,0,7,0,4.0,0.0,3.0,13.0,A01
201300023275,0,7,0,0.0,2.0,1.0,1.0,B02
201300023275,0,7,0,0.0,2.0,1.0,1.0,E05
201300023275,0,10,0,0.0,2.0,1.0,1.0,C03
201300023275,0,7,0,0.0,2.0,1.0,1.0,D04
201300023275,0,7,0,0.0,2.0,4.0,1.0,A01
201300023275,0,7,0,0.0,2.0,1.0,1.0,F06
201300023276,0,7,0,0.0,2.0,2.0,2.0,A01
201300023276,0,15,0,0.0,2.0,6.0,2.0,B02
201300023277,0,7,0,0.0,2.0,7.0,1.0,A01
201300023277,0,7,0,0.0,2.0,8.0,1.0,B02
201300023278,0,7,0,0.0,2.0,3.0,1.0,A01
201300023278,0,7,0,13.0,0.0,5.0,1.0,B02
201300023279,0,7,0,0.0,2.0,2.0,14.0,A01
201300023279,0,7,0,0.0,0.0,8.0,11.0,B02
201300023280,0,17,0,6.0,0.0,1.0,1.0,A01
201300023281,0,7,0,3.0,0.0,1.0,1.0,A01
201300023282,0,7,0,13.0,0.0,9.0,1.0,A01
201300023283,0,7,0,6.0,0.0,1.0,0.0,A01
201300023284,0,7,0,0.0,2.0,2.0,1.0,A01
201300023284,0,14,0,0.0,2.0,6.0,1.0,B02
201300023285,0,7,0,3.0,0.0,9.0,2.0,A01
201300023286,0,17,0,0.0,0.0,6.0,1.0,B02
201300023286,0,7,0,0.0,2.0,2.0,2.0,A01
201300023287,0,31,0,14.0,0.0,8.0,1.0,A01
201300023288,0,7,0,0.0,2.0,3.0,1.0,B02
201300023288,0,7,0,0.0,2.0,2.0,16.0,A01
201300023289,0,2,0,14.0,0.0,1.0,1.0,A01
201300023290,0,7,0,0.0,1.0,3.0,1.0,A01
201300023291,0,7,0,0.0,2.0,1.0,2.0,A01
201300023291,0,17,0,0.0,0.0,4.0,2.0,C03
201300023292,0,7,0,0.0,2.0,1.0,2.0,A01
201300023292,0,7,0,3.0,0.0,4.0,2.0,B02
201300023293,0,7,0,0.0,2.0,2.0,14.0,A01
201300023293,0,7,0,0.0,0.0,6.0,0.0,B02
201300023294,0,14,0,0.0,0.0,2.0,11.0,A01
201300023295,0,7,0,13.0,0.0,2.0,14.0,A01
201300023296,0,7,0,0.0,2.0,1.0,2.0,A01
201300023296,0,7,0,0.0,0.0,4.0,2.0,B02
201300023297,0,7,0,0.0,2.0,8.0,1.0,B02
201300023297,0,2,0,0.0,2.0,8.0,13.0,A01
201300023298,0,2,0,12.0,0.0,1.0,1.0,A01
201300023299,0,7,0,0.0,1.0,8.0,1.0,A01
201300023300,0,7,0,2.0,0.0,0.0,1.0,A01
201300023301,0,7,0,0.0,2.0,1.0,1.0,B01
201300023301,0,7,0,0.0,2.0,3.0,19.0,A01
201300023302,0,7,0,13.0,0.0,8.0,13.0,A01
201300023303,1,7,0,0.0,2.0,3.0,16.0,A01
201300023303,0,7,0,0.0,0.0,5.0,1.0,B01
201300023304,0,7,0,12.0,0.0,1.0,13.0,A01
201300023305,0,7,0,0.0,2.0,1.0,2.0,A01
201300023305,0,7,0,0.0,0.0,4.0,1.0,B01
201300023306,0,7,0,2.0,0.0,2.0,14.0,A01
201300023307,0,30,0,0.0,2.0,1.0,13.0,A01
201300023307,0,7,0,0.0,2.0,2.0,1.0,B01
201300023308,0,30,0,15.0,0.0,1.0,13.0,A01
201300023309,0,7,0,0.0,1.0,1.0,16.0,A01
201300023310,0,33,0,0.0,0.0,0.0,15.0,A01
201300023311,0,7,0,0.0,2.0,3.0,9.0,A01
201300023311,0,33,0,0.0,2.0,1.0,1.0,B01
201300023312,0,30,0,0.0,2.0,1.0,2.0,A01
201300023312,0,7,0,0.0,0.0,4.0,23.0,B01
201300023313,0,15,0,16.0,0.0,8.0,13.0,A01
201300023314,0,31,0,0.0,2.0,1.0,1.0,B01
201300023314,0,7,0,0.0,0.0,7.0,1.0,A01
201300023315,0,7,0,0.0,2.0,1.0,13.0,A01
201300023315,0,7,0,0.0,2.0,3.0,1.0,B01
201300023316,0,7,0,0.0,2.0,1.0,13.0,A01
201300023316,0,7,0,0.0,2.0,3.0,1.0,B01
201300023317,0,7,0,15.0,0.0,8.0,1.0,A01
201300023318,0,7,0,0.0,2.0,1.0,1.0,B01
201300023318,0,14,0,0.0,2.0,1.0,1.0,A01
201300023318,0,7,0,0.0,0.0,4.0,2.0,C01
201300023319,0,7,0,0.0,1.0,2.0,1.0,A01
201300023320,0,7,0,0.0,2.0,1.0,10.0,A01
201300023320,0,33,0,0.0,2.0,1.0,1.0,B01
201300023321,0,7,0,0.0,2.0,1.0,17.0,A01
201300023321,0,7,0,0.0,2.0,1.0,1.0,B01
201300023322,0,33,0,0.0,0.0,0.0,0.0,A01
201300023323,0,7,0,2.0,0.0,3.0,1.0,A01
201300023324,0,7,0,0.0,0.0,8.0,1.0,A01
201300023324,0,7,0,0.0,0.0,3.0,1.0,B02
201300023324,0,7,0,0.0,0.0,6.0,1.0,C03
201300023325,0,7,0,0.0,1.0,3.0,16.0,A01
201300023326,0,7,0,0.0,2.0,1.0,1.0,B02
201300023326,0,10,0,0.0,2.0,8.0,1.0,A01
201300023327,0,15,0,3.0,0.0,8.0,13.0,A01
201300023328,0,17,0,4.0,0.0,7.0,14.0,A01
201300023329,0,7,0,4.0,0.0,3.0,17.0,A01
201300023330,0,7,0,4.0,0.0,1.0,0.0,A01
201300023331,0,7,0,0.0,9.0,1.0,1.0,C03
201300023331,0,7,0,0.0,2.0,7.0,17.0,A01
201300023331,0,17,0,0.0,2.0,8.0,1.0,B02
201300023332,0,16,0,4.0,0.0,3.0,1.0,A01
201300023333,0,7,0,4.0,9.0,2.0,1.0,A01
201300023334,0,7,0,0.0,0.0,8.0,1.0,B02
201300023334,0,7,0,0.0,2.0,1.0,21.0,A01
201300023335,0,33,0,0.0,0.0,0.0,1.0,A01
201300023336,0,33,0,2.0,0.0,1.0,1.0,A01
201300023337,0,7,0,0.0,2.0,6.0,1.0,C03
201300023337,1,7,0,0.0,2.0,3.0,1.0,B02
201300023337,0,7,0,0.0,2.0,2.0,21.0,A01
201300023338,0,7,0,0.0,2.0,3.0,1.0,B02
201300023338,0,33,0,0.0,2.0,1.0,17.0,A01
201300023339,0,7,0,13.0,0.0,1.0,13.0,A01
201300023340,0,7,0,16.0,0.0,9.0,1.0,A01
201300023341,0,7,0,0.0,1.0,2.0,1.0,A01
201300023342,0,7,0,0.0,1.0,2.0,1.0,A01
201300023343,0,1,0,0.0,2.0,1.0,15.0,A01
201300023343,0,7,0,0.0,2.0,1.0,1.0,B01
201300023344,0,31,0,0.0,2.0,1.0,1.0,B01
201300023344,0,7,0,0.0,2.0,2.0,15.0,A01
201300023345,0,7,0,0.0,2.0,1.0,1.0,A01
201300023345,0,7,0,0.0,2.0,4.0,1.0,B01
201300023346,0,7,0,0.0,2.0,5.0,1.0,A01
201300023346,0,1,0,0.0,2.0,8.0,16.0,B01
201300023347,1,7,0,0.0,2.0,2.0,1.0,B01
201300023347,0,7,0,0.0,0.0,6.0,23.0,A01
201300023348,0,7,0,0.0,2.0,1.0,1.0,B01
201300023348,0,7,0,0.0,2.0,1.0,5.0,A01
201300023349,0,7,0,0.0,2.0,1.0,1.0,B01
201300023349,0,7,0,2.0,2.0,1.0,15.0,A01
201300023350,0,7,0,0.0,2.0,6.0,9.0,A01
201300023350,0,33,0,0.0,2.0,8.0,21.0,B01
201300023351,0,33,0,0.0,2.0,1.0,1.0,A01
201300023351,0,7,0,0.0,2.0,6.0,15.0,B01
201300023352,0,7,0,2.0,0.0,2.0,1.0,A01
201300023353,0,7,0,2.0,0.0,1.0,6.0,A01
201300023354,0,33,0,0.0,2.0,2.0,17.0,B01
201300023354,0,7,0,0.0,2.0,8.0,15.0,A01
201300023355,0,7,0,0.0,2.0,1.0,16.0,A01
201300023355,0,1,0,0.0,2.0,6.0,1.0,B01
201300023356,0,7,0,0.0,2.0,1.0,1.0,A01
201300023356,0,10,0,0.0,2.0,4.0,1.0,B01
201300023357,0,7,0,0.0,2.0,1.0,13.0,A01
201300023357,0,7,0,0.0,2.0,1.0,1.0,B01
201300023358,0,10,0,0.0,1.0,1.0,15.0,A01
201300023359,0,7,0,0.0,2.0,4.0,1.0,B01
201300023359,0,7,0,0.0,2.0,1.0,1.0,A01
201300023360,0,30,0,6.0,0.0,1.0,13.0,A01
201300023361,0,1,0,0.0,2.0,1.0,1.0,A01
201300023361,0,7,0,0.0,0.0,2.0,23.0,B01
201300023362,0,7,0,0.0,1.0,0.0,1.0,A01
201300023363,0,1,0,0.0,2.0,1.0,1.0,B01
201300023363,0,7,0,0.0,2.0,2.0,23.0,A01
201300023364,0,33,0,0.0,2.0,2.0,15.0,A01
201300023364,0,33,0,0.0,0.0,1.0,1.0,B01
201300023365,0,7,0,0.0,2.0,2.0,15.0,B01
201300023365,0,7,0,6.0,2.0,1.0,1.0,A01
201300023366,0,7,0,0.0,2.0,3.0,1.0,B01
201300023366,0,33,0,0.0,2.0,5.0,16.0,A01
201300023367,0,30,0,0.0,2.0,2.0,1.0,B01
201300023367,0,7,0,0.0,2.0,3.0,1.0,A01
201300023368,0,7,0,0.0,2.0,7.0,15.0,A01
201300023368,0,31,0,0.0,2.0,1.0,1.0,B01
201300023369,0,7,0,0.0,2.0,3.0,15.0,A01
201300023369,0,1,0,0.0,2.0,1.0,17.0,B01
201300023370,0,7,0,0.0,2.0,8.0,15.0,A01
201300023370,0,33,0,0.0,2.0,1.0,1.0,B01
201300023371,0,7,0,0.0,2.0,5.0,1.0,A01
201300023371,0,2,0,0.0,2.0,6.0,15.0,B01
201300023372,0,7,0,0.0,2.0,3.0,1.0,B01
201300023372,0,7,0,0.0,2.0,3.0,15.0,A01
201300023373,0,7,0,0.0,0.0,6.0,20.0,B01
201300023373,0,1,0,0.0,2.0,1.0,17.0,A01
201300023374,0,7,0,0.0,2.0,1.0,15.0,A01
201300023374,0,1,0,0.0,2.0,6.0,1.0,B01
201300023375,0,33,0,0.0,2.0,1.0,1.0,A01
201300023375,0,10,0,0.0,0.0,4.0,1.0,B01
201300023376,0,7,0,0.0,0.0,3.0,9.0,A01
201300023376,0,33,0,0.0,2.0,1.0,1.0,B01
201300023377,0,33,0,0.0,0.0,8.0,1.0,A01
201300023377,1,7,0,0.0,0.0,0.0,10.0,Z01
201300023378,0,7,0,2.0,0.0,1.0,0.0,A01
201300023379,0,10,0,0.0,2.0,1.0,15.0,A01
201300023379,0,1,0,0.0,2.0,8.0,1.0,B01
201300023380,0,7,0,0.0,2.0,4.0,2.0,B01
201300023380,0,7,0,0.0,2.0,1.0,2.0,A01
201300023381,0,1,0,0.0,2.0,1.0,1.0,B01
201300023381,0,13,0,0.0,2.0,1.0,1.0,A01
201300023382,0,7,0,0.0,1.0,4.0,4.0,A01
201300023383,0,10,0,0.0,0.0,1.0,1.0,A01
201300023383,0,2,0,0.0,2.0,8.0,21.0,B01
201300023384,0,7,0,0.0,2.0,1.0,1.0,B01
201300023384,0,7,0,0.0,2.0,1.0,1.0,A01
201300023385,0,7,0,16.0,0.0,9.0,21.0,A01
201300023386,0,7,0,0.0,2.0,8.0,9.0,A01
201300023386,0,2,0,0.0,2.0,7.0,0.0,B01
201300023387,0,7,0,0.0,2.0,2.0,16.0,A01
201300023387,0,1,0,0.0,0.0,1.0,1.0,B01
201300023388,0,7,0,0.0,2.0,8.0,9.0,A01
201300023388,0,31,0,0.0,2.0,7.0,1.0,B01
201300023389,0,7,0,0.0,2.0,1.0,1.0,A01
201300023389,0,1,0,0.0,2.0,5.0,1.0,B01
201300023390,0,2,0,0.0,2.0,3.0,1.0,A01
201300023390,0,7,0,0.0,2.0,3.0,1.0,B01
201300023391,0,10,0,0.0,5.0,1.0,1.0,A01
201300023392,0,2,0,0.0,2.0,3.0,1.0,A01
201300023392,0,10,0,0.0,2.0,3.0,1.0,B01
201300023393,0,7,0,2.0,0.0,9.0,1.0,A01
201300023394,0,10,0,2.0,0.0,8.0,13.0,A01
201300023395,0,33,0,0.0,2.0,1.0,1.0,A01
201300023395,0,7,0,0.0,2.0,7.0,15.0,B02
201300023396,0,33,0,0.0,2.0,1.0,5.0,A01
201300023396,0,7,0,0.0,2.0,1.0,1.0,B02
201300023397,0,37,1,0.0,2.0,1.0,1.0,A01
201300023397,0,31,0,0.0,2.0,1.0,13.0,B02
201300023398,0,7,0,0.0,9.0,2.0,0.0,B01
201300023398,0,1,0,0.0,0.0,2.0,1.0,A02
201300023399,0,10,0,13.0,0.0,1.0,1.0,A01
201300023400,0,7,0,13.0,0.0,1.0,1.0,A01
201300023401,0,7,0,0.0,2.0,1.0,1.0,A01
201300023401,0,7,0,0.0,0.0,4.0,1.0,B01
201300023402,0,7,0,0.0,2.0,3.0,1.0,B01
201300023402,0,7,0,0.0,2.0,1.0,1.0,A01
201300023403,0,30,0,0.0,2.0,1.0,1.0,A01
201300023403,0,30,0,0.0,2.0,1.0,1.0,B01
201300023404,0,7,0,0.0,0.0,4.0,23.0,B01
201300023404,0,32,0,1.0,0.0,1.0,1.0,A01
201300023405,0,40,0,0.0,0.0,1.0,1.0,B01
201300023405,0,7,0,0.0,2.0,1.0,1.0,A01
201300023406,0,7,0,0.0,1.0,6.0,15.0,A01
201300023407,0,2,0,0.0,2.0,1.0,1.0,A01
201300023407,0,7,0,0.0,0.0,8.0,1.0,B01
201300023408,0,7,0,0.0,1.0,3.0,15.0,A01
201300023409,0,7,0,0.0,1.0,3.0,1.0,A01
201300023410,0,2,0,0.0,0.0,0.0,1.0,A01
201300023411,0,7,0,0.0,2.0,2.0,1.0,A01
201300023411,0,7,0,15.0,0.0,9.0,14.0,B01
201300023412,0,1,0,0.0,2.0,7.0,1.0,B01
201300023412,0,7,0,0.0,2.0,3.0,1.0,A01
201300023413,0,34,0,0.0,2.0,6.0,17.0,A01
201300023413,0,7,0,0.0,2.0,3.0,1.0,B01
201300023414,0,7,0,0.0,2.0,1.0,1.0,A01
201300023414,0,7,0,0.0,2.0,4.0,1.0,B01
201300023415,0,34,0,0.0,2.0,1.0,1.0,A01
201300023415,0,7,0,0.0,0.0,8.0,1.0,B01
201300023416,0,7,0,0.0,1.0,1.0,0.0,A01
201300023417,0,2,0,0.0,1.0,7.0,1.0,A01
201300023418,0,7,0,0.0,0.0,8.0,15.0,A01
201300023418,0,2,0,0.0,2.0,1.0,1.0,B01
201300023419,0,7,0,8.0,0.0,1.0,15.0,A01
201300023420,0,37,40,0.0,2.0,0.0,1.0,C01
201300023420,0,2,0,0.0,2.0,1.0,1.0,A01
201300023420,0,13,0,0.0,2.0,0.0,1.0,B01
201300023421,0,7,0,0.0,2.0,4.0,2.0,C01
201300023421,0,7,0,0.0,2.0,9.0,2.0,B01
201300023421,0,37,0,0.0,2.0,1.0,1.0,A01
201300023422,0,33,0,0.0,9.0,5.0,1.0,A01
201300023423,0,30,0,0.0,2.0,1.0,1.0,B01
201300023423,0,7,0,0.0,2.0,8.0,15.0,A01
201300023424,0,7,0,0.0,0.0,8.0,1.0,A01
201300023424,0,7,0,0.0,2.0,1.0,1.0,B01
201300023425,0,7,0,0.0,1.0,1.0,1.0,A01
201300023426,0,7,0,0.0,1.0,4.0,4.0,A01
201300023427,0,7,0,0.0,2.0,2.0,15.0,A01
201300023427,0,30,0,0.0,2.0,8.0,1.0,B01
201300023428,1,7,0,0.0,1.0,0.0,0.0,Z01
201300023429,0,33,0,0.0,2.0,1.0,21.0,A01
201300023429,0,7,0,0.0,0.0,5.0,1.0,B01
201300023430,1,7,0,0.0,1.0,1.0,1.0,Z01
201300023431,0,31,0,0.0,1.0,9.0,1.0,A01
201300023432,0,7,0,0.0,0.0,1.0,1.0,B01
201300023432,0,10,0,0.0,2.0,1.0,1.0,A01
201300023433,0,7,0,0.0,0.0,4.0,1.0,B01
201300023433,0,33,0,0.0,2.0,1.0,2.0,A01
201300023434,0,7,0,0.0,1.0,3.0,1.0,A01
201300023435,0,7,0,0.0,1.0,2.0,1.0,A01
201300023436,0,7,0,6.0,2.0,2.0,1.0,B01
201300023436,0,7,0,0.0,2.0,3.0,1.0,A01
201300023437,0,2,0,0.0,1.0,1.0,1.0,A01
201300023438,0,33,0,0.0,1.0,1.0,1.0,A01
201300023439,0,10,0,0.0,1.0,1.0,1.0,A01
201300023440,0,10,0,0.0,2.0,1.0,2.0,A01
201300023440,0,7,0,0.0,0.0,4.0,1.0,B01
201300023441,0,7,0,0.0,0.0,5.0,1.0,A01
201300023441,0,31,0,0.0,2.0,1.0,1.0,B01
201300023442,0,7,0,0.0,2.0,1.0,1.0,A01
201300023442,0,1,0,0.0,2.0,4.0,2.0,B01
201300023443,0,7,0,0.0,2.0,0.0,1.0,A01
201300023443,0,31,0,0.0,0.0,0.0,1.0,B01
201300023444,0,7,0,0.0,2.0,2.0,2.0,A01
201300023444,0,7,0,0.0,0.0,4.0,1.0,B01
201300023445,0,7,0,0.0,1.0,2.0,1.0,A01
201300023446,0,7,0,0.0,1.0,1.0,1.0,A01
201300023447,0,33,0,0.0,9.0,8.0,1.0,A01
201300023448,0,7,0,0.0,2.0,5.0,2.0,B01
201300023448,0,7,0,0.0,2.0,3.0,2.0,A01
201300023449,0,10,0,0.0,2.0,1.0,0.0,A01
201300023449,0,7,0,0.0,2.0,4.0,0.0,B01
201300023450,0,33,0,0.0,0.0,8.0,0.0,A01
201300023451,0,33,0,0.0,2.0,1.0,2.0,A01
201300023451,0,7,0,0.0,2.0,8.0,2.0,B01
201300023452,0,7,0,0.0,2.0,1.0,1.0,A01
201300023452,0,7,0,0.0,0.0,7.0,15.0,B01
201300023453,0,7,0,0.0,1.0,2.0,1.0,A01
201300023454,0,7,0,0.0,2.0,1.0,15.0,A01
201300023454,0,7,0,0.0,2.0,1.0,1.0,B01
201300023455,0,7,0,0.0,2.0,1.0,1.0,B01
201300023455,0,7,0,0.0,2.0,2.0,15.0,A01
201300023456,0,2,0,0.0,2.0,1.0,1.0,B01
201300023456,0,7,0,0.0,0.0,5.0,15.0,A01
201300023457,0,32,0,0.0,2.0,1.0,1.0,A01
201300023457,0,7,0,0.0,0.0,7.0,1.0,B01
201300023458,0,7,0,0.0,2.0,6.0,15.0,B01
201300023458,0,10,0,0.0,2.0,1.0,1.0,A01
201300023459,0,7,0,0.0,2.0,0.0,0.0,B01
201300023459,0,7,0,0.0,2.0,0.0,0.0,A01
201300023460,0,7,0,0.0,2.0,3.0,16.0,A01
201300023460,0,2,0,0.0,2.0,7.0,1.0,B01
201300023461,0,7,0,0.0,2.0,1.0,16.0,B01
201300023461,0,7,0,0.0,2.0,6.0,14.0,A01
201300023462,0,7,0,0.0,2.0,1.0,1.0,B01
201300023462,0,7,0,0.0,2.0,6.0,15.0,A01
201300023463,0,33,0,0.0,2.0,7.0,1.0,B01
201300023463,0,7,0,0.0,2.0,1.0,15.0,A01
201300023464,0,7,0,0.0,2.0,8.0,16.0,A01
201300023464,0,1,0,0.0,2.0,0.0,1.0,B01
201300023465,0,7,0,0.0,1.0,3.0,1.0,A01
201300023466,0,7,0,0.0,2.0,1.0,2.0,A01
201300023466,0,7,0,1.0,0.0,4.0,1.0,B01
201300023467,0,7,0,0.0,2.0,8.0,24.0,A01
201300023467,0,1,0,1.0,9.0,2.0,1.0,B01
201300023468,0,7,0,0.0,0.0,4.0,1.0,B01
201300023468,0,7,0,0.0,2.0,1.0,2.0,A01
201300023469,0,1,0,0.0,2.0,1.0,1.0,B01
201300023469,0,7,0,0.0,2.0,3.0,15.0,A01
201300023470,0,7,0,0.0,1.0,1.0,15.0,A01
201300023471,0,2,0,0.0,2.0,1.0,1.0,A01
201300023471,0,7,0,0.0,2.0,4.0,2.0,B01
201300023472,0,7,0,0.0,2.0,1.0,2.0,B01
201300023472,0,7,0,0.0,0.0,4.0,2.0,A01
201300023473,0,7,0,0.0,0.0,1.0,15.0,A01
201300023473,0,7,0,0.0,2.0,1.0,1.0,B01
201300023474,0,2,0,0.0,2.0,1.0,2.0,A01
201300023474,0,7,0,0.0,0.0,4.0,1.0,B01
201300023475,0,7,0,0.0,2.0,3.0,1.0,B01
201300023475,0,7,0,0.0,2.0,3.0,1.0,A01
201300023476,0,37,1,0.0,2.0,7.0,1.0,B01
201300023476,0,1,0,0.0,2.0,3.0,1.0,A01
201300023477,1,7,0,0.0,0.0,6.0,11.0,A01
201300023477,0,34,0,0.0,2.0,1.0,1.0,B01
201300023478,1,3,0,0.0,1.0,1.0,1.0,Z01
201300023479,0,1,0,0.0,2.0,3.0,1.0,B01
201300023479,0,7,0,0.0,2.0,5.0,4.0,A01
201300023480,0,1,0,0.0,1.0,1.0,1.0,A01
201300023481,0,7,0,1.0,0.0,0.0,9.0,A01
201300023482,0,7,0,0.0,0.0,4.0,1.0,B01
201300023482,0,2,0,0.0,2.0,1.0,2.0,A01
201300023483,0,7,0,0.0,2.0,1.0,1.0,A01
201300023483,0,7,0,0.0,2.0,9.0,2.0,B01
201300023483,0,7,0,0.0,2.0,4.0,2.0,C01
201300023484,1,7,0,0.0,2.0,0.0,1.0,Z01
201300023484,0,2,0,0.0,2.0,7.0,1.0,B01
201300023485,0,7,0,0.0,0.0,7.0,15.0,A01
201300023485,0,33,0,0.0,2.0,1.0,1.0,B01
201300023486,0,7,0,2.0,0.0,1.0,1.0,B01
201300023487,0,1,0,0.0,2.0,1.0,2.0,A01
201300023487,0,7,0,0.0,0.0,4.0,2.0,B01
201300023488,0,7,0,0.0,1.0,1.0,15.0,A01
201300023489,0,7,0,0.0,0.0,4.0,1.0,B01
201300023489,0,2,0,0.0,2.0,1.0,2.0,A01
201300023490,0,30,0,0.0,2.0,2.0,1.0,A01
201300023490,0,7,0,0.0,2.0,3.0,16.0,B01
201300023491,0,7,0,0.0,2.0,2.0,1.0,B01
201300023491,0,7,0,0.0,2.0,3.0,16.0,A01
201300023492,0,7,0,3.0,0.0,1.0,1.0,A01
201300023493,0,7,0,0.0,1.0,3.0,20.0,A01
201300023494,0,31,0,0.0,2.0,2.0,2.0,A01
201300023494,0,38,0,0.0,0.0,0.0,2.0,B01
201300023495,0,7,0,0.0,2.0,6.0,1.0,A01
201300023495,0,7,0,0.0,2.0,1.0,1.0,B01
201300023496,0,7,0,0.0,2.0,1.0,2.0,A01
201300023496,1,33,0,0.0,2.0,4.0,1.0,B01
201300023497,0,7,0,0.0,2.0,3.0,9.0,A01
201300023497,0,31,0,0.0,2.0,1.0,1.0,B01
201300023498,0,7,0,0.0,2.0,2.0,15.0,A01
201300023498,0,33,0,0.0,2.0,1.0,1.0,B01
201300023499,0,7,0,0.0,2.0,9.0,1.0,A01
201300023499,0,7,0,0.0,2.0,1.0,1.0,B01
201300023500,0,7,0,0.0,2.0,2.0,15.0,A01
201300023500,0,31,0,0.0,2.0,1.0,1.0,B01
201300023501,0,7,0,0.0,2.0,1.0,15.0,B01
201300023501,0,7,0,0.0,2.0,1.0,1.0,A01
201300023502,0,7,0,0.0,2.0,0.0,2.0,A01
201300023502,0,7,0,0.0,0.0,4.0,2.0,C01
201300023502,0,7,0,0.0,2.0,4.0,2.0,B01
201300023503,0,2,0,0.0,2.0,1.0,1.0,A01
201300023503,0,7,0,0.0,0.0,5.0,20.0,B01
201300023504,0,7,0,0.0,2.0,1.0,2.0,A01
201300023504,0,7,0,0.0,0.0,4.0,1.0,C01
201300023504,0,7,0,0.0,2.0,4.0,2.0,B01
201300023505,0,40,0,0.0,2.0,3.0,1.0,B01
201300023505,0,7,0,0.0,4.0,4.0,15.0,A01
201300023505,0,7,0,0.0,0.0,6.0,15.0,C01
201300023506,0,2,0,0.0,0.0,1.0,1.0,B01
201300023506,0,7,0,0.0,2.0,1.0,1.0,A01
201300023507,0,7,0,0.0,2.0,1.0,1.0,A01
201300023507,0,7,0,0.0,2.0,4.0,2.0,C01
201300023507,0,7,0,0.0,2.0,9.0,2.0,B01
201300023508,0,7,0,0.0,1.0,2.0,1.0,A01
201300023509,0,7,0,0.0,2.0,1.0,1.0,A01
201300023509,0,7,0,0.0,2.0,3.0,1.0,B01
201300023510,0,31,0,0.0,2.0,1.0,2.0,A01
201300023510,0,7,0,0.0,2.0,6.0,2.0,B01
201300023511,0,7,0,0.0,0.0,3.0,9.0,A01
201300023511,0,1,0,0.0,2.0,2.0,1.0,B01
201300023512,0,7,0,0.0,2.0,1.0,1.0,A01
201300023512,0,10,0,0.0,2.0,4.0,2.0,B01
201300023513,0,1,0,0.0,2.0,0.0,1.0,B01
201300023513,0,7,0,0.0,2.0,3.0,15.0,A01
201300023514,0,1,0,0.0,2.0,1.0,1.0,B01
201300023514,0,7,0,0.0,2.0,2.0,15.0,A01
201300023515,0,7,0,0.0,2.0,3.0,9.0,A01
201300023515,0,31,0,0.0,2.0,3.0,1.0,B01
201300023516,0,7,0,0.0,2.0,4.0,2.0,C01
201300023516,0,7,0,0.0,2.0,4.0,2.0,B01
201300023516,0,7,0,0.0,2.0,1.0,1.0,A01
201300023517,0,10,0,0.0,2.0,2.0,16.0,A01
201300023517,0,30,0,0.0,2.0,3.0,1.0,B01
201300023518,0,7,0,1.0,0.0,1.0,1.0,A01
201300023519,0,40,0,0.0,2.0,3.0,1.0,B01
201300023519,0,1,0,0.0,2.0,2.0,1.0,A01
201300023520,0,7,0,0.0,2.0,1.0,2.0,B01
201300023520,0,7,0,0.0,2.0,4.0,2.0,A01
201300023521,0,7,0,1.0,0.0,2.0,1.0,A01
201300023522,0,7,0,0.0,2.0,3.0,15.0,A01
201300023522,0,1,0,0.0,2.0,0.0,1.0,B01
201300023523,0,10,0,0.0,2.0,7.0,16.0,B01
201300023523,0,2,0,0.0,2.0,1.0,16.0,A01
201300023524,0,7,0,0.0,2.0,1.0,1.0,B01
201300023524,0,1,0,0.0,2.0,2.0,9.0,A01