Num_Acc,senc,catv,occutc,obs,obsm,choc,manv,num_veh
201300023778,0,30,0,0.0,2.0,1.0,17.0,B01
201300023778,0,7,0,0.0,2.0,8.0,15.0,A01
201300023779,0,7,0,0.0,2.0,1.0,15.0,B01
201300023779,0,7,0,0.0,2.0,2.0,1.0,A01
201300023780,0,7,0,0.0,2.0,1.0,10.0,A01
201300023780,0,32,0,12.0,2.0,1.0,1.0,B01
201300023781,0,7,0,0.0,2.0,3.0,15.0,A01
201300023781,0,33,0,0.0,2.0,7.0,1.0,B01
201300023782,0,2,0,0.0,0.0,7.0,1.0,A01
201300023783,0,7,0,0.0,2.0,1.0,5.0,A01
201300023783,0,33,0,0.0,2.0,1.0,1.0,B01
201300023784,0,7,0,0.0,2.0,1.0,15.0,A01
201300023784,0,7,0,0.0,2.0,3.0,1.0,B01
201300023785,0,7,0,0.0,2.0,1.0,2.0,A01
201300023785,0,7,0,0.0,0.0,4.0,23.0,C01
201300023785,0,10,0,0.0,2.0,9.0,23.0,B01
201300023786,0,7,0,0.0,1.0,1.0,1.0,A01
201300023787,0,7,0,0.0,0.0,5.0,1.0,A01
201300023787,0,33,0,0.0,2.0,1.0,2.0,B01
201300023788,0,33,0,0.0,0.0,0.0,1.0,A01
201300023789,0,7,0,0.0,2.0,2.0,1.0,B01
201300023789,0,7,0,0.0,2.0,3.0,1.0,A01
201300023790,0,10,0,0.0,2.0,4.0,1.0,B01
201300023790,0,32,0,0.0,2.0,1.0,1.0,A01
201300023791,0,7,0,0.0,2.0,1.0,2.0,A01
201300023791,0,7,0,0.0,0.0,4.0,23.0,C01
201300023791,0,7,0,0.0,2.0,1.0,23.0,B01
201300023792,0,1,0,0.0,2.0,7.0,1.0,A01
201300023792,0,7,0,0.0,2.0,6.0,1.0,B01
201300023793,0,7,0,0.0,2.0,3.0,15.0,A01
201300023793,0,33,0,0.0,2.0,1.0,1.0,B01
201300023794,0,1,0,0.0,2.0,1.0,9.0,B01
201300023794,0,7,0,0.0,2.0,3.0,1.0,A01
201300023795,0,7,0,8.0,2.0,1.0,1.0,A01
201300023795,0,7,0,1.0,2.0,9.0,24.0,B01
201300023795,0,7,0,1.0,2.0,9.0,24.0,C01
201300023795,0,7,0,1.0,2.0,4.0,24.0,D01
201300023796,0,7,0,0.0,2.0,1.0,11.0,A01
201300023796,0,7,0,0.0,2.0,4.0,1.0,B01
201300023797,1,30,0,0.0,1.0,0.0,18.0,Z01
201300023798,0,7,0,0.0,1.0,0.0,0.0,A01
201300023799,0,7,0,0.0,2.0,1.0,13.0,A01
201300023799,0,10,0,0.0,0.0,1.0,1.0,B01
201300023800,0,30,0,0.0,2.0,9.0,1.0,A01
201300023800,0,7,0,0.0,2.0,1.0,15.0,B01
201300023801,0,7,0,0.0,2.0,1.0,1.0,A01
201300023801,0,7,0,0.0,2.0,8.0,1.0,B01
201300023802,0,7,0,0.0,1.0,1.0,15.0,A01
201300023803,0,38,1,0.0,2.0,5.0,1.0,B01
201300023803,0,20,0,0.0,2.0,3.0,15.0,A01
201300023804,0,7,0,0.0,2.0,0.0,1.0,A01
201300023804,0,1,0,0.0,2.0,1.0,1.0,B01
201300023805,0,34,0,0.0,2.0,1.0,15.0,A01
201300023805,0,7,0,0.0,0.0,7.0,1.0,B01
201300023806,0,1,0,0.0,1.0,1.0,1.0,A01
201300023807,0,1,0,0.0,0.0,6.0,1.0,B01
201300023807,0,7,0,0.0,2.0,3.0,16.0,A01
201300023808,0,30,0,0.0,2.0,0.0,0.0,B01
201300023808,1,7,0,0.0,2.0,0.0,0.0,Z01
201300023809,0,7,0,0.0,2.0,2.0,15.0,A01
201300023809,0,32,0,0.0,2.0,1.0,1.0,B01
201300023810,1,33,0,0.0,2.0,1.0,14.0,A01
201300023810,0,7,0,0.0,2.0,8.0,1.0,B01
201300023811,0,7,0,0.0,2.0,8.0,24.0,A01
201300023811,0,1,0,1.0,0.0,1.0,1.0,B01
201300023812,0,31,0,0.0,1.0,8.0,1.0,A01
201300023813,0,7,0,13.0,0.0,1.0,14.0,A01
201300023814,0,7,0,0.0,1.0,0.0,1.0,A01
201300023815,0,30,0,0.0,2.0,2.0,1.0,B01
201300023815,0,7,0,0.0,2.0,3.0,15.0,A01
201300023816,0,33,0,0.0,2.0,8.0,1.0,B01
201300023816,0,10,0,0.0,0.0,2.0,15.0,A01
201300023817,0,7,0,0.0,2.0,1.0,1.0,A01
201300023817,0,7,0,0.0,0.0,4.0,2.0,B01
201300023818,0,7,0,0.0,2.0,7.0,15.0,B01
201300023818,0,7,0,0.0,2.0,1.0,1.0,A01
201300023819,0,7,0,0.0,2.0,4.0,1.0,B01
201300023819,0,7,0,0.0,2.0,1.0,1.0,A01
201300023820,0,7,0,0.0,1.0,8.0,1.0,A01
201300023821,0,13,0,0.0,2.0,3.0,1.0,B01
201300023821,0,7,0,0.0,2.0,3.0,13.0,A01
201300023822,0,7,0,0.0,2.0,2.0,10.0,A01
201300023822,0,33,0,0.0,2.0,3.0,1.0,B01
201300023823,0,2,0,0.0,9.0,8.0,2.0,A01
201300023824,0,2,0,6.0,0.0,1.0,14.0,A01
201300023825,0,7,0,1.0,2.0,6.0,20.0,B01
201300023825,0,7,0,0.0,2.0,1.0,1.0,A01
201300023826,0,33,0,0.0,2.0,3.0,15.0,B01
201300023826,0,7,0,0.0,2.0,5.0,15.0,A01
201300023827,0,1,0,0.0,1.0,1.0,1.0,A01
201300023828,0,1,0,0.0,1.0,3.0,1.0,A01
201300023829,0,10,0,0.0,2.0,1.0,1.0,B01
201300023829,0,7,0,0.0,2.0,1.0,1.0,C01
201300023829,0,10,0,0.0,2.0,3.0,1.0,A01
201300023830,0,31,0,0.0,2.0,2.0,1.0,B01
201300023830,0,7,0,0.0,2.0,3.0,15.0,A01
201300023831,0,14,0,0.0,2.0,1.0,1.0,A01
201300023831,0,7,0,0.0,0.0,8.0,1.0,B01
201300023832,0,33,0,0.0,2.0,9.0,1.0,B01
201300023832,0,10,0,0.0,2.0,8.0,1.0,A01
201300023833,0,7,0,0.0,2.0,2.0,13.0,A01
201300023834,0,7,0,0.0,1.0,1.0,1.0,A01
201300023835,0,7,0,0.0,2.0,2.0,9.0,A01
201300023835,0,1,0,0.0,0.0,0.0,0.0,B01
201300023836,0,7,0,0.0,2.0,3.0,22.0,A01
201300023836,0,1,0,1.0,0.0,1.0,1.0,B01
201300023837,0,1,0,0.0,2.0,2.0,19.0,A01
201300023837,0,1,0,0.0,2.0,3.0,1.0,B01
201300023838,0,7,0,0.0,0.0,7.0,1.0,B01
201300023838,0,1,0,0.0,2.0,3.0,16.0,A01
201300023839,0,33,0,0.0,0.0,8.0,1.0,B01
201300023839,0,7,0,0.0,0.0,7.0,1.0,A01
201300023840,0,7,0,0.0,2.0,2.0,15.0,A01
201300023840,0,3,0,0.0,2.0,3.0,1.0,B01
201300023841,0,7,0,0.0,2.0,3.0,1.0,A01
201300023841,0,7,0,0.0,2.0,0.0,1.0,B01
201300023842,0,1,0,0.0,2.0,2.0,1.0,A01
201300023842,0,7,0,0.0,2.0,7.0,1.0,C01
201300023842,0,1,0,0.0,2.0,0.0,1.0,B01
201300023842,2,2,0,0.0,2.0,0.0,1.0,Z01
201300023843,1,7,0,0.0,0.0,0.0,1.0,Z01
201300023843,0,1,0,0.0,2.0,1.0,1.0,B01
201300023844,0,1,0,14.0,0.0,0.0,0.0,A01
201300023845,0,1,0,0.0,2.0,0.0,15.0,A01
201300023845,0,31,0,0.0,2.0,0.0,1.0,B01
201300023846,0,7,0,0.0,2.0,2.0,15.0,A01
201300023846,0,31,0,0.0,2.0,8.0,1.0,B01
201300023847,0,7,0,0.0,2.0,1.0,13.0,B01
201300023847,0,33,0,0.0,2.0,3.0,13.0,A01
201300023848,0,7,0,0.0,2.0,0.0,1.0,A01
201300023849,0,7,0,0.0,2.0,1.0,2.0,A01
201300023849,0,7,0,0.0,0.0,4.0,2.0,B01
201300023850,0,7,0,0.0,2.0,7.0,1.0,A01
201300023850,0,2,0,0.0,2.0,1.0,1.0,B01
201300023851,0,2,0,8.0,1.0,0.0,1.0,A01
201300023852,0,31,0,0.0,2.0,1.0,1.0,A01
201300023852,0,7,0,0.0,2.0,4.0,1.0,B01
201300023853,0,10,0,0.0,0.0,7.0,2.0,B01
201300023853,0,2,0,0.0,2.0,1.0,2.0,A01
201300023854,0,31,0,0.0,1.0,2.0,1.0,A01
201300023854,0,7,0,0.0,2.0,9.0,23.0,B01
201300023855,0,7,0,0.0,2.0,3.0,1.0,B01
201300023855,0,2,0,0.0,2.0,1.0,17.0,A01
201300023856,0,7,0,0.0,1.0,1.0,1.0,A01
201300023857,0,1,0,0.0,2.0,1.0,1.0,B01
201300023857,0,7,0,0.0,2.0,1.0,15.0,A01
201300023858,0,7,0,0.0,1.0,1.0,15.0,A01
201300023859,0,7,0,0.0,2.0,3.0,1.0,B01
201300023859,0,7,0,0.0,2.0,3.0,15.0,A01
201300023860,0,7,0,0.0,1.0,1.0,1.0,A01
201300023861,0,7,0,0.0,2.0,1.0,2.0,A01
201300023861,0,7,0,0.0,0.0,4.0,2.0,B01
201300023862,0,7,0,0.0,2.0,4.0,1.0,A01
201300023862,0,7,0,0.0,2.0,1.0,2.0,B01
201300023863,0,39,0,0.0,2.0,3.0,1.0,B01
201300023863,0,7,0,0.0,2.0,2.0,15.0,A01
201300023864,0,30,0,0.0,2.0,1.0,1.0,A01
201300023864,0,7,0,0.0,2.0,2.0,15.0,B01
201300023865,0,7,0,0.0,2.0,8.0,1.0,A01
201300023865,0,1,0,0.0,2.0,0.0,15.0,B01
201300023866,0,7,0,0.0,2.0,1.0,1.0,A01
201300023866,0,7,0,0.0,2.0,4.0,2.0,C01
201300023866,0,7,0,0.0,2.0,4.0,2.0,B01
201300023867,0,33,0,0.0,2.0,1.0,1.0,B01
201300023867,0,7,0,0.0,2.0,2.0,15.0,A01
201300023868,1,7,0,0.0,2.0,3.0,24.0,Z01
201300023868,0,1,0,1.0,0.0,2.0,1.0,B01
201300023869,0,2,0,0.0,2.0,1.0,1.0,B01
201300023869,0,7,0,0.0,2.0,3.0,1.0,A01
201300023870,0,7,0,0.0,1.0,2.0,16.0,A01
201300023871,0,7,0,0.0,2.0,6.0,1.0,B01
201300023871,0,33,0,0.0,2.0,8.0,1.0,A01
201300023872,0,1,0,0.0,2.0,1.0,9.0,A01
201300023872,0,7,0,0.0,2.0,3.0,1.0,B01
201300023873,0,30,0,0.0,2.0,5.0,1.0,A01
201300023873,0,7,0,0.0,2.0,3.0,1.0,B01
201300023874,0,14,0,0.0,2.0,8.0,15.0,B01
201300023874,0,33,0,0.0,2.0,6.0,1.0,A01
201300023875,0,31,0,0.0,2.0,1.0,1.0,B01
201300023875,0,7,0,0.0,0.0,7.0,15.0,A01
201300023876,0,7,0,0.0,2.0,3.0,15.0,A01
201300023876,0,31,0,0.0,2.0,1.0,1.0,B01
201300023877,0,20,0,0.0,2.0,1.0,1.0,B01
201300023877,0,7,0,0.0,2.0,3.0,16.0,A01
201300023878,0,7,0,0.0,2.0,9.0,13.0,A01
201300023878,0,7,0,0.0,2.0,9.0,1.0,B01
201300023879,0,7,0,1.0,0.0,1.0,1.0,A01
201300023880,0,40,0,0.0,1.0,3.0,1.0,B01
201300023881,0,7,0,0.0,0.0,5.0,1.0,B01
201300023881,1,7,0,0.0,0.0,1.0,2.0,Z01
201300023882,0,7,0,0.0,0.0,7.0,16.0,A01
201300023882,0,33,0,0.0,2.0,1.0,1.0,B01
201300023883,0,7,0,0.0,2.0,4.0,1.0,C01
201300023883,0,7,0,0.0,2.0,1.0,1.0,A01
201300023883,0,7,0,0.0,2.0,4.0,1.0,B01
201300023884,0,33,0,0.0,2.0,0.0,1.0,A01
201300023884,0,7,0,0.0,2.0,3.0,15.0,B01
201300023885,0,33,0,0.0,0.0,9.0,1.0,A01
201300023886,0,1,0,0.0,2.0,0.0,1.0,B01
201300023886,0,7,0,0.0,0.0,0.0,16.0,A01
201300023887,0,7,0,0.0,2.0,1.0,1.0,B01
201300023887,0,7,0,0.0,2.0,1.0,0.0,A01
201300023888,0,1,0,0.0,2.0,1.0,15.0,B01
201300023888,0,7,0,0.0,2.0,2.0,1.0,A01
201300023889,0,7,0,0.0,2.0,2.0,1.0,A01
201300023890,0,7,0,1.0,2.0,7.0,2.0,A01
201300023890,0,7,0,0.0,2.0,9.0,1.0,B01
201300023891,0,33,0,0.0,0.0,7.0,16.0,A01
201300023891,0,7,0,0.0,2.0,3.0,15.0,B01
201300023892,0,40,0,0.0,1.0,5.0,1.0,A01
201300023893,0,7,0,0.0,2.0,2.0,1.0,B01
201300023893,0,1,0,0.0,2.0,1.0,19.0,A01
201300023894,0,7,0,0.0,0.0,3.0,2.0,C01
201300023894,0,15,0,0.0,0.0,3.0,1.0,B01
201300023894,0,33,0,0.0,2.0,9.0,1.0,A01
201300023895,0,7,0,0.0,0.0,7.0,1.0,B01
201300023895,0,7,0,0.0,2.0,3.0,1.0,C01
201300023895,0,7,0,0.0,2.0,1.0,1.0,A01
201300023896,0,32,0,0.0,2.0,3.0,1.0,B01
201300023896,0,7,0,0.0,0.0,2.0,16.0,A01
201300023897,0,7,0,0.0,2.0,2.0,2.0,A01
201300023897,0,7,0,0.0,0.0,6.0,1.0,B01
201300023898,0,1,0,0.0,2.0,1.0,1.0,A01
201300023898,0,7,0,0.0,2.0,1.0,1.0,B01
201300023899,0,31,0,6.0,0.0,0.0,1.0,A01
201300023900,0,7,0,0.0,2.0,5.0,1.0,B01
201300023900,0,1,0,0.0,0.0,8.0,1.0,A01
201300023901,0,7,0,0.0,0.0,0.0,1.0,B01
201300023901,0,32,0,0.0,2.0,2.0,2.0,A01
201300023902,0,7,0,0.0,0.0,4.0,2.0,C01
201300023902,0,7,0,0.0,2.0,4.0,2.0,B01
201300023902,0,7,0,0.0,2.0,1.0,2.0,A01
201300023903,0,2,0,0.0,2.0,3.0,1.0,A01
201300023903,0,7,0,0.0,2.0,2.0,1.0,B01
201300023904,0,30,0,0.0,2.0,3.0,1.0,B01
201300023904,0,7,0,0.0,2.0,2.0,12.0,A01
201300023905,0,10,0,0.0,0.0,1.0,1.0,B01
201300023905,0,7,0,0.0,2.0,1.0,13.0,A01
201300023906,0,7,0,1.0,2.0,1.0,10.0,A01
201300023906,0,7,0,0.0,2.0,7.0,1.0,B01
201300023907,0,7,0,0.0,2.0,4.0,1.0,B01
201300023907,0,7,0,0.0,2.0,1.0,1.0,A01
201300023908,0,7,0,0.0,0.0,5.0,1.0,B01
201300023908,0,7,0,1.0,2.0,1.0,1.0,A01
201300023909,0,7,0,0.0,2.0,4.0,2.0,B01
201300023909,0,7,0,0.0,0.0,4.0,2.0,C01
201300023909,0,7,0,0.0,2.0,1.0,2.0,A01
201300023910,0,7,0,13.0,0.0,8.0,1.0,A01
201300023911,0,7,0,0.0,2.0,1.0,15.0,A01
201300023911,0,33,0,0.0,2.0,1.0,1.0,B01
201300023912,0,1,0,1.0,2.0,1.0,2.0,A01
201300023913,0,2,0,0.0,2.0,1.0,1.0,B01
201300023913,0,7,0,0.0,0.0,2.0,15.0,A01
201300023914,0,10,0,0.0,1.0,7.0,1.0,B01
201300023915,0,1,0,0.0,0.0,4.0,1.0,A01
201300023915,0,31,0,0.0,2.0,1.0,15.0,B01
201300023916,0,7,0,0.0,2.0,0.0,1.0,A01
201300023916,0,1,0,0.0,0.0,3.0,16.0,B01
201300023917,0,7,0,0.0,2.0,6.0,4.0,A01
201300023917,0,2,0,0.0,0.0,2.0,2.0,B01
201300023918,0,7,0,6.0,2.0,1.0,1.0,B01
201300023918,0,7,0,0.0,0.0,2.0,1.0,A01
201300023919,0,7,0,0.0,2.0,1.0,2.0,A01
201300023919,0,7,0,0.0,0.0,4.0,2.0,B01
201300023920,0,7,0,0.0,0.0,6.0,13.0,A01
201300023920,0,33,0,0.0,2.0,7.0,21.0,B01
201300023921,0,7,0,0.0,2.0,2.0,15.0,A01
201300023921,0,2,0,0.0,2.0,1.0,1.0,B01
201300023922,0,33,0,0.0,2.0,7.0,16.0,B01
201300023922,0,7,0,0.0,2.0,3.0,16.0,A01
201300023923,0,7,0,0.0,2.0,3.0,1.0,C01
201300023923,0,7,0,0.0,2.0,2.0,1.0,A01
201300023923,0,7,0,0.0,2.0,4.0,1.0,B01
201300023924,0,33,0,0.0,2.0,1.0,2.0,A01
201300023924,0,7,0,0.0,0.0,6.0,1.0,B01
201300023925,0,10,0,0.0,0.0,7.0,15.0,A01
201300023925,0,10,0,0.0,2.0,1.0,1.0,B01
201300023926,0,40,0,0.0,2.0,1.0,1.0,B01
201300023926,0,10,0,0.0,4.0,8.0,1.0,A01
201300023927,0,2,0,0.0,0.0,1.0,1.0,B01
201300023927,0,7,0,0.0,2.0,1.0,15.0,A01
201300023928,0,7,0,0.0,2.0,1.0,2.0,A01
201300023928,0,7,0,0.0,0.0,4.0,1.0,B01
201300023929,0,7,0,0.0,1.0,2.0,17.0,B01
201300023930,0,33,0,0.0,2.0,1.0,1.0,B01
201300023930,0,7,0,0.0,2.0,2.0,15.0,A01
201300023931,0,1,0,0.0,0.0,1.0,0.0,B01
201300023931,0,7,0,0.0,2.0,1.0,16.0,A01
201300023932,0,7,0,0.0,2.0,3.0,24.0,A01
201300023932,0,1,0,0.0,2.0,1.0,1.0,B01
201300023933,0,7,0,13.0,0.0,2.0,1.0,A01
201300023934,0,33,0,0.0,2.0,1.0,1.0,A01
201300023934,0,7,0,0.0,2.0,6.0,15.0,B01
201300023935,0,7,0,0.0,0.0,3.0,15.0,A01
201300023935,0,7,0,0.0,2.0,2.0,1.0,B01
201300023936,0,7,0,0.0,2.0,1.0,1.0,A01
201300023936,0,7,0,0.0,2.0,4.0,1.0,B01
201300023937,0,1,0,0.0,0.0,0.0,16.0,B01
201300023937,0,7,0,0.0,2.0,3.0,16.0,A01
201300023938,0,7,0,0.0,2.0,1.0,1.0,B01
201300023938,0,32,0,0.0,2.0,1.0,1.0,A01
201300023939,0,7,0,0.0,2.0,1.0,2.0,A01
201300023939,0,7,0,0.0,2.0,3.0,2.0,B01
201300023940,0,7,0,0.0,0.0,4.0,1.0,C01
201300023940,1,7,0,0.0,2.0,1.0,2.0,Z01
201300023940,0,7,0,0.0,2.0,4.0,2.0,B01
201300023941,0,2,0,0.0,2.0,1.0,1.0,B01
201300023941,0,7,0,0.0,2.0,3.0,15.0,A01
201300023942,0,7,0,0.0,0.0,1.0,1.0,B01
201300023942,0,7,0,0.0,2.0,1.0,1.0,A01
201300023943,0,2,0,0.0,9.0,1.0,1.0,A01
201300023944,0,2,0,15.0,0.0,2.0,1.0,A01
201300023945,0,7,0,0.0,2.0,3.0,16.0,A01
201300023945,0,1,0,0.0,0.0,4.0,1.0,B01
201300023946,0,1,0,0.0,2.0,0.0,1.0,B01
201300023946,0,10,0,0.0,2.0,5.0,1.0,A01
201300023947,0,34,0,0.0,2.0,1.0,1.0,B01
201300023947,0,10,0,0.0,2.0,3.0,16.0,A01
201300023948,0,7,0,0.0,0.0,5.0,1.0,B01
201300023948,0,7,0,0.0,2.0,1.0,1.0,A01
201300023949,0,7,0,0.0,1.0,3.0,1.0,A01
201300023950,0,33,0,0.0,1.0,7.0,1.0,A01
201300023951,0,2,0,0.0,2.0,1.0,15.0,A01
201300023951,0,7,0,0.0,2.0,3.0,1.0,B01
201300023952,0,7,0,5.0,0.0,1.0,1.0,A01
201300023953,0,7,0,0.0,0.0,1.0,16.0,A01
201300023953,0,1,0,0.0,2.0,0.0,1.0,B01
201300023954,0,7,0,0.0,2.0,2.0,1.0,B01
201300023954,0,7,0,15.0,2.0,7.0,1.0,A01
201300023955,0,7,0,0.0,0.0,4.0,1.0,B01
201300023955,0,7,0,0.0,2.0,1.0,2.0,A01
201300023956,0,7,0,0.0,2.0,3.0,1.0,B01
201300023956,0,31,0,0.0,0.0,6.0,9.0,A01
201300023957,0,7,0,0.0,1.0,3.0,1.0,A01
201300023958,0,7,0,0.0,2.0,4.0,2.0,B01
201300023958,0,2,0,0.0,2.0,1.0,2.0,A01
201300023959,0,10,0,0.0,2.0,1.0,2.0,A01
201300023959,0,7,0,0.0,0.0,4.0,1.0,B01
201300023960,0,7,0,0.0,2.0,1.0,1.0,A01
201300023960,0,7,0,0.0,2.0,2.0,1.0,B01
201300023961,0,7,0,0.0,2.0,3.0,1.0,B01
201300023961,0,7,0,0.0,2.0,1.0,23.0,C01
201300023961,0,7,0,0.0,2.0,3.0,1.0,A01
201300023961,0,10,0,0.0,0.0,3.0,23.0,D01
201300023962,0,31,0,0.0,2.0,8.0,12.0,A01
201300023962,0,7,0,0.0,0.0,4.0,2.0,B01
201300023963,0,7,0,0.0,2.0,1.0,1.0,A01
201300023963,0,31,0,0.0,2.0,4.0,1.0,B01
201300023964,1,7,0,0.0,1.0,8.0,1.0,A01
201300023965,0,1,0,0.0,0.0,4.0,1.0,B01
201300023965,0,7,0,0.0,2.0,3.0,2.0,A01
201300023966,0,1,0,0.0,0.0,3.0,1.0,B01
201300023966,0,7,0,0.0,0.0,0.0,15.0,A01
201300023967,0,7,0,12.0,0.0,7.0,9.0,A01
201300023968,0,2,0,0.0,2.0,1.0,1.0,A01
201300023968,0,7,0,0.0,0.0,7.0,1.0,B01
201300023969,0,7,0,0.0,1.0,3.0,1.0,A01
201300023970,0,2,0,0.0,0.0,0.0,0.0,A01
201300023971,0,7,0,0.0,0.0,4.0,2.0,B01
201300023971,0,33,0,0.0,2.0,1.0,2.0,A01
201300023972,0,7,0,0.0,2.0,4.0,2.0,B01
201300023972,0,7,0,0.0,0.0,4.0,23.0,C01
201300023972,1,7,0,0.0,2.0,1.0,2.0,Z01
201300023973,0,31,0,0.0,2.0,9.0,1.0,B01
201300023973,0,7,0,0.0,2.0,3.0,9.0,A01
201300023974,0,7,0,0.0,2.0,4.0,2.0,B01
201300023974,0,7,0,0.0,2.0,1.0,2.0,A01
201300023975,0,7,0,0.0,0.0,3.0,15.0,B01
201300023975,0,33,0,0.0,2.0,1.0,17.0,A01
201300023976,0,7,0,0.0,1.0,1.0,1.0,A01
201300023977,0,7,0,0.0,1.0,3.0,1.0,A01
201300023978,0,31,0,0.0,1.0,1.0,1.0,A01
201300023979,0,7,0,0.0,2.0,1.0,15.0,A01
201300023979,0,33,0,0.0,2.0,1.0,1.0,B01
201300023980,0,2,0,0.0,2.0,7.0,1.0,A01
201300023980,0,3,0,0.0,2.0,6.0,1.0,C01
201300023980,0,2,0,0.0,2.0,0.0,1.0,B01
201300023981,0,30,0,0.0,2.0,7.0,1.0,A01
201300023981,0,7,0,0.0,2.0,1.0,10.0,B01
201300023982,0,7,0,6.0,0.0,7.0,15.0,A01
201300023983,0,7,0,0.0,2.0,1.0,10.0,A01
201300023983,0,2,0,0.0,2.0,1.0,1.0,B01
201300023984,0,7,0,2.0,2.0,3.0,16.0,A01
201300023984,0,7,0,0.0,2.0,7.0,1.0,B01
201300023985,0,33,0,0.0,1.0,8.0,1.0,A01
201300023986,0,7,0,0.0,2.0,2.0,1.0,B01
201300023986,0,7,0,0.0,0.0,2.0,16.0,A01
201300023987,0,7,0,0.0,0.0,3.0,15.0,B01
201300023987,0,1,0,0.0,2.0,1.0,2.0,A01
201300023988,0,7,0,0.0,0.0,0.0,1.0,A01
201300023988,0,7,0,0.0,0.0,0.0,15.0,B01
201300023989,1,30,0,0.0,2.0,1.0,2.0,Z01
201300023989,0,7,0,0.0,0.0,0.0,1.0,A01
201300023990,0,7,0,0.0,1.0,1.0,1.0,A01
201300023991,0,7,0,0.0,0.0,0.0,20.0,B01
201300023991,0,37,50,0.0,0.0,0.0,1.0,A01
201300023992,0,2,0,1.0,0.0,1.0,1.0,A01
201300023993,0,7,0,0.0,0.0,8.0,15.0,A01
201300023993,0,33,0,0.0,2.0,1.0,1.0,B01
201300023994,0,7,0,0.0,2.0,4.0,2.0,B01
201300023994,0,7,0,0.0,2.0,1.0,2.0,A01
201300023995,0,2,0,0.0,2.0,1.0,15.0,B01
201300023995,0,7,0,0.0,2.0,2.0,1.0,A01
201300023996,0,7,0,0.0,2.0,2.0,15.0,A01
201300023996,0,32,0,0.0,2.0,1.0,1.0,B01
201300023997,0,7,0,0.0,2.0,3.0,15.0,A01
201300023997,0,10,0,0.0,2.0,3.0,1.0,B01
201300023998,0,7,0,0.0,1.0,3.0,15.0,A01
201300023999,0,10,0,0.0,0.0,4.0,23.0,B01
201300023999,0,33,0,1.0,0.0,9.0,18.0,A01
201300024000,0,7,0,0.0,2.0,1.0,1.0,A01
201300024000,0,7,0,0.0,0.0,4.0,15.0,B01
201300024001,0,7,0,1.0,1.0,1.0,15.0,A01
201300024002,0,7,0,0.0,0.0,4.0,1.0,B01
201300024002,0,7,0,0.0,2.0,1.0,2.0,A01
201300024003,0,7,0,0.0,0.0,2.0,1.0,A01
201300024003,0,2,0,0.0,2.0,1.0,15.0,B01
201300024004,0,7,0,0.0,0.0,4.0,1.0,C01
201300024004,0,7,0,0.0,2.0,1.0,2.0,A01
201300024004,0,7,0,1.0,0.0,1.0,1.0,B01
201300024005,0,7,0,0.0,2.0,1.0,1.0,A01
201300024005,0,7,0,0.0,0.0,3.0,1.0,B01
201300024006,0,10,0,0.0,0.0,4.0,1.0,B01
201300024006,0,2,0,0.0,2.0,1.0,2.0,A01
201300024007,0,2,0,0.0,2.0,1.0,1.0,A01
201300024007,0,7,0,0.0,2.0,7.0,1.0,B01
201300024008,0,7,0,0.0,0.0,6.0,15.0,B01
201300024008,0,33,0,0.0,2.0,1.0,17.0,A01
201300024009,0,7,0,0.0,1.0,0.0,16.0,A01
201300024010,0,10,0,0.0,2.0,9.0,1.0,B01
201300024010,0,10,0,0.0,2.0,1.0,1.0,A01
201300024010,0,7,0,0.0,0.0,4.0,1.0,C01
201300024011,0,7,0,0.0,2.0,4.0,1.0,A01
201300024011,0,7,0,0.0,2.0,1.0,2.0,B01
201300024012,0,35,0,0.0,1.0,2.0,1.0,A01
201300024013,0,7,0,0.0,2.0,2.0,1.0,A01
201300024013,0,7,0,0.0,2.0,4.0,1.0,B01
201300024014,0,2,0,0.0,2.0,1.0,1.0,B01
201300024014,0,7,0,0.0,2.0,5.0,9.0,A01
201300024015,0,7,0,0.0,2.0,7.0,15.0,B01
201300024015,0,2,0,0.0,2.0,1.0,1.0,A01
201300024016,0,7,0,14.0,0.0,1.0,1.0,C01
201300024016,0,7,0,14.0,2.0,4.0,1.0,B01
201300024016,0,7,0,0.0,2.0,1.0,1.0,A01
201300024017,0,7,0,0.0,1.0,2.0,1.0,A01
201300024018,0,40,0,0.0,1.0,0.0,1.0,A01
201300024019,0,7,0,0.0,2.0,2.0,16.0,A01
201300024019,0,1,0,0.0,2.0,1.0,1.0,B01
201300024020,0,7,0,0.0,1.0,2.0,16.0,A01
201300024021,0,7,0,8.0,2.0,1.0,2.0,A01
201300024021,0,7,0,0.0,0.0,4.0,1.0,B01
201300024022,0,7,0,0.0,1.0,3.0,15.0,A01
201300024023,0,7,0,0.0,2.0,1.0,15.0,A01
201300024023,0,33,0,0.0,2.0,1.0,1.0,B01
201300024024,0,1,0,0.0,0.0,0.0,15.0,B01
201300024024,0,7,0,0.0,0.0,3.0,20.0,A01
201300024025,0,7,0,0.0,0.0,6.0,1.0,B01
201300024025,1,7,0,0.0,2.0,3.0,13.0,A01
201300024026,0,7,0,0.0,2.0,1.0,9.0,A01
201300024026,0,7,0,0.0,0.0,7.0,1.0,B01
201300024027,0,7,0,0.0,2.0,1.0,1.0,B01
201300024027,0,7,0,0.0,2.0,0.0,15.0,A01
201300024028,0,7,0,0.0,2.0,1.0,2.0,A01
201300024028,0,7,0,0.0,2.0,4.0,2.0,B01
201300024029,0,7,0,0.0,2.0,1.0,15.0,B01
201300024029,0,7,0,0.0,0.0,7.0,1.0,A01