Num_Acc,senc,catv,occutc,obs,obsm,choc,manv,num_veh
201300024030,0,7,0,0.0,2.0,1.0,16.0,A01
201300024030,0,31,0,0.0,2.0,1.0,1.0,B01
201300024031,0,7,0,0.0,0.0,4.0,2.0,B01
201300024031,0,14,0,0.0,2.0,1.0,2.0,A01
201300024032,0,7,0,0.0,1.0,2.0,1.0,A01
201300024033,0,7,0,0.0,2.0,1.0,1.0,B01
201300024033,0,7,0,0.0,2.0,2.0,15.0,A01
201300024034,0,33,0,0.0,2.0,7.0,1.0,B01
201300024034,0,7,0,0.0,0.0,1.0,12.0,A01
201300024035,0,1,0,0.0,2.0,6.0,1.0,B01
201300024035,0,7,0,0.0,2.0,2.0,9.0,A01
201300024036,0,7,0,0.0,0.0,5.0,15.0,A01
201300024036,0,7,0,0.0,2.0,1.0,1.0,B01
201300024037,0,7,0,0.0,2.0,3.0,1.0,B01
201300024037,0,7,0,0.0,2.0,2.0,1.0,A01
201300024038,0,7,0,0.0,2.0,8.0,22.0,B01
201300024038,0,30,0,0.0,2.0,3.0,2.0,A01
201300024039,0,7,0,0.0,1.0,0.0,16.0,A01
201300024040,0,7,0,0.0,0.0,8.0,9.0,A01
201300024040,0,1,0,0.0,2.0,1.0,1.0,B01
201300024041,0,30,0,0.0,0.0,0.0,1.0,A01
201300024042,0,7,0,0.0,2.0,8.0,0.0,B01
201300024042,0,30,0,0.0,2.0,1.0,0.0,A01
201300024043,0,7,0,0.0,1.0,1.0,1.0,A01
201300024044,0,7,0,0.0,2.0,1.0,2.0,A01
201300024044,0,7,0,0.0,0.0,4.0,1.0,B01
201300024045,0,2,0,0.0,0.0,7.0,0.0,A01
201300024046,0,40,0,0.0,1.0,2.0,19.0,A01
201300024047,0,7,0,0.0,2.0,1.0,2.0,A01
201300024047,0,7,0,0.0,0.0,4.0,1.0,B01
201300024048,0,7,0,0.0,0.0,3.0,9.0,A01
201300024048,0,31,0,0.0,0.0,7.0,1.0,B01
201300024049,0,10,0,0.0,0.0,0.0,1.0,B01
201300024049,0,33,0,0.0,2.0,9.0,1.0,A01
201300024050,1,7,0,0.0,1.0,0.0,0.0,Z01
201300024051,0,7,0,0.0,2.0,2.0,1.0,Z01
201300024051,0,7,0,0.0,0.0,9.0,1.0,A01
201300024051,0,33,0,0.0,2.0,1.0,1.0,B01
201300024052,0,7,0,0.0,0.0,5.0,16.0,B01
201300024052,0,30,0,0.0,2.0,3.0,1.0,A01
201300024053,0,7,0,0.0,0.0,3.0,1.0,B01
201300024053,0,31,0,0.0,2.0,9.0,18.0,A01
201300024054,0,7,0,0.0,2.0,1.0,1.0,B01
201300024054,0,7,0,0.0,2.0,7.0,15.0,A01
201300024055,0,7,0,0.0,1.0,2.0,1.0,A01
201300024056,0,7,0,0.0,2.0,3.0,15.0,A01
201300024056,0,7,0,0.0,2.0,3.0,1.0,B01
201300024057,0,7,0,0.0,0.0,4.0,1.0,B01
201300024057,0,10,0,0.0,2.0,1.0,2.0,A01
201300024058,0,2,0,0.0,2.0,1.0,2.0,A01
201300024058,0,7,0,0.0,0.0,5.0,1.0,B01
201300024059,0,7,0,0.0,1.0,0.0,0.0,A01
201300024060,0,7,0,0.0,2.0,8.0,1.0,C01
201300024060,0,32,0,0.0,2.0,2.0,1.0,A01
201300024060,0,7,0,0.0,0.0,3.0,1.0,B01
201300024061,0,31,0,0.0,2.0,1.0,2.0,A01
201300024061,0,7,0,0.0,0.0,4.0,1.0,B01
201300024062,0,2,0,0.0,2.0,1.0,1.0,A01
201300024062,0,7,0,0.0,0.0,0.0,0.0,B01
201300024063,0,7,0,0.0,2.0,1.0,15.0,A01
201300024063,0,1,0,0.0,0.0,6.0,1.0,B01
201300024064,0,7,0,6.0,0.0,8.0,1.0,A01
201300024064,0,7,0,0.0,2.0,1.0,1.0,B01
201300024065,0,33,0,0.0,2.0,1.0,1.0,A01
201300024065,0,7,0,0.0,0.0,3.0,15.0,B01
201300024066,0,7,0,0.0,2.0,1.0,15.0,A01
201300024066,0,7,0,0.0,2.0,1.0,1.0,B01
201300024067,0,7,0,0.0,1.0,2.0,1.0,A01
201300024068,0,7,0,0.0,2.0,2.0,1.0,A01
201300024068,0,16,0,0.0,2.0,2.0,1.0,B01
201300024069,0,30,0,0.0,1.0,1.0,1.0,A01
201300024070,0,7,0,0.0,1.0,1.0,17.0,A01
201300024071,0,7,0,0.0,1.0,2.0,15.0,A01
201300024072,0,7,0,2.0,0.0,1.0,1.0,A01
201300024073,0,7,0,0.0,0.0,3.0,24.0,A01
201300024073,0,1,0,1.0,0.0,1.0,1.0,B01
201300024074,0,34,0,0.0,2.0,1.0,1.0,B01
201300024074,0,7,0,0.0,0.0,7.0,15.0,A01
201300024075,0,37,0,0.0,2.0,8.0,1.0,Z01
201300024075,0,1,0,0.0,2.0,8.0,1.0,B01
201300024076,0,7,0,0.0,0.0,4.0,2.0,B01
201300024076,0,10,0,0.0,2.0,1.0,1.0,A01
201300024077,0,7,0,12.0,0.0,1.0,1.0,A01
201300024078,0,7,0,0.0,2.0,1.0,1.0,A01
201300024078,0,1,0,0.0,2.0,7.0,1.0,B01
201300024079,0,10,0,0.0,2.0,8.0,15.0,A01
201300024079,0,30,0,0.0,2.0,1.0,17.0,B01
201300024080,0,40,0,0.0,1.0,1.0,1.0,A01
201300024081,0,7,0,0.0,0.0,8.0,1.0,A01
201300024082,0,2,0,0.0,0.0,7.0,1.0,A01
201300024082,0,37,62,0.0,2.0,1.0,1.0,B01
201300024083,0,7,0,0.0,2.0,1.0,15.0,A01
201300024083,0,10,0,0.0,0.0,7.0,1.0,B01
201300024084,0,2,0,0.0,0.0,0.0,1.0,A01
201300024085,1,31,0,0.0,2.0,2.0,1.0,A01
201300024085,0,7,0,0.0,2.0,3.0,17.0,B01
201300024086,0,1,0,0.0,2.0,1.0,1.0,B01
201300024086,0,7,0,0.0,2.0,3.0,15.0,A01
201300024087,1,7,0,0.0,1.0,0.0,6.0,A01
201300024088,0,7,0,0.0,0.0,6.0,15.0,A01
201300024088,0,33,0,0.0,2.0,0.0,1.0,B01
201300024089,0,32,0,0.0,0.0,6.0,1.0,B01
201300024089,1,7,0,0.0,2.0,0.0,2.0,Z01
201300024090,0,7,0,15.0,0.0,1.0,15.0,A01
201300024091,0,7,0,0.0,0.0,3.0,13.0,A01
201300024091,0,33,0,0.0,0.0,1.0,1.0,B01
201300024092,0,33,0,12.0,0.0,1.0,1.0,A01
201300024093,0,1,0,0.0,2.0,1.0,1.0,A01
201300024093,0,7,0,0.0,2.0,1.0,1.0,B01
201300024094,0,7,0,0.0,2.0,2.0,2.0,A01
201300024094,0,37,1,0.0,0.0,6.0,24.0,B01
201300024095,1,7,0,0.0,1.0,0.0,1.0,Z01
201300024096,0,10,0,0.0,0.0,8.0,22.0,A01
201300024096,0,2,0,0.0,2.0,1.0,1.0,B01
201300024097,0,30,0,0.0,2.0,2.0,1.0,A01
201300024097,0,7,0,0.0,2.0,3.0,16.0,B01
201300024098,0,7,0,0.0,2.0,1.0,2.0,A01
201300024098,0,2,0,0.0,2.0,2.0,1.0,B01
201300024099,0,37,0,0.0,2.0,0.0,16.0,B01
201300024099,0,1,0,0.0,2.0,1.0,1.0,A01
201300024100,0,2,0,0.0,0.0,8.0,1.0,A01
201300024101,0,7,0,0.0,0.0,1.0,1.0,B01
201300024101,0,7,0,0.0,2.0,7.0,1.0,A01
201300024102,0,1,0,0.0,4.0,9.0,15.0,A01
201300024102,0,40,0,0.0,2.0,1.0,1.0,B01
201300024103,0,33,0,0.0,2.0,9.0,1.0,B01
201300024103,0,7,0,0.0,2.0,2.0,10.0,A01
201300024104,0,37,4,0.0,2.0,2.0,2.0,A01
201300024104,0,7,0,0.0,0.0,6.0,1.0,B01
201300024105,0,7,0,1.0,0.0,3.0,1.0,A01
201300024106,0,1,0,0.0,2.0,8.0,1.0,A01
201300024106,0,40,0,0.0,0.0,0.0,1.0,B01
201300024107,0,10,0,10.0,0.0,1.0,1.0,A01
201300024108,0,31,0,0.0,0.0,9.0,1.0,A01
201300024108,0,7,0,0.0,2.0,1.0,1.0,B01
201300024109,0,7,0,0.0,1.0,2.0,1.0,A01
201300024110,0,38,1,0.0,0.0,6.0,16.0,B01
201300024110,0,7,0,0.0,2.0,2.0,16.0,A01
201300024111,0,10,0,0.0,1.0,3.0,1.0,A01
201300024112,0,40,0,0.0,1.0,3.0,1.0,A01
201300024113,0,10,0,0.0,0.0,3.0,1.0,B01
201300024113,0,7,0,0.0,2.0,3.0,1.0,A01
201300024114,0,7,0,0.0,1.0,1.0,16.0,A01
201300024115,0,7,0,6.0,0.0,5.0,17.0,A01
201300024115,0,10,0,0.0,2.0,3.0,15.0,B01
201300024116,0,7,0,0.0,0.0,4.0,1.0,B01
201300024116,0,10,0,0.0,2.0,1.0,2.0,A01
201300024117,0,10,0,0.0,0.0,1.0,1.0,B01
201300024117,0,7,0,0.0,2.0,1.0,15.0,A01
201300024118,0,2,0,0.0,2.0,1.0,2.0,A01
201300024118,0,7,0,0.0,0.0,3.0,1.0,B01
201300024119,0,10,0,0.0,2.0,1.0,13.0,A01
201300024119,0,2,0,0.0,0.0,1.0,1.0,B01
201300024120,0,7,0,0.0,0.0,3.0,1.0,B01
201300024120,0,7,0,0.0,2.0,3.0,5.0,A01
201300024121,0,1,0,0.0,1.0,2.0,1.0,A01
201300024122,0,7,0,0.0,0.0,7.0,15.0,A01
201300024122,0,2,0,0.0,2.0,2.0,1.0,B01
201300024123,0,33,0,0.0,2.0,2.0,2.0,A01
201300024123,0,7,0,0.0,0.0,6.0,1.0,B01
201300024124,0,7,0,0.0,2.0,7.0,16.0,A01
201300024124,0,7,0,0.0,2.0,3.0,1.0,B01
201300024125,0,33,0,0.0,2.0,4.0,23.0,A01
201300024125,0,7,0,0.0,2.0,3.0,2.0,B01
201300024126,0,2,0,0.0,0.0,3.0,1.0,A01
201300024127,0,1,0,0.0,0.0,0.0,1.0,B01
201300024127,0,10,0,0.0,0.0,2.0,16.0,A01
201300024128,0,2,0,0.0,2.0,1.0,1.0,B01
201300024128,0,7,0,0.0,0.0,8.0,15.0,A01
201300024129,0,40,0,0.0,1.0,0.0,1.0,A01
201300024130,0,7,0,0.0,2.0,2.0,1.0,B01
201300024130,0,7,0,0.0,0.0,6.0,10.0,A01
201300024131,0,7,0,0.0,2.0,1.0,1.0,A01
201300024131,0,7,0,1.0,0.0,3.0,1.0,B01
201300024132,0,2,0,0.0,0.0,4.0,1.0,B01
201300024132,0,7,0,0.0,2.0,1.0,2.0,A01
201300024133,0,7,0,0.0,0.0,4.0,23.0,B01
201300024133,0,30,0,0.0,2.0,1.0,1.0,A01
201300024134,0,7,0,0.0,0.0,4.0,1.0,C01
201300024134,0,7,0,0.0,2.0,1.0,1.0,A01
201300024134,0,2,0,0.0,2.0,4.0,1.0,B01
201300024135,0,7,0,0.0,0.0,7.0,24.0,A01
201300024135,0,1,0,1.0,0.0,0.0,0.0,B01
201300024136,0,7,0,0.0,1.0,0.0,1.0,A01
201300024137,0,33,0,0.0,2.0,2.0,1.0,B01
201300024137,0,7,0,0.0,0.0,3.0,10.0,A01
201300024138,0,10,0,0.0,1.0,4.0,4.0,A01
201300024139,0,37,1,0.0,2.0,1.0,1.0,A01
201300024139,0,7,0,0.0,0.0,4.0,1.0,B01
201300024140,0,7,0,0.0,0.0,5.0,16.0,A01
201300024140,0,1,0,0.0,2.0,3.0,1.0,B01
201300024141,0,7,0,0.0,2.0,1.0,15.0,A01
201300024141,0,31,0,0.0,2.0,1.0,1.0,B01
201300024142,0,7,0,0.0,1.0,3.0,1.0,A01
201300024143,0,7,0,8.0,0.0,1.0,1.0,A01
201300024144,0,30,0,0.0,0.0,8.0,1.0,A01
201300024145,0,10,0,0.0,2.0,1.0,15.0,B01
201300024145,0,33,0,0.0,2.0,1.0,1.0,A01
201300024146,0,7,0,1.0,2.0,3.0,0.0,B01
201300024146,0,7,0,0.0,0.0,7.0,0.0,A01
201300024147,0,7,0,0.0,2.0,3.0,1.0,A01
201300024147,0,2,0,0.0,2.0,1.0,1.0,B01
201300024148,1,7,0,14.0,0.0,1.0,1.0,Z01
201300024148,0,7,0,0.0,0.0,4.0,23.0,A01
201300024149,0,33,0,0.0,2.0,1.0,17.0,A01
201300024149,0,7,0,0.0,2.0,1.0,9.0,B01
201300024150,0,33,0,0.0,2.0,8.0,1.0,B01
201300024150,0,7,0,0.0,2.0,1.0,15.0,A01
201300024151,0,7,0,0.0,0.0,4.0,1.0,B01
201300024151,0,7,0,0.0,2.0,1.0,2.0,A01
201300024152,0,30,0,0.0,2.0,1.0,1.0,A01
201300024152,0,7,0,0.0,0.0,4.0,1.0,B01
201300024153,0,7,0,0.0,2.0,8.0,11.0,B01
201300024153,0,2,0,0.0,2.0,2.0,17.0,A01
201300024154,0,7,0,0.0,2.0,3.0,1.0,B01
201300024154,0,7,0,0.0,2.0,2.0,15.0,A01
201300024155,0,7,0,0.0,0.0,7.0,22.0,A01
201300024155,0,1,0,0.0,2.0,0.0,1.0,B01
201300024156,0,10,0,0.0,2.0,7.0,15.0,A01
201300024156,0,30,0,0.0,2.0,7.0,1.0,B01
201300024157,0,7,0,6.0,0.0,1.0,13.0,A01
201300024158,0,1,0,0.0,2.0,0.0,1.0,A01
201300024158,0,7,0,0.0,0.0,1.0,16.0,B01
201300024159,0,7,0,0.0,0.0,9.0,1.0,B01
201300024159,0,7,0,0.0,2.0,1.0,1.0,A01
201300024160,0,1,0,0.0,2.0,8.0,11.0,A01
201300024160,0,7,0,0.0,2.0,2.0,1.0,B01
201300024161,0,7,0,0.0,0.0,4.0,1.0,B01
201300024161,0,30,0,0.0,2.0,1.0,1.0,A01
201300024162,0,1,0,0.0,2.0,7.0,1.0,B01
201300024162,0,7,0,0.0,2.0,1.0,1.0,A01
201300024163,1,7,0,0.0,0.0,0.0,0.0,Z01
201300024163,0,1,0,0.0,0.0,8.0,1.0,A01
201300024164,0,30,0,0.0,2.0,1.0,1.0,B01
201300024164,0,7,0,0.0,2.0,1.0,15.0,A01
201300024165,0,7,0,0.0,2.0,1.0,2.0,A01
201300024165,0,31,0,0.0,0.0,4.0,1.0,B01
201300024166,0,1,0,0.0,2.0,1.0,1.0,A01
201300024166,0,7,0,0.0,2.0,2.0,15.0,B01
201300024167,0,7,0,0.0,2.0,2.0,1.0,A01
201300024167,0,10,0,0.0,0.0,6.0,18.0,B01
201300024168,0,1,0,0.0,0.0,0.0,15.0,B01
201300024168,0,7,0,0.0,0.0,2.0,1.0,A01
201300024169,0,33,0,7.0,2.0,1.0,0.0,A01
201300024169,0,10,0,0.0,0.0,4.0,1.0,B01
201300024170,0,3,0,6.0,0.0,1.0,13.0,A01
201300024171,0,7,0,0.0,2.0,1.0,15.0,B01
201300024171,0,1,0,0.0,0.0,0.0,1.0,A01
201300024172,0,7,0,0.0,0.0,4.0,1.0,B01
201300024172,0,7,0,0.0,2.0,1.0,2.0,A01
201300024173,0,10,0,0.0,2.0,1.0,15.0,A01
201300024173,0,31,0,0.0,0.0,7.0,1.0,B01
201300024174,0,7,0,9.0,2.0,3.0,1.0,A01
201300024175,0,7,0,0.0,2.0,2.0,15.0,A01
201300024175,0,1,0,0.0,2.0,3.0,1.0,B01
201300024176,0,7,0,0.0,2.0,4.0,2.0,B01
201300024176,0,7,0,0.0,0.0,4.0,1.0,C01
201300024176,0,7,0,0.0,2.0,1.0,2.0,A01
201300024177,0,7,0,0.0,2.0,1.0,15.0,A01
201300024177,0,31,0,0.0,2.0,1.0,1.0,B01
201300024178,0,33,0,0.0,2.0,3.0,15.0,B01
201300024178,0,7,0,0.0,2.0,1.0,15.0,A01
201300024179,0,7,0,7.0,0.0,8.0,1.0,B01
201300024179,1,10,0,0.0,2.0,1.0,1.0,A01
201300024180,0,7,0,0.0,0.0,6.0,1.0,B01
201300024180,0,7,0,7.0,2.0,1.0,1.0,A01
201300024181,0,7,0,0.0,2.0,1.0,1.0,B01
201300024181,0,10,0,0.0,2.0,2.0,1.0,A01
201300024182,0,7,0,0.0,1.0,3.0,9.0,A01
201300024183,0,7,0,0.0,0.0,2.0,1.0,A01
201300024183,0,40,0,0.0,2.0,1.0,1.0,B01
201300024184,0,7,0,0.0,2.0,1.0,1.0,A01
201300024184,0,7,0,0.0,0.0,4.0,1.0,B01
201300024185,0,1,0,0.0,2.0,1.0,1.0,B01
201300024185,1,7,0,0.0,2.0,0.0,16.0,A01
201300024186,0,7,0,0.0,2.0,1.0,1.0,B01
201300024186,0,7,0,0.0,2.0,1.0,15.0,A01
201300024187,0,30,0,0.0,1.0,1.0,1.0,A01
201300024188,0,7,0,4.0,0.0,8.0,1.0,A01
201300024189,0,1,0,0.0,2.0,3.0,1.0,A01
201300024189,0,37,0,0.0,0.0,7.0,1.0,B01
201300024190,0,7,0,0.0,2.0,3.0,9.0,A01
201300024190,0,1,0,0.0,0.0,7.0,1.0,B01
201300024191,0,7,0,11.0,2.0,1.0,5.0,A01
201300024191,0,33,0,0.0,2.0,1.0,1.0,B01
201300024192,0,10,0,0.0,1.0,2.0,1.0,A01
201300024193,0,7,0,0.0,1.0,8.0,1.0,A01
201300024194,0,31,0,0.0,2.0,1.0,1.0,B01
201300024194,0,7,0,0.0,2.0,0.0,15.0,A01
201300024195,0,10,0,0.0,2.0,1.0,2.0,A01
201300024195,0,37,1,0.0,0.0,6.0,1.0,B01
201300024196,0,33,0,0.0,1.0,1.0,1.0,A01
201300024197,0,7,0,0.0,1.0,1.0,1.0,A01
201300024198,0,7,0,0.0,1.0,1.0,0.0,A01
201300024199,0,7,0,8.0,4.0,8.0,1.0,A01
201300024199,0,40,0,0.0,2.0,2.0,1.0,B01
201300024200,0,30,0,0.0,2.0,1.0,1.0,A01
201300024200,0,7,0,0.0,2.0,2.0,1.0,B01
201300024201,0,7,0,0.0,2.0,3.0,1.0,B01
201300024201,0,10,0,8.0,2.0,1.0,10.0,A01
201300024202,0,10,0,0.0,1.0,1.0,15.0,A01
201300024203,1,7,0,0.0,1.0,0.0,1.0,Z01
201300024204,0,34,0,8.0,0.0,1.0,1.0,A01
201300024205,0,2,0,0.0,0.0,1.0,5.0,A01
201300024205,0,7,0,0.0,2.0,3.0,15.0,B01
201300024206,0,7,0,0.0,1.0,1.0,1.0,A01
201300024207,0,7,0,0.0,0.0,4.0,1.0,B01
201300024207,0,7,0,0.0,2.0,1.0,2.0,A01
201300024208,0,30,0,0.0,0.0,8.0,1.0,A01
201300024209,0,7,0,0.0,2.0,1.0,15.0,A01
201300024209,0,33,0,0.0,2.0,1.0,1.0,B01
201300024210,0,99,0,0.0,1.0,1.0,16.0,A01
201300024211,0,7,0,0.0,2.0,1.0,15.0,B01
201300024211,0,2,0,0.0,2.0,1.0,1.0,A01
201300024212,0,7,0,0.0,4.0,1.0,1.0,A01
201300024212,0,40,0,0.0,2.0,2.0,1.0,B01
201300024213,0,2,0,0.0,2.0,2.0,16.0,A01
201300024213,0,10,0,0.0,2.0,3.0,16.0,B01
201300024214,0,10,0,0.0,2.0,8.0,1.0,B01
201300024214,0,7,0,0.0,2.0,7.0,1.0,A01
201300024215,0,2,0,0.0,0.0,0.0,1.0,B01
201300024215,0,7,0,0.0,0.0,0.0,11.0,A01
201300024216,0,30,0,0.0,2.0,1.0,1.0,A01
201300024216,0,10,0,0.0,0.0,4.0,1.0,B01
201300024217,0,2,0,0.0,0.0,1.0,1.0,A01
201300024218,1,7,0,0.0,1.0,0.0,16.0,Z01
201300024219,0,1,0,0.0,0.0,1.0,1.0,A01
201300024219,0,7,0,0.0,2.0,1.0,1.0,B01
201300024220,0,7,0,0.0,0.0,3.0,15.0,A01
201300024220,0,2,0,0.0,2.0,7.0,0.0,B01
201300024221,0,37,1,0.0,0.0,6.0,24.0,B01
201300024221,0,7,0,1.0,0.0,1.0,1.0,A01
201300024222,0,3,0,0.0,0.0,2.0,15.0,A01
201300024222,0,10,0,0.0,2.0,1.0,1.0,B01
201300024223,0,7,0,0.0,0.0,5.0,15.0,B01
201300024223,0,33,0,0.0,2.0,1.0,1.0,A01
201300024224,0,2,0,0.0,1.0,1.0,1.0,A01
201300024225,1,7,0,0.0,1.0,1.0,1.0,Z01
201300024226,0,2,0,0.0,2.0,3.0,1.0,B01
201300024226,0,7,0,0.0,2.0,1.0,1.0,A01
201300024227,0,7,0,0.0,0.0,5.0,1.0,B01
201300024227,0,2,0,0.0,2.0,1.0,1.0,A01
201300024228,0,7,0,0.0,2.0,1.0,15.0,A01
201300024228,0,7,0,0.0,2.0,1.0,1.0,B01
201300024229,0,2,0,0.0,0.0,1.0,1.0,B01
201300024229,0,7,0,1.0,0.0,3.0,1.0,A01
201300024230,0,7,0,0.0,1.0,1.0,1.0,A01
201300024231,2,7,0,0.0,2.0,1.0,1.0,Z01
201300024231,0,7,0,0.0,0.0,8.0,1.0,A01
201300024231,0,7,0,0.0,2.0,1.0,1.0,B01
201300024232,0,37,1,0.0,0.0,4.0,24.0,B01
201300024232,0,10,0,1.0,0.0,1.0,1.0,A01
201300024233,0,2,0,0.0,2.0,1.0,1.0,B01
201300024233,0,7,0,0.0,0.0,3.0,15.0,A01
201300024234,1,7,0,0.0,1.0,0.0,1.0,Z01
201300024235,0,2,0,0.0,2.0,1.0,1.0,A01
201300024235,0,7,0,0.0,0.0,7.0,15.0,B01
201300024236,0,7,0,0.0,2.0,0.0,1.0,A01
201300024236,0,1,0,0.0,2.0,1.0,1.0,B01
201300024237,0,33,0,0.0,2.0,2.0,1.0,B01
201300024237,0,7,0,0.0,0.0,8.0,15.0,A01
201300024238,0,33,0,0.0,2.0,1.0,1.0,B01
201300024238,0,7,0,0.0,0.0,6.0,1.0,A01
201300024239,0,33,0,0.0,2.0,3.0,15.0,B01
201300024239,0,7,0,0.0,2.0,1.0,15.0,A01
201300024240,0,2,0,0.0,2.0,3.0,1.0,B01
201300024240,0,7,0,0.0,2.0,1.0,1.0,A01
201300024241,0,7,0,0.0,0.0,8.0,15.0,B01
201300024241,0,2,0,0.0,2.0,1.0,1.0,A01
201300024242,0,7,0,0.0,2.0,5.0,4.0,B01
201300024242,0,7,0,0.0,2.0,1.0,1.0,A01
201300024243,0,7,0,1.0,0.0,1.0,1.0,A01
201300024243,0,10,0,0.0,0.0,1.0,1.0,B01
201300024244,0,37,1,0.0,2.0,1.0,1.0,C01
201300024244,0,7,0,0.0,2.0,1.0,1.0,A01
201300024244,0,7,0,0.0,2.0,1.0,1.0,B01
201300024245,0,7,0,0.0,1.0,8.0,1.0,B01
201300024245,0,7,0,0.0,2.0,1.0,15.0,A01
201300024246,0,33,0,0.0,1.0,8.0,1.0,A01
201300024247,0,30,0,0.0,2.0,7.0,1.0,B01
201300024247,0,7,0,0.0,0.0,3.0,15.0,A01
201300024248,0,1,0,0.0,2.0,1.0,5.0,A01
201300024248,0,7,0,0.0,0.0,3.0,16.0,B01
201300024249,0,30,0,2.0,0.0,1.0,1.0,A01
201300024250,0,7,0,0.0,0.0,6.0,15.0,A01
201300024250,0,31,0,0.0,2.0,1.0,16.0,B01
201300024251,0,40,0,0.0,1.0,7.0,1.0,A01
201300024252,0,7,0,0.0,2.0,1.0,15.0,A01
201300024252,0,1,0,0.0,0.0,8.0,1.0,B01
201300024253,0,14,0,0.0,2.0,1.0,2.0,A01
201300024253,0,7,0,0.0,0.0,6.0,1.0,B01
201300024254,0,7,0,0.0,2.0,8.0,1.0,B01
201300024254,0,7,0,0.0,0.0,1.0,1.0,A01
201300024255,0,7,0,0.0,1.0,4.0,4.0,A01
201300024256,0,7,0,1.0,0.0,3.0,1.0,A01
201300024257,0,37,1,0.0,2.0,2.0,1.0,A01
201300024257,0,1,0,0.0,2.0,1.0,1.0,B01
201300024258,0,7,0,0.0,2.0,1.0,1.0,B01
201300024258,0,7,0,0.0,2.0,1.0,15.0,A01
201300024259,0,7,0,0.0,1.0,2.0,1.0,A01
201300024260,0,32,0,0.0,1.0,1.0,1.0,A01
201300024261,0,2,0,0.0,2.0,1.0,1.0,B01
201300024261,0,7,0,0.0,0.0,3.0,1.0,A01
201300024262,0,7,0,0.0,2.0,1.0,1.0,A01
201300024262,0,10,0,0.0,2.0,6.0,1.0,B01
201300024263,0,7,0,0.0,2.0,1.0,15.0,A01
201300024263,0,33,0,0.0,2.0,1.0,1.0,B01
201300024264,0,7,0,0.0,1.0,1.0,1.0,A01
201300024265,1,99,0,0.0,1.0,0.0,1.0,A01
201300024266,0,7,0,0.0,2.0,1.0,1.0,A01
201300024266,0,7,0,0.0,0.0,4.0,2.0,B01
201300024267,0,7,0,0.0,1.0,3.0,1.0,A01
201300024268,0,7,0,0.0,0.0,7.0,1.0,A01
201300024268,0,1,0,0.0,2.0,0.0,1.0,B01
201300024269,0,32,0,0.0,2.0,1.0,0.0,A01
201300024269,0,7,0,0.0,2.0,3.0,15.0,B01
201300024270,0,1,0,0.0,2.0,1.0,1.0,B01
201300024270,0,7,0,0.0,0.0,3.0,1.0,A01
201300024271,0,2,0,0.0,2.0,1.0,19.0,B01
201300024271,0,7,0,0.0,0.0,7.0,16.0,A01
201300024272,0,7,0,0.0,2.0,2.0,1.0,A01
201300024272,0,33,0,0.0,2.0,3.0,1.0,B01
201300024273,0,7,0,0.0,0.0,8.0,22.0,A01
201300024273,0,1,0,0.0,2.0,0.0,1.0,B01
201300024274,0,7,0,0.0,0.0,2.0,1.0,B01
201300024274,0,1,0,0.0,2.0,1.0,1.0,A01
201300024275,0,7,0,0.0,2.0,3.0,15.0,A01
201300024275,0,33,0,0.0,0.0,1.0,1.0,B01
201300024276,0,7,0,0.0,2.0,3.0,11.0,A01
201300024276,0,2,0,0.0,0.0,1.0,15.0,B01
201300024277,0,7,0,0.0,2.0,7.0,15.0,A01
201300024277,0,7,0,0.0,2.0,1.0,1.0,B01
201300024278,0,7,0,0.0,2.0,8.0,10.0,A01
201300024278,0,33,0,0.0,2.0,8.0,1.0,B01
201300024279,1,7,0,0.0,1.0,0.0,0.0,Z01
201300024280,0,1,0,0.0,0.0,1.0,15.0,A01
201300024281,0,7,0,0.0,2.0,1.0,15.0,A01
201300024281,0,33,0,0.0,2.0,1.0,1.0,B01
201300024282,0,10,0,0.0,2.0,1.0,1.0,A01
201300024282,0,10,0,0.0,0.0,8.0,1.0,B01
201300024283,0,7,0,0.0,1.0,1.0,1.0,A01
201300024284,0,7,0,0.0,2.0,1.0,1.0,A01
201300024284,0,1,0,0.0,0.0,4.0,2.0,B01
201300024285,0,33,0,0.0,2.0,1.0,1.0,B01
201300024285,0,7,0,0.0,0.0,8.0,15.0,A01
201300024286,0,7,0,0.0,2.0,1.0,2.0,A01
201300024286,0,14,0,0.0,0.0,4.0,1.0,B01
201300024287,0,7,0,0.0,2.0,7.0,2.0,A01
201300024287,0,1,0,0.0,0.0,8.0,2.0,B01
201300024288,0,1,0,0.0,2.0,1.0,1.0,A01
201300024288,0,33,0,0.0,2.0,1.0,1.0,B01
201300024289,0,7,0,0.0,0.0,5.0,15.0,B01
201300024289,0,2,0,0.0,2.0,1.0,1.0,A01
201300024290,0,40,0,0.0,1.0,1.0,1.0,A01
201300024291,0,7,0,0.0,2.0,3.0,9.0,A01
201300024291,0,7,0,0.0,0.0,2.0,1.0,B01
201300024292,0,7,0,0.0,1.0,2.0,1.0,A01
201300024293,0,7,0,0.0,0.0,7.0,15.0,B01
201300024293,0,33,0,0.0,2.0,2.0,2.0,A01
201300024294,0,40,0,0.0,1.0,0.0,1.0,A01
201300024295,0,7,0,0.0,0.0,8.0,1.0,A01
201300024295,0,7,0,0.0,2.0,1.0,1.0,B01
201300024296,0,7,0,0.0,1.0,3.0,15.0,A01
201300024297,0,1,0,0.0,2.0,0.0,1.0,B01
201300024297,0,7,0,0.0,0.0,0.0,16.0,A01