Num_Acc,senc,catv,occutc,obs,obsm,choc,manv,num_veh
201300024298,0,32,0,0.0,2.0,1.0,1.0,B01
201300024298,0,7,0,0.0,2.0,3.0,13.0,A01
201300024299,0,10,0,0.0,1.0,1.0,15.0,A01
201300024300,0,7,0,0.0,0.0,2.0,1.0,B01
201300024300,0,31,0,0.0,2.0,8.0,1.0,A01
201300024301,0,7,0,0.0,1.0,1.0,1.0,A01
201300024302,0,7,0,0.0,1.0,0.0,16.0,A01
201300024303,0,7,0,0.0,2.0,1.0,1.0,B01
201300024303,0,7,0,0.0,0.0,4.0,1.0,A01
201300024303,0,7,0,0.0,2.0,1.0,1.0,C01
201300024303,0,7,0,0.0,2.0,1.0,1.0,D01
201300024304,0,7,0,0.0,2.0,2.0,15.0,A01
201300024304,0,7,0,0.0,2.0,3.0,1.0,B01
201300024305,0,1,0,0.0,0.0,1.0,1.0,B01
201300024305,0,7,0,0.0,2.0,1.0,1.0,A01
201300024306,0,7,0,0.0,2.0,1.0,2.0,A01
201300024306,0,7,0,0.0,0.0,4.0,1.0,B01
201300024307,0,7,0,0.0,1.0,2.0,16.0,A01
201300024308,0,10,0,0.0,1.0,2.0,15.0,A01
201300024309,0,7,0,0.0,2.0,1.0,2.0,A01
201300024309,0,7,0,0.0,0.0,4.0,1.0,B01
201300024310,0,10,0,13.0,0.0,1.0,1.0,A01
201300024311,0,30,0,12.0,0.0,7.0,0.0,A01
201300024312,0,1,0,0.0,2.0,1.0,1.0,B01
201300024312,0,7,0,0.0,2.0,7.0,15.0,A01
201300024313,0,31,0,0.0,2.0,2.0,1.0,B01
201300024313,0,7,0,0.0,0.0,7.0,1.0,A01
201300024314,0,7,0,0.0,1.0,3.0,15.0,A01
201300024315,0,7,0,0.0,2.0,1.0,1.0,B01
201300024315,0,7,0,0.0,2.0,1.0,1.0,A01
201300024316,0,34,0,1.0,2.0,4.0,1.0,A01
201300024316,0,7,0,0.0,0.0,0.0,15.0,B01
201300024317,0,7,0,0.0,1.0,1.0,1.0,A01
201300024318,0,7,0,0.0,2.0,3.0,10.0,B01
201300024318,0,7,0,0.0,2.0,4.0,1.0,A01
201300024319,0,7,0,0.0,1.0,0.0,1.0,A01
201300024320,0,33,0,0.0,0.0,7.0,1.0,A01
201300024321,0,10,0,0.0,0.0,8.0,0.0,A01
201300024322,0,33,0,0.0,1.0,2.0,1.0,A01
201300024323,0,7,0,0.0,2.0,1.0,2.0,A01
201300024323,0,7,0,0.0,0.0,5.0,1.0,B01
201300024324,0,1,0,0.0,2.0,1.0,1.0,A01
201300024324,0,7,0,0.0,0.0,3.0,1.0,B01
201300024325,0,7,0,0.0,0.0,0.0,13.0,A01
201300024325,0,1,0,0.0,2.0,0.0,1.0,B01
201300024326,0,7,0,0.0,0.0,7.0,22.0,A01
201300024326,0,2,0,0.0,2.0,1.0,1.0,B01
201300024327,0,7,0,1.0,0.0,2.0,14.0,A01
201300024328,0,7,0,8.0,0.0,8.0,10.0,A01
201300024328,0,40,0,0.0,2.0,1.0,1.0,B01
201300024329,1,7,0,0.0,1.0,2.0,15.0,Z01
201300024330,0,7,0,0.0,2.0,3.0,13.0,A01
201300024330,0,7,0,3.0,2.0,8.0,1.0,B01
201300024331,0,33,0,0.0,0.0,0.0,15.0,A01
201300024331,0,7,0,0.0,2.0,0.0,2.0,C01
201300024331,0,7,0,0.0,2.0,0.0,1.0,B01
201300024332,0,7,0,0.0,2.0,1.0,1.0,A01
201300024332,0,7,0,0.0,2.0,1.0,1.0,B01
201300024333,0,33,0,0.0,0.0,0.0,1.0,A01
201300024334,0,7,0,0.0,0.0,4.0,1.0,B01
201300024334,0,7,0,0.0,2.0,1.0,2.0,A01
201300024335,0,7,0,0.0,1.0,1.0,15.0,A01
201300024336,0,10,0,0.0,2.0,2.0,15.0,A01
201300024336,0,30,0,0.0,2.0,1.0,1.0,B01
201300024337,0,7,0,0.0,1.0,1.0,15.0,A01
201300024338,0,7,0,0.0,1.0,1.0,1.0,A01
201300024339,0,7,0,0.0,1.0,2.0,1.0,A01
201300024340,0,7,0,0.0,0.0,1.0,23.0,C01
201300024340,0,7,0,1.0,2.0,1.0,1.0,A01
201300024340,0,10,0,0.0,0.0,1.0,1.0,B01
201300024341,0,10,0,0.0,0.0,4.0,1.0,B01
201300024341,0,7,0,0.0,2.0,1.0,2.0,A01
201300024342,0,7,0,0.0,2.0,1.0,2.0,A01
201300024342,0,7,0,0.0,0.0,4.0,1.0,C01
201300024342,0,7,0,0.0,2.0,4.0,2.0,B01
201300024343,0,7,0,0.0,1.0,3.0,15.0,A01
201300024344,0,7,0,0.0,2.0,1.0,1.0,B01
201300024344,0,7,0,0.0,2.0,1.0,11.0,A01
201300024345,0,7,0,0.0,1.0,3.0,1.0,A01
201300024346,0,13,0,0.0,1.0,1.0,19.0,A01
201300024347,0,7,0,0.0,1.0,3.0,15.0,A01
201300024348,0,7,0,0.0,2.0,1.0,0.0,A01
201300024348,0,7,0,0.0,2.0,2.0,1.0,B01
201300024349,0,7,0,0.0,1.0,3.0,1.0,A01
201300024350,0,7,0,0.0,2.0,1.0,15.0,A01
201300024350,0,7,0,0.0,0.0,1.0,1.0,B01
201300024351,0,2,0,0.0,2.0,1.0,1.0,A01
201300024351,0,7,0,0.0,0.0,3.0,11.0,B01
201300024352,0,31,0,0.0,2.0,1.0,1.0,A01
201300024352,0,10,0,0.0,0.0,6.0,1.0,B01
201300024353,0,7,0,0.0,0.0,2.0,10.0,A01
201300024353,0,34,0,0.0,2.0,1.0,1.0,B01
201300024354,0,7,0,0.0,2.0,3.0,13.0,A01
201300024354,0,10,0,0.0,2.0,1.0,1.0,B01
201300024355,0,7,0,0.0,0.0,3.0,9.0,B01
201300024355,0,2,0,0.0,2.0,2.0,1.0,A01
201300024356,0,7,0,0.0,2.0,1.0,2.0,A01
201300024356,0,33,0,0.0,0.0,4.0,1.0,B01
201300024357,0,7,0,0.0,0.0,8.0,1.0,A01
201300024357,0,1,0,0.0,2.0,1.0,1.0,B01
201300024358,0,2,0,0.0,2.0,1.0,1.0,B01
201300024358,0,7,0,0.0,0.0,7.0,15.0,A01
201300024359,0,7,0,0.0,2.0,2.0,0.0,A01
201300024359,0,7,0,0.0,0.0,0.0,0.0,B01
201300024360,0,7,0,0.0,1.0,1.0,1.0,A01
201300024361,0,33,0,0.0,0.0,7.0,1.0,B01
201300024361,0,7,0,0.0,2.0,1.0,15.0,A01
201300024362,0,7,0,1.0,0.0,2.0,14.0,A01
201300024363,0,7,0,0.0,0.0,7.0,1.0,B01
201300024363,0,2,0,0.0,2.0,8.0,1.0,A01
201300024364,0,7,0,0.0,1.0,1.0,16.0,A01
201300024365,0,7,0,0.0,2.0,1.0,1.0,B01
201300024365,0,1,0,0.0,0.0,8.0,1.0,A01
201300024366,0,37,1,0.0,2.0,1.0,1.0,C01
201300024366,0,7,0,0.0,2.0,1.0,1.0,A01
201300024366,0,7,0,0.0,2.0,1.0,1.0,B01
201300024367,0,7,0,0.0,1.0,1.0,1.0,A01
201300024368,0,7,0,0.0,2.0,1.0,13.0,A01
201300024368,0,7,0,0.0,2.0,1.0,1.0,B01
201300024369,1,7,0,0.0,2.0,3.0,15.0,A01
201300024369,0,7,0,0.0,2.0,1.0,1.0,B01
201300024370,0,30,0,14.0,0.0,1.0,1.0,A01
201300024371,0,2,0,0.0,2.0,1.0,1.0,A01
201300024371,0,7,0,0.0,2.0,3.0,1.0,B02
201300024372,0,33,0,0.0,2.0,1.0,13.0,A01
201300024372,0,7,0,0.0,2.0,2.0,1.0,B02
201300024373,0,7,0,0.0,2.0,1.0,1.0,A01
201300024373,0,7,0,0.0,0.0,4.0,0.0,B02
201300024374,0,7,0,9.0,0.0,8.0,1.0,A01
201300024375,0,7,0,0.0,0.0,7.0,15.0,A01
201300024375,0,33,0,0.0,2.0,1.0,1.0,B02
201300024376,0,14,0,0.0,2.0,2.0,1.0,B02
201300024376,0,2,0,0.0,2.0,1.0,19.0,A01
201300024377,0,7,0,0.0,2.0,1.0,13.0,A01
201300024377,0,10,0,0.0,2.0,1.0,1.0,B02
201300024378,0,33,0,0.0,0.0,0.0,16.0,A01
201300024379,0,14,0,13.0,0.0,9.0,14.0,A01
201300024380,0,7,0,13.0,0.0,9.0,15.0,A01
201300024381,0,7,0,0.0,2.0,3.0,1.0,A01
201300024381,0,7,0,0.0,2.0,3.0,1.0,B02
201300024382,0,7,0,0.0,1.0,3.0,1.0,A01
201300024383,0,30,0,0.0,2.0,8.0,1.0,B02
201300024383,0,21,0,0.0,2.0,1.0,15.0,A01
201300024384,0,7,0,8.0,0.0,3.0,1.0,A01
201300024385,0,7,0,0.0,2.0,5.0,15.0,A01
201300024385,0,2,0,0.0,2.0,1.0,1.0,B02
201300024386,0,33,0,16.0,,2.0,21.0,A01
201300024387,0,7,0,2.0,0.0,1.0,1.0,A01
201300024388,0,10,0,0.0,2.0,1.0,1.0,A01
201300024388,0,33,0,0.0,2.0,1.0,1.0,B02
201300024388,0,7,0,0.0,2.0,6.0,1.0,C03
201300024389,0,33,0,0.0,2.0,1.0,1.0,B02
201300024389,0,7,0,0.0,2.0,8.0,15.0,A01
201300024390,0,31,0,0.0,2.0,7.0,0.0,B02
201300024390,0,10,0,0.0,2.0,0.0,1.0,A01
201300024391,0,7,0,0.0,2.0,3.0,13.0,B02
201300024391,0,7,0,0.0,2.0,3.0,1.0,A01
201300024392,0,1,0,0.0,2.0,2.0,19.0,A01
201300024392,0,7,0,0.0,2.0,1.0,1.0,B02
201300024393,0,7,0,0.0,2.0,8.0,15.0,A01
201300024393,0,33,0,0.0,2.0,2.0,2.0,B02
201300024394,0,7,0,0.0,2.0,1.0,1.0,C03
201300024394,0,7,0,1.0,2.0,2.0,1.0,A01
201300024394,0,7,0,0.0,0.0,8.0,24.0,B02
201300024395,0,7,0,6.0,2.0,3.0,9.0,A01
201300024395,0,31,0,0.0,2.0,5.0,12.0,B02
201300024396,0,30,0,0.0,2.0,1.0,17.0,B02
201300024396,0,7,0,0.0,2.0,6.0,19.0,A01
201300024397,0,7,0,0.0,2.0,1.0,1.0,B02
201300024397,0,7,0,0.0,2.0,1.0,13.0,A01
201300024398,0,7,0,0.0,1.0,2.0,1.0,A01
201300024399,0,10,0,6.0,0.0,1.0,19.0,A01
201300024400,0,7,0,0.0,2.0,3.0,15.0,A01
201300024401,0,10,0,0.0,1.0,2.0,1.0,A01
201300024402,1,7,0,0.0,1.0,0.0,0.0,A01
201300024403,0,7,0,0.0,1.0,1.0,1.0,A01
201300024404,0,2,0,0.0,2.0,1.0,1.0,C01
201300024404,0,7,0,0.0,2.0,1.0,21.0,A01
201300024404,0,7,0,0.0,2.0,1.0,1.0,B01
201300024405,0,7,0,0.0,2.0,3.0,13.0,A01
201300024405,0,10,0,0.0,2.0,3.0,1.0,B01
201300024406,0,7,0,0.0,2.0,3.0,15.0,A01
201300024406,0,33,0,0.0,2.0,1.0,1.0,B01
201300024407,0,34,0,2.0,0.0,3.0,5.0,A01
201300024408,0,7,0,0.0,2.0,1.0,1.0,A01
201300024408,0,7,0,0.0,0.0,4.0,1.0,B01
201300024409,0,30,0,0.0,1.0,2.0,1.0,A01
201300024410,0,7,0,0.0,2.0,3.0,15.0,A01
201300024410,0,34,0,0.0,2.0,3.0,1.0,B01
201300024411,0,7,0,0.0,2.0,8.0,10.0,A01
201300024411,0,33,0,0.0,2.0,2.0,1.0,B01
201300024412,0,10,0,0.0,2.0,3.0,11.0,A01
201300024412,0,7,0,0.0,2.0,2.0,1.0,B01
201300024413,0,7,0,0.0,2.0,1.0,1.0,B01
201300024413,0,2,0,0.0,2.0,7.0,15.0,A01
201300024414,0,7,0,0.0,2.0,2.0,9.0,A01
201300024414,0,1,0,0.0,2.0,4.0,2.0,B01
201300024415,0,7,0,0.0,2.0,1.0,1.0,B01
201300024415,0,7,0,0.0,2.0,7.0,10.0,A01
201300024416,0,7,0,0.0,2.0,7.0,15.0,A01
201300024416,0,2,0,0.0,2.0,3.0,1.0,B01
201300024417,0,7,0,8.0,0.0,0.0,15.0,A01
201300024418,0,7,0,0.0,2.0,6.0,9.0,A01
201300024418,0,1,0,0.0,2.0,0.0,0.0,B01
201300024419,0,7,0,0.0,1.0,6.0,23.0,A01
201300024419,0,7,0,0.0,2.0,5.0,2.0,B01
201300024420,0,2,0,0.0,2.0,1.0,1.0,A01
201300024420,0,7,0,0.0,2.0,4.0,1.0,B01
201300024421,0,30,0,0.0,2.0,6.0,0.0,A01
201300024421,0,7,0,0.0,2.0,3.0,0.0,B01
201300024422,0,7,0,0.0,2.0,3.0,1.0,C01
201300024422,0,7,0,0.0,2.0,1.0,1.0,B01
201300024422,0,7,0,0.0,2.0,1.0,13.0,A01
201300024423,0,7,0,0.0,1.0,0.0,15.0,A01
201300024424,1,7,0,0.0,2.0,2.0,0.0,Z01
201300024424,0,2,0,0.0,2.0,1.0,1.0,A01
201300024425,0,7,0,5.0,0.0,1.0,17.0,A01
201300024426,0,7,0,0.0,1.0,1.0,1.0,A01
201300024427,0,7,0,0.0,2.0,1.0,1.0,A01
201300024427,0,7,0,0.0,2.0,4.0,1.0,B01
201300024428,1,7,0,0.0,2.0,1.0,1.0,A01
201300024428,0,7,0,0.0,2.0,4.0,1.0,B01
201300024428,0,7,0,0.0,2.0,4.0,1.0,C01
201300024429,1,7,0,0.0,1.0,2.0,1.0,Z01
201300024430,0,2,0,0.0,2.0,7.0,1.0,B01
201300024430,1,7,0,0.0,2.0,1.0,1.0,Z01
201300024431,0,7,0,9.0,0.0,1.0,1.0,A01
201300024432,0,1,0,0.0,2.0,8.0,9.0,A01
201300024432,0,7,0,0.0,2.0,3.0,1.0,B01
201300024433,0,7,0,0.0,1.0,1.0,1.0,A01
201300024434,0,34,0,0.0,2.0,1.0,1.0,B01
201300024434,0,7,0,0.0,2.0,7.0,19.0,A01
201300024435,0,7,0,0.0,2.0,4.0,1.0,B01
201300024435,0,30,0,0.0,2.0,1.0,1.0,A01
201300024436,0,7,0,0.0,2.0,8.0,0.0,B01
201300024436,2,7,0,0.0,2.0,1.0,0.0,A01
201300024437,0,7,0,0.0,2.0,7.0,1.0,B01
201300024437,0,7,0,0.0,2.0,1.0,9.0,A01
201300024438,0,7,0,0.0,2.0,2.0,11.0,A01
201300024438,0,7,0,0.0,2.0,8.0,1.0,B01
201300024439,0,7,0,2.0,0.0,1.0,1.0,A01
201300024440,0,7,0,0.0,1.0,2.0,15.0,A01
201300024441,0,30,0,0.0,2.0,8.0,16.0,B01
201300024441,1,7,0,0.0,2.0,1.0,15.0,Z01
201300024442,0,7,0,0.0,2.0,7.0,1.0,B01
201300024442,0,30,0,0.0,2.0,1.0,16.0,A01
201300024443,0,7,0,0.0,1.0,1.0,1.0,A01
201300024444,1,7,0,0.0,0.0,1.0,1.0,A01
201300024444,0,7,0,0.0,2.0,8.0,15.0,B01
201300024445,0,7,0,0.0,1.0,2.0,1.0,A01
201300024446,0,7,0,0.0,1.0,1.0,1.0,A01
201300024447,0,7,0,13.0,0.0,1.0,1.0,A01
201300024448,0,7,0,0.0,2.0,1.0,1.0,B01
201300024448,0,7,0,0.0,2.0,7.0,19.0,A01
201300024449,0,10,0,0.0,1.0,4.0,4.0,A01
201300024450,0,1,0,0.0,2.0,4.0,1.0,B01
201300024450,1,7,0,0.0,2.0,1.0,2.0,Z01
201300024451,0,7,0,0.0,2.0,3.0,1.0,B01
201300024451,0,7,0,2.0,2.0,1.0,1.0,A01
201300024452,0,7,0,0.0,1.0,2.0,1.0,A01
201300024453,0,7,0,0.0,2.0,3.0,1.0,B01
201300024453,0,7,0,0.0,2.0,2.0,0.0,A01
201300024454,2,7,0,2.0,2.0,3.0,1.0,A01
201300024454,0,7,0,0.0,2.0,4.0,16.0,B01
201300024454,0,7,0,0.0,2.0,1.0,1.0,C01
201300024455,1,99,0,0.0,1.0,1.0,1.0,Z01
201300024456,0,7,0,0.0,1.0,3.0,15.0,A01
201300024457,0,37,1,0.0,1.0,7.0,16.0,A01
201300024458,0,3,0,0.0,0.0,1.0,1.0,A01
201300024459,0,7,0,0.0,1.0,0.0,20.0,Z01
201300024460,0,2,0,0.0,0.0,2.0,1.0,A01
201300024461,0,7,0,0.0,1.0,5.0,4.0,A01
201300024462,0,7,0,2.0,0.0,1.0,13.0,A01
201300024463,0,7,0,0.0,2.0,2.0,1.0,A01
201300024463,0,7,0,0.0,2.0,3.0,19.0,B01
201300024464,0,7,0,0.0,2.0,5.0,1.0,B01
201300024464,0,2,0,0.0,2.0,1.0,2.0,A01
201300024465,0,7,0,0.0,1.0,1.0,1.0,A01
201300024466,0,7,0,0.0,2.0,8.0,15.0,A01
201300024466,0,33,0,0.0,2.0,1.0,1.0,B01
201300024467,0,7,0,14.0,0.0,1.0,1.0,A01
201300024468,0,7,0,0.0,2.0,3.0,13.0,A01
201300024468,0,7,0,12.0,2.0,3.0,1.0,B01
201300024469,0,7,0,6.0,1.0,1.0,1.0,A01
201300024470,1,7,0,0.0,1.0,2.0,1.0,Z01
201300024471,0,7,0,0.0,2.0,2.0,10.0,A01
201300024471,0,7,0,0.0,2.0,3.0,1.0,B01
201300024472,0,7,0,0.0,2.0,1.0,1.0,B01
201300024472,0,7,0,0.0,2.0,1.0,13.0,A01
201300024473,0,33,0,0.0,2.0,2.0,1.0,B01
201300024473,0,7,0,0.0,2.0,3.0,10.0,A01
201300024474,0,30,0,0.0,1.0,1.0,1.0,A01
201300024475,0,99,0,2.0,0.0,1.0,1.0,A01
201300024476,0,33,0,0.0,0.0,7.0,0.0,A01
201300024477,0,7,0,0.0,2.0,3.0,1.0,B01
201300024477,0,7,0,0.0,2.0,1.0,16.0,A01
201300024478,1,7,0,0.0,0.0,0.0,1.0,Z01
201300024478,0,33,0,0.0,0.0,0.0,1.0,B01
201300024479,0,7,0,0.0,1.0,8.0,1.0,A01
201300024480,0,7,0,0.0,0.0,0.0,1.0,A01
201300024481,0,10,0,0.0,2.0,5.0,1.0,B01
201300024481,0,34,0,0.0,2.0,1.0,1.0,A01
201300024482,0,7,0,0.0,2.0,1.0,1.0,B01
201300024482,0,33,0,5.0,2.0,1.0,1.0,A01
201300024483,0,34,0,12.0,0.0,1.0,1.0,A01
201300024484,0,7,0,0.0,2.0,1.0,2.0,A01
201300024484,0,2,0,0.0,2.0,4.0,1.0,B01
201300024485,0,7,0,0.0,2.0,4.0,1.0,B01
201300024485,0,31,0,0.0,2.0,1.0,2.0,A01
201300024486,0,7,0,0.0,1.0,3.0,15.0,A01
201300024487,0,30,0,0.0,1.0,1.0,1.0,A01
201300024488,0,7,0,3.0,0.0,0.0,0.0,A01
201300024489,1,34,0,0.0,2.0,1.0,17.0,A01
201300024489,0,1,0,0.0,2.0,4.0,1.0,B01
201300024490,0,33,0,0.0,2.0,1.0,1.0,B01
201300024490,0,7,0,0.0,2.0,8.0,6.0,A01
201300024491,0,7,0,0.0,2.0,7.0,1.0,B01
201300024491,0,2,0,0.0,2.0,1.0,19.0,A01
201300024492,0,7,0,5.0,1.0,1.0,0.0,A01
201300024493,0,7,0,0.0,1.0,3.0,1.0,A01
201300024494,0,7,0,0.0,2.0,3.0,1.0,B01
201300024494,0,7,0,0.0,2.0,1.0,1.0,A01
201300024495,0,7,0,0.0,2.0,4.0,1.0,B01
201300024495,0,7,0,0.0,2.0,1.0,1.0,A01
201300024496,0,7,0,0.0,2.0,7.0,10.0,A01
201300024496,0,33,0,0.0,2.0,1.0,1.0,B01
201300024497,0,7,0,0.0,1.0,2.0,1.0,A01
201300024498,0,33,0,1.0,0.0,1.0,1.0,A01
201300024499,0,7,0,0.0,1.0,1.0,1.0,A01
201300024500,0,7,0,0.0,1.0,2.0,1.0,A01
201300024501,0,32,0,7.0,2.0,1.0,13.0,A01
201300024501,0,17,0,0.0,2.0,8.0,1.0,B01
201300024502,0,1,0,1.0,2.0,8.0,13.0,B01
201300024502,0,7,0,0.0,2.0,1.0,1.0,A01
201300024503,0,7,0,0.0,1.0,1.0,1.0,A01
201300024504,0,7,0,0.0,1.0,1.0,1.0,A01
201300024505,0,7,0,0.0,2.0,2.0,1.0,B01
201300024505,0,33,0,0.0,2.0,1.0,1.0,A01
201300024506,0,38,1,0.0,1.0,7.0,1.0,A01
201300024507,0,7,0,13.0,0.0,0.0,0.0,A01
201300024508,0,7,0,0.0,1.0,1.0,1.0,A01
201300024509,0,7,0,0.0,1.0,1.0,1.0,A01
201300024510,0,7,0,0.0,1.0,1.0,1.0,A01
201300024511,0,7,0,0.0,2.0,6.0,10.0,A01
201300024511,0,10,0,0.0,2.0,1.0,1.0,B01
201300024512,0,7,0,9.0,0.0,1.0,19.0,A01
201300024513,0,30,0,0.0,2.0,1.0,1.0,A01
201300024513,0,7,0,0.0,0.0,4.0,1.0,B01
201300024514,0,32,0,0.0,2.0,1.0,18.0,B01
201300024514,0,7,0,0.0,2.0,1.0,15.0,A01
201300024515,0,7,0,0.0,2.0,8.0,1.0,B01
201300024515,0,10,0,0.0,2.0,2.0,15.0,A01
201300024516,0,1,0,0.0,2.0,1.0,1.0,A01
201300024516,0,7,0,0.0,9.0,4.0,1.0,B01
201300024517,0,7,0,0.0,2.0,4.0,2.0,B01
201300024517,0,7,0,0.0,2.0,1.0,2.0,A01
201300024517,0,7,0,0.0,0.0,4.0,1.0,C01
201300024518,0,7,0,8.0,0.0,2.0,1.0,A01
201300024519,1,7,0,0.0,2.0,0.0,0.0,Z01
201300024519,0,2,0,0.0,0.0,8.0,1.0,B01
201300024520,0,1,0,0.0,2.0,7.0,19.0,A01
201300024520,0,7,0,0.0,2.0,1.0,1.0,B01
201300024521,0,7,0,15.0,0.0,5.0,1.0,A01
201300024522,0,10,0,0.0,2.0,1.0,2.0,A01
201300024522,0,7,0,0.0,2.0,4.0,1.0,B01
201300024523,0,7,0,0.0,2.0,1.0,15.0,A01
201300024523,0,7,0,0.0,2.0,3.0,1.0,B01
201300024524,0,7,0,0.0,1.0,1.0,1.0,A01
201300024525,0,7,0,8.0,0.0,1.0,16.0,A01
201300024526,0,7,0,0.0,2.0,1.0,1.0,B01
201300024526,0,7,0,0.0,2.0,2.0,15.0,A01
201300024527,0,7,0,0.0,2.0,3.0,15.0,A01
201300024527,0,32,0,0.0,2.0,3.0,1.0,B01
201300024528,0,7,0,0.0,0.0,4.0,1.0,B01
201300024528,0,7,0,0.0,2.0,1.0,1.0,A01
201300024529,0,10,0,0.0,2.0,2.0,14.0,A01
201300024529,0,33,0,0.0,2.0,8.0,0.0,B01
201300024530,0,32,0,0.0,2.0,1.0,1.0,B01
201300024530,0,7,0,0.0,2.0,7.0,15.0,A01
201300024531,0,7,0,0.0,1.0,8.0,1.0,A01
201300024532,0,7,0,0.0,4.0,6.0,9.0,A01
201300024532,0,40,0,0.0,2.0,1.0,1.0,B01
201300024533,0,7,0,0.0,2.0,8.0,15.0,A01
201300024533,0,7,0,0.0,2.0,1.0,1.0,B01
201300024534,0,2,0,0.0,2.0,1.0,1.0,B01
201300024534,0,7,0,0.0,2.0,2.0,15.0,A01
201300024535,0,7,0,0.0,2.0,2.0,10.0,A01
201300024535,0,34,0,0.0,2.0,1.0,1.0,B01
201300024536,0,40,1,0.0,2.0,2.0,1.0,B01
201300024536,0,1,0,0.0,4.0,3.0,19.0,A01
201300024537,0,7,0,15.0,0.0,1.0,17.0,A01
201300024538,0,32,0,0.0,0.0,7.0,17.0,A01
201300024538,0,7,0,0.0,0.0,0.0,15.0,B01
201300024539,0,30,0,0.0,2.0,1.0,1.0,B01
201300024539,0,7,0,0.0,2.0,3.0,11.0,A01
201300024540,0,2,0,0.0,2.0,7.0,9.0,A01
201300024540,0,7,0,0.0,2.0,6.0,1.0,B01
201300024541,0,30,0,0.0,2.0,7.0,15.0,A01
201300024541,0,7,0,0.0,9.0,2.0,0.0,B01
201300024542,0,7,0,0.0,1.0,2.0,1.0,A01
201300024543,0,7,0,0.0,2.0,2.0,19.0,A01
201300024543,0,32,0,0.0,2.0,8.0,1.0,B01
201300024543,0,7,0,0.0,2.0,4.0,1.0,C01
201300024544,0,7,0,0.0,2.0,4.0,1.0,B01
201300024544,0,1,0,0.0,2.0,1.0,1.0,A01
201300024545,0,32,0,0.0,2.0,1.0,1.0,B01
201300024545,0,7,0,0.0,2.0,2.0,15.0,A01
201300024546,0,7,0,0.0,1.0,3.0,1.0,A01
201300024547,0,7,0,0.0,2.0,3.0,15.0,A01
201300024547,0,7,0,0.0,2.0,8.0,1.0,B01
201300024548,0,7,0,0.0,2.0,4.0,2.0,B01
201300024548,0,7,0,0.0,2.0,1.0,2.0,A01
201300024549,0,7,0,0.0,1.0,1.0,1.0,A01
201300024550,0,7,0,2.0,0.0,1.0,1.0,A01
201300024551,0,33,0,0.0,2.0,2.0,3.0,A01
201300024551,0,7,0,0.0,2.0,6.0,23.0,B01
201300024552,0,32,0,10.0,0.0,7.0,1.0,A01
201300024553,0,33,0,0.0,2.0,2.0,5.0,B01
201300024553,0,7,0,0.0,2.0,3.0,10.0,A01
201300024554,1,7,0,0.0,2.0,2.0,15.0,Z01
201300024554,0,33,0,0.0,2.0,2.0,1.0,A01
201300024555,0,7,0,2.0,0.0,9.0,1.0,A01
201300024556,0,37,1,0.0,1.0,2.0,1.0,A01
201300024557,0,7,0,6.0,0.0,1.0,0.0,A01
201300024558,0,7,0,0.0,1.0,3.0,1.0,A01
201300024559,0,30,0,0.0,2.0,1.0,1.0,B01
201300024559,0,10,0,0.0,2.0,2.0,15.0,A01
201300024560,0,7,0,0.0,1.0,1.0,1.0,A01
201300024561,0,32,0,0.0,2.0,1.0,1.0,A01
201300024561,0,7,0,0.0,0.0,6.0,1.0,B01
201300024562,0,33,0,0.0,0.0,0.0,1.0,A01
201300024563,0,1,0,0.0,2.0,3.0,19.0,A01
201300024563,0,13,0,0.0,9.0,1.0,1.0,B01
201300024564,0,7,0,0.0,1.0,4.0,4.0,A01
201300024565,0,7,0,0.0,1.0,5.0,2.0,A01
201300024566,0,7,0,0.0,2.0,4.0,1.0,C01
201300024566,0,7,0,0.0,2.0,4.0,1.0,B01
201300024566,0,7,0,0.0,2.0,1.0,1.0,A01
201300024566,0,7,0,0.0,2.0,1.0,1.0,D01
201300024567,0,7,0,15.0,0.0,2.0,14.0,A01
201300024568,0,7,0,15.0,0.0,8.0,14.0,A01
201300024569,0,7,0,0.0,1.0,2.0,15.0,A01
201300024570,0,7,0,0.0,1.0,4.0,4.0,A01
201300024571,0,40,0,0.0,2.0,2.0,2.0,B01
201300024571,0,7,0,0.0,4.0,8.0,15.0,A01
201300024572,0,7,0,0.0,2.0,1.0,5.0,A01
201300024572,0,7,0,0.0,2.0,1.0,1.0,B01
201300024573,0,7,0,0.0,2.0,8.0,9.0,A01
201300024573,0,7,0,0.0,2.0,1.0,19.0,B01
201300024574,0,7,0,3.0,0.0,1.0,19.0,A01
201300024575,0,2,0,0.0,2.0,1.0,2.0,A01
201300024575,0,7,0,0.0,0.0,6.0,2.0,B01
201300024576,0,7,0,15.0,0.0,2.0,1.0,A01
201300024577,0,10,0,0.0,0.0,0.0,14.0,B01
201300024577,2,7,0,0.0,1.0,7.0,4.0,A01
201300024578,0,13,0,0.0,2.0,1.0,17.0,B01
201300024578,0,33,0,0.0,2.0,1.0,1.0,A01
201300024579,0,7,0,0.0,2.0,2.0,15.0,A01
201300024579,0,33,0,0.0,2.0,1.0,1.0,B01
201300024580,1,7,0,0.0,1.0,2.0,0.0,A01
201300024581,0,7,0,0.0,0.0,0.0,15.0,A01
201300024581,0,32,0,0.0,2.0,7.0,21.0,B01
201300024582,0,33,0,10.0,0.0,7.0,14.0,A01
201300024583,0,7,0,0.0,2.0,8.0,15.0,A01
201300024583,0,7,0,7.0,2.0,4.0,1.0,B01