Num_Acc,senc,catv,occutc,obs,obsm,choc,manv,num_veh
201300024584,0,7,0,0.0,2.0,7.0,12.0,A01
201300024584,0,33,0,0.0,2.0,8.0,1.0,B01
201300024585,0,7,0,0.0,2.0,8.0,15.0,A01
201300024585,0,7,0,0.0,2.0,2.0,17.0,B01
201300024586,0,1,0,0.0,2.0,8.0,1.0,B01
201300024586,0,7,0,0.0,2.0,7.0,16.0,A01
201300024587,0,33,0,0.0,2.0,1.0,1.0,B01
201300024587,0,7,0,0.0,2.0,3.0,19.0,A01
201300024588,0,7,0,0.0,0.0,4.0,23.0,B01
201300024588,0,7,0,0.0,2.0,1.0,2.0,A01
201300024589,0,34,0,0.0,2.0,1.0,17.0,B01
201300024589,0,7,0,0.0,0.0,7.0,10.0,A01
201300024590,0,7,0,0.0,1.0,2.0,1.0,A01
201300024591,0,7,0,2.0,0.0,4.0,0.0,A01
201300024592,1,7,0,1.0,1.0,5.0,0.0,Z01
201300024592,0,7,0,0.0,0.0,7.0,24.0,B01
201300024593,0,10,0,16.0,0.0,0.0,21.0,A01
201300024594,0,7,0,0.0,2.0,1.0,1.0,A01
201300024594,0,7,0,0.0,2.0,3.0,1.0,B01
201300024595,0,7,0,0.0,2.0,2.0,1.0,A01
201300024595,0,33,0,0.0,2.0,4.0,23.0,B01
201300024596,0,34,0,0.0,2.0,3.0,1.0,B01
201300024596,0,7,0,0.0,2.0,2.0,15.0,A01
201300024597,0,7,0,0.0,0.0,5.0,15.0,B01
201300024597,0,31,0,0.0,2.0,1.0,1.0,A01
201300024598,0,7,0,0.0,0.0,0.0,5.0,A01
201300024598,0,7,0,0.0,0.0,4.0,1.0,B01
201300024598,0,7,0,0.0,2.0,1.0,1.0,D01
201300024598,0,7,0,0.0,2.0,1.0,1.0,C01
201300024599,0,32,0,0.0,2.0,1.0,17.0,A01
201300024599,0,7,0,0.0,2.0,6.0,24.0,C01
201300024599,0,7,0,0.0,2.0,3.0,15.0,B01
201300024600,0,7,0,0.0,2.0,3.0,1.0,B01
201300024600,0,7,0,0.0,2.0,1.0,1.0,A01
201300024601,0,7,0,0.0,2.0,5.0,15.0,A01
201300024601,0,10,0,0.0,2.0,2.0,1.0,B01
201300024602,0,7,0,10.0,0.0,1.0,13.0,A01
201300024603,0,7,0,0.0,2.0,1.0,13.0,A01
201300024603,0,7,0,0.0,2.0,1.0,1.0,B01
201300024604,0,7,0,0.0,2.0,2.0,16.0,A01
201300024604,0,7,0,0.0,2.0,3.0,1.0,B01
201300024605,0,32,0,0.0,2.0,1.0,1.0,B01
201300024605,0,7,0,0.0,2.0,3.0,13.0,A01
201300024606,1,99,0,0.0,2.0,1.0,19.0,A01
201300024606,0,7,0,0.0,2.0,8.0,15.0,B01
201300024607,0,7,0,0.0,0.0,0.0,1.0,A01
201300024608,0,7,0,0.0,2.0,3.0,1.0,B01
201300024608,0,7,0,0.0,2.0,2.0,1.0,A01
201300024609,0,30,0,0.0,2.0,7.0,12.0,A01
201300024609,0,7,0,0.0,2.0,2.0,1.0,B01
201300024610,0,7,0,0.0,2.0,1.0,9.0,A01
201300024610,0,31,0,0.0,2.0,7.0,1.0,B01
201300024611,0,7,0,0.0,2.0,2.0,16.0,A01
201300024611,0,1,0,0.0,2.0,8.0,1.0,B01
201300024612,0,34,0,0.0,2.0,1.0,18.0,B01
201300024612,0,7,0,0.0,2.0,1.0,15.0,A01
201300024613,0,7,0,0.0,2.0,1.0,15.0,A01
201300024613,0,7,0,0.0,2.0,1.0,1.0,B01
201300024614,0,7,0,0.0,2.0,4.0,23.0,B01
201300024614,0,10,0,0.0,2.0,1.0,1.0,A01
201300024615,0,7,0,0.0,2.0,1.0,0.0,A01
201300024616,0,7,0,0.0,2.0,3.0,0.0,B01
201300024616,0,33,0,0.0,2.0,1.0,1.0,A01
201300024617,0,7,0,0.0,2.0,1.0,1.0,B01
201300024617,0,30,0,0.0,2.0,3.0,1.0,A01
201300024618,0,7,0,0.0,2.0,3.0,16.0,A01
201300024618,0,7,0,0.0,2.0,2.0,1.0,B01
201300024619,0,32,0,0.0,2.0,1.0,2.0,B01
201300024619,0,7,0,0.0,2.0,8.0,10.0,A01
201300024620,0,31,0,0.0,2.0,1.0,1.0,B01
201300024620,0,7,0,0.0,2.0,1.0,19.0,A01
201300024621,0,2,0,0.0,4.0,1.0,1.0,A01
201300024621,0,40,0,0.0,2.0,3.0,1.0,B01
201300024622,1,7,0,0.0,2.0,1.0,0.0,Z01
201300024622,0,7,0,8.0,0.0,2.0,1.0,A01
201300024623,0,32,0,0.0,2.0,7.0,12.0,A01
201300024623,0,7,0,0.0,2.0,8.0,1.0,B01
201300024624,0,2,0,0.0,2.0,1.0,1.0,B01
201300024624,0,10,0,0.0,2.0,4.0,4.0,A01
201300024625,0,31,0,0.0,0.0,7.0,1.0,A01
201300024626,0,7,0,0.0,9.0,2.0,15.0,A01
201300024626,0,1,0,0.0,2.0,1.0,1.0,B01
201300024627,0,37,1,0.0,2.0,3.0,1.0,C01
201300024627,0,7,0,0.0,2.0,7.0,1.0,B01
201300024627,0,7,0,0.0,2.0,1.0,15.0,A01
201300024628,0,7,0,0.0,1.0,2.0,1.0,A01
201300024629,0,7,0,0.0,0.0,4.0,20.0,B01
201300024629,0,7,0,0.0,2.0,1.0,1.0,A01
201300024630,0,13,0,0.0,2.0,3.0,13.0,A01
201300024630,0,33,0,0.0,2.0,2.0,17.0,B01
201300024631,0,14,0,0.0,2.0,1.0,2.0,A01
201300024631,0,7,0,0.0,0.0,4.0,23.0,B01
201300024632,0,7,0,0.0,2.0,1.0,1.0,B01
201300024632,0,7,0,0.0,2.0,8.0,5.0,A01
201300024633,0,7,0,0.0,0.0,1.0,0.0,A01
201300024634,1,10,0,0.0,2.0,1.0,0.0,Z01
201300024634,0,7,0,6.0,2.0,3.0,1.0,B01
201300024635,0,1,0,0.0,2.0,1.0,19.0,A01
201300024635,0,7,0,0.0,2.0,5.0,1.0,B01
201300024636,0,30,0,0.0,2.0,1.0,1.0,B01
201300024636,0,7,0,0.0,2.0,7.0,15.0,A01
201300024637,1,7,0,0.0,2.0,3.0,10.0,Z01
201300024637,0,30,0,0.0,2.0,7.0,1.0,A01
201300024638,0,7,0,0.0,2.0,4.0,1.0,B01
201300024638,0,10,0,0.0,2.0,1.0,1.0,A01
201300024639,0,34,0,0.0,0.0,8.0,17.0,A01
201300024640,0,1,0,6.0,0.0,1.0,0.0,A01
201300024641,0,7,0,0.0,2.0,3.0,1.0,B01
201300024641,0,30,0,0.0,2.0,2.0,17.0,A01
201300024642,0,32,0,0.0,2.0,8.0,1.0,B01
201300024642,0,7,0,0.0,2.0,2.0,12.0,A01
201300024643,0,34,0,0.0,2.0,4.0,23.0,B01
201300024643,0,30,0,0.0,2.0,1.0,5.0,C01
201300024643,0,7,0,0.0,2.0,1.0,2.0,A01
201300024644,0,7,0,0.0,2.0,4.0,2.0,B01
201300024644,0,10,0,0.0,2.0,1.0,2.0,A01
201300024645,0,10,0,0.0,1.0,1.0,1.0,A01
201300024646,0,32,0,0.0,2.0,1.0,1.0,B01
201300024646,0,7,0,0.0,2.0,0.0,15.0,A01
201300024647,0,7,0,0.0,2.0,1.0,1.0,B01
201300024647,0,2,0,0.0,2.0,7.0,9.0,A01
201300024648,0,33,0,0.0,2.0,7.0,1.0,B01
201300024648,0,7,0,0.0,2.0,1.0,15.0,A01
201300024649,0,7,0,0.0,2.0,7.0,1.0,A01
201300024649,0,1,0,0.0,2.0,1.0,19.0,B01
201300024650,0,7,0,2.0,0.0,1.0,1.0,A01
201300024651,0,2,0,0.0,2.0,1.0,1.0,A01
201300024651,0,7,0,0.0,2.0,3.0,1.0,B01
201300024652,0,7,0,0.0,1.0,3.0,1.0,A01
201300024653,0,7,0,0.0,0.0,7.0,1.0,A01
201300024654,0,10,0,0.0,1.0,2.0,1.0,A01
201300024655,0,32,0,0.0,1.0,8.0,1.0,A01
201300024656,0,2,0,0.0,2.0,1.0,2.0,B01
201300024656,0,7,0,0.0,2.0,3.0,15.0,A01
201300024657,0,33,0,6.0,0.0,1.0,12.0,A01
201300024658,0,7,0,0.0,2.0,3.0,15.0,B01
201300024658,0,30,0,0.0,2.0,1.0,1.0,A01
201300024659,0,7,0,0.0,2.0,3.0,1.0,A01
201300024659,0,34,0,0.0,2.0,1.0,1.0,B01
201300024660,0,14,0,0.0,1.0,0.0,1.0,A01
201300024661,0,7,0,0.0,2.0,1.0,2.0,B01
201300024661,0,7,0,0.0,0.0,4.0,23.0,A01
201300024662,0,7,0,0.0,2.0,3.0,15.0,A01
201300024662,0,7,0,0.0,2.0,3.0,1.0,B01
201300024663,0,7,0,0.0,0.0,6.0,2.0,I01
201300024663,0,7,0,0.0,2.0,6.0,24.0,G01
201300024663,0,7,0,0.0,2.0,8.0,24.0,F01
201300024663,0,31,0,0.0,0.0,1.0,5.0,H01
201300024663,0,7,0,0.0,2.0,8.0,24.0,C01
201300024663,0,7,0,0.0,2.0,6.0,24.0,E01
201300024663,0,7,0,0.0,0.0,1.0,2.0,A01
201300024663,0,7,0,0.0,2.0,8.0,24.0,B01
201300024663,0,7,0,0.0,0.0,2.0,2.0,D01
201300024664,0,1,0,0.0,2.0,1.0,19.0,B01
201300024664,0,10,0,0.0,2.0,3.0,1.0,A01
201300024665,0,32,0,0.0,2.0,1.0,1.0,B01
201300024665,0,7,0,0.0,0.0,4.0,4.0,A01
201300024666,0,34,0,0.0,2.0,7.0,17.0,A01
201300024666,0,34,0,0.0,2.0,8.0,15.0,B01
201300024667,0,7,0,0.0,2.0,3.0,15.0,B01
201300024667,2,32,0,0.0,2.0,1.0,1.0,A01
201300024668,0,10,0,0.0,2.0,1.0,1.0,A01
201300024668,0,7,0,0.0,2.0,4.0,1.0,D01
201300024668,0,7,0,0.0,2.0,4.0,1.0,B01
201300024668,0,7,0,0.0,2.0,4.0,1.0,C01
201300024668,0,7,0,0.0,0.0,4.0,1.0,E01
201300024669,0,10,0,2.0,0.0,1.0,14.0,A01
201300024670,0,7,0,0.0,2.0,1.0,1.0,B01
201300024670,0,10,0,0.0,2.0,7.0,1.0,A01
201300024671,0,7,0,0.0,2.0,6.0,16.0,B01
201300024671,0,30,0,0.0,2.0,8.0,18.0,A01
201300024672,0,30,0,0.0,2.0,3.0,1.0,B01
201300024672,0,7,0,0.0,2.0,2.0,15.0,A01
201300024673,0,7,0,0.0,1.0,5.0,23.0,A01
201300024674,0,7,0,0.0,1.0,2.0,1.0,A01
201300024675,0,7,0,4.0,0.0,1.0,1.0,A01
201300024676,0,7,0,0.0,2.0,2.0,1.0,A01
201300024676,0,7,0,0.0,2.0,1.0,1.0,B01
201300024677,0,7,0,0.0,2.0,6.0,1.0,B01
201300024677,0,7,0,0.0,2.0,3.0,1.0,C01
201300024677,0,7,0,0.0,2.0,2.0,17.0,A01
201300024678,0,7,0,0.0,2.0,6.0,16.0,A01
201300024678,0,33,0,0.0,2.0,1.0,1.0,B01
201300024679,0,40,1,0.0,2.0,1.0,1.0,B01
201300024679,0,7,0,0.0,4.0,8.0,1.0,A01
201300024680,0,33,0,0.0,0.0,0.0,1.0,A01
201300024681,0,7,0,0.0,2.0,1.0,1.0,B01
201300024681,0,7,0,0.0,2.0,1.0,13.0,A01
201300024682,0,1,0,0.0,2.0,7.0,1.0,B01
201300024682,0,7,0,0.0,2.0,2.0,9.0,A01
201300024683,0,7,0,0.0,2.0,8.0,1.0,B01
201300024683,0,30,0,0.0,2.0,1.0,1.0,A01
201300024684,0,32,0,0.0,2.0,1.0,1.0,A01
201300024684,0,7,0,0.0,2.0,6.0,1.0,B01
201300024685,0,7,0,0.0,9.0,3.0,15.0,A01
201300024685,0,99,0,0.0,2.0,1.0,1.0,B01
201300024686,0,2,0,0.0,2.0,1.0,1.0,A01
201300024687,0,33,0,0.0,2.0,1.0,1.0,B01
201300024687,0,7,0,0.0,2.0,3.0,11.0,A01
201300024688,0,7,0,0.0,2.0,7.0,1.0,B01
201300024688,0,7,0,0.0,2.0,3.0,9.0,A01
201300024689,0,7,0,0.0,2.0,8.0,1.0,B01
201300024689,0,7,0,0.0,2.0,1.0,15.0,A01
201300024690,0,7,0,0.0,2.0,1.0,2.0,A01
201300024690,0,7,0,0.0,0.0,4.0,2.0,B01
201300024690,0,7,0,0.0,0.0,4.0,2.0,C01
201300024691,0,32,0,0.0,2.0,1.0,1.0,B01
201300024691,0,7,0,0.0,2.0,3.0,15.0,A01
201300024692,0,33,0,0.0,2.0,1.0,17.0,A01
201300024692,0,7,0,0.0,0.0,6.0,15.0,B01
201300024693,0,7,0,0.0,2.0,1.0,1.0,A01
201300024693,0,7,0,0.0,0.0,7.0,1.0,B01
201300024694,0,7,0,0.0,2.0,1.0,1.0,B01
201300024694,0,31,0,0.0,2.0,1.0,1.0,A01
201300024695,0,7,0,0.0,1.0,4.0,4.0,A01
201300024696,0,7,0,0.0,2.0,3.0,1.0,B01
201300024696,0,33,0,0.0,2.0,5.0,16.0,A01
201300024697,0,7,0,13.0,0.0,1.0,1.0,A01
201300024698,0,7,0,0.0,2.0,2.0,15.0,A01
201300024698,0,33,0,0.0,2.0,7.0,2.0,B01
201300024699,0,7,0,0.0,2.0,8.0,1.0,B01
201300024699,0,33,0,0.0,2.0,7.0,17.0,A01
201300024700,0,7,0,6.0,0.0,1.0,1.0,A01
201300024701,0,7,0,0.0,1.0,8.0,1.0,A01
201300024702,0,7,0,0.0,0.0,8.0,15.0,B01
201300024702,0,33,0,0.0,2.0,7.0,1.0,A01
201300024703,0,7,0,0.0,2.0,8.0,1.0,A01
201300024703,0,7,0,0.0,2.0,1.0,1.0,B01
201300024704,0,7,0,0.0,1.0,3.0,1.0,A01
201300024705,0,7,0,0.0,2.0,1.0,1.0,B01
201300024705,2,7,0,0.0,2.0,1.0,5.0,A01
201300024706,0,7,0,0.0,2.0,3.0,13.0,A01
201300024706,0,7,0,0.0,0.0,8.0,1.0,B01
201300024707,0,1,0,0.0,2.0,2.0,1.0,A01
201300024707,0,7,0,0.0,2.0,3.0,1.0,B01
201300024708,0,7,0,12.0,2.0,3.0,16.0,A01
201300024708,0,7,0,0.0,2.0,3.0,1.0,B01
201300024709,0,7,0,0.0,2.0,6.0,10.0,A01
201300024709,0,33,0,0.0,2.0,1.0,1.0,B01
201300024710,0,1,0,0.0,2.0,7.0,1.0,A01
201300024710,0,7,0,0.0,2.0,1.0,1.0,B01
201300024711,0,30,0,0.0,2.0,1.0,0.0,A01
201300024711,0,7,0,0.0,2.0,3.0,0.0,B01
201300024712,0,1,0,0.0,2.0,0.0,1.0,B01
201300024712,0,7,0,0.0,2.0,8.0,16.0,A01
201300024713,0,1,0,0.0,0.0,0.0,1.0,A01
201300024714,0,7,0,0.0,2.0,1.0,1.0,A01
201300024714,0,7,0,0.0,2.0,4.0,2.0,B01
201300024714,0,7,0,0.0,2.0,4.0,1.0,C01
201300024715,0,7,0,0.0,2.0,5.0,0.0,B01
201300024715,0,7,0,0.0,2.0,3.0,12.0,A01
201300024716,0,7,0,0.0,0.0,4.0,2.0,A01
201300024716,0,7,0,0.0,2.0,1.0,2.0,C01
201300024716,0,7,0,0.0,2.0,1.0,2.0,D01
201300024716,1,7,0,0.0,2.0,1.0,2.0,B01
201300024717,0,32,0,0.0,2.0,1.0,1.0,B01
201300024717,0,7,0,0.0,2.0,1.0,9.0,A01
201300024718,0,34,0,0.0,1.0,1.0,1.0,A01
201300024719,0,7,0,0.0,2.0,1.0,1.0,B01
201300024719,0,30,0,0.0,2.0,1.0,5.0,A01
201300024720,0,7,0,0.0,2.0,1.0,16.0,A01
201300024720,0,1,0,0.0,2.0,3.0,1.0,B01
201300024721,0,7,0,0.0,2.0,1.0,15.0,A01
201300024721,0,7,0,0.0,2.0,1.0,1.0,B01
201300024722,1,7,0,0.0,2.0,2.0,1.0,A01
201300024722,0,30,0,0.0,2.0,3.0,1.0,B01
201300024723,0,7,0,1.0,0.0,2.0,1.0,A01
201300024724,0,31,0,0.0,2.0,1.0,1.0,A01
201300024724,0,1,0,0.0,2.0,1.0,2.0,B01
201300024725,0,7,0,0.0,1.0,3.0,1.0,A01
201300024726,0,7,0,0.0,0.0,4.0,2.0,B01
201300024726,0,7,0,0.0,0.0,4.0,2.0,C01
201300024726,0,7,0,0.0,2.0,1.0,1.0,A01
201300024727,0,7,0,2.0,0.0,1.0,13.0,A01
201300024728,0,7,0,0.0,2.0,1.0,1.0,B01
201300024728,0,7,0,0.0,2.0,1.0,5.0,A01
201300024729,1,2,0,0.0,9.0,1.0,1.0,Z01
201300024729,0,1,0,0.0,9.0,3.0,1.0,B01
201300024730,0,33,0,0.0,2.0,1.0,1.0,B01
201300024730,0,10,0,0.0,2.0,8.0,15.0,A01
201300024731,0,32,0,0.0,2.0,8.0,9.0,A01
201300024731,0,7,0,0.0,2.0,7.0,16.0,B01
201300024732,0,7,0,0.0,0.0,5.0,1.0,B01
201300024732,0,33,0,0.0,2.0,1.0,1.0,A01
201300024733,0,7,0,0.0,1.0,2.0,1.0,A01
201300024734,0,7,0,0.0,2.0,4.0,1.0,B01
201300024734,0,7,0,0.0,2.0,3.0,1.0,A01
201300024735,0,7,0,0.0,1.0,3.0,2.0,A01
201300024736,0,7,0,0.0,2.0,7.0,16.0,B01
201300024736,0,32,0,0.0,2.0,1.0,18.0,A01
201300024737,0,7,0,0.0,2.0,5.0,14.0,A01
201300024737,0,7,0,0.0,2.0,3.0,13.0,B01
201300024738,0,7,0,0.0,1.0,3.0,15.0,A01
201300024739,1,1,0,0.0,1.0,1.0,1.0,Z01
201300024740,0,7,0,0.0,0.0,0.0,1.0,A01
201300024741,0,7,0,0.0,2.0,1.0,6.0,A01
201300024741,0,7,0,0.0,2.0,1.0,1.0,B01
201300024742,0,7,0,0.0,2.0,2.0,1.0,B01
201300024742,0,7,0,0.0,2.0,3.0,10.0,A01
201300024743,0,7,0,0.0,2.0,3.0,19.0,A01
201300024743,0,34,0,0.0,2.0,1.0,1.0,B01
201300024744,0,33,0,0.0,2.0,1.0,1.0,A01
201300024744,0,7,0,0.0,2.0,2.0,15.0,B01
201300024745,0,7,0,0.0,1.0,3.0,16.0,A01
201300024746,0,34,0,0.0,0.0,6.0,15.0,B01
201300024746,0,7,0,0.0,2.0,2.0,1.0,A01
201300024747,0,10,0,0.0,2.0,1.0,2.0,A01
201300024747,0,7,0,0.0,0.0,4.0,2.0,B01
201300024748,0,7,0,0.0,0.0,4.0,3.0,A01
201300024748,0,32,0,0.0,2.0,1.0,1.0,B01
201300024749,0,7,0,0.0,2.0,3.0,15.0,B01
201300024749,0,2,0,0.0,2.0,1.0,1.0,A01
201300024750,0,7,0,0.0,2.0,2.0,1.0,B01
201300024750,0,7,0,0.0,2.0,3.0,15.0,A01
201300024751,0,1,0,0.0,2.0,7.0,1.0,A01
201300024751,0,7,0,0.0,2.0,1.0,1.0,B01
201300024752,0,7,0,0.0,2.0,2.0,15.0,B01
201300024752,0,1,0,0.0,2.0,5.0,5.0,A01
201300024753,0,32,0,0.0,1.0,7.0,1.0,A01
201300024754,0,7,0,10.0,0.0,1.0,1.0,A01
201300024755,0,30,0,0.0,0.0,8.0,1.0,B01
201300024755,0,7,0,0.0,2.0,1.0,15.0,A01
201300024756,0,33,0,2.0,0.0,7.0,0.0,A01
201300024757,0,7,0,0.0,1.0,1.0,0.0,A01
201300024758,0,7,0,0.0,2.0,1.0,2.0,A01
201300024758,0,7,0,0.0,0.0,4.0,2.0,B01
201300024759,0,7,0,0.0,1.0,7.0,1.0,A01
201300024760,0,7,0,0.0,2.0,1.0,2.0,A01
201300024760,0,7,0,0.0,2.0,4.0,2.0,C01
201300024760,0,7,0,0.0,2.0,4.0,2.0,B01
201300024761,0,7,0,13.0,0.0,2.0,1.0,A01
201300024762,0,7,0,0.0,1.0,1.0,1.0,A01
201300024763,0,7,0,0.0,2.0,1.0,1.0,A01
201300024763,0,7,0,0.0,1.0,4.0,1.0,B01
201300024764,0,33,0,8.0,0.0,1.0,0.0,A01
201300024765,0,33,0,0.0,2.0,1.0,1.0,B01
201300024765,0,7,0,0.0,0.0,4.0,13.0,A01
201300024766,0,31,0,0.0,2.0,8.0,1.0,B01
201300024766,0,7,0,0.0,2.0,1.0,15.0,A01
201300024767,0,32,0,0.0,2.0,1.0,1.0,A01
201300024767,0,7,0,0.0,2.0,1.0,15.0,B01
201300024768,0,7,0,0.0,0.0,4.0,23.0,B01
201300024768,0,7,0,0.0,2.0,1.0,2.0,A01
201300024769,0,31,0,0.0,1.0,1.0,1.0,A01
201300024770,0,7,0,0.0,1.0,1.0,2.0,A01
201300024771,0,33,0,0.0,0.0,9.0,1.0,A01
201300024772,0,32,0,0.0,2.0,2.0,1.0,A01
201300024772,0,30,0,0.0,2.0,3.0,1.0,B01
201300024773,0,32,0,0.0,2.0,1.0,1.0,B01
201300024773,0,7,0,0.0,2.0,3.0,15.0,A01
201300024774,0,33,0,0.0,0.0,6.0,1.0,B01
201300024774,0,7,0,0.0,2.0,2.0,12.0,A01
201300024775,0,30,0,0.0,2.0,8.0,15.0,B01
201300024775,0,7,0,0.0,2.0,7.0,17.0,A01
201300024776,0,7,0,0.0,2.0,1.0,2.0,A01
201300024776,0,7,0,0.0,0.0,4.0,2.0,B01
201300024777,0,31,0,0.0,2.0,2.0,17.0,B01
201300024777,0,7,0,0.0,2.0,3.0,15.0,A01
201300024778,0,7,0,0.0,2.0,6.0,10.0,A01
201300024778,0,32,0,0.0,2.0,1.0,1.0,B01
201300024779,0,7,0,8.0,9.0,7.0,1.0,A01
201300024780,0,7,0,0.0,2.0,8.0,15.0,B01
201300024780,0,32,0,0.0,2.0,1.0,1.0,A01
201300024781,0,7,0,2.0,0.0,0.0,14.0,A01
201300024782,0,7,0,0.0,2.0,1.0,15.0,A01
201300024782,0,33,0,0.0,2.0,1.0,1.0,B01
201300024783,0,7,0,0.0,2.0,1.0,5.0,B01
201300024783,0,7,0,0.0,2.0,1.0,5.0,A01
201300024784,0,32,0,0.0,2.0,1.0,1.0,A01
201300024784,0,7,0,0.0,2.0,6.0,15.0,B01
201300024785,0,7,0,0.0,0.0,0.0,5.0,A01
201300024785,0,7,0,0.0,2.0,5.0,2.0,B01
201300024785,0,33,0,0.0,2.0,1.0,2.0,C01
201300024786,0,33,0,0.0,2.0,7.0,17.0,B01
201300024786,0,7,0,0.0,2.0,3.0,10.0,A01
201300024787,0,33,0,12.0,0.0,1.0,0.0,A01
201300024788,1,99,0,0.0,1.0,0.0,0.0,A01
201300024789,0,7,0,0.0,2.0,1.0,1.0,B01
201300024789,0,7,0,0.0,2.0,3.0,0.0,A01
201300024790,1,99,0,0.0,1.0,0.0,0.0,Z01
201300024791,0,7,0,0.0,1.0,3.0,15.0,A01
201300024792,0,7,0,6.0,0.0,1.0,1.0,A01
201300024793,0,7,0,0.0,2.0,1.0,15.0,A01
201300024793,0,33,0,0.0,2.0,3.0,1.0,B01
201300024794,0,1,0,0.0,2.0,5.0,2.0,B01
201300024794,0,7,0,0.0,2.0,2.0,9.0,A01
201300024795,0,10,0,0.0,0.0,4.0,23.0,B01
201300024795,0,30,0,0.0,2.0,1.0,1.0,A01
201300024796,0,7,0,1.0,0.0,1.0,0.0,A01
201300024797,0,7,0,4.0,0.0,3.0,13.0,A01
201300024798,0,7,0,0.0,0.0,8.0,1.0,B01
201300024798,0,7,0,0.0,0.0,1.0,1.0,C01
201300024798,0,7,0,0.0,2.0,3.0,5.0,A01
201300024799,0,7,0,0.0,0.0,1.0,1.0,A01
201300024799,0,7,0,0.0,2.0,2.0,1.0,B01
201300024800,0,7,0,0.0,2.0,2.0,9.0,A01
201300024800,0,33,0,0.0,2.0,1.0,1.0,B01
201300024801,0,33,0,0.0,2.0,3.0,15.0,A01
201300024801,0,7,0,0.0,2.0,2.0,1.0,B01
201300024802,0,7,0,0.0,2.0,3.0,15.0,A01
201300024802,0,7,0,0.0,2.0,8.0,1.0,B01
201300024803,0,10,0,0.0,2.0,6.0,23.0,B01
201300024803,0,30,0,0.0,2.0,1.0,2.0,A01
201300024804,0,32,0,0.0,2.0,3.0,18.0,A01
201300024804,0,7,0,0.0,2.0,2.0,14.0,B01
201300024805,0,33,0,0.0,2.0,1.0,1.0,B01
201300024805,0,7,0,0.0,2.0,2.0,15.0,A01
201300024806,0,7,0,0.0,0.0,8.0,1.0,A01
201300024806,0,7,0,0.0,2.0,1.0,1.0,B01
201300024807,0,7,0,11.0,0.0,1.0,1.0,A01
201300024808,0,7,0,2.0,0.0,1.0,21.0,A01
201300024809,0,33,0,0.0,0.0,0.0,1.0,A01
201300024810,0,31,0,0.0,2.0,1.0,1.0,B01
201300024810,0,7,0,0.0,0.0,3.0,20.0,A01
201300024811,0,7,0,0.0,2.0,3.0,1.0,B01
201300024811,0,1,0,0.0,2.0,1.0,16.0,A01
201300024812,0,32,0,0.0,2.0,1.0,1.0,B01
201300024812,0,7,0,0.0,0.0,6.0,15.0,A01
201300024813,0,7,0,0.0,2.0,2.0,1.0,A01
201300024813,0,32,0,0.0,2.0,1.0,1.0,B01
201300024814,0,7,0,0.0,2.0,4.0,23.0,C01
201300024814,0,7,0,0.0,2.0,1.0,1.0,A01
201300024814,0,7,0,0.0,2.0,4.0,23.0,B01
201300024815,0,7,0,2.0,0.0,2.0,14.0,A01
201300024816,1,7,0,0.0,1.0,6.0,13.0,A01
201300024817,0,32,0,0.0,2.0,2.0,1.0,B01
201300024817,0,10,0,0.0,2.0,2.0,15.0,A01
201300024818,0,7,0,0.0,0.0,4.0,2.0,B01
201300024818,0,7,0,0.0,0.0,1.0,2.0,A01
201300024819,0,34,0,0.0,0.0,7.0,16.0,A01
201300024820,0,32,0,12.0,0.0,3.0,9.0,A01
201300024821,0,30,0,12.0,0.0,1.0,1.0,A01
201300024822,0,7,0,0.0,0.0,6.0,15.0,B01
201300024822,0,30,0,0.0,2.0,1.0,1.0,A01
201300024823,0,33,0,0.0,2.0,7.0,5.0,B01
201300024823,0,7,0,0.0,2.0,1.0,15.0,A01
201300024824,0,7,0,0.0,2.0,6.0,23.0,A01
201300024824,0,7,0,0.0,2.0,2.0,1.0,B01
201300024825,0,7,0,4.0,0.0,3.0,0.0,A01
201300024826,0,7,0,0.0,0.0,5.0,23.0,B01
201300024826,0,30,0,0.0,2.0,1.0,1.0,A01
201300024827,0,7,0,1.0,0.0,2.0,14.0,A01
201300024828,0,7,0,0.0,2.0,1.0,19.0,A01
201300024828,0,33,0,0.0,0.0,7.0,1.0,B01
201300024829,0,7,0,0.0,2.0,1.0,1.0,B01
201300024829,0,7,0,0.0,2.0,3.0,0.0,A01
201300024830,0,7,0,0.0,2.0,4.0,1.0,B01
201300024830,0,1,0,0.0,2.0,1.0,1.0,A01
201300024831,0,7,0,0.0,0.0,0.0,1.0,A01
201300024832,0,34,0,0.0,1.0,2.0,1.0,A01
201300024833,0,7,0,2.0,0.0,1.0,1.0,A01
201300024834,0,32,0,0.0,2.0,8.0,1.0,B01
201300024834,0,1,0,0.0,2.0,1.0,5.0,A01
201300024835,0,7,0,0.0,2.0,2.0,1.0,B01
201300024835,0,32,0,0.0,2.0,1.0,5.0,A01
201300024836,0,31,0,0.0,2.0,8.0,1.0,A01
201300024836,0,7,0,0.0,2.0,3.0,15.0,B01
201300024837,0,7,0,0.0,1.0,1.0,1.0,A01
201300024838,0,10,0,0.0,0.0,4.0,1.0,B01
201300024838,0,7,0,0.0,2.0,1.0,2.0,A01
201300024839,0,7,0,0.0,2.0,2.0,19.0,A01
201300024839,0,99,0,0.0,2.0,2.0,6.0,B01
201300024840,0,7,0,0.0,1.0,8.0,15.0,A01
201300024841,0,1,0,1.0,0.0,1.0,1.0,A01
201300024841,0,1,0,1.0,0.0,1.0,1.0,B01