Num_Acc,senc,catv,occutc,obs,obsm,choc,manv,num_veh
201300024842,0,7,0,0.0,2.0,6.0,15.0,A01
201300024842,0,33,0,0.0,2.0,1.0,1.0,B01
201300024843,0,32,0,0.0,2.0,1.0,1.0,B01
201300024843,0,30,0,0.0,2.0,8.0,0.0,A01
201300024844,0,31,0,0.0,2.0,1.0,1.0,B01
201300024844,0,7,0,0.0,2.0,2.0,15.0,A01
201300024845,0,30,0,0.0,2.0,7.0,5.0,A01
201300024845,0,7,0,0.0,2.0,1.0,15.0,B01
201300024846,0,7,0,0.0,2.0,8.0,15.0,A01
201300024846,0,34,0,0.0,2.0,7.0,17.0,B01
201300024847,0,33,0,0.0,2.0,1.0,1.0,A01
201300024847,0,7,0,0.0,2.0,4.0,1.0,B01
201300024848,0,10,0,0.0,2.0,3.0,1.0,B01
201300024848,0,7,0,0.0,2.0,1.0,15.0,A01
201300024849,0,33,0,0.0,2.0,1.0,17.0,B01
201300024849,0,7,0,0.0,2.0,6.0,13.0,A01
201300024850,0,7,0,1.0,0.0,2.0,14.0,A01
201300024851,0,7,0,0.0,2.0,7.0,14.0,A01
201300024851,0,2,0,0.0,2.0,8.0,18.0,B01
201300024852,0,7,0,0.0,1.0,4.0,4.0,A01
201300024853,0,10,0,0.0,2.0,4.0,1.0,B01
201300024853,0,10,0,0.0,2.0,1.0,1.0,A01
201300024854,0,7,0,0.0,9.0,8.0,1.0,B01
201300024854,0,31,0,0.0,9.0,1.0,1.0,C01
201300024854,0,10,0,0.0,0.0,0.0,1.0,A01
201300024855,0,30,0,0.0,2.0,2.0,2.0,A01
201300024855,0,7,0,0.0,2.0,3.0,2.0,B01
201300024856,0,1,0,0.0,9.0,1.0,1.0,A01
201300024857,0,7,0,0.0,1.0,1.0,1.0,A01
201300024858,0,30,0,0.0,2.0,1.0,17.0,A01
201300024858,0,7,0,0.0,0.0,4.0,1.0,B01
201300024859,0,7,0,4.0,0.0,8.0,1.0,A01
201300024860,0,32,0,11.0,0.0,1.0,17.0,A01
201300024861,0,7,0,0.0,0.0,8.0,15.0,A01
201300024861,0,33,0,0.0,2.0,1.0,1.0,B01
201300024862,0,1,0,0.0,2.0,1.0,5.0,B01
201300024862,0,7,0,0.0,2.0,3.0,0.0,A01
201300024863,0,7,0,0.0,2.0,3.0,15.0,A01
201300024863,0,32,0,0.0,2.0,1.0,1.0,B01
201300024864,0,10,0,1.0,0.0,1.0,1.0,A01
201300024865,0,7,0,0.0,1.0,1.0,0.0,A01
201300024866,0,31,0,0.0,0.0,0.0,1.0,A01
201300024867,0,33,0,0.0,0.0,1.0,1.0,A01
201300024868,0,1,0,0.0,2.0,1.0,1.0,A01
201300024868,0,3,0,0.0,2.0,1.0,1.0,B01
201300024869,0,10,0,0.0,0.0,4.0,1.0,B01
201300024869,0,99,0,0.0,2.0,1.0,2.0,A01
201300024870,0,40,0,0.0,2.0,1.0,1.0,B01
201300024870,0,7,0,0.0,4.0,3.0,1.0,A01
201300024871,0,7,0,0.0,2.0,7.0,15.0,A01
201300024871,0,33,0,0.0,2.0,1.0,1.0,B01
201300024872,0,33,0,0.0,1.0,1.0,1.0,A01
201300024873,0,7,0,0.0,2.0,7.0,21.0,A01
201300024873,0,7,0,0.0,2.0,8.0,1.0,B01
201300024874,0,32,0,0.0,2.0,1.0,18.0,A01
201300024874,0,7,0,0.0,2.0,7.0,20.0,B01
201300024875,0,1,0,0.0,2.0,1.0,19.0,A01
201300024875,0,7,0,0.0,0.0,7.0,9.0,B01
201300024876,0,7,0,0.0,1.0,1.0,1.0,A01
201300024877,0,10,0,0.0,2.0,3.0,23.0,B01
201300024877,0,7,0,0.0,2.0,6.0,2.0,A01
201300024878,0,7,0,8.0,0.0,2.0,0.0,A01
201300024879,0,7,0,8.0,0.0,1.0,14.0,A01
201300024880,0,7,0,0.0,2.0,2.0,23.0,B01
201300024880,0,33,0,14.0,0.0,2.0,10.0,A01
201300024881,0,33,0,0.0,0.0,3.0,17.0,B01
201300024881,0,7,0,0.0,0.0,0.0,13.0,A01
201300024882,0,32,0,0.0,2.0,1.0,1.0,A01
201300024882,0,1,0,0.0,0.0,5.0,0.0,B01
201300024883,0,10,0,0.0,2.0,1.0,1.0,B01
201300024883,0,33,0,0.0,2.0,3.0,19.0,A01
201300024884,0,31,0,0.0,2.0,1.0,1.0,B01
201300024884,0,1,0,0.0,2.0,1.0,5.0,A01
201300024885,0,31,0,0.0,1.0,1.0,1.0,A01
201300024886,0,1,0,0.0,0.0,8.0,1.0,B01
201300024886,0,7,0,0.0,9.0,1.0,1.0,A01
201300024887,0,7,0,0.0,1.0,1.0,1.0,A01
201300024888,0,34,0,0.0,1.0,1.0,17.0,A01
201300024889,0,7,0,0.0,2.0,1.0,1.0,B01
201300024889,0,7,0,0.0,2.0,1.0,15.0,A01
201300024890,0,7,0,0.0,0.0,8.0,15.0,B01
201300024890,0,31,0,0.0,0.0,7.0,17.0,A01
201300024891,0,33,0,0.0,2.0,1.0,2.0,A01
201300024891,0,33,0,0.0,0.0,4.0,1.0,B01
201300024892,0,32,0,0.0,2.0,1.0,5.0,B01
201300024892,0,7,0,0.0,2.0,8.0,10.0,A01
201300024893,0,7,0,0.0,2.0,1.0,1.0,B01
201300024893,0,7,0,0.0,2.0,2.0,19.0,A01
201300024894,0,7,0,0.0,2.0,3.0,1.0,A01
201300024894,0,7,0,0.0,2.0,3.0,1.0,B01
201300024895,0,7,0,0.0,1.0,1.0,0.0,A01
201300024896,0,40,0,0.0,2.0,3.0,1.0,B01
201300024896,0,7,0,0.0,2.0,7.0,19.0,A01
201300024897,0,7,0,0.0,1.0,2.0,1.0,A01
201300024898,0,7,0,0.0,2.0,1.0,1.0,B01
201300024898,0,1,0,0.0,2.0,6.0,9.0,A01
201300024899,0,7,0,0.0,2.0,1.0,9.0,A01
201300024899,0,1,0,0.0,2.0,8.0,19.0,B01
201300024900,0,1,0,0.0,2.0,1.0,19.0,B01
201300024900,0,7,0,0.0,2.0,2.0,9.0,A01
201300024901,0,33,0,0.0,2.0,8.0,15.0,B01
201300024901,0,7,0,0.0,2.0,2.0,1.0,A01
201300024902,0,7,0,0.0,1.0,2.0,1.0,A01
201300024903,0,7,0,9.0,2.0,2.0,21.0,A01
201300024903,0,7,0,0.0,2.0,3.0,21.0,B01
201300024904,0,31,0,0.0,2.0,3.0,1.0,B01
201300024904,0,7,0,0.0,2.0,3.0,10.0,A01
201300024905,0,1,0,0.0,2.0,1.0,5.0,A01
201300024905,0,7,0,0.0,2.0,3.0,1.0,B01
201300024906,0,7,0,0.0,0.0,4.0,16.0,B01
201300024906,0,7,0,0.0,2.0,1.0,1.0,A01
201300024907,0,30,0,0.0,2.0,1.0,1.0,A01
201300024907,0,7,0,0.0,0.0,6.0,1.0,B01
201300024908,0,7,0,0.0,2.0,1.0,1.0,B01
201300024908,0,1,0,0.0,2.0,7.0,19.0,A01
201300024909,1,33,0,0.0,2.0,7.0,14.0,Z01
201300024909,0,30,0,0.0,2.0,8.0,1.0,B01
201300024910,0,30,0,0.0,2.0,7.0,1.0,A01
201300024910,0,37,2,0.0,0.0,6.0,23.0,B01
201300024911,0,32,0,11.0,0.0,0.0,1.0,A01
201300024912,0,30,0,0.0,0.0,0.0,1.0,A01
201300024913,0,30,0,0.0,2.0,7.0,17.0,A01
201300024913,1,7,0,0.0,2.0,8.0,13.0,Z01
201300024914,0,7,0,0.0,2.0,2.0,1.0,B01
201300024914,0,7,0,0.0,2.0,2.0,16.0,A01
201300024915,0,33,0,0.0,2.0,7.0,1.0,B01
201300024915,0,7,0,0.0,2.0,8.0,15.0,A01
201300024916,0,7,0,8.0,0.0,1.0,2.0,A01
201300024917,0,2,0,0.0,0.0,8.0,1.0,A01
201300024918,0,10,0,0.0,1.0,3.0,1.0,A01
201300024919,0,7,0,13.0,0.0,2.0,14.0,A01
201300024920,0,7,0,0.0,2.0,1.0,15.0,A01
201300024920,0,33,0,0.0,2.0,1.0,17.0,B01
201300024921,2,7,0,6.0,2.0,2.0,1.0,A01
201300024921,0,7,0,0.0,2.0,3.0,1.0,B01
201300024921,0,7,0,0.0,2.0,1.0,1.0,C01
201300024922,0,7,0,0.0,1.0,4.0,4.0,A01
201300024923,0,10,0,0.0,2.0,1.0,9.0,A01
201300024923,0,7,0,0.0,2.0,7.0,1.0,B01
201300024924,0,7,0,0.0,1.0,1.0,1.0,A01
201300024925,0,32,0,0.0,0.0,0.0,1.0,A01
201300024926,0,7,0,0.0,2.0,2.0,1.0,B01
201300024926,0,7,0,0.0,2.0,3.0,9.0,A01
201300024927,0,30,0,0.0,2.0,1.0,2.0,A01
201300024927,0,30,0,0.0,2.0,4.0,2.0,B01
201300024928,0,33,0,0.0,0.0,1.0,1.0,A01
201300024928,0,7,0,0.0,0.0,7.0,2.0,B01
201300024929,0,7,0,0.0,2.0,1.0,1.0,A01
201300024929,0,7,0,0.0,2.0,4.0,0.0,B01
201300024930,0,2,0,0.0,0.0,0.0,21.0,A01
201300024931,0,1,0,0.0,2.0,3.0,1.0,B01
201300024931,0,7,0,0.0,2.0,2.0,16.0,A01
201300024932,0,7,0,0.0,2.0,1.0,1.0,A01
201300024932,0,7,0,0.0,2.0,1.0,15.0,B01
201300024933,0,7,0,0.0,2.0,8.0,15.0,A01
201300024933,0,31,0,0.0,2.0,2.0,17.0,B01
201300024934,0,34,0,0.0,2.0,5.0,1.0,B01
201300024934,0,7,0,0.0,2.0,3.0,1.0,A01
201300024935,0,7,0,0.0,2.0,3.0,11.0,A01
201300024935,0,33,0,0.0,2.0,1.0,1.0,B01
201300024936,0,7,0,0.0,2.0,7.0,15.0,A01
201300024936,0,30,0,0.0,2.0,1.0,1.0,B01
201300024937,0,7,0,0.0,2.0,7.0,0.0,A01
201300024937,0,40,0,0.0,2.0,1.0,1.0,B01
201300024938,0,7,0,0.0,2.0,3.0,10.0,A01
201300024938,0,30,0,0.0,2.0,7.0,1.0,B01
201300024939,0,30,0,12.0,0.0,1.0,14.0,A01
201300024940,0,10,0,0.0,0.0,4.0,2.0,A01
201300024940,0,7,0,0.0,2.0,1.0,2.0,B01
201300024941,0,7,0,0.0,2.0,2.0,1.0,B01
201300024941,0,7,0,0.0,2.0,3.0,9.0,A01
201300024942,0,32,0,0.0,0.0,0.0,1.0,A01
201300024943,0,40,0,0.0,2.0,1.0,1.0,C01
201300024943,0,1,0,0.0,4.0,1.0,19.0,A01
201300024943,0,40,0,0.0,2.0,8.0,1.0,B01
201300024944,0,7,0,0.0,2.0,2.0,1.0,B01
201300024944,1,7,0,0.0,2.0,3.0,1.0,A01
201300024945,0,7,0,0.0,0.0,4.0,1.0,B01
201300024945,0,7,0,0.0,2.0,1.0,1.0,A01
201300024946,0,30,0,0.0,2.0,1.0,19.0,A01
201300024946,0,7,0,0.0,2.0,1.0,1.0,B01
201300024947,0,30,0,0.0,2.0,8.0,2.0,B01
201300024947,0,7,0,0.0,2.0,7.0,16.0,A01
201300024948,0,7,0,0.0,2.0,2.0,15.0,A01
201300024948,0,32,0,0.0,2.0,1.0,1.0,B01
201300024949,0,34,0,0.0,2.0,5.0,0.0,B01
201300024949,0,7,0,0.0,2.0,3.0,0.0,A01
201300024950,0,2,0,0.0,2.0,1.0,1.0,B01
201300024950,0,7,0,0.0,2.0,8.0,10.0,A01
201300024951,0,7,0,0.0,2.0,1.0,2.0,A01
201300024951,0,7,0,0.0,2.0,4.0,1.0,B01
201300024952,0,7,0,0.0,1.0,1.0,1.0,A01
201300024953,0,7,0,0.0,1.0,3.0,1.0,A01
201300024954,0,7,0,0.0,1.0,2.0,1.0,A01
201300024955,0,7,0,0.0,2.0,3.0,1.0,B01
201300024955,0,7,0,0.0,2.0,2.0,1.0,A01
201300024956,0,2,0,0.0,2.0,1.0,1.0,B01
201300024956,0,7,0,0.0,2.0,3.0,15.0,A01
201300024957,0,7,0,0.0,2.0,4.0,1.0,B01
201300024957,0,7,0,0.0,2.0,1.0,2.0,A01
201300024958,0,7,0,4.0,0.0,1.0,1.0,A01
201300024959,0,7,0,0.0,2.0,3.0,21.0,B01
201300024959,0,7,0,0.0,2.0,1.0,13.0,A01
201300024960,0,7,0,0.0,2.0,2.0,1.0,B01
201300024960,0,33,0,0.0,2.0,3.0,16.0,A01
201300024961,0,7,0,0.0,2.0,5.0,1.0,B01
201300024961,0,1,0,0.0,2.0,1.0,1.0,A01
201300024962,0,7,0,0.0,2.0,7.0,1.0,B01
201300024962,0,32,0,0.0,2.0,8.0,13.0,A01
201300024963,0,32,0,0.0,2.0,8.0,1.0,B01
201300024963,0,7,0,0.0,2.0,7.0,15.0,A01
201300024964,0,7,0,0.0,1.0,2.0,1.0,A01
201300024965,0,7,0,0.0,0.0,8.0,23.0,B01
201300024965,0,1,0,0.0,2.0,1.0,1.0,A01
201300024966,0,7,0,0.0,2.0,1.0,2.0,A01
201300024966,0,7,0,0.0,2.0,4.0,1.0,B01
201300024967,0,7,0,0.0,2.0,3.0,15.0,B01
201300024967,0,33,0,0.0,2.0,1.0,1.0,A01
201300024968,0,7,0,0.0,2.0,1.0,1.0,B01
201300024968,0,7,0,0.0,2.0,1.0,13.0,A01
201300024969,0,7,0,0.0,2.0,2.0,1.0,A01
201300024969,0,30,0,0.0,2.0,1.0,1.0,B01
201300024970,0,7,0,0.0,1.0,4.0,4.0,A01
201300024971,0,7,0,0.0,2.0,4.0,2.0,B01
201300024971,0,10,0,0.0,0.0,1.0,2.0,A01
201300024972,0,31,0,0.0,2.0,1.0,1.0,A01
201300024972,0,33,0,0.0,2.0,1.0,1.0,B01
201300024973,0,1,0,0.0,2.0,8.0,19.0,B01
201300024973,0,7,0,0.0,2.0,1.0,1.0,A01
201300024974,0,7,0,0.0,0.0,4.0,1.0,B01
201300024974,0,7,0,0.0,2.0,1.0,2.0,A01
201300024975,0,1,0,0.0,2.0,4.0,0.0,B01
201300024975,1,99,0,0.0,0.0,0.0,0.0,A01
201300024976,0,7,0,0.0,2.0,1.0,1.0,A01
201300024976,0,7,0,0.0,2.0,7.0,15.0,B01
201300024977,1,7,0,0.0,1.0,0.0,0.0,Z01
201300024978,0,7,0,0.0,1.0,3.0,2.0,A01
201300024979,0,7,0,0.0,2.0,1.0,1.0,A01
201300024979,0,13,0,0.0,2.0,2.0,1.0,B01
201300024980,0,30,0,0.0,2.0,0.0,1.0,A01
201300024980,0,7,0,0.0,0.0,0.0,16.0,B01
201300024981,0,7,0,0.0,9.0,1.0,16.0,A01
201300024981,0,1,0,0.0,0.0,8.0,19.0,B01
201300024982,1,7,0,0.0,1.0,3.0,1.0,Z01
201300024983,0,7,0,0.0,2.0,3.0,15.0,A01
201300024983,0,2,0,0.0,2.0,1.0,17.0,B01
201300024984,0,7,0,0.0,0.0,1.0,1.0,A01
201300024984,0,34,0,0.0,0.0,4.0,1.0,B01
201300024985,0,30,0,0.0,2.0,7.0,17.0,B01
201300024985,0,7,0,0.0,2.0,3.0,15.0,A01
201300024986,2,7,0,0.0,2.0,1.0,19.0,B01
201300024986,0,7,0,0.0,2.0,1.0,15.0,A01
201300024987,0,7,0,12.0,0.0,8.0,13.0,A01
201300024988,0,7,0,0.0,2.0,1.0,1.0,A01
201300024988,0,7,0,0.0,0.0,4.0,1.0,B01
201300024989,0,10,0,0.0,2.0,1.0,2.0,A01
201300024989,0,7,0,0.0,2.0,8.0,1.0,C01
201300024989,0,7,0,0.0,2.0,4.0,1.0,B01
201300024990,0,33,0,0.0,2.0,8.0,1.0,B01
201300024990,0,7,0,0.0,2.0,2.0,15.0,A01
201300024991,0,31,0,0.0,2.0,2.0,1.0,B01
201300024991,0,7,0,0.0,2.0,3.0,13.0,A01
201300024992,0,7,0,0.0,1.0,3.0,15.0,A01
201300024993,0,7,0,0.0,2.0,2.0,2.0,B01
201300024993,0,7,0,0.0,2.0,7.0,15.0,A01
201300024994,0,7,0,0.0,2.0,5.0,23.0,B01
201300024994,0,30,0,0.0,2.0,1.0,2.0,A01
201300024995,0,7,0,0.0,2.0,2.0,2.0,B01
201300024995,0,7,0,0.0,2.0,6.0,10.0,A01
201300024996,0,7,0,0.0,1.0,1.0,1.0,A01
201300024997,0,34,0,0.0,2.0,3.0,1.0,B01
201300024997,0,7,0,0.0,2.0,1.0,15.0,A01
201300024998,0,7,0,0.0,2.0,7.0,2.0,B01
201300024998,0,33,0,0.0,2.0,8.0,13.0,A01
201300024999,0,7,0,0.0,2.0,2.0,13.0,A01
201300024999,0,7,0,0.0,2.0,1.0,1.0,B01
201300025000,0,33,0,0.0,2.0,1.0,2.0,A01
201300025000,0,7,0,0.0,2.0,3.0,15.0,B01
201300025001,0,33,0,0.0,2.0,0.0,1.0,B01
201300025001,1,7,0,0.0,0.0,0.0,1.0,A01
201300025002,0,31,0,12.0,2.0,0.0,1.0,A01
201300025003,0,7,0,0.0,2.0,4.0,1.0,C01
201300025003,0,7,0,0.0,2.0,1.0,1.0,A01
201300025003,0,7,0,0.0,2.0,4.0,1.0,D01
201300025003,0,7,0,0.0,2.0,4.0,1.0,B01
201300025004,0,33,0,0.0,2.0,1.0,1.0,B01
201300025004,0,7,0,0.0,2.0,3.0,9.0,A01
201300025004,0,33,0,0.0,0.0,0.0,1.0,C01
201300025005,0,20,0,0.0,2.0,2.0,15.0,A01
201300025005,0,7,0,0.0,2.0,6.0,1.0,B01
201300025006,0,7,0,0.0,2.0,3.0,15.0,A01
201300025006,0,33,0,0.0,2.0,1.0,1.0,B01
201300025007,0,7,0,0.0,0.0,4.0,2.0,B01
201300025007,0,10,0,0.0,2.0,1.0,2.0,A01
201300025008,0,7,0,6.0,0.0,1.0,0.0,A01
201300025009,0,32,0,0.0,0.0,7.0,1.0,A01
201300025010,0,7,0,0.0,2.0,3.0,9.0,A01
201300025010,0,33,0,0.0,2.0,1.0,1.0,B01
201300025011,0,7,0,0.0,4.0,8.0,1.0,A01
201300025011,0,40,0,0.0,2.0,1.0,1.0,B01
201300025012,0,7,0,0.0,2.0,7.0,10.0,A01
201300025012,0,7,0,0.0,2.0,1.0,1.0,B01
201300025013,0,7,0,2.0,0.0,8.0,15.0,A01
201300025014,0,32,0,0.0,2.0,1.0,2.0,B01
201300025014,0,7,0,0.0,9.0,3.0,10.0,A01
201300025015,0,7,0,8.0,2.0,2.0,15.0,A01
201300025015,0,7,0,0.0,2.0,2.0,1.0,B01
201300025016,1,7,0,0.0,2.0,1.0,1.0,Z01
201300025016,0,7,0,0.0,0.0,4.0,2.0,A01
201300025017,0,7,0,0.0,2.0,1.0,2.0,A01
201300025017,0,7,0,0.0,2.0,5.0,2.0,B01
201300025017,0,7,0,0.0,2.0,4.0,2.0,C01
201300025018,0,7,0,0.0,2.0,7.0,5.0,A01
201300025018,0,33,0,0.0,2.0,1.0,1.0,B01
201300025019,0,10,0,0.0,2.0,3.0,1.0,B01
201300025019,0,7,0,0.0,2.0,2.0,15.0,A01
201300025020,0,7,0,0.0,2.0,1.0,1.0,B01
201300025020,0,7,0,0.0,2.0,1.0,15.0,A01
201300025021,0,40,0,0.0,1.0,7.0,1.0,A01
201300025022,0,7,0,0.0,1.0,1.0,1.0,A01
201300025023,0,7,0,0.0,2.0,2.0,1.0,B01
201300025023,0,7,0,0.0,2.0,7.0,15.0,A01
201300025024,0,7,0,0.0,1.0,2.0,1.0,A01
201300025025,0,10,0,0.0,1.0,1.0,15.0,A01
201300025026,0,2,0,0.0,2.0,1.0,1.0,B01
201300025026,0,7,0,0.0,2.0,3.0,9.0,A01
201300025027,0,2,0,0.0,2.0,1.0,17.0,A01
201300025027,0,7,0,0.0,2.0,8.0,1.0,B01
201300025028,0,7,0,0.0,2.0,4.0,2.0,B01
201300025028,0,2,0,0.0,2.0,1.0,1.0,A01
201300025029,0,7,0,0.0,2.0,3.0,1.0,B01
201300025029,0,7,0,0.0,2.0,1.0,15.0,A01
201300025030,0,7,0,0.0,2.0,1.0,13.0,A01
201300025030,0,7,0,0.0,2.0,1.0,1.0,B01
201300025031,0,7,0,0.0,2.0,1.0,1.0,B01
201300025031,0,7,0,0.0,2.0,1.0,13.0,A01
201300025032,0,7,0,0.0,2.0,4.0,2.0,B01
201300025032,0,15,0,0.0,2.0,1.0,2.0,A01
201300025033,0,7,0,0.0,2.0,1.0,15.0,A01
201300025033,1,31,0,0.0,2.0,0.0,1.0,B01
201300025034,0,31,0,0.0,2.0,1.0,1.0,A01
201300025034,0,33,0,0.0,2.0,7.0,1.0,B01
201300025035,0,2,0,0.0,2.0,1.0,1.0,B01
201300025035,0,7,0,0.0,2.0,1.0,17.0,A01
201300025036,0,7,0,0.0,2.0,4.0,2.0,C01
201300025036,0,7,0,0.0,2.0,1.0,1.0,A01
201300025036,0,7,0,0.0,2.0,4.0,2.0,B01
201300025037,0,32,0,0.0,2.0,4.0,2.0,B01
201300025037,0,7,0,0.0,2.0,1.0,1.0,A01
201300025038,0,7,0,0.0,2.0,1.0,13.0,A01
201300025038,0,7,0,0.0,2.0,3.0,23.0,B01
201300025038,0,7,0,0.0,2.0,2.0,23.0,C01
201300025039,0,33,0,0.0,2.0,2.0,2.0,A01
201300025039,0,7,0,0.0,2.0,5.0,20.0,B01
201300025040,0,7,0,0.0,2.0,1.0,11.0,A01
201300025040,0,7,0,0.0,2.0,1.0,1.0,B01
201300025041,0,7,0,0.0,2.0,1.0,1.0,B01
201300025041,0,7,0,0.0,2.0,1.0,1.0,A01
201300025042,1,99,0,0.0,2.0,6.0,11.0,A01
201300025042,0,32,0,0.0,2.0,3.0,2.0,B01
201300025043,0,7,0,0.0,2.0,6.0,15.0,B01
201300025043,0,2,0,0.0,2.0,1.0,17.0,A01
201300025044,0,30,0,0.0,2.0,1.0,1.0,A01
201300025044,0,7,0,0.0,2.0,3.0,15.0,B01
201300025045,0,7,0,0.0,9.0,3.0,16.0,A01
201300025045,0,1,0,0.0,2.0,4.0,0.0,B01
201300025046,0,7,0,0.0,2.0,1.0,15.0,A01
201300025046,0,2,0,0.0,2.0,0.0,1.0,B01
201300025047,0,30,0,0.0,2.0,1.0,1.0,B01
201300025047,0,7,0,0.0,2.0,7.0,15.0,A01
201300025048,0,2,0,1.0,0.0,1.0,1.0,A01
201300025049,0,7,0,5.0,0.0,9.0,1.0,A01
201300025049,1,7,0,0.0,0.0,0.0,5.0,X01
201300025050,0,7,0,0.0,2.0,2.0,15.0,B01
201300025050,0,34,0,0.0,2.0,1.0,1.0,A01
201300025051,0,7,0,0.0,2.0,3.0,1.0,B01
201300025051,0,7,0,0.0,2.0,1.0,13.0,A01
201300025052,2,7,0,0.0,2.0,1.0,13.0,A01
201300025052,0,7,0,0.0,2.0,7.0,1.0,B01
201300025053,0,7,0,15.0,2.0,1.0,15.0,C01
201300025053,0,7,0,0.0,2.0,1.0,15.0,A01
201300025053,0,7,0,0.0,2.0,5.0,15.0,B01
201300025054,1,7,0,0.0,2.0,1.0,1.0,A01
201300025054,0,30,0,0.0,2.0,8.0,15.0,B01
201300025055,0,7,0,0.0,2.0,1.0,1.0,A01
201300025055,0,7,0,0.0,2.0,7.0,1.0,B01
201300025056,0,7,0,0.0,1.0,3.0,1.0,A01
201300025057,0,1,0,0.0,2.0,1.0,1.0,B01
201300025057,0,7,0,0.0,9.0,1.0,1.0,A01
201300025058,0,7,0,0.0,2.0,8.0,24.0,C01
201300025058,1,7,0,1.0,2.0,1.0,1.0,A01
201300025058,0,30,0,0.0,2.0,1.0,1.0,B01
201300025059,0,7,0,0.0,1.0,7.0,1.0,A01
201300025060,0,7,0,0.0,2.0,3.0,0.0,B01
201300025060,0,32,0,0.0,2.0,1.0,0.0,A01
201300025061,0,7,0,0.0,1.0,1.0,1.0,A01
201300025062,0,7,0,0.0,2.0,1.0,5.0,B01
201300025062,2,7,0,0.0,2.0,1.0,5.0,A01
201300025063,0,32,0,0.0,2.0,2.0,1.0,B01
201300025063,0,7,0,0.0,2.0,3.0,1.0,A01
201300025064,0,7,0,0.0,2.0,1.0,1.0,B01
201300025064,0,33,0,12.0,2.0,0.0,17.0,A01
201300025065,0,7,0,0.0,1.0,2.0,2.0,A01
201300025066,0,7,0,0.0,2.0,7.0,16.0,B01
201300025066,0,2,0,0.0,2.0,8.0,1.0,A01
201300025067,0,7,0,8.0,2.0,1.0,1.0,A01
201300025067,0,7,0,0.0,2.0,4.0,1.0,B01
201300025068,0,2,0,0.0,2.0,8.0,19.0,A01
201300025068,0,7,0,0.0,2.0,1.0,1.0,B01
201300025069,0,7,0,0.0,2.0,2.0,1.0,B01
201300025069,0,7,0,6.0,2.0,1.0,1.0,A01
201300025070,0,10,0,0.0,2.0,1.0,15.0,A01
201300025070,0,30,0,0.0,2.0,8.0,1.0,B01
201300025071,0,7,0,0.0,1.0,4.0,4.0,A01
201300025072,0,7,0,0.0,1.0,0.0,0.0,A01
201300025073,0,7,0,0.0,1.0,2.0,1.0,A01
201300025074,0,7,0,11.0,0.0,3.0,16.0,A01
201300025075,0,7,0,0.0,2.0,1.0,1.0,A01
201300025075,0,7,0,0.0,2.0,2.0,1.0,B01
201300025076,0,7,0,0.0,1.0,1.0,1.0,A01
201300025077,0,7,0,0.0,2.0,8.0,2.0,A01
201300025077,0,33,0,0.0,2.0,1.0,2.0,B01
201300025077,0,7,0,0.0,2.0,4.0,2.0,C01
201300025078,0,7,0,13.0,0.0,1.0,1.0,A01
201300025079,0,7,0,0.0,0.0,9.0,12.0,A01
201300025080,0,7,0,0.0,1.0,2.0,1.0,A01
201300025081,0,7,0,7.0,0.0,1.0,1.0,A01
201300025082,0,7,0,0.0,2.0,1.0,1.0,B01
201300025082,0,2,0,0.0,2.0,1.0,13.0,A01
201300025083,0,7,0,0.0,1.0,0.0,1.0,A01
201300025084,0,30,0,1.0,1.0,1.0,1.0,A01
201300025085,0,7,0,0.0,1.0,1.0,1.0,A01
201300025086,0,7,0,0.0,1.0,2.0,1.0,A01
201300025087,0,2,0,0.0,2.0,0.0,16.0,B01
201300025087,0,7,0,0.0,2.0,3.0,1.0,A01
201300025088,0,7,0,0.0,1.0,8.0,1.0,A01
201300025089,0,7,0,0.0,1.0,4.0,20.0,A01
201300025090,0,7,0,0.0,2.0,1.0,1.0,A01
201300025090,0,7,0,0.0,2.0,4.0,1.0,B01
201300025091,0,7,0,0.0,2.0,4.0,23.0,B01
201300025091,0,7,0,0.0,2.0,1.0,1.0,A01
201300025092,0,7,0,3.0,0.0,1.0,1.0,A01
201300025093,0,7,0,0.0,1.0,0.0,15.0,A01
201300025094,0,7,0,0.0,1.0,4.0,4.0,A01
201300025095,1,30,0,0.0,2.0,1.0,1.0,A01
201300025095,0,1,0,0.0,2.0,1.0,1.0,B01
201300025096,0,7,0,0.0,2.0,4.0,1.0,B01
201300025096,0,7,0,0.0,2.0,4.0,1.0,C01
201300025096,0,7,0,0.0,2.0,1.0,1.0,A01
201300025097,0,7,0,0.0,2.0,3.0,9.0,A01
201300025097,0,1,0,0.0,2.0,1.0,1.0,B01
201300025098,0,7,0,0.0,1.0,6.0,4.0,A01
201300025099,0,7,0,2.0,0.0,1.0,1.0,A01
201300025100,0,7,0,0.0,2.0,4.0,23.0,B01
201300025100,0,7,0,0.0,2.0,1.0,1.0,A01
201300025101,0,31,0,0.0,2.0,3.0,1.0,B01
201300025101,1,7,0,0.0,2.0,4.0,16.0,A01
201300025102,0,32,0,0.0,2.0,8.0,1.0,B01
201300025102,0,10,0,0.0,2.0,0.0,5.0,A01
201300025103,0,7,0,3.0,2.0,4.0,1.0,B01
201300025103,1,13,0,0.0,2.0,1.0,0.0,A01
201300025104,0,7,0,0.0,2.0,2.0,13.0,A01
201300025104,0,10,0,0.0,2.0,3.0,1.0,B01
201300025105,0,7,0,0.0,2.0,2.0,1.0,B01