Num_Acc,senc,catv,occutc,obs,obsm,choc,manv,num_veh
201300025105,0,10,0,0.0,2.0,6.0,15.0,A01
201300025106,0,10,0,0.0,2.0,4.0,23.0,C01
201300025106,0,10,0,0.0,2.0,1.0,1.0,A01
201300025106,0,7,0,0.0,2.0,4.0,23.0,B01
201300025107,0,7,0,0.0,1.0,2.0,1.0,A01
201300025108,0,10,0,0.0,2.0,1.0,12.0,A01
201300025108,0,7,0,0.0,2.0,4.0,1.0,B01
201300025109,0,7,0,0.0,2.0,0.0,1.0,A01
201300025109,0,7,0,0.0,2.0,0.0,2.0,B01
201300025109,0,7,0,0.0,2.0,0.0,2.0,C01
201300025109,0,7,0,0.0,2.0,0.0,2.0,D01
201300025110,0,7,0,0.0,2.0,6.0,1.0,B01
201300025110,0,33,0,3.0,2.0,7.0,1.0,A01
201300025111,0,7,0,3.0,2.0,1.0,5.0,A01
201300025111,0,7,0,0.0,2.0,1.0,1.0,B01
201300025112,0,1,0,0.0,2.0,7.0,1.0,B01
201300025112,0,7,0,0.0,2.0,1.0,9.0,A01
201300025113,0,7,0,0.0,1.0,1.0,1.0,A01
201300025114,0,7,0,13.0,0.0,1.0,1.0,A01
201300025115,0,7,0,0.0,1.0,3.0,1.0,A01
201300025116,0,1,0,0.0,0.0,0.0,1.0,A01
201300025117,0,1,0,0.0,1.0,0.0,1.0,A01
201300025118,0,7,0,0.0,2.0,1.0,1.0,B01
201300025118,0,7,0,0.0,2.0,1.0,15.0,A01
201300025119,1,7,0,0.0,1.0,0.0,1.0,A01
201300025120,0,10,0,0.0,9.0,7.0,2.0,A01
201300025120,0,1,0,0.0,2.0,0.0,2.0,B01
201300025121,0,1,0,0.0,2.0,0.0,1.0,B01
201300025121,0,7,0,0.0,2.0,0.0,9.0,A01
201300025122,0,7,0,0.0,2.0,1.0,1.0,B01
201300025122,0,7,0,0.0,2.0,1.0,1.0,A01
201300025123,0,7,0,0.0,2.0,1.0,1.0,A01
201300025123,0,1,0,0.0,2.0,4.0,19.0,B01
201300025124,0,30,0,0.0,2.0,8.0,1.0,B01
201300025124,0,10,0,0.0,2.0,7.0,17.0,A01
201300025125,0,7,0,0.0,2.0,3.0,9.0,A01
201300025125,0,31,0,0.0,2.0,0.0,1.0,B01
201300025126,0,7,0,0.0,2.0,2.0,16.0,A01
201300025126,0,31,0,0.0,2.0,1.0,1.0,B01
201300025127,0,7,0,6.0,0.0,1.0,1.0,A01
201300025128,0,7,0,0.0,2.0,2.0,1.0,A01
201300025128,0,7,0,0.0,2.0,6.0,2.0,B01
201300025129,0,7,0,0.0,1.0,3.0,1.0,A01
201300025130,0,7,0,0.0,1.0,0.0,13.0,A01
201300025131,0,10,0,0.0,2.0,4.0,23.0,C01
201300025131,0,7,0,0.0,2.0,1.0,1.0,A01
201300025131,0,7,0,0.0,2.0,4.0,23.0,D01
201300025131,0,7,0,0.0,2.0,4.0,23.0,B01
201300025132,0,7,0,0.0,1.0,1.0,16.0,A01
201300025133,0,7,0,0.0,2.0,1.0,12.0,A01
201300025133,0,7,0,0.0,2.0,4.0,1.0,B01
201300025134,1,7,0,0.0,2.0,4.0,,B01
201300025134,0,7,0,0.0,2.0,1.0,1.0,A01
201300025135,0,7,0,0.0,2.0,3.0,15.0,A01
201300025135,0,1,0,0.0,2.0,2.0,1.0,B01
201300025136,0,7,0,0.0,1.0,3.0,1.0,A01
201300025137,0,7,0,7.0,0.0,3.0,1.0,A01
201300025138,0,1,0,0.0,2.0,1.0,1.0,A01
201300025138,0,7,0,0.0,2.0,4.0,23.0,B01
201300025139,0,1,0,0.0,2.0,8.0,1.0,B01
201300025139,0,7,0,0.0,2.0,1.0,15.0,A01
201300025140,0,30,0,0.0,2.0,0.0,5.0,A01
201300025140,0,1,0,0.0,2.0,0.0,1.0,B01
201300025141,0,7,0,0.0,2.0,8.0,1.0,B01
201300025141,0,7,0,0.0,2.0,2.0,15.0,A01
201300025142,0,7,0,0.0,2.0,1.0,1.0,A01
201300025142,0,7,0,0.0,2.0,4.0,1.0,B01
201300025142,0,7,0,0.0,2.0,4.0,1.0,C01
201300025142,0,7,0,0.0,2.0,4.0,1.0,D01
201300025143,0,7,0,9.0,0.0,1.0,15.0,A01
201300025144,0,7,0,0.0,2.0,2.0,1.0,A01
201300025144,0,1,0,0.0,2.0,1.0,5.0,B01
201300025145,0,7,0,9.0,0.0,2.0,15.0,A01
201300025146,0,1,0,0.0,0.0,0.0,1.0,A01
201300025147,0,7,0,0.0,2.0,4.0,23.0,B01
201300025147,0,7,0,0.0,2.0,1.0,1.0,A01
201300025148,0,7,0,0.0,1.0,3.0,1.0,A01
201300025149,0,33,0,0.0,0.0,0.0,16.0,A01
201300025150,0,2,0,0.0,2.0,0.0,8.0,A01
201300025150,0,7,0,0.0,2.0,3.0,15.0,B01
201300025151,0,33,0,0.0,0.0,7.0,1.0,A01
201300025152,0,31,0,0.0,2.0,0.0,1.0,B01
201300025152,0,7,0,0.0,2.0,0.0,5.0,A01
201300025153,0,7,0,9.0,2.0,6.0,15.0,B01
201300025153,0,32,0,0.0,2.0,1.0,1.0,A01
201300025154,0,7,0,0.0,2.0,5.0,1.0,B01
201300025154,0,7,0,11.0,2.0,1.0,1.0,A01
201300025155,0,7,0,0.0,2.0,6.0,23.0,C01
201300025155,0,7,0,0.0,2.0,3.0,11.0,B01
201300025155,0,7,0,0.0,2.0,2.0,1.0,A01
201300025155,0,7,0,0.0,2.0,3.0,1.0,D01
201300025156,0,7,0,0.0,2.0,1.0,1.0,A01
201300025156,0,7,0,0.0,2.0,4.0,23.0,B01
201300025157,0,7,0,0.0,1.0,3.0,1.0,A01
201300025158,0,7,0,0.0,1.0,1.0,15.0,A01
201300025159,0,7,0,0.0,2.0,3.0,22.0,A01
201300025159,0,1,0,0.0,2.0,1.0,1.0,B01
201300025160,0,7,0,0.0,2.0,1.0,1.0,A01
201300025160,0,1,0,0.0,2.0,6.0,15.0,B01
201300025161,0,7,0,0.0,0.0,9.0,1.0,A01
201300025162,0,7,0,0.0,2.0,2.0,1.0,B01
201300025162,0,7,0,7.0,2.0,8.0,10.0,A01
201300025163,0,7,0,0.0,2.0,6.0,2.0,B01
201300025163,0,7,0,0.0,2.0,2.0,1.0,A01
201300025164,0,7,0,0.0,2.0,1.0,9.0,B01
201300025164,0,1,0,0.0,2.0,1.0,5.0,A01
201300025165,0,1,0,0.0,2.0,1.0,1.0,B01
201300025165,0,7,0,0.0,2.0,3.0,15.0,A01
201300025166,0,31,0,0.0,2.0,1.0,17.0,B01
201300025166,0,7,0,0.0,2.0,1.0,1.0,A01
201300025167,0,7,0,0.0,1.0,0.0,23.0,A01
201300025168,1,33,0,0.0,0.0,0.0,0.0,A01
201300025169,0,2,0,0.0,0.0,2.0,1.0,A01
201300025170,0,7,0,0.0,2.0,1.0,1.0,A01
201300025170,0,7,0,0.0,2.0,8.0,1.0,B01
201300025171,0,7,0,0.0,2.0,0.0,1.0,A01
201300025171,0,1,0,0.0,2.0,0.0,1.0,B01
201300025172,0,1,0,0.0,2.0,0.0,1.0,B01
201300025172,0,7,0,0.0,2.0,6.0,4.0,A01
201300025173,0,7,0,0.0,2.0,6.0,15.0,B01
201300025173,0,10,0,0.0,2.0,1.0,1.0,A01
201300025174,0,7,0,1.0,0.0,0.0,1.0,A01
201300025175,0,7,0,0.0,2.0,1.0,1.0,B01
201300025175,0,2,0,0.0,2.0,0.0,10.0,A01
201300025176,0,7,0,0.0,1.0,1.0,1.0,A01
201300025177,0,10,0,0.0,2.0,1.0,2.0,A01
201300025177,0,7,0,0.0,2.0,1.0,2.0,B01
201300025177,0,7,0,0.0,2.0,1.0,23.0,C01
201300025177,0,7,0,0.0,2.0,1.0,23.0,D01
201300025177,0,7,0,0.0,2.0,4.0,2.0,E01
201300025178,0,7,0,6.0,0.0,8.0,1.0,A01
201300025179,0,30,0,0.0,0.0,1.0,1.0,A01
201300025180,0,7,0,0.0,1.0,0.0,20.0,A01
201300025181,0,7,0,0.0,2.0,3.0,15.0,A01
201300025181,0,32,0,0.0,2.0,8.0,1.0,B01
201300025182,0,37,20,0.0,1.0,1.0,1.0,A01
201300025183,0,7,0,0.0,2.0,1.0,6.0,A01
201300025183,0,7,0,0.0,2.0,1.0,1.0,B01
201300025184,0,7,0,0.0,1.0,2.0,17.0,A01
201300025185,0,7,0,0.0,2.0,1.0,2.0,A01
201300025185,0,7,0,0.0,2.0,4.0,23.0,B01
201300025186,0,15,0,5.0,2.0,9.0,1.0,A01
201300025186,0,10,0,0.0,2.0,7.0,24.0,B01
201300025187,0,7,0,0.0,2.0,0.0,1.0,A01
201300025187,0,32,0,0.0,2.0,7.0,1.0,B01
201300025188,0,30,0,14.0,0.0,0.0,1.0,A01
201300025189,0,7,0,0.0,1.0,3.0,1.0,A01
201300025190,0,10,0,0.0,2.0,3.0,9.0,A01
201300025190,0,7,0,0.0,2.0,7.0,1.0,B01
201300025191,0,33,0,0.0,2.0,3.0,1.0,B01
201300025191,0,10,0,0.0,2.0,0.0,19.0,A01
201300025192,0,10,0,1.0,0.0,2.0,1.0,A01
201300025193,0,7,0,0.0,1.0,0.0,16.0,A01
201300025194,0,7,0,13.0,0.0,2.0,1.0,A01
201300025195,0,31,0,0.0,0.0,8.0,15.0,A01
201300025196,0,1,0,0.0,2.0,1.0,13.0,A01
201300025196,0,7,0,0.0,2.0,7.0,1.0,B01
201300025197,0,7,0,0.0,2.0,2.0,15.0,A01
201300025197,0,33,0,0.0,2.0,1.0,1.0,B01
201300025198,0,33,0,0.0,2.0,1.0,17.0,A01
201300025198,0,7,0,0.0,2.0,3.0,15.0,B01
201300025199,0,7,0,0.0,2.0,3.0,1.0,B01
201300025199,0,7,0,0.0,2.0,1.0,1.0,A01
201300025200,0,7,0,4.0,0.0,1.0,1.0,A01
201300025201,0,7,0,0.0,2.0,8.0,1.0,A01
201300025201,0,7,0,0.0,2.0,8.0,24.0,B01
201300025202,0,7,0,0.0,2.0,1.0,23.0,B01
201300025202,0,7,0,0.0,2.0,1.0,1.0,A01
201300025202,0,7,0,0.0,2.0,1.0,23.0,C01
201300025202,0,7,0,0.0,2.0,4.0,23.0,D01
201300025203,0,15,0,0.0,2.0,2.0,1.0,B01
201300025203,0,33,0,0.0,2.0,1.0,9.0,A01
201300025204,0,7,0,0.0,2.0,1.0,1.0,A01
201300025204,0,7,0,0.0,2.0,4.0,23.0,B01
201300025205,0,33,0,0.0,0.0,0.0,16.0,A01
201300025206,0,32,0,0.0,2.0,1.0,17.0,B01
201300025206,0,7,0,0.0,2.0,6.0,15.0,A01
201300025207,0,33,0,0.0,2.0,5.0,1.0,B01
201300025207,0,30,0,0.0,2.0,1.0,1.0,A01
201300025208,0,7,0,0.0,2.0,3.0,13.0,A01
201300025208,0,7,0,1.0,2.0,3.0,1.0,B01
201300025209,0,7,0,3.0,0.0,3.0,1.0,A01
201300025210,0,33,0,0.0,1.0,0.0,1.0,A01
201300025211,1,7,0,0.0,2.0,0.0,15.0,Z01
201300025211,0,33,0,0.0,2.0,1.0,1.0,A01
201300025211,0,7,0,0.0,2.0,0.0,1.0,B01
201300025212,0,33,0,0.0,2.0,8.0,13.0,A01
201300025212,0,10,0,0.0,2.0,5.0,23.0,B01
201300025213,0,7,0,0.0,1.0,2.0,1.0,A01
201300025214,0,33,0,1.0,2.0,1.0,1.0,B01
201300025214,0,7,0,0.0,2.0,3.0,15.0,A01
201300025215,0,30,0,0.0,2.0,1.0,1.0,B01
201300025215,0,7,0,0.0,2.0,3.0,15.0,A01
201300025216,0,30,0,0.0,2.0,1.0,1.0,A01
201300025216,0,7,0,0.0,2.0,4.0,23.0,B01
201300025217,0,7,0,0.0,1.0,2.0,1.0,A01
201300025218,0,1,0,0.0,2.0,1.0,1.0,B01
201300025218,0,7,0,0.0,2.0,0.0,15.0,A01
201300025219,0,32,0,0.0,2.0,1.0,1.0,B01
201300025219,0,7,0,0.0,2.0,2.0,16.0,A01
201300025220,0,7,0,0.0,2.0,4.0,1.0,B01
201300025220,0,7,0,0.0,2.0,1.0,1.0,A01
201300025221,0,7,0,0.0,2.0,6.0,15.0,A01
201300025221,0,30,0,0.0,2.0,1.0,1.0,B01
201300025222,0,1,0,0.0,2.0,0.0,1.0,B01
201300025222,0,15,0,0.0,2.0,5.0,1.0,A01
201300025223,0,31,0,8.0,0.0,1.0,1.0,A01
201300025224,0,7,0,0.0,2.0,1.0,1.0,B01
201300025224,0,7,0,0.0,2.0,1.0,15.0,A01
201300025225,0,1,0,0.0,1.0,0.0,1.0,A01
201300025226,0,7,0,0.0,1.0,1.0,1.0,A01
201300025227,0,2,0,0.0,0.0,8.0,1.0,A01
201300025228,0,7,0,0.0,2.0,7.0,15.0,A01
201300025228,0,7,0,0.0,2.0,1.0,1.0,B01
201300025229,0,37,15,0.0,2.0,2.0,1.0,B01
201300025229,0,7,0,0.0,2.0,7.0,15.0,A01
201300025230,0,30,0,0.0,0.0,1.0,1.0,A01
201300025231,0,1,0,0.0,2.0,1.0,1.0,B01
201300025231,0,7,0,0.0,2.0,1.0,15.0,A01
201300025232,0,2,0,0.0,2.0,1.0,1.0,B01
201300025232,0,7,0,0.0,2.0,3.0,10.0,A01
201300025233,0,7,0,0.0,0.0,2.0,1.0,A01
201300025234,0,2,0,0.0,0.0,0.0,1.0,A01
201300025235,1,7,0,1.0,1.0,0.0,16.0,A01
201300025236,1,7,0,0.0,2.0,0.0,1.0,Z01
201300025236,0,7,0,0.0,2.0,4.0,1.0,B01
201300025237,0,7,0,0.0,2.0,1.0,23.0,B01
201300025237,0,7,0,0.0,2.0,4.0,23.0,C01
201300025237,0,7,0,0.0,2.0,3.0,2.0,A01
201300025238,0,30,0,0.0,2.0,7.0,13.0,A01
201300025238,0,7,0,0.0,2.0,5.0,16.0,B01
201300025239,0,31,0,0.0,0.0,1.0,1.0,A01
201300025240,0,7,0,0.0,1.0,3.0,15.0,A01
201300025241,0,7,0,0.0,1.0,2.0,1.0,A01
201300025242,0,10,0,0.0,2.0,3.0,2.0,A01
201300025242,0,7,0,0.0,2.0,4.0,23.0,B01
201300025243,0,7,0,0.0,2.0,1.0,2.0,A01
201300025243,0,7,0,0.0,2.0,4.0,23.0,B01
201300025244,0,7,0,0.0,2.0,8.0,15.0,B01
201300025244,0,33,0,0.0,2.0,1.0,1.0,A01
201300025245,0,7,0,0.0,2.0,1.0,15.0,A01
201300025245,0,7,0,0.0,2.0,1.0,1.0,B01
201300025246,0,7,0,0.0,2.0,9.0,12.0,A01
201300025246,0,7,0,0.0,2.0,5.0,23.0,D01
201300025246,0,7,0,0.0,2.0,9.0,23.0,B01
201300025246,0,7,0,0.0,2.0,9.0,23.0,C01
201300025247,0,7,0,0.0,2.0,1.0,2.0,A01
201300025247,0,7,0,0.0,2.0,4.0,2.0,B01
201300025248,1,7,0,0.0,1.0,0.0,4.0,A01
201300025249,0,7,0,0.0,2.0,1.0,2.0,A01
201300025249,0,7,0,0.0,2.0,5.0,2.0,D01
201300025249,0,7,0,0.0,2.0,1.0,2.0,C01
201300025249,0,7,0,0.0,2.0,5.0,2.0,B01
201300025250,0,30,0,0.0,0.0,7.0,1.0,A01
201300025251,0,7,0,0.0,1.0,2.0,1.0,A01
201300025252,1,7,0,0.0,1.0,0.0,1.0,A01
201300025253,0,7,0,0.0,1.0,1.0,15.0,A01
201300025254,0,7,0,0.0,2.0,1.0,1.0,A01
201300025254,0,7,0,0.0,2.0,4.0,2.0,B01
201300025255,0,7,0,0.0,2.0,1.0,23.0,A01
201300025255,0,7,0,0.0,2.0,4.0,1.0,B01
201300025256,0,7,0,0.0,2.0,3.0,1.0,A01
201300025256,0,1,0,0.0,2.0,7.0,1.0,B01
201300025257,0,7,0,0.0,2.0,5.0,1.0,B01
201300025257,0,10,0,0.0,2.0,3.0,1.0,A01
201300025258,0,7,0,0.0,1.0,3.0,15.0,A01
201300025259,0,7,0,1.0,0.0,9.0,1.0,A01
201300025260,0,1,0,0.0,2.0,4.0,1.0,A01
201300025260,0,7,0,0.0,2.0,3.0,16.0,B01
201300025261,0,33,0,0.0,2.0,7.0,12.0,A01
201300025261,0,7,0,0.0,2.0,1.0,1.0,B01
201300025262,0,30,0,0.0,0.0,8.0,1.0,A01
201300025263,0,7,0,0.0,2.0,2.0,22.0,A01
201300025263,0,1,0,0.0,2.0,0.0,1.0,B01
201300025264,0,7,0,0.0,2.0,8.0,15.0,A01
201300025264,0,30,0,0.0,2.0,2.0,1.0,B01
201300025265,0,7,0,0.0,2.0,7.0,15.0,A01
201300025265,0,7,0,0.0,2.0,1.0,1.0,B01
201300025266,0,7,0,0.0,1.0,0.0,1.0,A01
201300025267,0,37,12,0.0,2.0,4.0,1.0,B01
201300025267,0,7,0,0.0,2.0,2.0,1.0,A01
201300025268,0,2,0,0.0,2.0,7.0,1.0,A01
201300025268,0,7,0,0.0,2.0,6.0,15.0,B01
201300025269,0,7,0,0.0,1.0,1.0,17.0,A01
201300025270,0,7,0,0.0,2.0,6.0,2.0,B01
201300025270,0,7,0,0.0,2.0,7.0,2.0,A01
201300025270,0,7,0,0.0,2.0,2.0,2.0,C01
201300025271,0,7,0,0.0,2.0,6.0,1.0,B01
201300025271,0,7,0,0.0,2.0,1.0,15.0,A01
201300025272,2,7,0,0.0,2.0,1.0,13.0,A01
201300025272,0,7,0,0.0,2.0,1.0,1.0,B01
201300025273,0,7,0,0.0,2.0,4.0,2.0,B01
201300025273,0,7,0,0.0,2.0,1.0,2.0,A01
201300025274,0,33,0,0.0,0.0,8.0,1.0,A01
201300025275,0,7,0,9.0,0.0,9.0,1.0,A01
201300025276,0,30,0,8.0,0.0,0.0,1.0,A01
201300025277,0,7,0,0.0,2.0,1.0,15.0,A01
201300025277,0,7,0,0.0,2.0,3.0,2.0,B01
201300025277,0,7,0,0.0,2.0,3.0,15.0,C01
201300025278,0,1,0,0.0,2.0,1.0,1.0,A01
201300025278,0,10,0,0.0,2.0,4.0,23.0,B01
201300025279,0,1,0,0.0,0.0,0.0,1.0,A01
201300025280,0,7,0,0.0,2.0,4.0,23.0,B01
201300025280,0,7,0,0.0,2.0,1.0,2.0,A01
201300025281,0,7,0,0.0,2.0,7.0,15.0,A01
201300025281,0,1,0,0.0,2.0,7.0,1.0,B01
201300025282,0,7,0,0.0,2.0,8.0,1.0,A01
201300025282,0,31,0,0.0,2.0,1.0,1.0,B01
201300025283,0,31,0,0.0,0.0,1.0,21.0,A01
201300025284,0,7,0,13.0,0.0,7.0,1.0,A01
201300025285,0,10,0,0.0,2.0,1.0,13.0,A01
201300025285,0,10,0,0.0,2.0,4.0,1.0,B01
201300025286,1,7,0,0.0,2.0,0.0,15.0,A01
201300025286,0,30,0,0.0,0.0,0.0,1.0,B01
201300025287,0,30,0,0.0,0.0,0.0,1.0,A01
201300025288,0,7,0,9.0,0.0,1.0,1.0,A01
201300025289,0,37,15,0.0,1.0,0.0,1.0,A01
201300025290,0,33,0,0.0,2.0,1.0,1.0,B01
201300025290,0,1,0,0.0,2.0,1.0,15.0,A01
201300025291,0,1,0,0.0,1.0,1.0,1.0,A01
201300025292,0,31,0,0.0,0.0,0.0,1.0,A01
201300025293,0,7,0,0.0,1.0,1.0,15.0,A01
201300025294,0,1,0,0.0,2.0,1.0,1.0,B01
201300025294,0,7,0,0.0,2.0,3.0,16.0,A01
201300025295,0,1,0,0.0,0.0,1.0,1.0,A01
201300025296,0,7,0,0.0,2.0,1.0,2.0,A01
201300025296,0,2,0,0.0,2.0,4.0,23.0,B01
201300025297,0,7,0,0.0,2.0,1.0,1.0,A01
201300025297,0,37,1,0.0,2.0,4.0,24.0,B01
201300025298,0,37,10,0.0,2.0,4.0,23.0,B01
201300025298,0,7,0,0.0,2.0,1.0,1.0,A01
201300025299,0,7,0,0.0,1.0,1.0,1.0,A01
201300025300,1,7,0,0.0,2.0,0.0,1.0,A01
201300025300,0,7,0,0.0,2.0,7.0,1.0,B01
201300025301,0,1,0,0.0,0.0,1.0,21.0,A01
201300025302,0,30,0,0.0,0.0,7.0,1.0,A01
201300025303,2,7,0,0.0,2.0,3.0,1.0,A01
201300025303,0,7,0,0.0,2.0,6.0,1.0,B01
201300025304,0,7,0,0.0,2.0,2.0,2.0,A01
201300025304,0,7,0,0.0,2.0,4.0,23.0,C01
201300025304,0,7,0,0.0,2.0,4.0,23.0,B01
201300025305,0,7,0,0.0,0.0,4.0,1.0,A01
201300025306,0,7,0,13.0,0.0,1.0,1.0,A01
201300025307,0,15,0,0.0,2.0,7.0,12.0,A01
201300025307,0,7,0,3.0,0.0,6.0,1.0,B01
201300025308,0,1,0,0.0,2.0,8.0,16.0,A01
201300025308,0,33,0,0.0,2.0,1.0,1.0,B01
201300025309,0,7,0,0.0,0.0,0.0,1.0,B01
201300025309,0,1,0,0.0,2.0,0.0,5.0,A01
201300025310,0,31,0,1.0,0.0,2.0,1.0,A01
201300025311,0,7,0,2.0,0.0,1.0,15.0,A01
201300025312,0,7,0,0.0,2.0,2.0,1.0,B01
201300025312,0,7,0,0.0,2.0,1.0,1.0,A01
201300025313,0,7,0,0.0,2.0,1.0,15.0,B01
201300025313,0,7,0,0.0,2.0,2.0,1.0,A01
201300025314,0,31,0,0.0,0.0,0.0,1.0,A01
201300025315,0,7,0,0.0,2.0,1.0,1.0,B01
201300025315,0,7,0,0.0,2.0,8.0,1.0,A01
201300025316,0,10,0,0.0,2.0,4.0,4.0,A01
201300025316,0,7,0,0.0,2.0,2.0,23.0,B01
201300025317,0,7,0,1.0,1.0,2.0,1.0,A01
201300025318,0,7,0,2.0,0.0,2.0,1.0,A01
201300025319,0,7,0,0.0,2.0,7.0,1.0,C01
201300025319,0,7,0,0.0,2.0,1.0,1.0,A01
201300025319,0,7,0,0.0,2.0,6.0,2.0,B01
201300025320,0,10,0,0.0,2.0,4.0,2.0,B01
201300025320,0,7,0,0.0,2.0,1.0,1.0,A01
201300025321,0,2,0,0.0,0.0,0.0,1.0,A01
201300025322,0,7,0,0.0,2.0,5.0,23.0,B01
201300025322,0,7,0,0.0,2.0,1.0,1.0,A01
201300025323,0,7,0,0.0,2.0,4.0,2.0,B01
201300025323,0,7,0,0.0,2.0,4.0,2.0,D01
201300025323,0,7,0,0.0,2.0,4.0,2.0,C01
201300025323,0,14,0,3.0,2.0,2.0,1.0,A01
201300025324,0,31,0,0.0,0.0,0.0,1.0,A01
201300025325,0,7,0,0.0,1.0,1.0,1.0,A01
201300025326,0,7,0,0.0,2.0,5.0,1.0,B01
201300025326,0,1,0,0.0,2.0,1.0,1.0,A01
201300025327,0,7,0,0.0,1.0,0.0,16.0,A01
201300025328,0,7,0,0.0,1.0,1.0,1.0,A01
201300025329,0,31,0,0.0,2.0,1.0,2.0,A01
201300025329,0,7,0,0.0,2.0,6.0,2.0,B01
201300025330,0,7,0,0.0,2.0,4.0,1.0,B01
201300025330,0,7,0,0.0,2.0,3.0,2.0,A01
201300025331,0,7,0,0.0,1.0,0.0,1.0,A01
201300025332,0,10,0,0.0,2.0,4.0,2.0,B01
201300025332,0,7,0,0.0,2.0,4.0,2.0,D01
201300025332,0,7,0,0.0,2.0,1.0,2.0,A01
201300025332,0,7,0,0.0,2.0,1.0,2.0,C01
201300025333,0,7,0,0.0,2.0,1.0,16.0,A01
201300025333,0,30,0,0.0,2.0,7.0,1.0,B01
201300025334,0,10,0,0.0,2.0,0.0,2.0,A01
201300025334,0,7,0,0.0,2.0,0.0,23.0,B01
201300025335,0,30,0,0.0,0.0,7.0,1.0,A01
201300025336,0,7,0,0.0,2.0,0.0,14.0,A01
201300025336,0,30,0,0.0,2.0,0.0,1.0,B01
201300025337,0,7,0,0.0,2.0,2.0,15.0,A01
201300025337,0,7,0,0.0,2.0,3.0,1.0,B01
201300025338,0,7,0,0.0,1.0,2.0,1.0,A01
201300025339,0,7,0,0.0,2.0,3.0,9.0,A01
201300025339,0,7,0,0.0,2.0,7.0,1.0,B01
201300025340,0,7,0,0.0,2.0,1.0,2.0,A01
201300025340,0,7,0,0.0,2.0,4.0,23.0,B01
201300025340,0,7,0,0.0,2.0,4.0,23.0,C01
201300025341,0,33,0,0.0,0.0,9.0,1.0,A01
201300025342,0,7,0,0.0,2.0,4.0,2.0,C01
201300025342,0,10,0,0.0,2.0,9.0,2.0,B01
201300025342,0,10,0,0.0,2.0,1.0,2.0,A01
201300025343,0,7,0,0.0,2.0,1.0,2.0,A01
201300025343,0,33,0,0.0,2.0,1.0,2.0,B01
201300025343,0,7,0,0.0,2.0,1.0,2.0,C01
201300025344,0,7,0,13.0,5.0,1.0,1.0,A01
201300025345,0,30,0,0.0,0.0,8.0,1.0,A01
201300025346,0,10,0,0.0,1.0,0.0,4.0,A01
201300025347,0,7,0,9.0,0.0,1.0,1.0,A01
201300025348,0,30,0,0.0,0.0,8.0,1.0,A01
201300025349,0,7,0,0.0,2.0,0.0,2.0,B01
201300025349,0,15,0,0.0,2.0,2.0,2.0,A01
201300025349,0,7,0,0.0,2.0,4.0,2.0,C01
201300025350,0,7,0,0.0,1.0,2.0,1.0,A01
201300025351,0,30,0,0.0,0.0,2.0,21.0,A01
201300025352,0,7,0,0.0,0.0,0.0,1.0,A01
201300025353,0,37,20,0.0,1.0,0.0,1.0,A01
201300025354,0,7,0,0.0,1.0,1.0,1.0,A01
201300025355,0,7,0,0.0,2.0,2.0,15.0,B01
201300025355,0,7,0,0.0,2.0,0.0,1.0,A01
201300025356,0,15,0,0.0,2.0,1.0,9.0,A01
201300025356,0,7,0,0.0,2.0,7.0,1.0,B01
201300025357,0,7,0,0.0,2.0,1.0,1.0,B01
201300025357,0,7,0,0.0,2.0,1.0,1.0,A01
201300025358,0,17,0,0.0,2.0,7.0,15.0,A01
201300025358,0,37,15,0.0,2.0,3.0,1.0,B01
201300025359,0,7,0,0.0,2.0,0.0,16.0,A01
201300025359,0,37,6,0.0,2.0,0.0,1.0,B01
201300025360,0,7,0,0.0,1.0,7.0,9.0,A01
201300025361,0,7,0,0.0,2.0,4.0,23.0,A01
201300025361,0,7,0,0.0,2.0,1.0,1.0,B01
201300025362,0,7,0,0.0,2.0,7.0,1.0,A01
201300025362,0,7,0,0.0,0.0,1.0,1.0,B01
201300025363,0,30,0,9.0,0.0,1.0,1.0,A01
201300025364,0,7,0,0.0,2.0,0.0,16.0,A01
201300025364,0,1,0,0.0,2.0,0.0,1.0,B01
201300025365,0,10,0,0.0,2.0,3.0,15.0,A01
201300025365,0,7,0,0.0,2.0,2.0,1.0,B01
201300025366,0,7,0,0.0,2.0,1.0,2.0,A01
201300025366,0,7,0,0.0,2.0,3.0,23.0,E01
201300025366,0,7,0,0.0,2.0,1.0,23.0,C01
201300025366,0,7,0,0.0,2.0,7.0,23.0,D01
201300025366,0,7,0,0.0,2.0,4.0,23.0,B01
201300025366,0,7,0,0.0,2.0,1.0,2.0,F01
201300025366,0,15,0,0.0,2.0,0.0,2.0,G01
201300025367,0,7,0,0.0,2.0,3.0,1.0,B01
201300025367,0,7,0,0.0,2.0,3.0,13.0,A01
201300025368,0,7,0,0.0,2.0,2.0,15.0,A01
201300025368,0,30,0,0.0,2.0,1.0,1.0,B01
201300025369,0,10,0,0.0,2.0,2.0,15.0,A01
201300025369,0,7,0,0.0,2.0,3.0,1.0,B01
201300025370,1,7,0,0.0,2.0,0.0,2.0,A01
201300025370,0,7,0,0.0,2.0,9.0,2.0,B01
201300025371,0,30,0,0.0,0.0,0.0,1.0,A01
201300025372,0,33,0,0.0,2.0,8.0,1.0,B01
201300025372,0,7,0,0.0,2.0,8.0,15.0,A01
201300025373,0,1,0,0.0,2.0,1.0,1.0,B01
201300025373,0,7,0,0.0,2.0,2.0,14.0,A01
201300025374,0,7,0,0.0,2.0,1.0,15.0,A01