Num_Acc,senc,catv,occutc,obs,obsm,choc,manv,num_veh
201300025374,0,7,0,0.0,2.0,1.0,1.0,B01
201300025375,0,7,0,0.0,2.0,8.0,1.0,B01
201300025375,0,30,0,0.0,2.0,1.0,1.0,A01
201300025376,0,7,0,0.0,2.0,0.0,15.0,B01
201300025376,0,30,0,0.0,2.0,8.0,1.0,A01
201300025377,0,7,0,0.0,2.0,1.0,1.0,A01
201300025377,0,7,0,0.0,2.0,8.0,15.0,B01
201300025378,0,33,0,0.0,0.0,7.0,1.0,A01
201300025379,0,7,0,0.0,2.0,2.0,15.0,A01
201300025379,0,7,0,0.0,2.0,1.0,1.0,B01
201300025380,0,33,0,0.0,2.0,4.0,2.0,B01
201300025380,0,7,0,0.0,2.0,1.0,2.0,A01
201300025381,0,10,0,0.0,1.0,0.0,1.0,A01
201300025382,0,7,0,0.0,2.0,1.0,1.0,B01
201300025382,0,7,0,0.0,2.0,1.0,9.0,A01
201300025383,0,7,0,12.0,0.0,1.0,1.0,A01
201300025384,0,7,0,0.0,0.0,1.0,1.0,A01
201300025385,0,1,0,0.0,2.0,4.0,19.0,A01
201300025385,0,10,0,0.0,2.0,0.0,1.0,B01
201300025386,0,7,0,0.0,2.0,1.0,15.0,A01
201300025386,0,1,0,0.0,2.0,1.0,1.0,B01
201300025387,0,1,0,0.0,1.0,0.0,1.0,A01
201300025388,0,7,0,0.0,2.0,2.0,2.0,A01
201300025388,0,7,0,0.0,2.0,3.0,2.0,B01
201300025388,0,7,0,0.0,2.0,1.0,2.0,C01
201300025389,0,7,0,0.0,2.0,1.0,2.0,A01
201300025389,0,7,0,0.0,2.0,4.0,23.0,B01
201300025390,0,3,0,0.0,0.0,1.0,1.0,A01
201300025391,0,10,0,0.0,2.0,1.0,1.0,A01
201300025391,0,7,0,0.0,2.0,4.0,23.0,B01
201300025392,0,7,0,0.0,1.0,7.0,1.0,A01
201300025393,0,7,0,12.0,0.0,1.0,1.0,A01
201300025394,0,7,0,6.0,0.0,1.0,1.0,A01
201300025395,0,30,0,0.0,6.0,7.0,1.0,A01
201300025396,0,7,0,1.0,0.0,1.0,1.0,A01
201300025397,0,7,0,0.0,2.0,0.0,2.0,A01
201300025397,0,7,0,0.0,2.0,1.0,2.0,B01
201300025397,0,7,0,0.0,2.0,4.0,2.0,C01
201300025398,0,7,0,0.0,1.0,1.0,1.0,A01
201300025399,0,7,0,0.0,0.0,0.0,1.0,B01
201300025400,0,31,0,0.0,2.0,8.0,1.0,B01
201300025400,0,7,0,0.0,2.0,1.0,16.0,A01
201300025401,0,33,0,0.0,2.0,1.0,1.0,B01
201300025401,0,7,0,0.0,2.0,2.0,15.0,A01
201300025402,0,7,0,0.0,2.0,1.0,23.0,B01
201300025402,1,13,0,0.0,0.0,0.0,1.0,A01
201300025403,0,7,0,15.0,0.0,1.0,1.0,A01
201300025404,0,7,0,0.0,2.0,1.0,2.0,A01
201300025404,0,7,0,0.0,2.0,4.0,2.0,B01
201300025405,0,7,0,0.0,2.0,0.0,15.0,A01
201300025405,0,7,0,0.0,2.0,8.0,1.0,B01
201300025406,0,7,0,0.0,2.0,4.0,1.0,B01
201300025406,0,7,0,0.0,2.0,1.0,23.0,A01
201300025407,1,7,0,0.0,2.0,0.0,1.0,A01
201300025407,0,1,0,0.0,2.0,0.0,1.0,B01
201300025408,1,7,0,0.0,1.0,0.0,1.0,A01
201300025409,0,7,0,0.0,2.0,7.0,16.0,B01
201300025409,0,1,0,0.0,2.0,0.0,15.0,A01
201300025410,0,31,0,14.0,0.0,0.0,1.0,A01
201300025411,0,33,0,0.0,2.0,9.0,2.0,A01
201300025411,0,7,0,0.0,2.0,4.0,2.0,B01
201300025411,0,7,0,0.0,2.0,1.0,2.0,C01
201300025412,0,7,0,0.0,2.0,2.0,1.0,B01
201300025412,0,7,0,0.0,2.0,8.0,1.0,A01
201300025413,0,7,0,0.0,1.0,4.0,4.0,A01
201300025414,0,7,0,0.0,0.0,9.0,1.0,A01
201300025415,0,7,0,0.0,2.0,0.0,22.0,A01
201300025415,0,1,0,0.0,2.0,1.0,1.0,B01
201300025416,0,7,0,0.0,2.0,0.0,2.0,A01
201300025416,0,1,0,0.0,2.0,0.0,5.0,C01
201300025416,0,7,0,0.0,2.0,0.0,2.0,B01
201300025417,1,7,0,0.0,1.0,0.0,1.0,A01
201300025418,0,7,0,0.0,2.0,4.0,2.0,C01
201300025418,0,7,0,0.0,2.0,4.0,2.0,B01
201300025418,0,7,0,0.0,2.0,1.0,2.0,A01
201300025419,0,7,0,0.0,0.0,1.0,1.0,A01
201300025420,0,7,0,0.0,2.0,2.0,2.0,A01
201300025420,0,7,0,0.0,2.0,4.0,2.0,B01
201300025421,0,7,0,0.0,2.0,4.0,23.0,B01
201300025421,0,7,0,0.0,2.0,2.0,2.0,A01
201300025422,0,7,0,14.0,0.0,1.0,1.0,A01
201300025423,0,7,0,3.0,0.0,9.0,1.0,A01
201300025424,0,7,0,1.0,0.0,1.0,1.0,A01
201300025425,0,7,0,0.0,1.0,2.0,1.0,A01
201300025426,0,10,0,0.0,2.0,2.0,1.0,A01
201300025426,0,7,0,0.0,2.0,1.0,1.0,B01
201300025427,0,7,0,0.0,1.0,2.0,1.0,A01
201300025428,0,7,0,0.0,1.0,1.0,15.0,A01
201300025429,0,30,0,0.0,0.0,1.0,1.0,A01
201300025430,0,7,0,8.0,0.0,8.0,1.0,A01
201300025431,0,7,0,0.0,2.0,4.0,2.0,B01
201300025431,0,7,0,0.0,2.0,1.0,2.0,A01
201300025431,0,7,0,0.0,2.0,4.0,23.0,C01
201300025431,0,7,0,0.0,2.0,4.0,23.0,D01
201300025432,0,7,0,0.0,2.0,1.0,1.0,A01
201300025432,0,1,0,0.0,2.0,4.0,1.0,B01
201300025433,0,7,0,0.0,2.0,1.0,1.0,A01
201300025433,0,7,0,0.0,2.0,4.0,2.0,B01
201300025434,0,7,0,1.0,2.0,1.0,1.0,A01
201300025434,0,2,0,0.0,2.0,7.0,1.0,B01
201300025435,0,7,0,0.0,2.0,1.0,15.0,A01
201300025435,0,1,0,0.0,2.0,0.0,1.0,B01
201300025436,0,7,0,0.0,1.0,8.0,1.0,A01
201300025437,0,7,0,13.0,0.0,7.0,1.0,A01
201300025438,0,7,0,0.0,2.0,0.0,15.0,A01
201300025438,0,30,0,0.0,2.0,1.0,1.0,B01
201300025439,0,10,0,0.0,1.0,1.0,1.0,A01
201300025440,0,7,0,0.0,1.0,1.0,1.0,A01
201300025441,0,31,0,0.0,2.0,7.0,1.0,B01
201300025441,0,7,0,0.0,2.0,3.0,13.0,A01
201300025442,0,7,0,0.0,2.0,1.0,1.0,B01
201300025442,0,7,0,0.0,2.0,2.0,1.0,A01
201300025443,0,7,0,0.0,2.0,1.0,2.0,A01
201300025443,0,7,0,0.0,2.0,4.0,2.0,B01
201300025443,0,7,0,0.0,2.0,0.0,2.0,C01
201300025444,0,7,0,0.0,2.0,1.0,23.0,B01
201300025444,0,7,0,0.0,2.0,7.0,20.0,C01
201300025444,0,7,0,0.0,2.0,1.0,2.0,A01
201300025445,0,33,0,0.0,2.0,7.0,15.0,B01
201300025445,0,7,0,0.0,2.0,0.0,1.0,A01
201300025446,0,7,0,0.0,2.0,1.0,0.0,B01
201300025446,0,7,0,0.0,2.0,3.0,0.0,A01
201300025447,0,7,0,0.0,2.0,1.0,2.0,A01
201300025447,0,7,0,0.0,2.0,4.0,23.0,C01
201300025447,0,7,0,0.0,2.0,6.0,23.0,B01
201300025448,0,7,0,8.0,0.0,2.0,1.0,A01
201300025449,0,37,10,0.0,2.0,0.0,1.0,B01
201300025449,0,7,0,0.0,2.0,0.0,15.0,A01
201300025450,0,7,0,0.0,2.0,1.0,16.0,B01
201300025450,0,1,0,0.0,2.0,0.0,5.0,A01
201300025451,0,7,0,0.0,2.0,4.0,2.0,C01
201300025451,0,7,0,0.0,2.0,4.0,2.0,B01
201300025451,0,7,0,0.0,2.0,3.0,12.0,A01
201300025452,0,7,0,0.0,2.0,2.0,15.0,B01
201300025452,0,1,0,0.0,2.0,1.0,19.0,A01
201300025453,0,7,0,0.0,0.0,1.0,1.0,A01
201300025454,0,7,0,0.0,2.0,3.0,16.0,B01
201300025454,0,1,0,0.0,2.0,1.0,1.0,A01
201300025455,0,1,0,0.0,2.0,7.0,19.0,A01
201300025455,0,7,0,0.0,2.0,1.0,1.0,B01
201300025456,0,7,0,0.0,1.0,3.0,15.0,A01
201300025457,0,7,0,0.0,2.0,1.0,2.0,A01
201300025457,0,7,0,0.0,2.0,4.0,2.0,B01
201300025458,0,7,0,0.0,2.0,1.0,11.0,A01
201300025458,0,7,0,0.0,2.0,4.0,2.0,C01
201300025458,0,7,0,0.0,2.0,4.0,2.0,B01
201300025459,0,31,0,0.0,0.0,0.0,1.0,A01
201300025460,1,7,0,0.0,1.0,0.0,1.0,A01
201300025461,0,7,0,0.0,2.0,0.0,2.0,A01
201300025461,0,7,0,0.0,2.0,0.0,2.0,B01
201300025461,0,7,0,0.0,2.0,0.0,2.0,C01
201300025462,0,30,0,0.0,0.0,0.0,1.0,A01
201300025463,0,13,0,0.0,1.0,0.0,15.0,A01
201300025464,0,30,0,0.0,2.0,8.0,1.0,B01
201300025464,0,7,0,0.0,2.0,7.0,10.0,A01
201300025465,0,7,0,0.0,2.0,5.0,15.0,B01
201300025465,0,33,0,0.0,2.0,1.0,1.0,A01
201300025466,0,7,0,0.0,2.0,5.0,15.0,B01
201300025466,0,33,0,0.0,2.0,1.0,1.0,A01
201300025467,0,2,0,11.0,0.0,1.0,1.0,A01
201300025468,0,1,0,0.0,2.0,1.0,15.0,A01
201300025468,0,7,0,0.0,2.0,2.0,17.0,B01
201300025469,0,1,0,0.0,0.0,2.0,1.0,A01
201300025470,0,10,0,0.0,2.0,3.0,1.0,B01
201300025470,0,10,0,0.0,2.0,1.0,1.0,A01
201300025471,0,7,0,0.0,1.0,0.0,1.0,A01
201300025472,0,3,0,0.0,2.0,1.0,1.0,B01
201300025472,1,7,0,0.0,2.0,1.0,1.0,A01
201300025473,0,7,0,0.0,2.0,4.0,2.0,C01
201300025473,0,7,0,0.0,2.0,1.0,2.0,A01
201300025473,0,7,0,0.0,2.0,4.0,2.0,B01
201300025474,0,30,0,1.0,0.0,1.0,15.0,A01
201300025475,0,30,0,0.0,1.0,3.0,1.0,A01
201300025476,0,7,0,0.0,2.0,7.0,15.0,A01
201300025476,0,1,0,0.0,2.0,1.0,1.0,B01
201300025477,0,1,0,0.0,2.0,1.0,5.0,A01
201300025477,0,7,0,0.0,2.0,2.0,1.0,B01
201300025478,0,7,0,0.0,2.0,8.0,1.0,B01
201300025478,0,7,0,0.0,2.0,0.0,1.0,A01
201300025479,0,7,0,0.0,2.0,3.0,22.0,A01
201300025479,0,37,10,0.0,2.0,2.0,1.0,B01
201300025480,0,30,0,0.0,0.0,3.0,1.0,A01
201300025481,0,7,0,0.0,2.0,3.0,1.0,B01
201300025481,0,7,0,0.0,2.0,1.0,15.0,A01
201300025482,0,7,0,0.0,2.0,3.0,1.0,B01
201300025482,0,7,0,0.0,2.0,3.0,5.0,A01
201300025483,0,7,0,0.0,2.0,3.0,15.0,A01
201300025483,0,1,0,0.0,2.0,0.0,1.0,B01
201300025484,0,30,0,11.0,0.0,3.0,1.0,A01
201300025485,0,30,0,0.0,0.0,2.0,21.0,A01
201300025486,0,30,0,0.0,2.0,1.0,1.0,A01
201300025486,0,7,0,0.0,2.0,4.0,23.0,B01
201300025487,1,7,0,0.0,2.0,0.0,15.0,A01
201300025487,0,30,0,0.0,2.0,4.0,1.0,B01
201300025488,0,7,0,0.0,2.0,1.0,13.0,A01
201300025488,0,7,0,0.0,2.0,3.0,1.0,B01
201300025489,0,7,0,0.0,2.0,0.0,2.0,B01
201300025489,0,7,0,0.0,2.0,3.0,2.0,A01
201300025490,0,7,0,0.0,2.0,1.0,5.0,A01
201300025490,0,7,0,0.0,2.0,3.0,23.0,B01
201300025491,0,33,0,0.0,0.0,3.0,1.0,A01
201300025492,0,7,0,0.0,2.0,1.0,2.0,B01
201300025492,0,7,0,0.0,1.0,1.0,1.0,A01
201300025493,0,7,0,0.0,2.0,1.0,15.0,A01
201300025493,0,7,0,0.0,2.0,1.0,1.0,B01
201300025494,0,14,0,0.0,1.0,1.0,1.0,A01
201300025495,0,7,0,0.0,1.0,0.0,1.0,A01
201300025496,0,7,0,0.0,1.0,1.0,4.0,A01
201300025497,0,7,0,0.0,2.0,1.0,15.0,A01
201300025497,0,7,0,0.0,2.0,0.0,1.0,B01
201300025498,0,7,0,8.0,0.0,1.0,1.0,A01
201300025499,0,7,0,0.0,2.0,4.0,23.0,E01
201300025499,0,7,0,0.0,2.0,4.0,23.0,B01
201300025499,0,7,0,0.0,2.0,1.0,23.0,C01
201300025499,0,7,0,0.0,2.0,4.0,23.0,D01
201300025499,0,7,0,0.0,2.0,1.0,2.0,A01
201300025500,0,7,0,0.0,1.0,0.0,16.0,A01
201300025501,0,7,0,0.0,2.0,3.0,1.0,B01
201300025501,0,7,0,0.0,2.0,1.0,15.0,A01
201300025502,0,7,0,3.0,0.0,3.0,1.0,A01
201300025503,0,7,0,0.0,2.0,3.0,1.0,B01
201300025503,0,7,0,0.0,2.0,3.0,15.0,A01
201300025504,0,7,0,0.0,2.0,1.0,1.0,B01
201300025504,0,7,0,0.0,2.0,3.0,1.0,A01
201300025505,0,7,0,1.0,2.0,1.0,1.0,A01
201300025506,0,7,0,0.0,2.0,0.0,2.0,B01
201300025506,0,7,0,0.0,2.0,4.0,2.0,A01
201300025507,0,7,0,15.0,0.0,3.0,1.0,A01
201300025508,0,7,0,0.0,0.0,3.0,1.0,A01
201300025509,0,7,0,1.0,1.0,3.0,1.0,A01
201300025510,0,7,0,9.0,0.0,8.0,1.0,A01
201300025511,0,7,0,0.0,2.0,4.0,1.0,B01
201300025511,0,7,0,0.0,2.0,3.0,1.0,A01
201300025512,0,7,0,0.0,2.0,3.0,1.0,A01
201300025512,0,37,10,0.0,2.0,6.0,1.0,B01
201300025513,0,7,0,0.0,0.0,1.0,1.0,A01
201300025514,0,7,0,0.0,1.0,1.0,16.0,A01
201300025515,0,7,0,0.0,2.0,8.0,1.0,B01
201300025515,0,7,0,0.0,2.0,1.0,15.0,A01
201300025516,0,30,0,0.0,0.0,0.0,1.0,A01
201300025517,0,7,0,0.0,2.0,8.0,1.0,B01
201300025517,0,7,0,2.0,2.0,1.0,1.0,A01
201300025518,0,30,0,0.0,2.0,7.0,17.0,B01
201300025518,0,7,0,0.0,2.0,2.0,15.0,A01
201300025519,0,1,0,0.0,2.0,8.0,1.0,A01
201300025519,1,14,0,0.0,2.0,7.0,2.0,Z01
201300025520,0,3,0,0.0,0.0,3.0,5.0,B01
201300025520,0,37,30,0.0,0.0,3.0,5.0,A01
201300025521,0,15,0,0.0,1.0,1.0,2.0,A01
201300025522,0,2,0,0.0,2.0,1.0,18.0,A01
201300025522,0,7,0,0.0,0.0,7.0,15.0,B01
201300025523,0,7,0,0.0,1.0,1.0,1.0,A01
201300025524,0,10,0,0.0,2.0,2.0,17.0,A01
201300025524,0,2,0,0.0,2.0,1.0,1.0,B02
201300025525,0,2,0,0.0,0.0,1.0,2.0,B01
201300025525,0,7,0,0.0,0.0,2.0,15.0,A01
201300025526,0,7,0,0.0,2.0,3.0,15.0,A01
201300025526,0,2,0,0.0,2.0,1.0,1.0,B01
201300025527,0,7,0,0.0,9.0,8.0,15.0,A01
201300025527,0,33,0,0.0,2.0,7.0,17.0,B01
201300025528,0,7,0,0.0,1.0,1.0,2.0,A01
201300025529,0,15,0,0.0,1.0,2.0,5.0,A01
201300025530,0,7,0,13.0,0.0,1.0,0.0,A01
201300025531,0,7,0,0.0,2.0,4.0,1.0,B01
201300025531,0,30,0,0.0,2.0,1.0,1.0,A01
201300025532,0,7,0,0.0,2.0,2.0,12.0,A01
201300025532,0,2,0,0.0,2.0,1.0,1.0,B01
201300025533,0,7,0,0.0,2.0,2.0,15.0,A01
201300025533,0,33,0,0.0,0.0,6.0,15.0,B01
201300025534,0,7,0,15.0,0.0,1.0,2.0,A01
201300025535,0,7,0,0.0,1.0,1.0,2.0,A01
201300025536,0,7,0,0.0,2.0,1.0,1.0,B01
201300025536,0,7,0,0.0,2.0,1.0,5.0,A01
201300025537,0,33,0,,,,,B01
201300025537,0,7,0,,2.0,3.0,15.0,A01
201300025538,0,7,0,0.0,9.0,1.0,17.0,A01
201300025538,0,1,0,0.0,2.0,8.0,15.0,B01
201300025539,0,33,0,12.0,0.0,1.0,1.0,A01
201300025540,0,7,0,0.0,1.0,3.0,1.0,A01
201300025541,0,1,0,0.0,2.0,4.0,0.0,B01
201300025541,0,10,0,0.0,9.0,2.0,1.0,A01
201300025542,0,7,0,0.0,1.0,5.0,1.0,A01
201300025543,0,30,0,0.0,2.0,6.0,2.0,B01
201300025543,0,7,0,0.0,2.0,2.0,16.0,A01
201300025544,0,7,0,0.0,1.0,3.0,1.0,A01
201300025545,0,10,0,0.0,2.0,3.0,23.0,C01
201300025545,0,7,0,0.0,2.0,2.0,19.0,A01
201300025545,0,33,0,0.0,2.0,2.0,15.0,B01
201300025546,1,1,0,,,,,A01
201300025546,2,14,0,,,,,B02
201300025547,0,7,0,0.0,1.0,3.0,15.0,A01
201300025548,0,7,0,0.0,1.0,1.0,15.0,A01
201300025549,0,7,0,0.0,1.0,2.0,0.0,A01
201300025550,0,7,0,0.0,1.0,8.0,1.0,A01
201300025551,0,7,0,0.0,2.0,1.0,2.0,A01
201300025551,0,1,0,0.0,2.0,4.0,2.0,B01
201300025552,0,7,0,0.0,1.0,1.0,1.0,A01
201300025553,0,7,0,2.0,0.0,2.0,1.0,A01
201300025554,0,7,0,0.0,2.0,3.0,1.0,A01
201300025554,0,7,0,0.0,2.0,1.0,1.0,B01
201300025555,0,7,0,0.0,2.0,8.0,1.0,A01
201300025555,0,1,0,0.0,2.0,1.0,9.0,B01
201300025556,1,7,0,0.0,1.0,5.0,14.0,A01
201300025557,0,3,0,0.0,0.0,0.0,14.0,A01
201300025558,0,7,0,0.0,2.0,4.0,1.0,B01
201300025558,0,7,0,0.0,2.0,1.0,1.0,A01
201300025559,0,7,0,0.0,2.0,8.0,9.0,A01
201300025559,0,1,0,0.0,2.0,1.0,0.0,B01
201300025560,0,1,0,0.0,2.0,8.0,1.0,B01
201300025560,0,7,0,0.0,2.0,3.0,9.0,A01
201300025561,0,7,0,0.0,2.0,6.0,1.0,C01
201300025561,0,7,0,0.0,2.0,9.0,17.0,A01
201300025561,0,7,0,0.0,2.0,2.0,1.0,B01
201300025562,0,7,0,0.0,1.0,1.0,1.0,A01
201300025563,0,7,0,0.0,0.0,0.0,14.0,A01
201300025564,0,7,0,0.0,0.0,0.0,1.0,A01
201300025565,0,31,0,0.0,0.0,0.0,14.0,A01
201300025566,0,7,0,0.0,1.0,1.0,1.0,A01
201300025567,0,7,0,0.0,0.0,4.0,1.0,B01
201300025567,0,7,0,0.0,0.0,4.0,23.0,C01
201300025567,0,7,0,0.0,0.0,1.0,1.0,A01
201300025568,1,7,0,0.0,1.0,0.0,0.0,A01
201300025569,0,7,0,6.0,0.0,1.0,1.0,A01
201300025570,0,7,0,15.0,0.0,1.0,1.0,A01
201300025571,0,7,0,0.0,2.0,2.0,9.0,B01
201300025571,0,36,0,0.0,2.0,4.0,1.0,A01
201300025572,0,33,0,0.0,2.0,1.0,1.0,B01
201300025572,0,7,0,0.0,0.0,7.0,19.0,A01
201300025573,0,7,0,0.0,2.0,3.0,22.0,A01
201300025573,0,1,0,0.0,0.0,1.0,1.0,B01
201300025574,0,7,0,0.0,0.0,1.0,1.0,A01
201300025574,0,7,0,0.0,0.0,4.0,1.0,B01
201300025575,0,7,0,0.0,2.0,8.0,1.0,B01
201300025575,0,7,0,0.0,2.0,1.0,15.0,A01
201300025576,0,33,0,0.0,0.0,0.0,14.0,A01
201300025577,0,7,0,0.0,1.0,7.0,16.0,A01
201300025578,0,7,0,0.0,2.0,3.0,6.0,A01
201300025578,0,7,0,0.0,2.0,1.0,1.0,B01
201300025579,0,33,0,0.0,2.0,8.0,21.0,B01
201300025579,0,7,0,0.0,2.0,3.0,19.0,A01
201300025580,0,7,0,0.0,1.0,4.0,1.0,A01
201300025581,0,7,0,0.0,2.0,6.0,15.0,B01
201300025581,0,7,0,0.0,2.0,1.0,19.0,A01
201300025582,0,2,0,0.0,2.0,1.0,1.0,A01
201300025582,0,7,0,0.0,2.0,4.0,1.0,B01
201300025583,0,7,0,0.0,1.0,1.0,1.0,A01
201300025584,0,7,0,0.0,2.0,4.0,1.0,B01
201300025584,0,30,0,0.0,2.0,1.0,1.0,A01
201300025585,0,30,0,0.0,2.0,8.0,9.0,A01
201300025585,0,7,0,0.0,0.0,2.0,1.0,B01
201300025586,0,7,0,0.0,2.0,4.0,1.0,B01
201300025586,0,7,0,0.0,2.0,1.0,1.0,A01
201300025587,0,7,0,0.0,2.0,4.0,2.0,B01
201300025587,0,32,0,0.0,2.0,1.0,2.0,A01
201300025588,0,7,0,0.0,0.0,1.0,0.0,A01
201300025589,0,7,0,0.0,2.0,8.0,21.0,A01
201300025589,0,30,0,0.0,2.0,1.0,17.0,B01
201300025590,0,2,0,0.0,1.0,1.0,1.0,A01
201300025591,0,31,0,0.0,2.0,7.0,15.0,A01
201300025591,0,33,0,0.0,2.0,1.0,1.0,B01
201300025592,0,14,0,0.0,1.0,3.0,1.0,A01
201300025593,0,7,0,0.0,2.0,1.0,1.0,A01
201300025593,0,7,0,0.0,2.0,4.0,1.0,B01
201300025594,0,7,0,0.0,2.0,3.0,9.0,A01
201300025594,0,1,0,0.0,2.0,5.0,1.0,B01
201300025595,0,7,0,1.0,0.0,1.0,1.0,A01
201300025596,0,7,0,0.0,0.0,1.0,1.0,A01
201300025597,0,7,0,0.0,2.0,1.0,1.0,A01
201300025597,0,1,0,0.0,2.0,4.0,1.0,B01
201300025598,0,7,0,0.0,1.0,0.0,1.0,A01
201300025599,0,33,0,6.0,1.0,1.0,1.0,A01
201300025600,0,33,0,0.0,1.0,0.0,0.0,A01
201300025601,0,7,0,0.0,0.0,0.0,14.0,A01
201300025602,0,7,0,0.0,2.0,8.0,9.0,A01
201300025602,0,31,0,0.0,2.0,1.0,1.0,B01
201300025603,0,7,0,0.0,2.0,8.0,15.0,A01
201300025603,0,30,0,0.0,2.0,1.0,1.0,B01
201300025604,0,14,0,0.0,0.0,3.0,1.0,A01
201300025605,0,7,0,0.0,1.0,3.0,1.0,A01
201300025606,0,7,0,0.0,1.0,1.0,1.0,A01
201300025607,1,7,0,0.0,1.0,1.0,1.0,Z01
201300025608,0,7,0,0.0,1.0,5.0,1.0,A01
201300025609,0,7,0,0.0,1.0,2.0,1.0,A01
201300025610,0,7,0,0.0,0.0,0.0,14.0,A01
201300025611,1,7,0,0.0,2.0,1.0,2.0,A01
201300025611,0,7,0,0.0,2.0,4.0,1.0,B01
201300025612,0,1,0,0.0,2.0,1.0,1.0,B01
201300025612,0,7,0,0.0,2.0,3.0,16.0,A01
201300025613,0,7,0,0.0,2.0,2.0,17.0,B01
201300025613,0,7,0,0.0,2.0,8.0,20.0,A01
201300025614,0,7,0,0.0,1.0,2.0,1.0,A01
201300025615,0,7,0,0.0,0.0,1.0,1.0,A01
201300025615,0,7,0,0.0,0.0,4.0,1.0,B01
201300025616,0,30,0,1.0,0.0,1.0,1.0,A01
201300025617,0,10,0,0.0,2.0,5.0,17.0,A01
201300025617,0,2,0,0.0,2.0,3.0,1.0,B01
201300025618,0,7,0,0.0,0.0,3.0,13.0,A01
201300025618,0,7,0,0.0,0.0,8.0,1.0,B01
201300025619,0,7,0,0.0,2.0,8.0,15.0,B01
201300025619,0,1,0,0.0,2.0,1.0,1.0,A01
201300025620,0,7,0,0.0,2.0,8.0,20.0,A01
201300025620,0,7,0,0.0,0.0,7.0,1.0,B01
201300025621,0,7,0,0.0,0.0,1.0,15.0,A01
201300025621,0,7,0,0.0,0.0,8.0,1.0,B01
201300025622,0,7,0,0.0,1.0,1.0,1.0,A01
201300025623,0,7,0,0.0,2.0,2.0,15.0,A01
201300025623,0,7,0,0.0,2.0,3.0,1.0,B01
201300025624,0,7,0,0.0,1.0,2.0,20.0,A01
201300025625,0,34,0,0.0,2.0,1.0,1.0,B01
201300025625,0,7,0,0.0,2.0,3.0,10.0,A01
201300025626,0,30,0,0.0,2.0,0.0,1.0,A01
201300025627,0,7,0,0.0,1.0,1.0,1.0,A01
201300025628,0,30,0,0.0,0.0,0.0,1.0,A01
201300025629,0,33,0,0.0,0.0,0.0,1.0,A01
201300025630,0,3,0,1.0,0.0,0.0,0.0,A01
201300025631,0,7,0,0.0,0.0,1.0,1.0,A01
201300025631,0,7,0,0.0,0.0,4.0,1.0,B01
201300025632,0,7,0,0.0,2.0,1.0,1.0,A01
201300025632,0,7,0,0.0,2.0,4.0,1.0,B01
201300025633,0,7,0,13.0,0.0,7.0,1.0,A01
201300025634,0,10,0,0.0,2.0,1.0,1.0,A01
201300025634,0,7,0,0.0,2.0,4.0,1.0,B01
201300025635,0,7,0,0.0,0.0,1.0,1.0,A01
201300025636,0,7,0,0.0,1.0,2.0,1.0,A01
201300025637,0,33,0,8.0,2.0,1.0,1.0,B01
201300025637,0,7,0,0.0,2.0,2.0,20.0,A01
201300025638,0,7,0,0.0,2.0,1.0,1.0,A01
201300025638,0,7,0,0.0,2.0,4.0,1.0,B01
201300025639,0,30,0,0.0,0.0,0.0,9.0,A01
201300025640,0,7,0,0.0,0.0,9.0,1.0,A01
201300025641,0,30,0,0.0,0.0,0.0,14.0,A01
201300025642,0,7,0,0.0,2.0,1.0,1.0,A01
201300025642,0,7,0,0.0,2.0,2.0,1.0,B01
201300025643,0,1,0,0.0,0.0,4.0,1.0,B01
201300025643,0,7,0,0.0,0.0,1.0,16.0,A01
201300025644,0,7,0,0.0,2.0,1.0,1.0,A01
201300025644,0,7,0,0.0,2.0,4.0,1.0,B01
201300025645,0,32,0,0.0,0.0,0.0,14.0,A01
201300025646,0,7,0,0.0,0.0,1.0,1.0,B01
201300025646,0,7,0,0.0,0.0,3.0,9.0,A01
201300025647,0,16,0,0.0,0.0,0.0,0.0,A01
201300025648,0,1,0,0.0,0.0,0.0,0.0,A01
201300025649,0,30,0,0.0,0.0,0.0,0.0,A01
201300025650,0,7,0,0.0,1.0,0.0,1.0,A01
201300025651,0,7,0,4.0,0.0,1.0,14.0,A01
201300025652,0,30,0,16.0,0.0,0.0,0.0,A01
201300025653,0,7,0,0.0,2.0,7.0,23.0,B01
201300025653,0,1,0,0.0,2.0,1.0,19.0,A01
201300025654,0,7,0,0.0,0.0,3.0,1.0,A01
201300025655,0,3,0,0.0,2.0,8.0,20.0,A01
201300025655,0,30,0,0.0,2.0,1.0,17.0,B01
201300025656,0,2,0,0.0,2.0,1.0,1.0,A01
201300025656,0,7,0,0.0,0.0,8.0,0.0,C01
201300025656,0,7,0,0.0,0.0,7.0,16.0,B01
201300025657,0,7,0,0.0,2.0,2.0,15.0,A01
201300025657,0,7,0,0.0,2.0,1.0,1.0,B01
201300025658,0,7,0,0.0,0.0,3.0,1.0,B01
201300025658,0,7,0,0.0,0.0,2.0,19.0,A01
201300025659,0,7,0,0.0,2.0,3.0,9.0,A01
201300025659,0,13,0,0.0,2.0,1.0,1.0,B01
201300025660,0,7,0,0.0,6.0,0.0,1.0,A01
201300025661,0,7,0,0.0,2.0,1.0,1.0,A01
201300025661,0,7,0,0.0,2.0,4.0,1.0,B01
201300025662,0,7,0,0.0,2.0,1.0,1.0,A01
201300025662,0,7,0,0.0,2.0,4.0,1.0,B01
201300025662,0,7,0,0.0,2.0,4.0,1.0,C01
201300025663,0,10,0,0.0,1.0,1.0,1.0,A01