Num_Acc,senc,catv,occutc,obs,obsm,choc,manv,num_veh
201300025664,0,10,0,0.0,0.0,1.0,1.0,A01
201300025664,0,7,0,0.0,0.0,3.0,1.0,B01
201300025665,0,7,0,1.0,1.0,4.0,4.0,A01
201300025665,0,7,0,0.0,2.0,5.0,23.0,B01
201300025666,0,7,0,0.0,0.0,8.0,20.0,A01
201300025666,0,2,0,0.0,0.0,1.0,1.0,B01
201300025667,0,7,0,0.0,1.0,3.0,1.0,A01
201300025668,0,7,0,0.0,2.0,4.0,2.0,B01
201300025668,0,13,0,0.0,0.0,1.0,2.0,A01
201300025669,0,7,0,0.0,2.0,1.0,1.0,A01
201300025669,0,7,0,0.0,2.0,4.0,23.0,B01
201300025670,0,7,0,1.0,0.0,1.0,1.0,A01
201300025671,0,33,0,0.0,0.0,0.0,23.0,A01
201300025672,0,7,0,0.0,0.0,1.0,1.0,A01
201300025673,0,7,0,8.0,0.0,1.0,14.0,A01
201300025674,0,7,0,2.0,0.0,1.0,14.0,A01
201300025675,0,2,0,0.0,0.0,1.0,1.0,A01
201300025675,0,7,0,0.0,0.0,1.0,1.0,B01
201300025676,0,7,0,0.0,2.0,2.0,15.0,A01
201300025676,0,7,0,0.0,2.0,1.0,1.0,B01
201300025677,0,7,0,0.0,2.0,1.0,13.0,A01
201300025677,0,7,0,0.0,2.0,1.0,1.0,B01
201300025678,0,7,0,0.0,0.0,4.0,1.0,C01
201300025678,0,7,0,0.0,0.0,1.0,1.0,A01
201300025678,0,7,0,0.0,0.0,4.0,1.0,B01
201300025679,0,7,0,0.0,2.0,1.0,1.0,A01
201300025679,0,7,0,0.0,2.0,4.0,1.0,B01
201300025680,0,7,0,0.0,1.0,1.0,16.0,A01
201300025681,0,7,0,0.0,2.0,4.0,1.0,C01
201300025681,0,7,0,0.0,2.0,1.0,1.0,A01
201300025681,0,7,0,0.0,2.0,4.0,1.0,B01
201300025682,0,7,0,11.0,0.0,1.0,13.0,A01
201300025683,0,7,0,0.0,2.0,1.0,1.0,A01
201300025683,0,7,0,0.0,2.0,4.0,1.0,B01
201300025684,0,2,0,0.0,0.0,0.0,1.0,A01
201300025685,0,7,0,0.0,1.0,3.0,15.0,A01
201300025686,0,7,0,0.0,2.0,1.0,1.0,A01
201300025686,0,7,0,0.0,2.0,4.0,1.0,B01
201300025687,0,7,0,0.0,0.0,8.0,1.0,B01
201300025687,0,7,0,0.0,0.0,1.0,1.0,C01
201300025687,0,7,0,0.0,0.0,1.0,13.0,A01
201300025688,0,15,0,0.0,0.0,0.0,1.0,A01
201300025689,0,7,0,8.0,0.0,1.0,14.0,A01
201300025690,0,10,0,0.0,0.0,8.0,4.0,A01
201300025690,0,30,0,0.0,2.0,1.0,1.0,B01
201300025691,0,7,0,0.0,2.0,7.0,1.0,A01
201300025691,0,7,0,0.0,2.0,1.0,1.0,B01
201300025692,0,7,0,0.0,2.0,2.0,1.0,A01
201300025692,0,32,0,0.0,2.0,1.0,1.0,B01
201300025693,0,7,0,0.0,1.0,1.0,1.0,A01
201300025694,0,32,0,0.0,0.0,7.0,1.0,A01
201300025695,0,33,0,0.0,2.0,1.0,1.0,B01
201300025695,0,7,0,0.0,2.0,7.0,20.0,A01
201300025695,0,7,0,0.0,2.0,4.0,24.0,C01
201300025696,0,33,0,0.0,2.0,1.0,17.0,B01
201300025696,0,7,0,0.0,2.0,2.0,15.0,A01
201300025697,0,7,0,0.0,1.0,1.0,1.0,A01
201300025698,0,7,0,8.0,0.0,8.0,1.0,A01
201300025699,0,7,0,0.0,2.0,1.0,2.0,B01
201300025699,0,10,0,0.0,2.0,3.0,1.0,A01
201300025700,0,7,0,0.0,2.0,5.0,23.0,B01
201300025700,0,7,0,0.0,2.0,1.0,2.0,A01
201300025700,0,7,0,0.0,2.0,4.0,23.0,C01
201300025700,0,7,0,0.0,2.0,6.0,23.0,D01
201300025701,0,33,0,0.0,0.0,4.0,23.0,B01
201300025701,0,7,0,0.0,2.0,3.0,2.0,A01
201300025702,0,7,0,0.0,2.0,6.0,1.0,B01
201300025702,0,7,0,0.0,2.0,1.0,1.0,C01
201300025702,0,7,0,0.0,2.0,8.0,1.0,D01
201300025702,0,7,0,0.0,2.0,3.0,13.0,A01
201300025703,0,7,0,0.0,2.0,6.0,9.0,A01
201300025703,0,33,0,0.0,2.0,1.0,9.0,B01
201300025704,0,7,0,0.0,2.0,6.0,16.0,A01
201300025704,0,30,0,0.0,2.0,1.0,1.0,B01
201300025705,0,7,0,0.0,2.0,7.0,1.0,B01
201300025705,0,37,15,0.0,2.0,3.0,9.0,A01
201300025706,0,7,0,0.0,1.0,2.0,1.0,A01
201300025707,0,7,0,0.0,2.0,1.0,2.0,A01
201300025707,0,7,0,0.0,2.0,4.0,2.0,B01
201300025708,0,7,0,0.0,1.0,1.0,1.0,A01
201300025709,0,10,0,0.0,2.0,8.0,15.0,B01
201300025709,0,7,0,0.0,2.0,2.0,15.0,A01
201300025710,0,7,0,0.0,2.0,1.0,2.0,A01
201300025710,0,7,0,0.0,2.0,4.0,2.0,B01
201300025711,0,7,0,0.0,2.0,1.0,1.0,A01
201300025711,0,30,0,0.0,2.0,7.0,1.0,B01
201300025712,0,7,0,0.0,2.0,8.0,15.0,A01
201300025712,0,30,0,0.0,2.0,1.0,17.0,B01
201300025713,0,32,0,0.0,2.0,1.0,1.0,B01
201300025713,0,7,0,0.0,2.0,8.0,15.0,A01
201300025714,0,7,0,0.0,2.0,8.0,2.0,B01
201300025714,0,31,0,0.0,2.0,1.0,1.0,A01
201300025715,0,7,0,0.0,1.0,4.0,4.0,A01
201300025716,0,10,0,0.0,2.0,1.0,1.0,B01
201300025716,0,7,0,0.0,2.0,6.0,24.0,C01
201300025716,0,7,0,0.0,2.0,2.0,1.0,A01
201300025717,0,2,0,1.0,0.0,1.0,14.0,A01
201300025718,0,7,0,1.0,0.0,2.0,1.0,A01
201300025719,0,33,0,0.0,0.0,1.0,2.0,A01
201300025720,0,1,0,0.0,2.0,1.0,1.0,A01
201300025720,0,7,0,0.0,0.0,4.0,1.0,B01
201300025721,0,7,0,0.0,2.0,2.0,9.0,A01
201300025721,0,7,0,0.0,0.0,2.0,1.0,C01
201300025721,0,2,0,0.0,2.0,2.0,1.0,B01
201300025722,0,10,0,0.0,2.0,3.0,1.0,B01
201300025722,0,7,0,0.0,2.0,2.0,1.0,A01
201300025723,0,7,0,0.0,2.0,3.0,1.0,B01
201300025723,0,7,0,0.0,2.0,2.0,1.0,A01
201300025724,0,7,0,0.0,2.0,4.0,1.0,B01
201300025724,0,7,0,0.0,2.0,1.0,1.0,A01
201300025725,0,7,0,0.0,2.0,4.0,1.0,B01
201300025725,0,10,0,0.0,2.0,4.0,1.0,C01
201300025725,0,10,0,0.0,2.0,1.0,1.0,A01
201300025726,0,7,0,0.0,2.0,3.0,13.0,A01
201300025726,0,7,0,0.0,2.0,3.0,1.0,B01
201300025727,0,7,0,0.0,2.0,1.0,1.0,A01
201300025727,0,7,0,0.0,2.0,4.0,1.0,C01
201300025727,0,32,0,0.0,2.0,4.0,1.0,B01
201300025728,0,2,0,0.0,2.0,5.0,1.0,A01
201300025728,0,7,0,0.0,2.0,3.0,1.0,B01
201300025729,0,1,0,0.0,2.0,7.0,1.0,B01
201300025729,0,7,0,0.0,2.0,8.0,14.0,A01
201300025730,0,32,0,0.0,0.0,2.0,1.0,A01
201300025731,0,33,0,0.0,0.0,0.0,1.0,A01
201300025732,0,7,0,0.0,1.0,3.0,1.0,A01
201300025733,0,7,0,0.0,2.0,4.0,1.0,B01
201300025733,0,30,0,0.0,2.0,1.0,1.0,A01
201300025734,0,7,0,14.0,0.0,1.0,0.0,A01
201300025735,0,10,0,0.0,1.0,4.0,4.0,A01
201300025736,0,1,0,0.0,2.0,0.0,2.0,B01
201300025736,0,14,0,0.0,2.0,7.0,16.0,A01
201300025737,0,7,0,0.0,2.0,1.0,1.0,A01
201300025737,0,7,0,0.0,2.0,3.0,1.0,B01
201300025738,0,1,0,0.0,2.0,2.0,1.0,A01
201300025738,0,7,0,0.0,2.0,3.0,15.0,B01
201300025739,0,17,0,0.0,2.0,4.0,23.0,B01
201300025739,0,1,0,0.0,2.0,1.0,1.0,A01
201300025740,0,7,0,0.0,1.0,3.0,1.0,A01
201300025741,0,7,0,0.0,1.0,3.0,4.0,A01
201300025742,0,3,0,8.0,0.0,1.0,0.0,A01
201300025743,0,1,0,0.0,1.0,1.0,16.0,A01
201300025744,0,7,0,0.0,2.0,4.0,23.0,C01
201300025744,0,7,0,0.0,2.0,1.0,23.0,B01
201300025744,0,7,0,0.0,2.0,1.0,1.0,A01
201300025745,0,1,0,0.0,2.0,1.0,1.0,A01
201300025745,0,7,0,0.0,2.0,5.0,1.0,B01
201300025746,0,7,0,0.0,1.0,8.0,1.0,A01
201300025747,0,10,0,0.0,2.0,8.0,1.0,B01
201300025747,0,15,0,0.0,2.0,1.0,1.0,A01
201300025748,0,2,0,0.0,0.0,7.0,1.0,A01
201300025749,0,7,0,0.0,2.0,8.0,2.0,B01
201300025749,0,7,0,0.0,2.0,3.0,15.0,A01
201300025750,0,2,0,0.0,2.0,1.0,1.0,B01
201300025750,0,7,0,0.0,2.0,7.0,19.0,A01
201300025751,0,7,0,0.0,2.0,7.0,23.0,C01
201300025751,0,7,0,0.0,2.0,4.0,23.0,B01
201300025751,0,7,0,1.0,0.0,1.0,21.0,A01
201300025752,0,1,0,0.0,2.0,6.0,13.0,A01
201300025752,0,33,0,0.0,2.0,2.0,2.0,B01
201300025753,0,7,0,0.0,1.0,5.0,4.0,A01
201300025754,0,1,0,0.0,2.0,1.0,1.0,B01
201300025754,0,7,0,0.0,2.0,2.0,15.0,A01
201300025755,0,32,0,0.0,2.0,2.0,2.0,B01
201300025755,1,30,0,0.0,2.0,3.0,9.0,A01
201300025756,0,1,0,0.0,0.0,0.0,2.0,A01
201300025757,0,7,0,0.0,1.0,3.0,2.0,A01
201300025758,0,7,0,3.0,0.0,3.0,21.0,A01
201300025759,0,7,0,0.0,2.0,3.0,2.0,B01
201300025759,0,30,0,0.0,2.0,2.0,16.0,A01
201300025760,0,7,0,0.0,2.0,1.0,2.0,B01
201300025760,0,7,0,0.0,2.0,7.0,15.0,A01
201300025761,0,7,0,0.0,2.0,6.0,23.0,B01
201300025761,0,7,0,0.0,2.0,2.0,14.0,A01
201300025762,0,7,0,0.0,1.0,4.0,4.0,A01
201300025763,0,7,0,0.0,2.0,2.0,15.0,A01
201300025763,0,7,0,0.0,2.0,3.0,2.0,B01
201300025764,0,10,0,0.0,2.0,1.0,2.0,A01
201300025764,0,7,0,0.0,2.0,4.0,2.0,B01
201300025764,0,7,0,0.0,2.0,4.0,2.0,C01
201300025765,0,10,0,0.0,1.0,4.0,4.0,A01
201300025766,0,7,0,0.0,1.0,7.0,1.0,A01
201300025767,0,7,0,0.0,2.0,1.0,23.0,B01
201300025767,0,7,0,0.0,2.0,4.0,23.0,C01
201300025767,0,7,0,0.0,2.0,1.0,2.0,A01
201300025768,0,1,0,0.0,2.0,1.0,1.0,A01
201300025768,0,10,0,0.0,2.0,8.0,15.0,B01
201300025769,0,30,0,0.0,0.0,8.0,1.0,A01
201300025770,0,7,0,0.0,2.0,2.0,15.0,A01
201300025770,0,7,0,0.0,2.0,3.0,1.0,B01
201300025771,0,7,0,0.0,2.0,4.0,23.0,B01
201300025771,0,7,0,0.0,2.0,1.0,1.0,A01
201300025771,0,7,0,0.0,2.0,4.0,23.0,C01
201300025772,0,7,0,0.0,2.0,1.0,1.0,A01
201300025772,0,7,0,0.0,2.0,4.0,23.0,D01
201300025772,0,7,0,0.0,2.0,4.0,23.0,C01
201300025772,0,7,0,0.0,2.0,1.0,1.0,B01
201300025773,0,7,0,0.0,2.0,3.0,9.0,A01
201300025773,0,1,0,0.0,2.0,1.0,15.0,B01
201300025774,0,1,0,0.0,1.0,1.0,15.0,A01
201300025775,1,7,0,0.0,1.0,0.0,0.0,A01
201300025776,0,7,0,3.0,0.0,2.0,14.0,A01
201300025777,0,33,0,15.0,0.0,8.0,21.0,A01
201300025778,0,30,0,0.0,0.0,8.0,1.0,A01
201300025779,0,30,0,5.0,0.0,8.0,19.0,A01
201300025780,0,7,0,1.0,0.0,3.0,13.0,A01
201300025781,0,31,0,12.0,0.0,7.0,1.0,A01
201300025782,0,17,0,0.0,0.0,7.0,15.0,A01
201300025783,0,7,0,0.0,2.0,5.0,17.0,A01
201300025783,0,7,0,0.0,2.0,8.0,1.0,B01
201300025784,0,10,0,14.0,0.0,1.0,1.0,A01
201300025785,0,7,0,0.0,2.0,1.0,1.0,B01
201300025785,0,7,0,0.0,2.0,2.0,15.0,A01
201300025786,0,30,0,0.0,0.0,0.0,1.0,A01
201300025787,0,7,0,8.0,0.0,1.0,15.0,A01
201300025788,0,7,0,1.0,0.0,2.0,1.0,A01
201300025789,0,31,0,1.0,0.0,1.0,1.0,A01
201300025790,0,30,0,0.0,0.0,8.0,1.0,A01
201300025791,0,33,0,0.0,2.0,1.0,0.0,B01
201300025791,0,7,0,0.0,2.0,3.0,9.0,A01
201300025792,0,7,0,0.0,2.0,1.0,1.0,B01
201300025792,0,10,0,0.0,2.0,8.0,1.0,A01
201300025793,0,2,0,12.0,0.0,7.0,1.0,A01
201300025794,0,7,0,0.0,2.0,7.0,21.0,B01
201300025794,0,7,0,0.0,2.0,2.0,13.0,A01
201300025795,0,1,0,1.0,2.0,2.0,0.0,A01
201300025795,1,3,0,0.0,9.0,0.0,0.0,B01
201300025796,0,7,0,0.0,2.0,1.0,1.0,B01
201300025796,0,1,0,0.0,2.0,7.0,1.0,A01
201300025797,0,1,0,0.0,2.0,8.0,19.0,A01
201300025797,0,33,0,0.0,2.0,5.0,1.0,C01
201300025797,1,7,0,0.0,2.0,1.0,1.0,B01
201300025798,2,7,0,0.0,1.0,4.0,4.0,A01
201300025799,0,33,0,6.0,0.0,1.0,13.0,A01
201300025800,0,7,0,1.0,0.0,1.0,13.0,A01
201300025801,0,1,0,0.0,1.0,0.0,1.0,A01
201300025802,0,2,0,0.0,0.0,7.0,1.0,A01
201300025803,0,7,0,0.0,2.0,1.0,1.0,B01
201300025803,0,7,0,0.0,2.0,7.0,15.0,A01
201300025804,0,30,0,0.0,2.0,4.0,1.0,A01
201300025804,0,10,0,0.0,0.0,4.0,1.0,B01
201300025805,0,7,0,0.0,2.0,4.0,1.0,A01
201300025805,0,30,0,0.0,0.0,0.0,10.0,B01
201300025806,0,7,0,0.0,0.0,0.0,0.0,A01
201300025807,0,33,0,0.0,0.0,0.0,0.0,A01
201300025808,0,7,0,0.0,1.0,0.0,0.0,A01
201300025809,0,7,0,0.0,2.0,3.0,0.0,B01
201300025809,0,30,0,0.0,2.0,3.0,0.0,A01
201300025810,0,10,0,0.0,2.0,4.0,1.0,B01
201300025810,0,10,0,0.0,2.0,4.0,1.0,A01
201300025811,0,10,0,0.0,2.0,3.0,0.0,B01
201300025811,1,7,0,0.0,0.0,0.0,0.0,A01
201300025812,0,7,0,0.0,2.0,1.0,1.0,A01
201300025812,0,7,0,0.0,2.0,7.0,19.0,B01
201300025813,0,7,0,0.0,2.0,1.0,2.0,B01
201300025813,0,1,0,0.0,2.0,7.0,19.0,A01
201300025814,0,7,0,0.0,1.0,7.0,1.0,A01
201300025815,0,7,0,0.0,2.0,4.0,23.0,B01
201300025815,0,7,0,0.0,2.0,4.0,23.0,C01
201300025815,0,37,1,0.0,2.0,3.0,2.0,A01
201300025816,0,7,0,0.0,2.0,1.0,9.0,A01
201300025816,0,1,0,0.0,2.0,7.0,1.0,B01
201300025817,0,1,0,0.0,2.0,1.0,13.0,B01
201300025817,0,10,0,0.0,2.0,6.0,4.0,A01
201300025818,0,7,0,0.0,2.0,2.0,1.0,B01
201300025818,0,7,0,0.0,2.0,8.0,1.0,A01
201300025819,0,1,0,0.0,2.0,1.0,15.0,A01
201300025819,0,7,0,0.0,2.0,8.0,1.0,B01
201300025820,0,7,0,0.0,0.0,1.0,2.0,B01
201300025820,0,7,0,0.0,2.0,3.0,9.0,A01
201300025821,0,7,0,0.0,2.0,3.0,1.0,A01
201300025821,0,1,0,0.0,0.0,3.0,1.0,B01
201300025822,0,7,0,0.0,2.0,0.0,9.0,A01
201300025822,0,32,0,0.0,2.0,8.0,21.0,B01
201300025823,0,7,0,0.0,1.0,1.0,9.0,A01
201300025824,0,33,0,0.0,0.0,8.0,16.0,A01
201300025825,0,7,0,0.0,2.0,3.0,9.0,A01
201300025825,0,1,0,0.0,2.0,7.0,15.0,B01
201300025826,0,30,0,0.0,2.0,1.0,1.0,B01
201300025826,0,7,0,0.0,2.0,2.0,15.0,A01
201300025827,0,10,0,0.0,2.0,3.0,2.0,A01
201300025827,0,7,0,0.0,2.0,5.0,1.0,B01
201300025828,0,7,0,0.0,2.0,4.0,23.0,C01
201300025828,0,7,0,0.0,2.0,4.0,23.0,B01
201300025828,0,7,0,0.0,2.0,4.0,23.0,D01
201300025828,0,7,0,0.0,2.0,1.0,15.0,A01
201300025829,0,7,0,0.0,2.0,3.0,23.0,B01
201300025829,0,30,0,0.0,2.0,1.0,21.0,A01
201300025830,0,30,0,0.0,0.0,8.0,16.0,A01
201300025831,0,7,0,0.0,2.0,3.0,1.0,A01
201300025831,0,1,0,0.0,2.0,8.0,1.0,B01
201300025832,0,1,0,0.0,2.0,7.0,19.0,A01
201300025832,0,7,0,0.0,2.0,1.0,1.0,B01
201300025833,0,7,0,0.0,1.0,8.0,1.0,A01
201300025834,0,7,0,0.0,1.0,7.0,1.0,A01
201300025835,0,2,0,0.0,0.0,8.0,13.0,A01
201300025835,0,7,0,0.0,9.0,3.0,21.0,B01
201300025836,0,7,0,0.0,2.0,4.0,1.0,A01
201300025836,0,7,0,0.0,0.0,0.0,1.0,B01
201300025837,0,2,0,0.0,2.0,1.0,1.0,B01
201300025837,0,7,0,0.0,2.0,3.0,15.0,A01
201300025838,0,7,0,0.0,2.0,4.0,2.0,D01
201300025838,0,7,0,0.0,2.0,4.0,2.0,B01
201300025838,0,7,0,0.0,2.0,1.0,2.0,A01
201300025838,0,7,0,0.0,2.0,4.0,2.0,C01
201300025839,0,7,0,0.0,2.0,1.0,15.0,B01
201300025839,0,7,0,0.0,2.0,3.0,17.0,A01
201300025840,0,7,0,0.0,0.0,5.0,1.0,B01
201300025840,0,7,0,0.0,2.0,3.0,9.0,A01
201300025841,0,7,0,0.0,2.0,2.0,1.0,A01
201300025841,0,7,0,0.0,2.0,3.0,15.0,B01
201300025842,0,1,0,0.0,1.0,1.0,1.0,A01
201300025843,0,17,0,0.0,2.0,2.0,1.0,B01
201300025843,0,7,0,0.0,2.0,4.0,3.0,A01
201300025844,0,7,0,1.0,0.0,1.0,1.0,A01
201300025844,0,7,0,0.0,2.0,6.0,24.0,B01
201300025845,0,7,0,0.0,2.0,1.0,16.0,A01
201300025845,0,7,0,0.0,2.0,3.0,1.0,B01
201300025846,0,7,0,0.0,2.0,1.0,1.0,C01
201300025846,0,7,0,0.0,2.0,4.0,1.0,B01
201300025846,0,7,0,0.0,2.0,6.0,15.0,A01
201300025847,0,30,0,0.0,0.0,7.0,1.0,A01
201300025848,0,32,0,0.0,2.0,1.0,1.0,A01
201300025848,0,7,0,0.0,2.0,4.0,1.0,B01
201300025849,0,7,0,0.0,2.0,7.0,16.0,A01
201300025849,0,15,0,0.0,2.0,3.0,1.0,B01
201300025850,0,7,0,0.0,2.0,2.0,1.0,A01
201300025850,0,7,0,0.0,2.0,3.0,1.0,B01
201300025851,0,7,0,12.0,0.0,8.0,1.0,A01
201300025852,0,7,0,0.0,2.0,4.0,1.0,B01
201300025852,0,10,0,0.0,2.0,2.0,1.0,A01
201300025853,0,7,0,0.0,2.0,7.0,1.0,B01
201300025853,0,7,0,0.0,2.0,1.0,1.0,A01
201300025854,0,2,0,0.0,2.0,1.0,1.0,A01
201300025854,0,7,0,0.0,2.0,3.0,1.0,B01
201300025855,0,7,0,0.0,2.0,1.0,1.0,B01
201300025855,0,7,0,0.0,2.0,8.0,9.0,A01
201300025856,0,7,0,0.0,2.0,1.0,2.0,A01
201300025856,0,2,0,0.0,2.0,4.0,2.0,B01
201300025856,0,7,0,0.0,2.0,4.0,2.0,C01
201300025857,0,7,0,0.0,2.0,8.0,22.0,A01
201300025857,0,30,0,1.0,0.0,1.0,1.0,B01
201300025858,0,1,0,0.0,1.0,1.0,1.0,A01
201300025859,0,2,0,0.0,2.0,1.0,1.0,A01
201300025859,0,7,0,0.0,2.0,1.0,1.0,B01
201300025860,0,7,0,0.0,2.0,1.0,1.0,A01
201300025860,0,7,0,0.0,2.0,4.0,1.0,B01
201300025861,0,37,1,0.0,2.0,6.0,1.0,B01
201300025861,0,2,0,0.0,2.0,1.0,1.0,A01
201300025862,0,7,0,0.0,2.0,0.0,23.0,A01
201300025862,0,33,0,0.0,2.0,1.0,1.0,B01
201300025863,0,30,0,0.0,1.0,1.0,1.0,A01
201300025864,0,7,0,0.0,1.0,3.0,1.0,A01
201300025865,0,7,0,0.0,2.0,3.0,1.0,B01
201300025865,0,33,0,0.0,2.0,1.0,17.0,A01
201300025866,0,33,0,0.0,2.0,1.0,1.0,B01
201300025866,0,7,0,0.0,2.0,3.0,9.0,A01
201300025867,0,33,0,11.0,0.0,6.0,17.0,A01
201300025868,0,2,0,0.0,2.0,1.0,1.0,B01
201300025868,0,7,0,0.0,2.0,1.0,15.0,A01
201300025869,0,7,0,0.0,2.0,5.0,16.0,B01
201300025869,0,2,0,0.0,2.0,1.0,1.0,A01
201300025870,0,7,0,0.0,2.0,1.0,1.0,B01
201300025870,0,7,0,0.0,2.0,4.0,23.0,C01
201300025870,0,7,0,1.0,2.0,4.0,0.0,D01
201300025870,0,7,0,0.0,2.0,2.0,1.0,A01
201300025871,0,7,0,0.0,1.0,2.0,1.0,A01
201300025872,0,33,0,0.0,0.0,8.0,10.0,A01
201300025873,0,7,0,0.0,2.0,5.0,1.0,B01
201300025873,0,34,0,0.0,2.0,1.0,2.0,A01
201300025874,0,7,0,0.0,2.0,1.0,1.0,A01
201300025874,0,7,0,0.0,2.0,4.0,1.0,B01
201300025874,0,7,0,0.0,2.0,4.0,1.0,C01
201300025875,0,15,0,4.0,2.0,1.0,21.0,B01
201300025875,0,7,0,0.0,2.0,7.0,17.0,A01
201300025876,0,10,0,0.0,2.0,0.0,4.0,A01
201300025876,0,2,0,0.0,0.0,0.0,1.0,B01
201300025877,0,30,0,0.0,2.0,0.0,0.0,B01
201300025877,0,7,0,0.0,2.0,0.0,0.0,A01
201300025878,0,7,0,0.0,2.0,1.0,1.0,A01
201300025878,0,7,0,0.0,2.0,4.0,1.0,B01
201300025878,0,7,0,0.0,2.0,4.0,1.0,C01
201300025879,0,30,0,0.0,0.0,8.0,1.0,A01
201300025880,0,7,0,0.0,2.0,6.0,1.0,B01
201300025880,0,30,0,0.0,2.0,1.0,1.0,A01
201300025881,0,7,0,13.0,0.0,1.0,9.0,A01
201300025882,0,7,0,0.0,2.0,6.0,1.0,A01
201300025882,0,33,0,0.0,2.0,1.0,1.0,B01
201300025883,0,7,0,15.0,0.0,1.0,1.0,A01
201300025884,0,1,0,1.0,0.0,1.0,1.0,B01
201300025884,0,7,0,0.0,9.0,3.0,24.0,A01
201300025885,0,7,0,6.0,0.0,3.0,21.0,A01
201300025886,0,1,0,0.0,0.0,1.0,1.0,A01
201300025887,0,7,0,0.0,2.0,8.0,1.0,A01
201300025887,0,7,0,0.0,2.0,1.0,1.0,B01
201300025888,0,7,0,0.0,1.0,4.0,0.0,A01
201300025889,0,2,0,0.0,2.0,1.0,1.0,B01
201300025889,0,10,0,0.0,2.0,3.0,1.0,A01
201300025890,0,30,0,0.0,1.0,1.0,1.0,A01
201300025891,0,7,0,0.0,1.0,8.0,1.0,A01
201300025892,0,2,0,0.0,0.0,1.0,0.0,A01
201300025893,0,7,0,0.0,1.0,3.0,1.0,A01
201300025894,0,7,0,2.0,0.0,1.0,1.0,A01
201300025895,0,7,0,0.0,2.0,1.0,1.0,A01
201300025895,0,7,0,0.0,2.0,4.0,1.0,B01
201300025895,0,7,0,0.0,2.0,4.0,1.0,D01
201300025895,0,7,0,0.0,2.0,4.0,1.0,C01
201300025896,0,1,0,0.0,2.0,1.0,1.0,A01
201300025896,0,7,0,0.0,0.0,4.0,1.0,B01
201300025897,0,7,0,0.0,2.0,1.0,14.0,A01
201300025897,0,7,0,0.0,2.0,3.0,1.0,B01
201300025898,0,7,0,0.0,2.0,2.0,15.0,A01
201300025898,0,2,0,0.0,2.0,1.0,1.0,B01
201300025899,0,7,0,0.0,2.0,4.0,1.0,C01
201300025899,0,10,0,0.0,2.0,4.0,1.0,B01
201300025899,0,14,0,0.0,2.0,1.0,1.0,A01
201300025900,0,1,0,0.0,2.0,8.0,1.0,A01
201300025900,0,7,0,0.0,2.0,3.0,1.0,B01
201300025901,0,7,0,0.0,2.0,1.0,1.0,A01
201300025901,0,7,0,0.0,2.0,5.0,1.0,B01
201300025902,0,1,0,0.0,2.0,1.0,1.0,B01
201300025902,0,2,0,0.0,2.0,1.0,13.0,A01
201300025903,0,7,0,0.0,2.0,1.0,1.0,B01
201300025903,0,7,0,0.0,2.0,7.0,15.0,A01
201300025904,0,7,0,0.0,2.0,4.0,1.0,B01
201300025904,0,7,0,0.0,2.0,1.0,1.0,A01
201300025905,0,1,0,0.0,2.0,1.0,1.0,B01
201300025905,0,7,0,0.0,2.0,8.0,22.0,A01
201300025906,0,30,0,0.0,0.0,0.0,1.0,A01
201300025907,0,7,0,0.0,2.0,7.0,1.0,A01
201300025907,0,32,0,0.0,2.0,1.0,1.0,B01
201300025908,0,30,0,0.0,2.0,1.0,17.0,A01
201300025908,0,7,0,0.0,2.0,8.0,15.0,B01
201300025909,0,14,0,0.0,2.0,1.0,1.0,C01
201300025909,0,7,0,0.0,2.0,1.0,1.0,A01
201300025909,0,7,0,0.0,2.0,4.0,1.0,B01
201300025910,0,30,0,0.0,0.0,1.0,1.0,A01
201300025911,0,7,0,0.0,2.0,1.0,1.0,A01
201300025911,0,7,0,0.0,2.0,4.0,1.0,B01
201300025912,0,1,0,0.0,2.0,7.0,1.0,B01
201300025912,0,2,0,0.0,2.0,1.0,1.0,A01
201300025913,0,7,0,0.0,2.0,1.0,1.0,A01
201300025913,0,7,0,0.0,2.0,7.0,1.0,B01
201300025914,0,7,0,2.0,0.0,1.0,0.0,A01
201300025915,0,1,0,0.0,2.0,1.0,1.0,B01
201300025915,0,7,0,0.0,2.0,3.0,15.0,A01
201300025916,0,7,0,1.0,0.0,2.0,14.0,A01
201300025917,0,7,0,0.0,2.0,5.0,16.0,A01
201300025917,0,1,0,0.0,2.0,1.0,1.0,B01
201300025918,2,7,0,0.0,1.0,0.0,1.0,A01
201300025919,0,2,0,0.0,2.0,0.0,1.0,B01
201300025919,0,10,0,0.0,2.0,0.0,15.0,A01
201300025920,0,7,0,0.0,0.0,0.0,1.0,A01
201300025921,0,2,0,0.0,0.0,0.0,1.0,A01
201300025922,0,31,0,0.0,2.0,0.0,0.0,A01
201300025922,0,7,0,0.0,2.0,0.0,0.0,B01
201300025923,0,7,0,0.0,2.0,0.0,0.0,A01
201300025923,0,7,0,0.0,2.0,0.0,0.0,B01
201300025924,0,10,0,0.0,2.0,8.0,24.0,A01
201300025924,0,1,0,0.0,2.0,1.0,2.0,B01
201300025925,0,7,0,0.0,1.0,5.0,20.0,A01
201300025926,0,32,0,0.0,2.0,7.0,14.0,A01
201300025926,0,7,0,0.0,2.0,8.0,1.0,B01
201300025927,0,33,0,0.0,0.0,3.0,15.0,A01
201300025928,0,7,0,0.0,2.0,4.0,23.0,B01
201300025928,0,7,0,0.0,2.0,1.0,1.0,A01
201300025928,0,7,0,0.0,2.0,4.0,23.0,C01