Num_Acc,senc,catv,occutc,obs,obsm,choc,manv,num_veh
201300025929,0,37,3,0.0,1.0,2.0,7.0,A01
201300025930,0,7,0,0.0,2.0,1.0,19.0,A01
201300025930,0,7,0,0.0,2.0,3.0,15.0,B01
201300025931,0,30,0,0.0,0.0,0.0,1.0,A01
201300025932,0,7,0,0.0,2.0,0.0,9.0,A01
201300025932,0,33,0,0.0,2.0,3.0,21.0,B01
201300025933,0,1,0,0.0,2.0,3.0,1.0,B01
201300025933,0,7,0,0.0,2.0,2.0,16.0,A01
201300025934,0,7,0,0.0,2.0,3.0,15.0,A01
201300025934,0,30,0,0.0,2.0,1.0,1.0,B01
201300025935,0,33,0,0.0,2.0,1.0,17.0,A01
201300025935,0,7,0,0.0,2.0,3.0,15.0,B01
201300025936,0,33,0,0.0,0.0,0.0,15.0,A01
201300025937,0,33,0,0.0,2.0,7.0,19.0,A01
201300025937,0,7,0,0.0,2.0,3.0,15.0,B01
201300025938,0,7,0,0.0,2.0,1.0,15.0,A01
201300025938,0,1,0,0.0,2.0,8.0,1.0,B01
201300025939,0,7,0,0.0,2.0,3.0,10.0,A01
201300025939,0,32,0,0.0,2.0,1.0,2.0,B01
201300025940,0,33,0,0.0,2.0,8.0,21.0,A01
201300025941,0,1,0,0.0,2.0,1.0,19.0,A01
201300025941,0,10,0,0.0,2.0,7.0,16.0,B01
201300025942,0,1,0,0.0,2.0,5.0,15.0,B01
201300025942,0,7,0,0.0,2.0,2.0,15.0,A01
201300025943,0,7,0,0.0,2.0,3.0,1.0,A01
201300025943,0,30,0,0.0,2.0,6.0,1.0,B01
201300025944,0,33,0,0.0,0.0,0.0,0.0,A01
201300025945,0,7,0,0.0,0.0,0.0,0.0,B01
201300025945,0,7,0,0.0,0.0,0.0,0.0,A01
201300025946,1,10,0,0.0,0.0,1.0,2.0,A01
201300025946,0,7,0,0.0,0.0,4.0,2.0,B01
201300025947,0,7,0,0.0,0.0,0.0,0.0,B01
201300025947,0,7,0,0.0,0.0,0.0,0.0,A01
201300025947,0,7,0,0.0,0.0,0.0,0.0,C01
201300025948,0,33,0,0.0,0.0,0.0,0.0,A01
201300025949,0,30,0,0.0,0.0,0.0,0.0,A01
201300025950,0,32,0,0.0,0.0,0.0,0.0,A01
201300025951,0,7,0,0.0,0.0,0.0,0.0,B01
201300025951,0,7,0,0.0,0.0,0.0,0.0,A01
201300025952,0,1,0,0.0,2.0,6.0,1.0,B01
201300025952,0,7,0,0.0,2.0,1.0,9.0,A01
201300025953,0,31,0,0.0,0.0,0.0,1.0,A01
201300025954,0,1,0,0.0,2.0,1.0,5.0,A01
201300025954,0,7,0,0.0,2.0,1.0,1.0,B01
201300025955,0,7,0,0.0,2.0,2.0,15.0,A01
201300025955,0,7,0,0.0,2.0,1.0,1.0,B01
201300025956,0,30,0,0.0,1.0,1.0,1.0,A01
201300025957,0,30,0,0.0,1.0,1.0,1.0,A01
201300025958,0,7,0,0.0,2.0,1.0,15.0,B01
201300025958,0,1,0,0.0,2.0,1.0,1.0,A01
201300025959,0,33,0,0.0,2.0,1.0,1.0,B01
201300025959,0,7,0,0.0,2.0,4.0,15.0,A01
201300025960,0,7,0,0.0,0.0,3.0,1.0,A01
201300025961,0,33,0,0.0,2.0,8.0,1.0,B01
201300025961,0,10,0,0.0,2.0,1.0,1.0,A01
201300025962,0,2,0,0.0,0.0,0.0,1.0,A01
201300025963,0,1,0,0.0,0.0,1.0,1.0,A01
201300025964,0,7,0,0.0,0.0,1.0,1.0,A01
201300025965,0,7,0,0.0,2.0,1.0,1.0,A01
201300025965,0,2,0,0.0,2.0,1.0,1.0,B01
201300025966,1,7,0,0.0,2.0,4.0,4.0,A01
201300025966,0,1,0,0.0,2.0,1.0,1.0,B01
201300025967,0,1,0,0.0,0.0,0.0,0.0,A01
201300025968,0,7,0,1.0,2.0,3.0,9.0,A01
201300025968,0,7,0,0.0,2.0,3.0,1.0,B01
201300025968,0,7,0,0.0,2.0,1.0,1.0,C01
201300025969,0,7,0,0.0,2.0,2.0,0.0,A01
201300025969,0,7,0,0.0,2.0,3.0,0.0,B01
201300025970,0,7,0,0.0,2.0,3.0,15.0,A01
201300025970,0,33,0,0.0,2.0,8.0,1.0,B01
201300025971,0,30,0,0.0,2.0,2.0,1.0,B01
201300025971,0,7,0,0.0,2.0,3.0,1.0,A01
201300025972,0,2,0,0.0,0.0,1.0,16.0,A01
201300025973,0,7,0,0.0,1.0,3.0,21.0,A01
201300025974,0,7,0,0.0,2.0,3.0,1.0,B01
201300025974,0,7,0,0.0,2.0,6.0,4.0,A01
201300025975,0,2,0,0.0,2.0,1.0,1.0,B01
201300025975,0,7,0,0.0,2.0,8.0,9.0,A01
201300025976,0,7,0,0.0,2.0,1.0,1.0,B01
201300025976,0,7,0,0.0,2.0,1.0,1.0,A01
201300025977,0,31,0,0.0,0.0,8.0,15.0,A01
201300025978,0,7,0,0.0,2.0,4.0,1.0,B01
201300025978,0,32,0,0.0,2.0,1.0,1.0,A01
201300025979,0,7,0,0.0,2.0,2.0,16.0,A01
201300025979,0,1,0,0.0,2.0,1.0,1.0,B01
201300025980,0,7,0,0.0,1.0,1.0,1.0,A01
201300025981,0,7,0,9.0,0.0,1.0,1.0,A01
201300025982,0,7,0,0.0,2.0,1.0,1.0,A01
201300025982,0,7,0,8.0,2.0,9.0,1.0,B01
201300025983,2,7,0,6.0,0.0,1.0,16.0,A01
201300025984,0,7,0,0.0,2.0,1.0,1.0,B01
201300025984,0,7,0,0.0,2.0,7.0,1.0,A01
201300025985,0,7,0,0.0,2.0,3.0,1.0,B01
201300025985,0,10,0,0.0,2.0,3.0,1.0,A01
201300025986,0,33,0,0.0,2.0,7.0,1.0,B01
201300025986,0,7,0,0.0,2.0,1.0,9.0,A01
201300025987,0,33,0,0.0,2.0,1.0,11.0,B01
201300025987,0,7,0,0.0,2.0,8.0,9.0,A01
201300025988,0,33,0,0.0,2.0,1.0,1.0,A01
201300025988,0,7,0,0.0,2.0,2.0,1.0,B01
201300025989,0,7,0,0.0,2.0,3.0,15.0,A01
201300025989,0,33,0,0.0,2.0,1.0,1.0,B01
201300025990,0,33,0,0.0,2.0,1.0,1.0,B01
201300025990,0,7,0,0.0,2.0,1.0,15.0,A01
201300025991,0,7,0,0.0,2.0,3.0,1.0,B01
201300025991,0,1,0,0.0,2.0,7.0,19.0,A01
201300025992,0,7,0,0.0,2.0,3.0,0.0,A01
201300025992,0,7,0,0.0,2.0,3.0,1.0,B01
201300025993,0,30,0,0.0,0.0,3.0,1.0,B01
201300025993,0,7,0,0.0,2.0,1.0,15.0,A01
201300025994,0,7,0,0.0,2.0,0.0,16.0,B01
201300025994,0,33,0,0.0,0.0,8.0,1.0,A01
201300025995,0,34,0,1.0,0.0,7.0,1.0,B01
201300025995,0,7,0,0.0,2.0,8.0,24.0,A01
201300025995,0,7,0,0.0,2.0,7.0,1.0,C01
201300025996,0,7,0,0.0,2.0,3.0,9.0,B01
201300025996,0,1,0,0.0,2.0,1.0,5.0,A01
201300025997,0,7,0,0.0,2.0,8.0,9.0,A01
201300025997,0,33,0,0.0,2.0,1.0,1.0,B01
201300025998,1,99,0,0.0,0.0,0.0,0.0,Z01
201300025998,0,1,0,0.0,2.0,8.0,1.0,A01
201300025999,0,31,0,0.0,2.0,7.0,1.0,A01
201300025999,1,7,0,0.0,2.0,1.0,20.0,Z01
201300026000,0,1,0,0.0,2.0,1.0,15.0,A01
201300026000,0,7,0,0.0,2.0,1.0,1.0,B01
201300026001,0,32,0,0.0,2.0,1.0,13.0,A01
201300026001,0,10,0,0.0,2.0,3.0,1.0,B01
201300026002,0,33,0,0.0,2.0,6.0,15.0,B01
201300026002,0,7,0,0.0,2.0,3.0,1.0,A01
201300026003,0,7,0,0.0,2.0,8.0,11.0,A01
201300026003,0,32,0,0.0,2.0,7.0,1.0,B01
201300026004,0,10,0,0.0,2.0,1.0,1.0,A01
201300026004,0,30,0,0.0,2.0,8.0,1.0,B01
201300026005,0,7,0,0.0,1.0,1.0,1.0,A01
201300026006,0,10,0,0.0,2.0,1.0,9.0,A01
201300026006,0,31,0,0.0,2.0,2.0,1.0,B01
201300026007,0,7,0,8.0,0.0,1.0,1.0,A01
201300026008,0,7,0,0.0,2.0,1.0,1.0,B01
201300026008,0,33,0,0.0,2.0,7.0,1.0,A01
201300026009,0,99,0,0.0,2.0,8.0,1.0,B01
201300026009,0,7,0,0.0,2.0,5.0,16.0,A01
201300026010,0,30,0,0.0,0.0,0.0,1.0,A01
201300026011,0,10,0,0.0,2.0,7.0,1.0,B01
201300026011,0,7,0,0.0,2.0,3.0,1.0,C01
201300026011,0,10,0,0.0,2.0,1.0,16.0,A01
201300026012,0,7,0,15.0,0.0,1.0,1.0,A01
201300026013,0,7,0,3.0,0.0,8.0,1.0,A01
201300026014,0,7,0,0.0,1.0,4.0,4.0,A01
201300026015,0,2,0,0.0,2.0,7.0,1.0,B01
201300026015,0,7,0,0.0,2.0,3.0,9.0,A01
201300026016,0,1,0,0.0,9.0,7.0,1.0,A01
201300026017,0,15,0,0.0,2.0,1.0,9.0,A01
201300026017,0,1,0,0.0,2.0,7.0,1.0,B01
201300026018,0,7,0,1.0,0.0,1.0,1.0,A01
201300026019,0,7,0,4.0,0.0,1.0,1.0,A01
201300026020,0,1,0,0.0,2.0,7.0,16.0,B01
201300026020,0,2,0,0.0,2.0,1.0,18.0,A01
201300026021,0,2,0,0.0,0.0,8.0,1.0,A01
201300026022,0,7,0,13.0,0.0,1.0,1.0,A01
201300026023,0,7,0,4.0,0.0,1.0,1.0,A01
201300026024,0,30,0,0.0,0.0,8.0,1.0,A01
201300026025,0,7,0,3.0,0.0,1.0,1.0,A01
201300026026,0,2,0,0.0,2.0,1.0,0.0,A01
201300026026,0,7,0,0.0,2.0,3.0,1.0,B01
201300026027,0,1,0,0.0,0.0,1.0,1.0,A01
201300026028,0,1,0,0.0,0.0,8.0,0.0,A01
201300026029,0,7,0,0.0,2.0,8.0,15.0,B01
201300026029,0,7,0,6.0,1.0,2.0,17.0,A01
201300026030,0,7,0,1.0,0.0,1.0,5.0,A01
201300026031,0,7,0,2.0,0.0,1.0,1.0,A01
201300026032,0,30,0,0.0,2.0,1.0,15.0,B01
201300026032,0,7,0,0.0,2.0,3.0,1.0,A01
201300026033,0,2,0,12.0,0.0,1.0,1.0,A01
201300026034,0,17,0,0.0,2.0,1.0,1.0,B01
201300026034,0,7,0,15.0,2.0,7.0,1.0,A01
201300026035,0,2,0,14.0,0.0,1.0,2.0,A01
201300026035,0,7,0,0.0,0.0,0.0,0.0,C01
201300026035,0,7,0,0.0,2.0,4.0,2.0,B01
201300026036,0,7,0,9.0,0.0,1.0,1.0,A01
201300026037,0,30,0,0.0,2.0,8.0,18.0,B01
201300026037,0,7,0,0.0,2.0,7.0,16.0,A01
201300026038,0,2,0,0.0,2.0,7.0,1.0,A01
201300026038,0,7,0,0.0,2.0,1.0,1.0,B01
201300026039,0,7,0,0.0,2.0,3.0,6.0,A01
201300026039,0,7,0,0.0,2.0,8.0,1.0,B01
201300026040,0,1,0,0.0,0.0,1.0,1.0,A01
201300026041,0,10,0,0.0,2.0,1.0,1.0,B01
201300026041,0,7,0,0.0,2.0,9.0,1.0,A01
201300026042,0,1,0,0.0,0.0,1.0,0.0,B01
201300026042,0,2,0,0.0,2.0,0.0,0.0,A01
201300026043,0,7,0,0.0,2.0,1.0,16.0,B01
201300026043,0,1,0,0.0,2.0,1.0,19.0,A01
201300026044,0,7,0,0.0,2.0,1.0,2.0,A01
201300026044,0,7,0,0.0,2.0,4.0,23.0,B01
201300026045,0,7,0,0.0,2.0,2.0,2.0,B01
201300026045,0,1,0,0.0,2.0,6.0,13.0,A01
201300026046,0,7,0,0.0,2.0,1.0,0.0,A01
201300026046,0,7,0,0.0,9.0,4.0,2.0,B01
201300026047,0,7,0,0.0,2.0,3.0,13.0,A01
201300026047,0,33,0,0.0,2.0,1.0,1.0,B01
201300026048,0,37,1,0.0,1.0,3.0,19.0,A01
201300026049,0,7,0,0.0,2.0,1.0,2.0,A01
201300026049,0,7,0,0.0,0.0,4.0,2.0,B01
201300026050,0,30,0,0.0,0.0,0.0,1.0,A01
201300026051,0,7,0,0.0,2.0,6.0,15.0,A01
201300026051,0,2,0,0.0,2.0,3.0,15.0,B01
201300026052,0,33,0,13.0,0.0,8.0,1.0,A01
201300026053,0,7,0,0.0,2.0,2.0,1.0,A01
201300026053,0,1,0,0.0,2.0,3.0,1.0,B01
201300026054,1,99,0,0.0,2.0,0.0,0.0,A01
201300026054,0,2,0,0.0,2.0,0.0,0.0,B01
201300026055,0,7,0,0.0,2.0,3.0,11.0,A01
201300026055,0,7,0,0.0,2.0,2.0,2.0,B01
201300026056,0,7,0,0.0,2.0,3.0,6.0,A01
201300026056,0,32,0,0.0,2.0,7.0,2.0,B01
201300026057,0,1,0,0.0,2.0,8.0,13.0,A01
201300026057,0,7,0,0.0,2.0,7.0,1.0,B01
201300026058,0,7,0,0.0,2.0,1.0,6.0,A01
201300026058,0,30,0,0.0,2.0,8.0,1.0,B01
201300026059,0,7,0,0.0,2.0,4.0,2.0,B01
201300026059,0,7,0,0.0,2.0,4.0,2.0,D01
201300026059,0,30,0,0.0,2.0,4.0,2.0,C01
201300026059,0,7,0,0.0,2.0,2.0,2.0,A01
201300026060,0,7,0,0.0,2.0,1.0,1.0,B01
201300026060,0,1,0,0.0,2.0,8.0,19.0,A01
201300026061,0,7,0,0.0,2.0,2.0,12.0,A01
201300026061,0,7,0,0.0,2.0,3.0,15.0,B01
201300026062,0,7,0,0.0,1.0,2.0,1.0,A01
201300026063,0,7,0,0.0,2.0,8.0,23.0,C01
201300026063,0,7,0,0.0,2.0,3.0,15.0,A01
201300026063,0,30,0,0.0,2.0,8.0,1.0,B01
201300026064,0,1,0,0.0,0.0,0.0,1.0,A01
201300026065,0,7,0,0.0,2.0,1.0,1.0,B01
201300026065,0,7,0,0.0,2.0,7.0,1.0,A01
201300026066,0,32,0,0.0,0.0,7.0,1.0,A01
201300026067,0,7,0,0.0,2.0,1.0,13.0,A01
201300026067,0,10,0,0.0,2.0,3.0,2.0,B01
201300026068,0,7,0,8.0,4.0,1.0,19.0,A01
201300026068,0,40,20,0.0,2.0,1.0,1.0,B01
201300026069,0,1,0,0.0,2.0,8.0,19.0,B01
201300026069,0,7,0,0.0,2.0,1.0,19.0,A01
201300026070,0,1,0,0.0,2.0,3.0,2.0,B01
201300026070,0,33,0,0.0,2.0,7.0,1.0,A01
201300026071,0,2,0,0.0,0.0,8.0,1.0,A01
201300026072,0,7,0,0.0,2.0,4.0,1.0,B01
201300026072,0,2,0,0.0,2.0,1.0,14.0,A01
201300026073,0,32,0,0.0,2.0,1.0,1.0,A01
201300026073,0,7,0,0.0,2.0,5.0,16.0,B01
201300026074,0,7,0,0.0,2.0,2.0,1.0,B01
201300026074,0,7,0,0.0,2.0,7.0,1.0,C01
201300026074,0,7,0,0.0,0.0,6.0,13.0,A01
201300026075,0,7,0,0.0,2.0,1.0,1.0,A01
201300026075,0,7,0,0.0,0.0,4.0,1.0,B01
201300026076,0,1,0,0.0,2.0,8.0,1.0,A01
201300026076,0,17,0,0.0,2.0,7.0,1.0,B01
201300026077,0,7,0,0.0,2.0,4.0,1.0,A01
201300026077,0,7,0,0.0,2.0,4.0,1.0,B01
201300026078,0,7,0,0.0,2.0,0.0,0.0,A01
201300026078,0,7,0,0.0,2.0,0.0,0.0,B01
201300026079,0,7,0,0.0,2.0,4.0,1.0,B01
201300026079,0,7,0,0.0,0.0,4.0,1.0,A01
201300026080,0,33,0,0.0,0.0,0.0,0.0,A01
201300026081,0,7,0,0.0,0.0,0.0,0.0,C01
201300026081,0,7,0,0.0,0.0,0.0,0.0,A01
201300026081,0,7,0,0.0,0.0,0.0,0.0,D01
201300026081,0,7,0,0.0,0.0,0.0,0.0,B01
201300026082,0,7,0,0.0,0.0,4.0,1.0,B01
201300026082,0,7,0,0.0,2.0,4.0,1.0,A01
201300026083,0,32,0,0.0,0.0,0.0,0.0,A01
201300026083,0,7,0,0.0,0.0,0.0,0.0,B01
201300026084,0,7,0,0.0,0.0,0.0,0.0,A01
201300026084,0,1,0,0.0,0.0,0.0,0.0,B01
201300026085,0,2,0,0.0,0.0,0.0,0.0,A01
201300026086,0,7,0,0.0,2.0,3.0,1.0,B01
201300026086,0,2,0,0.0,2.0,7.0,1.0,A01
201300026087,0,13,0,0.0,0.0,0.0,0.0,A01
201300026088,0,33,0,0.0,2.0,3.0,0.0,B01
201300026088,0,7,0,0.0,2.0,3.0,15.0,A01
201300026089,0,1,0,0.0,2.0,0.0,0.0,B01
201300026089,0,7,0,0.0,2.0,0.0,0.0,A01
201300026090,0,7,0,0.0,1.0,0.0,0.0,A01
201300026091,0,31,0,0.0,0.0,0.0,0.0,B01
201300026091,0,7,0,0.0,2.0,0.0,0.0,A01
201300026092,0,7,0,0.0,1.0,1.0,1.0,A01
201300026093,0,7,0,0.0,1.0,1.0,1.0,A01
201300026094,0,7,0,0.0,2.0,4.0,1.0,C01
201300026094,0,7,0,0.0,2.0,1.0,1.0,A01
201300026094,0,7,0,0.0,2.0,4.0,1.0,B01
201300026095,0,2,0,0.0,0.0,1.0,1.0,A01
201300026096,0,37,12,1.0,0.0,8.0,1.0,A01
201300026097,0,7,0,0.0,2.0,2.0,1.0,A01
201300026097,0,1,0,0.0,2.0,1.0,1.0,B01
201300026098,0,7,0,0.0,2.0,4.0,1.0,B01
201300026098,0,2,0,0.0,2.0,1.0,1.0,A01
201300026099,0,7,0,0.0,2.0,1.0,1.0,A01
201300026099,0,7,0,0.0,2.0,4.0,1.0,B01
201300026100,0,7,0,0.0,1.0,1.0,1.0,A01
201300026101,0,7,0,0.0,2.0,4.0,1.0,B01
201300026101,0,7,0,0.0,2.0,1.0,1.0,A01
201300026101,0,7,0,0.0,2.0,4.0,1.0,C01
201300026102,0,7,0,0.0,2.0,3.0,1.0,A01
201300026102,0,7,0,0.0,2.0,1.0,1.0,B01
201300026103,0,2,0,0.0,0.0,7.0,1.0,A01
201300026104,0,7,0,0.0,1.0,1.0,1.0,A01
201300026105,0,7,0,0.0,2.0,3.0,1.0,B01
201300026105,0,7,0,0.0,2.0,3.0,13.0,A01
201300026106,0,7,0,4.0,0.0,3.0,1.0,A01
201300026107,0,7,0,4.0,0.0,3.0,1.0,A01
201300026108,0,10,0,0.0,2.0,3.0,12.0,A01
201300026108,0,7,0,0.0,2.0,1.0,1.0,B01
201300026109,0,10,0,0.0,1.0,2.0,1.0,A01
201300026110,0,1,0,0.0,2.0,0.0,1.0,B01
201300026110,0,7,0,0.0,2.0,8.0,9.0,A01
201300026111,0,1,0,0.0,2.0,1.0,1.0,A01
201300026111,0,7,0,0.0,2.0,1.0,1.0,B01
201300026112,0,7,0,0.0,2.0,1.0,1.0,B01
201300026112,0,7,0,0.0,2.0,5.0,1.0,A01
201300026113,0,7,0,0.0,2.0,3.0,16.0,B01
201300026113,0,7,0,0.0,2.0,1.0,1.0,A01
201300026114,0,7,0,0.0,0.0,0.0,0.0,A01
201300026114,0,33,0,0.0,0.0,0.0,0.0,B01
201300026115,0,7,0,13.0,0.0,2.0,1.0,A01
201300026116,0,1,0,0.0,2.0,1.0,5.0,A01
201300026116,0,7,0,0.0,2.0,3.0,1.0,B01
201300026117,0,7,0,0.0,0.0,4.0,1.0,B01
201300026117,0,30,0,0.0,2.0,1.0,2.0,A01
201300026118,0,7,0,0.0,2.0,1.0,15.0,A01
201300026118,0,2,0,0.0,2.0,1.0,1.0,B01
201300026119,0,7,0,0.0,2.0,1.0,1.0,A01
201300026119,0,7,0,0.0,2.0,8.0,1.0,B01
201300026120,0,30,0,0.0,0.0,0.0,15.0,A01
201300026121,0,7,0,0.0,1.0,3.0,2.0,A01
201300026122,0,2,0,0.0,0.0,8.0,1.0,A01
201300026123,0,7,0,0.0,2.0,1.0,2.0,A01
201300026123,0,7,0,0.0,2.0,4.0,2.0,B01
201300026124,0,7,0,0.0,1.0,1.0,16.0,A01
201300026125,0,30,0,0.0,2.0,1.0,1.0,A01
201300026125,0,7,0,0.0,2.0,4.0,1.0,B01
201300026126,0,10,0,0.0,2.0,1.0,13.0,A01
201300026126,0,10,0,0.0,2.0,1.0,1.0,B01
201300026127,1,7,0,0.0,2.0,1.0,0.0,A01
201300026127,0,1,0,0.0,2.0,4.0,1.0,B01
201300026128,0,7,0,0.0,2.0,0.0,0.0,A01
201300026128,0,7,0,0.0,2.0,0.0,0.0,B01
201300026129,0,7,0,0.0,2.0,7.0,1.0,B01
201300026129,0,7,0,0.0,2.0,1.0,9.0,A01
201300026130,0,7,0,0.0,2.0,4.0,1.0,B01
201300026130,0,7,0,0.0,2.0,1.0,1.0,A01
201300026131,0,7,0,0.0,0.0,0.0,1.0,B01
201300026131,0,1,0,0.0,2.0,0.0,1.0,A01
201300026132,0,2,0,0.0,0.0,0.0,0.0,A01
201300026133,0,7,0,0.0,2.0,4.0,1.0,A01
201300026133,0,7,0,0.0,0.0,4.0,1.0,B01
201300026134,0,7,0,0.0,1.0,0.0,0.0,A01
201300026135,0,30,0,0.0,0.0,0.0,0.0,A01
201300026136,0,7,0,0.0,0.0,0.0,0.0,A01
201300026136,0,30,0,0.0,0.0,0.0,0.0,B01
201300026137,0,7,0,0.0,2.0,3.0,9.0,A01
201300026137,0,10,0,0.0,2.0,7.0,19.0,B01
201300026138,0,7,0,0.0,2.0,4.0,2.0,C01
201300026138,0,10,0,0.0,2.0,2.0,2.0,A01
201300026138,0,7,0,0.0,2.0,6.0,2.0,B01
201300026139,0,7,0,0.0,2.0,3.0,9.0,A01
201300026139,0,30,0,0.0,2.0,7.0,1.0,B01
201300026140,0,7,0,0.0,2.0,8.0,19.0,A01
201300026140,0,33,0,0.0,2.0,1.0,1.0,B01
201300026141,0,7,0,0.0,2.0,3.0,15.0,B01
201300026141,0,7,0,0.0,2.0,2.0,14.0,A01
201300026142,0,1,0,0.0,2.0,3.0,2.0,B01
201300026142,0,7,0,0.0,2.0,7.0,16.0,A01
201300026143,0,1,0,0.0,0.0,0.0,1.0,A01
201300026144,0,7,0,0.0,2.0,3.0,1.0,A01
201300026144,0,7,0,0.0,2.0,2.0,15.0,B01
201300026145,0,7,0,0.0,2.0,2.0,15.0,B01
201300026145,0,7,0,0.0,2.0,5.0,16.0,A01
201300026146,0,7,0,0.0,1.0,3.0,15.0,A01
201300026147,0,7,0,0.0,2.0,2.0,15.0,B01
201300026147,0,30,0,0.0,2.0,1.0,17.0,A01
201300026148,0,7,0,0.0,2.0,4.0,2.0,D01
201300026148,0,7,0,0.0,2.0,1.0,2.0,A01
201300026148,0,7,0,0.0,2.0,4.0,2.0,B01
201300026148,0,7,0,0.0,2.0,4.0,2.0,C01
201300026149,0,7,0,0.0,2.0,3.0,1.0,A01
201300026149,0,30,0,0.0,2.0,1.0,1.0,B01
201300026150,0,7,0,0.0,2.0,5.0,0.0,A01
201300026150,0,33,0,0.0,2.0,0.0,0.0,B01
201300026151,0,7,0,0.0,2.0,0.0,0.0,A01
201300026151,0,2,0,0.0,2.0,0.0,0.0,B01
201300026152,0,10,0,0.0,1.0,0.0,0.0,A01
201300026153,0,37,1,0.0,1.0,0.0,7.0,A01
201300026154,0,7,0,0.0,6.0,0.0,1.0,A01
201300026155,0,1,0,0.0,0.0,0.0,0.0,A01
201300026156,0,7,0,0.0,0.0,0.0,1.0,A01
201300026157,0,7,0,0.0,2.0,6.0,1.0,B01
201300026157,0,30,0,0.0,2.0,1.0,1.0,A01
201300026158,0,30,0,3.0,0.0,0.0,1.0,A01
201300026159,0,20,0,0.0,2.0,1.0,2.0,A01
201300026159,0,7,0,0.0,2.0,4.0,2.0,C01
201300026159,0,1,0,0.0,2.0,4.0,1.0,B01
201300026160,0,7,0,0.0,2.0,7.0,1.0,B01
201300026160,0,1,0,0.0,2.0,1.0,19.0,A01
201300026161,0,2,0,8.0,0.0,0.0,0.0,A01
201300026162,0,7,0,0.0,1.0,1.0,16.0,A01
201300026163,0,2,0,8.0,0.0,7.0,14.0,A01
201300026164,0,2,0,0.0,0.0,8.0,1.0,A01
201300026165,0,7,0,0.0,1.0,1.0,17.0,A01
201300026166,0,31,0,0.0,0.0,1.0,0.0,A01
201300026167,0,37,10,0.0,1.0,2.0,2.0,A01
201300026168,0,1,0,0.0,2.0,1.0,2.0,B01
201300026168,0,7,0,0.0,0.0,3.0,9.0,A01
201300026169,0,33,0,0.0,2.0,3.0,21.0,A01
201300026169,0,15,0,0.0,2.0,5.0,23.0,B01
201300026170,0,30,0,11.0,0.0,8.0,1.0,A01
201300026171,0,32,0,11.0,0.0,3.0,1.0,A01
201300026172,0,1,0,0.0,0.0,0.0,21.0,A01
201300026172,0,1,0,0.0,0.0,0.0,5.0,B01
201300026173,0,7,0,3.0,2.0,4.0,1.0,B01
201300026173,0,10,0,3.0,2.0,1.0,1.0,A01
201300026174,0,7,0,0.0,1.0,3.0,2.0,A01
201300026175,0,7,0,0.0,1.0,7.0,21.0,A01
201300026176,0,30,0,0.0,1.0,1.0,1.0,A01
201300026177,0,7,0,0.0,2.0,5.0,19.0,A01
201300026177,0,30,0,0.0,2.0,1.0,1.0,B01
201300026178,0,7,0,0.0,0.0,9.0,1.0,A01
201300026179,0,36,0,0.0,2.0,1.0,1.0,A01
201300026179,0,7,0,0.0,2.0,8.0,1.0,B01
201300026180,0,7,0,0.0,2.0,1.0,15.0,A01
201300026180,0,30,0,0.0,2.0,1.0,1.0,B01
201300026181,0,1,0,0.0,2.0,4.0,1.0,B01
201300026181,1,7,0,0.0,2.0,2.0,1.0,Z01
201300026182,0,17,0,0.0,2.0,7.0,16.0,A01
201300026182,0,33,0,0.0,2.0,8.0,23.0,B01
201300026183,0,1,0,0.0,2.0,3.0,3.0,B01
201300026183,0,10,0,0.0,2.0,2.0,22.0,A01
201300026183,0,7,0,0.0,2.0,3.0,1.0,C01
201300026184,0,7,0,0.0,2.0,1.0,19.0,A01
201300026184,0,7,0,0.0,2.0,8.0,23.0,B01
201300026184,0,7,0,0.0,2.0,3.0,23.0,C01
201300026185,1,33,0,1.0,0.0,1.0,6.0,A01
201300026186,0,32,0,0.0,2.0,1.0,21.0,A01
201300026186,0,7,0,0.0,2.0,3.0,1.0,B01
201300026187,0,7,0,0.0,1.0,1.0,1.0,A01
201300026188,0,7,0,0.0,1.0,1.0,1.0,A01
201300026189,0,7,0,0.0,2.0,3.0,9.0,A01
201300026189,0,30,0,0.0,2.0,1.0,7.0,B01
201300026190,0,30,0,0.0,0.0,7.0,14.0,A01
201300026191,0,7,0,0.0,2.0,3.0,1.0,B01
201300026191,0,7,0,0.0,2.0,2.0,15.0,A01
201300026192,1,7,0,0.0,2.0,7.0,1.0,A01
201300026192,0,1,0,0.0,2.0,8.0,1.0,B01
201300026193,0,1,0,0.0,2.0,1.0,1.0,B01
201300026193,0,7,0,0.0,2.0,7.0,1.0,A01
201300026194,0,1,0,0.0,0.0,1.0,1.0,A01
201300026195,0,7,0,0.0,2.0,8.0,15.0,A01
201300026195,0,33,0,0.0,2.0,1.0,17.0,B01
201300026196,0,33,0,0.0,2.0,1.0,1.0,B01
201300026196,0,7,0,0.0,2.0,7.0,15.0,A01
201300026197,0,7,0,0.0,2.0,3.0,15.0,A01
201300026197,0,33,0,14.0,2.0,1.0,1.0,B01
201300026198,0,7,0,0.0,2.0,8.0,15.0,A01
201300026198,0,33,0,0.0,2.0,0.0,1.0,B01
201300026199,0,7,0,0.0,1.0,2.0,1.0,A01
201300026200,0,7,0,0.0,2.0,2.0,22.0,A01
201300026200,0,1,0,0.0,2.0,1.0,1.0,B01
201300026201,0,30,0,0.0,0.0,1.0,1.0,A01