Num_Acc,senc,catv,occutc,obs,obsm,choc,manv,num_veh
201300026202,0,7,0,0.0,1.0,5.0,14.0,A01
201300026203,0,7,0,0.0,0.0,0.0,13.0,A01
201300026203,0,7,0,4.0,0.0,3.0,21.0,B01
201300026204,0,7,0,8.0,0.0,1.0,0.0,A01
201300026205,0,7,0,0.0,2.0,4.0,1.0,C01
201300026205,0,7,0,0.0,2.0,1.0,2.0,A01
201300026205,0,7,0,0.0,2.0,4.0,2.0,B01
201300026206,0,7,0,0.0,2.0,8.0,16.0,B01
201300026206,0,7,0,0.0,2.0,2.0,21.0,A01
201300026207,0,7,0,0.0,1.0,2.0,2.0,A01
201300026208,0,7,0,0.0,1.0,1.0,0.0,A01
201300026209,0,1,0,0.0,0.0,0.0,0.0,A01
201300026209,0,7,0,0.0,9.0,1.0,0.0,B01
201300026210,0,7,0,0.0,2.0,3.0,15.0,A01
201300026210,0,33,0,0.0,2.0,7.0,17.0,B01
201300026211,0,7,0,7.0,0.0,5.0,1.0,B01
201300026211,1,10,0,0.0,2.0,5.0,9.0,A01
201300026212,0,7,0,0.0,1.0,0.0,0.0,A01
201300026213,0,7,0,0.0,1.0,1.0,0.0,A01
201300026214,0,1,0,0.0,2.0,1.0,1.0,B01
201300026214,0,13,0,0.0,9.0,5.0,1.0,A01
201300026215,0,7,0,0.0,0.0,3.0,5.0,A01
201300026215,0,7,0,12.0,2.0,3.0,5.0,B01
201300026216,0,7,0,0.0,2.0,2.0,9.0,A01
201300026216,0,33,0,0.0,2.0,7.0,1.0,B01
201300026217,0,7,0,13.0,0.0,1.0,1.0,A01
201300026218,0,7,0,0.0,2.0,3.0,15.0,A01
201300026218,0,2,0,0.0,0.0,8.0,1.0,B01
201300026219,0,7,0,0.0,2.0,2.0,19.0,A01
201300026219,0,33,0,0.0,2.0,5.0,1.0,B01
201300026220,0,7,0,0.0,1.0,1.0,1.0,A01
201300026221,0,7,0,0.0,2.0,1.0,2.0,A01
201300026221,0,7,0,0.0,0.0,0.0,1.0,B01
201300026222,0,7,0,0.0,2.0,1.0,1.0,A01
201300026222,0,7,0,0.0,0.0,4.0,1.0,B01
201300026223,0,33,0,0.0,1.0,1.0,1.0,A01
201300026224,1,7,0,0.0,1.0,3.0,1.0,Z01
201300026225,0,7,0,0.0,1.0,2.0,1.0,A01
201300026226,0,7,0,0.0,1.0,1.0,15.0,A01
201300026227,0,7,0,0.0,1.0,1.0,1.0,A01
201300026228,0,7,0,0.0,1.0,1.0,1.0,A01
201300026229,0,7,0,0.0,1.0,1.0,15.0,A01
201300026230,0,7,0,0.0,2.0,1.0,1.0,A01
201300026230,0,7,0,0.0,2.0,1.0,1.0,C01
201300026230,0,7,0,0.0,2.0,1.0,16.0,B01
201300026231,0,7,0,0.0,1.0,1.0,1.0,A01
201300026232,0,2,0,0.0,2.0,1.0,1.0,B01
201300026232,0,7,0,0.0,2.0,7.0,4.0,A01
201300026233,0,7,0,0.0,0.0,8.0,15.0,A01
201300026233,0,1,0,0.0,2.0,1.0,1.0,B01
201300026234,0,7,0,0.0,2.0,7.0,1.0,A01
201300026234,0,1,0,0.0,2.0,1.0,5.0,B01
201300026235,0,7,0,0.0,1.0,1.0,15.0,A01
201300026236,0,2,0,0.0,2.0,8.0,19.0,B01
201300026236,0,7,0,0.0,2.0,1.0,16.0,A01
201300026237,0,7,0,0.0,1.0,1.0,15.0,A01
201300026238,0,7,0,0.0,1.0,1.0,1.0,A01
201300026239,0,33,0,0.0,1.0,1.0,1.0,A01
201300026240,0,7,0,0.0,2.0,1.0,1.0,A01
201300026240,0,1,0,0.0,2.0,8.0,19.0,B01
201300026241,0,14,0,0.0,2.0,7.0,15.0,B01
201300026241,0,7,0,0.0,2.0,3.0,1.0,A01
201300026242,0,7,0,0.0,2.0,0.0,23.0,A01
201300026242,0,1,0,0.0,2.0,1.0,17.0,B01
201300026243,0,7,0,0.0,2.0,1.0,1.0,A01
201300026243,0,7,0,0.0,2.0,4.0,1.0,B01
201300026244,0,7,0,1.0,2.0,1.0,1.0,A01
201300026244,0,7,0,0.0,2.0,4.0,24.0,B01
201300026245,0,7,0,0.0,2.0,1.0,1.0,A01
201300026245,0,33,0,0.0,2.0,8.0,1.0,B01
201300026246,0,1,0,0.0,0.0,6.0,1.0,B01
201300026246,1,7,0,0.0,2.0,0.0,1.0,Z01
201300026247,0,7,0,0.0,1.0,1.0,1.0,A01
201300026248,0,17,0,0.0,1.0,1.0,1.0,A01
201300026249,0,7,0,0.0,2.0,0.0,15.0,A01
201300026249,0,34,0,0.0,2.0,1.0,21.0,B01
201300026250,0,7,0,0.0,2.0,3.0,11.0,A01
201300026250,0,32,0,0.0,2.0,2.0,1.0,B01
201300026251,1,7,0,0.0,1.0,1.0,1.0,Z01
201300026252,0,32,0,0.0,1.0,1.0,1.0,A01
201300026253,0,14,0,0.0,2.0,7.0,16.0,A01
201300026253,0,1,0,0.0,2.0,8.0,1.0,B01
201300026254,0,33,0,15.0,2.0,1.0,17.0,A01
201300026254,0,7,0,0.0,2.0,3.0,11.0,B01
201300026255,0,7,0,0.0,0.0,2.0,12.0,A01
201300026255,0,33,0,0.0,2.0,1.0,0.0,B01
201300026256,0,7,0,0.0,9.0,2.0,1.0,A01
201300026256,0,1,0,0.0,2.0,3.0,19.0,B01
201300026257,0,7,0,0.0,1.0,1.0,1.0,A01
201300026258,0,7,0,0.0,1.0,1.0,1.0,A01
201300026259,0,7,0,13.0,0.0,0.0,1.0,A01
201300026260,0,7,0,0.0,1.0,1.0,1.0,A01
201300026261,0,30,0,0.0,2.0,1.0,1.0,B01
201300026261,0,7,0,0.0,0.0,3.0,10.0,A01
201300026262,0,40,0,0.0,1.0,2.0,1.0,A01
201300026263,0,7,0,0.0,0.0,3.0,10.0,A01
201300026263,0,30,0,0.0,2.0,1.0,13.0,B01
201300026264,0,34,0,0.0,1.0,7.0,5.0,A01
201300026264,0,7,0,0.0,2.0,1.0,5.0,B01
201300026265,0,7,0,0.0,0.0,2.0,16.0,A01
201300026265,0,32,0,0.0,2.0,9.0,1.0,B01
201300026266,0,40,0,0.0,2.0,1.0,1.0,B01
201300026266,0,7,0,0.0,4.0,9.0,16.0,A01
201300026267,0,1,0,0.0,2.0,1.0,1.0,B01
201300026267,0,7,0,0.0,0.0,2.0,9.0,A01
201300026268,1,7,0,0.0,2.0,1.0,2.0,A01
201300026268,0,7,0,0.0,2.0,4.0,2.0,C01
201300026268,0,7,0,0.0,2.0,4.0,2.0,B01
201300026269,0,7,0,0.0,2.0,3.0,15.0,B01
201300026269,0,34,0,0.0,2.0,2.0,17.0,A01
201300026270,0,7,0,0.0,2.0,1.0,13.0,A01
201300026270,1,33,0,0.0,2.0,1.0,1.0,B01
201300026271,0,37,1,0.0,1.0,2.0,15.0,A01
201300026272,0,7,0,0.0,1.0,2.0,1.0,A01
201300026273,0,34,0,8.0,2.0,1.0,17.0,A01
201300026273,0,7,0,0.0,2.0,3.0,13.0,B01
201300026274,0,7,0,0.0,2.0,1.0,1.0,B01
201300026274,0,7,0,0.0,2.0,8.0,1.0,C01
201300026274,0,7,0,0.0,2.0,3.0,1.0,A01
201300026275,0,7,0,0.0,1.0,2.0,1.0,A01
201300026276,0,33,0,0.0,2.0,1.0,2.0,A01
201300026276,0,7,0,0.0,2.0,6.0,2.0,B01
201300026277,0,7,0,0.0,1.0,2.0,16.0,A01
201300026278,0,7,0,0.0,2.0,2.0,19.0,A01
201300026278,0,1,0,0.0,2.0,1.0,1.0,B01
201300026279,0,7,0,0.0,2.0,2.0,1.0,A01
201300026279,0,1,0,0.0,2.0,1.0,1.0,B01
201300026280,0,7,0,0.0,2.0,1.0,1.0,B01
201300026280,0,33,0,0.0,2.0,8.0,1.0,A01
201300026281,0,7,0,0.0,2.0,3.0,1.0,A01
201300026281,0,33,0,0.0,2.0,1.0,13.0,B01
201300026282,0,7,0,0.0,2.0,1.0,6.0,A01
201300026282,0,7,0,0.0,2.0,8.0,1.0,B01
201300026283,0,7,0,0.0,2.0,1.0,1.0,A01
201300026283,0,7,0,0.0,2.0,1.0,1.0,C01
201300026283,0,7,0,0.0,2.0,1.0,1.0,B01
201300026283,0,7,0,0.0,0.0,4.0,1.0,D01
201300026284,0,7,0,0.0,0.0,3.0,13.0,A01
201300026284,0,34,0,0.0,0.0,8.0,21.0,B01
201300026285,0,7,0,0.0,2.0,1.0,1.0,A01
201300026285,0,1,0,0.0,2.0,8.0,1.0,B01
201300026286,0,7,0,0.0,2.0,1.0,2.0,C01
201300026286,0,7,0,0.0,0.0,4.0,2.0,D01
201300026286,0,7,0,0.0,2.0,1.0,2.0,B01
201300026286,0,7,0,0.0,0.0,1.0,2.0,A01
201300026287,0,7,0,0.0,2.0,5.0,1.0,B01
201300026287,0,33,0,3.0,2.0,0.0,1.0,A01
201300026288,0,7,0,0.0,1.0,3.0,1.0,A01
201300026289,0,33,0,0.0,2.0,0.0,1.0,A01
201300026289,0,7,0,0.0,0.0,1.0,1.0,B01
201300026290,0,7,0,0.0,1.0,0.0,1.0,A01
201300026291,0,7,0,0.0,2.0,8.0,16.0,A01
201300026291,0,32,0,0.0,2.0,2.0,1.0,B01
201300026292,0,37,2,0.0,9.0,5.0,16.0,A01
201300026292,0,1,0,0.0,2.0,1.0,1.0,B01
201300026293,0,7,0,0.0,2.0,3.0,15.0,A01
201300026293,0,30,0,0.0,2.0,1.0,17.0,B01
201300026294,0,7,0,0.0,1.0,1.0,1.0,A01
201300026295,0,7,0,8.0,0.0,1.0,1.0,A01
201300026296,0,7,0,0.0,2.0,2.0,16.0,A01
201300026296,0,2,0,15.0,2.0,3.0,1.0,B01
201300026297,0,7,0,0.0,2.0,3.0,1.0,B01
201300026297,0,7,0,0.0,2.0,3.0,9.0,A01
201300026298,0,37,9,0.0,2.0,3.0,15.0,B01
201300026298,0,1,0,0.0,2.0,3.0,0.0,A01
201300026299,0,1,0,0.0,1.0,1.0,1.0,A01
201300026300,0,7,0,0.0,2.0,3.0,13.0,A01
201300026300,0,30,0,0.0,2.0,8.0,1.0,B01
201300026301,0,2,0,0.0,2.0,1.0,17.0,A01
201300026301,0,7,0,0.0,2.0,6.0,1.0,B01
201300026302,0,33,0,0.0,2.0,1.0,1.0,A01
201300026302,0,7,0,0.0,2.0,3.0,1.0,B01
201300026303,0,37,0,0.0,1.0,2.0,1.0,A01
201300026304,0,7,0,0.0,1.0,1.0,1.0,A01
201300026305,0,7,0,0.0,2.0,1.0,2.0,A01
201300026305,0,7,0,0.0,2.0,4.0,2.0,B01
201300026306,0,7,0,0.0,0.0,3.0,15.0,A01
201300026306,0,40,0,0.0,2.0,1.0,1.0,B01
201300026307,0,1,0,0.0,2.0,8.0,19.0,B01
201300026307,1,7,0,0.0,0.0,2.0,1.0,A01
201300026308,0,1,0,0.0,1.0,1.0,1.0,A01
201300026309,0,7,0,0.0,0.0,3.0,15.0,A01
201300026309,0,2,0,0.0,0.0,1.0,7.0,B01
201300026310,0,10,0,0.0,1.0,1.0,1.0,A01
201300026311,0,7,0,0.0,0.0,8.0,16.0,A01
201300026311,0,30,0,0.0,0.0,1.0,1.0,B01
201300026312,0,33,0,0.0,0.0,1.0,1.0,B01
201300026312,0,7,0,0.0,0.0,1.0,15.0,A01
201300026313,0,1,0,0.0,2.0,4.0,1.0,B01
201300026313,1,7,0,0.0,2.0,0.0,1.0,A01
201300026314,0,7,0,0.0,2.0,2.0,15.0,A01
201300026314,0,30,0,0.0,2.0,1.0,1.0,B01
201300026315,0,7,0,0.0,1.0,1.0,1.0,A01
201300026316,0,33,0,0.0,2.0,1.0,2.0,A01
201300026316,0,7,0,0.0,2.0,4.0,2.0,B01
201300026317,0,7,0,0.0,2.0,4.0,2.0,A01
201300026317,0,7,0,0.0,2.0,2.0,2.0,B01
201300026317,0,38,61,0.0,2.0,1.0,2.0,C01
201300026318,0,34,0,0.0,2.0,1.0,1.0,A01
201300026318,0,7,0,0.0,2.0,3.0,15.0,B01
201300026319,0,7,0,0.0,2.0,1.0,1.0,A01
201300026319,0,7,0,0.0,2.0,4.0,1.0,B01
201300026320,0,7,0,0.0,2.0,2.0,9.0,A01
201300026320,0,1,0,0.0,2.0,1.0,1.0,B01
201300026321,0,7,0,0.0,2.0,4.0,23.0,C01
201300026321,0,7,0,0.0,2.0,6.0,23.0,B01
201300026321,0,7,0,0.0,2.0,2.0,2.0,A01
201300026322,0,33,0,0.0,2.0,1.0,1.0,B01
201300026322,0,7,0,0.0,2.0,1.0,5.0,A01
201300026323,0,7,0,0.0,2.0,3.0,15.0,A01
201300026323,0,7,0,0.0,2.0,1.0,1.0,B01
201300026324,0,7,0,0.0,1.0,2.0,1.0,A01
201300026325,0,3,0,0.0,1.0,1.0,1.0,A01
201300026326,0,33,0,0.0,2.0,1.0,1.0,B01
201300026326,0,7,0,0.0,2.0,5.0,13.0,A01
201300026327,0,7,0,0.0,2.0,3.0,15.0,A01
201300026327,0,31,0,0.0,2.0,1.0,1.0,B01
201300026328,0,7,0,0.0,0.0,0.0,15.0,A01
201300026328,0,1,0,0.0,0.0,0.0,1.0,B01
201300026329,0,40,0,0.0,1.0,4.0,1.0,A01
201300026330,0,2,0,0.0,0.0,1.0,1.0,B01
201300026330,0,7,0,0.0,0.0,1.0,1.0,A01
201300026331,0,7,0,0.0,1.0,2.0,16.0,A01
201300026332,0,40,0,0.0,1.0,1.0,1.0,A01
201300026333,0,30,0,0.0,2.0,1.0,18.0,B01
201300026333,0,7,0,0.0,2.0,2.0,15.0,A01
201300026334,0,7,0,0.0,1.0,1.0,1.0,A01
201300026335,0,32,0,0.0,2.0,1.0,1.0,A01
201300026335,0,7,0,0.0,2.0,7.0,1.0,B01
201300026336,0,7,0,0.0,2.0,4.0,1.0,C01
201300026336,0,13,0,0.0,2.0,1.0,2.0,A01
201300026336,0,7,0,0.0,2.0,4.0,2.0,B01
201300026337,0,7,0,0.0,1.0,1.0,1.0,A01
201300026338,0,7,0,0.0,2.0,3.0,1.0,A01
201300026338,0,31,0,0.0,2.0,2.0,0.0,B01
201300026339,0,7,0,0.0,2.0,3.0,1.0,B01
201300026339,0,7,0,0.0,2.0,2.0,15.0,A01
201300026340,0,7,0,0.0,1.0,2.0,1.0,A01
201300026341,0,7,0,0.0,1.0,1.0,15.0,A01
201300026342,0,1,0,0.0,1.0,1.0,1.0,B01
201300026343,0,38,0,0.0,1.0,2.0,1.0,A01
201300026344,0,7,0,0.0,2.0,1.0,15.0,A01
201300026344,0,38,5,0.0,2.0,3.0,8.0,B01
201300026345,0,40,0,0.0,1.0,1.0,1.0,A01
201300026346,0,7,0,0.0,9.0,4.0,2.0,B01
201300026346,0,17,0,0.0,2.0,3.0,2.0,A01
201300026346,0,7,0,0.0,2.0,1.0,21.0,C01
201300026347,0,99,0,0.0,2.0,7.0,1.0,B01
201300026347,0,7,0,0.0,2.0,1.0,1.0,A01
201300026348,0,33,0,3.0,0.0,2.0,15.0,A01
201300026349,0,2,0,0.0,0.0,0.0,0.0,A01
201300026349,0,7,0,0.0,0.0,1.0,0.0,B01
201300026350,0,7,0,0.0,1.0,3.0,1.0,A01
201300026351,0,2,0,0.0,0.0,1.0,1.0,B01
201300026351,0,7,0,0.0,0.0,1.0,15.0,A01
201300026351,0,7,0,0.0,0.0,0.0,1.0,C01
201300026352,0,7,0,0.0,1.0,0.0,15.0,A01
201300026353,0,7,0,0.0,2.0,2.0,15.0,B01
201300026353,0,1,0,0.0,0.0,1.0,1.0,A01
201300026354,0,7,0,0.0,1.0,2.0,4.0,A01
201300026355,0,7,0,0.0,2.0,7.0,1.0,B01
201300026355,0,7,0,1.0,2.0,1.0,1.0,A01
201300026356,0,7,0,0.0,1.0,3.0,1.0,A01
201300026357,0,32,0,0.0,2.0,2.0,17.0,B01
201300026357,0,7,0,0.0,2.0,3.0,15.0,A01
201300026358,0,7,0,1.0,0.0,1.0,14.0,A01
201300026358,0,37,21,0.0,2.0,4.0,23.0,B01
201300026359,0,7,0,0.0,2.0,1.0,1.0,A01
201300026359,0,7,0,0.0,2.0,7.0,1.0,B01
201300026360,0,7,0,0.0,1.0,2.0,15.0,A01
201300026361,0,7,0,3.0,2.0,3.0,1.0,B01
201300026361,0,7,0,3.0,0.0,1.0,1.0,C01
201300026361,0,7,0,3.0,2.0,9.0,1.0,A01
201300026362,0,1,0,0.0,9.0,1.0,5.0,A01
201300026362,0,1,0,0.0,9.0,1.0,1.0,B01
201300026363,0,7,0,0.0,1.0,1.0,15.0,A01
201300026364,0,7,0,0.0,2.0,1.0,5.0,A01
201300026364,0,7,0,0.0,2.0,1.0,1.0,B01
201300026364,0,7,0,0.0,2.0,0.0,1.0,C01
201300026365,0,7,0,0.0,2.0,2.0,15.0,A01
201300026365,0,31,0,0.0,2.0,1.0,1.0,B01
201300026366,0,2,0,0.0,1.0,1.0,1.0,Z01
201300026367,0,30,0,0.0,2.0,1.0,1.0,B01
201300026367,0,7,0,0.0,2.0,0.0,15.0,A01
201300026368,0,30,0,0.0,2.0,0.0,1.0,B01
201300026368,0,7,0,0.0,2.0,0.0,15.0,A01
201300026369,0,7,0,0.0,0.0,1.0,1.0,A01
201300026369,0,7,0,0.0,2.0,4.0,1.0,B01
201300026369,0,7,0,0.0,0.0,4.0,1.0,C01
201300026370,0,7,0,3.0,0.0,3.0,0.0,A01
201300026371,0,10,0,0.0,1.0,3.0,9.0,A01
201300026372,0,10,0,0.0,1.0,6.0,4.0,A01
201300026373,0,40,0,0.0,1.0,1.0,1.0,A01
201300026374,0,13,0,0.0,1.0,1.0,0.0,A01
201300026375,0,7,0,0.0,1.0,7.0,1.0,B01
201300026375,1,7,0,0.0,2.0,7.0,9.0,A01
201300026376,0,33,0,0.0,0.0,0.0,0.0,A01
201300026377,0,7,0,0.0,1.0,1.0,1.0,A01
201300026378,0,7,0,0.0,1.0,3.0,16.0,A01
201300026379,0,2,0,0.0,1.0,1.0,1.0,A01
201300026380,0,7,0,0.0,1.0,2.0,1.0,A01
201300026381,0,7,0,0.0,2.0,2.0,10.0,A01
201300026381,0,7,0,0.0,2.0,1.0,1.0,B01
201300026382,0,7,0,0.0,2.0,2.0,15.0,A01
201300026382,0,30,0,0.0,2.0,1.0,1.0,B01
201300026383,0,38,0,0.0,1.0,2.0,1.0,A01
201300026384,0,7,0,0.0,0.0,3.0,9.0,A01
201300026384,0,1,0,0.0,0.0,1.0,1.0,B01
201300026385,0,7,0,13.0,6.0,3.0,21.0,A01
201300026386,0,7,0,0.0,2.0,1.0,1.0,B01
201300026386,0,7,0,15.0,2.0,1.0,5.0,A01
201300026387,0,7,0,0.0,2.0,1.0,2.0,A01
201300026387,0,7,0,0.0,0.0,4.0,23.0,B01
201300026388,0,7,0,8.0,0.0,1.0,0.0,A01
201300026389,0,7,0,0.0,1.0,1.0,1.0,A01
201300026390,0,7,0,9.0,0.0,8.0,1.0,A01
201300026391,0,31,0,0.0,2.0,1.0,17.0,A01
201300026391,0,7,0,0.0,0.0,8.0,15.0,B01
201300026392,0,1,0,,,,,B01
201300026392,0,7,0,0.0,2.0,2.0,1.0,A01
201300026393,0,7,0,0.0,2.0,7.0,16.0,B01
201300026393,0,2,0,0.0,2.0,8.0,18.0,A01
201300026394,0,7,0,2.0,0.0,7.0,1.0,A01
201300026395,0,7,0,0.0,2.0,8.0,10.0,A01
201300026395,0,10,0,0.0,2.0,1.0,1.0,B01
201300026396,0,7,0,6.0,0.0,1.0,1.0,A01
201300026397,0,7,0,0.0,1.0,6.0,4.0,A01
201300026398,0,7,0,0.0,1.0,1.0,1.0,A01
201300026399,0,33,0,0.0,2.0,8.0,1.0,B01
201300026399,0,7,0,0.0,2.0,8.0,0.0,A01
201300026400,0,7,0,0.0,0.0,2.0,2.0,A01
201300026400,0,7,0,0.0,2.0,6.0,2.0,B01
201300026401,0,7,0,0.0,1.0,0.0,1.0,A01
201300026402,0,7,0,0.0,1.0,0.0,1.0,A01
201300026403,0,2,0,0.0,2.0,7.0,15.0,A01
201300026403,0,7,0,0.0,2.0,2.0,1.0,B01
201300026404,0,1,0,0.0,0.0,0.0,1.0,A01
201300026405,2,7,0,1.0,0.0,1.0,1.0,A01
201300026406,0,7,0,0.0,1.0,2.0,15.0,A01
201300026407,0,7,0,1.0,0.0,1.0,14.0,A01
201300026407,0,7,0,0.0,0.0,4.0,24.0,B01
201300026408,0,7,0,0.0,2.0,1.0,1.0,B01
201300026408,0,7,0,0.0,2.0,2.0,15.0,A01
201300026409,0,7,0,0.0,1.0,2.0,1.0,A01
201300026410,0,7,0,0.0,1.0,1.0,19.0,A01
201300026411,0,10,0,0.0,1.0,3.0,14.0,A01
201300026412,0,7,0,15.0,6.0,2.0,21.0,A01
201300026413,0,30,0,0.0,2.0,1.0,17.0,A01
201300026413,0,7,0,0.0,2.0,3.0,15.0,B01
201300026414,0,7,0,2.0,0.0,1.0,20.0,A01
201300026415,0,7,0,0.0,2.0,3.0,17.0,A01
201300026415,0,2,0,0.0,2.0,1.0,17.0,B02
201300026416,0,17,0,0.0,1.0,3.0,2.0,A01
201300026417,0,30,0,0.0,2.0,8.0,2.0,A01
201300026417,0,7,0,0.0,2.0,6.0,2.0,B01
201300026418,0,7,0,0.0,2.0,2.0,15.0,A01
201300026418,0,7,0,15.0,2.0,1.0,2.0,B01
201300026419,0,2,0,,4.0,8.0,19.0,A01
201300026419,0,39,50,0.0,2.0,2.0,1.0,B01
201300026420,0,17,0,0.0,2.0,7.0,16.0,A01
201300026420,0,1,0,0.0,2.0,1.0,1.0,B02
201300026421,0,7,0,0.0,1.0,4.0,4.0,A01
201300026422,0,7,0,0.0,2.0,1.0,15.0,A01
201300026422,0,33,0,0.0,2.0,1.0,1.0,B01
201300026423,0,7,0,0.0,2.0,2.0,15.0,A01
201300026423,0,33,0,0.0,2.0,1.0,2.0,B02
201300026424,0,7,0,0.0,2.0,5.0,15.0,A01
201300026424,0,33,0,0.0,2.0,1.0,1.0,B02
201300026424,0,7,0,0.0,2.0,8.0,1.0,C02
201300026425,0,7,0,0.0,1.0,3.0,20.0,A01
201300026426,0,30,0,0.0,2.0,1.0,2.0,A01
201300026426,0,7,0,0.0,2.0,4.0,2.0,B01
201300026427,0,7,0,0.0,1.0,0.0,20.0,A01
201300026428,0,7,0,0.0,2.0,2.0,15.0,A01
201300026428,0,7,0,0.0,2.0,3.0,1.0,B01
201300026428,0,7,0,0.0,2.0,8.0,1.0,C01
201300026429,0,7,0,0.0,1.0,3.0,19.0,A01
201300026430,0,7,0,0.0,2.0,3.0,1.0,B01
201300026430,0,30,0,0.0,2.0,7.0,1.0,A01
201300026431,0,7,0,0.0,2.0,1.0,5.0,A01
201300026431,0,7,0,0.0,2.0,1.0,1.0,B01
201300026432,0,7,0,0.0,1.0,3.0,0.0,A01
201300026433,0,7,0,0.0,2.0,2.0,1.0,A01
201300026433,0,30,0,0.0,2.0,0.0,0.0,B01
201300026434,0,10,0,0.0,1.0,4.0,4.0,A01
201300026435,0,15,0,0.0,2.0,1.0,13.0,A01
201300026435,0,15,0,0.0,2.0,8.0,1.0,B01
201300026435,0,7,0,0.0,9.0,1.0,1.0,C01
201300026435,0,17,0,0.0,2.0,1.0,1.0,D01
201300026435,0,7,0,0.0,9.0,1.0,1.0,E01
201300026436,0,7,0,0.0,2.0,1.0,2.0,A01
201300026436,0,7,0,0.0,2.0,4.0,23.0,B01
201300026436,0,7,0,0.0,2.0,4.0,23.0,C01
201300026436,0,7,0,0.0,2.0,4.0,23.0,D01
201300026437,0,7,0,0.0,1.0,1.0,15.0,A01
201300026438,0,33,0,0.0,2.0,7.0,1.0,B01
201300026438,0,7,0,0.0,2.0,1.0,1.0,A01
201300026439,0,7,0,0.0,2.0,3.0,15.0,A01
201300026439,0,7,0,0.0,2.0,1.0,1.0,B01
201300026439,0,7,0,0.0,2.0,1.0,2.0,C01
201300026440,0,7,0,0.0,2.0,7.0,9.0,A01
201300026440,0,7,0,0.0,2.0,3.0,1.0,B01
201300026441,0,10,0,0.0,2.0,1.0,19.0,A01
201300026441,0,1,0,0.0,2.0,1.0,19.0,B01
201300026442,0,31,0,0.0,2.0,7.0,1.0,A01
201300026442,0,10,0,0.0,2.0,1.0,1.0,B01
201300026443,0,2,0,0.0,2.0,8.0,9.0,A01
201300026443,0,7,0,0.0,2.0,7.0,9.0,B01
201300026444,0,7,0,0.0,2.0,1.0,13.0,A01
201300026444,0,10,0,0.0,2.0,8.0,1.0,B01
201300026444,0,15,0,0.0,2.0,1.0,1.0,C01
201300026445,0,7,0,0.0,2.0,1.0,2.0,A01
201300026445,0,7,0,0.0,2.0,4.0,2.0,B01
201300026445,0,7,0,0.0,0.0,4.0,2.0,C01
201300026445,0,7,0,0.0,2.0,4.0,2.0,D01
201300026446,0,7,0,0.0,2.0,3.0,10.0,A01
201300026446,0,7,0,0.0,2.0,2.0,1.0,B01
201300026447,0,7,0,0.0,1.0,4.0,4.0,A01
201300026448,0,7,0,0.0,2.0,8.0,15.0,A01
201300026448,0,7,0,0.0,2.0,1.0,1.0,B01
201300026449,0,7,0,0.0,1.0,3.0,15.0,A01
201300026450,0,10,0,0.0,1.0,4.0,4.0,A01
201300026451,0,31,0,0.0,2.0,0.0,2.0,A01
201300026451,0,7,0,0.0,2.0,4.0,2.0,B01
201300026451,0,7,0,0.0,2.0,1.0,2.0,C01
201300026452,0,2,0,0.0,0.0,7.0,1.0,A01
201300026453,0,7,0,2.0,0.0,1.0,1.0,A01
201300026454,0,10,0,0.0,2.0,2.0,10.0,B01
201300026454,0,10,0,0.0,2.0,2.0,2.0,A01
201300026455,0,2,0,0.0,2.0,1.0,2.0,A01
201300026455,0,7,0,0.0,2.0,4.0,2.0,B01
201300026456,0,7,0,0.0,2.0,5.0,1.0,A01
201300026456,0,10,0,0.0,2.0,1.0,1.0,B01
201300026457,0,2,0,0.0,2.0,1.0,6.0,A01
201300026457,0,7,0,0.0,0.0,3.0,1.0,B01
201300026458,0,2,0,0.0,2.0,1.0,2.0,B01
201300026458,0,7,0,0.0,2.0,3.0,15.0,A01
201300026459,0,7,0,0.0,2.0,3.0,1.0,B01
201300026459,0,7,0,0.0,2.0,1.0,15.0,A01
201300026460,0,7,0,0.0,2.0,1.0,2.0,A01
201300026460,0,2,0,0.0,0.0,4.0,1.0,B01
201300026461,0,10,0,0.0,2.0,1.0,1.0,A01
201300026461,0,10,0,0.0,2.0,1.0,1.0,B01
201300026462,0,7,0,13.0,0.0,2.0,1.0,A01
201300026463,0,3,0,0.0,2.0,1.0,1.0,A01
201300026463,0,7,0,0.0,2.0,1.0,1.0,B01
201300026464,0,7,0,0.0,1.0,1.0,1.0,A01
201300026465,0,33,0,0.0,2.0,1.0,1.0,B01
201300026465,0,7,0,0.0,2.0,3.0,9.0,A01
201300026466,0,7,0,0.0,2.0,1.0,1.0,B01
201300026466,0,7,0,0.0,2.0,3.0,1.0,A01
201300026467,0,33,0,0.0,0.0,9.0,17.0,A01
201300026468,0,7,0,0.0,2.0,1.0,2.0,A01
201300026468,0,7,0,0.0,0.0,4.0,1.0,B01
201300026469,0,2,0,0.0,2.0,1.0,15.0,A01
201300026469,0,7,0,0.0,2.0,6.0,2.0,C01
201300026469,0,7,0,0.0,2.0,3.0,2.0,B01
201300026470,0,1,0,0.0,2.0,1.0,2.0,A01
201300026470,0,7,0,0.0,2.0,2.0,2.0,B01
201300026471,0,7,0,0.0,0.0,9.0,1.0,A01
201300026472,0,7,0,0.0,2.0,3.0,15.0,A01
201300026472,0,33,0,0.0,2.0,1.0,2.0,B01
201300026473,0,7,0,0.0,1.0,1.0,1.0,A01
201300026474,0,7,0,0.0,1.0,2.0,1.0,A01
201300026475,0,7,0,0.0,0.0,7.0,1.0,B01
201300026475,2,7,0,0.0,0.0,1.0,0.0,Z01