Num_Acc,senc,catv,occutc,obs,obsm,choc,manv,num_veh
201300026476,0,7,0,0.0,2.0,1.0,1.0,B01
201300026476,0,7,0,0.0,2.0,4.0,9.0,A01
201300026477,0,7,0,0.0,2.0,1.0,15.0,A01
201300026477,0,33,0,0.0,2.0,1.0,1.0,B01
201300026478,0,36,0,0.0,0.0,1.0,1.0,A01
201300026479,0,7,0,11.0,0.0,1.0,1.0,A01
201300026480,0,7,0,0.0,0.0,4.0,1.0,B01
201300026480,0,7,0,0.0,2.0,1.0,2.0,A01
201300026481,0,7,0,0.0,2.0,4.0,1.0,A01
201300026481,0,30,0,0.0,2.0,1.0,2.0,B01
201300026482,0,32,0,12.0,0.0,1.0,1.0,A01
201300026483,0,7,0,0.0,2.0,4.0,1.0,B01
201300026483,0,7,0,0.0,2.0,1.0,2.0,A01
201300026484,0,7,0,16.0,0.0,7.0,1.0,A01
201300026485,0,7,0,0.0,0.0,0.0,23.0,A01
201300026485,0,2,0,0.0,2.0,0.0,1.0,B01
201300026486,0,31,0,0.0,2.0,1.0,17.0,A01
201300026486,0,7,0,0.0,2.0,6.0,15.0,B01
201300026487,0,7,0,0.0,0.0,2.0,17.0,B01
201300026487,0,14,0,0.0,2.0,6.0,13.0,A01
201300026488,0,7,0,0.0,0.0,9.0,14.0,A01
201300026489,0,30,0,0.0,2.0,1.0,2.0,A01
201300026489,0,7,0,0.0,2.0,4.0,23.0,B01
201300026490,0,7,0,0.0,2.0,1.0,2.0,A01
201300026490,0,7,0,0.0,2.0,4.0,1.0,B01
201300026491,0,7,0,6.0,0.0,1.0,1.0,A01
201300026492,0,30,0,15.0,0.0,1.0,1.0,A01
201300026493,0,7,0,0.0,2.0,4.0,1.0,B01
201300026493,0,7,0,0.0,2.0,1.0,2.0,A01
201300026494,0,2,0,0.0,0.0,1.0,1.0,A01
201300026495,0,7,0,0.0,0.0,1.0,1.0,A01
201300026496,0,7,0,0.0,2.0,1.0,6.0,A01
201300026496,0,7,0,0.0,2.0,1.0,1.0,B01
201300026497,0,7,0,13.0,0.0,1.0,1.0,A01
201300026498,0,7,0,0.0,2.0,4.0,23.0,B01
201300026498,0,7,0,0.0,2.0,1.0,2.0,A01
201300026499,0,7,0,0.0,1.0,1.0,2.0,A01
201300026500,0,7,0,0.0,1.0,1.0,17.0,A01
201300026501,0,7,0,0.0,5.0,1.0,2.0,A01
201300026502,0,7,0,0.0,1.0,1.0,2.0,A01
201300026503,0,10,0,0.0,2.0,1.0,16.0,A01
201300026503,0,2,0,0.0,0.0,2.0,1.0,B01
201300026504,0,10,0,0.0,2.0,1.0,13.0,B01
201300026504,0,7,0,0.0,2.0,1.0,13.0,A01
201300026504,0,2,0,14.0,2.0,1.0,1.0,C01
201300026505,0,7,0,0.0,1.0,1.0,1.0,A01
201300026506,0,7,0,0.0,2.0,7.0,23.0,D01
201300026506,0,33,0,0.0,2.0,1.0,1.0,B01
201300026506,0,7,0,0.0,2.0,7.0,23.0,C01
201300026506,0,15,0,0.0,2.0,6.0,11.0,A01
201300026507,0,33,0,0.0,2.0,2.0,1.0,B01
201300026507,0,10,0,0.0,2.0,8.0,11.0,A01
201300026508,0,33,0,0.0,2.0,1.0,2.0,A01
201300026508,0,7,0,0.0,2.0,4.0,1.0,B01
201300026509,0,1,0,0.0,2.0,4.0,21.0,B01
201300026509,0,33,0,0.0,2.0,1.0,2.0,A01
201300026510,1,7,0,0.0,2.0,4.0,15.0,Z01
201300026510,0,33,0,0.0,2.0,2.0,1.0,A01
201300026511,0,7,0,0.0,1.0,7.0,1.0,A01
201300026512,0,31,0,0.0,2.0,8.0,1.0,B01
201300026512,0,7,0,0.0,2.0,3.0,15.0,A01
201300026513,0,7,0,0.0,2.0,2.0,1.0,B01
201300026513,0,7,0,0.0,2.0,3.0,15.0,A01
201300026514,0,1,0,0.0,2.0,1.0,1.0,B01
201300026514,0,7,0,0.0,2.0,1.0,13.0,A01
201300026515,0,7,0,2.0,0.0,7.0,1.0,A01
201300026516,0,7,0,15.0,0.0,1.0,1.0,A01
201300026517,0,10,0,0.0,2.0,2.0,17.0,A01
201300026517,0,7,0,0.0,2.0,3.0,16.0,B01
201300026518,0,7,0,0.0,1.0,1.0,1.0,A01
201300026519,0,7,0,0.0,1.0,2.0,1.0,A01
201300026520,0,30,0,0.0,2.0,1.0,17.0,A01
201300026520,0,7,0,0.0,2.0,8.0,1.0,B01
201300026521,0,7,0,0.0,2.0,1.0,13.0,A01
201300026521,0,7,0,0.0,2.0,1.0,1.0,B01
201300026522,0,7,0,0.0,2.0,1.0,13.0,A01
201300026522,0,7,0,0.0,2.0,1.0,1.0,B01
201300026523,0,7,0,0.0,1.0,2.0,1.0,A01
201300026524,0,7,0,0.0,1.0,3.0,2.0,A01
201300026525,0,7,0,15.0,0.0,1.0,1.0,A01
201300026526,0,7,0,0.0,1.0,2.0,1.0,A01
201300026527,0,7,0,0.0,2.0,1.0,1.0,B01
201300026527,0,15,0,0.0,2.0,5.0,15.0,A01
201300026528,0,15,0,0.0,2.0,1.0,1.0,A01
201300026528,0,15,0,0.0,0.0,6.0,23.0,B01
201300026529,0,7,0,0.0,2.0,4.0,1.0,C01
201300026529,0,7,0,0.0,2.0,1.0,1.0,A01
201300026529,0,7,0,0.0,2.0,4.0,1.0,B01
201300026530,0,7,0,0.0,0.0,1.0,1.0,A01
201300026531,0,7,0,0.0,1.0,1.0,1.0,A01
201300026532,0,7,0,0.0,2.0,8.0,15.0,B01
201300026532,0,7,0,8.0,2.0,1.0,17.0,A01
201300026533,0,7,0,1.0,0.0,1.0,14.0,A01
201300026533,0,15,0,0.0,2.0,6.0,24.0,B01
201300026534,0,7,0,16.0,0.0,7.0,13.0,A01
201300026535,0,20,0,0.0,1.0,1.0,1.0,A01
201300026536,0,7,0,8.0,0.0,1.0,13.0,A01
201300026537,0,7,0,0.0,2.0,1.0,15.0,A01
201300026537,0,7,0,0.0,2.0,3.0,1.0,B01
201300026538,0,7,0,0.0,2.0,3.0,15.0,B01
201300026538,0,2,0,6.0,2.0,1.0,1.0,A01
201300026539,0,7,0,0.0,2.0,7.0,16.0,A01
201300026539,0,1,0,0.0,2.0,4.0,16.0,B01
201300026540,0,10,0,0.0,1.0,3.0,16.0,A01
201300026540,0,7,0,0.0,1.0,3.0,15.0,B01
201300026541,0,7,0,10.0,0.0,2.0,16.0,A01
201300026542,0,2,0,0.0,2.0,1.0,16.0,A01
201300026542,0,7,0,0.0,2.0,1.0,15.0,B01
201300026543,0,2,0,0.0,2.0,4.0,23.0,B01
201300026543,0,7,0,0.0,2.0,2.0,1.0,A01
201300026544,0,10,0,6.0,2.0,2.0,1.0,A01
201300026544,0,7,0,0.0,2.0,8.0,1.0,B01
201300026545,0,7,0,6.0,0.0,1.0,13.0,A01
201300026546,0,7,0,0.0,2.0,1.0,1.0,A01
201300026546,0,7,0,0.0,2.0,4.0,23.0,B01
201300026547,0,15,0,0.0,2.0,2.0,1.0,B01
201300026547,0,7,0,0.0,2.0,8.0,1.0,A01
201300026548,0,7,0,0.0,2.0,5.0,1.0,A01
201300026548,0,30,0,0.0,2.0,7.0,1.0,B01
201300026549,0,30,0,0.0,2.0,1.0,1.0,B01
201300026549,0,7,0,0.0,2.0,2.0,16.0,A01
201300026550,0,30,0,7.0,0.0,1.0,16.0,A01
201300026551,0,7,0,0.0,1.0,3.0,16.0,A01
201300026552,0,7,0,0.0,2.0,2.0,15.0,A01
201300026552,0,33,0,0.0,2.0,5.0,1.0,B01
201300026552,0,38,1,0.0,0.0,0.0,24.0,C01
201300026553,0,7,0,13.0,2.0,1.0,1.0,A01
201300026553,0,7,0,0.0,2.0,9.0,1.0,B01
201300026554,0,7,0,12.0,2.0,8.0,13.0,A01
201300026554,0,7,0,0.0,2.0,8.0,1.0,B01
201300026555,0,14,0,0.0,2.0,3.0,1.0,A01
201300026555,0,7,0,0.0,2.0,8.0,15.0,B01
201300026556,0,30,0,12.0,0.0,1.0,14.0,A01
201300026557,0,2,0,7.0,0.0,1.0,1.0,A01
201300026558,0,2,0,0.0,2.0,1.0,1.0,B01
201300026558,0,7,0,0.0,2.0,2.0,15.0,A01
201300026559,1,7,0,0.0,1.0,2.0,5.0,A01
201300026560,1,1,0,0.0,1.0,1.0,1.0,A01
201300026561,0,7,0,13.0,0.0,1.0,0.0,A01
201300026562,0,7,0,6.0,0.0,1.0,1.0,A01
201300026563,0,10,0,0.0,1.0,3.0,1.0,A01
201300026564,0,1,0,0.0,2.0,1.0,0.0,B01
201300026564,0,7,0,0.0,2.0,7.0,16.0,A01
201300026565,0,7,0,0.0,1.0,5.0,16.0,A01
201300026566,0,30,0,0.0,1.0,1.0,0.0,A01
201300026567,0,7,0,0.0,1.0,2.0,0.0,A01
201300026568,0,7,0,0.0,1.0,0.0,0.0,A01
201300026569,0,7,0,0.0,2.0,3.0,23.0,B01
201300026569,0,7,0,0.0,2.0,3.0,1.0,C01
201300026569,0,7,0,0.0,2.0,2.0,21.0,A01
201300026570,0,7,0,0.0,1.0,1.0,1.0,A01
201300026571,0,2,0,0.0,2.0,1.0,0.0,A01
201300026571,0,7,0,0.0,2.0,3.0,15.0,B01
201300026572,0,7,0,0.0,2.0,3.0,0.0,A01
201300026572,0,7,0,0.0,2.0,2.0,0.0,B01
201300026573,0,7,0,1.0,2.0,6.0,0.0,B01
201300026573,1,99,0,0.0,0.0,0.0,0.0,A01
201300026574,0,7,0,0.0,2.0,2.0,17.0,A01
201300026574,0,7,0,0.0,2.0,3.0,15.0,B01
201300026575,0,7,0,0.0,2.0,8.0,15.0,A01
201300026575,0,31,0,0.0,2.0,7.0,0.0,B01
201300026576,0,1,0,0.0,2.0,1.0,1.0,B01
201300026576,0,7,0,0.0,2.0,1.0,15.0,A01
201300026577,0,7,0,0.0,2.0,3.0,0.0,B01
201300026577,0,1,0,0.0,2.0,1.0,16.0,A01
201300026578,0,33,0,15.0,0.0,1.0,0.0,A01
201300026579,0,7,0,0.0,2.0,2.0,15.0,A01
201300026579,0,2,0,0.0,2.0,8.0,1.0,B01
201300026580,0,7,0,0.0,1.0,1.0,0.0,A01
201300026581,0,7,0,0.0,2.0,1.0,1.0,A01
201300026581,0,7,0,0.0,2.0,3.0,15.0,B01
201300026582,0,33,0,0.0,2.0,1.0,17.0,B01
201300026582,0,7,0,0.0,2.0,8.0,15.0,C01
201300026582,0,33,0,0.0,2.0,1.0,17.0,A01
201300026583,0,7,0,0.0,2.0,1.0,0.0,B01
201300026583,0,7,0,0.0,2.0,1.0,13.0,A01
201300026584,0,33,0,0.0,2.0,1.0,0.0,B01
201300026584,0,7,0,0.0,2.0,7.0,9.0,A01
201300026585,0,7,0,0.0,2.0,1.0,17.0,A01
201300026585,0,7,0,0.0,2.0,1.0,0.0,B01
201300026586,0,30,0,0.0,2.0,8.0,0.0,B01
201300026586,1,99,0,0.0,2.0,7.0,17.0,A01
201300026587,0,7,0,0.0,1.0,7.0,0.0,A01
201300026588,0,7,0,0.0,2.0,8.0,9.0,A01
201300026588,0,33,0,0.0,2.0,1.0,1.0,B01
201300026589,0,7,0,0.0,1.0,3.0,1.0,A01
201300026590,0,7,0,0.0,1.0,2.0,1.0,A01
201300026591,0,7,0,0.0,2.0,1.0,15.0,A01
201300026591,0,7,0,0.0,2.0,1.0,0.0,B01
201300026592,0,1,0,0.0,2.0,1.0,1.0,B01
201300026592,0,7,0,0.0,2.0,6.0,15.0,A01
201300026593,0,7,0,0.0,1.0,6.0,1.0,A01
201300026594,0,30,0,0.0,2.0,1.0,1.0,B01
201300026594,0,7,0,0.0,2.0,3.0,17.0,A01
201300026595,0,7,0,2.0,0.0,1.0,0.0,A01
201300026596,0,2,0,0.0,0.0,8.0,15.0,B01
201300026596,0,30,0,0.0,2.0,1.0,2.0,A01
201300026597,1,99,0,0.0,2.0,2.0,17.0,Z01
201300026597,0,2,0,0.0,2.0,8.0,1.0,A01
201300026598,0,7,0,0.0,1.0,1.0,1.0,A01
201300026598,0,7,0,0.0,2.0,2.0,1.0,B01
201300026599,0,7,0,0.0,1.0,1.0,1.0,A01
201300026600,1,99,0,0.0,1.0,1.0,1.0,Z01
201300026601,0,7,0,0.0,2.0,1.0,19.0,A01
201300026601,0,1,0,0.0,2.0,1.0,1.0,B01
201300026602,0,7,0,0.0,1.0,0.0,15.0,A01
201300026603,1,99,0,0.0,2.0,3.0,9.0,Z01
201300026603,0,2,0,0.0,2.0,7.0,1.0,A01
201300026604,0,7,0,0.0,1.0,2.0,1.0,A01
201300026605,0,7,0,0.0,2.0,8.0,1.0,B01
201300026605,0,7,0,0.0,2.0,2.0,9.0,A01
201300026606,0,7,0,8.0,0.0,1.0,1.0,A01
201300026607,0,7,0,0.0,2.0,1.0,1.0,A01
201300026607,0,7,0,0.0,0.0,4.0,23.0,B01
201300026608,0,7,0,0.0,2.0,1.0,15.0,A01
201300026608,0,7,0,0.0,2.0,8.0,1.0,B01
201300026609,0,2,0,0.0,2.0,2.0,1.0,B01
201300026609,0,7,0,0.0,2.0,0.0,9.0,A01
201300026610,0,7,0,0.0,2.0,7.0,6.0,A01
201300026610,0,7,0,0.0,2.0,1.0,1.0,B01
201300026611,0,7,0,1.0,1.0,3.0,1.0,A01
201300026612,0,7,0,0.0,2.0,1.0,2.0,A01
201300026612,0,7,0,0.0,2.0,4.0,23.0,B01
201300026613,0,10,0,0.0,1.0,4.0,4.0,A01
201300026614,0,34,0,0.0,2.0,1.0,13.0,A01
201300026614,0,7,0,0.0,2.0,1.0,1.0,B01
201300026615,0,7,0,0.0,2.0,0.0,15.0,A01
201300026615,0,1,0,0.0,2.0,7.0,1.0,B01
201300026616,0,14,0,0.0,2.0,3.0,23.0,B01
201300026616,0,7,0,6.0,2.0,3.0,16.0,A01
201300026617,0,2,0,0.0,2.0,3.0,9.0,A01
201300026617,0,7,0,0.0,2.0,5.0,1.0,B01
201300026618,0,30,0,0.0,2.0,7.0,1.0,B01
201300026618,0,7,0,0.0,2.0,2.0,6.0,A01
201300026619,0,7,0,0.0,2.0,2.0,2.0,A01
201300026619,0,7,0,0.0,2.0,6.0,23.0,B01
201300026620,0,7,0,0.0,2.0,1.0,15.0,A01
201300026620,0,7,0,0.0,2.0,3.0,1.0,B01
201300026621,0,7,0,0.0,2.0,8.0,17.0,A01
201300026621,0,2,0,0.0,2.0,8.0,1.0,B01
201300026622,0,1,0,0.0,2.0,0.0,1.0,B01
201300026622,0,7,0,0.0,2.0,0.0,22.0,A01
201300026623,0,7,0,2.0,0.0,1.0,1.0,A01
201300026624,1,99,0,0.0,2.0,0.0,2.0,Z01
201300026624,0,2,0,0.0,2.0,4.0,1.0,A01
201300026625,0,7,0,0.0,1.0,2.0,1.0,A01
201300026626,0,17,0,0.0,2.0,6.0,23.0,A01
201300026626,0,17,0,0.0,2.0,1.0,2.0,C01
201300026626,0,7,0,0.0,2.0,1.0,23.0,B01
201300026627,0,7,0,0.0,2.0,4.0,23.0,B01
201300026627,0,2,0,0.0,2.0,1.0,2.0,A01
201300026628,0,7,0,0.0,2.0,1.0,2.0,A01
201300026628,0,7,0,0.0,2.0,4.0,23.0,B01
201300026629,0,1,0,0.0,2.0,7.0,1.0,B01
201300026629,0,7,0,0.0,2.0,0.0,16.0,A01
201300026630,0,7,0,2.0,0.0,1.0,1.0,A01
201300026631,0,7,0,0.0,1.0,1.0,9.0,A01
201300026632,0,2,0,0.0,2.0,1.0,1.0,B01
201300026632,0,7,0,0.0,2.0,1.0,19.0,A01
201300026633,0,7,0,0.0,2.0,5.0,13.0,A01
201300026633,0,2,0,0.0,2.0,0.0,1.0,B01
201300026634,0,7,0,0.0,2.0,2.0,20.0,A01
201300026634,0,2,0,0.0,2.0,1.0,1.0,B01
201300026635,0,7,0,0.0,2.0,2.0,15.0,A01
201300026635,0,7,0,0.0,2.0,5.0,1.0,B01
201300026636,0,7,0,0.0,2.0,8.0,1.0,A01
201300026636,0,7,0,0.0,2.0,8.0,1.0,B01
201300026637,0,7,0,1.0,0.0,9.0,1.0,A01
201300026638,0,7,0,6.0,0.0,1.0,1.0,A01
201300026639,0,2,0,6.0,0.0,0.0,1.0,A01
201300026640,0,2,0,0.0,2.0,7.0,1.0,B01
201300026640,0,7,0,0.0,2.0,3.0,9.0,A01
201300026641,0,7,0,0.0,2.0,8.0,1.0,B01
201300026641,0,2,0,0.0,2.0,8.0,15.0,A01
201300026642,0,7,0,0.0,2.0,1.0,2.0,A01
201300026642,0,7,0,0.0,2.0,4.0,23.0,B01
201300026643,0,7,0,0.0,2.0,1.0,16.0,A01
201300026643,0,7,0,0.0,2.0,2.0,1.0,B01
201300026644,0,7,0,0.0,2.0,4.0,23.0,B01
201300026644,0,7,0,0.0,2.0,1.0,2.0,A01
201300026645,0,7,0,0.0,2.0,1.0,15.0,B01
201300026645,0,7,0,0.0,2.0,3.0,1.0,A01
201300026646,0,7,0,0.0,2.0,1.0,1.0,B01
201300026646,0,7,0,0.0,2.0,3.0,19.0,A01
201300026647,0,7,0,0.0,2.0,8.0,19.0,A01
201300026647,0,7,0,0.0,2.0,1.0,1.0,B01
201300026648,0,2,0,11.0,0.0,1.0,1.0,A01
201300026649,0,7,0,0.0,2.0,1.0,5.0,B01
201300026649,0,7,0,0.0,2.0,2.0,1.0,A01
201300026650,0,7,0,0.0,2.0,4.0,23.0,B01
201300026650,0,7,0,0.0,2.0,1.0,2.0,A01
201300026651,0,31,0,11.0,0.0,1.0,1.0,A01
201300026652,0,7,0,0.0,2.0,3.0,1.0,B01
201300026652,0,7,0,0.0,2.0,2.0,6.0,A01
201300026653,0,10,0,0.0,2.0,2.0,17.0,A01
201300026653,0,2,0,0.0,2.0,1.0,13.0,B01
201300026654,0,7,0,0.0,2.0,1.0,1.0,B01
201300026654,0,7,0,0.0,2.0,2.0,1.0,A01
201300026655,0,33,0,0.0,1.0,8.0,1.0,A01
201300026656,0,14,0,0.0,2.0,3.0,1.0,B01
201300026656,0,7,0,0.0,2.0,1.0,15.0,A01
201300026657,0,7,0,0.0,2.0,3.0,13.0,A01
201300026657,0,7,0,0.0,2.0,3.0,1.0,B01
201300026658,0,7,0,0.0,2.0,4.0,16.0,B01
201300026658,0,2,0,0.0,2.0,1.0,2.0,A01
201300026659,0,7,0,0.0,2.0,8.0,16.0,A01
201300026659,0,1,0,0.0,2.0,8.0,1.0,B01
201300026660,0,7,0,0.0,1.0,4.0,20.0,A01
201300026661,0,31,0,0.0,2.0,1.0,1.0,B01
201300026661,0,7,0,0.0,2.0,7.0,15.0,A01
201300026662,0,7,0,7.0,0.0,1.0,16.0,A01
201300026663,0,33,0,0.0,0.0,8.0,1.0,A01
201300026664,0,7,0,0.0,2.0,3.0,1.0,B01
201300026664,0,7,0,0.0,2.0,1.0,1.0,A01
201300026665,0,7,0,0.0,2.0,3.0,1.0,B01
201300026665,0,7,0,0.0,2.0,3.0,4.0,A01
201300026666,0,33,0,0.0,1.0,8.0,1.0,A01
201300026667,0,2,0,0.0,2.0,1.0,1.0,A01
201300026667,0,7,0,0.0,2.0,6.0,1.0,B01
201300026668,0,7,0,0.0,2.0,4.0,15.0,B01
201300026668,0,31,0,0.0,2.0,1.0,1.0,A01
201300026669,0,2,0,1.0,0.0,1.0,1.0,A01
201300026670,0,7,0,0.0,2.0,1.0,1.0,A01
201300026670,0,7,0,0.0,2.0,4.0,23.0,B01
201300026671,0,7,0,0.0,2.0,1.0,15.0,A01
201300026671,0,7,0,0.0,2.0,1.0,1.0,B01
201300026672,0,1,0,0.0,1.0,1.0,1.0,A01
201300026673,0,10,0,6.0,0.0,1.0,1.0,A01
201300026674,0,7,0,0.0,2.0,1.0,1.0,A01
201300026674,0,7,0,0.0,2.0,4.0,23.0,B01
201300026675,0,31,0,0.0,2.0,1.0,1.0,A01
201300026675,0,7,0,0.0,2.0,6.0,23.0,B01
201300026676,0,2,0,0.0,2.0,1.0,1.0,A01
201300026676,0,7,0,0.0,2.0,4.0,15.0,B01
201300026677,0,7,0,0.0,2.0,1.0,1.0,B01
201300026677,0,7,0,0.0,2.0,8.0,1.0,A01
201300026678,0,7,0,0.0,1.0,1.0,1.0,A01
201300026679,0,33,0,0.0,2.0,1.0,1.0,B01
201300026679,0,7,0,0.0,2.0,1.0,15.0,A01
201300026680,0,1,0,0.0,2.0,4.0,15.0,A01
201300026680,0,7,0,0.0,2.0,1.0,1.0,B01
201300026681,0,7,0,0.0,2.0,3.0,15.0,A01
201300026681,0,2,0,0.0,2.0,1.0,1.0,B01
201300026682,0,7,0,0.0,2.0,3.0,1.0,B01
201300026682,0,7,0,0.0,2.0,2.0,15.0,A01
201300026683,0,2,0,0.0,2.0,1.0,1.0,B01
201300026683,0,7,0,0.0,2.0,8.0,9.0,A01
201300026684,0,2,0,0.0,0.0,0.0,1.0,A01
201300026685,0,7,0,0.0,2.0,4.0,1.0,B01
201300026685,0,7,0,0.0,2.0,8.0,1.0,C01
201300026685,0,2,0,0.0,2.0,1.0,1.0,A01
201300026686,0,7,0,0.0,2.0,1.0,15.0,A01
201300026686,0,2,0,0.0,2.0,8.0,1.0,B01
201300026687,0,7,0,0.0,2.0,4.0,23.0,B01
201300026687,0,7,0,0.0,2.0,1.0,1.0,A01
201300026688,0,7,0,1.0,0.0,3.0,1.0,A01
201300026689,0,1,0,0.0,2.0,0.0,15.0,B01
201300026689,0,7,0,0.0,2.0,5.0,1.0,A01
201300026690,0,7,0,0.0,2.0,2.0,15.0,A01
201300026690,0,2,0,0.0,2.0,1.0,1.0,B01
201300026691,0,7,0,0.0,2.0,2.0,1.0,A01
201300026691,0,7,0,0.0,2.0,1.0,15.0,B01
201300026692,0,1,0,0.0,2.0,8.0,19.0,A01
201300026692,1,99,0,0.0,2.0,1.0,0.0,Z01
201300026693,0,2,0,0.0,0.0,8.0,0.0,A01
201300026694,0,7,0,0.0,2.0,3.0,9.0,A01
201300026694,0,1,0,0.0,2.0,7.0,1.0,B01
201300026695,0,7,0,1.0,0.0,3.0,1.0,A01
201300026695,0,2,0,0.0,2.0,1.0,1.0,B01
201300026696,0,10,0,0.0,2.0,1.0,1.0,B01
201300026696,0,7,0,0.0,2.0,1.0,13.0,A01
201300026697,0,7,0,0.0,2.0,4.0,23.0,B01
201300026697,0,7,0,0.0,2.0,1.0,2.0,A01
201300026697,0,7,0,0.0,2.0,4.0,23.0,C01
201300026698,0,7,0,0.0,2.0,1.0,9.0,A01
201300026698,0,1,0,0.0,2.0,7.0,1.0,B01
201300026699,0,10,0,0.0,2.0,4.0,9.0,B01
201300026699,0,33,0,0.0,2.0,8.0,9.0,A01
201300026700,0,7,0,0.0,2.0,4.0,2.0,C01
201300026700,0,7,0,0.0,2.0,4.0,2.0,B01
201300026700,0,7,0,0.0,2.0,1.0,2.0,A01
201300026701,0,33,0,0.0,2.0,1.0,1.0,A01
201300026701,0,7,0,0.0,2.0,3.0,15.0,B01
201300026702,0,7,0,0.0,2.0,1.0,10.0,A01
201300026702,0,33,0,0.0,2.0,1.0,1.0,B01
201300026703,0,7,0,0.0,2.0,8.0,19.0,B01
201300026703,0,10,0,0.0,2.0,2.0,1.0,A01
201300026704,0,7,0,0.0,4.0,9.0,19.0,A01
201300026704,0,39,0,0.0,2.0,1.0,1.0,B01
201300026705,0,7,0,0.0,2.0,8.0,9.0,A01
201300026705,0,1,0,0.0,2.0,1.0,1.0,B01
201300026706,0,2,0,0.0,2.0,7.0,1.0,B01
201300026706,0,7,0,0.0,2.0,7.0,15.0,A01
201300026707,0,7,0,0.0,2.0,1.0,1.0,A01
201300026707,0,7,0,0.0,2.0,4.0,23.0,B01
201300026708,0,2,0,0.0,2.0,1.0,1.0,A01
201300026708,0,7,0,0.0,2.0,8.0,15.0,B01
201300026709,0,7,0,0.0,1.0,4.0,4.0,A01
201300026710,0,7,0,2.0,0.0,1.0,1.0,A01
201300026711,0,2,0,0.0,0.0,1.0,16.0,A01
201300026712,0,1,0,0.0,2.0,1.0,15.0,B01
201300026712,0,7,0,0.0,2.0,7.0,15.0,A01
201300026713,0,33,0,0.0,2.0,1.0,1.0,B01
201300026713,0,7,0,0.0,2.0,3.0,15.0,A01
201300026714,0,7,0,0.0,1.0,8.0,15.0,A01
201300026715,0,7,0,0.0,2.0,4.0,1.0,B01
201300026715,0,33,0,0.0,2.0,1.0,2.0,A01
201300026716,0,7,0,0.0,2.0,1.0,1.0,B01
201300026716,0,7,0,0.0,2.0,3.0,1.0,A01
201300026717,0,2,0,0.0,2.0,1.0,1.0,B01
201300026717,0,7,0,0.0,2.0,3.0,9.0,A01
201300026718,0,7,0,0.0,2.0,4.0,2.0,B01
201300026718,0,1,0,0.0,2.0,1.0,1.0,A01
201300026719,0,2,0,0.0,2.0,8.0,1.0,A01
201300026719,0,10,0,0.0,2.0,6.0,15.0,B01
201300026720,0,7,0,1.0,0.0,1.0,1.0,A01
201300026721,0,7,0,0.0,2.0,2.0,15.0,A01
201300026721,0,33,0,0.0,2.0,1.0,1.0,B01
201300026722,0,7,0,13.0,0.0,1.0,1.0,A01
201300026723,0,1,0,0.0,2.0,8.0,1.0,B01
201300026723,0,7,0,0.0,2.0,7.0,1.0,A01
201300026724,0,7,0,0.0,2.0,4.0,2.0,C01
201300026724,0,7,0,0.0,2.0,4.0,2.0,B01
201300026724,0,7,0,0.0,2.0,1.0,1.0,A01
201300026725,0,7,0,0.0,2.0,1.0,1.0,A01
201300026725,0,7,0,0.0,2.0,4.0,2.0,B01
201300026726,0,7,0,0.0,2.0,1.0,1.0,A01
201300026726,0,15,0,0.0,2.0,4.0,1.0,B01
201300026727,0,7,0,0.0,2.0,3.0,22.0,A01
201300026727,0,1,0,1.0,0.0,1.0,1.0,B01
201300026728,0,7,0,0.0,1.0,0.0,1.0,A01
201300026729,0,7,0,0.0,2.0,1.0,1.0,A01
201300026729,0,7,0,0.0,2.0,3.0,5.0,B01
201300026730,0,7,0,0.0,1.0,2.0,1.0,A01
201300026731,0,7,0,16.0,0.0,9.0,16.0,A01
201300026732,0,7,0,0.0,2.0,7.0,1.0,B01
201300026732,0,7,0,0.0,2.0,2.0,16.0,A01
201300026733,0,7,0,0.0,2.0,7.0,1.0,B01
201300026733,0,21,0,0.0,2.0,3.0,16.0,A01
201300026734,0,7,0,0.0,1.0,8.0,0.0,A01
201300026735,0,33,0,0.0,2.0,1.0,1.0,A01
201300026735,0,10,0,0.0,2.0,3.0,1.0,B01
201300026736,0,7,0,3.0,0.0,1.0,1.0,A01
201300026737,0,7,0,0.0,2.0,1.0,2.0,C01
201300026737,0,7,0,0.0,0.0,4.0,2.0,B01
201300026737,0,7,0,0.0,0.0,4.0,1.0,A01
201300026738,0,2,0,0.0,2.0,1.0,2.0,B01
201300026738,0,7,0,0.0,2.0,8.0,15.0,A01
201300026739,0,7,0,0.0,1.0,3.0,9.0,A01
201300026740,0,3,0,0.0,2.0,8.0,15.0,B01
201300026740,0,7,0,0.0,2.0,3.0,1.0,A01
201300026741,0,32,0,0.0,2.0,1.0,1.0,B01
201300026741,0,7,0,0.0,2.0,2.0,15.0,A01
201300026742,0,7,0,0.0,1.0,8.0,1.0,A01
201300026743,0,7,0,0.0,2.0,2.0,11.0,B01
201300026743,0,7,0,0.0,2.0,6.0,16.0,C01
201300026743,0,7,0,9.0,2.0,2.0,11.0,A01
201300026744,0,7,0,0.0,2.0,1.0,2.0,C01
201300026744,0,7,0,0.0,2.0,4.0,1.0,B01
201300026744,0,7,0,0.0,2.0,4.0,1.0,A01
201300026745,0,7,0,0.0,2.0,1.0,1.0,B01
201300026745,0,7,0,0.0,2.0,1.0,15.0,A01
201300026746,0,7,0,0.0,2.0,1.0,2.0,B01
201300026746,0,7,0,0.0,2.0,4.0,2.0,A01
201300026747,0,7,0,0.0,1.0,1.0,1.0,A01