Num_Acc,senc,catv,occutc,obs,obsm,choc,manv,num_veh
201300026748,0,7,0,0.0,2.0,2.0,9.0,B01
201300026748,0,33,0,0.0,2.0,1.0,17.0,A01
201300026749,0,7,0,0.0,2.0,6.0,1.0,B01
201300026749,0,7,0,0.0,2.0,2.0,1.0,A01
201300026750,0,30,0,0.0,2.0,4.0,2.0,B01
201300026750,0,7,0,1.0,2.0,1.0,2.0,A01
201300026751,0,7,0,13.0,0.0,1.0,1.0,A01
201300026752,0,7,0,0.0,2.0,1.0,1.0,B01
201300026752,0,37,43,0.0,2.0,3.0,9.0,A01
201300026753,0,7,0,0.0,2.0,3.0,9.0,B01
201300026753,0,1,0,0.0,0.0,7.0,1.0,A01
201300026754,0,7,0,0.0,2.0,8.0,15.0,B01
201300026754,0,10,0,7.0,2.0,1.0,1.0,A01
201300026755,0,7,0,0.0,1.0,2.0,17.0,A01
201300026756,0,7,0,0.0,2.0,3.0,1.0,B01
201300026756,0,7,0,6.0,2.0,4.0,1.0,A01
201300026757,0,7,0,15.0,0.0,1.0,19.0,A01
201300026758,0,37,1,1.0,0.0,1.0,1.0,A01
201300026759,1,7,0,0.0,1.0,0.0,0.0,Z01
201300026760,0,7,0,0.0,1.0,3.0,1.0,A01
201300026761,0,7,0,0.0,2.0,3.0,9.0,A01
201300026761,0,1,0,0.0,2.0,1.0,0.0,B01
201300026762,0,10,0,1.0,1.0,7.0,1.0,A01
201300026763,0,7,0,0.0,2.0,3.0,13.0,A01
201300026763,0,7,0,0.0,2.0,3.0,1.0,B01
201300026764,0,10,0,0.0,2.0,2.0,1.0,A01
201300026764,0,7,0,0.0,2.0,3.0,15.0,B01
201300026765,0,7,0,15.0,0.0,0.0,1.0,A01
201300026766,0,7,0,0.0,2.0,1.0,2.0,A01
201300026766,0,7,0,0.0,0.0,4.0,2.0,B01
201300026767,0,7,0,0.0,2.0,2.0,1.0,B01
201300026767,0,7,0,0.0,0.0,3.0,9.0,A01
201300026768,0,7,0,0.0,1.0,3.0,1.0,A01
201300026769,0,7,0,0.0,1.0,2.0,17.0,A01
201300026770,0,7,0,0.0,1.0,1.0,1.0,A01
201300026771,0,7,0,0.0,0.0,3.0,15.0,A01
201300026771,0,7,0,0.0,2.0,3.0,1.0,B01
201300026772,0,7,0,0.0,2.0,1.0,16.0,A01
201300026772,0,7,0,0.0,2.0,7.0,1.0,B01
201300026773,0,7,0,0.0,2.0,1.0,1.0,B01
201300026773,0,7,0,0.0,2.0,5.0,1.0,A01
201300026774,0,7,0,0.0,1.0,5.0,16.0,A01
201300026775,1,7,0,0.0,1.0,1.0,1.0,Z01
201300026776,0,7,0,1.0,0.0,2.0,1.0,A01
201300026777,0,7,0,0.0,1.0,8.0,1.0,A01
201300026778,0,7,0,0.0,1.0,2.0,1.0,A01
201300026779,0,7,0,0.0,1.0,3.0,15.0,A01
201300026780,0,7,0,0.0,1.0,1.0,15.0,A01
201300026781,0,40,0,0.0,1.0,1.0,1.0,A01
201300026782,0,7,0,0.0,1.0,2.0,16.0,A01
201300026783,0,7,0,0.0,0.0,0.0,10.0,A01
201300026783,0,33,0,0.0,2.0,7.0,1.0,B01
201300026784,0,30,0,0.0,2.0,8.0,1.0,B01
201300026784,0,7,0,0.0,2.0,1.0,9.0,A01
201300026785,0,14,0,0.0,1.0,5.0,4.0,A01
201300026786,0,7,0,0.0,2.0,1.0,15.0,A01
201300026786,0,32,0,0.0,2.0,8.0,1.0,B01
201300026787,0,10,0,5.0,2.0,3.0,1.0,A01
201300026787,0,7,0,0.0,2.0,8.0,1.0,C01
201300026787,0,10,0,0.0,2.0,3.0,13.0,B01
201300026788,0,7,0,0.0,2.0,3.0,1.0,B01
201300026788,0,7,0,0.0,2.0,3.0,15.0,A01
201300026789,0,7,0,9.0,1.0,2.0,1.0,A01
201300026790,0,7,0,9.0,1.0,4.0,24.0,A01
201300026791,0,7,0,0.0,1.0,3.0,9.0,A01
201300026792,0,10,0,0.0,1.0,2.0,1.0,A01
201300026793,0,7,0,0.0,2.0,2.0,16.0,A01
201300026793,0,30,0,0.0,2.0,8.0,1.0,B01
201300026794,0,7,0,13.0,0.0,5.0,1.0,A01
201300026795,1,7,0,0.0,1.0,1.0,1.0,Z01
201300026796,0,7,0,0.0,1.0,2.0,1.0,A01
201300026797,0,7,0,0.0,2.0,8.0,1.0,B01
201300026797,0,7,0,0.0,2.0,3.0,15.0,A01
201300026798,0,10,0,0.0,0.0,5.0,1.0,A01
201300026798,0,7,0,0.0,2.0,8.0,1.0,B01
201300026799,0,7,0,0.0,1.0,1.0,16.0,A01
201300026800,0,37,2,0.0,2.0,1.0,1.0,B01
201300026800,0,10,0,0.0,2.0,5.0,1.0,A01
201300026801,0,40,0,0.0,1.0,1.0,1.0,A01
201300026802,0,7,0,0.0,0.0,5.0,12.0,A01
201300026802,0,31,0,0.0,2.0,8.0,1.0,B01
201300026803,0,7,0,0.0,2.0,2.0,1.0,B01
201300026803,0,7,0,0.0,2.0,8.0,9.0,A01
201300026804,2,7,0,0.0,2.0,3.0,5.0,A01
201300026804,0,7,0,0.0,2.0,2.0,1.0,B01
201300026805,0,7,0,1.0,0.0,1.0,1.0,A01
201300026806,0,10,0,0.0,2.0,2.0,1.0,B01
201300026806,0,7,0,0.0,2.0,3.0,9.0,A01
201300026807,0,7,0,0.0,1.0,2.0,15.0,A01
201300026808,0,7,0,0.0,2.0,5.0,1.0,B01
201300026808,2,7,0,0.0,2.0,1.0,1.0,A01
201300026809,0,7,0,0.0,1.0,2.0,1.0,A01
201300026810,0,7,0,0.0,2.0,3.0,1.0,B01
201300026810,0,7,0,0.0,2.0,3.0,13.0,A01
201300026811,0,7,0,0.0,1.0,7.0,16.0,A01
201300026812,0,7,0,0.0,0.0,1.0,1.0,B01
201300026812,1,13,0,0.0,0.0,0.0,5.0,Z01
201300026813,0,7,0,0.0,2.0,8.0,1.0,B01
201300026813,0,10,0,0.0,2.0,3.0,1.0,A01
201300026814,0,7,0,0.0,1.0,1.0,9.0,A01
201300026815,0,7,0,0.0,2.0,2.0,1.0,B01
201300026815,0,7,0,0.0,2.0,3.0,1.0,A01
201300026816,0,7,0,0.0,2.0,8.0,16.0,A01
201300026816,0,7,0,0.0,2.0,1.0,1.0,B01
201300026817,0,7,0,0.0,1.0,3.0,1.0,A01
201300026818,0,33,0,7.0,0.0,1.0,1.0,A01
201300026819,0,7,0,6.0,2.0,3.0,9.0,B01
201300026819,0,7,0,0.0,2.0,2.0,9.0,A01
201300026820,0,7,0,3.0,0.0,9.0,1.0,A01
201300026821,0,33,0,15.0,0.0,1.0,1.0,A01
201300026822,0,7,0,2.0,0.0,1.0,1.0,A01
201300026823,0,7,0,0.0,1.0,3.0,1.0,A01
201300026824,0,33,0,4.0,2.0,1.0,1.0,A01
201300026824,0,7,0,0.0,2.0,4.0,1.0,B01
201300026825,0,7,0,0.0,2.0,1.0,1.0,A01
201300026825,0,7,0,0.0,2.0,1.0,1.0,B01
201300026826,0,7,0,8.0,0.0,1.0,1.0,A01
201300026827,0,7,0,0.0,1.0,2.0,1.0,A01
201300026828,0,1,0,0.0,2.0,0.0,0.0,B01
201300026828,0,7,0,0.0,2.0,4.0,4.0,A01
201300026829,0,34,0,0.0,2.0,1.0,1.0,A01
201300026829,0,7,0,0.0,2.0,5.0,1.0,B01
201300026830,0,7,0,0.0,1.0,2.0,1.0,A01
201300026831,0,33,0,11.0,0.0,1.0,1.0,A01
201300026831,0,14,0,0.0,0.0,0.0,16.0,B01
201300026832,0,7,0,0.0,1.0,1.0,9.0,A01
201300026833,0,7,0,0.0,1.0,2.0,1.0,A01
201300026834,0,7,0,15.0,2.0,7.0,19.0,A01
201300026834,0,7,0,0.0,2.0,1.0,1.0,B01
201300026835,0,7,0,0.0,2.0,3.0,9.0,B01
201300026835,0,1,0,0.0,2.0,1.0,9.0,A01
201300026836,0,32,0,0.0,0.0,1.0,1.0,A01
201300026837,0,14,0,0.0,1.0,4.0,4.0,A01
201300026838,1,7,0,0.0,0.0,0.0,9.0,Z01
201300026838,0,31,0,12.0,0.0,2.0,1.0,B01
201300026839,0,7,0,0.0,0.0,9.0,0.0,A01
201300026840,0,7,0,0.0,1.0,1.0,1.0,A01
201300026841,0,7,0,0.0,2.0,3.0,9.0,B01
201300026841,0,7,0,0.0,2.0,2.0,9.0,A01
201300026842,0,7,0,0.0,2.0,1.0,1.0,A01
201300026842,0,7,0,0.0,2.0,3.0,1.0,B01
201300026843,0,7,0,0.0,1.0,1.0,1.0,A01
201300026844,0,7,0,0.0,2.0,1.0,1.0,A01
201300026844,0,7,0,0.0,2.0,4.0,1.0,B01
201300026845,0,1,0,0.0,0.0,8.0,1.0,A01
201300026846,0,7,0,0.0,2.0,2.0,1.0,A01
201300026846,0,7,0,0.0,2.0,3.0,1.0,B01
201300026847,0,7,0,0.0,2.0,1.0,1.0,B01
201300026847,0,7,0,8.0,2.0,9.0,1.0,A01
201300026848,0,7,0,0.0,2.0,4.0,1.0,B01
201300026848,0,7,0,0.0,2.0,1.0,1.0,A01
201300026849,0,7,0,0.0,1.0,0.0,1.0,A01
201300026850,1,7,0,0.0,0.0,0.0,1.0,Z01
201300026850,0,7,0,6.0,0.0,2.0,1.0,B01
201300026851,0,1,0,0.0,0.0,1.0,1.0,A01
201300026852,0,1,0,0.0,2.0,1.0,1.0,B01
201300026852,0,7,0,0.0,2.0,2.0,1.0,A01
201300026853,0,32,0,0.0,2.0,1.0,1.0,B01
201300026853,0,7,0,0.0,2.0,3.0,15.0,A01
201300026854,0,40,25,0.0,9.0,8.0,16.0,A01
201300026854,0,1,0,0.0,4.0,1.0,15.0,B01
201300026855,0,10,0,0.0,2.0,1.0,1.0,B01
201300026855,0,10,0,0.0,2.0,1.0,15.0,A01
201300026856,0,2,0,0.0,2.0,1.0,1.0,A01
201300026856,0,10,0,0.0,2.0,7.0,15.0,B01
201300026857,0,33,0,0.0,2.0,8.0,1.0,B01
201300026857,0,7,0,0.0,2.0,0.0,15.0,A01
201300026858,0,7,0,1.0,0.0,1.0,14.0,A01
201300026859,0,7,0,0.0,1.0,3.0,15.0,A01
201300026860,0,7,0,0.0,1.0,3.0,1.0,A01
201300026861,0,14,0,0.0,2.0,0.0,2.0,A01
201300026861,0,7,0,0.0,2.0,6.0,2.0,B01
201300026861,0,7,0,0.0,2.0,6.0,2.0,C01
201300026862,0,7,0,0.0,1.0,2.0,9.0,A01
201300026863,0,7,0,0.0,2.0,7.0,12.0,A01
201300026863,0,33,0,9.0,2.0,3.0,1.0,B01
201300026864,0,7,0,0.0,2.0,2.0,1.0,A01
201300026864,0,7,0,0.0,2.0,8.0,16.0,B01
201300026865,0,10,0,0.0,2.0,6.0,24.0,B01
201300026865,0,7,0,1.0,0.0,2.0,12.0,A01
201300026866,0,30,0,0.0,2.0,2.0,17.0,A01
201300026866,0,10,0,0.0,2.0,3.0,15.0,B01
201300026867,1,7,0,0.0,1.0,0.0,0.0,Z01
201300026868,0,7,0,0.0,2.0,3.0,15.0,B01
201300026868,0,7,0,0.0,2.0,1.0,1.0,A01
201300026869,0,7,0,0.0,1.0,3.0,1.0,A01
201300026870,1,7,0,0.0,1.0,2.0,1.0,A01
201300026871,0,7,0,0.0,2.0,3.0,1.0,A01
201300026871,0,7,0,0.0,2.0,1.0,1.0,B01
201300026872,0,7,0,0.0,2.0,3.0,1.0,B01
201300026872,0,30,0,0.0,2.0,1.0,13.0,A01
201300026873,0,7,0,0.0,2.0,1.0,15.0,A01
201300026873,0,33,0,0.0,2.0,1.0,1.0,B01
201300026874,1,99,0,0.0,0.0,0.0,0.0,Z01
201300026874,0,30,0,0.0,0.0,8.0,21.0,B01
201300026875,0,7,0,1.0,0.0,7.0,1.0,A01
201300026875,0,7,0,0.0,2.0,8.0,24.0,B01
201300026876,0,7,0,0.0,2.0,1.0,15.0,B01
201300026876,0,7,0,0.0,2.0,1.0,1.0,C01
201300026876,0,33,0,0.0,2.0,7.0,1.0,A01
201300026877,0,7,0,1.0,0.0,3.0,1.0,A01
201300026877,0,7,0,0.0,2.0,2.0,24.0,B01
201300026878,0,7,0,9.0,2.0,3.0,1.0,B01
201300026878,0,10,0,0.0,2.0,2.0,1.0,A01
201300026879,0,7,0,0.0,2.0,8.0,15.0,A01
201300026879,0,33,0,0.0,2.0,1.0,1.0,B01
201300026880,0,7,0,0.0,1.0,8.0,1.0,A01
201300026881,0,7,0,0.0,2.0,2.0,1.0,A01
201300026881,0,7,0,0.0,2.0,3.0,1.0,B01
201300026882,0,33,0,8.0,0.0,9.0,1.0,A01
201300026883,0,7,0,0.0,1.0,1.0,15.0,A01
201300026884,0,7,0,0.0,1.0,2.0,1.0,A01
201300026885,0,7,0,0.0,2.0,1.0,2.0,A01
201300026885,0,7,0,0.0,2.0,4.0,2.0,B01
201300026886,0,7,0,0.0,2.0,3.0,1.0,B01
201300026886,0,7,0,0.0,0.0,2.0,0.0,A01
201300026887,0,30,0,9.0,0.0,1.0,1.0,A01
201300026888,0,7,0,0.0,1.0,3.0,1.0,A01
201300026889,0,7,0,0.0,2.0,8.0,15.0,A01
201300026889,0,7,0,0.0,2.0,2.0,1.0,B01
201300026890,0,1,0,0.0,2.0,7.0,1.0,B01
201300026890,0,7,0,0.0,0.0,7.0,0.0,A01
201300026891,0,7,0,0.0,2.0,7.0,15.0,A01
201300026891,0,34,0,0.0,2.0,1.0,1.0,B01
201300026892,0,30,0,0.0,2.0,1.0,1.0,A01
201300026892,0,7,0,0.0,2.0,5.0,1.0,B01
201300026893,0,7,0,0.0,2.0,1.0,2.0,A01
201300026893,0,7,0,0.0,0.0,4.0,1.0,B01
201300026894,0,7,0,0.0,1.0,2.0,1.0,A01
201300026895,0,7,0,0.0,1.0,3.0,1.0,A01
201300026896,0,7,0,0.0,2.0,8.0,15.0,A01
201300026896,0,32,0,0.0,2.0,2.0,17.0,B01
201300026897,0,7,0,0.0,2.0,3.0,9.0,A01
201300026897,0,7,0,0.0,2.0,8.0,9.0,B01
201300026898,0,7,0,0.0,1.0,1.0,1.0,A01
201300026899,0,30,0,0.0,2.0,1.0,1.0,B01
201300026899,0,7,0,0.0,2.0,3.0,9.0,A01
201300026900,0,7,0,0.0,2.0,1.0,1.0,B01
201300026900,0,7,0,0.0,2.0,7.0,13.0,A01
201300026901,0,7,0,0.0,2.0,1.0,1.0,B01
201300026901,0,7,0,0.0,2.0,2.0,15.0,A01
201300026902,0,7,0,0.0,1.0,1.0,16.0,A01
201300026903,0,7,0,0.0,1.0,6.0,4.0,A01
201300026904,0,7,0,0.0,2.0,1.0,1.0,B01
201300026904,0,7,0,0.0,2.0,1.0,1.0,A01
201300026905,0,7,0,0.0,1.0,2.0,1.0,A01
201300026906,0,7,0,0.0,2.0,4.0,2.0,C01
201300026906,0,7,0,0.0,2.0,1.0,2.0,A01
201300026906,0,7,0,0.0,2.0,9.0,2.0,B01
201300026907,0,7,0,0.0,2.0,2.0,1.0,A01
201300026907,0,7,0,8.0,2.0,3.0,16.0,B01
201300026908,0,7,0,0.0,1.0,1.0,1.0,A01
201300026909,0,7,0,6.0,2.0,0.0,1.0,A01
201300026910,0,7,0,0.0,1.0,3.0,16.0,A01
201300026911,0,7,0,0.0,1.0,2.0,1.0,A01
201300026912,0,10,0,0.0,1.0,5.0,4.0,A01
201300026913,0,7,0,0.0,1.0,3.0,1.0,A01
201300026914,0,30,0,0.0,2.0,1.0,1.0,B01
201300026914,0,7,0,0.0,2.0,3.0,15.0,A01
201300026915,0,7,0,0.0,2.0,7.0,1.0,B01
201300026915,0,7,0,0.0,2.0,1.0,15.0,A01
201300026916,0,7,0,0.0,1.0,1.0,16.0,A01
201300026917,0,7,0,0.0,1.0,1.0,1.0,A01
201300026918,0,7,0,15.0,2.0,3.0,1.0,B01
201300026918,0,7,0,0.0,2.0,3.0,15.0,A01
201300026919,0,32,0,0.0,1.0,1.0,1.0,A01
201300026920,1,7,0,0.0,2.0,0.0,2.0,A01
201300026920,0,30,0,0.0,2.0,1.0,1.0,B01
201300026921,0,7,0,0.0,1.0,6.0,4.0,A01
201300026922,0,1,0,0.0,2.0,7.0,1.0,A01
201300026922,0,7,0,0.0,2.0,3.0,1.0,B01
201300026923,0,10,0,0.0,1.0,4.0,4.0,A01
201300026924,0,7,0,0.0,2.0,8.0,20.0,A01
201300026924,0,33,0,0.0,2.0,3.0,1.0,B01
201300026925,0,7,0,0.0,1.0,1.0,1.0,A01
201300026926,0,3,0,0.0,1.0,1.0,1.0,A01
201300026927,0,7,0,0.0,2.0,1.0,2.0,A01
201300026927,0,7,0,0.0,0.0,3.0,23.0,C01
201300026927,0,7,0,0.0,2.0,4.0,2.0,B01
201300026928,0,30,0,0.0,2.0,1.0,1.0,A01
201300026928,0,7,0,0.0,2.0,3.0,15.0,B01
201300026929,0,7,0,0.0,1.0,1.0,1.0,A01
201300026930,0,7,0,0.0,1.0,2.0,1.0,A01
201300026931,0,30,0,0.0,2.0,1.0,1.0,B01
201300026931,0,10,0,0.0,2.0,3.0,15.0,A01
201300026932,0,7,0,0.0,1.0,1.0,1.0,A01
201300026933,0,14,0,0.0,1.0,1.0,1.0,A01
201300026934,0,7,0,0.0,2.0,7.0,1.0,B01
201300026934,0,7,0,0.0,2.0,4.0,4.0,A01
201300026935,0,7,0,0.0,1.0,1.0,1.0,A01
201300026936,0,30,0,6.0,0.0,1.0,1.0,A01
201300026937,0,7,0,0.0,2.0,2.0,17.0,A01
201300026937,0,1,0,0.0,2.0,4.0,11.0,B01
201300026938,0,14,0,0.0,2.0,1.0,2.0,A01
201300026938,0,7,0,0.0,2.0,4.0,23.0,B01
201300026939,0,33,0,0.0,2.0,1.0,1.0,B01
201300026939,0,7,0,0.0,2.0,8.0,15.0,A01
201300026940,0,7,0,0.0,2.0,1.0,2.0,A01
201300026940,0,14,0,0.0,2.0,4.0,23.0,B01
201300026941,0,7,0,0.0,2.0,4.0,23.0,B01
201300026941,0,7,0,0.0,2.0,1.0,2.0,A01
201300026942,0,7,0,15.0,0.0,2.0,1.0,A01
201300026943,0,30,0,0.0,2.0,1.0,1.0,B01
201300026943,0,7,0,0.0,2.0,7.0,19.0,A01
201300026944,0,7,0,0.0,1.0,1.0,9.0,A01
201300026945,0,7,0,0.0,1.0,5.0,1.0,A01
201300026946,0,7,0,1.0,2.0,1.0,1.0,A01
201300026946,0,7,0,15.0,2.0,5.0,19.0,B01
201300026947,0,7,0,0.0,2.0,3.0,13.0,A01
201300026947,0,14,0,0.0,2.0,3.0,1.0,B01
201300026948,0,30,0,0.0,1.0,1.0,17.0,A01
201300026949,0,7,0,6.0,0.0,1.0,1.0,A01
201300026950,0,14,0,0.0,2.0,6.0,1.0,B01
201300026950,0,30,0,0.0,2.0,7.0,17.0,A01
201300026951,0,2,0,0.0,0.0,4.0,23.0,B01
201300026951,0,10,0,0.0,2.0,2.0,2.0,A01
201300026952,0,7,0,15.0,0.0,0.0,1.0,A01
201300026953,0,14,0,0.0,1.0,0.0,1.0,A01
201300026954,0,1,0,0.0,2.0,7.0,0.0,B01
201300026954,0,7,0,0.0,2.0,1.0,9.0,A01
201300026955,0,33,0,0.0,1.0,0.0,1.0,A01
201300026956,0,33,0,1.0,2.0,8.0,1.0,B01
201300026956,0,7,0,0.0,2.0,3.0,10.0,A01
201300026957,0,7,0,0.0,2.0,7.0,1.0,A01
201300026957,0,1,0,0.0,2.0,2.0,19.0,B01
201300026958,0,7,0,0.0,2.0,1.0,1.0,B01
201300026958,0,7,0,0.0,0.0,0.0,0.0,C01
201300026958,0,32,0,0.0,2.0,1.0,0.0,A01
201300026959,0,7,0,2.0,0.0,1.0,1.0,A01
201300026960,0,13,0,0.0,2.0,7.0,1.0,B01
201300026960,0,7,0,0.0,2.0,1.0,1.0,A01
201300026961,0,7,0,0.0,9.0,3.0,15.0,A01
201300026961,0,1,0,0.0,2.0,7.0,1.0,B01
201300026962,0,30,0,0.0,2.0,1.0,2.0,A01
201300026962,0,7,0,0.0,9.0,4.0,2.0,B01
201300026963,0,7,0,0.0,1.0,8.0,1.0,A01
201300026964,0,7,0,0.0,0.0,3.0,1.0,A01
201300026964,0,1,0,0.0,0.0,7.0,12.0,B01
201300026965,0,7,0,0.0,1.0,2.0,1.0,A01
201300026966,0,1,0,0.0,2.0,1.0,1.0,B01
201300026966,0,7,0,0.0,2.0,8.0,15.0,A01
201300026967,0,7,0,0.0,2.0,3.0,1.0,B01
201300026967,0,1,0,0.0,2.0,7.0,9.0,A01
201300026968,0,7,0,2.0,2.0,1.0,1.0,B01
201300026968,0,7,0,0.0,2.0,1.0,13.0,A01
201300026969,0,1,0,0.0,2.0,8.0,2.0,B01
201300026969,0,7,0,0.0,2.0,5.0,2.0,A01
201300026970,0,7,0,3.0,0.0,7.0,9.0,A01
201300026971,0,7,0,0.0,9.0,1.0,13.0,A01
201300026972,0,7,0,0.0,9.0,8.0,22.0,A01
201300026972,0,1,0,0.0,0.0,7.0,1.0,B01
201300026973,0,7,0,0.0,2.0,3.0,9.0,A01
201300026973,0,32,0,0.0,2.0,7.0,1.0,B01
201300026974,0,7,0,0.0,1.0,1.0,2.0,A01
201300026975,0,30,0,3.0,0.0,6.0,2.0,A01
201300026976,0,30,0,0.0,2.0,1.0,2.0,B01
201300026976,0,7,0,0.0,0.0,3.0,2.0,A01
201300026977,0,30,0,0.0,2.0,1.0,2.0,B01
201300026977,0,7,0,0.0,0.0,8.0,2.0,A01
201300026978,0,7,0,0.0,9.0,1.0,1.0,A01
201300026978,0,1,0,0.0,2.0,1.0,1.0,B01
201300026979,0,1,0,0.0,2.0,8.0,1.0,B01
201300026979,0,7,0,0.0,2.0,7.0,16.0,A01
201300026980,0,30,0,0.0,0.0,0.0,1.0,A01
201300026981,1,7,0,0.0,1.0,1.0,1.0,A01
201300026982,0,7,0,0.0,2.0,2.0,1.0,A01
201300026982,0,7,0,0.0,2.0,3.0,1.0,B01
201300026983,0,1,0,0.0,2.0,0.0,1.0,B01
201300026983,0,7,0,0.0,9.0,3.0,1.0,A01
201300026984,0,7,0,0.0,2.0,2.0,2.0,A01
201300026984,0,1,0,0.0,0.0,4.0,2.0,B01
201300026985,0,30,0,0.0,0.0,0.0,1.0,A01
201300026986,0,7,0,0.0,2.0,7.0,1.0,B01
201300026986,0,7,0,0.0,2.0,1.0,1.0,A01
201300026987,0,7,0,0.0,2.0,3.0,1.0,B01
201300026987,0,7,0,0.0,2.0,1.0,1.0,A01
201300026988,0,7,0,1.0,0.0,0.0,1.0,A01
201300026989,0,7,0,0.0,2.0,1.0,1.0,A01
201300026989,0,7,0,0.0,2.0,4.0,1.0,B01
201300026990,2,7,0,0.0,1.0,0.0,1.0,A01
201300026991,0,7,0,0.0,2.0,1.0,17.0,A01
201300026991,0,7,0,0.0,2.0,6.0,15.0,B01
201300026992,0,7,0,0.0,2.0,1.0,15.0,A01
201300026992,0,30,0,0.0,2.0,3.0,1.0,B01
201300026993,0,7,0,0.0,1.0,1.0,1.0,A01
201300026994,0,7,0,0.0,2.0,1.0,1.0,A01
201300026994,0,30,0,0.0,2.0,8.0,17.0,B01
201300026995,0,7,0,0.0,1.0,1.0,1.0,A01
201300026996,0,7,0,0.0,0.0,6.0,2.0,B01
201300026996,0,31,0,0.0,2.0,1.0,2.0,A01
201300026997,1,7,0,0.0,0.0,0.0,13.0,Z01
201300026997,0,30,0,0.0,9.0,0.0,21.0,B01
201300026998,0,7,0,6.0,0.0,1.0,0.0,A01
201300026999,0,32,0,0.0,0.0,9.0,23.0,B01
201300026999,0,7,0,0.0,2.0,1.0,1.0,A01
201300027000,0,7,0,0.0,2.0,2.0,15.0,A01
201300027000,0,30,0,0.0,2.0,1.0,1.0,B01
201300027001,0,7,0,2.0,0.0,5.0,1.0,A01
201300027002,0,7,0,0.0,1.0,3.0,1.0,A01
201300027003,0,34,0,0.0,2.0,1.0,17.0,B01
201300027003,0,7,0,0.0,2.0,1.0,15.0,A01
201300027004,0,7,0,9.0,0.0,2.0,1.0,A01
201300027005,0,7,0,0.0,2.0,1.0,1.0,E01
201300027005,0,7,0,0.0,2.0,4.0,1.0,D01
201300027005,0,10,0,0.0,2.0,4.0,1.0,B01
201300027005,0,7,0,0.0,2.0,1.0,1.0,A01
201300027005,0,7,0,0.0,2.0,1.0,1.0,C01
201300027006,0,10,0,8.0,0.0,3.0,1.0,A01
201300027007,0,2,0,0.0,2.0,1.0,1.0,B01
201300027007,0,7,0,0.0,2.0,2.0,15.0,A01
201300027008,0,10,0,0.0,2.0,1.0,1.0,A01
201300027008,0,1,0,0.0,0.0,4.0,1.0,B01
201300027009,0,2,0,0.0,2.0,1.0,17.0,B01
201300027009,0,7,0,0.0,2.0,3.0,15.0,A01
201300027010,0,7,0,9.0,0.0,2.0,1.0,A01
201300027011,0,7,0,0.0,2.0,4.0,1.0,B01
201300027011,0,10,0,0.0,2.0,1.0,1.0,A01
201300027012,0,7,0,0.0,1.0,1.0,1.0,A01
201300027013,0,7,0,9.0,0.0,7.0,1.0,A01
201300027014,1,7,0,0.0,1.0,0.0,0.0,Z01
201300027015,0,7,0,14.0,0.0,1.0,1.0,A01
201300027016,0,7,0,0.0,1.0,0.0,0.0,A01
201300027017,0,7,0,0.0,2.0,3.0,1.0,B01
201300027017,1,7,0,0.0,2.0,2.0,0.0,Z01
201300027018,0,2,0,0.0,1.0,1.0,17.0,A01
201300027019,0,7,0,0.0,2.0,7.0,1.0,A01
201300027019,0,7,0,0.0,2.0,8.0,1.0,B01
201300027020,0,7,0,0.0,2.0,5.0,15.0,B01
201300027020,0,2,0,0.0,2.0,1.0,18.0,A01
201300027021,0,30,0,0.0,2.0,4.0,0.0,B01
201300027021,0,7,0,1.0,0.0,1.0,2.0,A01
201300027022,0,1,0,0.0,2.0,8.0,19.0,A01
201300027022,0,37,3,0.0,2.0,1.0,1.0,B01
201300027023,0,7,0,0.0,1.0,1.0,15.0,A01
201300027024,2,7,0,8.0,1.0,1.0,1.0,A01
201300027025,0,30,0,1.0,0.0,6.0,1.0,A01
201300027025,0,7,0,0.0,0.0,6.0,0.0,B01
201300027026,0,7,0,4.0,0.0,2.0,1.0,A01
201300027027,0,7,0,0.0,2.0,2.0,1.0,B01
201300027027,0,32,0,0.0,2.0,1.0,1.0,A01
201300027028,1,99,0,0.0,1.0,5.0,16.0,Z01
201300027029,0,7,0,0.0,0.0,6.0,2.0,B01
201300027029,0,31,0,0.0,2.0,1.0,2.0,A01
201300027030,0,7,0,0.0,2.0,6.0,9.0,B01
201300027030,0,30,0,0.0,2.0,1.0,0.0,A01
201300027031,0,7,0,2.0,0.0,1.0,0.0,A01
201300027032,0,7,0,1.0,0.0,1.0,0.0,A01
201300027032,0,7,0,0.0,2.0,4.0,0.0,B01
201300027033,0,7,0,0.0,2.0,2.0,15.0,A01
201300027033,0,33,0,0.0,2.0,1.0,1.0,B01
201300027034,0,7,0,0.0,2.0,2.0,0.0,C01
201300027034,0,7,0,0.0,2.0,3.0,5.0,A01
201300027034,0,7,0,0.0,2.0,3.0,0.0,B01
201300027035,0,7,0,0.0,2.0,8.0,15.0,B01
201300027035,0,33,0,0.0,2.0,1.0,17.0,A01
201300027036,0,30,0,0.0,2.0,1.0,0.0,B01
201300027036,0,7,0,0.0,2.0,2.0,12.0,A01
201300027037,0,30,0,0.0,2.0,1.0,0.0,B01
201300027037,0,7,0,0.0,2.0,2.0,12.0,A01
201300027038,0,7,0,0.0,2.0,2.0,12.0,A01
201300027038,0,30,0,0.0,2.0,1.0,0.0,B01
201300027039,1,7,0,0.0,0.0,0.0,0.0,B01
201300027039,0,32,0,12.0,2.0,1.0,0.0,A01
201300027040,0,1,0,0.0,0.0,0.0,15.0,A01
201300027040,0,7,0,0.0,0.0,0.0,15.0,B01
201300027041,0,7,0,0.0,2.0,4.0,0.0,B01