Num_Acc,senc,catv,occutc,obs,obsm,choc,manv,num_veh
201300027041,0,33,0,0.0,2.0,1.0,0.0,A01
201300027042,0,7,0,0.0,2.0,2.0,16.0,A01
201300027042,0,2,0,0.0,2.0,1.0,0.0,B01
201300027043,0,7,0,0.0,2.0,3.0,1.0,B01
201300027043,0,7,0,0.0,2.0,2.0,1.0,A01
201300027044,0,7,0,0.0,1.0,1.0,0.0,A01
201300027045,0,2,0,0.0,0.0,4.0,1.0,B01
201300027045,1,7,0,0.0,2.0,1.0,0.0,A01
201300027046,0,2,0,0.0,2.0,5.0,0.0,B01
201300027046,0,7,0,0.0,2.0,3.0,0.0,A01
201300027047,0,7,0,0.0,1.0,3.0,1.0,A01
201300027048,0,2,0,0.0,2.0,3.0,0.0,A01
201300027048,0,7,0,0.0,2.0,1.0,15.0,B01
201300027049,0,7,0,0.0,2.0,3.0,0.0,B01
201300027049,0,7,0,8.0,2.0,1.0,0.0,A01
201300027050,0,7,0,0.0,2.0,1.0,0.0,B01
201300027050,0,7,0,2.0,2.0,3.0,0.0,A01
201300027051,0,7,0,0.0,1.0,4.0,4.0,A01
201300027052,1,7,0,0.0,2.0,1.0,2.0,A01
201300027052,0,7,0,0.0,2.0,4.0,0.0,B01
201300027053,0,7,0,0.0,9.0,7.0,16.0,A01
201300027053,0,1,0,0.0,2.0,8.0,0.0,B01
201300027054,0,7,0,0.0,2.0,4.0,0.0,A01
201300027054,0,2,0,0.0,2.0,1.0,0.0,B01
201300027055,0,37,2,0.0,2.0,3.0,0.0,B01
201300027055,0,7,0,0.0,2.0,6.0,23.0,A01
201300027056,0,7,0,0.0,1.0,1.0,1.0,A01
201300027057,0,1,0,0.0,2.0,1.0,0.0,A01
201300027057,0,7,0,0.0,2.0,7.0,0.0,B01
201300027058,0,7,0,0.0,2.0,2.0,15.0,A01
201300027058,0,7,0,0.0,2.0,1.0,1.0,B01
201300027059,0,7,0,0.0,1.0,5.0,4.0,A01
201300027060,1,30,0,0.0,1.0,1.0,0.0,A01
201300027061,1,7,0,0.0,2.0,1.0,2.0,A01
201300027061,0,7,0,0.0,2.0,4.0,23.0,B01
201300027062,0,40,1,0.0,1.0,2.0,1.0,A01
201300027063,0,30,0,0.0,2.0,3.0,0.0,A01
201300027063,0,7,0,0.0,2.0,2.0,0.0,B01
201300027064,0,7,0,0.0,2.0,4.0,0.0,B01
201300027064,0,7,0,0.0,2.0,4.0,0.0,C01
201300027064,0,7,0,0.0,2.0,4.0,0.0,D01
201300027064,0,17,0,0.0,2.0,1.0,0.0,A01
201300027065,0,37,2,0.0,1.0,2.0,0.0,A01
201300027066,0,7,0,0.0,2.0,1.0,0.0,A01
201300027066,0,7,0,0.0,2.0,4.0,4.0,B01
201300027067,0,2,0,0.0,1.0,1.0,1.0,A01
201300027068,0,7,0,0.0,1.0,3.0,0.0,B01
201300027068,0,7,0,0.0,1.0,1.0,1.0,A01
201300027069,0,7,0,0.0,1.0,1.0,1.0,A01
201300027070,1,99,0,0.0,0.0,0.0,0.0,A01
201300027070,0,1,0,0.0,2.0,4.0,1.0,B01
201300027071,1,7,0,0.0,1.0,0.0,0.0,B01
201300027072,0,7,0,0.0,2.0,4.0,23.0,B01
201300027072,1,99,0,0.0,2.0,1.0,0.0,A01
201300027073,0,33,0,0.0,2.0,1.0,1.0,A01
201300027073,0,7,0,0.0,2.0,1.0,2.0,C01
201300027073,0,7,0,0.0,2.0,3.0,1.0,B01
201300027074,1,99,0,0.0,1.0,1.0,0.0,A01
201300027075,1,99,0,0.0,0.0,0.0,0.0,B01
201300027075,0,7,0,0.0,2.0,0.0,0.0,A01
201300027076,0,40,1,0.0,2.0,1.0,0.0,B01
201300027076,0,7,0,0.0,4.0,8.0,0.0,A01
201300027077,0,7,0,0.0,2.0,4.0,23.0,B01
201300027077,0,7,0,0.0,2.0,4.0,23.0,C01
201300027077,0,7,0,0.0,2.0,1.0,2.0,A01
201300027078,0,7,0,0.0,2.0,1.0,2.0,A01
201300027078,0,33,0,0.0,2.0,4.0,1.0,B01
201300027079,1,99,0,0.0,2.0,0.0,1.0,Z01
201300027079,0,7,0,4.0,2.0,2.0,1.0,B01
201300027080,1,7,0,0.0,2.0,1.0,9.0,A01
201300027080,0,2,0,0.0,2.0,7.0,0.0,B01
201300027081,0,1,0,0.0,2.0,1.0,15.0,B01
201300027081,0,10,0,0.0,2.0,3.0,1.0,A01
201300027082,0,33,0,0.0,2.0,1.0,0.0,B01
201300027082,0,7,0,0.0,0.0,2.0,0.0,A01
201300027083,0,2,0,8.0,0.0,0.0,0.0,A01
201300027084,0,7,0,0.0,0.0,6.0,15.0,B01
201300027084,0,1,0,0.0,2.0,1.0,2.0,A01
201300027085,0,7,0,0.0,1.0,1.0,0.0,A01
201300027086,0,15,0,0.0,2.0,3.0,15.0,B01
201300027086,0,31,0,0.0,2.0,1.0,17.0,A01
201300027087,0,7,0,0.0,1.0,2.0,1.0,A01
201300027088,0,7,0,0.0,1.0,3.0,0.0,A01
201300027089,0,7,0,1.0,0.0,2.0,14.0,A01
201300027090,0,3,0,0.0,1.0,1.0,1.0,A01
201300027091,0,7,0,0.0,2.0,3.0,0.0,B01
201300027091,0,2,0,0.0,2.0,2.0,17.0,A01
201300027092,0,7,0,15.0,0.0,1.0,1.0,A01
201300027093,0,7,0,0.0,2.0,3.0,0.0,B01
201300027093,0,30,0,0.0,2.0,1.0,1.0,A01
201300027094,0,31,0,0.0,2.0,3.0,1.0,A01
201300027094,0,7,0,0.0,2.0,2.0,1.0,B01
201300027095,0,7,0,0.0,1.0,2.0,1.0,A01
201300027096,0,7,0,0.0,2.0,0.0,5.0,A01
201300027096,0,7,0,0.0,2.0,0.0,1.0,B01
201300027097,0,7,0,0.0,1.0,3.0,0.0,A01
201300027098,0,40,3,0.0,2.0,1.0,0.0,A01
201300027098,0,7,0,0.0,4.0,8.0,0.0,B01
201300027099,0,32,0,0.0,2.0,0.0,0.0,A01
201300027099,0,7,0,0.0,2.0,0.0,0.0,B01
201300027100,0,7,0,0.0,2.0,5.0,4.0,A01
201300027100,0,30,0,0.0,2.0,1.0,1.0,B01
201300027101,0,7,0,0.0,1.0,3.0,1.0,A01
201300027102,0,7,0,0.0,1.0,3.0,1.0,A01
201300027103,0,7,0,0.0,2.0,0.0,9.0,B01
201300027103,0,7,0,0.0,2.0,0.0,1.0,A01
201300027104,0,7,0,0.0,2.0,5.0,13.0,B01
201300027104,0,31,0,0.0,2.0,2.0,18.0,A01
201300027105,0,7,0,0.0,1.0,1.0,0.0,A01
201300027106,0,7,0,0.0,2.0,1.0,0.0,B01
201300027106,0,7,0,0.0,2.0,1.0,0.0,A01
201300027107,0,7,0,4.0,0.0,2.0,1.0,A01
201300027108,1,7,0,0.0,2.0,7.0,14.0,A01
201300027108,0,7,0,0.0,2.0,8.0,1.0,B01
201300027109,0,31,0,0.0,2.0,0.0,18.0,A01
201300027109,0,38,1,0.0,2.0,0.0,1.0,B01
201300027110,0,7,0,0.0,2.0,3.0,15.0,B01
201300027110,0,30,0,0.0,2.0,1.0,17.0,A01
201300027111,0,30,0,1.0,2.0,1.0,1.0,B01
201300027111,0,7,0,0.0,2.0,1.0,17.0,A01
201300027112,0,7,0,0.0,2.0,4.0,23.0,B01
201300027112,0,2,0,0.0,2.0,1.0,1.0,A01
201300027113,1,30,0,0.0,2.0,0.0,13.0,A01
201300027113,0,7,0,0.0,2.0,3.0,23.0,B01
201300027114,1,7,0,0.0,1.0,0.0,0.0,Z01
201300027115,1,7,0,0.0,1.0,0.0,0.0,A01
201300027116,0,7,0,0.0,1.0,2.0,0.0,A01
201300027117,1,7,0,0.0,1.0,0.0,0.0,A01
201300027118,0,33,0,1.0,0.0,7.0,1.0,A01
201300027119,0,7,0,0.0,2.0,1.0,1.0,B01
201300027119,2,7,0,0.0,2.0,1.0,5.0,A01
201300027120,1,99,0,0.0,1.0,0.0,0.0,A01
201300027121,0,7,0,0.0,2.0,0.0,1.0,A01
201300027121,1,7,0,0.0,2.0,0.0,13.0,B01
201300027122,0,7,0,0.0,1.0,0.0,1.0,A01
201300027123,0,7,0,0.0,2.0,0.0,1.0,B01
201300027123,0,7,0,0.0,2.0,0.0,15.0,A01
201300027124,0,33,0,0.0,2.0,1.0,1.0,B01
201300027124,0,7,0,0.0,2.0,2.0,15.0,A01
201300027125,0,7,0,0.0,1.0,2.0,1.0,A01
201300027126,0,7,0,0.0,1.0,1.0,1.0,A01
201300027127,0,7,0,0.0,1.0,1.0,1.0,A01
201300027128,1,35,0,1.0,0.0,0.0,0.0,A01
201300027129,0,7,0,0.0,1.0,1.0,1.0,A01
201300027130,0,33,0,0.0,2.0,0.0,1.0,A01
201300027131,0,17,0,0.0,0.0,1.0,0.0,A01
201300027131,0,7,0,0.0,2.0,0.0,1.0,B01
201300027131,0,7,0,0.0,2.0,2.0,1.0,C01
201300027132,0,30,0,0.0,2.0,2.0,1.0,A01
201300027132,0,7,0,0.0,2.0,7.0,16.0,B01
201300027133,0,7,0,0.0,2.0,7.0,19.0,B01
201300027133,0,7,0,0.0,2.0,1.0,1.0,A01
201300027134,0,1,0,0.0,1.0,1.0,1.0,A01
201300027135,0,7,0,0.0,1.0,1.0,1.0,A01
201300027136,0,7,0,0.0,2.0,0.0,10.0,A01
201300027136,0,31,0,0.0,2.0,0.0,2.0,B01
201300027137,0,7,0,0.0,2.0,3.0,1.0,A01
201300027137,0,37,3,0.0,2.0,1.0,1.0,B01
201300027138,0,7,0,8.0,0.0,1.0,13.0,B01
201300027138,0,7,0,0.0,0.0,0.0,15.0,A01
201300027139,0,7,0,0.0,2.0,0.0,1.0,A01
201300027139,0,30,0,0.0,2.0,0.0,17.0,B01
201300027140,1,10,0,0.0,2.0,0.0,2.0,B01
201300027140,0,7,0,0.0,2.0,0.0,1.0,A01
201300027141,1,7,0,0.0,2.0,1.0,1.0,A01
201300027141,0,7,0,0.0,0.0,4.0,1.0,B01
201300027142,0,7,0,0.0,2.0,3.0,13.0,A01
201300027142,0,33,0,0.0,2.0,1.0,1.0,B01
201300027143,0,7,0,0.0,1.0,0.0,1.0,A01
201300027144,0,7,0,0.0,0.0,3.0,2.0,A01
201300027144,0,1,0,0.0,2.0,7.0,2.0,B01
201300027145,1,2,0,0.0,1.0,0.0,1.0,A01
201300027146,0,2,0,0.0,2.0,1.0,1.0,A01
201300027146,0,7,0,0.0,2.0,7.0,16.0,B01
201300027147,0,7,0,0.0,2.0,0.0,1.0,A01
201300027147,1,7,0,0.0,2.0,0.0,0.0,B01
201300027148,0,36,0,1.0,0.0,1.0,14.0,A01
201300027149,0,7,0,0.0,2.0,6.0,15.0,A01
201300027149,0,33,0,0.0,2.0,1.0,1.0,B01
201300027150,0,33,0,0.0,2.0,0.0,7.0,A01
201300027151,0,7,0,0.0,2.0,3.0,0.0,B01
201300027151,0,31,0,0.0,2.0,2.0,0.0,A01
201300027152,0,7,0,0.0,1.0,3.0,1.0,A01
201300027153,2,7,0,1.0,0.0,7.0,0.0,A01
201300027154,0,2,0,0.0,2.0,0.0,17.0,A01
201300027154,0,7,0,0.0,2.0,0.0,15.0,B01
201300027155,2,7,0,0.0,1.0,1.0,0.0,Z01
201300027156,0,7,0,0.0,2.0,0.0,1.0,A01
201300027156,0,2,0,0.0,2.0,0.0,18.0,B01
201300027157,0,7,0,0.0,2.0,1.0,1.0,B01
201300027157,0,7,0,0.0,2.0,1.0,13.0,A01
201300027158,0,7,0,0.0,2.0,0.0,21.0,A01
201300027158,2,10,0,0.0,2.0,0.0,1.0,B01
201300027159,0,7,0,0.0,1.0,0.0,1.0,A01
201300027160,0,33,0,0.0,2.0,0.0,1.0,B01
201300027160,0,7,0,0.0,2.0,0.0,15.0,A01
201300027161,0,33,0,0.0,0.0,1.0,0.0,A01
201300027162,0,31,0,0.0,0.0,2.0,12.0,A01
201300027162,0,30,0,0.0,0.0,6.0,0.0,B01
201300027163,0,7,0,0.0,2.0,4.0,20.0,B01
201300027163,2,34,0,0.0,2.0,1.0,18.0,A01
201300027164,1,7,0,0.0,2.0,1.0,15.0,A01
201300027164,0,30,0,0.0,0.0,8.0,1.0,B01
201300027165,1,7,0,0.0,1.0,0.0,2.0,A01
201300027166,0,30,0,0.0,2.0,0.0,0.0,B01
201300027167,0,7,0,0.0,2.0,3.0,13.0,A01
201300027167,0,33,0,0.0,2.0,1.0,1.0,B01
201300027168,0,33,0,0.0,2.0,1.0,1.0,B01
201300027168,0,7,0,0.0,2.0,5.0,10.0,A01
201300027169,0,7,0,0.0,1.0,1.0,1.0,A01
201300027170,0,1,0,0.0,2.0,7.0,1.0,B01
201300027170,0,7,0,0.0,9.0,1.0,1.0,A01
201300027171,0,7,0,0.0,2.0,3.0,1.0,A01
201300027171,0,1,0,0.0,2.0,1.0,1.0,B01
201300027172,2,7,0,0.0,2.0,0.0,0.0,B01
201300027172,0,7,0,0.0,2.0,0.0,1.0,A01
201300027173,0,7,0,8.0,0.0,0.0,14.0,A01
201300027174,0,7,0,0.0,1.0,2.0,1.0,A01
201300027175,0,7,0,0.0,1.0,0.0,1.0,A01
201300027176,0,40,0,0.0,1.0,2.0,1.0,A01
201300027177,0,33,0,0.0,2.0,7.0,15.0,B01
201300027177,2,2,0,0.0,2.0,1.0,1.0,A01
201300027178,1,99,0,0.0,1.0,0.0,1.0,A01
201300027179,0,7,0,0.0,1.0,2.0,1.0,A01
201300027180,0,1,0,0.0,2.0,1.0,1.0,B01
201300027180,0,7,0,0.0,2.0,1.0,9.0,A01
201300027181,1,7,0,0.0,1.0,0.0,0.0,A01
201300027182,0,36,0,0.0,2.0,1.0,0.0,B01
201300027182,0,7,0,0.0,2.0,2.0,15.0,A01
201300027183,0,7,0,0.0,2.0,2.0,16.0,A01
201300027183,0,33,0,0.0,2.0,1.0,18.0,B01
201300027184,0,7,0,0.0,2.0,0.0,22.0,A01
201300027184,0,1,0,1.0,0.0,0.0,1.0,B01
201300027185,0,7,0,0.0,2.0,0.0,15.0,A01
201300027185,0,33,0,0.0,2.0,0.0,1.0,B01
201300027186,1,33,0,0.0,1.0,1.0,1.0,Z01
201300027187,0,7,0,0.0,2.0,1.0,13.0,A01
201300027187,0,7,0,0.0,2.0,1.0,1.0,B01
201300027188,0,2,0,0.0,2.0,1.0,1.0,A01
201300027188,0,10,0,0.0,2.0,0.0,19.0,B01
201300027189,0,1,0,0.0,2.0,6.0,0.0,B01
201300027189,1,7,0,0.0,9.0,0.0,0.0,A01
201300027190,0,7,0,0.0,2.0,2.0,15.0,A01
201300027190,0,31,0,0.0,2.0,1.0,1.0,B01
201300027191,1,7,0,0.0,2.0,0.0,1.0,B01
201300027191,0,32,0,0.0,2.0,0.0,19.0,A01
201300027192,1,7,0,0.0,1.0,1.0,0.0,A01
201300027193,0,30,0,0.0,0.0,7.0,0.0,B01
201300027193,1,7,0,0.0,0.0,0.0,0.0,A01
201300027194,0,1,0,0.0,2.0,0.0,1.0,A01
201300027194,1,7,0,0.0,2.0,0.0,21.0,B01
201300027195,1,7,0,0.0,2.0,0.0,0.0,Z01
201300027195,0,2,0,0.0,2.0,7.0,0.0,B01
201300027196,0,7,0,0.0,0.0,4.0,0.0,B01
201300027196,0,2,0,0.0,2.0,4.0,9.0,A01
201300027197,0,30,0,0.0,2.0,4.0,2.0,B01
201300027197,0,7,0,0.0,2.0,3.0,2.0,A01
201300027198,0,7,0,0.0,2.0,0.0,1.0,B01
201300027198,0,7,0,0.0,2.0,0.0,15.0,A01
201300027199,1,7,0,0.0,2.0,0.0,0.0,B01
201300027199,0,33,0,0.0,2.0,0.0,1.0,A01
201300027200,0,7,0,0.0,1.0,5.0,1.0,B01
201300027201,0,10,0,0.0,2.0,1.0,1.0,B01
201300027201,0,7,0,0.0,2.0,1.0,13.0,A01
201300027202,0,7,0,0.0,1.0,1.0,1.0,A01
201300027203,0,40,0,0.0,1.0,3.0,1.0,A01
201300027204,1,7,0,0.0,1.0,0.0,0.0,Z01
201300027205,0,7,0,0.0,1.0,3.0,1.0,A01
201300027206,0,7,0,0.0,2.0,2.0,15.0,A01
201300027206,0,34,0,0.0,0.0,1.0,0.0,B01
201300027207,0,34,0,0.0,2.0,7.0,0.0,B01
201300027207,0,7,0,0.0,2.0,8.0,9.0,A01
201300027208,0,17,0,0.0,2.0,1.0,2.0,C01
201300027208,0,17,0,0.0,0.0,4.0,1.0,A01
201300027208,0,17,0,0.0,2.0,1.0,2.0,B01
201300027209,0,33,0,0.0,2.0,7.0,1.0,A01
201300027209,0,7,0,0.0,0.0,4.0,1.0,B01
201300027210,0,30,0,0.0,1.0,1.0,0.0,A01
201300027211,0,7,0,0.0,1.0,0.0,20.0,A01
201300027212,0,33,0,0.0,2.0,1.0,2.0,A01
201300027212,0,7,0,0.0,2.0,3.0,2.0,B01
201300027213,0,7,0,0.0,2.0,2.0,16.0,B01
201300027213,0,2,0,0.0,2.0,1.0,7.0,A01
201300027214,0,1,0,0.0,2.0,1.0,0.0,B01
201300027214,0,7,0,9.0,2.0,3.0,9.0,A01
201300027215,1,7,0,0.0,9.0,0.0,0.0,Z01
201300027215,0,30,0,0.0,2.0,8.0,9.0,B01
201300027216,0,33,0,1.0,0.0,1.0,1.0,A01
201300027216,0,7,0,0.0,2.0,6.0,23.0,B01
201300027217,0,7,0,0.0,9.0,1.0,1.0,A01
201300027217,0,1,0,0.0,2.0,0.0,9.0,B01
201300027218,0,30,0,0.0,2.0,1.0,1.0,A01
201300027218,0,7,0,0.0,2.0,7.0,16.0,B01
201300027219,1,7,0,0.0,1.0,4.0,4.0,A01
201300027220,2,7,0,0.0,2.0,0.0,0.0,A01
201300027220,0,7,0,0.0,2.0,0.0,1.0,B01
201300027221,0,20,0,0.0,1.0,6.0,4.0,A01
201300027222,0,10,0,0.0,2.0,1.0,2.0,A01
201300027222,0,7,0,0.0,2.0,4.0,1.0,B01
201300027223,0,7,0,0.0,1.0,1.0,15.0,A01
201300027224,0,7,0,0.0,2.0,8.0,2.0,A01
201300027224,0,31,0,0.0,2.0,0.0,1.0,B01
201300027225,0,1,0,0.0,1.0,1.0,1.0,A01
201300027226,0,33,0,3.0,0.0,0.0,1.0,A01
201300027227,1,7,0,0.0,2.0,1.0,15.0,A01
201300027227,0,1,0,0.0,2.0,8.0,1.0,B01
201300027228,0,13,0,0.0,0.0,8.0,0.0,B01
201300027228,0,31,0,0.0,2.0,1.0,0.0,A01
201300027229,1,7,0,0.0,2.0,0.0,1.0,A01
201300027229,0,1,0,0.0,2.0,0.0,1.0,B01
201300027230,1,7,0,0.0,2.0,0.0,0.0,Z01
201300027230,0,30,0,0.0,2.0,7.0,0.0,B01
201300027231,0,33,0,0.0,0.0,0.0,1.0,A01
201300027232,0,37,0,1.0,1.0,2.0,2.0,B01
201300027233,0,7,0,0.0,1.0,2.0,1.0,A01
201300027234,0,7,0,0.0,1.0,0.0,1.0,A01
201300027235,0,31,0,0.0,0.0,0.0,0.0,B01
201300027235,1,7,0,0.0,0.0,0.0,0.0,Z01
201300027236,0,7,0,0.0,1.0,3.0,1.0,A01
201300027236,0,7,0,14.0,0.0,0.0,1.0,C01
201300027236,0,7,0,14.0,0.0,2.0,1.0,B01
201300027237,0,7,0,8.0,0.0,2.0,0.0,A01
201300027238,0,7,0,0.0,2.0,2.0,15.0,A01
201300027238,0,7,0,0.0,2.0,3.0,1.0,B01
201300027239,0,7,0,0.0,0.0,0.0,15.0,A01
201300027239,0,34,0,0.0,0.0,8.0,17.0,B01
201300027240,0,7,0,3.0,2.0,8.0,9.0,A01
201300027240,0,10,0,0.0,2.0,8.0,1.0,B01
201300027241,1,34,0,0.0,1.0,1.0,0.0,Z01
201300027242,0,10,0,0.0,1.0,1.0,1.0,A01
201300027242,0,7,0,0.0,1.0,1.0,1.0,B01
201300027243,0,7,0,8.0,0.0,8.0,0.0,A01
201300027244,1,7,0,0.0,2.0,1.0,1.0,Z01
201300027244,0,7,0,0.0,2.0,4.0,23.0,A01
201300027245,0,1,0,0.0,2.0,4.0,1.0,A01
201300027246,0,7,0,0.0,1.0,3.0,1.0,A01
201300027247,0,7,0,0.0,1.0,1.0,1.0,A01
201300027248,1,7,0,0.0,1.0,2.0,0.0,A01
201300027249,0,7,0,0.0,2.0,0.0,15.0,A01
201300027249,0,1,0,0.0,2.0,0.0,1.0,B01
201300027250,0,2,0,0.0,2.0,1.0,0.0,A01
201300027250,0,7,0,0.0,2.0,1.0,15.0,B01
201300027251,0,20,0,0.0,0.0,0.0,1.0,A01
201300027252,0,7,0,0.0,1.0,3.0,0.0,A01
201300027253,0,7,0,0.0,2.0,5.0,4.0,A01
201300027253,0,30,0,0.0,2.0,1.0,0.0,B01
201300027254,0,7,0,0.0,1.0,2.0,1.0,A01
201300027255,0,7,0,0.0,2.0,4.0,1.0,B01
201300027255,1,7,0,0.0,0.0,1.0,2.0,Z01
201300027256,1,7,0,0.0,2.0,4.0,9.0,A01
201300027256,0,30,0,0.0,2.0,1.0,1.0,B01
201300027257,2,7,0,0.0,2.0,1.0,1.0,A01
201300027257,0,7,0,0.0,2.0,8.0,1.0,B01
201300027258,0,7,0,0.0,2.0,1.0,15.0,A01
201300027258,0,30,0,0.0,2.0,8.0,1.0,B01
201300027259,0,31,0,0.0,2.0,1.0,1.0,A01
201300027259,1,10,0,0.0,0.0,4.0,2.0,B01
201300027260,0,7,0,0.0,1.0,1.0,1.0,A01
201300027261,0,7,0,0.0,2.0,1.0,15.0,A01
201300027261,0,31,0,0.0,2.0,1.0,1.0,B01
201300027262,0,1,0,8.0,0.0,8.0,1.0,A01
201300027263,0,7,0,0.0,1.0,2.0,1.0,A01
201300027264,0,40,0,0.0,1.0,8.0,19.0,A01
201300027265,1,7,0,0.0,1.0,0.0,0.0,Z01
201300027266,0,32,0,0.0,2.0,1.0,1.0,B01
201300027266,0,7,0,0.0,2.0,8.0,10.0,A01
201300027267,0,1,0,0.0,2.0,4.0,23.0,B01
201300027267,1,7,0,14.0,0.0,1.0,1.0,Z01
201300027268,0,7,0,0.0,1.0,1.0,1.0,A01
201300027269,0,1,0,0.0,9.0,5.0,2.0,A01
201300027269,0,30,0,0.0,9.0,3.0,2.0,B01
201300027270,0,7,0,0.0,2.0,2.0,15.0,B01
201300027270,0,30,0,0.0,2.0,1.0,1.0,A01
201300027271,0,7,0,0.0,1.0,1.0,1.0,A01
201300027272,0,7,0,0.0,1.0,2.0,1.0,A01
201300027273,0,37,1,0.0,1.0,7.0,1.0,A01
201300027274,1,15,0,0.0,2.0,2.0,0.0,Z01
201300027274,0,7,0,0.0,2.0,3.0,1.0,A01
201300027275,0,7,0,0.0,2.0,1.0,1.0,A01
201300027275,0,7,0,0.0,2.0,0.0,1.0,B01
201300027276,0,7,0,0.0,1.0,1.0,1.0,A01
201300027277,0,7,0,0.0,1.0,0.0,1.0,A01
201300027278,0,7,0,0.0,0.0,0.0,13.0,A01
201300027278,0,2,0,0.0,0.0,0.0,1.0,B01
201300027279,0,1,0,0.0,2.0,0.0,2.0,B01
201300027279,1,10,0,0.0,2.0,0.0,2.0,A01
201300027280,0,7,0,0.0,1.0,2.0,1.0,A01
201300027281,0,40,0,0.0,2.0,1.0,0.0,B01
201300027281,0,7,0,0.0,4.0,8.0,15.0,A01
201300027282,1,7,0,0.0,2.0,2.0,0.0,Z01
201300027282,0,1,0,0.0,2.0,4.0,0.0,B01
201300027283,0,7,0,0.0,2.0,1.0,2.0,A01
201300027283,0,7,0,0.0,2.0,4.0,2.0,B01
201300027284,0,7,0,0.0,0.0,0.0,0.0,Z01
201300027284,0,7,0,0.0,0.0,8.0,0.0,B01
201300027285,1,7,0,0.0,1.0,1.0,1.0,Z01
201300027286,0,7,0,0.0,1.0,3.0,1.0,A01
201300027287,0,7,0,0.0,2.0,4.0,1.0,A01
201300027288,0,7,0,0.0,1.0,2.0,15.0,A01
201300027289,0,7,0,0.0,2.0,8.0,10.0,A01
201300027289,0,33,0,0.0,2.0,2.0,1.0,B01
201300027290,0,7,0,0.0,1.0,1.0,1.0,A01
201300027291,0,7,0,0.0,1.0,1.0,1.0,A01
201300027292,0,1,0,0.0,2.0,1.0,1.0,A01
201300027292,0,7,0,0.0,2.0,2.0,1.0,B01
201300027293,0,7,0,0.0,1.0,1.0,17.0,A01
201300027294,0,7,0,0.0,2.0,1.0,1.0,A01
201300027294,0,7,0,0.0,2.0,4.0,1.0,B01
201300027295,0,7,0,0.0,1.0,1.0,1.0,A01
201300027296,0,7,0,0.0,2.0,4.0,23.0,B01
201300027296,0,7,0,0.0,2.0,1.0,1.0,A01
201300027297,0,7,0,0.0,2.0,4.0,1.0,B01
201300027297,0,7,0,0.0,2.0,1.0,1.0,A01
201300027298,0,7,0,0.0,1.0,4.0,20.0,A01
201300027299,0,7,0,0.0,2.0,2.0,15.0,A01
201300027299,0,2,0,0.0,2.0,1.0,1.0,B01
201300027300,0,7,0,0.0,2.0,1.0,1.0,B01
201300027300,0,1,0,0.0,2.0,1.0,1.0,A01
201300027301,0,7,0,0.0,2.0,3.0,9.0,A01
201300027301,0,2,0,0.0,2.0,1.0,1.0,B01
201300027302,0,7,0,0.0,2.0,1.0,9.0,A01
201300027302,0,7,0,0.0,2.0,1.0,1.0,B01
201300027303,0,2,0,0.0,2.0,1.0,1.0,A01
201300027303,0,7,0,0.0,2.0,1.0,1.0,B01
201300027304,0,7,0,0.0,1.0,6.0,20.0,A01
201300027305,0,7,0,8.0,0.0,1.0,14.0,A01
201300027306,0,7,0,0.0,1.0,1.0,1.0,A01
201300027307,0,2,0,8.0,9.0,1.0,14.0,A01
201300027308,0,33,0,0.0,2.0,1.0,17.0,A01
201300027308,0,7,0,0.0,2.0,3.0,15.0,B01
201300027309,0,17,0,0.0,2.0,4.0,1.0,B01
201300027309,0,10,0,0.0,2.0,1.0,1.0,A01
201300027310,0,10,0,0.0,2.0,3.0,13.0,A01
201300027310,0,37,2,0.0,2.0,2.0,1.0,B01
201300027311,0,31,0,0.0,2.0,1.0,1.0,B01
201300027311,0,7,0,0.0,2.0,3.0,9.0,A01
201300027312,0,7,0,0.0,2.0,1.0,1.0,A01
201300027312,0,17,0,0.0,2.0,3.0,1.0,B01
201300027313,0,7,0,0.0,1.0,1.0,1.0,A01
201300027314,0,7,0,0.0,1.0,1.0,9.0,A01
201300027315,0,33,0,0.0,2.0,1.0,1.0,B01
201300027315,0,7,0,0.0,2.0,8.0,9.0,A01
201300027316,0,7,0,0.0,1.0,1.0,1.0,A01
201300027317,0,7,0,0.0,1.0,2.0,1.0,A01
201300027318,0,7,0,0.0,2.0,4.0,1.0,B01
201300027318,0,7,0,0.0,2.0,1.0,1.0,A01
201300027319,0,10,0,0.0,2.0,4.0,1.0,B01
201300027319,0,7,0,0.0,2.0,1.0,1.0,A01
201300027320,0,2,0,0.0,2.0,1.0,1.0,B01
201300027320,0,7,0,0.0,2.0,7.0,9.0,A01
201300027321,0,7,0,0.0,1.0,1.0,1.0,A01
201300027322,0,10,0,0.0,1.0,5.0,1.0,A01
201300027323,0,7,0,0.0,2.0,4.0,1.0,B01
201300027323,0,10,0,0.0,2.0,1.0,1.0,A01
201300027324,0,7,0,0.0,1.0,1.0,1.0,A01
201300027325,0,7,0,0.0,2.0,3.0,9.0,A01
201300027325,0,2,0,0.0,2.0,1.0,1.0,B01
201300027326,0,7,0,0.0,2.0,8.0,0.0,B01
201300027326,0,1,0,0.0,2.0,1.0,0.0,A01
201300027327,0,7,0,0.0,2.0,2.0,1.0,A01
201300027328,0,7,0,0.0,2.0,1.0,1.0,B01
201300027328,0,7,0,0.0,2.0,1.0,1.0,A01
201300027329,0,7,0,0.0,2.0,4.0,1.0,B01
201300027329,0,2,0,0.0,2.0,1.0,1.0,A01
201300027330,0,2,0,0.0,2.0,4.0,15.0,B01
201300027330,0,7,0,0.0,2.0,3.0,1.0,A01