Num_Acc,senc,catv,occutc,obs,obsm,choc,manv,num_veh
201300027331,0,1,0,0.0,2.0,1.0,1.0,B01
201300027331,0,7,0,0.0,2.0,1.0,9.0,A01
201300027332,0,38,1,0.0,2.0,2.0,16.0,A01
201300027332,0,1,0,0.0,2.0,1.0,19.0,B01
201300027333,0,7,0,0.0,1.0,1.0,15.0,A01
201300027334,0,37,2,0.0,2.0,4.0,1.0,A01
201300027334,0,7,0,0.0,2.0,1.0,1.0,B01
201300027335,0,7,0,15.0,0.0,9.0,0.0,A01
201300027336,0,7,0,0.0,2.0,3.0,1.0,B01
201300027336,0,7,0,0.0,2.0,1.0,9.0,A01
201300027337,0,7,0,6.0,0.0,1.0,14.0,A01
201300027338,0,7,0,0.0,9.0,1.0,1.0,B01
201300027338,0,1,0,0.0,2.0,7.0,19.0,A01
201300027339,0,33,0,0.0,2.0,4.0,23.0,B01
201300027339,0,7,0,0.0,2.0,1.0,2.0,A01
201300027340,0,7,0,0.0,1.0,1.0,16.0,A01
201300027341,0,7,0,0.0,2.0,8.0,0.0,A01
201300027341,0,37,2,0.0,2.0,1.0,1.0,B01
201300027342,0,7,0,0.0,9.0,1.0,2.0,A01
201300027342,0,1,0,0.0,2.0,6.0,2.0,B01
201300027343,0,2,0,14.0,0.0,1.0,1.0,A01
201300027344,0,7,0,0.0,2.0,1.0,2.0,A01
201300027344,0,7,0,0.0,2.0,4.0,2.0,B01
201300027345,0,7,0,0.0,1.0,1.0,15.0,A01
201300027346,0,7,0,0.0,2.0,3.0,13.0,A01
201300027346,0,14,0,0.0,2.0,6.0,1.0,B01
201300027347,0,31,0,0.0,2.0,2.0,1.0,B01
201300027347,0,3,0,0.0,2.0,1.0,15.0,A01
201300027348,0,7,0,0.0,1.0,4.0,23.0,B01
201300027348,0,7,0,0.0,2.0,1.0,1.0,A01
201300027349,0,2,0,0.0,2.0,1.0,1.0,B01
201300027349,0,7,0,0.0,2.0,6.0,15.0,A01
201300027350,0,7,0,0.0,1.0,1.0,1.0,A01
201300027351,0,7,0,0.0,2.0,1.0,1.0,B01
201300027351,0,7,0,0.0,2.0,3.0,9.0,A01
201300027352,0,2,0,0.0,1.0,1.0,17.0,A01
201300027353,0,7,0,0.0,1.0,1.0,1.0,A01
201300027354,0,2,0,0.0,2.0,1.0,1.0,B01
201300027354,0,7,0,0.0,2.0,3.0,9.0,A01
201300027355,0,7,0,9.0,0.0,1.0,13.0,A01
201300027356,0,7,0,0.0,2.0,1.0,1.0,A01
201300027356,0,7,0,8.0,2.0,4.0,15.0,B01
201300027357,0,7,0,0.0,2.0,1.0,1.0,A01
201300027357,0,33,0,0.0,2.0,4.0,1.0,B01
201300027358,0,7,0,0.0,1.0,2.0,1.0,A01
201300027359,0,2,0,1.0,0.0,1.0,14.0,A01
201300027360,0,38,21,0.0,1.0,1.0,1.0,A01
201300027361,0,7,0,8.0,0.0,1.0,1.0,A01
201300027362,0,16,0,0.0,2.0,3.0,1.0,A01
201300027362,0,31,0,0.0,2.0,1.0,17.0,B01
201300027363,0,2,0,0.0,2.0,1.0,12.0,B01
201300027363,0,7,0,0.0,2.0,6.0,1.0,A01
201300027364,0,7,0,0.0,2.0,6.0,1.0,B01
201300027364,0,7,0,0.0,2.0,1.0,1.0,A01
201300027365,0,7,0,0.0,2.0,6.0,1.0,B01
201300027365,0,7,0,0.0,2.0,1.0,1.0,A01
201300027366,0,7,0,0.0,2.0,1.0,1.0,A01
201300027366,0,7,0,0.0,2.0,1.0,15.0,B01
201300027367,0,7,0,0.0,2.0,3.0,15.0,B01
201300027367,0,7,0,0.0,2.0,1.0,1.0,A01
201300027368,0,2,0,1.0,0.0,1.0,14.0,A01
201300027369,0,7,0,0.0,2.0,3.0,1.0,B01
201300027369,0,7,0,0.0,2.0,2.0,9.0,A01
201300027370,0,1,0,0.0,2.0,4.0,1.0,B01
201300027370,0,7,0,0.0,2.0,1.0,1.0,A01
201300027371,0,37,1,0.0,2.0,1.0,1.0,A01
201300027371,0,7,0,0.0,2.0,4.0,1.0,B01
201300027372,0,7,0,0.0,2.0,4.0,23.0,B01
201300027372,0,7,0,1.0,0.0,1.0,1.0,A01
201300027373,0,7,0,6.0,0.0,1.0,13.0,A01
201300027374,0,7,0,0.0,1.0,1.0,1.0,A01
201300027375,0,7,0,0.0,2.0,1.0,1.0,A01
201300027375,0,2,0,0.0,2.0,1.0,1.0,B01
201300027376,0,7,0,0.0,2.0,4.0,1.0,B01
201300027376,0,7,0,0.0,2.0,1.0,1.0,A01
201300027376,0,7,0,0.0,2.0,4.0,1.0,C01
201300027377,0,7,0,0.0,2.0,4.0,1.0,B01
201300027377,0,7,0,0.0,2.0,1.0,1.0,A01
201300027377,0,7,0,0.0,2.0,1.0,1.0,C01
201300027378,0,10,0,0.0,2.0,5.0,15.0,A01
201300027378,0,33,0,0.0,2.0,1.0,18.0,B01
201300027379,0,10,0,0.0,2.0,4.0,1.0,C01
201300027379,0,7,0,0.0,2.0,4.0,1.0,B01
201300027379,0,7,0,0.0,2.0,1.0,1.0,A01
201300027380,0,30,0,0.0,2.0,1.0,1.0,B01
201300027380,0,7,0,0.0,2.0,1.0,9.0,A01
201300027381,0,7,0,0.0,2.0,3.0,9.0,A01
201300027381,0,2,0,0.0,2.0,7.0,1.0,B01
201300027382,0,2,0,0.0,2.0,1.0,1.0,A01
201300027382,0,7,0,0.0,2.0,4.0,15.0,B01
201300027383,0,1,0,0.0,2.0,1.0,9.0,B01
201300027383,0,7,0,0.0,2.0,2.0,16.0,A01
201300027384,0,7,0,0.0,2.0,1.0,1.0,A01
201300027384,0,7,0,0.0,2.0,8.0,1.0,B01
201300027385,0,7,0,0.0,1.0,1.0,1.0,A01
201300027386,0,7,0,0.0,2.0,1.0,1.0,A01
201300027386,0,7,0,0.0,2.0,4.0,1.0,B01
201300027387,0,10,0,0.0,2.0,4.0,1.0,C01
201300027387,0,7,0,0.0,2.0,3.0,0.0,A01
201300027387,0,10,0,0.0,2.0,4.0,1.0,B01
201300027388,0,7,0,0.0,2.0,4.0,1.0,B01
201300027388,0,7,0,0.0,2.0,1.0,1.0,A01
201300027389,0,7,0,0.0,1.0,1.0,1.0,A01
201300027390,0,7,0,0.0,2.0,1.0,1.0,B01
201300027390,0,7,0,0.0,2.0,2.0,1.0,A01
201300027391,0,7,0,13.0,0.0,3.0,1.0,A01
201300027392,0,7,0,0.0,2.0,8.0,1.0,A01
201300027392,0,31,0,0.0,2.0,1.0,1.0,B01
201300027393,0,31,0,0.0,2.0,1.0,1.0,A01
201300027393,0,7,0,0.0,2.0,7.0,15.0,B01
201300027394,0,7,0,0.0,2.0,3.0,1.0,A01
201300027394,0,37,1,0.0,2.0,2.0,15.0,B01
201300027395,0,7,0,6.0,0.0,9.0,1.0,A01
201300027396,0,15,0,0.0,2.0,5.0,17.0,A01
201300027396,0,30,0,0.0,2.0,3.0,1.0,B01
201300027397,0,7,0,0.0,2.0,1.0,1.0,A01
201300027397,0,10,0,0.0,2.0,3.0,15.0,B01
201300027398,0,30,0,15.0,0.0,1.0,1.0,A01
201300027399,0,30,0,0.0,2.0,1.0,2.0,B01
201300027399,0,7,0,0.0,0.0,5.0,15.0,A01
201300027400,0,3,0,10.0,0.0,1.0,1.0,A01
201300027401,0,7,0,0.0,2.0,1.0,1.0,B01
201300027401,0,7,0,0.0,0.0,4.0,1.0,A01
201300027402,0,7,0,0.0,1.0,8.0,1.0,A01
201300027403,0,7,0,0.0,2.0,6.0,1.0,C01
201300027403,0,7,0,0.0,2.0,4.0,23.0,B01
201300027403,1,7,0,0.0,2.0,1.0,1.0,A01
201300027404,0,7,0,0.0,1.0,3.0,9.0,A01
201300027405,0,7,0,0.0,2.0,1.0,1.0,A01
201300027405,0,7,0,0.0,0.0,4.0,15.0,B01
201300027406,0,13,0,6.0,0.0,1.0,1.0,A01
201300027407,0,7,0,0.0,2.0,3.0,9.0,A01
201300027407,0,2,0,0.0,2.0,7.0,1.0,B01
201300027408,0,30,0,0.0,2.0,2.0,2.0,A01
201300027408,0,7,0,0.0,0.0,6.0,1.0,B01
201300027409,1,7,0,0.0,1.0,1.0,1.0,Z01
201300027410,0,1,0,0.0,2.0,1.0,1.0,B01
201300027410,0,7,0,0.0,2.0,2.0,1.0,A01
201300027411,0,7,0,0.0,1.0,2.0,1.0,A01
201300027412,0,33,0,0.0,2.0,3.0,17.0,A01
201300027412,0,7,0,0.0,2.0,3.0,1.0,B01
201300027413,0,1,0,0.0,2.0,3.0,15.0,B01
201300027413,0,7,0,0.0,2.0,2.0,17.0,A01
201300027414,0,7,0,0.0,1.0,1.0,16.0,A01
201300027415,0,7,0,0.0,2.0,6.0,15.0,A01
201300027415,0,2,0,0.0,2.0,1.0,15.0,B01
201300027416,0,7,0,12.0,0.0,8.0,2.0,A01
201300027416,0,33,0,12.0,2.0,8.0,2.0,B01
201300027417,0,33,0,0.0,2.0,1.0,1.0,B01
201300027417,0,7,0,0.0,2.0,7.0,15.0,A01
201300027418,0,32,0,12.0,0.0,1.0,1.0,A01
201300027419,0,7,0,0.0,0.0,8.0,15.0,B01
201300027419,0,7,0,0.0,2.0,3.0,1.0,A01
201300027420,0,7,0,13.0,2.0,7.0,21.0,A01
201300027420,0,3,0,0.0,0.0,8.0,1.0,B01
201300027421,0,30,0,12.0,0.0,2.0,14.0,A01
201300027422,0,7,0,0.0,0.0,4.0,23.0,B01
201300027422,0,7,0,0.0,2.0,1.0,1.0,A01
201300027423,0,17,0,3.0,2.0,3.0,1.0,B01
201300027423,0,7,0,0.0,2.0,5.0,12.0,A01
201300027424,0,7,0,4.0,0.0,3.0,1.0,A01
201300027425,0,7,0,0.0,1.0,3.0,15.0,A01
201300027426,0,7,0,0.0,2.0,2.0,9.0,A01
201300027426,0,33,0,0.0,2.0,1.0,1.0,B01
201300027427,0,7,0,0.0,2.0,1.0,21.0,A01
201300027427,0,7,0,0.0,2.0,2.0,1.0,B01
201300027428,0,2,0,8.0,0.0,1.0,1.0,A01
201300027429,0,30,0,0.0,1.0,1.0,1.0,A01
201300027430,0,7,0,0.0,2.0,2.0,15.0,B01
201300027430,0,7,0,0.0,2.0,3.0,1.0,A01
201300027431,0,14,0,0.0,2.0,8.0,1.0,B01
201300027431,0,7,0,0.0,2.0,1.0,9.0,A01
201300027432,0,7,0,0.0,2.0,2.0,1.0,B01
201300027432,0,7,0,0.0,2.0,3.0,1.0,A01
201300027433,0,7,0,0.0,2.0,2.0,1.0,B01
201300027433,0,7,0,0.0,2.0,3.0,15.0,A01
201300027434,0,7,0,0.0,1.0,2.0,1.0,A01
201300027435,0,7,0,8.0,0.0,3.0,1.0,A01
201300027436,0,7,0,12.0,0.0,2.0,1.0,A01
201300027437,0,7,0,0.0,2.0,2.0,1.0,A01
201300027437,0,7,0,0.0,2.0,1.0,1.0,B01
201300027438,0,1,0,0.0,2.0,1.0,2.0,B01
201300027438,0,7,0,0.0,0.0,4.0,1.0,A01
201300027439,0,30,0,0.0,2.0,1.0,1.0,B01
201300027439,0,7,0,0.0,2.0,1.0,5.0,A01
201300027440,0,7,0,0.0,0.0,6.0,23.0,B01
201300027440,0,30,0,0.0,2.0,3.0,2.0,A01
201300027441,0,7,0,0.0,0.0,4.0,1.0,B01
201300027441,0,7,0,0.0,2.0,1.0,2.0,A01
201300027442,0,7,0,0.0,2.0,3.0,13.0,A01
201300027442,0,7,0,0.0,2.0,3.0,13.0,B01
201300027443,0,7,0,0.0,1.0,2.0,1.0,A01
201300027444,0,7,0,0.0,0.0,3.0,15.0,B01
201300027444,0,2,0,0.0,2.0,1.0,17.0,A01
201300027445,0,7,0,0.0,0.0,4.0,0.0,C01
201300027445,0,7,0,0.0,2.0,0.0,0.0,B01
201300027445,0,7,0,0.0,2.0,1.0,2.0,A01
201300027446,0,7,0,0.0,1.0,2.0,1.0,A01
201300027447,0,7,0,0.0,2.0,3.0,13.0,B01
201300027447,0,7,0,0.0,2.0,3.0,13.0,A01
201300027448,0,30,0,0.0,2.0,1.0,2.0,A01
201300027448,0,7,0,0.0,0.0,4.0,23.0,B01
201300027449,0,7,0,0.0,0.0,6.0,23.0,B01
201300027449,0,7,0,0.0,2.0,2.0,1.0,A01
201300027449,0,7,0,0.0,0.0,3.0,23.0,C01
201300027450,0,7,0,0.0,9.0,0.0,0.0,A01
201300027450,0,1,0,0.0,2.0,1.0,0.0,B01
201300027451,0,3,0,0.0,1.0,7.0,16.0,A01
201300027452,0,7,0,0.0,2.0,5.0,15.0,B01
201300027452,0,7,0,0.0,2.0,1.0,1.0,A01
201300027452,0,7,0,0.0,2.0,9.0,1.0,C01
201300027453,0,7,0,6.0,0.0,1.0,15.0,A01
201300027454,0,30,0,0.0,2.0,1.0,1.0,B01
201300027454,0,7,0,0.0,2.0,6.0,15.0,A01
201300027455,0,7,0,0.0,0.0,8.0,23.0,C01
201300027455,0,30,0,0.0,2.0,3.0,1.0,A01
201300027455,0,7,0,0.0,2.0,2.0,15.0,B01
201300027456,0,34,0,0.0,2.0,1.0,2.0,A01
201300027456,0,7,0,0.0,0.0,4.0,0.0,B01
201300027457,0,7,0,0.0,2.0,1.0,21.0,A01
201300027457,0,7,0,0.0,0.0,6.0,23.0,C01
201300027457,0,7,0,0.0,2.0,1.0,1.0,B01
201300027458,0,7,0,8.0,0.0,1.0,1.0,A01
201300027459,0,7,0,6.0,0.0,5.0,1.0,A01
201300027460,0,2,0,0.0,2.0,1.0,1.0,A01
201300027460,0,7,0,0.0,2.0,2.0,15.0,B01
201300027461,0,7,0,0.0,1.0,1.0,1.0,A01
201300027462,0,7,0,0.0,1.0,7.0,1.0,A01
201300027463,0,7,0,0.0,2.0,7.0,15.0,A01
201300027463,0,1,0,0.0,2.0,1.0,1.0,B01
201300027464,0,7,0,0.0,1.0,3.0,1.0,A01
201300027465,0,7,0,6.0,0.0,1.0,1.0,A01
201300027466,1,7,0,0.0,1.0,0.0,0.0,A01
201300027467,0,10,0,0.0,2.0,8.0,1.0,A01
201300027467,0,7,0,0.0,2.0,1.0,1.0,B01
201300027468,0,7,0,0.0,1.0,1.0,1.0,A01
201300027469,0,7,0,0.0,2.0,3.0,16.0,A01
201300027469,0,2,0,0.0,2.0,8.0,15.0,B01
201300027470,0,7,0,0.0,2.0,2.0,1.0,A01
201300027470,0,10,0,0.0,2.0,1.0,1.0,B01
201300027471,0,7,0,0.0,2.0,3.0,1.0,A01
201300027471,0,7,0,0.0,0.0,6.0,1.0,B01
201300027471,0,14,0,3.0,2.0,3.0,1.0,C01
201300027472,0,7,0,0.0,2.0,3.0,13.0,A01
201300027472,0,31,0,0.0,2.0,1.0,1.0,B01
201300027473,0,7,0,0.0,2.0,1.0,1.0,B01
201300027473,0,7,0,0.0,2.0,2.0,15.0,A01
201300027474,0,7,0,0.0,2.0,3.0,1.0,B01
201300027474,0,10,0,0.0,2.0,3.0,13.0,A01
201300027475,0,7,0,1.0,1.0,1.0,1.0,A01
201300027476,0,7,0,6.0,2.0,2.0,15.0,A01
201300027476,0,7,0,6.0,2.0,1.0,1.0,B01
201300027477,0,10,0,0.0,2.0,2.0,15.0,A01
201300027477,0,33,0,0.0,2.0,1.0,1.0,B01
201300027478,0,7,0,0.0,1.0,1.0,16.0,A01
201300027479,0,7,0,0.0,1.0,2.0,9.0,A01
201300027480,0,7,0,0.0,1.0,1.0,1.0,A01
201300027481,0,7,0,2.0,0.0,3.0,14.0,A01
201300027482,0,7,0,0.0,2.0,1.0,15.0,A01
201300027482,0,33,0,0.0,2.0,3.0,1.0,B01
201300027483,0,7,0,0.0,2.0,1.0,1.0,B01
201300027483,0,7,0,0.0,2.0,3.0,9.0,A01
201300027484,0,7,0,0.0,1.0,1.0,1.0,A01
201300027485,0,7,0,0.0,2.0,2.0,15.0,A01
201300027485,0,2,0,0.0,2.0,1.0,1.0,B01
201300027486,0,10,0,0.0,2.0,1.0,1.0,A01
201300027486,0,7,0,0.0,2.0,3.0,9.0,B01
201300027487,0,7,0,0.0,1.0,1.0,1.0,A01
201300027488,0,1,0,0.0,0.0,6.0,15.0,A01
201300027488,0,7,0,0.0,2.0,1.0,1.0,B01
201300027489,0,7,0,0.0,2.0,2.0,1.0,A01
201300027489,0,1,0,0.0,2.0,1.0,1.0,B01
201300027490,0,7,0,0.0,2.0,3.0,15.0,B01
201300027490,1,33,0,0.0,2.0,1.0,1.0,A01
201300027491,0,7,0,6.0,0.0,1.0,1.0,A01
201300027492,0,1,0,0.0,2.0,8.0,13.0,A01
201300027492,0,7,0,0.0,2.0,7.0,1.0,B01
201300027493,0,37,15,0.0,1.0,1.0,1.0,B01
201300027494,0,7,0,8.0,0.0,1.0,14.0,A01
201300027495,0,7,0,0.0,1.0,1.0,16.0,A01
201300027496,0,33,0,1.0,0.0,1.0,14.0,A01
201300027497,0,2,0,0.0,0.0,7.0,1.0,A01
201300027498,0,33,0,0.0,2.0,1.0,5.0,A01
201300027498,0,37,6,0.0,2.0,1.0,1.0,B01
201300027499,0,7,0,0.0,2.0,8.0,1.0,B01
201300027499,0,7,0,0.0,2.0,3.0,13.0,A01
201300027500,0,30,0,0.0,2.0,1.0,2.0,A01
201300027500,0,14,0,0.0,0.0,4.0,1.0,B01
201300027501,1,7,0,0.0,0.0,0.0,0.0,Z01
201300027501,0,32,0,0.0,2.0,1.0,1.0,A01
201300027502,0,7,0,0.0,2.0,9.0,17.0,A01
201300027502,0,37,5,0.0,2.0,1.0,1.0,C01
201300027502,0,7,0,0.0,0.0,4.0,23.0,B01
201300027503,0,1,0,0.0,5.0,1.0,21.0,A01
201300027504,0,10,0,0.0,2.0,1.0,1.0,A01
201300027504,0,7,0,0.0,2.0,8.0,1.0,B01
201300027505,0,33,0,0.0,2.0,1.0,21.0,A01
201300027505,0,7,0,0.0,2.0,8.0,15.0,B01
201300027506,0,7,0,0.0,1.0,7.0,1.0,A01
201300027507,0,7,0,0.0,0.0,7.0,1.0,B01
201300027507,0,32,0,0.0,2.0,1.0,1.0,A01
201300027508,0,7,0,0.0,1.0,1.0,1.0,A01
201300027509,0,1,0,0.0,2.0,8.0,19.0,D01
201300027509,0,7,0,0.0,2.0,1.0,2.0,A01
201300027509,0,7,0,0.0,2.0,4.0,23.0,B01
201300027509,0,7,0,0.0,2.0,4.0,23.0,C01
201300027510,0,7,0,0.0,0.0,6.0,1.0,B01
201300027510,0,7,0,0.0,2.0,3.0,16.0,A01
201300027511,0,7,0,8.0,0.0,1.0,17.0,A01
201300027512,0,7,0,0.0,2.0,3.0,16.0,A01
201300027512,0,7,0,0.0,0.0,8.0,23.0,B01
201300027513,0,3,0,0.0,0.0,9.0,1.0,A01
201300027514,0,7,0,15.0,0.0,1.0,16.0,A01
201300027515,0,7,0,0.0,1.0,1.0,1.0,A01
201300027516,0,10,0,0.0,2.0,1.0,1.0,B01
201300027516,0,7,0,0.0,2.0,3.0,10.0,A01
201300027517,0,7,0,8.0,0.0,3.0,1.0,A01
201300027518,0,7,0,0.0,1.0,1.0,1.0,A01
201300027519,0,2,0,0.0,2.0,1.0,1.0,B01
201300027519,0,7,0,0.0,2.0,1.0,15.0,A01
201300027520,0,7,0,0.0,1.0,1.0,1.0,A01
201300027521,0,7,0,0.0,0.0,4.0,23.0,A01
201300027521,0,7,0,0.0,2.0,1.0,2.0,B01
201300027522,0,7,0,0.0,1.0,4.0,4.0,A01
201300027523,0,7,0,8.0,2.0,1.0,17.0,A01
201300027523,0,10,0,0.0,0.0,8.0,15.0,B01
201300027524,0,7,0,0.0,2.0,6.0,15.0,A01
201300027524,0,33,0,0.0,2.0,3.0,1.0,B01
201300027525,0,10,0,0.0,2.0,7.0,1.0,A01
201300027525,0,1,0,0.0,2.0,8.0,19.0,B01
201300027526,0,7,0,0.0,2.0,9.0,1.0,B01
201300027526,0,7,0,0.0,2.0,1.0,9.0,A01
201300027527,0,33,0,0.0,0.0,4.0,23.0,B01
201300027527,0,7,0,0.0,2.0,3.0,1.0,A01
201300027528,0,7,0,0.0,1.0,1.0,1.0,A01
201300027529,0,7,0,0.0,0.0,4.0,1.0,B01
201300027529,0,33,0,9.0,2.0,1.0,21.0,A01
201300027530,0,7,0,0.0,2.0,2.0,15.0,B01
201300027530,0,33,0,0.0,2.0,1.0,1.0,A01
201300027531,0,1,0,0.0,1.0,1.0,1.0,A01
201300027532,0,33,0,0.0,2.0,1.0,1.0,B01
201300027532,0,7,0,0.0,2.0,3.0,10.0,A01
201300027533,0,7,0,0.0,2.0,2.0,15.0,A01
201300027533,0,33,0,0.0,2.0,1.0,1.0,B01
201300027534,0,7,0,0.0,1.0,1.0,1.0,A01
201300027535,0,7,0,0.0,2.0,3.0,13.0,A01
201300027535,0,33,0,0.0,2.0,7.0,1.0,B01
201300027536,0,7,0,0.0,2.0,3.0,15.0,B01
201300027536,0,13,0,6.0,2.0,2.0,1.0,A01
201300027537,0,7,0,0.0,2.0,2.0,1.0,B01
201300027537,0,2,0,0.0,2.0,1.0,1.0,A01
201300027538,0,7,0,0.0,0.0,4.0,23.0,C01
201300027538,0,7,0,0.0,2.0,1.0,2.0,A01
201300027538,0,20,0,0.0,2.0,2.0,21.0,B01
201300027539,0,7,0,0.0,2.0,1.0,1.0,B01
201300027539,0,2,0,0.0,2.0,1.0,15.0,A01
201300027540,0,7,0,0.0,0.0,4.0,23.0,B01
201300027540,0,33,0,0.0,2.0,1.0,2.0,A01
201300027541,0,33,0,0.0,2.0,1.0,1.0,A01
201300027541,0,7,0,0.0,0.0,4.0,12.0,B01
201300027542,0,7,0,0.0,1.0,1.0,1.0,A01
201300027543,0,1,0,0.0,2.0,8.0,9.0,A01
201300027543,0,37,15,0.0,2.0,2.0,1.0,B01
201300027544,0,38,15,0.0,1.0,3.0,15.0,A01
201300027545,0,7,0,0.0,1.0,2.0,1.0,A01
201300027546,0,7,0,0.0,0.0,1.0,1.0,D01
201300027546,0,7,0,0.0,2.0,1.0,2.0,A01
201300027546,0,7,0,0.0,2.0,4.0,2.0,C01
201300027546,0,7,0,0.0,2.0,4.0,2.0,B01
201300027547,0,1,0,0.0,2.0,1.0,1.0,B01
201300027547,0,7,0,0.0,2.0,2.0,16.0,A01
201300027548,0,31,0,0.0,2.0,1.0,1.0,A01
201300027548,0,7,0,0.0,2.0,3.0,15.0,B01
201300027549,0,10,0,0.0,1.0,4.0,4.0,A01
201300027550,0,10,0,0.0,2.0,3.0,1.0,A01
201300027550,0,33,0,0.0,2.0,1.0,1.0,B01
201300027551,0,7,0,0.0,2.0,3.0,13.0,A01
201300027551,0,13,0,0.0,2.0,1.0,1.0,B01
201300027552,0,7,0,0.0,0.0,4.0,23.0,B01
201300027552,0,33,0,0.0,2.0,1.0,2.0,A01
201300027552,0,7,0,0.0,2.0,1.0,1.0,C01
201300027553,0,13,0,0.0,1.0,4.0,4.0,A01
201300027554,0,7,0,0.0,2.0,3.0,15.0,B01
201300027554,0,2,0,0.0,2.0,1.0,1.0,A01
201300027555,0,2,0,0.0,2.0,1.0,1.0,A01
201300027555,0,10,0,0.0,0.0,4.0,1.0,B01
201300027556,0,10,0,0.0,0.0,4.0,1.0,B01
201300027556,0,2,0,0.0,2.0,1.0,2.0,A01
201300027557,0,7,0,0.0,2.0,4.0,2.0,B01
201300027557,0,7,0,0.0,2.0,1.0,2.0,A01
201300027558,0,15,0,0.0,2.0,2.0,1.0,A01
201300027558,0,7,0,0.0,0.0,6.0,1.0,B01
201300027559,0,7,0,0.0,1.0,1.0,1.0,A01
201300027560,1,7,0,0.0,2.0,6.0,0.0,A01
201300027560,0,1,0,0.0,2.0,7.0,0.0,B01
201300027561,0,32,0,1.0,0.0,7.0,17.0,A01
201300027562,0,33,0,0.0,2.0,1.0,1.0,B01
201300027562,0,7,0,0.0,2.0,3.0,9.0,A01
201300027563,0,33,0,0.0,2.0,1.0,2.0,A01
201300027563,0,7,0,0.0,0.0,6.0,2.0,B01
201300027564,0,7,0,0.0,1.0,7.0,1.0,A01
201300027565,0,33,0,15.0,0.0,2.0,2.0,A01
201300027566,0,7,0,0.0,1.0,2.0,1.0,A01
201300027567,0,7,0,0.0,1.0,3.0,1.0,A01
201300027568,0,7,0,0.0,1.0,0.0,0.0,A01
201300027569,0,2,0,0.0,0.0,1.0,1.0,A01
201300027570,0,7,0,0.0,1.0,0.0,1.0,A01
201300027571,0,2,0,16.0,0.0,0.0,1.0,A01
201300027572,0,7,0,6.0,0.0,3.0,13.0,A01
201300027573,0,7,0,0.0,1.0,2.0,1.0,A01
201300027574,0,7,0,0.0,1.0,1.0,1.0,A01
201300027575,0,33,0,0.0,2.0,1.0,17.0,A01
201300027575,0,7,0,0.0,2.0,6.0,10.0,B01
201300027576,0,1,0,0.0,2.0,1.0,1.0,A01
201300027576,0,7,0,0.0,2.0,1.0,1.0,B01
201300027577,0,7,0,0.0,1.0,1.0,1.0,A01
201300027578,0,7,0,0.0,1.0,2.0,1.0,A01
201300027579,0,7,0,0.0,1.0,1.0,1.0,A01
201300027580,0,7,0,0.0,2.0,3.0,1.0,B02
201300027580,0,7,0,0.0,2.0,1.0,13.0,A01
201300027581,0,17,0,0.0,0.0,0.0,23.0,C03
201300027581,0,1,0,0.0,2.0,1.0,14.0,B02
201300027581,0,10,0,0.0,2.0,7.0,1.0,A01
201300027582,0,7,0,0.0,2.0,2.0,1.0,B01
201300027582,0,1,0,0.0,2.0,1.0,15.0,A01
201300027583,0,2,0,0.0,2.0,1.0,3.0,B01
201300027583,0,7,0,0.0,2.0,2.0,15.0,A01
201300027584,0,1,0,0.0,2.0,1.0,1.0,A01
201300027584,0,7,0,0.0,2.0,7.0,1.0,B01
201300027585,0,7,0,0.0,2.0,1.0,23.0,B01
201300027585,0,7,0,0.0,2.0,1.0,5.0,A01
201300027586,0,7,0,0.0,1.0,2.0,1.0,A01
201300027587,0,33,0,0.0,2.0,1.0,1.0,B01
201300027587,0,7,0,0.0,2.0,2.0,10.0,A01
201300027588,0,7,0,0.0,2.0,2.0,1.0,B01
201300027588,0,1,0,0.0,2.0,8.0,1.0,A01
201300027589,0,7,0,0.0,9.0,2.0,1.0,B01
201300027589,0,1,0,0.0,2.0,1.0,1.0,A01
201300027590,0,7,0,0.0,2.0,1.0,1.0,B01
201300027590,0,7,0,0.0,2.0,8.0,15.0,A01
201300027591,0,1,0,0.0,2.0,8.0,1.0,B01
201300027591,0,7,0,0.0,2.0,7.0,1.0,A01
201300027592,0,7,0,0.0,1.0,1.0,1.0,A01
201300027593,0,7,0,0.0,2.0,3.0,10.0,A01
201300027593,0,30,0,0.0,2.0,1.0,1.0,B01
201300027594,0,7,0,13.0,0.0,2.0,1.0,A01
201300027595,0,1,0,0.0,2.0,1.0,1.0,A01
201300027595,0,10,0,0.0,2.0,5.0,23.0,B01
201300027596,0,7,0,0.0,0.0,0.0,1.0,B01
201300027596,0,33,0,0.0,0.0,7.0,1.0,A01
201300027597,0,33,0,0.0,2.0,1.0,1.0,B01
201300027597,0,7,0,0.0,2.0,7.0,15.0,A01
201300027598,0,7,0,0.0,2.0,1.0,1.0,B01
201300027598,0,30,0,0.0,2.0,1.0,15.0,A01
201300027599,0,7,0,0.0,1.0,1.0,1.0,A01
201300027600,0,7,0,0.0,1.0,1.0,1.0,A01
201300027601,0,7,0,0.0,2.0,3.0,15.0,B01
201300027601,0,2,0,0.0,2.0,1.0,1.0,A01
201300027602,0,7,0,0.0,2.0,1.0,15.0,A01
201300027602,0,1,0,0.0,2.0,1.0,1.0,B01
201300027603,0,7,0,0.0,2.0,3.0,13.0,A01
201300027603,0,38,1,0.0,2.0,3.0,21.0,B01
201300027604,0,7,0,0.0,0.0,1.0,2.0,A01
201300027604,0,17,0,0.0,0.0,3.0,4.0,B01
201300027605,0,7,0,0.0,2.0,2.0,15.0,A01