Num_Acc,senc,catv,occutc,obs,obsm,choc,manv,num_veh
201300028151,0,1,0,0.0,2.0,1.0,1.0,B01
201300028152,0,7,0,0.0,1.0,3.0,1.0,A01
201300028153,1,13,0,0.0,0.0,0.0,1.0,B01
201300028153,0,7,0,0.0,2.0,8.0,1.0,A01
201300028154,0,7,0,0.0,2.0,8.0,1.0,B01
201300028154,0,7,0,0.0,2.0,3.0,15.0,A01
201300028155,0,7,0,0.0,1.0,1.0,15.0,A01
201300028156,0,30,0,0.0,0.0,0.0,1.0,A01
201300028157,0,7,0,0.0,2.0,1.0,1.0,B01
201300028157,0,7,0,0.0,2.0,7.0,19.0,A01
201300028158,0,7,0,0.0,2.0,4.0,23.0,B01
201300028158,0,7,0,3.0,2.0,1.0,17.0,A01
201300028159,0,7,0,13.0,0.0,2.0,14.0,A01
201300028160,0,7,0,0.0,1.0,4.0,4.0,A01
201300028161,0,1,0,0.0,0.0,0.0,1.0,A01
201300028162,0,30,0,0.0,1.0,1.0,1.0,A01
201300028163,0,1,0,8.0,0.0,1.0,13.0,A01
201300028164,0,30,0,16.0,0.0,0.0,1.0,A01
201300028165,0,7,0,0.0,2.0,5.0,23.0,C01
201300028165,0,7,0,0.0,2.0,8.0,22.0,A01
201300028165,0,1,0,1.0,0.0,1.0,18.0,B01
201300028166,0,7,0,0.0,2.0,2.0,9.0,A01
201300028166,0,1,0,0.0,2.0,5.0,1.0,B01
201300028167,0,33,0,8.0,0.0,1.0,14.0,A01
201300028168,0,7,0,0.0,2.0,3.0,11.0,A01
201300028168,0,33,0,0.0,2.0,7.0,1.0,B01
201300028169,0,30,0,0.0,2.0,1.0,2.0,A01
201300028169,0,7,0,0.0,2.0,4.0,23.0,B01
201300028170,1,7,0,0.0,1.0,4.0,4.0,Z01
201300028171,0,30,0,12.0,0.0,2.0,14.0,A01
201300028172,0,7,0,15.0,2.0,7.0,15.0,A01
201300028172,0,7,0,0.0,2.0,1.0,1.0,B01
201300028173,0,30,0,0.0,2.0,1.0,2.0,A01
201300028173,0,7,0,0.0,2.0,6.0,23.0,B01
201300028174,0,7,0,0.0,2.0,1.0,2.0,A01
201300028174,0,7,0,0.0,2.0,4.0,23.0,D01
201300028174,0,7,0,0.0,2.0,4.0,23.0,C01
201300028174,0,7,0,0.0,2.0,4.0,23.0,B01
201300028175,0,7,0,6.0,0.0,1.0,13.0,A01
201300028176,0,1,0,0.0,2.0,1.0,1.0,A01
201300028176,0,10,0,0.0,2.0,3.0,1.0,B01
201300028177,0,7,0,0.0,2.0,4.0,23.0,B01
201300028177,0,30,0,0.0,2.0,1.0,2.0,A01
201300028178,0,7,0,5.0,0.0,9.0,13.0,A01
201300028179,0,7,0,0.0,2.0,0.0,9.0,A01
201300028179,0,2,0,0.0,0.0,7.0,1.0,B01
201300028180,0,10,0,0.0,1.0,2.0,16.0,A01
201300028181,0,7,0,0.0,1.0,1.0,15.0,A01
201300028182,0,30,0,1.0,0.0,1.0,1.0,A01
201300028183,0,7,0,0.0,2.0,1.0,2.0,A01
201300028183,0,7,0,0.0,2.0,4.0,2.0,B01
201300028184,0,1,0,0.0,1.0,1.0,1.0,A01
201300028185,0,1,0,14.0,0.0,8.0,1.0,A01
201300028186,0,1,0,0.0,0.0,0.0,1.0,A01
201300028187,0,7,0,0.0,1.0,1.0,1.0,A01
201300028188,0,7,0,6.0,2.0,7.0,1.0,B01
201300028188,0,7,0,0.0,2.0,1.0,1.0,A01
201300028189,0,30,0,12.0,0.0,2.0,14.0,A01
201300028190,0,7,0,0.0,2.0,1.0,2.0,A01
201300028190,0,7,0,0.0,2.0,4.0,23.0,B01
201300028190,0,7,0,0.0,2.0,4.0,23.0,C01
201300028191,0,33,0,8.0,0.0,1.0,13.0,A01
201300028192,0,14,0,0.0,2.0,3.0,1.0,B01
201300028192,0,7,0,0.0,2.0,5.0,17.0,A01
201300028193,0,33,0,0.0,2.0,1.0,1.0,A01
201300028193,0,7,0,0.0,2.0,1.0,1.0,B01
201300028194,0,33,0,15.0,0.0,1.0,14.0,A01
201300028195,0,1,0,0.0,2.0,3.0,15.0,A01
201300028195,0,7,0,0.0,2.0,2.0,17.0,B01
201300028196,0,7,0,0.0,1.0,1.0,1.0,A01
201300028197,0,7,0,0.0,2.0,1.0,1.0,B01
201300028197,0,3,0,0.0,2.0,2.0,1.0,A01
201300028198,0,33,0,7.0,0.0,1.0,13.0,A01
201300028199,0,7,0,0.0,2.0,3.0,11.0,A01
201300028199,0,7,0,1.0,2.0,2.0,1.0,B01
201300028200,0,7,0,8.0,0.0,1.0,14.0,A01
201300028201,0,7,0,0.0,2.0,7.0,1.0,B01
201300028201,0,33,0,0.0,2.0,8.0,11.0,A01
201300028202,0,1,0,0.0,2.0,1.0,9.0,A01
201300028202,0,7,0,0.0,2.0,1.0,1.0,B01
201300028203,0,15,0,0.0,1.0,3.0,14.0,A01
201300028204,0,33,0,0.0,2.0,2.0,9.0,B01
201300028204,0,1,0,0.0,2.0,1.0,1.0,A01
201300028205,0,30,0,16.0,0.0,8.0,1.0,A01
201300028206,0,30,0,16.0,0.0,7.0,1.0,A01
201300028207,0,1,0,16.0,0.0,1.0,1.0,A01
201300028208,0,7,0,0.0,1.0,1.0,1.0,B01
201300028209,0,33,0,3.0,0.0,3.0,13.0,A01
201300028210,0,7,0,0.0,2.0,3.0,23.0,B01
201300028210,1,30,0,0.0,2.0,2.0,17.0,Z01
201300028211,0,7,0,0.0,2.0,8.0,1.0,B01
201300028211,0,1,0,0.0,2.0,1.0,19.0,A01
201300028212,0,10,0,0.0,1.0,2.0,1.0,A01
201300028213,0,30,0,0.0,0.0,0.0,1.0,A01
201300028214,0,30,0,0.0,2.0,1.0,1.0,A01
201300028214,0,7,0,0.0,2.0,3.0,15.0,B01
201300028215,0,1,0,14.0,0.0,2.0,14.0,A01
201300028216,0,7,0,0.0,1.0,2.0,9.0,A01
201300028217,0,7,0,0.0,1.0,2.0,16.0,A01
201300028218,0,30,0,0.0,2.0,1.0,2.0,A01
201300028218,0,7,0,0.0,2.0,4.0,23.0,B01
201300028219,0,7,0,0.0,2.0,1.0,2.0,A01
201300028219,0,7,0,0.0,2.0,4.0,2.0,C01
201300028219,0,7,0,0.0,2.0,1.0,2.0,B01
201300028220,0,2,0,0.0,2.0,1.0,1.0,B01
201300028220,0,15,0,0.0,2.0,5.0,1.0,A01
201300028221,0,7,0,0.0,2.0,4.0,2.0,B01
201300028221,0,7,0,0.0,2.0,4.0,2.0,C01
201300028221,0,7,0,0.0,2.0,1.0,2.0,A01
201300028221,0,7,0,0.0,2.0,4.0,2.0,D01
201300028222,0,30,0,0.0,0.0,8.0,1.0,A01
201300028223,0,7,0,1.0,0.0,9.0,13.0,A01
201300028224,0,7,0,0.0,2.0,1.0,1.0,B01
201300028224,0,7,0,0.0,2.0,2.0,15.0,A01
201300028225,0,7,0,0.0,1.0,2.0,1.0,A01
201300028226,0,7,0,0.0,2.0,1.0,15.0,A01
201300028226,0,33,0,0.0,2.0,1.0,1.0,B01
201300028227,1,7,0,0.0,2.0,2.0,15.0,Z01
201300028227,0,30,0,0.0,2.0,1.0,1.0,A01
201300028228,0,7,0,0.0,0.0,3.0,13.0,A01
201300028229,0,7,0,0.0,2.0,1.0,19.0,A01
201300028229,0,33,0,0.0,2.0,2.0,1.0,B01
201300028230,0,1,0,0.0,2.0,1.0,9.0,A01
201300028230,0,7,0,0.0,2.0,7.0,1.0,B01
201300028231,0,7,0,0.0,1.0,1.0,1.0,A01
201300028232,0,7,0,0.0,2.0,7.0,1.0,B01
201300028232,0,30,0,0.0,2.0,1.0,17.0,A01
201300028233,0,7,0,0.0,2.0,3.0,1.0,B01
201300028233,0,7,0,0.0,2.0,3.0,1.0,C01
201300028233,0,7,0,0.0,2.0,3.0,13.0,A01
201300028234,0,7,0,0.0,2.0,4.0,2.0,B01
201300028234,0,7,0,0.0,2.0,4.0,2.0,C01
201300028234,0,7,0,0.0,2.0,1.0,2.0,A01
201300028235,0,30,0,16.0,0.0,8.0,1.0,A01
201300028236,0,7,0,13.0,0.0,1.0,14.0,A01
201300028237,0,1,0,0.0,2.0,1.0,19.0,A01
201300028237,0,7,0,0.0,2.0,2.0,1.0,B01
201300028238,0,7,0,0.0,1.0,1.0,15.0,A01
201300028239,0,30,0,16.0,0.0,8.0,1.0,A01
201300028240,0,31,0,0.0,0.0,0.0,2.0,A01
201300028240,0,7,0,0.0,0.0,0.0,12.0,B01
201300028241,0,7,0,0.0,5.0,1.0,1.0,A01
201300028242,0,30,0,16.0,0.0,8.0,1.0,A01
201300028243,0,3,0,15.0,0.0,1.0,1.0,A01
201300028244,0,30,0,12.0,0.0,1.0,14.0,A01
201300028245,0,7,0,0.0,2.0,4.0,2.0,B01
201300028245,0,7,0,0.0,2.0,1.0,2.0,A01
201300028246,0,30,0,0.0,0.0,8.0,15.0,A01
201300028247,0,30,0,16.0,0.0,8.0,17.0,A01
201300028248,0,7,0,0.0,2.0,1.0,2.0,C01
201300028248,0,7,0,0.0,2.0,3.0,13.0,A01
201300028248,0,37,14,0.0,2.0,3.0,1.0,B01
201300028249,0,7,0,1.0,1.0,3.0,13.0,A01
201300028250,0,30,0,12.0,0.0,7.0,14.0,A01
201300028251,0,7,0,0.0,2.0,4.0,2.0,C01
201300028251,0,7,0,0.0,2.0,1.0,2.0,A01
201300028251,0,7,0,0.0,2.0,1.0,2.0,B01
201300028252,0,30,0,12.0,0.0,1.0,1.0,A01
201300028253,0,7,0,0.0,2.0,1.0,2.0,A01
201300028253,0,7,0,0.0,2.0,4.0,23.0,B01
201300028254,0,30,0,16.0,0.0,0.0,1.0,A01
201300028255,0,7,0,0.0,2.0,6.0,1.0,B01
201300028255,0,7,0,0.0,2.0,1.0,9.0,A01
201300028256,0,7,0,0.0,2.0,1.0,1.0,B01
201300028256,0,7,0,0.0,2.0,1.0,13.0,A01
201300028257,0,7,0,0.0,2.0,4.0,2.0,B01
201300028257,0,7,0,0.0,2.0,4.0,2.0,C01
201300028257,0,7,0,0.0,2.0,1.0,2.0,A01
201300028258,1,7,0,0.0,1.0,1.0,1.0,A01
201300028259,0,7,0,0.0,2.0,1.0,13.0,A01
201300028259,0,7,0,0.0,2.0,1.0,1.0,B01
201300028260,0,7,0,0.0,2.0,5.0,2.0,C01
201300028260,0,7,0,0.0,2.0,3.0,2.0,B01
201300028260,0,7,0,0.0,2.0,3.0,15.0,A01
201300028261,0,7,0,0.0,2.0,4.0,2.0,D01
201300028261,0,7,0,0.0,2.0,4.0,2.0,B01
201300028261,0,7,0,0.0,2.0,4.0,2.0,C01
201300028261,0,7,0,0.0,2.0,1.0,2.0,A01
201300028262,0,35,0,0.0,0.0,0.0,1.0,A01
201300028263,0,30,0,0.0,2.0,1.0,2.0,A01
201300028263,0,30,0,0.0,2.0,4.0,2.0,B01
201300028264,0,31,0,13.0,0.0,2.0,14.0,A01
201300028265,0,7,0,13.0,0.0,9.0,14.0,A01
201300028266,0,2,0,0.0,2.0,1.0,1.0,B01
201300028266,0,7,0,0.0,2.0,3.0,15.0,A01
201300028267,0,7,0,0.0,2.0,2.0,19.0,A01
201300028267,0,30,0,0.0,2.0,1.0,1.0,B01
201300028268,0,7,0,0.0,1.0,1.0,1.0,A01
201300028269,0,7,0,0.0,1.0,1.0,15.0,A01
201300028270,0,7,0,8.0,0.0,1.0,13.0,A01
201300028271,0,7,0,13.0,0.0,9.0,13.0,A01
201300028272,0,7,0,0.0,1.0,3.0,1.0,A01
201300028273,0,7,0,0.0,1.0,3.0,1.0,A01
201300028274,0,7,0,0.0,2.0,3.0,2.0,A01
201300028274,0,33,0,0.0,2.0,4.0,2.0,B01
201300028275,0,30,0,12.0,0.0,1.0,1.0,A01
201300028276,0,1,0,6.0,0.0,2.0,1.0,A01
201300028277,0,7,0,0.0,1.0,1.0,1.0,A01
201300028278,0,30,0,14.0,0.0,1.0,1.0,A01
201300028279,0,7,0,0.0,0.0,9.0,1.0,A01
201300028280,0,7,0,0.0,2.0,1.0,2.0,A01
201300028280,0,7,0,0.0,0.0,4.0,23.0,B01
201300028281,0,7,0,9.0,0.0,1.0,1.0,A01
201300028282,0,7,0,0.0,2.0,1.0,2.0,A01
201300028282,0,7,0,0.0,2.0,4.0,2.0,B01
201300028283,0,7,0,13.0,0.0,3.0,1.0,A01
201300028284,0,7,0,0.0,1.0,1.0,15.0,A01
201300028285,0,1,0,0.0,0.0,0.0,0.0,A01
201300028286,0,7,0,0.0,1.0,1.0,1.0,A01
201300028287,1,99,0,0.0,1.0,0.0,1.0,Z01
201300028288,0,7,0,0.0,1.0,1.0,16.0,A01
201300028289,0,13,0,0.0,1.0,1.0,1.0,A01
201300028290,0,2,0,0.0,2.0,1.0,1.0,B01
201300028290,0,7,0,0.0,2.0,3.0,10.0,A01
201300028291,0,7,0,0.0,2.0,1.0,2.0,A01
201300028291,0,7,0,0.0,0.0,0.0,23.0,B01
201300028292,0,30,0,13.0,0.0,1.0,14.0,A01
201300028293,0,7,0,0.0,2.0,1.0,21.0,A01
201300028293,0,7,0,3.0,0.0,7.0,21.0,C01
201300028293,0,7,0,0.0,2.0,3.0,15.0,B01
201300028294,0,7,0,0.0,1.0,5.0,4.0,A01
201300028295,0,7,0,0.0,2.0,1.0,2.0,A01
201300028295,0,7,0,1.0,2.0,4.0,2.0,B01
201300028295,0,7,0,1.0,0.0,4.0,2.0,C01
201300028296,0,30,0,15.0,0.0,1.0,6.0,A01
201300028297,0,7,0,0.0,2.0,1.0,15.0,A01
201300028297,0,7,0,0.0,2.0,3.0,1.0,B01
201300028298,0,30,0,0.0,0.0,7.0,1.0,A01
201300028299,0,7,0,0.0,2.0,2.0,1.0,B01
201300028299,0,7,0,0.0,2.0,1.0,9.0,A01
201300028300,0,7,0,0.0,2.0,3.0,2.0,A01
201300028300,0,7,0,0.0,2.0,1.0,2.0,B01
201300028300,0,10,0,0.0,2.0,1.0,2.0,C01
201300028300,0,7,0,0.0,2.0,4.0,23.0,D01
201300028301,0,7,0,0.0,2.0,1.0,2.0,A01
201300028301,0,7,0,0.0,2.0,4.0,2.0,B01
201300028302,0,7,0,0.0,2.0,3.0,16.0,A01
201300028302,0,7,0,0.0,2.0,2.0,1.0,B01
201300028303,0,7,0,0.0,2.0,3.0,15.0,A01
201300028303,0,33,0,0.0,2.0,1.0,1.0,B01
201300028304,0,7,0,0.0,2.0,2.0,1.0,B01
201300028304,0,1,0,0.0,2.0,1.0,15.0,A01
201300028305,1,7,0,0.0,1.0,1.0,1.0,A01
201300028306,0,1,0,0.0,2.0,1.0,5.0,A01
201300028306,0,7,0,0.0,0.0,3.0,1.0,B01
201300028307,0,1,0,1.0,0.0,1.0,2.0,A01
201300028307,0,7,0,0.0,0.0,4.0,23.0,B01
201300028308,0,7,0,0.0,2.0,3.0,11.0,A01
201300028308,0,7,0,0.0,2.0,2.0,1.0,B01
201300028309,0,7,0,0.0,2.0,4.0,15.0,A01
201300028309,0,7,0,0.0,2.0,1.0,2.0,B01
201300028309,0,7,0,0.0,2.0,1.0,2.0,C01
201300028310,0,33,0,0.0,2.0,1.0,17.0,A01
201300028310,0,7,0,0.0,2.0,3.0,1.0,C01
201300028310,0,7,0,0.0,2.0,6.0,2.0,B01
201300028311,0,10,0,0.0,1.0,2.0,15.0,A01
201300028312,0,30,0,1.0,0.0,7.0,1.0,A01
201300028313,0,7,0,0.0,0.0,1.0,1.0,A01
201300028314,0,7,0,10.0,0.0,1.0,1.0,A01
201300028315,0,7,0,0.0,2.0,2.0,15.0,A01
201300028315,0,33,0,0.0,2.0,1.0,1.0,B01
201300028316,0,1,0,0.0,2.0,4.0,1.0,B01
201300028316,0,7,0,0.0,2.0,2.0,1.0,A01
201300028317,0,7,0,0.0,2.0,3.0,24.0,A01
201300028317,0,1,0,0.0,2.0,1.0,1.0,B01
201300028318,0,7,0,0.0,2.0,2.0,16.0,B01
201300028318,0,30,0,0.0,2.0,3.0,18.0,A01
201300028319,0,30,0,0.0,0.0,8.0,15.0,A01
201300028320,0,7,0,8.0,0.0,5.0,1.0,A01
201300028321,0,7,0,0.0,2.0,7.0,1.0,B01
201300028321,0,1,0,0.0,2.0,8.0,13.0,A01
201300028322,0,10,0,0.0,2.0,7.0,9.0,B01
201300028322,0,33,0,0.0,2.0,9.0,1.0,A01
201300028323,0,7,0,0.0,1.0,4.0,20.0,A01
201300028324,1,7,0,0.0,1.0,2.0,0.0,A01
201300028325,0,30,0,8.0,9.0,2.0,1.0,A01
201300028326,0,7,0,0.0,2.0,3.0,10.0,A01
201300028326,0,33,0,0.0,2.0,1.0,2.0,B01
201300028327,0,7,0,0.0,2.0,6.0,2.0,B01
201300028327,0,30,0,0.0,2.0,1.0,2.0,A01
201300028328,0,7,0,0.0,1.0,2.0,1.0,A01
201300028329,0,33,0,3.0,0.0,1.0,13.0,A01
201300028330,0,7,0,0.0,0.0,9.0,20.0,A01
201300028331,0,30,0,0.0,0.0,8.0,1.0,A01
201300028332,0,7,0,2.0,0.0,1.0,1.0,A01
201300028333,0,1,0,0.0,2.0,1.0,1.0,A01
201300028333,0,7,0,0.0,2.0,2.0,1.0,B01
201300028334,0,7,0,9.0,0.0,2.0,1.0,A01
201300028335,0,7,0,0.0,1.0,1.0,1.0,A01
201300028336,0,7,0,0.0,6.0,1.0,14.0,A01
201300028337,0,7,0,0.0,2.0,7.0,1.0,A01
201300028337,0,7,0,0.0,2.0,1.0,1.0,B01
201300028338,0,30,0,0.0,1.0,1.0,1.0,A01
201300028339,0,7,0,0.0,2.0,1.0,19.0,A01
201300028339,0,7,0,0.0,0.0,8.0,1.0,B01
201300028340,0,7,0,0.0,2.0,3.0,23.0,C01
201300028340,0,7,0,0.0,2.0,8.0,1.0,B01
201300028340,0,7,0,0.0,2.0,1.0,19.0,A01
201300028341,0,7,0,4.0,0.0,3.0,1.0,A01
201300028342,0,33,0,12.0,0.0,1.0,14.0,A01
201300028343,0,7,0,0.0,2.0,1.0,1.0,A01
201300028343,0,7,0,9.0,2.0,2.0,1.0,B01
201300028344,0,7,0,0.0,2.0,1.0,15.0,A01
201300028344,0,10,0,0.0,2.0,3.0,1.0,B01
201300028345,1,7,0,0.0,1.0,1.0,0.0,A01
201300028346,0,7,0,4.0,0.0,8.0,1.0,A01
201300028347,0,7,0,0.0,2.0,1.0,1.0,B01
201300028347,0,10,0,0.0,2.0,6.0,9.0,A01
201300028348,0,7,0,0.0,2.0,1.0,1.0,B01
201300028348,0,7,0,0.0,2.0,6.0,0.0,A01
201300028349,0,10,0,0.0,0.0,0.0,0.0,B01
201300028349,0,7,0,0.0,0.0,5.0,2.0,A01
201300028350,0,33,0,0.0,0.0,1.0,1.0,A01
201300028351,0,7,0,0.0,2.0,1.0,1.0,B01
201300028351,0,7,0,0.0,0.0,3.0,19.0,A01
201300028352,0,7,0,0.0,2.0,3.0,15.0,A01
201300028352,0,30,0,0.0,2.0,1.0,1.0,B01
201300028353,0,30,0,0.0,2.0,4.0,2.0,B01
201300028353,0,7,0,0.0,2.0,1.0,2.0,A01
201300028354,0,21,0,13.0,0.0,3.0,1.0,A01
201300028355,0,2,0,0.0,2.0,2.0,17.0,B01
201300028355,0,7,0,0.0,2.0,3.0,15.0,A01
201300028356,0,1,0,0.0,2.0,7.0,19.0,B01
201300028356,0,7,0,0.0,9.0,1.0,1.0,A01
201300028357,0,7,0,7.0,0.0,9.0,1.0,A01
201300028358,0,7,0,0.0,0.0,2.0,2.0,A01
201300028358,0,15,0,3.0,2.0,8.0,2.0,B01
201300028359,0,1,0,1.0,0.0,1.0,1.0,A01
201300028359,0,37,1,0.0,2.0,4.0,0.0,B01
201300028360,0,7,0,0.0,2.0,1.0,1.0,B01
201300028360,0,7,0,13.0,2.0,1.0,13.0,A01
201300028361,0,7,0,0.0,0.0,5.0,1.0,A01
201300028361,0,7,0,0.0,0.0,1.0,9.0,B01
201300028362,0,7,0,0.0,0.0,1.0,1.0,B01
201300028362,0,10,0,0.0,2.0,1.0,13.0,A01
201300028363,0,7,0,3.0,0.0,9.0,17.0,A01
201300028364,0,7,0,0.0,1.0,4.0,4.0,A01
201300028365,0,7,0,0.0,2.0,1.0,9.0,A01
201300028365,0,2,0,0.0,2.0,4.0,16.0,B01
201300028366,0,10,0,0.0,2.0,1.0,1.0,B01
201300028366,0,7,0,0.0,2.0,1.0,15.0,A01
201300028367,0,7,0,0.0,0.0,1.0,1.0,B01
201300028367,0,7,0,0.0,2.0,1.0,13.0,A01
201300028368,0,7,0,0.0,0.0,4.0,1.0,B01
201300028368,0,7,0,0.0,2.0,3.0,13.0,A01
201300028369,0,2,0,0.0,0.0,8.0,19.0,A01
201300028369,0,15,0,0.0,2.0,1.0,1.0,B01
201300028370,0,30,0,0.0,2.0,1.0,1.0,B01
201300028370,0,10,0,0.0,2.0,3.0,15.0,A01
201300028371,0,7,0,0.0,1.0,1.0,15.0,A01
201300028372,0,7,0,0.0,1.0,2.0,15.0,A01
201300028373,0,7,0,0.0,0.0,2.0,1.0,B01
201300028373,0,7,0,0.0,2.0,1.0,9.0,A01
201300028374,0,7,0,0.0,1.0,8.0,1.0,A01
201300028375,0,7,0,0.0,1.0,2.0,1.0,A01
201300028376,0,10,0,0.0,1.0,5.0,1.0,A01
201300028377,1,7,0,0.0,1.0,1.0,20.0,A01
201300028378,0,7,0,8.0,2.0,2.0,15.0,A01
201300028378,0,7,0,0.0,2.0,1.0,1.0,B01
201300028379,0,2,0,0.0,2.0,7.0,1.0,B01
201300028379,0,7,0,0.0,2.0,1.0,15.0,A01
201300028380,0,7,0,1.0,1.0,1.0,1.0,A01
201300028381,0,7,0,0.0,1.0,4.0,4.0,A01
201300028382,0,7,0,0.0,2.0,7.0,0.0,A01
201300028382,0,1,0,0.0,2.0,1.0,0.0,B01
201300028383,2,7,0,0.0,2.0,3.0,0.0,A01
201300028383,0,7,0,0.0,2.0,8.0,1.0,B01
201300028384,0,7,0,0.0,1.0,4.0,4.0,A01
201300028385,0,7,0,0.0,2.0,2.0,1.0,B01
201300028385,0,7,0,0.0,2.0,3.0,1.0,A01
201300028386,0,30,0,0.0,0.0,1.0,1.0,A01
201300028387,0,7,0,0.0,2.0,1.0,1.0,B01
201300028387,0,1,0,0.0,2.0,1.0,5.0,A01
201300028388,0,7,0,3.0,2.0,1.0,2.0,A01
201300028388,0,7,0,3.0,2.0,4.0,2.0,B01
201300028389,0,7,0,0.0,2.0,7.0,9.0,A01
201300028389,0,33,0,0.0,2.0,1.0,0.0,B01
201300028390,0,33,0,14.0,0.0,0.0,0.0,A01
201300028391,0,7,0,0.0,0.0,9.0,0.0,A01
201300028392,0,7,0,0.0,2.0,3.0,15.0,B01
201300028392,0,2,0,0.0,2.0,1.0,1.0,A01
201300028393,0,7,0,0.0,2.0,1.0,1.0,A01
201300028393,0,7,0,0.0,2.0,3.0,1.0,B01
201300028394,0,30,0,0.0,0.0,0.0,0.0,A01
201300028395,0,7,0,0.0,2.0,1.0,1.0,A01
201300028395,0,1,0,0.0,2.0,8.0,19.0,B01
201300028396,0,33,0,0.0,2.0,1.0,1.0,A01
201300028396,0,7,0,0.0,2.0,1.0,15.0,B01
201300028397,0,7,0,3.0,2.0,1.0,1.0,A01
201300028397,0,7,0,0.0,2.0,4.0,1.0,B01
201300028398,0,7,0,0.0,1.0,1.0,1.0,A01
201300028399,0,7,0,0.0,1.0,4.0,4.0,A01
201300028400,0,7,0,0.0,1.0,2.0,1.0,A01
201300028401,0,2,0,0.0,2.0,1.0,0.0,B01
201300028401,0,17,0,0.0,2.0,0.0,0.0,A01
201300028402,0,7,0,0.0,1.0,1.0,15.0,A01
201300028403,0,7,0,0.0,2.0,3.0,1.0,B01
201300028403,0,33,0,0.0,2.0,1.0,13.0,A01
201300028404,0,7,0,0.0,1.0,2.0,1.0,A01
201300028405,0,7,0,0.0,1.0,2.0,15.0,A01
201300028406,0,7,0,0.0,2.0,3.0,0.0,A01
201300028406,0,33,0,0.0,2.0,1.0,1.0,B01
201300028407,0,7,0,0.0,1.0,2.0,2.0,A01
201300028408,0,2,0,0.0,2.0,1.0,1.0,B01
201300028408,0,7,0,0.0,2.0,7.0,19.0,A01
201300028409,0,7,0,0.0,1.0,1.0,1.0,A01
201300028410,0,36,0,0.0,2.0,1.0,2.0,A01
201300028410,0,7,0,0.0,0.0,6.0,2.0,B01
201300028411,0,30,0,0.0,2.0,4.0,2.0,B01
201300028411,0,7,0,0.0,2.0,1.0,2.0,A01
201300028412,0,7,0,0.0,1.0,2.0,16.0,A01
201300028413,0,10,0,0.0,2.0,3.0,19.0,B01
201300028413,0,10,0,0.0,2.0,1.0,19.0,A01
201300028414,0,7,0,0.0,1.0,1.0,15.0,A01
201300028415,0,7,0,0.0,2.0,1.0,21.0,B01
201300028415,0,10,0,0.0,2.0,5.0,15.0,A01
201300028415,0,7,0,0.0,2.0,1.0,1.0,C01
201300028416,0,7,0,0.0,1.0,1.0,1.0,A01
201300028417,0,7,0,0.0,1.0,1.0,16.0,A01
201300028418,0,30,0,8.0,0.0,1.0,1.0,A01
201300028419,0,7,0,0.0,2.0,4.0,23.0,B01
201300028419,0,7,0,0.0,2.0,1.0,1.0,A01
201300028420,0,7,0,6.0,0.0,1.0,1.0,A01
201300028421,0,30,0,0.0,2.0,7.0,16.0,B01
201300028421,0,7,0,0.0,2.0,1.0,1.0,A01
201300028422,0,7,0,0.0,2.0,1.0,2.0,A01
201300028422,0,7,0,0.0,2.0,4.0,23.0,B01
201300028423,0,30,0,0.0,2.0,1.0,13.0,B01
201300028423,0,7,0,0.0,2.0,2.0,0.0,A01
201300028424,0,7,0,4.0,0.0,2.0,1.0,A01
201300028425,0,33,0,0.0,2.0,1.0,1.0,B01
201300028425,0,7,0,0.0,2.0,8.0,19.0,A01
201300028426,0,7,0,8.0,0.0,8.0,1.0,A01
201300028427,0,7,0,0.0,1.0,2.0,15.0,A01
201300028428,0,33,0,0.0,2.0,1.0,1.0,B01
201300028428,0,7,0,0.0,2.0,5.0,15.0,A01
201300028429,0,2,0,2.0,0.0,1.0,14.0,A01
201300028430,0,33,0,0.0,2.0,1.0,1.0,B01
201300028430,0,7,0,0.0,2.0,2.0,20.0,A01
201300028431,0,7,0,0.0,2.0,2.0,10.0,A01
201300028431,0,7,0,0.0,2.0,1.0,1.0,B01
201300028432,0,33,0,12.0,0.0,1.0,1.0,A01
201300028433,0,7,0,0.0,2.0,2.0,15.0,A01
201300028433,0,31,0,0.0,2.0,1.0,1.0,B01
201300028433,0,7,0,0.0,2.0,8.0,23.0,C01
201300028434,0,1,0,0.0,1.0,1.0,1.0,A01
201300028435,0,7,0,0.0,1.0,1.0,0.0,A01
201300028436,0,33,0,12.0,0.0,1.0,1.0,A01
201300028437,0,7,0,0.0,2.0,8.0,1.0,B01
201300028437,0,2,0,0.0,2.0,1.0,1.0,A01
201300028438,0,7,0,0.0,2.0,1.0,1.0,A01
201300028438,0,7,0,0.0,2.0,4.0,1.0,C01
201300028438,0,7,0,0.0,2.0,4.0,1.0,B01
201300028439,1,7,0,0.0,1.0,0.0,15.0,Z01
201300028440,0,7,0,0.0,1.0,7.0,1.0,A01
201300028441,0,33,0,0.0,2.0,1.0,0.0,B01
201300028441,0,7,0,0.0,2.0,7.0,15.0,A01
201300028442,0,7,0,0.0,1.0,1.0,1.0,A01
201300028443,0,7,0,0.0,2.0,2.0,15.0,A01
201300028443,0,33,0,0.0,2.0,0.0,1.0,B01
201300028444,0,10,0,0.0,2.0,3.0,1.0,A01
201300028444,0,7,0,0.0,2.0,5.0,1.0,B01
201300028445,0,30,0,0.0,2.0,1.0,0.0,B01
201300028445,0,7,0,0.0,2.0,3.0,11.0,A01