Num_Acc,senc,catv,occutc,obs,obsm,choc,manv,num_veh
201300028446,0,7,0,0.0,2.0,4.0,23.0,B01
201300028446,0,32,0,14.0,2.0,1.0,1.0,A01
201300028447,0,30,0,0.0,2.0,1.0,1.0,A01
201300028447,0,10,0,0.0,2.0,8.0,1.0,B01
201300028448,0,1,0,0.0,2.0,2.0,1.0,B01
201300028448,2,7,0,0.0,2.0,1.0,1.0,A01
201300028449,0,7,0,8.0,1.0,1.0,1.0,A01
201300028450,0,40,0,0.0,1.0,2.0,1.0,A01
201300028451,0,3,0,0.0,1.0,2.0,1.0,A01
201300028452,0,33,0,0.0,2.0,1.0,1.0,B01
201300028452,0,7,0,0.0,2.0,8.0,15.0,A01
201300028453,0,7,0,0.0,2.0,7.0,16.0,A01
201300028453,0,32,0,0.0,2.0,1.0,1.0,B01
201300028454,0,7,0,0.0,2.0,8.0,1.0,B01
201300028454,0,7,0,0.0,2.0,1.0,1.0,A01
201300028455,0,32,0,0.0,2.0,1.0,1.0,B01
201300028455,0,7,0,0.0,0.0,8.0,0.0,A01
201300028456,0,33,0,0.0,2.0,1.0,1.0,B01
201300028456,0,7,0,0.0,2.0,2.0,15.0,A01
201300028457,0,7,0,0.0,2.0,1.0,1.0,A01
201300028457,0,7,0,0.0,2.0,1.0,15.0,B01
201300028458,0,7,0,0.0,2.0,2.0,2.0,B01
201300028458,0,2,0,0.0,2.0,1.0,19.0,A01
201300028459,0,37,1,0.0,1.0,2.0,0.0,A01
201300028460,0,7,0,0.0,1.0,1.0,15.0,A01
201300028461,0,32,0,0.0,2.0,1.0,1.0,B01
201300028461,0,7,0,0.0,2.0,3.0,15.0,A01
201300028462,0,7,0,0.0,1.0,7.0,16.0,A01
201300028463,0,7,0,0.0,1.0,3.0,1.0,A01
201300028464,0,7,0,0.0,2.0,1.0,1.0,B01
201300028464,0,7,0,0.0,2.0,1.0,1.0,A01
201300028465,0,7,0,0.0,2.0,4.0,2.0,C01
201300028465,0,7,0,0.0,2.0,1.0,2.0,A01
201300028465,0,7,0,0.0,2.0,4.0,2.0,B01
201300028466,0,2,0,0.0,2.0,1.0,1.0,B01
201300028466,0,7,0,0.0,2.0,3.0,19.0,A01
201300028467,1,7,0,0.0,2.0,1.0,1.0,Z01
201300028467,0,7,0,0.0,2.0,4.0,1.0,A01
201300028467,0,7,0,0.0,2.0,4.0,1.0,B01
201300028468,0,7,0,0.0,1.0,2.0,1.0,A01
201300028469,0,7,0,0.0,1.0,2.0,1.0,A01
201300028470,0,7,0,0.0,1.0,3.0,15.0,A01
201300028471,0,7,0,0.0,1.0,4.0,4.0,A01
201300028472,0,10,0,0.0,2.0,1.0,21.0,A01
201300028472,0,10,0,0.0,2.0,4.0,23.0,B01
201300028473,0,7,0,0.0,1.0,1.0,21.0,A01
201300028474,0,31,0,0.0,1.0,1.0,21.0,A01
201300028475,0,7,0,0.0,2.0,3.0,1.0,B01
201300028475,0,7,0,0.0,2.0,2.0,1.0,A01
201300028476,0,7,0,0.0,2.0,1.0,1.0,A01
201300028476,0,7,0,12.0,0.0,0.0,21.0,C01
201300028476,0,7,0,0.0,2.0,4.0,23.0,B01
201300028477,0,7,0,0.0,2.0,1.0,1.0,A01
201300028477,0,7,0,0.0,2.0,4.0,23.0,B01
201300028478,0,7,0,0.0,2.0,2.0,1.0,B01
201300028478,0,33,0,0.0,0.0,7.0,0.0,A01
201300028479,0,7,0,0.0,2.0,4.0,23.0,B01
201300028479,0,7,0,0.0,2.0,1.0,21.0,A01
201300028480,0,7,0,0.0,1.0,4.0,4.0,A01
201300028481,0,7,0,0.0,2.0,3.0,1.0,A01
201300028481,0,7,0,0.0,2.0,2.0,1.0,B01
201300028482,0,30,0,0.0,2.0,7.0,1.0,A01
201300028482,0,7,0,0.0,2.0,2.0,16.0,B01
201300028483,0,7,0,6.0,0.0,1.0,13.0,A01
201300028484,0,7,0,0.0,2.0,8.0,15.0,A01
201300028484,0,33,0,6.0,2.0,2.0,21.0,B01
201300028485,0,7,0,2.0,2.0,2.0,1.0,A01
201300028485,0,7,0,12.0,2.0,8.0,1.0,B01
201300028486,0,10,0,0.0,2.0,1.0,13.0,A01
201300028486,0,1,0,0.0,2.0,4.0,1.0,B01
201300028487,0,7,0,8.0,0.0,1.0,13.0,A01
201300028488,0,2,0,0.0,2.0,1.0,1.0,B01
201300028488,0,7,0,0.0,2.0,7.0,15.0,A01
201300028489,0,2,0,0.0,2.0,1.0,13.0,B01
201300028489,0,7,0,0.0,2.0,8.0,15.0,A01
201300028490,0,33,0,12.0,0.0,1.0,1.0,A01
201300028491,0,7,0,0.0,0.0,6.0,15.0,A01
201300028491,0,33,0,0.0,2.0,1.0,0.0,B01
201300028492,0,7,0,0.0,1.0,1.0,1.0,A01
201300028493,0,7,0,0.0,2.0,6.0,1.0,B01
201300028493,0,7,0,0.0,2.0,3.0,13.0,A01
201300028494,0,7,0,0.0,2.0,6.0,15.0,B01
201300028494,0,33,0,0.0,2.0,2.0,17.0,A01
201300028495,0,2,0,0.0,2.0,0.0,0.0,A01
201300028495,1,7,0,0.0,2.0,0.0,0.0,Z01
201300028496,0,7,0,0.0,2.0,0.0,0.0,B01
201300028496,0,7,0,0.0,2.0,0.0,0.0,A01
201300028497,0,7,0,15.0,0.0,1.0,0.0,A01
201300028498,0,7,0,0.0,0.0,0.0,0.0,A01
201300028499,0,7,0,0.0,1.0,3.0,1.0,A01
201300028500,0,7,0,1.0,0.0,3.0,13.0,A01
201300028501,0,7,0,0.0,2.0,2.0,1.0,B01
201300028501,0,30,0,0.0,2.0,3.0,1.0,A01
201300028502,0,30,0,0.0,2.0,1.0,17.0,B01
201300028502,0,7,0,0.0,2.0,3.0,15.0,A01
201300028503,0,7,0,0.0,2.0,2.0,9.0,A01
201300028503,0,1,0,0.0,2.0,5.0,0.0,B01
201300028504,0,10,0,11.0,2.0,1.0,1.0,B01
201300028504,0,7,0,0.0,2.0,8.0,15.0,A01
201300028505,0,7,0,0.0,1.0,7.0,1.0,A01
201300028506,0,7,0,0.0,1.0,1.0,1.0,A01
201300028507,0,2,0,0.0,2.0,1.0,17.0,A01
201300028507,0,7,0,0.0,2.0,8.0,15.0,B01
201300028508,0,7,0,0.0,1.0,2.0,1.0,A01
201300028509,0,7,0,0.0,2.0,1.0,13.0,A01
201300028509,0,7,0,0.0,2.0,1.0,1.0,B01
201300028510,0,7,0,0.0,2.0,3.0,13.0,A01
201300028510,0,7,0,0.0,2.0,3.0,1.0,B01
201300028511,0,7,0,13.0,0.0,1.0,1.0,A01
201300028512,0,14,0,0.0,1.0,7.0,4.0,A01
201300028513,0,33,0,9.0,0.0,9.0,11.0,A01
201300028514,0,33,0,3.0,0.0,8.0,1.0,A01
201300028515,0,7,0,6.0,2.0,1.0,1.0,A01
201300028515,0,7,0,0.0,2.0,6.0,15.0,B01
201300028516,0,7,0,8.0,0.0,1.0,1.0,A01
201300028517,0,34,0,0.0,2.0,1.0,1.0,A01
201300028517,0,7,0,0.0,2.0,8.0,15.0,B01
201300028518,0,7,0,0.0,1.0,1.0,1.0,A01
201300028519,0,33,0,0.0,2.0,1.0,2.0,A01
201300028519,0,7,0,0.0,2.0,6.0,15.0,B01
201300028520,0,17,0,0.0,2.0,6.0,18.0,A01
201300028520,0,3,0,0.0,2.0,7.0,14.0,B01
201300028521,0,31,0,0.0,2.0,2.0,17.0,A01
201300028521,0,7,0,0.0,2.0,3.0,13.0,B01
201300028522,0,2,0,1.0,1.0,1.0,1.0,A01
201300028523,0,3,0,0.0,1.0,1.0,1.0,A01
201300028524,0,7,0,0.0,2.0,2.0,15.0,A01
201300028524,0,33,0,0.0,2.0,8.0,1.0,B01
201300028525,0,7,0,0.0,1.0,2.0,1.0,A01
201300028526,0,7,0,0.0,2.0,2.0,15.0,A01
201300028526,0,2,0,0.0,2.0,1.0,17.0,B01
201300028527,0,7,0,0.0,1.0,2.0,2.0,A01
201300028528,0,7,0,0.0,1.0,2.0,1.0,A01
201300028529,0,10,0,0.0,2.0,1.0,1.0,A01
201300028529,0,7,0,0.0,2.0,1.0,1.0,B01
201300028530,0,10,0,0.0,2.0,2.0,15.0,A01
201300028530,0,33,0,0.0,2.0,1.0,1.0,B01
201300028531,0,7,0,0.0,2.0,2.0,13.0,A01
201300028531,0,7,0,0.0,2.0,1.0,1.0,B01
201300028532,0,7,0,7.0,0.0,0.0,0.0,A01
201300028533,0,7,0,0.0,2.0,1.0,13.0,A01
201300028533,0,7,0,0.0,2.0,1.0,1.0,B01
201300028534,0,7,0,0.0,1.0,2.0,1.0,A01
201300028535,0,2,0,0.0,2.0,1.0,0.0,B01
201300028535,0,7,0,0.0,2.0,3.0,10.0,A01
201300028536,0,7,0,0.0,2.0,2.0,2.0,A01
201300028536,0,1,0,0.0,2.0,4.0,2.0,B01
201300028537,0,2,0,3.0,0.0,2.0,15.0,A01
201300028538,0,7,0,0.0,2.0,1.0,13.0,A01
201300028538,0,7,0,13.0,0.0,7.0,21.0,C01
201300028538,0,7,0,0.0,2.0,3.0,1.0,B01
201300028539,0,7,0,9.0,1.0,1.0,1.0,A01
201300028540,0,7,0,0.0,1.0,1.0,1.0,A01
201300028541,0,7,0,0.0,0.0,7.0,2.0,A01
201300028541,0,1,0,0.0,0.0,0.0,0.0,B01
201300028542,0,7,0,1.0,0.0,3.0,13.0,A01
201300028543,0,7,0,0.0,1.0,1.0,1.0,A01
201300028544,0,7,0,0.0,1.0,2.0,2.0,A01
201300028545,0,7,0,0.0,2.0,7.0,15.0,B01
201300028545,0,33,0,0.0,2.0,7.0,1.0,A01
201300028546,0,2,0,0.0,2.0,2.0,1.0,A01
201300028546,0,7,0,0.0,0.0,3.0,15.0,B01
201300028547,0,7,0,0.0,1.0,1.0,1.0,A01
201300028548,0,7,0,0.0,2.0,3.0,15.0,B01
201300028548,0,7,0,0.0,2.0,1.0,2.0,A01
201300028549,0,7,0,11.0,0.0,0.0,6.0,A01
201300028550,0,7,0,0.0,2.0,1.0,1.0,B01
201300028550,0,7,0,0.0,2.0,3.0,9.0,A01
201300028551,0,7,0,3.0,0.0,9.0,2.0,A01
201300028552,0,7,0,0.0,2.0,1.0,5.0,A01
201300028552,0,7,0,0.0,2.0,1.0,23.0,B01
201300028553,0,7,0,0.0,2.0,1.0,1.0,B01
201300028553,0,7,0,0.0,2.0,6.0,9.0,A01
201300028554,0,7,0,0.0,1.0,1.0,1.0,A01
201300028555,0,7,0,2.0,9.0,9.0,1.0,A01
201300028556,0,7,0,13.0,0.0,9.0,1.0,A01
201300028557,0,7,0,0.0,2.0,4.0,0.0,B01
201300028557,0,7,0,0.0,2.0,1.0,2.0,A01
201300028558,0,7,0,0.0,2.0,3.0,1.0,B01
201300028558,1,7,0,0.0,2.0,1.0,9.0,A01
201300028559,0,7,0,0.0,2.0,3.0,1.0,B01
201300028559,1,7,0,0.0,2.0,1.0,16.0,A01
201300028560,0,7,0,0.0,2.0,1.0,5.0,A01
201300028560,0,7,0,0.0,2.0,1.0,5.0,B01
201300028561,1,99,0,0.0,1.0,0.0,0.0,A01
201300028562,0,3,0,0.0,1.0,1.0,1.0,A01
201300028563,0,3,0,0.0,2.0,2.0,1.0,A01
201300028563,0,3,0,0.0,2.0,1.0,1.0,B01
201300028564,0,33,0,0.0,2.0,8.0,1.0,B01
201300028564,0,30,0,0.0,2.0,7.0,2.0,A01
201300028565,0,33,0,0.0,2.0,1.0,1.0,B01
201300028565,0,7,0,0.0,2.0,1.0,19.0,A01
201300028566,0,7,0,0.0,2.0,1.0,9.0,A01
201300028566,0,7,0,0.0,2.0,1.0,1.0,B01
201300028567,0,7,0,0.0,1.0,1.0,1.0,A01
201300028568,0,2,0,0.0,2.0,1.0,12.0,B01
201300028568,0,7,0,0.0,2.0,1.0,15.0,A01
201300028569,0,33,0,0.0,0.0,7.0,17.0,A01
201300028570,0,7,0,0.0,2.0,8.0,19.0,A01
201300028570,0,33,0,0.0,2.0,1.0,1.0,B01
201300028571,0,31,0,0.0,2.0,8.0,15.0,A01
201300028571,0,7,0,0.0,2.0,7.0,17.0,B01
201300028572,0,7,0,0.0,2.0,3.0,23.0,C01
201300028572,0,33,0,8.0,2.0,9.0,21.0,B01
201300028572,0,7,0,0.0,0.0,0.0,15.0,A01
201300028573,0,7,0,0.0,2.0,4.0,1.0,B01
201300028573,0,7,0,0.0,2.0,1.0,1.0,A01
201300028574,0,7,0,8.0,2.0,6.0,1.0,A01
201300028574,0,7,0,0.0,2.0,3.0,15.0,B01
201300028575,0,7,0,0.0,1.0,2.0,1.0,A01
201300028576,0,15,0,3.0,0.0,7.0,9.0,A01
201300028577,0,7,0,15.0,0.0,9.0,14.0,A01
201300028578,0,7,0,8.0,0.0,1.0,0.0,A01
201300028579,0,7,0,0.0,1.0,4.0,20.0,A01
201300028580,0,7,0,0.0,2.0,1.0,1.0,B01
201300028580,0,7,0,0.0,2.0,1.0,5.0,A01
201300028581,0,7,0,0.0,2.0,4.0,1.0,B01
201300028581,0,7,0,0.0,2.0,1.0,1.0,A01
201300028582,0,7,0,0.0,1.0,2.0,1.0,A01
201300028583,0,7,0,0.0,1.0,2.0,17.0,A01
201300028584,0,7,0,0.0,2.0,1.0,13.0,A01
201300028584,0,7,0,0.0,2.0,1.0,1.0,B01
201300028585,0,7,0,0.0,2.0,1.0,1.0,A01
201300028585,0,33,0,0.0,2.0,4.0,1.0,B01
201300028586,0,7,0,0.0,1.0,1.0,1.0,A01
201300028587,0,7,0,6.0,0.0,1.0,0.0,A01
201300028588,0,7,0,0.0,2.0,2.0,2.0,A01
201300028588,0,7,0,13.0,2.0,6.0,1.0,B01
201300028589,0,7,0,0.0,1.0,2.0,1.0,A01
201300028590,0,7,0,13.0,0.0,0.0,1.0,A01
201300028591,0,7,0,0.0,2.0,1.0,1.0,A01
201300028591,0,7,0,0.0,2.0,4.0,1.0,B01
201300028592,0,10,0,0.0,2.0,6.0,9.0,B01
201300028592,0,3,0,0.0,2.0,1.0,14.0,A01
201300028593,0,7,0,6.0,2.0,9.0,1.0,A01
201300028594,0,7,0,0.0,2.0,4.0,2.0,B01
201300028594,0,7,0,0.0,2.0,1.0,2.0,A01
201300028595,0,31,0,0.0,2.0,3.0,1.0,B01
201300028595,0,7,0,0.0,2.0,1.0,1.0,A01
201300028596,0,7,0,0.0,0.0,8.0,15.0,B01
201300028596,0,33,0,0.0,2.0,1.0,2.0,A01
201300028597,0,30,0,0.0,2.0,7.0,1.0,A01
201300028597,0,7,0,0.0,2.0,3.0,1.0,B01
201300028598,0,7,0,0.0,1.0,2.0,16.0,A01
201300028599,1,7,0,0.0,1.0,0.0,0.0,Z01
201300028600,0,37,4,0.0,1.0,5.0,9.0,A01
201300028601,0,7,0,0.0,2.0,1.0,2.0,A01
201300028601,0,7,0,0.0,0.0,4.0,2.0,B01
201300028601,0,10,0,0.0,2.0,4.0,23.0,C01
201300028602,0,7,0,0.0,2.0,1.0,2.0,A01
201300028602,0,7,0,0.0,2.0,4.0,2.0,B01
201300028603,0,2,0,0.0,0.0,0.0,1.0,B01
201300028603,0,7,0,0.0,2.0,0.0,15.0,A01
201300028604,0,7,0,0.0,1.0,0.0,0.0,A01
201300028605,1,7,0,0.0,1.0,0.0,0.0,Z01
201300028606,0,7,0,0.0,2.0,4.0,2.0,B01
201300028606,0,7,0,0.0,2.0,1.0,2.0,A01
201300028607,0,2,0,0.0,2.0,2.0,1.0,B01
201300028607,0,7,0,0.0,2.0,1.0,9.0,A01
201300028608,0,7,0,0.0,2.0,1.0,2.0,A01
201300028608,0,7,0,0.0,2.0,4.0,2.0,C01
201300028608,0,7,0,0.0,2.0,4.0,2.0,B01
201300028609,0,2,0,0.0,0.0,1.0,1.0,A01
201300028610,1,7,0,0.0,1.0,0.0,0.0,Z01
201300028611,0,10,0,0.0,2.0,1.0,15.0,A01
201300028611,0,7,0,0.0,2.0,1.0,1.0,B01
201300028612,0,30,0,0.0,1.0,7.0,0.0,B01
201300028612,0,7,0,0.0,2.0,3.0,11.0,A01
201300028613,0,10,0,0.0,2.0,1.0,2.0,A01
201300028613,0,7,0,0.0,2.0,4.0,23.0,B01
201300028614,2,14,0,0.0,1.0,1.0,1.0,A01
201300028615,0,7,0,0.0,2.0,1.0,0.0,B01
201300028615,0,7,0,0.0,2.0,1.0,0.0,A01
201300028616,0,7,0,0.0,1.0,1.0,1.0,A01
201300028617,0,7,0,0.0,2.0,1.0,0.0,B01
201300028617,0,7,0,0.0,2.0,1.0,15.0,A01
201300028618,0,7,0,0.0,2.0,4.0,23.0,B01
201300028618,0,7,0,0.0,2.0,4.0,23.0,C01
201300028618,0,7,0,0.0,2.0,1.0,2.0,A01
201300028619,0,30,0,0.0,1.0,1.0,0.0,A01
201300028620,0,7,0,0.0,2.0,2.0,1.0,B01
201300028620,0,7,0,0.0,2.0,8.0,11.0,A01
201300028621,0,7,0,0.0,2.0,1.0,15.0,A01
201300028621,0,2,0,0.0,2.0,3.0,0.0,B01
201300028622,0,7,0,0.0,1.0,7.0,2.0,A01
201300028623,0,7,0,0.0,2.0,4.0,1.0,B01
201300028623,0,7,0,0.0,2.0,1.0,1.0,A01
201300028623,0,7,0,0.0,2.0,4.0,15.0,C01
201300028624,0,7,0,0.0,2.0,5.0,15.0,A01
201300028624,0,7,0,0.0,2.0,3.0,0.0,D01
201300028624,0,33,0,0.0,2.0,1.0,0.0,B01
201300028624,0,7,0,0.0,2.0,3.0,0.0,C01
201300028625,0,7,0,0.0,2.0,2.0,15.0,A01
201300028625,0,7,0,0.0,2.0,1.0,0.0,B01
201300028626,0,7,0,0.0,1.0,3.0,2.0,A01
201300028627,0,7,0,0.0,1.0,0.0,1.0,A01
201300028628,0,7,0,0.0,1.0,1.0,1.0,A01
201300028629,0,7,0,1.0,0.0,1.0,0.0,A01
201300028630,0,7,0,0.0,1.0,0.0,15.0,A01
201300028631,0,7,0,1.0,0.0,1.0,1.0,A01
201300028632,1,99,0,0.0,1.0,2.0,0.0,Z01
201300028633,0,7,0,0.0,1.0,7.0,1.0,A01
201300028634,0,7,0,0.0,2.0,1.0,2.0,A01
201300028634,0,7,0,0.0,2.0,4.0,2.0,B01
201300028635,1,7,0,0.0,2.0,1.0,2.0,A01
201300028635,0,7,0,0.0,2.0,4.0,2.0,B01
201300028636,0,7,0,0.0,2.0,4.0,2.0,B01
201300028636,1,7,0,0.0,2.0,1.0,2.0,A01
201300028637,0,10,0,0.0,1.0,0.0,0.0,A01
201300028638,0,7,0,0.0,2.0,3.0,12.0,A01
201300028638,0,7,0,0.0,2.0,5.0,1.0,B01
201300028638,0,7,0,0.0,2.0,1.0,1.0,C01
201300028639,0,7,0,0.0,2.0,3.0,9.0,A01
201300028639,0,10,0,1.0,2.0,2.0,1.0,B01
201300028640,0,7,0,0.0,1.0,1.0,16.0,A01
201300028641,0,37,1,0.0,1.0,0.0,0.0,A01
201300028642,1,7,0,0.0,1.0,1.0,1.0,Z01
201300028643,0,2,0,0.0,2.0,8.0,2.0,B01
201300028643,0,7,0,0.0,2.0,2.0,9.0,A01
201300028644,0,1,0,0.0,2.0,8.0,1.0,B01
201300028644,1,33,0,0.0,2.0,1.0,1.0,A01
201300028645,0,7,0,0.0,1.0,3.0,1.0,A01
201300028646,0,7,0,0.0,9.0,3.0,15.0,A01
201300028646,0,1,0,0.0,2.0,2.0,1.0,B01
201300028647,0,7,0,0.0,2.0,1.0,1.0,B01
201300028647,0,7,0,0.0,2.0,2.0,1.0,A01
201300028648,0,7,0,0.0,2.0,3.0,0.0,A01
201300028648,0,30,0,0.0,2.0,1.0,0.0,B01
201300028649,0,2,0,0.0,1.0,1.0,1.0,A01
201300028650,0,7,0,8.0,2.0,1.0,1.0,A01
201300028650,0,37,1,0.0,2.0,8.0,1.0,B01
201300028651,0,7,0,0.0,1.0,0.0,15.0,A01
201300028652,0,7,0,0.0,2.0,1.0,0.0,B01
201300028652,0,7,0,0.0,2.0,6.0,0.0,A01
201300028653,0,7,0,0.0,1.0,1.0,1.0,B01
201300028654,0,7,0,0.0,2.0,6.0,0.0,B01
201300028654,0,7,0,0.0,2.0,1.0,0.0,A01
201300028655,0,7,0,0.0,1.0,8.0,1.0,A01
201300028656,0,7,0,0.0,2.0,3.0,1.0,A01
201300028656,0,7,0,0.0,2.0,3.0,1.0,B01
201300028657,0,31,0,0.0,2.0,0.0,0.0,A01
201300028657,0,7,0,0.0,2.0,5.0,0.0,B01
201300028658,1,99,0,0.0,2.0,1.0,1.0,Z01
201300028658,0,2,0,0.0,2.0,4.0,1.0,A01
201300028659,0,7,0,0.0,1.0,1.0,1.0,A01
201300028660,0,7,0,0.0,1.0,3.0,1.0,A01
201300028661,0,37,25,0.0,2.0,1.0,1.0,B01
201300028661,0,7,0,15.0,2.0,2.0,15.0,A01
201300028661,0,7,0,0.0,2.0,1.0,1.0,C01
201300028662,0,7,0,0.0,2.0,6.0,2.0,B01
201300028662,0,7,0,0.0,2.0,0.0,2.0,A01
201300028663,0,30,0,0.0,1.0,0.0,0.0,A01
201300028664,0,7,0,8.0,0.0,6.0,1.0,A01
201300028665,0,1,0,0.0,2.0,1.0,1.0,B01
201300028665,0,7,0,0.0,2.0,3.0,15.0,A01
201300028666,0,7,0,0.0,2.0,7.0,15.0,A01
201300028666,0,7,0,0.0,2.0,1.0,0.0,B01
201300028667,0,7,0,6.0,0.0,9.0,1.0,A01
201300028668,0,7,0,1.0,0.0,2.0,1.0,A01
201300028669,0,7,0,0.0,1.0,2.0,0.0,A01
201300028670,0,1,0,0.0,1.0,1.0,5.0,A01
201300028671,0,7,0,0.0,2.0,4.0,23.0,C01
201300028671,0,7,0,0.0,2.0,4.0,23.0,B01
201300028671,1,7,0,0.0,2.0,1.0,2.0,Z01
201300028672,0,7,0,0.0,2.0,4.0,2.0,B01
201300028672,0,32,0,0.0,2.0,1.0,2.0,A01
201300028673,0,33,0,0.0,1.0,6.0,1.0,A01
201300028674,0,7,0,0.0,2.0,3.0,1.0,A01
201300028674,0,7,0,0.0,2.0,2.0,1.0,B01
201300028675,0,7,0,0.0,2.0,6.0,2.0,B01
201300028675,0,7,0,0.0,2.0,2.0,2.0,A01
201300028676,0,7,0,0.0,2.0,7.0,0.0,A01
201300028676,0,7,0,0.0,2.0,1.0,0.0,B01
201300028677,0,7,0,0.0,2.0,8.0,1.0,A01
201300028677,0,7,0,0.0,2.0,1.0,1.0,B01
201300028678,0,7,0,0.0,2.0,4.0,23.0,C01
201300028678,0,7,0,0.0,2.0,4.0,23.0,B01
201300028678,0,7,0,0.0,2.0,1.0,1.0,A01
201300028678,0,7,0,0.0,2.0,4.0,23.0,D01
201300028679,0,30,0,0.0,2.0,1.0,0.0,B01
201300028679,0,7,0,0.0,2.0,6.0,0.0,A01
201300028680,0,40,0,0.0,1.0,0.0,0.0,A01
201300028681,0,7,0,0.0,2.0,1.0,0.0,B01
201300028681,0,7,0,0.0,2.0,1.0,13.0,A01
201300028682,0,7,0,0.0,1.0,2.0,1.0,A01
201300028683,0,3,0,0.0,1.0,1.0,1.0,A01
201300028684,0,7,0,0.0,1.0,0.0,0.0,A01
201300028685,0,7,0,0.0,2.0,1.0,2.0,A01
201300028685,0,7,0,0.0,2.0,4.0,2.0,C01
201300028685,0,7,0,0.0,2.0,1.0,2.0,B01
201300028686,0,10,0,0.0,2.0,1.0,2.0,A01
201300028686,0,7,0,0.0,2.0,4.0,2.0,B01
201300028687,0,7,0,0.0,2.0,2.0,2.0,A01
201300028687,0,7,0,0.0,2.0,4.0,2.0,B01
201300028688,0,7,0,0.0,1.0,1.0,1.0,A01
201300028689,0,7,0,0.0,2.0,4.0,2.0,B01
201300028689,0,7,0,0.0,2.0,1.0,2.0,A01
201300028690,0,1,0,0.0,2.0,1.0,0.0,B01
201300028690,0,7,0,0.0,2.0,6.0,0.0,A01
201300028691,0,7,0,0.0,1.0,0.0,15.0,A01
201300028692,0,7,0,0.0,1.0,1.0,0.0,A01
201300028693,0,40,0,0.0,1.0,7.0,23.0,A01
201300028694,0,7,0,0.0,2.0,3.0,0.0,A01
201300028694,0,33,0,0.0,2.0,1.0,0.0,B01
201300028695,0,7,0,3.0,2.0,1.0,2.0,A01
201300028695,0,7,0,0.0,2.0,4.0,1.0,B01
201300028696,0,7,0,0.0,1.0,1.0,1.0,A01
201300028697,0,33,0,0.0,2.0,1.0,18.0,A01
201300028697,0,7,0,0.0,2.0,7.0,20.0,B01
201300028698,0,7,0,0.0,2.0,1.0,0.0,A01
201300028698,0,7,0,0.0,2.0,8.0,0.0,B01
201300028699,0,31,0,0.0,0.0,8.0,1.0,A01
201300028700,0,7,0,0.0,1.0,1.0,1.0,A01
201300028701,0,7,0,0.0,1.0,7.0,22.0,A01
201300028702,0,7,0,0.0,2.0,3.0,0.0,A01
201300028702,0,7,0,0.0,2.0,1.0,0.0,B01
201300028703,2,7,0,0.0,2.0,1.0,0.0,A01
201300028703,0,7,0,0.0,2.0,1.0,0.0,B01
201300028704,1,7,0,0.0,1.0,0.0,1.0,Z01
201300028705,0,7,0,0.0,9.0,3.0,15.0,B01
201300028705,0,1,0,0.0,2.0,1.0,1.0,A01
201300028706,0,7,0,0.0,2.0,4.0,2.0,B01
201300028706,1,99,0,0.0,0.0,0.0,0.0,Z01
201300028707,0,2,0,0.0,2.0,1.0,0.0,B01
201300028707,0,7,0,0.0,2.0,1.0,13.0,A01
201300028708,0,1,0,0.0,2.0,4.0,2.0,B01
201300028708,1,99,0,0.0,0.0,0.0,0.0,Z01
201300028709,0,33,0,0.0,2.0,0.0,15.0,A01
201300028709,0,7,0,0.0,2.0,1.0,1.0,B01
201300028710,0,7,0,0.0,1.0,1.0,0.0,A01
201300028711,0,7,0,0.0,2.0,8.0,1.0,B01
201300028711,0,7,0,0.0,2.0,1.0,1.0,A01
201300028712,0,7,0,0.0,2.0,7.0,0.0,A01
201300028712,0,7,0,0.0,2.0,1.0,0.0,B01
201300028713,0,10,0,0.0,2.0,8.0,1.0,B01
201300028713,0,7,0,0.0,2.0,2.0,16.0,A01
201300028714,0,7,0,0.0,1.0,0.0,15.0,A01
201300028715,0,7,0,0.0,1.0,1.0,1.0,A01
201300028716,0,7,0,6.0,0.0,1.0,1.0,A01
201300028717,0,7,0,0.0,2.0,4.0,2.0,B01
201300028717,0,7,0,0.0,2.0,1.0,2.0,A01
201300028717,0,7,0,0.0,2.0,4.0,2.0,C01
201300028718,0,7,0,0.0,2.0,1.0,2.0,A01
201300028718,0,7,0,0.0,2.0,4.0,2.0,B01
201300028719,0,7,0,0.0,1.0,3.0,0.0,A01
201300028720,0,2,0,0.0,2.0,1.0,0.0,A01
201300028720,0,7,0,0.0,2.0,6.0,0.0,B01
201300028721,0,40,0,0.0,2.0,6.0,2.0,B01
201300028721,0,1,0,0.0,2.0,3.0,2.0,A01
201300028722,0,7,0,0.0,2.0,8.0,13.0,A01
201300028722,0,33,0,0.0,2.0,0.0,11.0,B01
201300028723,0,7,0,0.0,1.0,2.0,1.0,A01
201300028724,0,3,0,0.0,2.0,1.0,0.0,B01
201300028724,0,3,0,0.0,2.0,7.0,0.0,A01
201300028725,0,7,0,0.0,2.0,4.0,23.0,C01
201300028725,0,7,0,0.0,2.0,1.0,2.0,A01
201300028725,0,7,0,0.0,2.0,4.0,23.0,B01
201300028725,0,7,0,0.0,2.0,4.0,23.0,D01
201300028726,0,32,0,0.0,2.0,0.0,0.0,B01
201300028726,0,7,0,0.0,2.0,1.0,0.0,A01
201300028727,1,7,0,0.0,1.0,0.0,0.0,Z01
201300028728,0,32,0,0.0,2.0,1.0,0.0,B01
201300028728,0,7,0,0.0,2.0,2.0,0.0,A01
201300028729,0,1,0,0.0,2.0,0.0,0.0,B01
201300028729,0,7,0,0.0,2.0,2.0,15.0,A01
201300028730,0,33,0,0.0,2.0,1.0,0.0,A01