Num_Acc,senc,catv,occutc,obs,obsm,choc,manv,num_veh
201300029004,0,7,0,0.0,1.0,2.0,1.0,A01
201300029005,0,7,0,13.0,0.0,0.0,0.0,A01
201300029006,0,7,0,0.0,2.0,2.0,1.0,D01
201300029006,0,7,0,0.0,2.0,9.0,13.0,A01
201300029006,0,7,0,0.0,2.0,6.0,1.0,B01
201300029007,0,2,0,12.0,0.0,0.0,0.0,A01
201300029008,0,7,0,0.0,2.0,1.0,0.0,A01
201300029008,0,2,0,0.0,2.0,8.0,0.0,B01
201300029009,0,2,0,0.0,2.0,1.0,1.0,A01
201300029009,0,7,0,0.0,2.0,3.0,1.0,B01
201300029010,0,7,0,0.0,2.0,4.0,1.0,B01
201300029010,0,7,0,0.0,2.0,4.0,1.0,C01
201300029010,0,7,0,0.0,2.0,0.0,1.0,A01
201300029011,0,7,0,0.0,0.0,0.0,0.0,A01
201300029012,0,7,0,0.0,1.0,1.0,0.0,A01
201300029013,0,7,0,0.0,2.0,1.0,0.0,D01
201300029013,0,7,0,0.0,2.0,1.0,0.0,B01
201300029013,0,7,0,0.0,2.0,0.0,0.0,C01
201300029013,0,7,0,0.0,2.0,0.0,0.0,A01
201300029014,0,1,0,0.0,2.0,0.0,0.0,B01
201300029014,0,7,0,0.0,2.0,0.0,9.0,A01
201300029015,0,2,0,0.0,0.0,0.0,0.0,A01
201300029016,0,7,0,0.0,2.0,2.0,1.0,A01
201300029016,0,7,0,0.0,2.0,1.0,1.0,B01
201300029017,0,7,0,0.0,1.0,0.0,0.0,A01
201300029018,0,2,0,0.0,2.0,1.0,1.0,B01
201300029018,1,7,0,0.0,2.0,0.0,15.0,Z01
201300029019,0,1,0,0.0,2.0,0.0,19.0,B01
201300029019,0,7,0,0.0,2.0,3.0,1.0,A01
201300029020,0,7,0,0.0,2.0,4.0,23.0,B01
201300029020,0,7,0,0.0,2.0,0.0,2.0,A01
201300029021,0,7,0,0.0,2.0,3.0,0.0,A01
201300029021,0,7,0,0.0,2.0,6.0,0.0,B01
201300029022,0,7,0,0.0,1.0,2.0,1.0,A01
201300029023,0,7,0,13.0,0.0,0.0,1.0,A01
201300029024,0,7,0,0.0,0.0,0.0,0.0,A01
201300029025,0,7,0,9.0,0.0,1.0,0.0,A01
201300029026,0,7,0,0.0,2.0,3.0,9.0,A01
201300029026,0,2,0,0.0,2.0,0.0,9.0,B01
201300029027,0,7,0,0.0,2.0,0.0,0.0,A01
201300029027,0,7,0,0.0,2.0,1.0,1.0,B01
201300029028,0,7,0,0.0,2.0,0.0,0.0,B01
201300029028,0,7,0,0.0,2.0,0.0,1.0,A01
201300029029,0,7,0,0.0,2.0,1.0,2.0,A01
201300029029,0,7,0,0.0,2.0,4.0,2.0,B01
201300029030,0,7,0,0.0,1.0,0.0,0.0,A01
201300029031,0,7,0,0.0,1.0,0.0,0.0,A01
201300029032,0,1,0,0.0,0.0,0.0,0.0,A01
201300029033,0,1,0,0.0,0.0,0.0,0.0,A01
201300029034,0,7,0,0.0,1.0,0.0,0.0,A01
201300029035,0,7,0,0.0,0.0,4.0,0.0,A01
201300029036,0,2,0,0.0,0.0,0.0,0.0,A01
201300029037,0,7,0,0.0,0.0,0.0,0.0,A01
201300029038,0,7,0,0.0,1.0,0.0,0.0,A01
201300029039,0,7,0,0.0,1.0,0.0,0.0,A01
201300029040,0,1,0,0.0,2.0,2.0,0.0,A01
201300029040,0,7,0,0.0,2.0,2.0,0.0,B01
201300029041,0,7,0,0.0,0.0,2.0,0.0,A01
201300029042,0,2,0,14.0,0.0,0.0,1.0,A01
201300029043,0,7,0,9.0,0.0,0.0,0.0,A01
201300029044,0,7,0,15.0,2.0,1.0,9.0,A01
201300029044,1,7,0,0.0,2.0,1.0,9.0,Z01
201300029045,0,7,0,0.0,2.0,3.0,1.0,A01
201300029045,0,7,0,0.0,2.0,5.0,15.0,B01
201300029046,0,1,0,0.0,1.0,0.0,1.0,A01
201300029047,0,2,0,0.0,0.0,1.0,1.0,A01
201300029048,0,7,0,0.0,2.0,0.0,0.0,B01
201300029048,0,7,0,0.0,2.0,0.0,0.0,A01
201300029049,0,2,0,0.0,2.0,0.0,0.0,A01
201300029049,0,7,0,0.0,2.0,0.0,0.0,B01
201300029050,0,2,0,0.0,2.0,0.0,0.0,A01
201300029050,0,7,0,0.0,2.0,0.0,0.0,B01
201300029051,0,2,0,0.0,2.0,1.0,1.0,A01
201300029051,0,7,0,0.0,2.0,1.0,1.0,B01
201300029052,0,7,0,0.0,2.0,2.0,0.0,A01
201300029052,0,2,0,0.0,2.0,1.0,0.0,B01
201300029053,0,7,0,0.0,1.0,0.0,0.0,A01
201300029054,0,7,0,0.0,2.0,4.0,1.0,B01
201300029054,0,7,0,0.0,2.0,1.0,2.0,A01
201300029055,0,2,0,0.0,2.0,1.0,1.0,B01
201300029055,0,7,0,0.0,2.0,6.0,10.0,A01
201300029056,0,7,0,0.0,2.0,8.0,0.0,B01
201300029056,0,7,0,0.0,2.0,1.0,0.0,A01
201300029057,0,2,0,0.0,2.0,4.0,2.0,B01
201300029057,0,7,0,0.0,2.0,1.0,0.0,A01
201300029058,0,7,0,0.0,2.0,6.0,0.0,B01
201300029058,0,7,0,0.0,2.0,3.0,0.0,A01
201300029059,0,7,0,0.0,2.0,1.0,1.0,B01
201300029059,0,7,0,0.0,2.0,1.0,10.0,A01
201300029060,0,2,0,0.0,0.0,0.0,10.0,A01
201300029061,0,33,0,0.0,2.0,0.0,0.0,A01
201300029061,0,7,0,0.0,2.0,0.0,0.0,B01
201300029062,0,7,0,0.0,0.0,0.0,0.0,A01
201300029063,0,2,0,0.0,0.0,0.0,0.0,A01
201300029064,0,7,0,0.0,0.0,0.0,0.0,A01
201300029065,0,33,0,0.0,2.0,0.0,0.0,B01
201300029065,0,7,0,0.0,0.0,1.0,1.0,A01
201300029066,0,1,0,0.0,2.0,0.0,1.0,B01
201300029066,0,7,0,0.0,2.0,3.0,0.0,A01
201300029067,0,1,0,0.0,0.0,0.0,0.0,A01
201300029068,0,33,0,0.0,0.0,0.0,1.0,A01
201300029069,0,7,0,0.0,0.0,4.0,2.0,B01
201300029069,0,7,0,0.0,2.0,1.0,2.0,A01
201300029070,0,33,0,0.0,2.0,0.0,1.0,B01
201300029070,0,7,0,0.0,2.0,0.0,1.0,A01
201300029071,0,7,0,0.0,2.0,0.0,15.0,A01
201300029071,0,33,0,0.0,2.0,1.0,1.0,B01
201300029072,0,7,0,0.0,2.0,1.0,2.0,A01
201300029072,0,7,0,0.0,2.0,4.0,2.0,B01
201300029073,0,33,0,0.0,2.0,1.0,1.0,B01
201300029073,1,7,0,0.0,2.0,8.0,20.0,Z01
201300029074,0,2,0,0.0,2.0,0.0,13.0,A01
201300029075,0,7,0,2.0,0.0,1.0,1.0,A01
201300029076,0,7,0,8.0,0.0,0.0,0.0,A01
201300029077,0,7,0,0.0,1.0,1.0,1.0,A01
201300029078,0,7,0,0.0,2.0,4.0,16.0,B01
201300029078,0,33,0,0.0,2.0,1.0,1.0,A01
201300029079,0,7,0,13.0,0.0,9.0,14.0,A01
201300029080,0,7,0,0.0,2.0,3.0,1.0,B01
201300029080,0,7,0,0.0,2.0,1.0,15.0,A01
201300029081,0,7,0,0.0,1.0,1.0,1.0,A01
201300029082,0,30,0,0.0,1.0,1.0,1.0,A01
201300029083,0,1,0,0.0,2.0,4.0,1.0,B01
201300029083,0,7,0,0.0,2.0,1.0,1.0,A01
201300029084,0,2,0,0.0,0.0,0.0,1.0,A01
201300029085,0,7,0,0.0,1.0,2.0,1.0,A01
201300029086,0,38,1,0.0,1.0,0.0,0.0,A01
201300029087,0,2,0,0.0,0.0,0.0,0.0,A01
201300029088,0,33,0,0.0,2.0,1.0,1.0,B01
201300029088,0,7,0,0.0,2.0,5.0,15.0,A01
201300029089,0,33,0,0.0,0.0,0.0,0.0,A01
201300029090,0,32,0,0.0,0.0,7.0,0.0,A01
201300029091,0,33,0,0.0,0.0,8.0,1.0,A01
201300029092,1,7,0,0.0,1.0,0.0,1.0,Z01
201300029093,0,7,0,0.0,2.0,3.0,10.0,A01
201300029093,0,33,0,0.0,2.0,0.0,1.0,B01
201300029094,1,7,0,0.0,2.0,7.0,14.0,A01
201300029094,0,7,0,0.0,2.0,3.0,1.0,B01
201300029095,0,1,0,0.0,1.0,0.0,0.0,A01
201300029096,0,10,0,2.0,0.0,1.0,13.0,A01
201300029097,0,7,0,0.0,2.0,2.0,16.0,B01
201300029097,0,2,0,0.0,2.0,1.0,1.0,A01
201300029098,0,7,0,11.0,1.0,3.0,1.0,A01
201300029099,0,7,0,0.0,2.0,1.0,1.0,A01
201300029099,0,7,0,0.0,2.0,4.0,1.0,B01
201300029100,0,7,0,0.0,0.0,9.0,14.0,A01
201300029101,0,7,0,0.0,1.0,2.0,9.0,A01
201300029102,0,7,0,0.0,2.0,1.0,19.0,A01
201300029102,0,33,0,0.0,2.0,7.0,1.0,B01
201300029103,0,7,0,0.0,2.0,1.0,1.0,B01
201300029103,0,7,0,6.0,2.0,9.0,1.0,A01
201300029104,1,7,0,0.0,1.0,0.0,1.0,Z01
201300029105,0,7,0,6.0,0.0,9.0,14.0,A01
201300029106,1,14,0,0.0,2.0,0.0,15.0,Z01
201300029106,0,1,0,0.0,2.0,1.0,1.0,A01
201300029107,0,33,0,0.0,2.0,0.0,2.0,C01
201300029107,0,7,0,0.0,2.0,1.0,2.0,A01
201300029107,0,7,0,0.0,2.0,4.0,2.0,B01
201300029108,0,7,0,8.0,0.0,9.0,14.0,A01
201300029109,0,2,0,0.0,0.0,0.0,0.0,A01
201300029110,0,7,0,0.0,1.0,1.0,1.0,A01
201300029111,0,7,0,10.0,0.0,1.0,0.0,A01
201300029112,0,7,0,0.0,2.0,3.0,0.0,B01
201300029112,0,2,0,0.0,2.0,3.0,0.0,A01
201300029113,0,7,0,0.0,2.0,3.0,0.0,A01
201300029113,0,33,0,0.0,2.0,7.0,1.0,B01
201300029114,0,7,0,0.0,2.0,1.0,2.0,A01
201300029114,0,7,0,0.0,2.0,4.0,1.0,B01
201300029115,0,7,0,0.0,2.0,4.0,0.0,B01
201300029115,0,7,0,0.0,2.0,1.0,2.0,A01
201300029116,0,7,0,0.0,2.0,2.0,0.0,A01
201300029116,0,7,0,0.0,2.0,2.0,0.0,B01
201300029117,0,2,0,0.0,1.0,0.0,0.0,A01
201300029118,0,7,0,0.0,0.0,0.0,1.0,A01
201300029119,0,7,0,0.0,2.0,0.0,1.0,B01
201300029119,0,7,0,4.0,2.0,0.0,18.0,A01
201300029120,0,7,0,0.0,0.0,0.0,0.0,A01
201300029121,0,7,0,10.0,0.0,0.0,0.0,A01
201300029122,0,7,0,0.0,2.0,6.0,0.0,B01
201300029122,0,7,0,0.0,2.0,1.0,0.0,A01
201300029123,0,2,0,0.0,2.0,1.0,0.0,A01
201300029123,0,7,0,0.0,2.0,3.0,0.0,B01
201300029124,0,2,0,0.0,2.0,1.0,0.0,A01
201300029124,0,7,0,0.0,2.0,8.0,0.0,B01
201300029125,0,7,0,0.0,2.0,2.0,0.0,B01
201300029125,0,7,0,0.0,2.0,0.0,0.0,A01
201300029126,0,7,0,0.0,2.0,4.0,1.0,B01
201300029126,0,2,0,0.0,2.0,1.0,0.0,A01
201300029127,0,7,0,0.0,2.0,0.0,0.0,A01
201300029127,0,2,0,0.0,2.0,0.0,0.0,B01
201300029128,0,7,0,0.0,2.0,0.0,1.0,A01
201300029128,0,37,3,0.0,2.0,7.0,1.0,B01
201300029129,0,7,0,13.0,0.0,0.0,0.0,A01
201300029130,0,7,0,0.0,2.0,1.0,9.0,A01
201300029130,0,2,0,0.0,2.0,1.0,1.0,B01
201300029131,0,7,0,13.0,0.0,1.0,0.0,A01
201300029132,0,7,0,0.0,1.0,4.0,4.0,A01
201300029133,0,2,0,0.0,2.0,0.0,0.0,A01
201300029134,0,33,0,0.0,0.0,0.0,0.0,A01
201300029135,0,7,0,0.0,2.0,6.0,0.0,B01
201300029135,1,2,0,0.0,2.0,1.0,0.0,A01
201300029136,0,7,0,0.0,2.0,1.0,0.0,A01
201300029136,0,33,0,0.0,2.0,8.0,0.0,B01
201300029137,0,7,0,0.0,2.0,0.0,0.0,B01
201300029137,0,2,0,0.0,2.0,1.0,0.0,A01
201300029138,0,33,0,0.0,0.0,0.0,0.0,A01
201300029139,0,7,0,0.0,2.0,2.0,0.0,A01
201300029139,0,7,0,0.0,2.0,0.0,0.0,B01
201300029140,0,7,0,0.0,9.0,1.0,1.0,C01
201300029140,0,33,0,0.0,2.0,1.0,17.0,A01
201300029140,0,7,0,0.0,2.0,3.0,1.0,B01
201300029141,0,2,0,0.0,0.0,0.0,1.0,A01
201300029142,0,1,0,0.0,0.0,0.0,0.0,A01
201300029143,0,7,0,0.0,2.0,0.0,15.0,A01
201300029143,0,1,0,0.0,2.0,0.0,1.0,B01
201300029144,0,7,0,0.0,2.0,1.0,0.0,A01
201300029144,0,2,0,0.0,2.0,4.0,0.0,C01
201300029144,0,7,0,0.0,0.0,4.0,0.0,B01
201300029145,0,7,0,0.0,2.0,4.0,0.0,B01
201300029145,0,2,0,0.0,2.0,0.0,0.0,A01
201300029146,0,1,0,1.0,0.0,1.0,1.0,B01
201300029146,0,7,0,0.0,2.0,3.0,24.0,A01
201300029147,0,7,0,0.0,2.0,2.0,15.0,A01
201300029147,0,2,0,0.0,2.0,1.0,1.0,B01
201300029148,0,2,0,0.0,2.0,1.0,0.0,A01
201300029148,0,7,0,0.0,0.0,4.0,0.0,B01
201300029149,0,7,0,0.0,2.0,0.0,0.0,A01
201300029149,0,2,0,0.0,2.0,0.0,0.0,B01
201300029150,0,7,0,0.0,2.0,3.0,1.0,B01
201300029150,0,7,0,6.0,2.0,1.0,13.0,A01
201300029151,0,7,0,0.0,2.0,0.0,17.0,A01
201300029151,0,3,0,4.0,2.0,0.0,15.0,B01
201300029152,0,7,0,0.0,1.0,0.0,0.0,A01
201300029153,0,7,0,0.0,2.0,0.0,0.0,B01
201300029153,1,2,0,0.0,2.0,1.0,0.0,A01
201300029154,0,2,0,0.0,2.0,3.0,0.0,A01
201300029154,0,2,0,0.0,2.0,1.0,0.0,B01
201300029155,0,7,0,0.0,2.0,0.0,0.0,A01
201300029155,0,7,0,0.0,2.0,0.0,0.0,B01
201300029156,0,1,0,0.0,0.0,0.0,1.0,B01
201300029156,0,33,0,0.0,2.0,0.0,15.0,A01
201300029157,0,1,0,0.0,2.0,0.0,1.0,B01
201300029157,0,7,0,0.0,2.0,0.0,16.0,A01
201300029158,0,33,0,0.0,0.0,0.0,0.0,A01
201300029159,0,2,0,0.0,2.0,4.0,17.0,B01
201300029159,0,7,0,0.0,2.0,3.0,15.0,A01
201300029160,0,7,0,0.0,2.0,2.0,0.0,A01
201300029160,0,7,0,0.0,2.0,4.0,0.0,B01
201300029161,0,33,0,0.0,0.0,0.0,0.0,A01
201300029162,0,7,0,0.0,0.0,4.0,0.0,C01
201300029162,0,7,0,0.0,2.0,1.0,0.0,A01
201300029162,0,2,0,0.0,0.0,4.0,0.0,B01
201300029163,0,7,0,0.0,0.0,0.0,0.0,A01
201300029164,0,7,0,0.0,0.0,0.0,0.0,A01
201300029165,1,99,0,0.0,1.0,1.0,0.0,A01
201300029166,0,7,0,0.0,2.0,3.0,0.0,B01
201300029166,0,7,0,0.0,2.0,2.0,0.0,A01
201300029167,0,7,0,0.0,1.0,1.0,1.0,A01
201300029168,0,1,0,12.0,0.0,0.0,0.0,A01
201300029169,0,2,0,12.0,2.0,0.0,17.0,A01
201300029169,0,7,0,0.0,0.0,6.0,1.0,A02
201300029170,0,7,0,8.0,0.0,1.0,14.0,A01
201300029171,0,7,0,0.0,2.0,6.0,1.0,B01
201300029171,0,7,0,0.0,2.0,1.0,1.0,A01
201300029172,0,10,0,0.0,1.0,2.0,1.0,A01
201300029173,0,7,0,0.0,2.0,3.0,1.0,B01
201300029173,0,7,0,0.0,2.0,1.0,17.0,A01
201300029174,0,33,0,14.0,0.0,1.0,1.0,A01
201300029175,0,7,0,0.0,2.0,1.0,1.0,A01
201300029175,0,1,0,0.0,2.0,4.0,1.0,B01
201300029176,0,7,0,0.0,2.0,1.0,1.0,A01
201300029176,0,7,0,0.0,2.0,4.0,23.0,C01
201300029176,0,10,0,0.0,2.0,4.0,23.0,D01
201300029176,0,7,0,0.0,2.0,4.0,23.0,B01
201300029177,0,7,0,0.0,2.0,0.0,9.0,A01
201300029177,0,31,0,0.0,2.0,0.0,9.0,B01
201300029178,0,1,0,0.0,2.0,8.0,1.0,B01
201300029178,0,7,0,0.0,2.0,2.0,14.0,A01
201300029179,0,2,0,11.0,0.0,1.0,0.0,A01
201300029180,0,10,0,0.0,2.0,8.0,1.0,C01
201300029180,0,2,0,0.0,2.0,8.0,17.0,A01
201300029180,0,7,0,0.0,2.0,3.0,1.0,B01
201300029181,0,1,0,0.0,2.0,1.0,13.0,A01
201300029181,0,7,0,0.0,2.0,1.0,1.0,B01
201300029182,0,7,0,0.0,2.0,4.0,23.0,B01
201300029182,0,7,0,0.0,2.0,1.0,1.0,A01
201300029183,0,1,0,0.0,2.0,0.0,0.0,B01
201300029183,0,7,0,0.0,2.0,2.0,15.0,A01
201300029184,0,2,0,0.0,1.0,0.0,0.0,A01
201300029185,0,7,0,0.0,2.0,1.0,1.0,B01
201300029185,0,7,0,0.0,2.0,2.0,15.0,A01
201300029186,0,7,0,0.0,2.0,7.0,0.0,B01
201300029186,0,37,3,0.0,2.0,2.0,0.0,A01
201300029187,0,7,0,0.0,0.0,0.0,0.0,A01
201300029188,0,33,0,0.0,2.0,4.0,23.0,B01
201300029188,1,7,0,0.0,2.0,1.0,2.0,A01
201300029189,0,30,0,0.0,2.0,3.0,2.0,A01
201300029189,0,7,0,0.0,2.0,4.0,1.0,B01
201300029190,0,7,0,13.0,0.0,0.0,0.0,A01
201300029191,0,7,0,13.0,0.0,2.0,0.0,A01
201300029192,0,7,0,0.0,2.0,0.0,0.0,A01
201300029192,0,1,0,0.0,2.0,0.0,0.0,B01
201300029193,0,7,0,0.0,2.0,0.0,1.0,C01
201300029193,0,7,0,15.0,2.0,1.0,17.0,A01
201300029193,0,7,0,0.0,2.0,0.0,1.0,B01
201300029194,0,2,0,0.0,0.0,0.0,21.0,A01
201300029195,0,7,0,0.0,2.0,3.0,1.0,B01
201300029195,0,33,0,0.0,2.0,2.0,0.0,A01
201300029196,0,7,0,13.0,0.0,0.0,0.0,A01
201300029197,0,1,0,0.0,0.0,0.0,0.0,A01
201300029198,0,7,0,0.0,2.0,2.0,15.0,A01
201300029198,0,33,0,0.0,2.0,1.0,18.0,B01
201300029199,0,7,0,13.0,0.0,0.0,0.0,A01
201300029200,0,7,0,0.0,2.0,2.0,1.0,A01
201300029200,0,2,0,0.0,2.0,1.0,0.0,B01
201300029201,0,7,0,0.0,2.0,2.0,1.0,B01
201300029201,0,1,0,0.0,2.0,1.0,0.0,A01
201300029202,0,7,0,0.0,1.0,2.0,1.0,A01
201300029203,0,7,0,0.0,1.0,3.0,1.0,A01
201300029204,0,7,0,0.0,1.0,3.0,1.0,A01
201300029205,0,7,0,0.0,2.0,0.0,0.0,A01
201300029205,0,33,0,0.0,2.0,0.0,0.0,B01
201300029206,0,7,0,0.0,0.0,0.0,21.0,A01
201300029207,0,33,0,0.0,2.0,4.0,1.0,C01
201300029207,0,7,0,0.0,2.0,4.0,1.0,B01
201300029207,0,7,0,0.0,2.0,1.0,1.0,A01
201300029208,0,7,0,0.0,1.0,2.0,0.0,A01
201300029209,0,7,0,0.0,1.0,0.0,0.0,A01
201300029210,0,2,0,0.0,0.0,0.0,0.0,A01
201300029211,0,7,0,0.0,2.0,1.0,2.0,A01
201300029211,0,7,0,0.0,2.0,4.0,2.0,B01
201300029212,0,1,0,0.0,2.0,0.0,1.0,B01
201300029212,0,7,0,0.0,2.0,0.0,1.0,A01
201300029213,0,2,0,0.0,2.0,1.0,0.0,B01
201300029213,0,7,0,0.0,2.0,2.0,15.0,A01
201300029214,0,7,0,0.0,1.0,0.0,1.0,A01
201300029215,0,7,0,0.0,0.0,0.0,0.0,A01
201300029216,0,2,0,0.0,2.0,7.0,1.0,B01
201300029216,0,7,0,0.0,2.0,3.0,9.0,A01
201300029217,0,2,0,0.0,2.0,1.0,1.0,A01
201300029217,0,2,0,0.0,2.0,4.0,1.0,B01
201300029218,0,7,0,6.0,0.0,7.0,14.0,A01
201300029219,0,2,0,0.0,2.0,1.0,1.0,A01
201300029219,0,7,0,0.0,2.0,4.0,23.0,B01
201300029220,0,2,0,0.0,2.0,1.0,1.0,B01
201300029220,0,7,0,0.0,2.0,2.0,1.0,A01
201300029221,0,7,0,0.0,2.0,4.0,23.0,B01
201300029221,0,7,0,0.0,2.0,1.0,1.0,A01
201300029222,0,7,0,0.0,2.0,6.0,15.0,B01
201300029222,0,7,0,0.0,2.0,3.0,16.0,A01
201300029223,0,10,0,0.0,2.0,3.0,9.0,A01
201300029223,0,30,0,0.0,2.0,7.0,1.0,B01
201300029224,0,7,0,0.0,2.0,0.0,0.0,A01
201300029224,0,7,0,0.0,2.0,0.0,0.0,B01
201300029224,0,7,0,0.0,2.0,0.0,0.0,C01
201300029225,0,7,0,0.0,2.0,4.0,0.0,B01
201300029225,0,7,0,0.0,2.0,1.0,0.0,A01
201300029226,0,7,0,0.0,2.0,4.0,1.0,B01
201300029226,0,2,0,0.0,2.0,1.0,2.0,A01
201300029227,0,7,0,0.0,2.0,6.0,1.0,B01
201300029227,0,2,0,0.0,2.0,1.0,2.0,A01
201300029228,0,7,0,0.0,1.0,0.0,0.0,A01
201300029229,0,7,0,0.0,2.0,3.0,2.0,A01
201300029229,0,7,0,0.0,2.0,5.0,2.0,B01
201300029229,0,7,0,0.0,2.0,4.0,2.0,C01
201300029230,0,7,0,0.0,0.0,0.0,0.0,A01
201300029231,0,2,0,0.0,0.0,0.0,21.0,A01
201300029232,0,7,0,9.0,2.0,1.0,0.0,A01
201300029232,0,7,0,0.0,2.0,1.0,1.0,B01
201300029233,0,7,0,0.0,1.0,0.0,1.0,A01
201300029234,0,7,0,0.0,2.0,3.0,0.0,B01
201300029234,0,7,0,0.0,2.0,2.0,0.0,A01
201300029235,0,7,0,0.0,1.0,3.0,1.0,A01
201300029236,0,7,0,0.0,2.0,2.0,0.0,B01
201300029236,0,2,0,0.0,2.0,1.0,0.0,A01
201300029237,0,7,0,0.0,1.0,0.0,0.0,A01
201300029238,0,1,0,0.0,2.0,1.0,1.0,B01
201300029238,0,7,0,0.0,2.0,2.0,1.0,A01
201300029239,0,7,0,0.0,1.0,3.0,0.0,A01
201300029240,0,7,0,0.0,2.0,0.0,0.0,B01
201300029240,0,7,0,0.0,2.0,2.0,0.0,A01
201300029241,0,7,0,0.0,2.0,3.0,0.0,A01
201300029241,0,1,0,0.0,2.0,1.0,0.0,B01
201300029242,0,33,0,0.0,2.0,2.0,0.0,B01
201300029242,0,7,0,0.0,2.0,0.0,0.0,A01
201300029243,0,1,0,0.0,1.0,0.0,0.0,A01
201300029244,0,7,0,0.0,2.0,6.0,0.0,B01
201300029244,0,7,0,0.0,2.0,2.0,0.0,A01
201300029245,0,7,0,0.0,2.0,4.0,0.0,B01
201300029245,0,2,0,0.0,2.0,1.0,0.0,A01
201300029246,0,30,0,0.0,0.0,0.0,0.0,A01
201300029247,0,7,0,0.0,1.0,1.0,0.0,A01
201300029248,0,2,0,0.0,2.0,1.0,0.0,A01
201300029248,0,7,0,0.0,2.0,3.0,0.0,B01
201300029249,0,7,0,0.0,2.0,8.0,15.0,A01
201300029249,0,7,0,0.0,2.0,1.0,6.0,B01
201300029250,0,7,0,0.0,2.0,0.0,0.0,A01
201300029250,0,7,0,0.0,2.0,0.0,0.0,B01
201300029251,0,7,0,0.0,0.0,0.0,0.0,A01
201300029252,0,7,0,0.0,2.0,1.0,13.0,A01
201300029252,0,7,0,0.0,2.0,1.0,0.0,B01
201300029253,0,33,0,11.0,0.0,0.0,0.0,A01
201300029254,0,7,0,0.0,2.0,1.0,0.0,A01
201300029254,0,7,0,0.0,2.0,1.0,0.0,B01
201300029255,0,7,0,0.0,1.0,8.0,1.0,A01
201300029256,0,33,0,0.0,2.0,1.0,1.0,A01
201300029256,0,7,0,0.0,2.0,4.0,1.0,B01
201300029257,0,7,0,0.0,2.0,1.0,1.0,A01
201300029257,0,37,3,0.0,2.0,3.0,1.0,B01
201300029258,0,10,0,0.0,1.0,0.0,16.0,A01
201300029259,0,7,0,0.0,1.0,1.0,1.0,A01
201300029260,0,7,0,0.0,2.0,0.0,0.0,B01
201300029260,0,10,0,0.0,2.0,0.0,0.0,A01
201300029261,0,7,0,0.0,2.0,3.0,24.0,A01
201300029261,0,1,0,1.0,0.0,1.0,1.0,B01
201300029262,0,2,0,1.0,0.0,1.0,0.0,A01
201300029263,0,2,0,0.0,0.0,7.0,1.0,A01
201300029264,0,7,0,0.0,2.0,1.0,1.0,A01
201300029264,0,7,0,0.0,2.0,4.0,1.0,B01
201300029264,0,7,0,0.0,2.0,4.0,1.0,C01
201300029265,0,7,0,0.0,2.0,1.0,13.0,A01
201300029265,0,7,0,0.0,2.0,1.0,1.0,B01
201300029266,0,1,0,0.0,2.0,0.0,1.0,B01
201300029266,0,7,0,0.0,2.0,1.0,20.0,A01
201300029267,0,7,0,0.0,1.0,1.0,1.0,A01
201300029268,0,7,0,15.0,2.0,2.0,14.0,A01
201300029268,0,7,0,0.0,2.0,3.0,1.0,D01
201300029268,0,7,0,0.0,2.0,3.0,1.0,E01
201300029269,0,33,0,8.0,0.0,1.0,1.0,A01
201300029270,0,7,0,0.0,2.0,1.0,1.0,B01
201300029270,0,7,0,0.0,2.0,7.0,1.0,A01
201300029271,0,1,0,0.0,2.0,4.0,1.0,B01
201300029271,1,7,0,0.0,2.0,2.0,17.0,Z01
201300029272,0,7,0,0.0,0.0,0.0,0.0,A01
201300029273,0,7,0,0.0,2.0,1.0,0.0,A01
201300029273,0,7,0,0.0,2.0,4.0,1.0,B01
201300029274,0,7,0,0.0,2.0,6.0,0.0,A01
201300029274,0,2,0,0.0,4.0,7.0,0.0,B01
201300029275,0,7,0,11.0,0.0,1.0,0.0,A01
201300029276,0,7,0,0.0,2.0,7.0,15.0,A01
201300029276,0,2,0,0.0,2.0,1.0,1.0,B01
201300029277,0,7,0,0.0,2.0,0.0,0.0,A01
201300029277,0,1,0,0.0,2.0,0.0,1.0,B01
201300029278,0,7,0,8.0,0.0,0.0,0.0,A01
201300029279,0,7,0,0.0,2.0,3.0,1.0,B02
201300029279,0,7,0,0.0,2.0,6.0,13.0,A01
201300029280,0,33,0,0.0,2.0,1.0,13.0,A01
201300029280,0,7,0,0.0,2.0,2.0,1.0,B02
201300029281,0,7,0,0.0,2.0,3.0,19.0,A01
201300029281,0,7,0,0.0,2.0,1.0,1.0,B02
201300029282,0,7,0,3.0,0.0,2.0,1.0,A01
201300029283,0,33,0,6.0,0.0,1.0,21.0,A01
201300029284,0,30,0,0.0,2.0,1.0,13.0,A01
201300029284,0,7,0,0.0,2.0,1.0,1.0,B02
201300029285,0,7,0,0.0,1.0,1.0,1.0,A01
201300029286,0,2,0,0.0,2.0,1.0,2.0,A01
201300029286,0,7,0,0.0,2.0,4.0,2.0,B01
201300029287,0,7,0,0.0,1.0,0.0,16.0,A01
201300029288,0,7,0,0.0,1.0,3.0,1.0,A01
201300029289,0,7,0,0.0,2.0,0.0,20.0,A01
201300029289,0,2,0,0.0,2.0,0.0,1.0,B01
201300029290,0,7,0,6.0,0.0,3.0,14.0,A01
201300029291,0,7,0,0.0,1.0,3.0,4.0,A01
201300029292,0,7,0,0.0,1.0,8.0,1.0,A01
201300029293,0,7,0,0.0,0.0,0.0,15.0,A01
201300029293,0,7,0,0.0,2.0,1.0,21.0,C01
201300029293,0,7,0,0.0,2.0,1.0,1.0,B01
201300029294,0,2,0,0.0,2.0,0.0,17.0,A01