Num_Acc,senc,catv,occutc,obs,obsm,choc,manv,num_veh
201300029294,0,7,0,0.0,2.0,3.0,15.0,B01
201300029295,0,7,0,0.0,2.0,8.0,9.0,A01
201300029295,0,7,0,0.0,2.0,1.0,1.0,B01
201300029296,0,30,0,0.0,2.0,8.0,10.0,A01
201300029296,0,7,0,0.0,2.0,2.0,1.0,B01
201300029297,0,7,0,0.0,1.0,3.0,1.0,A01
201300029298,0,7,0,0.0,2.0,6.0,9.0,A01
201300029298,0,33,0,0.0,2.0,1.0,1.0,B01
201300029299,0,7,0,0.0,1.0,1.0,15.0,A01
201300029300,0,7,0,0.0,2.0,1.0,2.0,A01
201300029300,0,7,0,0.0,2.0,4.0,2.0,B01
201300029301,0,30,0,0.0,2.0,6.0,1.0,B01
201300029301,0,7,0,0.0,2.0,2.0,9.0,A01
201300029302,0,7,0,0.0,1.0,0.0,9.0,A01
201300029303,0,3,0,0.0,1.0,1.0,1.0,A01
201300029304,0,7,0,0.0,0.0,4.0,2.0,A01
201300029304,0,2,0,0.0,2.0,1.0,2.0,B01
201300029305,0,33,0,0.0,9.0,0.0,16.0,A01
201300029306,0,7,0,0.0,2.0,1.0,16.0,A01
201300029306,0,1,0,0.0,2.0,4.0,19.0,B01
201300029307,0,30,0,0.0,0.0,1.0,1.0,A01
201300029308,0,7,0,0.0,2.0,1.0,5.0,A01
201300029308,0,7,0,0.0,2.0,1.0,1.0,B01
201300029309,0,14,0,0.0,1.0,0.0,0.0,A01
201300029310,0,7,0,0.0,2.0,8.0,9.0,A01
201300029310,0,1,0,0.0,2.0,4.0,1.0,B01
201300029311,0,7,0,0.0,2.0,1.0,15.0,A01
201300029311,0,31,0,0.0,2.0,1.0,1.0,B01
201300029312,0,7,0,0.0,0.0,5.0,15.0,A01
201300029312,0,1,0,0.0,2.0,1.0,1.0,B01
201300029313,0,7,0,0.0,1.0,1.0,1.0,A01
201300029314,0,7,0,0.0,2.0,7.0,1.0,B01
201300029314,0,7,0,0.0,2.0,9.0,13.0,A01
201300029315,0,2,0,0.0,1.0,1.0,1.0,A01
201300029316,0,7,0,14.0,0.0,1.0,1.0,A01
201300029316,0,7,0,0.0,2.0,4.0,23.0,B01
201300029317,0,7,0,0.0,1.0,0.0,1.0,A01
201300029318,0,2,0,0.0,2.0,3.0,1.0,A01
201300029318,0,7,0,0.0,2.0,5.0,1.0,B01
201300029319,0,7,0,0.0,2.0,7.0,17.0,A01
201300029319,0,2,0,0.0,2.0,8.0,1.0,B01
201300029320,0,7,0,0.0,2.0,1.0,1.0,A01
201300029320,0,7,0,0.0,2.0,7.0,1.0,B01
201300029321,0,7,0,0.0,2.0,1.0,1.0,B01
201300029321,0,13,0,0.0,2.0,1.0,1.0,C01
201300029321,0,7,0,0.0,2.0,1.0,1.0,A01
201300029322,0,7,0,0.0,2.0,7.0,9.0,A01
201300029322,0,1,0,0.0,2.0,4.0,1.0,B01
201300029323,0,7,0,0.0,1.0,1.0,1.0,A01
201300029324,0,7,0,0.0,2.0,1.0,1.0,B01
201300029324,0,7,0,0.0,2.0,1.0,5.0,A01
201300029325,0,7,0,0.0,2.0,7.0,16.0,A01
201300029325,0,31,0,0.0,2.0,1.0,18.0,B01
201300029326,0,7,0,0.0,1.0,4.0,4.0,A01
201300029327,0,7,0,0.0,2.0,4.0,23.0,B01
201300029327,0,7,0,14.0,0.0,1.0,2.0,A01
201300029328,0,7,0,0.0,1.0,1.0,1.0,A01
201300029329,0,7,0,6.0,0.0,2.0,1.0,A01
201300029330,0,2,0,0.0,1.0,1.0,1.0,A01
201300029331,0,7,0,0.0,1.0,2.0,1.0,A01
201300029332,0,30,0,8.0,0.0,8.0,0.0,A01
201300029333,0,7,0,0.0,2.0,1.0,13.0,A01
201300029333,0,7,0,0.0,0.0,3.0,1.0,B01
201300029334,0,7,0,0.0,1.0,1.0,1.0,A01
201300029335,0,7,0,0.0,2.0,1.0,2.0,A01
201300029335,0,7,0,0.0,2.0,3.0,1.0,C01
201300029335,0,7,0,0.0,2.0,4.0,2.0,B01
201300029336,0,7,0,0.0,1.0,7.0,1.0,A01
201300029337,0,7,0,0.0,2.0,1.0,1.0,A01
201300029337,0,1,0,0.0,2.0,1.0,0.0,B01
201300029338,0,7,0,0.0,2.0,1.0,2.0,A01
201300029338,0,7,0,0.0,2.0,4.0,2.0,B01
201300029339,0,15,0,0.0,2.0,2.0,12.0,A01
201300029339,0,7,0,0.0,2.0,8.0,1.0,B01
201300029339,0,7,0,0.0,2.0,3.0,1.0,C01
201300029339,0,7,0,0.0,2.0,6.0,1.0,D01
201300029340,0,7,0,0.0,1.0,1.0,16.0,A01
201300029341,0,7,0,0.0,1.0,0.0,1.0,A01
201300029342,0,7,0,0.0,2.0,8.0,1.0,B01
201300029342,0,2,0,0.0,2.0,7.0,1.0,A01
201300029343,0,7,0,0.0,2.0,6.0,2.0,B01
201300029343,0,7,0,0.0,2.0,2.0,2.0,A01
201300029344,0,7,0,0.0,2.0,4.0,23.0,B01
201300029344,0,30,0,14.0,0.0,1.0,2.0,A01
201300029345,0,30,0,0.0,2.0,1.0,1.0,A01
201300029345,0,7,0,0.0,2.0,8.0,15.0,B01
201300029346,0,7,0,14.0,0.0,1.0,2.0,A01
201300029346,0,7,0,0.0,2.0,4.0,23.0,B01
201300029347,0,2,0,0.0,2.0,1.0,23.0,B01
201300029347,0,7,0,14.0,0.0,4.0,4.0,A01
201300029348,0,31,0,0.0,2.0,1.0,1.0,B01
201300029348,0,7,0,0.0,2.0,1.0,15.0,A01
201300029349,1,7,0,0.0,2.0,0.0,17.0,Z01
201300029349,0,33,0,0.0,2.0,0.0,21.0,A01
201300029350,0,7,0,0.0,1.0,1.0,1.0,A01
201300029351,0,7,0,0.0,2.0,1.0,1.0,B01
201300029351,0,7,0,0.0,2.0,7.0,15.0,A01
201300029352,0,7,0,0.0,1.0,1.0,15.0,A01
201300029353,0,7,0,0.0,2.0,4.0,23.0,B01
201300029353,0,7,0,14.0,2.0,1.0,2.0,A01
201300029353,0,7,0,0.0,2.0,4.0,23.0,C01
201300029354,0,7,0,0.0,1.0,1.0,1.0,A01
201300029355,0,7,0,0.0,1.0,1.0,0.0,A01
201300029356,0,33,0,0.0,2.0,5.0,0.0,B02
201300029356,0,7,0,0.0,2.0,3.0,9.0,A01
201300029357,0,7,0,2.0,0.0,1.0,1.0,A01
201300029358,0,7,0,0.0,1.0,5.0,2.0,A01
201300029359,0,2,0,0.0,2.0,8.0,1.0,B01
201300029359,0,7,0,0.0,2.0,6.0,15.0,A01
201300029360,0,7,0,0.0,1.0,1.0,15.0,A01
201300029361,0,2,0,1.0,0.0,3.0,13.0,A01
201300029362,0,2,0,0.0,2.0,1.0,1.0,B01
201300029362,0,7,0,0.0,2.0,6.0,1.0,A01
201300029363,0,2,0,0.0,2.0,3.0,1.0,B01
201300029363,0,10,0,0.0,2.0,7.0,17.0,A01
201300029364,2,7,0,0.0,2.0,1.0,1.0,A01
201300029364,0,7,0,0.0,2.0,6.0,1.0,B01
201300029365,0,7,0,15.0,1.0,5.0,4.0,A01
201300029366,0,7,0,0.0,1.0,1.0,1.0,A01
201300029367,0,7,0,14.0,0.0,1.0,1.0,A01
201300029367,0,31,0,14.0,2.0,6.0,1.0,B01
201300029368,0,7,0,0.0,1.0,7.0,1.0,A01
201300029369,0,7,0,0.0,2.0,5.0,15.0,A01
201300029369,0,2,0,0.0,2.0,1.0,1.0,B01
201300029370,0,7,0,0.0,1.0,2.0,1.0,A01
201300029371,0,7,0,0.0,1.0,3.0,1.0,A01
201300029372,0,7,0,0.0,1.0,4.0,4.0,A01
201300029373,0,7,0,0.0,1.0,1.0,1.0,A01
201300029374,0,7,0,0.0,2.0,1.0,17.0,A01
201300029374,0,7,0,0.0,2.0,1.0,1.0,B01
201300029375,0,7,0,0.0,2.0,2.0,15.0,A01
201300029375,0,99,0,0.0,2.0,1.0,1.0,B01
201300029376,0,7,0,0.0,2.0,1.0,2.0,A01
201300029376,0,7,0,0.0,0.0,5.0,16.0,B01
201300029377,0,7,0,0.0,2.0,2.0,0.0,A01
201300029377,0,2,0,0.0,2.0,1.0,0.0,B01
201300029378,0,7,0,0.0,1.0,0.0,4.0,A01
201300029379,0,3,0,0.0,1.0,5.0,0.0,A01
201300029380,0,7,0,0.0,2.0,1.0,1.0,B01
201300029380,0,7,0,0.0,2.0,1.0,13.0,A01
201300029381,0,7,0,0.0,2.0,1.0,1.0,B01
201300029381,0,7,0,0.0,2.0,1.0,13.0,A01
201300029382,0,7,0,0.0,2.0,3.0,13.0,A01
201300029382,0,15,0,0.0,2.0,1.0,1.0,B01
201300029383,0,7,0,0.0,1.0,1.0,15.0,A01
201300029384,0,7,0,0.0,2.0,3.0,1.0,B01
201300029384,0,2,0,0.0,2.0,1.0,16.0,A01
201300029385,0,37,27,0.0,2.0,1.0,1.0,B01
201300029385,0,7,0,0.0,2.0,3.0,15.0,A01
201300029386,0,33,0,0.0,2.0,1.0,1.0,B01
201300029386,0,7,0,0.0,2.0,6.0,15.0,A01
201300029386,0,7,0,0.0,0.0,1.0,24.0,C01
201300029387,0,7,0,0.0,9.0,1.0,15.0,B01
201300029387,0,1,0,0.0,2.0,1.0,1.0,A01
201300029388,0,7,0,0.0,2.0,1.0,15.0,B01
201300029388,0,33,0,0.0,2.0,1.0,1.0,A01
201300029389,0,7,0,0.0,2.0,1.0,1.0,A01
201300029389,0,7,0,0.0,2.0,3.0,15.0,B01
201300029390,0,30,0,0.0,0.0,5.0,1.0,A01
201300029391,0,7,0,7.0,0.0,1.0,14.0,A01
201300029392,0,33,0,3.0,0.0,1.0,1.0,A01
201300029393,0,7,0,0.0,2.0,1.0,2.0,A01
201300029393,0,7,0,0.0,0.0,4.0,1.0,B01
201300029394,0,7,0,0.0,2.0,1.0,1.0,B01
201300029394,0,7,0,0.0,2.0,1.0,13.0,A01
201300029395,0,7,0,0.0,1.0,3.0,0.0,A01
201300029396,0,33,0,8.0,0.0,1.0,1.0,A01
201300029397,0,7,0,0.0,2.0,1.0,13.0,A01
201300029397,0,7,0,0.0,2.0,1.0,1.0,B01
201300029398,0,1,0,0.0,9.0,2.0,17.0,B01
201300029398,0,1,0,0.0,9.0,6.0,0.0,A01
201300029399,0,7,0,0.0,1.0,6.0,1.0,A01
201300029400,0,32,0,0.0,2.0,1.0,1.0,B01
201300029400,0,10,0,0.0,2.0,2.0,9.0,A01
201300029401,0,7,0,2.0,0.0,1.0,13.0,A01
201300029402,0,30,0,12.0,0.0,2.0,9.0,A01
201300029403,0,7,0,0.0,2.0,4.0,2.0,B01
201300029403,0,7,0,0.0,2.0,1.0,1.0,A01
201300029404,0,7,0,0.0,1.0,2.0,1.0,A01
201300029405,0,7,0,0.0,2.0,3.0,1.0,B01
201300029405,0,10,0,0.0,2.0,3.0,15.0,A01
201300029406,0,7,0,0.0,1.0,2.0,1.0,A01
201300029407,0,7,0,0.0,1.0,2.0,1.0,A01
201300029408,0,7,0,0.0,1.0,1.0,1.0,A01
201300029409,0,7,0,0.0,2.0,2.0,3.0,A01
201300029409,0,30,0,0.0,2.0,8.0,1.0,B01
201300029410,0,7,0,0.0,2.0,8.0,1.0,B01
201300029410,0,7,0,2.0,2.0,1.0,9.0,A01
201300029411,0,7,0,0.0,2.0,3.0,11.0,A01
201300029411,0,7,0,0.0,2.0,5.0,1.0,B01
201300029412,0,7,0,0.0,9.0,7.0,16.0,B01
201300029412,0,1,0,0.0,2.0,1.0,2.0,A01
201300029413,0,7,0,0.0,2.0,2.0,15.0,B01
201300029413,0,7,0,0.0,2.0,2.0,17.0,A01
201300029414,0,1,0,0.0,2.0,1.0,1.0,B01
201300029414,0,7,0,0.0,9.0,3.0,15.0,A01
201300029415,1,7,0,0.0,1.0,0.0,0.0,Z01
201300029416,0,7,0,0.0,1.0,1.0,1.0,A01
201300029417,0,10,0,0.0,1.0,1.0,16.0,A01
201300029418,0,7,0,0.0,1.0,3.0,1.0,A01
201300029419,0,33,0,0.0,2.0,0.0,1.0,B01
201300029419,0,7,0,0.0,2.0,2.0,15.0,A01
201300029420,0,7,0,0.0,2.0,1.0,15.0,A01
201300029420,0,7,0,0.0,2.0,1.0,1.0,B01
201300029421,0,7,0,3.0,0.0,1.0,0.0,A01
201300029422,0,7,0,0.0,2.0,7.0,21.0,B01
201300029422,0,33,0,0.0,2.0,1.0,17.0,A01
201300029422,0,7,0,0.0,2.0,1.0,23.0,C01
201300029423,0,7,0,0.0,1.0,1.0,1.0,A01
201300029424,0,7,0,0.0,2.0,2.0,1.0,B01
201300029424,0,7,0,0.0,2.0,3.0,9.0,A01
201300029425,0,31,0,0.0,2.0,2.0,1.0,B01
201300029425,0,7,0,0.0,2.0,3.0,9.0,A01
201300029426,0,7,0,0.0,1.0,2.0,1.0,A01
201300029427,0,7,0,6.0,0.0,1.0,1.0,A01
201300029428,0,10,0,0.0,2.0,1.0,1.0,B01
201300029428,0,7,0,0.0,2.0,2.0,1.0,A01
201300029429,0,7,0,0.0,1.0,1.0,1.0,A01
201300029430,0,7,0,4.0,1.0,2.0,1.0,A01
201300029431,0,7,0,0.0,1.0,1.0,0.0,A01
201300029432,1,7,0,0.0,1.0,1.0,1.0,A01
201300029433,0,7,0,15.0,2.0,3.0,15.0,B01
201300029433,2,7,0,0.0,2.0,1.0,1.0,A01
201300029434,0,7,0,0.0,1.0,4.0,4.0,A01
201300029435,0,7,0,0.0,1.0,1.0,1.0,A01
201300029436,0,2,0,0.0,2.0,7.0,17.0,A01
201300029436,0,7,0,0.0,2.0,8.0,20.0,B01
201300029437,2,7,0,15.0,1.0,1.0,0.0,A01
201300029438,0,7,0,1.0,1.0,1.0,16.0,A01
201300029439,0,7,0,0.0,2.0,2.0,1.0,B01
201300029439,0,1,0,0.0,2.0,1.0,1.0,A01
201300029440,0,14,0,0.0,1.0,2.0,15.0,A01
201300029441,0,10,0,0.0,2.0,2.0,9.0,A01
201300029441,0,2,0,0.0,2.0,1.0,1.0,B01
201300029442,0,7,0,0.0,1.0,1.0,0.0,A01
201300029443,0,2,0,0.0,1.0,1.0,17.0,A01
201300029444,0,2,0,0.0,2.0,1.0,0.0,B01
201300029444,0,7,0,0.0,2.0,2.0,15.0,A01
201300029445,0,7,0,0.0,2.0,1.0,1.0,C01
201300029445,0,7,0,0.0,0.0,0.0,15.0,A01
201300029445,0,7,0,0.0,2.0,1.0,1.0,D01
201300029445,0,7,0,0.0,2.0,6.0,1.0,B01
201300029446,0,7,0,0.0,2.0,2.0,10.0,A01
201300029446,0,2,0,0.0,2.0,1.0,1.0,B01
201300029447,0,7,0,0.0,2.0,2.0,15.0,B01
201300029447,0,7,0,0.0,2.0,3.0,1.0,A01
201300029448,0,2,0,0.0,2.0,1.0,1.0,A01
201300029448,0,7,0,0.0,2.0,2.0,16.0,B01
201300029449,0,7,0,0.0,9.0,2.0,1.0,A01
201300029449,0,1,0,0.0,2.0,0.0,0.0,B01
201300029450,0,1,0,0.0,2.0,1.0,9.0,B01
201300029450,0,7,0,0.0,2.0,1.0,1.0,A01
201300029451,0,7,0,0.0,2.0,2.0,1.0,B01
201300029451,0,2,0,0.0,2.0,1.0,1.0,A01
201300029452,0,7,0,0.0,1.0,3.0,4.0,A01
201300029453,0,10,0,0.0,2.0,3.0,10.0,B01
201300029453,0,2,0,0.0,2.0,1.0,17.0,A01
201300029454,0,10,0,0.0,2.0,2.0,9.0,A01
201300029454,0,33,0,0.0,2.0,3.0,1.0,B01
201300029455,0,37,4,0.0,1.0,1.0,15.0,A01
201300029456,0,21,0,0.0,1.0,0.0,1.0,A01
201300029457,0,7,0,0.0,1.0,2.0,1.0,A01
201300029458,0,7,0,0.0,9.0,2.0,1.0,A01
201300029458,0,1,0,0.0,2.0,0.0,19.0,B01
201300029459,0,7,0,0.0,1.0,2.0,0.0,A01
201300029460,0,7,0,0.0,1.0,3.0,1.0,A01
201300029461,0,7,0,0.0,1.0,1.0,1.0,A01
201300029462,0,7,0,0.0,1.0,1.0,1.0,A01
201300029463,0,7,0,0.0,2.0,1.0,15.0,A01
201300029463,0,7,0,8.0,0.0,1.0,1.0,C01
201300029463,0,7,0,0.0,2.0,1.0,1.0,B01
201300029464,0,7,0,0.0,2.0,2.0,15.0,A01
201300029464,0,2,0,0.0,2.0,1.0,1.0,B01
201300029465,0,7,0,0.0,2.0,3.0,15.0,B01
201300029465,0,2,0,0.0,2.0,1.0,17.0,A01
201300029466,0,37,1,0.0,1.0,1.0,1.0,A01
201300029467,0,7,0,0.0,2.0,1.0,1.0,B01
201300029467,0,7,0,0.0,2.0,3.0,13.0,A01
201300029468,0,2,0,0.0,2.0,1.0,1.0,B01
201300029468,0,7,0,0.0,2.0,7.0,13.0,A01
201300029469,0,7,0,0.0,1.0,2.0,1.0,A01
201300029470,0,33,0,0.0,2.0,1.0,1.0,B01
201300029470,0,7,0,0.0,2.0,2.0,15.0,A01
201300029471,0,7,0,0.0,1.0,1.0,1.0,A01
201300029472,0,7,0,0.0,1.0,1.0,14.0,A01
201300029473,0,7,0,0.0,1.0,1.0,15.0,A01
201300029474,0,7,0,0.0,1.0,2.0,1.0,A01
201300029475,0,2,0,0.0,2.0,1.0,1.0,B01
201300029475,0,7,0,0.0,2.0,3.0,15.0,A01
201300029476,0,7,0,0.0,1.0,1.0,1.0,A01
201300029477,0,7,0,0.0,1.0,3.0,1.0,A01
201300029478,0,7,0,9.0,0.0,3.0,2.0,A01
201300029479,0,15,0,0.0,1.0,3.0,2.0,A01
201300029480,0,7,0,0.0,1.0,2.0,2.0,A01
201300029481,0,7,0,0.0,2.0,8.0,15.0,A01
201300029481,0,33,0,0.0,2.0,1.0,2.0,B01
201300029482,1,7,0,0.0,1.0,1.0,2.0,A01
201300029483,0,7,0,1.0,0.0,4.0,23.0,A01
201300029483,1,7,0,1.0,0.0,1.0,0.0,Z01
201300029484,0,7,0,0.0,1.0,1.0,1.0,A01
201300029485,0,1,0,0.0,2.0,4.0,2.0,B01
201300029485,0,7,0,0.0,2.0,2.0,1.0,A01
201300029486,0,7,0,0.0,1.0,1.0,1.0,A01
201300029487,0,7,0,0.0,1.0,1.0,1.0,A01
201300029488,0,7,0,0.0,0.0,4.0,23.0,B01
201300029488,0,1,0,0.0,2.0,1.0,2.0,A01
201300029489,0,30,0,0.0,2.0,7.0,0.0,A01
201300029489,0,7,0,0.0,2.0,3.0,0.0,B01
201300029490,0,7,0,0.0,1.0,3.0,0.0,A01
201300029491,0,7,0,1.0,0.0,2.0,2.0,A01
201300029491,0,7,0,1.0,2.0,6.0,23.0,B01
201300029492,0,7,0,0.0,1.0,1.0,1.0,A01
201300029493,0,31,0,0.0,0.0,0.0,1.0,A01
201300029494,0,7,0,0.0,2.0,8.0,19.0,A01
201300029494,0,7,0,0.0,2.0,1.0,1.0,B01
201300029495,0,7,0,6.0,0.0,1.0,16.0,A01
201300029496,0,7,0,0.0,1.0,1.0,0.0,A01
201300029497,0,7,0,0.0,2.0,2.0,1.0,B01
201300029497,0,7,0,0.0,2.0,5.0,0.0,A01
201300029498,0,7,0,0.0,1.0,1.0,0.0,A01
201300029499,0,7,0,0.0,2.0,1.0,15.0,A01
201300029499,0,2,0,0.0,2.0,1.0,1.0,B01
201300029500,0,7,0,0.0,1.0,1.0,1.0,A01
201300029501,0,1,0,0.0,2.0,1.0,1.0,B01
201300029501,0,7,0,0.0,2.0,3.0,9.0,A01
201300029502,0,7,0,1.0,0.0,2.0,1.0,A01
201300029502,0,7,0,0.0,2.0,6.0,24.0,B01
201300029503,0,7,0,0.0,1.0,3.0,0.0,A01
201300029504,0,7,0,0.0,1.0,2.0,11.0,A01
201300029505,0,2,0,0.0,2.0,1.0,1.0,B01
201300029505,0,7,0,0.0,9.0,3.0,11.0,A01
201300029506,0,7,0,0.0,1.0,1.0,13.0,A01
201300029506,0,7,0,0.0,2.0,3.0,1.0,B01
201300029507,0,7,0,0.0,2.0,6.0,2.0,B01
201300029507,0,2,0,0.0,2.0,1.0,2.0,A01
201300029508,0,7,0,0.0,1.0,3.0,0.0,A01
201300029509,0,1,0,0.0,0.0,9.0,2.0,B01
201300029509,0,7,0,0.0,0.0,2.0,2.0,A01
201300029510,0,7,0,0.0,1.0,1.0,0.0,A01
201300029511,0,7,0,0.0,1.0,3.0,0.0,A01
201300029512,0,7,0,0.0,1.0,1.0,1.0,A01
201300029513,0,30,0,0.0,2.0,2.0,1.0,B01
201300029513,0,7,0,0.0,2.0,3.0,9.0,A01
201300029514,0,7,0,0.0,2.0,4.0,1.0,C01
201300029514,0,7,0,0.0,2.0,4.0,1.0,B01
201300029514,0,10,0,0.0,2.0,1.0,1.0,A01
201300029515,0,7,0,0.0,1.0,2.0,1.0,A01
201300029516,0,7,0,0.0,2.0,1.0,1.0,A01
201300029516,0,1,0,0.0,2.0,1.0,0.0,B01
201300029517,0,7,0,0.0,1.0,1.0,1.0,A01
201300029518,0,7,0,0.0,2.0,9.0,2.0,B01
201300029518,0,7,0,0.0,2.0,1.0,2.0,A01
201300029518,0,7,0,0.0,2.0,4.0,2.0,C01
201300029519,0,7,0,0.0,0.0,4.0,2.0,B01
201300029519,0,2,0,0.0,2.0,1.0,2.0,A01
201300029520,0,2,0,0.0,0.0,4.0,2.0,B01
201300029520,0,7,0,0.0,9.0,1.0,2.0,A01
201300029521,0,7,0,0.0,1.0,1.0,0.0,A01
201300029522,0,7,0,0.0,2.0,1.0,1.0,A01
201300029522,0,7,0,0.0,2.0,4.0,2.0,B01
201300029523,0,7,0,0.0,9.0,3.0,15.0,A01
201300029523,0,1,0,0.0,2.0,1.0,1.0,B01
201300029524,0,7,0,0.0,1.0,1.0,1.0,A01
201300029525,0,7,0,0.0,2.0,4.0,1.0,B01
201300029525,0,7,0,0.0,2.0,1.0,2.0,A01
201300029526,0,7,0,0.0,2.0,0.0,24.0,B01
201300029526,0,7,0,0.0,1.0,1.0,15.0,A01
201300029527,0,2,0,0.0,2.0,1.0,2.0,A01
201300029527,0,7,0,0.0,2.0,4.0,2.0,B01
201300029528,0,2,0,0.0,2.0,2.0,1.0,B01
201300029528,0,7,0,0.0,2.0,1.0,9.0,A01
201300029529,0,7,0,0.0,1.0,1.0,1.0,A01
201300029530,0,7,0,0.0,2.0,1.0,13.0,A01
201300029530,0,7,0,0.0,2.0,1.0,2.0,B01
201300029531,0,7,0,0.0,9.0,2.0,1.0,B01
201300029531,0,1,0,0.0,2.0,1.0,9.0,A01
201300029532,0,7,0,0.0,1.0,1.0,1.0,A01
201300029533,0,7,0,0.0,1.0,1.0,0.0,A01
201300029534,0,7,0,0.0,2.0,2.0,1.0,B01
201300029534,0,7,0,0.0,2.0,3.0,9.0,A01
201300029535,0,37,11,6.0,0.0,1.0,13.0,A01
201300029536,0,7,0,0.0,1.0,1.0,1.0,A01
201300029537,0,2,0,0.0,2.0,1.0,1.0,A01
201300029537,0,7,0,0.0,2.0,4.0,1.0,B01
201300029538,0,7,0,0.0,9.0,2.0,1.0,A01
201300029538,0,1,0,0.0,2.0,1.0,19.0,B01
201300029539,0,7,0,0.0,2.0,1.0,12.0,A01
201300029539,0,7,0,0.0,0.0,4.0,1.0,B01
201300029539,0,7,0,0.0,0.0,3.0,1.0,C01
201300029540,0,7,0,0.0,2.0,3.0,15.0,B01
201300029540,0,33,0,0.0,2.0,1.0,17.0,A01
201300029541,0,7,0,0.0,1.0,4.0,4.0,A01
201300029542,0,7,0,1.0,2.0,6.0,24.0,B01
201300029542,0,30,0,1.0,0.0,1.0,14.0,A01
201300029543,0,37,1,0.0,9.0,3.0,9.0,B01
201300029543,0,30,0,0.0,2.0,2.0,0.0,A01
201300029544,0,30,0,0.0,2.0,1.0,17.0,A01
201300029544,0,7,0,0.0,2.0,3.0,15.0,B01
201300029545,0,7,0,0.0,1.0,3.0,15.0,A01
201300029546,0,2,0,0.0,2.0,1.0,1.0,B01
201300029546,0,7,0,0.0,2.0,1.0,9.0,A01
201300029547,0,7,0,0.0,9.0,2.0,16.0,A01
201300029547,0,1,0,0.0,2.0,8.0,1.0,B01
201300029548,0,7,0,0.0,9.0,1.0,1.0,A01
201300029548,0,1,0,0.0,2.0,1.0,1.0,B01
201300029549,0,7,0,0.0,9.0,2.0,1.0,A01
201300029549,0,1,0,0.0,2.0,1.0,9.0,B01
201300029550,0,2,0,0.0,2.0,1.0,1.0,B01
201300029550,0,7,0,0.0,9.0,1.0,0.0,A01
201300029551,0,7,0,0.0,2.0,3.0,9.0,B01
201300029551,0,33,0,0.0,2.0,2.0,17.0,A01
201300029552,0,33,0,0.0,9.0,3.0,17.0,A01
201300029552,0,7,0,0.0,0.0,0.0,15.0,B01
201300029552,0,7,0,1.0,0.0,1.0,24.0,C01
201300029553,0,7,0,0.0,2.0,7.0,18.0,A01
201300029553,0,2,0,0.0,2.0,7.0,1.0,B01
201300029554,0,7,0,0.0,9.0,3.0,9.0,A01
201300029554,0,1,0,0.0,2.0,2.0,0.0,B01
201300029555,0,1,0,0.0,2.0,8.0,9.0,B01
201300029555,0,7,0,0.0,2.0,2.0,16.0,A01
201300029556,0,7,0,0.0,2.0,4.0,0.0,A01
201300029556,0,2,0,0.0,2.0,1.0,1.0,B01
201300029557,0,2,0,0.0,1.0,1.0,1.0,A01
201300029558,0,30,0,0.0,2.0,1.0,1.0,B01
201300029558,0,7,0,0.0,2.0,1.0,15.0,A01
201300029559,0,33,0,0.0,2.0,0.0,1.0,A01
201300029560,0,7,0,0.0,2.0,3.0,15.0,A01
201300029560,0,33,0,0.0,2.0,1.0,1.0,B01
201300029561,0,7,0,0.0,1.0,4.0,4.0,A01
201300029562,0,7,0,0.0,2.0,1.0,1.0,B01
201300029562,0,7,0,0.0,2.0,3.0,9.0,A01
201300029563,0,33,0,0.0,2.0,1.0,1.0,B01
201300029563,0,7,0,0.0,2.0,3.0,15.0,A01
201300029564,0,7,0,0.0,1.0,1.0,1.0,A01
201300029565,0,7,0,0.0,0.0,4.0,1.0,B01
201300029565,0,33,0,0.0,2.0,1.0,0.0,A01
201300029566,0,7,0,0.0,2.0,1.0,9.0,A01
201300029566,0,33,0,0.0,2.0,2.0,1.0,B01
201300029567,0,7,0,0.0,2.0,3.0,15.0,A01
201300029567,0,33,0,0.0,2.0,2.0,17.0,B01
201300029568,0,7,0,0.0,1.0,4.0,4.0,A01
201300029569,0,1,0,0.0,2.0,6.0,1.0,B01
201300029570,0,7,0,0.0,1.0,1.0,1.0,A01
201300029571,0,7,0,0.0,1.0,1.0,1.0,A01
201300029572,0,7,0,0.0,2.0,3.0,15.0,A01
201300029572,0,7,0,0.0,2.0,1.0,1.0,B01
201300029573,0,7,0,0.0,2.0,7.0,17.0,A01
201300029573,0,7,0,0.0,2.0,1.0,1.0,B01
201300029573,0,7,0,0.0,2.0,1.0,1.0,C01
201300029574,0,2,0,1.0,0.0,1.0,13.0,A01
201300029574,0,7,0,1.0,0.0,3.0,0.0,B01
201300029575,0,7,0,0.0,1.0,2.0,1.0,A01
201300029576,0,7,0,0.0,2.0,1.0,1.0,A01
201300029576,0,7,0,0.0,2.0,3.0,1.0,B01
201300029577,0,7,0,0.0,1.0,1.0,1.0,A01
201300029578,0,7,0,0.0,2.0,3.0,15.0,A01
201300029578,0,30,0,0.0,2.0,1.0,1.0,B01
201300029579,0,7,0,0.0,1.0,1.0,1.0,A01
201300029580,0,7,0,0.0,1.0,1.0,1.0,A01
201300029581,0,31,0,0.0,1.0,1.0,16.0,A01
201300029582,0,7,0,0.0,1.0,1.0,1.0,A01
201300029583,0,7,0,0.0,1.0,1.0,1.0,A01
201300029584,0,7,0,0.0,1.0,2.0,0.0,A01
201300029585,0,7,0,0.0,1.0,4.0,4.0,A01
201300029585,0,7,0,1.0,2.0,7.0,0.0,B01
201300029586,0,7,0,0.0,1.0,1.0,1.0,A01