Num_Acc,senc,catv,occutc,obs,obsm,choc,manv,num_veh
201300029587,0,7,0,0.0,1.0,1.0,1.0,A01
201300029588,0,7,0,0.0,1.0,1.0,1.0,A01
201300029589,0,7,0,0.0,2.0,2.0,15.0,A01
201300029589,0,30,0,0.0,2.0,1.0,1.0,B01
201300029590,0,7,0,0.0,1.0,1.0,15.0,A01
201300029591,0,7,0,0.0,1.0,1.0,1.0,A01
201300029592,0,7,0,3.0,0.0,2.0,1.0,A01
201300029593,0,33,0,0.0,0.0,3.0,1.0,A01
201300029593,0,7,0,0.0,0.0,2.0,19.0,B02
201300029594,0,7,0,0.0,2.0,2.0,5.0,A01
201300029594,0,7,0,0.0,2.0,2.0,21.0,B02
201300029595,0,33,0,0.0,2.0,1.0,17.0,A01
201300029595,0,1,0,0.0,0.0,8.0,15.0,B02
201300029596,0,7,0,0.0,2.0,1.0,15.0,B02
201300029596,0,33,0,0.0,2.0,7.0,1.0,A01
201300029597,0,7,0,0.0,1.0,2.0,1.0,A01
201300029598,0,7,0,0.0,2.0,8.0,13.0,A01
201300029598,0,7,0,0.0,2.0,8.0,1.0,B02
201300029599,0,30,0,0.0,0.0,0.0,0.0,A01
201300029600,0,2,0,0.0,0.0,0.0,0.0,A01
201300029601,0,31,0,0.0,0.0,0.0,0.0,A01
201300029602,0,2,0,0.0,0.0,0.0,0.0,A01
201300029603,0,30,0,1.0,2.0,1.0,2.0,A01
201300029603,0,7,0,0.0,2.0,3.0,15.0,B01
201300029604,0,2,0,0.0,0.0,0.0,0.0,A01
201300029605,0,1,0,0.0,0.0,0.0,0.0,A01
201300029606,0,33,0,0.0,0.0,0.0,0.0,A01
201300029607,0,14,0,0.0,1.0,4.0,4.0,A01
201300029608,0,1,0,0.0,0.0,0.0,0.0,A01
201300029609,0,1,0,0.0,0.0,8.0,0.0,A01
201300029610,0,7,0,0.0,2.0,7.0,11.0,A01
201300029610,0,2,0,0.0,2.0,1.0,0.0,B01
201300029611,0,7,0,0.0,1.0,1.0,0.0,A01
201300029612,0,30,0,0.0,2.0,1.0,0.0,A01
201300029612,0,7,0,0.0,2.0,1.0,0.0,B01
201300029613,0,7,0,0.0,1.0,3.0,1.0,A01
201300029614,0,2,0,0.0,2.0,1.0,0.0,B01
201300029614,0,7,0,0.0,2.0,1.0,11.0,A01
201300029615,0,7,0,0.0,1.0,4.0,0.0,A01
201300029616,0,7,0,0.0,1.0,3.0,0.0,A01
201300029616,0,7,0,0.0,2.0,1.0,2.0,B01
201300029617,0,7,0,0.0,1.0,1.0,1.0,A01
201300029618,0,7,0,8.0,0.0,1.0,0.0,A01
201300029619,1,7,0,0.0,1.0,1.0,15.0,Z01
201300029620,0,7,0,0.0,1.0,1.0,0.0,A01
201300029621,0,7,0,0.0,2.0,1.0,5.0,A01
201300029621,0,37,0,0.0,2.0,1.0,5.0,B01
201300029622,0,7,0,9.0,0.0,1.0,0.0,A01
201300029623,0,7,0,0.0,1.0,2.0,17.0,A01
201300029624,0,7,0,0.0,2.0,1.0,2.0,A01
201300029624,0,7,0,0.0,2.0,4.0,2.0,C01
201300029624,0,7,0,0.0,2.0,4.0,2.0,B01
201300029625,0,7,0,0.0,2.0,1.0,1.0,B01
201300029625,0,7,0,0.0,2.0,2.0,15.0,A01
201300029626,0,7,0,0.0,1.0,0.0,0.0,A01
201300029627,1,7,0,0.0,1.0,0.0,0.0,Z01
201300029628,0,37,0,0.0,1.0,2.0,2.0,A01
201300029629,0,2,0,0.0,0.0,0.0,0.0,A01
201300029630,0,7,0,0.0,2.0,3.0,0.0,B01
201300029630,0,2,0,0.0,2.0,1.0,0.0,A01
201300029631,0,7,0,0.0,2.0,4.0,2.0,B01
201300029631,0,30,0,0.0,2.0,1.0,2.0,A01
201300029632,0,33,0,0.0,0.0,7.0,21.0,A01
201300029633,0,7,0,15.0,0.0,1.0,20.0,A01
201300029634,0,7,0,0.0,2.0,2.0,1.0,A01
201300029634,1,7,0,0.0,2.0,8.0,16.0,Z01
201300029635,0,7,0,0.0,2.0,6.0,1.0,A01
201300029635,0,1,0,0.0,2.0,1.0,1.0,B01
201300029636,0,7,0,0.0,1.0,8.0,0.0,A01
201300029637,0,7,0,0.0,2.0,6.0,11.0,B01
201300029637,0,2,0,0.0,2.0,1.0,11.0,A01
201300029638,0,7,0,0.0,2.0,1.0,9.0,A01
201300029638,0,2,0,0.0,2.0,1.0,0.0,B01
201300029639,0,10,0,0.0,2.0,3.0,0.0,B01
201300029639,0,7,0,0.0,2.0,1.0,13.0,A01
201300029640,0,7,0,15.0,0.0,1.0,13.0,A01
201300029641,0,7,0,0.0,2.0,7.0,0.0,A01
201300029641,0,1,0,0.0,2.0,1.0,0.0,B01
201300029642,0,7,0,0.0,1.0,3.0,1.0,A01
201300029643,0,33,0,0.0,0.0,0.0,1.0,A01
201300029644,0,2,0,0.0,0.0,0.0,0.0,A01
201300029645,0,7,0,0.0,2.0,6.0,9.0,A01
201300029645,0,2,0,0.0,2.0,2.0,1.0,B01
201300029646,0,7,0,0.0,2.0,4.0,2.0,B01
201300029646,0,7,0,0.0,2.0,4.0,2.0,C01
201300029646,0,7,0,0.0,2.0,1.0,2.0,A01
201300029647,0,7,0,9.0,0.0,9.0,1.0,A01
201300029648,0,31,0,0.0,2.0,1.0,0.0,A01
201300029648,0,7,0,0.0,2.0,8.0,11.0,B01
201300029649,0,7,0,0.0,1.0,3.0,0.0,A01
201300029650,0,2,0,0.0,2.0,7.0,9.0,A01
201300029650,0,7,0,0.0,2.0,1.0,1.0,B01
201300029651,0,7,0,0.0,2.0,1.0,0.0,A01
201300029651,0,7,0,0.0,2.0,1.0,0.0,B01
201300029652,0,2,0,0.0,2.0,0.0,2.0,A01
201300029652,0,7,0,0.0,0.0,4.0,2.0,B01
201300029653,0,7,0,0.0,2.0,1.0,0.0,B01
201300029653,0,7,0,0.0,2.0,1.0,0.0,A01
201300029654,0,2,0,0.0,0.0,1.0,0.0,B01
201300029654,0,7,0,0.0,2.0,1.0,0.0,A01
201300029655,0,7,0,0.0,2.0,3.0,1.0,B01
201300029655,0,7,0,0.0,2.0,1.0,0.0,A01
201300029656,0,7,0,0.0,1.0,1.0,0.0,A01
201300029657,0,30,0,0.0,2.0,8.0,9.0,A01
201300029657,0,2,0,0.0,2.0,3.0,1.0,B01
201300029658,0,33,0,0.0,2.0,9.0,0.0,B01
201300029658,0,7,0,0.0,2.0,6.0,11.0,A01
201300029659,0,7,0,0.0,1.0,1.0,0.0,A01
201300029660,0,32,0,0.0,2.0,1.0,1.0,A01
201300029660,0,7,0,0.0,2.0,3.0,16.0,B01
201300029661,0,1,0,0.0,2.0,1.0,0.0,A01
201300029661,0,7,0,0.0,2.0,3.0,0.0,B01
201300029662,0,30,0,0.0,2.0,0.0,18.0,A01
201300029662,0,7,0,0.0,2.0,7.0,16.0,B01
201300029663,0,30,0,0.0,2.0,1.0,2.0,A01
201300029663,0,7,0,0.0,2.0,1.0,0.0,B01
201300029664,0,7,0,0.0,2.0,1.0,0.0,B01
201300029664,0,7,0,0.0,2.0,1.0,0.0,A01
201300029665,0,10,0,0.0,1.0,0.0,15.0,A01
201300029666,0,7,0,0.0,2.0,7.0,17.0,B01
201300029666,0,1,0,0.0,2.0,8.0,13.0,A01
201300029667,0,7,0,1.0,0.0,0.0,1.0,A01
201300029668,0,7,0,0.0,2.0,1.0,1.0,A01
201300029668,0,7,0,0.0,2.0,1.0,0.0,B01
201300029669,0,7,0,6.0,0.0,1.0,1.0,A01
201300029670,0,7,0,0.0,1.0,1.0,0.0,A01
201300029671,0,10,0,14.0,0.0,1.0,2.0,A01
201300029671,0,7,0,0.0,0.0,4.0,23.0,B01
201300029672,0,7,0,0.0,2.0,1.0,16.0,A01
201300029672,0,10,0,0.0,2.0,3.0,17.0,B01
201300029673,0,7,0,0.0,2.0,7.0,1.0,A01
201300029673,0,7,0,0.0,2.0,1.0,1.0,C01
201300029673,0,7,0,0.0,2.0,1.0,16.0,B01
201300029674,0,7,0,0.0,2.0,3.0,0.0,B01
201300029674,0,2,0,0.0,2.0,0.0,1.0,A01
201300029675,0,2,0,0.0,2.0,2.0,0.0,B01
201300029675,0,7,0,0.0,2.0,2.0,0.0,A01
201300029676,0,7,0,6.0,0.0,1.0,0.0,A01
201300029677,0,7,0,0.0,2.0,3.0,0.0,B01
201300029677,0,2,0,0.0,2.0,7.0,0.0,A01
201300029678,0,7,0,0.0,2.0,8.0,15.0,A01
201300029678,0,7,0,0.0,2.0,1.0,1.0,B01
201300029679,0,7,0,0.0,2.0,3.0,0.0,A01
201300029679,0,7,0,0.0,2.0,3.0,0.0,B01
201300029680,0,7,0,0.0,2.0,4.0,13.0,A01
201300029680,0,7,0,0.0,2.0,1.0,1.0,B01
201300029680,1,10,0,0.0,2.0,1.0,2.0,Z01
201300029681,0,7,0,0.0,2.0,2.0,0.0,A01
201300029681,0,7,0,0.0,2.0,1.0,0.0,B01
201300029682,0,7,0,0.0,2.0,3.0,15.0,A01
201300029682,0,2,0,0.0,2.0,2.0,1.0,B01
201300029683,0,2,0,6.0,0.0,0.0,15.0,A01
201300029684,0,99,0,0.0,2.0,1.0,0.0,A01
201300029684,0,7,0,0.0,2.0,8.0,0.0,B01
201300029685,0,7,0,0.0,1.0,1.0,0.0,A01
201300029686,0,7,0,0.0,0.0,4.0,2.0,B01
201300029686,0,7,0,0.0,2.0,1.0,2.0,A01
201300029687,0,7,0,0.0,2.0,0.0,0.0,A01
201300029687,0,1,0,0.0,2.0,2.0,0.0,B01
201300029688,0,7,0,0.0,1.0,0.0,9.0,A01
201300029689,0,33,0,0.0,2.0,1.0,0.0,B01
201300029689,0,7,0,0.0,2.0,1.0,15.0,A01
201300029690,0,2,0,0.0,2.0,0.0,17.0,A01
201300029690,0,7,0,0.0,2.0,8.0,15.0,B01
201300029691,0,38,1,0.0,1.0,4.0,0.0,A01
201300029692,0,33,0,0.0,2.0,1.0,2.0,A01
201300029692,0,7,0,0.0,2.0,4.0,2.0,B01
201300029693,2,7,0,0.0,2.0,2.0,17.0,A01
201300029693,0,7,0,0.0,2.0,3.0,1.0,B01
201300029694,0,7,0,0.0,1.0,2.0,1.0,A01
201300029695,0,7,0,0.0,1.0,3.0,1.0,A01
201300029696,0,7,0,0.0,2.0,8.0,15.0,A01
201300029696,0,33,0,0.0,2.0,1.0,1.0,B02
201300029697,0,7,0,0.0,1.0,3.0,16.0,A01
201300029698,0,33,0,3.0,0.0,7.0,1.0,A01
201300029699,0,7,0,0.0,0.0,2.0,1.0,A01
201300029699,1,30,0,0.0,0.0,1.0,23.0,B01
201300029700,0,7,0,0.0,2.0,1.0,13.0,B01
201300029700,0,7,0,0.0,2.0,1.0,1.0,C01
201300029700,1,7,0,0.0,0.0,2.0,0.0,Z01
201300029701,0,7,0,0.0,9.0,3.0,0.0,A01
201300029701,0,1,0,0.0,2.0,0.0,0.0,B01
201300029702,0,7,0,0.0,1.0,2.0,15.0,A01
201300029703,0,2,0,0.0,0.0,7.0,21.0,A01
201300029704,0,33,0,0.0,2.0,1.0,17.0,B01
201300029704,0,7,0,0.0,2.0,3.0,9.0,A01
201300029705,0,7,0,8.0,0.0,2.0,0.0,A01
201300029706,0,7,0,0.0,0.0,1.0,9.0,A01
201300029706,0,2,0,0.0,0.0,7.0,2.0,B01
201300029707,0,7,0,6.0,0.0,2.0,14.0,A01
201300029708,0,7,0,0.0,2.0,8.0,15.0,A01
201300029708,0,30,0,0.0,2.0,1.0,17.0,B01
201300029709,0,7,0,1.0,0.0,2.0,14.0,A01
201300029710,0,7,0,0.0,2.0,1.0,1.0,B01
201300029710,0,7,0,0.0,2.0,2.0,9.0,A01
201300029711,0,30,0,6.0,0.0,7.0,0.0,B01
201300029711,1,7,0,0.0,2.0,0.0,9.0,Z01
201300029712,0,2,0,0.0,2.0,4.0,2.0,B01
201300029712,0,7,0,0.0,0.0,4.0,2.0,C01
201300029712,0,7,0,0.0,2.0,1.0,2.0,A01
201300029713,0,1,0,0.0,2.0,1.0,1.0,B01
201300029713,0,2,0,0.0,2.0,7.0,16.0,A01
201300029714,0,7,0,0.0,1.0,2.0,0.0,A01
201300029715,0,33,0,0.0,0.0,7.0,1.0,A01
201300029716,0,30,0,0.0,2.0,1.0,1.0,B01
201300029716,0,7,0,0.0,9.0,3.0,15.0,A01
201300029717,0,30,0,0.0,2.0,1.0,2.0,B01
201300029717,0,7,0,0.0,0.0,8.0,15.0,A01
201300029718,0,33,0,0.0,2.0,1.0,1.0,A01
201300029718,0,7,0,0.0,2.0,5.0,15.0,B01
201300029719,0,7,0,0.0,0.0,6.0,15.0,B01
201300029719,0,33,0,0.0,2.0,6.0,0.0,A01
201300029720,0,7,0,0.0,2.0,2.0,1.0,A01
201300029720,0,1,0,0.0,2.0,8.0,13.0,B01
201300029721,0,7,0,0.0,1.0,5.0,15.0,A01
201300029722,0,7,0,0.0,2.0,1.0,2.0,A01
201300029722,0,7,0,0.0,0.0,4.0,23.0,B01
201300029723,0,7,0,1.0,0.0,1.0,1.0,A01
201300029724,0,33,0,0.0,0.0,7.0,21.0,A01
201300029724,0,7,0,0.0,0.0,0.0,9.0,B01
201300029725,0,7,0,14.0,0.0,9.0,1.0,A01
201300029725,1,99,0,0.0,0.0,0.0,0.0,B01
201300029726,1,99,0,0.0,1.0,8.0,0.0,Z01
201300029727,0,7,0,1.0,0.0,8.0,13.0,A01
201300029728,0,7,0,0.0,1.0,1.0,16.0,A01
201300029729,0,7,0,0.0,0.0,4.0,0.0,A01
201300029729,0,7,0,0.0,2.0,1.0,2.0,B01
201300029730,0,7,0,0.0,0.0,3.0,1.0,A01
201300029730,0,33,0,0.0,0.0,6.0,1.0,B01
201300029731,0,7,0,0.0,2.0,2.0,17.0,A01
201300029731,0,1,0,0.0,2.0,3.0,2.0,B01
201300029732,0,7,0,0.0,2.0,1.0,15.0,A01
201300029732,0,7,0,0.0,2.0,8.0,1.0,B01
201300029733,0,7,0,0.0,0.0,8.0,2.0,B01
201300029733,0,2,0,0.0,2.0,1.0,1.0,A01
201300029734,0,7,0,0.0,2.0,8.0,0.0,B01
201300029734,0,7,0,0.0,2.0,1.0,16.0,A01
201300029735,0,7,0,13.0,0.0,3.0,2.0,A01
201300029736,0,1,0,0.0,2.0,1.0,0.0,B01
201300029736,0,7,0,0.0,9.0,6.0,0.0,A01
201300029737,0,7,0,0.0,9.0,1.0,9.0,A01
201300029737,0,1,0,0.0,2.0,7.0,1.0,B01
201300029738,0,1,0,0.0,2.0,1.0,1.0,A01
201300029738,0,7,0,0.0,9.0,2.0,15.0,B01
201300029739,0,7,0,0.0,1.0,2.0,0.0,A01
201300029740,0,3,0,8.0,0.0,3.0,14.0,A01
201300029741,0,1,0,0.0,0.0,4.0,2.0,A01
201300029741,1,99,0,0.0,9.0,2.0,2.0,Z01
201300029742,0,7,0,1.0,0.0,5.0,2.0,A01
201300029743,0,7,0,0.0,2.0,1.0,1.0,A01
201300029743,0,7,0,0.0,2.0,9.0,1.0,B01
201300029743,0,7,0,0.0,2.0,4.0,2.0,C01
201300029744,0,7,0,0.0,1.0,4.0,0.0,A01
201300029745,0,7,0,0.0,2.0,1.0,15.0,A01
201300029745,0,7,0,0.0,2.0,3.0,1.0,B01
201300029746,0,10,0,0.0,1.0,2.0,16.0,A01
201300029747,0,7,0,15.0,0.0,1.0,1.0,A01
201300029748,0,33,0,0.0,2.0,1.0,21.0,B01
201300029748,0,7,0,0.0,2.0,1.0,15.0,A01
201300029749,0,7,0,0.0,2.0,7.0,20.0,A01
201300029749,0,1,0,0.0,2.0,1.0,2.0,B01
201300029750,0,7,0,15.0,0.0,1.0,17.0,A01
201300029750,0,7,0,0.0,0.0,8.0,10.0,B01
201300029751,0,7,0,0.0,2.0,1.0,2.0,B01
201300029751,0,7,0,0.0,2.0,3.0,2.0,A01
201300029752,0,2,0,0.0,2.0,6.0,1.0,A01
201300029752,0,10,0,0.0,0.0,6.0,9.0,B01
201300029753,0,7,0,0.0,1.0,8.0,1.0,A01
201300029754,0,7,0,11.0,0.0,1.0,2.0,A01
201300029755,0,7,0,0.0,2.0,5.0,15.0,B01
201300029755,0,2,0,0.0,2.0,1.0,1.0,A01
201300029756,0,7,0,0.0,1.0,3.0,15.0,A01
201300029757,0,2,0,0.0,2.0,1.0,2.0,A01
201300029757,0,10,0,0.0,0.0,5.0,1.0,B01
201300029758,0,7,0,0.0,2.0,1.0,2.0,A01
201300029758,0,7,0,0.0,2.0,4.0,2.0,B01
201300029759,0,7,0,0.0,2.0,3.0,0.0,B01
201300029759,0,7,0,0.0,2.0,3.0,0.0,A01
201300029760,0,7,0,0.0,1.0,0.0,2.0,A01
201300029761,0,7,0,0.0,1.0,1.0,1.0,A01
201300029762,0,1,0,1.0,0.0,0.0,1.0,B01
201300029763,0,33,0,0.0,2.0,8.0,1.0,B01
201300029763,0,7,0,0.0,2.0,1.0,1.0,A01
201300029764,0,30,0,12.0,0.0,0.0,0.0,A01
201300029765,0,7,0,6.0,0.0,3.0,21.0,A01
201300029766,0,7,0,0.0,1.0,2.0,0.0,A01
201300029767,0,3,0,0.0,2.0,1.0,0.0,A01
201300029767,0,10,0,0.0,0.0,4.0,1.0,B01
201300029768,0,7,0,0.0,2.0,2.0,1.0,B01
201300029768,1,7,0,0.0,2.0,5.0,15.0,A01
201300029769,0,7,0,0.0,1.0,2.0,1.0,A01
201300029770,0,7,0,1.0,0.0,7.0,1.0,B01
201300029771,1,7,0,0.0,2.0,3.0,16.0,Z01
201300029771,0,7,0,0.0,2.0,3.0,1.0,B01
201300029772,0,7,0,0.0,2.0,1.0,0.0,B01
201300029772,0,7,0,0.0,2.0,3.0,15.0,A01
201300029773,0,2,0,0.0,0.0,4.0,2.0,B01
201300029773,0,7,0,14.0,0.0,2.0,2.0,A01
201300029774,0,7,0,0.0,2.0,1.0,17.0,A01
201300029774,0,13,0,0.0,0.0,0.0,0.0,C01
201300029774,0,7,0,0.0,2.0,1.0,1.0,B01
201300029775,0,7,0,14.0,0.0,1.0,2.0,A01
201300029776,0,1,0,0.0,2.0,7.0,2.0,B01
201300029776,0,7,0,0.0,9.0,1.0,6.0,A01
201300029777,0,7,0,0.0,2.0,3.0,1.0,B01
201300029777,0,7,0,15.0,2.0,8.0,1.0,A01
201300029778,0,7,0,0.0,0.0,1.0,2.0,A01
201300029778,0,7,0,0.0,0.0,4.0,2.0,B01
201300029779,0,7,0,0.0,1.0,3.0,0.0,A01
201300029780,0,7,0,0.0,0.0,6.0,15.0,A01
201300029780,0,7,0,1.0,2.0,1.0,2.0,B01
201300029781,0,7,0,0.0,1.0,2.0,0.0,A01
201300029782,0,33,0,13.0,0.0,1.0,1.0,A01
201300029783,0,33,0,0.0,2.0,1.0,21.0,B01
201300029783,0,7,0,0.0,2.0,3.0,15.0,A01
201300029784,0,7,0,0.0,1.0,1.0,2.0,A01
201300029785,0,7,0,0.0,0.0,3.0,11.0,A01
201300029785,0,33,0,0.0,0.0,1.0,17.0,B01
201300029786,0,7,0,13.0,0.0,0.0,1.0,A01
201300029787,0,33,0,10.0,9.0,7.0,1.0,A01
201300029788,0,7,0,0.0,1.0,2.0,1.0,A01
201300029789,0,7,0,0.0,1.0,3.0,1.0,A01
201300029790,0,7,0,0.0,2.0,1.0,21.0,A01
201300029790,0,7,0,0.0,0.0,1.0,1.0,C01
201300029790,0,7,0,0.0,0.0,6.0,15.0,B01
201300029791,0,7,0,0.0,1.0,2.0,1.0,A01
201300029792,0,7,0,0.0,9.0,3.0,1.0,B01
201300029792,0,7,0,0.0,2.0,3.0,13.0,A01
201300029793,0,7,0,0.0,1.0,1.0,1.0,A01
201300029794,0,7,0,0.0,1.0,2.0,2.0,A01
201300029795,0,7,0,0.0,1.0,2.0,2.0,A01
201300029796,0,7,0,0.0,1.0,0.0,2.0,A01
201300029797,0,7,0,6.0,0.0,1.0,13.0,A01
201300029798,0,7,0,0.0,2.0,1.0,1.0,A01
201300029798,0,7,0,3.0,2.0,8.0,1.0,B01
201300029799,0,7,0,0.0,2.0,1.0,1.0,B01
201300029799,0,7,0,0.0,2.0,3.0,1.0,C01
201300029799,0,7,0,0.0,2.0,1.0,17.0,A01
201300029800,0,30,0,6.0,0.0,1.0,1.0,A01
201300029801,0,7,0,0.0,0.0,8.0,9.0,B01
201300029801,0,33,0,0.0,0.0,1.0,1.0,A01
201300029802,0,7,0,0.0,0.0,1.0,2.0,A01
201300029802,0,1,0,0.0,0.0,0.0,0.0,B01
201300029803,0,7,0,0.0,2.0,2.0,15.0,A01
201300029803,0,30,0,0.0,2.0,1.0,1.0,B01
201300029804,0,7,0,0.0,2.0,7.0,19.0,A01
201300029804,0,7,0,0.0,0.0,0.0,0.0,B01
201300029805,0,34,0,0.0,2.0,3.0,1.0,A01
201300029805,0,7,0,0.0,2.0,8.0,1.0,B01
201300029806,0,7,0,0.0,2.0,7.0,0.0,B01
201300029806,0,3,0,0.0,2.0,1.0,0.0,A01
201300029807,0,2,0,11.0,2.0,1.0,5.0,A01
201300029807,0,7,0,11.0,2.0,2.0,2.0,B01
201300029808,0,7,0,0.0,2.0,3.0,1.0,B01
201300029808,0,7,0,0.0,2.0,7.0,19.0,A01
201300029809,0,1,0,0.0,2.0,5.0,19.0,A01
201300029809,0,30,0,0.0,2.0,1.0,1.0,B01
201300029810,0,7,0,0.0,1.0,2.0,1.0,A01
201300029811,0,30,0,0.0,2.0,6.0,2.0,A01
201300029811,0,7,0,0.0,0.0,6.0,2.0,B01
201300029812,0,7,0,6.0,0.0,4.0,24.0,A01
201300029812,1,7,0,1.0,0.0,1.0,13.0,Z01
201300029813,0,1,0,0.0,2.0,1.0,2.0,B01
201300029813,0,1,0,0.0,2.0,1.0,5.0,A01
201300029814,0,7,0,0.0,2.0,1.0,1.0,A01
201300029814,0,7,0,6.0,2.0,1.0,1.0,B01
201300029815,0,7,0,9.0,0.0,1.0,1.0,A01
201300029816,0,7,0,0.0,2.0,1.0,17.0,B01
201300029816,0,7,0,0.0,2.0,1.0,1.0,A01
201300029817,0,37,1,0.0,1.0,0.0,17.0,A01
201300029818,0,7,0,0.0,2.0,1.0,1.0,A01
201300029818,0,7,0,0.0,2.0,1.0,1.0,B01
201300029819,0,7,0,0.0,0.0,9.0,1.0,A01
201300029820,0,7,0,0.0,2.0,1.0,1.0,C01
201300029820,0,7,0,0.0,2.0,1.0,1.0,B01
201300029820,0,33,0,3.0,2.0,1.0,1.0,A01
201300029821,0,7,0,0.0,2.0,1.0,1.0,B01
201300029821,0,7,0,0.0,2.0,3.0,15.0,A01
201300029822,0,7,0,0.0,2.0,1.0,1.0,A01
201300029822,0,7,0,0.0,0.0,4.0,1.0,B01
201300029823,0,7,0,0.0,1.0,1.0,1.0,A01
201300029824,0,7,0,0.0,2.0,1.0,15.0,B01
201300029824,0,31,0,0.0,2.0,1.0,1.0,A01
201300029825,0,7,0,0.0,2.0,1.0,1.0,A01
201300029825,0,33,0,0.0,2.0,1.0,1.0,B01
201300029826,0,7,0,0.0,1.0,2.0,1.0,A01
201300029827,0,7,0,0.0,2.0,3.0,15.0,A01
201300029827,0,2,0,0.0,2.0,9.0,1.0,B01
201300029828,0,7,0,0.0,2.0,2.0,1.0,A01
201300029828,0,1,0,0.0,2.0,1.0,1.0,B01
201300029829,0,7,0,0.0,2.0,1.0,17.0,A01
201300029829,0,7,0,0.0,2.0,1.0,1.0,B01
201300029830,0,1,0,0.0,0.0,4.0,1.0,Y01
201300029830,1,7,0,0.0,9.0,1.0,14.0,Z01
201300029831,0,3,0,8.0,0.0,2.0,1.0,A01
201300029832,0,7,0,8.0,0.0,1.0,1.0,A01
201300029833,0,7,0,0.0,1.0,2.0,20.0,A01
201300029834,0,2,0,0.0,2.0,1.0,1.0,A01
201300029834,0,7,0,0.0,2.0,7.0,1.0,B01
201300029835,0,2,0,0.0,2.0,0.0,1.0,B01
201300029835,1,7,0,0.0,2.0,0.0,9.0,Z01
201300029836,0,30,0,0.0,2.0,1.0,2.0,A01
201300029836,0,7,0,0.0,2.0,4.0,2.0,B01
201300029837,0,7,0,8.0,0.0,1.0,0.0,A01
201300029838,0,7,0,0.0,2.0,2.0,15.0,A01
201300029838,0,33,0,0.0,2.0,1.0,1.0,B01
201300029839,0,7,0,0.0,1.0,1.0,1.0,A01
201300029840,0,7,0,0.0,2.0,1.0,0.0,A01
201300029840,0,7,0,0.0,0.0,8.0,0.0,B01
201300029841,1,99,0,0.0,1.0,1.0,0.0,Z01
201300029842,0,33,0,8.0,2.0,3.0,17.0,A01
201300029842,0,7,0,0.0,0.0,8.0,15.0,B01
201300029843,0,7,0,0.0,0.0,4.0,1.0,B01
201300029843,0,15,0,0.0,2.0,1.0,1.0,A01
201300029844,0,33,0,0.0,2.0,1.0,1.0,A01
201300029844,0,10,0,0.0,0.0,3.0,16.0,B01
201300029845,0,33,0,0.0,2.0,8.0,17.0,B01
201300029845,0,7,0,0.0,2.0,3.0,15.0,A01
201300029846,0,7,0,2.0,0.0,1.0,1.0,A01
201300029847,0,7,0,0.0,2.0,1.0,23.0,C01
201300029847,0,7,0,0.0,2.0,1.0,1.0,B01
201300029847,0,31,0,0.0,2.0,1.0,17.0,A01
201300029848,0,2,0,0.0,2.0,1.0,1.0,B01
201300029848,0,7,0,0.0,2.0,2.0,9.0,A01
201300029849,0,7,0,0.0,2.0,1.0,1.0,B01
201300029849,0,7,0,0.0,2.0,1.0,1.0,A01
201300029850,0,31,0,0.0,2.0,1.0,17.0,A01
201300029850,0,10,0,0.0,2.0,3.0,15.0,B01
201300029851,0,7,0,0.0,1.0,1.0,1.0,A01
201300029852,0,7,0,15.0,2.0,8.0,1.0,B01
201300029852,0,14,0,15.0,2.0,1.0,1.0,A01
201300029853,0,31,0,1.0,0.0,1.0,14.0,A01
201300029854,0,7,0,1.0,0.0,1.0,1.0,A01
201300029855,0,7,0,2.0,0.0,1.0,14.0,A01
201300029856,0,7,0,0.0,1.0,1.0,1.0,A01
201300029857,0,7,0,0.0,2.0,6.0,13.0,A01
201300029857,0,7,0,0.0,2.0,1.0,1.0,B01
201300029858,0,7,0,0.0,9.0,3.0,15.0,A01
201300029858,0,31,0,0.0,2.0,1.0,1.0,B01
201300029859,0,7,0,0.0,2.0,3.0,0.0,A01
201300029859,0,2,0,0.0,2.0,1.0,1.0,B01
201300029860,0,34,0,0.0,2.0,7.0,1.0,B01
201300029860,0,10,0,0.0,2.0,2.0,15.0,A01
201300029861,0,7,0,0.0,0.0,2.0,0.0,A01
201300029862,0,7,0,0.0,2.0,3.0,5.0,A01
201300029862,0,7,0,0.0,2.0,3.0,5.0,B01
201300029863,0,7,0,0.0,2.0,1.0,1.0,A01
201300029863,0,7,0,0.0,2.0,3.0,1.0,B01
201300029864,0,7,0,1.0,0.0,1.0,13.0,A01
201300029865,0,7,0,6.0,0.0,7.0,1.0,A01
201300029866,0,2,0,6.0,0.0,1.0,14.0,A01
201300029867,0,7,0,0.0,1.0,4.0,4.0,A01
201300029868,0,30,0,8.0,0.0,1.0,14.0,A01
201300029869,0,7,0,0.0,1.0,0.0,1.0,A01
201300029870,0,30,0,6.0,0.0,1.0,21.0,A01
201300029871,0,33,0,0.0,2.0,1.0,1.0,B01
201300029871,0,7,0,0.0,2.0,5.0,4.0,A01
201300029872,0,33,0,0.0,2.0,1.0,1.0,B01
201300029872,0,7,0,0.0,2.0,4.0,4.0,A01
201300029873,0,7,0,0.0,9.0,1.0,0.0,A01
201300029874,0,7,0,0.0,2.0,3.0,5.0,A01
201300029874,0,7,0,0.0,2.0,3.0,1.0,B01
201300029875,0,7,0,8.0,0.0,1.0,14.0,A01
201300029876,0,7,0,8.0,0.0,1.0,1.0,A01
201300029877,0,7,0,0.0,1.0,2.0,1.0,A01
201300029878,0,10,0,0.0,2.0,2.0,15.0,A01