Num_Acc,senc,catv,occutc,obs,obsm,choc,manv,num_veh
201300030174,0,7,0,0.0,1.0,2.0,1.0,A01
201300030175,0,33,0,0.0,0.0,0.0,1.0,A01
201300030175,0,7,0,0.0,0.0,0.0,15.0,B01
201300030176,0,30,0,0.0,2.0,1.0,1.0,B01
201300030176,0,7,0,0.0,2.0,3.0,15.0,A01
201300030177,0,7,0,0.0,2.0,5.0,1.0,A01
201300030177,0,7,0,0.0,2.0,2.0,1.0,B01
201300030178,0,7,0,0.0,1.0,1.0,1.0,A01
201300030179,0,2,0,0.0,2.0,1.0,1.0,B01
201300030179,0,7,0,0.0,2.0,8.0,10.0,A01
201300030180,0,7,0,0.0,2.0,1.0,1.0,A01
201300030180,0,33,0,0.0,2.0,1.0,15.0,B01
201300030181,0,33,0,3.0,2.0,1.0,1.0,A01
201300030181,0,7,0,0.0,2.0,6.0,1.0,B01
201300030181,0,7,0,0.0,2.0,7.0,1.0,C01
201300030182,0,7,0,0.0,2.0,1.0,1.0,B01
201300030182,0,7,0,0.0,2.0,1.0,1.0,A01
201300030183,0,7,0,0.0,2.0,1.0,1.0,A01
201300030183,0,7,0,0.0,2.0,4.0,23.0,B01
201300030183,0,7,0,0.0,2.0,4.0,23.0,C01
201300030184,0,31,0,0.0,2.0,1.0,15.0,A01
201300030184,0,7,0,0.0,2.0,3.0,15.0,B01
201300030185,1,2,0,0.0,1.0,1.0,9.0,Z01
201300030186,0,7,0,0.0,1.0,3.0,1.0,A01
201300030187,0,15,0,0.0,9.0,5.0,1.0,A01
201300030187,0,1,0,0.0,2.0,1.0,16.0,B01
201300030188,0,10,0,0.0,2.0,6.0,10.0,A01
201300030188,0,31,0,0.0,2.0,1.0,17.0,B01
201300030189,0,37,1,0.0,1.0,1.0,2.0,A01
201300030190,0,7,0,0.0,2.0,1.0,1.0,A01
201300030190,0,7,0,0.0,2.0,2.0,15.0,B01
201300030191,0,7,0,0.0,2.0,3.0,5.0,C01
201300030191,0,7,0,0.0,2.0,3.0,2.0,A01
201300030191,0,10,0,0.0,2.0,6.0,0.0,B01
201300030192,0,7,0,0.0,2.0,1.0,16.0,A01
201300030192,0,1,0,0.0,2.0,1.0,1.0,B01
201300030193,0,7,0,0.0,2.0,1.0,20.0,A01
201300030193,0,33,0,0.0,2.0,7.0,1.0,B01
201300030194,0,7,0,0.0,2.0,1.0,1.0,B01
201300030194,0,10,0,1.0,2.0,1.0,1.0,A01
201300030195,0,7,0,0.0,1.0,1.0,15.0,A01
201300030196,0,33,0,0.0,2.0,8.0,1.0,B01
201300030196,0,7,0,0.0,2.0,1.0,15.0,A01
201300030197,0,7,0,0.0,1.0,3.0,15.0,A01
201300030198,0,7,0,0.0,2.0,4.0,23.0,C01
201300030198,0,7,0,0.0,2.0,4.0,23.0,B01
201300030198,2,7,0,0.0,2.0,1.0,1.0,A01
201300030199,0,33,0,0.0,2.0,1.0,1.0,A01
201300030199,0,7,0,0.0,2.0,4.0,1.0,B01
201300030200,0,1,0,0.0,2.0,7.0,1.0,B01
201300030200,0,7,0,1.0,2.0,3.0,20.0,A01
201300030201,0,7,0,0.0,2.0,1.0,5.0,A01
201300030201,0,7,0,0.0,2.0,1.0,1.0,C01
201300030201,0,7,0,0.0,2.0,1.0,1.0,B01
201300030202,0,30,0,0.0,2.0,1.0,1.0,B01
201300030202,0,30,0,0.0,2.0,1.0,1.0,A01
201300030203,0,7,0,0.0,1.0,1.0,1.0,A01
201300030204,0,33,0,6.0,0.0,1.0,1.0,A01
201300030205,0,30,0,0.0,2.0,0.0,0.0,A01
201300030205,1,7,0,0.0,2.0,0.0,0.0,Z01
201300030206,0,10,0,6.0,0.0,0.0,1.0,A01
201300030207,0,1,0,0.0,1.0,1.0,1.0,A01
201300030208,0,30,0,0.0,0.0,1.0,1.0,B01
201300030208,0,7,0,0.0,2.0,1.0,1.0,C01
201300030208,0,7,0,0.0,2.0,8.0,1.0,A01
201300030209,0,7,0,0.0,2.0,3.0,1.0,B01
201300030209,0,30,0,0.0,2.0,2.0,1.0,A01
201300030210,0,7,0,0.0,1.0,1.0,1.0,A01
201300030211,0,7,0,0.0,2.0,3.0,16.0,B01
201300030211,0,7,0,0.0,2.0,2.0,1.0,A01
201300030212,0,7,0,0.0,2.0,2.0,15.0,A01
201300030212,0,30,0,0.0,2.0,3.0,16.0,B01
201300030213,0,34,0,0.0,2.0,1.0,1.0,B01
201300030213,0,7,0,0.0,2.0,6.0,10.0,A01
201300030214,0,7,0,0.0,1.0,1.0,1.0,A01
201300030215,0,7,0,0.0,1.0,2.0,1.0,A01
201300030216,0,7,0,0.0,2.0,2.0,15.0,A01
201300030216,0,7,0,0.0,2.0,6.0,1.0,B01
201300030217,0,7,0,0.0,2.0,3.0,15.0,A01
201300030217,1,7,0,0.0,2.0,2.0,16.0,Z01
201300030218,0,1,0,0.0,0.0,0.0,1.0,B01
201300030218,0,37,1,0.0,0.0,0.0,9.0,A01
201300030219,0,7,0,0.0,1.0,1.0,1.0,A01
201300030220,0,7,0,0.0,1.0,1.0,1.0,A01
201300030221,0,7,0,0.0,1.0,0.0,1.0,A01
201300030222,0,7,0,7.0,0.0,3.0,5.0,A01
201300030223,2,7,0,8.0,0.0,1.0,1.0,A01
201300030224,0,30,0,0.0,1.0,1.0,1.0,A01
201300030225,0,7,0,0.0,1.0,2.0,1.0,A01
201300030226,0,32,0,0.0,2.0,2.0,1.0,B01
201300030226,0,7,0,0.0,2.0,3.0,15.0,A01
201300030227,0,7,0,0.0,2.0,2.0,16.0,A01
201300030227,0,1,0,0.0,2.0,1.0,1.0,B01
201300030228,1,99,0,0.0,2.0,1.0,1.0,Z01
201300030228,0,1,0,0.0,2.0,4.0,1.0,A01
201300030229,0,7,0,0.0,2.0,1.0,1.0,A01
201300030229,0,7,0,0.0,2.0,8.0,1.0,B01
201300030230,0,33,0,0.0,2.0,1.0,1.0,A01
201300030230,0,7,0,0.0,2.0,4.0,1.0,B01
201300030231,0,33,0,0.0,2.0,1.0,1.0,A01
201300030231,0,37,1,0.0,2.0,7.0,15.0,B01
201300030232,0,7,0,0.0,2.0,2.0,1.0,A01
201300030232,0,7,0,0.0,2.0,5.0,1.0,B01
201300030233,1,7,0,0.0,1.0,1.0,15.0,Z01
201300030234,0,10,0,0.0,2.0,8.0,1.0,B01
201300030234,0,7,0,0.0,2.0,1.0,11.0,A01
201300030235,0,7,0,0.0,2.0,7.0,15.0,B01
201300030235,0,34,0,0.0,2.0,1.0,1.0,A01
201300030236,0,7,0,0.0,1.0,2.0,1.0,A01
201300030237,0,7,0,0.0,1.0,8.0,1.0,A01
201300030238,0,7,0,0.0,2.0,1.0,1.0,B01
201300030238,0,33,0,0.0,2.0,2.0,15.0,A01
201300030239,1,33,0,12.0,0.0,0.0,1.0,A01
201300030240,0,1,0,0.0,2.0,1.0,18.0,B01
201300030240,0,7,0,0.0,2.0,7.0,22.0,A01
201300030241,0,7,0,0.0,1.0,1.0,1.0,A01
201300030242,0,7,0,0.0,1.0,2.0,1.0,A01
201300030243,0,7,0,0.0,2.0,8.0,9.0,C01
201300030243,0,7,0,0.0,2.0,8.0,9.0,B01
201300030243,2,7,0,0.0,2.0,0.0,9.0,A01
201300030244,0,7,0,0.0,2.0,6.0,1.0,A01
201300030244,1,7,0,0.0,2.0,2.0,9.0,Z01
201300030245,0,7,0,0.0,2.0,1.0,1.0,B01
201300030245,0,7,0,0.0,2.0,1.0,1.0,A01
201300030246,0,7,0,0.0,2.0,1.0,15.0,A01
201300030246,0,37,4,0.0,2.0,8.0,1.0,B01
201300030247,0,2,0,0.0,2.0,0.0,0.0,B01
201300030247,0,7,0,0.0,2.0,3.0,1.0,A01
201300030248,1,15,0,0.0,2.0,7.0,14.0,Z01
201300030248,0,7,0,0.0,2.0,8.0,1.0,A01
201300030249,0,7,0,0.0,1.0,7.0,1.0,A01
201300030250,0,7,0,0.0,2.0,4.0,1.0,B01
201300030250,0,7,0,0.0,2.0,1.0,1.0,A01
201300030251,0,7,0,0.0,2.0,5.0,9.0,A01
201300030251,0,10,0,0.0,2.0,1.0,9.0,B01
201300030252,0,37,1,0.0,1.0,1.0,1.0,A01
201300030253,0,7,0,0.0,2.0,1.0,5.0,A01
201300030253,0,33,0,0.0,2.0,1.0,1.0,B01
201300030254,0,1,0,0.0,2.0,4.0,1.0,A01
201300030254,1,7,0,0.0,2.0,1.0,1.0,Z01
201300030255,0,7,0,0.0,1.0,1.0,1.0,A01
201300030256,0,7,0,0.0,1.0,1.0,13.0,A01
201300030257,0,34,0,0.0,2.0,7.0,1.0,B01
201300030257,0,7,0,0.0,2.0,6.0,9.0,A01
201300030258,0,2,0,1.0,0.0,1.0,1.0,A01
201300030259,0,7,0,0.0,1.0,3.0,1.0,A01
201300030260,0,31,0,0.0,2.0,0.0,1.0,A01
201300030260,0,7,0,0.0,2.0,0.0,1.0,B01
201300030261,0,7,0,1.0,0.0,1.0,0.0,A01
201300030262,0,7,0,0.0,0.0,9.0,1.0,A01
201300030263,1,33,0,0.0,0.0,0.0,1.0,A01
201300030264,0,31,0,0.0,0.0,0.0,9.0,A01
201300030265,0,7,0,0.0,2.0,0.0,15.0,B01
201300030265,0,7,0,0.0,2.0,1.0,1.0,A01
201300030266,0,7,0,0.0,1.0,1.0,1.0,A01
201300030267,0,1,0,0.0,2.0,8.0,13.0,A01
201300030267,0,33,0,0.0,2.0,7.0,1.0,B01
201300030268,0,33,0,0.0,2.0,1.0,17.0,B01
201300030268,0,7,0,6.0,2.0,3.0,11.0,A01
201300030269,0,33,0,0.0,2.0,3.0,2.0,A01
201300030269,0,7,0,0.0,2.0,6.0,0.0,B01
201300030270,1,7,0,0.0,1.0,0.0,0.0,Z01
201300030271,0,7,0,0.0,2.0,2.0,17.0,A01
201300030271,0,34,0,0.0,2.0,3.0,2.0,B01
201300030272,0,30,0,0.0,0.0,0.0,0.0,A01
201300030272,1,7,0,0.0,0.0,0.0,0.0,Z01
201300030273,0,7,0,0.0,1.0,3.0,15.0,A01
201300030274,0,7,0,0.0,1.0,1.0,1.0,A01
201300030275,0,7,0,0.0,1.0,1.0,1.0,A01
201300030276,0,10,0,0.0,1.0,7.0,17.0,A01
201300030277,0,33,0,0.0,2.0,1.0,1.0,A01
201300030277,0,7,0,0.0,2.0,4.0,1.0,B01
201300030278,0,7,0,0.0,2.0,1.0,15.0,A01
201300030278,0,1,0,0.0,2.0,1.0,15.0,B01
201300030279,0,7,0,0.0,1.0,1.0,1.0,A01
201300030280,0,38,1,0.0,1.0,1.0,15.0,A01
201300030281,0,31,0,0.0,2.0,4.0,15.0,B01
201300030281,0,7,0,0.0,2.0,1.0,1.0,A01
201300030282,1,33,0,0.0,1.0,1.0,1.0,Z01
201300030283,0,7,0,0.0,2.0,5.0,9.0,A01
201300030283,0,1,0,0.0,2.0,1.0,19.0,B01
201300030283,0,1,0,0.0,2.0,7.0,0.0,C01
201300030284,0,1,0,0.0,2.0,1.0,1.0,B01
201300030284,0,7,0,0.0,2.0,1.0,1.0,A01
201300030285,0,7,0,0.0,1.0,1.0,1.0,A01
201300030286,0,7,0,0.0,2.0,1.0,1.0,A01
201300030286,0,7,0,0.0,2.0,4.0,1.0,C01
201300030286,0,7,0,0.0,2.0,0.0,1.0,B01
201300030287,2,32,0,1.0,0.0,1.0,0.0,A01
201300030288,0,7,0,0.0,1.0,1.0,1.0,A01
201300030289,0,7,0,0.0,1.0,1.0,1.0,A01
201300030290,0,30,0,0.0,2.0,0.0,0.0,B01
201300030290,1,31,0,0.0,2.0,0.0,0.0,A01
201300030291,0,33,0,0.0,2.0,1.0,1.0,B01
201300030291,0,7,0,0.0,2.0,4.0,10.0,A01
201300030292,0,7,0,0.0,1.0,1.0,1.0,A01
201300030293,0,7,0,0.0,1.0,1.0,16.0,A01
201300030294,0,33,0,0.0,2.0,1.0,17.0,A01
201300030294,0,7,0,0.0,2.0,3.0,15.0,B01
201300030295,0,1,0,0.0,2.0,2.0,9.0,A01
201300030295,0,10,0,0.0,2.0,1.0,1.0,B01
201300030296,0,10,0,6.0,0.0,1.0,1.0,A01
201300030297,0,7,0,0.0,2.0,2.0,1.0,C01
201300030297,0,1,0,1.0,0.0,1.0,1.0,B01
201300030297,0,7,0,0.0,2.0,3.0,24.0,A01
201300030298,0,7,0,0.0,2.0,3.0,15.0,A01
201300030298,0,7,0,0.0,2.0,1.0,1.0,B01
201300030299,0,30,0,0.0,2.0,0.0,0.0,A01
201300030299,0,7,0,0.0,2.0,0.0,0.0,B01
201300030300,0,7,0,0.0,1.0,1.0,1.0,A01
201300030301,0,7,0,0.0,1.0,2.0,1.0,A01
201300030302,0,7,0,0.0,0.0,9.0,1.0,A01
201300030303,0,31,0,0.0,2.0,6.0,9.0,B01
201300030303,0,7,0,0.0,2.0,1.0,9.0,A01
201300030304,0,30,0,0.0,2.0,1.0,1.0,B01
201300030304,0,7,0,0.0,2.0,7.0,16.0,A01
201300030305,0,7,0,0.0,1.0,1.0,1.0,A01
201300030306,0,7,0,0.0,2.0,0.0,0.0,B01
201300030306,0,7,0,0.0,2.0,0.0,0.0,A01
201300030307,0,7,0,0.0,1.0,1.0,15.0,A01
201300030308,1,7,0,0.0,0.0,0.0,0.0,Z01
201300030308,0,30,0,0.0,2.0,4.0,0.0,A01
201300030309,0,1,0,0.0,2.0,1.0,1.0,B01
201300030309,0,10,0,0.0,2.0,6.0,9.0,A01
201300030310,0,7,0,0.0,1.0,3.0,9.0,A01
201300030311,0,30,0,0.0,2.0,0.0,1.0,B01
201300030311,0,7,0,0.0,2.0,0.0,15.0,A01
201300030312,0,7,0,0.0,2.0,4.0,1.0,B01
201300030312,0,7,0,0.0,2.0,1.0,1.0,A01
201300030313,0,7,0,0.0,2.0,4.0,2.0,B01
201300030313,0,7,0,0.0,2.0,1.0,2.0,A01
201300030314,0,14,0,0.0,1.0,1.0,16.0,A01
201300030315,0,7,0,0.0,2.0,1.0,1.0,C01
201300030315,0,7,0,0.0,2.0,0.0,1.0,B01
201300030315,0,7,0,0.0,2.0,9.0,1.0,A01
201300030316,0,7,0,1.0,1.0,2.0,1.0,A01
201300030317,0,7,0,0.0,2.0,1.0,1.0,B01
201300030317,0,7,0,0.0,2.0,3.0,13.0,A01
201300030318,0,2,0,0.0,2.0,1.0,1.0,B01
201300030318,0,7,0,0.0,2.0,2.0,16.0,A01
201300030319,0,7,0,0.0,1.0,7.0,1.0,A01
201300030320,0,7,0,0.0,2.0,9.0,1.0,A01
201300030320,0,7,0,0.0,2.0,0.0,0.0,D01
201300030320,0,7,0,0.0,2.0,0.0,0.0,C01
201300030320,0,7,0,0.0,2.0,0.0,1.0,B01
201300030321,0,7,0,1.0,2.0,0.0,0.0,A01
201300030321,0,7,0,0.0,2.0,0.0,0.0,B01
201300030322,0,7,0,0.0,2.0,1.0,15.0,A01
201300030322,0,30,0,0.0,2.0,1.0,1.0,B01
201300030323,0,30,0,0.0,2.0,1.0,1.0,B01
201300030323,0,10,0,0.0,2.0,7.0,1.0,A01
201300030324,0,10,0,0.0,1.0,3.0,1.0,A01
201300030325,0,33,0,0.0,2.0,1.0,2.0,B01
201300030325,0,7,0,0.0,2.0,3.0,2.0,A01
201300030326,0,1,0,0.0,2.0,1.0,19.0,B01
201300030326,0,7,0,0.0,2.0,1.0,1.0,A01
201300030327,0,7,0,0.0,1.0,0.0,15.0,A01
201300030328,0,15,0,0.0,2.0,7.0,1.0,A01
201300030328,0,7,0,0.0,2.0,1.0,1.0,B01
201300030329,0,7,0,0.0,2.0,1.0,9.0,A01
201300030329,0,1,0,0.0,2.0,2.0,9.0,B01
201300030330,0,7,0,0.0,1.0,5.0,1.0,A01
201300030331,0,7,0,0.0,2.0,1.0,1.0,A01
201300030331,0,7,0,0.0,2.0,0.0,1.0,B01
201300030332,0,1,0,0.0,2.0,0.0,1.0,B01
201300030332,0,3,0,0.0,2.0,3.0,1.0,A01
201300030333,0,7,0,0.0,1.0,1.0,1.0,A01
201300030334,0,7,0,0.0,2.0,3.0,22.0,A01
201300030334,0,1,0,1.0,0.0,1.0,1.0,B01
201300030335,0,7,0,0.0,2.0,4.0,1.0,B01
201300030335,0,7,0,0.0,2.0,1.0,1.0,A01
201300030336,0,1,0,0.0,2.0,7.0,1.0,A01
201300030336,0,10,0,0.0,2.0,7.0,1.0,B01
201300030337,0,7,0,0.0,1.0,1.0,1.0,A01
201300030338,0,7,0,0.0,1.0,1.0,1.0,A01
201300030339,0,30,0,0.0,2.0,1.0,1.0,B01
201300030339,0,7,0,0.0,2.0,0.0,10.0,A01
201300030340,0,7,0,0.0,2.0,1.0,1.0,B01
201300030340,0,1,0,0.0,2.0,7.0,1.0,A01
201300030341,0,7,0,0.0,2.0,3.0,11.0,B01
201300030341,0,7,0,0.0,2.0,5.0,17.0,A01
201300030342,0,31,0,0.0,2.0,1.0,9.0,A01
201300030342,0,7,0,0.0,2.0,3.0,1.0,B01
201300030343,0,7,0,1.0,2.0,1.0,1.0,B01
201300030343,0,7,0,0.0,2.0,2.0,15.0,A01
201300030344,0,7,0,0.0,2.0,6.0,20.0,A01
201300030344,0,30,0,0.0,2.0,1.0,1.0,B01
201300030345,0,7,0,1.0,0.0,2.0,1.0,A01
201300030346,0,7,0,15.0,2.0,3.0,1.0,A01
201300030346,0,7,0,0.0,2.0,1.0,1.0,B01
201300030347,0,7,0,0.0,2.0,7.0,1.0,B01
201300030347,0,7,0,0.0,2.0,8.0,11.0,A01
201300030348,0,7,0,0.0,1.0,1.0,10.0,A01
201300030349,0,33,0,0.0,2.0,1.0,0.0,B01
201300030349,0,7,0,0.0,2.0,6.0,10.0,A01
201300030350,0,7,0,0.0,0.0,4.0,23.0,A01
201300030350,0,30,0,0.0,2.0,1.0,2.0,B01
201300030351,0,7,0,0.0,2.0,0.0,1.0,A01
201300030351,0,33,0,0.0,2.0,1.0,1.0,B01
201300030352,0,7,0,0.0,2.0,2.0,1.0,B01
201300030352,0,7,0,0.0,2.0,4.0,1.0,A01
201300030353,0,7,0,0.0,9.0,4.0,23.0,B01
201300030353,0,1,0,0.0,2.0,1.0,11.0,A01
201300030354,0,7,0,0.0,1.0,3.0,1.0,A01
201300030355,0,14,0,0.0,1.0,2.0,16.0,A01
201300030356,0,1,0,0.0,2.0,7.0,0.0,B01
201300030356,0,7,0,0.0,9.0,5.0,0.0,A01
201300030357,1,7,0,0.0,2.0,0.0,1.0,Z01
201300030357,0,1,0,0.0,2.0,0.0,1.0,B01
201300030358,0,7,0,0.0,1.0,1.0,1.0,A01
201300030359,0,1,0,0.0,2.0,0.0,1.0,A01
201300030359,0,7,0,0.0,2.0,3.0,1.0,B01
201300030360,0,37,0,0.0,2.0,1.0,1.0,B01
201300030360,0,33,0,0.0,2.0,8.0,1.0,A01
201300030361,0,7,0,0.0,2.0,1.0,0.0,A01
201300030361,0,7,0,6.0,2.0,1.0,0.0,B01
201300030362,0,7,0,0.0,2.0,1.0,15.0,B01
201300030362,0,33,0,0.0,2.0,1.0,1.0,A01
201300030363,0,7,0,0.0,1.0,1.0,15.0,A01
201300030364,0,7,0,0.0,1.0,1.0,1.0,A01
201300030365,0,7,0,0.0,1.0,1.0,0.0,A01
201300030366,0,7,0,0.0,2.0,8.0,1.0,B01
201300030366,0,33,0,0.0,2.0,8.0,21.0,A01
201300030367,0,7,0,0.0,2.0,8.0,0.0,B01
201300030367,0,7,0,0.0,2.0,1.0,1.0,A01
201300030368,1,7,0,0.0,9.0,3.0,0.0,Z01
201300030368,0,34,0,0.0,2.0,7.0,0.0,A01
201300030369,0,7,0,2.0,0.0,9.0,1.0,A01
201300030370,0,7,0,0.0,2.0,2.0,0.0,B01
201300030370,0,7,0,0.0,2.0,5.0,0.0,A01
201300030371,0,30,0,0.0,2.0,1.0,1.0,A01
201300030371,0,7,0,0.0,2.0,3.0,16.0,B01
201300030372,0,99,0,0.0,2.0,7.0,1.0,B01
201300030372,0,7,0,0.0,2.0,3.0,1.0,A01
201300030373,0,7,0,0.0,2.0,8.0,1.0,B01
201300030373,0,7,0,0.0,2.0,1.0,1.0,A01
201300030374,0,10,0,0.0,1.0,2.0,9.0,A01
201300030375,0,7,0,0.0,2.0,3.0,3.0,A01
201300030375,0,7,0,0.0,2.0,1.0,3.0,B01
201300030376,0,7,0,0.0,2.0,2.0,1.0,B01
201300030376,0,7,0,0.0,2.0,3.0,13.0,A01
201300030377,0,7,0,0.0,2.0,1.0,15.0,A01
201300030377,0,30,0,0.0,2.0,1.0,1.0,B01
201300030378,0,7,0,0.0,2.0,3.0,1.0,B01
201300030378,0,7,0,0.0,2.0,1.0,1.0,A01
201300030379,0,7,0,0.0,2.0,1.0,0.0,A01
201300030379,0,20,0,0.0,2.0,5.0,1.0,B01
201300030380,0,7,0,0.0,2.0,4.0,1.0,B01
201300030380,0,32,0,0.0,2.0,1.0,1.0,A01
201300030381,0,7,0,0.0,1.0,1.0,0.0,A01
201300030382,0,7,0,0.0,1.0,8.0,15.0,A01
201300030383,0,7,0,0.0,1.0,4.0,4.0,A01
201300030384,0,7,0,0.0,1.0,1.0,0.0,A01
201300030385,0,7,0,0.0,2.0,1.0,1.0,A01
201300030385,0,33,0,0.0,2.0,1.0,1.0,B01
201300030386,0,7,0,0.0,1.0,8.0,1.0,A01
201300030387,0,2,0,0.0,2.0,8.0,0.0,A01
201300030387,0,7,0,0.0,9.0,5.0,0.0,C01
201300030387,0,7,0,0.0,9.0,5.0,0.0,B01
201300030388,0,7,0,0.0,1.0,0.0,0.0,A01
201300030389,0,7,0,0.0,2.0,1.0,0.0,B01
201300030389,0,7,0,0.0,2.0,1.0,0.0,A01
201300030390,0,7,0,0.0,1.0,1.0,0.0,A01
201300030391,0,33,0,0.0,2.0,6.0,1.0,A01
201300030391,0,7,0,0.0,2.0,3.0,9.0,B01
201300030392,0,7,0,0.0,2.0,2.0,1.0,B01
201300030392,0,7,0,0.0,2.0,3.0,1.0,A01
201300030393,0,20,0,1.0,0.0,1.0,1.0,A01
201300030394,0,7,0,0.0,2.0,0.0,0.0,A01
201300030394,0,7,0,0.0,2.0,4.0,0.0,B01
201300030395,0,7,0,0.0,1.0,1.0,0.0,A01
201300030396,0,7,0,0.0,1.0,3.0,0.0,A01
201300030397,0,99,0,0.0,2.0,3.0,0.0,Z01
201300030397,0,7,0,0.0,2.0,8.0,0.0,A01
201300030398,0,40,0,0.0,1.0,2.0,1.0,A01
201300030399,0,7,0,0.0,2.0,3.0,15.0,A01
201300030399,0,1,0,0.0,2.0,3.0,1.0,B01
201300030400,0,7,0,0.0,2.0,1.0,1.0,B01
201300030400,0,2,0,0.0,2.0,1.0,15.0,A01
201300030401,0,7,0,9.0,2.0,3.0,1.0,A01
201300030401,0,7,0,0.0,2.0,1.0,1.0,B01
201300030402,0,7,0,0.0,2.0,1.0,0.0,A01
201300030402,0,7,0,0.0,2.0,1.0,1.0,B01
201300030403,0,7,0,0.0,9.0,3.0,0.0,A01
201300030403,0,1,0,0.0,2.0,8.0,1.0,B01
201300030404,0,7,0,0.0,1.0,0.0,0.0,A01
201300030405,0,7,0,0.0,1.0,1.0,0.0,A01
201300030406,0,7,0,0.0,2.0,4.0,0.0,C01
201300030406,0,7,0,0.0,2.0,1.0,0.0,A01
201300030406,0,7,0,0.0,2.0,2.0,0.0,B01
201300030407,0,7,0,0.0,1.0,1.0,0.0,A01
201300030408,0,7,0,0.0,1.0,0.0,0.0,A01
201300030409,0,1,0,0.0,2.0,1.0,1.0,B01
201300030409,0,7,0,0.0,2.0,2.0,15.0,A01
201300030410,0,1,0,0.0,2.0,8.0,0.0,B01
201300030410,0,7,0,0.0,2.0,1.0,0.0,A01
201300030411,0,7,0,0.0,1.0,2.0,1.0,A01
201300030412,0,7,0,0.0,1.0,1.0,1.0,A01
201300030412,0,7,0,0.0,2.0,5.0,0.0,B01
201300030413,0,7,0,0.0,1.0,1.0,0.0,A01
201300030414,0,7,0,0.0,1.0,1.0,1.0,A01
201300030415,0,7,0,0.0,1.0,7.0,9.0,A01
201300030416,0,7,0,0.0,9.0,3.0,0.0,B01
201300030416,0,30,0,0.0,2.0,8.0,0.0,A01
201300030417,0,2,0,0.0,2.0,1.0,0.0,A01
201300030417,0,7,0,0.0,9.0,8.0,0.0,B01
201300030417,0,7,0,0.0,9.0,5.0,0.0,C01
201300030418,0,7,0,0.0,9.0,8.0,0.0,B01
201300030418,0,2,0,0.0,2.0,1.0,0.0,A01
201300030418,0,7,0,0.0,9.0,5.0,0.0,C01
201300030419,0,7,0,0.0,1.0,1.0,0.0,A01
201300030420,0,10,0,0.0,2.0,8.0,9.0,A01
201300030420,0,30,0,0.0,2.0,1.0,1.0,B01
201300030421,0,7,0,0.0,1.0,1.0,0.0,A01
201300030422,0,7,0,0.0,2.0,1.0,0.0,A01
201300030422,0,7,0,0.0,2.0,1.0,0.0,B01
201300030423,0,7,0,0.0,1.0,0.0,0.0,A01
201300030424,0,7,0,0.0,1.0,0.0,0.0,A01
201300030425,1,7,0,0.0,1.0,0.0,0.0,Z01
201300030426,0,7,0,0.0,1.0,1.0,0.0,A01
201300030427,0,7,0,14.0,0.0,1.0,1.0,A01
201300030427,0,7,0,0.0,2.0,4.0,23.0,B01
201300030428,0,7,0,0.0,2.0,4.0,1.0,B01
201300030428,0,7,0,0.0,2.0,1.0,0.0,A01
201300030429,0,33,0,0.0,1.0,1.0,1.0,A01
201300030430,0,7,0,0.0,1.0,0.0,0.0,A01
201300030431,1,7,0,0.0,1.0,3.0,13.0,A01
201300030432,0,33,0,0.0,2.0,1.0,10.0,B01
201300030432,0,7,0,0.0,2.0,8.0,0.0,A01
201300030433,0,7,0,0.0,1.0,1.0,0.0,A01
201300030434,0,7,0,0.0,2.0,5.0,9.0,A01
201300030434,1,7,0,0.0,2.0,1.0,0.0,Z01
201300030435,0,7,0,0.0,2.0,1.0,1.0,B01
201300030435,0,10,0,0.0,2.0,4.0,4.0,A01
201300030436,0,13,0,0.0,2.0,1.0,0.0,A01
201300030436,0,7,0,0.0,9.0,4.0,0.0,B01
201300030437,0,7,0,0.0,1.0,0.0,0.0,A01
201300030438,0,7,0,0.0,2.0,0.0,0.0,A01
201300030438,0,99,0,0.0,2.0,1.0,0.0,B01
201300030439,0,10,0,0.0,9.0,0.0,16.0,A01
201300030439,0,30,0,0.0,2.0,0.0,0.0,B01
201300030440,0,1,0,0.0,2.0,7.0,0.0,B01
201300030440,0,7,0,0.0,2.0,7.0,0.0,A01
201300030441,0,7,0,0.0,2.0,4.0,1.0,B01
201300030441,0,7,0,0.0,2.0,1.0,1.0,A01
201300030442,0,7,0,0.0,1.0,2.0,14.0,A01
201300030443,0,7,0,0.0,1.0,1.0,13.0,A01
201300030444,0,7,0,0.0,1.0,2.0,1.0,A01
201300030445,0,7,0,0.0,1.0,2.0,1.0,A01
201300030446,0,10,0,0.0,1.0,2.0,1.0,A01
201300030447,0,7,0,2.0,0.0,2.0,1.0,A01
201300030448,0,31,0,0.0,2.0,0.0,1.0,A01
201300030448,0,10,0,0.0,2.0,2.0,15.0,B01
201300030449,0,10,0,0.0,0.0,9.0,1.0,A01
201300030450,0,10,0,0.0,0.0,3.0,9.0,A01
201300030450,0,7,0,0.0,0.0,1.0,1.0,B01
201300030451,0,7,0,0.0,0.0,6.0,6.0,A01
201300030451,0,7,0,0.0,0.0,1.0,2.0,B01
201300030452,0,7,0,0.0,2.0,1.0,2.0,A01
201300030452,0,7,0,0.0,0.0,4.0,23.0,B01
201300030453,0,7,0,0.0,1.0,0.0,1.0,A01
201300030454,0,7,0,0.0,2.0,1.0,2.0,A01
201300030454,0,7,0,2.0,0.0,4.0,15.0,B01
201300030455,0,7,0,0.0,1.0,7.0,0.0,A01
201300030456,0,7,0,0.0,2.0,8.0,15.0,A01
201300030456,0,30,0,0.0,2.0,1.0,17.0,B01