Num_Acc,senc,catv,occutc,obs,obsm,choc,manv,num_veh
201300030457,0,10,0,0.0,1.0,2.0,1.0,A01
201300030458,0,7,0,9.0,0.0,1.0,15.0,A01
201300030459,0,7,0,0.0,1.0,2.0,1.0,A01
201300030460,0,7,0,0.0,0.0,1.0,1.0,A01
201300030461,0,2,0,0.0,0.0,0.0,1.0,A01
201300030462,0,32,0,0.0,2.0,8.0,0.0,B01
201300030462,1,7,0,0.0,2.0,1.0,10.0,Z01
201300030463,1,7,0,0.0,1.0,1.0,2.0,Z01
201300030464,0,7,0,0.0,0.0,6.0,23.0,B01
201300030464,0,30,0,14.0,0.0,1.0,2.0,A01
201300030465,0,32,0,0.0,2.0,7.0,2.0,B01
201300030465,0,7,0,0.0,2.0,8.0,2.0,A01
201300030466,0,7,0,0.0,0.0,4.0,23.0,B01
201300030466,0,7,0,14.0,1.0,1.0,2.0,A01
201300030466,0,7,0,0.0,0.0,4.0,0.0,C01
201300030467,0,7,0,0.0,2.0,3.0,11.0,A01
201300030467,0,7,0,0.0,2.0,3.0,2.0,B01
201300030468,0,7,0,0.0,2.0,1.0,15.0,A01
201300030468,0,30,0,0.0,2.0,3.0,1.0,B01
201300030469,0,7,0,0.0,2.0,1.0,15.0,B01
201300030469,0,30,0,0.0,2.0,7.0,7.0,A01
201300030470,0,30,0,0.0,0.0,0.0,0.0,B01
201300030471,0,7,0,1.0,1.0,9.0,4.0,A01
201300030472,0,7,0,0.0,2.0,0.0,0.0,B01
201300030472,0,7,0,0.0,2.0,0.0,9.0,A01
201300030473,0,1,0,0.0,2.0,8.0,11.0,A01
201300030473,0,7,0,0.0,2.0,2.0,1.0,B01
201300030474,0,7,0,0.0,0.0,1.0,1.0,A01
201300030474,0,7,0,0.0,0.0,3.0,0.0,B01
201300030475,1,99,0,0.0,1.0,0.0,0.0,Z01
201300030476,0,2,0,0.0,2.0,7.0,17.0,A01
201300030476,0,7,0,0.0,2.0,2.0,15.0,B01
201300030477,0,7,0,0.0,1.0,2.0,2.0,A01
201300030478,0,7,0,0.0,0.0,2.0,1.0,B01
201300030478,0,37,1,0.0,0.0,1.0,15.0,A01
201300030479,0,7,0,0.0,1.0,3.0,0.0,A01
201300030480,0,7,0,0.0,1.0,1.0,15.0,A01
201300030481,0,7,0,0.0,0.0,8.0,15.0,B01
201300030481,0,7,0,0.0,2.0,3.0,1.0,A01
201300030482,1,10,0,0.0,2.0,1.0,16.0,Z01
201300030482,0,7,0,0.0,2.0,1.0,23.0,B01
201300030483,0,7,0,0.0,1.0,3.0,0.0,A01
201300030484,0,7,0,0.0,1.0,2.0,1.0,A01
201300030485,0,7,0,6.0,0.0,2.0,0.0,A01
201300030486,0,7,0,0.0,2.0,1.0,1.0,B01
201300030486,0,7,0,1.0,2.0,8.0,1.0,A01
201300030487,0,7,0,0.0,1.0,1.0,1.0,B01
201300030488,0,7,0,0.0,0.0,1.0,0.0,A01
201300030488,0,7,0,0.0,0.0,2.0,1.0,B01
201300030489,0,2,0,0.0,2.0,1.0,1.0,B01
201300030489,0,7,0,0.0,2.0,1.0,1.0,A01
201300030490,1,7,0,14.0,1.0,0.0,0.0,Z01
201300030491,0,7,0,1.0,0.0,1.0,1.0,A01
201300030492,0,7,0,0.0,2.0,7.0,16.0,A01
201300030492,0,2,0,0.0,2.0,1.0,1.0,B01
201300030493,0,7,0,9.0,2.0,1.0,1.0,A01
201300030493,0,7,0,0.0,2.0,2.0,1.0,B01
201300030494,0,10,0,15.0,0.0,2.0,0.0,A01
201300030494,0,1,0,0.0,2.0,3.0,0.0,B01
201300030495,0,7,0,0.0,1.0,1.0,1.0,A01
201300030496,0,7,0,13.0,0.0,9.0,0.0,A01
201300030497,0,3,0,0.0,2.0,2.0,0.0,A01
201300030497,0,7,0,0.0,2.0,3.0,0.0,C01
201300030497,0,7,0,0.0,2.0,6.0,0.0,B01
201300030498,0,2,0,0.0,2.0,8.0,2.0,B01
201300030498,0,7,0,0.0,2.0,1.0,0.0,A01
201300030499,0,33,0,0.0,1.0,1.0,0.0,A01
201300030500,0,7,0,0.0,1.0,1.0,1.0,A01
201300030501,0,13,0,0.0,9.0,0.0,23.0,A01
201300030501,0,7,0,0.0,9.0,7.0,1.0,B01
201300030502,0,7,0,0.0,1.0,1.0,2.0,A01
201300030503,0,34,0,0.0,1.0,2.0,2.0,A01
201300030504,0,7,0,0.0,0.0,3.0,0.0,A01
201300030504,0,1,0,16.0,0.0,0.0,0.0,B01
201300030505,0,7,0,0.0,1.0,1.0,0.0,A01
201300030506,0,3,0,0.0,1.0,3.0,15.0,A01
201300030507,0,2,0,0.0,2.0,1.0,1.0,B01
201300030507,0,7,0,0.0,0.0,2.0,15.0,A01
201300030508,0,7,0,0.0,2.0,1.0,2.0,B01
201300030508,0,7,0,0.0,2.0,2.0,2.0,A01
201300030509,0,33,0,0.0,1.0,1.0,0.0,A01
201300030510,1,2,0,0.0,2.0,1.0,0.0,A01
201300030510,0,7,0,0.0,2.0,1.0,0.0,B01
201300030511,0,7,0,0.0,1.0,2.0,16.0,A01
201300030512,0,14,0,0.0,9.0,2.0,10.0,A01
201300030512,0,1,0,0.0,2.0,1.0,1.0,B01
201300030513,0,30,0,0.0,1.0,1.0,0.0,A01
201300030514,1,10,0,0.0,1.0,1.0,0.0,Z01
201300030515,0,7,0,0.0,2.0,2.0,15.0,A01
201300030515,0,1,0,0.0,2.0,1.0,1.0,B01
201300030516,0,7,0,0.0,1.0,3.0,2.0,A01
201300030517,0,7,0,0.0,1.0,2.0,0.0,A01
201300030518,0,2,0,0.0,1.0,1.0,1.0,A01
201300030519,0,7,0,4.0,0.0,3.0,0.0,A01
201300030520,1,7,0,0.0,9.0,0.0,16.0,Z01
201300030520,0,1,0,0.0,2.0,3.0,1.0,B01
201300030521,1,7,0,0.0,1.0,1.0,15.0,Z01
201300030522,0,2,0,0.0,2.0,8.0,2.0,B01
201300030522,1,7,0,0.0,9.0,1.0,0.0,Z01
201300030523,0,7,0,0.0,2.0,3.0,1.0,A01
201300030523,2,7,0,0.0,2.0,2.0,1.0,Z01
201300030524,0,7,0,0.0,0.0,6.0,0.0,A01
201300030524,0,32,0,0.0,2.0,1.0,1.0,B01
201300030525,0,1,0,0.0,0.0,0.0,15.0,A01
201300030525,0,7,0,0.0,0.0,0.0,1.0,B01
201300030526,0,10,0,0.0,1.0,1.0,15.0,A01
201300030527,0,7,0,0.0,2.0,0.0,15.0,A01
201300030527,0,30,0,0.0,2.0,0.0,0.0,B01
201300030528,0,33,0,0.0,2.0,1.0,1.0,A01
201300030528,0,7,0,0.0,2.0,7.0,15.0,B01
201300030529,0,2,0,0.0,2.0,3.0,16.0,A01
201300030529,0,7,0,0.0,9.0,2.0,16.0,B01
201300030530,0,7,0,0.0,2.0,8.0,15.0,B01
201300030530,2,10,0,0.0,2.0,1.0,2.0,A01
201300030531,0,7,0,0.0,1.0,3.0,2.0,A01
201300030532,0,7,0,0.0,9.0,1.0,1.0,A01
201300030532,0,1,0,0.0,0.0,2.0,15.0,B01
201300030533,0,10,0,0.0,1.0,7.0,1.0,A01
201300030534,0,2,0,0.0,0.0,3.0,2.0,A01
201300030534,0,7,0,0.0,0.0,5.0,2.0,B01
201300030535,0,30,0,0.0,2.0,1.0,18.0,A01
201300030535,0,7,0,0.0,2.0,7.0,15.0,B01
201300030536,0,7,0,0.0,1.0,2.0,2.0,A01
201300030537,0,7,0,0.0,2.0,2.0,13.0,A01
201300030537,0,7,0,0.0,2.0,3.0,1.0,B01
201300030538,0,33,0,0.0,2.0,1.0,12.0,A01
201300030538,0,7,0,0.0,9.0,3.0,1.0,B01
201300030539,1,7,0,0.0,1.0,0.0,15.0,Z01
201300030540,0,7,0,0.0,9.0,2.0,12.0,A01
201300030540,0,30,0,0.0,2.0,8.0,0.0,B01
201300030541,0,1,0,0.0,2.0,1.0,15.0,B01
201300030541,0,7,0,0.0,9.0,3.0,2.0,A01
201300030542,0,2,0,0.0,0.0,2.0,0.0,B01
201300030543,0,33,0,0.0,2.0,1.0,17.0,A01
201300030543,0,7,0,0.0,0.0,8.0,15.0,B01
201300030544,0,37,1,0.0,1.0,2.0,2.0,A01
201300030545,0,33,0,0.0,2.0,1.0,2.0,B01
201300030545,0,7,0,0.0,2.0,2.0,13.0,A01
201300030546,0,7,0,0.0,0.0,8.0,1.0,B01
201300030546,0,1,0,0.0,2.0,0.0,14.0,A01
201300030547,0,7,0,1.0,2.0,7.0,10.0,A01
201300030547,0,7,0,1.0,0.0,1.0,24.0,C01
201300030547,0,10,0,0.0,2.0,2.0,21.0,B01
201300030548,0,7,0,0.0,2.0,4.0,2.0,B01
201300030548,0,7,0,0.0,2.0,1.0,2.0,A01
201300030549,0,7,0,0.0,1.0,8.0,1.0,A01
201300030550,0,36,0,1.0,0.0,1.0,0.0,A01
201300030550,0,7,0,0.0,0.0,0.0,0.0,B01
201300030551,0,1,0,0.0,2.0,1.0,1.0,A01
201300030551,0,7,0,0.0,2.0,3.0,1.0,B01
201300030552,0,30,0,0.0,0.0,0.0,1.0,A01
201300030553,0,7,0,0.0,2.0,8.0,10.0,A01
201300030553,0,33,0,0.0,2.0,1.0,0.0,B01
201300030554,0,7,0,0.0,0.0,3.0,1.0,B01
201300030554,0,7,0,0.0,0.0,1.0,15.0,A01
201300030555,0,33,0,0.0,2.0,9.0,21.0,A01
201300030555,0,10,0,0.0,0.0,6.0,17.0,B01
201300030556,0,7,0,15.0,0.0,1.0,1.0,A01
201300030557,0,7,0,4.0,0.0,1.0,0.0,A01
201300030558,0,7,0,0.0,1.0,3.0,15.0,A01
201300030559,0,10,0,0.0,0.0,0.0,1.0,A01
201300030559,0,33,0,14.0,0.0,1.0,1.0,B01
201300030560,0,7,0,0.0,1.0,1.0,15.0,A01
201300030561,0,7,0,0.0,2.0,2.0,11.0,B01
201300030561,0,10,0,1.0,2.0,1.0,2.0,A01
201300030562,1,7,0,0.0,2.0,0.0,0.0,A01
201300030562,0,7,0,0.0,2.0,3.0,0.0,B01
201300030563,0,2,0,0.0,1.0,0.0,0.0,A01
201300030564,0,2,0,0.0,2.0,8.0,16.0,A01
201300030564,0,7,0,0.0,2.0,3.0,1.0,B01
201300030565,0,7,0,0.0,1.0,3.0,1.0,A01
201300030566,0,7,0,15.0,2.0,7.0,1.0,B01
201300030566,0,7,0,0.0,2.0,1.0,19.0,A01
201300030567,0,7,0,0.0,2.0,3.0,10.0,A01
201300030567,0,7,0,0.0,2.0,2.0,17.0,B01
201300030568,0,30,0,0.0,2.0,8.0,1.0,B01
201300030568,0,3,0,0.0,0.0,2.0,19.0,A01
201300030569,0,33,0,0.0,2.0,3.0,2.0,A01
201300030569,0,7,0,0.0,0.0,3.0,9.0,B01
201300030570,0,2,0,0.0,2.0,1.0,1.0,B01
201300030570,0,7,0,0.0,2.0,3.0,0.0,A01
201300030571,0,30,0,0.0,0.0,0.0,0.0,A01
201300030572,0,7,0,0.0,1.0,1.0,0.0,A01
201300030573,0,1,0,0.0,2.0,7.0,1.0,B01
201300030573,0,10,0,0.0,2.0,1.0,16.0,A01
201300030574,1,99,0,0.0,1.0,1.0,1.0,A01
201300030575,0,1,0,0.0,0.0,4.0,1.0,B01
201300030575,0,7,0,0.0,2.0,1.0,16.0,A01
201300030576,0,7,0,0.0,0.0,7.0,1.0,B01
201300030576,0,10,0,0.0,2.0,1.0,1.0,A01
201300030577,0,7,0,0.0,2.0,3.0,9.0,B01
201300030577,0,2,0,0.0,2.0,1.0,1.0,A01
201300030578,0,7,0,0.0,2.0,3.0,1.0,B01
201300030578,0,7,0,0.0,2.0,7.0,15.0,A01
201300030579,0,7,0,0.0,0.0,2.0,14.0,A01
201300030580,0,7,0,0.0,2.0,3.0,2.0,B01
201300030580,0,7,0,0.0,2.0,1.0,15.0,A01
201300030581,0,7,0,0.0,1.0,0.0,1.0,A01
201300030582,0,7,0,0.0,2.0,2.0,15.0,A01
201300030582,0,31,0,0.0,2.0,1.0,2.0,B01
201300030583,0,7,0,0.0,2.0,1.0,0.0,A01
201300030583,0,7,0,0.0,2.0,3.0,1.0,B01
201300030584,0,7,0,6.0,2.0,2.0,1.0,B01
201300030584,0,7,0,0.0,2.0,1.0,0.0,A01
201300030585,0,7,0,0.0,2.0,1.0,2.0,A01
201300030585,0,34,0,0.0,2.0,1.0,2.0,B01
201300030586,0,7,0,0.0,1.0,1.0,0.0,A01
201300030587,0,7,0,0.0,1.0,3.0,2.0,A01
201300030588,0,7,0,0.0,2.0,3.0,0.0,A01
201300030588,2,7,0,0.0,2.0,1.0,0.0,B01
201300030589,0,1,0,0.0,2.0,8.0,9.0,B01
201300030589,0,7,0,0.0,2.0,3.0,1.0,A01
201300030590,0,7,0,0.0,2.0,5.0,15.0,A01
201300030590,0,2,0,0.0,2.0,1.0,1.0,B01
201300030591,0,7,0,0.0,2.0,4.0,0.0,B01
201300030591,0,7,0,0.0,0.0,4.0,0.0,A01
201300030592,0,2,0,0.0,2.0,0.0,1.0,A01
201300030593,0,13,0,0.0,0.0,1.0,23.0,B01
201300030593,0,1,0,0.0,0.0,1.0,1.0,A01
201300030594,0,7,0,0.0,1.0,8.0,1.0,A01
201300030595,1,99,0,0.0,0.0,0.0,0.0,A01
201300030595,0,1,0,0.0,2.0,0.0,2.0,B01
201300030596,0,7,0,0.0,0.0,9.0,2.0,B01
201300030596,0,7,0,0.0,0.0,4.0,2.0,D01
201300030596,0,7,0,0.0,0.0,1.0,2.0,A01
201300030596,0,7,0,0.0,0.0,9.0,2.0,C01
201300030597,0,7,0,0.0,1.0,1.0,2.0,A01
201300030598,0,7,0,0.0,2.0,1.0,1.0,C01
201300030598,0,7,0,8.0,2.0,8.0,1.0,B01
201300030598,0,7,0,0.0,2.0,1.0,19.0,A01
201300030599,0,33,0,9.0,2.0,3.0,1.0,A01
201300030599,0,7,0,0.0,2.0,2.0,16.0,B01
201300030600,0,7,0,1.0,0.0,8.0,10.0,A01
201300030600,0,1,0,0.0,2.0,1.0,13.0,B01
201300030601,0,7,0,0.0,2.0,6.0,2.0,B01
201300030601,0,7,0,0.0,2.0,2.0,2.0,A01
201300030602,0,2,0,0.0,2.0,1.0,0.0,B01
201300030602,0,7,0,0.0,2.0,3.0,0.0,A01
201300030603,0,7,0,0.0,1.0,2.0,1.0,A01
201300030604,0,7,0,0.0,0.0,2.0,9.0,B01
201300030604,0,1,0,0.0,0.0,1.0,0.0,A01
201300030605,0,7,0,0.0,1.0,3.0,15.0,A01
201300030606,0,7,0,4.0,0.0,8.0,1.0,A01
201300030607,0,7,0,1.0,2.0,6.0,1.0,A01
201300030607,0,7,0,0.0,2.0,1.0,1.0,B01
201300030608,0,2,0,0.0,2.0,1.0,1.0,A01
201300030608,0,7,0,0.0,2.0,3.0,1.0,B01
201300030609,1,99,0,0.0,1.0,1.0,1.0,A01
201300030610,0,7,0,0.0,2.0,6.0,15.0,A01
201300030610,0,33,0,0.0,2.0,1.0,17.0,B01
201300030611,0,7,0,0.0,0.0,1.0,1.0,B01
201300030611,0,99,0,0.0,0.0,7.0,17.0,A01
201300030612,1,7,0,0.0,0.0,2.0,15.0,Z01
201300030612,0,2,0,0.0,2.0,2.0,1.0,A01
201300030613,0,30,0,0.0,1.0,2.0,0.0,A01
201300030614,0,7,0,14.0,0.0,1.0,14.0,A01
201300030615,0,7,0,14.0,0.0,4.0,23.0,C01
201300030615,0,7,0,14.0,0.0,1.0,2.0,A01
201300030615,0,7,0,14.0,0.0,4.0,23.0,B01
201300030616,0,7,0,0.0,2.0,1.0,1.0,A01
201300030616,0,7,0,0.0,2.0,8.0,1.0,B01
201300030617,2,7,0,0.0,2.0,3.0,0.0,A01
201300030617,0,7,0,0.0,2.0,9.0,1.0,B01
201300030618,0,20,0,0.0,9.0,3.0,1.0,A01
201300030618,0,33,0,0.0,9.0,2.0,17.0,B01
201300030619,0,7,0,0.0,1.0,1.0,0.0,A01
201300030620,0,7,0,0.0,2.0,1.0,1.0,A01
201300030620,0,7,0,0.0,2.0,7.0,1.0,B01
201300030621,2,7,0,0.0,1.0,1.0,1.0,A01
201300030622,0,7,0,3.0,0.0,1.0,0.0,A01
201300030623,0,7,0,0.0,2.0,8.0,1.0,A01
201300030623,0,7,0,0.0,2.0,1.0,1.0,B01
201300030624,0,7,0,0.0,2.0,1.0,2.0,A01
201300030624,0,3,0,0.0,0.0,6.0,2.0,B01
201300030625,0,7,0,0.0,2.0,1.0,2.0,B01
201300030625,0,7,0,0.0,2.0,7.0,15.0,A01
201300030626,0,7,0,1.0,2.0,2.0,1.0,B01
201300030626,0,7,0,0.0,2.0,6.0,11.0,A01
201300030627,0,7,0,0.0,2.0,3.0,1.0,A01
201300030627,0,10,0,0.0,2.0,1.0,1.0,B01
201300030628,0,7,0,0.0,2.0,3.0,17.0,B01
201300030628,0,2,0,0.0,2.0,1.0,17.0,A01
201300030629,0,7,0,8.0,0.0,1.0,15.0,A01
201300030630,0,7,0,0.0,1.0,1.0,15.0,A01
201300030631,0,7,0,0.0,1.0,1.0,0.0,A01
201300030632,0,21,0,0.0,1.0,1.0,16.0,A01
201300030633,0,7,0,8.0,0.0,1.0,16.0,A01
201300030634,0,7,0,0.0,1.0,7.0,2.0,A01
201300030635,0,7,0,1.0,0.0,1.0,20.0,A01
201300030636,0,7,0,0.0,1.0,1.0,1.0,A01
201300030637,0,7,0,0.0,2.0,3.0,0.0,B01
201300030637,0,7,0,0.0,2.0,2.0,0.0,A01
201300030638,0,7,0,0.0,1.0,3.0,1.0,A01
201300030639,1,7,0,0.0,1.0,2.0,1.0,Z01
201300030640,0,1,0,0.0,2.0,2.0,9.0,B01
201300030640,1,7,0,0.0,0.0,3.0,9.0,A01
201300030641,0,7,0,1.0,0.0,2.0,2.0,A01
201300030642,0,7,0,0.0,2.0,3.0,15.0,A01
201300030642,0,30,0,0.0,2.0,1.0,1.0,B01
201300030643,2,7,0,8.0,0.0,1.0,0.0,A01
201300030644,0,7,0,0.0,2.0,3.0,0.0,B01
201300030644,0,7,0,0.0,2.0,2.0,12.0,A01
201300030645,0,7,0,0.0,1.0,3.0,16.0,A01
201300030646,0,7,0,0.0,9.0,1.0,2.0,B01
201300030646,0,1,0,0.0,2.0,7.0,11.0,A01
201300030647,0,7,0,0.0,2.0,7.0,1.0,A01
201300030647,0,7,0,0.0,2.0,1.0,1.0,B01
201300030648,0,30,0,0.0,2.0,0.0,1.0,A01
201300030649,0,10,0,0.0,2.0,1.0,15.0,A01
201300030649,0,33,0,0.0,2.0,1.0,13.0,B01
201300030650,0,7,0,0.0,0.0,2.0,10.0,A01
201300030650,0,2,0,0.0,2.0,1.0,0.0,B01
201300030651,0,2,0,0.0,2.0,1.0,1.0,B01
201300030651,0,7,0,0.0,2.0,3.0,0.0,A01
201300030652,0,34,0,0.0,1.0,1.0,0.0,A01
201300030653,0,7,0,0.0,1.0,3.0,1.0,A01
201300030654,0,7,0,0.0,2.0,1.0,1.0,B01
201300030654,0,7,0,0.0,2.0,2.0,15.0,A01
201300030655,0,30,0,0.0,2.0,7.0,15.0,B01
201300030655,1,7,0,0.0,2.0,2.0,0.0,A01
201300030656,0,7,0,0.0,1.0,2.0,0.0,A01
201300030657,1,99,0,0.0,1.0,2.0,0.0,A01
201300030658,0,7,0,0.0,1.0,1.0,1.0,A01
201300030659,0,7,0,0.0,1.0,1.0,1.0,A01
201300030660,0,7,0,0.0,1.0,3.0,0.0,A01
201300030661,0,7,0,0.0,0.0,4.0,2.0,B01
201300030661,0,7,0,0.0,2.0,1.0,2.0,A01
201300030662,0,7,0,0.0,2.0,1.0,0.0,B01
201300030662,0,7,0,0.0,0.0,2.0,0.0,A01
201300030663,0,7,0,0.0,0.0,0.0,19.0,A01
201300030663,0,7,0,8.0,0.0,1.0,1.0,B01
201300030664,0,7,0,0.0,1.0,1.0,2.0,A01
201300030665,0,7,0,0.0,2.0,8.0,9.0,A01
201300030665,0,2,0,0.0,2.0,1.0,1.0,B01
201300030666,0,7,0,0.0,0.0,1.0,1.0,A01
201300030667,0,2,0,0.0,2.0,1.0,1.0,A01
201300030667,0,7,0,0.0,2.0,0.0,0.0,B01
201300030668,1,7,0,0.0,9.0,1.0,16.0,Z01
201300030668,0,1,0,0.0,0.0,4.0,0.0,B01
201300030669,0,7,0,0.0,0.0,8.0,15.0,A01
201300030669,0,7,0,0.0,2.0,1.0,1.0,B01
201300030670,0,37,20,0.0,1.0,2.0,1.0,A01
201300030671,0,30,0,0.0,1.0,1.0,0.0,A01
201300030672,0,7,0,0.0,1.0,1.0,1.0,A01
201300030673,0,30,0,0.0,2.0,1.0,1.0,B01
201300030673,0,7,0,0.0,2.0,7.0,19.0,A01
201300030674,0,30,0,1.0,0.0,1.0,13.0,A01
201300030675,0,7,0,0.0,2.0,7.0,1.0,B01
201300030675,0,7,0,0.0,2.0,2.0,19.0,A01
201300030676,0,3,0,0.0,0.0,1.0,1.0,B01
201300030676,0,7,0,0.0,2.0,1.0,6.0,A01
201300030677,0,2,0,0.0,0.0,0.0,0.0,B01
201300030677,0,2,0,0.0,2.0,1.0,1.0,A01
201300030678,0,7,0,0.0,1.0,2.0,21.0,A01
201300030679,0,1,0,0.0,2.0,0.0,0.0,B01
201300030679,1,99,0,0.0,9.0,0.0,16.0,Z01
201300030680,0,7,0,0.0,2.0,1.0,2.0,A01
201300030680,0,7,0,0.0,0.0,4.0,2.0,B01
201300030681,0,7,0,0.0,2.0,1.0,1.0,A01
201300030681,0,7,0,0.0,2.0,5.0,15.0,B01
201300030682,0,7,0,0.0,1.0,1.0,1.0,A01
201300030683,0,7,0,0.0,9.0,0.0,0.0,A01
201300030683,0,1,0,0.0,2.0,0.0,0.0,B01
201300030684,0,7,0,0.0,2.0,1.0,1.0,B01
201300030684,0,7,0,3.0,2.0,0.0,0.0,A01
201300030685,0,7,0,0.0,1.0,4.0,4.0,A01
201300030686,0,2,0,0.0,2.0,1.0,1.0,A01
201300030686,0,7,0,0.0,2.0,3.0,16.0,B01
201300030687,1,7,0,0.0,1.0,0.0,16.0,A01
201300030688,0,7,0,1.0,1.0,2.0,1.0,A01
201300030689,0,10,0,0.0,1.0,2.0,1.0,B01
201300030689,0,7,0,0.0,2.0,1.0,1.0,A01
201300030690,0,7,0,0.0,2.0,3.0,2.0,B01
201300030690,0,7,0,0.0,2.0,1.0,10.0,A01
201300030691,0,7,0,0.0,1.0,1.0,15.0,A01
201300030692,0,7,0,0.0,0.0,2.0,11.0,A01
201300030692,0,30,0,0.0,2.0,1.0,1.0,B01
201300030693,0,7,0,6.0,0.0,0.0,0.0,A01
201300030694,0,14,0,13.0,0.0,7.0,0.0,A01
201300030695,0,7,0,0.0,2.0,3.0,12.0,A01
201300030695,0,37,1,0.0,2.0,2.0,1.0,B01
201300030696,0,7,0,0.0,0.0,5.0,2.0,B01
201300030696,0,2,0,0.0,2.0,8.0,2.0,A01
201300030697,0,7,0,0.0,2.0,1.0,0.0,A01
201300030697,0,7,0,0.0,2.0,1.0,0.0,B01
201300030698,0,7,0,0.0,2.0,1.0,1.0,A01
201300030698,0,7,0,6.0,0.0,3.0,1.0,B01
201300030699,0,2,0,0.0,0.0,1.0,0.0,A01
201300030700,0,7,0,0.0,1.0,1.0,1.0,A01
201300030701,0,7,0,0.0,0.0,0.0,15.0,A01
201300030701,0,33,0,9.0,0.0,1.0,21.0,B01
201300030702,0,7,0,2.0,2.0,7.0,1.0,A01
201300030702,0,7,0,2.0,2.0,5.0,1.0,B01
201300030703,0,33,0,0.0,2.0,2.0,11.0,A01
201300030703,0,7,0,0.0,9.0,6.0,15.0,B01
201300030704,0,7,0,1.0,0.0,0.0,0.0,A01
201300030705,0,7,0,0.0,2.0,1.0,2.0,A01
201300030705,0,7,0,0.0,0.0,4.0,2.0,B01
201300030706,0,7,0,0.0,1.0,1.0,1.0,A01
201300030707,1,7,0,0.0,0.0,2.0,11.0,Z01
201300030707,0,7,0,0.0,2.0,1.0,1.0,A01
201300030708,0,7,0,0.0,2.0,3.0,5.0,A01
201300030708,0,7,0,0.0,2.0,3.0,1.0,B01
201300030709,0,7,0,14.0,0.0,9.0,0.0,A01
201300030710,0,37,2,8.0,2.0,5.0,16.0,A01
201300030710,0,30,0,0.0,2.0,0.0,23.0,B01
201300030711,0,7,0,0.0,1.0,2.0,1.0,A01
201300030712,0,7,0,2.0,0.0,3.0,0.0,A01
201300030713,0,7,0,3.0,0.0,8.0,1.0,A01
201300030714,0,7,0,0.0,1.0,1.0,1.0,A01
201300030715,0,2,0,0.0,2.0,7.0,17.0,A01
201300030715,0,7,0,0.0,9.0,8.0,15.0,B01
201300030716,0,7,0,0.0,1.0,2.0,2.0,A01
201300030717,0,7,0,0.0,1.0,1.0,15.0,A01
201300030718,0,7,0,0.0,2.0,1.0,1.0,A01
201300030718,0,10,0,0.0,2.0,1.0,15.0,B01
201300030719,0,7,0,0.0,2.0,3.0,15.0,A01
201300030719,0,15,0,0.0,2.0,2.0,0.0,B01
201300030720,1,7,0,0.0,2.0,7.0,15.0,A01
201300030720,0,31,0,0.0,2.0,7.0,1.0,B01
201300030721,0,20,0,0.0,1.0,0.0,16.0,A01
201300030722,0,7,0,0.0,1.0,2.0,1.0,A01
201300030723,0,7,0,0.0,0.0,1.0,2.0,A01
201300030723,0,7,0,0.0,0.0,4.0,15.0,B01
201300030724,0,2,0,0.0,2.0,6.0,0.0,B01
201300030724,0,7,0,0.0,2.0,3.0,0.0,A01
201300030725,0,7,0,0.0,0.0,2.0,9.0,B02
201300030725,0,30,0,0.0,2.0,1.0,1.0,A01
201300030726,0,7,0,1.0,0.0,1.0,14.0,A01
201300030727,0,7,0,0.0,2.0,2.0,1.0,A01
201300030727,0,7,0,0.0,2.0,1.0,1.0,B01
201300030728,0,7,0,0.0,1.0,1.0,1.0,A01
201300030729,0,30,0,0.0,2.0,1.0,1.0,B01
201300030729,0,7,0,0.0,2.0,2.0,15.0,A01
201300030730,0,7,0,0.0,2.0,5.0,0.0,B01
201300030730,0,33,0,0.0,2.0,4.0,24.0,C02
201300030730,0,7,0,0.0,2.0,1.0,21.0,A01
201300030731,0,7,0,0.0,9.0,3.0,9.0,A01
201300030731,0,1,0,0.0,2.0,7.0,9.0,B01
201300030731,0,1,0,0.0,2.0,7.0,9.0,C01
201300030732,0,7,0,0.0,2.0,3.0,15.0,A01
201300030732,0,2,0,0.0,2.0,7.0,1.0,B01
201300030733,0,30,0,0.0,0.0,0.0,1.0,A01
201300030734,0,7,0,0.0,0.0,0.0,0.0,A01
201300030734,0,30,0,0.0,0.0,0.0,0.0,B01
201300030735,0,7,0,0.0,1.0,1.0,1.0,A01
201300030736,0,7,0,0.0,0.0,3.0,10.0,A01
201300030736,0,33,0,0.0,0.0,2.0,17.0,B01
201300030737,0,7,0,0.0,1.0,2.0,1.0,A01
201300030738,0,2,0,0.0,2.0,1.0,1.0,A01
201300030738,1,99,0,0.0,0.0,0.0,15.0,Z01
201300030739,0,13,0,0.0,2.0,2.0,2.0,A01
201300030739,0,7,0,0.0,1.0,4.0,23.0,B01
201300030740,0,33,0,0.0,2.0,8.0,9.0,A01
201300030740,0,10,0,0.0,0.0,4.0,2.0,B01
201300030741,0,7,0,0.0,9.0,8.0,22.0,A01
201300030741,0,1,0,1.0,0.0,1.0,21.0,B01
201300030742,0,7,0,0.0,2.0,2.0,1.0,B01
201300030742,0,7,0,0.0,2.0,2.0,9.0,A01
201300030743,0,7,0,0.0,2.0,7.0,10.0,A01
201300030743,0,7,0,0.0,2.0,0.0,0.0,B01
201300030744,0,7,0,1.0,0.0,2.0,2.0,A01
201300030744,0,7,0,0.0,2.0,6.0,23.0,B01
201300030745,0,7,0,0.0,1.0,4.0,4.0,A01
201300030746,0,7,0,12.0,0.0,9.0,14.0,A01
201300030747,0,7,0,0.0,1.0,1.0,1.0,A01