Num_Acc,senc,catv,occutc,obs,obsm,choc,manv,num_veh
201300030748,0,7,0,0.0,1.0,2.0,1.0,A01
201300030749,0,7,0,14.0,0.0,1.0,1.0,A01
201300030749,0,7,0,0.0,0.0,4.0,1.0,B01
201300030750,0,32,0,0.0,2.0,1.0,2.0,A01
201300030750,0,7,0,0.0,2.0,4.0,2.0,B01
201300030751,0,7,0,0.0,1.0,2.0,0.0,A01
201300030752,0,7,0,0.0,2.0,2.0,0.0,B01
201300030752,0,30,0,0.0,2.0,1.0,19.0,A01
201300030753,0,7,0,0.0,2.0,2.0,1.0,B01
201300030753,0,7,0,0.0,2.0,8.0,9.0,A01
201300030754,0,7,0,0.0,2.0,4.0,1.0,A01
201300030754,0,32,0,0.0,0.0,4.0,23.0,B01
201300030755,0,7,0,0.0,0.0,2.0,15.0,A01
201300030755,0,31,0,0.0,0.0,1.0,1.0,B01
201300030756,0,7,0,0.0,1.0,1.0,2.0,A01
201300030757,0,7,0,0.0,0.0,1.0,15.0,A01
201300030757,0,1,0,0.0,2.0,1.0,0.0,B01
201300030758,0,1,0,0.0,0.0,4.0,2.0,B01
201300030758,0,10,0,0.0,0.0,1.0,2.0,A01
201300030759,0,7,0,0.0,2.0,3.0,1.0,B01
201300030759,0,2,0,0.0,2.0,1.0,5.0,A01
201300030760,0,7,0,0.0,2.0,1.0,15.0,A01
201300030760,0,7,0,0.0,2.0,3.0,1.0,B01
201300030761,0,7,0,0.0,2.0,1.0,5.0,A01
201300030761,0,7,0,0.0,2.0,1.0,15.0,B01
201300030762,0,7,0,0.0,2.0,3.0,9.0,A01
201300030762,0,33,0,0.0,2.0,1.0,1.0,B01
201300030763,0,3,0,0.0,1.0,1.0,0.0,A01
201300030764,0,7,0,0.0,2.0,2.0,2.0,A01
201300030764,0,7,0,0.0,2.0,6.0,2.0,B01
201300030765,0,7,0,0.0,1.0,2.0,1.0,A01
201300030766,0,7,0,0.0,1.0,0.0,0.0,A01
201300030767,0,7,0,0.0,2.0,2.0,16.0,A01
201300030767,0,37,30,0.0,2.0,3.0,7.0,B01
201300030768,0,7,0,0.0,0.0,2.0,10.0,A01
201300030768,0,33,0,0.0,2.0,1.0,0.0,B01
201300030769,0,7,0,6.0,0.0,1.0,0.0,A01
201300030770,0,7,0,2.0,0.0,1.0,2.0,A01
201300030771,0,7,0,0.0,2.0,1.0,15.0,A01
201300030771,0,14,0,0.0,2.0,2.0,0.0,B01
201300030772,0,7,0,0.0,2.0,3.0,1.0,A01
201300030772,0,7,0,0.0,2.0,2.0,1.0,B01
201300030773,0,7,0,0.0,2.0,7.0,15.0,A01
201300030773,0,30,0,0.0,2.0,1.0,1.0,B01
201300030774,0,7,0,0.0,1.0,1.0,1.0,A01
201300030775,0,7,0,0.0,1.0,1.0,1.0,A01
201300030776,1,99,0,0.0,1.0,0.0,0.0,Z01
201300030777,0,7,0,0.0,2.0,3.0,15.0,A01
201300030777,0,7,0,0.0,2.0,3.0,1.0,B01
201300030778,0,7,0,0.0,1.0,2.0,1.0,A01
201300030779,0,7,0,0.0,2.0,2.0,17.0,A01
201300030779,0,30,0,0.0,2.0,4.0,15.0,B01
201300030780,0,7,0,0.0,2.0,2.0,2.0,A01
201300030780,0,1,0,0.0,2.0,3.0,2.0,B01
201300030781,0,7,0,0.0,1.0,1.0,1.0,A01
201300030782,0,2,0,0.0,2.0,6.0,2.0,B01
201300030782,1,10,0,0.0,9.0,7.0,16.0,Z01
201300030783,0,30,0,0.0,2.0,8.0,1.0,A01
201300030783,0,7,0,0.0,2.0,5.0,15.0,B01
201300030784,0,31,0,0.0,2.0,0.0,1.0,A01
201300030784,0,7,0,0.0,2.0,0.0,1.0,B01
201300030785,0,7,0,6.0,0.0,3.0,0.0,A01
201300030786,0,7,0,8.0,0.0,1.0,0.0,A01
201300030787,0,7,0,13.0,0.0,1.0,1.0,A01
201300030788,0,7,0,0.0,2.0,9.0,1.0,B01
201300030788,0,7,0,0.0,2.0,1.0,1.0,A01
201300030789,0,2,0,0.0,2.0,1.0,9.0,A01
201300030789,0,7,0,0.0,2.0,7.0,1.0,B01
201300030790,0,7,0,0.0,1.0,8.0,1.0,A01
201300030791,0,7,0,0.0,1.0,2.0,1.0,A01
201300030792,0,7,0,15.0,1.0,3.0,1.0,A01
201300030792,0,7,0,0.0,2.0,7.0,1.0,B01
201300030793,0,30,0,0.0,2.0,1.0,1.0,A01
201300030793,0,7,0,0.0,0.0,4.0,23.0,B01
201300030794,0,7,0,0.0,0.0,1.0,1.0,C01
201300030794,0,7,0,0.0,0.0,1.0,1.0,D01
201300030794,0,7,0,0.0,0.0,1.0,1.0,B01
201300030794,0,7,0,0.0,2.0,4.0,1.0,A01
201300030795,0,7,0,0.0,2.0,6.0,15.0,B01
201300030795,0,34,0,0.0,0.0,1.0,0.0,A01
201300030796,0,7,0,0.0,1.0,1.0,1.0,A01
201300030797,0,32,0,0.0,2.0,1.0,1.0,A01
201300030797,1,7,0,0.0,2.0,6.0,16.0,Z01
201300030798,0,1,0,0.0,2.0,2.0,1.0,B01
201300030798,0,7,0,0.0,2.0,3.0,1.0,A01
201300030799,0,1,0,0.0,2.0,8.0,1.0,B01
201300030799,1,7,0,0.0,9.0,7.0,12.0,Z01
201300030800,0,7,0,0.0,1.0,2.0,7.0,A01
201300030801,0,30,0,0.0,2.0,1.0,1.0,A01
201300030801,0,7,0,0.0,2.0,3.0,15.0,B01
201300030802,0,7,0,0.0,2.0,2.0,1.0,B01
201300030802,0,7,0,0.0,2.0,2.0,9.0,A01
201300030803,0,30,0,0.0,0.0,7.0,15.0,A01
201300030804,1,7,0,0.0,2.0,1.0,1.0,Z01
201300030804,0,31,0,0.0,2.0,7.0,1.0,B01
201300030805,0,7,0,0.0,2.0,2.0,19.0,B01
201300030805,0,2,0,0.0,2.0,3.0,17.0,A01
201300030806,0,7,0,0.0,2.0,3.0,19.0,A01
201300030806,0,7,0,0.0,2.0,1.0,1.0,B01
201300030807,0,7,0,0.0,1.0,3.0,0.0,A01
201300030808,1,7,0,0.0,1.0,0.0,17.0,Z01
201300030809,0,2,0,0.0,2.0,1.0,1.0,A01
201300030809,0,37,10,0.0,9.0,7.0,1.0,B01
201300030810,0,7,0,0.0,1.0,3.0,0.0,A01
201300030811,0,7,0,0.0,1.0,1.0,1.0,A01
201300030812,0,30,0,0.0,2.0,1.0,14.0,A01
201300030812,0,7,0,0.0,2.0,5.0,1.0,B01
201300030813,0,10,0,1.0,1.0,7.0,17.0,A01
201300030814,0,7,0,0.0,2.0,7.0,11.0,A01
201300030814,0,7,0,0.0,2.0,1.0,1.0,B01
201300030815,0,7,0,0.0,2.0,1.0,15.0,A01
201300030815,0,7,0,0.0,2.0,3.0,1.0,B01
201300030816,1,99,0,0.0,0.0,0.0,0.0,A01
201300030816,0,7,0,0.0,0.0,3.0,20.0,B01
201300030817,0,10,0,0.0,1.0,1.0,21.0,A01
201300030818,0,7,0,0.0,1.0,1.0,1.0,A01
201300030819,0,7,0,0.0,2.0,0.0,0.0,A01
201300030819,0,1,0,0.0,2.0,1.0,0.0,B01
201300030820,0,7,0,1.0,1.0,2.0,14.0,A01
201300030821,0,7,0,0.0,2.0,1.0,1.0,A01
201300030821,0,7,0,0.0,2.0,8.0,1.0,B01
201300030822,0,10,0,0.0,1.0,2.0,6.0,A01
201300030823,0,10,0,0.0,1.0,1.0,15.0,A01
201300030824,0,2,0,0.0,2.0,2.0,17.0,A01
201300030824,0,7,0,0.0,2.0,6.0,15.0,B01
201300030825,0,7,0,0.0,2.0,2.0,1.0,B01
201300030825,0,7,0,1.0,2.0,3.0,20.0,A01
201300030826,1,7,0,0.0,1.0,1.0,0.0,Z01
201300030827,0,7,0,0.0,1.0,1.0,16.0,A01
201300030828,0,30,0,0.0,1.0,1.0,0.0,A01
201300030829,0,37,1,0.0,1.0,2.0,1.0,A01
201300030830,0,7,0,0.0,1.0,1.0,15.0,A01
201300030831,0,7,0,8.0,0.0,7.0,0.0,A01
201300030832,0,7,0,1.0,0.0,1.0,13.0,A01
201300030833,0,7,0,1.0,0.0,5.0,14.0,A01
201300030834,0,7,0,1.0,0.0,4.0,1.0,A01
201300030835,0,7,0,0.0,2.0,3.0,18.0,A01
201300030835,0,10,0,0.0,2.0,5.0,1.0,B01
201300030835,0,7,0,0.0,2.0,6.0,1.0,C01
201300030836,0,7,0,0.0,2.0,4.0,0.0,B01
201300030836,0,10,0,0.0,2.0,1.0,1.0,A01
201300030837,0,7,0,0.0,1.0,3.0,1.0,A01
201300030838,0,7,0,0.0,1.0,2.0,9.0,A01
201300030839,1,7,0,0.0,0.0,0.0,0.0,Z01
201300030839,0,30,0,0.0,2.0,8.0,16.0,B01
201300030840,0,7,0,0.0,0.0,1.0,0.0,A01
201300030840,0,7,0,0.0,0.0,4.0,0.0,B01
201300030841,0,7,0,0.0,1.0,1.0,1.0,A01
201300030842,0,7,0,0.0,1.0,4.0,20.0,A01
201300030843,0,7,0,0.0,2.0,8.0,15.0,B01
201300030843,0,7,0,6.0,2.0,2.0,17.0,A01
201300030844,0,7,0,0.0,2.0,7.0,2.0,B01
201300030844,0,7,0,0.0,2.0,1.0,0.0,A01
201300030845,0,7,0,0.0,0.0,2.0,1.0,B01
201300030845,0,7,0,0.0,0.0,6.0,1.0,A01
201300030846,0,7,0,0.0,0.0,3.0,2.0,B01
201300030846,0,7,0,0.0,0.0,1.0,15.0,A01
201300030847,0,7,0,0.0,1.0,3.0,16.0,A01
201300030848,0,7,0,0.0,2.0,2.0,1.0,A01
201300030848,0,31,0,0.0,2.0,4.0,0.0,B01
201300030849,0,7,0,0.0,2.0,1.0,1.0,A01
201300030849,0,7,0,9.0,2.0,5.0,1.0,B01
201300030850,0,7,0,0.0,2.0,0.0,0.0,A01
201300030850,0,1,0,0.0,2.0,0.0,0.0,B01
201300030851,0,7,0,9.0,0.0,1.0,1.0,A01
201300030852,0,33,0,0.0,2.0,7.0,1.0,B01
201300030852,0,7,0,0.0,2.0,3.0,16.0,A01
201300030853,0,7,0,0.0,2.0,7.0,15.0,A01
201300030853,0,7,0,0.0,2.0,1.0,1.0,B01
201300030854,0,7,0,0.0,1.0,1.0,1.0,A01
201300030855,0,7,0,0.0,2.0,1.0,19.0,A01
201300030855,0,30,0,0.0,2.0,1.0,1.0,B01
201300030856,0,7,0,0.0,1.0,1.0,1.0,A01
201300030857,0,7,0,0.0,2.0,1.0,1.0,B01
201300030857,0,7,0,0.0,2.0,1.0,15.0,A01
201300030858,0,7,0,1.0,0.0,1.0,0.0,A01
201300030859,0,7,0,0.0,2.0,1.0,5.0,A01
201300030859,0,7,0,0.0,2.0,1.0,1.0,B01
201300030860,2,33,0,14.0,,,1.0,A01
201300030861,0,30,0,6.0,0.0,1.0,0.0,A01
201300030862,0,7,0,0.0,1.0,0.0,0.0,A01
201300030863,0,7,0,2.0,0.0,2.0,1.0,A01
201300030864,0,7,0,0.0,1.0,3.0,1.0,A01
201300030865,0,7,0,0.0,2.0,8.0,15.0,A01
201300030865,0,33,0,0.0,2.0,1.0,1.0,B01
201300030866,0,7,0,0.0,2.0,3.0,1.0,A01
201300030866,0,7,0,0.0,2.0,1.0,1.0,B01
201300030867,0,30,0,0.0,2.0,4.0,1.0,B01
201300030867,0,7,0,0.0,2.0,2.0,15.0,A01
201300030868,0,7,0,0.0,1.0,1.0,1.0,A01
201300030869,0,10,0,0.0,2.0,4.0,1.0,C01
201300030869,0,7,0,0.0,2.0,1.0,1.0,B01
201300030869,0,10,0,0.0,2.0,1.0,1.0,A01
201300030870,0,7,0,0.0,1.0,2.0,1.0,A01
201300030871,0,2,0,0.0,2.0,0.0,1.0,A01
201300030871,1,7,0,0.0,2.0,0.0,16.0,Z01
201300030872,0,7,0,0.0,2.0,8.0,15.0,B01
201300030872,0,33,0,0.0,2.0,7.0,17.0,A01
201300030873,0,7,0,0.0,1.0,0.0,15.0,A01
201300030874,0,30,0,0.0,2.0,0.0,1.0,B01
201300030874,0,7,0,0.0,2.0,1.0,15.0,A01
201300030875,0,7,0,0.0,2.0,8.0,15.0,A01
201300030875,0,7,0,0.0,2.0,1.0,1.0,B01
201300030876,0,30,0,0.0,4.0,1.0,1.0,A01
201300030876,0,40,0,0.0,2.0,7.0,1.0,B01
201300030877,0,7,0,0.0,1.0,1.0,1.0,A01
201300030878,0,7,0,1.0,0.0,1.0,0.0,A01
201300030879,0,1,0,0.0,4.0,1.0,13.0,A01
201300030879,0,40,0,0.0,2.0,1.0,1.0,B01
201300030880,1,1,0,0.0,1.0,1.0,1.0,Z01
201300030881,0,33,0,0.0,2.0,1.0,2.0,A01
201300030881,0,7,0,0.0,2.0,4.0,15.0,B01
201300030882,0,7,0,0.0,1.0,2.0,1.0,A01
201300030883,0,7,0,0.0,1.0,1.0,1.0,A01
201300030884,0,7,0,0.0,2.0,1.0,0.0,A01
201300030884,0,33,0,0.0,2.0,4.0,2.0,B01
201300030885,0,7,0,0.0,1.0,0.0,0.0,A01
201300030886,0,7,0,0.0,1.0,1.0,1.0,A01
201300030887,0,7,0,0.0,1.0,1.0,1.0,A01
201300030888,0,7,0,0.0,2.0,3.0,0.0,B01
201300030888,0,7,0,0.0,2.0,1.0,1.0,A01
201300030889,0,7,0,1.0,0.0,1.0,0.0,A01
201300030890,0,1,0,0.0,2.0,1.0,0.0,A01
201300030890,0,7,0,0.0,2.0,3.0,1.0,B01
201300030891,0,7,0,0.0,2.0,3.0,13.0,A01
201300030891,0,7,0,0.0,2.0,0.0,0.0,B01
201300030892,0,7,0,0.0,2.0,7.0,17.0,A01
201300030892,0,30,0,0.0,2.0,8.0,1.0,B01
201300030893,0,33,0,0.0,2.0,1.0,17.0,A01
201300030893,0,7,0,0.0,2.0,1.0,16.0,B01
201300030894,0,7,0,0.0,2.0,3.0,16.0,A01
201300030894,0,2,0,0.0,2.0,7.0,16.0,B01
201300030895,0,33,0,0.0,2.0,8.0,1.0,A01
201300030895,0,7,0,0.0,2.0,1.0,16.0,B01
201300030896,0,7,0,0.0,2.0,0.0,15.0,A01
201300030896,0,2,0,0.0,2.0,0.0,1.0,B01
201300030897,0,7,0,0.0,2.0,8.0,15.0,B01
201300030897,0,30,0,0.0,2.0,1.0,17.0,A01
201300030898,0,7,0,1.0,0.0,2.0,14.0,A01
201300030899,0,1,0,0.0,2.0,0.0,15.0,B01
201300030899,0,7,0,0.0,2.0,3.0,1.0,A01
201300030900,0,7,0,0.0,2.0,1.0,1.0,A01
201300030900,0,7,0,0.0,2.0,7.0,1.0,B01
201300030901,0,7,0,0.0,2.0,1.0,15.0,A01
201300030901,0,7,0,0.0,2.0,1.0,1.0,B01
201300030902,0,7,0,0.0,0.0,0.0,1.0,A01
201300030903,0,7,0,9.0,2.0,2.0,17.0,A01
201300030903,0,7,0,1.0,2.0,3.0,13.0,B01
201300030904,0,1,0,0.0,2.0,0.0,0.0,A01
201300030904,0,7,0,0.0,2.0,3.0,1.0,B01
201300030905,1,7,0,0.0,1.0,1.0,0.0,Z01
201300030906,0,7,0,0.0,1.0,2.0,1.0,A01
201300030907,0,7,0,0.0,1.0,2.0,1.0,A01
201300030908,0,30,0,0.0,2.0,1.0,1.0,B01
201300030908,0,7,0,0.0,2.0,7.0,15.0,A01
201300030909,0,7,0,0.0,2.0,8.0,9.0,A01
201300030909,0,7,0,0.0,2.0,1.0,1.0,B01
201300030910,0,7,0,0.0,2.0,2.0,1.0,A01
201300030910,0,1,0,0.0,2.0,1.0,11.0,B01
201300030911,0,7,0,0.0,2.0,1.0,15.0,A01
201300030911,0,7,0,0.0,2.0,2.0,1.0,B01
201300030912,0,7,0,0.0,1.0,1.0,1.0,A01
201300030913,0,7,0,0.0,2.0,3.0,16.0,B01
201300030913,0,7,0,0.0,2.0,3.0,16.0,A01
201300030914,0,7,0,1.0,1.0,2.0,0.0,A01
201300030915,0,10,0,0.0,1.0,2.0,1.0,A01
201300030916,0,7,0,6.0,0.0,1.0,1.0,A01
201300030917,0,30,0,1.0,0.0,1.0,0.0,A01
201300030918,0,7,0,0.0,1.0,2.0,1.0,A01
201300030919,0,3,0,0.0,1.0,1.0,1.0,A01
201300030920,0,7,0,0.0,1.0,2.0,1.0,A01
201300030921,0,40,0,0.0,1.0,1.0,1.0,A01
201300030922,0,7,0,0.0,2.0,8.0,9.0,A01
201300030922,0,7,0,0.0,2.0,1.0,1.0,B01
201300030923,0,2,0,0.0,2.0,7.0,1.0,A01
201300030923,0,7,0,0.0,2.0,3.0,1.0,B01
201300030924,0,7,0,0.0,2.0,3.0,15.0,B01
201300030924,0,7,0,6.0,2.0,1.0,1.0,A01
201300030925,0,7,0,0.0,1.0,2.0,0.0,A01
201300030926,0,7,0,9.0,0.0,3.0,1.0,A01
201300030927,0,7,0,0.0,2.0,1.0,0.0,B01
201300030927,0,30,0,0.0,2.0,1.0,0.0,A01
201300030928,0,7,0,0.0,2.0,1.0,1.0,A01
201300030928,0,7,0,0.0,2.0,4.0,1.0,B01
201300030928,0,7,0,0.0,2.0,4.0,1.0,C01
201300030929,0,7,0,0.0,1.0,2.0,1.0,A01
201300030930,0,7,0,0.0,1.0,1.0,1.0,A01
201300030931,0,30,0,0.0,2.0,1.0,9.0,A01
201300030931,0,7,0,0.0,2.0,2.0,15.0,B01
201300030932,0,7,0,0.0,1.0,3.0,1.0,A01
201300030933,0,7,0,0.0,1.0,1.0,0.0,A01
201300030934,0,7,0,0.0,1.0,3.0,1.0,A01
201300030935,0,30,0,0.0,0.0,0.0,1.0,A01
201300030936,0,7,0,0.0,2.0,1.0,1.0,B01
201300030936,0,7,0,0.0,2.0,8.0,10.0,A01
201300030937,0,7,0,0.0,2.0,2.0,1.0,A01
201300030937,0,31,0,0.0,2.0,8.0,1.0,B02
201300030938,0,2,0,7.0,0.0,1.0,1.0,A01
201300030939,0,33,0,0.0,2.0,1.0,17.0,A01
201300030939,0,7,0,0.0,2.0,2.0,1.0,C03
201300030939,0,7,0,0.0,2.0,3.0,1.0,B02
201300030940,0,10,0,0.0,2.0,3.0,15.0,A01
201300030940,0,33,0,0.0,2.0,1.0,1.0,B02
201300030940,0,10,0,1.0,2.0,8.0,24.0,C03
201300030941,0,7,0,0.0,1.0,2.0,1.0,A01
201300030942,0,2,0,0.0,2.0,0.0,15.0,A01
201300030942,0,7,0,0.0,2.0,3.0,16.0,B02
201300030943,0,7,0,0.0,0.0,7.0,1.0,A01
201300030943,0,14,0,0.0,2.0,1.0,1.0,B02
201300030944,0,7,0,6.0,0.0,2.0,1.0,A01
201300030945,0,30,0,0.0,2.0,1.0,13.0,A01
201300030945,0,7,0,0.0,2.0,3.0,1.0,B02
201300030946,0,7,0,0.0,2.0,3.0,1.0,B02
201300030946,0,10,0,0.0,2.0,3.0,13.0,A01
201300030947,0,7,0,13.0,0.0,1.0,14.0,A01
201300030948,0,7,0,0.0,2.0,7.0,1.0,B01
201300030948,0,2,0,0.0,2.0,1.0,1.0,A01
201300030949,0,7,0,0.0,2.0,1.0,1.0,A01
201300030949,0,7,0,0.0,2.0,8.0,1.0,B01
201300030950,2,1,0,0.0,1.0,1.0,1.0,A01
201300030951,0,2,0,0.0,1.0,9.0,1.0,A01
201300030952,0,30,0,0.0,2.0,1.0,1.0,B01
201300030952,0,7,0,0.0,2.0,5.0,1.0,C01
201300030952,0,7,0,0.0,2.0,1.0,5.0,A01
201300030953,0,7,0,1.0,1.0,1.0,23.0,B01
201300030953,0,7,0,1.0,0.0,1.0,2.0,A01
201300030953,0,7,0,0.0,2.0,4.0,23.0,C01
201300030954,0,7,0,0.0,2.0,1.0,15.0,A01
201300030954,0,7,0,0.0,2.0,3.0,1.0,B01
201300030955,0,7,0,0.0,1.0,1.0,1.0,A01
201300030956,0,7,0,0.0,2.0,2.0,1.0,A01
201300030956,0,7,0,0.0,2.0,8.0,1.0,B01
201300030957,1,7,0,0.0,1.0,3.0,1.0,A01
201300030958,0,7,0,0.0,1.0,2.0,1.0,A01
201300030959,0,7,0,0.0,2.0,1.0,15.0,A01
201300030959,0,2,0,0.0,2.0,8.0,1.0,B01
201300030960,0,33,0,0.0,0.0,1.0,1.0,A01
201300030961,0,34,0,0.0,2.0,1.0,18.0,A01
201300030961,0,33,0,0.0,0.0,5.0,1.0,B01
201300030962,0,33,0,0.0,2.0,2.0,1.0,B01
201300030962,0,7,0,0.0,2.0,2.0,9.0,A01
201300030963,0,33,0,13.0,0.0,1.0,1.0,A01
201300030963,0,15,0,0.0,0.0,0.0,4.0,B01
201300030964,0,7,0,1.0,0.0,3.0,24.0,C01
201300030964,0,7,0,6.0,2.0,1.0,1.0,A01
201300030964,0,7,0,0.0,2.0,2.0,1.0,B01
201300030965,0,33,0,12.0,0.0,1.0,1.0,A01
201300030966,0,7,0,0.0,2.0,2.0,1.0,B01
201300030966,0,7,0,0.0,2.0,7.0,13.0,A01
201300030967,0,7,0,0.0,1.0,3.0,1.0,A01
201300030968,0,7,0,0.0,1.0,2.0,1.0,A01
201300030969,0,30,0,0.0,2.0,7.0,9.0,A01
201300030969,0,7,0,0.0,2.0,3.0,1.0,B01
201300030970,0,33,0,1.0,2.0,7.0,1.0,B01
201300030970,0,7,0,0.0,2.0,1.0,9.0,A01
201300030971,0,7,0,0.0,2.0,3.0,1.0,A01
201300030971,0,7,0,0.0,2.0,3.0,1.0,B01
201300030972,0,7,0,0.0,2.0,3.0,1.0,A01
201300030972,0,7,0,9.0,2.0,8.0,15.0,B01
201300030973,0,7,0,13.0,2.0,3.0,1.0,B01
201300030973,0,7,0,0.0,2.0,3.0,15.0,A01
201300030974,0,7,0,9.0,2.0,7.0,14.0,A01
201300030974,0,37,1,0.0,2.0,1.0,1.0,B01
201300030975,0,2,0,0.0,2.0,1.0,0.0,A01
201300030975,0,7,0,0.0,2.0,8.0,15.0,B01
201300030976,0,7,0,2.0,0.0,1.0,1.0,A01
201300030977,0,7,0,0.0,2.0,8.0,9.0,A01
201300030977,0,33,0,0.0,2.0,1.0,1.0,B01
201300030978,0,7,0,0.0,1.0,1.0,1.0,A01
201300030979,0,30,0,0.0,1.0,1.0,17.0,A01
201300030980,0,1,0,0.0,0.0,0.0,0.0,A01
201300030981,0,30,0,0.0,0.0,8.0,1.0,B01
201300030981,0,7,0,0.0,0.0,0.0,10.0,A01
201300030982,0,7,0,0.0,1.0,2.0,16.0,A01
201300030983,0,7,0,0.0,2.0,1.0,9.0,A01
201300030983,0,1,0,0.0,2.0,1.0,0.0,B01
201300030984,0,7,0,0.0,2.0,1.0,1.0,B01
201300030984,0,1,0,0.0,2.0,1.0,9.0,A01
201300030985,0,7,0,0.0,1.0,7.0,1.0,A01
201300030986,1,2,0,2.0,0.0,1.0,0.0,A01
201300030987,0,3,0,0.0,1.0,5.0,16.0,A01
201300030988,0,2,0,0.0,1.0,1.0,1.0,A01
201300030989,0,7,0,0.0,1.0,1.0,1.0,A01
201300030990,0,7,0,0.0,1.0,4.0,4.0,A01
201300030991,0,7,0,4.0,0.0,1.0,13.0,A01
201300030992,0,2,0,0.0,2.0,8.0,1.0,B01
201300030992,0,10,0,0.0,2.0,1.0,1.0,A01
201300030993,0,7,0,0.0,2.0,1.0,21.0,C01
201300030993,0,7,0,0.0,2.0,1.0,1.0,B01
201300030993,0,7,0,0.0,2.0,1.0,5.0,A01
201300030994,0,7,0,0.0,2.0,8.0,13.0,A01
201300030994,0,1,0,0.0,2.0,1.0,2.0,B01
201300030995,0,7,0,0.0,1.0,7.0,1.0,A01
201300030996,0,7,0,0.0,2.0,8.0,13.0,A01
201300030996,0,7,0,0.0,2.0,1.0,1.0,B01
201300030996,0,7,0,0.0,2.0,1.0,2.0,C01
201300030997,0,31,0,0.0,2.0,2.0,17.0,A01
201300030997,0,7,0,0.0,2.0,3.0,15.0,B01
201300030998,0,30,0,1.0,0.0,1.0,1.0,A01
201300030999,0,30,0,1.0,2.0,7.0,14.0,A01
201300031000,0,7,0,0.0,2.0,2.0,2.0,A01
201300031000,0,34,0,0.0,2.0,1.0,2.0,B01
201300031001,0,10,0,0.0,1.0,1.0,1.0,A01
201300031002,0,7,0,0.0,2.0,1.0,5.0,A01
201300031002,0,7,0,0.0,2.0,3.0,1.0,B01
201300031002,0,7,0,0.0,2.0,3.0,1.0,C01
201300031003,0,2,0,1.0,0.0,1.0,1.0,A01
201300031003,0,7,0,0.0,2.0,3.0,0.0,B01
201300031004,0,7,0,4.0,0.0,1.0,12.0,A01
201300031005,0,7,0,0.0,2.0,2.0,0.0,B01
201300031005,0,7,0,3.0,2.0,7.0,0.0,A01
201300031006,0,7,0,0.0,2.0,4.0,2.0,E01
201300031006,0,99,0,0.0,2.0,4.0,0.0,B01
201300031006,0,7,0,0.0,2.0,4.0,2.0,D01
201300031006,0,7,0,0.0,2.0,1.0,2.0,A01
201300031006,0,7,0,0.0,2.0,1.0,2.0,C01
201300031007,0,7,0,0.0,2.0,1.0,0.0,A01
201300031007,0,7,0,0.0,2.0,3.0,0.0,B01
201300031008,0,31,0,0.0,2.0,1.0,0.0,B01
201300031008,0,7,0,0.0,2.0,8.0,15.0,A01
201300031009,0,7,0,0.0,1.0,0.0,19.0,A01
201300031010,0,7,0,0.0,1.0,1.0,2.0,A01
201300031011,0,2,0,0.0,2.0,1.0,1.0,B01
201300031011,0,7,0,0.0,2.0,0.0,15.0,A01
201300031012,0,3,0,9.0,0.0,1.0,1.0,A01
201300031013,0,7,0,0.0,2.0,3.0,15.0,A01
201300031013,0,33,0,0.0,2.0,8.0,1.0,B02
201300031014,0,10,0,13.0,0.0,1.0,1.0,A01
201300031015,0,2,0,0.0,2.0,2.0,1.0,B01
201300031015,0,7,0,0.0,2.0,3.0,14.0,A01
201300031016,0,10,0,2.0,2.0,5.0,1.0,B01
201300031016,0,7,0,0.0,2.0,3.0,13.0,A01
201300031017,0,7,0,0.0,2.0,3.0,15.0,B01
201300031017,0,2,0,0.0,2.0,1.0,1.0,A01
201300031018,0,2,0,0.0,2.0,1.0,1.0,B01
201300031018,0,7,0,0.0,2.0,3.0,15.0,A01
201300031019,0,7,0,0.0,2.0,4.0,1.0,C01
201300031019,0,7,0,0.0,2.0,1.0,2.0,A01
201300031019,0,7,0,0.0,2.0,4.0,1.0,B01
201300031020,0,7,0,0.0,1.0,2.0,1.0,A01
201300031021,0,33,0,9.0,0.0,1.0,21.0,A01
201300031022,0,7,0,0.0,1.0,2.0,1.0,A01
201300031023,0,32,0,0.0,0.0,1.0,0.0,A01
201300031024,0,7,0,0.0,1.0,3.0,0.0,A01
201300031025,0,7,0,0.0,2.0,2.0,11.0,B01
201300031025,0,30,0,0.0,2.0,1.0,13.0,A01
201300031026,1,7,0,0.0,1.0,1.0,1.0,X01
201300031027,0,7,0,0.0,2.0,2.0,1.0,A01
201300031027,0,2,0,0.0,2.0,1.0,6.0,B01
201300031028,0,7,0,0.0,2.0,3.0,19.0,A01
201300031028,0,33,0,0.0,2.0,1.0,1.0,B01
201300031029,0,7,0,0.0,2.0,8.0,13.0,A01
201300031029,0,7,0,0.0,2.0,3.0,1.0,B01
201300031030,0,7,0,0.0,2.0,3.0,0.0,B01
201300031030,0,30,0,0.0,2.0,2.0,17.0,A01
201300031031,0,7,0,0.0,1.0,2.0,1.0,A01
201300031032,1,7,0,0.0,1.0,1.0,1.0,A01
201300031033,0,7,0,0.0,1.0,1.0,1.0,A01
201300031034,0,7,0,0.0,2.0,6.0,1.0,B01
201300031034,0,34,0,0.0,2.0,1.0,1.0,A01
201300031035,0,7,0,0.0,2.0,2.0,0.0,A01
201300031035,0,7,0,1.0,0.0,3.0,24.0,C01
201300031035,0,7,0,1.0,2.0,8.0,24.0,B01
201300031036,0,7,0,0.0,2.0,3.0,15.0,B01
201300031036,0,31,0,1.0,2.0,1.0,17.0,A01
201300031037,0,2,0,0.0,2.0,6.0,1.0,A01