Num_Acc,senc,catv,occutc,obs,obsm,choc,manv,num_veh
201300031037,0,7,0,0.0,2.0,6.0,16.0,B01
201300031038,0,7,0,0.0,2.0,1.0,2.0,A01
201300031038,0,7,0,0.0,0.0,4.0,2.0,B01
201300031039,0,7,0,0.0,2.0,4.0,2.0,B01
201300031039,0,7,0,0.0,2.0,1.0,2.0,A01
201300031040,0,7,0,0.0,1.0,8.0,1.0,A01
201300031041,0,10,0,0.0,1.0,3.0,1.0,A01
201300031042,0,7,0,0.0,1.0,0.0,1.0,A01
201300031043,0,7,0,0.0,1.0,2.0,16.0,A01
201300031044,0,7,0,0.0,0.0,6.0,15.0,B01
201300031044,0,2,0,0.0,2.0,1.0,1.0,A01
201300031045,0,33,0,0.0,2.0,7.0,1.0,B01
201300031045,0,7,0,0.0,2.0,1.0,9.0,A01
201300031046,0,38,0,0.0,1.0,5.0,20.0,B01
201300031046,0,7,0,0.0,1.0,1.0,23.0,A01
201300031047,0,7,0,0.0,2.0,1.0,1.0,A01
201300031047,0,7,0,6.0,2.0,7.0,1.0,B01
201300031048,0,7,0,0.0,2.0,3.0,1.0,A01
201300031048,0,33,0,0.0,2.0,7.0,1.0,B01
201300031049,0,33,0,0.0,2.0,1.0,17.0,B01
201300031049,0,7,0,0.0,2.0,8.0,15.0,A01
201300031050,0,2,0,0.0,2.0,1.0,11.0,A01
201300031050,0,7,0,0.0,2.0,8.0,9.0,B01
201300031051,0,7,0,0.0,2.0,2.0,1.0,A01
201300031051,0,7,0,0.0,2.0,3.0,15.0,B01
201300031052,0,7,0,0.0,2.0,3.0,15.0,A01
201300031052,0,2,0,0.0,2.0,3.0,1.0,B01
201300031053,0,33,0,0.0,1.0,1.0,1.0,A01
201300031054,0,2,0,1.0,0.0,1.0,13.0,A01
201300031055,0,7,0,16.0,0.0,3.0,0.0,A01
201300031056,0,7,0,0.0,0.0,1.0,0.0,A01
201300031056,0,2,0,0.0,0.0,4.0,1.0,B01
201300031057,0,30,0,0.0,0.0,0.0,2.0,A01
201300031058,0,7,0,0.0,1.0,1.0,1.0,A01
201300031059,0,7,0,4.0,0.0,1.0,1.0,A01
201300031060,0,7,0,3.0,0.0,1.0,1.0,A01
201300031061,0,7,0,0.0,1.0,0.0,0.0,A01
201300031062,0,7,0,13.0,0.0,1.0,2.0,A01
201300031063,0,2,0,0.0,2.0,7.0,15.0,A01
201300031063,0,7,0,0.0,2.0,3.0,9.0,B01
201300031064,0,7,0,6.0,0.0,6.0,1.0,A01
201300031065,0,7,0,0.0,1.0,2.0,0.0,A01
201300031066,0,15,0,0.0,0.0,4.0,2.0,B01
201300031066,0,7,0,0.0,0.0,2.0,0.0,A01
201300031067,0,15,0,0.0,0.0,6.0,23.0,B01
201300031067,0,17,0,1.0,0.0,2.0,1.0,A01
201300031068,0,7,0,1.0,0.0,3.0,1.0,B01
201300031068,0,7,0,0.0,0.0,1.0,16.0,A01
201300031069,0,7,0,0.0,0.0,4.0,23.0,A01
201300031069,0,7,0,0.0,0.0,4.0,2.0,B01
201300031069,0,10,0,0.0,0.0,0.0,2.0,C01
201300031070,1,99,0,0.0,1.0,0.0,0.0,A01
201300031071,0,7,0,0.0,1.0,1.0,1.0,A01
201300031072,0,37,16,0.0,2.0,2.0,2.0,B01
201300031072,0,7,0,12.0,2.0,8.0,4.0,A01
201300031073,0,99,0,0.0,0.0,0.0,15.0,A01
201300031074,0,7,0,13.0,0.0,4.0,1.0,A01
201300031075,0,7,0,0.0,2.0,7.0,15.0,A01
201300031075,0,30,0,0.0,2.0,1.0,1.0,B01
201300031076,0,33,0,0.0,2.0,2.0,15.0,A01
201300031076,0,7,0,0.0,2.0,3.0,0.0,B01
201300031077,1,7,0,0.0,1.0,7.0,1.0,A01
201300031078,0,10,0,0.0,1.0,2.0,9.0,A01
201300031079,0,7,0,4.0,0.0,8.0,1.0,A01
201300031080,0,33,0,0.0,2.0,7.0,1.0,B01
201300031080,0,7,0,0.0,2.0,6.0,19.0,A01
201300031081,0,7,0,0.0,2.0,3.0,1.0,A01
201300031081,0,1,0,0.0,2.0,8.0,19.0,B01
201300031082,0,1,0,0.0,2.0,7.0,1.0,B01
201300031082,0,7,0,0.0,2.0,0.0,1.0,A01
201300031083,0,38,2,0.0,0.0,0.0,1.0,A01
201300031083,0,7,0,0.0,0.0,0.0,9.0,B01
201300031084,0,2,0,14.0,0.0,0.0,1.0,A01
201300031085,0,30,0,6.0,0.0,1.0,2.0,A01
201300031086,0,7,0,0.0,2.0,1.0,15.0,A01
201300031086,0,33,0,0.0,2.0,1.0,1.0,B01
201300031087,0,7,0,0.0,2.0,6.0,10.0,B01
201300031087,0,33,0,0.0,2.0,1.0,0.0,A01
201300031088,0,14,0,0.0,2.0,1.0,12.0,A01
201300031088,0,7,0,0.0,2.0,6.0,0.0,B01
201300031089,0,7,0,0.0,2.0,8.0,2.0,B01
201300031089,0,33,0,0.0,2.0,7.0,2.0,A01
201300031090,0,1,0,1.0,0.0,6.0,14.0,A01
201300031091,0,2,0,0.0,0.0,3.0,1.0,A01
201300031092,0,99,0,0.0,1.0,1.0,1.0,A01
201300031093,0,7,0,0.0,1.0,1.0,1.0,A01
201300031094,0,7,0,0.0,1.0,1.0,6.0,A01
201300031095,0,7,0,0.0,2.0,3.0,13.0,A01
201300031095,0,15,0,0.0,2.0,3.0,1.0,B01
201300031096,0,33,0,0.0,2.0,8.0,2.0,A01
201300031096,0,33,0,0.0,0.0,7.0,2.0,B01
201300031096,1,7,0,0.0,2.0,7.0,11.0,Z01
201300031097,0,10,0,0.0,2.0,4.0,2.0,B01
201300031097,0,10,0,0.0,2.0,1.0,2.0,A01
201300031098,0,7,0,0.0,0.0,1.0,16.0,A01
201300031098,0,1,0,0.0,0.0,7.0,19.0,B01
201300031099,0,7,0,0.0,2.0,5.0,15.0,A01
201300031099,0,33,0,0.0,2.0,1.0,1.0,B01
201300031100,0,7,0,13.0,0.0,1.0,0.0,A01
201300031101,0,30,0,0.0,0.0,8.0,2.0,A01
201300031102,0,7,0,0.0,0.0,4.0,24.0,B01
201300031102,0,7,0,0.0,0.0,5.0,2.0,A01
201300031103,0,7,0,16.0,0.0,9.0,0.0,A01
201300031104,0,7,0,0.0,2.0,1.0,2.0,A01
201300031104,0,7,0,0.0,0.0,4.0,2.0,B01
201300031105,0,7,0,8.0,0.0,8.0,1.0,A01
201300031106,0,7,0,0.0,2.0,8.0,0.0,B01
201300031106,0,7,0,0.0,2.0,1.0,1.0,A01
201300031107,0,7,0,0.0,2.0,3.0,4.0,B01
201300031107,0,7,0,0.0,2.0,2.0,3.0,A01
201300031108,0,7,0,0.0,2.0,1.0,1.0,B01
201300031108,0,30,0,0.0,2.0,5.0,1.0,A01
201300031109,0,10,0,0.0,2.0,3.0,5.0,C01
201300031109,0,7,0,0.0,2.0,2.0,1.0,B01
201300031109,0,7,0,0.0,2.0,1.0,9.0,A01
201300031110,0,7,0,2.0,0.0,4.0,13.0,A01
201300031111,0,7,0,0.0,2.0,4.0,2.0,A01
201300031111,0,7,0,1.0,2.0,1.0,2.0,B01
201300031112,0,7,0,8.0,0.0,7.0,1.0,A01
201300031113,0,7,0,0.0,9.0,3.0,9.0,A01
201300031113,0,1,0,0.0,2.0,5.0,16.0,B01
201300031114,0,10,0,0.0,2.0,1.0,1.0,B01
201300031114,0,7,0,0.0,2.0,3.0,11.0,A01
201300031115,0,17,0,0.0,0.0,8.0,1.0,B01
201300031115,0,14,0,7.0,2.0,1.0,15.0,A01
201300031116,0,7,0,0.0,1.0,2.0,1.0,A01
201300031117,0,7,0,2.0,9.0,1.0,0.0,A01
201300031118,0,2,0,0.0,2.0,3.0,17.0,A01
201300031118,0,7,0,0.0,2.0,3.0,1.0,B01
201300031119,0,7,0,0.0,0.0,8.0,2.0,A01
201300031119,0,1,0,0.0,2.0,0.0,0.0,B01
201300031120,0,7,0,0.0,2.0,3.0,15.0,A01
201300031120,0,31,0,0.0,2.0,1.0,1.0,B01
201300031121,0,7,0,0.0,2.0,2.0,13.0,A01
201300031121,0,33,0,0.0,2.0,1.0,13.0,B01
201300031121,0,33,0,0.0,2.0,7.0,5.0,C01
201300031122,0,7,0,0.0,2.0,3.0,14.0,A01
201300031122,0,7,0,0.0,2.0,3.0,1.0,B01
201300031123,0,31,0,0.0,2.0,0.0,2.0,B01
201300031123,0,7,0,0.0,2.0,8.0,15.0,A01
201300031124,0,7,0,8.0,0.0,1.0,2.0,A01
201300031125,0,37,1,6.0,0.0,2.0,17.0,A01
201300031126,0,7,0,0.0,9.0,2.0,1.0,A01
201300031126,0,1,0,0.0,0.0,8.0,13.0,B01
201300031127,0,1,0,0.0,0.0,4.0,2.0,B01
201300031127,0,7,0,0.0,9.0,1.0,2.0,A01
201300031128,0,7,0,0.0,2.0,6.0,13.0,A01
201300031128,0,7,0,0.0,2.0,3.0,0.0,B01
201300031129,0,33,0,0.0,2.0,1.0,1.0,A01
201300031129,0,7,0,0.0,2.0,1.0,1.0,B01
201300031130,1,2,0,0.0,0.0,0.0,0.0,B01
201300031130,0,10,0,0.0,0.0,2.0,1.0,A01
201300031131,0,7,0,0.0,2.0,6.0,17.0,A01
201300031131,0,7,0,0.0,2.0,3.0,1.0,B01
201300031132,0,33,0,0.0,0.0,2.0,1.0,A01
201300031133,0,7,0,0.0,0.0,6.0,10.0,A01
201300031133,0,37,1,0.0,2.0,3.0,1.0,B01
201300031134,0,1,0,0.0,2.0,1.0,1.0,A01
201300031134,0,7,0,0.0,2.0,3.0,0.0,B01
201300031135,0,30,0,1.0,0.0,1.0,2.0,A01
201300031135,1,7,0,0.0,0.0,0.0,2.0,Z01
201300031136,0,2,0,1.0,2.0,4.0,1.0,A01
201300031136,1,7,0,0.0,0.0,0.0,0.0,Z01
201300031137,0,7,0,0.0,1.0,1.0,0.0,A01
201300031138,0,30,0,0.0,2.0,1.0,1.0,B01
201300031138,0,10,0,0.0,2.0,8.0,9.0,A01
201300031139,0,2,0,0.0,0.0,0.0,0.0,A01
201300031140,0,7,0,0.0,2.0,1.0,13.0,A01
201300031140,0,7,0,0.0,2.0,1.0,0.0,B01
201300031140,0,30,0,0.0,2.0,3.0,1.0,C01
201300031141,0,7,0,0.0,9.0,2.0,1.0,B01
201300031141,0,1,0,0.0,2.0,1.0,9.0,A01
201300031142,0,1,0,0.0,2.0,8.0,15.0,B01
201300031142,0,7,0,0.0,2.0,1.0,17.0,A01
201300031143,0,1,0,0.0,2.0,7.0,1.0,B01
201300031143,0,10,0,0.0,2.0,3.0,9.0,A01
201300031144,2,7,0,0.0,0.0,0.0,0.0,A01
201300031144,0,7,0,0.0,0.0,6.0,23.0,B01
201300031145,0,7,0,0.0,2.0,7.0,13.0,A01
201300031145,0,7,0,0.0,2.0,1.0,16.0,B01
201300031146,0,34,0,0.0,2.0,1.0,1.0,A01
201300031146,0,7,0,0.0,2.0,2.0,20.0,B01
201300031147,0,7,0,0.0,0.0,3.0,9.0,A01
201300031147,0,2,0,0.0,0.0,7.0,0.0,B01
201300031148,0,33,0,0.0,2.0,1.0,17.0,A01
201300031148,0,10,0,0.0,2.0,1.0,1.0,B01
201300031149,0,7,0,0.0,1.0,3.0,1.0,A01
201300031150,0,7,0,0.0,2.0,2.0,11.0,A01
201300031150,0,2,0,0.0,2.0,1.0,1.0,B01
201300031151,0,10,0,1.0,0.0,7.0,1.0,A01
201300031151,0,7,0,0.0,0.0,3.0,23.0,C01
201300031151,0,7,0,0.0,0.0,1.0,23.0,D01
201300031151,0,7,0,0.0,0.0,1.0,23.0,E01
201300031151,0,7,0,0.0,2.0,1.0,1.0,B01
201300031152,0,2,0,0.0,2.0,3.0,1.0,B01
201300031152,0,7,0,0.0,2.0,8.0,15.0,A01
201300031153,0,30,0,0.0,0.0,8.0,15.0,A01
201300031154,0,7,0,0.0,1.0,2.0,1.0,A01
201300031155,0,7,0,0.0,2.0,1.0,1.0,B01
201300031155,0,7,0,0.0,2.0,8.0,1.0,C01
201300031155,0,7,0,0.0,2.0,7.0,1.0,A01
201300031156,0,1,0,0.0,2.0,1.0,15.0,A01
201300031156,0,7,0,0.0,2.0,1.0,1.0,B01
201300031157,0,7,0,1.0,1.0,3.0,13.0,A01
201300031158,0,7,0,0.0,1.0,1.0,1.0,A01
201300031159,1,7,0,0.0,1.0,1.0,1.0,A01
201300031160,0,7,0,0.0,2.0,3.0,15.0,A01
201300031160,0,33,0,0.0,2.0,5.0,17.0,B01
201300031161,0,7,0,1.0,0.0,1.0,15.0,A01
201300031161,0,33,0,0.0,0.0,0.0,21.0,B01
201300031162,0,7,0,0.0,0.0,3.0,6.0,A01
201300031162,0,33,0,0.0,2.0,1.0,21.0,B01
201300031163,0,7,0,0.0,2.0,2.0,1.0,A01
201300031163,0,1,0,0.0,2.0,6.0,15.0,B01
201300031164,0,14,0,0.0,1.0,2.0,16.0,A01
201300031165,0,7,0,0.0,1.0,1.0,1.0,A01
201300031166,0,30,0,0.0,0.0,7.0,19.0,B01
201300031166,0,7,0,0.0,2.0,1.0,3.0,A01
201300031167,0,7,0,15.0,0.0,8.0,1.0,A01
201300031168,0,10,0,11.0,0.0,1.0,1.0,A01
201300031169,0,33,0,0.0,0.0,0.0,2.0,A01
201300031170,0,31,0,8.0,0.0,2.0,1.0,A01
201300031171,0,7,0,9.0,0.0,7.0,1.0,A01
201300031172,0,7,0,0.0,1.0,7.0,1.0,A01
201300031173,0,1,0,0.0,2.0,1.0,1.0,A01
201300031173,0,7,0,0.0,9.0,1.0,2.0,B01
201300031174,0,7,0,1.0,0.0,4.0,13.0,A01
201300031175,0,2,0,0.0,2.0,8.0,5.0,A01
201300031175,0,7,0,0.0,2.0,8.0,1.0,B01
201300031176,0,7,0,0.0,0.0,2.0,1.0,A01
201300031176,0,33,0,0.0,2.0,1.0,13.0,B01
201300031177,0,33,0,0.0,2.0,1.0,17.0,A01
201300031177,0,10,0,0.0,2.0,3.0,1.0,B01
201300031178,0,7,0,0.0,0.0,9.0,1.0,A01
201300031179,0,7,0,0.0,9.0,7.0,16.0,A01
201300031179,0,33,0,0.0,2.0,8.0,1.0,B01
201300031180,0,7,0,1.0,0.0,8.0,1.0,B01
201300031180,0,7,0,0.0,2.0,1.0,1.0,A01
201300031181,1,7,0,1.0,0.0,1.0,13.0,A01
201300031182,1,7,0,0.0,1.0,0.0,1.0,A01
201300031183,0,7,0,0.0,0.0,4.0,1.0,B01
201300031183,0,30,0,0.0,2.0,1.0,1.0,A01
201300031184,0,7,0,0.0,1.0,7.0,2.0,A01
201300031185,0,7,0,0.0,1.0,2.0,1.0,A01
201300031186,0,1,0,0.0,0.0,8.0,2.0,B01
201300031186,1,7,0,0.0,9.0,7.0,2.0,A01
201300031187,0,3,0,15.0,0.0,1.0,0.0,A01
201300031188,0,10,0,8.0,0.0,1.0,14.0,A01
201300031189,0,32,0,0.0,2.0,4.0,23.0,B01
201300031189,0,7,0,0.0,2.0,4.0,23.0,C01
201300031189,0,7,0,0.0,2.0,1.0,2.0,A01
201300031190,0,7,0,0.0,1.0,2.0,1.0,A01
201300031191,0,7,0,6.0,0.0,3.0,13.0,A01
201300031192,0,7,0,0.0,1.0,2.0,1.0,A01
201300031193,0,7,0,0.0,2.0,3.0,13.0,A01
201300031193,0,7,0,0.0,2.0,3.0,1.0,B01
201300031194,0,30,0,0.0,2.0,3.0,1.0,B01
201300031194,0,30,0,0.0,2.0,3.0,13.0,A01
201300031195,0,39,0,0.0,4.0,3.0,1.0,B01
201300031195,0,7,0,0.0,9.0,6.0,1.0,A01
201300031196,0,7,0,0.0,2.0,3.0,10.0,A01
201300031196,0,7,0,0.0,2.0,2.0,1.0,B01
201300031197,0,7,0,0.0,1.0,6.0,4.0,A01
201300031198,0,2,0,0.0,0.0,0.0,13.0,A01
201300031199,0,14,0,0.0,1.0,0.0,4.0,A01
201300031200,0,33,0,0.0,0.0,8.0,1.0,B01
201300031200,0,7,0,0.0,2.0,3.0,19.0,A01
201300031201,0,7,0,0.0,2.0,1.0,1.0,B01
201300031201,0,33,0,0.0,2.0,1.0,5.0,A01
201300031202,0,7,0,0.0,1.0,2.0,0.0,A01
201300031203,0,7,0,0.0,0.0,2.0,1.0,A01
201300031203,0,30,0,0.0,2.0,1.0,0.0,B01
201300031204,2,7,0,7.0,0.0,1.0,6.0,A01
201300031205,0,7,0,0.0,1.0,2.0,0.0,A01
201300031206,0,30,0,0.0,0.0,0.0,0.0,B01
201300031206,0,7,0,0.0,0.0,0.0,0.0,A01
201300031207,0,30,0,0.0,2.0,1.0,1.0,B01
201300031207,0,7,0,0.0,2.0,8.0,15.0,A01
201300031208,0,7,0,0.0,1.0,0.0,0.0,A01
201300031209,0,7,0,0.0,1.0,3.0,1.0,A01
201300031210,0,7,0,0.0,1.0,3.0,1.0,A01
201300031211,0,7,0,1.0,0.0,1.0,14.0,A01
201300031211,0,7,0,0.0,0.0,0.0,0.0,B01
201300031212,0,7,0,0.0,1.0,8.0,15.0,A01
201300031213,0,7,0,9.0,1.0,1.0,13.0,A01
201300031214,0,7,0,7.0,0.0,7.0,0.0,A01
201300031215,0,7,0,0.0,1.0,2.0,2.0,A01
201300031216,0,7,0,0.0,1.0,1.0,6.0,A01
201300031217,0,7,0,0.0,1.0,4.0,4.0,A01
201300031218,0,7,0,0.0,2.0,3.0,15.0,A01
201300031218,0,33,0,0.0,2.0,1.0,1.0,B01
201300031219,0,7,0,0.0,2.0,2.0,19.0,B01
201300031219,0,7,0,0.0,2.0,2.0,19.0,A01
201300031220,0,7,0,0.0,1.0,1.0,0.0,A01
201300031221,0,7,0,0.0,1.0,1.0,1.0,A01
201300031222,0,33,0,0.0,9.0,1.0,2.0,A01
201300031223,0,7,0,0.0,2.0,3.0,5.0,A01
201300031223,0,30,0,0.0,2.0,1.0,0.0,B01
201300031224,0,7,0,0.0,1.0,1.0,16.0,A01
201300031225,0,7,0,0.0,1.0,4.0,4.0,A01
201300031226,2,7,0,0.0,2.0,1.0,1.0,A01
201300031226,0,7,0,0.0,2.0,2.0,16.0,B01
201300031227,0,7,0,0.0,0.0,6.0,2.0,A01
201300031227,0,30,0,0.0,2.0,1.0,2.0,B01
201300031228,0,30,0,0.0,2.0,1.0,17.0,A01
201300031228,0,7,0,0.0,2.0,8.0,1.0,B01
201300031228,0,7,0,0.0,2.0,3.0,1.0,C01
201300031229,0,7,0,0.0,1.0,2.0,11.0,A01
201300031230,0,1,0,0.0,2.0,1.0,19.0,B01
201300031230,0,7,0,0.0,2.0,5.0,2.0,A01
201300031231,0,7,0,0.0,1.0,3.0,15.0,A01
201300031232,0,7,0,0.0,1.0,3.0,1.0,A01
201300031233,1,7,0,0.0,1.0,1.0,16.0,Z01
201300031234,0,7,0,0.0,2.0,1.0,5.0,A01
201300031234,0,7,0,0.0,2.0,2.0,1.0,B01
201300031235,0,7,0,0.0,0.0,8.0,1.0,A01
201300031235,1,99,0,0.0,2.0,0.0,15.0,B01
201300031236,0,99,0,0.0,2.0,1.0,0.0,A01
201300031236,0,15,0,0.0,0.0,5.0,1.0,B01
201300031237,0,7,0,6.0,0.0,3.0,0.0,A01
201300031238,0,2,0,0.0,2.0,1.0,5.0,A01
201300031238,0,7,0,0.0,0.0,8.0,1.0,B01
201300031239,0,10,0,0.0,2.0,2.0,1.0,B01
201300031239,0,7,0,3.0,2.0,3.0,5.0,A01
201300031240,0,7,0,0.0,9.0,2.0,0.0,A01
201300031240,0,1,0,0.0,2.0,3.0,0.0,B01
201300031241,0,33,0,0.0,0.0,8.0,0.0,B01
201300031241,0,7,0,0.0,0.0,0.0,5.0,A01
201300031242,0,33,0,6.0,0.0,3.0,0.0,A01
201300031243,0,31,0,15.0,2.0,1.0,5.0,A01
201300031243,0,7,0,0.0,2.0,2.0,1.0,B01
201300031244,0,7,0,0.0,0.0,7.0,15.0,A01
201300031244,0,33,0,0.0,2.0,1.0,0.0,B01
201300031245,0,10,0,0.0,2.0,3.0,9.0,A01
201300031245,0,2,0,0.0,2.0,1.0,9.0,B01
201300031246,0,7,0,0.0,1.0,1.0,1.0,A01
201300031247,0,33,0,0.0,2.0,1.0,1.0,B01
201300031247,0,7,0,0.0,2.0,7.0,15.0,A01
201300031248,0,2,0,0.0,2.0,0.0,15.0,A01
201300031248,0,7,0,0.0,0.0,1.0,1.0,B01
201300031249,0,3,0,0.0,2.0,3.0,13.0,A01
201300031249,0,7,0,0.0,2.0,3.0,1.0,B01
201300031250,0,7,0,0.0,2.0,1.0,2.0,A01
201300031250,0,7,0,0.0,0.0,4.0,2.0,C01
201300031250,0,7,0,0.0,0.0,4.0,2.0,B01
201300031251,0,7,0,0.0,1.0,2.0,1.0,A01
201300031252,0,7,0,0.0,0.0,0.0,0.0,A01
201300031252,0,7,0,0.0,0.0,0.0,0.0,B01
201300031252,0,14,0,0.0,0.0,0.0,0.0,C01
201300031253,1,7,0,0.0,1.0,2.0,1.0,A01
201300031254,0,15,0,0.0,0.0,7.0,6.0,A01
201300031254,0,7,0,14.0,0.0,1.0,1.0,B01
201300031255,0,7,0,1.0,1.0,1.0,1.0,A01
201300031256,0,10,0,15.0,1.0,1.0,0.0,A01
201300031257,0,7,0,0.0,2.0,1.0,1.0,B01
201300031257,0,7,0,8.0,0.0,5.0,19.0,A01
201300031258,0,1,0,0.0,2.0,4.0,1.0,B01
201300031258,1,7,0,0.0,2.0,2.0,14.0,A01
201300031259,0,7,0,0.0,2.0,1.0,1.0,A01
201300031259,0,7,0,0.0,0.0,4.0,15.0,B01
201300031260,1,7,0,0.0,2.0,5.0,12.0,Z01
201300031260,0,2,0,0.0,2.0,3.0,1.0,A01
201300031261,0,7,0,0.0,2.0,2.0,15.0,A01
201300031261,0,7,0,0.0,2.0,1.0,1.0,B01
201300031262,0,7,0,0.0,2.0,2.0,1.0,B01
201300031262,0,7,0,0.0,2.0,3.0,0.0,A01
201300031263,0,7,0,0.0,2.0,2.0,9.0,A01
201300031263,0,7,0,0.0,2.0,2.0,1.0,B01
201300031264,0,7,0,0.0,1.0,1.0,0.0,A01
201300031265,0,7,0,0.0,2.0,2.0,17.0,A01
201300031265,0,7,0,0.0,2.0,8.0,16.0,B01
201300031266,0,33,0,9.0,2.0,8.0,0.0,B01
201300031266,0,7,0,0.0,2.0,2.0,1.0,A01
201300031267,0,33,0,16.0,2.0,3.0,13.0,A01
201300031267,0,7,0,0.0,2.0,3.0,1.0,B01
201300031268,0,2,0,0.0,1.0,0.0,0.0,A01
201300031269,0,7,0,0.0,1.0,2.0,23.0,A01
201300031269,0,7,0,0.0,2.0,1.0,2.0,B01
201300031270,0,1,0,1.0,0.0,1.0,1.0,B01
201300031270,0,7,0,0.0,2.0,8.0,22.0,A01
201300031271,0,7,0,0.0,1.0,1.0,1.0,A01
201300031272,0,7,0,0.0,2.0,1.0,5.0,A01
201300031272,0,7,0,0.0,2.0,1.0,1.0,B01
201300031273,0,7,0,0.0,2.0,4.0,0.0,A01
201300031273,0,33,0,0.0,2.0,1.0,2.0,B01
201300031274,1,7,0,0.0,0.0,0.0,0.0,Z01
201300031274,0,7,0,0.0,0.0,0.0,0.0,A01
201300031275,0,7,0,0.0,1.0,0.0,0.0,A01
201300031276,0,2,0,0.0,0.0,0.0,0.0,A01
201300031276,0,7,0,0.0,0.0,0.0,0.0,B01
201300031277,0,7,0,0.0,1.0,7.0,0.0,A01
201300031278,0,7,0,0.0,1.0,0.0,0.0,A01
201300031279,1,7,0,0.0,1.0,7.0,9.0,A01
201300031280,0,7,0,1.0,2.0,6.0,1.0,B01
201300031280,0,99,0,0.0,2.0,1.0,1.0,A01
201300031281,0,7,0,0.0,2.0,3.0,0.0,A01
201300031281,0,2,0,1.0,2.0,8.0,0.0,B01
201300031282,0,20,0,0.0,2.0,2.0,9.0,A01
201300031282,0,7,0,0.0,2.0,3.0,0.0,B01
201300031283,0,7,0,0.0,0.0,8.0,10.0,A01
201300031283,0,32,0,0.0,2.0,7.0,1.0,B01
201300031284,0,7,0,0.0,1.0,3.0,1.0,A01
201300031285,0,7,0,0.0,1.0,1.0,0.0,A01
201300031286,0,7,0,0.0,2.0,2.0,15.0,A01
201300031286,0,30,0,0.0,2.0,1.0,1.0,B01
201300031287,0,7,0,0.0,1.0,3.0,1.0,A01
201300031288,0,7,0,0.0,2.0,6.0,10.0,A01
201300031288,0,30,0,0.0,2.0,1.0,1.0,B01
201300031289,0,7,0,0.0,2.0,1.0,1.0,A01
201300031289,0,7,0,0.0,2.0,3.0,15.0,B01
201300031290,0,7,0,0.0,2.0,5.0,9.0,A01
201300031290,0,31,0,0.0,2.0,1.0,1.0,B01
201300031291,0,7,0,0.0,2.0,3.0,1.0,B01
201300031291,0,7,0,0.0,0.0,1.0,15.0,A01
201300031292,0,2,0,0.0,2.0,1.0,1.0,B01
201300031292,0,7,0,0.0,2.0,3.0,16.0,A01
201300031293,0,3,0,1.0,0.0,1.0,0.0,A01
201300031294,0,7,0,0.0,2.0,3.0,9.0,A01
201300031294,0,33,0,0.0,2.0,1.0,2.0,B01
201300031295,0,31,0,0.0,2.0,1.0,13.0,A01
201300031295,0,10,0,0.0,2.0,1.0,1.0,B01
201300031296,0,7,0,0.0,1.0,1.0,1.0,A01
201300031297,0,7,0,1.0,0.0,1.0,14.0,A01
201300031297,0,7,0,0.0,0.0,1.0,24.0,C01
201300031297,0,7,0,1.0,0.0,4.0,24.0,B01
201300031298,0,7,0,0.0,2.0,2.0,15.0,A01
201300031298,0,1,0,0.0,2.0,1.0,1.0,B01
201300031299,2,7,0,0.0,2.0,1.0,13.0,A01
201300031299,0,7,0,0.0,2.0,1.0,1.0,B01
201300031300,0,7,0,0.0,2.0,1.0,13.0,A01
201300031300,0,37,1,0.0,2.0,1.0,1.0,B01
201300031301,0,7,0,15.0,0.0,1.0,13.0,A01
201300031302,0,2,0,0.0,2.0,1.0,1.0,B01
201300031302,0,7,0,0.0,2.0,3.0,16.0,A01
201300031303,0,30,0,0.0,0.0,0.0,16.0,A01
201300031304,0,33,0,0.0,0.0,0.0,1.0,B01
201300031304,0,7,0,0.0,0.0,0.0,10.0,A01
201300031305,0,7,0,8.0,0.0,9.0,13.0,A01
201300031306,0,17,0,0.0,2.0,2.0,15.0,A01
201300031306,0,31,0,0.0,2.0,1.0,1.0,B01
201300031307,0,7,0,0.0,1.0,1.0,1.0,A01
201300031308,0,7,0,7.0,2.0,7.0,1.0,A01
201300031308,0,7,0,0.0,2.0,1.0,2.0,B01
201300031309,0,30,0,8.0,0.0,0.0,14.0,A01
201300031310,0,1,0,0.0,2.0,1.0,1.0,A01
201300031310,0,7,0,0.0,2.0,3.0,15.0,B01
201300031311,0,7,0,0.0,2.0,8.0,6.0,A01
201300031311,0,7,0,0.0,2.0,2.0,1.0,B01
201300031311,0,17,0,0.0,2.0,1.0,1.0,C01
201300031312,0,7,0,0.0,9.0,2.0,17.0,A01
201300031312,0,20,0,0.0,2.0,6.0,1.0,B01
201300031313,1,7,0,0.0,1.0,1.0,1.0,Z01
201300031314,0,7,0,0.0,2.0,1.0,13.0,A01
201300031314,0,7,0,0.0,2.0,1.0,1.0,B01
201300031315,0,7,0,0.0,1.0,1.0,15.0,A01
201300031316,0,7,0,0.0,2.0,2.0,1.0,B01
201300031316,0,3,0,0.0,2.0,3.0,0.0,A01
201300031317,0,7,0,0.0,9.0,1.0,2.0,A01
201300031317,0,1,0,0.0,2.0,8.0,19.0,B01
201300031318,0,7,0,0.0,9.0,1.0,2.0,A01
201300031318,0,1,0,0.0,2.0,4.0,19.0,B01
201300031319,0,7,0,0.0,1.0,1.0,15.0,A01
201300031320,0,30,0,0.0,2.0,8.0,15.0,B01
201300031320,0,7,0,0.0,2.0,1.0,9.0,A01
201300031321,0,7,0,0.0,2.0,6.0,1.0,B01