Num_Acc,senc,catv,occutc,obs,obsm,choc,manv,num_veh
201300031321,0,7,0,0.0,2.0,3.0,1.0,A01
201300031322,0,7,0,0.0,1.0,7.0,1.0,A01
201300031323,0,7,0,0.0,2.0,2.0,1.0,B01
201300031323,0,30,0,0.0,2.0,0.0,1.0,A01
201300031324,0,7,0,1.0,0.0,1.0,1.0,A01
201300031325,0,33,0,0.0,2.0,1.0,1.0,B01
201300031325,0,7,0,0.0,2.0,2.0,1.0,A01
201300031326,0,7,0,0.0,1.0,1.0,16.0,A01
201300031327,0,33,0,0.0,2.0,1.0,17.0,A01
201300031327,0,7,0,0.0,2.0,8.0,15.0,B01
201300031328,0,7,0,0.0,1.0,0.0,1.0,A01
201300031329,0,7,0,6.0,0.0,1.0,13.0,A01
201300031330,0,37,8,0.0,9.0,0.0,16.0,A01
201300031330,0,1,0,0.0,2.0,0.0,16.0,B01
201300031331,0,7,0,0.0,2.0,3.0,15.0,A01
201300031331,0,30,0,0.0,2.0,1.0,17.0,B01
201300031332,0,7,0,0.0,2.0,8.0,15.0,A01
201300031332,0,33,0,0.0,2.0,1.0,1.0,B01
201300031333,0,1,0,0.0,2.0,4.0,1.0,B01
201300031333,1,7,0,0.0,2.0,0.0,1.0,Z01
201300031334,0,7,0,9.0,0.0,2.0,14.0,A01
201300031335,0,7,0,0.0,2.0,2.0,1.0,A01
201300031335,0,30,0,0.0,2.0,1.0,13.0,B01
201300031336,0,7,0,0.0,2.0,1.0,1.0,B01
201300031336,0,1,0,0.0,2.0,8.0,19.0,A01
201300031337,0,7,0,0.0,1.0,3.0,1.0,A01
201300031338,1,7,0,0.0,2.0,1.0,15.0,Z01
201300031338,0,35,0,0.0,2.0,8.0,1.0,A01
201300031339,0,10,0,0.0,2.0,3.0,11.0,A01
201300031339,0,2,0,0.0,2.0,1.0,1.0,B01
201300031340,0,30,0,0.0,2.0,1.0,1.0,B01
201300031340,0,7,0,0.0,2.0,1.0,1.0,A01
201300031341,0,37,1,0.0,1.0,1.0,1.0,A01
201300031342,0,37,1,0.0,1.0,1.0,1.0,A01
201300031343,0,7,0,0.0,1.0,2.0,1.0,A01
201300031344,0,7,0,8.0,0.0,1.0,15.0,A01
201300031345,0,7,0,0.0,1.0,1.0,1.0,A01
201300031346,0,31,0,0.0,2.0,1.0,2.0,B01
201300031346,0,7,0,0.0,2.0,3.0,9.0,A01
201300031347,0,7,0,0.0,2.0,3.0,9.0,A01
201300031347,0,33,0,1.0,2.0,1.0,2.0,B01
201300031347,0,7,0,0.0,0.0,1.0,24.0,C01
201300031348,0,7,0,0.0,1.0,3.0,19.0,A01
201300031349,0,37,1,0.0,2.0,1.0,1.0,A01
201300031349,0,7,0,0.0,2.0,4.0,1.0,B01
201300031350,0,10,0,0.0,2.0,0.0,21.0,A01
201300031350,1,7,0,0.0,9.0,0.0,1.0,Z01
201300031351,0,7,0,0.0,1.0,1.0,15.0,A01
201300031352,0,7,0,0.0,2.0,1.0,15.0,A01
201300031352,0,2,0,0.0,2.0,8.0,0.0,B01
201300031353,0,16,0,0.0,2.0,6.0,1.0,B01
201300031353,0,3,0,0.0,2.0,3.0,14.0,A01
201300031354,0,7,0,0.0,2.0,2.0,1.0,B01
201300031354,0,7,0,0.0,2.0,8.0,19.0,A01
201300031355,0,2,0,0.0,2.0,1.0,17.0,A01
201300031355,0,7,0,0.0,0.0,3.0,10.0,B01
201300031356,0,7,0,3.0,0.0,2.0,17.0,A01
201300031356,0,7,0,0.0,0.0,8.0,1.0,B01
201300031357,0,7,0,0.0,0.0,7.0,17.0,A01
201300031358,0,14,0,0.0,1.0,8.0,15.0,A01
201300031359,0,30,0,0.0,2.0,1.0,1.0,B01
201300031359,0,7,0,0.0,9.0,7.0,15.0,A01
201300031360,0,7,0,0.0,2.0,2.0,1.0,A01
201300031360,0,1,0,0.0,2.0,8.0,19.0,B01
201300031361,0,33,0,6.0,0.0,1.0,0.0,A01
201300031362,0,32,0,0.0,2.0,7.0,1.0,B01
201300031362,0,7,0,0.0,2.0,2.0,14.0,A01
201300031363,0,7,0,0.0,2.0,3.0,0.0,A01
201300031363,0,7,0,0.0,2.0,2.0,0.0,B01
201300031364,0,7,0,0.0,9.0,7.0,2.0,A01
201300031364,0,30,0,0.0,2.0,8.0,2.0,B01
201300031365,0,7,0,0.0,9.0,2.0,2.0,A01
201300031365,0,1,0,0.0,2.0,4.0,2.0,B01
201300031366,0,32,0,0.0,2.0,1.0,21.0,A01
201300031366,1,7,0,0.0,9.0,6.0,9.0,Z01
201300031367,0,7,0,0.0,2.0,1.0,1.0,A01
201300031367,0,3,0,0.0,2.0,9.0,19.0,B01
201300031368,0,2,0,0.0,2.0,7.0,0.0,A01
201300031368,0,7,0,0.0,2.0,3.0,2.0,B01
201300031369,0,7,0,1.0,9.0,1.0,5.0,A01
201300031369,0,33,0,0.0,2.0,1.0,1.0,B01
201300031370,0,10,0,0.0,2.0,1.0,15.0,B01
201300031370,0,33,0,1.0,2.0,1.0,17.0,A01
201300031371,0,7,0,0.0,1.0,1.0,0.0,A01
201300031372,0,7,0,6.0,0.0,1.0,1.0,A01
201300031373,0,7,0,0.0,1.0,1.0,0.0,A01
201300031374,0,31,0,0.0,2.0,1.0,1.0,A01
201300031374,0,7,0,0.0,9.0,1.0,15.0,B01
201300031375,0,7,0,0.0,1.0,1.0,1.0,A01
201300031376,0,7,0,1.0,0.0,1.0,1.0,A01
201300031377,0,7,0,0.0,9.0,8.0,1.0,A01
201300031377,0,1,0,0.0,2.0,7.0,19.0,B01
201300031378,0,7,0,0.0,2.0,3.0,1.0,B01
201300031378,0,7,0,0.0,2.0,1.0,10.0,A01
201300031379,0,7,0,0.0,2.0,1.0,2.0,A01
201300031379,0,7,0,0.0,0.0,4.0,2.0,B01
201300031380,0,7,0,0.0,1.0,1.0,1.0,A01
201300031381,0,7,0,0.0,0.0,4.0,1.0,C01
201300031381,2,7,0,1.0,2.0,1.0,0.0,A01
201300031382,0,7,0,0.0,2.0,2.0,5.0,A01
201300031382,0,37,1,0.0,2.0,1.0,1.0,B01
201300031383,0,7,0,0.0,1.0,2.0,21.0,A01
201300031384,0,7,0,0.0,1.0,1.0,1.0,A01
201300031385,0,7,0,0.0,9.0,2.0,2.0,A01
201300031385,0,1,0,0.0,0.0,4.0,1.0,B01
201300031386,0,7,0,0.0,1.0,2.0,1.0,A01
201300031387,0,7,0,0.0,2.0,1.0,1.0,B01
201300031387,0,7,0,0.0,2.0,6.0,0.0,A01
201300031388,0,7,0,0.0,1.0,1.0,17.0,A01
201300031389,0,7,0,0.0,1.0,2.0,1.0,A01
201300031390,1,7,0,0.0,1.0,0.0,1.0,A01
201300031391,0,7,0,6.0,0.0,1.0,16.0,A01
201300031392,0,7,0,0.0,1.0,3.0,1.0,A01
201300031393,0,30,0,0.0,2.0,7.0,21.0,A01
201300031393,0,7,0,0.0,2.0,3.0,20.0,B01
201300031394,0,7,0,0.0,2.0,1.0,2.0,B01
201300031394,0,7,0,0.0,0.0,4.0,1.0,A01
201300031395,0,30,0,0.0,1.0,1.0,1.0,A01
201300031396,0,7,0,0.0,2.0,3.0,0.0,A01
201300031396,0,33,0,0.0,2.0,1.0,0.0,B01
201300031397,0,7,0,0.0,2.0,1.0,9.0,A01
201300031397,0,32,0,0.0,2.0,5.0,1.0,B01
201300031398,0,7,0,0.0,1.0,0.0,1.0,A01
201300031399,0,7,0,0.0,2.0,0.0,13.0,A01
201300031399,0,30,0,0.0,2.0,1.0,1.0,B01
201300031400,0,7,0,0.0,0.0,1.0,0.0,A01
201300031401,0,10,0,0.0,1.0,1.0,1.0,A01
201300031402,0,1,0,1.0,0.0,0.0,1.0,A01
201300031403,0,7,0,0.0,0.0,1.0,15.0,A01
201300031403,0,33,0,0.0,0.0,8.0,1.0,B01
201300031404,0,10,0,0.0,1.0,2.0,15.0,A01
201300031405,0,7,0,0.0,2.0,3.0,19.0,A01
201300031405,0,33,0,0.0,2.0,1.0,1.0,B01
201300031406,0,30,0,0.0,2.0,1.0,1.0,A01
201300031406,0,7,0,0.0,0.0,6.0,20.0,B01
201300031407,0,7,0,0.0,9.0,3.0,1.0,B01
201300031407,0,30,0,0.0,2.0,2.0,1.0,A01
201300031408,0,7,0,0.0,1.0,4.0,4.0,A01
201300031409,0,31,0,0.0,0.0,1.0,0.0,A01
201300031409,0,32,0,0.0,0.0,8.0,1.0,B01
201300031410,1,7,0,0.0,0.0,0.0,0.0,A01
201300031410,0,30,0,0.0,0.0,0.0,23.0,B01
201300031411,0,7,0,1.0,0.0,1.0,1.0,A01
201300031412,0,7,0,0.0,2.0,3.0,16.0,A01
201300031412,0,7,0,0.0,2.0,1.0,1.0,B01
201300031412,0,7,0,0.0,2.0,4.0,24.0,C01
201300031413,0,7,0,0.0,2.0,7.0,1.0,B01
201300031413,0,30,0,0.0,2.0,1.0,0.0,A01
201300031414,0,7,0,0.0,1.0,1.0,1.0,A01
201300031415,0,7,0,8.0,0.0,2.0,1.0,A01
201300031416,0,1,0,1.0,0.0,0.0,1.0,A01
201300031417,0,33,0,0.0,2.0,1.0,1.0,A01
201300031417,0,7,0,0.0,0.0,3.0,1.0,B01
201300031418,0,7,0,0.0,2.0,7.0,16.0,A01
201300031418,0,7,0,0.0,2.0,1.0,1.0,B01
201300031419,0,7,0,0.0,0.0,1.0,1.0,A01
201300031419,0,7,0,0.0,2.0,3.0,1.0,B01
201300031420,0,7,0,0.0,1.0,3.0,1.0,A01
201300031421,0,7,0,0.0,0.0,3.0,1.0,B01
201300031421,0,7,0,0.0,0.0,1.0,1.0,A01
201300031422,0,7,0,0.0,2.0,1.0,5.0,A01
201300031422,0,7,0,0.0,2.0,1.0,1.0,B01
201300031423,0,7,0,0.0,2.0,0.0,1.0,B01
201300031423,0,7,0,0.0,2.0,3.0,1.0,A01
201300031424,1,7,0,0.0,1.0,0.0,0.0,A01
201300031425,0,7,0,3.0,0.0,0.0,0.0,A01
201300031426,0,7,0,0.0,2.0,1.0,1.0,B01
201300031426,0,7,0,0.0,0.0,7.0,1.0,A01
201300031427,0,30,0,0.0,2.0,0.0,9.0,A01
201300031427,0,7,0,0.0,2.0,1.0,1.0,B01
201300031428,0,7,0,0.0,2.0,3.0,10.0,A01
201300031428,0,33,0,0.0,2.0,1.0,1.0,B01
201300031429,0,31,0,0.0,0.0,0.0,0.0,A01
201300031430,0,31,0,0.0,2.0,1.0,1.0,B01
201300031430,0,7,0,0.0,2.0,0.0,15.0,A01
201300031431,0,7,0,0.0,1.0,2.0,1.0,A01
201300031432,0,33,0,0.0,2.0,1.0,1.0,B01
201300031432,0,7,0,0.0,2.0,8.0,9.0,A01
201300031433,0,7,0,0.0,2.0,1.0,1.0,B01
201300031433,0,7,0,0.0,2.0,2.0,15.0,A01
201300031434,0,7,0,0.0,9.0,6.0,1.0,B01
201300031434,0,2,0,0.0,2.0,1.0,1.0,A01
201300031435,0,7,0,0.0,1.0,1.0,1.0,A01
201300031436,0,7,0,0.0,1.0,3.0,1.0,A01
201300031437,0,1,0,0.0,2.0,1.0,5.0,A01
201300031437,0,7,0,0.0,9.0,3.0,1.0,B01
201300031438,0,7,0,0.0,2.0,1.0,5.0,A01
201300031438,0,7,0,0.0,2.0,3.0,1.0,B01
201300031439,0,7,0,0.0,2.0,1.0,1.0,B01
201300031439,0,7,0,0.0,2.0,7.0,15.0,A01
201300031440,0,7,0,0.0,1.0,6.0,20.0,A01
201300031441,0,7,0,0.0,1.0,7.0,1.0,A01
201300031442,0,1,0,0.0,2.0,0.0,0.0,A01
201300031442,0,7,0,0.0,0.0,0.0,0.0,B01
201300031443,0,7,0,0.0,2.0,1.0,1.0,D01
201300031443,0,7,0,0.0,2.0,1.0,1.0,C01
201300031443,0,7,0,0.0,2.0,1.0,5.0,A01
201300031443,0,7,0,0.0,2.0,6.0,1.0,B01
201300031444,0,7,0,0.0,0.0,8.0,24.0,B01
201300031444,0,7,0,1.0,0.0,1.0,2.0,A01
201300031445,0,7,0,0.0,2.0,1.0,1.0,B01
201300031445,0,7,0,0.0,2.0,1.0,17.0,A01
201300031445,0,7,0,0.0,0.0,8.0,23.0,C01
201300031446,0,37,1,0.0,1.0,2.0,0.0,A01
201300031447,0,7,0,0.0,2.0,2.0,21.0,A01
201300031447,0,1,0,0.0,0.0,3.0,23.0,B01
201300031448,0,7,0,0.0,2.0,1.0,1.0,B01
201300031448,0,10,0,0.0,2.0,3.0,1.0,A01
201300031449,0,7,0,0.0,0.0,2.0,1.0,A01
201300031450,0,7,0,8.0,0.0,1.0,2.0,A01
201300031451,0,1,0,0.0,2.0,8.0,15.0,B01
201300031451,1,7,0,0.0,2.0,3.0,15.0,A01
201300031452,0,7,0,15.0,0.0,1.0,14.0,A01
201300031453,0,2,0,0.0,2.0,3.0,13.0,A01
201300031453,0,7,0,0.0,2.0,3.0,1.0,B01
201300031454,0,7,0,0.0,0.0,2.0,2.0,A01
201300031454,0,3,0,0.0,0.0,6.0,2.0,B01
201300031455,0,33,0,0.0,2.0,1.0,17.0,A01
201300031455,0,7,0,0.0,2.0,3.0,15.0,B01
201300031456,0,7,0,0.0,0.0,3.0,0.0,C01
201300031456,0,7,0,0.0,0.0,3.0,0.0,A01
201300031456,0,7,0,0.0,0.0,3.0,0.0,B01
201300031457,0,7,0,0.0,1.0,2.0,1.0,A01
201300031458,0,7,0,0.0,2.0,1.0,5.0,A01
201300031458,0,7,0,0.0,2.0,1.0,1.0,B01
201300031459,0,33,0,14.0,0.0,0.0,21.0,A01
201300031460,1,7,0,0.0,1.0,0.0,0.0,Z01
201300031461,0,31,0,0.0,2.0,9.0,21.0,A01
201300031461,0,7,0,0.0,2.0,3.0,9.0,B01
201300031461,0,10,0,0.0,2.0,3.0,1.0,C01
201300031462,0,7,0,0.0,2.0,1.0,1.0,A01
201300031462,0,1,0,0.0,2.0,0.0,1.0,B01
201300031463,0,7,0,14.0,0.0,2.0,5.0,A01
201300031464,0,2,0,0.0,0.0,4.0,2.0,A01
201300031464,1,7,0,0.0,2.0,1.0,0.0,Z01
201300031465,0,2,0,0.0,2.0,1.0,19.0,A01
201300031465,0,7,0,0.0,0.0,3.0,19.0,B01
201300031466,0,7,0,0.0,2.0,7.0,1.0,A01
201300031466,0,7,0,0.0,2.0,1.0,1.0,B01
201300031467,0,21,0,0.0,1.0,3.0,0.0,A01
201300031467,0,7,0,0.0,2.0,6.0,1.0,B01
201300031468,1,99,0,0.0,0.0,0.0,0.0,A01
201300031468,0,1,0,0.0,2.0,6.0,2.0,B01
201300031469,0,7,0,8.0,0.0,2.0,0.0,A01
201300031470,0,2,0,0.0,2.0,3.0,15.0,B01
201300031470,0,7,0,0.0,2.0,1.0,1.0,A01
201300031471,0,7,0,0.0,1.0,1.0,1.0,A01
201300031472,0,30,0,0.0,2.0,1.0,21.0,B01
201300031472,0,7,0,0.0,2.0,1.0,15.0,A01
201300031473,1,7,0,0.0,2.0,8.0,1.0,A01
201300031473,0,30,0,0.0,2.0,8.0,1.0,B01
201300031474,0,30,0,0.0,2.0,8.0,11.0,A01
201300031474,0,7,0,0.0,2.0,3.0,1.0,B01
201300031475,0,7,0,0.0,1.0,3.0,1.0,A01
201300031476,0,7,0,0.0,2.0,1.0,1.0,A01
201300031476,0,7,0,7.0,2.0,3.0,1.0,B01
201300031477,0,7,0,0.0,9.0,1.0,0.0,A01
201300031477,0,1,0,0.0,2.0,1.0,13.0,B01
201300031478,0,7,0,0.0,2.0,1.0,1.0,A01
201300031478,0,1,0,1.0,2.0,8.0,1.0,B01
201300031479,0,10,0,0.0,1.0,2.0,1.0,A01
201300031480,0,7,0,0.0,1.0,2.0,2.0,A01
201300031481,0,37,30,0.0,1.0,7.0,1.0,A01
201300031482,0,7,0,0.0,2.0,1.0,1.0,A01
201300031482,0,7,0,0.0,2.0,3.0,16.0,B01
201300031483,0,7,0,2.0,0.0,1.0,1.0,A01
201300031484,0,7,0,0.0,2.0,8.0,15.0,A01
201300031484,0,31,0,0.0,2.0,1.0,21.0,B01
201300031485,0,7,0,0.0,2.0,3.0,1.0,B01
201300031485,0,30,0,0.0,2.0,0.0,1.0,A01
201300031486,0,7,0,0.0,1.0,3.0,1.0,A01
201300031487,0,7,0,2.0,0.0,8.0,13.0,A01
201300031488,0,30,0,0.0,2.0,1.0,2.0,B01
201300031488,0,7,0,0.0,2.0,8.0,2.0,A01
201300031489,0,7,0,0.0,2.0,3.0,2.0,A01
201300031489,0,1,0,0.0,2.0,1.0,19.0,B01
201300031490,0,7,0,2.0,0.0,2.0,2.0,A01
201300031491,0,7,0,0.0,2.0,2.0,19.0,A01
201300031491,0,10,0,15.0,2.0,1.0,1.0,B01
201300031492,0,7,0,0.0,2.0,1.0,0.0,A01
201300031492,0,7,0,0.0,0.0,8.0,0.0,B01
201300031493,0,1,0,0.0,2.0,4.0,5.0,A01
201300031493,0,7,0,0.0,2.0,6.0,0.0,B01
201300031494,0,7,0,0.0,2.0,1.0,15.0,A01
201300031494,0,7,0,0.0,2.0,3.0,5.0,B01
201300031495,0,7,0,2.0,0.0,1.0,1.0,A01
201300031496,0,7,0,0.0,2.0,1.0,15.0,A01
201300031496,0,30,0,0.0,2.0,1.0,1.0,B01
201300031497,0,7,0,0.0,2.0,0.0,0.0,A01
201300031497,0,7,0,0.0,2.0,0.0,13.0,B01
201300031498,0,7,0,0.0,2.0,1.0,2.0,A01
201300031498,0,7,0,0.0,0.0,4.0,1.0,B01
201300031499,0,7,0,0.0,2.0,2.0,10.0,A01
201300031499,0,32,0,0.0,2.0,1.0,1.0,B01
201300031500,0,31,0,0.0,2.0,1.0,1.0,B01
201300031500,0,7,0,0.0,2.0,8.0,9.0,A01
201300031501,0,30,0,1.0,0.0,9.0,1.0,A01
201300031502,0,7,0,0.0,2.0,3.0,1.0,A01
201300031502,0,1,0,0.0,2.0,1.0,1.0,B01
201300031503,0,7,0,0.0,4.0,1.0,1.0,A01
201300031503,0,40,0,0.0,2.0,8.0,1.0,B01
201300031504,0,31,0,0.0,1.0,1.0,1.0,A01
201300031505,0,7,0,6.0,0.0,1.0,14.0,A01
201300031506,0,7,0,0.0,2.0,1.0,15.0,A01
201300031506,0,7,0,0.0,2.0,1.0,1.0,B01
201300031507,1,99,0,0.0,0.0,0.0,0.0,Z01
201300031507,0,30,0,0.0,2.0,4.0,2.0,B01
201300031508,0,7,0,0.0,2.0,3.0,9.0,A01
201300031508,0,1,0,0.0,2.0,2.0,1.0,B01
201300031509,0,7,0,3.0,2.0,1.0,16.0,A01
201300031509,0,7,0,0.0,2.0,3.0,1.0,B01
201300031510,0,7,0,9.0,0.0,1.0,14.0,A01
201300031511,0,7,0,0.0,1.0,1.0,1.0,B01
201300031512,0,7,0,0.0,2.0,1.0,0.0,A01
201300031512,0,15,0,0.0,2.0,3.0,1.0,B01
201300031513,0,7,0,0.0,2.0,2.0,1.0,A01
201300031513,0,33,0,0.0,2.0,8.0,1.0,B01
201300031514,0,7,0,0.0,1.0,3.0,1.0,A01
201300031515,0,7,0,2.0,2.0,1.0,1.0,A01
201300031515,0,7,0,0.0,2.0,4.0,23.0,B01
201300031515,0,7,0,0.0,2.0,4.0,23.0,C01
201300031516,0,30,0,12.0,0.0,0.0,0.0,A01
201300031517,0,7,0,0.0,2.0,1.0,2.0,A01
201300031517,0,7,0,0.0,2.0,4.0,2.0,B01
201300031517,0,7,0,0.0,2.0,4.0,2.0,C01
201300031518,0,7,0,0.0,2.0,1.0,0.0,A01
201300031518,0,1,0,0.0,2.0,1.0,1.0,B01
201300031519,0,7,0,0.0,2.0,0.0,0.0,A01
201300031519,0,1,0,0.0,0.0,0.0,0.0,B01
201300031520,0,34,0,16.0,0.0,7.0,14.0,A01
201300031521,0,7,0,15.0,0.0,1.0,1.0,B01
201300031521,0,7,0,0.0,0.0,0.0,19.0,A01
201300031522,0,7,0,0.0,2.0,1.0,1.0,B01
201300031522,0,2,0,0.0,2.0,1.0,1.0,A01
201300031523,0,7,0,0.0,1.0,1.0,1.0,A01
201300031524,0,7,0,0.0,2.0,1.0,1.0,A01
201300031524,0,7,0,0.0,0.0,4.0,1.0,B01
201300031525,0,7,0,0.0,1.0,3.0,15.0,A01
201300031526,0,7,0,0.0,2.0,1.0,15.0,A01
201300031526,0,7,0,6.0,2.0,1.0,1.0,B01
201300031527,0,7,0,0.0,2.0,1.0,1.0,A01
201300031527,0,7,0,0.0,2.0,2.0,1.0,C01
201300031527,0,7,0,0.0,2.0,7.0,1.0,B01
201300031528,0,7,0,0.0,2.0,1.0,2.0,A01
201300031528,0,7,0,0.0,0.0,4.0,2.0,B01
201300031528,0,7,0,0.0,0.0,4.0,2.0,C01
201300031529,0,7,0,15.0,0.0,1.0,0.0,A01
201300031530,0,7,0,9.0,2.0,1.0,1.0,B01
201300031530,0,30,0,0.0,2.0,7.0,1.0,A01
201300031531,0,7,0,0.0,2.0,1.0,9.0,A01
201300031531,0,30,0,0.0,2.0,1.0,1.0,B01
201300031532,0,7,0,0.0,2.0,1.0,1.0,A01
201300031532,0,7,0,0.0,1.0,4.0,2.0,B01
201300031533,0,7,0,0.0,1.0,2.0,1.0,A01
201300031534,0,40,0,0.0,0.0,0.0,1.0,B01
201300031534,0,2,0,0.0,2.0,3.0,15.0,A01
201300031535,0,7,0,0.0,1.0,1.0,1.0,A01
201300031536,0,7,0,0.0,2.0,3.0,1.0,B01
201300031536,0,7,0,0.0,2.0,2.0,15.0,A01
201300031537,0,7,0,0.0,0.0,1.0,1.0,A01
201300031538,0,7,0,0.0,2.0,2.0,15.0,A01
201300031538,0,1,0,0.0,2.0,1.0,1.0,B01
201300031539,0,7,0,0.0,2.0,2.0,4.0,A01
201300031539,0,7,0,0.0,2.0,1.0,0.0,B01
201300031540,0,7,0,0.0,1.0,1.0,1.0,A01
201300031541,0,7,0,0.0,2.0,4.0,1.0,B01
201300031541,0,7,0,0.0,2.0,1.0,0.0,A01
201300031541,0,7,0,0.0,2.0,4.0,1.0,C01
201300031542,0,7,0,0.0,1.0,1.0,1.0,A01
201300031543,0,7,0,0.0,1.0,1.0,1.0,A01
201300031544,0,7,0,6.0,0.0,3.0,13.0,A01
201300031545,0,7,0,9.0,0.0,2.0,14.0,A01
201300031546,0,7,0,0.0,2.0,3.0,0.0,A01
201300031546,0,7,0,8.0,2.0,2.0,1.0,B01
201300031547,0,7,0,0.0,1.0,2.0,1.0,A01
201300031548,0,14,0,0.0,1.0,1.0,1.0,A01
201300031549,0,7,0,0.0,2.0,3.0,20.0,B01
201300031549,0,7,0,0.0,2.0,2.0,17.0,A01
201300031550,0,7,0,0.0,1.0,1.0,1.0,A01
201300031551,0,30,0,0.0,2.0,1.0,1.0,A01
201300031551,0,10,0,0.0,2.0,7.0,1.0,B01
201300031552,0,7,0,0.0,2.0,2.0,1.0,A01
201300031552,0,7,0,0.0,2.0,0.0,23.0,B01
201300031553,0,7,0,0.0,2.0,1.0,19.0,A01
201300031553,0,7,0,0.0,2.0,8.0,1.0,B01
201300031554,0,30,0,0.0,0.0,0.0,0.0,A01
201300031555,0,31,0,0.0,2.0,1.0,1.0,B01
201300031555,0,7,0,0.0,2.0,8.0,9.0,A01
201300031556,0,35,0,0.0,2.0,1.0,1.0,A01
201300031556,0,10,0,0.0,2.0,2.0,15.0,B01
201300031557,0,7,0,0.0,2.0,4.0,2.0,C01
201300031557,0,7,0,0.0,2.0,4.0,2.0,B01
201300031557,0,7,0,0.0,2.0,1.0,2.0,A01
201300031558,0,7,0,0.0,1.0,3.0,1.0,A01
201300031559,0,37,1,0.0,1.0,2.0,1.0,A01
201300031560,0,37,10,0.0,1.0,7.0,1.0,A01
201300031561,0,7,0,0.0,2.0,5.0,1.0,B01
201300031561,0,7,0,0.0,2.0,1.0,1.0,A01
201300031562,0,7,0,0.0,2.0,1.0,1.0,A01
201300031562,0,7,0,0.0,2.0,8.0,1.0,B01
201300031563,0,7,0,16.0,0.0,1.0,0.0,A01
201300031564,0,31,0,0.0,0.0,7.0,1.0,A01
201300031565,0,31,0,0.0,1.0,1.0,1.0,A01
201300031566,0,7,0,0.0,2.0,1.0,16.0,A01
201300031566,0,7,0,0.0,2.0,0.0,1.0,B01
201300031567,0,7,0,0.0,2.0,3.0,15.0,A01
201300031567,0,2,0,0.0,2.0,0.0,15.0,B01
201300031568,0,7,0,0.0,1.0,3.0,15.0,A01
201300031569,0,7,0,0.0,1.0,1.0,1.0,A01
201300031570,0,7,0,0.0,2.0,3.0,0.0,B01
201300031570,0,7,0,0.0,2.0,1.0,16.0,A01
201300031571,0,7,0,0.0,2.0,1.0,1.0,A01
201300031571,0,7,0,0.0,2.0,5.0,23.0,B01
201300031572,0,7,0,0.0,0.0,1.0,13.0,A01
201300031573,0,7,0,0.0,2.0,2.0,1.0,B01
201300031573,0,7,0,0.0,2.0,3.0,16.0,A01
201300031574,0,7,0,0.0,1.0,2.0,1.0,A01
201300031575,0,7,0,9.0,0.0,1.0,14.0,A01
201300031576,0,2,0,0.0,2.0,1.0,2.0,A01
201300031576,0,7,0,0.0,2.0,5.0,2.0,B01
201300031577,0,7,0,0.0,1.0,1.0,15.0,A01
201300031578,0,7,0,0.0,1.0,3.0,1.0,A01
201300031579,0,7,0,0.0,2.0,1.0,14.0,A01
201300031579,0,7,0,0.0,2.0,4.0,23.0,B01
201300031580,0,7,0,0.0,1.0,4.0,4.0,A01
201300031581,0,7,0,0.0,1.0,3.0,15.0,A01
201300031582,0,7,0,0.0,2.0,3.0,15.0,A01
201300031582,0,30,0,0.0,2.0,1.0,1.0,B01
201300031583,0,7,0,0.0,2.0,3.0,0.0,A01
201300031583,0,1,0,0.0,2.0,1.0,1.0,B01
201300031584,0,7,0,8.0,2.0,7.0,0.0,A01
201300031584,0,7,0,0.0,2.0,1.0,1.0,B01
201300031585,0,33,0,0.0,2.0,1.0,2.0,A01
201300031585,0,7,0,0.0,2.0,4.0,2.0,B01
201300031586,0,7,0,0.0,0.0,0.0,0.0,A01
201300031586,0,7,0,0.0,0.0,0.0,0.0,B01
201300031586,0,30,0,0.0,0.0,0.0,0.0,C01
201300031587,0,7,0,0.0,2.0,3.0,16.0,A01
201300031587,0,7,0,0.0,2.0,8.0,1.0,B01
201300031588,0,7,0,8.0,0.0,7.0,13.0,A01
201300031589,0,7,0,0.0,2.0,2.0,2.0,A01
201300031589,0,7,0,0.0,2.0,4.0,23.0,B01
201300031590,0,7,0,0.0,1.0,1.0,15.0,A01
201300031591,0,33,0,0.0,2.0,2.0,12.0,A01
201300031591,0,7,0,0.0,2.0,8.0,1.0,B01
201300031592,0,7,0,0.0,2.0,3.0,15.0,A01
201300031592,0,31,0,0.0,2.0,6.0,1.0,B01
201300031593,0,7,0,3.0,0.0,3.0,0.0,A01
201300031594,0,7,0,0.0,2.0,1.0,1.0,B01
201300031594,0,7,0,0.0,2.0,1.0,1.0,A01
201300031595,0,7,0,0.0,2.0,3.0,1.0,A01
201300031595,0,7,0,0.0,0.0,1.0,1.0,B01
201300031596,0,7,0,0.0,2.0,4.0,2.0,B01
201300031596,0,13,0,0.0,0.0,1.0,1.0,A01
201300031597,0,7,0,0.0,2.0,1.0,9.0,A01
201300031597,0,1,0,0.0,2.0,1.0,1.0,B01
201300031598,0,7,0,0.0,2.0,3.0,0.0,A01
201300031598,0,33,0,0.0,2.0,0.0,0.0,B01
201300031599,0,7,0,6.0,0.0,1.0,0.0,A01
201300031600,0,7,0,0.0,1.0,1.0,1.0,A01
201300031601,0,7,0,0.0,2.0,2.0,1.0,A01
201300031601,0,2,0,0.0,2.0,3.0,1.0,B01
201300031602,0,7,0,0.0,2.0,8.0,11.0,A01
201300031602,0,31,0,0.0,2.0,7.0,1.0,B01
201300031603,0,30,0,0.0,2.0,1.0,1.0,A01