Num_Acc,senc,catv,occutc,obs,obsm,choc,manv,num_veh
201300031603,0,7,0,0.0,2.0,5.0,1.0,B01
201300031604,0,7,0,0.0,1.0,2.0,1.0,A01
201300031605,0,7,0,8.0,0.0,1.0,1.0,A01
201300031606,0,7,0,0.0,2.0,7.0,15.0,A01
201300031606,0,37,3,0.0,2.0,2.0,1.0,B01
201300031607,0,7,0,9.0,0.0,1.0,13.0,A01
201300031608,0,7,0,0.0,2.0,3.0,0.0,A01
201300031608,0,31,0,0.0,2.0,4.0,1.0,B01
201300031609,0,7,0,0.0,1.0,1.0,1.0,A01
201300031610,0,7,0,0.0,2.0,1.0,1.0,B01
201300031610,0,7,0,0.0,2.0,3.0,15.0,A01
201300031611,0,7,0,0.0,2.0,3.0,9.0,A01
201300031611,0,1,0,0.0,2.0,4.0,2.0,B01
201300031612,0,7,0,0.0,2.0,3.0,1.0,A01
201300031612,0,7,0,0.0,2.0,5.0,1.0,B01
201300031613,0,7,0,0.0,2.0,1.0,1.0,A01
201300031613,0,7,0,0.0,2.0,4.0,23.0,B01
201300031614,0,13,0,0.0,2.0,1.0,0.0,A01
201300031614,0,7,0,0.0,2.0,3.0,0.0,B01
201300031615,0,37,4,0.0,2.0,8.0,9.0,B01
201300031615,0,7,0,0.0,2.0,5.0,12.0,A01
201300031616,0,1,0,0.0,0.0,0.0,1.0,B01
201300031616,0,7,0,0.0,2.0,0.0,1.0,A01
201300031617,0,31,0,0.0,2.0,1.0,1.0,B01
201300031617,0,7,0,0.0,2.0,2.0,1.0,A01
201300031618,0,7,0,0.0,2.0,4.0,1.0,B01
201300031618,0,7,0,0.0,2.0,1.0,1.0,A01
201300031619,0,7,0,0.0,2.0,1.0,0.0,A01
201300031619,0,7,0,0.0,2.0,2.0,0.0,B01
201300031620,0,7,0,0.0,2.0,2.0,1.0,B01
201300031620,0,7,0,0.0,2.0,2.0,15.0,A01
201300031621,0,7,0,0.0,1.0,4.0,4.0,A01
201300031622,0,7,0,0.0,2.0,7.0,13.0,A01
201300031622,0,7,0,0.0,2.0,1.0,1.0,B01
201300031623,0,14,0,0.0,2.0,1.0,1.0,A01
201300031623,0,7,0,0.0,2.0,1.0,1.0,B01
201300031624,0,7,0,0.0,2.0,1.0,2.0,A01
201300031624,0,7,0,0.0,2.0,4.0,23.0,B01
201300031625,0,7,0,0.0,2.0,8.0,15.0,A01
201300031625,0,33,0,0.0,2.0,1.0,17.0,B01
201300031626,0,7,0,0.0,2.0,4.0,23.0,C01
201300031626,0,10,0,0.0,2.0,1.0,1.0,A01
201300031626,0,7,0,0.0,2.0,4.0,23.0,B01
201300031627,0,7,0,0.0,2.0,1.0,1.0,A01
201300031627,0,33,0,0.0,2.0,4.0,23.0,B01
201300031627,0,7,0,0.0,2.0,4.0,23.0,C01
201300031627,0,7,0,0.0,2.0,4.0,23.0,D01
201300031628,0,7,0,0.0,2.0,1.0,1.0,A01
201300031628,0,7,0,0.0,2.0,1.0,1.0,B01
201300031629,0,33,0,0.0,2.0,1.0,1.0,B01
201300031629,0,7,0,0.0,2.0,3.0,0.0,A01
201300031630,0,7,0,6.0,0.0,1.0,0.0,A01
201300031631,0,10,0,0.0,1.0,7.0,0.0,A01
201300031632,0,7,0,0.0,2.0,1.0,1.0,A01
201300031632,0,7,0,0.0,2.0,4.0,1.0,B01
201300031632,0,7,0,0.0,2.0,4.0,1.0,C01
201300031633,0,7,0,6.0,0.0,1.0,0.0,A01
201300031634,0,7,0,0.0,2.0,7.0,1.0,A01
201300031634,0,7,0,0.0,2.0,1.0,1.0,B01
201300031635,0,14,0,0.0,2.0,2.0,12.0,A01
201300031635,0,7,0,0.0,2.0,3.0,1.0,B01
201300031636,0,30,0,0.0,0.0,7.0,0.0,A01
201300031637,0,7,0,0.0,1.0,1.0,1.0,A01
201300031638,0,7,0,0.0,2.0,1.0,2.0,A01
201300031638,0,7,0,0.0,0.0,4.0,2.0,B01
201300031639,0,7,0,0.0,2.0,4.0,1.0,B01
201300031639,0,7,0,0.0,2.0,1.0,1.0,A01
201300031640,0,7,0,0.0,2.0,1.0,1.0,B01
201300031640,0,7,0,0.0,2.0,8.0,9.0,A01
201300031641,0,30,0,0.0,2.0,1.0,1.0,A01
201300031641,1,7,0,0.0,0.0,4.0,1.0,Z01
201300031642,0,2,0,0.0,0.0,0.0,0.0,A01
201300031643,0,7,0,0.0,2.0,2.0,1.0,B01
201300031643,0,2,0,0.0,2.0,1.0,1.0,A01
201300031644,0,7,0,9.0,0.0,1.0,1.0,A01
201300031645,0,7,0,0.0,1.0,1.0,1.0,A01
201300031646,0,7,0,0.0,2.0,1.0,9.0,A01
201300031646,0,7,0,0.0,2.0,7.0,1.0,B01
201300031647,0,10,0,0.0,2.0,1.0,1.0,B01
201300031647,0,7,0,0.0,2.0,2.0,10.0,A01
201300031648,0,7,0,0.0,2.0,1.0,1.0,B01
201300031648,0,7,0,0.0,2.0,6.0,9.0,A01
201300031649,0,7,0,0.0,0.0,0.0,0.0,A01
201300031649,0,32,0,0.0,0.0,0.0,0.0,B01
201300031650,0,7,0,0.0,0.0,9.0,1.0,A01
201300031651,0,7,0,0.0,2.0,1.0,1.0,B01
201300031651,0,7,0,0.0,2.0,2.0,15.0,A01
201300031652,0,7,0,0.0,1.0,3.0,1.0,A01
201300031653,0,7,0,0.0,2.0,4.0,2.0,B01
201300031653,0,10,0,0.0,2.0,1.0,1.0,A01
201300031653,0,7,0,0.0,2.0,4.0,2.0,C01
201300031654,0,7,0,0.0,2.0,2.0,9.0,B01
201300031654,0,1,0,0.0,2.0,1.0,5.0,A01
201300031655,0,10,0,0.0,1.0,1.0,1.0,A01
201300031656,0,10,0,0.0,2.0,1.0,1.0,A01
201300031656,0,37,49,0.0,2.0,1.0,1.0,B01
201300031657,0,7,0,0.0,0.0,0.0,1.0,A01
201300031657,0,1,0,0.0,2.0,1.0,0.0,B01
201300031658,0,7,0,0.0,1.0,5.0,5.0,A01
201300031659,0,7,0,0.0,2.0,2.0,10.0,A01
201300031659,0,33,0,0.0,2.0,1.0,1.0,B01
201300031660,0,7,0,0.0,2.0,3.0,9.0,A01
201300031660,0,31,0,0.0,0.0,3.0,1.0,B01
201300031661,0,2,0,0.0,2.0,1.0,1.0,A01
201300031661,0,7,0,0.0,2.0,3.0,1.0,B01
201300031662,0,7,0,0.0,2.0,1.0,1.0,A01
201300031662,0,7,0,0.0,0.0,4.0,1.0,B01
201300031662,0,7,0,0.0,0.0,4.0,1.0,C01
201300031663,0,37,1,0.0,2.0,2.0,1.0,A01
201300031663,0,7,0,0.0,2.0,4.0,1.0,B01
201300031664,0,7,0,0.0,2.0,1.0,0.0,A01
201300031664,0,7,0,0.0,2.0,1.0,1.0,B01
201300031665,0,7,0,0.0,2.0,1.0,1.0,A01
201300031665,0,7,0,0.0,2.0,4.0,1.0,B01
201300031665,0,7,0,0.0,0.0,4.0,1.0,C01
201300031666,0,7,0,0.0,2.0,3.0,11.0,A01
201300031666,0,10,0,0.0,2.0,1.0,1.0,B01
201300031666,0,7,0,0.0,2.0,5.0,1.0,C01
201300031667,0,7,0,0.0,2.0,1.0,2.0,A01
201300031667,0,7,0,0.0,2.0,4.0,2.0,B01
201300031668,0,7,0,0.0,0.0,0.0,14.0,A01
201300031669,0,10,0,0.0,1.0,3.0,0.0,A01
201300031670,0,7,0,0.0,2.0,1.0,1.0,A01
201300031670,0,32,0,0.0,2.0,7.0,15.0,B01
201300031671,0,30,0,0.0,2.0,1.0,1.0,A01
201300031671,0,7,0,0.0,2.0,5.0,1.0,B01
201300031672,0,7,0,0.0,2.0,2.0,1.0,A01
201300031672,0,7,0,0.0,2.0,2.0,1.0,B01
201300031673,0,34,0,0.0,2.0,2.0,1.0,B01
201300031673,0,7,0,0.0,2.0,1.0,15.0,A01
201300031674,0,7,0,0.0,2.0,1.0,15.0,A01
201300031674,0,32,0,0.0,2.0,1.0,1.0,B01
201300031675,0,7,0,0.0,1.0,0.0,0.0,A01
201300031676,0,2,0,16.0,0.0,0.0,0.0,A01
201300031677,0,7,0,8.0,0.0,1.0,1.0,A01
201300031678,0,7,0,0.0,2.0,2.0,1.0,B01
201300031678,0,7,0,0.0,2.0,3.0,1.0,A01
201300031679,0,7,0,0.0,2.0,3.0,1.0,B01
201300031679,0,33,0,0.0,2.0,3.0,15.0,A01
201300031680,0,7,0,0.0,2.0,1.0,15.0,A01
201300031680,0,7,0,0.0,2.0,1.0,1.0,B01
201300031681,0,7,0,0.0,2.0,1.0,1.0,A01
201300031681,0,32,0,0.0,2.0,4.0,1.0,B01
201300031682,0,34,0,0.0,2.0,8.0,1.0,B01
201300031682,0,7,0,0.0,2.0,1.0,19.0,A01
201300031683,0,7,0,0.0,2.0,4.0,1.0,A01
201300031683,0,7,0,0.0,2.0,4.0,2.0,D01
201300031683,0,7,0,0.0,2.0,4.0,2.0,C01
201300031683,0,7,0,0.0,2.0,4.0,2.0,B01
201300031684,0,7,0,0.0,0.0,0.0,6.0,A01
201300031684,0,7,0,0.0,0.0,4.0,1.0,B01
201300031684,0,7,0,0.0,2.0,0.0,1.0,C01
201300031685,0,7,0,0.0,2.0,1.0,1.0,B01
201300031685,0,7,0,0.0,2.0,8.0,15.0,A01
201300031686,0,7,0,0.0,1.0,2.0,15.0,A01
201300031687,0,7,0,0.0,1.0,1.0,16.0,A01
201300031688,0,7,0,0.0,1.0,1.0,1.0,A01
201300031689,1,7,0,0.0,1.0,1.0,1.0,A01
201300031690,0,7,0,0.0,2.0,3.0,0.0,A01
201300031690,0,33,0,0.0,2.0,4.0,0.0,B01
201300031691,0,7,0,0.0,2.0,1.0,1.0,A01
201300031691,0,7,0,0.0,2.0,5.0,0.0,B01
201300031691,0,7,0,0.0,2.0,4.0,0.0,C01
201300031692,0,7,0,0.0,2.0,1.0,1.0,A01
201300031692,0,7,0,0.0,2.0,4.0,23.0,B01
201300031693,0,7,0,0.0,2.0,2.0,1.0,B01
201300031693,0,7,0,0.0,2.0,6.0,9.0,A01
201300031694,0,7,0,0.0,2.0,2.0,1.0,A01
201300031694,0,30,0,0.0,2.0,1.0,9.0,B01
201300031695,0,2,0,0.0,2.0,1.0,1.0,A01
201300031695,0,7,0,0.0,0.0,1.0,1.0,B01
201300031696,0,2,0,0.0,0.0,0.0,1.0,A01
201300031697,0,7,0,0.0,2.0,2.0,1.0,A01
201300031697,0,7,0,0.0,2.0,3.0,1.0,B01
201300031698,0,7,0,0.0,2.0,3.0,1.0,B01
201300031698,0,7,0,0.0,2.0,2.0,9.0,A01
201300031699,0,7,0,0.0,2.0,4.0,2.0,B01
201300031699,0,7,0,0.0,2.0,1.0,2.0,A01
201300031699,0,7,0,0.0,2.0,4.0,2.0,C01
201300031699,0,7,0,0.0,2.0,4.0,2.0,D01
201300031700,0,7,0,0.0,2.0,6.0,16.0,A01
201300031700,0,33,0,0.0,2.0,1.0,1.0,B01
201300031701,0,7,0,0.0,0.0,4.0,0.0,B01
201300031701,0,33,0,0.0,2.0,1.0,1.0,A01
201300031702,0,7,0,0.0,2.0,2.0,15.0,A01
201300031702,0,33,0,0.0,2.0,2.0,1.0,B01
201300031703,0,7,0,1.0,1.0,1.0,14.0,A01
201300031704,0,37,1,0.0,2.0,1.0,1.0,A01
201300031704,0,7,0,0.0,2.0,4.0,1.0,B01
201300031704,0,7,0,0.0,2.0,4.0,1.0,C01
201300031705,0,7,0,0.0,1.0,2.0,1.0,A01
201300031706,0,7,0,0.0,2.0,4.0,1.0,B01
201300031706,0,7,0,0.0,2.0,1.0,1.0,A01
201300031707,0,7,0,0.0,0.0,8.0,13.0,A01
201300031707,0,2,0,0.0,2.0,8.0,1.0,B01
201300031708,0,7,0,0.0,1.0,0.0,1.0,A01
201300031709,1,99,0,0.0,1.0,7.0,0.0,Z01
201300031710,0,7,0,0.0,1.0,1.0,1.0,A01
201300031711,0,33,0,0.0,1.0,0.0,1.0,A01
201300031712,0,7,0,0.0,2.0,1.0,0.0,B01
201300031712,0,7,0,0.0,2.0,1.0,0.0,A01
201300031713,0,7,0,0.0,1.0,2.0,15.0,A01
201300031714,0,7,0,0.0,2.0,4.0,1.0,B01
201300031714,0,7,0,0.0,2.0,1.0,0.0,A01
201300031714,0,7,0,0.0,2.0,4.0,2.0,C01
201300031715,0,7,0,0.0,1.0,1.0,1.0,A01
201300031716,0,10,0,9.0,1.0,9.0,0.0,A01
201300031717,0,7,0,0.0,2.0,1.0,0.0,A01
201300031717,0,31,0,0.0,2.0,3.0,0.0,B01
201300031718,0,7,0,0.0,1.0,1.0,1.0,A01
201300031719,0,7,0,0.0,2.0,4.0,2.0,B01
201300031719,0,7,0,0.0,2.0,1.0,2.0,A01
201300031720,0,7,0,0.0,2.0,2.0,16.0,A01
201300031720,0,1,0,0.0,2.0,7.0,19.0,B01
201300031721,0,1,0,0.0,0.0,0.0,0.0,A01
201300031722,0,7,0,0.0,2.0,1.0,1.0,B01
201300031722,0,7,0,0.0,2.0,8.0,10.0,A01
201300031723,0,32,0,0.0,2.0,1.0,1.0,A01
201300031723,0,7,0,0.0,2.0,2.0,1.0,B01
201300031724,0,33,0,16.0,0.0,0.0,14.0,A01
201300031725,0,33,0,0.0,2.0,1.0,0.0,A01
201300031725,0,7,0,0.0,2.0,3.0,0.0,B01
201300031726,0,30,0,8.0,0.0,1.0,1.0,A01
201300031727,0,7,0,0.0,1.0,1.0,1.0,A01
201300031728,0,7,0,0.0,1.0,3.0,1.0,A01
201300031729,0,30,0,1.0,0.0,2.0,1.0,A01
201300031730,0,7,0,0.0,2.0,2.0,9.0,A01
201300031730,0,30,0,0.0,2.0,1.0,1.0,B01
201300031731,0,30,0,0.0,1.0,1.0,1.0,A01
201300031732,0,7,0,0.0,2.0,3.0,1.0,B01
201300031732,0,7,0,0.0,2.0,2.0,15.0,A01
201300031733,0,7,0,0.0,2.0,7.0,9.0,A01
201300031733,0,7,0,0.0,2.0,1.0,1.0,B01
201300031734,0,7,0,0.0,2.0,1.0,1.0,A01
201300031734,0,1,0,0.0,2.0,8.0,19.0,B01
201300031735,0,7,0,0.0,2.0,2.0,1.0,A01
201300031735,0,7,0,0.0,2.0,3.0,1.0,B01
201300031736,0,7,0,0.0,2.0,8.0,1.0,A01
201300031736,0,7,0,0.0,2.0,1.0,1.0,B01
201300031737,0,10,0,0.0,2.0,2.0,1.0,A01
201300031737,0,7,0,0.0,2.0,3.0,15.0,B01
201300031738,0,7,0,0.0,2.0,7.0,9.0,B01
201300031738,0,7,0,0.0,2.0,1.0,9.0,A01
201300031739,0,7,0,0.0,2.0,7.0,15.0,A01
201300031739,0,30,0,0.0,2.0,1.0,1.0,B01
201300031740,0,32,0,0.0,2.0,1.0,1.0,A01
201300031740,0,7,0,0.0,0.0,2.0,1.0,B01
201300031741,0,7,0,0.0,2.0,2.0,0.0,C01
201300031741,0,7,0,0.0,2.0,2.0,1.0,B01
201300031741,0,7,0,0.0,2.0,1.0,0.0,A01
201300031742,0,33,0,0.0,2.0,1.0,1.0,B01
201300031742,0,7,0,0.0,0.0,1.0,9.0,A01
201300031743,0,7,0,0.0,1.0,7.0,1.0,A01
201300031744,0,7,0,0.0,2.0,8.0,1.0,B01
201300031744,0,7,0,0.0,0.0,1.0,1.0,A01
201300031745,0,30,0,0.0,2.0,1.0,15.0,A01
201300031745,0,7,0,0.0,2.0,1.0,1.0,B01
201300031746,0,7,0,0.0,2.0,0.0,1.0,A01
201300031746,0,7,0,0.0,2.0,0.0,1.0,B01
201300031747,0,7,0,0.0,2.0,1.0,1.0,A01
201300031747,0,7,0,0.0,2.0,1.0,1.0,B01
201300031748,0,7,0,0.0,2.0,3.0,15.0,A01
201300031748,0,33,0,0.0,2.0,1.0,17.0,B01
201300031749,0,7,0,0.0,2.0,1.0,0.0,B01
201300031749,0,7,0,0.0,2.0,7.0,1.0,A01
201300031750,0,7,0,0.0,2.0,1.0,1.0,A01
201300031750,0,7,0,0.0,0.0,0.0,0.0,C01
201300031750,0,7,0,0.0,2.0,4.0,0.0,B01
201300031751,0,7,0,0.0,2.0,1.0,2.0,A01
201300031751,0,7,0,0.0,2.0,4.0,2.0,B01
201300031752,0,37,11,0.0,1.0,1.0,15.0,A01
201300031753,0,7,0,0.0,2.0,1.0,15.0,A01
201300031753,0,7,0,0.0,2.0,8.0,1.0,B01
201300031754,0,7,0,0.0,2.0,1.0,15.0,A01
201300031754,0,33,0,0.0,2.0,8.0,1.0,B01
201300031755,0,7,0,0.0,2.0,1.0,2.0,A01
201300031755,0,7,0,0.0,0.0,4.0,2.0,B01
201300031756,0,7,0,0.0,2.0,4.0,1.0,C01
201300031756,0,7,0,0.0,2.0,1.0,1.0,B01
201300031756,0,7,0,0.0,2.0,1.0,1.0,A01
201300031757,0,7,0,0.0,2.0,5.0,15.0,A01
201300031757,0,1,0,0.0,2.0,1.0,1.0,B01
201300031758,0,7,0,0.0,1.0,2.0,1.0,A01
201300031759,0,7,0,0.0,2.0,1.0,9.0,A01
201300031759,0,2,0,0.0,2.0,5.0,1.0,B01
201300031760,0,7,0,1.0,0.0,1.0,1.0,A01
201300031761,0,7,0,0.0,2.0,8.0,15.0,A01
201300031761,0,33,0,0.0,2.0,1.0,1.0,B01
201300031762,0,2,0,0.0,1.0,7.0,0.0,A01
201300031763,0,7,0,0.0,2.0,1.0,1.0,B01
201300031763,0,7,0,0.0,2.0,2.0,1.0,A01
201300031764,0,7,0,0.0,2.0,4.0,1.0,B01
201300031764,0,33,0,0.0,2.0,4.0,1.0,A01
201300031765,0,7,0,0.0,2.0,7.0,15.0,A01
201300031765,0,30,0,0.0,2.0,1.0,1.0,B01
201300031766,0,7,0,0.0,0.0,4.0,2.0,D01
201300031766,0,7,0,0.0,2.0,4.0,2.0,B01
201300031766,0,7,0,0.0,2.0,1.0,2.0,A01
201300031766,0,7,0,0.0,2.0,4.0,2.0,C01
201300031767,0,7,0,0.0,2.0,0.0,0.0,B01
201300031767,0,7,0,0.0,2.0,0.0,0.0,A01
201300031768,0,7,0,0.0,1.0,4.0,4.0,A01
201300031769,0,7,0,0.0,2.0,3.0,20.0,B01
201300031769,0,30,0,0.0,2.0,1.0,20.0,A01
201300031770,0,7,0,0.0,1.0,3.0,1.0,A01
201300031771,0,7,0,0.0,0.0,4.0,2.0,B01
201300031771,0,7,0,0.0,2.0,1.0,2.0,A01
201300031772,0,10,0,0.0,1.0,0.0,0.0,Z01
201300031773,0,7,0,0.0,1.0,2.0,1.0,A01
201300031774,0,7,0,8.0,0.0,1.0,1.0,A01
201300031775,0,7,0,0.0,1.0,5.0,1.0,A01
201300031776,0,1,0,0.0,2.0,1.0,19.0,B01
201300031776,0,7,0,0.0,2.0,5.0,1.0,A01
201300031777,0,7,0,0.0,1.0,4.0,4.0,A01
201300031778,0,7,0,0.0,1.0,5.0,1.0,A01
201300031779,0,7,0,0.0,2.0,5.0,0.0,B01
201300031779,0,7,0,0.0,2.0,3.0,3.0,A01
201300031780,0,7,0,0.0,2.0,8.0,1.0,B01
201300031780,0,7,0,0.0,2.0,1.0,1.0,A01
201300031781,0,1,0,0.0,2.0,1.0,3.0,A01
201300031781,0,7,0,0.0,2.0,6.0,1.0,B01
201300031782,0,31,0,3.0,0.0,0.0,1.0,A01
201300031783,0,1,0,0.0,0.0,0.0,0.0,A01
201300031784,0,1,0,0.0,2.0,1.0,1.0,A01
201300031784,0,7,0,0.0,2.0,3.0,1.0,B01
201300031785,0,7,0,0.0,2.0,8.0,15.0,A01
201300031785,0,34,0,0.0,2.0,7.0,17.0,B01
201300031786,0,7,0,0.0,1.0,0.0,1.0,A01
201300031787,0,7,0,0.0,2.0,6.0,21.0,A01
201300031787,0,33,0,0.0,2.0,1.0,1.0,B01
201300031788,0,7,0,0.0,2.0,1.0,15.0,A01
201300031788,0,31,0,0.0,2.0,3.0,1.0,B01
201300031789,0,7,0,0.0,1.0,4.0,4.0,A01
201300031790,0,7,0,0.0,1.0,0.0,0.0,A01
201300031791,0,7,0,0.0,2.0,1.0,1.0,A01
201300031791,0,7,0,0.0,2.0,4.0,1.0,B01
201300031791,0,31,0,0.0,2.0,4.0,1.0,C01
201300031792,0,31,0,0.0,2.0,1.0,1.0,B01
201300031792,0,2,0,0.0,0.0,0.0,1.0,A01
201300031793,0,7,0,1.0,0.0,1.0,2.0,A01
201300031793,0,7,0,0.0,2.0,4.0,2.0,B01
201300031793,0,7,0,0.0,2.0,4.0,2.0,C01
201300031794,0,7,0,1.0,0.0,2.0,0.0,A01
201300031795,0,7,0,0.0,2.0,2.0,15.0,A01
201300031795,0,7,0,0.0,2.0,3.0,1.0,B01
201300031796,0,7,0,0.0,2.0,1.0,1.0,A01
201300031796,0,7,0,0.0,0.0,4.0,1.0,B01
201300031797,0,31,0,0.0,2.0,1.0,1.0,B01
201300031797,0,7,0,0.0,2.0,5.0,1.0,A01
201300031798,0,7,0,0.0,2.0,2.0,12.0,A01
201300031798,0,33,0,0.0,2.0,3.0,1.0,B01
201300031799,0,7,0,0.0,2.0,1.0,1.0,A01
201300031799,0,7,0,0.0,2.0,4.0,1.0,B01
201300031799,0,7,0,0.0,2.0,4.0,1.0,C01
201300031799,0,7,0,0.0,2.0,4.0,1.0,D01
201300031800,0,7,0,0.0,2.0,1.0,1.0,A01
201300031800,0,1,0,0.0,2.0,4.0,1.0,B01
201300031801,0,7,0,0.0,2.0,3.0,15.0,A01
201300031801,0,31,0,0.0,2.0,3.0,1.0,B01
201300031802,0,7,0,0.0,1.0,1.0,1.0,A01
201300031803,0,33,0,0.0,2.0,1.0,18.0,A01
201300031803,0,7,0,0.0,2.0,7.0,16.0,B01
201300031804,0,7,0,0.0,2.0,1.0,1.0,B01
201300031804,0,7,0,0.0,2.0,7.0,15.0,A01
201300031805,0,7,0,0.0,2.0,1.0,1.0,A01
201300031805,0,7,0,0.0,2.0,4.0,1.0,B01
201300031806,0,7,0,0.0,2.0,1.0,1.0,A01
201300031806,0,7,0,0.0,2.0,8.0,1.0,B01
201300031807,0,31,0,0.0,0.0,0.0,16.0,A01
201300031808,0,7,0,6.0,0.0,1.0,1.0,A01
201300031809,0,7,0,0.0,0.0,4.0,2.0,B01
201300031809,0,7,0,0.0,0.0,1.0,2.0,A01
201300031810,0,7,0,0.0,2.0,4.0,13.0,A01
201300031810,0,7,0,0.0,2.0,8.0,1.0,B01
201300031811,0,7,0,0.0,2.0,8.0,1.0,A01
201300031811,0,33,0,0.0,2.0,1.0,1.0,B01
201300031812,0,7,0,0.0,1.0,1.0,1.0,A01
201300031813,0,10,0,0.0,2.0,8.0,10.0,A01
201300031813,0,33,0,0.0,2.0,2.0,1.0,B01
201300031814,0,30,0,0.0,2.0,8.0,1.0,A01
201300031814,0,37,1,0.0,2.0,7.0,9.0,B01
201300031815,0,7,0,0.0,0.0,4.0,2.0,B01
201300031815,0,7,0,0.0,2.0,1.0,2.0,A01
201300031816,0,7,0,15.0,0.0,1.0,0.0,A01
201300031817,0,7,0,11.0,0.0,1.0,0.0,A01
201300031818,0,7,0,0.0,2.0,1.0,1.0,A01
201300031818,0,7,0,0.0,2.0,4.0,1.0,B01
201300031819,0,7,0,0.0,2.0,7.0,1.0,A01
201300031819,0,7,0,0.0,2.0,8.0,1.0,B01
201300031820,0,99,0,0.0,2.0,1.0,17.0,A01
201300031820,0,1,0,0.0,2.0,8.0,15.0,B01
201300031821,0,30,0,0.0,0.0,0.0,0.0,A01
201300031822,0,7,0,0.0,2.0,0.0,1.0,A01
201300031822,0,7,0,0.0,2.0,0.0,1.0,B01
201300031823,0,7,0,0.0,2.0,2.0,16.0,A01
201300031823,0,1,0,0.0,2.0,3.0,1.0,B01
201300031824,0,2,0,0.0,2.0,7.0,1.0,A01
201300031824,0,7,0,0.0,2.0,8.0,1.0,B01
201300031825,0,33,0,0.0,2.0,3.0,15.0,A01
201300031825,0,2,0,0.0,0.0,1.0,1.0,B01
201300031826,0,7,0,0.0,2.0,1.0,2.0,A01
201300031826,0,7,0,0.0,0.0,4.0,2.0,B01
201300031827,0,7,0,0.0,2.0,1.0,1.0,A01
201300031827,0,7,0,0.0,2.0,5.0,1.0,B01
201300031828,0,7,0,0.0,2.0,3.0,15.0,A01
201300031828,0,40,0,0.0,2.0,2.0,7.0,B01
201300031829,0,14,0,0.0,1.0,1.0,1.0,A01
201300031830,0,2,0,0.0,2.0,1.0,16.0,A01
201300031830,0,7,0,0.0,2.0,1.0,1.0,B01
201300031831,0,7,0,0.0,2.0,1.0,13.0,A01
201300031831,0,7,0,0.0,2.0,1.0,1.0,B01
201300031832,0,30,0,0.0,1.0,0.0,1.0,A01
201300031833,0,34,0,0.0,2.0,3.0,1.0,A01
201300031833,0,7,0,0.0,2.0,3.0,15.0,B01
201300031834,0,1,0,10.0,0.0,0.0,0.0,A01
201300031835,0,1,0,0.0,2.0,1.0,1.0,B01
201300031835,1,7,0,0.0,2.0,1.0,9.0,Z01
201300031836,0,7,0,0.0,2.0,0.0,15.0,A01
201300031836,0,30,0,0.0,2.0,7.0,1.0,B01
201300031837,0,2,0,0.0,2.0,4.0,2.0,B01
201300031837,0,7,0,0.0,2.0,1.0,2.0,A01
201300031837,0,7,0,0.0,2.0,4.0,2.0,C01
201300031838,0,30,0,0.0,0.0,0.0,0.0,A01
201300031839,0,10,0,0.0,2.0,1.0,9.0,A01
201300031839,0,2,0,0.0,2.0,7.0,1.0,B01
201300031840,0,33,0,0.0,2.0,1.0,1.0,B01
201300031840,0,7,0,0.0,2.0,2.0,15.0,A01
201300031841,0,7,0,9.0,0.0,1.0,0.0,A01
201300031842,0,7,0,0.0,2.0,1.0,1.0,A01
201300031842,0,1,0,0.0,2.0,7.0,1.0,B01
201300031843,0,7,0,3.0,0.0,9.0,1.0,A01
201300031844,0,7,0,0.0,2.0,2.0,0.0,B01
201300031844,0,1,0,0.0,2.0,1.0,1.0,A01
201300031845,0,30,0,0.0,2.0,8.0,0.0,B01
201300031845,0,7,0,0.0,2.0,7.0,0.0,A01
201300031846,0,10,0,0.0,1.0,3.0,15.0,A01
201300031847,0,30,0,0.0,1.0,1.0,1.0,A01
201300031848,0,1,0,0.0,4.0,1.0,1.0,B01
201300031848,0,40,0,0.0,2.0,1.0,1.0,A01
201300031849,0,7,0,0.0,1.0,3.0,15.0,A01
201300031850,0,7,0,0.0,1.0,4.0,4.0,A01
201300031851,0,34,0,0.0,2.0,3.0,21.0,A01
201300031851,0,7,0,0.0,2.0,3.0,1.0,B01
201300031852,0,7,0,0.0,2.0,5.0,9.0,A01
201300031852,0,30,0,0.0,2.0,1.0,1.0,B01
201300031853,0,7,0,14.0,0.0,1.0,14.0,A01
201300031854,0,7,0,0.0,2.0,2.0,15.0,A01
201300031854,0,33,0,0.0,2.0,1.0,1.0,B01
201300031855,0,7,0,0.0,2.0,3.0,9.0,A01
201300031855,0,32,0,0.0,2.0,2.0,1.0,B01
201300031856,0,33,0,0.0,2.0,2.0,1.0,B01
201300031856,0,7,0,0.0,2.0,3.0,1.0,A01
201300031857,0,7,0,0.0,0.0,7.0,15.0,A01
201300031857,0,7,0,0.0,2.0,1.0,1.0,B01
201300031858,0,7,0,9.0,2.0,6.0,9.0,A01
201300031858,0,7,0,0.0,2.0,1.0,1.0,B01
201300031859,0,7,0,0.0,2.0,4.0,1.0,B01
201300031859,0,7,0,0.0,2.0,1.0,1.0,A01
201300031859,0,7,0,0.0,0.0,4.0,1.0,C01
201300031860,0,2,0,0.0,0.0,7.0,0.0,A01
201300031861,0,7,0,0.0,0.0,1.0,15.0,A01
201300031861,0,33,0,0.0,2.0,1.0,1.0,B01
201300031862,0,10,0,0.0,2.0,1.0,1.0,A01
201300031862,0,7,0,0.0,2.0,4.0,0.0,B01
201300031863,0,10,0,0.0,2.0,2.0,1.0,A01
201300031863,0,7,0,1.0,2.0,4.0,1.0,B01
201300031864,0,7,0,0.0,2.0,1.0,15.0,A01