Num_Acc,senc,catv,occutc,obs,obsm,choc,manv,num_veh
201300031864,0,7,0,0.0,2.0,1.0,1.0,B01
201300031865,0,7,0,0.0,2.0,8.0,11.0,A01
201300031865,0,7,0,0.0,2.0,2.0,1.0,B01
201300031866,0,7,0,0.0,1.0,1.0,1.0,A01
201300031867,0,7,0,0.0,2.0,2.0,1.0,B01
201300031867,0,1,0,0.0,2.0,3.0,1.0,A01
201300031868,0,33,0,0.0,0.0,0.0,1.0,A01
201300031869,0,7,0,0.0,2.0,8.0,1.0,A01
201300031869,0,7,0,0.0,2.0,3.0,1.0,B01
201300031870,0,7,0,0.0,2.0,1.0,5.0,A01
201300031870,0,37,1,0.0,2.0,1.0,1.0,B01
201300031871,0,7,0,0.0,1.0,1.0,15.0,A01
201300031872,1,7,0,0.0,1.0,0.0,0.0,Z01
201300031873,0,40,0,0.0,1.0,1.0,1.0,A01
201300031874,0,7,0,0.0,1.0,1.0,1.0,A01
201300031875,0,10,0,0.0,1.0,3.0,15.0,A01
201300031876,0,10,0,10.0,0.0,4.0,1.0,A01
201300031877,0,7,0,0.0,1.0,1.0,1.0,A01
201300031878,0,7,0,0.0,2.0,1.0,15.0,A01
201300031878,0,7,0,0.0,2.0,0.0,1.0,B01
201300031878,0,7,0,0.0,2.0,0.0,1.0,C01
201300031879,0,7,0,2.0,0.0,2.0,1.0,A01
201300031880,0,7,0,0.0,2.0,0.0,9.0,A01
201300031880,0,7,0,0.0,2.0,0.0,9.0,B01
201300031881,0,7,0,0.0,2.0,1.0,2.0,A01
201300031881,0,7,0,0.0,2.0,4.0,2.0,B01
201300031881,0,7,0,0.0,2.0,4.0,2.0,C01
201300031882,0,7,0,1.0,0.0,1.0,1.0,A01
201300031882,0,7,0,0.0,2.0,2.0,0.0,B01
201300031883,0,7,0,0.0,2.0,1.0,0.0,A01
201300031884,0,13,0,6.0,0.0,1.0,1.0,A01
201300031885,0,7,0,0.0,1.0,2.0,1.0,A01
201300031886,0,7,0,0.0,2.0,1.0,1.0,A01
201300031886,0,7,0,0.0,2.0,4.0,1.0,B01
201300031887,0,7,0,0.0,2.0,1.0,2.0,A01
201300031887,0,7,0,0.0,2.0,4.0,1.0,B01
201300031888,0,30,0,0.0,2.0,1.0,1.0,B01
201300031888,0,7,0,0.0,2.0,1.0,15.0,A01
201300031889,0,7,0,1.0,2.0,3.0,1.0,B01
201300031889,0,7,0,0.0,2.0,1.0,13.0,A01
201300031890,0,7,0,0.0,2.0,1.0,2.0,A01
201300031890,0,10,0,0.0,0.0,4.0,1.0,B01
201300031891,0,7,0,1.0,0.0,1.0,14.0,A01
201300031892,0,37,1,0.0,1.0,3.0,1.0,A01
201300031893,0,7,0,0.0,0.0,3.0,21.0,B01
201300031893,0,7,0,0.0,0.0,0.0,15.0,A01
201300031894,0,7,0,0.0,2.0,1.0,1.0,A01
201300031894,0,7,0,0.0,2.0,1.0,1.0,B01
201300031895,0,7,0,0.0,1.0,4.0,4.0,A01
201300031896,0,7,0,0.0,2.0,8.0,1.0,B01
201300031896,0,7,0,0.0,2.0,1.0,15.0,A01
201300031897,0,7,0,0.0,2.0,7.0,1.0,A01
201300031897,0,7,0,0.0,2.0,3.0,1.0,B01
201300031898,0,37,1,0.0,1.0,3.0,9.0,A01
201300031899,0,7,0,0.0,1.0,4.0,4.0,A01
201300031900,0,7,0,0.0,1.0,1.0,1.0,A01
201300031901,0,31,0,0.0,0.0,0.0,0.0,A01
201300031902,0,7,0,0.0,1.0,3.0,1.0,A01
201300031903,0,7,0,0.0,1.0,1.0,1.0,A01
201300031904,1,7,0,0.0,1.0,2.0,1.0,Z01
201300031905,1,7,0,0.0,1.0,2.0,1.0,Z01
201300031906,0,7,0,0.0,2.0,2.0,1.0,A01
201300031906,0,7,0,0.0,2.0,4.0,1.0,B01
201300031907,1,7,0,0.0,1.0,0.0,0.0,Z01
201300031908,0,7,0,0.0,1.0,2.0,20.0,A01
201300031909,0,32,0,3.0,0.0,1.0,14.0,A01
201300031910,0,7,0,0.0,0.0,4.0,23.0,B01
201300031910,0,7,0,6.0,2.0,1.0,1.0,A01
201300031911,0,7,0,0.0,1.0,1.0,1.0,A01
201300031912,0,7,0,0.0,0.0,6.0,1.0,B01
201300031912,0,7,0,0.0,2.0,1.0,15.0,A01
201300031913,0,7,0,1.0,0.0,1.0,13.0,A01
201300031913,0,10,0,1.0,0.0,3.0,24.0,B01
201300031914,0,7,0,0.0,2.0,1.0,1.0,B01
201300031914,0,7,0,0.0,0.0,5.0,15.0,A01
201300031915,0,7,0,0.0,2.0,7.0,9.0,B01
201300031915,0,2,0,0.0,2.0,1.0,1.0,A01
201300031916,0,7,0,0.0,0.0,7.0,1.0,B01
201300031916,0,7,0,0.0,2.0,1.0,1.0,A01
201300031917,0,31,0,0.0,0.0,1.0,0.0,B01
201300031917,0,7,0,0.0,2.0,3.0,9.0,A01
201300031918,1,7,0,0.0,2.0,1.0,2.0,A01
201300031918,0,7,0,0.0,0.0,6.0,23.0,B01
201300031919,0,31,0,0.0,2.0,1.0,2.0,A01
201300031919,0,7,0,0.0,0.0,5.0,2.0,B01
201300031920,0,7,0,0.0,2.0,1.0,2.0,A01
201300031920,0,7,0,0.0,2.0,1.0,2.0,B01
201300031920,0,7,0,0.0,0.0,4.0,2.0,C01
201300031921,0,7,0,0.0,2.0,8.0,15.0,A01
201300031921,0,33,0,0.0,2.0,1.0,17.0,B01
201300031922,0,36,0,6.0,0.0,1.0,0.0,A01
201300031923,0,7,0,0.0,2.0,1.0,2.0,A01
201300031923,0,7,0,0.0,0.0,4.0,2.0,B01
201300031923,0,7,0,0.0,2.0,1.0,1.0,C01
201300031924,0,33,0,0.0,2.0,1.0,2.0,A01
201300031924,0,7,0,0.0,0.0,4.0,2.0,B01
201300031925,0,7,0,0.0,0.0,0.0,15.0,A01
201300031925,0,1,0,0.0,0.0,0.0,21.0,B01
201300031926,0,33,0,0.0,2.0,0.0,1.0,B01
201300031926,0,7,0,0.0,2.0,3.0,1.0,C01
201300031926,0,7,0,0.0,2.0,5.0,19.0,A01
201300031927,0,2,0,0.0,0.0,0.0,1.0,A01
201300031928,0,7,0,0.0,2.0,1.0,2.0,A01
201300031928,0,7,0,0.0,0.0,4.0,2.0,B01
201300031929,0,7,0,0.0,2.0,1.0,1.0,B01
201300031929,0,7,0,0.0,0.0,8.0,9.0,A01
201300031930,0,2,0,0.0,2.0,1.0,1.0,B01
201300031930,0,7,0,0.0,2.0,1.0,15.0,A01
201300031931,0,34,0,0.0,2.0,1.0,2.0,B01
201300031931,0,7,0,0.0,2.0,3.0,13.0,A01
201300031932,0,7,0,0.0,2.0,1.0,1.0,B01
201300031932,0,7,0,0.0,0.0,7.0,1.0,A01
201300031933,0,30,0,0.0,2.0,1.0,1.0,B01
201300031933,0,15,0,0.0,2.0,3.0,15.0,A01
201300031934,0,7,0,0.0,2.0,1.0,1.0,A01
201300031934,0,33,0,0.0,0.0,7.0,1.0,B01
201300031935,0,7,0,0.0,2.0,1.0,2.0,A01
201300031935,0,7,0,0.0,0.0,4.0,2.0,B01
201300031936,0,7,0,15.0,0.0,1.0,1.0,A01
201300031937,0,33,0,0.0,2.0,1.0,17.0,B01
201300031937,0,7,0,0.0,2.0,1.0,15.0,A01
201300031938,0,7,0,13.0,0.0,1.0,1.0,A01
201300031939,0,34,0,0.0,0.0,7.0,1.0,B01
201300031939,0,10,0,0.0,2.0,8.0,9.0,A01
201300031940,0,7,0,0.0,0.0,0.0,15.0,A01
201300031940,0,1,0,0.0,0.0,0.0,1.0,B01
201300031941,0,1,0,0.0,0.0,8.0,5.0,A01
201300031941,0,7,0,0.0,2.0,3.0,15.0,B01
201300031942,0,30,0,5.0,0.0,1.0,1.0,A01
201300031943,0,37,34,0.0,2.0,2.0,1.0,A01
201300031943,0,7,0,0.0,0.0,3.0,1.0,B01
201300031944,0,7,0,0.0,2.0,6.0,10.0,A01
201300031944,0,34,0,0.0,2.0,1.0,1.0,B01
201300031945,0,1,0,0.0,0.0,0.0,0.0,A01
201300031946,0,7,0,0.0,0.0,6.0,15.0,B01
201300031946,0,30,0,0.0,2.0,1.0,17.0,A01
201300031947,0,7,0,0.0,9.0,3.0,16.0,A01
201300031947,0,1,0,0.0,2.0,2.0,0.0,B01
201300031948,0,7,0,0.0,2.0,1.0,1.0,A01
201300031948,0,7,0,0.0,0.0,4.0,23.0,B01
201300031948,0,7,0,0.0,2.0,3.0,1.0,C01
201300031948,0,7,0,0.0,2.0,8.0,1.0,D01
201300031949,0,7,0,0.0,2.0,1.0,1.0,A01
201300031949,0,7,0,0.0,2.0,4.0,23.0,B01
201300031950,0,7,0,6.0,0.0,2.0,1.0,A01
201300031951,0,30,0,0.0,0.0,0.0,1.0,A01
201300031951,0,14,0,0.0,0.0,0.0,9.0,B01
201300031952,0,7,0,0.0,0.0,7.0,1.0,B01
201300031952,0,10,0,0.0,2.0,1.0,9.0,A01
201300031953,0,10,0,5.0,0.0,0.0,1.0,A01
201300031954,0,7,0,0.0,2.0,2.0,1.0,B01
201300031954,0,7,0,0.0,2.0,5.0,15.0,A01
201300031955,0,7,0,0.0,2.0,1.0,1.0,B01
201300031955,0,30,0,0.0,2.0,1.0,1.0,A01
201300031956,0,7,0,15.0,0.0,1.0,1.0,A01
201300031957,0,7,0,1.0,0.0,2.0,1.0,A01
201300031958,0,7,0,0.0,1.0,1.0,1.0,A01
201300031959,0,15,0,0.0,0.0,4.0,2.0,B01
201300031959,0,14,0,0.0,2.0,1.0,2.0,A01
201300031960,0,7,0,2.0,0.0,6.0,1.0,A01
201300031961,0,7,0,0.0,2.0,2.0,17.0,A01
201300031961,0,7,0,0.0,0.0,3.0,15.0,B01
201300031962,0,33,0,0.0,2.0,1.0,9.0,A01
201300031962,0,7,0,0.0,2.0,2.0,1.0,B01
201300031963,0,2,0,0.0,2.0,3.0,19.0,A01
201300031963,0,31,0,0.0,2.0,3.0,1.0,B01
201300031964,0,7,0,0.0,1.0,2.0,1.0,A01
201300031965,0,7,0,0.0,1.0,1.0,20.0,A01
201300031966,0,37,1,0.0,2.0,1.0,1.0,B01
201300031966,0,7,0,0.0,2.0,1.0,1.0,A01
201300031967,0,7,0,15.0,1.0,1.0,1.0,A01
201300031968,0,7,0,0.0,0.0,0.0,1.0,B01
201300031968,0,1,0,0.0,2.0,1.0,1.0,A01
201300031969,0,7,0,0.0,2.0,8.0,1.0,A01
201300031969,0,7,0,0.0,2.0,1.0,1.0,B01
201300031970,0,7,0,0.0,2.0,0.0,9.0,A01
201300031970,0,33,0,0.0,2.0,0.0,1.0,B01
201300031971,0,7,0,0.0,1.0,0.0,4.0,A01
201300031972,0,7,0,0.0,0.0,4.0,23.0,B01
201300031972,0,33,0,14.0,0.0,1.0,1.0,A01
201300031973,0,7,0,0.0,2.0,3.0,15.0,B01
201300031973,0,7,0,0.0,2.0,2.0,1.0,A01
201300031974,0,7,0,0.0,2.0,1.0,5.0,A01
201300031974,0,7,0,0.0,2.0,1.0,1.0,B01
201300031974,0,7,0,0.0,2.0,1.0,1.0,C01
201300031974,0,7,0,0.0,2.0,1.0,1.0,D01
201300031974,0,7,0,0.0,2.0,1.0,1.0,E01
201300031974,0,7,0,0.0,2.0,1.0,1.0,F02
201300031974,0,7,0,0.0,2.0,1.0,1.0,G02
201300031975,0,7,0,0.0,2.0,1.0,1.0,B01
201300031975,2,7,0,0.0,2.0,1.0,16.0,A01
201300031976,0,7,0,1.0,0.0,1.0,1.0,A01
201300031976,0,7,0,0.0,0.0,4.0,1.0,B01
201300031977,0,7,0,14.0,0.0,1.0,1.0,A01
201300031978,0,7,0,0.0,2.0,3.0,19.0,A01
201300031978,0,33,0,0.0,2.0,8.0,1.0,B01
201300031979,0,7,0,0.0,1.0,1.0,1.0,A01
201300031980,0,7,0,2.0,2.0,1.0,17.0,A01
201300031980,0,7,0,0.0,2.0,4.0,10.0,B01
201300031981,0,7,0,0.0,2.0,4.0,2.0,C01
201300031981,0,7,0,0.0,2.0,1.0,2.0,A01
201300031981,0,33,0,0.0,2.0,4.0,2.0,B01
201300031982,0,7,0,0.0,1.0,3.0,1.0,A01
201300031983,0,7,0,0.0,1.0,4.0,4.0,A01
201300031984,0,10,0,0.0,2.0,2.0,21.0,A01
201300031984,0,7,0,0.0,2.0,6.0,2.0,B01
201300031985,0,7,0,0.0,1.0,6.0,4.0,A01
201300031986,0,2,0,0.0,2.0,1.0,1.0,B01
201300031986,0,7,0,0.0,2.0,8.0,9.0,A01
201300031987,0,7,0,0.0,1.0,2.0,1.0,A01
201300031988,0,10,0,0.0,1.0,2.0,1.0,A01
201300031989,0,7,0,0.0,2.0,3.0,23.0,B01
201300031989,0,7,0,0.0,2.0,1.0,13.0,A01
201300031990,0,7,0,0.0,1.0,7.0,1.0,A01
201300031991,0,30,0,16.0,2.0,8.0,2.0,A01
201300031991,0,7,0,0.0,2.0,1.0,2.0,B01
201300031992,0,7,0,0.0,2.0,3.0,9.0,A01
201300031992,0,31,0,0.0,2.0,5.0,1.0,B01
201300031993,0,7,0,0.0,0.0,6.0,15.0,B01
201300031993,0,32,0,0.0,2.0,1.0,17.0,A01
201300031994,0,10,0,0.0,2.0,1.0,1.0,B01
201300031994,0,7,0,0.0,2.0,1.0,1.0,A01
201300031995,0,7,0,8.0,0.0,1.0,1.0,A01
201300031996,0,30,0,0.0,2.0,1.0,1.0,B01
201300031996,0,7,0,0.0,2.0,2.0,19.0,A01
201300031997,0,2,0,0.0,2.0,1.0,17.0,A01
201300031997,0,7,0,0.0,0.0,8.0,15.0,B01
201300031998,0,7,0,0.0,0.0,1.0,1.0,A01
201300031998,0,7,0,0.0,0.0,4.0,23.0,B01
201300031999,0,7,0,0.0,0.0,1.0,1.0,A01
201300031999,0,33,0,0.0,2.0,1.0,21.0,B01
201300032000,0,30,0,0.0,0.0,1.0,1.0,A01
201300032001,0,30,0,0.0,2.0,7.0,7.0,A01
201300032001,0,10,0,0.0,2.0,7.0,12.0,B01
201300032002,0,7,0,6.0,0.0,6.0,23.0,A01
201300032003,0,7,0,0.0,2.0,2.0,16.0,B01
201300032003,0,30,0,0.0,2.0,8.0,7.0,A01
201300032004,1,30,0,0.0,1.0,2.0,0.0,Z01
201300032005,0,7,0,0.0,1.0,3.0,1.0,A01
201300032006,0,33,0,0.0,2.0,2.0,17.0,A01
201300032006,0,37,1,0.0,2.0,8.0,15.0,B01
201300032007,0,2,0,0.0,1.0,1.0,1.0,A01
201300032008,0,30,0,0.0,2.0,0.0,7.0,A01
201300032008,0,7,0,0.0,2.0,7.0,9.0,B01
201300032009,0,30,0,0.0,2.0,1.0,7.0,A01
201300032009,0,7,0,0.0,2.0,7.0,16.0,B01
201300032010,0,7,0,0.0,2.0,8.0,15.0,A01
201300032010,0,33,0,0.0,2.0,7.0,17.0,B01
201300032011,0,30,0,0.0,2.0,1.0,2.0,A01
201300032011,0,7,0,0.0,2.0,4.0,23.0,B01
201300032012,0,31,0,12.0,0.0,1.0,14.0,A01
201300032013,0,2,0,0.0,2.0,1.0,1.0,B01
201300032013,0,7,0,0.0,0.0,3.0,9.0,A01
201300032014,0,2,0,0.0,2.0,1.0,1.0,A01
201300032014,0,7,0,0.0,0.0,6.0,23.0,B01
201300032015,0,2,0,0.0,2.0,1.0,17.0,A01
201300032015,0,7,0,0.0,2.0,1.0,15.0,B01
201300032016,0,33,0,0.0,2.0,1.0,17.0,A01
201300032016,0,7,0,0.0,2.0,3.0,15.0,B01
201300032017,0,10,0,0.0,0.0,2.0,16.0,B01
201300032017,0,33,0,0.0,2.0,1.0,7.0,A01
201300032018,0,7,0,0.0,2.0,5.0,15.0,B01
201300032018,0,33,0,0.0,2.0,1.0,3.0,A01
201300032019,0,33,0,0.0,0.0,1.0,1.0,A01
201300032020,0,30,0,0.0,2.0,4.0,1.0,B01
201300032020,0,33,0,0.0,2.0,1.0,2.0,A01
201300032021,0,33,0,11.0,0.0,1.0,17.0,A01
201300032022,0,10,0,0.0,2.0,5.0,4.0,A01
201300032022,0,2,0,0.0,2.0,2.0,21.0,B01
201300032023,0,7,0,0.0,2.0,1.0,1.0,A01
201300032023,0,7,0,0.0,0.0,4.0,23.0,C01
201300032023,0,7,0,0.0,2.0,4.0,23.0,B01
201300032024,0,7,0,0.0,2.0,8.0,19.0,A01
201300032024,0,30,0,0.0,2.0,7.0,1.0,B01
201300032025,0,32,0,11.0,0.0,1.0,13.0,A01
201300032026,0,33,0,14.0,0.0,8.0,1.0,A01
201300032027,0,7,0,0.0,0.0,3.0,15.0,A01
201300032027,0,33,0,0.0,2.0,7.0,1.0,B01
201300032028,0,7,0,0.0,1.0,3.0,1.0,A01
201300032029,0,32,0,0.0,2.0,7.0,17.0,A01
201300032029,0,7,0,0.0,2.0,8.0,23.0,B01
201300032029,0,7,0,0.0,2.0,1.0,1.0,C01
201300032030,0,33,0,0.0,0.0,7.0,21.0,A01
201300032031,0,7,0,0.0,1.0,1.0,15.0,A01
201300032032,0,7,0,2.0,0.0,1.0,21.0,A01
201300032033,0,3,0,0.0,2.0,7.0,16.0,A01
201300032033,0,30,0,0.0,2.0,0.0,1.0,B01
201300032034,0,2,0,0.0,0.0,1.0,1.0,A01
201300032035,0,2,0,0.0,0.0,4.0,23.0,B01
201300032035,0,7,0,0.0,2.0,1.0,1.0,A01
201300032036,1,7,0,0.0,2.0,8.0,13.0,A01
201300032036,0,30,0,0.0,2.0,7.0,1.0,B01
201300032037,0,30,0,0.0,0.0,8.0,1.0,A01
201300032038,0,30,0,1.0,0.0,1.0,1.0,A01
201300032039,1,7,0,0.0,1.0,7.0,0.0,Z01
201300032040,0,33,0,12.0,0.0,1.0,14.0,A01
201300032041,0,2,0,0.0,0.0,8.0,1.0,A01
201300032042,0,2,0,0.0,2.0,1.0,1.0,A01
201300032042,0,10,0,0.0,0.0,5.0,1.0,B01
201300032043,0,7,0,0.0,2.0,1.0,19.0,A01
201300032043,0,30,0,0.0,2.0,1.0,1.0,B01
201300032044,0,7,0,0.0,0.0,5.0,1.0,B01
201300032044,0,1,0,0.0,2.0,1.0,19.0,A01
201300032045,0,7,0,0.0,2.0,1.0,1.0,A01
201300032045,0,7,0,0.0,0.0,4.0,23.0,B01
201300032046,0,7,0,0.0,0.0,3.0,15.0,A01
201300032046,0,32,0,0.0,2.0,1.0,1.0,B01
201300032047,1,7,0,0.0,2.0,0.0,17.0,Z01
201300032047,0,1,0,0.0,2.0,4.0,1.0,A01
201300032048,0,33,0,0.0,2.0,8.0,21.0,B01
201300032048,0,7,0,0.0,0.0,0.0,5.0,A01
201300032049,0,32,0,0.0,2.0,1.0,0.0,B01
201300032049,0,7,0,0.0,0.0,2.0,0.0,A01
201300032050,0,33,0,0.0,2.0,7.0,1.0,B01
201300032050,0,10,0,0.0,0.0,0.0,9.0,A01
201300032051,0,7,0,0.0,2.0,2.0,15.0,A01
201300032051,0,7,0,0.0,2.0,1.0,1.0,B01
201300032052,0,2,0,0.0,2.0,1.0,1.0,A01
201300032052,0,10,0,0.0,0.0,4.0,23.0,B01
201300032053,0,31,0,11.0,0.0,8.0,21.0,A01
201300032054,0,2,0,0.0,0.0,8.0,1.0,A01
201300032055,0,7,0,2.0,0.0,1.0,14.0,A01
201300032056,0,10,0,0.0,2.0,1.0,1.0,B01
201300032056,0,7,0,0.0,2.0,1.0,13.0,A01
201300032056,0,7,0,0.0,2.0,1.0,1.0,C01
201300032057,0,7,0,0.0,2.0,1.0,13.0,A01
201300032057,0,7,0,0.0,2.0,1.0,1.0,B01
201300032058,0,7,0,0.0,0.0,5.0,15.0,A01
201300032058,0,33,0,0.0,2.0,1.0,1.0,B01
201300032059,0,2,0,0.0,2.0,1.0,1.0,B01
201300032059,0,7,0,0.0,2.0,2.0,15.0,A01
201300032060,0,7,0,0.0,2.0,3.0,1.0,B01
201300032060,0,33,0,0.0,0.0,1.0,13.0,A01
201300032061,0,7,0,0.0,0.0,3.0,1.0,B01
201300032061,0,1,0,0.0,2.0,1.0,16.0,A01
201300032062,0,7,0,0.0,2.0,8.0,15.0,A01
201300032062,0,31,0,0.0,2.0,7.0,17.0,B01
201300032063,0,33,0,0.0,1.0,1.0,1.0,A01
201300032064,0,33,0,0.0,0.0,0.0,7.0,A01
201300032064,0,3,0,0.0,2.0,2.0,16.0,B01
201300032065,0,33,0,0.0,2.0,1.0,21.0,A01
201300032066,0,2,0,0.0,0.0,7.0,1.0,A01
201300032067,0,30,0,11.0,0.0,1.0,13.0,A01
201300032068,0,7,0,0.0,1.0,0.0,16.0,A01
201300032069,0,7,0,0.0,0.0,1.0,13.0,A01
201300032069,0,33,0,0.0,2.0,1.0,1.0,B01
201300032070,0,31,0,0.0,2.0,1.0,1.0,B01
201300032070,0,7,0,0.0,0.0,1.0,15.0,A01
201300032071,0,7,0,0.0,1.0,2.0,1.0,A01
201300032072,0,7,0,0.0,0.0,1.0,13.0,A01
201300032072,0,7,0,0.0,2.0,1.0,1.0,B01
201300032073,0,7,0,0.0,0.0,3.0,15.0,A01
201300032073,0,2,0,0.0,2.0,1.0,1.0,B01
201300032074,0,2,0,0.0,2.0,1.0,0.0,A01
201300032074,0,7,0,0.0,2.0,2.0,16.0,B01
201300032075,0,2,0,0.0,0.0,7.0,12.0,A01
201300032075,0,7,0,0.0,2.0,1.0,1.0,B01
201300032076,0,33,0,0.0,2.0,2.0,17.0,A01
201300032076,0,10,0,0.0,0.0,3.0,15.0,B01
201300032077,0,1,0,0.0,2.0,1.0,1.0,B01
201300032077,1,99,0,0.0,0.0,0.0,0.0,Z01
201300032078,0,1,0,0.0,1.0,8.0,1.0,A01
201300032079,0,7,0,0.0,0.0,2.0,16.0,B01
201300032079,0,2,0,0.0,2.0,1.0,7.0,A01
201300032080,0,10,0,0.0,1.0,1.0,1.0,A01
201300032081,0,7,0,0.0,0.0,1.0,13.0,A01
201300032081,0,10,0,0.0,2.0,1.0,1.0,B01
201300032082,0,2,0,0.0,0.0,8.0,15.0,A01
201300032082,0,2,0,0.0,2.0,2.0,21.0,B01
201300032083,0,2,0,0.0,0.0,0.0,0.0,A01
201300032084,0,7,0,0.0,2.0,7.0,16.0,B01
201300032084,0,30,0,0.0,2.0,1.0,7.0,A01
201300032085,0,33,0,0.0,0.0,0.0,1.0,A01
201300032086,0,2,0,0.0,2.0,1.0,1.0,A01
201300032086,0,7,0,0.0,2.0,8.0,15.0,B01
201300032087,0,30,0,0.0,2.0,1.0,2.0,A01
201300032087,0,2,0,0.0,2.0,4.0,1.0,B01
201300032088,0,1,0,0.0,2.0,4.0,2.0,B01
201300032088,0,1,0,0.0,2.0,1.0,2.0,A01
201300032089,0,7,0,0.0,2.0,2.0,15.0,B01
201300032089,0,2,0,0.0,2.0,1.0,1.0,A01
201300032090,0,7,0,0.0,2.0,4.0,23.0,B01
201300032090,0,7,0,0.0,2.0,1.0,2.0,A01
201300032091,0,7,0,0.0,1.0,0.0,15.0,A01
201300032092,0,10,0,0.0,1.0,4.0,4.0,A01
201300032093,0,7,0,0.0,2.0,1.0,1.0,B01
201300032093,0,7,0,0.0,0.0,8.0,15.0,A01
201300032094,0,7,0,0.0,1.0,3.0,9.0,A01
201300032095,0,10,0,0.0,1.0,5.0,4.0,A01
201300032096,0,2,0,0.0,1.0,1.0,17.0,A01
201300032097,0,33,0,0.0,0.0,0.0,16.0,A01
201300032098,0,7,0,0.0,2.0,2.0,15.0,A01
201300032098,0,2,0,0.0,2.0,1.0,8.0,B01
201300032099,1,7,0,0.0,0.0,0.0,3.0,A01
201300032099,0,7,0,8.0,0.0,1.0,21.0,B01
201300032100,0,7,0,3.0,0.0,9.0,1.0,A01
201300032101,0,33,0,0.0,2.0,8.0,1.0,B01
201300032101,0,7,0,0.0,0.0,3.0,13.0,A01
201300032102,0,32,0,0.0,2.0,1.0,1.0,B01
201300032102,0,7,0,0.0,0.0,1.0,15.0,A01
201300032103,0,33,0,0.0,2.0,1.0,14.0,A01
201300032103,0,7,0,0.0,0.0,3.0,23.0,B01
201300032104,0,33,0,0.0,2.0,4.0,2.0,B01
201300032104,0,7,0,0.0,2.0,1.0,2.0,A01
201300032105,0,2,0,0.0,2.0,7.0,1.0,B01
201300032105,0,7,0,0.0,2.0,3.0,9.0,A01
201300032106,0,10,0,0.0,1.0,1.0,1.0,A01
201300032107,0,1,0,0.0,2.0,0.0,1.0,B01
201300032107,0,7,0,0.0,0.0,5.0,16.0,A01
201300032108,0,2,0,0.0,2.0,1.0,17.0,A01
201300032108,0,7,0,0.0,2.0,6.0,15.0,B01
201300032109,0,30,0,0.0,2.0,1.0,7.0,A01
201300032109,0,7,0,0.0,2.0,2.0,16.0,B01
201300032110,0,7,0,0.0,2.0,3.0,5.0,C01
201300032110,0,33,0,0.0,2.0,1.0,2.0,A01
201300032110,0,7,0,0.0,2.0,4.0,23.0,B01
201300032111,1,7,0,0.0,1.0,0.0,0.0,Z01
201300032112,0,30,0,0.0,1.0,1.0,7.0,A01
201300032113,0,7,0,0.0,2.0,4.0,2.0,C01
201300032113,0,10,0,0.0,2.0,1.0,2.0,A01
201300032113,0,7,0,0.0,2.0,4.0,2.0,B01
201300032114,0,2,0,0.0,2.0,8.0,19.0,A01
201300032114,0,7,0,0.0,2.0,7.0,1.0,B01
201300032115,0,30,0,0.0,2.0,7.0,17.0,A01
201300032115,0,7,0,0.0,2.0,8.0,15.0,B01
201300032116,0,2,0,0.0,2.0,1.0,2.0,A01
201300032116,0,7,0,0.0,2.0,5.0,1.0,B01
201300032117,0,7,0,1.0,0.0,0.0,13.0,A01
201300032118,0,7,0,0.0,1.0,0.0,0.0,A01
201300032119,0,32,0,12.0,0.0,1.0,14.0,A01
201300032120,0,2,0,0.0,2.0,8.0,1.0,B01
201300032120,0,7,0,0.0,2.0,3.0,9.0,A01
201300032121,0,7,0,0.0,2.0,3.0,9.0,A01
201300032121,0,1,0,0.0,2.0,0.0,1.0,B01
201300032122,0,7,0,0.0,2.0,2.0,14.0,A01
201300032122,0,2,0,0.0,2.0,8.0,2.0,B01
201300032123,0,31,0,0.0,2.0,1.0,17.0,B01
201300032123,0,7,0,0.0,2.0,8.0,15.0,A01
201300032124,0,1,0,0.0,2.0,1.0,19.0,A01
201300032124,0,7,0,0.0,2.0,7.0,1.0,B01
201300032125,0,7,0,0.0,2.0,3.0,15.0,A01
201300032125,0,33,0,0.0,2.0,1.0,1.0,B01
201300032126,0,7,0,0.0,2.0,2.0,15.0,A01
201300032126,0,32,0,0.0,2.0,1.0,1.0,B01
201300032127,0,2,0,0.0,2.0,7.0,1.0,B01
201300032127,0,7,0,0.0,2.0,1.0,9.0,A01
201300032128,0,7,0,7.0,0.0,1.0,0.0,A01
201300032129,0,7,0,1.0,0.0,3.0,13.0,A01
201300032130,0,7,0,0.0,2.0,3.0,2.0,A01
201300032130,0,2,0,0.0,2.0,1.0,1.0,B01
201300032131,0,2,0,0.0,2.0,4.0,1.0,B01
201300032131,0,7,0,0.0,2.0,1.0,1.0,A01
201300032132,0,7,0,0.0,2.0,1.0,15.0,A01
201300032132,0,2,0,0.0,2.0,1.0,1.0,B01
201300032133,0,7,0,0.0,2.0,4.0,23.0,C01
201300032133,0,7,0,0.0,2.0,9.0,23.0,B01
201300032133,0,10,0,1.0,0.0,1.0,1.0,A01
201300032134,0,10,0,12.0,0.0,3.0,13.0,A01
201300032135,0,30,0,1.0,0.0,1.0,14.0,A01
201300032136,0,7,0,0.0,9.0,3.0,15.0,A01
201300032136,0,31,0,0.0,2.0,1.0,17.0,B01
201300032137,0,32,0,0.0,9.0,1.0,14.0,A01
201300032138,0,7,0,0.0,2.0,3.0,13.0,A01
201300032138,0,7,0,0.0,2.0,3.0,1.0,B01