Num_Acc,senc,catv,occutc,obs,obsm,choc,manv,num_veh
201300032139,0,2,0,1.0,0.0,1.0,13.0,A01
201300032140,0,2,0,6.0,0.0,1.0,1.0,A01
201300032141,0,7,0,0.0,1.0,3.0,1.0,A01
201300032142,1,99,0,0.0,1.0,0.0,0.0,Z01
201300032143,0,7,0,0.0,9.0,6.0,11.0,A01
201300032143,0,32,0,1.0,2.0,2.0,17.0,B01
201300032144,0,7,0,0.0,9.0,1.0,13.0,A01
201300032144,0,30,0,0.0,2.0,8.0,1.0,B01
201300032145,0,2,0,0.0,2.0,1.0,2.0,A01
201300032145,0,7,0,0.0,9.0,5.0,15.0,B01
201300032146,0,7,0,0.0,2.0,3.0,1.0,B01
201300032146,0,2,0,0.0,2.0,1.0,5.0,A01
201300032147,0,33,0,0.0,0.0,0.0,0.0,A01
201300032148,0,32,0,12.0,0.0,1.0,13.0,A01
201300032149,0,2,0,14.0,0.0,1.0,1.0,A01
201300032150,0,2,0,0.0,1.0,1.0,21.0,A01
201300032151,0,2,0,0.0,0.0,1.0,0.0,A01
201300032152,0,33,0,0.0,2.0,1.0,17.0,B01
201300032152,0,7,0,0.0,2.0,8.0,22.0,A01
201300032153,0,7,0,0.0,2.0,1.0,1.0,A01
201300032153,0,31,0,0.0,2.0,4.0,1.0,B01
201300032153,0,7,0,0.0,2.0,4.0,1.0,C01
201300032154,0,34,0,0.0,2.0,7.0,17.0,B01
201300032154,0,7,0,0.0,9.0,8.0,2.0,A01
201300032155,0,33,0,0.0,2.0,7.0,1.0,B01
201300032155,0,7,0,1.0,9.0,3.0,9.0,A01
201300032156,0,33,0,0.0,2.0,8.0,1.0,B01
201300032156,0,7,0,0.0,9.0,1.0,10.0,A01
201300032157,0,30,0,0.0,9.0,4.0,23.0,B01
201300032157,0,30,0,0.0,9.0,1.0,2.0,A01
201300032158,0,31,0,1.0,9.0,7.0,12.0,A01
201300032158,0,1,0,0.0,9.0,8.0,1.0,B01
201300032159,0,7,0,0.0,9.0,1.0,9.0,A01
201300032159,0,33,0,0.0,2.0,7.0,17.0,B01
201300032160,1,7,0,0.0,1.0,1.0,1.0,Z01
201300032161,0,7,0,13.0,0.0,1.0,1.0,A01
201300032162,0,10,0,0.0,2.0,1.0,1.0,A01
201300032162,0,7,0,0.0,1.0,1.0,23.0,B01
201300032163,0,33,0,0.0,2.0,4.0,17.0,A01
201300032163,0,7,0,0.0,2.0,3.0,15.0,B01
201300032164,0,7,0,0.0,2.0,1.0,15.0,A01
201300032164,0,34,0,0.0,2.0,1.0,17.0,B01
201300032165,0,7,0,0.0,1.0,2.0,16.0,A01
201300032166,0,7,0,0.0,2.0,6.0,15.0,A01
201300032166,0,33,0,0.0,2.0,3.0,1.0,B01
201300032167,0,1,0,0.0,2.0,1.0,1.0,B01
201300032167,0,7,0,0.0,9.0,7.0,1.0,A01
201300032168,0,7,0,0.0,2.0,5.0,15.0,A01
201300032168,0,7,0,0.0,2.0,3.0,1.0,C01
201300032168,0,7,0,0.0,2.0,8.0,1.0,B01
201300032169,0,2,0,0.0,9.0,0.0,0.0,A01
201300032170,0,7,0,0.0,1.0,1.0,20.0,A01
201300032171,0,7,0,0.0,9.0,3.0,15.0,A01
201300032171,0,34,0,0.0,2.0,1.0,17.0,B01
201300032172,0,7,0,0.0,2.0,2.0,1.0,A01
201300032172,0,2,0,0.0,2.0,6.0,1.0,B01
201300032173,0,7,0,2.0,0.0,1.0,0.0,A01
201300032174,0,7,0,0.0,1.0,4.0,4.0,A01
201300032175,0,7,0,0.0,2.0,1.0,1.0,A01
201300032175,0,7,0,0.0,2.0,8.0,1.0,B01
201300032176,0,7,0,0.0,1.0,1.0,1.0,A01
201300032177,0,7,0,0.0,2.0,6.0,1.0,B01
201300032177,0,1,0,0.0,2.0,1.0,1.0,A01
201300032178,0,7,0,0.0,1.0,4.0,4.0,A01
201300032179,0,7,0,0.0,1.0,1.0,1.0,A01
201300032180,0,7,0,0.0,2.0,2.0,15.0,A01
201300032180,0,2,0,0.0,2.0,1.0,1.0,B01
201300032181,0,7,0,0.0,2.0,8.0,17.0,A01
201300032181,0,33,0,1.0,2.0,3.0,1.0,B01
201300032182,0,7,0,0.0,1.0,1.0,1.0,A01
201300032183,0,7,0,0.0,1.0,1.0,1.0,A01
201300032184,0,10,0,0.0,2.0,3.0,13.0,A01
201300032184,0,7,0,0.0,2.0,3.0,1.0,B01
201300032185,0,30,0,0.0,2.0,8.0,15.0,A01
201300032185,0,7,0,0.0,2.0,3.0,1.0,B01
201300032186,0,7,0,0.0,2.0,1.0,15.0,A01
201300032186,0,30,0,0.0,2.0,1.0,18.0,B01
201300032187,0,7,0,0.0,2.0,7.0,1.0,A01
201300032187,0,7,0,0.0,2.0,1.0,1.0,B01
201300032188,0,7,0,0.0,2.0,4.0,23.0,C01
201300032188,0,7,0,0.0,2.0,1.0,1.0,A01
201300032188,0,7,0,0.0,2.0,4.0,23.0,B01
201300032189,0,1,0,0.0,1.0,1.0,16.0,A01
201300032190,0,10,0,0.0,2.0,6.0,13.0,B01
201300032190,0,7,0,0.0,2.0,2.0,16.0,A01
201300032191,0,10,0,7.0,0.0,1.0,1.0,A01
201300032192,0,10,0,0.0,2.0,0.0,9.0,A01
201300032192,0,1,0,0.0,0.0,0.0,1.0,B01
201300032193,0,7,0,0.0,2.0,1.0,1.0,B01
201300032193,0,7,0,0.0,2.0,1.0,17.0,A01
201300032194,0,7,0,0.0,2.0,3.0,16.0,A01
201300032194,0,37,2,0.0,2.0,1.0,1.0,B01
201300032195,0,7,0,0.0,2.0,2.0,15.0,A01
201300032195,0,33,0,0.0,2.0,1.0,1.0,B01
201300032196,0,7,0,0.0,2.0,6.0,1.0,A01
201300032196,0,1,0,0.0,2.0,1.0,12.0,B01
201300032197,0,7,0,0.0,2.0,1.0,1.0,B01
201300032197,0,7,0,0.0,2.0,3.0,9.0,A01
201300032198,0,7,0,0.0,0.0,1.0,2.0,A01
201300032198,0,7,0,0.0,2.0,4.0,23.0,B01
201300032199,0,7,0,0.0,2.0,3.0,15.0,B01
201300032199,0,2,0,1.0,2.0,1.0,17.0,A01
201300032200,1,7,0,0.0,2.0,3.0,6.0,Z01
201300032200,0,7,0,0.0,2.0,8.0,1.0,B01
201300032201,0,7,0,0.0,2.0,1.0,2.0,A01
201300032201,0,7,0,0.0,2.0,4.0,1.0,B01
201300032202,0,32,0,0.0,2.0,1.0,1.0,B01
201300032202,0,7,0,0.0,2.0,1.0,15.0,A01
201300032203,0,7,0,0.0,2.0,5.0,23.0,B01
201300032203,0,30,0,0.0,2.0,3.0,1.0,A01
201300032204,0,7,0,0.0,2.0,2.0,5.0,A01
201300032204,0,7,0,0.0,2.0,1.0,1.0,C01
201300032204,0,14,0,0.0,2.0,3.0,1.0,B01
201300032205,0,7,0,0.0,2.0,1.0,1.0,A01
201300032205,0,7,0,0.0,2.0,4.0,23.0,C01
201300032205,0,7,0,0.0,2.0,4.0,23.0,B01
201300032206,0,7,0,0.0,2.0,1.0,1.0,B01
201300032206,0,7,0,0.0,2.0,7.0,15.0,A01
201300032207,0,7,0,0.0,2.0,3.0,15.0,A01
201300032207,0,33,0,0.0,2.0,1.0,1.0,B01
201300032208,0,7,0,0.0,1.0,1.0,16.0,A01
201300032209,0,7,0,0.0,1.0,1.0,1.0,A01
201300032210,0,7,0,0.0,2.0,1.0,15.0,A01
201300032210,0,10,0,0.0,2.0,8.0,1.0,B01
201300032211,0,37,0,0.0,2.0,0.0,1.0,B01
201300032211,0,7,0,0.0,2.0,0.0,16.0,A01
201300032212,0,7,0,8.0,0.0,1.0,1.0,A01
201300032213,0,7,0,0.0,1.0,1.0,1.0,A01
201300032214,0,7,0,0.0,2.0,4.0,23.0,B01
201300032214,0,7,0,0.0,2.0,1.0,2.0,A01
201300032215,0,7,0,0.0,2.0,4.0,23.0,C01
201300032215,0,7,0,0.0,2.0,1.0,1.0,A01
201300032215,0,7,0,0.0,2.0,4.0,23.0,B01
201300032215,0,7,0,0.0,2.0,4.0,23.0,D01
201300032216,0,7,0,0.0,2.0,7.0,15.0,A01
201300032216,0,33,0,0.0,2.0,1.0,1.0,B01
201300032217,0,7,0,0.0,2.0,2.0,15.0,A01
201300032217,0,33,0,0.0,2.0,7.0,1.0,B01
201300032218,0,7,0,0.0,2.0,3.0,1.0,B01
201300032218,0,7,0,0.0,2.0,1.0,16.0,A01
201300032219,0,7,0,0.0,2.0,1.0,1.0,A01
201300032219,0,7,0,0.0,2.0,2.0,1.0,B01
201300032220,0,7,0,0.0,2.0,2.0,16.0,A01
201300032220,0,1,0,0.0,2.0,6.0,1.0,B01
201300032221,0,7,0,0.0,2.0,1.0,1.0,A01
201300032221,0,7,0,0.0,1.0,4.0,1.0,B01
201300032222,0,7,0,0.0,2.0,1.0,1.0,A01
201300032222,0,37,1,0.0,2.0,4.0,23.0,B01
201300032223,0,7,0,9.0,0.0,1.0,14.0,A01
201300032224,0,7,0,0.0,2.0,8.0,1.0,B01
201300032224,0,2,0,0.0,2.0,1.0,0.0,A01
201300032225,0,7,0,0.0,2.0,1.0,1.0,A01
201300032225,0,7,0,0.0,2.0,4.0,23.0,B01
201300032226,0,30,0,0.0,2.0,1.0,1.0,A01
201300032226,0,7,0,0.0,2.0,5.0,1.0,B01
201300032227,0,7,0,0.0,2.0,4.0,13.0,B01
201300032227,0,32,0,0.0,2.0,1.0,1.0,A01
201300032228,0,7,0,0.0,2.0,1.0,1.0,B01
201300032228,0,10,0,0.0,2.0,1.0,13.0,A01
201300032229,0,3,0,0.0,2.0,3.0,9.0,A01
201300032229,0,7,0,0.0,2.0,1.0,1.0,B01
201300032230,0,7,0,0.0,2.0,1.0,1.0,A01
201300032230,0,7,0,0.0,2.0,4.0,23.0,B01
201300032231,0,7,0,0.0,2.0,4.0,1.0,B01
201300032231,0,3,0,0.0,2.0,4.0,1.0,D01
201300032231,0,7,0,0.0,2.0,1.0,1.0,A01
201300032231,0,7,0,0.0,2.0,4.0,1.0,C01
201300032232,0,7,0,0.0,2.0,1.0,1.0,A01
201300032232,0,7,0,6.0,2.0,7.0,1.0,B01
201300032233,0,7,0,6.0,0.0,1.0,1.0,A01
201300032234,0,30,0,0.0,2.0,3.0,1.0,A01
201300032234,0,7,0,0.0,2.0,6.0,23.0,B01
201300032235,0,31,0,0.0,2.0,7.0,1.0,B01
201300032235,0,7,0,0.0,2.0,8.0,10.0,A01
201300032236,0,7,0,0.0,2.0,3.0,15.0,A01
201300032236,0,32,0,0.0,2.0,1.0,17.0,B01
201300032237,0,7,0,0.0,2.0,1.0,1.0,A01
201300032237,0,7,0,0.0,2.0,4.0,23.0,B01
201300032238,0,7,0,0.0,2.0,3.0,9.0,A01
201300032238,0,7,0,0.0,2.0,8.0,1.0,C01
201300032238,0,7,0,0.0,2.0,6.0,1.0,B01
201300032239,0,7,0,0.0,2.0,5.0,23.0,B01
201300032239,0,7,0,0.0,2.0,1.0,1.0,A01
201300032239,0,7,0,0.0,2.0,4.0,23.0,C01
201300032240,0,7,0,0.0,2.0,8.0,15.0,B01
201300032240,0,32,0,0.0,2.0,1.0,17.0,A01
201300032241,0,3,0,0.0,2.0,1.0,15.0,A01
201300032241,0,10,0,0.0,2.0,3.0,1.0,B01
201300032242,0,3,0,4.0,0.0,1.0,1.0,A01
201300032243,0,7,0,6.0,0.0,1.0,6.0,A01
201300032244,0,7,0,0.0,2.0,1.0,15.0,A01
201300032244,0,30,0,0.0,2.0,1.0,1.0,B01
201300032245,0,7,0,0.0,2.0,4.0,23.0,B01
201300032245,0,7,0,0.0,2.0,4.0,23.0,C01
201300032245,0,7,0,0.0,2.0,4.0,23.0,D01
201300032245,0,7,0,0.0,2.0,1.0,1.0,A01
201300032246,0,7,0,11.0,0.0,1.0,1.0,A01
201300032247,0,7,0,0.0,2.0,7.0,16.0,A01
201300032247,0,30,0,0.0,2.0,1.0,1.0,B01
201300032248,0,7,0,0.0,2.0,4.0,23.0,C01
201300032248,0,7,0,0.0,2.0,1.0,2.0,A01
201300032248,0,7,0,0.0,2.0,4.0,23.0,B01
201300032249,0,7,0,0.0,2.0,1.0,2.0,A01
201300032249,0,7,0,0.0,2.0,4.0,23.0,C01
201300032249,0,7,0,0.0,2.0,1.0,23.0,B01
201300032250,0,30,0,0.0,2.0,1.0,1.0,A01
201300032250,0,7,0,0.0,2.0,7.0,1.0,B01
201300032251,0,7,0,0.0,2.0,7.0,16.0,B01
201300032251,0,30,0,0.0,2.0,2.0,1.0,A01
201300032252,0,2,0,0.0,2.0,1.0,1.0,A01
201300032252,0,7,0,0.0,2.0,6.0,1.0,B01
201300032253,0,7,0,0.0,2.0,1.0,15.0,A01
201300032253,0,33,0,0.0,2.0,3.0,1.0,B01
201300032254,0,7,0,0.0,2.0,1.0,15.0,A01
201300032254,0,30,0,0.0,2.0,8.0,1.0,B01
201300032255,0,7,0,0.0,2.0,6.0,1.0,B01
201300032255,0,30,0,0.0,2.0,1.0,1.0,A01
201300032256,0,7,0,0.0,2.0,4.0,23.0,C01
201300032256,0,7,0,0.0,2.0,4.0,1.0,B01
201300032256,0,7,0,0.0,2.0,1.0,1.0,A01
201300032257,0,14,0,0.0,2.0,5.0,1.0,B01
201300032257,0,2,0,0.0,2.0,1.0,2.0,A01
201300032258,0,7,0,0.0,1.0,3.0,15.0,A01
201300032259,0,7,0,0.0,2.0,5.0,23.0,A01
201300032259,0,7,0,0.0,2.0,3.0,1.0,B01
201300032260,0,7,0,0.0,1.0,2.0,1.0,A01
201300032261,0,7,0,0.0,2.0,3.0,20.0,A01
201300032261,0,31,0,0.0,2.0,7.0,1.0,B01
201300032262,0,7,0,0.0,2.0,4.0,1.0,B01
201300032262,0,7,0,0.0,2.0,4.0,1.0,C01
201300032262,0,7,0,0.0,2.0,1.0,1.0,A01
201300032263,0,7,0,0.0,2.0,4.0,1.0,B01
201300032263,0,7,0,0.0,2.0,1.0,1.0,A01
201300032264,0,1,0,1.0,0.0,1.0,1.0,B01
201300032264,0,7,0,0.0,2.0,2.0,22.0,A01
201300032265,0,2,0,0.0,2.0,1.0,1.0,A01
201300032265,0,7,0,0.0,2.0,6.0,1.0,B01
201300032266,1,7,0,0.0,2.0,1.0,1.0,Z01
201300032266,0,1,0,0.0,2.0,1.0,1.0,A01
201300032267,0,7,0,0.0,2.0,3.0,1.0,B01
201300032267,0,7,0,0.0,2.0,1.0,1.0,A01
201300032268,0,33,0,0.0,2.0,3.0,1.0,B01
201300032268,0,7,0,0.0,2.0,1.0,15.0,A01
201300032269,0,7,0,0.0,1.0,4.0,4.0,A01
201300032270,0,7,0,0.0,2.0,4.0,2.0,B01
201300032270,0,30,0,0.0,2.0,1.0,9.0,A01
201300032271,0,7,0,0.0,2.0,8.0,9.0,A01
201300032271,0,33,0,0.0,2.0,1.0,1.0,B01
201300032272,0,7,0,0.0,2.0,1.0,1.0,A01
201300032272,0,7,0,0.0,2.0,8.0,1.0,B01
201300032273,0,7,0,0.0,2.0,1.0,1.0,A01
201300032273,0,10,0,0.0,2.0,4.0,1.0,B01
201300032274,0,7,0,0.0,2.0,4.0,1.0,C01
201300032274,0,7,0,0.0,2.0,4.0,1.0,D01
201300032274,0,10,0,0.0,2.0,4.0,1.0,B01
201300032274,0,7,0,0.0,2.0,1.0,1.0,A01
201300032275,0,7,0,0.0,2.0,3.0,20.0,A01
201300032275,0,2,0,0.0,2.0,1.0,1.0,B01
201300032276,0,7,0,0.0,2.0,1.0,2.0,A01
201300032276,0,7,0,0.0,2.0,4.0,23.0,C01
201300032276,0,7,0,0.0,2.0,4.0,23.0,B01
201300032277,0,7,0,0.0,2.0,7.0,9.0,A01
201300032277,0,7,0,0.0,2.0,8.0,1.0,B01
201300032278,0,7,0,0.0,2.0,6.0,1.0,B01
201300032278,0,7,0,0.0,2.0,1.0,1.0,A01
201300032278,0,7,0,0.0,2.0,3.0,1.0,C01
201300032279,0,7,0,0.0,2.0,1.0,9.0,A01
201300032279,0,7,0,0.0,2.0,3.0,1.0,B01
201300032280,1,1,0,0.0,1.0,1.0,1.0,Z01
201300032281,0,30,0,0.0,1.0,1.0,1.0,A01
201300032282,0,1,0,0.0,2.0,1.0,1.0,B01
201300032282,0,7,0,0.0,2.0,3.0,9.0,A01
201300032283,0,7,0,0.0,2.0,4.0,23.0,B01
201300032283,0,7,0,0.0,2.0,4.0,23.0,C01
201300032283,0,7,0,0.0,2.0,1.0,2.0,A01
201300032284,0,7,0,0.0,1.0,1.0,1.0,A01
201300032285,0,7,0,0.0,2.0,3.0,1.0,B01
201300032285,0,7,0,0.0,2.0,2.0,15.0,A01
201300032286,0,7,0,0.0,2.0,6.0,15.0,A01
201300032286,0,7,0,0.0,2.0,1.0,1.0,B01
201300032287,0,7,0,0.0,2.0,1.0,1.0,A01
201300032287,0,7,0,0.0,2.0,4.0,1.0,B01
201300032288,0,32,0,0.0,2.0,1.0,1.0,B01
201300032288,0,7,0,0.0,2.0,3.0,23.0,A01
201300032289,0,7,0,0.0,2.0,4.0,23.0,C01
201300032289,0,7,0,0.0,2.0,4.0,23.0,B01
201300032289,0,7,0,0.0,2.0,1.0,2.0,A01
201300032290,0,7,0,0.0,1.0,1.0,1.0,A01
201300032291,0,34,0,0.0,1.0,1.0,1.0,A01
201300032292,0,7,0,0.0,2.0,1.0,9.0,A01
201300032292,0,7,0,0.0,2.0,4.0,1.0,B01
201300032293,0,1,0,0.0,2.0,7.0,9.0,A01
201300032293,0,7,0,0.0,2.0,8.0,1.0,B01
201300032294,0,7,0,0.0,2.0,8.0,15.0,A01
201300032294,0,32,0,0.0,2.0,1.0,17.0,B01
201300032295,0,7,0,0.0,2.0,4.0,23.0,C01
201300032295,0,7,0,0.0,2.0,1.0,2.0,A01
201300032295,0,7,0,0.0,2.0,4.0,23.0,B01
201300032296,0,1,0,0.0,2.0,3.0,19.0,B01
201300032296,0,7,0,0.0,2.0,1.0,1.0,A01
201300032297,0,7,0,0.0,2.0,1.0,1.0,A01
201300032297,0,7,0,0.0,2.0,4.0,1.0,B01
201300032298,0,1,0,0.0,2.0,8.0,9.0,A01
201300032298,0,7,0,0.0,2.0,1.0,1.0,B01
201300032299,0,7,0,0.0,2.0,7.0,15.0,A01
201300032299,0,31,0,0.0,2.0,1.0,1.0,B01
201300032300,0,10,0,0.0,2.0,2.0,15.0,A01
201300032300,0,30,0,0.0,2.0,1.0,1.0,B01
201300032301,0,7,0,0.0,2.0,4.0,1.0,B01
201300032301,0,1,0,0.0,2.0,1.0,2.0,A01
201300032302,0,7,0,0.0,2.0,2.0,15.0,A01
201300032302,0,1,0,0.0,2.0,1.0,1.0,B01
201300032303,0,7,0,0.0,2.0,4.0,1.0,B01
201300032303,0,33,0,0.0,2.0,1.0,2.0,A01
201300032304,0,7,0,1.0,0.0,1.0,14.0,A01
201300032305,0,7,0,0.0,2.0,8.0,13.0,A01
201300032305,0,7,0,0.0,2.0,8.0,1.0,B01
201300032306,0,7,0,0.0,2.0,1.0,2.0,A01
201300032306,0,7,0,0.0,2.0,4.0,23.0,B01
201300032307,0,1,0,0.0,2.0,1.0,5.0,A01
201300032307,0,7,0,0.0,2.0,1.0,1.0,B01
201300032308,0,2,0,0.0,2.0,1.0,1.0,B01
201300032308,0,7,0,0.0,2.0,7.0,15.0,A01
201300032309,0,7,0,0.0,1.0,2.0,0.0,A01
201300032310,0,7,0,0.0,2.0,4.0,23.0,B01
201300032310,0,7,0,0.0,2.0,4.0,23.0,D01
201300032310,0,7,0,0.0,2.0,4.0,23.0,E01
201300032310,0,7,0,0.0,2.0,4.0,23.0,C01
201300032310,0,7,0,0.0,2.0,1.0,2.0,A01
201300032311,0,13,0,0.0,2.0,1.0,1.0,B01
201300032311,0,7,0,0.0,2.0,3.0,5.0,A01
201300032312,0,1,0,0.0,1.0,1.0,1.0,A01
201300032313,0,7,0,0.0,2.0,1.0,1.0,C01
201300032313,0,7,0,0.0,2.0,3.0,16.0,A01
201300032313,0,10,0,0.0,2.0,6.0,1.0,B01
201300032314,0,7,0,0.0,2.0,1.0,1.0,A01
201300032314,0,7,0,0.0,2.0,4.0,23.0,B01
201300032315,0,30,0,0.0,2.0,1.0,1.0,A01
201300032315,0,7,0,0.0,2.0,4.0,23.0,B01
201300032316,0,30,0,0.0,2.0,1.0,1.0,A01
201300032316,0,7,0,0.0,2.0,4.0,23.0,B01
201300032317,0,13,0,0.0,2.0,1.0,2.0,A01
201300032317,0,7,0,0.0,2.0,4.0,23.0,B01
201300032318,0,30,0,0.0,2.0,1.0,18.0,A01
201300032318,0,7,0,0.0,2.0,5.0,15.0,B01
201300032319,0,7,0,0.0,2.0,1.0,2.0,A01
201300032319,0,7,0,0.0,2.0,4.0,23.0,B01
201300032319,0,7,0,0.0,2.0,4.0,23.0,C01
201300032320,0,7,0,0.0,2.0,4.0,23.0,B01
201300032320,0,7,0,0.0,2.0,1.0,2.0,A01
201300032321,0,7,0,0.0,2.0,4.0,23.0,B01
201300032321,0,7,0,0.0,2.0,4.0,23.0,C01
201300032321,0,7,0,0.0,2.0,1.0,1.0,A01
201300032322,0,7,0,0.0,2.0,1.0,16.0,A01
201300032322,0,7,0,0.0,2.0,2.0,1.0,B01
201300032323,0,7,0,0.0,2.0,7.0,15.0,A01
201300032323,0,30,0,0.0,2.0,1.0,1.0,B01
201300032324,0,7,0,0.0,2.0,1.0,2.0,A01
201300032324,0,7,0,0.0,2.0,4.0,23.0,B01
201300032324,0,7,0,0.0,2.0,4.0,23.0,C01
201300032325,0,7,0,0.0,2.0,4.0,23.0,B01
201300032325,0,7,0,0.0,2.0,1.0,1.0,A01
201300032325,0,7,0,0.0,2.0,4.0,23.0,C01
201300032326,0,7,0,0.0,2.0,8.0,1.0,B01
201300032326,0,7,0,0.0,2.0,1.0,1.0,A01
201300032327,0,1,0,0.0,2.0,2.0,13.0,B01
201300032327,0,7,0,0.0,2.0,1.0,9.0,A01
201300032328,0,7,0,0.0,2.0,1.0,1.0,A01
201300032328,0,7,0,0.0,2.0,4.0,23.0,B01
201300032329,0,1,0,1.0,0.0,7.0,1.0,B01
201300032329,0,7,0,0.0,2.0,8.0,22.0,A01
201300032330,0,7,0,0.0,1.0,2.0,1.0,A01
201300032331,0,7,0,1.0,0.0,2.0,14.0,A01
201300032332,0,7,0,0.0,2.0,3.0,15.0,A01
201300032332,0,33,0,0.0,2.0,2.0,1.0,B01
201300032333,0,30,0,0.0,2.0,7.0,1.0,B01
201300032333,0,7,0,0.0,2.0,1.0,9.0,A01
201300032334,0,1,0,0.0,2.0,2.0,1.0,B01
201300032334,0,7,0,0.0,2.0,2.0,11.0,A01
201300032335,0,1,0,0.0,2.0,7.0,1.0,B01
201300032335,0,7,0,0.0,2.0,8.0,20.0,A01
201300032336,0,7,0,1.0,0.0,7.0,14.0,A01
201300032337,0,3,0,0.0,2.0,7.0,1.0,B01
201300032337,1,7,0,0.0,2.0,1.0,1.0,Z01
201300032338,0,7,0,0.0,2.0,3.0,9.0,A01
201300032338,0,1,0,0.0,2.0,1.0,1.0,B01
201300032339,0,32,0,0.0,2.0,7.0,1.0,B01
201300032339,0,7,0,0.0,2.0,3.0,9.0,A01
201300032340,0,7,0,0.0,2.0,1.0,1.0,A01
201300032340,0,1,0,0.0,2.0,7.0,6.0,B01
201300032341,0,7,0,1.0,0.0,1.0,14.0,A01
201300032342,0,7,0,0.0,1.0,1.0,1.0,A01
201300032343,0,2,0,0.0,2.0,8.0,1.0,A01
201300032343,0,7,0,0.0,2.0,2.0,12.0,B01
201300032344,0,7,0,0.0,2.0,7.0,16.0,A01
201300032344,0,2,0,0.0,2.0,1.0,1.0,B01
201300032345,0,7,0,0.0,2.0,4.0,23.0,B01
201300032346,0,33,0,0.0,2.0,1.0,1.0,A01
201300032346,0,7,0,0.0,2.0,8.0,15.0,B01
201300032347,0,7,0,0.0,2.0,8.0,15.0,A01
201300032347,0,2,0,0.0,2.0,1.0,17.0,B01
201300032348,0,7,0,3.0,2.0,2.0,1.0,B01
201300032348,0,7,0,0.0,2.0,3.0,1.0,A01
201300032349,0,7,0,0.0,2.0,1.0,1.0,A01
201300032349,0,7,0,0.0,2.0,4.0,23.0,B01
201300032349,0,7,0,0.0,2.0,4.0,23.0,C01
201300032350,0,1,0,0.0,2.0,7.0,1.0,B01
201300032350,0,7,0,0.0,2.0,3.0,9.0,A01
201300032351,0,34,0,0.0,1.0,8.0,1.0,A01
201300032352,0,7,0,0.0,2.0,4.0,1.0,C01
201300032352,0,7,0,0.0,2.0,1.0,1.0,A01
201300032352,0,7,0,0.0,2.0,4.0,1.0,B01
201300032353,0,1,0,0.0,2.0,2.0,1.0,B01
201300032353,0,7,0,0.0,2.0,1.0,15.0,A01
201300032354,0,7,0,0.0,1.0,4.0,4.0,A01
201300032355,0,32,0,0.0,2.0,1.0,1.0,A01
201300032355,0,7,0,0.0,2.0,4.0,23.0,B01
201300032356,0,1,0,0.0,2.0,4.0,15.0,B01
201300032356,0,7,0,0.0,2.0,1.0,1.0,A01
201300032357,0,7,0,0.0,2.0,1.0,1.0,B01
201300032357,0,7,0,0.0,2.0,1.0,13.0,A01
201300032358,0,7,0,0.0,1.0,1.0,1.0,A01
201300032359,0,7,0,0.0,2.0,1.0,15.0,A01
201300032359,0,7,0,0.0,2.0,3.0,1.0,B01
201300032360,0,10,0,0.0,0.0,0.0,1.0,A01
201300032360,0,7,0,0.0,2.0,3.0,1.0,B01
201300032360,0,34,0,0.0,2.0,7.0,1.0,C01
201300032361,0,2,0,0.0,2.0,1.0,13.0,A01
201300032361,0,7,0,0.0,2.0,1.0,1.0,B01
201300032362,0,34,0,0.0,2.0,1.0,1.0,A01
201300032362,0,7,0,0.0,2.0,4.0,1.0,B01
201300032363,0,31,0,0.0,2.0,7.0,1.0,B01
201300032363,0,7,0,0.0,2.0,3.0,16.0,A01
201300032364,0,7,0,0.0,2.0,1.0,9.0,A01
201300032364,0,2,0,0.0,2.0,7.0,1.0,B01
201300032365,0,7,0,0.0,2.0,3.0,9.0,A01
201300032365,0,2,0,0.0,2.0,7.0,1.0,B01
201300032366,0,1,0,0.0,2.0,1.0,16.0,B01
201300032366,0,7,0,0.0,2.0,1.0,15.0,A01
201300032367,0,33,0,0.0,2.0,1.0,1.0,A01
201300032368,0,15,0,0.0,0.0,8.0,1.0,A01
201300032369,0,1,0,0.0,2.0,4.0,1.0,B01
201300032369,0,1,0,0.0,2.0,4.0,1.0,C01
201300032369,0,7,0,0.0,2.0,2.0,14.0,A01
201300032370,0,30,0,0.0,2.0,3.0,18.0,A01
201300032370,0,7,0,0.0,2.0,7.0,16.0,B01
201300032371,0,7,0,0.0,2.0,2.0,1.0,A01
201300032371,0,30,0,0.0,2.0,8.0,15.0,B01
201300032372,0,1,0,0.0,2.0,8.0,1.0,B01
201300032372,0,2,0,0.0,2.0,7.0,15.0,A01
201300032373,0,7,0,0.0,2.0,1.0,1.0,B01
201300032373,0,7,0,0.0,2.0,7.0,15.0,A01
201300032374,0,7,0,0.0,2.0,4.0,1.0,C01
201300032374,0,7,0,0.0,2.0,1.0,1.0,A01
201300032374,0,7,0,0.0,2.0,4.0,1.0,B01
201300032375,0,7,0,0.0,2.0,1.0,15.0,A01
201300032375,0,7,0,0.0,2.0,3.0,1.0,B01
201300032376,0,7,0,0.0,2.0,1.0,1.0,A01
201300032376,0,1,0,0.0,2.0,4.0,1.0,B01
201300032377,0,2,0,0.0,2.0,1.0,1.0,A01
201300032377,0,10,0,0.0,2.0,4.0,1.0,B01
201300032378,0,7,0,0.0,2.0,1.0,15.0,B01
201300032378,0,7,0,0.0,2.0,2.0,1.0,A01
201300032379,0,1,0,0.0,2.0,8.0,1.0,B01
201300032379,0,7,0,0.0,2.0,3.0,15.0,A01