Num_Acc,senc,catv,occutc,obs,obsm,choc,manv,num_veh
201300032380,0,7,0,0.0,2.0,4.0,1.0,B01
201300032380,0,7,0,0.0,2.0,1.0,1.0,A01
201300032381,0,7,0,0.0,2.0,1.0,23.0,B01
201300032381,0,7,0,0.0,2.0,7.0,1.0,A01
201300032381,0,7,0,0.0,2.0,1.0,23.0,C01
201300032382,0,7,0,0.0,2.0,4.0,23.0,B01
201300032382,0,7,0,0.0,2.0,1.0,1.0,A01
201300032383,0,7,0,0.0,1.0,1.0,1.0,A01
201300032384,0,7,0,0.0,2.0,1.0,1.0,B01
201300032384,0,2,0,0.0,2.0,3.0,1.0,A01
201300032385,0,7,0,0.0,2.0,7.0,16.0,A01
201300032385,0,37,2,0.0,2.0,1.0,1.0,B01
201300032386,0,2,0,0.0,2.0,1.0,1.0,A01
201300032386,0,7,0,0.0,2.0,4.0,17.0,B01
201300032387,0,2,0,0.0,2.0,0.0,1.0,B01
201300032387,0,7,0,0.0,2.0,0.0,10.0,A01
201300032388,0,7,0,0.0,2.0,7.0,15.0,A01
201300032388,0,33,0,0.0,2.0,1.0,17.0,B01
201300032389,0,33,0,0.0,2.0,1.0,1.0,B01
201300032389,0,7,0,0.0,2.0,1.0,15.0,A01
201300032390,0,7,0,0.0,2.0,1.0,2.0,A01
201300032390,0,7,0,0.0,2.0,4.0,23.0,B01
201300032391,0,2,0,0.0,2.0,1.0,0.0,A01
201300032391,0,2,0,0.0,2.0,1.0,0.0,B01
201300032392,0,2,0,0.0,2.0,1.0,2.0,A01
201300032392,0,7,0,0.0,2.0,4.0,23.0,B01
201300032393,0,7,0,0.0,1.0,1.0,1.0,A01
201300032394,0,36,0,0.0,1.0,1.0,21.0,A01
201300032395,0,7,0,0.0,2.0,2.0,2.0,C01
201300032395,0,7,0,0.0,2.0,3.0,1.0,B01
201300032395,0,2,0,0.0,2.0,1.0,13.0,A01
201300032396,0,13,0,0.0,2.0,7.0,16.0,A01
201300032396,0,1,0,0.0,2.0,6.0,2.0,B01
201300032397,0,1,0,0.0,2.0,5.0,1.0,B01
201300032397,0,7,0,0.0,2.0,1.0,9.0,A01
201300032398,0,30,0,0.0,2.0,8.0,15.0,B01
201300032398,0,7,0,0.0,2.0,7.0,17.0,A01
201300032399,0,30,0,0.0,5.0,1.0,1.0,A01
201300032400,0,34,0,0.0,1.0,1.0,1.0,A01
201300032401,0,7,0,0.0,2.0,4.0,23.0,B01
201300032401,0,7,0,0.0,2.0,4.0,23.0,C01
201300032401,0,7,0,0.0,2.0,1.0,1.0,A01
201300032402,0,7,0,0.0,1.0,1.0,15.0,A01
201300032403,0,7,0,0.0,1.0,1.0,1.0,A01
201300032404,0,1,0,8.0,0.0,1.0,5.0,A01
201300032405,0,7,0,0.0,2.0,6.0,15.0,A01
201300032405,0,30,0,0.0,2.0,1.0,1.0,B01
201300032406,0,30,0,0.0,2.0,1.0,1.0,A01
201300032406,0,7,0,0.0,2.0,4.0,23.0,B01
201300032407,0,32,0,0.0,2.0,2.0,1.0,B01
201300032407,0,7,0,0.0,2.0,7.0,9.0,A01
201300032408,1,15,0,0.0,2.0,8.0,13.0,Z01
201300032408,0,7,0,0.0,2.0,8.0,1.0,B01
201300032409,0,7,0,0.0,2.0,7.0,1.0,B01
201300032409,0,7,0,0.0,2.0,1.0,9.0,A01
201300032410,0,7,0,0.0,2.0,4.0,23.0,B01
201300032410,0,7,0,0.0,2.0,1.0,2.0,A01
201300032411,0,7,0,0.0,2.0,8.0,1.0,B01
201300032411,0,7,0,1.0,2.0,1.0,1.0,A01
201300032412,0,2,0,0.0,2.0,8.0,1.0,B01
201300032412,0,7,0,0.0,2.0,1.0,9.0,A01
201300032413,0,7,0,0.0,2.0,1.0,1.0,A01
201300032413,0,7,0,0.0,2.0,4.0,23.0,B01
201300032414,0,7,0,0.0,2.0,2.0,10.0,A01
201300032414,0,33,0,0.0,2.0,1.0,1.0,B01
201300032415,0,7,0,0.0,2.0,7.0,15.0,A01
201300032415,0,7,0,0.0,2.0,1.0,1.0,B01
201300032416,0,7,0,0.0,1.0,1.0,1.0,A01
201300032417,0,7,0,0.0,2.0,4.0,23.0,C01
201300032417,0,7,0,0.0,2.0,1.0,2.0,A01
201300032417,0,7,0,0.0,2.0,4.0,23.0,B01
201300032418,0,2,0,0.0,2.0,1.0,17.0,B01
201300032418,0,7,0,0.0,2.0,3.0,16.0,A01
201300032419,0,7,0,0.0,1.0,2.0,1.0,A01
201300032420,0,2,0,0.0,1.0,2.0,1.0,A01
201300032421,0,7,0,0.0,2.0,3.0,15.0,A01
201300032421,0,2,0,6.0,2.0,6.0,1.0,B01
201300032422,0,34,0,0.0,2.0,2.0,1.0,A01
201300032422,0,7,0,0.0,2.0,3.0,15.0,B01
201300032423,0,7,0,0.0,2.0,3.0,15.0,A01
201300032423,0,7,0,0.0,2.0,3.0,1.0,B01
201300032424,0,7,0,0.0,2.0,6.0,15.0,A01
201300032424,0,33,0,0.0,2.0,2.0,1.0,B01
201300032425,0,1,0,0.0,2.0,7.0,5.0,B01
201300032425,0,7,0,0.0,2.0,1.0,1.0,A01
201300032426,0,7,0,0.0,2.0,4.0,1.0,C01
201300032426,0,7,0,0.0,2.0,3.0,1.0,A01
201300032426,0,7,0,0.0,2.0,4.0,1.0,B01
201300032427,0,2,0,0.0,2.0,7.0,15.0,A01
201300032427,0,10,0,0.0,2.0,3.0,1.0,B01
201300032428,0,7,0,0.0,1.0,2.0,1.0,A01
201300032429,0,1,0,0.0,2.0,1.0,16.0,B01
201300032429,0,7,0,0.0,2.0,5.0,16.0,A01
201300032430,0,33,0,0.0,2.0,1.0,1.0,B01
201300032430,0,7,0,0.0,2.0,4.0,1.0,A01
201300032431,0,2,0,0.0,2.0,1.0,1.0,B01
201300032431,0,7,0,0.0,2.0,3.0,15.0,A01
201300032432,0,1,0,0.0,2.0,1.0,1.0,B01
201300032432,0,7,0,0.0,2.0,1.0,15.0,A01
201300032433,0,7,0,1.0,0.0,2.0,17.0,A01
201300032434,0,7,0,0.0,2.0,8.0,9.0,A01
201300032434,0,33,0,0.0,2.0,1.0,1.0,B01
201300032435,1,7,0,0.0,0.0,0.0,0.0,Z01
201300032435,0,7,0,9.0,2.0,8.0,13.0,A01
201300032436,0,7,0,0.0,2.0,8.0,1.0,B01
201300032436,0,7,0,0.0,2.0,1.0,15.0,A01
201300032437,0,7,0,0.0,2.0,1.0,2.0,A01
201300032437,0,7,0,0.0,2.0,4.0,23.0,B01
201300032438,0,30,0,0.0,2.0,1.0,15.0,B01
201300032438,1,7,0,0.0,2.0,0.0,1.0,Z01
201300032439,0,7,0,0.0,2.0,7.0,9.0,A01
201300032439,0,31,0,0.0,2.0,1.0,1.0,B01
201300032440,0,7,0,0.0,2.0,5.0,15.0,B01
201300032440,0,7,0,0.0,2.0,1.0,1.0,A01
201300032441,0,7,0,0.0,2.0,1.0,9.0,A01
201300032441,0,2,0,0.0,2.0,8.0,1.0,B01
201300032442,0,7,0,0.0,1.0,1.0,1.0,A01
201300032443,0,2,0,0.0,2.0,1.0,2.0,A01
201300032443,0,7,0,0.0,2.0,4.0,23.0,B01
201300032444,0,1,0,0.0,2.0,1.0,1.0,B01
201300032444,0,7,0,0.0,2.0,4.0,4.0,A01
201300032445,0,7,0,0.0,2.0,4.0,23.0,B01
201300032445,0,7,0,0.0,2.0,1.0,2.0,A01
201300032446,0,30,0,0.0,2.0,7.0,1.0,B01
201300032446,0,7,0,0.0,2.0,3.0,9.0,A01
201300032447,0,7,0,0.0,2.0,1.0,2.0,A01
201300032447,0,7,0,0.0,2.0,4.0,23.0,B01
201300032448,0,7,0,0.0,2.0,7.0,15.0,B01
201300032448,0,33,0,0.0,2.0,1.0,17.0,A01
201300032449,0,1,0,0.0,1.0,1.0,1.0,A01
201300032450,0,7,0,0.0,1.0,1.0,1.0,A01
201300032451,0,7,0,0.0,2.0,1.0,15.0,A01
201300032451,0,7,0,0.0,2.0,1.0,1.0,B01
201300032452,1,14,0,0.0,1.0,2.0,9.0,A01
201300032453,0,7,0,0.0,1.0,1.0,15.0,A01
201300032454,0,30,0,0.0,2.0,1.0,1.0,B01
201300032454,0,7,0,0.0,2.0,1.0,15.0,A01
201300032455,0,7,0,0.0,2.0,3.0,1.0,B01
201300032455,0,7,0,0.0,2.0,3.0,13.0,A01
201300032456,0,1,0,0.0,2.0,7.0,1.0,B01
201300032456,0,7,0,0.0,2.0,1.0,9.0,A01
201300032457,0,7,0,0.0,1.0,1.0,15.0,A01
201300032458,0,7,0,0.0,2.0,1.0,2.0,A01
201300032458,0,7,0,0.0,2.0,4.0,23.0,B01
201300032458,0,7,0,0.0,2.0,4.0,23.0,C01
201300032459,0,7,0,0.0,2.0,8.0,13.0,A01
201300032459,0,7,0,0.0,0.0,8.0,1.0,B01
201300032460,0,7,0,0.0,2.0,1.0,2.0,A01
201300032460,0,7,0,0.0,0.0,4.0,23.0,B01
201300032461,0,30,0,0.0,2.0,8.0,1.0,B01
201300032461,1,7,0,0.0,2.0,7.0,2.0,Z01
201300032462,0,7,0,0.0,2.0,1.0,1.0,B01
201300032462,0,7,0,0.0,2.0,5.0,1.0,A01
201300032463,0,33,0,0.0,2.0,2.0,15.0,A01
201300032463,0,1,0,0.0,2.0,1.0,1.0,B01
201300032464,0,7,0,7.0,2.0,3.0,1.0,B01
201300032464,0,7,0,0.0,2.0,2.0,15.0,A01
201300032465,0,7,0,0.0,2.0,7.0,1.0,B01
201300032465,0,7,0,0.0,2.0,2.0,1.0,A01
201300032466,0,7,0,0.0,2.0,1.0,13.0,A01
201300032466,0,7,0,0.0,2.0,1.0,1.0,B01
201300032466,0,7,0,0.0,2.0,1.0,1.0,C01
201300032467,0,7,0,0.0,0.0,4.0,23.0,B01
201300032467,0,10,0,0.0,2.0,1.0,2.0,A01
201300032468,0,13,0,0.0,2.0,4.0,2.0,B01
201300032468,0,30,0,0.0,2.0,1.0,2.0,A01
201300032469,0,7,0,0.0,2.0,4.0,2.0,B01
201300032469,0,7,0,0.0,2.0,4.0,2.0,C01
201300032469,0,7,0,0.0,2.0,1.0,1.0,A01
201300032470,0,7,0,0.0,2.0,1.0,2.0,A01
201300032470,0,7,0,0.0,2.0,4.0,1.0,B01
201300032471,0,7,0,0.0,2.0,3.0,1.0,A01
201300032471,0,30,0,0.0,2.0,7.0,2.0,B01
201300032472,0,7,0,0.0,2.0,4.0,2.0,B01
201300032472,0,7,0,0.0,2.0,1.0,1.0,A01
201300032473,0,2,0,0.0,2.0,1.0,1.0,B01
201300032473,0,7,0,0.0,2.0,3.0,15.0,A01
201300032474,0,10,0,0.0,2.0,4.0,4.0,B01
201300032474,0,10,0,0.0,2.0,1.0,1.0,A01
201300032475,0,7,0,0.0,2.0,1.0,9.0,A01
201300032475,0,30,0,0.0,2.0,7.0,1.0,B01
201300032476,0,10,0,0.0,2.0,2.0,13.0,A01
201300032476,0,10,0,0.0,2.0,8.0,1.0,B01
201300032477,0,1,0,0.0,2.0,1.0,1.0,A01
201300032477,0,21,0,0.0,9.0,0.0,23.0,B01
201300032478,0,7,0,0.0,2.0,1.0,13.0,A01
201300032478,0,7,0,0.0,2.0,3.0,1.0,B01
201300032479,0,7,0,0.0,1.0,1.0,1.0,A01
201300032480,0,32,0,0.0,2.0,1.0,9.0,A01
201300032480,0,7,0,0.0,2.0,2.0,1.0,B01
201300032481,0,7,0,0.0,2.0,2.0,1.0,B01
201300032481,0,7,0,0.0,2.0,1.0,15.0,A01
201300032482,0,7,0,0.0,2.0,3.0,2.0,B01
201300032482,0,7,0,0.0,2.0,3.0,1.0,A01
201300032483,0,7,0,0.0,2.0,8.0,15.0,B01
201300032483,0,2,0,0.0,2.0,1.0,17.0,A01
201300032484,0,7,0,0.0,2.0,3.0,0.0,A01
201300032484,0,7,0,0.0,2.0,8.0,0.0,B01
201300032485,0,7,0,0.0,2.0,2.0,1.0,B01
201300032485,0,1,0,0.0,2.0,1.0,19.0,A01
201300032486,0,10,0,0.0,2.0,1.0,9.0,A01
201300032486,0,10,0,0.0,2.0,2.0,1.0,B01
201300032487,0,10,0,14.0,2.0,1.0,2.0,A01
201300032487,0,10,0,0.0,2.0,4.0,23.0,C01
201300032487,0,10,0,0.0,2.0,5.0,23.0,B01
201300032488,0,10,0,0.0,2.0,2.0,1.0,A01
201300032488,0,10,0,0.0,2.0,1.0,1.0,B01
201300032489,0,7,0,0.0,1.0,3.0,1.0,A01
201300032490,0,7,0,0.0,2.0,3.0,15.0,B01
201300032490,0,30,0,0.0,2.0,1.0,17.0,A01
201300032491,1,7,0,0.0,2.0,0.0,1.0,Z01
201300032491,0,2,0,0.0,2.0,4.0,1.0,A01
201300032492,1,7,0,0.0,1.0,0.0,1.0,Z01
201300032493,0,2,0,0.0,2.0,1.0,1.0,B01
201300032493,0,10,0,0.0,2.0,4.0,4.0,A01
201300032494,0,10,0,0.0,1.0,1.0,1.0,A01
201300032495,0,7,0,0.0,2.0,2.0,1.0,B01
201300032495,0,32,0,0.0,2.0,1.0,18.0,A01
201300032496,0,33,0,0.0,2.0,1.0,17.0,A01
201300032496,0,10,0,0.0,2.0,8.0,15.0,B01
201300032497,0,10,0,0.0,1.0,2.0,1.0,A01
201300032498,0,7,0,0.0,2.0,2.0,13.0,A01
201300032498,0,7,0,0.0,2.0,1.0,1.0,B01
201300032499,0,7,0,0.0,2.0,4.0,23.0,C01
201300032499,0,7,0,0.0,2.0,1.0,2.0,A01
201300032499,0,7,0,0.0,2.0,4.0,23.0,D01
201300032499,0,7,0,0.0,2.0,4.0,23.0,B01
201300032500,0,7,0,0.0,2.0,8.0,16.0,B01
201300032500,0,31,0,0.0,2.0,7.0,0.0,A01
201300032501,0,7,0,0.0,2.0,1.0,9.0,A01
201300032501,0,7,0,0.0,2.0,3.0,1.0,B01
201300032502,0,10,0,0.0,2.0,3.0,9.0,A01
201300032502,0,30,0,0.0,2.0,1.0,1.0,B01
201300032503,0,1,0,0.0,2.0,4.0,15.0,A01
201300032503,0,10,0,0.0,2.0,2.0,1.0,B01
201300032504,0,10,0,0.0,2.0,3.0,9.0,A01
201300032504,0,2,0,0.0,2.0,1.0,1.0,B01
201300032505,0,2,0,0.0,1.0,1.0,1.0,A01
201300032506,0,7,0,0.0,2.0,7.0,16.0,A01
201300032506,0,1,0,0.0,2.0,1.0,1.0,B01
201300032507,0,2,0,0.0,2.0,1.0,18.0,A01
201300032507,0,7,0,0.0,2.0,5.0,2.0,B01
201300032508,0,7,0,0.0,2.0,1.0,15.0,A01
201300032508,0,34,0,0.0,2.0,1.0,1.0,B01
201300032509,0,7,0,1.0,0.0,2.0,14.0,A01
201300032510,0,7,0,0.0,2.0,3.0,1.0,B01
201300032510,0,7,0,0.0,2.0,2.0,9.0,A01
201300032511,0,7,0,0.0,2.0,8.0,1.0,B01
201300032511,0,7,0,0.0,2.0,3.0,13.0,A01
201300032512,0,7,0,0.0,2.0,1.0,13.0,A01
201300032513,0,7,0,0.0,2.0,1.0,13.0,A01
201300032513,0,17,0,0.0,2.0,3.0,1.0,B01
201300032514,0,7,0,0.0,2.0,8.0,15.0,B01
201300032514,0,30,0,0.0,2.0,1.0,17.0,A01
201300032515,0,30,0,0.0,2.0,1.0,17.0,A01
201300032515,0,7,0,0.0,2.0,8.0,15.0,B01
201300032516,0,7,0,0.0,2.0,4.0,2.0,B01
201300032516,0,10,0,0.0,2.0,1.0,2.0,A01
201300032517,0,7,0,0.0,2.0,3.0,19.0,A01
201300032517,0,1,0,0.0,2.0,1.0,1.0,B01
201300032518,0,2,0,0.0,2.0,1.0,2.0,A01
201300032518,0,7,0,0.0,2.0,4.0,1.0,B01
201300032519,0,7,0,0.0,2.0,6.0,9.0,A01
201300032519,0,2,0,0.0,2.0,1.0,1.0,B01
201300032520,1,2,0,0.0,2.0,1.0,2.0,Z01
201300032520,0,2,0,0.0,2.0,4.0,2.0,A01
201300032521,0,7,0,0.0,1.0,2.0,1.0,A01
201300032522,0,1,0,0.0,2.0,8.0,0.0,A01
201300032522,0,7,0,0.0,2.0,0.0,1.0,B01
201300032523,0,10,0,0.0,2.0,1.0,2.0,A01
201300032523,0,7,0,0.0,2.0,4.0,1.0,B01
201300032524,0,7,0,0.0,2.0,4.0,1.0,B01
201300032524,0,7,0,0.0,2.0,1.0,2.0,A01
201300032525,0,7,0,0.0,2.0,1.0,13.0,A01
201300032525,0,7,0,0.0,2.0,0.0,1.0,B01
201300032526,0,7,0,0.0,0.0,4.0,23.0,B01
201300032526,0,7,0,0.0,2.0,1.0,1.0,A01
201300032527,0,7,0,0.0,2.0,3.0,15.0,A01
201300032527,0,30,0,0.0,2.0,1.0,1.0,B01
201300032528,0,7,0,0.0,1.0,7.0,19.0,A01
201300032529,0,7,0,0.0,1.0,3.0,1.0,A01
201300032530,0,7,0,0.0,2.0,7.0,16.0,A01
201300032530,0,1,0,0.0,2.0,1.0,1.0,B01
201300032531,0,7,0,0.0,2.0,1.0,2.0,A01
201300032531,0,7,0,0.0,2.0,4.0,2.0,B01
201300032531,0,7,0,0.0,2.0,4.0,2.0,C01
201300032532,0,7,0,0.0,2.0,3.0,1.0,B01
201300032532,0,7,0,0.0,2.0,3.0,15.0,A01
201300032533,0,7,0,0.0,1.0,1.0,1.0,A01
201300032534,0,7,0,0.0,2.0,1.0,2.0,A01
201300032534,0,7,0,0.0,0.0,4.0,2.0,C01
201300032534,0,7,0,0.0,2.0,9.0,2.0,B01
201300032535,0,7,0,13.0,0.0,8.0,13.0,A01
201300032536,0,7,0,2.0,0.0,1.0,14.0,A01
201300032537,0,7,0,0.0,2.0,1.0,1.0,A01
201300032537,0,7,0,0.0,2.0,3.0,15.0,B01
201300032538,0,7,0,16.0,0.0,7.0,14.0,A01
201300032539,0,2,0,16.0,0.0,7.0,14.0,A01
201300032540,0,2,0,0.0,2.0,8.0,18.0,A01
201300032540,0,10,0,0.0,2.0,2.0,16.0,B01
201300032541,0,7,0,0.0,1.0,2.0,1.0,A01
201300032542,0,7,0,0.0,2.0,1.0,2.0,A01
201300032542,0,2,0,0.0,2.0,4.0,1.0,B01
201300032543,0,31,0,0.0,2.0,1.0,1.0,B01
201300032543,0,7,0,0.0,2.0,3.0,16.0,A01
201300032544,0,7,0,0.0,1.0,1.0,1.0,A01
201300032545,0,7,0,0.0,1.0,1.0,2.0,A01
201300032546,0,7,0,0.0,2.0,2.0,24.0,B01
201300032546,0,7,0,1.0,0.0,1.0,1.0,A01
201300032547,0,32,0,0.0,2.0,1.0,1.0,B01
201300032547,0,7,0,0.0,2.0,3.0,15.0,A01
201300032548,0,2,0,0.0,0.0,7.0,0.0,A01
201300032549,0,30,0,0.0,1.0,1.0,1.0,A01
201300032550,0,7,0,0.0,2.0,4.0,16.0,B01
201300032550,0,7,0,0.0,2.0,1.0,2.0,A01
201300032551,0,33,0,0.0,2.0,1.0,2.0,A01
201300032551,0,7,0,0.0,2.0,4.0,1.0,B01
201300032552,0,7,0,0.0,2.0,1.0,13.0,A01
201300032552,0,7,0,0.0,2.0,1.0,1.0,B01
201300032553,0,10,0,0.0,0.0,4.0,23.0,B01
201300032553,0,10,0,0.0,2.0,1.0,2.0,A01
201300032554,0,7,0,0.0,2.0,5.0,1.0,C01
201300032554,0,1,0,0.0,2.0,1.0,2.0,B01
201300032554,0,7,0,0.0,0.0,0.0,16.0,A01
201300032555,0,1,0,0.0,2.0,4.0,1.0,B01
201300032555,0,7,0,0.0,2.0,2.0,2.0,A01
201300032556,0,10,0,0.0,0.0,3.0,23.0,B01
201300032556,0,33,0,0.0,2.0,1.0,1.0,A01
201300032557,0,7,0,0.0,2.0,3.0,1.0,B01
201300032557,0,33,0,0.0,2.0,1.0,16.0,A01
201300032558,0,1,0,0.0,2.0,4.0,1.0,B01
201300032558,0,7,0,0.0,2.0,2.0,2.0,A01
201300032559,0,2,0,0.0,2.0,1.0,2.0,A01
201300032559,0,7,0,0.0,2.0,4.0,15.0,B01
201300032560,0,7,0,0.0,2.0,1.0,23.0,C01
201300032560,0,33,0,0.0,2.0,1.0,17.0,A01
201300032560,0,7,0,0.0,2.0,3.0,1.0,B01
201300032561,0,7,0,2.0,0.0,1.0,14.0,A01
201300032562,0,33,0,0.0,2.0,1.0,1.0,B01
201300032562,0,7,0,0.0,2.0,1.0,19.0,A01
201300032563,0,7,0,0.0,1.0,3.0,1.0,A01
201300032564,0,7,0,0.0,2.0,7.0,15.0,A01
201300032564,0,33,0,0.0,2.0,1.0,1.0,B01
201300032565,0,7,0,0.0,2.0,2.0,17.0,A01
201300032565,0,7,0,0.0,2.0,8.0,15.0,B01
201300032566,0,7,0,0.0,1.0,2.0,1.0,A01
201300032567,0,7,0,0.0,1.0,2.0,1.0,A01
201300032568,0,34,0,0.0,2.0,2.0,17.0,A01
201300032568,0,10,0,0.0,2.0,8.0,15.0,B01
201300032569,0,7,0,0.0,0.0,0.0,14.0,A01
201300032570,0,7,0,2.0,0.0,2.0,14.0,A01
201300032571,1,7,0,0.0,0.0,0.0,0.0,Z01
201300032571,0,2,0,0.0,2.0,8.0,1.0,B01
201300032572,0,7,0,0.0,1.0,2.0,16.0,A01
201300032573,0,1,0,0.0,2.0,1.0,0.0,B01
201300032573,1,7,0,0.0,9.0,8.0,0.0,A01
201300032574,0,7,0,0.0,2.0,1.0,1.0,A01
201300032574,0,7,0,0.0,2.0,4.0,2.0,B01
201300032575,0,7,0,13.0,0.0,1.0,1.0,A01
201300032576,0,7,0,0.0,1.0,2.0,9.0,A01
201300032577,0,7,0,0.0,1.0,1.0,1.0,A01
201300032578,0,2,0,0.0,1.0,1.0,1.0,A01
201300032579,0,7,0,0.0,1.0,7.0,1.0,A01
201300032580,0,7,0,0.0,9.0,1.0,2.0,A01
201300032580,0,1,0,0.0,2.0,1.0,19.0,B01
201300032581,0,7,0,0.0,1.0,1.0,1.0,A01
201300032582,0,7,0,0.0,2.0,3.0,2.0,B01
201300032582,0,7,0,0.0,2.0,6.0,15.0,A01
201300032583,0,7,0,0.0,2.0,4.0,2.0,B01
201300032583,0,7,0,0.0,2.0,1.0,2.0,A01
201300032584,0,7,0,0.0,2.0,1.0,2.0,A01
201300032584,0,7,0,0.0,2.0,4.0,23.0,B01
201300032585,0,7,0,0.0,2.0,1.0,1.0,A01
201300032585,0,1,0,0.0,2.0,4.0,2.0,B01
201300032586,0,7,0,0.0,1.0,3.0,1.0,A01
201300032587,0,7,0,0.0,1.0,2.0,16.0,A01
201300032588,0,32,0,0.0,1.0,2.0,1.0,A01
201300032589,0,7,0,0.0,2.0,5.0,15.0,A01
201300032589,0,2,0,0.0,2.0,1.0,1.0,B01
201300032590,0,33,0,0.0,2.0,7.0,1.0,B01
201300032590,0,7,0,0.0,9.0,3.0,10.0,A01
201300032591,0,7,0,0.0,9.0,1.0,16.0,A01
201300032591,0,1,0,0.0,2.0,7.0,1.0,B01
201300032592,0,7,0,0.0,2.0,1.0,1.0,B01
201300032592,0,2,0,0.0,2.0,1.0,13.0,A01
201300032593,0,7,0,0.0,1.0,4.0,4.0,A01
201300032594,0,7,0,0.0,2.0,3.0,0.0,B01
201300032594,0,10,0,0.0,2.0,3.0,13.0,A01
201300032595,0,7,0,1.0,2.0,7.0,1.0,A01
201300032595,0,7,0,0.0,2.0,1.0,9.0,B01
201300032596,0,7,0,0.0,9.0,2.0,16.0,B01
201300032596,0,30,0,0.0,2.0,3.0,18.0,A01
201300032597,0,7,0,0.0,0.0,0.0,1.0,A01
201300032597,0,7,0,0.0,9.0,2.0,1.0,B01
201300032598,0,7,0,0.0,1.0,7.0,1.0,A01
201300032599,0,7,0,0.0,2.0,8.0,1.0,B01
201300032599,0,7,0,0.0,2.0,8.0,13.0,A01
201300032600,0,7,0,0.0,2.0,2.0,1.0,B01
201300032600,0,7,0,0.0,2.0,3.0,16.0,A01
201300032601,0,7,0,0.0,1.0,1.0,1.0,A01
201300032602,0,7,0,0.0,0.0,4.0,1.0,B01
201300032602,0,7,0,9.0,2.0,1.0,2.0,A01
201300032603,0,7,0,0.0,2.0,3.0,13.0,A01
201300032603,0,15,0,0.0,2.0,3.0,21.0,B01
201300032604,0,7,0,0.0,2.0,4.0,1.0,A01
201300032604,0,7,0,0.0,2.0,9.0,2.0,B01
201300032604,0,7,0,0.0,2.0,1.0,2.0,C01
201300032605,0,7,0,0.0,2.0,8.0,19.0,A01
201300032605,0,7,0,0.0,2.0,1.0,1.0,B01
201300032606,0,7,0,0.0,2.0,2.0,1.0,A01
201300032606,0,7,0,0.0,2.0,1.0,1.0,B01
201300032607,0,7,0,0.0,2.0,1.0,2.0,A01
201300032607,0,10,0,0.0,2.0,4.0,15.0,B01
201300032608,0,7,0,0.0,2.0,3.0,1.0,B01
201300032608,0,7,0,0.0,2.0,1.0,15.0,A01
201300032609,0,7,0,0.0,2.0,1.0,2.0,A01
201300032609,0,7,0,0.0,2.0,4.0,2.0,B01
201300032610,0,7,0,0.0,2.0,1.0,2.0,A01
201300032610,0,7,0,0.0,2.0,4.0,2.0,B01
201300032611,0,7,0,0.0,2.0,8.0,1.0,B01
201300032611,0,7,0,0.0,2.0,2.0,19.0,A01
201300032612,0,7,0,0.0,9.0,2.0,16.0,B01
201300032612,0,1,0,0.0,2.0,1.0,1.0,A01
201300032613,0,7,0,0.0,1.0,1.0,16.0,A01
201300032614,0,7,0,0.0,9.0,1.0,2.0,A01
201300032614,0,1,0,0.0,0.0,4.0,2.0,B01
201300032615,0,7,0,0.0,1.0,2.0,0.0,A01
201300032616,0,1,0,0.0,2.0,1.0,1.0,B01
201300032616,0,7,0,0.0,2.0,4.0,4.0,A01
201300032617,0,7,0,0.0,2.0,0.0,22.0,A01
201300032617,0,1,0,0.0,2.0,1.0,1.0,B01
201300032618,0,7,0,0.0,1.0,3.0,1.0,A01
201300032619,0,7,0,2.0,0.0,7.0,0.0,A01
201300032620,0,7,0,0.0,2.0,3.0,15.0,B01
201300032620,0,7,0,0.0,2.0,2.0,19.0,A01
201300032621,0,7,0,0.0,2.0,1.0,1.0,A01
201300032621,0,10,0,0.0,2.0,4.0,1.0,C01
201300032621,0,7,0,0.0,2.0,4.0,2.0,B01
201300032622,0,7,0,0.0,2.0,6.0,24.0,B01
201300032622,0,7,0,1.0,0.0,2.0,1.0,A01
201300032623,0,7,0,0.0,2.0,1.0,1.0,B01
201300032623,0,7,0,0.0,2.0,1.0,21.0,A01
201300032624,0,7,0,0.0,2.0,1.0,1.0,A01
201300032624,0,1,0,0.0,2.0,5.0,1.0,B01
201300032625,0,7,0,0.0,1.0,2.0,1.0,A01
201300032626,0,7,0,0.0,2.0,1.0,19.0,A01
201300032626,0,7,0,0.0,2.0,3.0,16.0,B01
201300032627,0,7,0,0.0,2.0,1.0,1.0,A01
201300032627,0,7,0,0.0,2.0,4.0,1.0,B01
201300032628,0,7,0,0.0,0.0,4.0,2.0,D01
201300032628,0,7,0,0.0,2.0,1.0,2.0,C01
201300032628,0,7,0,0.0,2.0,1.0,2.0,B01
201300032628,0,7,0,0.0,2.0,1.0,2.0,A01
201300032629,0,7,0,0.0,2.0,4.0,2.0,C01
201300032629,0,7,0,0.0,2.0,4.0,2.0,B01
201300032629,0,7,0,0.0,2.0,1.0,2.0,A01
201300032630,0,7,0,0.0,1.0,8.0,15.0,A01
201300032631,0,7,0,0.0,2.0,1.0,1.0,A01
201300032631,0,7,0,0.0,2.0,4.0,15.0,B01
201300032632,0,2,0,0.0,1.0,1.0,1.0,A01
201300032633,0,7,0,0.0,2.0,4.0,2.0,C01
201300032633,0,7,0,0.0,2.0,4.0,2.0,B01
201300032633,0,7,0,0.0,2.0,1.0,2.0,A01
201300032634,0,7,0,0.0,2.0,1.0,1.0,B01
201300032634,0,7,0,0.0,2.0,1.0,13.0,A01
201300032635,0,7,0,0.0,2.0,3.0,1.0,B01