Num_Acc,senc,catv,occutc,obs,obsm,choc,manv,num_veh
201300032635,0,7,0,0.0,2.0,8.0,15.0,A01
201300032636,0,7,0,0.0,2.0,7.0,16.0,B01
201300032636,0,32,0,0.0,2.0,8.0,2.0,A01
201300032637,0,7,0,0.0,1.0,4.0,4.0,A01
201300032638,0,7,0,0.0,2.0,7.0,19.0,A01
201300032638,0,7,0,0.0,2.0,1.0,19.0,B01
201300032639,0,7,0,0.0,2.0,1.0,19.0,A01
201300032639,0,1,0,0.0,2.0,1.0,1.0,B01
201300032640,0,7,0,0.0,2.0,6.0,15.0,B01
201300032640,0,1,0,0.0,2.0,6.0,2.0,A01
201300032641,0,3,0,0.0,2.0,7.0,19.0,A01
201300032641,0,30,0,0.0,2.0,1.0,1.0,B01
201300032642,0,31,0,0.0,2.0,1.0,1.0,B01
201300032642,0,7,0,0.0,2.0,1.0,15.0,A01
201300032643,0,7,0,0.0,2.0,1.0,1.0,B01
201300032643,0,7,0,0.0,2.0,1.0,13.0,A01
201300032643,0,7,0,0.0,2.0,3.0,2.0,C01
201300032644,0,7,0,0.0,1.0,3.0,15.0,A01
201300032645,0,7,0,0.0,2.0,8.0,1.0,B01
201300032645,0,7,0,0.0,2.0,1.0,15.0,A01
201300032646,0,7,0,0.0,2.0,2.0,1.0,B01
201300032646,0,7,0,0.0,2.0,3.0,9.0,A01
201300032647,2,7,0,0.0,2.0,2.0,2.0,A01
201300032647,0,30,0,0.0,2.0,6.0,23.0,B01
201300032648,0,33,0,0.0,2.0,8.0,1.0,B01
201300032648,0,10,0,0.0,2.0,1.0,19.0,A01
201300032649,0,30,0,0.0,2.0,1.0,1.0,B01
201300032649,0,10,0,0.0,2.0,0.0,15.0,A01
201300032650,0,7,0,0.0,2.0,4.0,1.0,B01
201300032650,0,7,0,0.0,2.0,1.0,2.0,A01
201300032651,0,7,0,0.0,2.0,3.0,15.0,A01
201300032651,0,33,0,0.0,2.0,1.0,1.0,B01
201300032652,0,7,0,0.0,2.0,2.0,1.0,A01
201300032652,0,10,0,0.0,2.0,3.0,15.0,B01
201300032653,0,7,0,9.0,2.0,9.0,19.0,A01
201300032653,0,7,0,0.0,2.0,2.0,19.0,B01
201300032654,0,7,0,0.0,1.0,3.0,15.0,A01
201300032655,0,7,0,0.0,2.0,7.0,19.0,B01
201300032655,0,7,0,0.0,2.0,3.0,19.0,A01
201300032656,0,7,0,0.0,2.0,8.0,13.0,A01
201300032657,0,30,0,0.0,2.0,1.0,16.0,A01
201300032657,0,7,0,0.0,2.0,5.0,1.0,B01
201300032658,0,32,0,0.0,2.0,1.0,1.0,B01
201300032658,0,7,0,0.0,2.0,2.0,10.0,A01
201300032659,0,7,0,0.0,2.0,1.0,1.0,A01
201300032659,0,7,0,0.0,2.0,4.0,1.0,B01
201300032660,0,7,0,0.0,2.0,5.0,15.0,A01
201300032660,0,33,0,0.0,2.0,1.0,1.0,B01
201300032661,0,30,0,0.0,2.0,1.0,2.0,A01
201300032661,0,7,0,0.0,2.0,4.0,15.0,B01
201300032662,0,7,0,0.0,2.0,1.0,23.0,B01
201300032662,0,7,0,0.0,2.0,1.0,5.0,A01
201300032663,0,7,0,0.0,2.0,2.0,1.0,A01
201300032663,0,7,0,0.0,2.0,3.0,15.0,B01
201300032664,0,7,0,8.0,2.0,4.0,2.0,B01
201300032664,0,7,0,0.0,2.0,1.0,2.0,A01
201300032665,0,30,0,0.0,2.0,1.0,2.0,A01
201300032665,0,7,0,0.0,2.0,4.0,2.0,B01
201300032666,0,1,0,0.0,2.0,1.0,19.0,A01
201300032666,0,7,0,0.0,2.0,7.0,1.0,B01
201300032667,0,7,0,0.0,2.0,1.0,13.0,A01
201300032667,0,30,0,0.0,2.0,1.0,1.0,B01
201300032668,0,7,0,0.0,2.0,2.0,1.0,B01
201300032668,0,7,0,0.0,2.0,5.0,15.0,A01
201300032669,0,7,0,0.0,2.0,7.0,1.0,A01
201300032669,0,7,0,0.0,2.0,1.0,1.0,B01
201300032670,0,7,0,0.0,2.0,1.0,1.0,B01
201300032670,0,2,0,0.0,2.0,1.0,1.0,A01
201300032671,0,10,0,6.0,0.0,1.0,1.0,A01
201300032672,0,7,0,0.0,2.0,7.0,15.0,A01
201300032672,0,2,0,0.0,2.0,1.0,1.0,B01
201300032673,0,33,0,0.0,2.0,4.0,23.0,B01
201300032673,0,7,0,0.0,2.0,1.0,1.0,A01
201300032674,0,1,0,0.0,2.0,8.0,1.0,B01
201300032674,0,7,0,0.0,2.0,2.0,1.0,A01
201300032675,0,30,0,0.0,2.0,0.0,1.0,B01
201300032675,0,7,0,0.0,2.0,1.0,1.0,A01
201300032676,0,7,0,0.0,2.0,3.0,15.0,A01
201300032676,0,1,0,0.0,2.0,2.0,1.0,B01
201300032677,0,7,0,6.0,0.0,3.0,0.0,A01
201300032678,0,7,0,0.0,2.0,1.0,2.0,A01
201300032678,0,7,0,0.0,2.0,4.0,2.0,B01
201300032678,0,7,0,0.0,2.0,4.0,2.0,C01
201300032679,0,33,0,1.0,0.0,0.0,1.0,A01
201300032680,0,7,0,0.0,2.0,2.0,1.0,A01
201300032680,0,7,0,0.0,2.0,3.0,9.0,B01
201300032681,0,7,0,0.0,2.0,2.0,15.0,A01
201300032681,0,30,0,0.0,2.0,1.0,1.0,B01
201300032682,0,7,0,0.0,2.0,1.0,2.0,A01
201300032682,0,7,0,0.0,0.0,4.0,2.0,C01
201300032682,0,7,0,0.0,2.0,9.0,2.0,B01
201300032683,0,7,0,0.0,2.0,3.0,5.0,B01
201300032683,0,33,0,0.0,2.0,1.0,5.0,A01
201300032684,0,10,0,0.0,2.0,6.0,1.0,B01
201300032684,0,7,0,0.0,2.0,8.0,5.0,A01
201300032685,0,7,0,0.0,2.0,1.0,19.0,A01
201300032685,0,7,0,0.0,2.0,2.0,1.0,B01
201300032685,0,37,1,0.0,2.0,1.0,23.0,C01
201300032686,0,10,0,0.0,2.0,8.0,15.0,B01
201300032686,0,30,0,0.0,2.0,1.0,19.0,A01
201300032687,0,7,0,0.0,2.0,3.0,15.0,A01
201300032687,0,33,0,0.0,2.0,1.0,1.0,B01
201300032688,0,7,0,0.0,2.0,1.0,9.0,A01
201300032688,0,1,0,0.0,2.0,5.0,1.0,B01
201300032689,0,7,0,0.0,2.0,4.0,2.0,B01
201300032689,0,7,0,0.0,2.0,1.0,2.0,A01
201300032690,0,7,0,0.0,2.0,1.0,1.0,A01
201300032690,0,7,0,0.0,2.0,0.0,15.0,B01
201300032690,0,7,0,0.0,2.0,0.0,23.0,C01
201300032691,0,7,0,0.0,1.0,1.0,1.0,A01
201300032692,0,7,0,0.0,2.0,4.0,2.0,B01
201300032692,0,10,0,0.0,2.0,1.0,2.0,A01
201300032693,0,10,0,0.0,1.0,1.0,15.0,A01
201300032694,0,7,0,0.0,2.0,3.0,19.0,B01
201300032694,0,10,0,0.0,2.0,1.0,19.0,A01
201300032695,0,7,0,0.0,2.0,1.0,2.0,A01
201300032695,0,7,0,0.0,2.0,4.0,2.0,B01
201300032696,0,7,0,0.0,2.0,8.0,19.0,B01
201300032696,0,33,0,0.0,2.0,1.0,1.0,A01
201300032697,0,7,0,0.0,2.0,1.0,2.0,A01
201300032697,0,7,0,0.0,2.0,4.0,2.0,C01
201300032697,0,7,0,0.0,2.0,4.0,2.0,B01
201300032698,0,7,0,0.0,1.0,0.0,2.0,B01
201300032698,0,7,0,0.0,2.0,1.0,2.0,A01
201300032699,0,7,0,0.0,2.0,2.0,2.0,B01
201300032699,0,7,0,0.0,2.0,3.0,2.0,C01
201300032699,0,7,0,0.0,2.0,1.0,2.0,A01
201300032700,0,7,0,0.0,2.0,3.0,6.0,A01
201300032700,0,7,0,0.0,2.0,3.0,1.0,B01
201300032701,0,7,0,0.0,2.0,6.0,15.0,B01
201300032701,0,10,0,0.0,2.0,3.0,1.0,A01
201300032702,0,33,0,0.0,2.0,1.0,1.0,B01
201300032702,0,7,0,0.0,2.0,3.0,15.0,A01
201300032703,0,33,0,0.0,2.0,2.0,1.0,A01
201300032703,0,7,0,0.0,2.0,2.0,15.0,B01
201300032704,0,1,0,0.0,2.0,7.0,1.0,B01
201300032704,0,7,0,0.0,2.0,1.0,9.0,A01
201300032705,0,7,0,0.0,2.0,1.0,1.0,B01
201300032705,0,7,0,0.0,2.0,8.0,10.0,A01
201300032706,0,1,0,0.0,2.0,8.0,11.0,A01
201300032706,0,7,0,0.0,9.0,2.0,1.0,B01
201300032707,0,7,0,0.0,2.0,4.0,2.0,B01
201300032707,0,7,0,0.0,2.0,1.0,2.0,A01
201300032708,0,7,0,0.0,2.0,3.0,19.0,A01
201300032708,0,33,0,0.0,2.0,1.0,13.0,B01
201300032709,0,7,0,8.0,0.0,0.0,1.0,B01
201300032709,0,7,0,8.0,2.0,1.0,0.0,A01
201300032710,0,7,0,0.0,2.0,1.0,15.0,A01
201300032710,0,33,0,0.0,2.0,1.0,1.0,B01
201300032711,0,7,0,0.0,2.0,1.0,15.0,B01
201300032711,0,30,0,0.0,2.0,1.0,17.0,A01
201300032712,0,10,0,0.0,1.0,1.0,1.0,A01
201300032713,0,7,0,0.0,2.0,8.0,15.0,B01
201300032713,0,7,0,0.0,2.0,1.0,1.0,A01
201300032714,0,30,0,0.0,2.0,7.0,17.0,A01
201300032714,0,7,0,0.0,2.0,3.0,15.0,B01
201300032715,0,17,0,0.0,2.0,7.0,0.0,A01
201300032715,0,1,0,0.0,2.0,0.0,1.0,B01
201300032716,0,7,0,0.0,2.0,1.0,2.0,B01
201300032716,0,7,0,0.0,0.0,4.0,2.0,C01
201300032716,1,7,0,0.0,2.0,1.0,2.0,Z01
201300032717,0,15,0,0.0,2.0,8.0,1.0,A01
201300032717,0,10,0,0.0,2.0,6.0,1.0,B01
201300032718,0,10,0,6.0,1.0,0.0,17.0,A01
201300032718,0,7,0,0.0,2.0,3.0,15.0,B01
201300032719,0,30,0,0.0,2.0,7.0,16.0,B01
201300032719,0,7,0,0.0,2.0,1.0,15.0,A01
201300032720,0,7,0,0.0,2.0,1.0,9.0,A01
201300032720,0,1,0,0.0,2.0,3.0,1.0,B01
201300032721,0,7,0,0.0,2.0,3.0,15.0,A01
201300032721,0,7,0,0.0,2.0,7.0,1.0,B01
201300032722,0,30,0,0.0,2.0,2.0,1.0,A01
201300032722,0,2,0,0.0,2.0,8.0,1.0,B01
201300032723,0,10,0,0.0,1.0,7.0,1.0,A01
201300032724,0,7,0,0.0,2.0,1.0,11.0,A01
201300032724,0,7,0,0.0,2.0,3.0,1.0,B01
201300032725,0,7,0,0.0,2.0,2.0,2.0,A01
201300032725,0,1,0,0.0,2.0,4.0,2.0,B01
201300032726,0,7,0,0.0,2.0,2.0,1.0,A01
201300032726,0,7,0,0.0,2.0,1.0,15.0,B01
201300032727,0,2,0,0.0,2.0,7.0,17.0,A01
201300032727,0,7,0,0.0,2.0,8.0,15.0,B01
201300032728,0,7,0,0.0,2.0,1.0,9.0,A01
201300032728,0,33,0,0.0,2.0,1.0,0.0,B01
201300032729,0,7,0,0.0,1.0,3.0,15.0,A01
201300032730,0,7,0,0.0,1.0,1.0,1.0,A01
201300032731,0,7,0,0.0,2.0,1.0,1.0,C01
201300032731,0,17,0,0.0,0.0,0.0,15.0,A01
201300032731,0,33,0,0.0,2.0,1.0,1.0,B01
201300032732,0,7,0,0.0,1.0,1.0,15.0,A01
201300032733,0,7,0,0.0,2.0,8.0,15.0,B01
201300032733,0,33,0,0.0,2.0,1.0,1.0,A01
201300032734,0,7,0,4.0,0.0,3.0,2.0,A01
201300032735,1,7,0,,,,,A01
201300032735,0,33,0,0.0,0.0,0.0,1.0,B01
201300032736,0,7,0,0.0,2.0,3.0,9.0,A01
201300032736,0,30,0,0.0,2.0,1.0,21.0,B01
201300032737,0,7,0,0.0,2.0,8.0,13.0,A01
201300032737,0,7,0,0.0,2.0,3.0,1.0,B01
201300032738,0,37,20,0.0,2.0,2.0,21.0,A01
201300032738,0,7,0,0.0,2.0,3.0,21.0,B01
201300032739,0,7,0,0.0,2.0,6.0,15.0,A01
201300032739,0,33,0,0.0,2.0,1.0,21.0,B01
201300032740,0,7,0,0.0,2.0,3.0,15.0,A01
201300032740,0,7,0,0.0,2.0,1.0,21.0,B01
201300032741,0,7,0,0.0,2.0,1.0,1.0,A01
201300032741,0,10,0,0.0,2.0,4.0,23.0,B01
201300032742,0,7,0,0.0,1.0,2.0,0.0,A01
201300032743,0,7,0,0.0,1.0,3.0,1.0,A01
201300032744,0,7,0,0.0,1.0,4.0,4.0,A01
201300032745,0,32,0,11.0,0.0,1.0,1.0,A01
201300032746,0,30,0,0.0,2.0,7.0,1.0,B01
201300032746,0,7,0,0.0,2.0,8.0,11.0,A01
201300032747,0,7,0,0.0,2.0,7.0,16.0,B01
201300032747,0,2,0,0.0,2.0,1.0,18.0,A01
201300032748,0,7,0,0.0,2.0,3.0,16.0,B01
201300032748,0,30,0,0.0,2.0,5.0,12.0,A01
201300032749,0,7,0,14.0,0.0,3.0,21.0,C01
201300032749,0,7,0,14.0,0.0,3.0,21.0,D01
201300032749,0,7,0,0.0,9.0,1.0,21.0,B01
201300032749,0,1,0,0.0,2.0,8.0,19.0,A01
201300032750,0,7,0,0.0,2.0,3.0,1.0,B01
201300032750,0,7,0,0.0,2.0,3.0,15.0,A01
201300032751,0,7,0,0.0,2.0,7.0,15.0,A01
201300032751,0,7,0,0.0,2.0,1.0,1.0,B01
201300032752,0,7,0,0.0,1.0,2.0,1.0,A01
201300032753,0,7,0,0.0,2.0,5.0,2.0,B01
201300032753,0,33,0,0.0,2.0,1.0,2.0,A01
201300032754,0,7,0,0.0,2.0,3.0,13.0,A01
201300032754,0,7,0,0.0,2.0,2.0,21.0,B01
201300032755,0,7,0,0.0,1.0,1.0,1.0,A01
201300032756,0,7,0,0.0,2.0,1.0,13.0,A01
201300032756,0,17,0,0.0,2.0,3.0,1.0,B01
201300032757,0,30,0,0.0,2.0,1.0,1.0,A01
201300032757,0,7,0,0.0,2.0,4.0,2.0,B01
201300032758,0,7,0,0.0,2.0,5.0,19.0,A01
201300032758,0,1,0,0.0,2.0,1.0,1.0,B01
201300032759,0,7,0,0.0,2.0,2.0,19.0,A01
201300032759,0,7,0,0.0,2.0,1.0,1.0,B01
201300032760,0,33,0,0.0,1.0,1.0,21.0,A01
201300032761,0,7,0,15.0,2.0,2.0,12.0,A01
201300032761,0,7,0,0.0,2.0,3.0,1.0,B01
201300032762,0,7,0,0.0,2.0,4.0,2.0,B01
201300032762,0,7,0,0.0,2.0,1.0,2.0,A01
201300032763,0,7,0,0.0,2.0,4.0,23.0,C01
201300032763,0,7,0,0.0,2.0,4.0,23.0,B01
201300032763,0,7,0,0.0,2.0,1.0,12.0,A01
201300032764,0,7,0,0.0,2.0,2.0,10.0,A01
201300032764,0,7,0,0.0,2.0,3.0,1.0,B01
201300032765,0,7,0,0.0,1.0,1.0,1.0,A01
201300032766,0,7,0,0.0,1.0,1.0,16.0,A01
201300032767,0,7,0,0.0,2.0,7.0,16.0,A01
201300032767,0,30,0,0.0,2.0,8.0,2.0,B01
201300032768,0,7,0,0.0,2.0,3.0,9.0,A01
201300032768,0,32,0,0.0,2.0,1.0,16.0,B01
201300032769,0,7,0,0.0,2.0,7.0,1.0,A01
201300032769,0,10,0,0.0,2.0,3.0,1.0,B01
201300032770,0,7,0,0.0,2.0,1.0,1.0,B01
201300032770,0,7,0,0.0,2.0,7.0,1.0,A01
201300032771,0,34,0,0.0,2.0,4.0,23.0,B01
201300032771,0,7,0,0.0,2.0,1.0,1.0,A01
201300032772,0,2,0,0.0,2.0,8.0,21.0,B01
201300032772,0,7,0,0.0,2.0,1.0,15.0,A01
201300032773,0,32,0,0.0,2.0,8.0,15.0,A01
201300032773,0,7,0,0.0,2.0,3.0,15.0,B01
201300032774,0,7,0,0.0,2.0,2.0,9.0,A01
201300032774,0,33,0,0.0,2.0,1.0,0.0,B01
201300032775,0,2,0,0.0,2.0,1.0,1.0,A01
201300032775,1,7,0,0.0,2.0,1.0,16.0,Z01
201300032776,0,30,0,0.0,2.0,8.0,1.0,A01
201300032776,1,7,0,0.0,2.0,7.0,17.0,Z01
201300032777,0,10,0,4.0,2.0,1.0,2.0,A01
201300032777,0,7,0,4.0,2.0,1.0,1.0,B01
201300032777,0,7,0,0.0,2.0,8.0,23.0,C01
201300032778,0,30,0,0.0,0.0,0.0,1.0,A01
201300032779,0,7,0,0.0,1.0,1.0,15.0,A01
201300032780,2,7,0,8.0,1.0,1.0,14.0,A01
201300032781,0,7,0,0.0,1.0,3.0,16.0,A01
201300032782,0,7,0,0.0,1.0,3.0,1.0,A01
201300032783,0,1,0,0.0,2.0,8.0,2.0,B01
201300032783,0,7,0,0.0,2.0,3.0,1.0,C01
201300032783,0,7,0,0.0,2.0,0.0,2.0,A01
201300032784,0,7,0,0.0,1.0,1.0,1.0,A01
201300032785,0,7,0,1.0,0.0,1.0,16.0,A01
201300032786,1,99,0,0.0,1.0,0.0,0.0,A01
201300032787,0,32,0,0.0,2.0,8.0,1.0,B01
201300032787,0,7,0,0.0,2.0,7.0,14.0,A01
201300032788,1,32,0,0.0,1.0,1.0,5.0,Z01
201300032789,0,7,0,0.0,2.0,3.0,1.0,A01
201300032789,0,7,0,0.0,2.0,3.0,1.0,B01
201300032790,0,7,0,0.0,2.0,2.0,17.0,A01
201300032790,0,7,0,0.0,2.0,8.0,15.0,B01
201300032791,0,32,0,0.0,2.0,1.0,1.0,B01
201300032791,0,7,0,0.0,2.0,7.0,1.0,A01
201300032792,1,7,0,0.0,1.0,0.0,0.0,Z01
201300032793,0,7,0,0.0,2.0,3.0,15.0,A01
201300032793,0,1,0,0.0,2.0,2.0,1.0,B01
201300032794,0,32,0,0.0,2.0,4.0,2.0,B01
201300032794,0,7,0,0.0,2.0,1.0,2.0,A01
201300032795,0,7,0,0.0,2.0,1.0,2.0,A01
201300032795,0,7,0,0.0,2.0,4.0,2.0,B01
201300032796,0,7,0,1.0,0.0,1.0,14.0,A01
201300032797,0,33,0,0.0,2.0,8.0,9.0,A01
201300032797,0,7,0,0.0,2.0,1.0,1.0,B01
201300032798,0,7,0,0.0,1.0,2.0,1.0,A01
201300032799,0,2,0,0.0,2.0,1.0,13.0,A01
201300032799,0,7,0,0.0,2.0,8.0,15.0,B01
201300032800,0,7,0,0.0,1.0,6.0,4.0,A01
201300032801,0,7,0,0.0,1.0,1.0,21.0,A01
201300032802,0,7,0,0.0,1.0,2.0,1.0,A01
201300032803,0,7,0,0.0,1.0,1.0,1.0,A01
201300032804,0,7,0,0.0,2.0,1.0,2.0,A01
201300032804,0,7,0,0.0,2.0,4.0,2.0,B01
201300032805,0,7,0,0.0,1.0,2.0,9.0,A01
201300032806,1,7,0,0.0,2.0,0.0,0.0,Z01
201300032806,0,7,0,13.0,0.0,0.0,13.0,B01
201300032807,0,7,0,0.0,1.0,3.0,4.0,A01
201300032808,0,7,0,0.0,1.0,1.0,0.0,A01
201300032809,0,30,0,0.0,2.0,1.0,5.0,A01
201300032809,0,7,0,0.0,2.0,3.0,1.0,B01
201300032810,0,7,0,0.0,2.0,2.0,15.0,A01
201300032810,0,30,0,0.0,2.0,1.0,18.0,B01
201300032811,0,7,0,0.0,1.0,3.0,1.0,A01
201300032812,0,33,0,3.0,2.0,1.0,2.0,A01
201300032812,0,7,0,0.0,2.0,5.0,2.0,B01
201300032813,0,33,0,0.0,0.0,1.0,1.0,A01
201300032814,0,7,0,0.0,2.0,1.0,1.0,A01
201300032814,0,7,0,0.0,2.0,4.0,1.0,B01
201300032815,0,7,0,0.0,1.0,1.0,1.0,A01
201300032816,0,7,0,0.0,2.0,3.0,0.0,A01
201300032816,0,7,0,0.0,2.0,2.0,0.0,B01
201300032817,0,30,0,0.0,2.0,1.0,0.0,A01
201300032817,0,7,0,0.0,2.0,8.0,0.0,B01
201300032818,0,7,0,0.0,2.0,1.0,13.0,A01
201300032818,0,30,0,0.0,2.0,1.0,0.0,B01
201300032818,0,7,0,0.0,2.0,6.0,1.0,C01
201300032819,2,7,0,0.0,2.0,0.0,0.0,Z01
201300032819,0,34,0,0.0,2.0,1.0,1.0,B01
201300032820,1,7,0,0.0,1.0,1.0,1.0,A01
201300032821,0,31,0,10.0,0.0,1.0,17.0,A01
201300032822,0,7,0,14.0,0.0,1.0,21.0,B01
201300032822,0,30,0,0.0,0.0,0.0,0.0,A01
201300032823,0,7,0,0.0,2.0,1.0,0.0,A01
201300032823,0,7,0,0.0,2.0,7.0,1.0,B01
201300032824,0,7,0,0.0,2.0,4.0,1.0,B01
201300032824,0,7,0,0.0,2.0,1.0,1.0,A01
201300032825,0,33,0,0.0,2.0,1.0,12.0,A01
201300032825,0,7,0,0.0,2.0,3.0,11.0,B01
201300032826,0,34,0,0.0,2.0,2.0,17.0,A01
201300032826,0,7,0,0.0,2.0,8.0,15.0,B01
201300032827,0,7,0,0.0,2.0,2.0,15.0,A01
201300032827,0,33,0,0.0,2.0,1.0,1.0,B01
201300032828,1,7,0,0.0,1.0,0.0,0.0,Z01
201300032829,0,7,0,0.0,2.0,1.0,2.0,A01
201300032829,0,7,0,0.0,2.0,4.0,2.0,B01
201300032830,0,7,0,0.0,2.0,1.0,2.0,A01
201300032830,0,7,0,0.0,2.0,4.0,2.0,B01
201300032831,2,7,0,4.0,0.0,3.0,1.0,A01
201300032831,0,32,0,14.0,0.0,1.0,1.0,B01
201300032832,0,30,0,0.0,2.0,1.0,2.0,A01
201300032832,0,7,0,0.0,0.0,6.0,1.0,B01
201300032833,0,7,0,0.0,1.0,1.0,1.0,A01
201300032834,0,7,0,0.0,2.0,3.0,1.0,A01
201300032834,0,7,0,0.0,2.0,3.0,1.0,B01
201300032835,0,2,0,0.0,1.0,1.0,1.0,A01
201300032836,0,32,0,0.0,0.0,7.0,1.0,B01
201300032836,0,7,0,0.0,2.0,3.0,1.0,A01
201300032837,0,7,0,0.0,2.0,2.0,15.0,A01
201300032837,0,32,0,0.0,2.0,1.0,21.0,B01
201300032838,0,7,0,0.0,2.0,5.0,15.0,A01
201300032838,0,34,0,0.0,2.0,1.0,21.0,B01
201300032839,0,7,0,0.0,2.0,3.0,21.0,B01
201300032839,0,2,0,0.0,2.0,1.0,13.0,A01
201300032840,0,7,0,0.0,2.0,3.0,13.0,A01
201300032840,0,7,0,0.0,2.0,3.0,1.0,B01
201300032841,0,3,0,0.0,0.0,4.0,1.0,A01
201300032841,0,7,0,0.0,2.0,1.0,2.0,B01
201300032842,0,7,0,0.0,2.0,1.0,1.0,A01
201300032842,2,7,0,0.0,2.0,1.0,0.0,B01
201300032843,0,30,0,0.0,2.0,3.0,1.0,A01
201300032843,0,7,0,0.0,2.0,3.0,1.0,B01
201300032844,0,7,0,0.0,2.0,3.0,9.0,A01
201300032844,0,33,0,0.0,2.0,1.0,21.0,B01
201300032845,0,1,0,0.0,0.0,5.0,1.0,B01
201300032845,0,7,0,0.0,2.0,1.0,15.0,A01
201300032846,0,7,0,0.0,1.0,4.0,4.0,A01
201300032847,0,7,0,0.0,2.0,1.0,21.0,B01
201300032847,0,7,0,0.0,2.0,1.0,5.0,A01
201300032848,1,7,0,0.0,1.0,4.0,4.0,A01
201300032849,0,14,0,0.0,2.0,2.0,2.0,A01
201300032849,0,1,0,0.0,0.0,8.0,2.0,B01
201300032850,0,7,0,0.0,2.0,3.0,9.0,A01
201300032850,0,1,0,0.0,2.0,4.0,1.0,B01
201300032851,0,7,0,0.0,2.0,7.0,15.0,A01
201300032851,0,34,0,0.0,2.0,1.0,1.0,B01
201300032852,0,7,0,0.0,1.0,1.0,1.0,A01
201300032853,0,7,0,0.0,1.0,1.0,1.0,A01
201300032854,0,30,0,0.0,2.0,1.0,8.0,B01
201300032854,0,7,0,0.0,2.0,2.0,15.0,A01
201300032855,0,7,0,0.0,2.0,1.0,13.0,A01
201300032855,0,7,0,0.0,2.0,1.0,1.0,B01
201300032856,0,7,0,0.0,2.0,1.0,9.0,A01
201300032856,0,7,0,0.0,2.0,7.0,1.0,B01
201300032857,0,7,0,0.0,1.0,1.0,1.0,A01
201300032858,0,7,0,0.0,2.0,1.0,1.0,A01
201300032858,0,33,0,0.0,0.0,4.0,1.0,B01
201300032859,0,2,0,0.0,4.0,8.0,9.0,A01
201300032859,0,39,1,0.0,2.0,1.0,1.0,B01
201300032860,0,1,0,0.0,2.0,4.0,1.0,B01
201300032860,0,7,0,0.0,2.0,2.0,14.0,A01
201300032861,0,7,0,0.0,2.0,1.0,1.0,B01
201300032861,0,7,0,0.0,2.0,2.0,1.0,A01
201300032862,0,7,0,0.0,2.0,2.0,15.0,B01
201300032862,0,2,0,0.0,2.0,1.0,8.0,A01
201300032863,0,2,0,0.0,2.0,3.0,18.0,A01
201300032863,0,7,0,0.0,2.0,2.0,16.0,B01
201300032864,0,2,0,0.0,2.0,8.0,1.0,B01
201300032864,0,7,0,0.0,2.0,1.0,15.0,A01
201300032865,0,7,0,0.0,2.0,7.0,23.0,B01
201300032865,0,33,0,0.0,2.0,3.0,18.0,A01
201300032866,0,7,0,0.0,2.0,3.0,15.0,A01
201300032866,0,33,0,0.0,2.0,1.0,1.0,B01
201300032867,0,7,0,0.0,1.0,1.0,1.0,A01
201300032868,0,33,0,0.0,2.0,1.0,21.0,B01
201300032868,0,7,0,0.0,2.0,2.0,9.0,A01
201300032869,0,7,0,0.0,2.0,1.0,5.0,A01
201300032869,0,13,0,0.0,2.0,1.0,21.0,B01
201300032870,0,30,0,0.0,2.0,3.0,18.0,A01
201300032870,0,7,0,0.0,2.0,2.0,1.0,B01
201300032871,0,7,0,0.0,1.0,1.0,21.0,A01
201300032872,0,7,0,0.0,1.0,2.0,1.0,A01
201300032873,0,7,0,0.0,2.0,3.0,1.0,A01
201300032873,0,7,0,0.0,2.0,1.0,1.0,B01
201300032874,0,7,0,0.0,1.0,1.0,1.0,Z01
201300032875,0,33,0,0.0,2.0,1.0,13.0,A01
201300032875,0,7,0,0.0,2.0,1.0,1.0,B01
201300032876,0,10,0,0.0,2.0,4.0,0.0,D01
201300032876,0,10,0,0.0,2.0,3.0,2.0,A01
201300032876,0,7,0,0.0,2.0,4.0,23.0,C01
201300032876,0,7,0,0.0,2.0,4.0,0.0,B01
201300032877,0,7,0,0.0,2.0,1.0,17.0,A01
201300032877,0,7,0,0.0,2.0,1.0,21.0,B01
201300032878,0,7,0,0.0,2.0,1.0,13.0,A01
201300032878,0,17,0,0.0,2.0,2.0,1.0,B01
201300032879,0,7,0,0.0,2.0,3.0,17.0,A01
201300032879,0,7,0,0.0,2.0,3.0,1.0,B01
201300032880,0,33,0,2.0,0.0,0.0,14.0,A01
201300032881,0,7,0,0.0,1.0,0.0,4.0,A01
201300032882,0,10,0,0.0,2.0,3.0,1.0,B01
201300032882,0,7,0,0.0,2.0,5.0,0.0,A01
201300032883,0,2,0,0.0,0.0,0.0,0.0,A01
201300032884,0,7,0,0.0,2.0,1.0,1.0,B01
201300032884,0,7,0,0.0,2.0,1.0,11.0,A01
201300032885,0,7,0,0.0,2.0,3.0,15.0,B01
201300032885,0,33,0,0.0,2.0,1.0,0.0,A01
201300032886,0,30,0,0.0,2.0,1.0,13.0,A01
201300032886,0,7,0,0.0,2.0,1.0,1.0,B01
201300032887,0,7,0,0.0,2.0,7.0,0.0,B01
201300032887,0,7,0,0.0,2.0,1.0,0.0,A01
201300032888,0,7,0,0.0,2.0,3.0,15.0,A01
201300032888,0,31,0,0.0,2.0,3.0,1.0,B01
201300032889,0,7,0,0.0,2.0,1.0,0.0,A01
201300032889,0,10,0,0.0,2.0,3.0,1.0,B01
201300032890,0,10,0,0.0,1.0,2.0,1.0,A01
201300032891,0,10,0,0.0,1.0,3.0,15.0,A01