Num_Acc,senc,catv,occutc,obs,obsm,choc,manv,num_veh
201300032892,0,7,0,0.0,0.0,4.0,2.0,A01
201300032892,0,33,0,0.0,2.0,1.0,2.0,B01
201300032893,0,7,0,0.0,1.0,2.0,1.0,A01
201300032894,0,7,0,0.0,2.0,1.0,15.0,A01
201300032894,0,33,0,0.0,2.0,1.0,2.0,B01
201300032895,0,7,0,0.0,1.0,3.0,2.0,A01
201300032896,0,10,0,0.0,0.0,0.0,23.0,B01
201300032896,0,7,0,0.0,1.0,1.0,17.0,A01
201300032897,0,1,0,0.0,2.0,1.0,15.0,A01
201300032897,0,7,0,0.0,2.0,1.0,16.0,B01
201300032898,0,7,0,1.0,0.0,1.0,10.0,A01
201300032898,0,7,0,0.0,2.0,3.0,24.0,B01
201300032899,0,31,0,0.0,2.0,1.0,1.0,B01
201300032899,0,7,0,0.0,2.0,7.0,15.0,A01
201300032900,0,7,0,0.0,2.0,1.0,1.0,A01
201300032900,0,7,0,0.0,2.0,4.0,1.0,B01
201300032901,0,33,0,0.0,2.0,1.0,1.0,B01
201300032901,0,7,0,0.0,2.0,1.0,1.0,A01
201300032902,0,7,0,0.0,2.0,2.0,1.0,B01
201300032902,0,7,0,0.0,2.0,3.0,1.0,A01
201300032903,0,1,0,0.0,2.0,8.0,9.0,B01
201300032903,0,34,0,0.0,2.0,1.0,1.0,A01
201300032904,0,7,0,0.0,2.0,1.0,2.0,A01
201300032904,0,7,0,0.0,2.0,4.0,2.0,B01
201300032905,0,7,0,0.0,2.0,4.0,1.0,B01
201300032905,0,7,0,0.0,2.0,1.0,1.0,A01
201300032906,0,7,0,0.0,1.0,1.0,1.0,A01
201300032907,0,7,0,0.0,1.0,1.0,1.0,A01
201300032908,0,7,0,1.0,0.0,1.0,1.0,A01
201300032909,0,33,0,0.0,2.0,7.0,1.0,B01
201300032909,0,7,0,0.0,2.0,3.0,9.0,A01
201300032910,0,1,0,0.0,2.0,4.0,23.0,C01
201300032910,0,7,0,0.0,2.0,4.0,23.0,B01
201300032910,0,10,0,0.0,2.0,1.0,2.0,A01
201300032911,0,7,0,0.0,1.0,1.0,1.0,A01
201300032912,0,7,0,0.0,2.0,1.0,1.0,B01
201300032912,0,7,0,0.0,2.0,7.0,15.0,A01
201300032913,0,7,0,0.0,1.0,3.0,1.0,A01
201300032914,0,1,0,0.0,2.0,2.0,14.0,A01
201300032914,0,7,0,0.0,2.0,5.0,1.0,B01
201300032915,0,37,11,0.0,2.0,7.0,1.0,B01
201300032915,0,1,0,0.0,2.0,7.0,19.0,A01
201300032916,1,7,0,0.0,1.0,2.0,1.0,Z01
201300032917,0,10,0,0.0,2.0,7.0,1.0,B01
201300032917,0,7,0,0.0,2.0,1.0,1.0,A01
201300032918,0,7,0,0.0,2.0,8.0,1.0,B01
201300032918,0,7,0,0.0,2.0,7.0,0.0,A01
201300032918,0,7,0,0.0,2.0,8.0,1.0,C01
201300032919,0,7,0,0.0,2.0,2.0,10.0,A01
201300032919,0,7,0,0.0,2.0,6.0,1.0,B01
201300032920,0,7,0,0.0,1.0,2.0,1.0,A01
201300032921,0,7,0,0.0,1.0,1.0,1.0,A01
201300032922,0,7,0,0.0,2.0,8.0,1.0,B01
201300032922,0,7,0,0.0,2.0,1.0,1.0,A01
201300032923,0,33,0,0.0,2.0,7.0,15.0,B01
201300032923,0,7,0,0.0,2.0,1.0,1.0,A01
201300032924,0,1,0,0.0,2.0,7.0,19.0,B01
201300032924,0,7,0,0.0,2.0,1.0,16.0,A01
201300032925,0,7,0,0.0,1.0,1.0,1.0,A01
201300032926,0,7,0,0.0,2.0,2.0,15.0,B01
201300032926,0,7,0,0.0,2.0,1.0,1.0,A01
201300032927,0,10,0,0.0,2.0,1.0,1.0,A01
201300032927,0,7,0,0.0,2.0,3.0,1.0,B01
201300032928,0,1,0,0.0,2.0,7.0,19.0,B01
201300032928,0,2,0,0.0,2.0,1.0,1.0,A01
201300032929,0,40,0,0.0,2.0,1.0,1.0,B01
201300032929,0,1,0,0.0,4.0,4.0,19.0,A01
201300032930,0,33,0,0.0,2.0,1.0,15.0,A01
201300032930,0,30,0,0.0,2.0,2.0,1.0,B01
201300032931,0,7,0,0.0,1.0,1.0,1.0,A01
201300032932,0,7,0,0.0,2.0,1.0,1.0,B01
201300032932,0,7,0,0.0,2.0,2.0,20.0,A01
201300032933,0,7,0,0.0,2.0,3.0,10.0,A01
201300032933,0,7,0,0.0,2.0,1.0,1.0,B01
201300032934,0,7,0,0.0,2.0,2.0,1.0,A01
201300032934,0,7,0,0.0,2.0,1.0,1.0,B01
201300032935,0,1,0,0.0,2.0,7.0,19.0,B01
201300032935,0,7,0,0.0,2.0,1.0,1.0,A01
201300032936,0,7,0,0.0,1.0,1.0,1.0,A01
201300032937,0,7,0,0.0,1.0,2.0,1.0,A01
201300032938,0,37,46,0.0,2.0,7.0,1.0,B01
201300032938,0,1,0,0.0,2.0,0.0,13.0,A01
201300032939,0,7,0,0.0,2.0,3.0,1.0,B01
201300032939,0,7,0,0.0,2.0,7.0,1.0,A01
201300032940,0,7,0,0.0,1.0,1.0,1.0,A01
201300032941,0,7,0,0.0,2.0,3.0,1.0,B01
201300032941,0,7,0,0.0,2.0,3.0,1.0,A01
201300032942,0,7,0,0.0,2.0,7.0,1.0,A01
201300032943,0,7,0,0.0,2.0,8.0,1.0,B01
201300032943,0,7,0,0.0,2.0,1.0,15.0,A01
201300032944,0,7,0,0.0,1.0,2.0,1.0,A01
201300032945,1,7,0,0.0,1.0,3.0,1.0,Z01
201300032946,0,7,0,0.0,2.0,4.0,2.0,C01
201300032946,0,7,0,0.0,2.0,1.0,2.0,A01
201300032946,0,7,0,0.0,2.0,4.0,2.0,B01
201300032946,0,7,0,0.0,2.0,4.0,2.0,D01
201300032947,0,30,0,0.0,2.0,2.0,1.0,B01
201300032947,0,7,0,0.0,2.0,1.0,16.0,A01
201300032948,0,7,0,0.0,2.0,1.0,15.0,A01
201300032948,1,30,0,0.0,2.0,2.0,0.0,B01
201300032949,0,10,0,0.0,2.0,7.0,15.0,A01
201300032949,0,7,0,0.0,2.0,1.0,1.0,B01
201300032950,0,37,5,0.0,2.0,1.0,1.0,B01
201300032950,1,7,0,0.0,2.0,0.0,14.0,Z01
201300032951,0,2,0,0.0,2.0,1.0,1.0,A01
201300032951,0,7,0,0.0,2.0,2.0,1.0,B01
201300032952,0,7,0,0.0,1.0,1.0,1.0,A01
201300032953,0,7,0,0.0,2.0,1.0,1.0,A01
201300032953,0,10,0,0.0,2.0,7.0,1.0,B01
201300032954,0,7,0,0.0,2.0,1.0,1.0,A01
201300032954,0,7,0,0.0,2.0,4.0,1.0,B01
201300032955,0,1,0,1.0,0.0,1.0,1.0,B01
201300032955,0,7,0,0.0,2.0,8.0,22.0,A01
201300032956,0,7,0,0.0,2.0,1.0,1.0,A01
201300032956,0,7,0,0.0,2.0,1.0,15.0,B01
201300032957,0,1,0,0.0,2.0,1.0,1.0,B01
201300032957,0,7,0,0.0,2.0,3.0,15.0,A01
201300032958,0,7,0,0.0,2.0,7.0,1.0,A01
201300032958,0,7,0,0.0,2.0,1.0,1.0,B01
201300032959,0,7,0,0.0,2.0,4.0,16.0,B01
201300032959,0,2,0,0.0,2.0,1.0,1.0,A01
201300032960,0,7,0,0.0,2.0,4.0,1.0,C01
201300032960,0,7,0,0.0,2.0,4.0,1.0,B01
201300032960,0,7,0,0.0,2.0,1.0,1.0,A01
201300032961,0,7,0,0.0,2.0,7.0,15.0,A01
201300032961,0,7,0,0.0,2.0,1.0,1.0,B01
201300032962,0,7,0,1.0,0.0,1.0,15.0,A01
201300032963,0,1,0,0.0,2.0,8.0,1.0,B01
201300032963,0,7,0,0.0,2.0,1.0,15.0,A01
201300032964,0,40,0,0.0,2.0,2.0,1.0,B01
201300032964,0,7,0,0.0,4.0,3.0,15.0,A01
201300032965,0,7,0,0.0,2.0,3.0,23.0,C01
201300032965,0,7,0,0.0,2.0,5.0,1.0,B01
201300032965,0,7,0,0.0,2.0,2.0,1.0,A01
201300032966,1,7,0,0.0,1.0,0.0,0.0,Z01
201300032967,0,7,0,0.0,2.0,1.0,1.0,A01
201300032967,0,7,0,0.0,2.0,4.0,2.0,B01
201300032968,0,30,0,0.0,2.0,1.0,1.0,B01
201300032968,0,7,0,0.0,2.0,3.0,23.0,A01
201300032969,0,1,0,0.0,2.0,1.0,1.0,B01
201300032969,0,7,0,0.0,2.0,1.0,16.0,A01
201300032970,0,7,0,0.0,2.0,4.0,1.0,B01
201300032970,0,30,0,0.0,2.0,1.0,1.0,A01
201300032971,0,7,0,0.0,2.0,1.0,1.0,A01
201300032972,0,7,0,0.0,2.0,2.0,15.0,A01
201300032972,0,30,0,0.0,2.0,1.0,15.0,B01
201300032973,0,40,0,0.0,2.0,1.0,1.0,B01
201300032973,0,1,0,0.0,4.0,8.0,19.0,A01
201300032974,0,1,0,0.0,2.0,1.0,19.0,B01
201300032974,0,7,0,0.0,2.0,3.0,15.0,A01
201300032975,0,2,0,0.0,2.0,1.0,1.0,A01
201300032975,0,2,0,0.0,2.0,1.0,1.0,B01
201300032976,0,7,0,0.0,2.0,5.0,15.0,B01
201300032976,0,30,0,0.0,2.0,1.0,1.0,A01
201300032977,0,7,0,0.0,2.0,1.0,1.0,A01
201300032977,0,1,0,0.0,2.0,8.0,1.0,B01
201300032978,0,7,0,0.0,2.0,4.0,1.0,B01
201300032978,0,2,0,0.0,2.0,1.0,1.0,A01
201300032979,0,7,0,0.0,2.0,1.0,1.0,A01
201300032979,0,7,0,0.0,2.0,4.0,1.0,D01
201300032979,0,7,0,0.0,2.0,4.0,1.0,C01
201300032979,0,7,0,0.0,2.0,4.0,1.0,B01
201300032980,0,10,0,0.0,1.0,3.0,1.0,A01
201300032981,1,7,0,0.0,1.0,1.0,17.0,Z01
201300032982,0,7,0,0.0,1.0,1.0,1.0,A01
201300032983,0,31,0,0.0,2.0,3.0,1.0,B01
201300032983,0,7,0,0.0,2.0,3.0,1.0,A01
201300032984,0,30,0,0.0,0.0,0.0,1.0,B01
201300032984,0,7,0,0.0,0.0,0.0,9.0,A01
201300032985,0,30,0,0.0,2.0,1.0,1.0,B01
201300032985,0,1,0,0.0,2.0,1.0,19.0,A01
201300032986,0,7,0,14.0,0.0,6.0,1.0,B01
201300032986,0,7,0,0.0,2.0,1.0,1.0,A01
201300032987,0,7,0,0.0,2.0,1.0,1.0,B01
201300032987,0,7,0,0.0,2.0,8.0,10.0,A01
201300032988,0,7,0,2.0,0.0,1.0,21.0,A01
201300032989,0,7,0,0.0,2.0,7.0,15.0,B01
201300032989,0,1,0,0.0,2.0,1.0,1.0,A01
201300032990,0,2,0,0.0,2.0,1.0,1.0,B01
201300032990,0,7,0,0.0,2.0,6.0,15.0,A01
201300032991,0,7,0,0.0,1.0,1.0,1.0,A01
201300032992,0,10,0,0.0,2.0,1.0,1.0,A01
201300032992,0,7,0,0.0,2.0,4.0,1.0,B01
201300032993,0,7,0,0.0,2.0,7.0,17.0,A01
201300032993,0,10,0,0.0,2.0,8.0,1.0,B01
201300032994,0,7,0,0.0,1.0,1.0,1.0,A01
201300032995,0,7,0,0.0,1.0,7.0,1.0,A01
201300032996,0,1,0,0.0,2.0,1.0,1.0,B01
201300032996,0,7,0,0.0,2.0,1.0,16.0,A01
201300032997,0,7,0,0.0,1.0,1.0,20.0,A01
201300032998,0,40,0,0.0,1.0,2.0,1.0,A01
201300032999,1,1,0,0.0,2.0,0.0,1.0,Z01
201300032999,0,1,0,0.0,2.0,0.0,1.0,A01
201300033000,0,1,0,0.0,2.0,8.0,19.0,B01
201300033000,0,7,0,0.0,2.0,5.0,1.0,A01
201300033001,0,30,0,0.0,2.0,0.0,1.0,A01
201300033001,1,7,0,0.0,2.0,0.0,1.0,Z01
201300033002,0,1,0,0.0,2.0,8.0,19.0,A01
201300033002,0,7,0,0.0,2.0,1.0,1.0,B01
201300033003,0,7,0,0.0,2.0,1.0,1.0,A01
201300033003,0,2,0,0.0,2.0,2.0,1.0,B01
201300033004,0,7,0,0.0,2.0,1.0,15.0,A01
201300033004,0,7,0,0.0,2.0,3.0,1.0,B01
201300033005,0,37,1,0.0,2.0,1.0,1.0,C01
201300033005,0,10,0,0.0,2.0,2.0,1.0,B01
201300033005,0,7,0,0.0,2.0,1.0,1.0,A01
201300033006,0,2,0,0.0,2.0,1.0,1.0,A01
201300033006,0,7,0,0.0,2.0,6.0,20.0,B01
201300033007,0,33,0,0.0,2.0,1.0,1.0,B01
201300033007,0,7,0,0.0,2.0,1.0,15.0,A01
201300033008,0,7,0,0.0,2.0,7.0,1.0,A01
201300033008,0,7,0,0.0,2.0,3.0,1.0,B01
201300033009,0,7,0,0.0,2.0,3.0,1.0,B01
201300033009,0,1,0,0.0,2.0,1.0,19.0,A01
201300033010,0,31,0,0.0,2.0,1.0,1.0,A01
201300033010,0,10,0,0.0,2.0,8.0,15.0,B01
201300033011,0,2,0,0.0,2.0,7.0,15.0,A01
201300033011,0,7,0,0.0,2.0,1.0,1.0,B01
201300033012,0,30,0,0.0,2.0,1.0,1.0,A01
201300033012,0,7,0,0.0,2.0,8.0,1.0,B01
201300033013,0,7,0,0.0,1.0,1.0,1.0,A01
201300033014,0,7,0,0.0,2.0,1.0,1.0,A01
201300033014,0,1,0,0.0,2.0,8.0,1.0,B01
201300033015,0,7,0,6.0,0.0,9.0,17.0,A01
201300033016,0,31,0,0.0,2.0,7.0,1.0,A01
201300033016,0,10,0,0.0,2.0,8.0,15.0,B01
201300033017,0,7,0,0.0,1.0,1.0,1.0,A01
201300033018,0,7,0,0.0,2.0,1.0,16.0,A01
201300033019,1,10,0,0.0,1.0,2.0,16.0,Z01
201300033020,0,7,0,0.0,2.0,4.0,1.0,B01
201300033020,0,7,0,0.0,2.0,5.0,1.0,C01
201300033020,0,7,0,0.0,2.0,1.0,1.0,A01
201300033021,0,7,0,0.0,1.0,3.0,2.0,A01
201300033022,0,7,0,0.0,2.0,7.0,15.0,B01
201300033022,0,2,0,0.0,2.0,1.0,1.0,A01
201300033023,0,7,0,0.0,0.0,0.0,0.0,A01
201300033024,0,7,0,0.0,2.0,3.0,1.0,B01
201300033024,0,15,0,0.0,2.0,5.0,16.0,A01
201300033025,0,7,0,0.0,2.0,2.0,15.0,A01
201300033025,0,33,0,0.0,2.0,1.0,1.0,B01
201300033026,0,2,0,0.0,0.0,0.0,10.0,A01
201300033027,0,31,0,0.0,2.0,1.0,1.0,B01
201300033027,0,7,0,0.0,2.0,8.0,13.0,A01
201300033028,1,7,0,0.0,2.0,1.0,1.0,Z01
201300033028,0,7,0,0.0,2.0,8.0,1.0,A01
201300033029,0,30,0,0.0,2.0,0.0,15.0,B01
201300033029,0,7,0,0.0,2.0,8.0,1.0,A01
201300033030,0,1,0,0.0,1.0,1.0,19.0,A01
201300033031,0,40,0,0.0,2.0,1.0,1.0,B01
201300033031,0,1,0,0.0,4.0,7.0,19.0,A01
201300033032,0,1,0,0.0,2.0,1.0,19.0,B01
201300033032,0,10,0,0.0,2.0,2.0,16.0,A01
201300033033,0,10,0,0.0,2.0,6.0,19.0,A01
201300033033,0,7,0,0.0,2.0,5.0,24.0,C01
201300033033,0,33,0,1.0,2.0,1.0,1.0,B01
201300033034,0,7,0,0.0,2.0,4.0,23.0,B01
201300033034,0,7,0,0.0,2.0,3.0,1.0,A01
201300033035,0,7,0,0.0,1.0,3.0,15.0,A01
201300033036,0,7,0,0.0,2.0,1.0,1.0,A01
201300033036,0,10,0,0.0,2.0,1.0,20.0,B01
201300033037,0,7,0,0.0,2.0,3.0,1.0,B01
201300033037,0,30,0,0.0,2.0,7.0,1.0,A01
201300033038,0,7,0,0.0,2.0,4.0,9.0,A01
201300033038,0,7,0,0.0,2.0,6.0,24.0,C01
201300033038,0,7,0,0.0,2.0,1.0,1.0,B01
201300033039,0,1,0,0.0,2.0,2.0,14.0,A01
201300033039,0,7,0,0.0,2.0,3.0,16.0,B01
201300033040,0,7,0,0.0,2.0,3.0,9.0,A01
201300033040,0,7,0,0.0,2.0,3.0,1.0,B01
201300033041,0,10,0,0.0,1.0,4.0,4.0,A01
201300033042,0,37,1,0.0,2.0,8.0,1.0,B01
201300033042,0,1,0,0.0,2.0,1.0,19.0,A01
201300033043,0,1,0,0.0,2.0,1.0,18.0,B01
201300033043,0,7,0,0.0,2.0,1.0,1.0,A01
201300033044,0,10,0,0.0,1.0,6.0,1.0,A01
201300033045,0,7,0,0.0,2.0,1.0,15.0,A01
201300033045,0,34,0,0.0,2.0,1.0,1.0,B01
201300033046,0,7,0,0.0,1.0,1.0,16.0,A01
201300033047,0,7,0,0.0,2.0,1.0,0.0,B01
201300033047,0,7,0,0.0,2.0,1.0,0.0,A01
201300033048,0,40,0,0.0,1.0,1.0,0.0,A01
201300033049,0,1,0,0.0,2.0,3.0,1.0,B01
201300033049,0,7,0,0.0,2.0,7.0,15.0,A01
201300033050,0,7,0,0.0,2.0,1.0,1.0,A01
201300033050,0,7,0,0.0,2.0,4.0,1.0,B01
201300033051,0,1,0,0.0,2.0,1.0,19.0,A01
201300033051,0,7,0,0.0,2.0,0.0,1.0,B01
201300033052,0,7,0,0.0,2.0,8.0,1.0,B01
201300033052,0,10,0,0.0,2.0,1.0,1.0,A01
201300033053,0,7,0,0.0,2.0,5.0,1.0,B01
201300033053,0,31,0,0.0,2.0,1.0,1.0,A01
201300033054,0,7,0,0.0,2.0,1.0,1.0,B01
201300033054,0,2,0,0.0,2.0,8.0,15.0,A01
201300033055,0,1,0,0.0,2.0,1.0,15.0,A01
201300033055,0,7,0,0.0,0.0,3.0,1.0,B01
201300033056,0,2,0,1.0,0.0,7.0,1.0,A01
201300033057,0,10,0,0.0,2.0,1.0,2.0,A01
201300033057,0,31,0,0.0,2.0,4.0,2.0,B01
201300033058,0,7,0,0.0,2.0,1.0,15.0,B01
201300033058,0,7,0,0.0,2.0,8.0,23.0,C01
201300033058,0,31,0,0.0,2.0,5.0,1.0,A01
201300033059,0,32,0,0.0,2.0,7.0,1.0,A01
201300033059,0,7,0,0.0,2.0,1.0,9.0,B01
201300033060,0,7,0,0.0,1.0,1.0,2.0,A01
201300033061,0,7,0,0.0,1.0,3.0,1.0,A01
201300033062,0,7,0,0.0,2.0,3.0,9.0,A01
201300033062,0,32,0,0.0,2.0,5.0,1.0,B01
201300033063,0,7,0,0.0,1.0,1.0,1.0,A01
201300033064,0,1,0,0.0,2.0,1.0,19.0,A01
201300033064,0,40,0,0.0,2.0,2.0,1.0,B01
201300033065,0,7,0,0.0,2.0,1.0,1.0,A01
201300033065,0,1,0,0.0,2.0,1.0,19.0,B01
201300033066,0,7,0,0.0,2.0,1.0,1.0,B01
201300033066,0,7,0,0.0,2.0,2.0,15.0,A01
201300033067,0,30,0,0.0,2.0,1.0,17.0,B01
201300033067,0,7,0,0.0,2.0,3.0,11.0,A01
201300033068,0,1,0,0.0,2.0,8.0,19.0,B01
201300033068,0,7,0,0.0,2.0,1.0,1.0,A01
201300033069,0,7,0,0.0,2.0,1.0,1.0,B01
201300033069,0,1,0,0.0,2.0,8.0,19.0,A01
201300033070,0,7,0,0.0,2.0,1.0,1.0,B01
201300033070,0,7,0,0.0,2.0,1.0,15.0,A01
201300033071,0,7,0,0.0,2.0,4.0,15.0,B01
201300033071,0,33,0,0.0,2.0,1.0,15.0,C01
201300033071,1,38,30,0.0,0.0,0.0,1.0,Z01
201300033072,0,7,0,0.0,2.0,8.0,1.0,B01
201300033072,0,7,0,0.0,2.0,1.0,1.0,A01
201300033073,0,1,0,1.0,0.0,1.0,1.0,B01
201300033074,0,7,0,3.0,0.0,1.0,1.0,A01
201300033075,1,7,0,0.0,2.0,0.0,13.0,A01
201300033075,0,31,0,0.0,2.0,7.0,17.0,B01
201300033076,0,7,0,0.0,1.0,2.0,1.0,A01
201300033077,0,7,0,0.0,2.0,1.0,2.0,A01
201300033077,0,7,0,0.0,2.0,4.0,2.0,B01
201300033077,0,7,0,0.0,2.0,4.0,2.0,C01
201300033077,0,7,0,0.0,2.0,4.0,2.0,D01
201300033078,0,10,0,1.0,2.0,8.0,20.0,A01
201300033078,0,7,0,0.0,2.0,2.0,1.0,B01
201300033079,0,7,0,2.0,0.0,1.0,1.0,A01
201300033080,1,7,0,0.0,1.0,3.0,1.0,Z01
201300033081,0,2,0,0.0,2.0,1.0,15.0,A01
201300033081,0,7,0,0.0,2.0,2.0,15.0,B01
201300033082,0,7,0,0.0,2.0,5.0,1.0,C01
201300033082,0,7,0,0.0,2.0,1.0,1.0,A01
201300033082,0,31,0,1.0,2.0,4.0,1.0,B01
201300033083,0,7,0,0.0,0.0,0.0,23.0,B01
201300033083,0,1,0,0.0,0.0,0.0,1.0,A01
201300033084,0,7,0,0.0,2.0,1.0,15.0,B01
201300033084,0,7,0,0.0,2.0,1.0,1.0,A01
201300033085,0,1,0,0.0,2.0,8.0,1.0,B01
201300033085,0,7,0,0.0,2.0,1.0,15.0,A01
201300033086,0,1,0,0.0,2.0,5.0,19.0,A01
201300033086,0,7,0,0.0,2.0,3.0,1.0,B01
201300033087,0,1,0,0.0,4.0,3.0,19.0,A01
201300033087,0,40,0,0.0,2.0,1.0,1.0,B01
201300033088,0,1,0,0.0,2.0,7.0,5.0,A01
201300033088,0,7,0,0.0,2.0,1.0,23.0,B01
201300033089,0,7,0,0.0,2.0,1.0,1.0,B01
201300033089,0,7,0,0.0,2.0,7.0,15.0,A01
201300033090,0,30,0,0.0,2.0,1.0,1.0,B01
201300033090,0,7,0,0.0,2.0,3.0,1.0,A01
201300033091,0,7,0,0.0,2.0,3.0,9.0,A01
201300033091,0,33,0,0.0,2.0,8.0,1.0,B01
201300033092,0,10,0,2.0,0.0,1.0,1.0,A01
201300033093,0,10,0,0.0,1.0,2.0,1.0,A01
201300033094,0,7,0,0.0,1.0,2.0,1.0,A01
201300033095,0,2,0,0.0,2.0,1.0,1.0,B01
201300033095,0,7,0,0.0,2.0,3.0,1.0,A01
201300033096,0,7,0,0.0,1.0,3.0,1.0,A01
201300033097,0,40,0,0.0,1.0,2.0,1.0,A01
201300033098,0,2,0,0.0,2.0,6.0,1.0,B01
201300033098,0,7,0,0.0,2.0,3.0,1.0,A01
201300033099,0,7,0,8.0,0.0,1.0,1.0,A01
201300033100,1,7,0,0.0,2.0,0.0,1.0,B01
201300033100,0,1,0,0.0,2.0,7.0,19.0,A01
201300033101,0,7,0,0.0,2.0,3.0,22.0,A01
201300033101,0,1,0,0.0,2.0,7.0,1.0,B01
201300033102,0,33,0,0.0,2.0,1.0,1.0,A01
201300033102,0,7,0,0.0,2.0,5.0,16.0,B01
201300033103,0,30,0,2.0,0.0,1.0,1.0,A01
201300033104,0,7,0,0.0,1.0,1.0,1.0,A01
201300033105,0,1,0,0.0,2.0,1.0,5.0,A01
201300033105,0,1,0,0.0,2.0,1.0,1.0,B01
201300033106,0,7,0,0.0,2.0,1.0,1.0,B01
201300033106,0,3,0,0.0,2.0,1.0,5.0,A01
201300033107,0,7,0,0.0,2.0,3.0,16.0,A01
201300033107,0,1,0,0.0,2.0,5.0,1.0,B01
201300033108,0,7,0,0.0,2.0,1.0,1.0,C01
201300033108,0,7,0,0.0,2.0,1.0,17.0,A01
201300033108,0,7,0,0.0,2.0,8.0,1.0,B01
201300033109,0,7,0,0.0,1.0,1.0,1.0,A01
201300033110,0,13,0,0.0,1.0,3.0,15.0,A01
201300033111,0,7,0,0.0,2.0,8.0,1.0,B01
201300033111,0,32,0,0.0,2.0,1.0,1.0,A01
201300033112,0,34,0,0.0,2.0,6.0,5.0,A01
201300033112,0,10,0,0.0,2.0,6.0,15.0,B01
201300033113,0,7,0,0.0,1.0,4.0,20.0,A01
201300033114,0,10,0,1.0,2.0,1.0,1.0,A01
201300033114,0,7,0,1.0,2.0,3.0,1.0,B01
201300033115,0,30,0,0.0,2.0,1.0,1.0,B01
201300033115,0,7,0,0.0,2.0,2.0,15.0,A01
201300033116,0,7,0,0.0,2.0,7.0,1.0,B01
201300033116,0,7,0,0.0,2.0,3.0,1.0,A01
201300033117,0,33,0,0.0,2.0,1.0,1.0,B01
201300033117,0,7,0,0.0,2.0,3.0,9.0,A01
201300033118,0,15,0,0.0,2.0,8.0,1.0,A01
201300033118,0,1,0,0.0,2.0,7.0,1.0,B01
201300033119,0,1,0,0.0,1.0,1.0,1.0,A01
201300033120,0,1,0,0.0,2.0,1.0,1.0,B01
201300033120,0,7,0,0.0,2.0,8.0,22.0,A01
201300033121,0,7,0,2.0,0.0,1.0,1.0,A01
201300033122,0,40,0,0.0,2.0,2.0,1.0,B01
201300033122,0,1,0,0.0,4.0,1.0,19.0,A01
201300033123,0,30,0,15.0,0.0,1.0,1.0,A01
201300033124,0,7,0,0.0,2.0,8.0,15.0,B01
201300033124,0,10,0,0.0,2.0,2.0,17.0,A01
201300033125,0,1,0,0.0,2.0,1.0,0.0,A01
201300033125,0,1,0,0.0,2.0,1.0,0.0,B01
201300033126,0,2,0,0.0,2.0,1.0,1.0,A01
201300033126,0,7,0,0.0,2.0,7.0,0.0,B01
201300033127,0,7,0,2.0,0.0,8.0,0.0,A01
201300033128,0,7,0,0.0,2.0,8.0,0.0,A01
201300033128,0,33,0,0.0,2.0,0.0,1.0,B01
201300033129,0,1,0,0.0,1.0,1.0,1.0,A01
201300033130,0,7,0,0.0,1.0,1.0,1.0,A01
201300033131,0,1,0,0.0,2.0,1.0,1.0,A01
201300033131,0,1,0,0.0,2.0,1.0,1.0,B01
201300033132,0,7,0,0.0,2.0,8.0,10.0,A01
201300033132,0,33,0,0.0,2.0,1.0,1.0,B01
201300033133,0,7,0,0.0,2.0,1.0,1.0,A01
201300033133,0,7,0,0.0,2.0,4.0,1.0,B01
201300033134,0,1,0,0.0,2.0,8.0,19.0,A01
201300033134,0,33,0,0.0,2.0,1.0,1.0,B01
201300033135,0,30,0,0.0,0.0,1.0,1.0,A01
201300033136,0,7,0,0.0,2.0,1.0,16.0,B01
201300033136,2,7,0,0.0,2.0,1.0,15.0,A01
201300033137,0,1,0,0.0,1.0,1.0,1.0,B01
201300033138,0,7,0,0.0,1.0,4.0,20.0,A01
201300033139,0,7,0,0.0,2.0,1.0,15.0,B01
201300033139,0,7,0,1.0,2.0,3.0,1.0,A01
201300033140,0,7,0,0.0,2.0,8.0,15.0,A01
201300033140,0,30,0,0.0,2.0,1.0,12.0,B01
201300033141,0,7,0,1.0,0.0,1.0,1.0,A01
201300033142,0,7,0,0.0,2.0,1.0,1.0,B01
201300033142,0,7,0,0.0,2.0,1.0,15.0,A01
201300033143,0,7,0,0.0,2.0,1.0,1.0,A01
201300033143,0,1,0,0.0,2.0,8.0,1.0,B01
201300033144,0,1,0,0.0,4.0,3.0,19.0,A01
201300033144,0,40,0,0.0,2.0,1.0,1.0,B01
201300033145,0,2,0,0.0,2.0,1.0,1.0,A01
201300033145,0,7,0,0.0,2.0,7.0,15.0,B01
201300033146,0,33,0,11.0,0.0,1.0,1.0,A01
201300033147,0,7,0,0.0,2.0,1.0,16.0,B01
201300033147,0,1,0,0.0,2.0,1.0,1.0,A01
201300033148,1,34,0,0.0,1.0,0.0,1.0,Z01
201300033149,0,1,0,0.0,4.0,1.0,1.0,A01
201300033149,1,40,0,0.0,2.0,8.0,1.0,B01
201300033150,0,7,0,0.0,1.0,1.0,15.0,A01
201300033151,0,7,0,0.0,0.0,0.0,15.0,A01
201300033151,0,31,0,0.0,0.0,0.0,1.0,B01
201300033152,0,30,0,0.0,2.0,1.0,1.0,A01
201300033152,0,7,0,0.0,2.0,4.0,15.0,B01
201300033153,0,1,0,0.0,2.0,1.0,15.0,A01
201300033153,0,7,0,0.0,2.0,3.0,1.0,B01
201300033154,0,1,0,0.0,1.0,1.0,1.0,A01