Num_Acc,senc,catv,occutc,obs,obsm,choc,manv,num_veh
201300033155,0,7,0,0.0,2.0,1.0,5.0,A01
201300033155,0,7,0,0.0,2.0,1.0,1.0,B01
201300033156,0,7,0,0.0,2.0,1.0,15.0,A01
201300033156,0,7,0,0.0,2.0,3.0,1.0,B01
201300033157,0,1,0,0.0,2.0,7.0,1.0,B01
201300033157,0,7,0,0.0,2.0,0.0,15.0,A01
201300033158,0,7,0,9.0,0.0,1.0,1.0,A01
201300033159,0,7,0,2.0,0.0,1.0,1.0,A01
201300033160,0,7,0,0.0,2.0,1.0,15.0,A01
201300033160,0,31,0,0.0,2.0,5.0,1.0,B01
201300033161,0,7,0,0.0,1.0,1.0,1.0,A01
201300033162,0,10,0,0.0,2.0,1.0,1.0,A01
201300033162,0,7,0,0.0,2.0,4.0,23.0,D01
201300033162,0,10,0,0.0,2.0,4.0,1.0,B01
201300033162,0,7,0,0.0,2.0,4.0,23.0,C01
201300033163,0,1,0,0.0,2.0,8.0,1.0,B01
201300033163,0,10,0,0.0,2.0,1.0,1.0,A01
201300033164,0,7,0,0.0,2.0,1.0,15.0,B01
201300033164,0,10,0,0.0,2.0,9.0,15.0,A01
201300033165,0,13,0,0.0,1.0,2.0,1.0,A01
201300033166,0,33,0,0.0,2.0,1.0,17.0,A01
201300033166,0,10,0,0.0,2.0,3.0,15.0,B01
201300033167,0,40,0,0.0,1.0,2.0,1.0,A01
201300033168,0,7,0,0.0,2.0,1.0,1.0,A01
201300033168,0,7,0,0.0,2.0,4.0,1.0,C01
201300033168,0,7,0,0.0,2.0,4.0,1.0,B01
201300033169,0,7,0,0.0,2.0,2.0,1.0,A01
201300033169,0,1,0,0.0,2.0,7.0,19.0,B01
201300033170,0,37,13,0.0,2.0,2.0,1.0,A01
201300033170,0,99,0,10.0,2.0,3.0,1.0,B01
201300033170,0,7,0,0.0,2.0,8.0,23.0,C01
201300033170,0,7,0,0.0,2.0,2.0,23.0,D01
201300033171,0,10,0,0.0,1.0,1.0,1.0,A01
201300033172,0,7,0,0.0,2.0,0.0,15.0,B01
201300033172,0,2,0,0.0,2.0,7.0,1.0,A01
201300033173,0,7,0,0.0,2.0,2.0,10.0,A01
201300033173,0,30,0,0.0,2.0,1.0,1.0,B01
201300033174,0,7,0,0.0,2.0,1.0,1.0,A01
201300033174,0,7,0,0.0,2.0,6.0,1.0,B01
201300033175,0,7,0,0.0,0.0,1.0,15.0,B01
201300033175,0,33,0,0.0,0.0,0.0,1.0,A01
201300033176,0,7,0,0.0,2.0,3.0,1.0,A01
201300033176,0,2,0,0.0,2.0,1.0,1.0,B01
201300033177,0,1,0,0.0,1.0,1.0,1.0,A01
201300033178,0,7,0,0.0,1.0,2.0,1.0,A01
201300033179,0,7,0,0.0,1.0,2.0,1.0,A01
201300033180,0,7,0,0.0,2.0,1.0,1.0,B01
201300033180,0,7,0,0.0,2.0,7.0,16.0,A01
201300033181,0,32,0,0.0,2.0,1.0,1.0,B01
201300033181,0,7,0,0.0,2.0,7.0,15.0,A01
201300033182,0,10,0,0.0,1.0,8.0,1.0,A01
201300033183,0,40,0,0.0,1.0,1.0,1.0,A01
201300033184,0,7,0,0.0,2.0,3.0,1.0,B01
201300033184,0,33,0,0.0,2.0,3.0,1.0,A01
201300033185,0,7,0,0.0,2.0,2.0,1.0,B01
201300033185,0,1,0,0.0,2.0,6.0,11.0,A01
201300033186,0,1,0,0.0,2.0,8.0,19.0,B01
201300033186,0,7,0,0.0,2.0,1.0,1.0,A01
201300033187,0,7,0,0.0,0.0,0.0,21.0,A01
201300033188,0,40,0,0.0,1.0,2.0,1.0,A01
201300033189,0,32,0,0.0,2.0,1.0,1.0,A01
201300033189,0,7,0,0.0,2.0,2.0,24.0,B01
201300033190,0,7,0,1.0,0.0,6.0,1.0,A01
201300033191,1,30,0,0.0,2.0,0.0,1.0,B01
201300033191,0,7,0,0.0,2.0,2.0,15.0,A01
201300033192,0,40,0,0.0,1.0,2.0,1.0,A01
201300033193,0,1,0,1.0,0.0,1.0,1.0,B01
201300033193,0,7,0,0.0,2.0,8.0,22.0,A01
201300033194,0,7,0,0.0,1.0,1.0,1.0,A01
201300033195,0,7,0,0.0,2.0,2.0,16.0,A01
201300033195,0,31,0,0.0,2.0,1.0,1.0,B01
201300033196,0,1,0,0.0,2.0,7.0,19.0,B01
201300033196,1,7,0,0.0,2.0,1.0,16.0,A01
201300033197,0,7,0,0.0,2.0,4.0,2.0,B01
201300033197,0,7,0,0.0,2.0,4.0,2.0,A01
201300033198,0,7,0,1.0,2.0,9.0,1.0,B01
201300033198,0,7,0,0.0,2.0,1.0,1.0,A01
201300033199,0,1,0,0.0,2.0,1.0,19.0,B01
201300033199,0,7,0,0.0,2.0,8.0,16.0,A01
201300033200,0,7,0,0.0,2.0,3.0,15.0,A01
201300033200,0,33,0,0.0,2.0,1.0,1.0,B01
201300033201,0,7,0,0.0,2.0,8.0,9.0,A01
201300033201,0,34,0,0.0,2.0,1.0,1.0,B01
201300033202,0,7,0,0.0,1.0,4.0,4.0,A01
201300033203,0,1,0,0.0,2.0,7.0,1.0,A01
201300033203,0,33,0,0.0,2.0,1.0,1.0,B01
201300033204,0,7,0,0.0,2.0,1.0,1.0,A01
201300033204,0,1,0,0.0,2.0,8.0,19.0,B01
201300033205,0,7,0,0.0,2.0,1.0,1.0,B01
201300033205,0,7,0,0.0,2.0,3.0,1.0,A01
201300033206,0,7,0,0.0,1.0,1.0,16.0,A01
201300033207,0,7,0,0.0,0.0,9.0,1.0,A01
201300033208,0,7,0,0.0,2.0,1.0,1.0,A01
201300033208,0,1,0,0.0,2.0,7.0,1.0,B01
201300033209,0,7,0,0.0,2.0,1.0,16.0,A01
201300033209,0,33,0,0.0,2.0,5.0,1.0,B01
201300033210,0,1,0,0.0,2.0,8.0,1.0,B01
201300033210,0,7,0,0.0,2.0,1.0,15.0,A01
201300033211,0,2,0,0.0,2.0,1.0,1.0,B01
201300033211,0,7,0,0.0,2.0,2.0,15.0,A01
201300033212,0,40,0,0.0,1.0,1.0,1.0,A01
201300033213,0,7,0,0.0,2.0,3.0,15.0,A01
201300033213,0,33,0,0.0,2.0,1.0,1.0,B01
201300033214,0,7,0,0.0,1.0,3.0,15.0,A01
201300033215,0,37,46,0.0,1.0,5.0,16.0,A01
201300033216,0,7,0,2.0,0.0,1.0,1.0,A01
201300033217,0,7,0,0.0,2.0,3.0,1.0,A01
201300033217,0,32,0,0.0,2.0,2.0,15.0,B01
201300033218,0,1,0,0.0,2.0,1.0,19.0,B01
201300033218,0,10,0,0.0,2.0,7.0,1.0,A01
201300033219,0,7,0,0.0,2.0,4.0,24.0,B01
201300033219,0,1,0,0.0,2.0,1.0,1.0,A01
201300033220,0,1,0,0.0,2.0,3.0,1.0,A01
201300033220,1,7,0,0.0,2.0,1.0,17.0,Z01
201300033221,0,2,0,0.0,2.0,2.0,1.0,B01
201300033221,0,7,0,0.0,2.0,1.0,15.0,A01
201300033222,0,7,0,0.0,2.0,1.0,16.0,A01
201300033222,0,1,0,0.0,2.0,8.0,1.0,B01
201300033223,0,7,0,0.0,1.0,1.0,16.0,A01
201300033224,1,30,0,0.0,1.0,1.0,1.0,Z01
201300033225,0,7,0,15.0,0.0,1.0,1.0,A01
201300033226,0,7,0,0.0,2.0,1.0,1.0,A01
201300033226,1,7,0,0.0,2.0,1.0,1.0,Z01
201300033227,0,30,0,1.0,0.0,1.0,1.0,A01
201300033228,0,7,0,0.0,1.0,2.0,1.0,A01
201300033229,0,7,0,0.0,1.0,2.0,1.0,A01
201300033230,0,7,0,0.0,2.0,1.0,2.0,A01
201300033230,0,7,0,0.0,2.0,4.0,2.0,C01
201300033230,0,7,0,0.0,2.0,6.0,2.0,B01
201300033230,0,7,0,0.0,2.0,6.0,2.0,E01
201300033230,0,7,0,0.0,2.0,0.0,2.0,D01
201300033231,1,7,0,0.0,1.0,1.0,1.0,A01
201300033232,0,10,0,0.0,2.0,1.0,15.0,A01
201300033232,0,30,0,0.0,2.0,1.0,1.0,B01
201300033233,0,2,0,0.0,0.0,0.0,20.0,A01
201300033234,0,3,0,0.0,1.0,1.0,1.0,A01
201300033235,0,7,0,0.0,1.0,2.0,15.0,A01
201300033236,0,32,0,0.0,2.0,4.0,1.0,B01
201300033236,0,7,0,0.0,2.0,1.0,1.0,A01
201300033237,0,7,0,0.0,2.0,1.0,1.0,A01
201300033237,0,7,0,0.0,2.0,4.0,1.0,B01
201300033238,0,10,0,0.0,2.0,4.0,13.0,A01
201300033238,0,32,0,0.0,2.0,1.0,1.0,B01
201300033239,0,7,0,0.0,2.0,2.0,16.0,B01
201300033239,0,1,0,0.0,2.0,1.0,1.0,A01
201300033240,0,7,0,0.0,2.0,3.0,15.0,A01
201300033240,0,7,0,0.0,2.0,8.0,1.0,C01
201300033240,0,7,0,0.0,2.0,8.0,1.0,B01
201300033241,0,30,0,0.0,2.0,8.0,1.0,A01
201300033241,0,10,0,0.0,2.0,8.0,15.0,B01
201300033242,0,7,0,0.0,1.0,1.0,1.0,A01
201300033243,0,7,0,0.0,2.0,2.0,1.0,B01
201300033243,0,99,0,0.0,2.0,1.0,1.0,A01
201300033244,0,7,0,0.0,1.0,5.0,1.0,A01
201300033245,0,33,0,0.0,2.0,2.0,1.0,B01
201300033245,0,7,0,0.0,2.0,2.0,20.0,A01
201300033246,0,7,0,0.0,1.0,1.0,1.0,A01
201300033247,0,7,0,0.0,1.0,1.0,1.0,A01
201300033248,0,7,0,0.0,1.0,1.0,9.0,A01
201300033249,0,7,0,0.0,1.0,1.0,1.0,A01
201300033250,0,7,0,0.0,2.0,3.0,1.0,B01
201300033250,0,7,0,0.0,2.0,1.0,13.0,A01
201300033251,0,7,0,0.0,1.0,3.0,16.0,A01
201300033252,0,2,0,0.0,2.0,3.0,1.0,A01
201300033252,0,7,0,0.0,2.0,1.0,15.0,B01
201300033253,0,7,0,0.0,1.0,1.0,15.0,A01
201300033254,0,7,0,0.0,2.0,1.0,1.0,B01
201300033254,0,7,0,0.0,2.0,1.0,1.0,A01
201300033255,0,1,0,0.0,2.0,3.0,15.0,B01
201300033255,0,7,0,0.0,2.0,1.0,1.0,A01
201300033256,0,33,0,1.0,2.0,9.0,9.0,A01
201300033256,0,7,0,0.0,2.0,8.0,1.0,B01
201300033257,0,7,0,0.0,2.0,3.0,11.0,A01
201300033257,0,30,0,0.0,2.0,1.0,1.0,B01
201300033258,0,1,0,0.0,2.0,1.0,1.0,B01
201300033258,0,1,0,0.0,2.0,1.0,19.0,A01
201300033259,0,7,0,0.0,2.0,1.0,1.0,A01
201300033259,0,7,0,0.0,2.0,4.0,23.0,C01
201300033259,0,30,0,0.0,2.0,4.0,23.0,B01
201300033260,1,2,0,0.0,1.0,1.0,14.0,Z01
201300033261,0,32,0,0.0,0.0,7.0,0.0,A01
201300033262,0,7,0,0.0,2.0,2.0,15.0,A01
201300033262,0,2,0,0.0,2.0,7.0,1.0,B01
201300033263,0,7,0,0.0,2.0,7.0,15.0,A01
201300033263,0,7,0,1.0,2.0,2.0,1.0,B01
201300033264,0,7,0,0.0,2.0,3.0,15.0,A01
201300033264,0,2,0,0.0,2.0,7.0,1.0,B01
201300033265,1,15,0,0.0,1.0,0.0,1.0,A01
201300033266,0,13,0,0.0,4.0,1.0,1.0,A01
201300033266,0,40,0,0.0,2.0,3.0,1.0,B01
201300033267,0,7,0,0.0,2.0,1.0,15.0,A01
201300033267,0,30,0,0.0,2.0,1.0,1.0,B01
201300033268,0,7,0,0.0,1.0,1.0,1.0,A01
201300033269,0,7,0,0.0,2.0,3.0,15.0,A01
201300033269,0,1,0,0.0,2.0,1.0,17.0,B01
201300033269,0,7,0,0.0,2.0,4.0,23.0,C01
201300033270,0,30,0,0.0,2.0,1.0,1.0,B01
201300033270,0,7,0,0.0,2.0,3.0,15.0,A01
201300033271,0,7,0,0.0,1.0,8.0,1.0,A01
201300033271,0,7,0,0.0,2.0,1.0,15.0,B01
201300033272,0,10,0,0.0,2.0,1.0,6.0,A01
201300033272,0,7,0,0.0,2.0,1.0,1.0,B01
201300033272,0,7,0,0.0,2.0,1.0,1.0,C01
201300033273,0,7,0,0.0,1.0,1.0,15.0,A01
201300033274,0,7,0,0.0,2.0,1.0,1.0,A01
201300033274,0,10,0,0.0,2.0,8.0,17.0,B01
201300033275,0,30,0,0.0,0.0,7.0,1.0,A01
201300033276,0,7,0,0.0,2.0,8.0,1.0,A01
201300033276,0,7,0,0.0,2.0,1.0,1.0,B01
201300033277,0,1,0,0.0,1.0,1.0,1.0,A01
201300033278,0,7,0,1.0,0.0,1.0,1.0,A01
201300033279,0,40,0,0.0,2.0,1.0,1.0,B01
201300033279,0,7,0,8.0,4.0,8.0,16.0,A01
201300033280,0,7,0,0.0,1.0,1.0,1.0,A01
201300033281,0,31,0,0.0,2.0,7.0,17.0,A01
201300033281,0,7,0,0.0,2.0,8.0,1.0,B01
201300033282,0,7,0,0.0,1.0,1.0,1.0,A01
201300033283,0,30,0,0.0,2.0,1.0,1.0,A01
201300033283,0,7,0,0.0,2.0,2.0,15.0,B01
201300033284,0,7,0,0.0,2.0,1.0,1.0,A01
201300033284,0,10,0,0.0,2.0,1.0,1.0,B01
201300033285,0,1,0,0.0,2.0,8.0,5.0,A01
201300033285,0,37,1,0.0,2.0,2.0,9.0,B01
201300033286,0,7,0,0.0,2.0,3.0,9.0,A01
201300033286,0,31,0,0.0,2.0,1.0,1.0,B01
201300033287,0,7,0,0.0,2.0,1.0,1.0,A01
201300033287,0,7,0,0.0,2.0,4.0,1.0,B01
201300033288,0,7,0,0.0,2.0,1.0,1.0,B01
201300033288,0,2,0,0.0,2.0,1.0,1.0,A01
201300033289,0,7,0,0.0,2.0,1.0,1.0,A01
201300033289,0,7,0,0.0,2.0,1.0,2.0,B01
201300033289,0,7,0,0.0,2.0,4.0,2.0,C01
201300033290,0,7,0,0.0,2.0,1.0,1.0,A01
201300033290,0,1,0,0.0,2.0,4.0,0.0,B01
201300033291,0,2,0,0.0,2.0,1.0,1.0,A01
201300033291,0,7,0,0.0,2.0,8.0,15.0,B01
201300033292,0,7,0,0.0,2.0,7.0,1.0,A01
201300033292,0,1,0,0.0,2.0,4.0,11.0,A02
201300033293,0,7,0,0.0,1.0,2.0,1.0,A01
201300033294,0,7,0,0.0,1.0,1.0,15.0,A01
201300033295,0,7,0,0.0,1.0,7.0,1.0,A01
201300033296,2,7,0,0.0,2.0,2.0,1.0,A01
201300033296,0,1,0,0.0,2.0,4.0,1.0,B01
201300033297,0,2,0,0.0,2.0,1.0,17.0,B01
201300033297,0,7,0,0.0,2.0,2.0,9.0,A01
201300033298,0,7,0,2.0,0.0,1.0,1.0,A01
201300033299,0,7,0,0.0,2.0,1.0,2.0,A01
201300033299,0,7,0,0.0,2.0,6.0,1.0,B01
201300033300,0,7,0,0.0,2.0,3.0,1.0,A01
201300033300,0,7,0,2.0,2.0,4.0,1.0,B01
201300033301,0,7,0,3.0,0.0,1.0,1.0,A01
201300033302,0,7,0,0.0,2.0,1.0,15.0,A01
201300033302,0,1,0,0.0,2.0,1.0,1.0,B01
201300033303,0,7,0,0.0,2.0,3.0,9.0,A01
201300033303,0,7,0,0.0,2.0,1.0,1.0,B01
201300033304,1,99,0,0.0,2.0,1.0,17.0,A01
201300033304,0,7,0,0.0,2.0,3.0,15.0,B01
201300033305,0,7,0,0.0,2.0,2.0,5.0,A01
201300033305,0,7,0,0.0,2.0,1.0,1.0,B01
201300033306,0,7,0,0.0,2.0,1.0,1.0,A01
201300033306,0,1,0,0.0,2.0,1.0,19.0,B01
201300033307,1,7,0,0.0,1.0,1.0,1.0,Z01
201300033308,0,2,0,0.0,2.0,1.0,15.0,A01
201300033308,0,7,0,0.0,2.0,2.0,15.0,B01
201300033309,0,7,0,0.0,1.0,1.0,1.0,A01
201300033310,0,7,0,0.0,2.0,1.0,15.0,A01
201300033310,0,2,0,0.0,2.0,1.0,1.0,B01
201300033311,0,7,0,0.0,2.0,1.0,9.0,A01
201300033311,0,7,0,0.0,2.0,6.0,1.0,B01
201300033312,0,7,0,0.0,2.0,8.0,15.0,A01
201300033312,0,33,0,0.0,2.0,1.0,17.0,B01
201300033313,0,7,0,0.0,1.0,1.0,15.0,A01
201300033314,0,7,0,1.0,0.0,1.0,20.0,A01
201300033315,0,33,0,0.0,2.0,1.0,17.0,A01
201300033315,0,7,0,0.0,2.0,2.0,15.0,B01
201300033316,0,7,0,0.0,2.0,4.0,23.0,A01
201300033316,0,7,0,0.0,2.0,1.0,2.0,B01
201300033317,1,7,0,0.0,1.0,0.0,0.0,Z01
201300033318,0,7,0,0.0,1.0,1.0,1.0,A01
201300033319,0,7,0,0.0,2.0,1.0,2.0,A01
201300033319,0,7,0,0.0,2.0,4.0,23.0,B01
201300033319,0,3,0,0.0,2.0,4.0,23.0,C01
201300033320,0,7,0,0.0,2.0,1.0,1.0,B01
201300033320,0,7,0,0.0,2.0,2.0,1.0,A01
201300033321,0,7,0,0.0,2.0,6.0,15.0,A01
201300033321,0,33,0,0.0,2.0,1.0,1.0,A02
201300033322,0,33,0,0.0,0.0,0.0,15.0,A01
201300033322,0,37,1,0.0,0.0,0.0,9.0,B01
201300033323,0,33,0,0.0,2.0,1.0,1.0,B01
201300033323,1,7,0,0.0,2.0,4.0,11.0,Z01
201300033324,0,7,0,0.0,2.0,8.0,1.0,A01
201300033324,0,34,0,0.0,2.0,1.0,1.0,B01
201300033325,0,7,0,0.0,2.0,3.0,1.0,A01
201300033325,0,7,0,0.0,2.0,8.0,15.0,B01
201300033326,0,7,0,0.0,2.0,1.0,15.0,A01
201300033326,0,1,0,0.0,2.0,1.0,19.0,A02
201300033327,0,7,0,0.0,1.0,1.0,1.0,A01
201300033328,0,7,0,0.0,2.0,3.0,1.0,A01
201300033328,0,7,0,0.0,2.0,2.0,1.0,B01
201300033329,0,7,0,0.0,2.0,1.0,9.0,A01
201300033329,0,1,0,0.0,2.0,1.0,0.0,B01
201300033330,0,7,0,0.0,2.0,3.0,13.0,A01
201300033330,0,7,0,2.0,2.0,3.0,1.0,B01
201300033331,0,7,0,0.0,1.0,1.0,9.0,A01
201300033332,0,7,0,0.0,2.0,2.0,16.0,A01
201300033332,0,1,0,0.0,2.0,1.0,1.0,B01
201300033333,0,1,0,0.0,2.0,1.0,9.0,B01
201300033333,0,1,0,0.0,2.0,1.0,1.0,A01
201300033334,1,7,0,0.0,1.0,4.0,4.0,A01
201300033335,0,7,0,0.0,1.0,3.0,15.0,A01
201300033336,0,7,0,0.0,2.0,3.0,22.0,A01
201300033336,0,2,0,1.0,0.0,1.0,1.0,B01
201300033337,0,7,0,0.0,2.0,1.0,1.0,B01
201300033337,0,7,0,0.0,2.0,3.0,15.0,A01
201300033338,0,7,0,0.0,1.0,2.0,1.0,A01
201300033339,0,7,0,0.0,1.0,3.0,9.0,A01
201300033340,0,7,0,0.0,2.0,1.0,9.0,A01
201300033340,0,33,0,0.0,2.0,1.0,1.0,B01
201300033341,0,7,0,0.0,1.0,1.0,12.0,A01
201300033342,0,2,0,0.0,2.0,7.0,1.0,A01
201300033342,0,7,0,0.0,2.0,1.0,1.0,B01
201300033343,1,14,0,0.0,2.0,2.0,16.0,A01
201300033343,0,1,0,5.0,2.0,1.0,1.0,B01
201300033344,0,7,0,0.0,2.0,1.0,9.0,A01
201300033344,0,1,0,0.0,2.0,1.0,1.0,B01
201300033345,0,7,0,0.0,1.0,1.0,6.0,A01
201300033346,1,7,0,0.0,1.0,4.0,4.0,Z01
201300033347,0,7,0,0.0,1.0,3.0,1.0,A01
201300033348,0,7,0,0.0,2.0,1.0,5.0,A01
201300033348,0,7,0,0.0,2.0,1.0,1.0,B01
201300033348,0,7,0,0.0,2.0,8.0,1.0,C01
201300033349,0,30,0,12.0,0.0,7.0,1.0,A01
201300033350,0,7,0,0.0,1.0,1.0,1.0,A01
201300033351,0,10,0,1.0,0.0,2.0,1.0,A01
201300033352,0,7,0,0.0,2.0,1.0,1.0,A01
201300033352,0,7,0,0.0,2.0,3.0,1.0,B01
201300033353,0,1,0,0.0,1.0,1.0,0.0,A01
201300033354,0,40,1,0.0,1.0,2.0,1.0,A01
201300033355,0,7,0,0.0,1.0,3.0,9.0,A01
201300033356,0,7,0,0.0,1.0,2.0,2.0,A01
201300033357,0,1,0,0.0,1.0,1.0,0.0,A01
201300033358,0,7,0,0.0,1.0,5.0,4.0,A01
201300033359,0,7,0,0.0,1.0,3.0,1.0,A01
201300033360,0,7,0,0.0,1.0,0.0,1.0,A01
201300033361,0,7,0,0.0,1.0,2.0,1.0,A01
201300033362,0,33,0,1.0,0.0,1.0,0.0,A01
201300033362,0,7,0,0.0,2.0,6.0,0.0,B01
201300033363,0,7,0,0.0,1.0,1.0,0.0,A01
201300033364,0,7,0,0.0,1.0,2.0,1.0,A01
201300033365,0,7,0,0.0,1.0,1.0,1.0,A01
201300033366,0,10,0,0.0,1.0,3.0,15.0,A01
201300033367,0,7,0,0.0,1.0,4.0,0.0,A01
201300033368,0,10,0,0.0,2.0,2.0,0.0,A01
201300033368,0,31,0,0.0,2.0,8.0,0.0,B01
201300033369,0,7,0,0.0,1.0,3.0,1.0,A01
201300033370,0,7,0,0.0,2.0,3.0,1.0,A01
201300033370,0,1,0,0.0,2.0,8.0,0.0,B01
201300033371,0,7,0,0.0,1.0,3.0,2.0,A01
201300033372,0,13,0,0.0,1.0,2.0,1.0,A01
201300033373,0,7,0,0.0,2.0,8.0,0.0,B01
201300033373,0,7,0,0.0,2.0,3.0,0.0,A01
201300033374,0,7,0,0.0,1.0,1.0,0.0,A01
201300033375,0,7,0,0.0,2.0,2.0,14.0,A01
201300033375,0,1,0,0.0,2.0,2.0,0.0,B01
201300033376,0,7,0,0.0,1.0,2.0,1.0,A01
201300033377,0,7,0,0.0,1.0,3.0,15.0,A01
201300033378,0,7,0,0.0,2.0,5.0,1.0,B01
201300033378,0,7,0,0.0,2.0,5.0,1.0,C01
201300033378,0,7,0,1.0,2.0,1.0,1.0,A01
201300033379,0,7,0,0.0,2.0,1.0,11.0,A01
201300033379,0,7,0,0.0,2.0,1.0,1.0,B01
201300033380,0,7,0,0.0,2.0,7.0,0.0,A01
201300033380,0,1,0,0.0,2.0,1.0,0.0,B01
201300033381,0,7,0,0.0,1.0,1.0,2.0,A01
201300033382,0,7,0,0.0,1.0,1.0,1.0,A01
201300033383,0,10,0,0.0,1.0,2.0,1.0,A01
201300033384,0,10,0,0.0,1.0,2.0,2.0,A01
201300033385,0,1,0,0.0,2.0,1.0,2.0,B01
201300033385,0,7,0,0.0,2.0,1.0,15.0,A01
201300033386,0,7,0,0.0,1.0,2.0,2.0,A01
201300033387,0,30,0,0.0,1.0,1.0,1.0,A01
201300033388,0,7,0,0.0,2.0,3.0,2.0,A01
201300033388,0,7,0,0.0,0.0,5.0,2.0,B01
201300033389,0,7,0,0.0,2.0,0.0,1.0,A01
201300033389,0,33,0,0.0,2.0,0.0,1.0,B01
201300033390,0,7,0,0.0,1.0,3.0,9.0,A01
201300033391,0,7,0,6.0,0.0,1.0,17.0,A01
201300033391,0,7,0,0.0,0.0,0.0,11.0,B01
201300033392,0,7,0,0.0,2.0,2.0,15.0,A01
201300033392,0,30,0,0.0,2.0,1.0,1.0,B01
201300033393,0,7,0,0.0,2.0,1.0,2.0,A01
201300033393,0,7,0,14.0,0.0,4.0,0.0,B01
201300033394,0,10,0,0.0,2.0,1.0,2.0,A01
201300033394,0,7,0,0.0,0.0,4.0,2.0,B01
201300033395,0,7,0,0.0,1.0,3.0,12.0,A01
201300033395,0,7,0,0.0,1.0,0.0,23.0,T01
201300033396,0,7,0,0.0,2.0,7.0,1.0,A01
201300033396,1,7,0,0.0,2.0,1.0,1.0,B01
201300033396,2,10,0,1.0,0.0,0.0,0.0,C01
201300033396,2,7,0,1.0,0.0,0.0,1.0,D01
201300033397,0,10,0,0.0,1.0,1.0,2.0,A01
201300033398,0,7,0,0.0,2.0,1.0,11.0,A01
201300033398,0,2,0,0.0,2.0,1.0,1.0,B01
201300033399,0,33,0,0.0,2.0,3.0,15.0,A01
201300033399,0,7,0,0.0,2.0,2.0,15.0,B01
201300033400,0,7,0,0.0,2.0,3.0,1.0,A01
201300033400,0,30,0,0.0,2.0,7.0,2.0,B01
201300033401,0,1,0,0.0,2.0,0.0,16.0,B01
201300033401,1,7,0,0.0,9.0,0.0,0.0,Y01
201300033402,0,7,0,0.0,2.0,2.0,0.0,A01
201300033402,0,1,0,0.0,2.0,7.0,0.0,B01
201300033403,0,7,0,0.0,1.0,2.0,2.0,A01
201300033404,0,7,0,0.0,2.0,2.0,10.0,A01
201300033404,0,7,0,1.0,0.0,3.0,21.0,B01
201300033405,0,7,0,0.0,1.0,1.0,1.0,A01
201300033406,0,7,0,0.0,1.0,1.0,1.0,A01
201300033407,0,7,0,5.0,0.0,3.0,0.0,A01
201300033407,0,7,0,1.0,2.0,4.0,21.0,B01
201300033407,0,7,0,1.0,2.0,1.0,14.0,C01
201300033408,0,2,0,0.0,2.0,2.0,19.0,A01
201300033408,0,7,0,0.0,2.0,3.0,1.0,B01
201300033409,0,30,0,0.0,2.0,8.0,2.0,A01
201300033409,0,10,0,0.0,2.0,7.0,15.0,B01
201300033410,0,7,0,0.0,1.0,2.0,2.0,A01
201300033411,0,7,0,0.0,9.0,1.0,0.0,A01
201300033411,0,1,0,0.0,2.0,7.0,0.0,B01
201300033412,0,7,0,0.0,1.0,1.0,19.0,A01
201300033413,0,7,0,0.0,1.0,3.0,15.0,A01
201300033414,0,7,0,0.0,1.0,1.0,0.0,A01
201300033415,0,7,0,0.0,1.0,1.0,1.0,A01
201300033416,0,7,0,0.0,1.0,1.0,1.0,A01
201300033417,0,1,0,0.0,2.0,7.0,1.0,B01
201300033417,0,7,0,0.0,9.0,1.0,9.0,A01
201300033418,0,7,0,0.0,2.0,2.0,21.0,B01
201300033418,0,7,0,1.0,2.0,3.0,21.0,C01
201300033418,0,7,0,0.0,2.0,6.0,9.0,A01
201300033419,1,14,0,0.0,2.0,7.0,1.0,A01
201300033419,0,2,0,0.0,2.0,8.0,1.0,B01
201300033420,1,1,0,0.0,2.0,1.0,1.0,A01
201300033420,1,7,0,0.0,2.0,2.0,16.0,Z01
201300033421,0,7,0,0.0,2.0,1.0,2.0,A01
201300033421,0,7,0,0.0,0.0,4.0,2.0,B01
201300033422,0,7,0,0.0,1.0,4.0,2.0,A01
201300033423,0,1,0,0.0,2.0,3.0,1.0,B01
201300033423,0,7,0,0.0,9.0,1.0,1.0,A01
201300033424,0,7,0,0.0,1.0,3.0,1.0,A01
201300033425,0,1,0,0.0,2.0,1.0,1.0,B01
201300033425,0,7,0,0.0,2.0,1.0,15.0,A01
201300033426,0,7,0,0.0,1.0,1.0,1.0,A01
201300033427,0,2,0,0.0,2.0,3.0,19.0,A01
201300033427,0,7,0,0.0,2.0,2.0,1.0,B01
201300033428,0,7,0,0.0,2.0,3.0,1.0,A01
201300033428,0,1,0,0.0,2.0,1.0,1.0,B01
201300033429,0,7,0,0.0,2.0,2.0,2.0,A01
201300033429,0,7,0,0.0,2.0,5.0,2.0,B01
201300033429,0,7,0,0.0,2.0,4.0,2.0,C01
201300033430,0,7,0,0.0,2.0,3.0,9.0,A01
201300033430,0,7,0,0.0,2.0,1.0,1.0,B01
201300033431,0,7,0,0.0,1.0,2.0,2.0,A01
201300033432,0,7,0,0.0,1.0,1.0,1.0,A01
201300033433,0,7,0,0.0,2.0,1.0,15.0,A01
201300033433,0,1,0,0.0,2.0,1.0,15.0,B01
201300033434,0,33,0,0.0,2.0,1.0,1.0,A01
201300033434,0,7,0,0.0,0.0,3.0,15.0,B01
201300033435,0,7,0,0.0,2.0,2.0,15.0,A01
201300033435,0,1,0,0.0,2.0,1.0,1.0,B01