Num_Acc,senc,catv,occutc,obs,obsm,choc,manv,num_veh
201300033436,0,7,0,0.0,1.0,7.0,21.0,A01
201300033437,0,7,0,0.0,1.0,1.0,2.0,A01
201300033438,0,7,0,0.0,2.0,7.0,15.0,A01
201300033438,0,30,0,0.0,2.0,1.0,1.0,B01
201300033439,0,7,0,0.0,0.0,4.0,1.0,A01
201300033439,0,7,0,0.0,2.0,1.0,2.0,B01
201300033439,0,7,0,1.0,0.0,4.0,2.0,C01
201300033439,0,7,0,0.0,2.0,1.0,2.0,D01
201300033440,0,17,0,1.0,0.0,2.0,2.0,A01
201300033440,0,10,0,0.0,0.0,6.0,0.0,B01
201300033441,0,7,0,0.0,1.0,3.0,2.0,A01
201300033442,0,7,0,0.0,2.0,7.0,15.0,A01
201300033442,0,33,0,0.0,2.0,1.0,2.0,B01
201300033443,0,7,0,0.0,1.0,2.0,1.0,A01
201300033444,0,7,0,0.0,1.0,1.0,1.0,A01
201300033445,0,7,0,0.0,2.0,1.0,1.0,B01
201300033445,0,7,0,0.0,2.0,2.0,1.0,A01
201300033446,0,7,0,7.0,2.0,0.0,1.0,A01
201300033446,0,7,0,0.0,2.0,4.0,23.0,B01
201300033447,0,7,0,0.0,1.0,3.0,16.0,A01
201300033448,0,10,0,0.0,1.0,2.0,1.0,A01
201300033449,0,1,0,0.0,2.0,1.0,1.0,B01
201300033449,0,7,0,0.0,2.0,8.0,9.0,A01
201300033450,1,7,0,0.0,1.0,0.0,1.0,Z01
201300033451,0,7,0,0.0,2.0,3.0,1.0,A01
201300033451,0,33,0,0.0,2.0,4.0,2.0,B01
201300033452,0,7,0,8.0,0.0,6.0,13.0,A01
201300033453,0,7,0,0.0,2.0,1.0,1.0,A01
201300033453,0,7,0,0.0,2.0,7.0,1.0,B01
201300033454,0,30,0,2.0,0.0,3.0,1.0,A01
201300033455,0,32,0,0.0,1.0,3.0,1.0,A01
201300033456,0,33,0,0.0,2.0,8.0,1.0,B01
201300033456,0,7,0,0.0,2.0,2.0,1.0,A01
201300033457,0,10,0,0.0,1.0,1.0,16.0,A01
201300033458,0,7,0,0.0,2.0,4.0,23.0,B01
201300033458,0,7,0,0.0,0.0,1.0,2.0,A01
201300033458,1,7,0,0.0,0.0,4.0,23.0,Z01
201300033459,0,7,0,0.0,2.0,2.0,15.0,B01
201300033459,0,7,0,0.0,2.0,8.0,15.0,A01
201300033460,0,7,0,0.0,2.0,1.0,1.0,A01
201300033460,0,33,0,0.0,2.0,8.0,1.0,B01
201300033461,0,7,0,0.0,1.0,1.0,1.0,A01
201300033462,0,7,0,0.0,2.0,8.0,1.0,A01
201300033462,0,7,0,0.0,2.0,1.0,1.0,B01
201300033463,2,7,0,0.0,2.0,3.0,15.0,B01
201300033463,0,7,0,0.0,2.0,3.0,1.0,C01
201300033463,0,33,0,0.0,2.0,1.0,1.0,A01
201300033464,0,7,0,0.0,2.0,7.0,15.0,A01
201300033464,0,32,0,0.0,2.0,8.0,15.0,B01
201300033465,0,7,0,0.0,2.0,4.0,2.0,C01
201300033465,0,7,0,0.0,2.0,4.0,2.0,B01
201300033465,0,7,0,0.0,2.0,1.0,1.0,A01
201300033466,0,7,0,0.0,1.0,2.0,15.0,A01
201300033467,0,7,0,1.0,0.0,4.0,20.0,A01
201300033468,2,7,0,0.0,2.0,0.0,12.0,Z01
201300033468,0,7,0,0.0,2.0,3.0,1.0,A01
201300033469,0,7,0,2.0,0.0,1.0,14.0,A01
201300033470,0,30,0,0.0,5.0,1.0,1.0,A01
201300033471,0,7,0,0.0,2.0,1.0,1.0,B01
201300033471,0,10,0,0.0,2.0,1.0,5.0,A01
201300033472,0,7,0,0.0,2.0,7.0,15.0,A01
201300033472,0,33,0,0.0,2.0,1.0,1.0,B01
201300033473,0,7,0,0.0,2.0,3.0,15.0,B01
201300033473,0,7,0,0.0,2.0,1.0,1.0,A01
201300033474,0,7,0,0.0,1.0,2.0,1.0,A01
201300033475,0,7,0,0.0,2.0,1.0,2.0,A01
201300033475,0,7,0,0.0,2.0,1.0,2.0,B01
201300033475,0,7,0,0.0,2.0,4.0,2.0,C01
201300033476,0,7,0,0.0,2.0,3.0,2.0,A01
201300033476,1,7,0,0.0,0.0,0.0,0.0,Z01
201300033477,0,7,0,0.0,2.0,3.0,15.0,A01
201300033477,0,7,0,0.0,2.0,2.0,1.0,B01
201300033478,0,7,0,0.0,2.0,2.0,1.0,A01
201300033478,0,7,0,0.0,2.0,1.0,1.0,B01
201300033479,0,7,0,0.0,2.0,5.0,15.0,A01
201300033479,0,33,0,0.0,2.0,1.0,1.0,B01
201300033479,0,7,0,0.0,2.0,2.0,1.0,C01
201300033480,0,7,0,12.0,0.0,1.0,1.0,A01
201300033480,0,7,0,10.0,0.0,2.0,1.0,B01
201300033481,0,10,0,0.0,1.0,5.0,4.0,A01
201300033482,0,7,0,2.0,0.0,1.0,1.0,A01
201300033482,1,7,0,0.0,2.0,0.0,0.0,B01
201300033483,0,7,0,0.0,2.0,3.0,9.0,A01
201300033483,0,1,0,0.0,2.0,5.0,1.0,B01
201300033484,0,7,0,0.0,2.0,1.0,2.0,A01
201300033484,0,7,0,0.0,2.0,1.0,2.0,B01
201300033484,0,7,0,0.0,2.0,1.0,2.0,C01
201300033484,0,7,0,0.0,2.0,4.0,2.0,D01
201300033485,0,7,0,0.0,1.0,3.0,1.0,A01
201300033486,0,7,0,8.0,0.0,7.0,1.0,A01
201300033487,0,10,0,0.0,1.0,2.0,1.0,A01
201300033488,0,10,0,0.0,2.0,4.0,23.0,C01
201300033488,0,7,0,0.0,2.0,1.0,2.0,A01
201300033488,0,7,0,0.0,2.0,4.0,23.0,B01
201300033489,0,7,0,0.0,1.0,2.0,15.0,A01
201300033490,0,2,0,0.0,2.0,1.0,2.0,A01
201300033490,0,10,0,0.0,2.0,4.0,2.0,B01
201300033491,0,1,0,0.0,2.0,7.0,1.0,B01
201300033491,0,7,0,0.0,2.0,1.0,9.0,A01
201300033492,0,7,0,0.0,2.0,4.0,2.0,B01
201300033492,0,7,0,0.0,2.0,1.0,2.0,A01
201300033493,0,10,0,0.0,2.0,4.0,2.0,B01
201300033493,0,7,0,0.0,2.0,4.0,15.0,C01
201300033493,0,7,0,0.0,2.0,1.0,1.0,A01
201300033494,0,1,0,0.0,2.0,7.0,1.0,B01
201300033494,0,7,0,0.0,2.0,3.0,9.0,A01
201300033495,0,1,0,0.0,1.0,0.0,0.0,A01
201300033496,0,7,0,0.0,2.0,2.0,10.0,A01
201300033496,0,31,0,1.0,2.0,3.0,1.0,B01
201300033497,0,33,0,0.0,2.0,7.0,3.0,A01
201300033497,0,7,0,0.0,2.0,1.0,9.0,B01
201300033498,0,33,0,12.0,0.0,1.0,1.0,A01
201300033498,0,33,0,12.0,0.0,4.0,1.0,B01
201300033499,0,7,0,0.0,2.0,2.0,1.0,A01
201300033499,0,33,0,0.0,2.0,3.0,9.0,B01
201300033500,0,7,0,0.0,2.0,8.0,1.0,A01
201300033500,0,2,0,0.0,2.0,1.0,1.0,B01
201300033501,0,7,0,0.0,1.0,7.0,1.0,A01
201300033502,0,7,0,0.0,2.0,1.0,1.0,A01
201300033502,0,10,0,0.0,2.0,4.0,1.0,B01
201300033502,0,7,0,0.0,2.0,4.0,1.0,C01
201300033503,0,37,1,0.0,2.0,4.0,23.0,A01
201300033503,0,7,0,14.0,2.0,4.0,2.0,B01
201300033503,1,7,0,0.0,2.0,1.0,2.0,Z01
201300033504,0,2,0,14.0,0.0,1.0,13.0,A01
201300033505,0,33,0,0.0,2.0,1.0,2.0,A01
201300033505,0,7,0,0.0,2.0,3.0,15.0,B01
201300033506,0,7,0,8.0,0.0,1.0,15.0,A01
201300033507,0,32,0,0.0,2.0,2.0,8.0,A01
201300033507,0,7,0,0.0,2.0,7.0,15.0,B01
201300033508,0,7,0,0.0,2.0,1.0,1.0,B01
201300033508,0,1,0,0.0,2.0,1.0,5.0,A01
201300033509,0,7,0,12.0,0.0,2.0,1.0,A01
201300033510,0,7,0,0.0,2.0,1.0,2.0,A01
201300033510,0,10,0,0.0,0.0,4.0,2.0,B01
201300033511,0,7,0,6.0,0.0,9.0,15.0,A01
201300033512,0,7,0,0.0,0.0,9.0,1.0,A01
201300033513,0,7,0,0.0,2.0,3.0,1.0,B01
201300033513,0,7,0,0.0,2.0,2.0,9.0,A01
201300033514,0,7,0,1.0,0.0,8.0,2.0,A01
201300033515,0,7,0,0.0,2.0,1.0,2.0,A01
201300033515,0,7,0,0.0,2.0,4.0,2.0,B01
201300033516,0,33,0,14.0,0.0,8.0,1.0,A01
201300033517,0,7,0,0.0,1.0,1.0,2.0,A01
201300033518,0,7,0,4.0,0.0,2.0,1.0,A01
201300033519,0,7,0,1.0,0.0,3.0,0.0,A01
201300033520,0,30,0,0.0,2.0,4.0,1.0,B01
201300033520,1,7,0,0.0,2.0,0.0,0.0,Z01
201300033521,0,7,0,3.0,0.0,3.0,1.0,A01
201300033522,0,7,0,0.0,2.0,1.0,2.0,A01
201300033522,0,7,0,0.0,2.0,4.0,23.0,B01
201300033523,0,7,0,0.0,2.0,2.0,16.0,B01
201300033523,0,30,0,0.0,2.0,0.0,0.0,A01
201300033524,0,33,0,0.0,2.0,1.0,1.0,B01
201300033524,0,7,0,0.0,2.0,3.0,15.0,A01
201300033525,0,7,0,0.0,1.0,2.0,1.0,A01
201300033526,0,1,0,0.0,2.0,8.0,9.0,B01
201300033526,0,7,0,0.0,2.0,7.0,1.0,A01
201300033527,0,7,0,0.0,1.0,1.0,0.0,A01
201300033528,0,7,0,0.0,2.0,2.0,1.0,A01
201300033528,0,33,0,0.0,2.0,4.0,1.0,B01
201300033529,0,31,0,0.0,2.0,1.0,17.0,A01
201300033529,0,7,0,0.0,2.0,8.0,15.0,B01
201300033530,0,7,0,0.0,2.0,2.0,15.0,A01
201300033530,0,1,0,0.0,2.0,1.0,1.0,B01
201300033531,0,7,0,0.0,1.0,1.0,1.0,A01
201300033532,0,7,0,0.0,2.0,4.0,2.0,B01
201300033532,0,7,0,0.0,2.0,4.0,2.0,C01
201300033532,0,7,0,0.0,2.0,1.0,2.0,A01
201300033533,0,7,0,0.0,2.0,4.0,1.0,B01
201300033533,0,7,0,0.0,2.0,1.0,2.0,A01
201300033534,0,7,0,7.0,0.0,1.0,1.0,A01
201300033535,0,10,0,0.0,2.0,4.0,0.0,A01
201300033535,0,7,0,0.0,2.0,4.0,23.0,B01
201300033536,0,7,0,0.0,2.0,4.0,2.0,B01
201300033536,0,10,0,0.0,2.0,1.0,2.0,A01
201300033537,0,7,0,0.0,0.0,9.0,1.0,A01
201300033538,0,33,0,0.0,2.0,8.0,1.0,B01
201300033538,0,1,0,0.0,2.0,7.0,12.0,A01
201300033539,0,7,0,0.0,2.0,6.0,15.0,A01
201300033539,0,32,0,0.0,2.0,7.0,12.0,B01
201300033540,0,7,0,11.0,1.0,2.0,15.0,A01
201300033541,0,17,0,0.0,2.0,1.0,1.0,B01
201300033541,0,15,0,0.0,2.0,1.0,1.0,A01
201300033542,0,7,0,0.0,2.0,4.0,2.0,B01
201300033542,0,7,0,0.0,2.0,3.0,2.0,A01
201300033543,0,7,0,0.0,1.0,7.0,1.0,A01
201300033544,0,7,0,0.0,1.0,1.0,1.0,A01
201300033545,0,7,0,0.0,1.0,1.0,1.0,A01
201300033546,0,7,0,0.0,1.0,4.0,4.0,A01
201300033547,0,7,0,0.0,2.0,1.0,1.0,A01
201300033547,0,1,0,0.0,2.0,0.0,21.0,B01
201300033548,0,7,0,0.0,2.0,3.0,1.0,A01
201300033548,0,7,0,0.0,2.0,3.0,2.0,C01
201300033548,0,7,0,0.0,2.0,3.0,15.0,B01
201300033549,0,7,0,0.0,1.0,8.0,1.0,A01
201300033550,0,7,0,0.0,2.0,7.0,1.0,B01
201300033550,0,33,0,0.0,2.0,1.0,16.0,A01
201300033551,0,7,0,0.0,1.0,2.0,0.0,A01
201300033552,0,7,0,0.0,2.0,3.0,1.0,A01
201300033552,0,7,0,0.0,2.0,3.0,1.0,B01
201300033553,0,7,0,0.0,2.0,8.0,11.0,B01
201300033553,0,13,0,0.0,2.0,1.0,1.0,A01
201300033554,0,99,0,0.0,2.0,2.0,1.0,A01
201300033554,0,7,0,0.0,2.0,1.0,1.0,B01
201300033555,0,33,0,0.0,2.0,8.0,1.0,B01
201300033555,0,7,0,0.0,2.0,8.0,9.0,A01
201300033556,0,7,0,0.0,2.0,8.0,0.0,B01
201300033556,1,7,0,0.0,2.0,3.0,0.0,A01
201300033557,0,7,0,6.0,0.0,1.0,1.0,A01
201300033558,1,7,0,0.0,1.0,0.0,0.0,A01
201300033559,0,7,0,0.0,2.0,3.0,20.0,A01
201300033559,0,1,0,0.0,0.0,0.0,0.0,B01
201300033560,0,2,0,0.0,0.0,0.0,1.0,A01
201300033561,0,7,0,0.0,2.0,1.0,2.0,A01
201300033561,0,10,0,0.0,2.0,4.0,2.0,B01
201300033562,0,1,0,8.0,0.0,7.0,0.0,B01
201300033562,0,7,0,0.0,0.0,1.0,0.0,A01
201300033563,0,7,0,1.0,0.0,4.0,4.0,A01
201300033563,0,1,0,1.0,2.0,1.0,21.0,B01
201300033564,0,7,0,0.0,2.0,7.0,1.0,B01
201300033564,0,7,0,0.0,0.0,1.0,21.0,A01
201300033565,1,7,0,0.0,0.0,1.0,16.0,Z01
201300033565,0,7,0,0.0,0.0,5.0,1.0,A01
201300033566,0,7,0,0.0,2.0,9.0,2.0,B01
201300033566,0,7,0,0.0,2.0,1.0,1.0,A01
201300033567,0,7,0,0.0,0.0,1.0,1.0,A01
201300033568,0,7,0,0.0,0.0,1.0,1.0,A01
201300033569,0,7,0,0.0,0.0,9.0,1.0,A01
201300033570,0,7,0,3.0,0.0,1.0,1.0,A01
201300033571,0,33,0,0.0,0.0,1.0,1.0,B01
201300033571,0,7,0,0.0,0.0,2.0,15.0,A01
201300033572,0,21,0,0.0,9.0,0.0,14.0,B01
201300033572,0,1,0,0.0,2.0,0.0,1.0,A01
201300033573,0,7,0,0.0,2.0,2.0,15.0,A01
201300033573,0,7,0,0.0,2.0,1.0,1.0,B01
201300033574,0,30,0,15.0,0.0,1.0,5.0,A01
201300033575,0,7,0,0.0,0.0,2.0,2.0,A01
201300033576,0,7,0,0.0,0.0,0.0,2.0,B01
201300033576,0,1,0,0.0,2.0,1.0,2.0,A01
201300033577,0,7,0,7.0,0.0,1.0,1.0,A01
201300033578,0,32,0,0.0,5.0,1.0,1.0,B01
201300033578,0,7,0,0.0,5.0,5.0,1.0,A01
201300033579,0,7,0,12.0,0.0,2.0,14.0,A01
201300033579,0,7,0,0.0,2.0,1.0,1.0,B01
201300033580,0,33,0,0.0,2.0,1.0,3.0,A01
201300033580,0,7,0,0.0,2.0,3.0,9.0,B01
201300033581,0,33,0,7.0,0.0,0.0,0.0,A01
201300033582,0,7,0,1.0,1.0,3.0,2.0,A01
201300033583,0,7,0,0.0,0.0,5.0,16.0,A01
201300033583,0,1,0,0.0,0.0,2.0,1.0,B01
201300033584,0,14,0,12.0,0.0,7.0,15.0,A01
201300033585,0,7,0,8.0,0.0,1.0,0.0,A01
201300033586,0,7,0,0.0,2.0,3.0,0.0,B01
201300033586,0,30,0,0.0,2.0,1.0,1.0,A01
201300033587,0,7,0,1.0,0.0,3.0,15.0,A01
201300033588,0,7,0,9.0,2.0,1.0,1.0,B01
201300033588,0,7,0,9.0,2.0,5.0,23.0,A01
201300033589,0,7,0,0.0,1.0,1.0,1.0,A01
201300033590,0,7,0,0.0,2.0,2.0,19.0,A01
201300033590,0,7,0,0.0,2.0,2.0,21.0,B01
201300033591,0,2,0,0.0,2.0,0.0,2.0,B01
201300033591,0,7,0,0.0,2.0,3.0,15.0,A01
201300033592,0,2,0,0.0,1.0,1.0,1.0,A01
201300033593,0,7,0,0.0,2.0,3.0,15.0,A01
201300033593,0,1,0,0.0,2.0,1.0,1.0,B01
201300033594,0,7,0,0.0,1.0,8.0,15.0,A01
201300033595,0,7,0,0.0,1.0,3.0,16.0,A01
201300033596,0,7,0,1.0,0.0,1.0,1.0,A01
201300033597,0,31,0,0.0,2.0,1.0,1.0,B01
201300033597,1,7,0,0.0,2.0,1.0,15.0,Z01
201300033598,0,33,0,0.0,2.0,1.0,1.0,B01
201300033598,0,7,0,0.0,2.0,2.0,15.0,A01
201300033599,0,7,0,0.0,1.0,4.0,20.0,A01
201300033600,0,33,0,0.0,2.0,3.0,18.0,B01
201300033600,0,7,0,0.0,2.0,2.0,16.0,A01
201300033601,0,7,0,0.0,0.0,0.0,14.0,A01
201300033601,0,33,0,14.0,0.0,7.0,21.0,B01
201300033602,0,7,0,0.0,2.0,2.0,2.0,A01
201300033602,0,7,0,0.0,2.0,6.0,23.0,B01
201300033603,0,1,0,0.0,2.0,1.0,2.0,A01
201300033603,0,7,0,0.0,2.0,4.0,23.0,B01
201300033604,0,10,0,0.0,2.0,1.0,1.0,B01
201300033604,0,7,0,0.0,2.0,1.0,0.0,A01
201300033605,0,7,0,0.0,2.0,4.0,23.0,B01
201300033605,0,30,0,0.0,2.0,1.0,2.0,A01
201300033606,0,99,0,0.0,2.0,1.0,2.0,A01
201300033606,0,7,0,0.0,2.0,4.0,23.0,B01
201300033607,0,7,0,0.0,2.0,2.0,17.0,B01
201300033607,0,7,0,0.0,2.0,8.0,13.0,A01
201300033608,0,7,0,0.0,2.0,3.0,1.0,B01
201300033608,0,7,0,0.0,2.0,1.0,13.0,A01
201300033609,0,7,0,0.0,1.0,2.0,1.0,A01
201300033610,0,7,0,4.0,2.0,2.0,13.0,A01
201300033610,0,10,0,0.0,2.0,7.0,1.0,B01
201300033611,0,7,0,0.0,2.0,3.0,15.0,A01
201300033611,0,30,0,8.0,2.0,1.0,1.0,B01
201300033612,0,30,0,0.0,2.0,1.0,1.0,B01
201300033612,0,7,0,0.0,2.0,0.0,0.0,A01
201300033613,0,7,0,0.0,2.0,1.0,1.0,A01
201300033613,0,7,0,0.0,1.0,4.0,1.0,B01
201300033614,0,30,0,0.0,2.0,4.0,1.0,B01
201300033614,0,7,0,0.0,2.0,2.0,1.0,A01
201300033615,0,33,0,0.0,0.0,0.0,1.0,B01
201300033615,0,7,0,0.0,0.0,0.0,5.0,A01
201300033616,0,1,0,0.0,0.0,4.0,2.0,B01
201300033616,0,7,0,0.0,2.0,3.0,2.0,A01
201300033617,0,7,0,0.0,1.0,1.0,1.0,A01
201300033618,0,7,0,0.0,2.0,2.0,1.0,B01
201300033618,0,7,0,0.0,2.0,1.0,1.0,A01
201300033619,0,37,1,0.0,1.0,3.0,15.0,A01
201300033620,0,7,0,0.0,0.0,4.0,23.0,C01
201300033620,0,7,0,0.0,2.0,4.0,23.0,B01
201300033620,1,7,0,0.0,2.0,1.0,2.0,Z01
201300033621,0,7,0,8.0,0.0,1.0,1.0,A01
201300033622,0,7,0,0.0,1.0,1.0,1.0,A01
201300033623,0,7,0,0.0,1.0,5.0,17.0,A01
201300033624,1,2,0,0.0,0.0,0.0,2.0,A01
201300033624,0,2,0,0.0,2.0,8.0,2.0,B01
201300033625,0,7,0,0.0,2.0,1.0,17.0,A01
201300033625,0,37,1,0.0,2.0,8.0,1.0,B01
201300033626,0,7,0,0.0,2.0,3.0,15.0,B01
201300033626,0,31,0,0.0,2.0,7.0,2.0,A01
201300033627,0,7,0,14.0,0.0,4.0,2.0,B01
201300033627,0,7,0,0.0,2.0,1.0,2.0,A01
201300033628,0,7,0,2.0,0.0,1.0,13.0,A01
201300033629,0,7,0,0.0,1.0,1.0,1.0,A01
201300033630,0,7,0,9.0,0.0,1.0,1.0,A01
201300033631,0,7,0,3.0,2.0,1.0,1.0,A01
201300033631,0,7,0,12.0,2.0,1.0,1.0,B01
201300033631,0,7,0,12.0,2.0,1.0,1.0,C01
201300033632,0,7,0,0.0,9.0,1.0,7.0,B01
201300033632,0,1,0,0.0,2.0,1.0,16.0,A01
201300033633,0,7,0,0.0,1.0,2.0,1.0,A01
201300033634,0,10,0,1.0,0.0,1.0,1.0,A01
201300033635,0,7,0,0.0,1.0,2.0,1.0,A01
201300033636,0,31,0,0.0,2.0,7.0,1.0,B01
201300033636,0,7,0,0.0,2.0,7.0,15.0,A01
201300033637,0,30,0,0.0,1.0,1.0,1.0,A01
201300033638,0,7,0,0.0,1.0,2.0,1.0,A01
201300033639,0,10,0,0.0,2.0,2.0,1.0,A01
201300033639,0,1,0,0.0,2.0,3.0,19.0,B01
201300033640,0,7,0,0.0,1.0,7.0,1.0,A01
201300033641,0,14,0,0.0,2.0,7.0,16.0,A01
201300033641,0,1,0,0.0,2.0,8.0,1.0,B01
201300033642,0,7,0,0.0,2.0,3.0,15.0,A01
201300033642,0,31,0,0.0,2.0,7.0,17.0,B01
201300033643,0,32,0,0.0,1.0,2.0,17.0,A01
201300033644,0,7,0,0.0,2.0,3.0,1.0,B01
201300033644,0,7,0,6.0,2.0,1.0,15.0,A01
201300033645,0,10,0,0.0,2.0,5.0,13.0,B01
201300033645,0,37,1,0.0,2.0,1.0,13.0,A01
201300033646,0,7,0,0.0,1.0,3.0,16.0,A01
201300033647,0,10,0,0.0,2.0,1.0,1.0,A01
201300033647,0,7,0,0.0,2.0,4.0,1.0,B01
201300033648,0,7,0,0.0,2.0,8.0,9.0,A01
201300033648,0,7,0,0.0,2.0,2.0,1.0,B01
201300033649,0,7,0,0.0,2.0,4.0,23.0,B01
201300033649,0,1,0,0.0,2.0,1.0,1.0,A01
201300033650,0,7,0,0.0,1.0,1.0,1.0,A01
201300033651,0,7,0,8.0,0.0,1.0,1.0,A01
201300033652,0,7,0,15.0,0.0,7.0,1.0,A01
201300033653,0,7,0,0.0,2.0,1.0,9.0,B01
201300033653,0,33,0,1.0,2.0,2.0,3.0,A01
201300033654,0,7,0,0.0,2.0,3.0,1.0,B01
201300033654,0,7,0,0.0,2.0,2.0,15.0,A01
201300033655,0,2,0,0.0,2.0,1.0,1.0,B01
201300033655,0,7,0,0.0,2.0,1.0,15.0,A01
201300033656,0,7,0,0.0,2.0,7.0,16.0,A01
201300033656,0,2,0,0.0,2.0,8.0,0.0,B01
201300033657,0,32,0,0.0,2.0,0.0,1.0,B01
201300033657,0,7,0,0.0,2.0,3.0,16.0,A01
201300033658,0,7,0,0.0,2.0,1.0,2.0,A01
201300033658,0,7,0,0.0,0.0,4.0,1.0,B01
201300033659,0,7,0,0.0,1.0,3.0,2.0,A01
201300033660,0,7,0,0.0,1.0,6.0,15.0,A01
201300033661,0,14,0,0.0,2.0,2.0,2.0,A01
201300033661,0,7,0,0.0,0.0,4.0,2.0,B01
201300033662,0,7,0,0.0,1.0,0.0,1.0,A01
201300033663,0,33,0,12.0,2.0,0.0,17.0,A01
201300033663,0,7,0,12.0,2.0,0.0,15.0,B01
201300033664,0,7,0,0.0,1.0,1.0,1.0,A01
201300033665,0,7,0,0.0,1.0,2.0,0.0,A01
201300033666,0,7,0,0.0,2.0,4.0,1.0,A01
201300033666,0,7,0,0.0,2.0,1.0,2.0,B01
201300033666,0,7,0,0.0,2.0,1.0,2.0,C01
201300033667,0,7,0,0.0,1.0,1.0,15.0,A01
201300033668,0,7,0,0.0,1.0,1.0,1.0,A01
201300033669,0,7,0,1.0,2.0,1.0,13.0,A01
201300033669,0,7,0,0.0,2.0,3.0,24.0,B01
201300033670,0,7,0,0.0,1.0,2.0,1.0,A01
201300033671,0,7,0,0.0,2.0,3.0,1.0,B01
201300033671,0,7,0,0.0,2.0,1.0,15.0,A01
201300033672,0,7,0,1.0,0.0,2.0,14.0,A01
201300033673,0,40,25,0.0,2.0,2.0,1.0,B01
201300033673,0,7,0,0.0,4.0,1.0,1.0,A01
201300033674,0,7,0,0.0,2.0,2.0,1.0,B01
201300033674,0,1,0,0.0,2.0,2.0,16.0,A01
201300033675,0,10,0,0.0,2.0,6.0,4.0,C01
201300033675,0,7,0,0.0,2.0,8.0,1.0,B01
201300033675,0,7,0,0.0,2.0,3.0,13.0,A01
201300033676,1,7,0,0.0,2.0,0.0,9.0,Z01
201300033676,0,31,0,0.0,2.0,7.0,1.0,A01
201300033677,0,32,0,0.0,1.0,3.0,1.0,A01
201300033678,0,7,0,0.0,2.0,1.0,15.0,A01
201300033678,0,32,0,0.0,2.0,1.0,1.0,B01
201300033679,0,7,0,0.0,2.0,2.0,1.0,B01
201300033679,0,7,0,0.0,2.0,3.0,16.0,A01
201300033680,0,7,0,0.0,2.0,1.0,1.0,B01
201300033680,0,3,0,0.0,2.0,1.0,5.0,A01
201300033680,0,7,0,0.0,2.0,3.0,23.0,C01
201300033681,0,7,0,0.0,2.0,1.0,1.0,B01
201300033681,0,1,0,0.0,2.0,0.0,1.0,A01
201300033682,0,7,0,0.0,1.0,2.0,1.0,A01
201300033683,0,10,0,0.0,2.0,7.0,1.0,B01
201300033683,0,2,0,0.0,2.0,1.0,1.0,A01
201300033684,0,1,0,0.0,2.0,0.0,1.0,A01
201300033684,0,30,0,0.0,2.0,1.0,1.0,Z01
201300033685,0,30,0,0.0,2.0,1.0,5.0,A01
201300033685,0,7,0,0.0,2.0,8.0,15.0,B01
201300033686,0,30,0,0.0,2.0,7.0,1.0,A01
201300033686,0,10,0,0.0,2.0,1.0,1.0,B01
201300033687,0,7,0,0.0,2.0,7.0,15.0,B01
201300033687,0,33,0,0.0,2.0,1.0,1.0,A01
201300033688,2,7,0,0.0,2.0,1.0,15.0,Z01
201300033688,0,33,0,0.0,2.0,2.0,17.0,A01
201300033689,0,7,0,0.0,2.0,4.0,23.0,B01
201300033689,0,7,0,0.0,2.0,1.0,1.0,A01
201300033690,0,7,0,0.0,2.0,3.0,0.0,B01
201300033690,0,7,0,0.0,2.0,1.0,0.0,A01
201300033691,0,7,0,0.0,2.0,3.0,1.0,B01
201300033691,0,7,0,0.0,2.0,1.0,15.0,A01
201300033692,0,7,0,0.0,0.0,1.0,0.0,A01
201300033693,0,7,0,15.0,0.0,9.0,1.0,A01
201300033694,2,10,0,0.0,1.0,1.0,1.0,A01
201300033695,0,7,0,0.0,2.0,3.0,10.0,A01
201300033695,0,34,0,0.0,2.0,1.0,1.0,B01
201300033696,0,7,0,0.0,1.0,1.0,1.0,B01
201300033696,0,7,0,0.0,1.0,2.0,17.0,A01
201300033697,0,7,0,0.0,2.0,3.0,1.0,B01
201300033697,0,10,0,0.0,2.0,3.0,15.0,A01
201300033698,0,31,0,6.0,0.0,1.0,1.0,B01
201300033698,0,7,0,6.0,0.0,2.0,15.0,A01
201300033699,0,7,0,0.0,2.0,3.0,13.0,A01
201300033699,0,7,0,0.0,0.0,3.0,1.0,B01
201300033700,0,7,0,0.0,2.0,3.0,1.0,A01
201300033700,0,7,0,1.0,2.0,1.0,15.0,B01
201300033700,0,7,0,12.0,0.0,3.0,1.0,C01
201300033701,0,32,0,0.0,2.0,1.0,1.0,B01
201300033701,0,7,0,0.0,2.0,7.0,15.0,A01
201300033702,0,7,0,0.0,1.0,7.0,1.0,A01
201300033703,0,7,0,8.0,2.0,2.0,15.0,A01
201300033703,0,7,0,0.0,2.0,1.0,2.0,B01
201300033704,0,7,0,0.0,1.0,1.0,1.0,A01
201300033705,0,7,0,0.0,1.0,3.0,1.0,A01
201300033706,0,32,0,0.0,2.0,1.0,21.0,B01
201300033706,0,7,0,0.0,2.0,3.0,19.0,A01
201300033707,0,37,25,0.0,2.0,1.0,15.0,A01
201300033707,0,7,0,0.0,2.0,8.0,1.0,B01
201300033708,0,7,0,0.0,2.0,1.0,1.0,A01
201300033708,0,7,0,8.0,2.0,4.0,13.0,B01
201300033709,0,31,0,0.0,2.0,3.0,2.0,B01
201300033709,1,99,0,0.0,0.0,1.0,19.0,A01
201300033710,0,7,0,0.0,2.0,3.0,0.0,A01
201300033710,0,7,0,0.0,2.0,3.0,1.0,B01