Num_Acc,senc,catv,occutc,obs,obsm,choc,manv,num_veh
201300033711,0,7,0,0.0,1.0,2.0,1.0,A01
201300033712,0,7,0,9.0,2.0,6.0,15.0,A01
201300033712,0,7,0,0.0,2.0,1.0,1.0,B01
201300033713,0,7,0,0.0,2.0,7.0,1.0,B01
201300033713,0,7,0,0.0,2.0,1.0,19.0,A01
201300033714,0,7,0,0.0,2.0,3.0,1.0,B01
201300033714,0,7,0,0.0,2.0,3.0,0.0,A01
201300033715,0,7,0,0.0,1.0,3.0,1.0,A01
201300033716,0,7,0,0.0,2.0,7.0,15.0,A01
201300033716,0,7,0,0.0,2.0,1.0,1.0,B01
201300033717,1,7,0,0.0,2.0,2.0,1.0,B01
201300033717,0,7,0,0.0,2.0,3.0,1.0,A01
201300033718,0,7,0,0.0,2.0,1.0,1.0,A01
201300033718,0,7,0,0.0,2.0,2.0,1.0,B01
201300033719,0,33,0,11.0,0.0,1.0,1.0,A01
201300033720,0,7,0,0.0,2.0,1.0,2.0,A01
201300033720,0,15,0,0.0,2.0,4.0,4.0,B01
201300033721,0,7,0,0.0,2.0,1.0,5.0,A01
201300033721,0,7,0,0.0,2.0,1.0,16.0,B01
201300033722,0,10,0,8.0,0.0,2.0,1.0,A01
201300033723,0,7,0,1.0,2.0,1.0,1.0,B01
201300033723,2,7,0,0.0,2.0,7.0,19.0,A01
201300033724,0,7,0,6.0,0.0,1.0,0.0,A01
201300033725,0,7,0,0.0,1.0,8.0,1.0,A01
201300033726,0,7,0,0.0,2.0,3.0,1.0,B01
201300033726,0,7,0,0.0,2.0,2.0,1.0,A01
201300033727,0,7,0,0.0,9.0,1.0,1.0,A01
201300033728,0,7,0,0.0,2.0,2.0,2.0,A01
201300033728,0,10,0,0.0,2.0,3.0,15.0,B01
201300033729,0,7,0,0.0,1.0,2.0,1.0,A01
201300033730,0,7,0,0.0,1.0,6.0,4.0,A01
201300033731,0,7,0,0.0,1.0,1.0,0.0,A01
201300033732,0,32,0,0.0,2.0,1.0,1.0,B01
201300033732,0,7,0,0.0,2.0,5.0,16.0,A01
201300033733,0,31,0,0.0,2.0,1.0,1.0,A01
201300033733,0,7,0,0.0,2.0,5.0,1.0,B01
201300033734,0,30,0,0.0,2.0,1.0,1.0,A01
201300033734,0,7,0,0.0,2.0,3.0,15.0,B01
201300033735,0,7,0,0.0,1.0,2.0,1.0,A01
201300033736,0,1,0,0.0,2.0,4.0,1.0,B01
201300033736,0,7,0,0.0,2.0,2.0,16.0,A01
201300033737,0,7,0,0.0,1.0,2.0,1.0,A01
201300033738,0,7,0,0.0,0.0,1.0,2.0,A01
201300033738,0,7,0,0.0,0.0,1.0,1.0,B01
201300033738,0,7,0,0.0,0.0,0.0,1.0,C01
201300033739,0,30,0,0.0,1.0,3.0,19.0,A01
201300033739,0,7,0,0.0,2.0,3.0,1.0,B01
201300033740,0,33,0,15.0,0.0,8.0,11.0,A01
201300033741,0,10,0,0.0,2.0,1.0,2.0,A01
201300033741,0,10,0,0.0,2.0,4.0,2.0,B01
201300033742,0,7,0,0.0,2.0,1.0,2.0,A01
201300033742,0,7,0,0.0,2.0,4.0,1.0,B01
201300033742,0,7,0,0.0,2.0,4.0,23.0,C01
201300033743,0,7,0,0.0,2.0,1.0,1.0,A01
201300033743,0,7,0,0.0,2.0,4.0,23.0,B01
201300033744,0,7,0,8.0,0.0,1.0,1.0,A01
201300033745,0,7,0,0.0,2.0,1.0,2.0,A01
201300033745,0,7,0,0.0,2.0,4.0,1.0,B01
201300033746,0,33,0,0.0,2.0,8.0,1.0,B01
201300033746,0,7,0,0.0,2.0,1.0,15.0,A01
201300033747,0,31,0,0.0,2.0,1.0,1.0,B01
201300033747,0,10,0,0.0,2.0,1.0,5.0,A01
201300033748,1,99,0,0.0,1.0,2.0,2.0,Z01
201300033749,0,7,0,0.0,2.0,2.0,1.0,A01
201300033749,0,7,0,0.0,2.0,3.0,15.0,B01
201300033750,0,7,0,0.0,2.0,2.0,1.0,A01
201300033750,0,7,0,0.0,2.0,3.0,1.0,B01
201300033751,1,30,0,0.0,1.0,1.0,1.0,Z01
201300033752,0,7,0,0.0,1.0,2.0,1.0,A01
201300033753,0,33,0,0.0,2.0,3.0,2.0,B01
201300033753,0,7,0,0.0,2.0,2.0,15.0,A01
201300033754,0,7,0,0.0,2.0,7.0,21.0,B01
201300033754,0,7,0,0.0,2.0,1.0,13.0,A01
201300033755,0,7,0,0.0,2.0,2.0,16.0,A01
201300033755,0,33,0,0.0,2.0,3.0,1.0,B01
201300033756,0,1,0,0.0,2.0,1.0,1.0,C01
201300033756,0,1,0,0.0,2.0,1.0,1.0,B01
201300033756,1,99,0,0.0,2.0,7.0,16.0,Z01
201300033757,0,7,0,0.0,2.0,1.0,15.0,A01
201300033757,0,7,0,0.0,2.0,6.0,1.0,B01
201300033758,0,1,0,0.0,2.0,4.0,1.0,B01
201300033758,1,7,0,0.0,2.0,1.0,1.0,Z01
201300033759,0,7,0,0.0,1.0,1.0,2.0,A01
201300033760,0,7,0,0.0,2.0,6.0,1.0,A01
201300033760,0,1,0,0.0,2.0,1.0,1.0,B01
201300033761,0,7,0,0.0,2.0,8.0,15.0,B01
201300033761,0,7,0,0.0,2.0,2.0,17.0,A01
201300033762,0,7,0,0.0,2.0,5.0,15.0,A01
201300033762,0,33,0,0.0,2.0,8.0,1.0,B01
201300033763,0,32,0,0.0,0.0,0.0,0.0,A01
201300033764,0,30,0,0.0,2.0,1.0,18.0,A01
201300033764,0,7,0,0.0,2.0,5.0,16.0,B01
201300033765,0,14,0,0.0,1.0,2.0,14.0,A01
201300033766,0,7,0,1.0,0.0,2.0,1.0,A01
201300033767,0,10,0,0.0,1.0,2.0,1.0,A01
201300033768,0,7,0,0.0,2.0,1.0,1.0,A01
201300033768,0,7,0,0.0,2.0,2.0,15.0,B01
201300033769,0,7,0,0.0,1.0,3.0,1.0,A01
201300033770,0,7,0,0.0,2.0,1.0,2.0,A01
201300033770,0,7,0,8.0,2.0,4.0,23.0,B01
201300033771,0,7,0,0.0,2.0,0.0,1.0,B01
201300033771,0,34,0,0.0,2.0,1.0,1.0,A01
201300033772,0,30,0,0.0,2.0,0.0,0.0,A01
201300033772,0,30,0,0.0,2.0,1.0,10.0,B01
201300033773,0,7,0,0.0,1.0,1.0,1.0,A01
201300033774,0,10,0,14.0,0.0,0.0,1.0,A01
201300033775,0,33,0,0.0,2.0,1.0,3.0,B01
201300033775,0,7,0,0.0,2.0,6.0,15.0,A01
201300033776,0,7,0,8.0,0.0,1.0,2.0,A01
201300033777,1,2,0,0.0,2.0,1.0,1.0,A01
201300033777,0,10,0,0.0,2.0,3.0,1.0,B01
201300033778,0,7,0,0.0,2.0,6.0,17.0,A01
201300033778,0,15,0,0.0,0.0,3.0,15.0,B01
201300033779,0,7,0,0.0,2.0,1.0,1.0,B01
201300033779,0,7,0,0.0,2.0,7.0,15.0,A01
201300033780,0,7,0,2.0,0.0,1.0,1.0,A01
201300033781,0,7,0,0.0,2.0,2.0,2.0,B01
201300033781,0,7,0,0.0,2.0,7.0,1.0,A01
201300033782,0,7,0,8.0,2.0,1.0,21.0,B01
201300033782,2,2,0,8.0,2.0,0.0,1.0,A01
201300033783,0,7,0,0.0,2.0,8.0,15.0,B01
201300033783,0,7,0,0.0,0.0,1.0,0.0,A01
201300033784,0,7,0,0.0,2.0,3.0,1.0,A01
201300033784,0,1,0,0.0,2.0,0.0,0.0,B01
201300033785,0,7,0,0.0,1.0,7.0,2.0,A01
201300033786,0,7,0,0.0,2.0,3.0,10.0,A01
201300033786,0,32,0,0.0,2.0,1.0,2.0,B01
201300033787,0,7,0,0.0,1.0,1.0,1.0,A01
201300033788,0,1,0,0.0,2.0,4.0,9.0,A01
201300033788,0,7,0,0.0,2.0,1.0,1.0,B01
201300033789,0,32,0,0.0,2.0,7.0,17.0,B01
201300033789,0,7,0,0.0,2.0,3.0,15.0,A01
201300033790,1,7,0,0.0,2.0,0.0,0.0,Z01
201300033790,1,30,0,1.0,2.0,0.0,1.0,A01
201300033791,0,33,0,0.0,2.0,1.0,1.0,B01
201300033791,0,7,0,0.0,2.0,7.0,15.0,A01
201300033792,0,10,0,0.0,2.0,2.0,1.0,A01
201300033792,0,3,0,0.0,2.0,8.0,15.0,B01
201300033793,0,7,0,0.0,1.0,1.0,15.0,A01
201300033794,0,7,0,0.0,1.0,2.0,1.0,A01
201300033795,0,2,0,0.0,2.0,1.0,2.0,A01
201300033795,0,7,0,0.0,0.0,1.0,0.0,B01
201300033796,0,7,0,0.0,2.0,1.0,17.0,B01
201300033796,0,10,0,0.0,2.0,6.0,15.0,A01
201300033797,0,7,0,1.0,0.0,3.0,20.0,B01
201300033797,0,1,0,1.0,0.0,1.0,1.0,A01
201300033798,0,7,0,0.0,2.0,6.0,9.0,B01
201300033798,0,30,0,0.0,2.0,2.0,2.0,A01
201300033799,0,7,0,0.0,2.0,8.0,1.0,A01
201300033799,0,7,0,0.0,2.0,1.0,19.0,B01
201300033800,1,33,0,0.0,1.0,0.0,1.0,Z01
201300033801,0,7,0,0.0,2.0,4.0,23.0,B01
201300033801,0,7,0,0.0,2.0,1.0,2.0,A01
201300033802,0,7,0,0.0,2.0,4.0,2.0,B01
201300033802,0,1,0,0.0,2.0,1.0,2.0,A01
201300033803,0,2,0,12.0,0.0,0.0,0.0,A01
201300033804,2,3,0,0.0,2.0,2.0,15.0,A01
201300033804,0,7,0,0.0,2.0,3.0,1.0,B01
201300033805,0,7,0,0.0,2.0,0.0,0.0,B01
201300033805,0,7,0,0.0,2.0,1.0,15.0,A01
201300033806,0,7,0,0.0,1.0,4.0,4.0,A01
201300033807,0,7,0,0.0,2.0,1.0,5.0,A01
201300033807,0,7,0,0.0,2.0,1.0,1.0,C01
201300033807,0,7,0,0.0,2.0,1.0,1.0,B01
201300033808,0,32,0,6.0,0.0,1.0,14.0,A01
201300033809,0,7,0,0.0,1.0,6.0,4.0,A01
201300033810,0,1,0,0.0,2.0,8.0,1.0,A01
201300033810,0,7,0,0.0,2.0,1.0,15.0,B01
201300033811,1,99,0,0.0,2.0,0.0,0.0,Z01
201300033811,0,7,0,0.0,2.0,8.0,1.0,B01
201300033812,0,7,0,0.0,2.0,5.0,1.0,A01
201300033812,0,7,0,0.0,2.0,1.0,1.0,B01
201300033813,0,7,0,0.0,2.0,5.0,9.0,A01
201300033813,0,7,0,0.0,2.0,3.0,2.0,B01
201300033814,0,7,0,0.0,1.0,5.0,4.0,A01
201300033815,0,7,0,0.0,2.0,4.0,2.0,B01
201300033815,0,7,0,0.0,2.0,1.0,2.0,A01
201300033816,0,7,0,0.0,2.0,4.0,2.0,B01
201300033816,0,7,0,0.0,2.0,1.0,2.0,A01
201300033817,0,7,0,0.0,2.0,3.0,1.0,A01
201300033817,1,34,0,0.0,2.0,0.0,15.0,X01
201300033818,1,7,0,0.0,2.0,1.0,1.0,Z01
201300033818,0,2,0,0.0,2.0,1.0,1.0,A01
201300033819,0,7,0,0.0,2.0,4.0,2.0,B01
201300033819,0,7,0,0.0,2.0,1.0,2.0,A01
201300033819,0,7,0,0.0,0.0,4.0,2.0,C01
201300033820,0,7,0,0.0,2.0,2.0,1.0,A01
201300033820,0,7,0,0.0,2.0,1.0,1.0,B01
201300033821,0,7,0,0.0,2.0,1.0,23.0,B01
201300033821,0,7,0,0.0,2.0,1.0,13.0,A01
201300033822,0,7,0,0.0,2.0,1.0,2.0,A01
201300033822,0,7,0,0.0,2.0,4.0,2.0,C01
201300033822,0,7,0,0.0,2.0,1.0,2.0,B01
201300033823,0,7,0,0.0,2.0,5.0,1.0,B01
201300033823,0,7,0,0.0,2.0,6.0,13.0,A01
201300033824,0,40,40,0.0,1.0,2.0,2.0,A01
201300033825,0,7,0,0.0,0.0,3.0,1.0,B01
201300033825,0,7,0,0.0,2.0,2.0,1.0,A01
201300033826,0,30,0,0.0,2.0,1.0,1.0,B01
201300033826,0,99,0,0.0,2.0,4.0,4.0,A01
201300033827,1,7,0,0.0,1.0,2.0,1.0,Z01
201300033828,0,7,0,0.0,2.0,2.0,2.0,C01
201300033828,0,7,0,0.0,2.0,2.0,14.0,A01
201300033828,0,7,0,8.0,2.0,3.0,1.0,B01
201300033829,0,7,0,0.0,2.0,1.0,2.0,A01
201300033829,0,7,0,0.0,2.0,4.0,1.0,B01
201300033830,0,7,0,0.0,2.0,1.0,5.0,A01
201300033830,0,7,0,0.0,0.0,1.0,1.0,B01
201300033831,0,32,0,1.0,0.0,7.0,1.0,A01
201300033832,0,30,0,0.0,2.0,2.0,1.0,B01
201300033832,0,7,0,0.0,2.0,3.0,9.0,A01
201300033833,0,7,0,1.0,2.0,1.0,9.0,A01
201300033833,0,33,0,0.0,2.0,7.0,1.0,B01
201300033834,0,7,0,0.0,1.0,8.0,2.0,A01
201300033835,0,7,0,0.0,2.0,4.0,2.0,B01
201300033835,0,7,0,0.0,2.0,4.0,1.0,C01
201300033835,0,7,0,0.0,2.0,1.0,2.0,A01
201300033836,1,30,0,0.0,1.0,1.0,1.0,Z01
201300033837,0,7,0,0.0,1.0,2.0,16.0,A01
201300033838,0,7,0,0.0,1.0,1.0,1.0,B01
201300033838,0,7,0,0.0,2.0,1.0,2.0,A01
201300033839,0,1,0,0.0,2.0,1.0,0.0,A01
201300033840,0,1,0,0.0,1.0,8.0,1.0,A01
201300033841,0,7,0,0.0,0.0,4.0,15.0,C01
201300033841,0,7,0,0.0,0.0,1.0,2.0,A01
201300033841,0,7,0,0.0,2.0,1.0,2.0,B01
201300033842,0,7,0,0.0,2.0,1.0,1.0,B01
201300033842,0,7,0,0.0,2.0,1.0,0.0,A01
201300033842,0,7,0,0.0,0.0,0.0,0.0,C01
201300033843,0,7,0,2.0,0.0,1.0,1.0,A01
201300033844,0,2,0,0.0,2.0,8.0,2.0,A01
201300033844,0,7,0,0.0,2.0,2.0,2.0,B01
201300033845,0,7,0,0.0,2.0,1.0,1.0,A01
201300033845,0,7,0,0.0,2.0,6.0,1.0,B01
201300033846,0,30,0,0.0,2.0,1.0,1.0,B01
201300033846,0,7,0,0.0,0.0,2.0,15.0,A01
201300033847,0,7,0,0.0,2.0,7.0,5.0,A01
201300033847,0,7,0,0.0,2.0,1.0,1.0,B01
201300033848,0,7,0,0.0,1.0,2.0,0.0,A01
201300033849,0,14,0,0.0,2.0,1.0,13.0,B01
201300033849,0,13,0,13.0,0.0,3.0,2.0,A01
201300033850,0,7,0,0.0,1.0,1.0,1.0,A01
201300033851,0,34,0,0.0,1.0,3.0,17.0,A01
201300033852,0,7,0,0.0,1.0,1.0,0.0,A01
201300033853,0,1,0,0.0,2.0,1.0,1.0,B01
201300033853,0,7,0,0.0,2.0,2.0,15.0,A01
201300033854,0,7,0,0.0,1.0,1.0,0.0,A01
201300033855,0,7,0,0.0,1.0,2.0,1.0,A01
201300033856,0,7,0,0.0,9.0,7.0,1.0,B01
201300033856,0,30,0,0.0,2.0,8.0,0.0,A01
201300033857,0,7,0,0.0,1.0,1.0,2.0,A01
201300033858,0,13,0,0.0,2.0,8.0,19.0,B01
201300033858,0,13,0,0.0,2.0,3.0,17.0,A01
201300033859,0,2,0,1.0,0.0,1.0,13.0,A01
201300033860,0,7,0,0.0,1.0,2.0,9.0,A01
201300033861,0,7,0,0.0,2.0,7.0,13.0,A01
201300033861,0,7,0,0.0,2.0,1.0,1.0,B01
201300033862,0,2,0,0.0,2.0,7.0,1.0,B01
201300033862,0,7,0,0.0,2.0,1.0,0.0,A01
201300033863,0,7,0,0.0,1.0,4.0,4.0,A01
201300033864,0,7,0,1.0,0.0,0.0,1.0,A01
201300033865,0,7,0,0.0,2.0,7.0,19.0,B01
201300033865,0,7,0,0.0,2.0,1.0,1.0,A01
201300033866,0,32,0,0.0,2.0,1.0,1.0,B01
201300033866,0,7,0,0.0,2.0,5.0,11.0,A01
201300033867,0,7,0,0.0,1.0,1.0,21.0,A01
201300033868,0,7,0,15.0,2.0,6.0,1.0,B01
201300033868,0,7,0,0.0,2.0,1.0,1.0,A01
201300033869,0,7,0,0.0,1.0,3.0,15.0,A01
201300033870,0,7,0,0.0,2.0,1.0,1.0,B01
201300033870,0,7,0,0.0,2.0,3.0,15.0,A01
201300033871,0,7,0,0.0,1.0,4.0,4.0,A01
201300033872,1,7,0,0.0,2.0,1.0,2.0,Z01
201300033872,0,10,0,0.0,2.0,4.0,23.0,B01
201300033872,0,7,0,0.0,2.0,1.0,1.0,A01
201300033873,0,7,0,0.0,1.0,1.0,1.0,A01
201300033874,0,7,0,0.0,1.0,1.0,1.0,A01
201300033875,0,7,0,0.0,2.0,2.0,23.0,A01
201300033875,0,32,0,0.0,2.0,3.0,18.0,B01
201300033876,0,7,0,0.0,1.0,2.0,1.0,A01
201300033877,0,7,0,0.0,2.0,3.0,16.0,A01
201300033877,0,7,0,0.0,2.0,1.0,23.0,C01
201300033877,0,30,0,0.0,2.0,1.0,1.0,B01
201300033878,0,7,0,0.0,2.0,1.0,1.0,A01
201300033878,0,1,0,0.0,2.0,8.0,1.0,B01
201300033879,0,33,0,0.0,2.0,2.0,21.0,B01
201300033879,0,7,0,0.0,2.0,3.0,9.0,A01
201300033880,0,7,0,0.0,2.0,4.0,23.0,B01
201300033880,0,7,0,0.0,2.0,1.0,1.0,A01
201300033880,0,37,1,0.0,2.0,4.0,23.0,C01
201300033881,0,7,0,0.0,2.0,1.0,1.0,A01
201300033881,0,1,0,0.0,2.0,0.0,19.0,B01
201300033882,0,7,0,0.0,1.0,3.0,1.0,A01
201300033883,0,10,0,0.0,2.0,3.0,10.0,A01
201300033883,0,32,0,0.0,2.0,2.0,2.0,B01
201300033884,0,7,0,1.0,0.0,1.0,1.0,A01
201300033884,0,7,0,0.0,2.0,4.0,1.0,B01
201300033884,0,7,0,0.0,2.0,4.0,1.0,C01
201300033885,0,10,0,0.0,1.0,1.0,15.0,A01
201300033886,0,1,0,0.0,2.0,0.0,1.0,B01
201300033886,0,40,50,0.0,2.0,0.0,15.0,A01
201300033887,0,7,0,0.0,2.0,3.0,15.0,A01
201300033887,0,1,0,0.0,2.0,1.0,1.0,B01
201300033888,0,7,0,0.0,2.0,3.0,23.0,B01
201300033888,1,7,0,0.0,2.0,3.0,16.0,Z01
201300033889,0,7,0,0.0,2.0,1.0,1.0,B01
201300033890,0,33,0,0.0,2.0,1.0,1.0,B01
201300033890,0,2,0,0.0,2.0,3.0,16.0,A01
201300033891,0,7,0,0.0,1.0,2.0,1.0,A01
201300033892,0,7,0,0.0,1.0,2.0,1.0,A01
201300033893,0,33,0,0.0,1.0,1.0,17.0,A01
201300033893,0,7,0,0.0,2.0,2.0,1.0,B01
201300033894,0,7,0,0.0,2.0,1.0,1.0,B01
201300033894,0,7,0,0.0,2.0,2.0,1.0,A01
201300033895,0,7,0,0.0,1.0,4.0,20.0,A01
201300033896,0,7,0,0.0,2.0,3.0,1.0,B01
201300033896,0,7,0,0.0,2.0,2.0,1.0,A01
201300033897,0,1,0,0.0,0.0,1.0,13.0,A01
201300033898,0,7,0,0.0,1.0,2.0,1.0,A01
201300033899,0,99,0,0.0,2.0,1.0,19.0,B01
201300033899,0,7,0,0.0,0.0,2.0,1.0,A01
201300033900,0,30,0,0.0,2.0,0.0,1.0,B01
201300033900,0,7,0,0.0,2.0,1.0,1.0,A01
201300033901,0,30,0,0.0,2.0,2.0,12.0,A01
201300033901,0,1,0,0.0,2.0,4.0,1.0,B01
201300033902,1,7,0,0.0,2.0,0.0,0.0,Z01
201300033902,0,30,0,0.0,2.0,8.0,9.0,A01
201300033903,0,7,0,0.0,2.0,1.0,5.0,A01
201300033903,0,7,0,0.0,2.0,1.0,1.0,B01
201300033904,0,30,0,8.0,2.0,7.0,0.0,A01
201300033904,0,7,0,0.0,2.0,1.0,1.0,B01
201300033905,0,7,0,8.0,2.0,2.0,17.0,B01
201300033905,0,7,0,0.0,2.0,3.0,15.0,A01
201300033906,0,7,0,0.0,2.0,1.0,1.0,A01
201300033906,0,7,0,7.0,2.0,2.0,1.0,B01
201300033907,0,40,35,0.0,2.0,0.0,1.0,B01
201300033907,0,40,35,0.0,4.0,0.0,1.0,A01
201300033908,0,7,0,0.0,2.0,1.0,1.0,A01
201300033908,0,7,0,1.0,2.0,2.0,1.0,B01
201300033909,0,7,0,0.0,1.0,3.0,1.0,A01
201300033910,0,31,0,0.0,2.0,1.0,1.0,A01
201300033910,0,7,0,0.0,2.0,5.0,23.0,B01
201300033911,0,1,0,0.0,2.0,3.0,1.0,B01
201300033911,0,7,0,0.0,2.0,0.0,1.0,A01
201300033912,0,7,0,0.0,1.0,1.0,1.0,A01
201300033913,0,10,0,0.0,1.0,2.0,1.0,A01
201300033914,0,7,0,0.0,1.0,4.0,0.0,A01
201300033915,0,7,0,0.0,2.0,4.0,2.0,B01
201300033915,0,34,0,0.0,2.0,1.0,1.0,A01
201300033916,0,10,0,0.0,1.0,1.0,1.0,A01
201300033917,2,7,0,0.0,1.0,0.0,0.0,A01
201300033918,0,7,0,0.0,2.0,6.0,1.0,A01
201300033918,0,7,0,0.0,2.0,3.0,1.0,B01
201300033919,1,7,0,0.0,1.0,0.0,1.0,A01
201300033920,0,7,0,15.0,1.0,2.0,1.0,A01
201300033921,0,7,0,0.0,1.0,2.0,2.0,A01
201300033922,0,1,0,0.0,2.0,1.0,0.0,B01
201300033922,0,7,0,0.0,9.0,1.0,16.0,A01
201300033923,0,7,0,0.0,2.0,2.0,15.0,A01
201300033923,0,32,0,0.0,2.0,1.0,1.0,B01
201300033924,0,10,0,0.0,1.0,1.0,16.0,A01
201300033925,1,99,0,0.0,0.0,0.0,0.0,Z01
201300033925,0,33,0,0.0,2.0,1.0,1.0,A01
201300033926,0,7,0,0.0,2.0,6.0,1.0,B01
201300033926,0,30,0,0.0,2.0,3.0,1.0,A01
201300033927,0,7,0,0.0,1.0,3.0,1.0,A01
201300033928,0,30,0,0.0,2.0,1.0,1.0,B01
201300033928,0,7,0,0.0,2.0,1.0,15.0,A01
201300033929,0,33,0,0.0,2.0,1.0,1.0,B01
201300033929,0,7,0,0.0,2.0,7.0,9.0,A01
201300033930,0,7,0,0.0,1.0,1.0,16.0,A01
201300033931,0,31,0,0.0,2.0,1.0,1.0,A01
201300033931,0,7,0,0.0,2.0,7.0,10.0,B01
201300033932,0,7,0,0.0,2.0,5.0,1.0,A01
201300033932,0,7,0,0.0,2.0,1.0,1.0,B01
201300033933,0,7,0,0.0,2.0,1.0,1.0,A01
201300033933,0,7,0,0.0,2.0,7.0,15.0,B01
201300033934,0,7,0,0.0,1.0,1.0,1.0,A01
201300033935,0,7,0,1.0,0.0,2.0,2.0,A01
201300033936,0,7,0,0.0,2.0,3.0,9.0,A01
201300033936,0,1,0,0.0,2.0,2.0,1.0,B01
201300033937,0,7,0,0.0,2.0,2.0,1.0,B01
201300033937,0,30,0,0.0,2.0,1.0,15.0,A01
201300033938,0,99,0,15.0,1.0,0.0,1.0,A01
201300033939,0,33,0,0.0,2.0,0.0,1.0,A01
201300033939,0,7,0,0.0,2.0,0.0,1.0,B01
201300033940,0,7,0,0.0,1.0,3.0,15.0,A01
201300033941,0,33,0,1.0,0.0,3.0,1.0,A01
201300033942,0,7,0,0.0,2.0,0.0,1.0,A01
201300033942,0,33,0,0.0,2.0,8.0,18.0,B01
201300033943,0,7,0,0.0,1.0,4.0,4.0,A01
201300033944,0,7,0,0.0,2.0,5.0,15.0,A01
201300033944,0,33,0,0.0,2.0,1.0,1.0,B01
201300033945,0,7,0,0.0,2.0,3.0,15.0,A01
201300033945,0,31,0,0.0,2.0,8.0,1.0,B01
201300033946,0,7,0,0.0,2.0,3.0,1.0,A01
201300033946,0,1,0,0.0,2.0,1.0,15.0,B01
201300033947,0,7,0,0.0,2.0,3.0,23.0,C01
201300033947,0,7,0,0.0,2.0,3.0,1.0,B01
201300033947,0,30,0,0.0,2.0,1.0,15.0,A01
201300033948,0,7,0,0.0,1.0,1.0,1.0,A01
201300033949,0,34,0,0.0,2.0,4.0,0.0,B01
201300033949,0,7,0,0.0,2.0,2.0,1.0,C01
201300033949,1,7,0,0.0,2.0,0.0,0.0,Z01
201300033950,0,7,0,0.0,2.0,4.0,13.0,A01
201300033950,0,7,0,0.0,2.0,3.0,1.0,B01
201300033951,0,7,0,0.0,1.0,3.0,1.0,A01
201300033952,0,7,0,0.0,1.0,1.0,1.0,A01
201300033953,1,99,0,0.0,1.0,0.0,0.0,Z01
201300033954,1,7,0,0.0,2.0,1.0,16.0,Z01
201300033954,0,1,0,0.0,2.0,7.0,1.0,B01
201300033955,0,30,0,15.0,2.0,1.0,1.0,A01
201300033955,0,7,0,0.0,2.0,3.0,1.0,B01
201300033956,1,7,0,0.0,1.0,0.0,0.0,Z01
201300033957,0,7,0,0.0,2.0,1.0,0.0,A01
201300033957,0,1,0,0.0,2.0,0.0,0.0,B01
201300033958,0,30,0,0.0,1.0,1.0,14.0,A01
201300033958,1,7,0,0.0,0.0,0.0,0.0,Z01
201300033959,0,7,0,0.0,1.0,2.0,1.0,A01
201300033960,0,7,0,12.0,0.0,3.0,1.0,A01
201300033961,0,7,0,8.0,0.0,3.0,1.0,A01
201300033962,0,7,0,6.0,0.0,1.0,0.0,A01
201300033963,0,7,0,0.0,2.0,3.0,13.0,A01
201300033963,0,21,0,0.0,2.0,6.0,1.0,B01
201300033964,0,30,0,0.0,1.0,0.0,1.0,A01
201300033965,0,33,0,0.0,0.0,8.0,21.0,A01
201300033965,1,7,0,0.0,0.0,0.0,1.0,Z01
201300033966,0,14,0,0.0,2.0,2.0,16.0,B01
201300033966,0,33,0,0.0,2.0,8.0,1.0,A01
201300033967,0,7,0,0.0,2.0,3.0,9.0,A01
201300033967,0,1,0,0.0,2.0,0.0,1.0,B01
201300033968,0,2,0,0.0,0.0,0.0,1.0,A01
201300033969,0,7,0,0.0,1.0,2.0,1.0,A01
201300033970,0,7,0,0.0,2.0,3.0,15.0,A01
201300033970,0,34,0,0.0,2.0,7.0,1.0,B01
201300033971,0,10,0,6.0,0.0,7.0,1.0,A01
201300033972,0,30,0,0.0,2.0,2.0,17.0,A01
201300033972,0,7,0,0.0,2.0,3.0,1.0,B01
201300033973,0,7,0,1.0,2.0,3.0,9.0,A01
201300033973,0,7,0,0.0,2.0,2.0,21.0,B01
201300033973,0,7,0,0.0,2.0,3.0,24.0,C01
201300033974,0,7,0,0.0,2.0,1.0,15.0,B01
201300033974,0,30,0,0.0,2.0,7.0,1.0,A01
201300033975,0,7,0,0.0,1.0,2.0,1.0,A01
201300033976,0,7,0,0.0,2.0,2.0,0.0,C01
201300033976,0,7,0,1.0,1.0,7.0,17.0,B01
201300033977,0,40,35,0.0,1.0,1.0,1.0,A01
201300033978,0,2,0,8.0,0.0,2.0,1.0,A01
201300033979,0,7,0,0.0,2.0,1.0,1.0,A01
201300033979,0,7,0,0.0,2.0,4.0,1.0,B01
201300033980,0,7,0,6.0,0.0,2.0,15.0,A01
201300033981,0,7,0,0.0,1.0,8.0,1.0,A01
201300033982,0,7,0,14.0,2.0,2.0,15.0,B01
201300033982,0,10,0,2.0,2.0,1.0,1.0,A01
201300033983,0,7,0,1.0,2.0,6.0,9.0,A01
201300033983,0,7,0,12.0,2.0,2.0,0.0,B01
201300033984,0,37,2,0.0,2.0,2.0,1.0,A01
201300033984,1,7,0,15.0,2.0,5.0,15.0,Z01
201300033985,0,36,0,6.0,0.0,1.0,21.0,A01
201300033986,1,7,0,0.0,2.0,1.0,0.0,Z01
201300033986,0,1,0,0.0,2.0,4.0,1.0,A01
201300033987,0,7,0,0.0,2.0,1.0,2.0,B01
201300033987,0,7,0,0.0,2.0,3.0,2.0,A01
201300033988,0,7,0,0.0,2.0,3.0,1.0,E01
201300033988,0,7,0,0.0,2.0,1.0,1.0,D01