Num_Acc,senc,catv,occutc,obs,obsm,choc,manv,num_veh
201300034261,0,14,0,0.0,0.0,0.0,0.0,B01
201300034262,0,7,0,0.0,1.0,1.0,0.0,A01
201300034263,0,7,0,0.0,1.0,1.0,1.0,A01
201300034264,0,7,0,0.0,1.0,2.0,1.0,A01
201300034265,0,7,0,0.0,1.0,1.0,1.0,A01
201300034266,1,99,0,0.0,1.0,4.0,4.0,A01
201300034267,0,7,0,0.0,2.0,7.0,15.0,A01
201300034267,0,7,0,0.0,0.0,1.0,1.0,B01
201300034268,0,7,0,0.0,1.0,4.0,4.0,A01
201300034269,0,30,0,12.0,0.0,1.0,1.0,A01
201300034270,0,10,0,0.0,1.0,0.0,1.0,A01
201300034271,0,7,0,0.0,2.0,4.0,4.0,A01
201300034271,0,2,0,0.0,0.0,1.0,1.0,B01
201300034272,0,7,0,0.0,2.0,1.0,15.0,A01
201300034272,0,7,0,0.0,0.0,1.0,1.0,B01
201300034273,0,7,0,0.0,1.0,4.0,4.0,A01
201300034274,0,7,0,0.0,1.0,1.0,1.0,A01
201300034275,0,33,0,6.0,0.0,1.0,1.0,A01
201300034276,0,7,0,0.0,1.0,1.0,1.0,A01
201300034277,0,31,0,0.0,1.0,1.0,1.0,A01
201300034278,0,33,0,0.0,2.0,1.0,1.0,A01
201300034278,0,7,0,0.0,0.0,4.0,1.0,B01
201300034279,0,7,0,0.0,2.0,6.0,15.0,A01
201300034279,0,33,0,0.0,0.0,1.0,1.0,B01
201300034280,0,33,0,0.0,2.0,1.0,1.0,A01
201300034280,0,7,0,0.0,0.0,2.0,0.0,B01
201300034281,0,38,0,0.0,1.0,0.0,0.0,A01
201300034282,0,7,0,0.0,2.0,0.0,15.0,A01
201300034282,0,2,0,0.0,0.0,0.0,0.0,B01
201300034283,0,7,0,0.0,2.0,4.0,16.0,A01
201300034283,0,33,0,0.0,0.0,0.0,1.0,B01
201300034284,0,7,0,0.0,2.0,3.0,15.0,A01
201300034284,0,7,0,0.0,0.0,0.0,1.0,B01
201300034285,0,7,0,0.0,2.0,1.0,1.0,A01
201300034285,0,33,0,0.0,0.0,0.0,1.0,B01
201300034286,0,2,0,0.0,2.0,1.0,1.0,A01
201300034286,0,7,0,0.0,0.0,0.0,1.0,B01
201300034287,0,1,0,0.0,0.0,1.0,1.0,B01
201300034287,0,7,0,0.0,2.0,2.0,15.0,A01
201300034288,0,33,0,0.0,2.0,6.0,1.0,A01
201300034288,0,7,0,0.0,0.0,0.0,1.0,B01
201300034289,0,7,0,0.0,0.0,0.0,1.0,B01
201300034289,0,2,0,0.0,2.0,1.0,1.0,A01
201300034290,0,7,0,0.0,2.0,1.0,15.0,A01
201300034290,0,7,0,0.0,0.0,1.0,1.0,B01
201300034291,0,33,0,0.0,0.0,8.0,1.0,B01
201300034291,0,7,0,0.0,2.0,7.0,15.0,A01
201300034292,0,7,0,0.0,2.0,3.0,10.0,A01
201300034292,0,2,0,0.0,0.0,1.0,1.0,B01
201300034293,0,7,0,0.0,2.0,1.0,13.0,A01
201300034293,0,38,41,0.0,0.0,2.0,1.0,B01
201300034293,0,7,0,0.0,0.0,1.0,1.0,C01
201300034294,0,7,0,0.0,2.0,0.0,16.0,A01
201300034294,0,2,0,0.0,0.0,4.0,23.0,B01
201300034295,0,7,0,0.0,2.0,3.0,9.0,A01
201300034295,0,30,0,0.0,2.0,1.0,1.0,B01
201300034296,0,7,0,0.0,1.0,2.0,1.0,A01
201300034297,0,7,0,0.0,1.0,2.0,1.0,A01
201300034298,0,13,0,0.0,0.0,2.0,15.0,A01
201300034298,0,31,0,0.0,2.0,1.0,1.0,B01
201300034299,0,7,0,0.0,2.0,2.0,15.0,A01
201300034299,0,2,0,0.0,2.0,1.0,1.0,B01
201300034300,0,7,0,0.0,1.0,1.0,15.0,A01
201300034301,0,13,0,0.0,1.0,1.0,1.0,A01
201300034302,0,7,0,0.0,1.0,1.0,1.0,A01
201300034303,0,13,0,0.0,2.0,2.0,1.0,B01
201300034303,0,7,0,0.0,2.0,1.0,15.0,A01
201300034304,0,3,0,0.0,1.0,1.0,1.0,A01
201300034305,0,7,0,0.0,1.0,8.0,1.0,A01
201300034306,0,7,0,0.0,2.0,4.0,24.0,B01
201300034306,0,10,0,0.0,0.0,4.0,24.0,C01
201300034306,0,7,0,0.0,2.0,1.0,2.0,A01
201300034307,0,7,0,0.0,2.0,1.0,1.0,B01
201300034307,0,7,0,0.0,2.0,1.0,13.0,A01
201300034308,0,7,0,0.0,1.0,0.0,2.0,A01
201300034309,0,7,0,0.0,1.0,1.0,2.0,A01
201300034310,0,7,0,0.0,1.0,1.0,2.0,A01
201300034311,0,7,0,0.0,1.0,3.0,15.0,A01
201300034312,0,7,0,0.0,1.0,1.0,0.0,A01
201300034313,0,7,0,0.0,1.0,5.0,2.0,A01
201300034314,0,7,0,1.0,1.0,4.0,2.0,A01
201300034314,0,7,0,0.0,0.0,4.0,24.0,B01
201300034315,0,7,0,0.0,2.0,8.0,0.0,B01
201300034315,0,31,0,0.0,2.0,1.0,1.0,A01
201300034316,0,7,0,0.0,2.0,6.0,15.0,A01
201300034316,0,33,0,0.0,2.0,1.0,2.0,B01
201300034317,0,7,0,0.0,1.0,2.0,1.0,A01
201300034318,0,7,0,0.0,2.0,3.0,9.0,A01
201300034318,0,30,0,0.0,2.0,1.0,1.0,B01
201300034319,0,33,0,0.0,2.0,1.0,13.0,A01
201300034319,0,7,0,0.0,2.0,8.0,1.0,B01
201300034319,0,7,0,0.0,2.0,8.0,1.0,C01
201300034319,0,7,0,0.0,2.0,8.0,2.0,D01
201300034320,0,7,0,0.0,0.0,8.0,11.0,A01
201300034320,0,2,0,0.0,2.0,9.0,2.0,B01
201300034321,0,7,0,0.0,1.0,1.0,1.0,A01
201300034322,0,7,0,0.0,0.0,5.0,9.0,A01
201300034322,0,2,0,0.0,2.0,1.0,2.0,B01
201300034323,0,33,0,0.0,2.0,1.0,1.0,A01
201300034323,0,2,0,0.0,2.0,1.0,9.0,B01
201300034324,0,7,0,0.0,1.0,2.0,2.0,A01
201300034325,0,7,0,0.0,1.0,9.0,23.0,A01
201300034325,0,7,0,0.0,2.0,1.0,2.0,B01
201300034326,0,7,0,0.0,2.0,8.0,10.0,A01
201300034326,0,33,0,0.0,2.0,1.0,2.0,B01
201300034327,0,7,0,0.0,0.0,4.0,23.0,A01
201300034327,0,34,0,0.0,2.0,1.0,2.0,B01
201300034328,0,7,0,0.0,1.0,1.0,1.0,A01
201300034329,0,7,0,0.0,1.0,2.0,1.0,A01
201300034330,0,1,0,0.0,2.0,1.0,2.0,A01
201300034330,0,7,0,0.0,0.0,4.0,23.0,B01
201300034330,0,7,0,0.0,0.0,7.0,23.0,C01
201300034331,0,7,0,0.0,2.0,6.0,11.0,A01
201300034331,0,7,0,0.0,2.0,2.0,1.0,B01
201300034332,0,7,0,0.0,2.0,6.0,9.0,B01
201300034332,0,33,0,0.0,2.0,3.0,17.0,A01
201300034333,0,7,0,0.0,2.0,3.0,15.0,B01
201300034333,0,33,0,0.0,2.0,7.0,2.0,A01
201300034334,0,7,0,0.0,2.0,1.0,2.0,A01
201300034334,0,7,0,0.0,2.0,1.0,2.0,B01
201300034335,0,33,0,0.0,2.0,1.0,1.0,B01
201300034335,0,7,0,0.0,2.0,8.0,15.0,A01
201300034336,0,7,0,0.0,2.0,3.0,15.0,A01
201300034336,0,30,0,0.0,2.0,3.0,1.0,B01
201300034337,0,7,0,0.0,1.0,2.0,2.0,A01
201300034338,0,7,0,0.0,2.0,3.0,15.0,B01
201300034338,0,32,0,0.0,2.0,8.0,17.0,A01
201300034339,0,7,0,0.0,2.0,3.0,9.0,A01
201300034339,0,1,0,0.0,2.0,1.0,2.0,B01
201300034340,0,7,0,0.0,2.0,8.0,9.0,A01
201300034340,0,2,0,0.0,2.0,7.0,0.0,B01
201300034341,0,7,0,0.0,2.0,0.0,9.0,A01
201300034341,0,1,0,0.0,2.0,0.0,1.0,B01
201300034342,0,7,0,0.0,2.0,3.0,19.0,A01
201300034342,0,7,0,0.0,2.0,1.0,1.0,B01
201300034343,0,7,0,0.0,1.0,1.0,9.0,A01
201300034344,0,7,0,0.0,1.0,1.0,16.0,A01
201300034345,0,7,0,0.0,1.0,1.0,17.0,A01
201300034346,0,7,0,0.0,2.0,2.0,15.0,A01
201300034346,0,1,0,0.0,2.0,1.0,2.0,B01
201300034347,0,7,0,0.0,1.0,3.0,2.0,A01
201300034348,0,7,0,0.0,1.0,1.0,16.0,A01
201300034349,0,7,0,0.0,1.0,2.0,15.0,A01
201300034350,0,7,0,0.0,1.0,1.0,2.0,A01
201300034351,1,7,0,0.0,1.0,1.0,2.0,A01
201300034352,0,13,0,0.0,2.0,1.0,2.0,A01
201300034352,0,7,0,0.0,2.0,4.0,2.0,B01
201300034353,0,7,0,0.0,2.0,1.0,13.0,A01
201300034353,0,7,0,0.0,2.0,1.0,1.0,B01
201300034354,0,7,0,0.0,2.0,3.0,9.0,A01
201300034354,0,10,0,0.0,2.0,1.0,1.0,B01
201300034355,0,7,0,0.0,2.0,1.0,1.0,B01
201300034355,0,32,0,0.0,2.0,6.0,15.0,A01
201300034356,0,7,0,0.0,2.0,3.0,1.0,A01
201300034356,0,7,0,0.0,2.0,3.0,1.0,B01
201300034357,0,7,0,0.0,2.0,1.0,1.0,A01
201300034357,0,3,0,0.0,0.0,4.0,23.0,B01
201300034357,0,7,0,0.0,2.0,6.0,1.0,C01
201300034358,0,7,0,0.0,2.0,3.0,13.0,A01
201300034358,0,7,0,0.0,2.0,3.0,1.0,B01
201300034359,0,7,0,6.0,0.0,2.0,1.0,A01
201300034360,0,7,0,0.0,2.0,8.0,15.0,B01
201300034360,0,7,0,0.0,2.0,1.0,1.0,A01
201300034361,0,7,0,0.0,2.0,1.0,13.0,A01
201300034361,0,7,0,0.0,2.0,2.0,21.0,B01
201300034362,0,30,0,0.0,2.0,1.0,17.0,A01
201300034362,0,7,0,0.0,2.0,3.0,2.0,B01
201300034363,0,13,0,0.0,1.0,1.0,1.0,A01
201300034364,0,30,0,0.0,2.0,1.0,11.0,A01
201300034364,0,7,0,0.0,2.0,3.0,1.0,B01
201300034365,0,33,0,0.0,0.0,2.0,5.0,A01
201300034365,0,7,0,0.0,0.0,3.0,11.0,B01
201300034366,0,1,0,0.0,2.0,1.0,0.0,A01
201300034366,0,37,14,0.0,9.0,2.0,1.0,B01
201300034367,0,7,0,0.0,1.0,2.0,2.0,A01
201300034368,0,1,0,0.0,0.0,1.0,1.0,B01
201300034368,0,7,0,0.0,0.0,3.0,1.0,A01
201300034369,0,7,0,0.0,1.0,2.0,1.0,A01
201300034370,1,7,0,0.0,1.0,2.0,1.0,A01
201300034371,0,7,0,0.0,1.0,1.0,15.0,A01
201300034372,0,30,0,13.0,0.0,7.0,1.0,A01
201300034373,0,7,0,0.0,1.0,1.0,16.0,A01
201300034374,0,7,0,0.0,1.0,0.0,11.0,A01
201300034375,0,7,0,1.0,0.0,1.0,13.0,A01
201300034376,0,7,0,0.0,2.0,1.0,1.0,A01
201300034376,0,7,0,0.0,2.0,6.0,15.0,B01
201300034377,0,30,0,0.0,1.0,1.0,17.0,A01
201300034378,0,7,0,0.0,2.0,3.0,1.0,A01
201300034378,0,7,0,0.0,2.0,2.0,1.0,B01
201300034379,0,33,0,0.0,2.0,1.0,13.0,A01
201300034379,0,7,0,0.0,0.0,1.0,1.0,B01
201300034379,0,1,0,0.0,0.0,4.0,13.0,C01
201300034380,0,7,0,0.0,9.0,2.0,1.0,A01
201300034380,0,1,0,0.0,2.0,1.0,1.0,B01
201300034381,0,7,0,0.0,1.0,3.0,0.0,A01
201300034381,1,99,0,0.0,0.0,0.0,0.0,Z01
201300034382,0,7,0,0.0,1.0,2.0,1.0,A01
201300034383,1,7,0,0.0,0.0,0.0,0.0,A01
201300034383,0,30,0,0.0,2.0,3.0,1.0,B01
201300034384,0,7,0,0.0,2.0,1.0,1.0,A01
201300034384,0,7,0,0.0,2.0,3.0,16.0,B01
201300034385,0,1,0,0.0,2.0,1.0,0.0,A01
201300034385,0,7,0,0.0,9.0,2.0,16.0,B01
201300034386,0,2,0,0.0,1.0,0.0,0.0,A01
201300034387,0,7,0,0.0,9.0,1.0,11.0,A01
201300034387,0,1,0,0.0,2.0,1.0,1.0,B01
201300034388,0,7,0,0.0,1.0,4.0,4.0,A01
201300034389,0,14,0,0.0,1.0,1.0,1.0,A01
201300034390,0,7,0,0.0,0.0,3.0,1.0,A01
201300034391,0,7,0,0.0,9.0,1.0,2.0,A01
201300034391,0,1,0,0.0,2.0,4.0,2.0,B01
201300034392,0,7,0,13.0,0.0,9.0,5.0,A01
201300034393,0,3,0,0.0,2.0,8.0,2.0,B01
201300034393,0,7,0,0.0,2.0,7.0,17.0,A01
201300034394,0,15,0,0.0,2.0,3.0,1.0,B01
201300034394,0,7,0,0.0,2.0,7.0,15.0,A01
201300034395,0,7,0,0.0,2.0,9.0,13.0,A01
201300034395,0,7,0,0.0,2.0,1.0,1.0,B01
201300034395,0,7,0,0.0,2.0,2.0,2.0,C01
201300034396,0,10,0,0.0,9.0,2.0,17.0,A01
201300034396,0,1,0,0.0,2.0,3.0,2.0,B01
201300034397,0,10,0,15.0,0.0,1.0,14.0,A01
201300034398,1,99,0,0.0,1.0,1.0,0.0,Z01
201300034399,0,2,0,0.0,2.0,1.0,1.0,B01
201300034399,0,7,0,0.0,2.0,3.0,15.0,A01
201300034400,0,7,0,0.0,1.0,1.0,1.0,A01
201300034401,0,7,0,0.0,1.0,8.0,1.0,A01
201300034402,0,7,0,15.0,0.0,3.0,13.0,A01
201300034403,0,2,0,0.0,0.0,0.0,1.0,A01
201300034404,0,2,0,0.0,2.0,8.0,1.0,B01
201300034404,0,7,0,0.0,2.0,2.0,9.0,A01
201300034405,0,10,0,0.0,2.0,3.0,1.0,B01
201300034405,0,7,0,0.0,2.0,3.0,13.0,A01
201300034406,0,7,0,0.0,0.0,9.0,0.0,A01
201300034407,0,33,0,0.0,5.0,1.0,1.0,A01
201300034407,0,7,0,0.0,5.0,1.0,1.0,B01
201300034408,0,7,0,0.0,2.0,8.0,0.0,B01
201300034408,0,7,0,0.0,2.0,3.0,0.0,C01
201300034408,0,7,0,0.0,2.0,3.0,0.0,A01
201300034409,0,7,0,0.0,2.0,4.0,2.0,C01
201300034409,0,7,0,0.0,2.0,4.0,2.0,D01
201300034409,0,7,0,0.0,2.0,4.0,2.0,B01
201300034409,0,10,0,0.0,2.0,1.0,2.0,A01
201300034410,0,15,0,0.0,2.0,2.0,2.0,A01
201300034410,0,21,0,0.0,2.0,3.0,23.0,B01
201300034411,0,7,0,0.0,1.0,1.0,0.0,A01
201300034412,2,10,0,8.0,0.0,1.0,0.0,A01
201300034413,0,7,0,0.0,2.0,1.0,2.0,A01
201300034413,0,7,0,0.0,0.0,4.0,23.0,B01
201300034414,0,7,0,0.0,2.0,7.0,12.0,A01
201300034414,0,30,0,0.0,2.0,8.0,2.0,B01
201300034415,0,7,0,0.0,1.0,1.0,16.0,A01
201300034416,0,7,0,0.0,2.0,8.0,15.0,A01
201300034416,0,7,0,0.0,2.0,3.0,1.0,B01
201300034417,0,7,0,8.0,0.0,2.0,14.0,A01
201300034418,0,7,0,0.0,0.0,9.0,14.0,A01
201300034419,0,10,0,0.0,1.0,1.0,2.0,A01
201300034420,0,33,0,0.0,2.0,1.0,1.0,B01
201300034420,0,7,0,0.0,2.0,3.0,11.0,A01
201300034421,0,30,0,0.0,1.0,1.0,1.0,A01
201300034422,0,10,0,0.0,2.0,3.0,1.0,C01
201300034422,0,7,0,0.0,2.0,8.0,1.0,B01
201300034422,0,7,0,0.0,2.0,3.0,13.0,A01
201300034423,0,7,0,6.0,0.0,2.0,14.0,A01
201300034424,0,2,0,0.0,0.0,0.0,0.0,A01
201300034425,0,7,0,0.0,2.0,2.0,1.0,B01
201300034425,0,7,0,0.0,0.0,3.0,15.0,A01
201300034426,0,7,0,0.0,2.0,3.0,13.0,A01
201300034426,0,30,0,0.0,2.0,1.0,1.0,B01
201300034427,0,7,0,0.0,2.0,4.0,2.0,B01
201300034427,0,7,0,0.0,2.0,1.0,2.0,A01
201300034428,0,7,0,3.0,0.0,1.0,1.0,A01
201300034429,0,7,0,0.0,1.0,1.0,15.0,A01
201300034430,0,7,0,0.0,1.0,1.0,1.0,A01
201300034431,0,7,0,0.0,2.0,4.0,2.0,C01
201300034431,0,7,0,0.0,2.0,1.0,2.0,A01
201300034431,0,7,0,0.0,2.0,4.0,2.0,B01
201300034432,0,7,0,0.0,2.0,7.0,1.0,B01
201300034432,0,7,0,0.0,2.0,8.0,11.0,A01
201300034433,0,7,0,6.0,0.0,1.0,11.0,A01
201300034434,1,1,0,0.0,1.0,8.0,16.0,A01
201300034435,0,7,0,0.0,2.0,1.0,0.0,B01
201300034435,0,1,0,0.0,2.0,1.0,0.0,A01
201300034436,0,7,0,1.0,0.0,2.0,1.0,A01
201300034437,0,33,0,0.0,0.0,0.0,0.0,A01
201300034438,0,33,0,0.0,2.0,1.0,17.0,A01
201300034438,0,7,0,0.0,2.0,8.0,15.0,B01
201300034439,1,17,0,0.0,0.0,5.0,0.0,Z01
201300034439,0,1,0,0.0,2.0,8.0,2.0,B01
201300034440,0,7,0,1.0,1.0,3.0,1.0,A01
201300034441,0,7,0,0.0,2.0,1.0,2.0,A01
201300034441,0,7,0,0.0,2.0,4.0,1.0,B01
201300034442,0,7,0,13.0,0.0,9.0,14.0,A01
201300034443,0,33,0,12.0,2.0,8.0,1.0,B01
201300034443,0,7,0,0.0,0.0,7.0,14.0,A01
201300034444,0,7,0,0.0,1.0,3.0,1.0,A01
201300034445,0,30,0,0.0,2.0,1.0,1.0,B01
201300034445,0,7,0,0.0,0.0,7.0,1.0,A01
201300034446,0,7,0,1.0,0.0,1.0,1.0,A01
201300034447,0,7,0,0.0,2.0,3.0,1.0,B01
201300034447,0,33,0,0.0,2.0,1.0,17.0,A01
201300034448,0,7,0,0.0,1.0,3.0,1.0,A01
201300034449,0,7,0,0.0,2.0,4.0,2.0,C01
201300034449,0,7,0,0.0,2.0,1.0,2.0,A01
201300034449,0,7,0,0.0,2.0,4.0,2.0,B01
201300034450,0,7,0,0.0,2.0,4.0,23.0,B01
201300034450,0,7,0,0.0,2.0,1.0,2.0,A01
201300034451,0,7,0,0.0,1.0,7.0,1.0,A01
201300034452,0,7,0,0.0,1.0,3.0,1.0,A01
201300034453,0,7,0,0.0,2.0,1.0,1.0,B01
201300034453,0,7,0,0.0,2.0,1.0,13.0,A01
201300034454,0,7,0,0.0,2.0,8.0,15.0,B01
201300034454,0,31,0,0.0,2.0,1.0,17.0,A01
201300034455,0,7,0,0.0,2.0,3.0,15.0,A01
201300034455,0,2,0,0.0,2.0,1.0,1.0,B01
201300034456,0,7,0,0.0,1.0,1.0,1.0,A01
201300034457,0,7,0,0.0,1.0,1.0,1.0,A01
201300034458,0,32,0,0.0,2.0,7.0,1.0,B01
201300034458,0,7,0,0.0,2.0,1.0,15.0,A01
201300034459,0,7,0,6.0,0.0,4.0,0.0,A01
201300034460,0,30,0,0.0,2.0,1.0,2.0,A01
201300034460,0,7,0,0.0,0.0,6.0,2.0,B01
201300034461,0,7,0,0.0,2.0,5.0,4.0,A01
201300034461,0,2,0,0.0,2.0,1.0,1.0,B01
201300034462,0,7,0,0.0,2.0,8.0,17.0,A01
201300034462,0,10,0,0.0,2.0,2.0,17.0,B01
201300034463,0,33,0,0.0,0.0,8.0,1.0,A01
201300034464,0,2,0,1.0,0.0,1.0,1.0,A01
201300034465,0,10,0,13.0,0.0,1.0,2.0,A01
201300034466,0,7,0,0.0,2.0,1.0,2.0,A01
201300034466,0,7,0,0.0,0.0,4.0,2.0,B01
201300034467,0,7,0,13.0,0.0,9.0,13.0,A01
201300034468,0,7,0,0.0,1.0,2.0,1.0,A01
201300034469,0,7,0,0.0,2.0,3.0,1.0,B01
201300034469,0,7,0,0.0,2.0,1.0,19.0,A01
201300034470,0,7,0,6.0,0.0,1.0,1.0,A01
201300034471,0,7,0,2.0,0.0,9.0,1.0,A01
201300034472,0,7,0,0.0,1.0,2.0,1.0,A01
201300034473,0,7,0,1.0,2.0,9.0,1.0,A01
201300034473,0,7,0,0.0,2.0,3.0,1.0,C01
201300034473,0,7,0,0.0,2.0,1.0,1.0,B01
201300034474,0,1,0,0.0,0.0,0.0,1.0,A01
201300034475,0,7,0,0.0,2.0,6.0,1.0,B01
201300034475,0,7,0,0.0,2.0,3.0,5.0,A01
201300034476,0,7,0,0.0,1.0,1.0,1.0,A01
201300034477,0,7,0,0.0,2.0,3.0,15.0,A01
201300034477,0,30,0,0.0,2.0,1.0,1.0,B01
201300034478,0,33,0,0.0,2.0,0.0,1.0,A01
201300034478,0,7,0,0.0,2.0,6.0,1.0,B01
201300034479,0,7,0,0.0,1.0,2.0,1.0,A01
201300034480,0,7,0,2.0,0.0,4.0,0.0,A01
201300034481,0,30,0,1.0,0.0,1.0,1.0,A01
201300034482,0,7,0,0.0,2.0,1.0,2.0,B01
201300034482,0,7,0,0.0,2.0,1.0,5.0,A01
201300034483,0,7,0,0.0,2.0,7.0,15.0,A01
201300034483,0,33,0,0.0,2.0,1.0,1.0,B01
201300034484,0,2,0,0.0,2.0,2.0,17.0,B01
201300034484,0,7,0,0.0,0.0,6.0,15.0,A01
201300034485,0,7,0,0.0,0.0,5.0,15.0,A01
201300034485,0,30,0,0.0,2.0,1.0,1.0,B01
201300034486,0,7,0,2.0,0.0,2.0,2.0,A01
201300034487,0,1,0,0.0,2.0,1.0,16.0,B01
201300034487,0,7,0,0.0,2.0,2.0,1.0,A01
201300034488,0,2,0,0.0,1.0,1.0,1.0,A01
201300034489,0,15,0,0.0,2.0,2.0,1.0,C01
201300034489,0,7,0,5.0,2.0,1.0,1.0,A01
201300034489,0,17,0,0.0,2.0,4.0,2.0,B01
201300034490,0,7,0,2.0,0.0,9.0,13.0,A01
201300034491,0,7,0,0.0,1.0,2.0,1.0,A01
201300034492,0,1,0,0.0,2.0,8.0,15.0,B01
201300034492,0,7,0,0.0,2.0,1.0,1.0,A01
201300034493,0,7,0,3.0,0.0,7.0,1.0,A01
201300034494,0,7,0,0.0,2.0,3.0,15.0,A01
201300034494,0,31,0,0.0,2.0,8.0,1.0,B01
201300034495,1,7,0,0.0,1.0,8.0,15.0,Z01
201300034496,0,7,0,14.0,0.0,9.0,1.0,B01
201300034496,0,7,0,0.0,2.0,4.0,1.0,C01
201300034496,0,7,0,14.0,0.0,1.0,1.0,A01
201300034497,0,10,0,0.0,1.0,3.0,15.0,A01
201300034498,0,7,0,0.0,1.0,2.0,1.0,A01
201300034499,0,7,0,0.0,2.0,2.0,15.0,A01
201300034499,0,2,0,0.0,2.0,1.0,1.0,B01
201300034500,0,30,0,0.0,2.0,1.0,15.0,A01
201300034500,0,7,0,0.0,2.0,3.0,1.0,B01
201300034501,0,33,0,0.0,2.0,1.0,1.0,B01
201300034501,0,7,0,0.0,2.0,1.0,15.0,A01
201300034502,1,7,0,0.0,1.0,0.0,0.0,A01
201300034503,0,7,0,0.0,1.0,1.0,1.0,A01
201300034504,0,7,0,0.0,2.0,6.0,23.0,B01
201300034504,0,33,0,1.0,0.0,2.0,1.0,A01
201300034505,0,30,0,0.0,2.0,7.0,17.0,B01
201300034505,0,7,0,0.0,2.0,3.0,16.0,A01
201300034506,0,7,0,0.0,2.0,1.0,15.0,A01
201300034506,0,1,0,0.0,2.0,8.0,1.0,B01
201300034507,0,7,0,0.0,1.0,1.0,1.0,A01
201300034508,0,31,0,0.0,2.0,1.0,1.0,A01
201300034508,0,37,1,0.0,2.0,5.0,15.0,B01
201300034509,0,7,0,0.0,1.0,2.0,1.0,A01
201300034510,0,7,0,0.0,1.0,1.0,1.0,A01
201300034511,0,7,0,7.0,0.0,1.0,1.0,A01
201300034512,0,7,0,0.0,2.0,1.0,1.0,C01
201300034512,0,10,0,0.0,2.0,4.0,23.0,E01
201300034512,1,7,0,0.0,0.0,,,A01
201300034512,0,7,0,16.0,0.0,9.0,1.0,B01
201300034512,0,7,0,0.0,2.0,4.0,23.0,D01
201300034512,0,7,0,0.0,2.0,1.0,1.0,F02
201300034513,0,33,0,0.0,2.0,1.0,1.0,B01
201300034513,0,7,0,0.0,2.0,8.0,15.0,A01
201300034514,1,7,0,0.0,2.0,1.0,15.0,Z01
201300034514,0,30,0,0.0,2.0,1.0,1.0,A01
201300034515,0,7,0,0.0,1.0,1.0,1.0,A01
201300034516,0,31,0,0.0,2.0,1.0,1.0,A01
201300034516,0,7,0,0.0,2.0,8.0,1.0,B01
201300034517,2,7,0,1.0,0.0,1.0,0.0,A01
201300034518,0,7,0,16.0,0.0,9.0,1.0,A01
201300034519,0,2,0,0.0,1.0,0.0,1.0,A01
201300034520,0,30,0,0.0,2.0,3.0,9.0,B01
201300034520,0,7,0,0.0,2.0,1.0,1.0,A01
201300034521,1,7,0,0.0,1.0,1.0,1.0,A01
201300034522,0,7,0,0.0,2.0,1.0,13.0,A01
201300034522,0,7,0,0.0,2.0,3.0,1.0,B01
201300034523,0,20,0,0.0,2.0,8.0,1.0,B01
201300034523,0,17,0,5.0,2.0,7.0,17.0,A01
201300034524,0,7,0,14.0,0.0,1.0,1.0,A01
201300034525,0,7,0,0.0,1.0,2.0,1.0,A01
201300034526,0,7,0,0.0,1.0,1.0,1.0,A01
201300034527,0,7,0,0.0,2.0,3.0,15.0,A01
201300034527,0,2,0,1.0,2.0,4.0,1.0,B01
201300034528,0,7,0,0.0,1.0,0.0,23.0,A01
201300034529,0,7,0,0.0,1.0,1.0,1.0,A01
201300034530,0,7,0,0.0,2.0,1.0,1.0,A01
201300034530,0,2,0,0.0,2.0,8.0,9.0,B01
201300034531,0,30,0,0.0,2.0,1.0,1.0,A01
201300034531,0,17,0,0.0,2.0,6.0,23.0,B01
201300034532,0,7,0,8.0,0.0,1.0,1.0,A01
201300034533,0,7,0,8.0,0.0,1.0,1.0,A01
201300034534,0,31,0,0.0,2.0,2.0,1.0,A01
201300034534,1,7,0,0.0,2.0,0.0,10.0,Z01
201300034535,2,7,0,0.0,2.0,3.0,15.0,A01
201300034535,0,7,0,0.0,2.0,7.0,1.0,B01
201300034536,0,30,0,0.0,1.0,1.0,1.0,A01
201300034537,1,7,0,0.0,1.0,1.0,1.0,Z01
201300034538,0,30,0,0.0,0.0,0.0,1.0,A01
201300034539,0,7,0,0.0,2.0,1.0,1.0,A01
201300034539,0,7,0,0.0,2.0,8.0,15.0,B01
201300034540,0,1,0,0.0,0.0,0.0,0.0,A01
201300034541,0,7,0,0.0,2.0,5.0,10.0,A01
201300034541,0,30,0,0.0,2.0,1.0,1.0,B01
201300034542,0,7,0,4.0,0.0,3.0,1.0,A01
201300034543,0,33,0,16.0,0.0,7.0,1.0,A01
201300034544,0,7,0,0.0,2.0,4.0,23.0,B01
201300034544,0,33,0,0.0,2.0,1.0,2.0,A01
201300034545,0,2,0,16.0,0.0,7.0,1.0,A01
201300034546,0,33,0,1.0,2.0,1.0,17.0,A01
201300034546,0,7,0,0.0,2.0,8.0,15.0,B01
201300034547,0,7,0,4.0,0.0,8.0,1.0,A01
201300034548,0,2,0,0.0,2.0,1.0,1.0,A01
201300034548,1,7,0,0.0,2.0,2.0,1.0,Z01
201300034549,0,40,0,0.0,1.0,1.0,1.0,A01
201300034550,0,7,0,0.0,2.0,8.0,23.0,A01
201300034550,1,7,0,0.0,2.0,3.0,16.0,Z01
201300034551,0,7,0,1.0,0.0,1.0,1.0,A01
201300034552,0,30,0,6.0,0.0,1.0,1.0,A01
201300034553,0,1,0,0.0,2.0,1.0,1.0,A01
201300034553,0,7,0,0.0,2.0,3.0,1.0,B01
201300034554,0,7,0,0.0,2.0,4.0,1.0,B01