Num_Acc,senc,catv,occutc,obs,obsm,choc,manv,num_veh
201300034554,0,33,0,0.0,2.0,1.0,1.0,A01
201300034555,0,2,0,12.0,0.0,1.0,15.0,A01
201300034556,1,7,0,0.0,1.0,0.0,0.0,A01
201300034557,0,7,0,0.0,1.0,3.0,15.0,A01
201300034558,0,7,0,0.0,2.0,3.0,1.0,B01
201300034558,0,7,0,0.0,2.0,1.0,1.0,A01
201300034559,0,30,0,0.0,2.0,1.0,1.0,A01
201300034559,0,7,0,0.0,2.0,4.0,1.0,B01
201300034560,0,30,0,0.0,0.0,1.0,1.0,A01
201300034561,0,7,0,3.0,0.0,3.0,1.0,A01
201300034562,0,7,0,0.0,2.0,3.0,1.0,B01
201300034562,0,2,0,0.0,2.0,1.0,1.0,A01
201300034563,0,7,0,0.0,2.0,8.0,10.0,A01
201300034563,0,33,0,0.0,2.0,1.0,1.0,B01
201300034564,0,7,0,0.0,1.0,3.0,1.0,A01
201300034565,0,30,0,2.0,0.0,3.0,1.0,A01
201300034566,0,7,0,0.0,1.0,1.0,1.0,A01
201300034567,0,2,0,0.0,2.0,1.0,1.0,A01
201300034567,0,7,0,0.0,2.0,2.0,15.0,B01
201300034568,0,7,0,0.0,2.0,3.0,1.0,B01
201300034568,0,7,0,0.0,2.0,3.0,1.0,A01
201300034569,0,30,0,0.0,2.0,1.0,2.0,A01
201300034569,0,10,0,0.0,2.0,4.0,2.0,B01
201300034570,0,7,0,16.0,0.0,9.0,1.0,A01
201300034571,0,7,0,0.0,1.0,4.0,4.0,A01
201300034572,0,10,0,0.0,2.0,2.0,1.0,B01
201300034572,0,7,0,0.0,2.0,8.0,9.0,A01
201300034573,0,7,0,0.0,1.0,3.0,1.0,A01
201300034574,0,33,0,0.0,0.0,4.0,1.0,B01
201300034574,0,33,0,0.0,2.0,1.0,2.0,A01
201300034575,0,34,0,4.0,0.0,8.0,1.0,A01
201300034576,0,7,0,6.0,0.0,1.0,1.0,A01
201300034577,0,30,0,15.0,0.0,2.0,1.0,A01
201300034578,0,31,0,0.0,2.0,1.0,13.0,B01
201300034578,0,7,0,0.0,2.0,8.0,10.0,A01
201300034579,0,7,0,0.0,2.0,4.0,23.0,B01
201300034579,0,7,0,0.0,2.0,1.0,1.0,A01
201300034580,0,7,0,0.0,1.0,1.0,1.0,A01
201300034581,0,1,0,0.0,1.0,1.0,1.0,A01
201300034582,0,33,0,0.0,2.0,1.0,1.0,B01
201300034582,1,7,0,0.0,2.0,8.0,10.0,A01
201300034583,0,7,0,0.0,1.0,2.0,1.0,A01
201300034584,0,7,0,0.0,1.0,1.0,1.0,A01
201300034585,0,37,1,0.0,2.0,4.0,23.0,B01
201300034585,0,33,0,0.0,2.0,1.0,1.0,A01
201300034586,0,7,0,0.0,1.0,1.0,17.0,A01
201300034587,0,33,0,0.0,2.0,1.0,1.0,B01
201300034587,0,7,0,0.0,2.0,1.0,15.0,A01
201300034588,0,30,0,0.0,2.0,1.0,1.0,A01
201300034588,0,7,0,0.0,2.0,4.0,23.0,B01
201300034589,0,7,0,0.0,2.0,1.0,1.0,A01
201300034589,0,7,0,0.0,2.0,4.0,1.0,B01
201300034590,0,1,0,0.0,2.0,1.0,1.0,A01
201300034590,0,7,0,0.0,2.0,7.0,16.0,B01
201300034591,0,7,0,0.0,2.0,1.0,13.0,A01
201300034591,0,7,0,0.0,2.0,1.0,1.0,B01
201300034592,0,7,0,4.0,0.0,3.0,1.0,A01
201300034593,0,7,0,0.0,2.0,1.0,1.0,B01
201300034593,0,2,0,0.0,2.0,7.0,15.0,A01
201300034594,0,33,0,0.0,2.0,1.0,17.0,A01
201300034594,0,7,0,0.0,2.0,3.0,15.0,B01
201300034595,0,1,0,0.0,1.0,1.0,1.0,A01
201300034596,0,30,0,0.0,0.0,0.0,1.0,A01
201300034597,0,2,0,0.0,2.0,1.0,5.0,A01
201300034597,0,7,0,0.0,2.0,1.0,1.0,B01
201300034598,0,33,0,0.0,2.0,1.0,2.0,A01
201300034598,0,7,0,0.0,2.0,4.0,23.0,B01
201300034599,0,2,0,16.0,0.0,8.0,1.0,A01
201300034600,0,2,0,16.0,0.0,7.0,1.0,A01
201300034601,0,7,0,0.0,2.0,7.0,23.0,B01
201300034601,0,1,0,0.0,2.0,1.0,1.0,A01
201300034602,1,7,0,0.0,2.0,2.0,1.0,A01
201300034602,0,1,0,0.0,2.0,3.0,9.0,B01
201300034603,0,7,0,0.0,2.0,8.0,1.0,B01
201300034603,0,7,0,0.0,2.0,1.0,1.0,A01
201300034604,0,1,0,0.0,2.0,8.0,1.0,A01
201300034604,0,7,0,0.0,2.0,1.0,1.0,B01
201300034605,0,7,0,16.0,0.0,9.0,1.0,A01
201300034606,0,31,0,0.0,2.0,1.0,1.0,A01
201300034606,0,7,0,0.0,2.0,4.0,10.0,B01
201300034607,0,7,0,0.0,2.0,1.0,1.0,A01
201300034607,0,7,0,0.0,2.0,3.0,1.0,B01
201300034608,0,7,0,0.0,1.0,3.0,15.0,A01
201300034609,0,33,0,0.0,2.0,1.0,1.0,B01
201300034609,0,7,0,0.0,2.0,2.0,15.0,A01
201300034610,0,7,0,0.0,2.0,1.0,1.0,A01
201300034610,0,1,0,0.0,2.0,8.0,16.0,B01
201300034611,2,30,0,0.0,2.0,1.0,1.0,A01
201300034611,1,31,0,0.0,2.0,1.0,1.0,Z01
201300034612,0,31,0,0.0,2.0,1.0,1.0,B01
201300034612,0,7,0,0.0,2.0,7.0,15.0,A01
201300034613,0,7,0,0.0,2.0,1.0,1.0,C01
201300034613,0,10,0,0.0,2.0,2.0,1.0,B01
201300034613,0,7,0,0.0,2.0,1.0,16.0,A01
201300034614,0,1,0,0.0,2.0,3.0,19.0,A01
201300034614,0,7,0,0.0,2.0,1.0,1.0,B01
201300034615,0,1,0,0.0,0.0,0.0,1.0,A01
201300034616,0,30,0,0.0,2.0,7.0,15.0,B01
201300034616,0,7,0,0.0,2.0,8.0,15.0,A01
201300034617,0,7,0,0.0,1.0,2.0,1.0,A01
201300034618,0,1,0,0.0,0.0,0.0,16.0,A01
201300034619,0,7,0,0.0,2.0,3.0,13.0,A01
201300034619,0,7,0,0.0,2.0,1.0,23.0,C01
201300034620,0,7,0,4.0,0.0,3.0,1.0,A01
201300034621,0,33,0,0.0,2.0,2.0,1.0,B01
201300034621,0,7,0,0.0,2.0,1.0,15.0,A01
201300034622,1,7,0,0.0,1.0,1.0,14.0,Z01
201300034623,0,7,0,0.0,2.0,3.0,15.0,A01
201300034623,0,30,0,0.0,2.0,3.0,1.0,B01
201300034624,0,7,0,1.0,2.0,1.0,1.0,A01
201300034624,0,7,0,0.0,2.0,8.0,1.0,B01
201300034625,0,7,0,0.0,1.0,1.0,16.0,A01
201300034626,0,7,0,0.0,2.0,5.0,15.0,A01
201300034626,0,30,0,0.0,2.0,1.0,1.0,B01
201300034627,0,2,0,16.0,0.0,0.0,1.0,A01
201300034628,0,7,0,0.0,2.0,7.0,15.0,A01
201300034628,0,33,0,0.0,2.0,1.0,1.0,B01
201300034629,0,31,0,0.0,2.0,7.0,2.0,A01
201300034629,0,7,0,0.0,9.0,6.0,2.0,B01
201300034630,0,7,0,0.0,2.0,7.0,14.0,A01
201300034630,0,1,0,0.0,2.0,1.0,1.0,B01
201300034631,0,30,0,0.0,2.0,1.0,1.0,A01
201300034631,0,7,0,0.0,2.0,7.0,1.0,B01
201300034632,0,1,0,14.0,0.0,0.0,0.0,A01
201300034633,0,30,0,0.0,0.0,0.0,1.0,A01
201300034634,0,33,0,11.0,0.0,0.0,0.0,A01
201300034635,0,31,0,0.0,2.0,8.0,1.0,B01
201300034635,0,7,0,0.0,2.0,1.0,15.0,A01
201300034636,0,7,0,0.0,1.0,1.0,1.0,A01
201300034637,1,17,0,0.0,0.0,0.0,0.0,B01
201300034637,0,30,0,0.0,2.0,5.0,1.0,A01
201300034638,0,7,0,0.0,0.0,0.0,15.0,A01
201300034638,0,33,0,0.0,2.0,0.0,1.0,B01
201300034639,0,7,0,0.0,0.0,1.0,0.0,A01
201300034639,0,31,0,0.0,0.0,1.0,0.0,B01
201300034640,0,7,0,0.0,2.0,1.0,2.0,A01
201300034640,0,3,0,0.0,2.0,4.0,2.0,B01
201300034641,0,7,0,0.0,1.0,0.0,0.0,A01
201300034642,0,7,0,0.0,2.0,3.0,1.0,B01
201300034642,0,32,0,0.0,2.0,7.0,1.0,A01
201300034643,0,1,0,0.0,0.0,1.0,1.0,A01
201300034644,0,99,0,0.0,0.0,0.0,1.0,A01
201300034645,0,7,0,0.0,0.0,7.0,15.0,A01
201300034645,0,30,0,0.0,0.0,1.0,1.0,B01
201300034646,0,7,0,0.0,2.0,3.0,15.0,A01
201300034646,0,7,0,0.0,2.0,3.0,1.0,B01
201300034647,1,7,0,0.0,1.0,1.0,1.0,Z01
201300034648,0,7,0,14.0,0.0,1.0,1.0,A01
201300034648,0,7,0,4.0,0.0,1.0,1.0,B01
201300034649,0,37,1,0.0,1.0,1.0,16.0,A01
201300034650,0,30,0,16.0,0.0,0.0,1.0,A01
201300034651,2,7,0,0.0,1.0,4.0,4.0,A01
201300034652,1,30,0,0.0,1.0,0.0,0.0,A01
201300034653,0,1,0,15.0,0.0,1.0,1.0,A01
201300034654,0,7,0,0.0,2.0,2.0,15.0,A01
201300034654,0,1,0,0.0,2.0,1.0,1.0,B01
201300034655,0,30,0,0.0,0.0,1.0,0.0,A01
201300034655,0,7,0,0.0,0.0,8.0,0.0,B01
201300034656,0,7,0,0.0,0.0,0.0,1.0,A01
201300034657,0,14,0,0.0,2.0,5.0,12.0,A01
201300034657,0,7,0,0.0,2.0,8.0,1.0,B01
201300034658,0,30,0,11.0,0.0,1.0,1.0,A01
201300034659,1,33,0,16.0,0.0,0.0,1.0,A01
201300034660,0,33,0,0.0,2.0,8.0,15.0,A01
201300034660,0,7,0,0.0,2.0,2.0,1.0,B01
201300034661,0,2,0,0.0,2.0,1.0,1.0,B01
201300034661,0,7,0,0.0,2.0,7.0,1.0,A01
201300034662,0,7,0,0.0,2.0,8.0,22.0,A01
201300034662,0,2,0,0.0,2.0,1.0,1.0,B01
201300034663,0,1,0,1.0,0.0,3.0,15.0,A01
201300034664,0,30,0,0.0,2.0,8.0,1.0,B01
201300034664,0,7,0,0.0,2.0,2.0,15.0,A01
201300034665,0,10,0,0.0,2.0,7.0,1.0,B01
201300034665,0,30,0,0.0,2.0,1.0,9.0,A01
201300034666,0,7,0,15.0,0.0,8.0,1.0,A01
201300034667,0,30,0,1.0,0.0,1.0,1.0,A01
201300034668,0,10,0,16.0,0.0,9.0,1.0,A01
201300034669,0,7,0,0.0,1.0,3.0,0.0,A01
201300034670,0,7,0,0.0,2.0,1.0,15.0,A01
201300034670,0,33,0,0.0,2.0,1.0,1.0,B01
201300034671,0,7,0,0.0,1.0,1.0,0.0,A01
201300034672,0,10,0,0.0,2.0,8.0,15.0,B01
201300034672,0,7,0,0.0,2.0,1.0,1.0,A01
201300034673,0,7,0,0.0,0.0,1.0,9.0,A01
201300034674,0,10,0,0.0,1.0,2.0,1.0,A01
201300034675,0,7,0,0.0,1.0,2.0,1.0,A01
201300034676,0,15,0,0.0,2.0,4.0,23.0,B01
201300034676,0,33,0,0.0,2.0,1.0,1.0,A01
201300034677,1,7,0,0.0,2.0,5.0,12.0,A01
201300034677,0,7,0,4.0,2.0,3.0,1.0,B01
201300034678,0,30,0,0.0,1.0,1.0,1.0,A01
201300034679,0,7,0,0.0,1.0,1.0,1.0,A01
201300034680,0,30,0,0.0,1.0,1.0,16.0,A01
201300034681,0,7,0,0.0,2.0,2.0,14.0,B01
201300034681,0,33,0,0.0,2.0,3.0,18.0,A01
201300034682,1,10,0,0.0,1.0,2.0,1.0,Z01
201300034683,0,7,0,0.0,1.0,1.0,1.0,A01
201300034684,1,99,0,0.0,2.0,1.0,2.0,Z01
201300034684,0,10,0,0.0,0.0,4.0,2.0,A01
201300034684,0,10,0,0.0,2.0,9.0,2.0,C01
201300034684,0,7,0,0.0,2.0,9.0,2.0,D01
201300034684,0,7,0,0.0,2.0,1.0,2.0,B01
201300034685,0,30,0,0.0,1.0,1.0,1.0,A01
201300034686,0,7,0,0.0,2.0,1.0,15.0,A01
201300034686,0,31,0,0.0,2.0,7.0,1.0,B01
201300034687,0,7,0,7.0,0.0,9.0,1.0,A01
201300034688,0,1,0,0.0,2.0,7.0,1.0,A01
201300034688,1,7,0,0.0,2.0,1.0,9.0,Z01
201300034689,0,7,0,0.0,1.0,2.0,16.0,A01
201300034690,0,3,0,0.0,1.0,1.0,15.0,A01
201300034691,0,33,0,4.0,0.0,1.0,1.0,A01
201300034692,0,7,0,0.0,1.0,1.0,1.0,A01
201300034693,0,7,0,0.0,2.0,1.0,1.0,B01
201300034693,0,7,0,0.0,2.0,5.0,1.0,A01
201300034694,1,30,0,0.0,1.0,1.0,0.0,Z01
201300034695,0,7,0,0.0,1.0,1.0,1.0,A01
201300034696,0,7,0,0.0,2.0,1.0,2.0,A01
201300034696,0,7,0,0.0,0.0,4.0,2.0,B01
201300034697,0,7,0,0.0,2.0,1.0,1.0,A01
201300034697,0,7,0,6.0,2.0,7.0,1.0,B01
201300034698,0,7,0,0.0,1.0,1.0,15.0,A01
201300034699,0,7,0,0.0,2.0,2.0,13.0,A01
201300034699,0,7,0,0.0,2.0,1.0,1.0,B01
201300034700,0,7,0,4.0,0.0,8.0,1.0,A01
201300034701,0,7,0,0.0,2.0,3.0,15.0,A01
201300034701,0,7,0,15.0,2.0,1.0,1.0,B01
201300034702,0,7,0,0.0,2.0,1.0,15.0,B01
201300034702,0,7,0,0.0,2.0,1.0,15.0,A01
201300034703,0,7,0,0.0,2.0,8.0,1.0,B01
201300034703,0,7,0,0.0,2.0,1.0,1.0,A01
201300034704,0,7,0,0.0,1.0,4.0,4.0,A01
201300034705,0,7,0,0.0,1.0,2.0,1.0,A01
201300034706,0,7,0,0.0,1.0,1.0,1.0,A01
201300034707,0,7,0,0.0,2.0,1.0,0.0,A01
201300034707,0,7,0,0.0,2.0,6.0,15.0,B01
201300034708,0,14,0,0.0,2.0,1.0,1.0,B01
201300034708,0,7,0,0.0,2.0,4.0,1.0,A01
201300034709,0,10,0,6.0,2.0,2.0,0.0,A01
201300034709,0,7,0,0.0,2.0,6.0,1.0,B01
201300034710,0,7,0,0.0,1.0,3.0,1.0,A01
201300034711,0,7,0,0.0,1.0,1.0,1.0,A01
201300034712,0,32,0,0.0,1.0,7.0,1.0,A01
201300034713,0,1,0,0.0,1.0,1.0,17.0,A01
201300034714,0,7,0,0.0,2.0,0.0,15.0,A01
201300034714,0,1,0,0.0,2.0,0.0,1.0,B01
201300034715,0,7,0,0.0,2.0,2.0,0.0,B01
201300034715,0,1,0,0.0,2.0,0.0,5.0,A01
201300034716,0,7,0,0.0,2.0,3.0,15.0,B01
201300034716,0,33,0,0.0,2.0,1.0,17.0,A01
201300034717,0,7,0,0.0,2.0,3.0,1.0,B01
201300034717,0,7,0,0.0,2.0,1.0,1.0,A01
201300034718,0,7,0,0.0,1.0,3.0,1.0,A01
201300034719,0,7,0,0.0,2.0,8.0,1.0,B01
201300034719,0,7,0,0.0,2.0,1.0,0.0,A01
201300034719,0,7,0,0.0,2.0,5.0,0.0,C01
201300034720,0,7,0,0.0,2.0,0.0,0.0,A01
201300034720,0,7,0,0.0,2.0,4.0,1.0,B01
201300034721,0,37,1,0.0,2.0,2.0,0.0,B01
201300034721,0,7,0,0.0,2.0,3.0,0.0,A01
201300034722,0,7,0,0.0,2.0,1.0,1.0,B01
201300034722,0,7,0,0.0,2.0,2.0,1.0,A01
201300034723,0,7,0,15.0,0.0,1.0,0.0,A01
201300034724,0,7,0,0.0,1.0,1.0,15.0,A01
201300034725,0,1,0,0.0,2.0,7.0,1.0,B01
201300034725,0,7,0,0.0,9.0,1.0,0.0,A01
201300034726,0,7,0,0.0,2.0,8.0,21.0,B01
201300034726,0,7,0,0.0,2.0,3.0,5.0,A01
201300034727,0,7,0,0.0,2.0,3.0,1.0,A01
201300034727,0,33,0,0.0,2.0,2.0,2.0,B01
201300034728,0,32,0,0.0,2.0,7.0,1.0,B01
201300034728,0,7,0,0.0,2.0,1.0,15.0,A01
201300034729,0,7,0,0.0,1.0,1.0,16.0,A01
201300034730,2,7,0,4.0,0.0,3.0,0.0,A01
201300034731,0,15,0,0.0,1.0,2.0,16.0,A01
201300034732,0,7,0,0.0,2.0,4.0,23.0,B01
201300034732,0,7,0,0.0,2.0,4.0,23.0,C01
201300034732,0,7,0,0.0,2.0,1.0,2.0,A01
201300034733,0,7,0,1.0,0.0,2.0,10.0,A01
201300034734,0,7,0,0.0,2.0,1.0,0.0,A01
201300034734,0,7,0,0.0,2.0,4.0,0.0,B01
201300034735,0,2,0,0.0,2.0,1.0,1.0,B01
201300034735,0,7,0,0.0,2.0,2.0,9.0,A01
201300034736,2,7,0,6.0,0.0,0.0,0.0,A01
201300034737,0,7,0,0.0,2.0,2.0,0.0,A01
201300034737,0,7,0,8.0,2.0,1.0,15.0,B01
201300034738,0,7,0,0.0,1.0,0.0,1.0,A01
201300034739,0,33,0,0.0,2.0,0.0,17.0,B01
201300034739,0,7,0,0.0,2.0,3.0,15.0,A01
201300034740,0,10,0,0.0,1.0,3.0,15.0,A01
201300034741,0,10,0,0.0,2.0,3.0,15.0,A01
201300034741,0,32,0,0.0,2.0,1.0,1.0,B01
201300034742,0,7,0,1.0,2.0,1.0,1.0,B01
201300034742,0,17,0,0.0,2.0,0.0,15.0,A01
201300034743,0,7,0,12.0,1.0,1.0,0.0,A01
201300034744,0,33,0,0.0,0.0,8.0,16.0,A01
201300034745,0,33,0,0.0,2.0,8.0,1.0,A01
201300034745,0,7,0,0.0,2.0,5.0,2.0,B01
201300034746,0,7,0,6.0,0.0,1.0,13.0,A01
201300034747,0,7,0,0.0,1.0,3.0,0.0,A01
201300034748,0,7,0,0.0,2.0,1.0,1.0,A01
201300034748,0,37,1,0.0,2.0,2.0,0.0,B01
201300034749,0,7,0,0.0,2.0,1.0,1.0,B01
201300034749,0,7,0,0.0,2.0,3.0,9.0,A01
201300034750,0,15,0,0.0,2.0,1.0,1.0,B01
201300034750,0,7,0,0.0,2.0,8.0,1.0,A01
201300034751,0,7,0,0.0,1.0,0.0,0.0,A01
201300034752,0,7,0,0.0,1.0,1.0,1.0,A01
201300034753,0,7,0,0.0,2.0,1.0,1.0,B01
201300034753,0,2,0,0.0,2.0,1.0,5.0,A01
201300034754,0,15,0,0.0,2.0,2.0,12.0,A01
201300034754,0,7,0,2.0,2.0,8.0,2.0,B01
201300034755,0,15,0,3.0,0.0,0.0,21.0,A01
201300034756,0,32,0,0.0,0.0,1.0,0.0,B01
201300034756,0,7,0,0.0,2.0,2.0,15.0,A01
201300034757,0,20,0,0.0,2.0,4.0,23.0,B01
201300034757,0,7,0,0.0,2.0,1.0,1.0,A01
201300034758,0,7,0,0.0,2.0,2.0,15.0,A01
201300034758,0,7,0,0.0,2.0,1.0,1.0,B01
201300034759,0,7,0,0.0,2.0,2.0,16.0,B01
201300034759,0,2,0,0.0,2.0,1.0,1.0,A01
201300034760,0,7,0,0.0,2.0,1.0,15.0,A01
201300034760,0,33,0,0.0,2.0,1.0,1.0,B01
201300034761,0,7,0,0.0,2.0,1.0,1.0,A01
201300034761,0,7,0,0.0,2.0,0.0,15.0,B01
201300034762,0,13,0,0.0,2.0,3.0,11.0,A01
201300034762,0,7,0,15.0,2.0,4.0,1.0,B01
201300034763,0,7,0,0.0,2.0,4.0,2.0,B01
201300034763,0,7,0,0.0,2.0,1.0,2.0,D01
201300034763,0,7,0,0.0,2.0,1.0,2.0,E01
201300034763,0,7,0,0.0,2.0,1.0,2.0,C01
201300034764,0,7,0,0.0,2.0,1.0,1.0,A01
201300034764,0,7,0,0.0,2.0,2.0,15.0,B01
201300034765,0,33,0,0.0,2.0,1.0,1.0,B01
201300034765,0,7,0,0.0,2.0,7.0,15.0,A01
201300034766,0,1,0,0.0,2.0,0.0,19.0,A01
201300034766,0,7,0,0.0,2.0,1.0,1.0,B01
201300034767,0,7,0,0.0,1.0,1.0,1.0,A01
201300034768,0,31,0,0.0,2.0,8.0,18.0,A01
201300034768,0,7,0,0.0,2.0,2.0,16.0,B01
201300034769,0,10,0,0.0,2.0,7.0,16.0,B01
201300034769,0,33,0,0.0,2.0,8.0,1.0,A01
201300034770,0,7,0,0.0,2.0,8.0,23.0,C01
201300034770,0,37,1,0.0,2.0,8.0,1.0,B01
201300034770,0,7,0,0.0,2.0,2.0,15.0,A01
201300034771,0,7,0,0.0,1.0,3.0,15.0,A01
201300034772,0,7,0,12.0,0.0,1.0,1.0,A01
201300034773,0,7,0,0.0,1.0,0.0,0.0,B01
201300034773,0,7,0,0.0,2.0,1.0,1.0,A01
201300034774,0,7,0,0.0,2.0,1.0,1.0,B01
201300034774,0,7,0,0.0,2.0,2.0,15.0,A01
201300034775,0,2,0,0.0,2.0,0.0,1.0,B01
201300034775,0,7,0,0.0,2.0,0.0,10.0,A01
201300034776,0,99,0,0.0,2.0,1.0,1.0,A01
201300034776,0,10,0,0.0,2.0,8.0,15.0,B01
201300034777,0,7,0,0.0,1.0,2.0,1.0,A01
201300034778,0,37,1,0.0,1.0,7.0,0.0,A01
201300034779,0,7,0,0.0,0.0,4.0,23.0,B01
201300034779,0,7,0,0.0,2.0,1.0,2.0,A01
201300034780,0,10,0,0.0,2.0,1.0,1.0,B01
201300034780,0,7,0,0.0,2.0,7.0,1.0,A01
201300034781,0,33,0,0.0,2.0,1.0,1.0,B01
201300034781,0,7,0,0.0,2.0,8.0,15.0,A01
201300034782,0,7,0,0.0,1.0,1.0,0.0,A01
201300034783,0,37,2,0.0,1.0,2.0,1.0,A01
201300034784,0,7,0,0.0,1.0,2.0,16.0,A01
201300034785,0,7,0,9.0,0.0,3.0,21.0,A01
201300034786,0,7,0,0.0,2.0,2.0,0.0,A01
201300034786,0,7,0,0.0,2.0,3.0,15.0,B01
201300034787,1,7,0,0.0,1.0,0.0,0.0,Z01
201300034788,0,33,0,0.0,2.0,3.0,1.0,A01
201300034788,0,7,0,0.0,2.0,3.0,15.0,B01
201300034789,0,2,0,0.0,0.0,0.0,15.0,A01
201300034790,0,7,0,0.0,0.0,4.0,1.0,C01
201300034790,0,7,0,1.0,0.0,1.0,11.0,A01
201300034790,0,7,0,1.0,0.0,1.0,0.0,B01
201300034791,0,7,0,0.0,1.0,2.0,1.0,A01
201300034792,0,2,0,0.0,1.0,1.0,17.0,A01
201300034793,0,31,0,0.0,2.0,7.0,1.0,B01
201300034793,0,99,0,0.0,2.0,3.0,15.0,A01
201300034794,0,2,0,0.0,1.0,1.0,18.0,A01
201300034795,0,33,0,0.0,0.0,0.0,1.0,A01
201300034795,0,30,0,0.0,0.0,0.0,1.0,B01
201300034796,1,7,0,0.0,1.0,4.0,4.0,Z01
201300034797,0,37,20,0.0,1.0,3.0,1.0,A01
201300034798,0,7,0,0.0,2.0,0.0,1.0,A01
201300034798,0,30,0,0.0,2.0,0.0,0.0,B01
201300034799,0,1,0,0.0,2.0,1.0,1.0,A01
201300034799,0,7,0,0.0,2.0,3.0,1.0,B01
201300034800,0,10,0,0.0,1.0,4.0,23.0,B01
201300034800,0,10,0,0.0,2.0,1.0,1.0,A01
201300034801,0,7,0,0.0,1.0,1.0,1.0,A01
201300034802,0,7,0,0.0,2.0,1.0,1.0,B01
201300034802,0,7,0,0.0,2.0,4.0,1.0,C01
201300034802,0,7,0,0.0,2.0,1.0,1.0,A01
201300034803,0,10,0,0.0,2.0,2.0,15.0,A01
201300034803,0,33,0,0.0,2.0,1.0,1.0,B01
201300034804,1,99,0,0.0,1.0,0.0,0.0,Z01
201300034805,0,7,0,0.0,2.0,1.0,0.0,Z01
201300034805,0,7,0,0.0,2.0,3.0,15.0,A01
201300034806,0,7,0,4.0,0.0,3.0,13.0,A01
201300034807,0,7,0,0.0,2.0,1.0,0.0,A01
201300034807,0,34,0,0.0,2.0,4.0,23.0,B01
201300034808,0,7,0,0.0,2.0,1.0,5.0,A01
201300034808,0,7,0,0.0,2.0,4.0,15.0,B01
201300034809,0,7,0,0.0,2.0,1.0,2.0,A01
201300034809,0,7,0,0.0,2.0,4.0,2.0,B01
201300034809,0,7,0,0.0,2.0,4.0,2.0,C01
201300034810,0,7,0,0.0,2.0,1.0,2.0,A01
201300034810,0,7,0,0.0,2.0,4.0,23.0,C01
201300034810,0,7,0,0.0,2.0,1.0,2.0,B01
201300034811,0,7,0,0.0,1.0,1.0,1.0,A01
201300034812,0,7,0,3.0,0.0,1.0,0.0,A01
201300034813,0,7,0,0.0,2.0,3.0,13.0,A01
201300034813,0,1,0,0.0,2.0,1.0,0.0,B01
201300034814,0,7,0,0.0,2.0,3.0,1.0,B01
201300034814,0,1,0,0.0,2.0,1.0,1.0,A01
201300034815,0,7,0,15.0,0.0,2.0,1.0,A01
201300034816,0,33,0,0.0,2.0,7.0,1.0,B01
201300034816,0,7,0,0.0,2.0,6.0,11.0,A01
201300034817,0,33,0,5.0,0.0,1.0,1.0,A01
201300034818,0,7,0,0.0,2.0,1.0,1.0,A01
201300034818,0,7,0,0.0,0.0,4.0,0.0,B01
201300034819,0,7,0,5.0,2.0,3.0,1.0,B01
201300034819,0,7,0,5.0,2.0,2.0,1.0,A01
201300034820,0,7,0,0.0,1.0,1.0,0.0,A01
201300034821,0,7,0,0.0,2.0,1.0,19.0,A01
201300034821,0,1,0,0.0,2.0,0.0,0.0,B01
201300034822,0,33,0,0.0,2.0,7.0,1.0,B01
201300034822,0,37,1,0.0,2.0,8.0,11.0,A01
201300034823,0,7,0,0.0,2.0,2.0,15.0,A01
201300034823,0,34,0,0.0,2.0,1.0,1.0,B01
201300034824,0,33,0,0.0,2.0,1.0,1.0,B01
201300034824,0,7,0,0.0,2.0,7.0,15.0,A01
201300034825,0,33,0,0.0,2.0,2.0,2.0,A01
201300034825,0,7,0,0.0,2.0,3.0,2.0,B01
201300034826,0,33,0,0.0,2.0,2.0,0.0,B01
201300034826,0,17,0,0.0,2.0,5.0,23.0,A01
201300034827,0,7,0,0.0,2.0,5.0,0.0,B01
201300034827,0,31,0,0.0,2.0,1.0,0.0,A01
201300034828,0,7,0,0.0,2.0,3.0,1.0,A01
201300034828,0,7,0,0.0,2.0,2.0,0.0,B01
201300034829,0,34,0,0.0,2.0,1.0,1.0,B01
201300034829,0,7,0,0.0,2.0,7.0,15.0,A01
201300034830,0,7,0,0.0,1.0,3.0,1.0,A01
201300034831,0,33,0,0.0,2.0,8.0,21.0,A01
201300034831,0,7,0,0.0,2.0,1.0,1.0,B01
201300034832,1,7,0,0.0,1.0,1.0,1.0,Z01
201300034833,0,7,0,0.0,1.0,0.0,1.0,A01
201300034834,0,37,0,0.0,2.0,3.0,1.0,B01
201300034834,0,10,0,0.0,2.0,2.0,1.0,A01
201300034835,0,7,0,0.0,2.0,3.0,1.0,B01
201300034835,0,1,0,0.0,2.0,1.0,19.0,A01
201300034836,0,7,0,0.0,2.0,3.0,15.0,B01
201300034836,0,2,0,0.0,2.0,2.0,15.0,A01
201300034837,0,33,0,0.0,2.0,1.0,17.0,A01
201300034837,0,7,0,0.0,2.0,5.0,15.0,B01
201300034838,0,7,0,0.0,2.0,4.0,1.0,B01
201300034838,0,10,0,0.0,2.0,1.0,1.0,C01
201300034838,0,15,0,0.0,2.0,1.0,12.0,A01
201300034839,0,7,0,0.0,2.0,1.0,15.0,A01
201300034839,0,7,0,0.0,2.0,1.0,1.0,B01
201300034840,0,15,0,0.0,1.0,2.0,16.0,A01
201300034841,0,7,0,0.0,1.0,2.0,1.0,A01
201300034842,1,7,0,0.0,2.0,4.0,1.0,Z01