Num_Acc,senc,catv,occutc,obs,obsm,choc,manv,num_veh
201300034842,0,2,0,0.0,2.0,2.0,1.0,B01
201300034843,0,10,0,0.0,2.0,2.0,15.0,A01
201300034843,0,10,0,0.0,2.0,1.0,1.0,B01
201300034844,0,7,0,0.0,2.0,8.0,1.0,A01
201300034844,0,2,0,0.0,2.0,1.0,1.0,B01
201300034845,0,7,0,0.0,2.0,1.0,1.0,B01
201300034845,0,7,0,0.0,2.0,7.0,15.0,A01
201300034846,0,7,0,0.0,2.0,3.0,9.0,B01
201300034846,0,7,0,0.0,2.0,2.0,17.0,A01
201300034847,0,7,0,0.0,2.0,1.0,2.0,B01
201300034847,0,7,0,0.0,2.0,1.0,2.0,A01
201300034847,0,7,0,0.0,2.0,4.0,2.0,C01
201300034848,0,33,0,0.0,0.0,0.0,1.0,A01
201300034849,1,7,0,0.0,1.0,0.0,1.0,Z01
201300034850,0,30,0,1.0,2.0,1.0,1.0,B01
201300034850,0,7,0,0.0,2.0,1.0,15.0,A01
201300034851,0,33,0,0.0,2.0,3.0,0.0,A01
201300034851,0,7,0,0.0,2.0,5.0,15.0,B01
201300034852,0,7,0,6.0,0.0,1.0,16.0,A01
201300034853,0,7,0,0.0,2.0,5.0,0.0,B01
201300034853,0,33,0,0.0,2.0,1.0,1.0,A01
201300034854,0,33,0,12.0,0.0,1.0,1.0,A01
201300034855,0,7,0,11.0,0.0,3.0,0.0,A01
201300034856,0,7,0,0.0,2.0,3.0,0.0,Z01
201300034856,0,33,0,0.0,2.0,1.0,0.0,A01
201300034857,0,7,0,0.0,2.0,1.0,2.0,A01
201300034857,0,7,0,0.0,2.0,4.0,2.0,B01
201300034858,0,15,0,0.0,2.0,1.0,13.0,A01
201300034858,0,33,0,0.0,2.0,1.0,1.0,B01
201300034859,0,31,0,0.0,2.0,1.0,13.0,A01
201300034859,0,7,0,0.0,2.0,2.0,1.0,B01
201300034860,0,7,0,0.0,2.0,8.0,0.0,C01
201300034860,0,7,0,0.0,2.0,3.0,0.0,B01
201300034860,0,33,0,0.0,2.0,1.0,0.0,A01
201300034861,0,7,0,3.0,0.0,2.0,17.0,A01
201300034862,0,2,0,0.0,0.0,0.0,0.0,A01
201300034863,0,7,0,0.0,2.0,2.0,9.0,B01
201300034863,0,33,0,0.0,2.0,1.0,17.0,A01
201300034864,0,33,0,0.0,0.0,2.0,1.0,A01
201300034865,0,7,0,0.0,2.0,8.0,1.0,C01
201300034865,0,7,0,0.0,2.0,4.0,1.0,B01
201300034865,0,33,0,0.0,2.0,0.0,2.0,A01
201300034866,0,7,0,0.0,2.0,8.0,15.0,A01
201300034866,0,2,0,0.0,2.0,0.0,1.0,B01
201300034867,0,30,0,0.0,2.0,1.0,13.0,A01
201300034867,0,7,0,0.0,2.0,2.0,1.0,B01
201300034868,0,7,0,1.0,0.0,7.0,0.0,A01
201300034869,0,7,0,4.0,0.0,1.0,0.0,A01
201300034870,0,37,10,0.0,2.0,1.0,0.0,B01
201300034870,0,7,0,0.0,2.0,8.0,1.0,A01
201300034871,0,7,0,0.0,2.0,3.0,16.0,A01
201300034871,0,34,0,0.0,2.0,7.0,1.0,B01
201300034872,0,7,0,1.0,0.0,2.0,1.0,A01
201300034873,0,7,0,0.0,2.0,7.0,11.0,A01
201300034873,0,17,0,0.0,2.0,2.0,1.0,B01
201300034874,2,7,0,0.0,2.0,2.0,15.0,A01
201300034874,0,7,0,1.0,2.0,6.0,1.0,B01
201300034875,0,2,0,1.0,2.0,8.0,19.0,A01
201300034875,0,7,0,0.0,2.0,1.0,1.0,B01
201300034876,0,1,0,0.0,2.0,7.0,19.0,B01
201300034876,0,7,0,0.0,2.0,1.0,1.0,A01
201300034877,0,7,0,9.0,0.0,7.0,1.0,A01
201300034878,0,7,0,0.0,2.0,6.0,15.0,A01
201300034878,0,33,0,0.0,2.0,1.0,1.0,B01
201300034879,0,7,0,0.0,2.0,3.0,1.0,B01
201300034879,0,7,0,0.0,2.0,1.0,15.0,A01
201300034880,0,33,0,4.0,0.0,8.0,1.0,B01
201300034880,1,17,0,0.0,0.0,0.0,0.0,Z01
201300034881,0,33,0,0.0,1.0,0.0,1.0,A01
201300034882,0,33,0,0.0,2.0,1.0,1.0,B01
201300034882,1,7,0,0.0,2.0,2.0,15.0,A01
201300034883,0,7,0,0.0,2.0,3.0,15.0,A01
201300034883,0,2,0,0.0,2.0,2.0,17.0,B01
201300034884,0,7,0,0.0,2.0,1.0,1.0,A01
201300034884,0,7,0,0.0,2.0,8.0,16.0,B01
201300034885,0,7,0,0.0,2.0,3.0,13.0,A01
201300034885,0,7,0,0.0,2.0,3.0,1.0,B01
201300034886,0,7,0,0.0,9.0,4.0,0.0,G02
201300034886,0,7,0,0.0,9.0,0.0,0.0,E01
201300034886,0,7,0,0.0,2.0,8.0,0.0,D01
201300034886,0,7,0,0.0,2.0,8.0,0.0,B01
201300034886,0,7,0,0.0,2.0,4.0,0.0,F02
201300034886,0,7,0,0.0,2.0,2.0,0.0,A01
201300034886,0,7,0,0.0,2.0,8.0,0.0,C01
201300034887,0,2,0,0.0,2.0,1.0,0.0,B01
201300034887,0,7,0,0.0,2.0,2.0,15.0,A01
201300034888,0,7,0,0.0,2.0,1.0,1.0,A01
201300034888,0,7,0,0.0,2.0,6.0,11.0,B01
201300034889,0,7,0,0.0,2.0,1.0,1.0,A01
201300034889,0,7,0,0.0,2.0,9.0,1.0,B01
201300034890,0,33,0,2.0,0.0,9.0,1.0,A01
201300034891,0,7,0,0.0,2.0,7.0,0.0,B01
201300034891,0,7,0,0.0,2.0,6.0,0.0,C01
201300034891,0,7,0,0.0,2.0,0.0,1.0,A01
201300034892,1,7,0,0.0,2.0,0.0,0.0,Z01
201300034892,0,1,0,0.0,2.0,1.0,1.0,B01
201300034893,1,7,0,0.0,2.0,8.0,17.0,Z01
201300034893,0,31,0,0.0,2.0,8.0,1.0,B01
201300034894,0,7,0,0.0,1.0,1.0,0.0,A01
201300034895,0,7,0,6.0,0.0,0.0,0.0,A01
201300034896,0,7,0,0.0,1.0,8.0,1.0,A01
201300034897,0,7,0,0.0,2.0,6.0,15.0,A01
201300034897,0,7,0,0.0,2.0,1.0,1.0,B01
201300034898,0,7,0,0.0,0.0,0.0,16.0,B01
201300034898,0,1,0,8.0,2.0,0.0,14.0,A01
201300034899,0,7,0,0.0,1.0,7.0,1.0,A01
201300034900,0,7,0,0.0,2.0,2.0,1.0,A01
201300034900,0,1,0,0.0,2.0,8.0,0.0,B01
201300034901,0,7,0,0.0,2.0,3.0,1.0,A01
201300034901,1,10,0,0.0,2.0,0.0,16.0,Z01
201300034902,0,31,0,0.0,2.0,1.0,1.0,B01
201300034902,0,7,0,0.0,2.0,6.0,9.0,A01
201300034903,0,7,0,8.0,2.0,2.0,17.0,A01
201300034903,0,7,0,0.0,2.0,3.0,15.0,B01
201300034904,0,7,0,0.0,2.0,2.0,1.0,B01
201300034904,0,2,0,0.0,2.0,1.0,5.0,A01
201300034905,1,7,0,0.0,2.0,0.0,15.0,Z01
201300034905,0,2,0,0.0,2.0,8.0,15.0,A01
201300034906,0,7,0,0.0,1.0,3.0,1.0,A01
201300034907,0,14,0,0.0,2.0,1.0,1.0,B01
201300034907,0,7,0,4.0,2.0,5.0,13.0,A01
201300034908,0,31,0,0.0,2.0,8.0,1.0,B01
201300034908,0,7,0,0.0,2.0,1.0,15.0,A01
201300034909,0,33,0,0.0,2.0,7.0,1.0,A01
201300034909,1,7,0,0.0,2.0,7.0,12.0,Z01
201300034910,0,7,0,0.0,2.0,5.0,23.0,B01
201300034910,0,7,0,0.0,2.0,6.0,23.0,C01
201300034910,0,33,0,0.0,2.0,1.0,3.0,A01
201300034911,0,7,0,0.0,2.0,4.0,2.0,B01
201300034911,0,7,0,0.0,2.0,2.0,2.0,A01
201300034912,0,7,0,0.0,2.0,4.0,1.0,B01
201300034912,0,7,0,0.0,2.0,1.0,1.0,A01
201300034913,0,7,0,0.0,1.0,2.0,1.0,A01
201300034914,0,7,0,11.0,0.0,1.0,0.0,A01
201300034915,0,7,0,0.0,2.0,0.0,0.0,A01
201300034916,0,2,0,0.0,0.0,1.0,0.0,A01
201300034916,0,7,0,0.0,2.0,1.0,1.0,B01
201300034917,0,7,0,0.0,1.0,1.0,1.0,A01
201300034918,0,7,0,0.0,2.0,6.0,15.0,A01
201300034918,0,7,0,0.0,2.0,2.0,21.0,B01
201300034919,0,7,0,0.0,1.0,3.0,15.0,A01
201300034920,0,30,0,0.0,2.0,3.0,1.0,B01
201300034920,0,7,0,0.0,2.0,3.0,15.0,A01
201300034921,0,7,0,0.0,1.0,1.0,1.0,A01
201300034922,0,30,0,0.0,2.0,1.0,1.0,B01
201300034922,0,7,0,0.0,2.0,1.0,15.0,A01
201300034923,0,7,0,0.0,2.0,1.0,15.0,A02
201300034923,0,7,0,1.0,0.0,1.0,0.0,A01
201300034924,0,7,0,0.0,1.0,3.0,1.0,A01
201300034925,0,1,0,0.0,2.0,4.0,1.0,B01
201300034925,0,7,0,0.0,9.0,2.0,1.0,A01
201300034926,0,7,0,0.0,1.0,1.0,15.0,A01
201300034927,0,7,0,0.0,2.0,3.0,1.0,A01
201300034927,0,1,0,0.0,2.0,4.0,19.0,B01
201300034928,0,7,0,0.0,1.0,3.0,1.0,A01
201300034929,0,37,1,0.0,1.0,1.0,1.0,A01
201300034930,0,7,0,0.0,2.0,3.0,1.0,B01
201300034930,0,7,0,0.0,2.0,3.0,13.0,A01
201300034931,0,10,0,1.0,0.0,1.0,0.0,A01
201300034932,0,7,0,0.0,2.0,1.0,1.0,A01
201300034932,0,7,0,0.0,2.0,1.0,1.0,B01
201300034933,0,7,0,0.0,2.0,6.0,1.0,A01
201300034933,0,7,0,15.0,2.0,2.0,1.0,B01
201300034934,0,7,0,0.0,1.0,3.0,1.0,A01
201300034935,0,7,0,0.0,1.0,3.0,15.0,A01
201300034936,0,15,0,0.0,1.0,2.0,16.0,A01
201300034937,0,31,0,0.0,1.0,1.0,1.0,A01
201300034938,0,2,0,0.0,2.0,1.0,1.0,A01
201300034938,0,7,0,0.0,2.0,2.0,15.0,B01
201300034939,0,7,0,0.0,2.0,4.0,2.0,C01
201300034939,0,7,0,0.0,2.0,4.0,2.0,B01
201300034939,0,7,0,0.0,2.0,1.0,2.0,A01
201300034940,0,7,0,0.0,1.0,3.0,4.0,A01
201300034941,0,37,0,0.0,1.0,1.0,1.0,A01
201300034942,0,7,0,0.0,2.0,3.0,1.0,B01
201300034942,0,2,0,0.0,2.0,2.0,0.0,A01
201300034943,0,7,0,0.0,1.0,2.0,15.0,A01
201300034944,0,7,0,12.0,0.0,0.0,13.0,A01
201300034945,0,7,0,0.0,2.0,6.0,15.0,A01
201300034945,0,31,0,0.0,2.0,1.0,1.0,B01
201300034946,0,7,0,0.0,1.0,4.0,4.0,A01
201300034947,0,7,0,0.0,2.0,2.0,15.0,A01
201300034947,0,2,0,0.0,2.0,1.0,0.0,B01
201300034948,0,7,0,0.0,2.0,7.0,1.0,B01
201300034948,0,2,0,0.0,2.0,1.0,0.0,A01
201300034949,0,7,0,2.0,0.0,1.0,1.0,A01
201300034950,0,2,0,0.0,2.0,1.0,1.0,B01
201300034950,0,7,0,0.0,2.0,2.0,13.0,A01
201300034951,0,7,0,0.0,1.0,1.0,1.0,A01
201300034952,0,7,0,0.0,2.0,2.0,17.0,B01
201300034952,0,7,0,0.0,2.0,1.0,16.0,A01
201300034953,0,7,0,0.0,2.0,3.0,1.0,A01
201300034953,0,1,0,0.0,2.0,4.0,1.0,B01
201300034954,0,33,0,0.0,2.0,8.0,1.0,A01
201300034954,0,7,0,0.0,2.0,2.0,15.0,B01
201300034955,0,7,0,0.0,2.0,4.0,1.0,A01
201300034955,0,7,0,0.0,2.0,1.0,1.0,B01
201300034956,0,7,0,0.0,2.0,2.0,0.0,A01
201300034956,0,7,0,0.0,2.0,1.0,0.0,B01
201300034957,0,7,0,0.0,2.0,8.0,13.0,A01
201300034957,0,33,0,0.0,2.0,1.0,17.0,B01
201300034958,0,1,0,0.0,2.0,1.0,19.0,A01
201300034958,0,7,0,0.0,2.0,8.0,1.0,B01
201300034959,0,7,0,0.0,2.0,3.0,1.0,A01
201300034959,0,33,0,0.0,2.0,1.0,1.0,B01
201300034960,0,32,0,0.0,2.0,1.0,5.0,A01
201300034960,0,7,0,0.0,2.0,3.0,1.0,B01
201300034961,0,10,0,8.0,2.0,1.0,9.0,A01
201300034961,0,7,0,0.0,2.0,7.0,1.0,B01
201300034962,0,7,0,0.0,1.0,7.0,17.0,A01
201300034963,0,33,0,0.0,2.0,1.0,1.0,A01
201300034963,0,7,0,0.0,2.0,2.0,15.0,B01
201300034964,0,7,0,6.0,2.0,7.0,12.0,A01
201300034964,0,7,0,0.0,2.0,3.0,1.0,B01
201300034965,0,7,0,0.0,2.0,1.0,1.0,B01
201300034965,0,7,0,0.0,2.0,8.0,1.0,A01
201300034966,0,7,0,0.0,1.0,1.0,1.0,A01
201300034967,0,10,0,0.0,2.0,0.0,10.0,A01
201300034967,0,33,0,0.0,2.0,0.0,21.0,B01
201300034968,0,7,0,0.0,2.0,2.0,9.0,A01
201300034968,0,33,0,0.0,2.0,1.0,1.0,B01
201300034969,0,7,0,0.0,1.0,7.0,1.0,A01
201300034970,0,10,0,0.0,2.0,2.0,2.0,A01
201300034970,0,10,0,0.0,2.0,6.0,2.0,B01
201300034971,0,7,0,0.0,1.0,2.0,0.0,A01
201300034972,0,10,0,0.0,0.0,3.0,1.0,A01
201300034972,0,10,0,0.0,0.0,3.0,15.0,B01
201300034973,0,7,0,0.0,1.0,2.0,1.0,A01
201300034974,0,10,0,9.0,0.0,3.0,1.0,A01
201300034975,0,37,56,0.0,0.0,3.0,1.0,B01
201300034975,0,7,0,0.0,0.0,8.0,15.0,A01
201300034976,0,7,0,0.0,2.0,1.0,1.0,B01
201300034976,0,7,0,0.0,2.0,7.0,5.0,A01
201300034977,0,7,0,0.0,2.0,1.0,1.0,B01
201300034977,0,7,0,0.0,2.0,1.0,5.0,A01
201300034978,0,7,0,0.0,0.0,1.0,1.0,A01
201300034978,0,7,0,0.0,0.0,3.0,1.0,B01
201300034979,0,7,0,0.0,1.0,4.0,4.0,A01
201300034980,0,7,0,8.0,0.0,1.0,1.0,A01
201300034981,0,7,0,0.0,2.0,7.0,0.0,A01
201300034981,0,10,0,0.0,2.0,2.0,0.0,B01
201300034982,0,7,0,0.0,1.0,1.0,0.0,A01
201300034983,1,7,0,0.0,1.0,2.0,1.0,Z01
201300034984,0,7,0,0.0,1.0,2.0,2.0,A01
201300034985,0,7,0,0.0,0.0,3.0,0.0,A01
201300034986,0,1,0,0.0,2.0,1.0,13.0,A01
201300034986,0,7,0,0.0,9.0,2.0,0.0,B01
201300034987,0,7,0,0.0,0.0,0.0,0.0,A01
201300034988,0,7,0,6.0,0.0,1.0,0.0,A01
201300034989,0,7,0,0.0,0.0,4.0,0.0,C01
201300034989,0,7,0,0.0,2.0,1.0,0.0,A01
201300034989,0,7,0,0.0,2.0,4.0,0.0,B01
201300034990,0,10,0,0.0,1.0,4.0,4.0,A01
201300034991,0,36,0,0.0,0.0,9.0,5.0,A01
201300034992,0,7,0,0.0,2.0,1.0,2.0,A01
201300034992,0,7,0,0.0,2.0,4.0,20.0,B01
201300034993,0,7,0,0.0,2.0,4.0,0.0,B01
201300034993,0,7,0,0.0,0.0,4.0,15.0,C01
201300034993,0,7,0,0.0,2.0,1.0,0.0,A01
201300034994,0,7,0,16.0,0.0,9.0,1.0,A01
201300034995,0,7,0,2.0,0.0,2.0,0.0,A01
201300034996,0,7,0,8.0,0.0,3.0,1.0,B01
201300034996,1,7,0,0.0,0.0,0.0,13.0,Z01
201300034997,0,7,0,0.0,1.0,3.0,16.0,A01
201300034998,0,7,0,0.0,0.0,3.0,1.0,A01
201300034998,0,7,0,0.0,0.0,2.0,1.0,B01
201300034999,0,7,0,13.0,2.0,3.0,17.0,A01
201300034999,0,7,0,13.0,2.0,5.0,2.0,B01
201300035000,0,7,0,0.0,2.0,8.0,21.0,B01
201300035000,0,7,0,0.0,2.0,1.0,1.0,C01
201300035000,1,7,0,0.0,0.0,0.0,5.0,Z01
201300035001,0,7,0,8.0,0.0,8.0,16.0,A01
201300035002,0,7,0,0.0,2.0,7.0,15.0,A01
201300035002,0,10,0,7.0,2.0,2.0,0.0,B01
201300035002,0,7,0,0.0,2.0,3.0,0.0,C01
201300035003,0,31,0,0.0,2.0,1.0,17.0,A01
201300035003,0,7,0,0.0,2.0,1.0,1.0,B01
201300035004,0,7,0,0.0,2.0,1.0,2.0,A01
201300035004,0,7,0,0.0,0.0,4.0,23.0,B01
201300035005,0,7,0,16.0,0.0,7.0,0.0,A01
201300035006,0,33,0,0.0,2.0,1.0,1.0,B01
201300035006,0,7,0,0.0,2.0,3.0,15.0,A01
201300035007,0,1,0,0.0,2.0,3.0,1.0,B01
201300035007,0,7,0,0.0,2.0,1.0,1.0,A01
201300035008,0,32,0,0.0,2.0,1.0,2.0,A01
201300035008,0,7,0,0.0,0.0,4.0,2.0,B01
201300035009,0,10,0,0.0,2.0,3.0,5.0,A01
201300035009,0,10,0,0.0,2.0,3.0,1.0,B01
201300035010,0,10,0,0.0,1.0,1.0,1.0,A01
201300035011,0,7,0,2.0,0.0,3.0,1.0,A01
201300035012,0,7,0,0.0,1.0,1.0,1.0,A01
201300035013,0,7,0,2.0,2.0,8.0,1.0,A01
201300035013,0,7,0,0.0,2.0,8.0,1.0,B01
201300035014,0,7,0,7.0,2.0,3.0,5.0,A01
201300035014,0,33,0,0.0,2.0,8.0,1.0,B01
201300035014,0,7,0,2.0,9.0,1.0,21.0,C01
201300035015,0,3,0,0.0,1.0,6.0,16.0,A01
201300035016,0,7,0,0.0,1.0,2.0,1.0,A01
201300035017,0,33,0,0.0,2.0,1.0,1.0,B01
201300035017,0,7,0,0.0,2.0,3.0,15.0,A01
201300035018,0,10,0,2.0,0.0,1.0,0.0,A01
201300035019,0,33,0,0.0,2.0,1.0,17.0,A01
201300035019,0,1,0,0.0,2.0,4.0,15.0,B01
201300035020,0,7,0,2.0,0.0,2.0,19.0,A01
201300035020,0,7,0,0.0,9.0,1.0,13.0,B01
201300035021,0,7,0,0.0,2.0,3.0,13.0,A01
201300035021,0,33,0,0.0,2.0,3.0,1.0,B01
201300035022,0,7,0,0.0,2.0,1.0,1.0,B01
201300035022,0,7,0,0.0,2.0,7.0,19.0,A01
201300035023,0,7,0,0.0,9.0,1.0,15.0,A01
201300035023,0,1,0,0.0,2.0,8.0,1.0,B01
201300035023,0,1,0,0.0,2.0,1.0,1.0,C01
201300035023,0,1,0,0.0,2.0,1.0,1.0,D01
201300035024,0,33,0,0.0,2.0,8.0,13.0,A01
201300035024,0,7,0,0.0,2.0,8.0,1.0,B01
201300035024,0,7,0,0.0,2.0,1.0,1.0,C01
201300035025,0,7,0,0.0,9.0,3.0,2.0,A01
201300035025,0,1,0,1.0,0.0,1.0,2.0,B01
201300035026,0,33,0,2.0,0.0,1.0,1.0,A01
201300035027,0,7,0,2.0,0.0,9.0,14.0,A01
201300035028,0,33,0,0.0,6.0,1.0,0.0,A01
201300035029,0,2,0,0.0,0.0,8.0,1.0,A01
201300035030,0,7,0,0.0,2.0,2.0,2.0,A01
201300035030,0,1,0,0.0,2.0,4.0,2.0,B01
201300035031,0,7,0,2.0,0.0,3.0,1.0,A01
201300035032,0,7,0,0.0,2.0,1.0,1.0,A01
201300035032,0,7,0,0.0,2.0,3.0,1.0,B01
201300035033,0,7,0,0.0,2.0,1.0,15.0,B01
201300035033,0,7,0,0.0,2.0,1.0,1.0,A01
201300035034,0,7,0,0.0,1.0,3.0,1.0,A01
201300035035,0,7,0,0.0,2.0,1.0,1.0,B01
201300035035,0,7,0,0.0,2.0,4.0,13.0,A01
201300035036,0,7,0,0.0,2.0,1.0,1.0,B01
201300035036,0,7,0,0.0,2.0,1.0,23.0,C01
201300035036,0,7,0,0.0,2.0,6.0,23.0,D01
201300035036,0,7,0,0.0,2.0,2.0,15.0,A01
201300035037,0,33,0,0.0,0.0,0.0,17.0,A01
201300035037,0,7,0,0.0,9.0,3.0,0.0,B01
201300035038,0,7,0,0.0,2.0,2.0,15.0,A01
201300035038,0,30,0,0.0,2.0,1.0,1.0,B01
201300035039,0,7,0,0.0,2.0,6.0,1.0,B01
201300035039,0,7,0,0.0,2.0,1.0,1.0,A01
201300035040,0,7,0,0.0,2.0,2.0,15.0,A01
201300035040,0,32,0,0.0,2.0,1.0,1.0,B01
201300035041,0,30,0,0.0,2.0,1.0,1.0,A01
201300035041,0,10,0,0.0,2.0,2.0,1.0,B01
201300035042,0,1,0,0.0,2.0,8.0,2.0,A01
201300035042,0,7,0,0.0,2.0,5.0,17.0,B01
201300035043,0,31,0,14.0,0.0,1.0,6.0,A01
201300035044,0,7,0,0.0,2.0,7.0,10.0,A01
201300035044,0,33,0,0.0,2.0,1.0,0.0,B01
201300035045,0,31,0,0.0,2.0,1.0,2.0,A01
201300035045,0,7,0,0.0,2.0,1.0,2.0,B01
201300035046,0,10,0,0.0,1.0,2.0,2.0,B01
201300035047,0,33,0,0.0,1.0,1.0,1.0,A01
201300035048,0,7,0,0.0,2.0,1.0,17.0,A01
201300035048,0,33,0,0.0,2.0,1.0,1.0,B01
201300035049,0,7,0,0.0,2.0,1.0,13.0,A01
201300035049,0,7,0,0.0,2.0,1.0,1.0,B01
201300035050,0,7,0,0.0,1.0,2.0,2.0,A01
201300035051,0,13,0,0.0,2.0,7.0,14.0,A01
201300035051,0,30,0,0.0,2.0,8.0,2.0,B01
201300035052,0,7,0,0.0,2.0,1.0,5.0,A01
201300035052,0,7,0,0.0,2.0,1.0,1.0,B01
201300035052,0,7,0,0.0,2.0,1.0,2.0,C01
201300035053,0,3,0,0.0,1.0,3.0,1.0,A01
201300035054,0,7,0,0.0,2.0,1.0,13.0,A01
201300035054,0,7,0,0.0,2.0,1.0,0.0,B01
201300035055,0,7,0,0.0,2.0,3.0,10.0,A01
201300035055,0,33,0,0.0,2.0,1.0,2.0,B01
201300035056,0,7,0,0.0,9.0,0.0,1.0,A01
201300035056,0,1,0,0.0,2.0,0.0,1.0,B01
201300035057,0,7,0,0.0,1.0,2.0,2.0,A01
201300035058,1,7,0,0.0,1.0,3.0,0.0,Z01
201300035059,0,7,0,0.0,2.0,3.0,17.0,A01
201300035059,0,7,0,0.0,2.0,3.0,17.0,B01
201300035060,0,7,0,0.0,1.0,2.0,2.0,A01
201300035061,0,7,0,0.0,0.0,1.0,13.0,A01
201300035061,0,7,0,0.0,0.0,3.0,1.0,B01
201300035062,0,7,0,2.0,,1.0,17.0,A01
201300035063,0,7,0,0.0,2.0,1.0,6.0,A01
201300035063,0,33,0,0.0,2.0,1.0,0.0,B01
201300035064,0,7,0,0.0,1.0,3.0,1.0,A01
201300035065,0,7,0,0.0,1.0,1.0,0.0,A01
201300035066,0,7,0,2.0,2.0,1.0,2.0,A01
201300035066,0,7,0,15.0,0.0,4.0,23.0,B01
201300035067,0,7,0,4.0,2.0,0.0,12.0,A01
201300035067,0,7,0,4.0,2.0,0.0,0.0,B01
201300035068,0,7,0,0.0,2.0,1.0,21.0,A01
201300035068,1,33,0,0.0,2.0,1.0,0.0,Z01
201300035069,0,7,0,0.0,2.0,2.0,1.0,A01
201300035069,0,2,0,0.0,2.0,1.0,1.0,B01
201300035070,0,7,0,0.0,0.0,5.0,19.0,A01
201300035070,0,34,0,0.0,0.0,3.0,1.0,B01
201300035071,0,31,0,0.0,0.0,1.0,0.0,B01
201300035071,0,7,0,0.0,0.0,3.0,5.0,A01
201300035072,0,33,0,0.0,9.0,0.0,1.0,A01
201300035072,0,31,0,0.0,2.0,0.0,1.0,B01
201300035073,0,33,0,15.0,0.0,1.0,14.0,A01
201300035074,0,7,0,1.0,0.0,1.0,13.0,A01
201300035075,0,7,0,0.0,2.0,2.0,14.0,A01
201300035075,0,7,0,12.0,2.0,3.0,23.0,B01
201300035076,0,2,0,0.0,2.0,1.0,2.0,A01
201300035076,0,7,0,0.0,0.0,4.0,15.0,B01
201300035077,0,10,0,0.0,0.0,1.0,1.0,A01
201300035077,0,10,0,0.0,0.0,5.0,0.0,B01
201300035078,0,7,0,6.0,0.0,1.0,0.0,A01
201300035079,0,15,0,0.0,0.0,6.0,24.0,B01
201300035079,0,7,0,1.0,0.0,2.0,14.0,A01
201300035080,0,7,0,0.0,1.0,1.0,1.0,A01
201300035081,0,7,0,0.0,1.0,2.0,0.0,A01
201300035082,0,7,0,0.0,0.0,2.0,15.0,A01
201300035082,0,33,0,0.0,2.0,9.0,14.0,B01
201300035083,0,33,0,0.0,2.0,3.0,18.0,A01
201300035083,0,14,0,0.0,0.0,2.0,16.0,B01
201300035084,0,33,0,0.0,2.0,6.0,1.0,B01
201300035084,0,7,0,0.0,2.0,3.0,9.0,A01
201300035085,0,7,0,0.0,2.0,1.0,13.0,A01
201300035085,0,7,0,0.0,2.0,3.0,1.0,B01
201300035086,0,7,0,0.0,1.0,1.0,1.0,A01
201300035087,0,7,0,0.0,1.0,8.0,1.0,A01
201300035088,0,7,0,0.0,1.0,2.0,17.0,A01
201300035089,0,7,0,0.0,2.0,1.0,13.0,A01
201300035089,0,10,0,0.0,2.0,1.0,0.0,B01
201300035090,0,33,0,12.0,0.0,1.0,1.0,A01
201300035091,0,7,0,0.0,0.0,1.0,2.0,A01
201300035091,0,7,0,0.0,0.0,4.0,2.0,B01
201300035091,0,7,0,0.0,0.0,4.0,2.0,C01
201300035091,0,7,0,0.0,0.0,4.0,2.0,D01
201300035091,0,7,0,0.0,0.0,4.0,2.0,E01
201300035092,0,7,0,8.0,0.0,1.0,1.0,A01
201300035093,0,10,0,2.0,0.0,1.0,1.0,A01
201300035094,0,10,0,0.0,2.0,1.0,2.0,A01
201300035094,0,10,0,0.0,0.0,0.0,2.0,B01
201300035094,0,7,0,0.0,0.0,4.0,2.0,C01
201300035095,2,7,0,0.0,2.0,1.0,19.0,A01
201300035095,0,3,0,0.0,2.0,8.0,2.0,B01
201300035096,0,7,0,0.0,0.0,7.0,0.0,A01
201300035096,0,30,0,0.0,2.0,1.0,0.0,B01
201300035097,0,7,0,15.0,0.0,1.0,0.0,A01
201300035098,1,7,0,0.0,1.0,2.0,0.0,A01
201300035099,0,7,0,9.0,0.0,1.0,2.0,A01
201300035100,0,3,0,1.0,0.0,7.0,2.0,A01
201300035101,0,7,0,0.0,1.0,2.0,2.0,A01
201300035102,0,7,0,0.0,2.0,3.0,1.0,A01
201300035102,0,7,0,0.0,2.0,8.0,15.0,B01
201300035103,0,33,0,0.0,2.0,1.0,1.0,A01
201300035103,0,33,0,0.0,2.0,4.0,16.0,B01
201300035104,1,7,0,0.0,0.0,0.0,1.0,A01
201300035104,0,1,0,0.0,0.0,1.0,1.0,B01
201300035105,0,7,0,0.0,1.0,0.0,0.0,A01
201300035106,0,33,0,0.0,0.0,0.0,2.0,A01
201300035107,0,37,1,0.0,1.0,1.0,13.0,A01
201300035108,0,7,0,0.0,2.0,2.0,1.0,A01
201300035108,0,7,0,0.0,2.0,1.0,1.0,B01
201300035109,0,7,0,3.0,0.0,1.0,13.0,A01
201300035110,0,7,0,0.0,2.0,7.0,15.0,A01
201300035110,0,7,0,0.0,2.0,2.0,2.0,B01
201300035111,0,7,0,0.0,9.0,2.0,2.0,A01
201300035111,0,1,0,0.0,2.0,6.0,2.0,Y01
201300035112,1,7,0,0.0,1.0,0.0,0.0,A01
201300035113,0,1,0,0.0,2.0,6.0,13.0,A01
201300035113,0,7,0,0.0,9.0,2.0,2.0,B01
201300035114,0,2,0,0.0,0.0,8.0,15.0,A01
201300035115,0,32,0,4.0,0.0,1.0,11.0,B01