Num_Acc,senc,catv,occutc,obs,obsm,choc,manv,num_veh
201300035116,0,7,0,0.0,2.0,1.0,2.0,A01
201300035116,0,7,0,14.0,0.0,4.0,2.0,B01
201300035116,0,7,0,0.0,0.0,4.0,2.0,C01
201300035117,0,7,0,0.0,0.0,4.0,1.0,A01
201300035117,0,3,0,0.0,2.0,1.0,2.0,B01
201300035118,0,7,0,0.0,2.0,1.0,6.0,A01
201300035118,0,7,0,0.0,2.0,8.0,21.0,B01
201300035119,0,33,0,12.0,0.0,1.0,6.0,A01
201300035120,0,7,0,0.0,1.0,3.0,17.0,A01
201300035121,1,99,0,0.0,1.0,1.0,1.0,A01
201300035122,0,7,0,0.0,2.0,4.0,23.0,B01
201300035122,0,7,0,0.0,2.0,1.0,2.0,A01
201300035123,0,7,0,0.0,2.0,1.0,19.0,A01
201300035123,0,7,0,3.0,2.0,7.0,1.0,B01
201300035124,0,7,0,0.0,0.0,3.0,9.0,A01
201300035124,0,1,0,0.0,0.0,4.0,1.0,B01
201300035125,0,7,0,8.0,0.0,2.0,1.0,A01
201300035126,0,33,0,14.0,0.0,1.0,13.0,A01
201300035127,0,7,0,0.0,1.0,2.0,16.0,A01
201300035128,0,7,0,0.0,1.0,8.0,1.0,A01
201300035129,1,7,0,0.0,2.0,0.0,0.0,Z01
201300035129,0,7,0,0.0,2.0,8.0,1.0,B01
201300035130,0,7,0,0.0,0.0,6.0,23.0,B01
201300035130,0,34,0,0.0,0.0,2.0,2.0,A01
201300035131,0,7,0,0.0,1.0,7.0,1.0,A01
201300035132,0,33,0,0.0,1.0,7.0,1.0,A01
201300035133,0,7,0,0.0,0.0,1.0,16.0,B01
201300035133,0,33,0,0.0,2.0,7.0,17.0,A01
201300035134,0,7,0,14.0,0.0,4.0,2.0,B01
201300035134,2,7,0,14.0,0.0,1.0,2.0,A01
201300035134,0,7,0,0.0,0.0,4.0,2.0,D01
201300035134,0,7,0,14.0,0.0,4.0,2.0,C01
201300035135,0,37,1,4.0,2.0,3.0,1.0,B01
201300035135,0,7,0,4.0,2.0,3.0,0.0,A01
201300035136,0,15,0,0.0,2.0,4.0,23.0,B01
201300035136,0,30,0,1.0,0.0,1.0,1.0,A01
201300035137,0,7,0,0.0,2.0,8.0,15.0,B01
201300035137,0,7,0,0.0,2.0,1.0,2.0,A01
201300035138,0,7,0,0.0,2.0,3.0,1.0,B01
201300035138,0,7,0,0.0,2.0,3.0,15.0,A01
201300035139,0,14,0,0.0,6.0,0.0,1.0,A01
201300035140,0,7,0,0.0,1.0,7.0,9.0,A01
201300035141,0,7,0,0.0,0.0,8.0,10.0,A01
201300035141,0,7,0,1.0,2.0,1.0,2.0,B01
201300035142,0,7,0,0.0,2.0,5.0,15.0,A01
201300035142,0,33,0,0.0,2.0,1.0,1.0,B01
201300035143,0,33,0,0.0,2.0,8.0,10.0,A01
201300035143,0,10,0,0.0,9.0,1.0,1.0,B01
201300035144,0,7,0,0.0,1.0,2.0,1.0,A01
201300035145,0,7,0,3.0,2.0,7.0,5.0,A01
201300035145,0,15,0,0.0,2.0,2.0,1.0,B01
201300035146,0,7,0,0.0,2.0,8.0,15.0,A01
201300035146,1,7,0,0.0,2.0,1.0,19.0,B01
201300035147,0,7,0,0.0,2.0,1.0,17.0,A01
201300035147,0,7,0,0.0,2.0,1.0,1.0,B01
201300035148,0,7,0,0.0,2.0,1.0,13.0,A01
201300035148,0,17,0,0.0,0.0,1.0,1.0,B01
201300035149,0,7,0,0.0,9.0,5.0,15.0,A01
201300035149,0,1,0,0.0,2.0,1.0,1.0,B01
201300035150,0,10,0,0.0,2.0,0.0,17.0,A01
201300035150,0,1,0,0.0,0.0,8.0,1.0,B01
201300035151,0,7,0,0.0,2.0,3.0,10.0,A01
201300035151,0,7,0,0.0,2.0,7.0,17.0,B01
201300035152,0,7,0,0.0,2.0,1.0,11.0,A01
201300035152,0,1,0,0.0,2.0,1.0,1.0,B01
201300035153,0,7,0,0.0,9.0,7.0,1.0,A01
201300035153,0,1,0,0.0,2.0,0.0,1.0,B01
201300035154,0,7,0,0.0,1.0,0.0,11.0,A01
201300035155,0,30,0,0.0,2.0,5.0,1.0,A01
201300035155,0,7,0,0.0,2.0,1.0,1.0,B01
201300035156,0,7,0,0.0,2.0,4.0,4.0,A01
201300035156,0,2,0,0.0,2.0,1.0,1.0,B01
201300035157,0,17,0,0.0,1.0,8.0,1.0,A01
201300035158,0,7,0,13.0,0.0,1.0,1.0,A01
201300035159,0,7,0,0.0,1.0,2.0,1.0,A01
201300035160,0,7,0,8.0,0.0,3.0,1.0,A01
201300035161,0,34,0,11.0,2.0,7.0,17.0,A01
201300035161,0,17,0,0.0,2.0,8.0,0.0,B01
201300035162,0,7,0,0.0,2.0,1.0,13.0,B01
201300035162,0,7,0,0.0,2.0,3.0,1.0,A01
201300035163,0,7,0,15.0,0.0,8.0,16.0,A01
201300035164,0,7,0,0.0,1.0,2.0,16.0,A01
201300035165,0,7,0,0.0,2.0,8.0,2.0,B01
201300035165,0,7,0,0.0,2.0,3.0,2.0,C01
201300035165,0,7,0,0.0,2.0,1.0,2.0,A01
201300035166,0,7,0,0.0,1.0,0.0,1.0,A01
201300035167,0,2,0,0.0,2.0,4.0,2.0,B01
201300035167,0,7,0,0.0,2.0,3.0,9.0,A01
201300035168,0,7,0,0.0,2.0,7.0,1.0,B01
201300035168,0,7,0,0.0,2.0,1.0,1.0,A01
201300035169,0,33,0,0.0,2.0,1.0,17.0,B01
201300035169,0,7,0,0.0,2.0,3.0,15.0,A01
201300035170,0,7,0,0.0,1.0,7.0,1.0,A01
201300035171,0,7,0,0.0,2.0,6.0,12.0,A01
201300035171,0,7,0,0.0,2.0,2.0,1.0,B01
201300035172,0,7,0,1.0,0.0,7.0,1.0,A01
201300035173,0,7,0,3.0,2.0,8.0,13.0,A01
201300035173,0,7,0,0.0,2.0,9.0,1.0,B01
201300035174,0,33,0,0.0,0.0,1.0,18.0,A01
201300035174,0,7,0,0.0,2.0,5.0,2.0,B01
201300035175,0,7,0,1.0,2.0,7.0,1.0,B01
201300035175,0,7,0,1.0,2.0,1.0,1.0,A01
201300035176,0,37,1,0.0,1.0,5.0,2.0,A01
201300035177,0,7,0,0.0,2.0,8.0,9.0,A01
201300035177,0,7,0,0.0,2.0,1.0,1.0,B01
201300035178,0,7,0,0.0,2.0,1.0,1.0,A01
201300035178,0,7,0,0.0,2.0,3.0,1.0,B01
201300035179,0,7,0,0.0,1.0,2.0,1.0,A01
201300035180,0,7,0,0.0,2.0,2.0,15.0,A01
201300035180,0,7,0,0.0,2.0,1.0,1.0,B01
201300035181,0,35,0,0.0,2.0,1.0,1.0,A01
201300035181,0,7,0,0.0,2.0,7.0,1.0,B01
201300035182,0,7,0,0.0,1.0,3.0,1.0,A01
201300035183,0,7,0,1.0,0.0,3.0,13.0,A01
201300035183,0,7,0,0.0,2.0,7.0,24.0,B01
201300035184,0,7,0,0.0,2.0,3.0,13.0,A01
201300035184,0,7,0,0.0,2.0,3.0,1.0,B01
201300035185,0,7,0,0.0,2.0,7.0,1.0,A01
201300035185,0,30,0,0.0,2.0,8.0,11.0,B01
201300035186,0,33,0,0.0,0.0,0.0,1.0,A01
201300035187,0,7,0,0.0,2.0,1.0,1.0,A01
201300035187,0,7,0,0.0,2.0,7.0,15.0,B01
201300035188,0,7,0,0.0,2.0,1.0,1.0,A01
201300035188,0,7,0,0.0,2.0,8.0,1.0,B01
201300035189,0,7,0,0.0,2.0,2.0,15.0,A01
201300035189,0,30,0,0.0,2.0,1.0,1.0,B01
201300035190,0,7,0,0.0,2.0,1.0,1.0,A01
201300035190,0,7,0,0.0,2.0,1.0,1.0,B01
201300035190,0,7,0,0.0,2.0,1.0,1.0,C01
201300035191,0,7,0,0.0,2.0,5.0,17.0,A01
201300035191,0,7,0,0.0,2.0,3.0,2.0,B01
201300035192,0,7,0,0.0,1.0,4.0,4.0,A01
201300035193,0,33,0,15.0,0.0,9.0,1.0,A01
201300035194,0,7,0,0.0,2.0,6.0,1.0,B01
201300035194,0,15,0,0.0,2.0,3.0,21.0,C01
201300035194,0,7,0,0.0,2.0,1.0,17.0,A01
201300035194,0,10,0,0.0,1.0,1.0,24.0,D01
201300035195,0,7,0,0.0,1.0,2.0,1.0,A01
201300035196,0,7,0,0.0,2.0,6.0,9.0,A01
201300035196,0,1,0,0.0,2.0,1.0,1.0,B01
201300035197,0,7,0,0.0,2.0,8.0,10.0,A01
201300035197,0,31,0,0.0,2.0,1.0,1.0,B01
201300035198,0,37,0,0.0,1.0,5.0,1.0,A01
201300035199,0,7,0,0.0,2.0,6.0,11.0,A01
201300035199,0,7,0,15.0,2.0,2.0,1.0,B01
201300035200,0,33,0,0.0,0.0,7.0,1.0,A01
201300035201,0,7,0,0.0,1.0,1.0,1.0,A01
201300035202,0,7,0,2.0,9.0,0.0,0.0,A01
201300035203,0,7,0,12.0,0.0,0.0,0.0,A01
201300035204,0,2,0,0.0,2.0,1.0,1.0,A01
201300035204,0,7,0,0.0,2.0,2.0,1.0,B01
201300035205,0,38,1,0.0,2.0,0.0,2.0,A01
201300035205,0,7,0,0.0,2.0,4.0,2.0,B01
201300035205,0,7,0,0.0,2.0,4.0,2.0,C01
201300035205,0,7,0,0.0,2.0,1.0,2.0,D01
201300035206,0,10,0,0.0,2.0,1.0,1.0,A01
201300035206,0,7,0,0.0,2.0,6.0,2.0,B01
201300035207,0,7,0,0.0,0.0,4.0,2.0,A01
201300035207,0,7,0,0.0,2.0,1.0,2.0,B01
201300035208,0,10,0,0.0,2.0,2.0,2.0,B01
201300035208,0,33,0,0.0,2.0,1.0,5.0,A01
201300035209,0,7,0,14.0,0.0,1.0,1.0,A01
201300035209,0,7,0,0.0,2.0,4.0,1.0,B01
201300035209,1,7,0,0.0,2.0,4.0,1.0,C01
201300035210,0,2,0,0.0,2.0,1.0,1.0,A01
201300035210,0,7,0,0.0,0.0,8.0,15.0,B01
201300035211,0,7,0,0.0,2.0,2.0,15.0,A01
201300035211,0,32,0,0.0,2.0,1.0,1.0,B01
201300035212,0,33,0,0.0,0.0,0.0,0.0,A01
201300035213,0,7,0,0.0,1.0,3.0,2.0,A01
201300035214,1,99,0,0.0,0.0,0.0,0.0,A01
201300035214,0,1,0,0.0,0.0,0.0,1.0,B01
201300035215,0,7,0,0.0,2.0,1.0,5.0,A01
201300035215,0,7,0,0.0,0.0,8.0,1.0,B01
201300035216,0,7,0,0.0,2.0,6.0,10.0,A01
201300035216,0,2,0,0.0,2.0,1.0,2.0,B01
201300035217,0,7,0,0.0,2.0,2.0,15.0,A01
201300035217,0,7,0,0.0,2.0,8.0,1.0,C01
201300035217,0,7,0,0.0,2.0,6.0,1.0,B01
201300035218,0,7,0,0.0,9.0,2.0,1.0,A01
201300035218,0,1,0,0.0,2.0,4.0,1.0,B01
201300035219,1,7,0,0.0,1.0,2.0,1.0,A01
201300035220,0,7,0,2.0,0.0,3.0,14.0,A01
201300035221,0,7,0,0.0,0.0,7.0,15.0,A01
201300035221,0,33,0,0.0,0.0,1.0,1.0,B01
201300035222,0,7,0,0.0,2.0,1.0,2.0,A01
201300035222,0,33,0,0.0,2.0,4.0,2.0,B01
201300035223,0,31,0,0.0,1.0,1.0,1.0,A01
201300035224,0,7,0,0.0,2.0,1.0,1.0,A01
201300035224,0,7,0,0.0,2.0,4.0,1.0,B01
201300035224,0,7,0,0.0,2.0,4.0,2.0,C01
201300035225,0,1,0,0.0,0.0,2.0,0.0,B01
201300035225,0,7,0,0.0,0.0,3.0,9.0,A01
201300035226,0,7,0,0.0,0.0,8.0,16.0,A01
201300035226,0,15,0,0.0,0.0,2.0,21.0,B01
201300035227,0,7,0,0.0,0.0,2.0,14.0,A01
201300035227,0,7,0,0.0,0.0,6.0,1.0,B01
201300035227,0,7,0,0.0,0.0,9.0,14.0,C01
201300035227,0,37,1,0.0,9.0,8.0,2.0,D01
201300035227,0,7,0,0.0,0.0,1.0,2.0,E01
201300035228,0,30,0,15.0,0.0,0.0,5.0,A01
201300035229,0,33,0,0.0,0.0,7.0,1.0,A01
201300035229,1,7,0,,,,,B01
201300035230,0,7,0,0.0,1.0,1.0,0.0,A01
201300035231,0,7,0,0.0,2.0,1.0,2.0,A01
201300035231,0,38,0,0.0,0.0,4.0,2.0,B01
201300035232,0,7,0,0.0,0.0,7.0,15.0,A01
201300035232,0,7,0,0.0,0.0,1.0,1.0,B01
201300035233,0,7,0,0.0,2.0,1.0,9.0,A01
201300035233,0,1,0,0.0,0.0,4.0,1.0,B01
201300035234,1,7,0,0.0,1.0,0.0,0.0,Z01
201300035235,0,7,0,0.0,2.0,1.0,0.0,A01
201300035235,0,7,0,0.0,2.0,4.0,1.0,B01
201300035236,0,2,0,15.0,0.0,1.0,13.0,A01
201300035237,0,7,0,0.0,2.0,1.0,1.0,A01
201300035237,0,7,0,0.0,2.0,8.0,19.0,B01
201300035238,0,7,0,0.0,1.0,1.0,2.0,A01
201300035239,0,7,0,16.0,2.0,3.0,5.0,A01
201300035239,0,10,0,0.0,2.0,3.0,1.0,B01
201300035239,0,7,0,0.0,0.0,0.0,1.0,C01
201300035240,0,2,0,0.0,2.0,4.0,15.0,A01
201300035240,0,33,0,0.0,2.0,1.0,17.0,B01
201300035241,0,7,0,1.0,1.0,2.0,1.0,A01
201300035241,0,7,0,1.0,1.0,6.0,1.0,B01
201300035242,0,33,0,0.0,2.0,1.0,2.0,A01
201300035242,0,7,0,0.0,0.0,4.0,2.0,B01
201300035243,0,13,0,0.0,2.0,1.0,2.0,A01
201300035243,0,1,0,0.0,2.0,8.0,0.0,B01
201300035244,0,7,0,0.0,2.0,2.0,15.0,A01
201300035244,0,2,0,0.0,2.0,1.0,1.0,B01
201300035245,0,7,0,0.0,2.0,1.0,1.0,A01
201300035245,0,7,0,0.0,2.0,2.0,1.0,B01
201300035246,0,33,0,0.0,2.0,8.0,1.0,A01
201300035246,0,37,1,0.0,9.0,3.0,1.0,B01
201300035247,0,7,0,0.0,2.0,4.0,0.0,A01
201300035247,0,7,0,0.0,0.0,4.0,0.0,B01
201300035247,0,7,0,0.0,0.0,4.0,0.0,C01
201300035247,0,7,0,0.0,0.0,4.0,0.0,D01
201300035247,0,7,0,0.0,0.0,1.0,0.0,E01
201300035248,0,7,0,1.0,0.0,1.0,2.0,A01
201300035248,0,7,0,0.0,0.0,4.0,23.0,B01
201300035249,0,7,0,0.0,2.0,4.0,0.0,B01
201300035249,0,7,0,0.0,2.0,1.0,2.0,C01
201300035249,0,7,0,0.0,2.0,8.0,9.0,A01
201300035250,0,10,0,0.0,1.0,6.0,4.0,A01
201300035251,1,2,0,0.0,1.0,0.0,0.0,A01
201300035252,0,7,0,0.0,2.0,8.0,15.0,B01
201300035252,0,30,0,0.0,2.0,1.0,5.0,A01
201300035253,0,33,0,8.0,2.0,1.0,3.0,A01
201300035253,0,7,0,0.0,2.0,3.0,15.0,B01
201300035254,0,7,0,0.0,2.0,3.0,5.0,A01
201300035254,0,33,0,2.0,2.0,8.0,1.0,B01
201300035254,0,7,0,0.0,2.0,6.0,1.0,C01
201300035254,0,7,0,0.0,0.0,0.0,0.0,D01
201300035254,0,7,0,0.0,0.0,0.0,0.0,E01
201300035254,0,7,0,0.0,0.0,0.0,0.0,F02
201300035255,0,7,0,0.0,2.0,2.0,19.0,A01
201300035255,0,33,0,0.0,2.0,1.0,15.0,B01
201300035256,0,37,1,0.0,1.0,1.0,0.0,A01
201300035257,0,7,0,13.0,0.0,1.0,17.0,A01
201300035257,0,7,0,0.0,0.0,0.0,1.0,B01
201300035258,0,7,0,0.0,2.0,1.0,1.0,B01
201300035258,0,7,0,0.0,2.0,7.0,1.0,A01
201300035259,0,7,0,0.0,2.0,2.0,12.0,A01
201300035259,0,33,0,3.0,2.0,8.0,3.0,B01
201300035260,0,32,0,0.0,2.0,7.0,0.0,A01
201300035260,0,7,0,0.0,2.0,2.0,15.0,B01
201300035261,0,7,0,8.0,2.0,1.0,0.0,A01
201300035261,0,30,0,0.0,2.0,0.0,0.0,B01
201300035262,1,14,0,,,,,A01
201300035262,0,7,0,0.0,0.0,8.0,23.0,B01
201300035263,0,7,0,0.0,2.0,6.0,11.0,A01
201300035263,0,7,0,0.0,2.0,2.0,1.0,B01
201300035264,0,7,0,0.0,2.0,2.0,2.0,A01
201300035264,0,2,0,0.0,0.0,4.0,2.0,B01
201300035265,0,7,0,1.0,1.0,1.0,15.0,A01
201300035266,0,7,0,0.0,1.0,1.0,1.0,A01
201300035267,0,10,0,0.0,2.0,1.0,1.0,A01
201300035267,0,33,0,0.0,2.0,6.0,1.0,B01
201300035268,0,33,0,0.0,2.0,1.0,1.0,B01
201300035268,0,10,0,0.0,2.0,8.0,10.0,A01
201300035269,0,37,2,0.0,2.0,3.0,2.0,A01
201300035269,0,7,0,0.0,2.0,2.0,12.0,B01
201300035270,0,7,0,0.0,2.0,1.0,1.0,A01
201300035270,0,7,0,0.0,0.0,4.0,1.0,B01
201300035270,0,37,0,0.0,2.0,7.0,16.0,C01
201300035271,0,7,0,0.0,2.0,1.0,17.0,A01
201300035271,0,7,0,0.0,2.0,8.0,15.0,B01
201300035272,0,33,0,8.0,0.0,9.0,0.0,A01
201300035273,0,33,0,0.0,0.0,1.0,1.0,A01
201300035273,0,7,0,0.0,0.0,0.0,1.0,B01
201300035274,0,7,0,12.0,0.0,1.0,0.0,A01
201300035275,0,7,0,0.0,1.0,2.0,1.0,A01
201300035276,0,32,0,0.0,2.0,3.0,1.0,B01
201300035276,1,7,0,0.0,2.0,3.0,1.0,A01
201300035277,0,7,0,0.0,2.0,5.0,14.0,B01
201300035277,0,32,0,0.0,2.0,8.0,18.0,A01
201300035278,0,7,0,0.0,2.0,1.0,1.0,A01
201300035278,0,1,0,0.0,2.0,8.0,19.0,B01
201300035279,0,33,0,3.0,0.0,0.0,0.0,A01
201300035280,0,33,0,0.0,1.0,1.0,21.0,A01
201300035281,0,7,0,0.0,9.0,1.0,15.0,A01
201300035281,0,1,0,0.0,2.0,8.0,19.0,B01
201300035282,0,2,0,0.0,2.0,3.0,13.0,A01
201300035282,0,7,0,0.0,2.0,3.0,0.0,B01
201300035283,0,33,0,1.0,0.0,1.0,13.0,A01
201300035284,0,7,0,0.0,1.0,3.0,0.0,A01
201300035285,0,1,0,0.0,2.0,4.0,1.0,B01
201300035285,0,1,0,0.0,2.0,6.0,1.0,C01
201300035285,1,7,0,0.0,2.0,2.0,17.0,A01
201300035286,0,7,0,0.0,1.0,2.0,1.0,A01
201300035287,0,1,0,0.0,2.0,1.0,2.0,A01
201300035287,0,7,0,0.0,9.0,4.0,2.0,B01
201300035288,0,7,0,0.0,2.0,2.0,1.0,B01
201300035288,0,7,0,0.0,2.0,1.0,9.0,A01
201300035289,0,7,0,0.0,1.0,1.0,1.0,A01
201300035290,0,7,0,0.0,2.0,9.0,2.0,B01
201300035290,0,7,0,0.0,2.0,4.0,2.0,C01
201300035290,0,7,0,0.0,2.0,1.0,2.0,A01
201300035291,0,33,0,0.0,2.0,4.0,1.0,B01
201300035291,0,7,0,0.0,2.0,1.0,1.0,A01
201300035292,0,7,0,0.0,0.0,9.0,1.0,A01
201300035293,0,10,0,0.0,2.0,1.0,15.0,A01
201300035293,0,7,0,0.0,2.0,7.0,1.0,B01
201300035294,0,2,0,0.0,2.0,1.0,9.0,A01
201300035294,0,14,0,0.0,2.0,5.0,1.0,B01
201300035295,0,33,0,0.0,2.0,1.0,1.0,B01
201300035295,0,7,0,0.0,2.0,6.0,1.0,C01
201300035295,0,7,0,0.0,2.0,5.0,15.0,A01
201300035296,0,7,0,4.0,0.0,8.0,1.0,A01
201300035297,0,7,0,0.0,1.0,4.0,4.0,A01
201300035298,0,7,0,0.0,2.0,1.0,2.0,A01
201300035298,0,7,0,0.0,2.0,4.0,23.0,B01
201300035299,0,7,0,0.0,2.0,3.0,9.0,A01
201300035299,0,30,0,0.0,2.0,2.0,1.0,B01
201300035300,0,33,0,0.0,2.0,7.0,1.0,B01
201300035300,0,7,0,0.0,2.0,0.0,11.0,A01
201300035301,0,33,0,0.0,2.0,2.0,1.0,B01
201300035301,0,7,0,0.0,2.0,2.0,15.0,A01
201300035302,0,2,0,0.0,0.0,1.0,2.0,A01
201300035302,0,7,0,0.0,0.0,5.0,2.0,B01
201300035303,0,7,0,0.0,2.0,1.0,0.0,B01
201300035303,0,7,0,0.0,2.0,3.0,0.0,A01
201300035304,0,33,0,0.0,2.0,1.0,1.0,B01
201300035304,0,7,0,0.0,2.0,8.0,16.0,A01
201300035305,0,7,0,0.0,2.0,1.0,1.0,B01
201300035305,0,10,0,0.0,2.0,7.0,15.0,A01
201300035306,0,7,0,0.0,2.0,1.0,1.0,A01
201300035306,0,7,0,0.0,2.0,7.0,1.0,B01
201300035307,0,7,0,0.0,2.0,2.0,9.0,A01
201300035307,0,32,0,0.0,2.0,3.0,1.0,B01
201300035308,0,7,0,0.0,0.0,5.0,23.0,B01
201300035308,0,1,0,0.0,2.0,3.0,15.0,A01
201300035309,0,33,0,0.0,2.0,6.0,9.0,B01
201300035309,0,7,0,0.0,2.0,2.0,1.0,A01
201300035310,0,7,0,0.0,1.0,1.0,15.0,A01
201300035311,0,7,0,0.0,1.0,1.0,2.0,A01
201300035312,0,7,0,0.0,9.0,1.0,1.0,A01
201300035312,0,1,0,0.0,2.0,7.0,19.0,B01
201300035312,0,7,0,0.0,9.0,1.0,1.0,C01
201300035313,0,7,0,12.0,0.0,3.0,2.0,A01
201300035314,0,10,0,0.0,1.0,4.0,4.0,A01
201300035315,0,1,0,0.0,2.0,6.0,19.0,B01
201300035315,0,7,0,0.0,9.0,1.0,1.0,A01
201300035316,0,7,0,0.0,1.0,1.0,20.0,A01
201300035317,0,7,0,0.0,2.0,2.0,1.0,A01
201300035317,0,33,0,0.0,2.0,6.0,15.0,B01
201300035318,0,7,0,0.0,2.0,2.0,15.0,A01
201300035318,0,7,0,0.0,2.0,1.0,1.0,B01
201300035319,0,7,0,0.0,9.0,4.0,4.0,A01
201300035319,0,1,0,0.0,2.0,1.0,1.0,B01
201300035320,0,7,0,0.0,1.0,1.0,1.0,A01
201300035321,0,7,0,0.0,2.0,1.0,1.0,A01
201300035321,0,7,0,0.0,2.0,4.0,2.0,B01
201300035321,0,7,0,0.0,2.0,4.0,2.0,C01
201300035322,0,7,0,0.0,2.0,3.0,2.0,A01
201300035322,0,7,0,0.0,0.0,5.0,2.0,B01
201300035323,0,7,0,0.0,1.0,3.0,16.0,A01
201300035324,0,7,0,0.0,2.0,4.0,4.0,A01
201300035324,0,7,0,0.0,2.0,3.0,1.0,B01
201300035325,0,7,0,0.0,2.0,6.0,1.0,B01
201300035325,0,7,0,0.0,2.0,2.0,2.0,A01
201300035326,0,7,0,0.0,2.0,1.0,9.0,A01
201300035326,0,7,0,0.0,2.0,7.0,15.0,B01
201300035327,0,7,0,0.0,2.0,1.0,2.0,A01
201300035327,0,7,0,0.0,0.0,4.0,2.0,B01
201300035328,0,7,0,0.0,2.0,4.0,23.0,B01
201300035328,0,7,0,0.0,2.0,1.0,2.0,A01
201300035329,0,7,0,0.0,2.0,5.0,21.0,A01
201300035329,0,7,0,0.0,2.0,3.0,1.0,B01
201300035330,0,7,0,0.0,2.0,1.0,11.0,A01
201300035330,0,7,0,0.0,2.0,4.0,23.0,C01
201300035330,0,7,0,0.0,2.0,0.0,11.0,B01
201300035331,0,7,0,0.0,2.0,1.0,19.0,A01
201300035331,0,7,0,0.0,2.0,8.0,1.0,B01
201300035332,0,7,0,0.0,1.0,1.0,2.0,A01
201300035332,0,7,0,0.0,2.0,1.0,2.0,B01
201300035333,0,33,0,0.0,2.0,1.0,1.0,A01
201300035333,0,7,0,0.0,2.0,3.0,1.0,B01
201300035334,0,30,0,4.0,2.0,1.0,17.0,B01
201300035334,0,7,0,4.0,2.0,8.0,15.0,A01
201300035335,0,7,0,0.0,1.0,1.0,1.0,A01
201300035336,0,33,0,0.0,2.0,0.0,21.0,A01
201300035337,0,33,0,0.0,2.0,1.0,1.0,B01
201300035337,0,7,0,0.0,2.0,6.0,10.0,A01
201300035338,0,7,0,0.0,2.0,5.0,15.0,A01
201300035338,0,7,0,0.0,2.0,3.0,1.0,B01
201300035339,0,2,0,0.0,0.0,7.0,1.0,A01
201300035340,1,7,0,0.0,1.0,0.0,1.0,A01
201300035341,0,1,0,1.0,0.0,1.0,2.0,A01
201300035342,1,30,0,8.0,0.0,1.0,16.0,A01
201300035343,0,33,0,0.0,2.0,5.0,1.0,B01
201300035343,0,7,0,0.0,2.0,3.0,9.0,A01
201300035344,0,7,0,0.0,2.0,1.0,1.0,A01
201300035344,0,7,0,8.0,2.0,2.0,1.0,B01
201300035345,0,1,0,0.0,0.0,8.0,1.0,B01
201300035345,0,1,0,0.0,2.0,4.0,1.0,A01
201300035346,0,7,0,0.0,1.0,7.0,1.0,A01
201300035347,0,7,0,0.0,1.0,3.0,1.0,A01
201300035348,0,7,0,0.0,1.0,3.0,1.0,A01
201300035349,0,13,0,0.0,2.0,2.0,1.0,B01
201300035349,0,13,0,0.0,2.0,3.0,1.0,A01
201300035350,0,7,0,15.0,0.0,1.0,1.0,A01
201300035351,0,37,6,0.0,2.0,0.0,15.0,A01
201300035351,0,7,0,0.0,0.0,0.0,15.0,B01
201300035352,0,33,0,0.0,2.0,2.0,15.0,B01
201300035352,0,7,0,0.0,2.0,3.0,1.0,A01
201300035353,0,1,0,14.0,0.0,1.0,1.0,A01
201300035354,0,7,0,0.0,2.0,8.0,1.0,A01
201300035354,0,33,0,0.0,2.0,1.0,17.0,B01
201300035355,0,33,0,1.0,1.0,0.0,1.0,A01
201300035356,1,7,0,12.0,0.0,1.0,9.0,A01
201300035356,0,7,0,0.0,0.0,0.0,0.0,B01
201300035357,0,33,0,0.0,2.0,6.0,1.0,A01
201300035357,0,7,0,0.0,2.0,6.0,17.0,B01
201300035358,0,7,0,0.0,1.0,2.0,1.0,A01
201300035359,0,7,0,0.0,2.0,1.0,1.0,A01
201300035359,0,32,0,0.0,2.0,1.0,1.0,B01
201300035360,0,7,0,0.0,1.0,3.0,1.0,A01
201300035361,0,7,0,0.0,1.0,4.0,4.0,A01
201300035362,0,7,0,0.0,2.0,3.0,1.0,B01
201300035362,0,7,0,0.0,2.0,1.0,15.0,A01
201300035363,0,13,0,0.0,0.0,4.0,1.0,B01
201300035363,0,13,0,0.0,2.0,1.0,1.0,A01
201300035364,0,33,0,0.0,2.0,2.0,12.0,B01
201300035364,0,7,0,0.0,2.0,3.0,2.0,A01
201300035365,0,1,0,0.0,2.0,5.0,19.0,B01
201300035365,0,7,0,0.0,2.0,1.0,15.0,A01
201300035366,0,10,0,0.0,1.0,2.0,1.0,A01
201300035367,0,7,0,0.0,1.0,1.0,1.0,A01
201300035368,0,7,0,0.0,1.0,2.0,16.0,A01
201300035369,0,32,0,0.0,1.0,1.0,1.0,A01
201300035370,0,7,0,0.0,2.0,4.0,2.0,B01
201300035370,0,7,0,0.0,2.0,1.0,2.0,A01
201300035371,0,1,0,0.0,2.0,7.0,0.0,B01
201300035371,0,37,0,0.0,2.0,1.0,1.0,A01
201300035372,0,7,0,0.0,1.0,1.0,1.0,A01
201300035373,0,14,0,0.0,0.0,0.0,23.0,B01
201300035373,0,10,0,0.0,2.0,7.0,17.0,A01
201300035374,0,33,0,15.0,0.0,1.0,1.0,A01
201300035375,0,7,0,0.0,1.0,1.0,1.0,A01
201300035376,0,2,0,0.0,2.0,1.0,1.0,A01
201300035376,1,7,0,0.0,2.0,0.0,15.0,Z01
201300035377,0,33,0,0.0,2.0,5.0,1.0,B01
201300035377,0,7,0,0.0,2.0,2.0,9.0,A01
201300035378,0,30,0,0.0,2.0,1.0,0.0,B01