Num_Acc,senc,catv,occutc,obs,obsm,choc,manv,num_veh
201300035378,0,7,0,0.0,2.0,8.0,1.0,A01
201300035379,0,7,0,0.0,2.0,1.0,0.0,B01
201300035379,0,7,0,0.0,2.0,1.0,0.0,A01
201300035380,0,1,0,0.0,2.0,1.0,5.0,B01
201300035380,0,10,0,0.0,2.0,1.0,9.0,A01
201300035381,0,7,0,0.0,2.0,6.0,4.0,A01
201300035381,0,7,0,0.0,2.0,3.0,1.0,B01
201300035382,0,7,0,0.0,2.0,2.0,10.0,A01
201300035382,0,33,0,0.0,2.0,8.0,1.0,B01
201300035383,0,7,0,0.0,1.0,2.0,0.0,A01
201300035384,0,31,0,0.0,1.0,1.0,17.0,A01
201300035385,0,7,0,0.0,1.0,2.0,1.0,A01
201300035386,0,7,0,0.0,2.0,5.0,23.0,B01
201300035386,0,7,0,0.0,2.0,1.0,2.0,A01
201300035386,0,7,0,0.0,2.0,6.0,23.0,C01
201300035387,0,33,0,0.0,0.0,0.0,3.0,A01
201300035388,1,7,0,0.0,2.0,1.0,2.0,Z01
201300035388,0,2,0,0.0,2.0,8.0,2.0,A01
201300035389,0,7,0,0.0,2.0,3.0,15.0,B01
201300035389,0,33,0,0.0,2.0,1.0,17.0,A01
201300035390,0,30,0,0.0,2.0,7.0,17.0,B01
201300035390,0,7,0,0.0,2.0,6.0,20.0,A01
201300035391,0,7,0,0.0,1.0,2.0,21.0,A01
201300035392,0,2,0,0.0,2.0,1.0,1.0,B01
201300035392,0,7,0,0.0,2.0,3.0,1.0,A01
201300035393,0,7,0,0.0,1.0,6.0,20.0,A01
201300035394,0,7,0,0.0,2.0,1.0,15.0,B01
201300035394,0,7,0,12.0,2.0,1.0,1.0,A01
201300035395,0,17,0,0.0,1.0,1.0,1.0,A01
201300035396,0,30,0,0.0,0.0,8.0,2.0,B01
201300035396,0,7,0,0.0,2.0,3.0,15.0,A01
201300035397,0,7,0,0.0,1.0,2.0,1.0,A01
201300035398,0,2,0,12.0,0.0,6.0,11.0,A01
201300035399,0,17,0,0.0,0.0,4.0,23.0,B01
201300035399,0,7,0,0.0,2.0,1.0,2.0,A01
201300035400,0,7,0,0.0,1.0,2.0,2.0,A01
201300035401,0,2,0,0.0,2.0,1.0,1.0,B01
201300035401,0,10,0,0.0,2.0,3.0,15.0,A01
201300035402,0,10,0,0.0,1.0,1.0,1.0,A01
201300035403,0,10,0,0.0,2.0,2.0,15.0,A01
201300035403,0,2,0,0.0,2.0,1.0,1.0,B01
201300035404,0,15,0,0.0,2.0,8.0,1.0,B01
201300035404,0,7,0,0.0,2.0,7.0,17.0,A01
201300035404,0,10,0,0.0,2.0,3.0,1.0,C01
201300035405,0,7,0,0.0,1.0,1.0,1.0,A01
201300035406,0,37,1,0.0,1.0,0.0,1.0,A01
201300035407,0,10,0,0.0,1.0,1.0,1.0,A01
201300035408,0,2,0,0.0,2.0,1.0,1.0,B01
201300035408,0,7,0,0.0,2.0,3.0,9.0,A01
201300035409,0,7,0,0.0,1.0,1.0,1.0,A01
201300035410,0,7,0,0.0,2.0,7.0,15.0,A01
201300035410,0,33,0,0.0,2.0,1.0,1.0,B01
201300035411,0,7,0,0.0,2.0,3.0,1.0,B01
201300035411,0,7,0,0.0,2.0,3.0,13.0,A01
201300035412,0,1,0,0.0,2.0,1.0,1.0,A01
201300035412,0,7,0,0.0,2.0,1.0,1.0,B01
201300035413,0,7,0,0.0,1.0,1.0,0.0,A01
201300035413,0,7,0,0.0,1.0,1.0,0.0,B01
201300035414,2,7,0,0.0,1.0,1.0,0.0,A01
201300035415,0,7,0,0.0,2.0,1.0,1.0,A01
201300035415,0,31,0,0.0,2.0,8.0,1.0,B01
201300035416,0,31,0,0.0,2.0,1.0,1.0,B01
201300035416,0,7,0,0.0,2.0,1.0,15.0,A01
201300035417,0,33,0,0.0,2.0,1.0,17.0,A01
201300035417,0,7,0,0.0,2.0,2.0,21.0,B01
201300035418,0,2,0,0.0,0.0,0.0,1.0,B01
201300035418,0,7,0,0.0,2.0,1.0,1.0,A01
201300035419,0,7,0,0.0,1.0,0.0,0.0,A01
201300035420,0,7,0,0.0,1.0,1.0,0.0,A01
201300035421,0,7,0,0.0,0.0,6.0,10.0,A01
201300035421,0,33,0,0.0,2.0,1.0,0.0,B01
201300035422,0,7,0,0.0,1.0,1.0,1.0,A01
201300035423,0,7,0,0.0,0.0,3.0,0.0,A01
201300035424,0,7,0,0.0,0.0,2.0,14.0,B01
201300035424,0,33,0,0.0,2.0,3.0,18.0,A01
201300035425,0,33,0,0.0,2.0,3.0,17.0,A01
201300035425,0,7,0,0.0,2.0,3.0,1.0,B01
201300035426,0,33,0,0.0,2.0,1.0,1.0,B01
201300035426,0,7,0,0.0,2.0,3.0,9.0,A01
201300035427,0,7,0,0.0,2.0,1.0,2.0,A01
201300035427,0,7,0,0.0,0.0,4.0,2.0,B01
201300035428,0,30,0,0.0,1.0,0.0,0.0,A01
201300035429,0,7,0,0.0,2.0,1.0,15.0,A01
201300035429,0,7,0,0.0,2.0,1.0,1.0,B01
201300035430,0,7,0,11.0,0.0,1.0,1.0,A01
201300035431,0,7,0,0.0,2.0,1.0,15.0,A01
201300035431,0,7,0,0.0,2.0,1.0,1.0,B01
201300035432,0,7,0,0.0,1.0,1.0,1.0,A01
201300035433,0,33,0,0.0,2.0,1.0,1.0,B01
201300035433,0,14,0,0.0,0.0,4.0,9.0,A01
201300035434,0,7,0,0.0,2.0,1.0,15.0,A01
201300035434,0,33,0,0.0,2.0,1.0,1.0,B01
201300035435,0,7,0,0.0,1.0,4.0,4.0,A01
201300035436,0,7,0,0.0,2.0,5.0,10.0,A01
201300035436,0,33,0,0.0,2.0,1.0,1.0,B01
201300035437,0,7,0,0.0,2.0,1.0,13.0,A01
201300035437,0,7,0,0.0,2.0,1.0,1.0,B01
201300035438,0,7,0,0.0,2.0,1.0,1.0,B01
201300035438,0,7,0,0.0,2.0,7.0,13.0,A01
201300035439,0,7,0,0.0,1.0,3.0,1.0,A01
201300035440,0,7,0,0.0,1.0,1.0,1.0,A01
201300035441,0,7,0,0.0,0.0,2.0,2.0,A01
201300035441,0,33,0,1.0,0.0,8.0,2.0,B01
201300035442,0,7,0,0.0,2.0,2.0,10.0,A01
201300035442,0,33,0,0.0,2.0,1.0,1.0,B01
201300035443,0,7,0,0.0,1.0,4.0,4.0,A01
201300035444,0,31,0,0.0,0.0,8.0,1.0,B01
201300035444,0,7,0,0.0,0.0,2.0,0.0,A01
201300035445,0,34,0,0.0,2.0,3.0,9.0,A01
201300035445,1,7,0,0.0,2.0,2.0,1.0,B01
201300035446,0,10,0,0.0,0.0,1.0,2.0,A01
201300035446,0,7,0,0.0,0.0,4.0,2.0,B01
201300035447,1,7,0,6.0,0.0,7.0,21.0,A01
201300035448,0,34,0,14.0,0.0,3.0,1.0,A01
201300035449,0,1,0,0.0,2.0,3.0,2.0,B01
201300035449,0,7,0,0.0,9.0,1.0,15.0,A01
201300035450,0,7,0,2.0,0.0,2.0,1.0,A01
201300035451,0,30,0,0.0,1.0,1.0,1.0,A01
201300035452,0,30,0,1.0,0.0,1.0,1.0,A01
201300035453,0,7,0,0.0,0.0,0.0,1.0,A01
201300035454,0,7,0,0.0,2.0,1.0,13.0,A01
201300035454,0,7,0,0.0,2.0,8.0,1.0,B01
201300035455,0,7,0,0.0,2.0,6.0,23.0,B01
201300035455,0,7,0,0.0,2.0,7.0,23.0,C01
201300035455,0,33,0,0.0,2.0,1.0,1.0,A01
201300035456,0,7,0,0.0,2.0,5.0,1.0,A01
201300035456,0,7,0,0.0,2.0,8.0,1.0,B01
201300035457,0,7,0,0.0,2.0,7.0,1.0,B01
201300035457,0,7,0,0.0,2.0,2.0,1.0,C01
201300035457,0,7,0,0.0,2.0,1.0,9.0,A01
201300035458,0,7,0,0.0,2.0,2.0,1.0,B01
201300035458,0,7,0,0.0,2.0,3.0,15.0,A01
201300035459,0,7,0,0.0,2.0,4.0,23.0,B01
201300035459,0,7,0,0.0,2.0,1.0,1.0,A01
201300035459,0,7,0,0.0,2.0,4.0,23.0,C01
201300035460,0,7,0,0.0,2.0,3.0,1.0,B01
201300035460,0,7,0,0.0,2.0,4.0,23.0,A01
201300035461,0,7,0,0.0,2.0,3.0,13.0,A01
201300035461,0,7,0,0.0,2.0,3.0,1.0,B01
201300035462,0,7,0,0.0,1.0,2.0,1.0,A01
201300035463,0,7,0,0.0,2.0,3.0,1.0,B01
201300035463,0,7,0,1.0,2.0,3.0,17.0,A01
201300035464,0,7,0,0.0,1.0,3.0,9.0,A01
201300035465,0,7,0,0.0,2.0,4.0,23.0,B01
201300035465,0,37,2,0.0,2.0,4.0,2.0,A01
201300035466,0,33,0,0.0,2.0,1.0,1.0,B01
201300035466,0,7,0,0.0,2.0,3.0,10.0,A01
201300035467,0,7,0,0.0,1.0,1.0,1.0,A01
201300035468,0,2,0,8.0,2.0,2.0,21.0,A01
201300035469,0,7,0,0.0,1.0,2.0,1.0,A01
201300035470,0,7,0,11.0,0.0,1.0,2.0,A01
201300035471,0,7,0,0.0,0.0,3.0,2.0,B01
201300035471,0,7,0,0.0,0.0,6.0,23.0,A01
201300035472,0,7,0,9.0,2.0,1.0,0.0,A01
201300035473,0,7,0,0.0,2.0,2.0,17.0,A01
201300035473,0,7,0,3.0,2.0,8.0,15.0,B01
201300035474,0,7,0,0.0,2.0,3.0,1.0,C01
201300035474,0,7,0,0.0,2.0,3.0,1.0,B01
201300035474,0,10,0,0.0,2.0,1.0,15.0,A01
201300035475,0,7,0,0.0,2.0,2.0,12.0,B01
201300035475,0,33,0,0.0,2.0,3.0,1.0,A01
201300035476,0,30,0,0.0,0.0,8.0,2.0,B01
201300035476,0,7,0,0.0,0.0,5.0,2.0,A01
201300035477,0,7,0,0.0,0.0,1.0,0.0,A01
201300035477,0,33,0,0.0,2.0,1.0,0.0,B01
201300035478,0,7,0,0.0,0.0,4.0,2.0,D01
201300035478,0,7,0,0.0,0.0,4.0,2.0,B01
201300035478,0,7,0,0.0,0.0,4.0,2.0,C01
201300035478,0,7,0,0.0,0.0,1.0,2.0,A01
201300035479,0,7,0,0.0,1.0,1.0,1.0,A01
201300035480,0,7,0,0.0,0.0,1.0,1.0,A01
201300035481,0,1,0,0.0,0.0,3.0,19.0,B01
201300035481,0,7,0,1.0,0.0,7.0,13.0,A01
201300035482,0,10,0,0.0,1.0,4.0,20.0,A01
201300035483,1,7,0,0.0,1.0,1.0,2.0,A01
201300035484,0,15,0,0.0,1.0,1.0,1.0,A01
201300035485,0,7,0,15.0,0.0,0.0,0.0,A01
201300035486,0,7,0,0.0,2.0,1.0,0.0,A01
201300035486,0,7,0,0.0,0.0,4.0,0.0,B01
201300035487,0,7,0,6.0,0.0,1.0,21.0,A01
201300035488,0,7,0,0.0,2.0,1.0,15.0,A01
201300035488,0,1,0,0.0,2.0,1.0,0.0,B01
201300035489,0,10,0,0.0,2.0,1.0,2.0,A01
201300035489,0,37,0,0.0,0.0,6.0,23.0,B01
201300035490,0,7,0,0.0,1.0,3.0,1.0,A01
201300035491,0,7,0,0.0,0.0,0.0,0.0,B01
201300035491,0,7,0,0.0,0.0,0.0,0.0,A01
201300035492,0,7,0,0.0,0.0,0.0,0.0,A01
201300035492,0,7,0,0.0,0.0,0.0,0.0,B01
201300035493,0,7,0,0.0,0.0,3.0,9.0,A01
201300035493,0,7,0,0.0,2.0,7.0,2.0,B01
201300035494,0,33,0,0.0,2.0,7.0,1.0,B01
201300035494,0,7,0,0.0,0.0,7.0,1.0,A01
201300035495,0,7,0,0.0,1.0,2.0,1.0,A01
201300035496,0,7,0,0.0,1.0,2.0,2.0,A01
201300035497,0,7,0,0.0,1.0,2.0,1.0,A01
201300035498,0,15,0,0.0,0.0,6.0,0.0,B01
201300035498,0,7,0,0.0,0.0,3.0,13.0,A01
201300035499,0,7,0,0.0,0.0,4.0,0.0,B01
201300035499,0,7,0,0.0,0.0,0.0,0.0,C01
201300035499,0,10,0,0.0,2.0,1.0,0.0,A01
201300035500,0,7,0,0.0,2.0,4.0,0.0,B01
201300035500,0,7,0,0.0,0.0,4.0,0.0,D01
201300035500,0,7,0,0.0,2.0,4.0,0.0,C01
201300035500,0,7,0,0.0,2.0,2.0,0.0,A01
201300035501,0,33,0,0.0,0.0,0.0,0.0,B01
201300035501,0,7,0,0.0,0.0,0.0,0.0,A01
201300035502,0,7,0,0.0,1.0,1.0,0.0,A01
201300035503,0,33,0,0.0,0.0,8.0,15.0,A01
201300035504,0,7,0,0.0,1.0,1.0,1.0,A01
201300035505,1,7,0,0.0,1.0,0.0,0.0,A01
201300035506,0,7,0,0.0,0.0,1.0,5.0,C01
201300035506,0,14,0,8.0,2.0,6.0,0.0,A01
201300035506,0,33,0,8.0,2.0,6.0,2.0,B01
201300035507,0,17,0,0.0,0.0,0.0,2.0,A01
201300035508,0,3,0,0.0,1.0,6.0,0.0,A01
201300035509,0,7,0,12.0,0.0,1.0,2.0,A01
201300035510,0,7,0,0.0,0.0,4.0,1.0,C01
201300035510,0,13,0,0.0,2.0,1.0,1.0,A01
201300035510,0,7,0,0.0,2.0,4.0,1.0,B01
201300035511,0,7,0,0.0,2.0,3.0,13.0,A01
201300035511,0,7,0,0.0,2.0,3.0,13.0,B01
201300035512,0,2,0,14.0,0.0,1.0,1.0,A01
201300035513,0,7,0,0.0,2.0,1.0,1.0,A01
201300035513,0,1,0,0.0,2.0,8.0,1.0,B01
201300035514,0,7,0,0.0,0.0,3.0,2.0,B01
201300035514,1,7,0,0.0,0.0,8.0,10.0,A01
201300035515,1,10,0,1.0,0.0,1.0,2.0,A01
201300035515,0,16,0,0.0,0.0,4.0,2.0,B01
201300035515,0,7,0,0.0,0.0,4.0,2.0,C01
201300035516,0,3,0,0.0,2.0,8.0,9.0,C01
201300035516,0,3,0,0.0,2.0,2.0,2.0,B01
201300035516,0,3,0,0.0,2.0,1.0,2.0,A01
201300035517,0,7,0,2.0,0.0,9.0,0.0,A01
201300035518,0,7,0,0.0,1.0,2.0,0.0,A01
201300035519,0,7,0,0.0,1.0,1.0,0.0,A01
201300035520,0,33,0,14.0,0.0,1.0,0.0,A01
201300035520,0,13,0,14.0,0.0,4.0,2.0,B01
201300035521,0,10,0,0.0,0.0,3.0,15.0,B01
201300035521,0,3,0,0.0,2.0,1.0,5.0,A01
201300035522,0,7,0,0.0,0.0,3.0,1.0,A01
201300035522,0,7,0,8.0,0.0,6.0,2.0,B01
201300035523,0,7,0,0.0,2.0,3.0,0.0,A01
201300035523,0,32,0,0.0,0.0,0.0,0.0,B01
201300035524,0,37,1,0.0,1.0,2.0,1.0,A01
201300035525,0,7,0,12.0,0.0,3.0,0.0,A01
201300035526,0,32,0,0.0,2.0,1.0,0.0,B01
201300035526,0,7,0,0.0,2.0,3.0,19.0,A01
201300035527,0,1,0,0.0,0.0,1.0,0.0,Y01
201300035527,0,7,0,0.0,0.0,1.0,9.0,A01
201300035528,0,7,0,0.0,2.0,2.0,15.0,A01
201300035528,0,1,0,0.0,0.0,1.0,0.0,B01
201300035529,0,7,0,0.0,1.0,3.0,1.0,A01
201300035530,0,7,0,0.0,0.0,2.0,2.0,A01
201300035530,0,7,0,0.0,0.0,6.0,2.0,B01
201300035531,0,37,1,0.0,2.0,2.0,2.0,A01
201300035531,0,7,0,0.0,0.0,6.0,0.0,D01
201300035531,0,7,0,1.0,0.0,4.0,9.0,B01
201300035531,0,7,0,0.0,0.0,3.0,0.0,C01
201300035532,0,7,0,0.0,1.0,1.0,0.0,A01
201300035533,0,7,0,0.0,2.0,1.0,1.0,A01
201300035533,0,7,0,0.0,0.0,7.0,1.0,B01
201300035533,0,7,0,0.0,0.0,8.0,0.0,C01
201300035534,0,7,0,0.0,2.0,1.0,1.0,A01
201300035534,0,7,0,0.0,2.0,1.0,1.0,B01
201300035535,0,7,0,0.0,0.0,0.0,0.0,B01
201300035535,0,7,0,0.0,0.0,8.0,0.0,A01
201300035536,1,7,0,0.0,1.0,0.0,0.0,A01
201300035537,0,7,0,0.0,0.0,0.0,23.0,B01
201300035537,0,10,0,0.0,0.0,6.0,4.0,A01
201300035538,1,3,0,0.0,0.0,0.0,0.0,Z01
201300035538,0,7,0,0.0,0.0,0.0,0.0,B01
201300035538,0,15,0,0.0,0.0,0.0,0.0,C01
201300035539,0,7,0,0.0,0.0,5.0,2.0,A01
201300035539,1,7,0,0.0,2.0,1.0,2.0,B01
201300035540,0,1,0,0.0,2.0,1.0,0.0,B01
201300035540,0,7,0,0.0,2.0,3.0,9.0,A01
201300035541,0,7,0,0.0,1.0,2.0,15.0,A01
201300035542,0,7,0,0.0,1.0,2.0,9.0,A01
201300035543,0,7,0,0.0,1.0,3.0,15.0,A01
201300035544,0,7,0,0.0,1.0,2.0,1.0,A01
201300035545,0,1,0,0.0,2.0,1.0,21.0,B01
201300035545,0,7,0,0.0,2.0,0.0,9.0,A01
201300035546,0,99,0,13.0,0.0,0.0,0.0,A01
201300035547,0,7,0,0.0,2.0,1.0,15.0,A01
201300035547,0,7,0,0.0,2.0,1.0,1.0,B01
201300035548,0,7,0,0.0,1.0,1.0,1.0,A01
201300035549,0,7,0,0.0,1.0,2.0,2.0,A01
201300035550,0,7,0,0.0,1.0,7.0,2.0,A01
201300035551,0,7,0,0.0,2.0,2.0,2.0,A01
201300035551,0,7,0,0.0,2.0,3.0,15.0,B01
201300035552,0,30,0,0.0,0.0,4.0,2.0,B01
201300035552,0,7,0,0.0,2.0,1.0,2.0,A01
201300035553,0,7,0,0.0,1.0,2.0,2.0,A01
201300035554,0,7,0,0.0,2.0,8.0,9.0,A01
201300035554,0,7,0,0.0,2.0,1.0,1.0,B01
201300035555,0,7,0,0.0,2.0,1.0,2.0,A01
201300035555,0,7,0,0.0,0.0,4.0,23.0,B01
201300035556,0,7,0,0.0,2.0,0.0,0.0,A01
201300035556,0,7,0,0.0,0.0,0.0,13.0,B01
201300035557,0,7,0,0.0,2.0,8.0,5.0,A01
201300035557,0,13,0,0.0,2.0,7.0,2.0,C01
201300035557,0,7,0,0.0,2.0,7.0,2.0,B01
201300035558,0,7,0,0.0,2.0,1.0,1.0,A01
201300035558,0,1,0,0.0,0.0,4.0,2.0,B01
201300035559,0,7,0,0.0,1.0,3.0,2.0,A01
201300035560,0,7,0,0.0,2.0,2.0,11.0,A01
201300035560,0,7,0,0.0,0.0,6.0,15.0,B01
201300035561,0,2,0,0.0,2.0,1.0,1.0,A01
201300035561,0,7,0,0.0,9.0,3.0,14.0,B01
201300035562,0,7,0,0.0,2.0,3.0,10.0,A01
201300035562,0,7,0,0.0,2.0,1.0,13.0,B01
201300035563,0,10,0,0.0,2.0,1.0,2.0,A01
201300035563,0,7,0,0.0,0.0,4.0,2.0,B01
201300035564,0,7,0,0.0,0.0,9.0,2.0,A01
201300035565,0,7,0,0.0,2.0,7.0,9.0,A01
201300035565,0,7,0,0.0,2.0,1.0,2.0,B01
201300035566,0,32,0,0.0,1.0,1.0,9.0,A01
201300035567,0,7,0,0.0,1.0,1.0,1.0,A01
201300035568,1,7,0,0.0,0.0,0.0,9.0,A01
201300035568,0,33,0,0.0,2.0,0.0,21.0,B01
201300035569,0,7,0,8.0,2.0,1.0,21.0,A01
201300035569,0,7,0,0.0,2.0,3.0,19.0,B01
201300035570,0,10,0,0.0,0.0,6.0,2.0,A01
201300035570,0,37,2,0.0,2.0,1.0,15.0,B01
201300035571,0,33,0,0.0,0.0,8.0,2.0,A01
201300035572,0,7,0,0.0,2.0,3.0,15.0,A01
201300035572,0,33,0,0.0,2.0,0.0,2.0,B01
201300035573,0,7,0,0.0,2.0,1.0,2.0,A01
201300035573,0,7,0,0.0,2.0,2.0,15.0,B01
201300035574,0,7,0,0.0,2.0,1.0,15.0,A01
201300035574,0,33,0,0.0,0.0,3.0,2.0,B01
201300035575,0,33,0,0.0,0.0,0.0,0.0,A01
201300035576,1,7,0,0.0,0.0,0.0,9.0,A01
201300035576,0,37,5,0.0,2.0,0.0,1.0,B01
201300035577,0,2,0,0.0,2.0,8.0,21.0,B01
201300035577,0,7,0,0.0,2.0,2.0,17.0,C01
201300035577,0,7,0,0.0,0.0,0.0,4.0,A01
201300035578,0,7,0,0.0,0.0,9.0,2.0,A01
201300035579,0,7,0,0.0,0.0,4.0,2.0,B01
201300035579,0,30,0,0.0,2.0,1.0,2.0,A01
201300035580,0,33,0,0.0,2.0,8.0,9.0,B01
201300035580,0,7,0,0.0,2.0,8.0,9.0,A01
201300035581,0,7,0,0.0,2.0,3.0,2.0,A01
201300035581,0,33,0,0.0,2.0,4.0,23.0,B01
201300035582,0,7,0,0.0,0.0,0.0,2.0,A01
201300035582,0,1,0,0.0,0.0,0.0,9.0,B01
201300035583,0,33,0,0.0,2.0,1.0,2.0,A01
201300035584,0,7,0,0.0,0.0,8.0,15.0,B01
201300035584,0,30,0,0.0,2.0,1.0,17.0,A01
201300035585,0,33,0,0.0,2.0,2.0,1.0,A01
201300035585,0,7,0,0.0,0.0,6.0,13.0,B01
201300035586,0,7,0,0.0,2.0,7.0,15.0,B01
201300035586,0,33,0,0.0,2.0,8.0,1.0,A01
201300035587,0,7,0,0.0,2.0,3.0,1.0,B01
201300035587,0,15,0,0.0,2.0,4.0,4.0,A01
201300035588,0,7,0,0.0,9.0,1.0,16.0,A01
201300035588,0,1,0,0.0,2.0,7.0,15.0,B01
201300035589,0,10,0,0.0,1.0,8.0,1.0,A01
201300035590,0,7,0,0.0,0.0,8.0,2.0,B01
201300035590,0,33,0,0.0,2.0,8.0,2.0,A01
201300035591,0,7,0,15.0,0.0,1.0,1.0,A01
201300035592,0,7,0,0.0,2.0,2.0,10.0,A01
201300035592,0,1,0,0.0,2.0,0.0,1.0,B01
201300035593,0,7,0,0.0,0.0,7.0,0.0,A01
201300035594,0,7,0,0.0,1.0,0.0,0.0,A01
201300035595,0,7,0,0.0,2.0,3.0,2.0,B01
201300035595,0,7,0,0.0,2.0,1.0,9.0,A01
201300035596,0,7,0,0.0,2.0,1.0,17.0,A01
201300035596,0,7,0,0.0,2.0,1.0,1.0,B01
201300035597,0,7,0,8.0,0.0,1.0,21.0,B01
201300035597,1,7,0,0.0,0.0,0.0,17.0,A01
201300035598,0,7,0,0.0,2.0,2.0,1.0,A01
201300035598,0,7,0,0.0,2.0,7.0,15.0,B01
201300035599,1,7,0,0.0,1.0,0.0,0.0,A01
201300035600,0,2,0,0.0,0.0,7.0,1.0,A01
201300035601,0,33,0,0.0,2.0,4.0,1.0,B01
201300035601,0,7,0,0.0,2.0,1.0,1.0,A01
201300035602,0,7,0,0.0,1.0,2.0,21.0,A01
201300035603,0,7,0,14.0,0.0,1.0,6.0,A01
201300035604,1,7,0,0.0,0.0,0.0,12.0,B01
201300035604,0,7,0,0.0,9.0,7.0,21.0,A01
201300035605,0,2,0,0.0,2.0,1.0,2.0,A01
201300035605,0,2,0,0.0,0.0,4.0,0.0,B01
201300035606,0,7,0,0.0,2.0,1.0,2.0,A01
201300035606,0,7,0,0.0,2.0,4.0,2.0,B01
201300035607,0,7,0,14.0,0.0,1.0,1.0,A01
201300035608,0,7,0,12.0,0.0,9.0,2.0,A01
201300035609,0,7,0,6.0,0.0,1.0,1.0,A01
201300035610,0,7,0,0.0,2.0,4.0,23.0,D01
201300035610,0,7,0,0.0,2.0,4.0,23.0,B01
201300035610,0,7,0,0.0,2.0,1.0,2.0,A01
201300035610,0,7,0,0.0,2.0,4.0,23.0,C01
201300035611,0,7,0,8.0,1.0,3.0,1.0,A01
201300035612,0,7,0,0.0,2.0,7.0,1.0,B01
201300035612,0,7,0,0.0,2.0,1.0,1.0,A01
201300035613,0,7,0,0.0,2.0,5.0,1.0,B01
201300035613,1,7,0,0.0,2.0,0.0,19.0,A01
201300035614,1,7,0,0.0,0.0,1.0,2.0,A01
201300035614,0,7,0,0.0,0.0,4.0,2.0,B01
201300035615,0,7,0,0.0,2.0,1.0,5.0,A01
201300035615,0,7,0,0.0,2.0,3.0,0.0,B01
201300035616,2,7,0,0.0,0.0,0.0,0.0,A01
201300035616,0,7,0,0.0,0.0,0.0,1.0,B01
201300035617,0,7,0,0.0,2.0,3.0,21.0,B01
201300035617,0,30,0,0.0,2.0,1.0,13.0,A01
201300035618,0,33,0,0.0,2.0,1.0,1.0,A01
201300035618,0,7,0,0.0,0.0,8.0,1.0,B01
201300035619,0,31,0,0.0,0.0,8.0,2.0,B01
201300035619,1,7,0,0.0,0.0,0.0,5.0,A01
201300035620,0,3,0,14.0,0.0,1.0,0.0,A01
201300035621,0,7,0,0.0,2.0,0.0,1.0,C01
201300035621,1,99,0,0.0,0.0,0.0,0.0,A01
201300035621,0,7,0,0.0,0.0,3.0,23.0,D01
201300035621,0,33,0,0.0,0.0,3.0,23.0,B01
201300035621,0,7,0,0.0,0.0,0.0,23.0,E01
201300035622,1,7,0,0.0,1.0,0.0,11.0,A01
201300035623,1,7,0,0.0,1.0,1.0,1.0,A01
201300035624,0,2,0,2.0,0.0,1.0,2.0,A01
201300035625,0,33,0,0.0,2.0,1.0,1.0,B01
201300035625,0,7,0,0.0,2.0,2.0,10.0,A01
201300035626,0,7,0,0.0,1.0,3.0,1.0,A01
201300035627,0,7,0,0.0,2.0,4.0,23.0,B01
201300035627,0,15,0,0.0,2.0,1.0,2.0,A01
201300035628,0,7,0,0.0,2.0,1.0,1.0,B01
201300035628,0,7,0,0.0,2.0,8.0,10.0,A01
201300035629,0,7,0,0.0,2.0,1.0,1.0,A01
201300035629,0,7,0,0.0,2.0,8.0,15.0,B01
201300035630,0,7,0,0.0,2.0,2.0,9.0,A01
201300035630,0,2,0,0.0,2.0,7.0,1.0,B01
201300035631,0,7,0,0.0,2.0,1.0,1.0,B01
201300035631,0,7,0,0.0,2.0,7.0,13.0,A01
201300035632,0,7,0,0.0,2.0,1.0,13.0,A01
201300035632,0,7,0,0.0,2.0,1.0,1.0,B01
201300035633,0,7,0,0.0,2.0,5.0,1.0,B01
201300035633,0,33,0,0.0,2.0,9.0,2.0,A01
201300035633,0,7,0,0.0,2.0,3.0,9.0,C01
201300035634,0,33,0,0.0,2.0,1.0,2.0,A01
201300035634,0,7,0,0.0,2.0,4.0,11.0,B01
201300035635,0,33,0,8.0,0.0,1.0,21.0,A01
201300035636,0,33,0,0.0,0.0,0.0,1.0,A01
201300035637,0,7,0,2.0,0.0,8.0,12.0,A01
201300035638,0,7,0,0.0,2.0,2.0,1.0,B01
201300035638,0,1,0,0.0,2.0,1.0,9.0,A01
201300035639,0,30,0,0.0,2.0,1.0,17.0,A01
201300035639,0,7,0,0.0,2.0,3.0,15.0,B01
201300035640,0,1,0,0.0,2.0,1.0,5.0,A01
201300035640,0,7,0,0.0,2.0,3.0,15.0,B01
201300035641,0,7,0,5.0,2.0,2.0,21.0,A01
201300035642,0,7,0,0.0,0.0,0.0,1.0,A01
201300035643,0,7,0,0.0,1.0,1.0,1.0,A01
201300035644,0,7,0,0.0,1.0,1.0,15.0,A01
201300035645,0,7,0,0.0,2.0,3.0,22.0,B01
201300035645,0,37,1,0.0,2.0,5.0,2.0,A01
201300035646,0,1,0,0.0,2.0,8.0,1.0,B01
201300035646,0,31,0,0.0,2.0,1.0,1.0,A01
201300035647,0,7,0,0.0,2.0,3.0,16.0,A01
201300035647,0,37,1,0.0,2.0,3.0,1.0,B01
201300035648,0,33,0,0.0,5.0,0.0,21.0,A01
201300035649,1,7,0,0.0,1.0,1.0,0.0,A01
201300035650,0,10,0,0.0,2.0,3.0,13.0,A01
201300035650,0,7,0,0.0,9.0,8.0,2.0,C01
201300035650,0,7,0,0.0,2.0,1.0,1.0,B01
201300035651,0,7,0,0.0,0.0,4.0,23.0,C01
201300035651,0,7,0,0.0,0.0,4.0,23.0,B01