Num_Acc,senc,catv,occutc,obs,obsm,choc,manv,num_veh
201300035651,0,7,0,0.0,2.0,1.0,2.0,A01
201300035651,0,7,0,0.0,0.0,4.0,23.0,D01
201300035652,0,7,0,13.0,0.0,2.0,0.0,A01
201300035653,0,1,0,0.0,2.0,1.0,0.0,B01
201300035653,0,7,0,0.0,9.0,3.0,1.0,A01
201300035654,0,7,0,4.0,0.0,4.0,1.0,A01
201300035655,0,7,0,8.0,0.0,9.0,1.0,A01
201300035656,0,7,0,0.0,2.0,3.0,10.0,A01
201300035656,0,33,0,0.0,2.0,8.0,0.0,B01
201300035657,0,7,0,0.0,1.0,8.0,1.0,A01
201300035658,0,7,0,0.0,0.0,0.0,1.0,B01
201300035658,0,7,0,0.0,0.0,3.0,15.0,A01
201300035659,1,7,0,0.0,2.0,3.0,1.0,B01
201300035659,0,7,0,0.0,2.0,8.0,12.0,A01
201300035660,0,7,0,0.0,5.0,1.0,1.0,B01
201300035660,0,7,0,0.0,5.0,1.0,1.0,A01
201300035661,0,7,0,0.0,1.0,1.0,15.0,A01
201300035662,0,7,0,0.0,2.0,3.0,9.0,A01
201300035662,0,33,0,0.0,2.0,1.0,1.0,B01
201300035663,0,32,0,0.0,2.0,2.0,2.0,A01
201300035663,0,33,0,1.0,2.0,3.0,2.0,B01
201300035664,0,7,0,0.0,1.0,1.0,16.0,A01
201300035665,0,7,0,0.0,2.0,3.0,19.0,A01
201300035665,0,33,0,0.0,2.0,1.0,1.0,B01
201300035666,0,7,0,0.0,9.0,3.0,2.0,B01
201300035666,0,1,0,0.0,0.0,4.0,13.0,A01
201300035667,0,33,0,0.0,2.0,1.0,1.0,A01
201300035667,0,2,0,0.0,2.0,7.0,1.0,B01
201300035668,0,7,0,0.0,2.0,1.0,15.0,A01
201300035668,0,7,0,0.0,2.0,5.0,1.0,B01
201300035669,0,7,0,0.0,1.0,1.0,1.0,A01
201300035670,0,31,0,0.0,2.0,7.0,3.0,A01
201300035670,0,7,0,0.0,2.0,1.0,15.0,B01
201300035671,0,7,0,0.0,1.0,2.0,1.0,A01
201300035672,0,7,0,0.0,0.0,4.0,1.0,C01
201300035672,0,7,0,0.0,2.0,4.0,2.0,B01
201300035672,0,7,0,0.0,2.0,1.0,2.0,A01
201300035673,0,7,0,0.0,1.0,1.0,1.0,A01
201300035674,0,7,0,0.0,1.0,3.0,1.0,A01
201300035675,0,34,0,0.0,1.0,1.0,17.0,A01
201300035676,0,7,0,0.0,2.0,8.0,13.0,A01
201300035676,0,7,0,0.0,2.0,3.0,1.0,B01
201300035677,0,7,0,0.0,1.0,2.0,1.0,A01
201300035678,0,7,0,0.0,2.0,3.0,9.0,B01
201300035678,0,33,0,0.0,2.0,1.0,17.0,A01
201300035679,1,7,0,0.0,2.0,8.0,11.0,A01
201300035679,0,30,0,0.0,2.0,8.0,1.0,B01
201300035680,0,10,0,0.0,2.0,1.0,1.0,A01
201300035680,0,7,0,0.0,2.0,7.0,1.0,B01
201300035681,0,10,0,0.0,2.0,3.0,13.0,A01
201300035681,0,10,0,0.0,2.0,8.0,1.0,C01
201300035681,0,7,0,0.0,2.0,8.0,1.0,B01
201300035682,0,7,0,0.0,2.0,4.0,23.0,D01
201300035682,0,7,0,0.0,2.0,1.0,1.0,A01
201300035682,0,7,0,0.0,2.0,1.0,1.0,B01
201300035682,0,7,0,0.0,2.0,4.0,23.0,E01
201300035682,0,7,0,0.0,2.0,4.0,23.0,C01
201300035683,0,7,0,0.0,2.0,1.0,1.0,A01
201300035683,0,7,0,0.0,2.0,4.0,1.0,B01
201300035684,0,33,0,5.0,0.0,1.0,14.0,A01
201300035685,0,33,0,0.0,2.0,1.0,17.0,B01
201300035685,0,7,0,0.0,2.0,3.0,10.0,A01
201300035686,0,7,0,0.0,1.0,2.0,1.0,A01
201300035687,0,7,0,0.0,1.0,1.0,1.0,A01
201300035688,0,7,0,0.0,2.0,1.0,1.0,B01
201300035688,0,7,0,0.0,2.0,8.0,1.0,A01
201300035689,0,7,0,0.0,2.0,1.0,1.0,B01
201300035689,0,7,0,0.0,2.0,8.0,9.0,A01
201300035690,0,10,0,0.0,1.0,0.0,1.0,A01
201300035691,0,7,0,0.0,1.0,2.0,1.0,A01
201300035692,0,7,0,0.0,1.0,1.0,1.0,A01
201300035693,0,7,0,0.0,2.0,3.0,1.0,A01
201300035693,0,1,0,0.0,2.0,8.0,19.0,B01
201300035694,0,30,0,0.0,2.0,1.0,1.0,B01
201300035694,0,7,0,0.0,2.0,3.0,9.0,A01
201300035695,0,7,0,0.0,1.0,2.0,1.0,A01
201300035696,0,1,0,0.0,2.0,3.0,1.0,B01
201300035696,0,7,0,0.0,2.0,2.0,9.0,A01
201300035697,0,7,0,0.0,1.0,7.0,1.0,A01
201300035698,0,7,0,0.0,1.0,3.0,1.0,A01
201300035699,0,15,0,0.0,2.0,2.0,1.0,A01
201300035699,0,7,0,0.0,2.0,1.0,16.0,B01
201300035700,0,34,0,0.0,1.0,1.0,1.0,A01
201300035700,0,7,0,0.0,2.0,4.0,24.0,B01
201300035701,0,7,0,0.0,2.0,7.0,15.0,A01
201300035701,0,34,0,0.0,2.0,1.0,1.0,B01
201300035702,0,7,0,0.0,2.0,2.0,15.0,B01
201300035702,0,33,0,0.0,2.0,1.0,1.0,A01
201300035703,0,7,0,12.0,0.0,2.0,16.0,A01
201300035704,0,2,0,0.0,1.0,7.0,1.0,A01
201300035705,1,7,0,0.0,1.0,1.0,1.0,Z01
201300035706,0,1,0,0.0,2.0,3.0,19.0,B01
201300035706,0,2,0,0.0,9.0,1.0,1.0,A01
201300035707,0,7,0,0.0,1.0,3.0,1.0,A01
201300035708,0,13,0,0.0,2.0,2.0,1.0,B01
201300035708,0,30,0,0.0,2.0,4.0,10.0,A01
201300035709,0,7,0,0.0,1.0,8.0,1.0,B01
201300035710,0,7,0,0.0,1.0,3.0,1.0,A01
201300035711,0,13,0,0.0,1.0,3.0,1.0,A01
201300035712,0,7,0,0.0,0.0,7.0,15.0,A01
201300035712,0,32,0,0.0,2.0,1.0,1.0,B01
201300035713,0,7,0,0.0,2.0,3.0,9.0,A01
201300035713,0,2,0,0.0,2.0,1.0,1.0,B01
201300035714,0,30,0,0.0,2.0,8.0,17.0,A01
201300035714,0,7,0,0.0,2.0,3.0,17.0,B01
201300035715,0,33,0,0.0,0.0,0.0,1.0,B01
201300035715,0,7,0,0.0,9.0,1.0,1.0,A01
201300035716,0,7,0,0.0,1.0,2.0,1.0,A01
201300035717,0,7,0,0.0,2.0,4.0,23.0,B01
201300035717,0,7,0,0.0,2.0,1.0,2.0,C01
201300035717,0,37,6,0.0,2.0,1.0,2.0,A01
201300035718,0,7,0,0.0,1.0,3.0,1.0,A01
201300035719,0,7,0,0.0,1.0,3.0,1.0,A01
201300035720,0,7,0,0.0,1.0,1.0,1.0,A01
201300035721,0,10,0,0.0,9.0,1.0,1.0,A01
201300035721,0,34,0,0.0,2.0,1.0,5.0,B01
201300035722,0,7,0,0.0,0.0,4.0,1.0,B01
201300035722,0,33,0,0.0,2.0,4.0,3.0,A01
201300035723,0,7,0,0.0,2.0,1.0,2.0,A01
201300035723,0,1,0,0.0,0.0,4.0,2.0,B01
201300035724,0,15,0,0.0,2.0,6.0,1.0,C01
201300035724,0,33,0,0.0,2.0,1.0,3.0,A01
201300035724,1,10,0,0.0,9.0,4.0,1.0,B01
201300035725,0,33,0,0.0,2.0,8.0,3.0,B01
201300035725,0,7,0,0.0,2.0,7.0,14.0,A01
201300035726,0,37,15,0.0,1.0,1.0,15.0,A01
201300035727,0,7,0,0.0,1.0,3.0,15.0,A01
201300035728,0,7,0,0.0,2.0,1.0,1.0,B01
201300035728,0,33,0,0.0,2.0,2.0,16.0,A01
201300035729,0,7,0,0.0,2.0,3.0,20.0,A01
201300035729,0,2,0,0.0,2.0,7.0,21.0,B01
201300035730,0,7,0,0.0,1.0,1.0,1.0,A01
201300035731,0,7,0,0.0,2.0,3.0,10.0,A01
201300035731,0,33,0,0.0,2.0,6.0,17.0,B01
201300035732,0,7,0,0.0,1.0,0.0,2.0,A01
201300035733,0,7,0,15.0,0.0,0.0,0.0,A01
201300035734,0,1,0,0.0,1.0,1.0,16.0,A01
201300035735,0,7,0,1.0,0.0,3.0,1.0,A01
201300035736,0,7,0,0.0,1.0,1.0,20.0,A01
201300035737,0,7,0,0.0,1.0,2.0,1.0,A01
201300035738,0,7,0,0.0,2.0,5.0,15.0,A01
201300035738,0,33,0,0.0,2.0,1.0,1.0,B01
201300035739,0,7,0,0.0,1.0,2.0,1.0,A01
201300035740,0,14,0,0.0,1.0,1.0,1.0,A01
201300035741,0,7,0,0.0,0.0,9.0,11.0,A01
201300035742,0,7,0,2.0,2.0,1.0,2.0,B01
201300035742,0,7,0,0.0,2.0,4.0,4.0,A01
201300035743,0,7,0,0.0,2.0,5.0,2.0,A01
201300035743,0,1,0,1.0,0.0,8.0,18.0,B01
201300035744,0,30,0,0.0,0.0,4.0,0.0,A01
201300035745,0,30,0,14.0,0.0,1.0,1.0,A01
201300035746,0,33,0,11.0,0.0,2.0,1.0,A01
201300035747,0,2,0,0.0,2.0,3.0,1.0,A01
201300035747,0,7,0,0.0,2.0,2.0,15.0,B01
201300035748,1,2,0,0.0,2.0,2.0,0.0,Z01
201300035749,0,7,0,4.0,0.0,3.0,12.0,A01
201300035750,0,7,0,0.0,2.0,3.0,13.0,A01
201300035750,0,33,0,0.0,2.0,3.0,1.0,B01
201300035751,0,7,0,0.0,1.0,2.0,16.0,A01
201300035752,0,7,0,0.0,1.0,1.0,1.0,A01
201300035753,0,7,0,0.0,1.0,3.0,1.0,A01
201300035754,0,7,0,0.0,1.0,3.0,0.0,A01
201300035755,0,7,0,0.0,1.0,5.0,15.0,A01
201300035756,0,7,0,0.0,1.0,3.0,1.0,A01
201300035757,0,7,0,0.0,2.0,8.0,20.0,A01
201300035757,0,34,0,0.0,2.0,1.0,17.0,B01
201300035758,0,2,0,0.0,2.0,3.0,2.0,B01
201300035758,0,7,0,0.0,2.0,6.0,12.0,A01
201300035759,0,38,16,0.0,1.0,3.0,15.0,A01
201300035760,0,1,0,0.0,2.0,4.0,2.0,C01
201300035760,0,7,0,0.0,2.0,1.0,1.0,A01
201300035760,0,1,0,0.0,2.0,4.0,2.0,B01
201300035761,0,7,0,0.0,1.0,2.0,1.0,A01
201300035762,0,38,50,0.0,1.0,7.0,1.0,A01
201300035763,0,7,0,0.0,1.0,0.0,0.0,A01
201300035764,0,10,0,0.0,1.0,1.0,15.0,A01
201300035765,0,7,0,0.0,2.0,3.0,9.0,A01
201300035765,0,1,0,0.0,2.0,1.0,17.0,B01
201300035766,0,33,0,0.0,2.0,0.0,0.0,B01
201300035766,0,7,0,0.0,2.0,0.0,0.0,A01
201300035767,0,7,0,0.0,1.0,3.0,2.0,A01
201300035768,0,7,0,0.0,1.0,1.0,0.0,A01
201300035769,0,7,0,0.0,1.0,4.0,4.0,A01
201300035770,0,7,0,0.0,0.0,4.0,2.0,B01
201300035770,0,1,0,0.0,2.0,1.0,2.0,A01
201300035771,0,33,0,0.0,2.0,8.0,21.0,A01
201300035771,0,7,0,0.0,2.0,6.0,23.0,B01
201300035772,0,7,0,0.0,1.0,1.0,1.0,A01
201300035773,0,7,0,0.0,1.0,2.0,1.0,A01
201300035774,0,7,0,0.0,1.0,7.0,0.0,A01
201300035775,0,7,0,0.0,0.0,3.0,1.0,A01
201300035775,0,33,0,0.0,2.0,1.0,0.0,B01
201300035776,0,7,0,0.0,1.0,7.0,0.0,A01
201300035777,0,1,0,1.0,2.0,3.0,0.0,B01
201300035777,0,7,0,0.0,9.0,8.0,22.0,A01
201300035777,0,7,0,0.0,9.0,3.0,0.0,C01
201300035778,0,2,0,0.0,2.0,1.0,1.0,A01
201300035778,0,2,0,0.0,2.0,8.0,11.0,B01
201300035779,0,7,0,0.0,1.0,2.0,1.0,A01
201300035780,0,7,0,0.0,9.0,4.0,9.0,A01
201300035780,0,33,0,0.0,2.0,0.0,1.0,B01
201300035781,0,10,0,0.0,1.0,2.0,0.0,A01
201300035782,0,7,0,0.0,0.0,1.0,0.0,A01
201300035782,0,34,0,0.0,0.0,3.0,1.0,B01
201300035783,0,2,0,0.0,2.0,7.0,2.0,B01
201300035783,0,7,0,0.0,2.0,3.0,10.0,A01
201300035784,0,14,0,0.0,1.0,6.0,0.0,A01
201300035784,0,7,0,0.0,0.0,0.0,0.0,B01
201300035785,0,7,0,0.0,1.0,3.0,1.0,A01
201300035786,0,7,0,0.0,1.0,1.0,1.0,A01
201300035787,0,33,0,0.0,2.0,7.0,1.0,B01
201300035787,0,7,0,0.0,2.0,8.0,16.0,A01
201300035788,0,7,0,0.0,9.0,3.0,22.0,A01
201300035788,0,1,0,1.0,0.0,1.0,0.0,B01
201300035789,0,7,0,0.0,1.0,2.0,1.0,A01
201300035790,0,7,0,0.0,1.0,1.0,16.0,A01
201300035791,0,31,0,1.0,2.0,1.0,1.0,A01
201300035791,1,30,0,0.0,2.0,1.0,1.0,Z01
201300035792,0,7,0,14.0,0.0,1.0,1.0,A01
201300035793,0,7,0,0.0,1.0,8.0,1.0,A01
201300035794,0,7,0,0.0,1.0,1.0,1.0,A01
201300035795,0,7,0,0.0,1.0,1.0,1.0,A01
201300035796,0,10,0,0.0,2.0,3.0,0.0,A01
201300035796,0,33,0,0.0,2.0,7.0,9.0,B01
201300035797,0,7,0,16.0,0.0,7.0,0.0,A01
201300035798,0,7,0,0.0,2.0,5.0,15.0,A01
201300035798,0,2,0,0.0,2.0,1.0,1.0,B01
201300035799,0,7,0,0.0,2.0,1.0,1.0,B01
201300035799,0,7,0,15.0,2.0,2.0,15.0,A01
201300035800,0,33,0,0.0,2.0,1.0,1.0,B01
201300035800,0,7,0,0.0,2.0,7.0,1.0,A01
201300035801,0,10,0,0.0,2.0,5.0,15.0,A01
201300035801,0,33,0,0.0,2.0,5.0,1.0,B01
201300035802,0,7,0,0.0,2.0,6.0,1.0,C01
201300035802,0,7,0,0.0,2.0,3.0,9.0,A01
201300035802,0,33,0,0.0,2.0,7.0,2.0,B01
201300035803,0,7,0,0.0,2.0,6.0,9.0,A01
201300035803,0,33,0,0.0,2.0,3.0,1.0,B01
201300035804,0,7,0,0.0,2.0,4.0,1.0,B01
201300035804,0,34,0,0.0,2.0,1.0,1.0,A01
201300035805,0,33,0,0.0,2.0,1.0,1.0,B01
201300035805,0,10,0,0.0,2.0,8.0,1.0,A01
201300035806,0,7,0,0.0,2.0,3.0,24.0,A01
201300035806,0,1,0,1.0,0.0,7.0,1.0,B01
201300035807,0,7,0,3.0,2.0,3.0,1.0,B01
201300035807,0,7,0,3.0,2.0,2.0,6.0,A01
201300035808,0,31,0,0.0,2.0,1.0,1.0,B01
201300035808,0,7,0,0.0,2.0,6.0,9.0,A01
201300035809,0,33,0,0.0,1.0,7.0,1.0,A01
201300035810,0,7,0,0.0,1.0,1.0,1.0,B01
201300035811,0,14,0,14.0,0.0,2.0,6.0,A01
201300035812,0,33,0,0.0,2.0,1.0,17.0,A01
201300035812,0,7,0,0.0,2.0,3.0,15.0,B01
201300035813,0,7,0,0.0,2.0,1.0,1.0,A01
201300035813,0,1,0,0.0,0.0,0.0,1.0,C01
201300035813,0,7,0,0.0,2.0,1.0,21.0,B01
201300035814,0,7,0,0.0,2.0,5.0,4.0,A01
201300035814,0,34,0,0.0,2.0,1.0,1.0,B01
201300035815,0,2,0,0.0,1.0,1.0,21.0,A01
201300035816,0,33,0,0.0,2.0,1.0,1.0,B01
201300035816,0,7,0,0.0,2.0,6.0,15.0,A01
201300035817,0,10,0,0.0,1.0,1.0,1.0,A01
201300035818,0,7,0,0.0,2.0,8.0,15.0,B01
201300035818,0,33,0,0.0,2.0,0.0,17.0,A01
201300035819,0,1,0,0.0,2.0,6.0,2.0,B01
201300035819,1,7,0,0.0,2.0,7.0,2.0,A01
201300035820,0,33,0,0.0,0.0,0.0,17.0,A01
201300035821,0,10,0,0.0,2.0,1.0,1.0,B01
201300035821,0,2,0,0.0,2.0,8.0,1.0,A01
201300035822,0,7,0,0.0,1.0,2.0,1.0,A01
201300035823,0,31,0,0.0,2.0,1.0,3.0,A01
201300035823,0,7,0,0.0,2.0,3.0,15.0,B01
201300035824,0,2,0,0.0,2.0,1.0,2.0,A01
201300035824,0,7,0,0.0,2.0,4.0,2.0,C01
201300035824,0,7,0,0.0,2.0,4.0,2.0,B01
201300035825,0,7,0,0.0,2.0,2.0,2.0,A01
201300035825,0,7,0,0.0,2.0,8.0,9.0,C01
201300035825,0,7,0,0.0,2.0,3.0,2.0,B01
201300035826,0,7,0,0.0,2.0,2.0,1.0,B01
201300035826,0,1,0,0.0,2.0,3.0,16.0,A01
201300035827,0,7,0,0.0,1.0,1.0,2.0,B01
201300035827,0,2,0,0.0,2.0,1.0,2.0,A01
201300035828,0,1,0,1.0,0.0,7.0,1.0,A01
201300035829,0,7,0,8.0,0.0,5.0,1.0,A01
201300035830,0,33,0,0.0,1.0,1.0,1.0,A01
201300035831,0,33,0,0.0,0.0,0.0,21.0,A01
201300035832,0,7,0,0.0,2.0,4.0,2.0,B01
201300035832,0,33,0,0.0,2.0,1.0,2.0,A01
201300035833,0,2,0,8.0,0.0,1.0,1.0,A01
201300035834,0,7,0,0.0,0.0,5.0,15.0,A01
201300035834,0,3,0,0.0,2.0,1.0,1.0,B01
201300035835,0,7,0,0.0,0.0,4.0,2.0,B01
201300035835,0,2,0,0.0,0.0,1.0,2.0,A01
201300035836,0,2,0,0.0,0.0,7.0,1.0,A01
201300035837,0,7,0,6.0,0.0,1.0,0.0,A01
201300035838,0,2,0,0.0,0.0,0.0,0.0,A01
201300035839,0,7,0,0.0,2.0,1.0,16.0,A01
201300035839,0,7,0,0.0,2.0,3.0,1.0,B01
201300035840,0,7,0,0.0,2.0,1.0,9.0,A01
201300035840,0,2,0,0.0,2.0,7.0,1.0,B01
201300035841,0,7,0,0.0,1.0,3.0,1.0,B01
201300035842,0,7,0,0.0,0.0,9.0,1.0,A01
201300035843,0,7,0,0.0,2.0,1.0,1.0,B01
201300035843,0,7,0,0.0,2.0,2.0,15.0,A01
201300035844,0,2,0,0.0,2.0,1.0,1.0,A01
201300035844,0,7,0,0.0,0.0,4.0,23.0,B01
201300035845,0,7,0,0.0,2.0,8.0,24.0,A01
201300035845,0,1,0,1.0,2.0,1.0,21.0,B01
201300035846,0,7,0,0.0,2.0,1.0,1.0,B01
201300035846,0,7,0,0.0,2.0,3.0,9.0,A01
201300035847,0,35,0,12.0,0.0,7.0,1.0,A01
201300035848,0,7,0,0.0,0.0,0.0,17.0,B01
201300035848,0,1,0,0.0,2.0,0.0,15.0,A01
201300035849,0,7,0,0.0,0.0,5.0,2.0,B01
201300035849,0,2,0,0.0,2.0,1.0,2.0,A01
201300035850,0,2,0,0.0,0.0,0.0,0.0,A01
201300035851,0,2,0,0.0,0.0,0.0,1.0,A01
201300035852,1,7,0,1.0,1.0,2.0,1.0,A01
201300035853,0,7,0,0.0,2.0,3.0,1.0,B01
201300035853,0,7,0,0.0,0.0,1.0,15.0,A01
201300035854,0,2,0,0.0,2.0,1.0,6.0,B01
201300035854,0,2,0,0.0,2.0,1.0,6.0,A01
201300035854,0,7,0,0.0,2.0,8.0,15.0,C01
201300035855,0,2,0,0.0,0.0,4.0,1.0,B01
201300035855,0,7,0,0.0,2.0,4.0,2.0,A01
201300035856,0,33,0,11.0,0.0,9.0,1.0,A01
201300035857,0,7,0,6.0,2.0,8.0,1.0,A01
201300035857,0,7,0,0.0,2.0,1.0,1.0,B01
201300035858,0,30,0,0.0,0.0,7.0,16.0,A01
201300035859,0,7,0,0.0,2.0,1.0,9.0,B01
201300035859,0,7,0,0.0,0.0,3.0,9.0,A01
201300035860,0,10,0,0.0,2.0,2.0,1.0,B01
201300035860,0,1,0,0.0,2.0,1.0,19.0,A01
201300035861,0,7,0,0.0,1.0,2.0,1.0,A01
201300035862,0,7,0,0.0,2.0,3.0,2.0,A01
201300035862,0,7,0,0.0,2.0,1.0,1.0,B01
201300035863,0,30,0,0.0,2.0,2.0,1.0,B01
201300035863,0,7,0,0.0,2.0,3.0,20.0,A01
201300035864,0,7,0,0.0,1.0,2.0,1.0,A01
201300035865,0,7,0,0.0,2.0,1.0,9.0,A01
201300035865,0,1,0,16.0,0.0,2.0,19.0,B01
201300035866,0,7,0,0.0,1.0,3.0,11.0,A01
201300035867,0,7,0,11.0,2.0,3.0,21.0,B01
201300035867,0,7,0,6.0,2.0,6.0,2.0,A01
201300035868,0,7,0,0.0,2.0,5.0,15.0,A01
201300035868,0,31,0,0.0,2.0,1.0,1.0,B01
201300035869,0,7,0,0.0,1.0,3.0,1.0,A01
201300035870,0,7,0,0.0,0.0,7.0,1.0,B01
201300035870,0,7,0,0.0,2.0,3.0,9.0,A01
201300035871,0,10,0,0.0,1.0,6.0,1.0,A01
201300035872,0,7,0,0.0,2.0,7.0,1.0,A01
201300035872,0,7,0,0.0,2.0,1.0,1.0,B01
201300035873,0,33,0,0.0,2.0,1.0,1.0,B01
201300035873,0,7,0,0.0,2.0,8.0,10.0,A01
201300035874,0,1,0,0.0,0.0,1.0,1.0,A01
201300035874,0,7,0,0.0,9.0,2.0,23.0,B01
201300035875,0,33,0,0.0,2.0,1.0,1.0,B01
201300035875,0,7,0,0.0,2.0,8.0,9.0,A01
201300035876,0,7,0,0.0,0.0,3.0,5.0,A01
201300035877,0,7,0,0.0,2.0,3.0,15.0,A01
201300035877,0,2,0,0.0,2.0,1.0,1.0,B01
201300035878,0,7,0,0.0,2.0,8.0,1.0,C01
201300035878,0,10,0,0.0,2.0,6.0,1.0,B01
201300035878,0,7,0,0.0,2.0,8.0,1.0,D01
201300035878,0,7,0,0.0,2.0,1.0,1.0,E01
201300035878,0,7,0,0.0,2.0,1.0,13.0,A01
201300035879,0,7,0,16.0,0.0,9.0,1.0,A01
201300035880,0,1,0,0.0,2.0,1.0,1.0,A01
201300035880,0,7,0,0.0,2.0,1.0,16.0,B01
201300035881,0,7,0,0.0,2.0,1.0,1.0,A01
201300035881,0,7,0,0.0,2.0,4.0,1.0,B01
201300035882,0,7,0,8.0,0.0,8.0,1.0,A01
201300035883,0,2,0,0.0,2.0,8.0,1.0,B01
201300035883,0,7,0,0.0,2.0,3.0,1.0,A01
201300035884,0,2,0,0.0,1.0,7.0,1.0,A01
201300035885,0,2,0,0.0,2.0,2.0,9.0,A01
201300035885,0,7,0,0.0,2.0,2.0,1.0,B01
201300035886,0,7,0,0.0,2.0,7.0,1.0,B01
201300035886,0,37,1,0.0,2.0,1.0,15.0,A01
201300035887,0,7,0,0.0,2.0,5.0,15.0,A01
201300035887,0,1,0,0.0,2.0,0.0,1.0,B01
201300035888,1,7,0,0.0,1.0,0.0,0.0,A01
201300035889,0,30,0,0.0,2.0,1.0,1.0,B01
201300035889,0,7,0,0.0,2.0,1.0,15.0,A01
201300035890,0,1,0,0.0,2.0,4.0,1.0,B01
201300035890,0,15,0,0.0,2.0,3.0,1.0,A01
201300035891,0,7,0,0.0,2.0,4.0,1.0,B01
201300035891,0,7,0,1.0,0.0,1.0,1.0,A01
201300035892,0,31,0,0.0,2.0,1.0,1.0,B01
201300035892,0,7,0,0.0,2.0,2.0,15.0,A01
201300035893,0,7,0,0.0,1.0,2.0,1.0,A01
201300035894,0,1,0,0.0,2.0,1.0,1.0,A01
201300035894,0,7,0,0.0,2.0,8.0,1.0,B01
201300035895,0,7,0,1.0,2.0,1.0,1.0,A01
201300035895,0,7,0,0.0,2.0,1.0,1.0,B01
201300035895,0,7,0,0.0,2.0,4.0,1.0,C01
201300035896,0,7,0,0.0,2.0,3.0,15.0,A01
201300035896,0,2,0,0.0,2.0,4.0,1.0,B01
201300035897,0,30,0,0.0,2.0,1.0,1.0,A01
201300035897,0,10,0,0.0,2.0,3.0,1.0,B01
201300035898,0,7,0,3.0,2.0,1.0,1.0,B01
201300035898,0,7,0,0.0,2.0,8.0,15.0,A01
201300035899,0,7,0,0.0,1.0,7.0,1.0,A01
201300035900,0,7,0,0.0,2.0,1.0,20.0,A01
201300035900,0,7,0,0.0,2.0,4.0,1.0,B01
201300035901,0,7,0,0.0,1.0,7.0,1.0,A01
201300035902,0,2,0,0.0,2.0,8.0,1.0,B01
201300035902,0,7,0,0.0,2.0,3.0,1.0,A01
201300035903,0,10,0,0.0,2.0,1.0,1.0,B01
201300035903,0,10,0,0.0,2.0,4.0,1.0,A01
201300035904,0,10,0,0.0,2.0,3.0,1.0,A01
201300035904,0,7,0,0.0,2.0,7.0,1.0,B01
201300035905,0,30,0,0.0,2.0,1.0,1.0,B01
201300035905,0,7,0,0.0,2.0,3.0,1.0,A01
201300035906,0,7,0,0.0,2.0,3.0,0.0,A01
201300035906,0,37,1,0.0,2.0,7.0,1.0,B01
201300035907,0,7,0,0.0,2.0,1.0,1.0,A01
201300035907,0,7,0,0.0,2.0,8.0,15.0,B01
201300035908,0,7,0,0.0,2.0,3.0,1.0,A01
201300035908,0,7,0,0.0,2.0,3.0,1.0,B01
201300035909,0,7,0,0.0,2.0,4.0,1.0,B01
201300035909,0,7,0,0.0,2.0,4.0,1.0,C01
201300035909,0,7,0,0.0,2.0,1.0,1.0,A01
201300035910,0,7,0,15.0,0.0,9.0,1.0,A01
201300035911,0,7,0,0.0,1.0,0.0,9.0,A01
201300035912,0,1,0,0.0,2.0,4.0,1.0,B01
201300035912,0,7,0,0.0,2.0,3.0,15.0,A01
201300035913,0,7,0,0.0,1.0,1.0,1.0,A01
201300035914,0,7,0,16.0,0.0,1.0,1.0,A01
201300035915,0,7,0,0.0,1.0,0.0,1.0,A01
201300035916,1,7,0,0.0,2.0,0.0,1.0,Z01
201300035916,0,33,0,0.0,1.0,1.0,1.0,A01
201300035917,0,7,0,8.0,0.0,1.0,1.0,A01
201300035918,0,7,0,0.0,2.0,4.0,1.0,B01
201300035918,0,7,0,0.0,2.0,1.0,1.0,A01
201300035919,0,7,0,0.0,2.0,0.0,1.0,D01
201300035919,0,7,0,0.0,2.0,1.0,1.0,B01
201300035919,0,7,0,0.0,2.0,1.0,1.0,A01
201300035919,0,7,0,0.0,2.0,4.0,1.0,C01
201300035920,0,1,0,0.0,2.0,7.0,12.0,A01
201300035920,0,17,0,0.0,2.0,1.0,1.0,B01
201300035921,0,7,0,0.0,2.0,5.0,15.0,A01
201300035921,0,7,0,0.0,2.0,1.0,1.0,B01
201300035922,0,7,0,0.0,2.0,1.0,1.0,A01
201300035922,0,7,0,0.0,2.0,1.0,1.0,B01
201300035923,0,32,0,0.0,2.0,1.0,1.0,A01
201300035923,0,7,0,0.0,2.0,8.0,15.0,B01
201300035924,0,7,0,0.0,1.0,2.0,1.0,A01
201300035925,0,7,0,0.0,2.0,1.0,1.0,A01
201300035925,0,7,0,0.0,2.0,0.0,9.0,B01
201300035926,0,7,0,8.0,2.0,2.0,1.0,B01
201300035926,0,7,0,0.0,2.0,1.0,1.0,A01
201300035927,1,7,0,0.0,2.0,1.0,1.0,A01
201300035927,0,2,0,0.0,2.0,1.0,1.0,B01
201300035928,0,7,0,0.0,2.0,4.0,1.0,B01
201300035928,0,7,0,0.0,2.0,1.0,1.0,A01
201300035929,0,7,0,0.0,1.0,2.0,1.0,A01
201300035930,0,7,0,2.0,5.0,1.0,17.0,A01
201300035931,0,7,0,10.0,1.0,1.0,24.0,A01
201300035932,0,33,0,0.0,1.0,7.0,1.0,A01
201300035933,1,7,0,0.0,1.0,1.0,1.0,A01
201300035934,0,7,0,0.0,2.0,3.0,1.0,B01
201300035934,0,7,0,0.0,2.0,3.0,15.0,A01
201300035935,0,1,0,0.0,0.0,0.0,16.0,A01
201300035935,0,7,0,0.0,2.0,1.0,1.0,B01
201300035936,0,2,0,0.0,2.0,1.0,1.0,B01