Num_Acc,senc,catv,occutc,obs,obsm,choc,manv,num_veh
201300035936,0,7,0,0.0,2.0,4.0,10.0,A01
201300035937,0,1,0,0.0,2.0,8.0,15.0,B01
201300035937,1,7,0,0.0,2.0,2.0,1.0,A01
201300035938,0,7,0,0.0,1.0,1.0,1.0,A01
201300035939,0,7,0,0.0,2.0,8.0,1.0,B01
201300035939,0,13,0,0.0,2.0,5.0,12.0,A01
201300035940,0,7,0,8.0,0.0,1.0,1.0,A01
201300035941,1,7,0,0.0,2.0,1.0,15.0,A01
201300035941,0,33,0,0.0,2.0,3.0,1.0,B01
201300035942,0,37,5,0.0,2.0,1.0,1.0,B01
201300035942,0,7,0,0.0,2.0,3.0,16.0,A01
201300035943,0,7,0,0.0,2.0,3.0,13.0,A01
201300035943,0,7,0,0.0,2.0,3.0,1.0,B01
201300035944,0,7,0,0.0,2.0,5.0,1.0,B01
201300035944,0,30,0,0.0,2.0,1.0,1.0,A01
201300035945,1,7,0,0.0,2.0,1.0,15.0,A01
201300035945,0,30,0,0.0,2.0,1.0,1.0,B01
201300035946,0,7,0,0.0,2.0,3.0,9.0,A01
201300035946,0,1,0,0.0,2.0,7.0,9.0,B01
201300035947,0,7,0,0.0,2.0,8.0,1.0,A01
201300035947,0,7,0,0.0,2.0,3.0,1.0,B01
201300035948,0,7,0,1.0,1.0,3.0,1.0,A01
201300035949,0,33,0,8.0,2.0,1.0,1.0,A01
201300035949,1,7,0,0.0,0.0,0.0,16.0,B01
201300035950,0,7,0,0.0,2.0,4.0,1.0,B01
201300035950,0,7,0,0.0,2.0,1.0,1.0,A01
201300035950,0,7,0,0.0,2.0,4.0,1.0,C01
201300035951,0,7,0,0.0,2.0,7.0,1.0,A01
201300035951,0,7,0,0.0,2.0,1.0,1.0,B01
201300035952,0,7,0,0.0,2.0,6.0,1.0,B01
201300035952,0,7,0,0.0,2.0,7.0,1.0,A01
201300035953,0,7,0,0.0,2.0,2.0,1.0,A01
201300035953,0,7,0,0.0,2.0,8.0,1.0,B01
201300035954,0,1,0,0.0,2.0,1.0,15.0,A01
201300035954,0,7,0,0.0,2.0,1.0,1.0,B01
201300035955,0,7,0,0.0,2.0,1.0,1.0,B01
201300035955,0,7,0,0.0,2.0,1.0,1.0,A01
201300035956,0,7,0,0.0,2.0,1.0,1.0,A01
201300035956,0,1,0,0.0,2.0,1.0,19.0,B01
201300035957,0,7,0,0.0,2.0,7.0,9.0,B01
201300035957,0,7,0,0.0,2.0,7.0,9.0,A01
201300035958,0,7,0,0.0,2.0,3.0,15.0,A01
201300035958,0,7,0,0.0,2.0,5.0,1.0,B01
201300035959,0,7,0,0.0,1.0,7.0,1.0,A01
201300035960,0,7,0,0.0,1.0,0.0,1.0,A01
201300035961,0,7,0,0.0,1.0,2.0,1.0,A01
201300035962,0,7,0,0.0,2.0,0.0,1.0,A01
201300035962,0,7,0,0.0,2.0,4.0,1.0,B01
201300035963,0,1,0,0.0,2.0,1.0,1.0,B01
201300035963,0,7,0,0.0,2.0,3.0,1.0,A01
201300035964,0,7,0,0.0,2.0,1.0,1.0,A01
201300035964,0,1,0,0.0,2.0,1.0,15.0,B01
201300035965,0,7,0,2.0,0.0,1.0,1.0,A01
201300035966,0,7,0,0.0,1.0,7.0,15.0,A01
201300035967,1,2,0,0.0,2.0,1.0,1.0,A01
201300035967,0,1,0,0.0,2.0,4.0,1.0,B01
201300035968,0,7,0,1.0,2.0,1.0,17.0,A01
201300035968,0,1,0,0.0,2.0,7.0,19.0,B01
201300035969,0,7,0,0.0,1.0,1.0,1.0,A01
201300035970,0,2,0,0.0,2.0,1.0,1.0,B01
201300035970,0,14,0,0.0,2.0,4.0,4.0,A01
201300035971,0,7,0,13.0,0.0,1.0,1.0,A01
201300035972,0,7,0,0.0,2.0,1.0,0.0,C01
201300035972,0,33,0,0.0,2.0,1.0,1.0,B01
201300035972,0,7,0,0.0,2.0,4.0,9.0,A01
201300035973,0,7,0,0.0,2.0,1.0,1.0,A01
201300035973,0,7,0,0.0,2.0,4.0,1.0,D01
201300035973,0,7,0,0.0,2.0,4.0,1.0,B01
201300035973,0,7,0,0.0,2.0,4.0,1.0,C01
201300035974,0,7,0,0.0,1.0,8.0,1.0,A01
201300035975,0,7,0,0.0,2.0,2.0,1.0,B01
201300035975,0,1,0,0.0,2.0,1.0,5.0,A01
201300035976,0,7,0,0.0,1.0,1.0,1.0,A01
201300035977,0,7,0,0.0,2.0,4.0,1.0,B01
201300035977,0,1,0,0.0,2.0,1.0,1.0,A01
201300035978,0,10,0,0.0,2.0,1.0,1.0,A01
201300035978,0,7,0,0.0,2.0,8.0,1.0,B01
201300035979,0,10,0,0.0,2.0,1.0,1.0,A01
201300035979,0,7,0,0.0,2.0,4.0,4.0,B01
201300035980,0,7,0,1.0,2.0,4.0,16.0,B01
201300035980,0,10,0,0.0,2.0,1.0,1.0,A01
201300035981,0,15,0,0.0,2.0,7.0,9.0,A01
201300035981,0,7,0,0.0,2.0,1.0,1.0,B01
201300035982,2,7,0,0.0,2.0,3.0,13.0,A01
201300035982,0,7,0,0.0,2.0,7.0,1.0,B01
201300035983,0,7,0,0.0,2.0,8.0,1.0,B01
201300035983,0,10,0,0.0,2.0,1.0,1.0,A01
201300035984,0,33,0,0.0,2.0,1.0,1.0,B01
201300035984,0,7,0,0.0,2.0,7.0,15.0,A01
201300035985,0,2,0,0.0,2.0,1.0,1.0,B01
201300035985,0,7,0,0.0,2.0,2.0,15.0,A01
201300035986,0,7,0,0.0,2.0,4.0,1.0,B01
201300035986,1,7,0,0.0,2.0,1.0,1.0,A01
201300035987,0,1,0,0.0,1.0,1.0,1.0,A01
201300035988,0,7,0,0.0,2.0,8.0,9.0,A01
201300035988,0,33,0,0.0,2.0,1.0,1.0,B01
201300035989,0,34,0,0.0,2.0,1.0,18.0,A01
201300035989,0,7,0,0.0,2.0,2.0,15.0,B01
201300035990,0,7,0,0.0,2.0,1.0,1.0,A01
201300035990,0,7,0,0.0,2.0,4.0,1.0,B01
201300035991,0,7,0,0.0,2.0,1.0,1.0,A01
201300035991,0,7,0,0.0,2.0,3.0,1.0,B01
201300035992,0,7,0,0.0,2.0,1.0,1.0,A01
201300035992,0,7,0,0.0,2.0,4.0,1.0,B01
201300035992,0,7,0,0.0,2.0,4.0,1.0,C01
201300035993,0,7,0,0.0,2.0,0.0,20.0,B01
201300035993,0,2,0,0.0,2.0,1.0,1.0,A01
201300035994,0,7,0,0.0,2.0,0.0,24.0,B01
201300035994,0,2,0,1.0,0.0,1.0,1.0,A01
201300035995,0,7,0,8.0,0.0,1.0,1.0,A01
201300035996,0,2,0,0.0,2.0,3.0,1.0,A01
201300035996,0,7,0,0.0,2.0,1.0,9.0,B01
201300035997,0,2,0,11.0,0.0,1.0,1.0,A01
201300035998,0,2,0,0.0,2.0,1.0,1.0,A01
201300035998,0,7,0,0.0,2.0,3.0,10.0,B01
201300035999,0,7,0,0.0,2.0,6.0,10.0,A01
201300035999,0,33,0,0.0,2.0,1.0,1.0,B01
201300036000,0,7,0,0.0,2.0,1.0,1.0,A01
201300036000,0,7,0,0.0,2.0,8.0,1.0,B01
201300036001,0,7,0,0.0,2.0,1.0,1.0,A01
201300036001,0,7,0,0.0,2.0,4.0,1.0,B01
201300036002,0,2,0,0.0,2.0,1.0,1.0,A01
201300036002,0,7,0,0.0,2.0,1.0,15.0,B01
201300036003,0,7,0,0.0,2.0,1.0,1.0,A01
201300036003,0,7,0,0.0,2.0,4.0,1.0,B01
201300036004,0,7,0,0.0,1.0,1.0,1.0,A01
201300036005,0,7,0,0.0,2.0,1.0,15.0,A01
201300036005,0,2,0,0.0,2.0,1.0,1.0,B01
201300036006,0,7,0,0.0,2.0,1.0,1.0,B01
201300036006,0,7,0,0.0,2.0,1.0,1.0,A01
201300036007,0,2,0,0.0,2.0,1.0,1.0,A01
201300036007,0,10,0,0.0,2.0,4.0,24.0,B01
201300036008,0,7,0,6.0,0.0,2.0,0.0,A01
201300036009,0,7,0,0.0,2.0,7.0,1.0,B01
201300036009,0,7,0,0.0,2.0,1.0,20.0,A01
201300036010,0,34,0,0.0,2.0,1.0,17.0,A01
201300036010,0,7,0,0.0,2.0,1.0,1.0,B01
201300036011,0,7,0,0.0,1.0,8.0,1.0,A01
201300036012,0,7,0,16.0,0.0,1.0,1.0,A01
201300036013,0,1,0,0.0,1.0,1.0,1.0,A01
201300036014,0,7,0,0.0,2.0,3.0,15.0,A01
201300036014,0,33,0,0.0,2.0,1.0,1.0,B01
201300036015,0,33,0,14.0,0.0,1.0,1.0,A01
201300036016,0,7,0,0.0,2.0,5.0,15.0,A01
201300036016,0,1,0,0.0,2.0,1.0,1.0,B01
201300036017,0,7,0,9.0,0.0,1.0,1.0,A01
201300036018,0,7,0,0.0,2.0,4.0,1.0,B01
201300036018,0,7,0,0.0,2.0,1.0,1.0,A01
201300036019,0,7,0,0.0,2.0,1.0,1.0,B01
201300036019,0,10,0,0.0,2.0,1.0,9.0,A01
201300036020,0,7,0,0.0,2.0,2.0,1.0,A01
201300036020,0,7,0,0.0,2.0,3.0,1.0,B01
201300036021,0,14,0,0.0,2.0,8.0,1.0,B01
201300036021,0,33,0,14.0,2.0,1.0,17.0,A01
201300036022,0,1,0,0.0,2.0,1.0,19.0,B01
201300036022,0,7,0,0.0,2.0,1.0,16.0,A01
201300036023,0,1,0,0.0,2.0,0.0,1.0,B01
201300036023,0,7,0,0.0,2.0,3.0,15.0,A01
201300036024,0,17,0,0.0,2.0,7.0,9.0,A01
201300036024,0,15,0,0.0,2.0,3.0,1.0,B01
201300036025,0,7,0,0.0,2.0,8.0,1.0,A01
201300036025,0,1,0,0.0,2.0,7.0,1.0,B01
201300036026,0,7,0,0.0,2.0,4.0,1.0,B01
201300036026,0,7,0,0.0,2.0,1.0,1.0,A01
201300036027,0,7,0,0.0,2.0,1.0,1.0,A01
201300036027,0,7,0,0.0,2.0,4.0,1.0,B01
201300036028,0,7,0,0.0,2.0,1.0,1.0,A01
201300036028,0,7,0,0.0,2.0,4.0,1.0,B01
201300036029,0,2,0,0.0,2.0,4.0,1.0,B01
201300036029,0,7,0,0.0,2.0,2.0,1.0,A01
201300036030,0,33,0,0.0,2.0,8.0,1.0,B01
201300036030,0,7,0,0.0,2.0,3.0,10.0,A01
201300036031,0,2,0,0.0,2.0,0.0,0.0,A01
201300036031,0,1,0,0.0,2.0,4.0,0.0,B01
201300036032,0,7,0,0.0,2.0,1.0,15.0,B01
201300036032,0,31,0,0.0,2.0,3.0,1.0,A01
201300036033,0,7,0,0.0,2.0,1.0,1.0,B01
201300036033,0,7,0,0.0,2.0,1.0,15.0,A01
201300036034,0,7,0,16.0,0.0,9.0,1.0,A01
201300036035,0,7,0,1.0,0.0,1.0,1.0,A01
201300036036,0,7,0,0.0,2.0,2.0,10.0,A01
201300036036,0,34,0,0.0,2.0,1.0,1.0,B01
201300036037,0,7,0,6.0,0.0,1.0,1.0,A01
201300036038,0,30,0,1.0,0.0,1.0,1.0,A01
201300036039,0,7,0,0.0,2.0,1.0,5.0,A01
201300036039,0,33,0,1.0,2.0,1.0,1.0,B01
201300036040,0,7,0,1.0,1.0,1.0,1.0,A01
201300036041,0,7,0,0.0,0.0,4.0,1.0,B01
201300036041,0,3,0,0.0,2.0,1.0,1.0,A01
201300036042,0,10,0,0.0,2.0,2.0,1.0,A01
201300036042,0,7,0,0.0,2.0,3.0,9.0,B01
201300036043,0,1,0,0.0,2.0,7.0,19.0,A01
201300036043,0,7,0,0.0,2.0,1.0,1.0,B01
201300036044,0,3,0,0.0,2.0,4.0,1.0,B01
201300036044,0,7,0,0.0,2.0,1.0,1.0,A01
201300036045,0,37,30,0.0,2.0,8.0,1.0,B01
201300036045,0,7,0,0.0,2.0,7.0,16.0,A01
201300036046,0,31,0,0.0,2.0,1.0,15.0,B01
201300036046,0,7,0,0.0,2.0,3.0,1.0,A01
201300036047,0,10,0,0.0,2.0,1.0,1.0,C01
201300036047,0,7,0,0.0,2.0,7.0,1.0,B01
201300036047,0,10,0,0.0,2.0,1.0,1.0,A01
201300036048,0,14,0,0.0,1.0,7.0,1.0,A01
201300036049,0,7,0,13.0,0.0,7.0,1.0,A01
201300036050,0,10,0,0.0,2.0,3.0,1.0,A01
201300036050,0,7,0,0.0,2.0,6.0,1.0,B01
201300036051,0,7,0,6.0,2.0,1.0,1.0,A01
201300036052,0,33,0,0.0,2.0,1.0,1.0,B01
201300036052,0,7,0,0.0,2.0,2.0,1.0,A01
201300036053,1,7,0,0.0,1.0,1.0,1.0,A01
201300036054,0,33,0,0.0,2.0,1.0,1.0,B01
201300036054,0,7,0,0.0,2.0,2.0,10.0,A01
201300036055,0,7,0,0.0,0.0,4.0,0.0,B01
201300036055,0,7,0,0.0,2.0,1.0,1.0,A01
201300036056,0,31,0,0.0,2.0,1.0,0.0,B01
201300036056,0,7,0,0.0,2.0,3.0,0.0,A01
201300036057,0,30,0,0.0,2.0,3.0,0.0,B01
201300036057,0,7,0,0.0,2.0,2.0,0.0,A01
201300036058,0,7,0,0.0,2.0,1.0,0.0,A01
201300036058,0,7,0,0.0,2.0,1.0,1.0,B01
201300036058,0,7,0,0.0,0.0,4.0,1.0,C01
201300036059,0,7,0,0.0,9.0,3.0,1.0,B01
201300036059,0,1,0,0.0,2.0,2.0,1.0,A01
201300036060,0,1,0,0.0,1.0,2.0,1.0,A01
201300036061,0,2,0,0.0,2.0,1.0,1.0,A01
201300036061,0,7,0,0.0,0.0,4.0,1.0,B01
201300036062,0,7,0,0.0,1.0,1.0,15.0,A01
201300036063,0,7,0,0.0,1.0,1.0,15.0,A01
201300036064,0,7,0,0.0,0.0,0.0,1.0,B01
201300036064,0,2,0,0.0,2.0,1.0,1.0,A01
201300036065,0,7,0,0.0,1.0,1.0,1.0,A01
201300036066,0,7,0,0.0,2.0,1.0,1.0,A01
201300036066,0,7,0,0.0,2.0,4.0,0.0,B01
201300036067,0,7,0,0.0,1.0,2.0,1.0,A01
201300036068,0,7,0,0.0,2.0,1.0,1.0,A01
201300036068,0,7,0,0.0,0.0,4.0,1.0,B01
201300036069,0,7,0,0.0,1.0,3.0,1.0,A01
201300036070,0,7,0,0.0,1.0,3.0,1.0,A01
201300036071,0,7,0,7.0,0.0,9.0,1.0,A01
201300036072,0,7,0,0.0,2.0,8.0,15.0,B01
201300036072,0,34,0,0.0,2.0,1.0,17.0,A01
201300036073,0,7,0,0.0,2.0,3.0,15.0,A01
201300036073,0,2,0,0.0,2.0,2.0,1.0,B01
201300036074,0,7,0,16.0,0.0,9.0,1.0,A01
201300036075,0,7,0,0.0,1.0,3.0,1.0,A01
201300036076,0,2,0,0.0,2.0,6.0,1.0,B01
201300036076,0,7,0,0.0,9.0,1.0,15.0,A01
201300036077,0,7,0,0.0,2.0,1.0,0.0,A01
201300036077,0,7,0,0.0,2.0,1.0,1.0,B01
201300036077,0,7,0,0.0,2.0,4.0,1.0,C01
201300036078,0,7,0,0.0,1.0,3.0,0.0,A01
201300036079,0,2,0,16.0,0.0,1.0,1.0,A01
201300036080,0,2,0,0.0,1.0,1.0,1.0,A01
201300036081,0,13,0,0.0,1.0,5.0,20.0,A01
201300036082,0,30,0,0.0,2.0,5.0,1.0,B01
201300036082,0,7,0,0.0,2.0,2.0,0.0,A01
201300036083,0,7,0,0.0,1.0,1.0,1.0,A01
201300036084,0,33,0,0.0,1.0,1.0,1.0,A01
201300036085,0,7,0,0.0,2.0,4.0,1.0,B01
201300036085,0,7,0,0.0,2.0,1.0,1.0,A01
201300036085,0,7,0,0.0,2.0,4.0,1.0,C01
201300036086,0,2,0,0.0,1.0,1.0,1.0,A01
201300036087,0,7,0,0.0,1.0,1.0,1.0,A01
201300036088,0,10,0,0.0,2.0,4.0,4.0,A01
201300036088,0,2,0,0.0,2.0,1.0,1.0,B01
201300036089,0,7,0,0.0,2.0,4.0,1.0,C01
201300036089,0,7,0,0.0,2.0,1.0,1.0,A01
201300036089,0,7,0,0.0,2.0,4.0,1.0,B01
201300036090,0,10,0,0.0,2.0,1.0,15.0,B01
201300036090,0,33,0,0.0,2.0,1.0,1.0,A01
201300036091,0,7,0,0.0,1.0,1.0,1.0,A01
201300036092,0,7,0,9.0,0.0,1.0,1.0,A01
201300036093,0,7,0,13.0,0.0,1.0,1.0,A01
201300036094,0,3,0,0.0,1.0,0.0,16.0,A01
201300036095,0,33,0,0.0,2.0,1.0,1.0,A01
201300036095,0,7,0,0.0,2.0,4.0,11.0,B01
201300036096,0,7,0,0.0,2.0,8.0,15.0,B01
201300036096,0,2,0,0.0,2.0,1.0,1.0,A01
201300036097,0,7,0,0.0,2.0,2.0,15.0,A01
201300036097,0,7,0,0.0,2.0,3.0,9.0,B01
201300036098,0,7,0,0.0,2.0,1.0,1.0,B01
201300036098,0,7,0,0.0,2.0,2.0,1.0,A01
201300036099,0,37,1,0.0,2.0,8.0,1.0,B01
201300036099,0,7,0,0.0,2.0,7.0,15.0,A01
201300036100,1,14,0,0.0,2.0,1.0,1.0,A01
201300036100,0,37,30,0.0,2.0,6.0,1.0,B01
201300036101,0,7,0,0.0,2.0,1.0,1.0,A01
201300036101,0,30,0,0.0,2.0,1.0,1.0,B01
201300036102,0,1,0,0.0,2.0,8.0,19.0,A01
201300036102,0,7,0,0.0,2.0,1.0,1.0,B01
201300036103,0,7,0,0.0,2.0,1.0,1.0,B01
201300036103,0,7,0,0.0,2.0,4.0,1.0,A01
201300036104,0,7,0,0.0,1.0,1.0,1.0,A01
201300036105,0,7,0,0.0,1.0,1.0,1.0,A01
201300036106,0,7,0,0.0,1.0,1.0,15.0,A01
201300036107,0,7,0,0.0,2.0,7.0,1.0,A01
201300036107,0,30,0,0.0,2.0,7.0,1.0,B01
201300036108,0,7,0,0.0,2.0,4.0,1.0,A01
201300036108,0,7,0,0.0,2.0,1.0,15.0,B01
201300036109,0,2,0,0.0,2.0,7.0,1.0,B01
201300036109,0,7,0,0.0,9.0,3.0,20.0,A01
201300036110,0,7,0,0.0,2.0,1.0,1.0,B01
201300036110,0,7,0,0.0,2.0,1.0,17.0,A01
201300036111,0,7,0,0.0,2.0,1.0,15.0,B01
201300036111,0,33,0,0.0,2.0,1.0,17.0,A01
201300036112,0,7,0,2.0,2.0,8.0,1.0,B01
201300036112,0,7,0,0.0,2.0,2.0,5.0,A01
201300036113,0,7,0,0.0,1.0,1.0,1.0,A01
201300036114,0,7,0,0.0,2.0,4.0,1.0,B01
201300036114,0,7,0,0.0,2.0,1.0,1.0,A01
201300036115,0,30,0,0.0,0.0,0.0,1.0,A01
201300036116,0,7,0,0.0,1.0,1.0,15.0,A01
201300036117,0,7,0,0.0,2.0,4.0,1.0,B01
201300036117,0,7,0,0.0,2.0,4.0,11.0,A01
201300036118,0,7,0,0.0,1.0,1.0,1.0,A01
201300036119,0,7,0,0.0,1.0,1.0,1.0,A01
201300036120,0,7,0,0.0,2.0,7.0,15.0,B01
201300036120,0,7,0,0.0,2.0,1.0,1.0,A01
201300036121,0,7,0,0.0,2.0,3.0,13.0,A01
201300036121,0,37,10,0.0,2.0,3.0,2.0,B01
201300036122,0,7,0,0.0,2.0,3.0,15.0,B01
201300036122,0,34,0,0.0,2.0,3.0,1.0,A01
201300036123,0,33,0,6.0,0.0,7.0,14.0,A01
201300036124,0,7,0,0.0,1.0,1.0,1.0,A01
201300036125,0,7,0,0.0,2.0,1.0,11.0,A01
201300036125,0,7,0,0.0,2.0,1.0,2.0,B01
201300036126,0,7,0,0.0,1.0,1.0,19.0,A01
201300036127,0,7,0,2.0,0.0,3.0,13.0,A01
201300036128,0,7,0,0.0,1.0,1.0,1.0,A01
201300036129,0,7,0,0.0,1.0,0.0,4.0,A01
201300036130,0,7,0,0.0,1.0,1.0,1.0,A01
201300036131,0,30,0,0.0,2.0,8.0,1.0,A01
201300036131,0,15,0,0.0,2.0,1.0,2.0,B01
201300036132,1,30,0,0.0,1.0,1.0,1.0,A01
201300036133,0,7,0,0.0,2.0,1.0,1.0,B01
201300036133,0,7,0,0.0,0.0,8.0,1.0,A01
201300036134,0,2,0,12.0,0.0,1.0,14.0,A01
201300036135,0,7,0,0.0,2.0,1.0,1.0,A01
201300036135,0,7,0,0.0,0.0,4.0,1.0,B01
201300036136,0,7,0,0.0,2.0,1.0,1.0,B01
201300036136,0,7,0,0.0,0.0,5.0,15.0,A01
201300036137,0,7,0,2.0,0.0,8.0,14.0,A01
201300036138,0,33,0,0.0,2.0,1.0,2.0,A01
201300036138,0,10,0,0.0,0.0,4.0,2.0,B01
201300036139,0,7,0,0.0,2.0,1.0,15.0,A01
201300036139,0,33,0,0.0,0.0,8.0,1.0,B01
201300036140,0,7,0,2.0,0.0,5.0,1.0,B01
201300036140,0,7,0,0.0,2.0,1.0,1.0,A01
201300036141,0,7,0,0.0,2.0,3.0,1.0,B01
201300036141,0,7,0,0.0,2.0,1.0,1.0,A01
201300036142,0,7,0,0.0,1.0,1.0,15.0,A01
201300036143,0,7,0,0.0,0.0,1.0,1.0,A01
201300036143,0,1,0,0.0,2.0,7.0,19.0,B01
201300036144,0,31,0,0.0,2.0,8.0,0.0,A01
201300036145,0,32,0,12.0,0.0,3.0,0.0,A01
201300036146,0,33,0,0.0,0.0,0.0,18.0,A01
201300036147,0,1,0,0.0,0.0,4.0,2.0,B01
201300036147,0,2,0,0.0,2.0,1.0,2.0,A01
201300036148,0,1,0,0.0,2.0,1.0,1.0,B01
201300036148,0,7,0,0.0,2.0,2.0,15.0,A01
201300036149,0,7,0,9.0,0.0,1.0,0.0,A01
201300036150,0,7,0,0.0,1.0,2.0,0.0,A01
201300036151,0,2,0,0.0,2.0,3.0,1.0,A01
201300036151,0,7,0,0.0,0.0,4.0,1.0,B01
201300036152,0,7,0,0.0,1.0,1.0,19.0,A01
201300036153,0,7,0,0.0,1.0,2.0,1.0,A01
201300036154,0,7,0,0.0,2.0,8.0,19.0,A01
201300036154,0,15,0,0.0,2.0,6.0,1.0,B01
201300036155,0,7,0,13.0,0.0,9.0,1.0,A01
201300036156,0,7,0,0.0,2.0,1.0,5.0,A01
201300036156,0,7,0,0.0,2.0,3.0,2.0,B01
201300036157,0,7,0,0.0,0.0,4.0,2.0,A01
201300036157,0,7,0,0.0,2.0,1.0,2.0,B01
201300036158,0,7,0,0.0,9.0,8.0,5.0,A01
201300036158,0,21,0,0.0,2.0,8.0,5.0,B01
201300036159,0,7,0,0.0,2.0,1.0,2.0,A01
201300036159,0,2,0,0.0,2.0,4.0,2.0,B01
201300036160,0,7,0,10.0,0.0,1.0,1.0,A01
201300036161,0,7,0,8.0,2.0,9.0,21.0,A01
201300036161,0,7,0,0.0,2.0,2.0,5.0,C01
201300036161,0,7,0,0.0,2.0,1.0,19.0,B01
201300036162,0,7,0,0.0,2.0,3.0,1.0,B01
201300036162,0,7,0,0.0,2.0,3.0,15.0,A01
201300036163,0,7,0,2.0,2.0,1.0,2.0,A01
201300036163,0,7,0,0.0,2.0,6.0,2.0,B01
201300036164,0,7,0,0.0,4.0,8.0,0.0,A01
201300036164,0,39,0,0.0,2.0,3.0,1.0,B01
201300036165,0,7,0,0.0,2.0,3.0,0.0,A01
201300036165,0,7,0,6.0,2.0,3.0,0.0,B01
201300036165,0,7,0,0.0,2.0,7.0,11.0,C01
201300036165,0,7,0,0.0,2.0,8.0,2.0,D01
201300036166,0,30,0,0.0,2.0,7.0,1.0,B01
201300036166,0,7,0,0.0,2.0,3.0,9.0,A01
201300036167,0,7,0,0.0,2.0,1.0,2.0,A01
201300036167,0,7,0,6.0,0.0,9.0,2.0,B01
201300036167,0,7,0,0.0,2.0,4.0,15.0,C01
201300036168,0,2,0,0.0,2.0,7.0,1.0,B01
201300036168,0,7,0,0.0,2.0,3.0,9.0,A01
201300036169,0,31,0,0.0,2.0,3.0,18.0,B01
201300036169,1,7,0,0.0,2.0,2.0,16.0,Z01
201300036170,0,30,0,0.0,2.0,8.0,1.0,A01
201300036170,1,7,0,0.0,2.0,1.0,15.0,Z01
201300036171,0,7,0,3.0,0.0,2.0,14.0,A01
201300036172,1,7,0,0.0,1.0,1.0,0.0,Z01
201300036173,0,7,0,0.0,2.0,3.0,5.0,A01
201300036173,0,7,0,0.0,2.0,3.0,1.0,B01
201300036173,0,7,0,0.0,2.0,8.0,1.0,C01
201300036173,0,7,0,14.0,0.0,1.0,1.0,D01
201300036174,0,7,0,0.0,2.0,2.0,15.0,A01
201300036174,0,30,0,0.0,2.0,1.0,1.0,B01
201300036175,0,7,0,0.0,2.0,1.0,1.0,B01
201300036175,0,7,0,0.0,2.0,3.0,19.0,A01
201300036176,0,7,0,0.0,2.0,7.0,15.0,A01
201300036176,0,30,0,0.0,2.0,1.0,1.0,B01
201300036177,0,7,0,0.0,2.0,1.0,13.0,A01
201300036177,0,14,0,0.0,2.0,3.0,1.0,B01
201300036178,0,7,0,0.0,2.0,1.0,1.0,A01
201300036178,1,7,0,0.0,2.0,0.0,0.0,Z01
201300036179,0,7,0,0.0,2.0,3.0,15.0,A01
201300036179,0,1,0,0.0,2.0,1.0,0.0,B01
201300036180,0,2,0,0.0,1.0,3.0,1.0,A01
201300036181,0,7,0,0.0,2.0,3.0,15.0,A01
201300036181,0,7,0,0.0,2.0,1.0,1.0,B01
201300036182,0,31,0,0.0,2.0,1.0,2.0,A01
201300036182,0,7,0,0.0,0.0,4.0,1.0,B01
201300036183,0,7,0,12.0,0.0,2.0,14.0,A01
201300036184,0,7,0,15.0,0.0,1.0,0.0,A01
201300036185,0,2,0,0.0,2.0,0.0,21.0,B01
201300036185,0,7,0,0.0,0.0,7.0,16.0,A01
201300036186,0,7,0,6.0,2.0,9.0,1.0,B01
201300036186,0,7,0,0.0,2.0,1.0,19.0,A01
201300036187,0,31,0,0.0,2.0,1.0,13.0,A01
201300036187,0,7,0,0.0,2.0,3.0,1.0,B01
201300036188,0,7,0,6.0,0.0,8.0,1.0,A01
201300036189,0,2,0,0.0,2.0,1.0,13.0,A01
201300036189,0,7,0,0.0,2.0,3.0,21.0,B01
201300036190,0,7,0,0.0,2.0,1.0,2.0,A01
201300036190,0,7,0,0.0,0.0,4.0,15.0,B01
201300036191,0,7,0,0.0,1.0,2.0,1.0,A01
201300036192,0,2,0,13.0,0.0,0.0,0.0,A01
201300036193,0,7,0,0.0,1.0,2.0,1.0,A01
201300036194,0,7,0,6.0,2.0,2.0,1.0,B01
201300036194,0,7,0,6.0,2.0,6.0,2.0,A01
201300036195,0,7,0,0.0,1.0,2.0,1.0,A01
201300036196,0,7,0,0.0,1.0,1.0,1.0,A01
201300036197,0,7,0,1.0,0.0,2.0,14.0,A01
201300036197,0,7,0,9.0,0.0,6.0,24.0,B01
201300036198,0,1,0,0.0,2.0,7.0,1.0,B01
201300036198,0,7,0,0.0,9.0,1.0,19.0,A01
201300036199,0,7,0,0.0,2.0,2.0,19.0,A01
201300036199,0,1,0,0.0,2.0,1.0,1.0,B01
201300036200,0,7,0,0.0,1.0,3.0,0.0,A01
201300036201,0,7,0,0.0,1.0,5.0,1.0,A01
201300036202,0,7,0,0.0,2.0,1.0,13.0,A01
201300036202,0,7,0,0.0,2.0,1.0,1.0,B01
201300036203,0,7,0,0.0,1.0,2.0,0.0,A01
201300036204,0,1,0,0.0,2.0,8.0,1.0,B01
201300036204,0,7,0,0.0,2.0,1.0,1.0,A01
201300036205,0,33,0,0.0,2.0,3.0,0.0,B01
201300036205,0,7,0,0.0,2.0,2.0,15.0,A01
201300036206,0,7,0,3.0,2.0,3.0,1.0,B01
201300036206,0,7,0,0.0,2.0,2.0,15.0,A01
201300036207,0,33,0,0.0,2.0,0.0,1.0,B01
201300036207,0,10,0,0.0,2.0,3.0,15.0,A01
201300036208,0,7,0,0.0,2.0,1.0,13.0,A01
201300036208,0,7,0,0.0,2.0,1.0,1.0,B01