Num_Acc,senc,catv,occutc,obs,obsm,choc,manv,num_veh
201300036488,0,7,0,0.0,2.0,7.0,15.0,B01
201300036488,0,32,0,0.0,2.0,7.0,1.0,A01
201300036489,0,14,0,0.0,2.0,1.0,2.0,A01
201300036489,0,7,0,0.0,0.0,4.0,23.0,B01
201300036490,0,2,0,0.0,2.0,1.0,17.0,B01
201300036490,0,7,0,0.0,2.0,3.0,15.0,A01
201300036491,0,10,0,0.0,1.0,2.0,1.0,A01
201300036492,0,7,0,0.0,2.0,3.0,15.0,A01
201300036492,0,2,0,0.0,2.0,1.0,1.0,B01
201300036493,0,7,0,0.0,1.0,3.0,15.0,A01
201300036494,0,2,0,0.0,2.0,1.0,1.0,A01
201300036494,0,32,0,0.0,2.0,2.0,1.0,B01
201300036495,0,30,0,0.0,2.0,1.0,0.0,A01
201300036495,0,7,0,0.0,2.0,2.0,16.0,B01
201300036496,0,7,0,1.0,0.0,8.0,24.0,A01
201300036497,0,7,0,0.0,2.0,1.0,2.0,A01
201300036497,0,7,0,0.0,2.0,4.0,2.0,B01
201300036498,0,7,0,0.0,2.0,8.0,15.0,B01
201300036498,0,32,0,0.0,2.0,7.0,17.0,A01
201300036499,0,33,0,0.0,2.0,1.0,2.0,A01
201300036499,0,10,0,0.0,2.0,4.0,2.0,C01
201300036499,0,10,0,0.0,2.0,4.0,2.0,B01
201300036500,0,33,0,0.0,2.0,1.0,1.0,B01
201300036500,0,33,0,0.0,2.0,0.0,21.0,C01
201300036500,0,7,0,0.0,2.0,3.0,15.0,A01
201300036501,0,7,0,0.0,2.0,3.0,19.0,B01
201300036501,0,30,0,0.0,2.0,7.0,1.0,A01
201300036502,0,33,0,0.0,2.0,2.0,17.0,A01
201300036502,0,7,0,0.0,2.0,3.0,15.0,B01
201300036503,0,7,0,0.0,2.0,1.0,1.0,B01
201300036503,0,7,0,0.0,2.0,3.0,1.0,A01
201300036504,0,37,1,0.0,1.0,2.0,15.0,A01
201300036505,0,7,0,0.0,0.0,4.0,1.0,B01
201300036505,0,7,0,0.0,2.0,1.0,1.0,A01
201300036506,0,7,0,0.0,0.0,8.0,0.0,B01
201300036506,0,7,0,0.0,1.0,2.0,0.0,A01
201300036507,0,30,0,0.0,2.0,7.0,0.0,B01
201300036507,0,7,0,0.0,2.0,1.0,0.0,A01
201300036508,0,7,0,0.0,2.0,1.0,0.0,A01
201300036508,0,30,0,0.0,2.0,5.0,14.0,B01
201300036509,0,31,0,0.0,2.0,8.0,1.0,B01
201300036509,0,7,0,0.0,2.0,1.0,15.0,A01
201300036510,0,7,0,0.0,2.0,2.0,15.0,A01
201300036510,0,7,0,0.0,2.0,1.0,0.0,B01
201300036511,0,10,0,0.0,0.0,4.0,23.0,B01
201300036511,0,7,0,0.0,0.0,0.0,2.0,A01
201300036512,0,14,0,0.0,1.0,2.0,1.0,A01
201300036513,0,7,0,0.0,1.0,1.0,0.0,A01
201300036514,0,7,0,0.0,0.0,4.0,2.0,A01
201300036514,0,7,0,0.0,0.0,0.0,2.0,B01
201300036515,0,7,0,0.0,2.0,1.0,1.0,A01
201300036515,0,7,0,0.0,1.0,3.0,1.0,B01
201300036516,0,7,0,0.0,1.0,4.0,20.0,A01
201300036517,0,7,0,6.0,0.0,2.0,0.0,A01
201300036518,0,7,0,1.0,1.0,9.0,4.0,A01
201300036519,0,7,0,0.0,2.0,1.0,2.0,B01
201300036519,0,7,0,0.0,2.0,1.0,1.0,A01
201300036519,0,7,0,0.0,2.0,6.0,23.0,C01
201300036520,0,7,0,0.0,2.0,4.0,2.0,C01
201300036520,0,7,0,0.0,2.0,1.0,2.0,A01
201300036520,0,7,0,0.0,2.0,4.0,2.0,B01
201300036521,1,32,0,0.0,1.0,1.0,1.0,Z01
201300036522,0,7,0,0.0,2.0,1.0,2.0,A01
201300036522,0,7,0,0.0,2.0,4.0,1.0,B01
201300036523,0,30,0,0.0,2.0,0.0,2.0,A01
201300036524,0,7,0,0.0,1.0,1.0,9.0,A01
201300036525,0,33,0,0.0,2.0,3.0,12.0,A01
201300036525,0,32,0,0.0,2.0,1.0,2.0,C01
201300036525,0,7,0,0.0,2.0,3.0,1.0,B01
201300036526,0,33,0,0.0,2.0,4.0,2.0,B01
201300036526,0,7,0,0.0,2.0,2.0,2.0,A01
201300036527,0,7,0,0.0,1.0,1.0,1.0,A01
201300036528,1,7,0,0.0,0.0,0.0,0.0,B01
201300036528,0,33,0,14.0,0.0,3.0,2.0,A01
201300036529,0,7,0,0.0,0.0,1.0,1.0,A01
201300036529,0,2,0,0.0,0.0,1.0,2.0,B01
201300036530,0,2,0,0.0,2.0,3.0,0.0,A01
201300036530,0,7,0,0.0,2.0,2.0,0.0,B01
201300036531,0,14,0,0.0,2.0,2.0,1.0,B01
201300036531,0,7,0,0.0,2.0,3.0,15.0,A01
201300036532,0,7,0,0.0,1.0,2.0,1.0,A01
201300036533,0,7,0,0.0,1.0,2.0,1.0,A01
201300036534,0,33,0,0.0,2.0,9.0,1.0,B01
201300036534,0,7,0,15.0,2.0,2.0,19.0,A01
201300036535,0,7,0,0.0,2.0,7.0,15.0,A01
201300036535,0,2,0,0.0,2.0,9.0,1.0,B01
201300036536,0,33,0,15.0,0.0,1.0,0.0,A01
201300036537,1,30,0,0.0,1.0,1.0,17.0,Z01
201300036538,0,31,0,0.0,2.0,0.0,1.0,A01
201300036538,1,10,0,0.0,2.0,0.0,15.0,Z01
201300036539,0,7,0,0.0,2.0,3.0,1.0,A01
201300036539,0,1,0,0.0,2.0,1.0,1.0,B01
201300036540,0,33,0,0.0,2.0,1.0,2.0,B01
201300036540,0,7,0,0.0,2.0,2.0,9.0,A01
201300036541,0,31,0,0.0,2.0,7.0,15.0,A01
201300036541,0,7,0,0.0,2.0,2.0,1.0,B01
201300036542,0,7,0,0.0,2.0,3.0,15.0,B01
201300036542,0,2,0,0.0,2.0,3.0,17.0,A01
201300036543,0,7,0,0.0,2.0,5.0,15.0,B01
201300036543,0,3,0,0.0,2.0,1.0,1.0,A01
201300036544,0,7,0,0.0,1.0,2.0,1.0,A01
201300036545,0,7,0,0.0,2.0,7.0,15.0,B01
201300036545,0,30,0,0.0,2.0,1.0,18.0,A01
201300036546,0,37,1,0.0,1.0,2.0,1.0,A01
201300036547,0,7,0,0.0,1.0,4.0,4.0,A01
201300036548,0,7,0,0.0,2.0,3.0,15.0,A01
201300036548,0,32,0,0.0,2.0,6.0,1.0,B01
201300036549,2,30,0,0.0,2.0,1.0,1.0,A01
201300036549,0,2,0,0.0,2.0,7.0,1.0,B01
201300036550,0,7,0,0.0,2.0,5.0,15.0,A01
201300036550,0,7,0,0.0,2.0,3.0,2.0,C01
201300036550,0,33,0,0.0,2.0,1.0,2.0,B01
201300036551,0,30,0,0.0,2.0,1.0,2.0,A01
201300036551,0,7,0,0.0,0.0,4.0,23.0,B01
201300036552,0,7,0,0.0,2.0,7.0,1.0,B01
201300036552,0,2,0,0.0,2.0,2.0,15.0,A01
201300036553,0,7,0,0.0,1.0,3.0,15.0,A01
201300036554,0,34,0,1.0,2.0,1.0,1.0,B01
201300036554,0,7,0,0.0,2.0,2.0,10.0,A01
201300036555,0,2,0,0.0,2.0,5.0,1.0,A01
201300036555,1,7,0,0.0,2.0,1.0,1.0,Z01
201300036556,0,30,0,0.0,2.0,1.0,2.0,B01
201300036556,1,34,0,0.0,2.0,5.0,12.0,A01
201300036557,0,10,0,0.0,1.0,8.0,1.0,A01
201300036558,0,7,0,0.0,2.0,3.0,15.0,B01
201300036558,0,30,0,0.0,2.0,1.0,0.0,A01
201300036559,0,33,0,1.0,2.0,2.0,1.0,A01
201300036559,0,7,0,0.0,2.0,1.0,15.0,B01
201300036560,0,7,0,0.0,1.0,1.0,1.0,A01
201300036561,0,7,0,0.0,2.0,2.0,2.0,A01
201300036561,0,7,0,0.0,0.0,6.0,0.0,B01
201300036562,0,7,0,12.0,0.0,1.0,1.0,A01
201300036563,0,7,0,0.0,0.0,0.0,0.0,B01
201300036563,0,30,0,0.0,0.0,1.0,0.0,A01
201300036564,0,7,0,0.0,9.0,1.0,1.0,B01
201300036564,1,7,0,0.0,2.0,7.0,1.0,X01
201300036565,0,1,0,0.0,2.0,6.0,1.0,B01
201300036565,2,7,0,0.0,0.0,0.0,0.0,Z01
201300036566,0,33,0,0.0,2.0,7.0,1.0,B01
201300036566,0,7,0,0.0,2.0,4.0,4.0,A01
201300036567,0,7,0,0.0,2.0,2.0,13.0,A01
201300036567,0,7,0,0.0,2.0,6.0,15.0,B01
201300036568,0,7,0,0.0,1.0,3.0,1.0,A01
201300036569,0,7,0,0.0,2.0,7.0,14.0,B01
201300036569,0,34,0,0.0,2.0,8.0,1.0,C01
201300036569,0,7,0,0.0,0.0,0.0,1.0,A01
201300036570,0,30,0,0.0,2.0,7.0,0.0,B01
201300036570,0,7,0,0.0,2.0,6.0,9.0,A01
201300036571,0,7,0,0.0,2.0,0.0,11.0,A01
201300036571,0,7,0,0.0,2.0,0.0,1.0,B01
201300036572,0,7,0,0.0,1.0,2.0,16.0,A01
201300036573,0,7,0,0.0,1.0,2.0,1.0,A01
201300036574,0,33,0,0.0,2.0,1.0,17.0,A01
201300036574,0,7,0,0.0,2.0,3.0,15.0,B01
201300036575,0,7,0,0.0,0.0,8.0,24.0,D01
201300036575,1,99,0,0.0,2.0,3.0,13.0,Z01
201300036575,0,31,0,0.0,2.0,1.0,1.0,B01
201300036575,0,7,0,0.0,0.0,1.0,24.0,C01
201300036575,0,7,0,0.0,0.0,0.0,24.0,E01
201300036576,0,7,0,8.0,0.0,1.0,1.0,A01
201300036577,0,7,0,0.0,2.0,5.0,1.0,A01
201300036577,0,10,0,0.0,2.0,1.0,1.0,B01
201300036578,0,7,0,0.0,0.0,2.0,15.0,A01
201300036578,0,7,0,0.0,0.0,1.0,1.0,B01
201300036579,0,7,0,0.0,2.0,3.0,15.0,B01
201300036579,0,30,0,0.0,2.0,2.0,17.0,A01
201300036580,0,7,0,0.0,2.0,7.0,1.0,B01
201300036580,0,7,0,0.0,2.0,1.0,15.0,A01
201300036581,0,31,0,0.0,0.0,2.0,1.0,A01
201300036582,0,33,0,0.0,2.0,8.0,1.0,B01
201300036582,0,30,0,0.0,2.0,7.0,9.0,A01
201300036583,0,7,0,0.0,1.0,6.0,0.0,A01
201300036584,0,7,0,0.0,0.0,4.0,2.0,D01
201300036584,0,7,0,0.0,2.0,4.0,2.0,C01
201300036584,0,7,0,0.0,0.0,4.0,2.0,B01
201300036584,0,7,0,14.0,0.0,1.0,2.0,A01
201300036585,0,7,0,0.0,2.0,1.0,15.0,A01
201300036585,0,2,0,0.0,2.0,1.0,1.0,B01
201300036586,0,7,0,0.0,2.0,5.0,15.0,A01
201300036586,0,7,0,0.0,2.0,2.0,1.0,B01
201300036587,0,7,0,0.0,0.0,4.0,23.0,C01
201300036587,0,7,0,0.0,0.0,4.0,23.0,B01
201300036587,0,7,0,0.0,0.0,1.0,2.0,A01
201300036588,0,32,0,0.0,2.0,9.0,23.0,B01
201300036588,0,7,0,0.0,2.0,3.0,1.0,A01
201300036588,0,7,0,6.0,2.0,3.0,21.0,C01
201300036589,0,1,0,0.0,2.0,8.0,1.0,A01
201300036589,0,7,0,0.0,0.0,8.0,1.0,B01
201300036590,0,33,0,3.0,2.0,1.0,1.0,B01
201300036590,0,7,0,0.0,2.0,3.0,17.0,A01
201300036591,0,33,0,0.0,1.0,1.0,0.0,A01
201300036592,0,32,0,0.0,2.0,8.0,1.0,B01
201300036592,0,7,0,0.0,2.0,3.0,16.0,A01
201300036593,0,7,0,0.0,2.0,1.0,13.0,A01
201300036593,0,7,0,0.0,2.0,1.0,1.0,B01
201300036594,0,7,0,0.0,2.0,1.0,2.0,A01
201300036594,0,7,0,0.0,2.0,1.0,2.0,B01
201300036595,0,14,0,0.0,2.0,2.0,12.0,A01
201300036595,0,7,0,0.0,0.0,3.0,1.0,B01
201300036596,0,7,0,0.0,1.0,1.0,1.0,A01
201300036597,0,7,0,1.0,1.0,1.0,21.0,A01
201300036598,0,7,0,0.0,2.0,1.0,1.0,B01
201300036598,0,34,0,0.0,2.0,1.0,1.0,A01
201300036599,0,7,0,0.0,2.0,4.0,2.0,B01
201300036599,0,7,0,0.0,0.0,4.0,2.0,C01
201300036599,0,7,0,0.0,2.0,1.0,2.0,A01
201300036600,0,7,0,1.0,0.0,3.0,13.0,A01
201300036601,1,2,0,0.0,1.0,1.0,0.0,Z01
201300036602,0,7,0,0.0,2.0,1.0,1.0,A01
201300036602,0,7,0,0.0,2.0,1.0,1.0,B01
201300036603,0,7,0,10.0,0.0,3.0,0.0,A01
201300036604,0,30,0,0.0,2.0,2.0,18.0,A01
201300036604,0,7,0,0.0,2.0,2.0,12.0,B01
201300036605,1,7,0,0.0,2.0,1.0,15.0,Z01
201300036605,0,32,0,0.0,2.0,2.0,1.0,A01
201300036606,0,7,0,0.0,1.0,1.0,1.0,A01
201300036607,0,99,0,0.0,1.0,1.0,16.0,A01
201300036608,0,99,0,0.0,9.0,1.0,9.0,A01
201300036608,0,33,0,0.0,2.0,7.0,16.0,B01
201300036609,0,32,0,0.0,2.0,1.0,1.0,A01
201300036609,0,7,0,0.0,2.0,1.0,15.0,B01
201300036610,0,7,0,0.0,2.0,4.0,2.0,D01
201300036610,0,7,0,0.0,2.0,4.0,2.0,B01
201300036610,0,7,0,0.0,2.0,1.0,2.0,A01
201300036610,0,7,0,0.0,2.0,4.0,2.0,C01
201300036611,0,1,0,0.0,2.0,8.0,15.0,B01
201300036611,0,33,0,0.0,2.0,1.0,2.0,A01
201300036612,0,1,0,0.0,2.0,4.0,1.0,B01
201300036612,0,10,0,0.0,2.0,1.0,2.0,A01
201300036613,2,7,0,0.0,2.0,3.0,13.0,A01
201300036613,0,7,0,0.0,0.0,3.0,1.0,B01
201300036614,0,7,0,0.0,1.0,1.0,1.0,A01
201300036615,0,30,0,0.0,2.0,1.0,1.0,A01
201300036615,0,7,0,0.0,2.0,6.0,1.0,B01
201300036616,0,2,0,0.0,2.0,3.0,1.0,A01
201300036616,0,7,0,0.0,0.0,5.0,23.0,B01
201300036617,0,7,0,0.0,1.0,1.0,1.0,A01
201300036618,0,32,0,0.0,2.0,1.0,1.0,A01
201300036618,0,7,0,0.0,2.0,5.0,15.0,B01
201300036619,0,34,0,0.0,1.0,1.0,1.0,A01
201300036620,0,7,0,0.0,2.0,5.0,0.0,A01
201300036620,0,34,0,0.0,2.0,3.0,2.0,B01
201300036621,0,10,0,0.0,1.0,1.0,15.0,A01
201300036622,0,7,0,0.0,2.0,8.0,15.0,B01
201300036622,0,30,0,0.0,2.0,2.0,17.0,A01
201300036623,0,7,0,0.0,2.0,4.0,15.0,B01
201300036623,0,33,0,0.0,2.0,1.0,17.0,A01
201300036624,0,37,1,0.0,2.0,0.0,1.0,B01
201300036625,0,10,0,0.0,1.0,4.0,4.0,A01
201300036626,0,7,0,0.0,2.0,1.0,2.0,A01
201300036626,0,7,0,0.0,2.0,4.0,2.0,C01
201300036626,0,7,0,0.0,2.0,4.0,2.0,B01
201300036627,0,7,0,0.0,2.0,3.0,13.0,A01
201300036627,0,7,0,0.0,2.0,6.0,2.0,B01
201300036628,0,7,0,0.0,1.0,4.0,4.0,A01
201300036629,0,7,0,0.0,2.0,3.0,15.0,B01
201300036629,0,33,0,0.0,2.0,7.0,0.0,A01
201300036630,0,7,0,0.0,2.0,7.0,16.0,B01
201300036630,0,30,0,0.0,2.0,3.0,18.0,A01
201300036631,0,7,0,0.0,0.0,4.0,2.0,B01
201300036631,0,30,0,14.0,0.0,1.0,2.0,A01
201300036632,0,10,0,0.0,1.0,2.0,1.0,A01
201300036633,0,7,0,0.0,0.0,3.0,0.0,A01
201300036633,0,7,0,0.0,0.0,3.0,0.0,B01
201300036634,0,7,0,0.0,2.0,7.0,15.0,A01
201300036634,0,7,0,0.0,2.0,1.0,1.0,B01
201300036635,1,7,0,0.0,2.0,0.0,1.0,Z01
201300036635,0,30,0,0.0,2.0,0.0,1.0,B01
201300036636,0,33,0,0.0,2.0,0.0,21.0,B01
201300036636,0,7,0,0.0,9.0,3.0,15.0,A01
201300036637,0,34,0,0.0,2.0,6.0,2.0,A01
201300036637,0,7,0,0.0,2.0,6.0,2.0,B01
201300036638,0,7,0,0.0,1.0,2.0,1.0,A01
201300036639,0,34,0,0.0,2.0,1.0,1.0,B01
201300036639,0,7,0,0.0,2.0,8.0,15.0,A01
201300036640,0,10,0,0.0,0.0,4.0,1.0,B01
201300036640,0,7,0,0.0,2.0,1.0,2.0,A01
201300036641,0,33,0,0.0,2.0,1.0,1.0,B01
201300036641,0,7,0,0.0,2.0,7.0,15.0,Z01
201300036642,0,7,0,0.0,1.0,3.0,15.0,A01
201300036643,0,10,0,0.0,1.0,1.0,0.0,A01
201300036644,0,7,0,0.0,9.0,3.0,15.0,A01
201300036644,0,33,0,0.0,2.0,1.0,1.0,B01
201300036645,0,10,0,0.0,2.0,1.0,1.0,B01
201300036645,0,10,0,0.0,2.0,2.0,15.0,A01
201300036646,0,31,0,0.0,1.0,1.0,3.0,A01
201300036647,0,7,0,0.0,1.0,2.0,2.0,A01
201300036648,0,7,0,0.0,1.0,2.0,11.0,A01
201300036649,0,33,0,0.0,2.0,1.0,17.0,A01
201300036649,0,7,0,0.0,2.0,8.0,15.0,B01
201300036650,0,7,0,2.0,0.0,1.0,1.0,A01
201300036651,1,32,0,0.0,1.0,8.0,1.0,A01
201300036652,0,7,0,0.0,1.0,1.0,1.0,A01
201300036653,0,7,0,0.0,2.0,3.0,15.0,B01
201300036653,0,33,0,0.0,2.0,2.0,17.0,A01
201300036654,0,34,0,0.0,2.0,1.0,0.0,A01
201300036654,0,7,0,0.0,2.0,1.0,1.0,B01
201300036655,0,33,0,0.0,0.0,0.0,0.0,B01
201300036655,0,7,0,0.0,0.0,7.0,15.0,A01
201300036656,0,7,0,0.0,2.0,1.0,2.0,A01
201300036656,0,7,0,0.0,2.0,4.0,2.0,B01
201300036657,0,7,0,0.0,2.0,5.0,1.0,B01
201300036657,0,7,0,0.0,2.0,1.0,2.0,A01
201300036658,0,7,0,0.0,1.0,3.0,15.0,A01
201300036659,0,33,0,0.0,2.0,1.0,1.0,B01
201300036659,0,7,0,0.0,2.0,2.0,15.0,A01
201300036660,0,1,0,0.0,2.0,1.0,15.0,A01
201300036660,0,7,0,0.0,2.0,8.0,2.0,B01
201300036661,0,7,0,0.0,1.0,1.0,1.0,A01
201300036662,0,7,0,0.0,1.0,1.0,15.0,A01
201300036663,0,7,0,0.0,1.0,1.0,16.0,A01
201300036664,0,7,0,0.0,1.0,0.0,1.0,A01
201300036665,0,33,0,8.0,0.0,8.0,1.0,A01
201300036666,0,7,0,0.0,2.0,2.0,21.0,B01
201300036666,0,7,0,0.0,2.0,2.0,15.0,A01
201300036667,0,7,0,0.0,1.0,6.0,23.0,A01
201300036668,0,7,0,12.0,2.0,3.0,2.0,B01
201300036668,0,7,0,0.0,2.0,2.0,10.0,A01
201300036669,0,7,0,0.0,1.0,7.0,1.0,A01
201300036670,0,7,0,0.0,2.0,1.0,2.0,A01
201300036670,0,7,0,0.0,2.0,4.0,2.0,B01
201300036671,0,10,0,0.0,1.0,1.0,1.0,A01
201300036672,0,2,0,0.0,2.0,7.0,15.0,A01
201300036672,0,7,0,0.0,2.0,3.0,2.0,B01
201300036673,0,30,0,0.0,2.0,8.0,1.0,B01
201300036673,0,7,0,0.0,2.0,3.0,15.0,A01
201300036674,0,7,0,0.0,2.0,1.0,19.0,A01
201300036674,0,2,0,0.0,2.0,1.0,15.0,B01
201300036675,0,36,0,0.0,1.0,1.0,1.0,A01
201300036676,0,32,0,0.0,2.0,1.0,1.0,B01
201300036676,0,7,0,0.0,2.0,2.0,15.0,A01
201300036677,0,7,0,0.0,2.0,2.0,1.0,B01
201300036677,0,30,0,0.0,2.0,1.0,2.0,A01
201300036678,0,7,0,0.0,1.0,0.0,1.0,A01
201300036679,0,7,0,0.0,2.0,3.0,15.0,A01
201300036679,0,32,0,0.0,2.0,1.0,1.0,B01
201300036680,1,99,0,0.0,1.0,1.0,0.0,A01
201300036681,0,7,0,0.0,1.0,4.0,4.0,A01
201300036682,0,7,0,0.0,2.0,1.0,9.0,A01
201300036682,0,34,0,0.0,2.0,7.0,2.0,B01
201300036683,0,7,0,0.0,2.0,7.0,0.0,A01
201300036683,0,7,0,0.0,2.0,7.0,1.0,B01
201300036683,0,7,0,0.0,2.0,0.0,1.0,C01
201300036683,0,7,0,0.0,0.0,4.0,1.0,D01
201300036684,0,7,0,0.0,1.0,5.0,0.0,A01
201300036685,0,2,0,0.0,2.0,1.0,7.0,A01
201300036685,0,7,0,0.0,2.0,5.0,16.0,B01
201300036686,0,7,0,0.0,2.0,1.0,1.0,A01
201300036686,0,7,0,0.0,2.0,3.0,1.0,B01
201300036687,1,7,0,0.0,1.0,2.0,1.0,Z01
201300036688,0,34,0,0.0,2.0,8.0,1.0,B01
201300036688,0,33,0,0.0,2.0,7.0,16.0,A01
201300036689,0,37,1,0.0,2.0,2.0,2.0,A01
201300036689,0,7,0,0.0,0.0,6.0,2.0,B01
201300036690,0,7,0,0.0,1.0,1.0,1.0,A01
201300036691,1,7,0,0.0,1.0,1.0,1.0,A01
201300036692,1,7,0,0.0,1.0,0.0,0.0,Z01
201300036693,0,7,0,0.0,1.0,1.0,1.0,A01
201300036694,0,99,0,0.0,9.0,3.0,15.0,B01
201300036694,0,99,0,0.0,9.0,1.0,1.0,C01
201300036694,0,33,0,0.0,2.0,1.0,1.0,A01
201300036695,0,30,0,0.0,2.0,1.0,1.0,A01
201300036695,0,7,0,0.0,0.0,4.0,16.0,B01
201300036696,0,33,0,0.0,1.0,1.0,1.0,A01
201300036697,0,2,0,0.0,2.0,3.0,1.0,A01
201300036697,0,7,0,0.0,9.0,1.0,15.0,B01
201300036698,0,37,20,0.0,1.0,2.0,1.0,A01
201300036699,0,7,0,0.0,2.0,6.0,15.0,A01
201300036699,0,33,0,0.0,2.0,1.0,1.0,B01
201300036700,0,7,0,0.0,0.0,5.0,1.0,B01
201300036700,0,7,0,0.0,0.0,3.0,1.0,A01
201300036701,0,7,0,0.0,2.0,3.0,15.0,A01
201300036701,0,30,0,0.0,2.0,7.0,17.0,B01
201300036702,0,34,0,0.0,2.0,1.0,0.0,B01
201300036702,0,10,0,0.0,2.0,3.0,9.0,A01
201300036703,0,7,0,0.0,0.0,1.0,2.0,A01
201300036703,0,7,0,0.0,2.0,4.0,2.0,C01
201300036703,0,7,0,0.0,2.0,4.0,2.0,B01
201300036704,1,7,0,0.0,0.0,0.0,0.0,Z01
201300036704,0,32,0,0.0,2.0,1.0,1.0,B01
201300036705,0,7,0,0.0,1.0,1.0,1.0,A01
201300036706,0,7,0,0.0,2.0,1.0,2.0,A01
201300036706,0,7,0,0.0,2.0,4.0,2.0,B01
201300036707,0,33,0,0.0,2.0,1.0,1.0,B01
201300036707,0,7,0,0.0,0.0,2.0,15.0,A01
201300036708,0,7,0,0.0,1.0,0.0,0.0,A01
201300036709,0,99,0,0.0,1.0,8.0,1.0,A01
201300036710,0,7,0,0.0,1.0,3.0,2.0,A01
201300036711,0,7,0,0.0,0.0,5.0,9.0,A01
201300036711,0,7,0,0.0,0.0,1.0,1.0,C01
201300036711,0,7,0,0.0,0.0,1.0,1.0,B01
201300036712,0,7,0,0.0,2.0,2.0,16.0,A01
201300036712,0,1,0,0.0,2.0,8.0,1.0,Y01
201300036713,0,7,0,0.0,2.0,3.0,15.0,A01
201300036713,0,2,0,0.0,2.0,8.0,1.0,B01
201300036714,1,7,0,0.0,2.0,1.0,9.0,Z01
201300036714,0,7,0,0.0,2.0,6.0,16.0,B01
201300036715,0,10,0,0.0,1.0,4.0,4.0,A01
201300036716,0,7,0,0.0,2.0,3.0,1.0,C01
201300036716,0,32,0,0.0,2.0,1.0,1.0,B01
201300036716,0,7,0,0.0,2.0,1.0,1.0,A01
201300036717,0,32,0,0.0,2.0,1.0,1.0,A01
201300036717,1,32,0,0.0,0.0,0.0,0.0,Z01
201300036718,0,2,0,0.0,1.0,0.0,0.0,A01
201300036719,0,7,0,0.0,2.0,6.0,1.0,B01
201300036719,0,7,0,0.0,2.0,6.0,2.0,A01
201300036720,0,7,0,0.0,1.0,2.0,16.0,A01
201300036721,0,7,0,2.0,0.0,7.0,14.0,A01
201300036722,0,7,0,0.0,2.0,1.0,2.0,A01
201300036722,0,15,0,0.0,2.0,8.0,23.0,C01
201300036722,0,7,0,0.0,2.0,4.0,23.0,B01
201300036723,0,7,0,0.0,0.0,8.0,2.0,B01
201300036723,0,7,0,0.0,2.0,1.0,1.0,A01
201300036724,1,31,0,1.0,2.0,1.0,1.0,A01
201300036724,0,7,0,0.0,2.0,3.0,1.0,B01
201300036725,0,10,0,0.0,1.0,4.0,4.0,A01
201300036726,0,7,0,0.0,1.0,2.0,17.0,A01
201300036727,0,7,0,0.0,2.0,1.0,1.0,A01
201300036727,0,7,0,0.0,2.0,1.0,1.0,B01
201300036728,0,7,0,0.0,1.0,1.0,1.0,A01
201300036729,0,7,0,0.0,2.0,4.0,2.0,B01
201300036729,0,7,0,0.0,0.0,4.0,2.0,C01
201300036729,0,7,0,0.0,2.0,1.0,2.0,A01
201300036730,0,7,0,0.0,2.0,1.0,1.0,A01
201300036730,0,38,1,0.0,2.0,2.0,9.0,B01
201300036731,0,33,0,0.0,2.0,1.0,1.0,B01
201300036731,0,7,0,0.0,2.0,6.0,13.0,A01
201300036732,0,7,0,0.0,2.0,1.0,2.0,C01
201300036732,0,7,0,0.0,2.0,1.0,5.0,A01
201300036732,0,7,0,0.0,2.0,1.0,1.0,B01
201300036733,0,7,0,11.0,0.0,1.0,19.0,A01
201300036734,0,7,0,0.0,1.0,1.0,1.0,A01
201300036735,0,7,0,0.0,2.0,2.0,1.0,B01
201300036735,0,99,0,0.0,2.0,3.0,5.0,A01
201300036736,0,7,0,0.0,2.0,8.0,1.0,B01
201300036736,0,7,0,0.0,2.0,1.0,23.0,C01
201300036736,0,7,0,0.0,2.0,1.0,1.0,A01
201300036737,0,34,0,1.0,2.0,1.0,2.0,A01
201300036737,0,7,0,0.0,0.0,4.0,23.0,B01
201300036738,0,7,0,0.0,2.0,1.0,1.0,B01
201300036738,0,7,0,0.0,2.0,8.0,1.0,A01
201300036739,0,7,0,0.0,2.0,1.0,1.0,A01
201300036739,0,7,0,0.0,2.0,4.0,2.0,B01
201300036740,0,7,0,0.0,2.0,1.0,9.0,B01
201300036740,0,2,0,0.0,2.0,2.0,1.0,A01
201300036741,0,7,0,0.0,2.0,3.0,13.0,A01
201300036741,0,34,0,0.0,2.0,7.0,1.0,B01
201300036741,0,33,0,0.0,2.0,7.0,1.0,C01
201300036742,0,1,0,0.0,2.0,3.0,2.0,A01
201300036742,0,7,0,0.0,9.0,5.0,12.0,B01
201300036743,0,7,0,0.0,2.0,3.0,10.0,A01
201300036743,0,33,0,0.0,2.0,1.0,17.0,B01
201300036744,0,7,0,0.0,2.0,2.0,15.0,A01
201300036744,0,33,0,0.0,2.0,1.0,1.0,B01
201300036745,0,7,0,0.0,2.0,2.0,1.0,B01
201300036745,0,7,0,0.0,2.0,2.0,17.0,A01
201300036746,0,1,0,0.0,0.0,4.0,13.0,B01
201300036746,0,7,0,0.0,2.0,1.0,13.0,A01
201300036747,0,7,0,0.0,1.0,7.0,11.0,A01
201300036748,0,7,0,0.0,2.0,2.0,16.0,B01
201300036748,0,32,0,0.0,2.0,2.0,1.0,A01
201300036749,0,33,0,0.0,2.0,6.0,2.0,A01
201300036749,0,7,0,0.0,2.0,6.0,9.0,B01
201300036750,0,7,0,0.0,1.0,3.0,1.0,A01