Num_Acc,senc,catv,occutc,obs,obsm,choc,manv,num_veh
201300036751,0,7,0,0.0,1.0,1.0,15.0,A01
201300036752,0,7,0,8.0,0.0,0.0,14.0,A01
201300036753,0,34,0,0.0,2.0,1.0,19.0,A01
201300036753,0,7,0,0.0,0.0,3.0,9.0,B01
201300036754,0,7,0,0.0,1.0,1.0,1.0,A01
201300036755,0,34,0,0.0,2.0,1.0,2.0,A01
201300036755,0,7,0,0.0,0.0,0.0,15.0,B01
201300036756,0,7,0,0.0,1.0,2.0,1.0,A01
201300036757,0,33,0,0.0,2.0,7.0,21.0,B01
201300036757,0,7,0,0.0,0.0,3.0,9.0,A01
201300036758,2,7,0,0.0,2.0,1.0,9.0,B01
201300036758,0,7,0,15.0,2.0,3.0,9.0,A01
201300036759,0,7,0,11.0,2.0,1.0,19.0,A01
201300036759,0,7,0,0.0,0.0,6.0,23.0,B01
201300036759,0,38,1,0.0,0.0,2.0,23.0,C01
201300036760,0,7,0,0.0,2.0,3.0,5.0,A01
201300036760,0,2,0,0.0,2.0,6.0,1.0,B01
201300036761,0,34,0,0.0,1.0,1.0,1.0,A01
201300036762,0,7,0,0.0,1.0,1.0,1.0,A01
201300036763,0,33,0,0.0,2.0,1.0,1.0,B01
201300036763,0,7,0,0.0,0.0,7.0,13.0,A01
201300036764,0,1,0,0.0,9.0,0.0,1.0,A01
201300036764,0,1,0,0.0,9.0,0.0,1.0,B01
201300036765,0,2,0,12.0,0.0,1.0,0.0,A01
201300036766,0,2,0,0.0,2.0,1.0,1.0,A01
201300036766,0,7,0,0.0,2.0,7.0,1.0,B01
201300036767,0,1,0,0.0,0.0,8.0,2.0,C01
201300036767,0,1,0,0.0,2.0,6.0,11.0,A01
201300036767,0,7,0,0.0,9.0,2.0,2.0,B01
201300036768,0,20,0,0.0,1.0,0.0,15.0,A01
201300036769,2,30,0,0.0,2.0,5.0,5.0,A01
201300036769,0,7,0,0.0,2.0,1.0,1.0,B01
201300036770,0,7,0,0.0,0.0,4.0,1.0,B01
201300036770,0,33,0,0.0,2.0,1.0,2.0,A01
201300036771,0,7,0,0.0,2.0,1.0,5.0,A01
201300036771,0,7,0,0.0,2.0,1.0,1.0,B01
201300036772,0,1,0,0.0,1.0,1.0,1.0,A01
201300036773,0,7,0,6.0,0.0,1.0,15.0,A01
201300036774,0,7,0,0.0,2.0,1.0,1.0,C01
201300036774,0,7,0,0.0,2.0,1.0,13.0,A01
201300036774,0,7,0,0.0,2.0,4.0,1.0,B01
201300036775,0,3,0,0.0,0.0,4.0,2.0,B01
201300036775,0,7,0,0.0,2.0,1.0,2.0,A01
201300036776,0,30,0,12.0,0.0,1.0,0.0,A01
201300036777,0,7,0,12.0,0.0,1.0,0.0,A01
201300036778,0,7,0,0.0,2.0,1.0,1.0,B01
201300036778,0,7,0,0.0,2.0,1.0,13.0,A01
201300036779,0,7,0,0.0,2.0,7.0,15.0,A01
201300036779,0,1,0,0.0,0.0,1.0,1.0,B01
201300036780,0,7,0,0.0,1.0,1.0,1.0,A01
201300036781,0,7,0,0.0,1.0,1.0,13.0,A01
201300036782,0,33,0,0.0,2.0,1.0,17.0,B01
201300036782,0,7,0,0.0,2.0,6.0,15.0,A01
201300036783,0,10,0,0.0,1.0,1.0,1.0,A01
201300036784,0,33,0,0.0,2.0,1.0,16.0,A01
201300036784,0,7,0,0.0,0.0,6.0,1.0,B01
201300036785,0,7,0,6.0,0.0,2.0,14.0,A01
201300036786,0,7,0,0.0,0.0,7.0,15.0,A01
201300036786,0,33,0,0.0,2.0,1.0,1.0,B01
201300036787,0,7,0,0.0,1.0,2.0,1.0,A01
201300036788,0,7,0,8.0,0.0,1.0,6.0,A01
201300036789,0,7,0,0.0,1.0,1.0,1.0,A01
201300036790,0,7,0,0.0,2.0,8.0,1.0,B01
201300036790,0,7,0,0.0,2.0,1.0,5.0,A01
201300036790,0,15,0,0.0,2.0,1.0,1.0,C01
201300036791,0,7,0,2.0,0.0,8.0,1.0,A01
201300036792,0,7,0,0.0,0.0,7.0,15.0,B01
201300036792,0,33,0,0.0,2.0,1.0,1.0,A01
201300036793,0,7,0,0.0,2.0,1.0,1.0,A01
201300036793,0,10,0,0.0,2.0,1.0,1.0,B01
201300036794,0,7,0,0.0,2.0,7.0,1.0,B01
201300036794,0,7,0,0.0,2.0,1.0,1.0,C01
201300036794,0,7,0,0.0,2.0,1.0,1.0,A01
201300036795,2,7,0,0.0,2.0,1.0,1.0,A01
201300036795,0,7,0,0.0,2.0,4.0,15.0,B01
201300036795,0,17,0,0.0,2.0,4.0,1.0,C01
201300036796,0,7,0,0.0,2.0,1.0,1.0,A01
201300036796,0,2,0,0.0,2.0,4.0,15.0,B01
201300036797,0,31,0,0.0,2.0,1.0,1.0,A01
201300036797,0,7,0,0.0,2.0,1.0,1.0,B01
201300036798,0,30,0,0.0,2.0,1.0,1.0,B01
201300036798,0,7,0,0.0,2.0,3.0,0.0,A01
201300036799,0,7,0,0.0,2.0,1.0,1.0,A01
201300036799,0,1,0,0.0,2.0,1.0,1.0,B01
201300036800,1,7,0,0.0,2.0,1.0,1.0,A01
201300036800,0,1,0,0.0,2.0,8.0,1.0,B01
201300036801,0,7,0,13.0,2.0,1.0,1.0,B01
201300036801,0,7,0,0.0,2.0,3.0,17.0,A01
201300036802,0,7,0,0.0,2.0,3.0,15.0,A01
201300036802,0,2,0,0.0,2.0,1.0,17.0,B01
201300036803,0,33,0,0.0,2.0,1.0,1.0,A01
201300036803,0,7,0,0.0,2.0,5.0,15.0,B01
201300036804,0,31,0,1.0,1.0,1.0,17.0,A01
201300036805,0,7,0,0.0,1.0,1.0,1.0,A01
201300036806,0,7,0,0.0,1.0,2.0,1.0,A01
201300036807,0,7,0,0.0,1.0,2.0,1.0,A01
201300036808,0,7,0,0.0,2.0,1.0,21.0,B01
201300036808,0,7,0,0.0,2.0,1.0,15.0,A01
201300036809,0,7,0,8.0,2.0,3.0,15.0,B01
201300036809,0,7,0,6.0,2.0,1.0,17.0,A01
201300036810,0,10,0,0.0,2.0,3.0,9.0,A01
201300036810,0,10,0,0.0,0.0,1.0,1.0,C01
201300036810,0,2,0,0.0,2.0,1.0,1.0,B01
201300036811,0,7,0,0.0,1.0,8.0,1.0,A01
201300036812,0,7,0,0.0,1.0,2.0,0.0,A01
201300036813,0,7,0,0.0,1.0,1.0,0.0,A01
201300036814,0,7,0,0.0,1.0,1.0,1.0,A01
201300036815,0,7,0,0.0,1.0,3.0,1.0,A01
201300036816,0,1,0,0.0,0.0,1.0,1.0,B01
201300036816,0,7,0,0.0,2.0,1.0,9.0,A01
201300036817,0,2,0,9.0,0.0,2.0,14.0,A01
201300036818,0,7,0,0.0,0.0,8.0,10.0,A01
201300036818,0,33,0,0.0,2.0,1.0,17.0,B01
201300036819,0,1,0,0.0,2.0,1.0,1.0,B01
201300036819,0,7,0,0.0,2.0,7.0,16.0,A01
201300036820,0,7,0,0.0,1.0,2.0,1.0,A01
201300036821,0,7,0,0.0,1.0,1.0,0.0,A01
201300036822,0,10,0,0.0,2.0,3.0,16.0,A01
201300036822,0,1,0,0.0,2.0,0.0,15.0,B01
201300036823,0,7,0,0.0,1.0,3.0,1.0,A01
201300036824,0,10,0,0.0,0.0,1.0,1.0,B01
201300036824,0,10,0,0.0,2.0,1.0,13.0,A01
201300036825,0,2,0,0.0,2.0,1.0,5.0,B01
201300036825,0,7,0,0.0,2.0,3.0,15.0,A01
201300036826,0,2,0,0.0,2.0,1.0,17.0,B01
201300036826,0,7,0,0.0,0.0,3.0,15.0,A01
201300036827,0,31,0,0.0,2.0,1.0,1.0,B01
201300036827,0,7,0,0.0,2.0,6.0,9.0,A01
201300036828,0,7,0,0.0,0.0,3.0,9.0,A01
201300036828,0,2,0,0.0,2.0,1.0,1.0,B01
201300036829,0,2,0,0.0,2.0,1.0,2.0,B01
201300036829,0,10,0,0.0,2.0,3.0,10.0,A01
201300036830,0,33,0,0.0,2.0,1.0,17.0,A01
201300036830,0,10,0,0.0,0.0,8.0,15.0,B01
201300036831,0,7,0,0.0,2.0,4.0,2.0,A01
201300036831,0,7,0,0.0,2.0,4.0,2.0,B01
201300036832,0,10,0,0.0,0.0,2.0,15.0,A01
201300036832,0,2,0,0.0,2.0,1.0,1.0,B01
201300036833,0,33,0,0.0,1.0,8.0,1.0,A01
201300036834,0,7,0,0.0,1.0,2.0,0.0,A01
201300036835,0,1,0,0.0,0.0,7.0,1.0,B01
201300036835,0,10,0,0.0,2.0,1.0,9.0,A01
201300036836,0,7,0,0.0,1.0,1.0,0.0,A01
201300036837,0,32,0,0.0,2.0,1.0,1.0,A01
201300036837,0,7,0,0.0,2.0,5.0,15.0,B01
201300036838,0,7,0,0.0,1.0,2.0,1.0,A01
201300036839,0,7,0,0.0,2.0,9.0,23.0,B01
201300036839,0,7,0,0.0,2.0,4.0,23.0,C01
201300036839,0,7,0,0.0,2.0,1.0,1.0,A01
201300036840,0,31,0,12.0,0.0,0.0,1.0,A01
201300036841,0,7,0,0.0,1.0,1.0,1.0,A01
201300036842,0,7,0,0.0,1.0,3.0,1.0,A01
201300036843,0,30,0,0.0,0.0,0.0,1.0,A01
201300036844,0,7,0,0.0,2.0,8.0,1.0,A01
201300036844,0,1,0,6.0,0.0,1.0,1.0,B01
201300036845,0,10,0,0.0,2.0,3.0,1.0,B01
201300036845,0,30,0,0.0,2.0,1.0,1.0,A01
201300036846,0,33,0,0.0,0.0,0.0,1.0,A01
201300036847,0,31,0,0.0,0.0,0.0,1.0,A01
201300036848,0,7,0,0.0,2.0,8.0,21.0,B01
201300036848,0,30,0,0.0,2.0,8.0,13.0,A01
201300036849,0,7,0,6.0,0.0,7.0,14.0,A01
201300036850,0,2,0,0.0,2.0,8.0,1.0,A01
201300036850,1,7,0,0.0,0.0,0.0,1.0,Z01
201300036851,0,33,0,9.0,0.0,1.0,1.0,A01
201300036852,1,7,0,0.0,1.0,0.0,1.0,Z01
201300036853,0,7,0,0.0,1.0,2.0,1.0,A01
201300036854,0,7,0,0.0,2.0,2.0,9.0,A01
201300036854,0,30,0,0.0,2.0,3.0,1.0,B01
201300036855,0,7,0,0.0,1.0,8.0,15.0,A01
201300036856,0,7,0,0.0,2.0,8.0,9.0,A01
201300036856,0,31,0,0.0,2.0,1.0,1.0,B01
201300036857,0,7,0,0.0,1.0,3.0,1.0,A01
201300036858,0,7,0,0.0,2.0,3.0,1.0,B01
201300036858,0,33,0,0.0,2.0,8.0,1.0,A01
201300036859,0,1,0,0.0,2.0,1.0,1.0,B01
201300036859,0,7,0,0.0,2.0,2.0,9.0,A01
201300036860,0,1,0,0.0,2.0,2.0,1.0,B01
201300036860,0,7,0,0.0,2.0,3.0,19.0,A01
201300036861,0,3,0,1.0,1.0,9.0,4.0,A01
201300036862,0,30,0,0.0,2.0,1.0,9.0,A01
201300036862,0,7,0,0.0,2.0,2.0,1.0,Z01
201300036863,0,30,0,0.0,2.0,3.0,13.0,A01
201300036863,0,7,0,0.0,2.0,3.0,1.0,B01
201300036864,0,31,0,0.0,0.0,0.0,1.0,A01
201300036865,0,1,0,0.0,1.0,1.0,5.0,A01
201300036866,0,33,0,0.0,2.0,1.0,2.0,B01
201300036866,0,7,0,0.0,2.0,4.0,1.0,A01
201300036867,0,1,0,0.0,2.0,8.0,1.0,B01
201300036867,1,7,0,0.0,2.0,0.0,16.0,Z01
201300036868,0,33,0,0.0,0.0,7.0,1.0,A01
201300036869,0,7,0,0.0,1.0,1.0,1.0,A01
201300036870,0,7,0,0.0,1.0,7.0,1.0,A01
201300036871,0,7,0,13.0,0.0,9.0,1.0,A01
201300036872,0,7,0,0.0,2.0,1.0,1.0,A01
201300036872,0,7,0,0.0,0.0,4.0,1.0,B01
201300036873,0,7,0,0.0,2.0,4.0,2.0,B01
201300036873,0,7,0,0.0,2.0,1.0,1.0,A01
201300036874,0,31,0,0.0,2.0,1.0,1.0,B01
201300036874,0,7,0,0.0,2.0,5.0,15.0,A01
201300036875,0,7,0,0.0,2.0,3.0,15.0,A01
201300036875,0,2,0,0.0,2.0,3.0,16.0,B01
201300036876,0,7,0,0.0,1.0,5.0,4.0,A01
201300036877,0,7,0,0.0,2.0,3.0,22.0,A01
201300036877,0,1,0,1.0,2.0,1.0,1.0,B01
201300036878,2,7,0,6.0,0.0,8.0,17.0,A01
201300036879,0,2,0,0.0,2.0,1.0,1.0,B01
201300036879,0,7,0,0.0,2.0,3.0,10.0,A01
201300036880,0,7,0,0.0,2.0,4.0,23.0,B01
201300036880,0,7,0,0.0,2.0,1.0,1.0,A01
201300036881,0,31,0,0.0,0.0,7.0,1.0,A01
201300036882,0,7,0,0.0,2.0,8.0,9.0,A01
201300036882,0,30,0,0.0,2.0,1.0,1.0,B01
201300036883,0,7,0,0.0,2.0,1.0,1.0,B01
201300036883,0,1,0,0.0,2.0,1.0,5.0,A01
201300036884,0,7,0,0.0,1.0,2.0,1.0,A01
201300036885,0,7,0,0.0,2.0,3.0,15.0,A01
201300036885,0,2,0,0.0,2.0,1.0,1.0,B01
201300036886,0,7,0,0.0,1.0,1.0,1.0,A01
201300036887,0,7,0,0.0,2.0,1.0,2.0,A01
201300036887,0,33,0,0.0,2.0,4.0,16.0,B01
201300036888,0,7,0,0.0,2.0,8.0,2.0,B01
201300036888,0,7,0,8.0,2.0,2.0,17.0,A01
201300036889,0,7,0,0.0,0.0,8.0,15.0,A01
201300036889,0,33,0,0.0,2.0,1.0,1.0,B01
201300036890,0,7,0,15.0,0.0,8.0,0.0,A01
201300036890,0,7,0,0.0,2.0,1.0,5.0,B01
201300036891,0,7,0,0.0,1.0,7.0,1.0,A01
201300036892,0,33,0,0.0,2.0,1.0,17.0,A01
201300036892,0,7,0,0.0,2.0,8.0,11.0,B01
201300036893,0,33,0,7.0,0.0,1.0,0.0,A01
201300036894,0,7,0,0.0,0.0,6.0,0.0,B01
201300036894,0,1,0,1.0,0.0,1.0,1.0,A01
201300036895,0,7,0,0.0,1.0,2.0,1.0,A01
201300036896,0,7,0,0.0,1.0,3.0,0.0,A01
201300036897,0,1,0,0.0,2.0,3.0,1.0,B01
201300036897,1,30,0,0.0,0.0,1.0,5.0,Z01
201300036898,0,7,0,0.0,2.0,2.0,16.0,B01
201300036898,0,30,0,0.0,2.0,8.0,2.0,A01
201300036899,1,7,0,0.0,1.0,0.0,0.0,Z01
201300036900,0,7,0,0.0,2.0,1.0,2.0,A01
201300036900,0,7,0,0.0,2.0,6.0,15.0,B01
201300036901,0,33,0,0.0,2.0,1.0,17.0,A01
201300036901,0,7,0,0.0,2.0,3.0,15.0,B01
201300036902,1,7,0,0.0,1.0,2.0,0.0,Z01
201300036903,0,7,0,0.0,1.0,1.0,1.0,A01
201300036904,0,7,0,0.0,1.0,1.0,1.0,A01
201300036905,0,7,0,0.0,2.0,1.0,15.0,A01
201300036905,0,7,0,0.0,2.0,1.0,1.0,B01
201300036906,0,7,0,0.0,1.0,1.0,1.0,A01
201300036907,0,7,0,0.0,1.0,7.0,1.0,A01
201300036908,0,7,0,0.0,2.0,5.0,2.0,B01
201300036908,0,2,0,0.0,2.0,3.0,2.0,A01
201300036909,0,7,0,0.0,2.0,1.0,2.0,B01
201300036909,0,7,0,0.0,2.0,4.0,2.0,C01
201300036909,0,7,0,0.0,2.0,1.0,2.0,A01
201300036910,0,7,0,0.0,2.0,3.0,1.0,B01
201300036910,0,7,0,0.0,2.0,3.0,13.0,A01
201300036911,0,7,0,0.0,2.0,1.0,1.0,C01
201300036911,0,7,0,0.0,2.0,1.0,1.0,B01
201300036911,0,7,0,0.0,2.0,1.0,0.0,A01
201300036911,0,7,0,0.0,2.0,1.0,0.0,D01
201300036912,0,2,0,0.0,2.0,4.0,15.0,B01
201300036912,0,7,0,0.0,2.0,1.0,1.0,A01
201300036913,0,17,0,3.0,0.0,1.0,1.0,B01
201300036913,0,17,0,3.0,0.0,1.0,1.0,A01
201300036914,0,10,0,0.0,1.0,2.0,1.0,A01
201300036915,0,7,0,0.0,2.0,8.0,9.0,A01
201300036915,0,2,0,0.0,2.0,1.0,1.0,B01
201300036916,0,7,0,0.0,2.0,2.0,15.0,A01
201300036916,0,2,0,0.0,2.0,1.0,8.0,B01
201300036917,0,7,0,0.0,1.0,4.0,4.0,A01
201300036918,0,7,0,0.0,1.0,2.0,1.0,A01
201300036919,0,7,0,0.0,2.0,1.0,1.0,A01
201300036919,0,7,0,0.0,2.0,4.0,1.0,B01
201300036920,0,7,0,0.0,1.0,2.0,1.0,A01
201300036921,0,7,0,0.0,2.0,3.0,13.0,A01
201300036921,0,7,0,0.0,2.0,3.0,1.0,B01
201300036922,0,7,0,9.0,0.0,1.0,1.0,A01
201300036923,0,7,0,0.0,2.0,1.0,2.0,A01
201300036923,0,7,0,0.0,2.0,4.0,1.0,C01
201300036923,0,7,0,0.0,2.0,4.0,1.0,B01
201300036924,0,3,0,0.0,2.0,1.0,1.0,B01
201300036924,0,7,0,0.0,2.0,1.0,9.0,A01
201300036925,0,7,0,0.0,1.0,2.0,1.0,A01
201300036926,0,7,0,1.0,1.0,1.0,14.0,A01
201300036927,0,7,0,0.0,2.0,1.0,1.0,B01
201300036927,0,7,0,0.0,2.0,2.0,15.0,A01
201300036928,0,7,0,0.0,2.0,1.0,1.0,A01
201300036928,0,7,0,0.0,2.0,8.0,1.0,B01
201300036929,0,30,0,12.0,0.0,2.0,1.0,A01
201300036930,0,10,0,0.0,2.0,1.0,1.0,A01
201300036930,0,7,0,0.0,2.0,4.0,2.0,B01
201300036931,0,7,0,0.0,2.0,2.0,15.0,A01
201300036931,0,2,0,0.0,2.0,1.0,1.0,B01
201300036932,0,7,0,0.0,2.0,1.0,2.0,A01
201300036932,0,7,0,0.0,2.0,4.0,2.0,C01
201300036932,0,7,0,0.0,2.0,4.0,2.0,B01
201300036933,0,7,0,0.0,2.0,2.0,9.0,A01
201300036933,0,1,0,0.0,2.0,1.0,1.0,B01
201300036934,0,7,0,11.0,0.0,1.0,1.0,A01
201300036935,0,33,0,0.0,2.0,7.0,1.0,B01
201300036935,0,7,0,0.0,2.0,1.0,9.0,A01
201300036936,0,7,0,0.0,2.0,1.0,1.0,A01
201300036936,0,1,0,0.0,2.0,7.0,1.0,B01
201300036937,0,1,0,0.0,2.0,1.0,1.0,B01
201300036937,0,1,0,0.0,2.0,1.0,1.0,A01
201300036938,0,2,0,11.0,0.0,1.0,17.0,A01
201300036939,0,7,0,0.0,2.0,8.0,1.0,B01
201300036939,0,14,0,0.0,2.0,2.0,12.0,A01
201300036940,0,3,0,0.0,1.0,1.0,1.0,A01
201300036941,0,7,0,8.0,0.0,1.0,13.0,A01
201300036942,0,10,0,0.0,2.0,7.0,23.0,C01
201300036942,0,7,0,0.0,2.0,6.0,11.0,B01
201300036942,0,7,0,0.0,2.0,1.0,1.0,A01
201300036943,0,7,0,0.0,2.0,3.0,1.0,B01
201300036943,0,7,0,0.0,2.0,3.0,0.0,A01
201300036944,0,7,0,0.0,1.0,3.0,1.0,A01
201300036945,0,7,0,0.0,2.0,3.0,15.0,A01
201300036945,0,1,0,0.0,2.0,1.0,1.0,B01
201300036946,0,7,0,0.0,2.0,4.0,2.0,B01
201300036946,0,7,0,0.0,2.0,1.0,1.0,A01
201300036947,0,7,0,0.0,2.0,8.0,0.0,C01
201300036947,0,7,0,0.0,2.0,6.0,0.0,B01
201300036947,0,10,0,0.0,2.0,1.0,0.0,A01
201300036947,0,14,0,0.0,2.0,6.0,1.0,D01
201300036948,0,7,0,0.0,2.0,2.0,15.0,A01
201300036948,0,2,0,0.0,2.0,1.0,1.0,B01
201300036949,0,10,0,8.0,0.0,2.0,14.0,A01
201300036950,0,7,0,7.0,2.0,2.0,1.0,A01
201300036950,0,7,0,0.0,2.0,1.0,1.0,B01
201300036951,0,7,0,0.0,2.0,7.0,0.0,A01
201300036951,0,2,0,0.0,2.0,8.0,0.0,B01
201300036952,0,7,0,0.0,2.0,1.0,1.0,A01
201300036952,0,7,0,0.0,1.0,4.0,1.0,B01
201300036953,0,10,0,0.0,2.0,1.0,1.0,B01
201300036953,0,7,0,0.0,2.0,1.0,5.0,A01
201300036954,0,7,0,9.0,0.0,1.0,1.0,A01
201300036955,0,13,0,0.0,2.0,4.0,2.0,B01
201300036955,0,13,0,0.0,2.0,1.0,2.0,A01
201300036956,0,7,0,0.0,1.0,2.0,1.0,A01
201300036957,0,30,0,16.0,0.0,7.0,1.0,A01
201300036958,0,7,0,0.0,2.0,7.0,1.0,A01
201300036958,0,7,0,6.0,2.0,1.0,1.0,B01
201300036959,0,7,0,0.0,1.0,7.0,1.0,A01
201300036960,0,31,0,12.0,2.0,1.0,1.0,B01
201300036960,0,7,0,0.0,2.0,3.0,1.0,A01
201300036961,0,7,0,0.0,2.0,4.0,20.0,B01
201300036961,0,10,0,0.0,2.0,1.0,2.0,A01
201300036962,0,7,0,0.0,2.0,1.0,1.0,A01
201300036962,0,7,0,0.0,2.0,4.0,1.0,C01
201300036962,0,7,0,0.0,2.0,4.0,1.0,B01
201300036963,0,7,0,3.0,0.0,1.0,0.0,A01
201300036964,0,7,0,6.0,2.0,1.0,1.0,A01
201300036964,0,7,0,0.0,2.0,1.0,2.0,B01
201300036965,0,1,0,0.0,2.0,8.0,1.0,B01
201300036965,0,10,0,0.0,2.0,7.0,1.0,A01
201300036966,0,7,0,8.0,2.0,1.0,1.0,B01
201300036966,0,7,0,0.0,2.0,1.0,15.0,A01
201300036967,0,7,0,6.0,0.0,1.0,1.0,A01
201300036968,0,2,0,0.0,2.0,3.0,17.0,B01
201300036968,0,2,0,0.0,2.0,2.0,21.0,A01
201300036968,0,7,0,0.0,2.0,3.0,15.0,C01
201300036969,0,7,0,3.0,2.0,4.0,2.0,B01
201300036969,0,7,0,0.0,2.0,1.0,2.0,A01
201300036970,0,7,0,0.0,2.0,1.0,15.0,A01
201300036970,0,1,0,0.0,2.0,8.0,1.0,B01
201300036971,0,7,0,0.0,1.0,1.0,1.0,A01
201300036972,0,10,0,6.0,0.0,1.0,1.0,A01
201300036973,0,7,0,0.0,2.0,3.0,1.0,B01
201300036973,0,30,0,0.0,2.0,1.0,17.0,A01
201300036974,0,33,0,0.0,0.0,0.0,1.0,A01
201300036975,0,7,0,0.0,2.0,3.0,9.0,A01
201300036975,0,31,0,0.0,2.0,7.0,0.0,B01
201300036976,0,7,0,1.0,0.0,1.0,1.0,A01
201300036977,0,7,0,0.0,1.0,2.0,1.0,A01
201300036978,0,2,0,0.0,2.0,8.0,1.0,B01
201300036978,0,7,0,0.0,2.0,3.0,15.0,A01
201300036979,0,1,0,0.0,2.0,0.0,1.0,B01
201300036979,0,7,0,0.0,2.0,8.0,15.0,A01
201300036980,0,2,0,0.0,2.0,8.0,18.0,B01
201300036980,0,17,0,0.0,2.0,5.0,1.0,A01
201300036981,0,7,0,0.0,2.0,2.0,2.0,A01
201300036981,0,7,0,0.0,2.0,4.0,2.0,B01
201300036982,0,7,0,0.0,2.0,4.0,2.0,B01
201300036982,0,7,0,0.0,2.0,1.0,1.0,A01
201300036982,0,7,0,0.0,2.0,4.0,2.0,C01
201300036983,0,7,0,0.0,2.0,4.0,2.0,B01
201300036983,0,7,0,0.0,2.0,1.0,2.0,A01
201300036984,0,33,0,0.0,2.0,2.0,1.0,B01
201300036984,0,10,0,0.0,2.0,3.0,2.0,A01
201300036985,0,7,0,0.0,1.0,2.0,20.0,A01
201300036986,0,7,0,0.0,2.0,2.0,1.0,A01
201300036986,0,7,0,0.0,2.0,6.0,2.0,B01
201300036987,0,7,0,0.0,1.0,8.0,0.0,A01
201300036988,0,2,0,0.0,2.0,5.0,1.0,A01
201300036988,0,7,0,0.0,2.0,2.0,1.0,B01
201300036989,0,7,0,0.0,2.0,1.0,1.0,B01
201300036989,0,10,0,0.0,2.0,7.0,15.0,A01
201300036990,0,7,0,5.0,0.0,1.0,0.0,A01
201300036991,0,7,0,0.0,2.0,1.0,15.0,A01
201300036991,0,7,0,0.0,2.0,1.0,1.0,B01
201300036992,0,1,0,0.0,2.0,1.0,1.0,B01
201300036992,0,7,0,0.0,2.0,6.0,15.0,A01
201300036993,0,7,0,0.0,2.0,3.0,1.0,B01
201300036993,0,7,0,0.0,2.0,2.0,15.0,A01
201300036994,0,2,0,0.0,2.0,7.0,1.0,B01
201300036994,0,7,0,0.0,2.0,3.0,9.0,A01
201300036995,0,7,0,0.0,2.0,2.0,15.0,A01
201300036995,0,7,0,0.0,2.0,1.0,1.0,B01
201300036996,0,7,0,0.0,2.0,4.0,1.0,B01
201300036996,0,7,0,0.0,2.0,1.0,1.0,A01
201300036997,0,10,0,2.0,0.0,1.0,14.0,A01
201300036998,0,7,0,0.0,2.0,2.0,15.0,A01
201300036998,0,7,0,0.0,2.0,1.0,1.0,B01
201300036999,0,34,0,0.0,0.0,1.0,1.0,A01
201300037000,0,7,0,0.0,2.0,4.0,2.0,C01
201300037000,0,7,0,0.0,2.0,1.0,2.0,A01
201300037000,0,7,0,0.0,2.0,4.0,2.0,B01
201300037001,0,33,0,0.0,0.0,8.0,1.0,B01
201300037001,0,7,0,0.0,0.0,0.0,15.0,A01
201300037002,0,7,0,0.0,2.0,7.0,15.0,A01
201300037002,0,7,0,0.0,2.0,1.0,1.0,B01
201300037003,0,33,0,0.0,2.0,1.0,1.0,B01
201300037003,0,7,0,0.0,2.0,6.0,11.0,A01
201300037004,0,7,0,0.0,2.0,1.0,1.0,B01
201300037004,0,7,0,0.0,2.0,2.0,9.0,A01
201300037005,0,7,0,0.0,2.0,3.0,1.0,B01
201300037005,0,1,0,0.0,2.0,1.0,15.0,A01
201300037006,0,1,0,6.0,0.0,1.0,1.0,A01
201300037007,0,7,0,3.0,0.0,8.0,13.0,A01
201300037008,0,7,0,0.0,2.0,4.0,23.0,C01
201300037008,0,7,0,0.0,2.0,1.0,2.0,A01
201300037008,0,7,0,0.0,2.0,4.0,23.0,B01
201300037009,0,33,0,4.0,0.0,1.0,1.0,A01
201300037010,0,7,0,0.0,2.0,1.0,1.0,B01
201300037010,0,7,0,1.0,2.0,6.0,10.0,A01
201300037011,0,1,0,0.0,0.0,0.0,0.0,A01
201300037012,0,7,0,0.0,2.0,2.0,10.0,A01
201300037012,0,1,0,0.0,2.0,1.0,1.0,B01
201300037013,0,7,0,0.0,1.0,0.0,15.0,A01
201300037014,0,7,0,16.0,0.0,9.0,1.0,A01
201300037015,0,7,0,0.0,2.0,3.0,1.0,B01
201300037015,0,7,0,0.0,2.0,1.0,10.0,A01
201300037016,0,7,0,9.0,1.0,1.0,1.0,A01
201300037017,0,7,0,0.0,2.0,4.0,1.0,B01
201300037017,0,7,0,0.0,2.0,1.0,1.0,A01
201300037018,0,7,0,0.0,2.0,4.0,1.0,C01
201300037018,0,7,0,0.0,2.0,4.0,1.0,B01
201300037018,0,7,0,0.0,2.0,4.0,1.0,D01
201300037018,0,10,0,0.0,2.0,1.0,1.0,A01
201300037019,0,7,0,0.0,2.0,6.0,9.0,A01
201300037019,0,33,0,0.0,2.0,1.0,15.0,B01
201300037020,0,7,0,0.0,1.0,1.0,1.0,A01
201300037021,0,7,0,3.0,0.0,3.0,1.0,A01
201300037022,0,7,0,0.0,2.0,3.0,1.0,B01
201300037022,0,2,0,0.0,2.0,1.0,15.0,A01
201300037023,0,30,0,0.0,2.0,1.0,1.0,A01
201300037023,0,7,0,0.0,2.0,3.0,15.0,B01
201300037024,0,7,0,0.0,2.0,4.0,1.0,B01
201300037024,0,10,0,0.0,2.0,1.0,1.0,A01
201300037024,0,7,0,0.0,0.0,4.0,1.0,C01
201300037025,0,10,0,0.0,2.0,1.0,1.0,A01
201300037025,0,7,0,7.0,2.0,1.0,15.0,B01
201300037026,0,7,0,0.0,2.0,1.0,1.0,A01
201300037026,0,33,0,0.0,2.0,1.0,1.0,B01