Num_Acc,senc,catv,occutc,obs,obsm,choc,manv,num_veh
201300037026,0,7,0,0.0,2.0,1.0,1.0,C01
201300037026,0,7,0,0.0,2.0,6.0,1.0,D01
201300037027,0,2,0,0.0,2.0,1.0,1.0,B01
201300037027,0,7,0,0.0,2.0,3.0,1.0,A01
201300037028,0,7,0,0.0,2.0,3.0,15.0,A01
201300037028,0,7,0,0.0,2.0,1.0,1.0,B01
201300037029,0,7,0,0.0,2.0,2.0,1.0,B01
201300037029,0,2,0,0.0,2.0,1.0,9.0,A01
201300037030,0,7,0,0.0,2.0,3.0,1.0,B01
201300037030,0,7,0,0.0,2.0,2.0,15.0,A01
201300037031,0,7,0,0.0,2.0,1.0,1.0,A01
201300037031,0,7,0,0.0,2.0,4.0,2.0,B01
201300037032,0,7,0,0.0,2.0,8.0,15.0,A01
201300037032,0,2,0,0.0,2.0,1.0,1.0,B01
201300037033,0,1,0,0.0,2.0,7.0,17.0,B01
201300037033,0,7,0,0.0,2.0,8.0,22.0,A01
201300037034,0,30,0,0.0,2.0,7.0,1.0,A01
201300037034,0,7,0,0.0,2.0,8.0,1.0,B01
201300037035,0,7,0,0.0,2.0,5.0,1.0,B01
201300037035,0,10,0,0.0,2.0,8.0,11.0,A01
201300037036,0,99,0,0.0,2.0,4.0,1.0,B01
201300037036,0,7,0,0.0,2.0,1.0,1.0,A01
201300037037,0,30,0,0.0,2.0,1.0,1.0,A01
201300037037,0,7,0,0.0,2.0,1.0,1.0,B01
201300037038,0,7,0,0.0,2.0,1.0,9.0,A01
201300037038,0,10,0,0.0,2.0,2.0,1.0,B01
201300037038,0,7,0,0.0,2.0,1.0,1.0,C01
201300037039,0,10,0,2.0,0.0,3.0,1.0,A01
201300037040,0,1,0,0.0,2.0,8.0,1.0,A01
201300037040,1,30,0,0.0,2.0,7.0,16.0,Z01
201300037041,0,7,0,0.0,2.0,1.0,1.0,A01
201300037041,0,7,0,0.0,2.0,8.0,1.0,B01
201300037042,0,30,0,0.0,2.0,1.0,1.0,A01
201300037042,0,7,0,0.0,2.0,2.0,1.0,B01
201300037043,0,30,0,0.0,2.0,1.0,1.0,A01
201300037043,0,7,0,0.0,2.0,3.0,15.0,B01
201300037044,0,7,0,0.0,2.0,2.0,1.0,B01
201300037044,0,7,0,0.0,2.0,3.0,1.0,A01
201300037045,0,2,0,0.0,2.0,1.0,1.0,A01
201300037045,0,7,0,0.0,2.0,2.0,1.0,B01
201300037046,0,7,0,0.0,2.0,8.0,11.0,A01
201300037046,0,2,0,0.0,2.0,7.0,1.0,B01
201300037047,0,7,0,0.0,2.0,1.0,1.0,A01
201300037047,0,7,0,0.0,2.0,4.0,1.0,B01
201300037048,0,7,0,0.0,2.0,1.0,1.0,A01
201300037048,0,7,0,0.0,2.0,4.0,2.0,B01
201300037048,0,7,0,0.0,2.0,4.0,2.0,C01
201300037048,0,7,0,0.0,2.0,4.0,2.0,D01
201300037049,0,7,0,4.0,0.0,1.0,1.0,A01
201300037050,0,7,0,0.0,2.0,3.0,1.0,B01
201300037050,0,2,0,0.0,2.0,1.0,1.0,A01
201300037051,0,7,0,0.0,2.0,2.0,15.0,A01
201300037051,0,30,0,0.0,2.0,1.0,1.0,B01
201300037052,0,7,0,0.0,1.0,3.0,1.0,A01
201300037053,0,7,0,4.0,0.0,1.0,0.0,A01
201300037054,0,31,0,0.0,2.0,1.0,1.0,B01
201300037054,0,7,0,0.0,2.0,5.0,15.0,A01
201300037055,0,33,0,0.0,2.0,1.0,1.0,B01
201300037055,0,7,0,0.0,2.0,1.0,1.0,A01
201300037056,0,7,0,0.0,1.0,3.0,1.0,A01
201300037057,0,2,0,0.0,0.0,8.0,1.0,A01
201300037058,0,7,0,0.0,1.0,3.0,1.0,A01
201300037059,0,31,0,0.0,0.0,7.0,1.0,A01
201300037060,0,33,0,0.0,2.0,1.0,15.0,A01
201300037060,0,7,0,0.0,2.0,8.0,1.0,B01
201300037061,0,7,0,2.0,0.0,1.0,15.0,A01
201300037062,0,10,0,0.0,2.0,4.0,4.0,A01
201300037062,0,2,0,0.0,2.0,1.0,1.0,B01
201300037063,0,7,0,13.0,0.0,9.0,21.0,A01
201300037064,0,7,0,0.0,1.0,0.0,1.0,A01
201300037065,0,7,0,0.0,2.0,2.0,15.0,A01
201300037065,0,2,0,0.0,2.0,1.0,1.0,B01
201300037066,0,10,0,0.0,1.0,1.0,1.0,A01
201300037067,0,7,0,0.0,2.0,2.0,1.0,A01
201300037067,0,30,0,0.0,2.0,1.0,1.0,B01
201300037068,0,7,0,0.0,2.0,1.0,15.0,B01
201300037068,0,7,0,0.0,2.0,2.0,1.0,A01
201300037069,0,7,0,8.0,0.0,1.0,1.0,A01
201300037070,0,7,0,9.0,0.0,1.0,1.0,A01
201300037071,0,33,0,0.0,2.0,1.0,1.0,A01
201300037071,0,7,0,0.0,2.0,3.0,1.0,B01
201300037072,0,7,0,0.0,1.0,3.0,1.0,A01
201300037073,0,7,0,0.0,2.0,3.0,1.0,B01
201300037073,0,7,0,0.0,2.0,1.0,1.0,A01
201300037074,0,7,0,12.0,0.0,1.0,1.0,A01
201300037075,0,2,0,0.0,2.0,1.0,1.0,B01
201300037075,0,7,0,0.0,2.0,2.0,15.0,A01
201300037076,0,32,0,0.0,0.0,1.0,0.0,A01
201300037077,0,7,0,3.0,0.0,1.0,1.0,A01
201300037078,0,7,0,3.0,2.0,0.0,1.0,B01
201300037078,0,7,0,0.0,2.0,1.0,17.0,A01
201300037079,0,7,0,0.0,2.0,1.0,1.0,A01
201300037079,0,7,0,0.0,2.0,4.0,1.0,B01
201300037080,0,10,0,0.0,2.0,7.0,19.0,A01
201300037080,0,7,0,0.0,2.0,1.0,1.0,B01
201300037081,0,7,0,9.0,0.0,1.0,1.0,A01
201300037082,0,7,0,0.0,1.0,1.0,15.0,A01
201300037083,0,7,0,0.0,2.0,1.0,1.0,B01
201300037083,0,7,0,0.0,2.0,2.0,1.0,A01
201300037084,0,10,0,0.0,2.0,4.0,16.0,B01
201300037084,0,2,0,0.0,2.0,1.0,1.0,A01
201300037085,0,7,0,2.0,0.0,1.0,0.0,A01
201300037086,0,10,0,0.0,2.0,1.0,9.0,A01
201300037086,0,10,0,9.0,0.0,0.0,0.0,C01
201300037086,0,7,0,9.0,0.0,0.0,0.0,D01
201300037086,0,7,0,0.0,2.0,8.0,1.0,B01
201300037087,0,7,0,0.0,0.0,0.0,15.0,A01
201300037087,0,2,0,0.0,0.0,0.0,1.0,B01
201300037088,0,7,0,0.0,2.0,7.0,13.0,A01
201300037088,0,7,0,0.0,2.0,1.0,1.0,B01
201300037089,0,7,0,0.0,2.0,1.0,1.0,B01
201300037089,0,7,0,0.0,2.0,5.0,15.0,A01
201300037090,0,33,0,0.0,2.0,1.0,17.0,B01
201300037090,0,7,0,0.0,2.0,3.0,15.0,A01
201300037091,0,7,0,0.0,0.0,9.0,1.0,A01
201300037092,0,7,0,0.0,2.0,1.0,1.0,B01
201300037092,0,7,0,0.0,2.0,1.0,1.0,A01
201300037093,0,33,0,0.0,0.0,8.0,1.0,A01
201300037094,0,7,0,0.0,0.0,5.0,1.0,B01
201300037094,0,33,0,0.0,2.0,8.0,1.0,A01
201300037095,0,7,0,0.0,2.0,4.0,15.0,B01
201300037095,0,33,0,0.0,2.0,1.0,2.0,A01
201300037096,0,10,0,2.0,0.0,1.0,1.0,A01
201300037097,0,7,0,13.0,0.0,1.0,1.0,A01
201300037098,0,37,1,0.0,1.0,1.0,1.0,A01
201300037099,0,7,0,0.0,2.0,4.0,1.0,B01
201300037099,0,1,0,0.0,2.0,1.0,2.0,A01
201300037100,0,37,1,0.0,1.0,7.0,1.0,A01
201300037101,0,7,0,6.0,0.0,1.0,1.0,A01
201300037102,0,33,0,0.0,2.0,1.0,1.0,B01
201300037102,0,7,0,0.0,2.0,3.0,15.0,A01
201300037103,0,7,0,0.0,1.0,2.0,1.0,A01
201300037104,0,7,0,0.0,0.0,5.0,9.0,B01
201300037104,0,2,0,0.0,2.0,1.0,1.0,A01
201300037105,0,7,0,0.0,2.0,3.0,1.0,A01
201300037105,0,7,0,0.0,2.0,4.0,2.0,B01
201300037106,0,3,0,1.0,1.0,1.0,13.0,A01
201300037107,0,10,0,0.0,2.0,2.0,9.0,A01
201300037107,0,30,0,0.0,2.0,1.0,1.0,B01
201300037108,0,37,1,0.0,2.0,1.0,1.0,B01
201300037108,0,7,0,0.0,2.0,8.0,9.0,A01
201300037109,0,7,0,0.0,1.0,1.0,9.0,A01
201300037110,0,7,0,15.0,0.0,1.0,1.0,A01
201300037111,0,7,0,0.0,2.0,1.0,1.0,A01
201300037111,0,7,0,0.0,2.0,7.0,1.0,B01
201300037112,0,7,0,0.0,2.0,3.0,9.0,A01
201300037112,0,30,0,0.0,2.0,1.0,1.0,B01
201300037113,0,7,0,0.0,2.0,1.0,2.0,A01
201300037113,0,10,0,0.0,0.0,4.0,2.0,B01
201300037114,0,7,0,0.0,1.0,2.0,17.0,A01
201300037115,0,7,0,0.0,0.0,4.0,2.0,B01
201300037115,0,7,0,0.0,2.0,1.0,2.0,A01
201300037116,0,7,0,0.0,2.0,4.0,23.0,B01
201300037116,0,7,0,0.0,2.0,1.0,2.0,A01
201300037117,0,7,0,0.0,0.0,2.0,1.0,A01
201300037118,0,7,0,0.0,1.0,1.0,15.0,A01
201300037119,0,7,0,0.0,2.0,1.0,1.0,B01
201300037119,0,17,0,0.0,2.0,8.0,1.0,C01
201300037119,0,7,0,3.0,2.0,7.0,9.0,A01
201300037120,0,7,0,0.0,2.0,1.0,15.0,A01
201300037120,0,1,0,0.0,2.0,1.0,1.0,B01
201300037121,0,7,0,0.0,2.0,3.0,15.0,A01
201300037121,0,7,0,0.0,2.0,3.0,1.0,B01
201300037122,0,7,0,8.0,0.0,8.0,0.0,A01
201300037123,0,10,0,0.0,2.0,2.0,15.0,A01
201300037123,0,10,0,0.0,2.0,2.0,1.0,B01
201300037124,0,10,0,0.0,2.0,1.0,1.0,A01
201300037124,0,10,0,0.0,0.0,4.0,1.0,B01
201300037125,0,2,0,0.0,2.0,1.0,9.0,B01
201300037125,0,7,0,0.0,2.0,1.0,9.0,A01
201300037126,0,10,0,0.0,2.0,1.0,1.0,B01
201300037126,0,7,0,0.0,2.0,8.0,9.0,A01
201300037127,0,7,0,4.0,0.0,1.0,1.0,A01
201300037128,0,7,0,0.0,1.0,1.0,1.0,A01
201300037129,0,7,0,1.0,0.0,4.0,9.0,B01
201300037129,0,17,0,0.0,0.0,6.0,23.0,A01
201300037130,0,17,0,0.0,0.0,6.0,1.0,B01
201300037130,0,7,0,0.0,2.0,2.0,1.0,A01
201300037131,0,7,0,0.0,1.0,1.0,1.0,A01
201300037132,0,7,0,13.0,0.0,3.0,1.0,A01
201300037133,0,7,0,12.0,1.0,1.0,1.0,A01
201300037134,0,7,0,0.0,2.0,3.0,9.0,A01
201300037134,0,2,0,0.0,2.0,1.0,1.0,B01
201300037135,0,7,0,0.0,2.0,5.0,1.0,B01
201300037135,0,7,0,0.0,2.0,1.0,2.0,A01
201300037136,0,7,0,0.0,2.0,1.0,10.0,A01
201300037136,0,7,0,0.0,2.0,2.0,1.0,B01
201300037137,0,2,0,0.0,0.0,2.0,1.0,A01
201300037138,0,32,0,0.0,0.0,8.0,1.0,A01
201300037139,0,7,0,13.0,0.0,1.0,1.0,A01
201300037140,0,10,0,0.0,2.0,2.0,9.0,B01
201300037140,0,7,0,0.0,2.0,1.0,1.0,A01
201300037141,0,7,0,0.0,0.0,4.0,2.0,B01
201300037141,0,7,0,0.0,2.0,1.0,2.0,A01
201300037142,0,7,0,0.0,2.0,1.0,15.0,A01
201300037142,0,30,0,0.0,2.0,1.0,1.0,B01
201300037143,0,7,0,0.0,1.0,2.0,1.0,A01
201300037144,0,7,0,9.0,2.0,1.0,1.0,B01
201300037144,0,7,0,0.0,2.0,3.0,1.0,A01
201300037145,0,7,0,0.0,2.0,4.0,23.0,A01
201300037145,0,7,0,0.0,2.0,2.0,21.0,B01
201300037145,0,7,0,0.0,2.0,1.0,1.0,D01
201300037145,0,17,0,0.0,2.0,8.0,1.0,C01
201300037146,0,30,0,0.0,2.0,1.0,1.0,B01
201300037146,0,7,0,0.0,2.0,3.0,9.0,A01
201300037147,0,10,0,0.0,1.0,4.0,4.0,A01
201300037148,0,7,0,0.0,2.0,1.0,15.0,A01
201300037148,0,7,0,0.0,2.0,1.0,1.0,B01
201300037149,0,7,0,0.0,2.0,2.0,0.0,B01
201300037149,0,30,0,0.0,2.0,1.0,9.0,A01
201300037150,0,2,0,0.0,0.0,8.0,1.0,A01
201300037151,0,32,0,8.0,0.0,8.0,1.0,A01
201300037152,0,13,0,3.0,0.0,2.0,1.0,A01
201300037153,0,7,0,0.0,2.0,4.0,1.0,B01
201300037153,0,7,0,0.0,2.0,1.0,2.0,A01
201300037154,0,2,0,0.0,1.0,1.0,17.0,A01
201300037155,0,7,0,0.0,2.0,3.0,1.0,A01
201300037155,0,1,0,0.0,2.0,1.0,19.0,B01
201300037156,0,7,0,0.0,2.0,8.0,15.0,A01
201300037156,0,31,0,0.0,2.0,1.0,1.0,B01
201300037157,0,7,0,9.0,0.0,1.0,0.0,A01
201300037158,0,2,0,0.0,0.0,8.0,1.0,A01
201300037159,0,7,0,0.0,2.0,8.0,19.0,A01
201300037159,0,7,0,0.0,2.0,3.0,1.0,B01
201300037160,0,7,0,0.0,2.0,1.0,19.0,A01
201300037160,0,33,0,0.0,2.0,8.0,1.0,B01
201300037161,0,7,0,0.0,2.0,3.0,17.0,A01
201300037161,0,37,3,0.0,2.0,8.0,1.0,C01
201300037161,0,7,0,0.0,2.0,3.0,1.0,B01
201300037162,0,7,0,0.0,1.0,2.0,1.0,A01
201300037163,0,7,0,0.0,1.0,1.0,1.0,A01
201300037164,0,10,0,0.0,0.0,4.0,1.0,B01
201300037164,0,33,0,0.0,2.0,1.0,1.0,A01
201300037165,0,7,0,0.0,1.0,1.0,1.0,A01
201300037166,0,7,0,0.0,2.0,2.0,9.0,A01
201300037166,0,7,0,0.0,2.0,2.0,1.0,B01
201300037167,0,2,0,0.0,2.0,7.0,15.0,B01
201300037167,0,2,0,0.0,2.0,8.0,15.0,A01
201300037168,0,7,0,0.0,2.0,3.0,1.0,B01
201300037168,0,7,0,0.0,2.0,7.0,1.0,A01
201300037169,0,7,0,3.0,0.0,2.0,1.0,A01
201300037170,0,7,0,0.0,0.0,6.0,9.0,A01
201300037170,0,31,0,0.0,2.0,1.0,1.0,B01
201300037171,0,7,0,0.0,0.0,4.0,2.0,B01
201300037171,0,10,0,0.0,2.0,1.0,2.0,A01
201300037172,0,7,0,0.0,2.0,2.0,12.0,A01
201300037172,0,7,0,0.0,2.0,3.0,1.0,B01
201300037173,0,7,0,0.0,2.0,4.0,23.0,B01
201300037173,0,30,0,0.0,2.0,7.0,2.0,A01
201300037174,0,7,0,15.0,0.0,1.0,1.0,A01
201300037174,0,7,0,13.0,0.0,9.0,0.0,B01
201300037175,0,7,0,0.0,2.0,3.0,13.0,A01
201300037175,0,7,0,0.0,2.0,3.0,1.0,B01
201300037176,0,7,0,6.0,0.0,1.0,1.0,A01
201300037177,0,33,0,0.0,2.0,1.0,1.0,B01
201300037177,0,7,0,0.0,2.0,6.0,15.0,A01
201300037178,0,7,0,0.0,2.0,1.0,1.0,A01
201300037178,0,7,0,0.0,2.0,2.0,1.0,B01
201300037179,0,7,0,0.0,1.0,1.0,16.0,A01
201300037180,0,7,0,13.0,0.0,1.0,1.0,A01
201300037181,0,7,0,0.0,1.0,1.0,1.0,A01
201300037182,0,7,0,0.0,1.0,1.0,16.0,A01
201300037183,0,1,0,0.0,1.0,1.0,1.0,A01
201300037184,0,7,0,15.0,0.0,1.0,1.0,A01
201300037185,0,31,0,0.0,0.0,2.0,1.0,A01
201300037186,0,7,0,0.0,2.0,1.0,2.0,A01
201300037186,0,31,0,0.0,2.0,4.0,1.0,B01
201300037187,0,7,0,4.0,0.0,1.0,1.0,A01
201300037188,0,7,0,13.0,0.0,1.0,1.0,A01
201300037189,0,7,0,0.0,2.0,3.0,9.0,A01
201300037189,0,32,0,0.0,2.0,4.0,1.0,B01
201300037190,0,37,1,0.0,1.0,2.0,1.0,A01
201300037191,0,30,0,0.0,2.0,1.0,23.0,A01
201300037191,1,15,0,0.0,2.0,4.0,4.0,Z01
201300037192,0,7,0,0.0,0.0,4.0,2.0,C01
201300037192,0,7,0,0.0,2.0,1.0,1.0,A01
201300037192,0,7,0,0.0,2.0,1.0,2.0,B01
201300037193,0,7,0,0.0,2.0,3.0,1.0,A01
201300037193,0,10,0,0.0,2.0,3.0,1.0,B01
201300037194,0,30,0,0.0,0.0,0.0,1.0,A01
201300037195,0,32,0,0.0,0.0,0.0,1.0,A01
201300037196,0,7,0,0.0,2.0,8.0,1.0,B01
201300037196,0,7,0,0.0,2.0,8.0,1.0,C01
201300037196,0,10,0,0.0,2.0,3.0,1.0,A01
201300037197,0,30,0,0.0,0.0,7.0,1.0,A01
201300037198,0,2,0,0.0,0.0,7.0,1.0,A01
201300037199,0,7,0,0.0,0.0,4.0,1.0,B01
201300037199,0,2,0,0.0,2.0,1.0,1.0,A01
201300037200,0,7,0,0.0,2.0,7.0,1.0,A01
201300037200,0,7,0,0.0,2.0,1.0,1.0,B01
201300037201,0,10,0,0.0,1.0,2.0,16.0,A01
201300037202,0,7,0,0.0,1.0,1.0,1.0,A01
201300037203,0,7,0,0.0,1.0,1.0,1.0,A01
201300037204,0,30,0,12.0,0.0,0.0,0.0,A01
201300037205,0,7,0,1.0,0.0,2.0,1.0,A01
201300037206,0,7,0,0.0,2.0,4.0,23.0,C01
201300037206,0,7,0,0.0,2.0,1.0,2.0,A01
201300037206,0,7,0,0.0,2.0,4.0,1.0,B01
201300037207,0,10,0,0.0,1.0,1.0,15.0,A01
201300037208,1,10,0,0.0,0.0,0.0,0.0,Z01
201300037208,0,7,0,0.0,2.0,2.0,1.0,A01
201300037208,0,7,0,0.0,2.0,3.0,1.0,B01
201300037209,0,7,0,14.0,1.0,1.0,16.0,A01
201300037210,0,7,0,0.0,2.0,0.0,1.0,A01
201300037210,0,7,0,0.0,9.0,1.0,1.0,B01
201300037211,0,7,0,0.0,2.0,4.0,23.0,B01
201300037211,0,7,0,0.0,2.0,1.0,2.0,A01
201300037212,0,7,0,2.0,0.0,1.0,1.0,A01
201300037213,0,7,0,0.0,2.0,6.0,15.0,A01
201300037213,0,7,0,0.0,2.0,1.0,1.0,B01
201300037214,0,31,0,0.0,0.0,7.0,15.0,A01
201300037215,0,31,0,0.0,2.0,2.0,17.0,B01
201300037215,0,7,0,0.0,2.0,3.0,9.0,A01
201300037216,0,30,0,0.0,0.0,7.0,0.0,A01
201300037217,0,17,0,0.0,2.0,1.0,2.0,A01
201300037217,0,7,0,0.0,2.0,4.0,1.0,B01
201300037218,0,7,0,0.0,2.0,5.0,23.0,B01
201300037218,0,30,0,0.0,2.0,1.0,2.0,A01
201300037219,0,7,0,2.0,0.0,0.0,0.0,A01
201300037220,0,33,0,13.0,0.0,1.0,17.0,A01
201300037221,0,2,0,0.0,2.0,1.0,1.0,B01
201300037221,0,7,0,0.0,2.0,3.0,9.0,A01
201300037222,0,7,0,0.0,2.0,1.0,2.0,A01
201300037222,0,7,0,0.0,0.0,4.0,1.0,B01
201300037223,0,7,0,0.0,2.0,1.0,9.0,A01
201300037223,0,30,0,0.0,2.0,8.0,1.0,B01
201300037224,0,7,0,0.0,1.0,3.0,1.0,A01
201300037225,0,7,0,2.0,0.0,1.0,1.0,A01
201300037226,0,31,0,0.0,2.0,2.0,1.0,A01
201300037226,1,10,0,0.0,2.0,3.0,1.0,Z01
201300037227,0,15,0,0.0,2.0,4.0,4.0,A01
201300037227,0,33,0,0.0,2.0,1.0,2.0,B01
201300037228,0,2,0,1.0,0.0,1.0,1.0,A01
201300037229,0,7,0,13.0,0.0,9.0,1.0,A01
201300037230,0,2,0,12.0,0.0,8.0,1.0,A01
201300037231,0,7,0,0.0,2.0,6.0,23.0,B01
201300037231,0,33,0,0.0,2.0,1.0,2.0,A01
201300037232,0,2,0,0.0,2.0,1.0,9.0,A01
201300037232,1,7,0,0.0,2.0,5.0,1.0,B01
201300037233,0,7,0,0.0,1.0,1.0,1.0,A01
201300037234,0,2,0,0.0,0.0,8.0,1.0,A01
201300037235,0,33,0,0.0,0.0,7.0,1.0,A01
201300037236,0,30,0,0.0,0.0,8.0,1.0,A01
201300037237,0,30,0,0.0,0.0,1.0,1.0,B01
201300037237,0,10,0,0.0,0.0,0.0,9.0,A01
201300037238,0,7,0,0.0,2.0,4.0,23.0,B01
201300037238,0,2,0,0.0,2.0,1.0,2.0,A01
201300037239,0,1,0,0.0,2.0,1.0,1.0,B01
201300037239,0,7,0,0.0,2.0,3.0,15.0,A01
201300037240,0,7,0,0.0,2.0,1.0,1.0,B01
201300037240,0,10,0,0.0,2.0,4.0,4.0,A01
201300037241,0,7,0,0.0,1.0,8.0,15.0,A01
201300037242,0,7,0,1.0,0.0,3.0,1.0,A01
201300037243,0,7,0,0.0,2.0,2.0,15.0,A01
201300037243,0,7,0,0.0,2.0,1.0,1.0,B01
201300037244,0,30,0,0.0,0.0,1.0,1.0,A01
201300037245,0,7,0,0.0,2.0,1.0,15.0,A01
201300037245,0,31,0,0.0,2.0,1.0,1.0,B01
201300037246,0,7,0,0.0,1.0,1.0,9.0,A01
201300037247,0,7,0,0.0,2.0,3.0,15.0,A01
201300037247,0,7,0,0.0,2.0,3.0,1.0,B01
201300037248,0,7,0,0.0,2.0,6.0,15.0,A01
201300037248,0,7,0,0.0,2.0,1.0,1.0,B01
201300037249,0,7,0,0.0,2.0,1.0,2.0,A01
201300037249,0,7,0,0.0,2.0,4.0,23.0,B01
201300037250,0,7,0,2.0,0.0,3.0,1.0,A01
201300037251,0,7,0,0.0,2.0,3.0,9.0,A01
201300037251,0,30,0,0.0,2.0,1.0,1.0,B01
201300037252,2,10,0,0.0,2.0,1.0,1.0,Z01
201300037252,0,7,0,0.0,2.0,8.0,1.0,B01
201300037252,0,7,0,0.0,2.0,3.0,1.0,C01
201300037253,0,7,0,0.0,2.0,3.0,1.0,B01
201300037253,0,30,0,0.0,2.0,1.0,9.0,A01
201300037254,0,7,0,0.0,0.0,9.0,1.0,A01
201300037255,0,7,0,6.0,2.0,1.0,1.0,A01
201300037255,0,7,0,1.0,2.0,3.0,15.0,B01
201300037256,0,7,0,0.0,2.0,1.0,1.0,B01
201300037256,0,7,0,0.0,2.0,1.0,1.0,A01
201300037257,0,30,0,0.0,0.0,5.0,1.0,A01
201300037258,0,30,0,0.0,0.0,7.0,1.0,A01
201300037259,0,2,0,0.0,2.0,1.0,17.0,A01
201300037259,0,7,0,0.0,2.0,3.0,15.0,B01
201300037260,0,10,0,3.0,0.0,7.0,1.0,A01
201300037261,0,10,0,0.0,2.0,2.0,9.0,A01
201300037261,0,31,0,0.0,2.0,1.0,1.0,B01
201300037262,0,7,0,0.0,2.0,5.0,1.0,B01
201300037262,0,7,0,0.0,2.0,6.0,9.0,A01
201300037263,0,7,0,0.0,2.0,1.0,2.0,A01
201300037263,0,7,0,0.0,2.0,4.0,2.0,B01
201300037264,0,10,0,0.0,1.0,2.0,1.0,A01
201300037265,0,7,0,0.0,2.0,1.0,2.0,A01
201300037265,0,7,0,0.0,2.0,4.0,2.0,B01
201300037266,0,2,0,0.0,0.0,7.0,1.0,A01
201300037267,0,7,0,0.0,2.0,5.0,15.0,A01
201300037267,0,7,0,0.0,2.0,1.0,1.0,B01
201300037268,0,2,0,0.0,2.0,2.0,12.0,A01
201300037268,0,7,0,0.0,2.0,3.0,1.0,B01
201300037269,0,7,0,0.0,2.0,1.0,9.0,A01
201300037269,0,7,0,0.0,2.0,2.0,1.0,B01
201300037270,0,2,0,0.0,2.0,1.0,1.0,B01
201300037270,0,7,0,0.0,2.0,2.0,15.0,A01
201300037271,0,7,0,0.0,2.0,2.0,1.0,B01
201300037271,0,7,0,0.0,2.0,3.0,1.0,A01
201300037272,0,7,0,0.0,2.0,1.0,2.0,A01
201300037272,0,7,0,0.0,2.0,4.0,23.0,B01
201300037272,0,7,0,0.0,2.0,4.0,23.0,C01
201300037273,0,30,0,0.0,0.0,8.0,21.0,A01
201300037274,0,7,0,0.0,1.0,2.0,1.0,A01
201300037275,0,30,0,0.0,2.0,1.0,2.0,A01
201300037275,0,7,0,0.0,2.0,5.0,1.0,B01
201300037276,0,32,0,0.0,0.0,7.0,21.0,A01
201300037277,0,7,0,0.0,2.0,1.0,1.0,A01
201300037277,0,33,0,0.0,2.0,7.0,0.0,B01
201300037278,0,7,0,0.0,2.0,7.0,1.0,A01
201300037278,0,7,0,0.0,2.0,1.0,1.0,B01
201300037279,0,7,0,0.0,2.0,1.0,1.0,B01
201300037279,0,7,0,0.0,2.0,1.0,15.0,A01
201300037280,0,30,0,0.0,0.0,8.0,0.0,A01
201300037281,0,10,0,0.0,2.0,3.0,9.0,A01
201300037281,0,14,0,0.0,2.0,7.0,1.0,B01
201300037281,0,15,0,0.0,2.0,8.0,1.0,C01
201300037282,0,33,0,0.0,2.0,7.0,1.0,A01
201300037282,1,99,0,0.0,2.0,3.0,0.0,Z01
201300037283,0,2,0,12.0,0.0,7.0,1.0,A01
201300037284,0,7,0,0.0,2.0,1.0,1.0,A01
201300037284,0,7,0,0.0,0.0,4.0,2.0,B01
201300037285,0,7,0,0.0,1.0,1.0,1.0,A01
201300037286,0,7,0,0.0,2.0,4.0,0.0,E01
201300037286,0,7,0,4.0,0.0,1.0,1.0,A01
201300037286,0,7,0,0.0,2.0,1.0,0.0,F02
201300037286,0,7,0,0.0,2.0,1.0,0.0,D01
201300037286,0,7,0,0.0,2.0,4.0,23.0,B01
201300037286,0,7,0,0.0,2.0,1.0,0.0,C01
201300037287,0,15,0,0.0,2.0,2.0,2.0,A01
201300037287,0,7,0,0.0,2.0,4.0,2.0,B01
201300037288,0,33,0,0.0,2.0,1.0,2.0,A01
201300037288,0,7,0,0.0,2.0,5.0,23.0,B01
201300037289,0,30,0,0.0,2.0,1.0,2.0,A01
201300037289,0,7,0,0.0,2.0,2.0,20.0,B01
201300037290,0,7,0,2.0,0.0,9.0,1.0,A01
201300037291,0,7,0,0.0,2.0,3.0,1.0,C01
201300037291,0,10,0,0.0,2.0,1.0,5.0,A01
201300037291,0,7,0,0.0,2.0,1.0,1.0,B01
201300037292,0,30,0,8.0,0.0,1.0,1.0,A01
201300037293,0,32,0,0.0,2.0,1.0,2.0,A01
201300037293,0,7,0,0.0,2.0,4.0,2.0,B01
201300037294,0,7,0,0.0,2.0,1.0,1.0,A01
201300037294,0,7,0,0.0,2.0,7.0,1.0,B01
201300037295,0,2,0,0.0,2.0,1.0,2.0,A01
201300037295,0,7,0,0.0,2.0,6.0,2.0,B01
201300037296,0,10,0,0.0,1.0,2.0,1.0,A01
201300037297,0,7,0,0.0,2.0,3.0,1.0,B01
201300037297,0,10,0,0.0,2.0,1.0,1.0,A01
201300037298,0,7,0,13.0,0.0,1.0,1.0,A01
201300037299,0,7,0,3.0,0.0,1.0,1.0,A01
201300037300,0,2,0,0.0,0.0,8.0,0.0,A01
201300037301,0,2,0,0.0,0.0,1.0,1.0,A01
201300037302,0,7,0,0.0,2.0,1.0,2.0,A01
201300037302,0,7,0,0.0,2.0,4.0,23.0,B01
201300037302,0,7,0,0.0,2.0,4.0,23.0,C01
201300037303,0,7,0,0.0,2.0,3.0,11.0,A01
201300037303,0,33,0,0.0,2.0,7.0,1.0,B01
201300037304,0,7,0,0.0,2.0,4.0,1.0,A01
201300037304,1,99,0,0.0,2.0,1.0,9.0,Z01
201300037305,0,7,0,0.0,2.0,8.0,1.0,B01
201300037305,0,7,0,0.0,2.0,3.0,1.0,A01