Num_Acc,senc,catv,occutc,obs,obsm,choc,manv,num_veh
201300037306,0,7,0,0.0,2.0,3.0,1.0,B01
201300037306,0,10,0,0.0,2.0,1.0,13.0,A01
201300037307,0,7,0,6.0,2.0,2.0,1.0,B01
201300037307,0,7,0,0.0,2.0,3.0,9.0,A01
201300037308,0,7,0,0.0,2.0,2.0,1.0,A01
201300037308,1,30,0,0.0,2.0,2.0,0.0,Z01
201300037309,0,7,0,13.0,0.0,9.0,1.0,A01
201300037310,0,7,0,0.0,2.0,3.0,15.0,B01
201300037310,0,33,0,0.0,2.0,8.0,17.0,A01
201300037311,0,30,0,0.0,0.0,0.0,1.0,A01
201300037312,0,10,0,0.0,2.0,1.0,2.0,A01
201300037312,0,7,0,0.0,2.0,4.0,23.0,B01
201300037312,0,7,0,0.0,2.0,4.0,23.0,D01
201300037312,0,7,0,0.0,2.0,4.0,23.0,C01
201300037313,0,7,0,0.0,2.0,1.0,1.0,A01
201300037313,0,7,0,0.0,2.0,1.0,1.0,B01
201300037314,0,7,0,6.0,2.0,3.0,9.0,A01
201300037314,0,7,0,0.0,2.0,1.0,1.0,B01
201300037315,0,2,0,0.0,2.0,8.0,1.0,B01
201300037315,0,7,0,0.0,2.0,2.0,14.0,A01
201300037316,0,7,0,0.0,1.0,1.0,1.0,A01
201300037317,0,7,0,0.0,1.0,3.0,17.0,A01
201300037318,0,2,0,0.0,1.0,3.0,17.0,A01
201300037319,0,15,0,0.0,2.0,4.0,2.0,B01
201300037319,0,10,0,0.0,2.0,4.0,2.0,C01
201300037319,0,15,0,0.0,2.0,1.0,2.0,A01
201300037319,0,7,0,0.0,2.0,4.0,2.0,D01
201300037320,0,7,0,0.0,2.0,1.0,2.0,A01
201300037320,0,7,0,0.0,2.0,4.0,23.0,B01
201300037321,0,1,0,0.0,0.0,1.0,1.0,B01
201300037321,0,7,0,0.0,0.0,0.0,15.0,A01
201300037322,0,1,0,0.0,2.0,1.0,1.0,B01
201300037322,1,7,0,0.0,2.0,3.0,15.0,Z01
201300037323,0,7,0,1.0,0.0,2.0,0.0,A01
201300037324,0,7,0,0.0,2.0,4.0,2.0,B01
201300037324,0,7,0,0.0,2.0,4.0,2.0,C01
201300037324,0,7,0,0.0,2.0,1.0,2.0,A01
201300037325,0,7,0,0.0,2.0,6.0,15.0,B01
201300037325,0,33,0,0.0,2.0,1.0,17.0,A01
201300037326,0,7,0,0.0,2.0,4.0,2.0,D01
201300037326,0,7,0,0.0,2.0,1.0,2.0,A01
201300037326,0,7,0,0.0,2.0,4.0,2.0,B01
201300037326,0,7,0,0.0,2.0,4.0,2.0,C01
201300037327,0,7,0,0.0,1.0,2.0,1.0,A01
201300037328,0,7,0,0.0,2.0,7.0,1.0,A01
201300037328,0,2,0,0.0,2.0,1.0,1.0,B01
201300037329,0,7,0,0.0,2.0,2.0,15.0,A01
201300037329,0,7,0,0.0,2.0,2.0,1.0,B01
201300037330,0,7,0,0.0,1.0,2.0,21.0,A01
201300037331,0,7,0,0.0,2.0,3.0,9.0,A01
201300037331,0,2,0,0.0,2.0,7.0,1.0,B01
201300037332,0,7,0,0.0,2.0,4.0,2.0,B01
201300037332,1,7,0,0.0,2.0,1.0,2.0,Z01
201300037333,0,33,0,0.0,2.0,1.0,1.0,B01
201300037333,0,7,0,0.0,2.0,3.0,15.0,A01
201300037334,0,1,0,0.0,0.0,0.0,14.0,A01
201300037335,0,10,0,0.0,1.0,3.0,1.0,A01
201300037336,0,2,0,0.0,2.0,1.0,1.0,B01
201300037336,0,7,0,0.0,2.0,8.0,10.0,A01
201300037337,0,7,0,0.0,0.0,1.0,1.0,A01
201300037338,0,2,0,0.0,2.0,1.0,1.0,A01
201300037338,0,7,0,0.0,2.0,3.0,1.0,B01
201300037339,0,7,0,0.0,2.0,3.0,9.0,A01
201300037339,0,7,0,0.0,2.0,3.0,1.0,B01
201300037340,0,7,0,0.0,1.0,2.0,16.0,A01
201300037341,0,7,0,0.0,2.0,3.0,1.0,B01
201300037341,0,7,0,0.0,2.0,3.0,13.0,A01
201300037342,0,31,0,0.0,2.0,1.0,2.0,A01
201300037342,0,7,0,0.0,2.0,4.0,23.0,B01
201300037343,0,33,0,0.0,0.0,8.0,0.0,A01
201300037344,0,7,0,0.0,1.0,3.0,1.0,A01
201300037345,0,7,0,0.0,2.0,2.0,15.0,A01
201300037345,0,7,0,0.0,2.0,1.0,1.0,B01
201300037346,0,2,0,0.0,2.0,7.0,1.0,A01
201300037346,0,7,0,0.0,2.0,1.0,1.0,B01
201300037347,0,7,0,2.0,0.0,1.0,21.0,A01
201300037348,0,7,0,0.0,1.0,6.0,4.0,A01
201300037349,0,32,0,0.0,2.0,8.0,15.0,B01
201300037349,0,7,0,0.0,2.0,3.0,15.0,A01
201300037350,0,10,0,0.0,1.0,4.0,4.0,A01
201300037351,0,33,0,1.0,0.0,1.0,1.0,A01
201300037352,0,7,0,0.0,2.0,6.0,15.0,B01
201300037352,0,2,0,0.0,2.0,1.0,2.0,A01
201300037353,0,7,0,0.0,2.0,3.0,9.0,A01
201300037353,0,7,0,0.0,2.0,2.0,1.0,B01
201300037354,0,37,10,0.0,1.0,2.0,1.0,A01
201300037355,0,7,0,0.0,2.0,6.0,1.0,A01
201300037355,0,2,0,0.0,2.0,1.0,16.0,B01
201300037356,0,7,0,0.0,0.0,3.0,1.0,A01
201300037357,0,7,0,0.0,1.0,3.0,1.0,A01
201300037358,0,7,0,0.0,2.0,1.0,9.0,A01
201300037358,0,1,0,0.0,2.0,1.0,1.0,B01
201300037359,0,7,0,0.0,2.0,3.0,1.0,B01
201300037359,0,1,0,0.0,2.0,1.0,5.0,A01
201300037360,0,7,0,0.0,2.0,3.0,9.0,A01
201300037360,0,10,0,0.0,2.0,1.0,1.0,B01
201300037361,0,7,0,0.0,2.0,1.0,13.0,A01
201300037361,0,10,0,0.0,2.0,3.0,1.0,B01
201300037362,0,7,0,0.0,1.0,2.0,1.0,A01
201300037363,0,7,0,0.0,1.0,3.0,1.0,A01
201300037364,1,99,0,0.0,0.0,0.0,0.0,Z01
201300037364,0,30,0,0.0,2.0,4.0,1.0,A01
201300037365,0,30,0,0.0,2.0,1.0,1.0,A01
201300037365,0,30,0,0.0,2.0,4.0,2.0,B01
201300037366,0,7,0,0.0,1.0,1.0,9.0,A01
201300037367,0,2,0,0.0,2.0,1.0,1.0,B01
201300037367,0,7,0,0.0,2.0,1.0,9.0,A01
201300037368,0,7,0,0.0,1.0,7.0,1.0,A01
201300037369,0,37,1,0.0,1.0,7.0,1.0,A01
201300037370,0,7,0,4.0,0.0,1.0,1.0,A01
201300037371,0,2,0,0.0,2.0,1.0,1.0,B01
201300037371,0,7,0,0.0,2.0,2.0,9.0,A01
201300037372,0,7,0,0.0,2.0,4.0,23.0,C01
201300037372,0,7,0,0.0,2.0,1.0,2.0,A01
201300037372,0,7,0,0.0,2.0,4.0,23.0,B01
201300037373,0,7,0,0.0,1.0,1.0,1.0,A01
201300037374,0,7,0,0.0,2.0,1.0,1.0,B01
201300037374,0,7,0,0.0,2.0,2.0,15.0,A01
201300037375,0,7,0,0.0,2.0,2.0,1.0,B01
201300037375,0,7,0,0.0,2.0,6.0,11.0,A01
201300037376,0,7,0,0.0,2.0,4.0,2.0,B01
201300037376,0,7,0,0.0,2.0,1.0,2.0,A01
201300037377,0,7,0,0.0,2.0,2.0,1.0,A01
201300037377,0,30,0,0.0,2.0,1.0,1.0,B01
201300037378,0,7,0,0.0,2.0,8.0,9.0,A01
201300037378,0,7,0,0.0,2.0,1.0,1.0,B01
201300037379,0,7,0,0.0,2.0,2.0,11.0,A01
201300037379,0,7,0,0.0,2.0,3.0,1.0,B01
201300037380,0,7,0,0.0,2.0,3.0,1.0,B01
201300037380,0,7,0,0.0,2.0,3.0,5.0,A01
201300037381,0,1,0,0.0,2.0,1.0,1.0,B01
201300037381,0,7,0,0.0,2.0,2.0,15.0,A01
201300037382,0,7,0,0.0,1.0,7.0,15.0,A01
201300037383,0,7,0,0.0,1.0,1.0,1.0,A01
201300037384,0,33,0,0.0,2.0,1.0,2.0,A01
201300037384,0,7,0,0.0,2.0,4.0,15.0,B01
201300037385,0,3,0,12.0,0.0,1.0,1.0,A01
201300037386,0,7,0,0.0,2.0,8.0,9.0,A01
201300037386,0,7,0,0.0,2.0,1.0,1.0,B01
201300037387,0,2,0,0.0,0.0,1.0,1.0,A01
201300037388,0,7,0,0.0,2.0,1.0,1.0,B01
201300037388,0,7,0,0.0,2.0,8.0,9.0,A01
201300037389,0,30,0,0.0,1.0,1.0,1.0,A01
201300037390,0,7,0,0.0,2.0,1.0,2.0,A01
201300037390,0,7,0,0.0,2.0,4.0,23.0,B01
201300037391,0,7,0,0.0,1.0,2.0,1.0,A01
201300037392,0,7,0,0.0,1.0,2.0,1.0,A01
201300037393,0,7,0,0.0,2.0,8.0,0.0,A01
201300037393,0,10,0,0.0,2.0,2.0,1.0,B01
201300037394,0,1,0,0.0,0.0,0.0,16.0,A01
201300037395,0,2,0,0.0,2.0,1.0,1.0,B01
201300037395,0,7,0,0.0,2.0,3.0,9.0,A01
201300037396,0,30,0,0.0,2.0,1.0,2.0,A01
201300037396,0,7,0,0.0,2.0,6.0,2.0,B01
201300037397,0,7,0,0.0,2.0,8.0,10.0,A01
201300037397,0,33,0,0.0,2.0,1.0,1.0,B01
201300037398,0,7,0,0.0,2.0,3.0,9.0,A01
201300037398,0,7,0,0.0,2.0,6.0,1.0,B01
201300037399,0,7,0,0.0,2.0,4.0,2.0,B01
201300037399,0,2,0,0.0,2.0,1.0,2.0,A01
201300037400,0,10,0,13.0,0.0,2.0,1.0,A01
201300037401,0,7,0,0.0,2.0,5.0,1.0,B01
201300037401,0,7,0,0.0,2.0,4.0,1.0,F02
201300037401,0,7,0,0.0,2.0,4.0,1.0,C01
201300037401,0,10,0,0.0,2.0,3.0,2.0,D01
201300037401,0,7,0,0.0,2.0,3.0,2.0,A01
201300037401,0,7,0,0.0,2.0,4.0,1.0,E01
201300037402,0,7,0,0.0,1.0,4.0,4.0,A01
201300037403,0,30,0,0.0,2.0,1.0,2.0,A01
201300037403,0,7,0,0.0,2.0,4.0,23.0,B01
201300037404,0,7,0,0.0,1.0,2.0,1.0,A01
201300037405,0,33,0,8.0,0.0,2.0,1.0,A01
201300037406,0,7,0,0.0,2.0,3.0,1.0,B01
201300037406,0,7,0,8.0,0.0,2.0,1.0,A01
201300037407,0,7,0,0.0,2.0,1.0,5.0,A01
201300037407,0,7,0,0.0,2.0,1.0,1.0,B01
201300037408,0,7,0,0.0,2.0,3.0,1.0,C01
201300037408,0,7,0,0.0,2.0,7.0,2.0,B01
201300037408,0,2,0,0.0,2.0,1.0,16.0,A01
201300037409,0,7,0,8.0,0.0,7.0,1.0,A01
201300037410,0,7,0,0.0,2.0,1.0,2.0,A01
201300037410,0,7,0,0.0,2.0,4.0,2.0,B01
201300037410,0,7,0,0.0,2.0,4.0,2.0,C01
201300037411,0,33,0,0.0,2.0,1.0,1.0,B01
201300037411,0,7,0,0.0,2.0,3.0,9.0,A01
201300037412,0,7,0,0.0,2.0,1.0,1.0,A01
201300037412,0,7,0,0.0,2.0,4.0,23.0,B01
201300037413,0,7,0,6.0,0.0,3.0,1.0,A01
201300037414,0,7,0,0.0,1.0,3.0,1.0,A01
201300037415,0,7,0,13.0,0.0,2.0,16.0,A01
201300037416,0,7,0,16.0,0.0,1.0,14.0,A01
201300037417,0,3,0,0.0,2.0,2.0,15.0,A01
201300037417,0,7,0,0.0,2.0,3.0,2.0,B01
201300037418,0,7,0,0.0,1.0,2.0,1.0,A01
201300037419,0,7,0,0.0,1.0,7.0,4.0,A01
201300037420,0,7,0,0.0,1.0,7.0,1.0,A01
201300037421,0,7,0,0.0,2.0,1.0,13.0,A01
201300037421,0,7,0,0.0,2.0,1.0,1.0,B01
201300037422,0,33,0,1.0,0.0,1.0,1.0,A01
201300037423,0,7,0,0.0,2.0,2.0,1.0,A01
201300037423,0,1,0,0.0,2.0,1.0,1.0,B01
201300037424,0,31,0,0.0,0.0,8.0,1.0,A02
201300037424,0,7,0,,2.0,8.0,,B02
201300037425,0,7,0,0.0,2.0,1.0,1.0,B01
201300037425,0,7,0,0.0,9.0,1.0,9.0,C01
201300037425,0,2,0,0.0,2.0,1.0,9.0,A01
201300037426,0,7,0,0.0,1.0,3.0,2.0,A01
201300037427,0,7,0,2.0,0.0,1.0,1.0,A01
201300037428,0,7,0,0.0,1.0,2.0,1.0,A01
201300037429,0,7,0,0.0,2.0,3.0,15.0,A01
201300037429,0,1,0,0.0,2.0,1.0,1.0,B01
201300037430,0,7,0,0.0,1.0,2.0,1.0,A01
201300037431,0,33,0,0.0,2.0,1.0,2.0,A01
201300037431,0,7,0,0.0,0.0,4.0,2.0,B01
201300037432,0,7,0,0.0,1.0,3.0,15.0,A01
201300037433,0,1,0,0.0,1.0,1.0,1.0,A01
201300037434,0,7,0,0.0,1.0,4.0,4.0,A01
201300037435,0,33,0,0.0,0.0,8.0,0.0,A01
201300037436,0,7,0,0.0,1.0,1.0,1.0,A01
201300037437,0,7,0,0.0,1.0,1.0,1.0,A01
201300037438,0,7,0,0.0,2.0,6.0,1.0,A01
201300037438,0,1,0,0.0,2.0,1.0,9.0,B01
201300037439,0,7,0,8.0,0.0,3.0,1.0,A01
201300037440,0,7,0,0.0,1.0,1.0,15.0,A01
201300037441,0,7,0,0.0,1.0,3.0,1.0,A01
201300037442,0,7,0,0.0,1.0,1.0,9.0,A01
201300037443,0,7,0,0.0,2.0,7.0,15.0,A01
201300037443,0,7,0,0.0,2.0,1.0,1.0,B01
201300037444,0,15,0,0.0,1.0,2.0,1.0,A01
201300037445,0,7,0,0.0,2.0,1.0,1.0,B01
201300037445,0,7,0,0.0,2.0,1.0,1.0,C01
201300037445,0,7,0,0.0,2.0,1.0,5.0,A01
201300037445,0,7,0,0.0,2.0,1.0,11.0,D01
201300037446,0,17,0,0.0,2.0,1.0,1.0,B01
201300037446,0,7,0,0.0,2.0,8.0,15.0,A01
201300037447,0,1,0,0.0,0.0,6.0,2.0,B01
201300037447,0,33,0,0.0,2.0,2.0,2.0,A01
201300037448,0,7,0,15.0,0.0,3.0,1.0,A01
201300037449,0,7,0,0.0,1.0,4.0,4.0,A01
201300037450,0,7,0,0.0,2.0,1.0,16.0,A01
201300037450,0,1,0,0.0,2.0,2.0,0.0,B01
201300037451,0,7,0,0.0,2.0,1.0,1.0,A01
201300037451,0,10,0,0.0,2.0,1.0,1.0,B02
201300037452,0,38,1,0.0,1.0,1.0,1.0,A01
201300037453,0,7,0,13.0,0.0,9.0,1.0,A01
201300037454,0,7,0,0.0,9.0,4.0,4.0,A01
201300037454,0,1,0,0.0,2.0,1.0,1.0,B01
201300037455,0,7,0,0.0,0.0,1.0,0.0,B01
201300037455,0,7,0,0.0,0.0,4.0,23.0,A01
201300037456,0,7,0,15.0,0.0,2.0,1.0,A01
201300037457,0,7,0,6.0,0.0,1.0,1.0,A01
201300037458,0,7,0,0.0,2.0,3.0,13.0,A01
201300037458,0,7,0,0.0,2.0,3.0,1.0,B01
201300037459,0,2,0,9.0,0.0,1.0,14.0,A01
201300037460,0,2,0,0.0,2.0,1.0,13.0,A01
201300037460,0,7,0,0.0,2.0,1.0,1.0,B01
201300037461,0,17,0,0.0,2.0,8.0,15.0,A01
201300037461,0,7,0,0.0,2.0,1.0,1.0,B01
201300037462,0,31,0,13.0,0.0,1.0,1.0,A01
201300037463,0,33,0,11.0,0.0,1.0,1.0,A01
201300037464,0,33,0,3.0,2.0,1.0,13.0,A01
201300037464,0,7,0,0.0,2.0,8.0,1.0,B01
201300037465,0,7,0,0.0,2.0,8.0,10.0,A01
201300037465,0,33,0,0.0,2.0,1.0,1.0,B01
201300037466,0,7,0,4.0,0.0,3.0,1.0,A01
201300037467,0,7,0,0.0,1.0,1.0,16.0,A01
201300037468,0,7,0,13.0,0.0,9.0,14.0,A01
201300037469,0,7,0,0.0,2.0,2.0,15.0,A01
201300037469,0,2,0,0.0,2.0,1.0,1.0,B01
201300037470,0,7,0,0.0,1.0,2.0,15.0,A01
201300037471,0,7,0,0.0,1.0,2.0,1.0,A01
201300037472,0,2,0,0.0,2.0,1.0,1.0,B01
201300037472,0,7,0,0.0,2.0,1.0,15.0,A01
201300037473,0,7,0,0.0,1.0,1.0,0.0,A01
201300037474,0,3,0,0.0,1.0,4.0,4.0,A01
201300037475,0,7,0,0.0,1.0,3.0,0.0,A01
201300037475,0,7,0,0.0,1.0,2.0,0.0,B01
201300037476,0,7,0,0.0,2.0,8.0,10.0,A01
201300037476,0,30,0,0.0,2.0,1.0,1.0,B01
201300037477,0,7,0,12.0,2.0,2.0,1.0,B01
201300037477,0,1,0,0.0,2.0,1.0,0.0,A01
201300037478,0,30,0,0.0,2.0,1.0,1.0,A01
201300037478,0,7,0,0.0,2.0,8.0,1.0,B01
201300037479,0,7,0,0.0,2.0,8.0,15.0,A01
201300037479,0,33,0,0.0,2.0,1.0,17.0,B01
201300037480,0,7,0,0.0,2.0,1.0,0.0,A01
201300037480,0,30,0,0.0,2.0,1.0,0.0,B01
201300037481,0,33,0,0.0,2.0,1.0,1.0,A01
201300037481,0,7,0,0.0,2.0,4.0,1.0,B01
201300037482,0,30,0,0.0,2.0,1.0,13.0,A01
201300037482,0,7,0,0.0,2.0,1.0,0.0,B01
201300037483,0,33,0,6.0,0.0,1.0,1.0,A01
201300037484,0,2,0,0.0,1.0,1.0,0.0,A01
201300037485,0,33,0,0.0,2.0,1.0,0.0,B01
201300037485,0,7,0,0.0,2.0,6.0,15.0,A01
201300037486,0,17,0,3.0,2.0,3.0,1.0,A01
201300037486,0,7,0,0.0,2.0,8.0,1.0,B01
201300037487,0,7,0,0.0,2.0,1.0,15.0,A01
201300037487,0,33,0,0.0,2.0,1.0,1.0,B01
201300037488,0,7,0,0.0,1.0,2.0,1.0,A01
201300037489,0,7,0,0.0,1.0,4.0,20.0,A01
201300037490,0,7,0,0.0,1.0,2.0,16.0,A01
201300037491,0,7,0,0.0,1.0,3.0,1.0,A01
201300037492,0,3,0,0.0,1.0,1.0,1.0,A01
201300037493,0,7,0,0.0,1.0,1.0,1.0,A01
201300037494,0,7,0,0.0,1.0,1.0,14.0,A01
201300037495,0,31,0,1.0,0.0,1.0,1.0,A01
201300037496,0,7,0,0.0,2.0,0.0,15.0,A01
201300037496,0,7,0,0.0,2.0,0.0,1.0,B01
201300037497,0,2,0,0.0,2.0,1.0,1.0,A01
201300037497,0,7,0,0.0,2.0,2.0,1.0,B01
201300037498,0,33,0,0.0,2.0,1.0,1.0,A01
201300037498,0,7,0,0.0,2.0,4.0,1.0,B01
201300037499,0,7,0,0.0,1.0,4.0,4.0,A01
201300037500,0,10,0,0.0,1.0,2.0,1.0,A01
201300037501,0,1,0,0.0,2.0,1.0,1.0,A01
201300037501,0,7,0,0.0,2.0,2.0,1.0,B01
201300037502,0,7,0,0.0,2.0,1.0,16.0,A01
201300037502,0,1,0,0.0,2.0,8.0,1.0,B01
201300037503,0,7,0,0.0,2.0,3.0,10.0,A01
201300037503,0,33,0,0.0,2.0,1.0,1.0,B01
201300037504,0,37,1,0.0,1.0,5.0,16.0,A01
201300037505,0,30,0,1.0,0.0,1.0,0.0,A01
201300037506,0,7,0,0.0,2.0,2.0,17.0,A01
201300037506,0,31,0,0.0,2.0,1.0,1.0,B01
201300037507,0,7,0,0.0,2.0,1.0,1.0,A01
201300037507,0,1,0,0.0,2.0,1.0,1.0,B01
201300037508,0,7,0,0.0,2.0,2.0,1.0,B01
201300037508,0,1,0,0.0,2.0,3.0,16.0,A01
201300037509,0,7,0,1.0,0.0,0.0,1.0,A01
201300037510,0,33,0,0.0,2.0,1.0,2.0,A01
201300037510,0,7,0,0.0,2.0,8.0,20.0,B01
201300037511,0,7,0,8.0,0.0,2.0,14.0,A01
201300037512,0,2,0,1.0,0.0,1.0,1.0,A01
201300037513,0,7,0,0.0,2.0,1.0,2.0,A01
201300037513,0,7,0,0.0,2.0,4.0,23.0,B01
201300037514,0,7,0,0.0,2.0,1.0,19.0,A01
201300037514,0,7,0,0.0,2.0,2.0,15.0,B01
201300037515,0,7,0,0.0,2.0,1.0,19.0,B01
201300037515,0,3,0,0.0,2.0,5.0,19.0,A01
201300037516,0,7,0,13.0,0.0,2.0,1.0,A01
201300037517,0,7,0,0.0,2.0,1.0,0.0,A01
201300037517,0,7,0,0.0,2.0,1.0,0.0,B01
201300037518,0,7,0,0.0,2.0,2.0,1.0,A01
201300037518,0,7,0,0.0,0.0,5.0,1.0,B01
201300037518,0,30,0,0.0,2.0,9.0,1.0,C01
201300037519,0,7,0,0.0,2.0,6.0,10.0,A01
201300037519,0,2,0,0.0,2.0,1.0,1.0,B01
201300037520,0,7,0,0.0,0.0,7.0,0.0,A01
201300037520,0,7,0,0.0,2.0,1.0,1.0,B01
201300037521,0,7,0,0.0,2.0,1.0,1.0,A01
201300037521,1,99,0,,0.0,0.0,,B01
201300037522,0,7,0,0.0,2.0,1.0,1.0,A01
201300037522,0,7,0,0.0,0.0,4.0,23.0,B01
201300037523,0,7,0,0.0,0.0,4.0,2.0,A01
201300037523,0,7,0,0.0,2.0,1.0,2.0,B01
201300037523,0,7,0,0.0,2.0,1.0,2.0,C01
201300037524,0,7,0,0.0,2.0,4.0,23.0,B01
201300037524,0,7,0,0.0,2.0,1.0,1.0,A01
201300037525,0,10,0,0.0,2.0,2.0,1.0,A01
201300037525,0,7,0,0.0,2.0,1.0,1.0,B01
201300037526,0,7,0,0.0,1.0,8.0,15.0,A01
201300037527,0,13,0,0.0,2.0,1.0,2.0,A01
201300037527,0,7,0,0.0,0.0,4.0,2.0,B01
201300037528,0,14,0,0.0,1.0,2.0,0.0,A01
201300037529,0,7,0,0.0,1.0,1.0,1.0,A01
201300037530,0,7,0,0.0,2.0,1.0,0.0,A01
201300037530,0,7,0,0.0,2.0,0.0,2.0,C01
201300037530,0,7,0,0.0,2.0,9.0,2.0,B01
201300037531,0,7,0,0.0,2.0,1.0,5.0,A01
201300037531,0,7,0,0.0,2.0,1.0,1.0,B01
201300037532,1,7,0,0.0,2.0,0.0,15.0,B01
201300037532,0,7,0,0.0,2.0,3.0,1.0,A01
201300037533,0,7,0,13.0,0.0,2.0,1.0,A01
201300037534,0,7,0,0.0,2.0,1.0,0.0,B01
201300037534,0,7,0,0.0,2.0,1.0,1.0,A01
201300037535,0,7,0,0.0,1.0,1.0,15.0,A01
201300037536,0,7,0,0.0,2.0,1.0,0.0,B01
201300037536,0,7,0,0.0,2.0,2.0,13.0,A01
201300037537,1,99,0,0.0,1.0,2.0,0.0,A01
201300037538,0,7,0,2.0,0.0,1.0,13.0,A01
201300037539,0,7,0,0.0,2.0,0.0,0.0,B01
201300037539,0,7,0,0.0,2.0,0.0,0.0,A01
201300037540,0,7,0,0.0,2.0,1.0,2.0,A01
201300037540,0,32,0,0.0,0.0,4.0,2.0,B01
201300037541,0,1,0,0.0,2.0,1.0,2.0,A01
201300037541,0,7,0,0.0,2.0,4.0,2.0,B01
201300037542,0,7,0,0.0,2.0,7.0,1.0,A01
201300037542,0,7,0,0.0,2.0,1.0,1.0,B01
201300037543,0,7,0,1.0,0.0,2.0,0.0,A01
201300037544,0,7,0,0.0,2.0,3.0,0.0,A01
201300037544,0,7,0,0.0,2.0,5.0,1.0,B01
201300037545,0,7,0,0.0,2.0,1.0,0.0,B01
201300037545,0,7,0,0.0,2.0,1.0,6.0,A01
201300037546,0,7,0,0.0,1.0,0.0,0.0,A01
201300037547,0,7,0,0.0,1.0,2.0,0.0,A01
201300037548,0,7,0,0.0,2.0,1.0,16.0,A01
201300037548,0,7,0,0.0,2.0,6.0,0.0,B01
201300037549,0,7,0,0.0,2.0,1.0,1.0,A01
201300037549,0,7,0,0.0,0.0,4.0,1.0,B01
201300037550,0,30,0,0.0,0.0,1.0,0.0,A01
201300037551,0,33,0,0.0,2.0,1.0,1.0,A01
201300037551,0,7,0,0.0,0.0,6.0,1.0,B01
201300037552,0,1,0,0.0,2.0,8.0,15.0,B01
201300037552,0,33,0,0.0,9.0,1.0,1.0,A01
201300037553,0,7,0,0.0,1.0,1.0,14.0,A01
201300037554,0,7,0,6.0,0.0,1.0,0.0,A01
201300037555,0,7,0,0.0,1.0,2.0,1.0,A01
201300037556,0,7,0,0.0,9.0,3.0,15.0,A01
201300037556,0,33,0,0.0,2.0,7.0,2.0,B01
201300037557,0,7,0,0.0,2.0,2.0,0.0,A01
201300037557,0,7,0,0.0,2.0,1.0,0.0,B01
201300037558,0,7,0,0.0,2.0,4.0,1.0,A01
201300037558,0,7,0,0.0,2.0,1.0,2.0,B01
201300037559,0,7,0,0.0,2.0,2.0,12.0,A01
201300037559,0,7,0,0.0,2.0,3.0,1.0,B01
201300037560,0,7,0,0.0,1.0,4.0,9.0,A01
201300037561,0,1,0,8.0,0.0,0.0,0.0,A01
201300037562,0,7,0,0.0,2.0,1.0,0.0,A01
201300037562,0,7,0,0.0,2.0,0.0,0.0,B01
201300037563,0,7,0,0.0,0.0,9.0,0.0,A01
201300037564,0,2,0,0.0,0.0,0.0,0.0,A01
201300037565,0,7,0,0.0,0.0,0.0,0.0,A01
201300037566,0,33,0,1.0,0.0,0.0,0.0,A01
201300037567,0,2,0,0.0,0.0,1.0,0.0,A01
201300037568,0,7,0,0.0,2.0,1.0,2.0,A01
201300037568,0,7,0,0.0,0.0,4.0,23.0,B01
201300037569,0,7,0,0.0,2.0,2.0,0.0,A01
201300037569,0,7,0,0.0,2.0,8.0,0.0,B01
201300037570,0,7,0,0.0,2.0,3.0,15.0,A01
201300037570,0,1,0,0.0,2.0,1.0,0.0,B01
201300037571,0,7,0,0.0,2.0,1.0,9.0,A01
201300037571,0,7,0,0.0,2.0,1.0,0.0,B01
201300037572,0,7,0,0.0,0.0,1.0,0.0,A01
201300037573,0,33,0,0.0,2.0,1.0,1.0,A01
201300037573,0,7,0,0.0,2.0,7.0,10.0,B01
201300037574,0,2,0,0.0,0.0,0.0,0.0,A01
201300037575,0,3,0,16.0,0.0,0.0,20.0,A01
201300037576,0,7,0,0.0,2.0,3.0,0.0,A01
201300037576,0,33,0,0.0,2.0,1.0,0.0,B01
201300037577,0,7,0,0.0,2.0,1.0,15.0,A01
201300037577,0,1,0,0.0,2.0,7.0,19.0,B01
201300037578,0,7,0,0.0,0.0,7.0,1.0,A01
201300037579,0,7,0,0.0,2.0,7.0,11.0,A01
201300037579,0,7,0,0.0,2.0,1.0,1.0,B01
201300037580,0,7,0,0.0,9.0,2.0,15.0,A01
201300037580,0,1,0,0.0,2.0,1.0,1.0,B01
201300037581,0,7,0,0.0,2.0,1.0,9.0,A01
201300037581,0,7,0,14.0,2.0,2.0,1.0,B01
201300037582,0,1,0,0.0,1.0,8.0,0.0,A01
201300037583,0,7,0,0.0,2.0,4.0,4.0,A01
201300037583,0,7,0,0.0,2.0,7.0,0.0,B01
201300037584,0,33,0,0.0,2.0,1.0,1.0,B01
201300037584,0,7,0,0.0,2.0,0.0,1.0,A01
201300037585,0,33,0,0.0,2.0,6.0,0.0,B01
201300037585,0,7,0,0.0,2.0,3.0,15.0,A01
201300037586,1,31,0,2.0,0.0,1.0,0.0,A01
201300037587,0,31,0,0.0,2.0,7.0,17.0,A01
201300037587,0,13,0,0.0,2.0,8.0,15.0,B01
201300037588,0,7,0,0.0,1.0,2.0,16.0,A01
201300037589,0,7,0,0.0,1.0,1.0,0.0,A01
201300037590,0,1,0,0.0,0.0,0.0,9.0,B01
201300037590,0,7,0,0.0,9.0,1.0,9.0,A01
201300037591,0,7,0,0.0,1.0,8.0,4.0,A01
201300037592,1,99,0,0.0,0.0,0.0,0.0,B01
201300037592,0,30,0,0.0,0.0,8.0,0.0,A01
201300037593,0,31,0,0.0,2.0,1.0,1.0,A01