Num_Acc,senc,catv,occutc,obs,obsm,choc,manv,num_veh
201300037593,0,7,0,0.0,2.0,4.0,1.0,B01
201300037594,1,99,0,0.0,1.0,0.0,0.0,A01
201300037595,0,7,0,0.0,1.0,6.0,4.0,A01
201300037596,0,7,0,0.0,2.0,1.0,0.0,A01
201300037596,0,7,0,0.0,2.0,3.0,0.0,B01
201300037597,0,1,0,0.0,2.0,2.0,0.0,B01
201300037597,0,7,0,0.0,2.0,8.0,0.0,A01
201300037598,0,7,0,0.0,2.0,8.0,9.0,A01
201300037598,0,33,0,0.0,2.0,1.0,1.0,B01
201300037599,0,33,0,0.0,2.0,7.0,0.0,B01
201300037599,0,7,0,0.0,2.0,0.0,11.0,A01
201300037600,0,7,0,0.0,2.0,1.0,1.0,C01
201300037600,0,7,0,0.0,2.0,3.0,13.0,A01
201300037600,0,7,0,0.0,2.0,6.0,1.0,B01
201300037601,0,7,0,6.0,0.0,2.0,16.0,A01
201300037602,0,7,0,0.0,2.0,2.0,1.0,B01
201300037602,0,7,0,0.0,2.0,2.0,0.0,A01
201300037603,0,33,0,0.0,0.0,8.0,21.0,A01
201300037604,0,7,0,0.0,2.0,8.0,0.0,B01
201300037604,0,7,0,0.0,2.0,2.0,15.0,A01
201300037605,0,7,0,0.0,2.0,7.0,1.0,B01
201300037606,0,7,0,0.0,0.0,3.0,0.0,A01
201300037606,0,7,0,0.0,2.0,1.0,0.0,B01
201300037607,0,7,0,0.0,2.0,3.0,1.0,B01
201300037607,0,7,0,0.0,2.0,2.0,15.0,A01
201300037607,0,7,0,0.0,2.0,8.0,23.0,C01
201300037608,0,7,0,0.0,2.0,1.0,0.0,A01
201300037608,0,7,0,0.0,2.0,4.0,0.0,B01
201300037609,0,2,0,0.0,2.0,1.0,9.0,A01
201300037609,0,7,0,0.0,2.0,5.0,9.0,B01
201300037610,0,7,0,0.0,2.0,1.0,1.0,A01
201300037610,0,7,0,0.0,2.0,4.0,2.0,B01
201300037611,0,7,0,0.0,2.0,4.0,23.0,B01
201300037611,0,7,0,14.0,0.0,1.0,2.0,A01
201300037612,0,7,0,0.0,2.0,3.0,0.0,B01
201300037612,0,7,0,0.0,2.0,1.0,0.0,A01
201300037613,0,33,0,0.0,2.0,1.0,2.0,A01
201300037613,0,37,2,0.0,2.0,4.0,2.0,B01
201300037614,0,1,0,0.0,2.0,0.0,0.0,A01
201300037615,0,7,0,0.0,2.0,1.0,0.0,A01
201300037615,1,35,0,0.0,2.0,1.0,1.0,B01
201300037616,0,7,0,0.0,2.0,1.0,2.0,A01
201300037616,0,7,0,0.0,2.0,4.0,2.0,B01
201300037616,0,7,0,0.0,2.0,4.0,2.0,C01
201300037617,2,7,0,8.0,2.0,1.0,2.0,A01
201300037617,0,7,0,0.0,2.0,4.0,1.0,B01
201300037618,0,7,0,0.0,2.0,4.0,2.0,B01
201300037618,0,7,0,0.0,2.0,1.0,2.0,A01
201300037619,1,99,0,0.0,1.0,2.0,0.0,A01
201300037620,0,7,0,0.0,1.0,1.0,1.0,A01
201300037621,0,7,0,0.0,1.0,1.0,0.0,A01
201300037622,0,7,0,0.0,2.0,3.0,15.0,B01
201300037622,0,31,0,0.0,2.0,1.0,17.0,A01
201300037623,0,7,0,0.0,2.0,3.0,5.0,A01
201300037623,0,7,0,0.0,2.0,3.0,1.0,B01
201300037624,0,13,0,0.0,2.0,6.0,2.0,B01
201300037624,0,7,0,0.0,2.0,2.0,2.0,A01
201300037625,0,30,0,0.0,0.0,0.0,0.0,A01
201300037626,0,7,0,0.0,2.0,1.0,9.0,A01
201300037626,0,7,0,0.0,0.0,5.0,0.0,B01
201300037627,0,7,0,0.0,1.0,3.0,0.0,A01
201300037628,0,7,0,0.0,2.0,3.0,11.0,B01
201300037628,0,31,0,0.0,2.0,9.0,0.0,A01
201300037629,0,33,0,0.0,2.0,7.0,0.0,B01
201300037629,0,7,0,0.0,2.0,3.0,11.0,A01
201300037630,0,7,0,0.0,1.0,7.0,0.0,A01
201300037631,0,32,0,0.0,2.0,1.0,2.0,A01
201300037631,0,7,0,0.0,2.0,4.0,2.0,B01
201300037632,0,7,0,0.0,0.0,1.0,0.0,A01
201300037633,0,7,0,0.0,2.0,7.0,1.0,B01
201300037633,1,7,0,0.0,2.0,1.0,0.0,A01
201300037634,0,7,0,0.0,2.0,3.0,1.0,B01
201300037634,0,7,0,0.0,2.0,2.0,14.0,A01
201300037635,0,7,0,0.0,2.0,3.0,2.0,A01
201300037635,0,2,0,0.0,2.0,4.0,2.0,B01
201300037636,0,33,0,0.0,2.0,1.0,1.0,B01
201300037636,0,7,0,0.0,2.0,3.0,0.0,A01
201300037637,0,7,0,0.0,1.0,7.0,1.0,A01
201300037638,0,7,0,0.0,1.0,2.0,19.0,A01
201300037639,0,1,0,0.0,2.0,1.0,15.0,B01
201300037639,0,7,0,0.0,2.0,1.0,1.0,A01
201300037640,0,7,0,0.0,0.0,3.0,1.0,A01
201300037640,0,10,0,0.0,0.0,2.0,0.0,B01
201300037641,0,37,1,0.0,9.0,0.0,0.0,A01
201300037641,0,1,0,0.0,2.0,1.0,0.0,B01
201300037642,0,7,0,8.0,0.0,1.0,15.0,A01
201300037643,0,7,0,0.0,2.0,1.0,0.0,B01
201300037643,0,7,0,0.0,2.0,1.0,0.0,A01
201300037643,0,7,0,0.0,2.0,4.0,23.0,C01
201300037644,0,7,0,0.0,0.0,1.0,2.0,A01
201300037644,0,7,0,0.0,0.0,4.0,2.0,B01
201300037645,0,1,0,0.0,2.0,1.0,0.0,A01
201300037645,0,7,0,0.0,2.0,7.0,0.0,B01
201300037646,0,7,0,9.0,0.0,2.0,0.0,A01
201300037647,0,33,0,0.0,2.0,7.0,1.0,A01
201300037647,0,7,0,0.0,2.0,2.0,15.0,B01
201300037648,0,7,0,0.0,0.0,1.0,2.0,B01
201300037648,0,7,0,0.0,0.0,3.0,15.0,A01
201300037649,0,7,0,0.0,1.0,2.0,1.0,A01
201300037650,0,7,0,0.0,1.0,3.0,1.0,A01
201300037651,0,7,0,0.0,1.0,1.0,0.0,A01
201300037652,0,7,0,0.0,1.0,4.0,4.0,A01
201300037653,0,7,0,0.0,1.0,2.0,1.0,A01
201300037654,0,7,0,0.0,2.0,1.0,0.0,A01
201300037654,0,7,0,0.0,2.0,6.0,0.0,B01
201300037655,0,7,0,2.0,0.0,2.0,1.0,A01
201300037656,0,7,0,0.0,1.0,1.0,1.0,A01
201300037657,0,7,0,0.0,1.0,2.0,0.0,A01
201300037658,0,7,0,0.0,1.0,1.0,1.0,A01
201300037659,0,7,0,0.0,0.0,1.0,2.0,A01
201300037659,0,7,0,0.0,0.0,4.0,23.0,B01
201300037659,0,7,0,0.0,0.0,4.0,23.0,C01
201300037660,0,7,0,0.0,0.0,1.0,1.0,B01
201300037660,0,7,0,0.0,0.0,1.0,9.0,A01
201300037661,0,7,0,0.0,1.0,1.0,1.0,A01
201300037662,0,7,0,0.0,2.0,2.0,5.0,A01
201300037662,0,7,0,0.0,2.0,7.0,2.0,B01
201300037663,0,30,0,0.0,2.0,0.0,2.0,A01
201300037664,2,7,0,0.0,2.0,1.0,1.0,A01
201300037664,0,7,0,0.0,2.0,1.0,1.0,B01
201300037664,0,7,0,0.0,0.0,4.0,2.0,C01
201300037665,0,7,0,0.0,0.0,3.0,15.0,A01
201300037665,0,30,0,0.0,0.0,1.0,1.0,B01
201300037666,0,7,0,0.0,2.0,3.0,11.0,A01
201300037666,0,7,0,0.0,2.0,2.0,1.0,B01
201300037667,0,37,25,0.0,1.0,5.0,4.0,A01
201300037668,0,7,0,0.0,2.0,4.0,2.0,C01
201300037668,0,7,0,0.0,2.0,4.0,2.0,B01
201300037668,0,7,0,0.0,2.0,1.0,1.0,A01
201300037669,0,37,1,0.0,2.0,2.0,1.0,A01
201300037669,0,38,1,0.0,2.0,3.0,1.0,B01
201300037670,0,7,0,0.0,1.0,2.0,1.0,A01
201300037671,0,7,0,0.0,2.0,1.0,1.0,A01
201300037671,0,7,0,0.0,2.0,4.0,2.0,B01
201300037672,0,7,0,0.0,2.0,4.0,1.0,B01
201300037672,0,7,0,0.0,2.0,1.0,12.0,A01
201300037673,0,7,0,0.0,2.0,1.0,9.0,A01
201300037673,0,33,0,0.0,2.0,9.0,1.0,B01
201300037674,0,33,0,0.0,1.0,1.0,1.0,A01
201300037675,0,33,0,0.0,2.0,9.0,1.0,A01
201300037675,0,7,0,0.0,2.0,4.0,12.0,B01
201300037676,0,7,0,0.0,1.0,1.0,1.0,A01
201300037677,0,7,0,0.0,2.0,4.0,9.0,A01
201300037677,0,7,0,0.0,2.0,2.0,1.0,B01
201300037678,0,7,0,0.0,1.0,1.0,1.0,A01
201300037679,0,7,0,1.0,2.0,2.0,16.0,B01
201300037679,0,7,0,0.0,2.0,1.0,1.0,A01
201300037680,0,34,0,0.0,2.0,4.0,2.0,B01
201300037680,0,7,0,0.0,2.0,1.0,1.0,A01
201300037681,0,7,0,0.0,1.0,1.0,1.0,A01
201300037682,0,7,0,0.0,2.0,3.0,15.0,B01
201300037682,0,31,0,0.0,2.0,1.0,17.0,A01
201300037683,0,1,0,0.0,2.0,1.0,1.0,B01
201300037683,0,7,0,0.0,2.0,3.0,1.0,A01
201300037684,0,7,0,0.0,1.0,6.0,4.0,A01
201300037685,0,7,0,0.0,2.0,4.0,2.0,B01
201300037685,0,32,0,0.0,2.0,1.0,1.0,A01
201300037686,0,7,0,0.0,2.0,9.0,13.0,A01
201300037686,0,7,0,0.0,2.0,1.0,1.0,B01
201300037687,0,7,0,0.0,2.0,1.0,15.0,A01
201300037687,0,34,0,0.0,2.0,1.0,1.0,B01
201300037688,0,7,0,5.0,2.0,1.0,1.0,A01
201300037688,0,7,0,5.0,2.0,4.0,2.0,B01
201300037689,0,7,0,0.0,2.0,1.0,1.0,A01
201300037689,0,10,0,0.0,2.0,4.0,2.0,B01
201300037690,0,7,0,0.0,2.0,4.0,2.0,B01
201300037690,0,7,0,0.0,2.0,1.0,1.0,A01
201300037691,0,7,0,0.0,2.0,1.0,1.0,A01
201300037691,0,7,0,0.0,2.0,4.0,2.0,B01
201300037692,0,7,0,0.0,2.0,1.0,1.0,A01
201300037692,0,7,0,0.0,2.0,4.0,2.0,B01
201300037693,0,7,0,0.0,2.0,4.0,2.0,C01
201300037693,0,7,0,0.0,2.0,4.0,2.0,D01
201300037693,0,7,0,0.0,2.0,1.0,1.0,A01
201300037693,0,7,0,0.0,2.0,4.0,2.0,B01
201300037694,0,33,0,0.0,2.0,1.0,1.0,B01
201300037694,0,7,0,0.0,2.0,1.0,1.0,A01
201300037695,0,7,0,0.0,2.0,4.0,2.0,B01
201300037695,0,7,0,0.0,2.0,1.0,1.0,A01
201300037696,0,7,0,1.0,0.0,1.0,1.0,A01
201300037697,0,7,0,0.0,1.0,1.0,1.0,A01
201300037698,0,7,0,0.0,2.0,1.0,13.0,A01
201300037698,0,7,0,0.0,2.0,1.0,1.0,B01
201300037699,0,7,0,0.0,2.0,1.0,2.0,C01
201300037699,0,13,0,0.0,2.0,4.0,1.0,A01
201300037699,0,13,0,0.0,2.0,4.0,2.0,B01
201300037700,0,33,0,0.0,2.0,1.0,1.0,A01
201300037700,0,7,0,0.0,2.0,4.0,1.0,B01
201300037701,0,7,0,0.0,2.0,4.0,1.0,B01
201300037701,0,7,0,0.0,2.0,1.0,1.0,A01
201300037702,0,33,0,0.0,2.0,4.0,1.0,B01
201300037702,0,33,0,0.0,2.0,1.0,1.0,A01
201300037703,0,7,0,0.0,2.0,8.0,9.0,A01
201300037703,0,1,0,0.0,2.0,1.0,2.0,B01
201300037704,0,7,0,0.0,2.0,9.0,1.0,B01
201300037704,0,7,0,0.0,2.0,1.0,1.0,A01
201300037705,0,7,0,0.0,2.0,4.0,1.0,A01
201300037705,0,7,0,0.0,2.0,1.0,2.0,B01
201300037706,0,7,0,0.0,1.0,2.0,1.0,A01
201300037707,0,30,0,0.0,2.0,1.0,1.0,A01
201300037707,0,7,0,0.0,2.0,3.0,1.0,B01
201300037708,0,7,0,0.0,2.0,8.0,1.0,A01
201300037708,0,7,0,0.0,2.0,7.0,1.0,B01
201300037709,0,7,0,0.0,2.0,4.0,2.0,C01
201300037709,0,33,0,0.0,2.0,1.0,2.0,B01
201300037709,0,33,0,0.0,2.0,9.0,1.0,A01
201300037710,0,7,0,0.0,2.0,0.0,1.0,A01
201300037710,0,7,0,0.0,2.0,0.0,1.0,B01
201300037711,0,30,0,0.0,1.0,1.0,1.0,A01
201300037712,0,7,0,0.0,2.0,7.0,1.0,B01
201300037712,0,7,0,0.0,2.0,8.0,13.0,A01
201300037713,0,33,0,0.0,2.0,1.0,1.0,B01
201300037713,0,7,0,0.0,2.0,7.0,14.0,A01
201300037714,0,7,0,1.0,0.0,1.0,14.0,A01
201300037715,0,33,0,0.0,2.0,3.0,1.0,B01
201300037715,0,7,0,0.0,2.0,5.0,12.0,A01
201300037716,0,7,0,0.0,2.0,4.0,2.0,B01
201300037716,1,7,0,0.0,2.0,1.0,1.0,A01
201300037717,0,7,0,0.0,2.0,1.0,2.0,D01
201300037717,0,37,1,0.0,2.0,4.0,2.0,B01
201300037717,0,7,0,0.0,2.0,9.0,2.0,C01
201300037717,0,7,0,0.0,2.0,4.0,1.0,A01
201300037718,0,2,0,0.0,2.0,1.0,1.0,A01
201300037718,0,7,0,0.0,2.0,4.0,2.0,B01
201300037719,0,14,0,0.0,2.0,1.0,2.0,B01
201300037719,0,7,0,0.0,2.0,4.0,1.0,A01
201300037720,0,7,0,0.0,2.0,8.0,9.0,A01
201300037720,0,33,0,0.0,2.0,7.0,1.0,B01
201300037721,0,30,0,0.0,2.0,7.0,0.0,A01
201300037721,0,7,0,0.0,2.0,8.0,1.0,B01
201300037722,0,7,0,0.0,2.0,1.0,1.0,B01
201300037722,0,7,0,0.0,2.0,7.0,15.0,A01
201300037723,0,7,0,0.0,1.0,2.0,1.0,A01
201300037724,0,1,0,0.0,2.0,8.0,15.0,A01
201300037724,0,7,0,0.0,2.0,1.0,17.0,B01
201300037725,0,7,0,0.0,2.0,4.0,2.0,D01
201300037725,0,7,0,0.0,2.0,4.0,2.0,C01
201300037725,0,7,0,0.0,2.0,4.0,2.0,B01
201300037725,0,7,0,0.0,2.0,1.0,1.0,A01
201300037726,0,1,0,0.0,2.0,0.0,1.0,B01
201300037726,0,7,0,0.0,2.0,3.0,9.0,A01
201300037727,0,7,0,0.0,2.0,3.0,1.0,B01
201300037727,0,7,0,0.0,2.0,2.0,1.0,A01
201300037728,0,7,0,0.0,2.0,1.0,5.0,A01
201300037728,0,7,0,0.0,2.0,1.0,1.0,B01
201300037729,0,7,0,0.0,2.0,1.0,1.0,A01
201300037729,0,7,0,0.0,2.0,4.0,2.0,B01
201300037729,0,7,0,0.0,2.0,4.0,2.0,C01
201300037729,0,7,0,0.0,2.0,4.0,2.0,D01
201300037730,0,7,0,0.0,2.0,3.0,9.0,A01
201300037730,0,7,0,0.0,2.0,3.0,1.0,B01
201300037731,0,7,0,0.0,2.0,9.0,1.0,C01
201300037731,0,7,0,0.0,2.0,1.0,1.0,B01
201300037731,0,7,0,0.0,2.0,8.0,9.0,A01
201300037732,0,7,0,0.0,2.0,1.0,20.0,A01
201300037732,0,33,0,0.0,2.0,9.0,1.0,B01
201300037733,0,7,0,0.0,1.0,1.0,1.0,A01
201300037734,0,7,0,0.0,1.0,4.0,4.0,A01
201300037735,0,33,0,0.0,2.0,1.0,1.0,A01
201300037735,0,7,0,0.0,2.0,4.0,23.0,C01
201300037735,0,7,0,0.0,2.0,4.0,23.0,B01
201300037735,0,7,0,0.0,2.0,4.0,23.0,D01
201300037736,0,7,0,0.0,2.0,1.0,0.0,A01
201300037736,0,7,0,0.0,2.0,1.0,2.0,C01
201300037736,0,7,0,0.0,2.0,4.0,1.0,B01
201300037737,0,7,0,0.0,2.0,4.0,2.0,B01
201300037737,0,7,0,0.0,2.0,1.0,1.0,A01
201300037738,0,7,0,0.0,2.0,1.0,1.0,B01
201300037738,0,30,0,0.0,2.0,9.0,16.0,A01
201300037739,0,7,0,0.0,2.0,1.0,1.0,A01
201300037739,0,14,0,0.0,2.0,4.0,2.0,B01
201300037740,0,30,0,0.0,2.0,1.0,1.0,B01
201300037740,0,15,0,0.0,2.0,1.0,15.0,A01
201300037741,0,7,0,0.0,2.0,1.0,1.0,A01
201300037741,0,7,0,0.0,2.0,2.0,1.0,B01
201300037742,0,33,0,0.0,2.0,1.0,3.0,A01
201300037742,0,7,0,0.0,2.0,3.0,11.0,B01
201300037743,0,7,0,0.0,2.0,4.0,2.0,B01
201300037743,0,7,0,0.0,2.0,1.0,1.0,A01
201300037743,0,7,0,0.0,2.0,4.0,2.0,C01
201300037744,0,7,0,0.0,2.0,4.0,2.0,B01
201300037744,0,32,0,0.0,2.0,1.0,1.0,A01
201300037745,0,7,0,0.0,1.0,2.0,1.0,A01
201300037746,0,7,0,7.0,2.0,9.0,15.0,A01
201300037746,0,7,0,0.0,2.0,1.0,1.0,B01
201300037747,0,30,0,0.0,2.0,1.0,1.0,A01
201300037747,0,7,0,0.0,2.0,4.0,2.0,B01
201300037748,0,33,0,0.0,2.0,1.0,17.0,B01
201300037748,0,7,0,0.0,2.0,1.0,9.0,A01
201300037749,0,7,0,0.0,1.0,2.0,1.0,A01
201300037750,0,7,0,0.0,2.0,2.0,2.0,B01
201300037750,0,7,0,0.0,2.0,3.0,1.0,A01
201300037751,0,33,0,0.0,2.0,7.0,2.0,B01
201300037751,0,7,0,0.0,2.0,3.0,1.0,A01
201300037752,0,7,0,1.0,0.0,1.0,1.0,A01
201300037753,1,7,0,0.0,1.0,2.0,1.0,A01
201300037754,0,7,0,0.0,1.0,1.0,1.0,A01
201300037755,0,33,0,0.0,2.0,4.0,6.0,B01
201300037755,0,33,0,0.0,2.0,1.0,1.0,A01
201300037756,0,7,0,0.0,2.0,2.0,2.0,A01
201300037756,0,7,0,15.0,2.0,3.0,1.0,B01
201300037757,0,7,0,0.0,2.0,8.0,9.0,A01
201300037757,0,7,0,0.0,2.0,6.0,24.0,C01
201300037757,0,7,0,0.0,2.0,6.0,24.0,B01
201300037758,0,7,0,0.0,2.0,1.0,2.0,B01
201300037758,0,7,0,0.0,2.0,1.0,1.0,A01
201300037758,0,7,0,0.0,2.0,4.0,2.0,C01
201300037759,0,10,0,0.0,2.0,3.0,1.0,A01
201300037759,0,34,0,0.0,2.0,8.0,1.0,B01
201300037760,0,7,0,0.0,2.0,7.0,15.0,A01
201300037760,0,33,0,0.0,2.0,1.0,2.0,B01
201300037761,0,7,0,0.0,2.0,2.0,1.0,B01
201300037761,0,32,0,0.0,2.0,2.0,2.0,A01
201300037762,0,7,0,0.0,2.0,8.0,2.0,B01
201300037762,0,13,0,0.0,2.0,7.0,12.0,A01
201300037763,0,7,0,0.0,2.0,7.0,11.0,A01
201300037763,0,33,0,0.0,2.0,0.0,2.0,B01
201300037764,0,7,0,0.0,1.0,1.0,15.0,A01
201300037765,0,7,0,0.0,2.0,7.0,12.0,A01
201300037765,0,2,0,0.0,2.0,5.0,3.0,B01
201300037766,0,7,0,0.0,2.0,1.0,1.0,A01
201300037766,0,7,0,0.0,2.0,3.0,1.0,B01
201300037767,0,33,0,0.0,2.0,1.0,1.0,A01
201300037767,0,7,0,0.0,2.0,3.0,23.0,C01
201300037767,0,7,0,0.0,2.0,4.0,4.0,B01
201300037768,0,7,0,0.0,2.0,1.0,1.0,A01
201300037768,0,7,0,0.0,1.0,9.0,2.0,B01
201300037769,0,1,0,0.0,0.0,0.0,0.0,B01
201300037769,0,7,0,0.0,0.0,0.0,16.0,A01
201300037770,0,7,0,0.0,2.0,1.0,1.0,A01
201300037770,0,7,0,0.0,2.0,4.0,1.0,B01
201300037771,0,7,0,6.0,2.0,1.0,12.0,A01
201300037771,0,7,0,0.0,2.0,7.0,1.0,B01
201300037772,0,7,0,0.0,2.0,1.0,2.0,B01
201300037772,0,7,0,0.0,2.0,1.0,5.0,A01
201300037773,1,7,0,0.0,1.0,1.0,16.0,Z01
201300037774,0,7,0,0.0,2.0,7.0,23.0,C01
201300037774,0,7,0,0.0,2.0,3.0,19.0,B01
201300037774,0,7,0,0.0,2.0,8.0,1.0,E01
201300037774,0,7,0,0.0,2.0,2.0,23.0,D01
201300037774,0,7,0,14.0,2.0,9.0,6.0,A01
201300037775,0,7,0,0.0,2.0,1.0,1.0,A01
201300037775,0,30,0,0.0,2.0,2.0,1.0,B01
201300037776,0,7,0,0.0,2.0,3.0,10.0,A01
201300037776,0,33,0,0.0,2.0,3.0,17.0,B01
201300037777,0,1,0,0.0,2.0,8.0,1.0,B01
201300037777,0,7,0,0.0,2.0,2.0,10.0,A01
201300037778,0,33,0,0.0,2.0,4.0,2.0,B01
201300037778,0,7,0,0.0,2.0,1.0,1.0,A01
201300037779,0,7,0,0.0,2.0,4.0,23.0,A01
201300037779,0,7,0,0.0,2.0,4.0,23.0,B01
201300037779,0,7,0,0.0,2.0,1.0,2.0,C01
201300037780,0,7,0,0.0,1.0,7.0,1.0,A01
201300037781,0,7,0,0.0,2.0,1.0,1.0,A01
201300037781,0,7,0,0.0,2.0,4.0,2.0,B01
201300037781,0,7,0,0.0,2.0,4.0,2.0,C01
201300037782,0,7,0,0.0,2.0,1.0,13.0,A01
201300037782,0,7,0,0.0,2.0,1.0,1.0,B01
201300037783,0,7,0,1.0,0.0,1.0,1.0,A01
201300037784,0,7,0,0.0,2.0,2.0,0.0,B01
201300037784,0,7,0,0.0,2.0,1.0,1.0,A01
201300037785,0,33,0,0.0,2.0,1.0,1.0,B01
201300037785,0,7,0,0.0,2.0,5.0,9.0,A01
201300037786,0,7,0,0.0,2.0,4.0,2.0,B01
201300037786,0,10,0,0.0,2.0,1.0,1.0,A01
201300037786,0,7,0,0.0,2.0,4.0,2.0,C01
201300037787,0,7,0,0.0,1.0,1.0,1.0,A01
201300037788,0,7,0,0.0,2.0,1.0,1.0,B01
201300037788,0,7,0,0.0,2.0,1.0,16.0,A01
201300037789,0,33,0,0.0,2.0,1.0,9.0,A01
201300037789,0,7,0,0.0,2.0,5.0,1.0,B01
201300037790,1,7,0,0.0,1.0,1.0,1.0,A01
201300037791,1,7,0,0.0,2.0,0.0,12.0,A01
201300037791,0,7,0,1.0,2.0,1.0,21.0,B01
201300037792,0,7,0,0.0,0.0,4.0,0.0,B01
201300037792,0,30,0,0.0,2.0,1.0,2.0,A01
201300037793,0,7,0,0.0,2.0,1.0,2.0,A01
201300037793,0,7,0,0.0,2.0,4.0,2.0,B01
201300037794,0,7,0,0.0,2.0,3.0,13.0,A01
201300037794,0,7,0,0.0,0.0,3.0,1.0,B01
201300037795,0,7,0,0.0,1.0,4.0,4.0,A01
201300037796,0,33,0,0.0,2.0,1.0,1.0,B01
201300037796,0,7,0,0.0,2.0,8.0,15.0,A01
201300037797,0,7,0,0.0,2.0,3.0,1.0,B01
201300037797,0,7,0,0.0,2.0,3.0,13.0,A01
201300037798,0,7,0,0.0,2.0,4.0,2.0,B01
201300037798,0,7,0,0.0,2.0,1.0,1.0,A01
201300037799,0,7,0,0.0,2.0,1.0,1.0,D01
201300037799,0,7,0,0.0,2.0,4.0,2.0,C01
201300037799,0,7,0,0.0,2.0,4.0,2.0,B01
201300037799,0,7,0,0.0,2.0,1.0,1.0,A01
201300037800,0,7,0,0.0,1.0,5.0,20.0,A01
201300037801,0,7,0,0.0,2.0,4.0,2.0,B01
201300037801,0,7,0,0.0,2.0,1.0,1.0,A01
201300037802,0,7,0,0.0,2.0,4.0,2.0,B01
201300037802,0,7,0,0.0,2.0,1.0,1.0,A01
201300037803,0,7,0,1.0,0.0,1.0,24.0,D01
201300037803,0,7,0,0.0,2.0,8.0,1.0,C01
201300037803,0,7,0,0.0,2.0,8.0,1.0,B01
201300037803,0,7,0,0.0,2.0,2.0,15.0,A01
201300037804,0,10,0,0.0,2.0,8.0,13.0,A01
201300037804,0,33,0,0.0,2.0,7.0,21.0,B01
201300037805,0,10,0,0.0,2.0,1.0,1.0,A01
201300037805,0,7,0,0.0,2.0,4.0,2.0,B01
201300037806,0,7,0,0.0,2.0,4.0,2.0,B01
201300037806,0,7,0,0.0,2.0,1.0,1.0,A01
201300037807,0,31,0,0.0,1.0,2.0,0.0,A01
201300037808,0,7,0,0.0,2.0,4.0,2.0,B01
201300037808,0,10,0,0.0,2.0,1.0,1.0,A01
201300037809,0,7,0,0.0,1.0,1.0,1.0,A01
201300037810,0,10,0,0.0,2.0,4.0,2.0,B01
201300037810,0,7,0,0.0,2.0,1.0,1.0,A01
201300037811,0,7,0,0.0,1.0,2.0,17.0,A01
201300037812,0,14,0,0.0,2.0,4.0,2.0,C01
201300037812,0,7,0,0.0,2.0,1.0,15.0,D01
201300037812,0,7,0,0.0,2.0,1.0,2.0,B01
201300037812,0,7,0,0.0,2.0,1.0,1.0,A01
201300037813,0,34,0,0.0,2.0,2.0,1.0,A01
201300037813,0,7,0,6.0,2.0,1.0,1.0,B01
201300037814,0,7,0,0.0,2.0,3.0,0.0,A01
201300037814,0,7,0,0.0,2.0,2.0,0.0,B01
201300037815,1,30,0,0.0,1.0,1.0,1.0,A01
201300037816,0,7,0,0.0,1.0,3.0,1.0,A01
201300037817,0,7,0,0.0,2.0,1.0,0.0,B01
201300037817,0,17,0,0.0,2.0,7.0,14.0,A01
201300037818,0,7,0,0.0,2.0,4.0,0.0,B01
201300037818,0,7,0,0.0,2.0,1.0,0.0,A01
201300037819,0,7,0,0.0,2.0,4.0,23.0,B01
201300037819,0,7,0,0.0,2.0,1.0,1.0,A01
201300037819,0,7,0,0.0,2.0,7.0,23.0,C01
201300037820,0,7,0,0.0,0.0,7.0,0.0,B01
201300037820,0,7,0,0.0,2.0,8.0,9.0,A01
201300037821,0,7,0,0.0,2.0,1.0,1.0,B01
201300037821,0,10,0,1.0,2.0,7.0,1.0,A01
201300037822,0,7,0,0.0,2.0,1.0,1.0,A01
201300037822,0,7,0,0.0,2.0,4.0,2.0,B01
201300037823,0,7,0,0.0,2.0,1.0,0.0,A01
201300037823,0,1,0,0.0,2.0,1.0,19.0,B01
201300037824,0,7,0,0.0,2.0,1.0,1.0,A01
201300037824,0,7,0,0.0,2.0,4.0,1.0,B01
201300037825,0,7,0,0.0,2.0,1.0,9.0,A01
201300037825,0,1,0,0.0,2.0,4.0,0.0,B01
201300037826,0,7,0,0.0,1.0,1.0,1.0,A01
201300037827,0,7,0,0.0,2.0,1.0,1.0,A01
201300037827,0,7,0,0.0,2.0,4.0,23.0,C01
201300037827,0,7,0,0.0,2.0,4.0,23.0,B01
201300037828,0,7,0,0.0,1.0,1.0,1.0,A01
201300037829,0,7,0,0.0,2.0,1.0,1.0,A01
201300037829,0,7,0,0.0,2.0,4.0,2.0,B01
201300037830,1,7,0,0.0,1.0,1.0,0.0,A01
201300037831,0,7,0,0.0,1.0,1.0,1.0,A01
201300037832,0,7,0,0.0,1.0,1.0,1.0,A01
201300037833,0,7,0,0.0,2.0,5.0,2.0,B01
201300037833,0,34,0,0.0,2.0,1.0,1.0,A01
201300037834,0,7,0,0.0,2.0,1.0,2.0,A01
201300037834,0,7,0,0.0,2.0,4.0,2.0,B01
201300037835,0,7,0,0.0,2.0,1.0,1.0,A01
201300037835,0,7,0,0.0,2.0,4.0,23.0,B01
201300037836,0,37,2,0.0,0.0,0.0,1.0,A01
201300037837,1,99,0,0.0,1.0,8.0,1.0,A01
201300037838,0,7,0,1.0,2.0,1.0,1.0,A01
201300037838,0,7,0,0.0,2.0,1.0,1.0,B01
201300037839,0,7,0,0.0,1.0,1.0,1.0,A01
201300037840,0,7,0,0.0,2.0,1.0,1.0,A01
201300037840,0,7,0,0.0,2.0,4.0,2.0,C01
201300037840,0,7,0,0.0,2.0,4.0,2.0,D01
201300037840,0,7,0,0.0,2.0,4.0,2.0,B01