Num_Acc,senc,catv,occutc,obs,obsm,choc,manv,num_veh
201300037841,0,7,0,0.0,2.0,2.0,1.0,B01
201300037841,0,1,0,0.0,2.0,1.0,0.0,A01
201300037842,0,7,0,0.0,2.0,4.0,1.0,A01
201300037842,0,7,0,0.0,2.0,1.0,2.0,B01
201300037843,0,7,0,0.0,1.0,1.0,16.0,A01
201300037844,0,1,0,0.0,2.0,1.0,1.0,B01
201300037844,1,30,0,0.0,2.0,8.0,16.0,A01
201300037845,0,7,0,0.0,1.0,1.0,1.0,A01
201300037846,0,32,0,0.0,2.0,1.0,1.0,B01
201300037846,0,3,0,0.0,2.0,6.0,15.0,A01
201300037847,0,7,0,0.0,1.0,2.0,1.0,A01
201300037848,0,34,0,0.0,2.0,3.0,1.0,B01
201300037848,0,7,0,0.0,2.0,3.0,1.0,A01
201300037849,0,33,0,0.0,2.0,2.0,3.0,B01
201300037849,0,7,0,0.0,2.0,8.0,10.0,A01
201300037850,0,33,0,0.0,2.0,2.0,1.0,B01
201300037850,0,7,0,0.0,2.0,2.0,10.0,A01
201300037851,0,7,0,0.0,1.0,1.0,1.0,A01
201300037852,0,7,0,8.0,0.0,1.0,1.0,A01
201300037853,1,7,0,0.0,1.0,1.0,1.0,A01
201300037854,0,7,0,0.0,2.0,1.0,2.0,B01
201300037854,0,7,0,0.0,2.0,4.0,23.0,A01
201300037855,0,7,0,0.0,2.0,1.0,5.0,A01
201300037855,0,7,0,0.0,2.0,1.0,1.0,B01
201300037856,0,7,0,0.0,2.0,1.0,1.0,A01
201300037856,0,7,0,0.0,2.0,8.0,1.0,B01
201300037857,0,7,0,0.0,2.0,3.0,9.0,A01
201300037857,0,7,0,0.0,2.0,3.0,9.0,B01
201300037858,0,7,0,0.0,2.0,1.0,1.0,B01
201300037858,0,7,0,0.0,2.0,1.0,2.0,D01
201300037858,0,7,0,0.0,2.0,1.0,2.0,C01
201300037858,0,7,0,0.0,2.0,1.0,1.0,A01
201300037859,0,2,0,0.0,2.0,1.0,1.0,A01
201300037859,0,7,0,0.0,2.0,4.0,2.0,B01
201300037860,0,7,0,0.0,1.0,2.0,1.0,A01
201300037861,0,7,0,0.0,2.0,4.0,2.0,B01
201300037861,0,7,0,0.0,2.0,1.0,1.0,A01
201300037862,0,7,0,0.0,2.0,4.0,1.0,C01
201300037862,0,7,0,0.0,2.0,4.0,2.0,B01
201300037862,0,7,0,0.0,2.0,1.0,1.0,A01
201300037863,0,7,0,0.0,1.0,3.0,1.0,A01
201300037864,0,10,0,0.0,2.0,1.0,1.0,A01
201300037864,0,7,0,0.0,2.0,7.0,1.0,B01
201300037865,0,7,0,0.0,2.0,1.0,1.0,A01
201300037865,0,7,0,0.0,2.0,4.0,23.0,C01
201300037865,0,7,0,0.0,2.0,9.0,23.0,B01
201300037866,0,7,0,0.0,1.0,1.0,1.0,A01
201300037867,0,31,0,0.0,2.0,1.0,17.0,A01
201300037867,0,7,0,0.0,2.0,3.0,15.0,B01
201300037868,0,31,0,0.0,2.0,1.0,1.0,A01
201300037868,0,7,0,0.0,2.0,6.0,2.0,B01
201300037869,0,7,0,0.0,1.0,2.0,1.0,A01
201300037870,0,7,0,0.0,1.0,2.0,1.0,A01
201300037871,0,7,0,0.0,2.0,1.0,1.0,A01
201300037871,0,7,0,0.0,2.0,2.0,2.0,B01
201300037872,0,7,0,1.0,0.0,5.0,1.0,A01
201300037872,0,7,0,1.0,2.0,9.0,24.0,B01
201300037873,0,7,0,0.0,2.0,5.0,24.0,B01
201300037873,0,7,0,1.0,0.0,3.0,1.0,A01
201300037874,0,7,0,0.0,2.0,1.0,13.0,A01
201300037874,0,7,0,1.0,2.0,9.0,1.0,B01
201300037875,2,7,0,0.0,2.0,2.0,21.0,A01
201300037876,0,7,0,0.0,2.0,3.0,15.0,A01
201300037876,0,33,0,0.0,2.0,9.0,1.0,B01
201300037877,0,33,0,0.0,2.0,4.0,2.0,B01
201300037877,0,7,0,0.0,2.0,1.0,1.0,A01
201300037878,0,15,0,0.0,2.0,2.0,1.0,A01
201300037878,0,7,0,0.0,2.0,3.0,13.0,B01
201300037879,0,7,0,0.0,1.0,1.0,1.0,A01
201300037880,0,7,0,16.0,0.0,0.0,24.0,A01
201300037880,0,33,0,1.0,0.0,1.0,0.0,B01
201300037881,0,34,0,0.0,2.0,1.0,1.0,B01
201300037881,0,7,0,0.0,2.0,8.0,15.0,A01
201300037882,0,7,0,0.0,2.0,4.0,2.0,B01
201300037882,0,7,0,0.0,2.0,4.0,2.0,C01
201300037882,0,7,0,0.0,2.0,1.0,1.0,A01
201300037883,0,7,0,0.0,1.0,2.0,1.0,A01
201300037884,0,7,0,0.0,2.0,1.0,2.0,B01
201300037884,0,7,0,0.0,2.0,4.0,1.0,A01
201300037885,0,7,0,0.0,1.0,3.0,15.0,A01
201300037886,0,7,0,0.0,1.0,6.0,4.0,A01
201300037887,0,7,0,0.0,2.0,8.0,15.0,B01
201300037887,0,33,0,0.0,2.0,1.0,1.0,A01
201300037888,0,7,0,0.0,1.0,3.0,1.0,A01
201300037889,1,30,0,0.0,2.0,1.0,1.0,Z01
201300037889,0,7,0,0.0,2.0,2.0,1.0,A01
201300037890,0,7,0,0.0,1.0,1.0,1.0,A01
201300037891,0,7,0,0.0,1.0,1.0,1.0,A01
201300037892,0,7,0,0.0,2.0,5.0,1.0,B01
201300037892,0,10,0,0.0,2.0,1.0,1.0,A01
201300037893,0,7,0,0.0,2.0,1.0,1.0,A01
201300037893,0,30,0,0.0,2.0,8.0,15.0,B01
201300037894,0,7,0,0.0,1.0,2.0,1.0,A01
201300037895,0,1,0,0.0,2.0,4.0,2.0,B01
201300037895,0,7,0,0.0,2.0,1.0,1.0,A01
201300037896,0,33,0,0.0,2.0,4.0,2.0,B01
201300037896,0,7,0,1.0,2.0,1.0,1.0,A01
201300037897,0,7,0,0.0,1.0,1.0,1.0,A01
201300037898,1,7,0,0.0,2.0,1.0,1.0,A01
201300037898,0,1,0,0.0,2.0,4.0,2.0,B01
201300037899,0,7,0,0.0,2.0,1.0,1.0,A01
201300037899,0,7,0,0.0,2.0,1.0,2.0,B01
201300037899,0,7,0,0.0,2.0,3.0,15.0,C01
201300037900,0,7,0,0.0,1.0,1.0,1.0,A01
201300037901,0,7,0,0.0,2.0,1.0,9.0,A01
201300037901,0,33,0,0.0,2.0,1.0,15.0,B01
201300037902,0,1,0,0.0,2.0,7.0,19.0,B01
201300037902,0,7,0,0.0,2.0,1.0,1.0,A01
201300037903,0,7,0,0.0,2.0,1.0,1.0,A01
201300037903,0,7,0,0.0,2.0,4.0,1.0,B01
201300037904,0,1,0,0.0,2.0,6.0,15.0,B01
201300037904,0,7,0,0.0,2.0,1.0,1.0,A01
201300037905,0,7,0,0.0,2.0,1.0,1.0,B01
201300037905,0,3,0,0.0,2.0,4.0,16.0,A01
201300037906,0,7,0,0.0,1.0,1.0,1.0,A01
201300037907,0,33,0,0.0,2.0,1.0,1.0,B01
201300037907,0,7,0,0.0,2.0,8.0,15.0,A01
201300037908,0,7,0,0.0,1.0,1.0,1.0,A01
201300037909,0,7,0,0.0,2.0,1.0,1.0,B01
201300037909,0,7,0,0.0,2.0,5.0,15.0,A01
201300037910,0,7,0,0.0,2.0,4.0,10.0,A01
201300037910,0,30,0,0.0,2.0,7.0,1.0,B01
201300037911,0,7,0,0.0,2.0,1.0,13.0,A01
201300037911,0,30,0,0.0,2.0,1.0,1.0,C01
201300037911,0,7,0,0.0,2.0,3.0,1.0,B01
201300037912,0,7,0,9.0,0.0,1.0,14.0,A01
201300037913,0,7,0,0.0,2.0,1.0,16.0,A01
201300037913,0,32,0,0.0,2.0,1.0,17.0,B01
201300037914,0,7,0,0.0,1.0,7.0,1.0,A01
201300037915,0,7,0,0.0,2.0,7.0,4.0,B01
201300037915,0,10,0,0.0,2.0,1.0,1.0,A01
201300037916,0,7,0,0.0,2.0,1.0,1.0,B01
201300037916,0,7,0,0.0,2.0,1.0,15.0,A01
201300037917,0,30,0,0.0,2.0,1.0,1.0,A01
201300037917,0,33,0,0.0,2.0,4.0,15.0,B01
201300037918,0,7,0,0.0,2.0,3.0,15.0,B01
201300037918,0,33,0,0.0,2.0,1.0,17.0,A01
201300037919,1,99,0,0.0,2.0,1.0,1.0,Z01
201300037919,0,7,0,0.0,2.0,7.0,1.0,B01
201300037920,0,7,0,0.0,1.0,1.0,1.0,A01
201300037921,0,33,0,0.0,2.0,7.0,17.0,A01
201300037921,0,7,0,0.0,2.0,8.0,13.0,B01
201300037922,0,7,0,0.0,2.0,4.0,1.0,B01
201300037922,0,7,0,0.0,2.0,4.0,1.0,A01
201300037922,0,7,0,0.0,2.0,1.0,2.0,C01
201300037923,0,7,0,0.0,1.0,1.0,1.0,A01
201300037924,0,7,0,0.0,2.0,2.0,1.0,B01
201300037924,0,33,0,0.0,2.0,5.0,14.0,A01
201300037925,0,7,0,0.0,2.0,8.0,13.0,A01
201300037925,0,34,0,0.0,2.0,1.0,1.0,B01
201300037926,0,7,0,0.0,1.0,1.0,1.0,A01
201300037927,0,31,0,0.0,2.0,1.0,17.0,B01
201300037927,0,7,0,0.0,2.0,2.0,15.0,A01
201300037928,0,7,0,0.0,2.0,5.0,1.0,A01
201300037928,0,30,0,0.0,2.0,1.0,2.0,B01
201300037929,0,7,0,0.0,2.0,1.0,13.0,A01
201300037929,0,7,0,0.0,2.0,1.0,1.0,B01
201300037930,0,7,0,14.0,0.0,1.0,1.0,A01
201300037931,0,7,0,0.0,2.0,1.0,1.0,B01
201300037931,1,20,0,1.0,2.0,1.0,1.0,A01
201300037932,0,7,0,12.0,0.0,1.0,1.0,A01
201300037933,0,7,0,0.0,2.0,2.0,1.0,A01
201300037933,0,7,0,0.0,2.0,3.0,1.0,B01
201300037934,2,10,0,14.0,0.0,1.0,1.0,A01
201300037935,0,7,0,0.0,2.0,1.0,16.0,A01
201300037935,0,7,0,0.0,2.0,1.0,1.0,B01
201300037936,0,10,0,0.0,2.0,3.0,1.0,A01
201300037936,0,30,0,0.0,2.0,1.0,15.0,B01
201300037937,0,33,0,0.0,1.0,1.0,1.0,A01
201300037938,0,7,0,0.0,2.0,4.0,1.0,B01
201300037938,0,30,0,0.0,2.0,1.0,1.0,A01
201300037939,0,7,0,0.0,2.0,1.0,1.0,B01
201300037939,0,7,0,0.0,2.0,1.0,15.0,A01
201300037940,0,7,0,0.0,2.0,2.0,16.0,B01
201300037940,0,33,0,0.0,2.0,3.0,1.0,A01
201300037941,0,7,0,0.0,2.0,8.0,15.0,B01
201300037941,0,30,0,0.0,2.0,1.0,17.0,A01
201300037942,0,7,0,0.0,2.0,8.0,15.0,A01
201300037942,1,30,0,0.0,2.0,1.0,1.0,Z01
201300037943,0,7,0,0.0,2.0,3.0,1.0,B01
201300037943,0,7,0,0.0,2.0,3.0,13.0,A01
201300037944,0,33,0,0.0,2.0,2.0,17.0,A01
201300037944,0,7,0,0.0,2.0,3.0,15.0,B01
201300037945,0,10,0,0.0,1.0,1.0,1.0,A01
201300037946,0,7,0,1.0,,2.0,1.0,A01
201300037947,0,7,0,0.0,2.0,3.0,1.0,A01
201300037947,0,7,0,0.0,2.0,1.0,1.0,B01
201300037948,0,7,0,0.0,2.0,3.0,1.0,A01
201300037948,0,7,0,0.0,2.0,2.0,1.0,B01
201300037949,0,7,0,1.0,0.0,2.0,1.0,A01
201300037950,1,7,0,0.0,2.0,6.0,4.0,A01
201300037950,0,31,0,0.0,2.0,1.0,1.0,B01
201300037951,0,3,0,2.0,0.0,1.0,14.0,A01
201300037952,0,7,0,0.0,2.0,3.0,1.0,B01
201300037952,0,7,0,0.0,2.0,7.0,1.0,A01
201300037953,0,7,0,0.0,1.0,1.0,1.0,A01
201300037954,0,7,0,14.0,0.0,1.0,1.0,A01
201300037955,0,7,0,0.0,2.0,1.0,1.0,B01
201300037955,0,7,0,0.0,2.0,1.0,1.0,A01
201300037956,0,7,0,0.0,2.0,1.0,1.0,B01
201300037956,0,33,0,0.0,2.0,1.0,1.0,A01
201300037957,0,7,0,0.0,1.0,4.0,4.0,A01
201300037958,0,30,0,0.0,2.0,1.0,1.0,A01
201300037958,0,7,0,0.0,2.0,8.0,1.0,B01
201300037959,0,33,0,0.0,2.0,1.0,1.0,A01
201300037959,0,7,0,0.0,2.0,4.0,1.0,B01
201300037960,0,7,0,0.0,2.0,3.0,15.0,A01
201300037960,2,7,0,0.0,2.0,2.0,1.0,Z01
201300037961,0,34,0,0.0,2.0,1.0,1.0,A01
201300037961,0,7,0,0.0,2.0,3.0,19.0,B01
201300037962,0,7,0,0.0,2.0,1.0,23.0,C01
201300037962,0,34,0,0.0,2.0,1.0,1.0,A01
201300037962,0,7,0,0.0,2.0,2.0,1.0,B01
201300037963,0,7,0,0.0,1.0,1.0,1.0,A01
201300037964,0,7,0,0.0,1.0,1.0,1.0,A01
201300037965,0,7,0,1.0,0.0,1.0,13.0,A01
201300037966,0,10,0,0.0,1.0,2.0,1.0,A01
201300037967,0,10,0,0.0,2.0,6.0,1.0,A01
201300037967,0,7,0,0.0,2.0,1.0,23.0,C01
201300037967,0,7,0,0.0,2.0,1.0,1.0,B01
201300037968,0,7,0,0.0,1.0,3.0,14.0,A01
201300037969,0,31,0,0.0,2.0,1.0,1.0,B01
201300037969,0,7,0,0.0,2.0,1.0,15.0,A01
201300037970,0,7,0,0.0,1.0,1.0,1.0,A01
201300037971,0,7,0,0.0,1.0,1.0,1.0,A01
201300037972,0,7,0,0.0,2.0,4.0,1.0,A01
201300037972,0,7,0,0.0,2.0,1.0,2.0,B01
201300037973,0,10,0,0.0,2.0,1.0,1.0,A01
201300037973,0,10,0,0.0,2.0,4.0,1.0,B01
201300037974,0,7,0,0.0,1.0,1.0,1.0,A01
201300037975,0,7,0,11.0,0.0,1.0,1.0,A01
201300037976,0,7,0,0.0,2.0,3.0,1.0,B01
201300037976,0,7,0,0.0,2.0,3.0,5.0,A01
201300037977,0,7,0,13.0,0.0,9.0,1.0,A01
201300037978,0,7,0,13.0,0.0,1.0,1.0,A01
201300037979,0,7,0,0.0,1.0,7.0,4.0,A01
201300037980,0,33,0,0.0,0.0,7.0,1.0,A01
201300037981,0,7,0,0.0,0.0,1.0,1.0,A01
201300037982,0,7,0,0.0,2.0,0.0,1.0,A01
201300037982,0,1,0,0.0,2.0,0.0,0.0,B01
201300037983,0,2,0,0.0,0.0,0.0,1.0,A01
201300037984,0,7,0,0.0,2.0,1.0,13.0,A01
201300037984,0,10,0,0.0,2.0,1.0,1.0,B01
201300037985,0,7,0,0.0,1.0,1.0,9.0,A01
201300037986,0,7,0,4.0,9.0,1.0,1.0,A01
201300037987,0,7,0,0.0,1.0,1.0,1.0,A01
201300037988,0,7,0,0.0,2.0,2.0,1.0,B01
201300037988,0,33,0,0.0,2.0,1.0,15.0,A01
201300037989,0,31,0,0.0,2.0,1.0,1.0,A01
201300037989,0,7,0,0.0,2.0,4.0,2.0,B01
201300037990,0,7,0,0.0,1.0,1.0,1.0,A01
201300037991,0,7,0,0.0,2.0,7.0,1.0,A01
201300037991,0,7,0,0.0,2.0,3.0,1.0,B01
201300037992,0,30,0,8.0,0.0,1.0,0.0,A01
201300037993,0,7,0,10.0,0.0,3.0,1.0,A01
201300037994,0,2,0,0.0,0.0,0.0,0.0,A01
201300037995,0,33,0,0.0,0.0,0.0,0.0,A01
201300037996,0,7,0,0.0,2.0,7.0,1.0,A01
201300037996,1,13,0,0.0,2.0,8.0,13.0,Z01
201300037997,0,7,0,0.0,2.0,4.0,23.0,B01
201300037997,0,10,0,0.0,2.0,1.0,23.0,A01
201300037998,0,7,0,8.0,0.0,2.0,16.0,A01
201300037999,0,7,0,0.0,1.0,1.0,1.0,A01
201300038000,0,7,0,0.0,2.0,4.0,2.0,B01
201300038000,0,7,0,0.0,2.0,1.0,1.0,A01
201300038001,0,7,0,0.0,1.0,1.0,1.0,A01
201300038002,0,1,0,16.0,0.0,9.0,1.0,A01
201300038003,0,31,0,0.0,1.0,1.0,1.0,A01
201300038004,0,2,0,0.0,0.0,0.0,0.0,A01
201300038005,0,7,0,15.0,0.0,2.0,1.0,A01
201300038006,0,7,0,12.0,0.0,1.0,1.0,A01
201300038007,0,7,0,0.0,2.0,3.0,1.0,A01
201300038007,0,7,0,1.0,2.0,2.0,9.0,B01
201300038008,0,7,0,2.0,0.0,3.0,13.0,A01
201300038009,1,7,0,0.0,2.0,1.0,1.0,Z01
201300038009,0,1,0,0.0,2.0,4.0,1.0,A01
201300038010,0,10,0,0.0,2.0,4.0,16.0,A01
201300038010,0,7,0,0.0,2.0,1.0,1.0,B01
201300038011,0,7,0,0.0,1.0,2.0,1.0,A01
201300038012,0,7,0,0.0,2.0,1.0,1.0,A01
201300038012,0,7,0,0.0,2.0,4.0,2.0,B01
201300038013,0,33,0,0.0,0.0,0.0,1.0,A01
201300038014,0,7,0,0.0,2.0,3.0,15.0,B01
201300038014,0,7,0,0.0,2.0,2.0,15.0,A01
201300038015,0,7,0,4.0,2.0,4.0,2.0,B01
201300038015,0,7,0,0.0,2.0,1.0,1.0,A01
201300038016,0,31,0,4.0,0.0,3.0,1.0,A01
201300038017,0,7,0,0.0,2.0,3.0,1.0,B01
201300038017,0,7,0,0.0,2.0,3.0,13.0,A01
201300038018,0,7,0,0.0,2.0,3.0,1.0,A01
201300038018,0,2,0,0.0,2.0,3.0,1.0,V01
201300038019,0,10,0,0.0,2.0,2.0,1.0,C01
201300038019,0,1,0,0.0,2.0,8.0,11.0,A01
201300038019,0,10,0,0.0,2.0,8.0,1.0,B01
201300038020,0,7,0,13.0,0.0,9.0,1.0,A01
201300038021,0,7,0,0.0,2.0,7.0,9.0,B01
201300038021,0,7,0,0.0,2.0,1.0,9.0,A01
201300038022,0,33,0,14.0,0.0,7.0,1.0,A01
201300038023,0,2,0,0.0,0.0,0.0,1.0,A01
201300038024,0,33,0,0.0,2.0,3.0,9.0,A01
201300038024,0,7,0,0.0,2.0,5.0,1.0,B01
201300038025,0,1,0,0.0,0.0,1.0,1.0,A01
201300038026,0,7,0,0.0,2.0,4.0,2.0,B01
201300038026,0,7,0,0.0,2.0,1.0,1.0,A01
201300038027,0,7,0,0.0,1.0,7.0,1.0,A01
201300038028,0,30,0,0.0,0.0,0.0,0.0,A01
201300038029,0,7,0,0.0,2.0,4.0,2.0,C01
201300038029,0,7,0,0.0,2.0,4.0,1.0,A01
201300038029,0,7,0,0.0,2.0,1.0,2.0,B01
201300038030,0,7,0,0.0,2.0,8.0,16.0,A01
201300038030,0,7,0,0.0,2.0,3.0,1.0,B01
201300038031,0,7,0,0.0,0.0,7.0,0.0,A01
201300038032,0,7,0,0.0,2.0,1.0,5.0,A01
201300038032,0,7,0,0.0,2.0,1.0,1.0,B01
201300038033,0,31,0,0.0,0.0,0.0,0.0,A01
201300038034,0,31,0,2.0,0.0,1.0,14.0,A01
201300038035,0,7,0,0.0,0.0,2.0,0.0,A01
201300038036,0,7,0,0.0,0.0,7.0,0.0,A01
201300038037,0,7,0,0.0,2.0,1.0,1.0,B01
201300038037,0,7,0,0.0,2.0,2.0,15.0,A01
201300038038,0,32,0,0.0,0.0,1.0,1.0,A01
201300038039,0,1,0,0.0,2.0,1.0,0.0,B01
201300038039,0,7,0,0.0,2.0,3.0,9.0,A01
201300038040,0,30,0,0.0,0.0,0.0,0.0,A01
201300038041,0,15,0,0.0,1.0,2.0,1.0,A01
201300038042,0,7,0,0.0,2.0,2.0,15.0,A01
201300038042,0,7,0,0.0,2.0,1.0,1.0,B01
201300038043,0,2,0,0.0,2.0,1.0,9.0,B01
201300038043,0,7,0,0.0,2.0,3.0,9.0,A01
201300038044,0,7,0,0.0,2.0,2.0,1.0,A01
201300038044,0,13,0,0.0,2.0,1.0,2.0,B01
201300038045,0,7,0,2.0,0.0,6.0,0.0,A01
201300038046,0,2,0,0.0,0.0,8.0,0.0,A01
201300038047,0,33,0,0.0,2.0,1.0,0.0,B01
201300038047,0,10,0,0.0,2.0,2.0,1.0,A01
201300038048,0,7,0,0.0,2.0,1.0,1.0,B01
201300038048,0,7,0,0.0,2.0,6.0,19.0,A01
201300038049,0,7,0,0.0,2.0,2.0,1.0,A01
201300038049,0,7,0,0.0,2.0,1.0,5.0,C01
201300038049,0,7,0,0.0,2.0,1.0,15.0,B01
201300038050,0,7,0,8.0,0.0,2.0,1.0,A01
201300038051,0,7,0,0.0,2.0,4.0,2.0,B01
201300038051,0,7,0,0.0,2.0,1.0,1.0,A01
201300038052,0,7,0,0.0,1.0,1.0,1.0,A01
201300038053,0,32,0,0.0,0.0,0.0,0.0,A01
201300038054,0,7,0,0.0,2.0,3.0,1.0,B01
201300038054,0,30,0,0.0,2.0,1.0,1.0,A01
201300038055,0,7,0,0.0,6.0,1.0,0.0,A01
201300038056,1,7,0,0.0,1.0,1.0,0.0,A01
201300038057,0,7,0,0.0,2.0,4.0,1.0,A01
201300038057,1,7,0,0.0,2.0,1.0,2.0,Z01
201300038058,0,34,0,1.0,0.0,0.0,1.0,A01
201300038059,0,7,0,4.0,0.0,8.0,17.0,A01
201300038060,0,7,0,9.0,0.0,0.0,1.0,A01
201300038061,0,17,0,0.0,0.0,0.0,0.0,A01
201300038062,0,7,0,0.0,1.0,1.0,19.0,A01
201300038063,0,7,0,13.0,0.0,1.0,1.0,A01
201300038064,0,7,0,0.0,2.0,1.0,0.0,B01
201300038064,0,7,0,0.0,2.0,1.0,1.0,A01
201300038065,0,7,0,0.0,1.0,1.0,1.0,A01
201300038066,2,7,0,9.0,0.0,8.0,1.0,A01
201300038067,0,2,0,0.0,1.0,1.0,1.0,A01
201300038068,1,7,0,0.0,1.0,1.0,1.0,A01
201300038069,0,7,0,0.0,2.0,3.0,1.0,A01
201300038069,0,7,0,0.0,2.0,1.0,2.0,B01
201300038069,0,10,0,0.0,2.0,1.0,2.0,C01
201300038070,1,2,0,0.0,1.0,1.0,1.0,Z01
201300038071,0,7,0,0.0,2.0,1.0,1.0,A01
201300038071,0,7,0,0.0,2.0,4.0,2.0,B01
201300038072,0,7,0,0.0,2.0,3.0,21.0,A01
201300038072,0,1,0,0.0,2.0,4.0,1.0,B01
201300038073,0,30,0,0.0,1.0,1.0,7.0,A01
201300038074,0,7,0,0.0,1.0,2.0,1.0,A01
201300038075,0,32,0,0.0,2.0,1.0,1.0,B01
201300038075,1,7,0,0.0,2.0,1.0,1.0,A01
201300038076,0,7,0,0.0,2.0,2.0,16.0,B01
201300038076,0,2,0,0.0,2.0,1.0,1.0,A01
201300038077,0,7,0,14.0,2.0,3.0,5.0,A01
201300038077,0,10,0,0.0,2.0,3.0,1.0,C01
201300038077,0,33,0,0.0,2.0,3.0,1.0,B01
201300038078,0,37,1,0.0,1.0,7.0,20.0,A01
201300038079,1,7,0,0.0,1.0,2.0,1.0,Z01
201300038080,0,33,0,14.0,0.0,9.0,1.0,A01
201300038081,0,7,0,0.0,1.0,2.0,1.0,A01
201300038082,1,7,0,0.0,2.0,3.0,0.0,B01
201300038082,0,7,0,0.0,2.0,2.0,0.0,A01
201300038083,0,7,0,0.0,2.0,4.0,23.0,C01
201300038083,0,7,0,0.0,2.0,4.0,23.0,D01
201300038083,0,7,0,0.0,2.0,1.0,1.0,A01
201300038083,0,7,0,0.0,2.0,4.0,23.0,B01
201300038084,0,10,0,0.0,1.0,4.0,4.0,A01
201300038085,0,7,0,0.0,2.0,1.0,15.0,B01
201300038085,0,2,0,0.0,2.0,1.0,1.0,A01
201300038086,0,30,0,12.0,0.0,1.0,1.0,A01
201300038087,1,7,0,0.0,2.0,1.0,1.0,Z01
201300038087,0,7,0,0.0,2.0,4.0,2.0,B01
201300038088,0,7,0,0.0,1.0,7.0,1.0,A01
201300038089,0,7,0,0.0,1.0,2.0,1.0,A01
201300038090,0,7,0,0.0,1.0,2.0,1.0,A01
201300038091,0,7,0,0.0,1.0,2.0,1.0,A01
201300038091,0,7,0,0.0,1.0,8.0,1.0,B01
201300038092,0,7,0,0.0,1.0,3.0,1.0,A01
201300038093,0,7,0,0.0,1.0,3.0,1.0,A01
201300038094,0,7,0,0.0,1.0,7.0,1.0,A01
201300038095,0,7,0,0.0,2.0,1.0,1.0,B01
201300038095,0,7,0,0.0,2.0,3.0,15.0,A01
201300038096,0,34,0,0.0,2.0,3.0,1.0,B01
201300038096,0,7,0,0.0,2.0,1.0,15.0,A01
201300038097,1,7,0,0.0,1.0,1.0,1.0,Z01
201300038098,0,7,0,0.0,1.0,8.0,1.0,A01
201300038099,0,7,0,0.0,1.0,1.0,1.0,A01
201300038100,0,7,0,0.0,1.0,2.0,1.0,A01
201300038101,0,7,0,0.0,1.0,3.0,1.0,A01
201300038102,2,10,0,0.0,2.0,1.0,1.0,A01
201300038102,0,7,0,0.0,2.0,6.0,1.0,B01
201300038103,0,7,0,0.0,1.0,1.0,1.0,A01
201300038104,0,7,0,0.0,1.0,1.0,1.0,A01
201300038105,1,7,0,0.0,1.0,1.0,1.0,A01
201300038106,0,7,0,0.0,2.0,2.0,1.0,A01
201300038106,0,7,0,0.0,2.0,4.0,2.0,B01
201300038107,0,7,0,0.0,1.0,3.0,1.0,A01
201300038108,1,7,0,0.0,1.0,1.0,10.0,Z01
201300038109,0,7,0,0.0,1.0,1.0,1.0,A01
201300038110,0,7,0,1.0,1.0,2.0,1.0,A01
201300038111,0,7,0,0.0,1.0,3.0,1.0,A01
201300038112,0,7,0,0.0,2.0,4.0,1.0,B01
201300038112,0,7,0,0.0,2.0,1.0,1.0,A01
201300038113,0,7,0,0.0,1.0,1.0,1.0,A01
201300038114,0,7,0,0.0,1.0,1.0,1.0,A01
201300038115,0,7,0,0.0,2.0,8.0,1.0,B01
201300038115,1,7,0,0.0,2.0,1.0,1.0,Z01
201300038116,0,7,0,0.0,1.0,2.0,15.0,A01
201300038117,0,7,0,0.0,2.0,1.0,15.0,A01
201300038117,0,32,0,0.0,2.0,1.0,1.0,B01
201300038118,0,7,0,0.0,1.0,2.0,1.0,A01
201300038119,0,7,0,0.0,1.0,1.0,1.0,A01
201300038120,0,30,0,0.0,2.0,8.0,13.0,B01
201300038120,0,7,0,0.0,2.0,7.0,1.0,A01
201300038121,0,7,0,0.0,2.0,8.0,11.0,A01
201300038121,0,33,0,0.0,2.0,7.0,1.0,B01
201300038122,0,7,0,0.0,1.0,8.0,1.0,A01
201300038123,0,7,0,0.0,2.0,2.0,13.0,A01
201300038123,0,30,0,0.0,2.0,3.0,13.0,B01
201300038124,0,7,0,0.0,1.0,3.0,1.0,A01
201300038125,0,7,0,0.0,2.0,2.0,1.0,A01
201300038125,1,10,0,0.0,2.0,6.0,11.0,Z01
201300038126,0,7,0,0.0,2.0,4.0,23.0,B01
201300038126,0,7,0,0.0,2.0,1.0,1.0,A01
201300038127,0,7,0,0.0,1.0,1.0,5.0,A01
201300038128,0,7,0,0.0,1.0,2.0,1.0,A01
201300038129,0,7,0,0.0,1.0,2.0,15.0,A01
201300038130,0,7,0,0.0,2.0,3.0,15.0,A01
201300038130,1,30,0,0.0,2.0,1.0,13.0,Z01
201300038131,0,7,0,0.0,1.0,8.0,1.0,A01
201300038132,0,15,0,0.0,2.0,1.0,6.0,A01
201300038132,0,7,0,0.0,2.0,4.0,1.0,I02
201300038132,0,7,0,0.0,2.0,4.0,1.0,B01
201300038132,0,7,0,0.0,2.0,4.0,1.0,G02
201300038132,0,7,0,0.0,2.0,8.0,15.0,J02
201300038132,0,7,0,0.0,2.0,4.0,1.0,F02
201300038132,0,7,0,0.0,2.0,4.0,1.0,C01
201300038132,0,7,0,0.0,2.0,4.0,1.0,E01
201300038132,0,7,0,0.0,2.0,4.0,1.0,H02
201300038132,0,7,0,0.0,2.0,4.0,1.0,D01
201300038133,1,10,0,0.0,1.0,2.0,1.0,Z01
201300038134,0,33,0,0.0,2.0,7.0,1.0,A01
201300038134,1,7,0,0.0,2.0,8.0,1.0,Z01