Num_Acc,senc,catv,occutc,obs,obsm,choc,manv,num_veh
201300038135,0,37,1,0.0,1.0,5.0,15.0,A01
201300038136,0,7,0,0.0,1.0,2.0,1.0,A01
201300038137,0,7,0,0.0,2.0,2.0,15.0,A01
201300038137,0,2,0,0.0,2.0,1.0,1.0,B01
201300038138,0,7,0,0.0,1.0,1.0,16.0,A01
201300038139,0,7,0,0.0,1.0,7.0,1.0,A01
201300038140,0,7,0,0.0,2.0,1.0,15.0,A01
201300038140,0,7,0,0.0,2.0,1.0,16.0,B01
201300038141,0,7,0,0.0,2.0,3.0,9.0,A01
201300038141,0,30,0,0.0,2.0,1.0,21.0,B01
201300038142,0,7,0,0.0,1.0,3.0,15.0,A01
201300038143,0,31,0,0.0,2.0,1.0,2.0,B01
201300038143,0,7,0,0.0,2.0,6.0,15.0,A01
201300038144,0,7,0,0.0,2.0,2.0,15.0,A01
201300038144,0,30,0,0.0,2.0,1.0,1.0,B01
201300038145,0,7,0,0.0,2.0,1.0,21.0,A01
201300038145,0,33,0,0.0,2.0,4.0,1.0,B01
201300038146,0,7,0,0.0,2.0,3.0,1.0,B01
201300038146,0,7,0,0.0,2.0,3.0,1.0,A01
201300038147,0,15,0,0.0,2.0,2.0,12.0,A01
201300038147,0,7,0,0.0,2.0,6.0,1.0,B01
201300038148,0,33,0,0.0,1.0,1.0,16.0,A01
201300038149,0,7,0,0.0,2.0,2.0,15.0,B01
201300038149,0,7,0,8.0,2.0,3.0,21.0,A01
201300038150,0,31,0,0.0,2.0,1.0,9.0,B01
201300038150,0,7,0,0.0,2.0,6.0,1.0,A01
201300038151,0,32,0,0.0,2.0,1.0,1.0,A01
201300038151,0,7,0,0.0,2.0,7.0,2.0,B01
201300038152,0,7,0,0.0,1.0,5.0,1.0,A01
201300038153,0,7,0,0.0,2.0,6.0,13.0,A01
201300038153,0,7,0,0.0,2.0,6.0,1.0,B01
201300038154,0,32,0,0.0,0.0,0.0,1.0,A01
201300038155,0,3,0,0.0,2.0,1.0,1.0,B01
201300038155,0,7,0,0.0,2.0,3.0,1.0,A01
201300038156,0,7,0,0.0,2.0,4.0,23.0,C01
201300038156,0,7,0,0.0,2.0,4.0,2.0,B01
201300038156,0,7,0,0.0,2.0,1.0,1.0,A01
201300038157,0,10,0,0.0,2.0,3.0,15.0,A01
201300038157,0,32,0,0.0,2.0,3.0,1.0,B01
201300038158,0,33,0,0.0,2.0,1.0,17.0,A01
201300038158,0,7,0,0.0,2.0,3.0,15.0,B01
201300038159,0,33,0,0.0,2.0,7.0,1.0,A01
201300038159,0,7,0,0.0,2.0,3.0,13.0,B01
201300038160,0,7,0,0.0,2.0,4.0,1.0,A01
201300038160,0,7,0,0.0,2.0,4.0,1.0,C01
201300038160,0,7,0,0.0,2.0,1.0,1.0,B01
201300038161,0,37,3,0.0,2.0,8.0,15.0,B01
201300038161,0,7,0,0.0,2.0,8.0,1.0,A01
201300038162,0,7,0,0.0,2.0,5.0,16.0,A01
201300038162,0,7,0,0.0,2.0,2.0,14.0,B01
201300038163,0,10,0,0.0,2.0,1.0,1.0,C01
201300038163,0,38,1,0.0,2.0,3.0,1.0,B01
201300038163,0,7,0,0.0,2.0,2.0,15.0,A01
201300038164,0,7,0,0.0,1.0,2.0,15.0,A01
201300038165,0,3,0,0.0,2.0,1.0,6.0,A01
201300038165,0,7,0,0.0,2.0,1.0,1.0,B01
201300038166,0,7,0,0.0,1.0,1.0,1.0,A01
201300038167,0,7,0,0.0,2.0,1.0,1.0,A01
201300038167,0,7,0,0.0,2.0,4.0,2.0,B01
201300038168,0,7,0,0.0,2.0,1.0,1.0,A01
201300038168,0,7,0,0.0,2.0,1.0,2.0,B01
201300038169,0,7,0,0.0,2.0,4.0,1.0,A01
201300038169,0,7,0,0.0,2.0,1.0,2.0,B01
201300038170,0,17,0,0.0,2.0,8.0,15.0,B01
201300038170,0,7,0,0.0,2.0,1.0,19.0,A01
201300038171,0,7,0,0.0,1.0,1.0,15.0,A01
201300038172,0,7,0,0.0,2.0,6.0,15.0,A01
201300038172,0,33,0,0.0,2.0,3.0,2.0,B01
201300038173,0,30,0,0.0,2.0,1.0,1.0,B01
201300038173,0,7,0,0.0,2.0,7.0,1.0,A01
201300038174,0,7,0,0.0,1.0,1.0,1.0,A01
201300038175,0,7,0,15.0,2.0,2.0,0.0,A01
201300038175,0,7,0,0.0,2.0,5.0,1.0,B01
201300038176,0,7,0,0.0,1.0,2.0,1.0,A01
201300038177,0,7,0,0.0,1.0,3.0,1.0,A01
201300038178,0,7,0,0.0,2.0,1.0,2.0,B01
201300038178,0,7,0,0.0,2.0,4.0,1.0,A01
201300038178,0,7,0,0.0,2.0,1.0,2.0,C01
201300038179,0,7,0,15.0,1.0,1.0,1.0,A01
201300038180,0,7,0,0.0,2.0,8.0,1.0,B01
201300038180,2,7,0,0.0,0.0,1.0,1.0,A01
201300038181,0,7,0,0.0,2.0,7.0,1.0,A01
201300038181,0,2,0,0.0,0.0,0.0,1.0,B01
201300038182,0,1,0,0.0,1.0,1.0,1.0,A01
201300038183,0,33,0,0.0,0.0,0.0,1.0,A01
201300038184,0,7,0,0.0,0.0,9.0,1.0,A01
201300038185,1,7,0,0.0,1.0,0.0,0.0,A01
201300038186,0,7,0,0.0,2.0,8.0,15.0,A01
201300038186,0,33,0,0.0,2.0,1.0,17.0,B01
201300038187,0,7,0,0.0,1.0,1.0,0.0,A01
201300038188,0,7,0,0.0,1.0,1.0,1.0,A01
201300038189,1,7,0,0.0,2.0,1.0,1.0,Z01
201300038189,0,32,0,0.0,2.0,3.0,10.0,A01
201300038190,0,32,0,0.0,1.0,1.0,1.0,A01
201300038191,0,7,0,0.0,1.0,1.0,1.0,A01
201300038192,0,7,0,0.0,0.0,1.0,17.0,A01
201300038193,0,31,0,0.0,2.0,7.0,1.0,A01
201300038193,0,7,0,0.0,2.0,1.0,1.0,B01
201300038194,0,33,0,0.0,2.0,0.0,1.0,A01
201300038194,0,7,0,0.0,2.0,0.0,2.0,B01
201300038195,0,30,0,0.0,2.0,1.0,1.0,B01
201300038195,0,7,0,0.0,2.0,1.0,15.0,A01
201300038195,0,33,0,0.0,2.0,1.0,1.0,C01
201300038196,0,7,0,0.0,2.0,9.0,1.0,A01
201300038196,0,7,0,0.0,2.0,8.0,2.0,B01
201300038197,0,10,0,0.0,2.0,4.0,2.0,B01
201300038197,0,16,0,0.0,2.0,1.0,1.0,A01
201300038198,0,2,0,0.0,2.0,7.0,1.0,B01
201300038198,0,7,0,0.0,2.0,8.0,13.0,A01
201300038199,0,7,0,1.0,2.0,6.0,0.0,A01
201300038199,0,30,0,0.0,2.0,1.0,0.0,B01
201300038200,0,7,0,0.0,2.0,1.0,1.0,A01
201300038200,0,7,0,0.0,2.0,9.0,2.0,C01
201300038200,0,7,0,0.0,2.0,9.0,2.0,D01
201300038200,0,7,0,0.0,2.0,1.0,2.0,E01
201300038200,0,7,0,0.0,2.0,1.0,2.0,B01
201300038201,0,7,0,0.0,2.0,1.0,14.0,A01
201300038201,0,7,0,0.0,2.0,6.0,1.0,B01
201300038202,0,7,0,0.0,2.0,4.0,1.0,A01
201300038202,0,30,0,0.0,2.0,1.0,2.0,B01
201300038203,0,7,0,0.0,2.0,4.0,1.0,A01
201300038203,0,33,0,0.0,2.0,4.0,2.0,B01
201300038203,0,7,0,0.0,2.0,1.0,2.0,C01
201300038204,0,7,0,0.0,2.0,3.0,11.0,A01
201300038204,0,7,0,0.0,2.0,7.0,1.0,B01
201300038205,0,10,0,0.0,2.0,1.0,1.0,A01
201300038205,0,7,0,0.0,2.0,4.0,2.0,B01
201300038206,0,7,0,0.0,2.0,7.0,6.0,A01
201300038206,0,7,0,0.0,2.0,1.0,1.0,B01
201300038207,0,7,0,0.0,1.0,1.0,1.0,A01
201300038208,0,1,0,0.0,2.0,2.0,1.0,B01
201300038208,0,7,0,0.0,2.0,1.0,16.0,A01
201300038209,0,7,0,0.0,2.0,4.0,2.0,B01
201300038209,0,7,0,0.0,2.0,1.0,1.0,C01
201300038209,0,7,0,0.0,2.0,4.0,1.0,A01
201300038210,0,33,0,0.0,2.0,1.0,1.0,A01
201300038210,0,7,0,0.0,2.0,3.0,1.0,B01
201300038211,0,1,0,0.0,2.0,4.0,2.0,B01
201300038211,0,7,0,0.0,2.0,1.0,1.0,A01
201300038212,0,7,0,0.0,2.0,1.0,1.0,B01
201300038212,0,7,0,0.0,2.0,5.0,1.0,A01
201300038213,0,1,0,0.0,2.0,1.0,14.0,B01
201300038213,0,7,0,0.0,2.0,1.0,15.0,A01
201300038214,0,7,0,0.0,2.0,1.0,1.0,A01
201300038214,0,33,0,0.0,2.0,4.0,2.0,B01
201300038215,0,7,0,0.0,2.0,1.0,1.0,A01
201300038215,0,30,0,0.0,2.0,4.0,2.0,B01
201300038216,0,7,0,0.0,2.0,1.0,1.0,B01
201300038216,1,7,0,0.0,2.0,1.0,13.0,A01
201300038217,0,33,0,0.0,2.0,1.0,1.0,A01
201300038217,0,7,0,0.0,2.0,4.0,2.0,B01
201300038218,0,10,0,1.0,1.0,2.0,1.0,B01
201300038219,0,7,0,0.0,1.0,1.0,15.0,A01
201300038220,0,7,0,0.0,1.0,1.0,1.0,A01
201300038221,0,7,0,0.0,2.0,8.0,22.0,A01
201300038221,0,30,0,1.0,2.0,1.0,1.0,B01
201300038222,0,7,0,9.0,0.0,1.0,1.0,A01
201300038223,0,37,1,0.0,2.0,1.0,2.0,B01
201300038223,0,7,0,0.0,2.0,4.0,20.0,A01
201300038224,0,7,0,0.0,2.0,1.0,1.0,C01
201300038224,0,7,0,0.0,2.0,1.0,1.0,A01
201300038224,0,7,0,0.0,2.0,1.0,1.0,B01
201300038225,0,7,0,0.0,2.0,6.0,16.0,B01
201300038225,0,7,0,0.0,2.0,1.0,1.0,A01
201300038226,0,7,0,0.0,2.0,4.0,1.0,B01
201300038226,0,2,0,0.0,2.0,1.0,1.0,A01
201300038227,0,7,0,0.0,2.0,3.0,1.0,B01
201300038227,0,7,0,1.0,2.0,2.0,1.0,A01
201300038228,0,7,0,0.0,2.0,4.0,2.0,B01
201300038228,0,7,0,0.0,2.0,4.0,2.0,C01
201300038228,0,7,0,0.0,2.0,1.0,1.0,A01
201300038229,0,13,0,0.0,2.0,1.0,2.0,B01
201300038229,0,7,0,0.0,2.0,4.0,1.0,A01
201300038230,0,7,0,0.0,2.0,3.0,15.0,A01
201300038230,0,30,0,0.0,2.0,1.0,1.0,B01
201300038231,0,7,0,3.0,1.0,3.0,0.0,A01
201300038232,0,7,0,0.0,1.0,1.0,9.0,A01
201300038233,0,1,0,0.0,2.0,0.0,0.0,B01
201300038233,0,7,0,0.0,2.0,0.0,0.0,A01
201300038234,0,7,0,1.0,0.0,1.0,20.0,A01
201300038235,0,33,0,0.0,2.0,1.0,1.0,A01
201300038235,0,7,0,0.0,2.0,6.0,2.0,B01
201300038236,0,10,0,0.0,2.0,1.0,1.0,A01
201300038236,0,7,0,0.0,2.0,4.0,2.0,B01
201300038237,0,7,0,0.0,2.0,3.0,0.0,A01
201300038237,0,7,0,0.0,2.0,1.0,1.0,B01
201300038238,0,7,0,0.0,2.0,6.0,0.0,B01
201300038238,0,30,0,0.0,2.0,1.0,5.0,A01
201300038239,0,7,0,0.0,2.0,4.0,23.0,B01
201300038239,0,10,0,0.0,2.0,1.0,14.0,A01
201300038239,0,7,0,0.0,2.0,4.0,23.0,C01
201300038239,0,7,0,0.0,2.0,4.0,23.0,D01
201300038240,0,7,0,0.0,2.0,3.0,1.0,B01
201300038240,0,32,0,0.0,2.0,1.0,1.0,A01
201300038241,0,33,0,0.0,2.0,1.0,1.0,B01
201300038241,0,7,0,0.0,2.0,2.0,1.0,A01
201300038242,0,7,0,0.0,2.0,1.0,0.0,A01
201300038242,0,30,0,0.0,2.0,1.0,0.0,B01
201300038243,0,7,0,0.0,2.0,8.0,0.0,A01
201300038243,0,32,0,0.0,2.0,7.0,0.0,B01
201300038244,2,7,0,0.0,2.0,2.0,10.0,B01
201300038244,0,33,0,0.0,2.0,1.0,1.0,A01
201300038245,0,32,0,0.0,0.0,0.0,0.0,A01
201300038246,0,7,0,0.0,1.0,1.0,1.0,A01
201300038247,0,7,0,2.0,0.0,3.0,19.0,A01
201300038248,1,7,0,0.0,2.0,4.0,24.0,Z01
201300038248,0,7,0,0.0,2.0,1.0,0.0,A01
201300038249,0,7,0,0.0,1.0,1.0,1.0,A01
201300038250,0,7,0,0.0,2.0,1.0,0.0,B01
201300038250,0,7,0,0.0,2.0,5.0,0.0,A01
201300038251,0,7,0,0.0,2.0,1.0,1.0,A01
201300038251,0,1,0,0.0,2.0,4.0,1.0,B01
201300038252,0,7,0,0.0,1.0,1.0,5.0,A01
201300038253,1,7,0,0.0,1.0,1.0,0.0,A01
201300038254,0,30,0,0.0,2.0,1.0,0.0,B01
201300038254,0,7,0,0.0,2.0,1.0,0.0,A01
201300038255,0,7,0,6.0,0.0,1.0,14.0,A01
201300038256,0,7,0,0.0,2.0,4.0,2.0,B01
201300038256,0,7,0,0.0,2.0,1.0,1.0,A01
201300038257,0,7,0,0.0,2.0,4.0,2.0,B01
201300038257,0,7,0,0.0,2.0,1.0,1.0,A01
201300038258,1,7,0,1.0,1.0,1.0,0.0,Z01
201300038259,0,7,0,0.0,2.0,1.0,1.0,A01
201300038259,0,7,0,0.0,2.0,3.0,1.0,B01
201300038260,0,7,0,0.0,1.0,1.0,1.0,A01
201300038261,0,1,0,0.0,2.0,8.0,19.0,B01
201300038261,0,7,0,0.0,2.0,1.0,1.0,A01
201300038262,0,10,0,0.0,2.0,3.0,10.0,A01
201300038262,0,33,0,0.0,2.0,2.0,1.0,B01
201300038263,0,7,0,0.0,1.0,1.0,1.0,B01
201300038263,0,7,0,0.0,1.0,1.0,1.0,A01
201300038264,0,7,0,0.0,1.0,4.0,4.0,A01
201300038265,0,33,0,0.0,2.0,1.0,1.0,B01
201300038265,0,7,0,0.0,2.0,2.0,10.0,A01
201300038266,0,7,0,0.0,2.0,2.0,1.0,A01
201300038266,0,7,0,0.0,2.0,2.0,15.0,B01
201300038267,0,7,0,0.0,1.0,1.0,1.0,A01
201300038268,0,7,0,0.0,2.0,4.0,2.0,B01
201300038268,0,7,0,0.0,2.0,1.0,1.0,A01
201300038269,0,7,0,0.0,2.0,1.0,1.0,A01
201300038269,0,7,0,0.0,2.0,4.0,2.0,B01
201300038270,0,1,0,0.0,2.0,4.0,2.0,B01
201300038270,0,7,0,0.0,2.0,1.0,1.0,A01
201300038271,0,7,0,0.0,2.0,1.0,5.0,A01
201300038271,0,7,0,0.0,2.0,3.0,1.0,B01
201300038272,0,7,0,0.0,1.0,1.0,1.0,A01
201300038273,0,7,0,0.0,1.0,1.0,1.0,A01
201300038274,0,7,0,1.0,0.0,1.0,0.0,A01
201300038275,0,7,0,0.0,1.0,1.0,1.0,A01
201300038276,0,7,0,0.0,2.0,1.0,1.0,B01
201300038276,0,7,0,0.0,2.0,1.0,13.0,A01
201300038277,1,7,0,0.0,1.0,1.0,1.0,A01
201300038278,0,7,0,0.0,1.0,1.0,1.0,A01
201300038279,0,7,0,0.0,1.0,2.0,1.0,A01
201300038280,0,7,0,0.0,1.0,1.0,1.0,A01
201300038281,0,7,0,0.0,1.0,2.0,1.0,A01
201300038282,0,7,0,0.0,1.0,2.0,1.0,B01
201300038283,0,7,0,14.0,2.0,1.0,1.0,A01
201300038283,0,7,0,0.0,2.0,4.0,15.0,B01
201300038284,0,7,0,0.0,1.0,3.0,9.0,A01
201300038285,0,7,0,0.0,1.0,1.0,1.0,A01
201300038286,0,7,0,0.0,2.0,3.0,1.0,B01
201300038286,0,7,0,0.0,2.0,7.0,19.0,A01
201300038287,0,7,0,0.0,2.0,1.0,9.0,A01
201300038287,0,7,0,0.0,2.0,1.0,1.0,B01
201300038288,0,30,0,0.0,2.0,7.0,15.0,A01
201300038288,0,7,0,0.0,2.0,1.0,1.0,B01
201300038289,0,7,0,0.0,2.0,4.0,23.0,B01
201300038289,0,7,0,0.0,2.0,1.0,1.0,A01
201300038290,0,7,0,0.0,2.0,2.0,1.0,A01
201300038290,0,7,0,0.0,2.0,3.0,1.0,B01
201300038291,0,7,0,0.0,2.0,7.0,21.0,C01
201300038291,0,7,0,0.0,2.0,3.0,1.0,A01
201300038291,0,10,0,0.0,2.0,3.0,1.0,B01
201300038292,0,7,0,0.0,1.0,2.0,9.0,A01
201300038293,1,99,0,0.0,1.0,2.0,1.0,A01
201300038294,0,7,0,3.0,0.0,1.0,1.0,A01
201300038295,0,7,0,0.0,2.0,1.0,2.0,B01
201300038295,0,7,0,0.0,2.0,4.0,20.0,C01
201300038295,0,7,0,0.0,2.0,1.0,21.0,A01
201300038296,0,7,0,1.0,2.0,1.0,5.0,B01
201300038296,0,7,0,0.0,2.0,1.0,19.0,A01
201300038297,0,7,0,0.0,2.0,6.0,15.0,B01
201300038297,0,33,0,0.0,2.0,2.0,1.0,A01
201300038298,0,7,0,0.0,1.0,2.0,1.0,A01
201300038299,0,37,1,0.0,1.0,1.0,1.0,A01
201300038300,0,30,0,0.0,2.0,2.0,19.0,B01
201300038300,0,7,0,0.0,2.0,2.0,13.0,A01
201300038301,0,7,0,0.0,1.0,1.0,17.0,A01
201300038302,0,7,0,0.0,2.0,1.0,1.0,A01
201300038302,0,7,0,0.0,2.0,8.0,1.0,B01
201300038303,0,17,0,0.0,2.0,3.0,1.0,B01
201300038303,0,7,0,0.0,2.0,3.0,1.0,A01
201300038304,0,7,0,0.0,2.0,2.0,19.0,A01
201300038304,0,7,0,0.0,2.0,8.0,1.0,B01
201300038305,0,30,0,0.0,2.0,1.0,1.0,B01
201300038305,0,7,0,0.0,2.0,2.0,9.0,A01
201300038306,0,30,0,0.0,2.0,1.0,1.0,B01
201300038306,0,7,0,0.0,2.0,3.0,15.0,A01
201300038307,0,31,0,1.0,2.0,1.0,21.0,B01
201300038307,0,30,0,0.0,2.0,4.0,1.0,A01
201300038308,0,2,0,1.0,2.0,1.0,2.0,B01
201300038308,0,7,0,1.0,2.0,8.0,1.0,A01
201300038309,0,1,0,0.0,2.0,6.0,10.0,A01
201300038309,0,34,0,0.0,2.0,1.0,17.0,B01
201300038310,0,10,0,0.0,1.0,3.0,1.0,A01
201300038311,0,7,0,0.0,1.0,2.0,1.0,A01
201300038312,0,7,0,0.0,2.0,1.0,1.0,A01
201300038312,0,7,0,0.0,2.0,4.0,2.0,B01
201300038313,0,7,0,0.0,1.0,1.0,20.0,A01
201300038314,0,2,0,0.0,9.0,1.0,1.0,A01
201300038315,0,7,0,0.0,2.0,1.0,1.0,A01
201300038315,0,10,0,0.0,2.0,4.0,2.0,B01
201300038315,0,10,0,0.0,2.0,4.0,2.0,C01
201300038316,0,33,0,1.0,0.0,2.0,1.0,B01
201300038317,0,7,0,0.0,2.0,8.0,16.0,A01
201300038317,0,30,0,0.0,2.0,1.0,1.0,B01
201300038318,0,7,0,0.0,2.0,2.0,14.0,A01
201300038319,0,1,0,0.0,2.0,1.0,13.0,B01
201300038319,0,1,0,0.0,2.0,1.0,1.0,A01
201300038320,0,7,0,2.0,2.0,1.0,14.0,A01
201300038320,0,34,0,0.0,2.0,7.0,1.0,B01
201300038321,0,30,0,0.0,2.0,1.0,1.0,A01
201300038321,0,7,0,0.0,2.0,4.0,2.0,B01
201300038322,0,7,0,0.0,1.0,4.0,4.0,A01
201300038323,0,7,0,0.0,1.0,2.0,1.0,A01
201300038324,0,7,0,0.0,2.0,1.0,1.0,A01
201300038324,0,7,0,0.0,1.0,4.0,23.0,B01
201300038325,0,7,0,14.0,0.0,9.0,16.0,A01
201300038326,0,10,0,0.0,2.0,3.0,9.0,A01
201300038326,0,1,0,0.0,2.0,1.0,21.0,B01
201300038327,0,1,0,0.0,2.0,1.0,1.0,A01
201300038327,0,7,0,0.0,2.0,4.0,2.0,B01
201300038328,0,3,0,0.0,2.0,1.0,9.0,A01
201300038328,0,2,0,0.0,2.0,7.0,21.0,B01
201300038329,0,7,0,0.0,2.0,6.0,2.0,C01
201300038329,0,7,0,0.0,2.0,3.0,1.0,A01
201300038329,0,7,0,0.0,2.0,2.0,2.0,B01
201300038330,0,31,0,0.0,2.0,1.0,1.0,B01
201300038330,0,7,0,0.0,2.0,1.0,15.0,A01
201300038331,0,33,0,8.0,0.0,1.0,0.0,A01
201300038332,0,7,0,0.0,2.0,3.0,1.0,B01
201300038332,0,2,0,0.0,2.0,1.0,13.0,A01
201300038333,0,7,0,0.0,2.0,4.0,2.0,B01
201300038333,0,15,0,0.0,2.0,1.0,1.0,A01
201300038334,0,7,0,0.0,2.0,0.0,0.0,A01
201300038334,0,1,0,0.0,2.0,0.0,0.0,B01
201300038335,0,7,0,0.0,2.0,2.0,1.0,B01
201300038335,0,7,0,0.0,2.0,3.0,9.0,A01
201300038336,0,7,0,15.0,1.0,5.0,1.0,A01
201300038337,0,7,0,0.0,1.0,1.0,1.0,A01
201300038338,0,31,0,0.0,2.0,1.0,1.0,B01
201300038338,0,7,0,0.0,2.0,3.0,15.0,A01
201300038339,0,7,0,0.0,1.0,4.0,4.0,A01
201300038340,0,30,0,0.0,2.0,0.0,21.0,B01
201300038340,0,7,0,0.0,2.0,2.0,21.0,A01
201300038341,0,7,0,0.0,0.0,1.0,1.0,A01
201300038342,0,7,0,0.0,2.0,3.0,1.0,A01
201300038342,1,7,0,0.0,2.0,3.0,13.0,C01
201300038342,0,7,0,0.0,2.0,8.0,1.0,B01
201300038343,0,7,0,0.0,1.0,1.0,1.0,A01
201300038344,0,7,0,0.0,1.0,1.0,1.0,A01
201300038345,0,7,0,0.0,1.0,2.0,21.0,A01
201300038346,0,30,0,0.0,1.0,3.0,17.0,A01
201300038347,0,7,0,0.0,1.0,8.0,1.0,A01
201300038348,0,7,0,0.0,1.0,1.0,1.0,A01
201300038349,0,7,0,0.0,1.0,3.0,1.0,A01
201300038350,0,7,0,0.0,2.0,6.0,23.0,B01
201300038350,0,31,0,1.0,2.0,1.0,1.0,A01
201300038351,0,7,0,0.0,1.0,8.0,15.0,A01
201300038352,0,7,0,0.0,2.0,1.0,5.0,A01
201300038352,0,7,0,0.0,2.0,1.0,1.0,B01
201300038353,0,7,0,0.0,1.0,4.0,4.0,A01
201300038354,0,30,0,3.0,0.0,1.0,1.0,A01
201300038355,0,30,0,0.0,2.0,4.0,2.0,B01
201300038355,0,10,0,0.0,2.0,1.0,1.0,A01
201300038356,0,7,0,0.0,2.0,4.0,2.0,B01
201300038356,0,7,0,0.0,2.0,1.0,1.0,A01
201300038357,0,10,0,0.0,2.0,1.0,2.0,B01
201300038357,0,7,0,4.0,2.0,3.0,1.0,A01
201300038358,0,7,0,0.0,2.0,1.0,1.0,A01
201300038358,0,7,0,0.0,2.0,4.0,2.0,B01
201300038359,0,7,0,0.0,2.0,1.0,1.0,A01
201300038359,0,7,0,0.0,2.0,4.0,2.0,B01
201300038360,0,7,0,12.0,0.0,1.0,13.0,A01
201300038361,0,14,0,0.0,2.0,2.0,1.0,A01
201300038361,0,10,0,0.0,2.0,5.0,4.0,B01
201300038362,0,1,0,0.0,2.0,3.0,5.0,B01
201300038362,0,7,0,0.0,2.0,2.0,19.0,A01
201300038363,0,2,0,0.0,2.0,1.0,17.0,A01
201300038363,0,7,0,0.0,2.0,0.0,1.0,B01
201300038364,0,7,0,0.0,1.0,3.0,1.0,A01
201300038365,0,30,0,0.0,2.0,4.0,2.0,B01
201300038365,0,7,0,0.0,2.0,1.0,1.0,A01
201300038366,0,7,0,0.0,2.0,3.0,20.0,A01
201300038366,0,2,0,0.0,2.0,1.0,1.0,B01
201300038367,0,7,0,6.0,2.0,7.0,1.0,B01
201300038367,0,7,0,0.0,2.0,1.0,15.0,A01
201300038368,0,7,0,0.0,1.0,1.0,1.0,A01
201300038369,0,7,0,0.0,2.0,1.0,1.0,A01
201300038369,0,30,0,0.0,2.0,4.0,23.0,B01
201300038370,0,7,0,8.0,0.0,3.0,6.0,A01
201300038371,0,7,0,0.0,2.0,2.0,19.0,A01
201300038371,0,7,0,0.0,2.0,3.0,1.0,B01
201300038372,0,7,0,0.0,2.0,3.0,15.0,A01
201300038372,0,33,0,0.0,2.0,1.0,17.0,B01
201300038373,0,7,0,0.0,1.0,2.0,15.0,A01
201300038374,0,7,0,0.0,1.0,3.0,9.0,A01
201300038375,0,7,0,8.0,0.0,1.0,1.0,A01
201300038376,0,31,0,0.0,2.0,7.0,1.0,B01
201300038376,0,10,0,0.0,2.0,1.0,1.0,A01
201300038377,0,7,0,0.0,2.0,8.0,1.0,B01
201300038377,0,7,0,0.0,2.0,3.0,9.0,A01
201300038378,0,7,0,0.0,2.0,2.0,1.0,A01
201300038378,0,1,0,0.0,2.0,1.0,1.0,B01
201300038379,0,7,0,0.0,1.0,1.0,1.0,A01
201300038380,0,7,0,0.0,1.0,2.0,1.0,A01
201300038381,0,7,0,0.0,2.0,1.0,2.0,C01
201300038381,0,7,0,0.0,2.0,9.0,2.0,B01
201300038381,0,7,0,0.0,2.0,4.0,3.0,A01
201300038382,0,7,0,0.0,1.0,1.0,1.0,A01
201300038383,0,30,0,1.0,0.0,1.0,1.0,A01
201300038384,0,30,0,0.0,2.0,1.0,0.0,A01
201300038384,0,7,0,0.0,2.0,8.0,1.0,B01
201300038385,0,7,0,0.0,1.0,7.0,1.0,A01
201300038386,0,33,0,0.0,2.0,1.0,3.0,A01
201300038386,0,7,0,0.0,2.0,3.0,15.0,B01
201300038387,0,33,0,0.0,2.0,1.0,2.0,B01
201300038387,0,7,0,0.0,2.0,5.0,1.0,A01
201300038388,0,33,0,0.0,2.0,1.0,1.0,B01
201300038388,0,31,0,0.0,2.0,1.0,0.0,A01
201300038389,0,7,0,0.0,2.0,1.0,13.0,A01
201300038389,0,7,0,0.0,2.0,1.0,1.0,B01
201300038390,0,7,0,0.0,1.0,5.0,1.0,A01
201300038391,0,7,0,0.0,2.0,3.0,2.0,B01
201300038391,0,7,0,0.0,2.0,5.0,9.0,A01
201300038392,1,7,0,0.0,2.0,1.0,1.0,A01
201300038392,0,30,0,0.0,2.0,1.0,1.0,B01
201300038393,0,7,0,0.0,1.0,3.0,1.0,A01
201300038394,0,7,0,0.0,2.0,5.0,1.0,B01
201300038394,0,33,0,0.0,2.0,1.0,1.0,A01
201300038395,0,7,0,0.0,1.0,3.0,15.0,A01
201300038396,0,7,0,0.0,2.0,4.0,2.0,B01
201300038396,0,7,0,0.0,2.0,1.0,1.0,A01
201300038397,0,37,1,0.0,1.0,2.0,1.0,A01
201300038398,0,7,0,0.0,1.0,3.0,1.0,A01
201300038399,0,7,0,0.0,1.0,1.0,16.0,A01
201300038400,0,7,0,4.0,0.0,8.0,1.0,A01
201300038401,0,7,0,0.0,1.0,1.0,1.0,A01
201300038402,0,7,0,0.0,1.0,1.0,1.0,A01
201300038403,0,7,0,0.0,2.0,8.0,1.0,A01
201300038403,0,30,0,0.0,2.0,1.0,1.0,B01
201300038404,0,31,0,0.0,2.0,1.0,1.0,A01
201300038404,0,7,0,0.0,2.0,5.0,2.0,B01
201300038405,0,31,0,0.0,1.0,1.0,1.0,A01
201300038406,0,33,0,0.0,2.0,1.0,1.0,A01
201300038406,0,7,0,0.0,2.0,3.0,1.0,B01
201300038407,0,2,0,0.0,2.0,1.0,1.0,B01
201300038407,0,7,0,0.0,2.0,3.0,1.0,A01
201300038408,0,7,0,1.0,0.0,1.0,1.0,A01
201300038409,0,7,0,0.0,2.0,1.0,1.0,B01
201300038409,0,7,0,0.0,2.0,3.0,9.0,A01
201300038410,0,7,0,0.0,1.0,1.0,16.0,A01
201300038411,0,7,0,0.0,1.0,2.0,1.0,A01
201300038412,0,33,0,0.0,2.0,1.0,17.0,B01
201300038412,0,7,0,0.0,2.0,3.0,15.0,A01