Num_Acc,senc,catv,occutc,obs,obsm,choc,manv,num_veh
201300038413,0,7,0,0.0,2.0,1.0,1.0,A01
201300038413,0,7,0,0.0,2.0,1.0,1.0,B01
201300038414,0,7,0,0.0,2.0,1.0,9.0,A01
201300038414,0,7,0,8.0,2.0,3.0,1.0,B01
201300038415,0,7,0,0.0,2.0,8.0,1.0,B01
201300038415,0,7,0,0.0,2.0,3.0,15.0,A01
201300038416,0,7,0,0.0,1.0,4.0,4.0,A01
201300038417,0,7,0,1.0,0.0,1.0,1.0,A01
201300038418,0,7,0,2.0,2.0,1.0,17.0,A01
201300038418,0,7,0,0.0,2.0,1.0,1.0,B01
201300038419,0,30,0,0.0,2.0,1.0,1.0,B01
201300038419,0,7,0,0.0,2.0,7.0,1.0,A01
201300038420,0,7,0,0.0,1.0,4.0,4.0,A01
201300038421,0,2,0,0.0,2.0,1.0,1.0,B01
201300038421,0,7,0,0.0,2.0,2.0,9.0,A01
201300038422,0,7,0,0.0,2.0,1.0,9.0,A01
201300038422,0,7,0,0.0,2.0,2.0,2.0,B01
201300038423,0,7,0,0.0,2.0,3.0,17.0,B01
201300038423,0,33,0,0.0,2.0,3.0,1.0,A01
201300038424,0,30,0,0.0,2.0,1.0,1.0,B01
201300038424,0,7,0,0.0,2.0,2.0,11.0,A01
201300038425,0,7,0,0.0,1.0,1.0,1.0,A01
201300038426,0,31,0,1.0,2.0,1.0,1.0,B01
201300038426,0,7,0,0.0,2.0,3.0,10.0,A01
201300038427,0,7,0,0.0,2.0,2.0,15.0,A01
201300038427,0,1,0,0.0,2.0,1.0,1.0,B01
201300038428,0,10,0,0.0,2.0,1.0,1.0,A01
201300038428,0,7,0,0.0,2.0,2.0,11.0,B01
201300038429,0,7,0,0.0,2.0,4.0,2.0,B01
201300038429,0,7,0,0.0,2.0,1.0,1.0,A01
201300038430,0,30,0,0.0,2.0,1.0,17.0,B01
201300038430,0,10,0,0.0,2.0,8.0,15.0,A01
201300038431,0,33,0,0.0,2.0,2.0,17.0,A01
201300038431,0,7,0,0.0,2.0,6.0,15.0,B01
201300038432,0,7,0,0.0,2.0,3.0,1.0,B01
201300038432,0,7,0,0.0,2.0,2.0,1.0,A01
201300038433,0,7,0,0.0,2.0,3.0,9.0,A01
201300038433,0,7,0,0.0,2.0,1.0,1.0,B01
201300038434,0,30,0,15.0,0.0,1.0,0.0,A01
201300038435,0,7,0,0.0,1.0,2.0,1.0,A01
201300038436,0,7,0,0.0,2.0,4.0,1.0,A01
201300038436,0,7,0,0.0,2.0,1.0,2.0,B01
201300038437,0,33,0,0.0,2.0,4.0,23.0,B01
201300038437,1,7,0,0.0,2.0,1.0,1.0,Z01
201300038438,0,10,0,0.0,2.0,1.0,1.0,A01
201300038438,0,7,0,0.0,2.0,4.0,2.0,B01
201300038439,0,7,0,0.0,2.0,8.0,0.0,B01
201300038439,0,31,0,0.0,2.0,1.0,1.0,A01
201300038440,0,33,0,0.0,2.0,1.0,2.0,B01
201300038440,0,7,0,0.0,2.0,6.0,10.0,A01
201300038441,0,7,0,8.0,0.0,1.0,1.0,A01
201300038442,0,7,0,0.0,1.0,1.0,1.0,A01
201300038443,0,33,0,0.0,2.0,1.0,17.0,A01
201300038443,0,7,0,0.0,2.0,1.0,1.0,B01
201300038444,0,33,0,0.0,2.0,1.0,1.0,B01
201300038444,0,7,0,0.0,2.0,1.0,15.0,A01
201300038445,1,7,0,0.0,2.0,3.0,17.0,A01
201300038445,0,33,0,0.0,2.0,1.0,1.0,B01
201300038446,0,7,0,0.0,2.0,1.0,9.0,B01
201300038446,0,33,0,0.0,2.0,1.0,1.0,A01
201300038447,0,33,0,0.0,1.0,1.0,1.0,A01
201300038448,0,7,0,12.0,0.0,1.0,1.0,A01
201300038449,0,7,0,0.0,1.0,0.0,0.0,A01
201300038450,0,7,0,0.0,2.0,1.0,1.0,B01
201300038450,0,7,0,0.0,2.0,8.0,1.0,A01
201300038451,0,7,0,0.0,1.0,1.0,16.0,A01
201300038452,0,7,0,0.0,1.0,2.0,1.0,A01
201300038453,0,7,0,0.0,2.0,1.0,1.0,B01
201300038453,0,7,0,0.0,1.0,7.0,1.0,A01
201300038454,0,7,0,0.0,1.0,1.0,15.0,A01
201300038455,0,30,0,0.0,2.0,8.0,1.0,B01
201300038455,0,7,0,0.0,2.0,1.0,15.0,A01
201300038456,0,7,0,0.0,1.0,1.0,16.0,A01
201300038457,0,7,0,0.0,1.0,3.0,1.0,A01
201300038458,0,7,0,6.0,0.0,1.0,9.0,A01
201300038459,0,7,0,0.0,1.0,3.0,18.0,A01
201300038460,0,7,0,0.0,1.0,2.0,1.0,A01
201300038461,0,7,0,0.0,2.0,7.0,15.0,A01
201300038461,0,33,0,0.0,2.0,1.0,1.0,B01
201300038462,0,1,0,0.0,2.0,4.0,1.0,B01
201300038462,0,7,0,0.0,2.0,1.0,9.0,A01
201300038463,0,3,0,1.0,0.0,1.0,1.0,A01
201300038463,0,7,0,1.0,0.0,6.0,24.0,B01
201300038464,0,7,0,0.0,2.0,3.0,9.0,A01
201300038464,0,31,0,0.0,2.0,7.0,1.0,B01
201300038465,0,7,0,0.0,1.0,1.0,1.0,A01
201300038466,0,30,0,0.0,2.0,1.0,1.0,A01
201300038466,0,7,0,0.0,2.0,3.0,15.0,B01
201300038467,0,7,0,0.0,1.0,2.0,8.0,A01
201300038468,0,32,0,0.0,2.0,1.0,1.0,B01
201300038468,0,7,0,0.0,2.0,2.0,15.0,A01
201300038469,0,31,0,0.0,2.0,1.0,1.0,B01
201300038469,0,7,0,0.0,2.0,3.0,5.0,A01
201300038470,0,7,0,0.0,2.0,2.0,1.0,B01
201300038470,0,2,0,0.0,2.0,0.0,1.0,A01
201300038471,0,30,0,11.0,0.0,1.0,14.0,A01
201300038472,0,7,0,0.0,1.0,3.0,1.0,A01
201300038473,0,30,0,0.0,2.0,1.0,1.0,A01
201300038473,0,7,0,0.0,2.0,3.0,15.0,B01
201300038474,0,7,0,0.0,1.0,2.0,1.0,A01
201300038475,0,7,0,0.0,2.0,2.0,15.0,B01
201300038475,0,7,0,0.0,2.0,1.0,1.0,A01
201300038476,0,32,0,0.0,2.0,1.0,17.0,B01
201300038476,0,7,0,0.0,2.0,3.0,15.0,A01
201300038477,0,7,0,0.0,2.0,3.0,1.0,B01
201300038477,0,32,0,0.0,2.0,7.0,17.0,A01
201300038478,0,1,0,0.0,2.0,4.0,12.0,B01
201300038478,0,7,0,0.0,2.0,2.0,21.0,A01
201300038479,0,7,0,0.0,2.0,1.0,1.0,A01
201300038479,0,7,0,7.0,2.0,8.0,1.0,B01
201300038480,0,30,0,0.0,2.0,1.0,17.0,B01
201300038480,0,7,0,0.0,2.0,6.0,15.0,A01
201300038481,0,7,0,0.0,2.0,1.0,19.0,A01
201300038481,0,7,0,0.0,2.0,3.0,1.0,B01
201300038481,0,32,0,0.0,2.0,3.0,3.0,C01
201300038482,2,1,0,0.0,2.0,1.0,1.0,B01
201300038482,0,7,0,0.0,2.0,3.0,16.0,A01
201300038483,0,33,0,0.0,2.0,8.0,1.0,B01
201300038483,0,10,0,0.0,2.0,3.0,15.0,A01
201300038484,0,7,0,0.0,1.0,0.0,1.0,A01
201300038485,0,1,0,0.0,2.0,4.0,1.0,B01
201300038485,0,30,0,0.0,2.0,1.0,0.0,A01
201300038486,0,7,0,0.0,1.0,5.0,4.0,A01
201300038487,0,14,0,0.0,1.0,0.0,1.0,A01
201300038488,0,10,0,0.0,1.0,1.0,1.0,A01
201300038489,0,32,0,0.0,2.0,1.0,1.0,B01
201300038489,0,7,0,0.0,2.0,2.0,15.0,A01
201300038490,0,32,0,0.0,2.0,1.0,2.0,A01
201300038490,0,7,0,0.0,2.0,6.0,1.0,B01
201300038491,0,7,0,0.0,2.0,7.0,1.0,B01
201300038491,2,7,0,1.0,2.0,1.0,1.0,A01
201300038492,0,30,0,0.0,2.0,1.0,1.0,A01
201300038492,0,7,0,0.0,2.0,2.0,15.0,B01
201300038493,0,10,0,0.0,2.0,8.0,1.0,B01
201300038493,0,7,0,0.0,2.0,1.0,1.0,A01
201300038494,0,7,0,0.0,1.0,3.0,1.0,A01
201300038495,0,10,0,0.0,2.0,2.0,16.0,A01
201300038495,0,7,0,0.0,2.0,5.0,23.0,B01
201300038495,0,10,0,0.0,0.0,4.0,23.0,C01
201300038496,0,33,0,11.0,0.0,1.0,1.0,A01
201300038497,0,7,0,1.0,0.0,1.0,1.0,A01
201300038498,0,34,0,0.0,1.0,1.0,1.0,A01
201300038499,0,7,0,0.0,1.0,1.0,1.0,A01
201300038500,0,32,0,0.0,2.0,4.0,1.0,B01
201300038500,0,7,0,0.0,2.0,6.0,1.0,C01
201300038500,0,7,0,0.0,2.0,1.0,1.0,A01
201300038501,0,30,0,0.0,2.0,1.0,1.0,B01
201300038501,0,7,0,0.0,2.0,3.0,15.0,A01
201300038502,0,2,0,0.0,2.0,1.0,1.0,B01
201300038502,0,7,0,0.0,2.0,3.0,9.0,A01
201300038503,0,32,0,0.0,1.0,1.0,1.0,A01
201300038504,0,30,0,0.0,2.0,1.0,3.0,A01
201300038504,0,7,0,0.0,2.0,8.0,15.0,B01
201300038505,0,7,0,0.0,2.0,8.0,1.0,B01
201300038505,0,33,0,0.0,2.0,1.0,1.0,A01
201300038506,0,30,0,0.0,2.0,0.0,1.0,B01
201300038506,0,7,0,0.0,2.0,1.0,15.0,A01
201300038507,0,1,0,0.0,2.0,1.0,1.0,A01
201300038507,0,34,0,0.0,2.0,1.0,1.0,B01
201300038508,0,7,0,0.0,1.0,2.0,1.0,A01
201300038509,0,7,0,0.0,2.0,3.0,9.0,A01
201300038509,0,33,0,0.0,2.0,2.0,1.0,B01
201300038510,0,7,0,0.0,1.0,1.0,16.0,A01
201300038511,0,7,0,0.0,1.0,3.0,1.0,A01
201300038512,0,10,0,0.0,2.0,8.0,10.0,A01
201300038512,0,32,0,0.0,2.0,1.0,1.0,B01
201300038513,0,7,0,0.0,1.0,1.0,1.0,A01
201300038514,0,37,1,0.0,1.0,3.0,1.0,A01
201300038515,0,7,0,0.0,1.0,1.0,15.0,A01
201300038516,0,32,0,0.0,1.0,8.0,1.0,A01
201300038517,0,10,0,0.0,2.0,4.0,15.0,B01
201300038517,0,33,0,0.0,2.0,0.0,3.0,A01
201300038517,0,15,0,0.0,2.0,7.0,0.0,C01
201300038518,0,7,0,0.0,2.0,1.0,1.0,B01
201300038518,0,7,0,0.0,2.0,7.0,1.0,A01
201300038519,0,7,0,0.0,2.0,8.0,15.0,A01
201300038519,0,32,0,0.0,2.0,7.0,15.0,B01
201300038520,0,1,0,0.0,2.0,1.0,1.0,B01
201300038520,0,7,0,0.0,2.0,3.0,1.0,A01
201300038521,0,32,0,0.0,0.0,0.0,21.0,A01
201300038522,0,30,0,0.0,2.0,0.0,1.0,A01
201300038522,1,7,0,0.0,2.0,0.0,0.0,B01
201300038523,0,34,0,0.0,2.0,1.0,9.0,A01
201300038523,0,7,0,0.0,2.0,6.0,23.0,B01
201300038524,0,7,0,0.0,1.0,1.0,1.0,A01
201300038525,0,33,0,1.0,0.0,1.0,2.0,B01
201300038525,0,7,0,0.0,2.0,4.0,23.0,A01
201300038526,0,30,0,0.0,2.0,7.0,17.0,B01
201300038526,0,7,0,0.0,2.0,8.0,15.0,A01
201300038527,0,10,0,0.0,1.0,3.0,15.0,A01
201300038528,0,7,0,0.0,1.0,2.0,1.0,A01
201300038529,0,32,0,1.0,0.0,7.0,1.0,B01
201300038529,0,7,0,0.0,2.0,8.0,22.0,A01
201300038530,0,7,0,0.0,1.0,2.0,16.0,A01
201300038531,0,2,0,0.0,2.0,7.0,1.0,B01
201300038531,0,7,0,0.0,2.0,8.0,1.0,A01
201300038532,0,7,0,0.0,1.0,7.0,1.0,A01
201300038533,0,30,0,0.0,2.0,1.0,0.0,B01
201300038533,0,30,0,0.0,2.0,8.0,1.0,A01
201300038534,0,7,0,8.0,2.0,1.0,1.0,A01
201300038534,0,7,0,0.0,2.0,2.0,1.0,B01
201300038535,0,7,0,0.0,1.0,1.0,1.0,A01
201300038536,0,31,0,0.0,0.0,2.0,1.0,A01
201300038537,0,7,0,0.0,1.0,1.0,1.0,A01
201300038538,0,7,0,0.0,2.0,4.0,11.0,A01
201300038538,0,33,0,0.0,2.0,1.0,1.0,B01
201300038539,0,7,0,0.0,1.0,5.0,4.0,A01
201300038540,0,7,0,0.0,2.0,6.0,2.0,B01
201300038540,0,7,0,0.0,2.0,2.0,1.0,A01
201300038541,0,33,0,0.0,1.0,2.0,1.0,A01
201300038542,0,32,0,0.0,2.0,1.0,1.0,A01
201300038542,0,7,0,0.0,2.0,7.0,15.0,B01
201300038543,0,7,0,0.0,2.0,1.0,5.0,B01
201300038543,0,1,0,0.0,2.0,1.0,21.0,A01
201300038544,1,7,0,0.0,1.0,0.0,0.0,Z01
201300038545,0,32,0,0.0,2.0,1.0,2.0,A01
201300038545,0,7,0,0.0,2.0,4.0,2.0,B01
201300038546,0,10,0,0.0,2.0,7.0,14.0,A01
201300038546,0,30,0,0.0,2.0,8.0,18.0,B01
201300038547,0,7,0,0.0,1.0,2.0,1.0,A01
201300038548,0,31,0,0.0,2.0,7.0,1.0,A01
201300038548,0,7,0,0.0,2.0,8.0,15.0,B01
201300038549,1,1,0,0.0,1.0,1.0,1.0,Z01
201300038550,0,30,0,0.0,2.0,1.0,13.0,A01
201300038550,0,37,1,0.0,2.0,7.0,1.0,B01
201300038551,0,1,0,0.0,2.0,7.0,19.0,A01
201300038551,0,33,0,0.0,2.0,1.0,1.0,B01
201300038552,0,7,0,0.0,2.0,7.0,22.0,A01
201300038552,0,1,0,1.0,0.0,1.0,1.0,B01
201300038553,0,1,0,0.0,2.0,7.0,1.0,B01
201300038553,0,7,0,0.0,2.0,1.0,1.0,A01
201300038554,0,7,0,0.0,2.0,3.0,15.0,A01
201300038554,0,30,0,0.0,2.0,1.0,1.0,B01
201300038555,0,14,0,0.0,2.0,3.0,1.0,A01
201300038555,0,7,0,0.0,2.0,2.0,1.0,B01
201300038556,1,7,0,0.0,2.0,7.0,17.0,Z01
201300038556,0,32,0,0.0,2.0,1.0,17.0,B01
201300038557,0,7,0,0.0,2.0,1.0,5.0,A01
201300038557,0,32,0,0.0,2.0,1.0,1.0,B01
201300038558,0,10,0,1.0,0.0,2.0,1.0,A01
201300038559,0,34,0,0.0,2.0,3.0,1.0,A01
201300038559,0,7,0,0.0,2.0,6.0,15.0,B01
201300038560,0,34,0,0.0,2.0,1.0,1.0,A01
201300038560,0,7,0,0.0,2.0,6.0,15.0,B01
201300038561,0,7,0,1.0,0.0,0.0,1.0,A01
201300038562,0,7,0,0.0,2.0,6.0,9.0,A01
201300038562,0,32,0,0.0,2.0,7.0,3.0,B01
201300038563,0,7,0,0.0,2.0,5.0,2.0,B01
201300038563,0,7,0,0.0,2.0,1.0,2.0,A01
201300038564,0,32,0,0.0,2.0,8.0,15.0,A01
201300038564,0,15,0,0.0,2.0,2.0,1.0,B01
201300038565,0,7,0,0.0,1.0,3.0,1.0,A01
201300038566,0,30,0,0.0,2.0,8.0,1.0,B01
201300038566,0,7,0,0.0,2.0,2.0,1.0,A01
201300038567,0,34,0,0.0,1.0,7.0,1.0,A01
201300038568,0,32,0,14.0,0.0,1.0,6.0,A01
201300038569,0,30,0,12.0,0.0,7.0,1.0,A01
201300038570,0,31,0,0.0,2.0,7.0,17.0,B01
201300038570,0,7,0,0.0,2.0,1.0,15.0,A01
201300038571,0,30,0,0.0,0.0,8.0,15.0,A01
201300038572,0,30,0,0.0,0.0,7.0,0.0,A01
201300038573,0,33,0,0.0,2.0,4.0,2.0,B01
201300038573,0,7,0,0.0,2.0,1.0,2.0,A01
201300038574,0,7,0,0.0,2.0,4.0,2.0,B01
201300038574,0,31,0,0.0,2.0,1.0,2.0,A01
201300038575,0,13,0,0.0,2.0,3.0,1.0,C01
201300038575,0,7,0,0.0,2.0,5.0,1.0,B01
201300038575,0,33,0,0.0,2.0,3.0,12.0,A01
201300038576,0,30,0,0.0,2.0,4.0,1.0,B01
201300038576,0,7,0,0.0,2.0,1.0,1.0,A01
201300038577,0,31,0,0.0,0.0,0.0,0.0,A01
201300038578,1,15,0,0.0,2.0,8.0,17.0,Z01
201300038578,0,1,0,0.0,2.0,7.0,1.0,A01
201300038579,0,30,0,0.0,2.0,1.0,1.0,A01
201300038579,0,7,0,0.0,2.0,1.0,1.0,B01
201300038580,0,7,0,0.0,2.0,1.0,15.0,B01
201300038580,0,34,0,0.0,2.0,1.0,1.0,A01
201300038581,0,7,0,0.0,2.0,3.0,9.0,A01
201300038581,0,34,0,0.0,2.0,7.0,1.0,B01
201300038582,0,7,0,14.0,0.0,2.0,1.0,A01
201300038583,0,30,0,3.0,0.0,1.0,1.0,A01
201300038584,0,37,40,0.0,1.0,1.0,1.0,A01
201300038585,0,30,0,0.0,0.0,1.0,1.0,A01
201300038586,0,7,0,0.0,2.0,5.0,4.0,A01
201300038586,0,30,0,0.0,2.0,2.0,1.0,B01
201300038587,0,7,0,0.0,2.0,4.0,1.0,C01
201300038587,0,32,0,0.0,2.0,7.0,1.0,B01
201300038587,0,7,0,0.0,2.0,8.0,11.0,A01
201300038588,0,7,0,0.0,1.0,8.0,15.0,A01
201300038589,0,34,0,0.0,1.0,1.0,1.0,A01
201300038590,0,33,0,0.0,2.0,7.0,1.0,A01
201300038590,0,7,0,0.0,2.0,1.0,1.0,B01
201300038591,0,2,0,0.0,9.0,1.0,1.0,A01
201300038592,0,7,0,0.0,2.0,5.0,1.0,B01
201300038592,0,10,0,0.0,2.0,3.0,11.0,A01
201300038593,0,2,0,0.0,2.0,1.0,17.0,B01
201300038593,0,7,0,0.0,2.0,3.0,15.0,A01
201300038594,0,7,0,0.0,1.0,2.0,15.0,A01
201300038595,0,7,0,0.0,1.0,1.0,1.0,A01
201300038596,0,34,0,0.0,2.0,2.0,17.0,B01
201300038596,0,7,0,0.0,2.0,3.0,15.0,A01
201300038597,1,7,0,0.0,1.0,8.0,1.0,A01
201300038598,0,1,0,1.0,0.0,1.0,1.0,B01
201300038598,0,7,0,0.0,2.0,3.0,22.0,A01
201300038599,0,7,0,0.0,2.0,0.0,10.0,A01
201300038599,0,30,0,0.0,2.0,0.0,1.0,B01
201300038600,0,7,0,0.0,1.0,1.0,16.0,A01
201300038601,0,30,0,0.0,0.0,0.0,21.0,A01
201300038602,0,7,0,0.0,2.0,1.0,2.0,A01
201300038602,0,7,0,0.0,2.0,4.0,2.0,B01
201300038603,0,33,0,0.0,0.0,0.0,21.0,A01
201300038604,1,7,0,0.0,1.0,1.0,0.0,Z01
201300038605,0,7,0,0.0,2.0,4.0,23.0,B01
201300038605,0,7,0,0.0,2.0,1.0,2.0,A01
201300038606,0,30,0,0.0,0.0,8.0,1.0,A01
201300038607,0,7,0,0.0,2.0,0.0,1.0,A01
201300038607,0,7,0,0.0,2.0,4.0,1.0,B01
201300038608,0,7,0,2.0,0.0,1.0,1.0,A01
201300038609,0,31,0,0.0,2.0,0.0,0.0,A01
201300038609,0,10,0,0.0,2.0,3.0,15.0,B01
201300038610,0,30,0,0.0,2.0,8.0,18.0,A01
201300038610,0,7,0,0.0,2.0,5.0,16.0,B01
201300038611,0,7,0,0.0,1.0,3.0,1.0,A01
201300038612,0,7,0,0.0,2.0,3.0,15.0,B01
201300038612,0,30,0,0.0,2.0,7.0,17.0,A01
201300038613,0,7,0,0.0,2.0,3.0,15.0,B01
201300038613,0,31,0,0.0,2.0,7.0,1.0,A01
201300038614,0,7,0,0.0,2.0,1.0,2.0,A01
201300038614,0,7,0,0.0,2.0,4.0,2.0,B01
201300038615,0,7,0,0.0,2.0,6.0,0.0,B01
201300038615,0,32,0,0.0,2.0,1.0,3.0,A01
201300038616,0,7,0,0.0,1.0,3.0,1.0,A01
201300038617,0,7,0,0.0,1.0,3.0,15.0,A01
201300038618,0,1,0,0.0,1.0,1.0,17.0,A01
201300038619,0,10,0,0.0,1.0,4.0,4.0,A01
201300038620,1,7,0,0.0,2.0,1.0,1.0,Z01
201300038620,0,31,0,0.0,2.0,4.0,1.0,A01
201300038621,0,34,0,11.0,0.0,1.0,1.0,A01
201300038622,0,7,0,0.0,2.0,1.0,15.0,A01
201300038622,0,30,0,0.0,2.0,1.0,1.0,B01
201300038623,0,7,0,0.0,1.0,1.0,1.0,A01
201300038624,0,7,0,0.0,1.0,3.0,2.0,A01
201300038625,0,7,0,0.0,2.0,7.0,9.0,B01
201300038625,0,1,0,0.0,2.0,1.0,1.0,A01
201300038626,0,33,0,0.0,2.0,7.0,17.0,A01
201300038626,0,7,0,0.0,2.0,3.0,15.0,B01
201300038627,0,7,0,0.0,1.0,1.0,1.0,A01
201300038628,0,30,0,0.0,1.0,8.0,1.0,A01
201300038629,1,30,0,0.0,2.0,1.0,1.0,Z01
201300038629,0,1,0,0.0,2.0,8.0,9.0,B01
201300038630,0,2,0,0.0,2.0,4.0,16.0,A01
201300038630,1,7,0,0.0,2.0,1.0,1.0,Z01
201300038631,0,7,0,0.0,2.0,1.0,1.0,B01
201300038631,0,7,0,0.0,2.0,1.0,15.0,A01
201300038632,0,7,0,0.0,1.0,1.0,1.0,A01
201300038633,0,7,0,0.0,2.0,3.0,16.0,B01
201300038633,0,7,0,0.0,2.0,1.0,1.0,A01
201300038634,0,20,0,0.0,2.0,0.0,23.0,A01
201300038634,0,38,9,15.0,0.0,0.0,1.0,B01
201300038635,0,7,0,15.0,0.0,1.0,1.0,A01
201300038636,0,7,0,0.0,2.0,1.0,1.0,A01
201300038636,0,7,0,0.0,2.0,5.0,1.0,B01
201300038637,0,7,0,0.0,1.0,3.0,1.0,A01
201300038638,0,7,0,0.0,2.0,2.0,10.0,A01
201300038638,0,31,0,0.0,2.0,1.0,1.0,B01
201300038639,0,32,0,0.0,0.0,7.0,1.0,A01
201300038640,0,7,0,0.0,2.0,5.0,15.0,A01
201300038640,0,32,0,0.0,2.0,1.0,1.0,B01
201300038641,0,32,0,0.0,2.0,1.0,1.0,A01
201300038641,0,7,0,0.0,2.0,2.0,23.0,B01
201300038642,1,30,0,0.0,1.0,1.0,0.0,A01
201300038643,0,33,0,0.0,2.0,8.0,1.0,A01
201300038643,0,7,0,0.0,2.0,2.0,16.0,B01
201300038644,0,30,0,14.0,0.0,1.0,17.0,A01
201300038645,0,7,0,0.0,1.0,1.0,15.0,A01
201300038646,0,33,0,0.0,2.0,7.0,17.0,B01
201300038646,0,7,0,0.0,2.0,3.0,15.0,A01
201300038647,0,7,0,0.0,2.0,5.0,2.0,B01
201300038647,0,31,0,0.0,2.0,1.0,2.0,A01
201300038648,0,10,0,0.0,2.0,5.0,2.0,B01
201300038648,0,1,0,0.0,2.0,1.0,2.0,A01
201300038649,0,32,0,0.0,2.0,7.0,1.0,B01
201300038649,0,7,0,0.0,2.0,1.0,15.0,A01
201300038650,0,7,0,0.0,2.0,4.0,2.0,B01
201300038650,0,37,10,0.0,2.0,4.0,2.0,C01
201300038650,0,7,0,0.0,2.0,1.0,2.0,A01
201300038651,0,7,0,0.0,2.0,2.0,10.0,A01
201300038651,0,31,0,0.0,2.0,8.0,1.0,B01
201300038652,0,7,0,0.0,2.0,3.0,1.0,B01
201300038652,2,7,0,0.0,2.0,1.0,1.0,A01
201300038653,1,30,0,0.0,1.0,1.0,1.0,A01
201300038654,0,30,0,0.0,0.0,7.0,1.0,A01
201300038655,0,33,0,0.0,2.0,5.0,17.0,A01
201300038655,0,7,0,0.0,2.0,3.0,15.0,B01
201300038656,0,7,0,0.0,2.0,2.0,1.0,A01
201300038656,0,10,0,0.0,2.0,3.0,16.0,B01
201300038657,0,7,0,0.0,2.0,1.0,1.0,B01
201300038657,1,2,0,0.0,2.0,8.0,9.0,A01
201300038658,0,33,0,0.0,2.0,1.0,1.0,B01
201300038658,0,7,0,0.0,2.0,2.0,15.0,A01
201300038659,1,7,0,0.0,1.0,1.0,1.0,A01
201300038660,0,33,0,0.0,2.0,1.0,2.0,A01
201300038660,0,7,0,0.0,2.0,4.0,2.0,B01
201300038661,0,30,0,0.0,2.0,3.0,1.0,B01
201300038661,0,7,0,0.0,2.0,2.0,15.0,A01
201300038662,0,7,0,0.0,2.0,3.0,15.0,B01
201300038662,0,99,0,0.0,2.0,1.0,1.0,A01
201300038663,0,32,0,0.0,2.0,1.0,1.0,B01
201300038663,0,7,0,0.0,2.0,7.0,15.0,A01
201300038664,0,30,0,0.0,2.0,1.0,1.0,A01
201300038664,0,7,0,0.0,2.0,8.0,1.0,B01
201300038665,0,7,0,0.0,2.0,1.0,15.0,A01
201300038665,0,2,0,0.0,2.0,8.0,1.0,B01
201300038666,0,10,0,0.0,2.0,3.0,9.0,A01
201300038666,0,33,0,0.0,2.0,1.0,1.0,B01
201300038667,0,1,0,0.0,2.0,4.0,1.0,A01
201300038667,0,33,0,0.0,2.0,1.0,1.0,B01
201300038668,0,30,0,0.0,2.0,1.0,17.0,A01
201300038668,0,7,0,0.0,2.0,3.0,10.0,B01
201300038669,0,7,0,0.0,2.0,1.0,2.0,A01
201300038669,0,34,0,0.0,2.0,4.0,2.0,B01
201300038670,0,32,0,11.0,0.0,1.0,1.0,A01
201300038671,0,33,0,0.0,2.0,1.0,1.0,B01
201300038671,0,7,0,0.0,2.0,2.0,15.0,A01
201300038672,0,7,0,0.0,2.0,3.0,15.0,B01
201300038672,0,30,0,0.0,2.0,1.0,1.0,A01
201300038673,0,7,0,0.0,2.0,1.0,15.0,A01
201300038673,0,7,0,0.0,2.0,1.0,1.0,B01
201300038674,0,33,0,16.0,0.0,7.0,1.0,A01
201300038675,0,7,0,0.0,1.0,2.0,1.0,A01
201300038676,0,7,0,0.0,1.0,1.0,1.0,A01
201300038677,0,7,0,0.0,2.0,1.0,15.0,A01
201300038677,0,7,0,0.0,2.0,1.0,1.0,B01
201300038678,0,7,0,0.0,1.0,2.0,1.0,A01
201300038679,0,33,0,0.0,1.0,1.0,1.0,A01
201300038680,0,32,0,0.0,1.0,1.0,1.0,A01
201300038681,1,10,0,0.0,1.0,1.0,0.0,A01
201300038682,0,7,0,0.0,1.0,1.0,1.0,A01
201300038683,0,10,0,0.0,1.0,1.0,1.0,A01
201300038684,0,32,0,0.0,1.0,1.0,1.0,A01
201300038685,0,32,0,0.0,1.0,1.0,21.0,A01
201300038686,0,33,0,0.0,0.0,7.0,1.0,A01
201300038687,0,30,0,0.0,1.0,1.0,1.0,A01
201300038688,0,30,0,0.0,2.0,2.0,21.0,B01
201300038688,0,7,0,0.0,2.0,7.0,10.0,A01
201300038689,0,7,0,0.0,0.0,0.0,2.0,A01
201300038689,0,30,0,0.0,0.0,3.0,2.0,B01
201300038690,0,33,0,0.0,2.0,1.0,2.0,B01
201300038690,0,7,0,0.0,2.0,5.0,15.0,A01
201300038691,0,7,0,9.0,0.0,1.0,1.0,A01
201300038692,0,31,0,0.0,0.0,8.0,1.0,A01
201300038693,0,32,0,0.0,1.0,1.0,1.0,A01
201300038694,0,7,0,0.0,2.0,2.0,12.0,A01
201300038694,0,33,0,0.0,2.0,1.0,1.0,B01
201300038695,0,30,0,0.0,2.0,1.0,16.0,A01
201300038695,0,1,0,0.0,2.0,7.0,1.0,B01
201300038696,0,10,0,0.0,2.0,8.0,23.0,A01
201300038696,0,32,0,0.0,2.0,2.0,1.0,B01
201300038697,0,32,0,11.0,0.0,1.0,13.0,A01
201300038698,0,10,0,0.0,2.0,5.0,1.0,A01
201300038698,0,33,0,0.0,2.0,3.0,9.0,B01
201300038699,0,7,0,0.0,2.0,1.0,2.0,A01
201300038699,0,7,0,0.0,2.0,4.0,2.0,B01