Num_Acc,senc,catv,occutc,obs,obsm,choc,manv,num_veh
201300038700,0,7,0,0.0,1.0,3.0,2.0,A01
201300038701,0,7,0,0.0,2.0,3.0,2.0,A01
201300038701,0,33,0,0.0,2.0,5.0,2.0,B01
201300038702,0,32,0,0.0,2.0,0.0,1.0,A01
201300038703,0,7,0,0.0,2.0,2.0,15.0,B01
201300038703,0,30,0,0.0,2.0,1.0,1.0,A01
201300038704,0,7,0,0.0,2.0,2.0,14.0,A01
201300038704,0,31,0,0.0,2.0,3.0,1.0,B01
201300038705,0,32,0,0.0,1.0,8.0,21.0,A01
201300038706,0,7,0,0.0,1.0,1.0,1.0,A01
201300038707,0,30,0,0.0,0.0,7.0,1.0,A01
201300038708,0,34,0,0.0,0.0,1.0,1.0,A01
201300038708,0,7,0,0.0,0.0,0.0,1.0,B01
201300038709,0,31,0,0.0,2.0,3.0,18.0,A01
201300038709,0,7,0,0.0,2.0,2.0,20.0,B01
201300038710,0,7,0,0.0,1.0,3.0,15.0,A01
201300038711,0,7,0,0.0,2.0,8.0,10.0,A01
201300038711,0,34,0,0.0,2.0,7.0,2.0,B01
201300038712,0,7,0,0.0,2.0,3.0,15.0,A01
201300038712,0,33,0,0.0,2.0,3.0,1.0,B01
201300038713,0,7,0,0.0,1.0,4.0,4.0,A01
201300038714,0,7,0,2.0,0.0,1.0,13.0,A01
201300038715,0,1,0,0.0,2.0,8.0,13.0,B01
201300038715,0,10,0,0.0,2.0,7.0,2.0,A01
201300038716,0,7,0,0.0,2.0,1.0,2.0,A01
201300038716,0,7,0,0.0,2.0,4.0,2.0,B01
201300038716,0,7,0,0.0,2.0,4.0,2.0,D01
201300038716,0,7,0,0.0,2.0,4.0,2.0,C01
201300038717,0,7,0,0.0,2.0,2.0,1.0,A01
201300038717,0,7,0,0.0,2.0,1.0,1.0,B01
201300038718,0,32,0,0.0,2.0,7.0,11.0,A01
201300038718,0,7,0,0.0,2.0,8.0,11.0,B01
201300038719,0,7,0,0.0,1.0,1.0,1.0,A01
201300038720,0,7,0,0.0,2.0,4.0,24.0,B01
201300038720,0,7,0,0.0,1.0,1.0,20.0,A01
201300038721,0,7,0,0.0,1.0,4.0,4.0,A01
201300038722,0,7,0,0.0,1.0,1.0,2.0,A01
201300038723,0,7,0,0.0,2.0,8.0,15.0,B01
201300038723,0,32,0,0.0,2.0,7.0,17.0,A01
201300038724,0,33,0,0.0,2.0,1.0,2.0,A01
201300038724,1,7,0,0.0,2.0,0.0,7.0,C01
201300038724,0,7,0,0.0,2.0,4.0,2.0,B01
201300038725,0,32,0,0.0,1.0,1.0,17.0,A01
201300038726,0,14,0,0.0,2.0,7.0,15.0,B01
201300038726,0,32,0,0.0,2.0,1.0,1.0,A01
201300038727,0,7,0,0.0,1.0,5.0,4.0,A01
201300038728,0,7,0,0.0,1.0,1.0,2.0,A01
201300038729,0,31,0,0.0,2.0,8.0,16.0,B01
201300038729,0,7,0,0.0,2.0,2.0,15.0,A01
201300038730,0,33,0,0.0,2.0,1.0,1.0,B01
201300038730,0,7,0,0.0,2.0,8.0,15.0,A01
201300038731,1,30,0,0.0,1.0,0.0,0.0,A01
201300038732,0,37,10,0.0,1.0,2.0,1.0,A01
201300038733,0,7,0,0.0,2.0,3.0,15.0,A01
201300038733,0,30,0,0.0,2.0,1.0,17.0,B01
201300038734,0,30,0,0.0,2.0,1.0,1.0,A01
201300038734,0,7,0,0.0,2.0,8.0,10.0,B01
201300038735,0,7,0,0.0,2.0,4.0,2.0,A01
201300038735,0,7,0,0.0,2.0,1.0,2.0,C01
201300038735,0,7,0,0.0,2.0,1.0,2.0,B01
201300038736,0,7,0,0.0,1.0,1.0,1.0,A01
201300038737,0,7,0,0.0,2.0,8.0,15.0,A01
201300038737,0,30,0,0.0,2.0,1.0,1.0,B01
201300038738,0,2,0,0.0,2.0,1.0,2.0,A01
201300038738,0,30,0,0.0,2.0,4.0,2.0,B01
201300038739,1,30,0,0.0,1.0,1.0,0.0,A01
201300038740,0,7,0,0.0,2.0,2.0,15.0,A01
201300038740,0,30,0,0.0,2.0,1.0,1.0,B01
201300038741,0,7,0,0.0,2.0,8.0,1.0,B01
201300038741,0,30,0,0.0,2.0,1.0,1.0,A01
201300038742,0,32,0,0.0,2.0,8.0,12.0,B01
201300038742,0,7,0,0.0,2.0,7.0,12.0,A01
201300038743,0,33,0,16.0,0.0,3.0,6.0,A01
201300038744,0,7,0,0.0,1.0,4.0,4.0,A01
201300038745,0,2,0,1.0,0.0,1.0,1.0,A01
201300038746,0,7,0,0.0,1.0,1.0,2.0,A01
201300038747,0,32,0,0.0,2.0,0.0,21.0,B01
201300038747,1,7,0,0.0,2.0,0.0,2.0,A01
201300038748,0,7,0,0.0,2.0,8.0,9.0,A01
201300038748,0,30,0,0.0,2.0,2.0,3.0,B01
201300038749,0,7,0,0.0,1.0,1.0,1.0,A01
201300038750,0,7,0,0.0,2.0,4.0,2.0,B01
201300038750,0,32,0,0.0,2.0,1.0,2.0,A01
201300038751,0,7,0,0.0,2.0,4.0,2.0,B01
201300038751,0,7,0,0.0,2.0,1.0,2.0,A01
201300038752,0,7,0,0.0,2.0,4.0,2.0,B01
201300038752,0,7,0,0.0,2.0,1.0,2.0,A01
201300038753,0,7,0,0.0,2.0,3.0,1.0,B01
201300038753,0,7,0,0.0,2.0,3.0,19.0,A01
201300038754,0,7,0,0.0,2.0,8.0,10.0,A01
201300038754,0,33,0,0.0,2.0,1.0,1.0,B01
201300038755,0,7,0,0.0,1.0,1.0,1.0,A01
201300038756,0,7,0,0.0,1.0,7.0,1.0,A01
201300038757,0,33,0,0.0,2.0,1.0,1.0,B01
201300038757,0,32,0,0.0,2.0,2.0,15.0,A01
201300038758,0,7,0,0.0,1.0,8.0,1.0,A01
201300038759,0,32,0,15.0,0.0,3.0,13.0,A01
201300038760,0,33,0,0.0,2.0,7.0,17.0,A01
201300038760,0,10,0,0.0,2.0,3.0,15.0,B01
201300038760,0,7,0,0.0,2.0,1.0,23.0,C01
201300038761,0,7,0,0.0,1.0,6.0,4.0,A01
201300038762,0,31,0,0.0,2.0,1.0,1.0,A01
201300038762,0,7,0,0.0,2.0,8.0,15.0,B01
201300038763,1,10,0,0.0,1.0,1.0,2.0,A01
201300038764,0,30,0,0.0,2.0,7.0,17.0,B01
201300038764,0,7,0,0.0,2.0,8.0,15.0,A01
201300038765,0,30,0,0.0,2.0,3.0,2.0,A01
201300038765,0,7,0,0.0,2.0,4.0,2.0,B01
201300038766,0,7,0,0.0,1.0,1.0,2.0,A01
201300038767,0,7,0,0.0,2.0,8.0,1.0,B01
201300038767,0,30,0,0.0,2.0,8.0,19.0,A01
201300038768,0,14,0,0.0,2.0,8.0,15.0,A01
201300038768,0,30,0,0.0,2.0,7.0,15.0,B01
201300038769,0,7,0,0.0,2.0,4.0,2.0,B01
201300038769,0,7,0,0.0,1.0,3.0,1.0,A01
201300038770,0,33,0,0.0,2.0,1.0,2.0,A01
201300038770,0,7,0,0.0,2.0,5.0,2.0,B01
201300038771,0,7,0,0.0,2.0,7.0,1.0,B01
201300038771,0,32,0,0.0,2.0,3.0,1.0,A01
201300038772,0,7,0,0.0,1.0,5.0,4.0,A01
201300038773,0,7,0,0.0,2.0,3.0,20.0,A01
201300038773,0,7,0,0.0,2.0,6.0,24.0,C01
201300038773,0,34,0,0.0,2.0,2.0,1.0,B01
201300038774,0,7,0,0.0,2.0,2.0,1.0,A01
201300038774,0,7,0,0.0,2.0,8.0,10.0,B01
201300038775,0,7,0,0.0,2.0,8.0,15.0,A01
201300038775,0,30,0,0.0,2.0,2.0,1.0,B01
201300038776,0,7,0,0.0,2.0,4.0,23.0,A01
201300038776,0,7,0,0.0,2.0,1.0,2.0,B01
201300038776,0,7,0,0.0,2.0,4.0,23.0,C01
201300038777,0,33,0,0.0,2.0,1.0,15.0,B01
201300038777,0,7,0,0.0,2.0,8.0,1.0,A01
201300038778,0,30,0,0.0,2.0,1.0,1.0,B01
201300038778,0,7,0,0.0,2.0,5.0,4.0,A01
201300038779,0,7,0,0.0,2.0,2.0,1.0,A01
201300038779,0,32,0,0.0,2.0,3.0,1.0,B01
201300038780,0,30,0,0.0,2.0,7.0,17.0,B01
201300038780,0,10,0,0.0,2.0,8.0,15.0,A01
201300038781,0,33,0,0.0,2.0,7.0,17.0,B01
201300038781,0,7,0,0.0,2.0,6.0,11.0,A01
201300038782,0,7,0,0.0,1.0,4.0,4.0,A01
201300038783,0,7,0,0.0,2.0,3.0,15.0,A01
201300038783,0,2,0,0.0,2.0,7.0,1.0,B01
201300038784,0,7,0,0.0,1.0,1.0,1.0,A01
201300038785,0,7,0,0.0,1.0,2.0,1.0,A01
201300038786,0,30,0,0.0,0.0,0.0,0.0,A01
201300038787,0,34,0,0.0,2.0,8.0,18.0,B01
201300038787,0,7,0,0.0,2.0,2.0,22.0,A01
201300038788,0,7,0,0.0,2.0,3.0,9.0,A01
201300038788,0,30,0,0.0,2.0,2.0,1.0,B01
201300038789,0,30,0,0.0,1.0,1.0,1.0,A01
201300038790,0,7,0,0.0,2.0,3.0,10.0,B01
201300038790,0,30,0,0.0,2.0,2.0,17.0,A01
201300038791,1,7,0,0.0,2.0,8.0,11.0,A01
201300038791,0,30,0,0.0,2.0,2.0,1.0,B01
201300038792,2,2,0,0.0,2.0,8.0,15.0,B01
201300038792,0,7,0,0.0,2.0,2.0,1.0,A01
201300038793,0,7,0,0.0,2.0,8.0,22.0,A01
201300038793,0,33,0,0.0,2.0,7.0,17.0,B01
201300038794,0,31,0,0.0,2.0,0.0,9.0,B01
201300038794,0,33,0,0.0,2.0,8.0,1.0,A01
201300038795,0,30,0,0.0,9.0,8.0,1.0,A01
201300038796,0,7,0,0.0,1.0,2.0,15.0,A01
201300038797,0,7,0,0.0,2.0,3.0,11.0,A01
201300038797,0,7,0,0.0,2.0,5.0,1.0,B01
201300038798,0,33,0,0.0,2.0,1.0,1.0,B01
201300038798,1,1,0,0.0,2.0,8.0,19.0,A01
201300038799,0,7,0,0.0,2.0,6.0,23.0,C01
201300038799,0,33,0,0.0,2.0,8.0,18.0,B01
201300038799,0,7,0,0.0,2.0,5.0,23.0,A01
201300038800,0,7,0,0.0,2.0,2.0,12.0,A01
201300038800,0,30,0,0.0,2.0,8.0,1.0,B01
201300038801,0,30,0,0.0,2.0,1.0,1.0,B01
201300038801,0,7,0,0.0,2.0,3.0,9.0,A01
201300038802,0,33,0,1.0,0.0,7.0,1.0,A01
201300038803,0,7,0,0.0,2.0,3.0,15.0,A01
201300038803,0,33,0,0.0,2.0,1.0,1.0,B01
201300038804,0,32,0,0.0,0.0,1.0,1.0,A01
201300038805,0,7,0,0.0,1.0,2.0,1.0,A01
201300038806,0,7,0,0.0,1.0,3.0,1.0,A01
201300038807,0,32,0,0.0,2.0,3.0,1.0,B01
201300038807,0,7,0,0.0,2.0,3.0,15.0,A01
201300038808,0,31,0,0.0,2.0,1.0,1.0,A01
201300038808,0,7,0,0.0,2.0,4.0,15.0,B01
201300038809,0,31,0,0.0,0.0,0.0,1.0,A01
201300038810,0,32,0,0.0,2.0,1.0,15.0,A01
201300038810,0,7,0,0.0,2.0,4.0,20.0,B01
201300038811,0,30,0,0.0,1.0,1.0,1.0,A01
201300038812,0,7,0,0.0,1.0,1.0,1.0,A01
201300038813,0,33,0,0.0,0.0,7.0,1.0,A01
201300038814,0,7,0,0.0,2.0,2.0,15.0,A01
201300038814,0,33,0,0.0,2.0,1.0,1.0,B01
201300038815,0,7,0,0.0,2.0,6.0,24.0,B01
201300038815,0,33,0,0.0,2.0,1.0,21.0,A01
201300038816,0,7,0,0.0,2.0,3.0,13.0,A01
201300038816,0,33,0,0.0,2.0,1.0,1.0,A02
201300038817,0,7,0,0.0,2.0,3.0,15.0,A01
201300038817,0,33,0,0.0,2.0,2.0,2.0,B01
201300038818,0,10,0,0.0,1.0,1.0,1.0,A01
201300038819,0,34,0,0.0,2.0,4.0,2.0,B01
201300038819,0,7,0,0.0,2.0,1.0,2.0,A01
201300038820,0,7,0,0.0,2.0,3.0,10.0,A01
201300038820,0,30,0,0.0,2.0,8.0,1.0,B01
201300038821,0,32,0,11.0,0.0,1.0,1.0,A01
201300038822,0,7,0,0.0,1.0,1.0,1.0,A01
201300038823,1,7,0,0.0,2.0,0.0,2.0,B01
201300038823,0,34,0,0.0,2.0,5.0,1.0,A01
201300038824,0,7,0,0.0,2.0,5.0,23.0,C01
201300038824,0,7,0,0.0,2.0,4.0,23.0,D01
201300038824,0,7,0,0.0,2.0,1.0,1.0,A01
201300038824,0,7,0,0.0,2.0,9.0,7.0,B01
201300038825,0,32,0,0.0,1.0,1.0,3.0,A01
201300038826,0,33,0,0.0,2.0,7.0,12.0,A01
201300038826,0,7,0,0.0,2.0,1.0,1.0,B01
201300038827,0,7,0,0.0,1.0,1.0,1.0,A01
201300038828,0,7,0,0.0,1.0,1.0,2.0,A01
201300038829,0,32,0,0.0,0.0,7.0,1.0,A01
201300038830,0,32,0,0.0,2.0,1.0,1.0,B01
201300038830,0,10,0,0.0,2.0,8.0,22.0,A01
201300038831,0,7,0,0.0,2.0,8.0,15.0,A01
201300038831,0,30,0,0.0,2.0,2.0,1.0,B01
201300038832,0,7,0,0.0,1.0,4.0,4.0,A01
201300038833,0,7,0,0.0,1.0,3.0,1.0,A01
201300038834,0,32,0,0.0,2.0,7.0,13.0,A01
201300038834,0,7,0,0.0,2.0,3.0,15.0,B01
201300038835,0,7,0,12.0,0.0,3.0,1.0,A01
201300038836,0,30,0,0.0,1.0,1.0,1.0,A01
201300038837,0,7,0,0.0,1.0,2.0,1.0,A01
201300038838,0,30,0,0.0,0.0,8.0,2.0,A01
201300038839,0,7,0,0.0,1.0,1.0,15.0,A01
201300038840,0,7,0,0.0,2.0,7.0,10.0,A01
201300038840,0,34,0,0.0,2.0,1.0,1.0,B01
201300038841,0,30,0,0.0,0.0,8.0,23.0,A01
201300038842,0,30,0,0.0,2.0,2.0,1.0,B01
201300038842,0,7,0,0.0,2.0,6.0,15.0,A01
201300038843,0,7,0,0.0,2.0,4.0,2.0,B01
201300038843,0,30,0,0.0,2.0,1.0,2.0,A01
201300038844,0,7,0,0.0,2.0,4.0,23.0,D01
201300038844,0,7,0,0.0,2.0,1.0,2.0,A01
201300038844,0,7,0,0.0,2.0,4.0,2.0,B01
201300038844,0,7,0,0.0,2.0,1.0,2.0,C01
201300038845,0,7,0,0.0,2.0,1.0,1.0,A01
201300038845,0,7,0,0.0,2.0,8.0,1.0,B01
201300038846,0,33,0,11.0,0.0,8.0,1.0,A01
201300038847,0,7,0,4.0,0.0,9.0,1.0,A01
201300038848,0,7,0,0.0,2.0,4.0,2.0,B01
201300038848,0,7,0,0.0,2.0,1.0,2.0,A01
201300038849,0,32,0,0.0,2.0,4.0,2.0,B01
201300038849,0,14,0,0.0,2.0,1.0,2.0,A01
201300038850,0,7,0,0.0,2.0,1.0,1.0,A01
201300038850,0,33,0,0.0,2.0,7.0,15.0,B01
201300038851,0,30,0,0.0,2.0,1.0,2.0,A01
201300038851,0,7,0,0.0,2.0,4.0,2.0,B01
201300038852,0,30,0,0.0,2.0,1.0,21.0,A01
201300038852,0,7,0,0.0,2.0,2.0,16.0,B01
201300038853,0,30,0,0.0,0.0,8.0,15.0,A01
201300038854,0,32,0,0.0,0.0,7.0,1.0,A01
201300038855,0,7,0,0.0,2.0,5.0,2.0,B01
201300038855,0,30,0,0.0,2.0,1.0,2.0,A01
201300038856,0,7,0,0.0,1.0,1.0,16.0,A01
201300038857,0,7,0,0.0,1.0,7.0,16.0,A01
201300038858,0,10,0,0.0,1.0,4.0,4.0,A01
201300038859,0,1,0,0.0,2.0,7.0,19.0,A01
201300038859,0,7,0,0.0,2.0,1.0,1.0,B01
201300038860,0,2,0,0.0,2.0,8.0,2.0,B01
201300038860,0,2,0,0.0,2.0,7.0,14.0,A01
201300038861,0,14,0,0.0,1.0,4.0,4.0,A01
201300038862,0,10,0,0.0,1.0,4.0,4.0,A01
201300038863,0,2,0,0.0,2.0,1.0,1.0,B01
201300038863,0,7,0,0.0,2.0,7.0,12.0,A01
201300038864,0,2,0,0.0,2.0,2.0,14.0,A01
201300038865,0,33,0,0.0,0.0,1.0,21.0,A01
201300038866,0,7,0,0.0,1.0,2.0,21.0,A01
201300038867,1,7,0,0.0,2.0,0.0,12.0,A01
201300038867,0,30,0,0.0,2.0,8.0,1.0,B01
201300038868,0,30,0,0.0,2.0,1.0,23.0,B01
201300038868,0,14,0,0.0,2.0,4.0,4.0,A01
201300038869,0,1,0,0.0,1.0,1.0,1.0,A01
201300038870,0,1,0,0.0,2.0,7.0,19.0,B01
201300038870,0,7,0,0.0,2.0,1.0,1.0,A01
201300038871,0,33,0,0.0,0.0,7.0,17.0,A01
201300038872,0,7,0,0.0,1.0,4.0,4.0,A01
201300038873,0,30,0,0.0,1.0,1.0,1.0,A01
201300038874,0,7,0,0.0,2.0,3.0,17.0,A01
201300038874,0,32,0,0.0,2.0,2.0,21.0,B01
201300038875,0,7,0,0.0,0.0,2.0,14.0,A01
201300038876,0,7,0,0.0,2.0,3.0,19.0,A01
201300038876,0,33,0,0.0,2.0,3.0,1.0,B01
201300038877,0,30,0,0.0,1.0,1.0,1.0,A01
201300038878,0,7,0,0.0,1.0,1.0,15.0,A01
201300038879,0,30,0,0.0,2.0,7.0,1.0,B01
201300038879,0,7,0,0.0,2.0,6.0,4.0,A01
201300038880,0,7,0,0.0,1.0,7.0,1.0,A01
201300038881,0,7,0,0.0,2.0,1.0,1.0,A01
201300038881,0,7,0,0.0,2.0,4.0,1.0,B01
201300038882,0,33,0,0.0,0.0,7.0,1.0,A01
201300038883,0,30,0,0.0,0.0,7.0,1.0,A01
201300038884,0,2,0,0.0,2.0,1.0,17.0,A01
201300038884,0,7,0,0.0,2.0,8.0,15.0,B01
201300038885,1,7,0,0.0,1.0,0.0,0.0,A01
201300038886,0,10,0,8.0,0.0,1.0,1.0,A01
201300038887,0,30,0,0.0,2.0,2.0,21.0,A01
201300038887,0,7,0,0.0,2.0,6.0,20.0,B01
201300038888,0,7,0,0.0,2.0,7.0,22.0,A01
201300038888,0,7,0,0.0,2.0,8.0,23.0,C01
201300038888,0,34,0,0.0,2.0,3.0,18.0,B01
201300038889,0,34,0,0.0,2.0,1.0,1.0,B01
201300038889,0,7,0,0.0,2.0,7.0,1.0,A01
201300038890,0,30,0,0.0,2.0,2.0,21.0,A01
201300038890,0,7,0,0.0,2.0,3.0,9.0,B01
201300038891,0,2,0,0.0,0.0,8.0,1.0,A01
201300038892,0,7,0,0.0,2.0,1.0,1.0,A01
201300038892,0,7,0,0.0,2.0,7.0,15.0,B01
201300038893,0,7,0,0.0,1.0,3.0,1.0,A01
201300038894,0,7,0,0.0,2.0,4.0,2.0,B01
201300038894,0,7,0,0.0,2.0,1.0,2.0,A01
201300038895,0,7,0,0.0,1.0,2.0,1.0,A01
201300038896,0,30,0,0.0,2.0,6.0,1.0,B01
201300038896,0,7,0,0.0,2.0,3.0,15.0,A01
201300038897,0,7,0,0.0,1.0,8.0,1.0,A01
201300038898,0,7,0,0.0,1.0,1.0,9.0,A01
201300038899,0,7,0,0.0,1.0,0.0,1.0,A01
201300038900,0,33,0,0.0,2.0,2.0,1.0,B01
201300038900,0,7,0,0.0,2.0,3.0,10.0,A01
201300038901,0,7,0,0.0,2.0,3.0,15.0,A01
201300038901,0,7,0,0.0,2.0,2.0,1.0,B01
201300038902,0,37,0,0.0,1.0,3.0,1.0,A01
201300038903,0,7,0,0.0,1.0,2.0,1.0,A01
201300038904,1,7,0,0.0,2.0,1.0,2.0,Z01
201300038904,0,2,0,0.0,2.0,4.0,1.0,A01
201300038905,0,7,0,0.0,1.0,2.0,1.0,A01
201300038906,0,7,0,0.0,1.0,4.0,4.0,A01
201300038907,0,7,0,0.0,0.0,0.0,1.0,B01
201300038907,0,30,0,0.0,0.0,0.0,11.0,A01
201300038908,0,7,0,0.0,1.0,1.0,1.0,A01
201300038909,0,2,0,0.0,1.0,1.0,1.0,A01
201300038910,0,7,0,0.0,2.0,3.0,1.0,B01
201300038910,0,7,0,0.0,2.0,1.0,9.0,A01
201300038911,2,7,0,1.0,0.0,1.0,1.0,A01
201300038912,0,7,0,0.0,1.0,1.0,1.0,A01
201300038913,0,33,0,0.0,0.0,0.0,1.0,A01
201300038914,0,7,0,0.0,2.0,3.0,10.0,A01
201300038914,0,10,0,0.0,2.0,1.0,1.0,C01
201300038914,2,33,0,0.0,2.0,2.0,17.0,B01
201300038915,0,33,0,8.0,0.0,8.0,0.0,A01
201300038916,0,30,0,0.0,2.0,1.0,1.0,A01
201300038916,0,7,0,0.0,2.0,4.0,1.0,B01
201300038917,0,10,0,0.0,2.0,7.0,1.0,B01
201300038917,2,7,0,9.0,2.0,1.0,1.0,A01
201300038918,0,2,0,1.0,0.0,8.0,16.0,A01
201300038919,0,2,0,14.0,0.0,1.0,1.0,A01
201300038920,0,7,0,5.0,0.0,9.0,15.0,A01
201300038921,0,7,0,0.0,1.0,2.0,1.0,A01
201300038922,0,7,0,0.0,1.0,1.0,0.0,A01
201300038923,0,7,0,0.0,1.0,1.0,9.0,A01
201300038924,0,32,0,0.0,2.0,8.0,1.0,B01
201300038924,0,7,0,0.0,2.0,3.0,15.0,A01
201300038925,0,7,0,0.0,2.0,3.0,15.0,A01
201300038925,0,1,0,0.0,2.0,1.0,17.0,B01
201300038926,0,7,0,0.0,2.0,2.0,15.0,A01
201300038926,0,33,0,0.0,2.0,1.0,1.0,B01
201300038927,2,7,0,0.0,0.0,6.0,0.0,B01
201300038927,0,33,0,1.0,0.0,1.0,0.0,A01
201300038928,0,34,0,0.0,1.0,2.0,1.0,A01
201300038929,0,7,0,0.0,0.0,4.0,2.0,A01
201300038929,1,7,0,0.0,0.0,0.0,0.0,Z01
201300038930,0,7,0,0.0,1.0,2.0,1.0,A01
201300038931,0,2,0,0.0,0.0,0.0,17.0,A01
201300038932,0,10,0,0.0,2.0,2.0,17.0,A01
201300038932,0,7,0,0.0,2.0,3.0,10.0,B01
201300038933,0,7,0,0.0,1.0,8.0,1.0,A01
201300038934,0,7,0,0.0,2.0,4.0,2.0,C01
201300038934,0,7,0,0.0,2.0,4.0,2.0,B01
201300038934,0,7,0,0.0,2.0,1.0,2.0,A01
201300038935,0,7,0,0.0,1.0,1.0,15.0,A01
201300038936,0,7,0,0.0,2.0,7.0,22.0,B01
201300038936,0,33,0,0.0,2.0,8.0,18.0,A01
201300038937,0,7,0,0.0,1.0,1.0,15.0,A01
201300038938,0,37,0,0.0,1.0,2.0,2.0,A01
201300038939,0,7,0,0.0,1.0,1.0,15.0,A01
201300038940,0,7,0,0.0,1.0,2.0,1.0,A01
201300038941,0,7,0,0.0,1.0,3.0,1.0,A01
201300038942,0,30,0,0.0,0.0,7.0,1.0,A01
201300038943,0,7,0,0.0,2.0,3.0,15.0,A01
201300038943,0,7,0,0.0,2.0,3.0,1.0,B01
201300038944,0,32,0,0.0,2.0,1.0,1.0,A01
201300038945,0,37,1,0.0,1.0,2.0,1.0,A01
201300038946,0,7,0,0.0,2.0,3.0,16.0,B01
201300038946,0,7,0,0.0,2.0,1.0,1.0,A01
201300038947,0,7,0,0.0,1.0,4.0,4.0,A01
201300038948,1,7,0,0.0,2.0,0.0,1.0,Z01
201300038948,0,30,0,0.0,2.0,1.0,1.0,B01
201300038949,0,7,0,0.0,2.0,8.0,15.0,B01
201300038949,0,32,0,0.0,2.0,1.0,1.0,A01
201300038950,0,10,0,0.0,2.0,4.0,1.0,B01
201300038950,0,30,0,0.0,2.0,3.0,1.0,A01
201300038951,1,7,0,,,,,A02
201300038951,0,7,0,0.0,2.0,4.0,1.0,A01
201300038952,0,7,0,0.0,2.0,2.0,1.0,B01
201300038952,0,7,0,0.0,2.0,1.0,15.0,A01
201300038953,0,7,0,0.0,2.0,2.0,15.0,A01
201300038953,0,1,0,0.0,2.0,1.0,1.0,B01
201300038954,0,7,0,0.0,1.0,1.0,1.0,A01
201300038955,0,7,0,0.0,2.0,8.0,15.0,A01
201300038955,0,33,0,0.0,2.0,1.0,1.0,B01
201300038956,0,7,0,0.0,2.0,4.0,1.0,C01
201300038956,0,7,0,0.0,2.0,1.0,1.0,A01
201300038956,0,7,0,0.0,2.0,4.0,1.0,D01
201300038956,0,7,0,0.0,2.0,4.0,1.0,E01
201300038956,0,7,0,0.0,2.0,4.0,0.0,B01
201300038957,0,7,0,0.0,1.0,1.0,1.0,A01
201300038958,0,7,0,0.0,1.0,2.0,2.0,A01
201300038959,0,32,0,0.0,0.0,0.0,1.0,A01
201300038960,0,7,0,0.0,2.0,4.0,1.0,B01
201300038960,0,7,0,0.0,2.0,1.0,1.0,A01
201300038961,0,7,0,0.0,2.0,7.0,16.0,A01
201300038961,0,7,0,0.0,2.0,3.0,16.0,B01
201300038962,0,7,0,8.0,0.0,1.0,0.0,A01
201300038963,1,7,0,0.0,2.0,0.0,1.0,A01
201300038963,0,30,0,0.0,2.0,1.0,1.0,B01
201300038964,0,1,0,0.0,2.0,0.0,0.0,B01
201300038964,0,7,0,0.0,2.0,0.0,0.0,A01
201300038965,0,1,0,0.0,2.0,7.0,1.0,B01
201300038965,0,7,0,0.0,2.0,3.0,9.0,A01
201300038966,0,33,0,0.0,2.0,1.0,1.0,B01
201300038966,0,7,0,0.0,2.0,2.0,15.0,A01
201300038967,0,32,0,0.0,1.0,0.0,17.0,A01
201300038968,0,7,0,0.0,1.0,2.0,11.0,A01
201300038969,0,7,0,0.0,2.0,1.0,9.0,A01
201300038969,0,7,0,0.0,2.0,3.0,9.0,B01
201300038970,0,31,0,0.0,2.0,8.0,1.0,B01
201300038970,0,7,0,0.0,2.0,3.0,13.0,A01
201300038971,0,7,0,0.0,1.0,1.0,1.0,A01
201300038972,0,7,0,0.0,2.0,7.0,9.0,A01
201300038972,0,37,2,0.0,2.0,3.0,0.0,B01
201300038973,0,2,0,0.0,1.0,0.0,1.0,A01
201300038974,0,7,0,0.0,2.0,8.0,9.0,B01
201300038974,0,33,0,0.0,2.0,1.0,1.0,A01
201300038975,0,33,0,1.0,0.0,0.0,20.0,A01
201300038976,0,33,0,0.0,2.0,7.0,17.0,A01
201300038976,0,7,0,0.0,2.0,8.0,1.0,B01
201300038977,0,7,0,0.0,2.0,4.0,1.0,B01
201300038977,0,7,0,0.0,2.0,1.0,1.0,A01
201300038978,0,7,0,0.0,1.0,4.0,4.0,A01
201300038979,0,7,0,0.0,1.0,1.0,16.0,A01
201300038980,1,7,0,,0.0,0.0,,Z01
201300038980,0,7,0,0.0,2.0,1.0,2.0,B01
201300038980,0,7,0,0.0,2.0,4.0,2.0,E01
201300038980,0,7,0,0.0,2.0,1.0,2.0,C01
201300038980,0,7,0,0.0,2.0,1.0,2.0,D01
201300038981,0,7,0,0.0,2.0,1.0,15.0,B01
201300038981,0,2,0,0.0,2.0,1.0,5.0,A01
201300038982,0,7,0,0.0,2.0,2.0,15.0,A01
201300038982,0,32,0,0.0,2.0,1.0,1.0,B01
201300038983,0,30,0,0.0,2.0,1.0,2.0,A01
201300038983,0,7,0,0.0,2.0,4.0,23.0,B01
201300038984,0,30,0,0.0,2.0,1.0,1.0,B01
201300038984,0,7,0,0.0,2.0,7.0,15.0,A01
201300038985,0,7,0,0.0,2.0,4.0,2.0,C01
201300038985,0,7,0,0.0,2.0,4.0,2.0,B01
201300038985,0,7,0,0.0,2.0,1.0,2.0,A01
201300038986,0,7,0,4.0,0.0,3.0,1.0,A01
201300038987,0,7,0,0.0,1.0,3.0,15.0,A01
201300038988,0,7,0,0.0,2.0,1.0,9.0,A01