Num_Acc,senc,catv,occutc,obs,obsm,choc,manv,num_veh
201300038988,0,2,0,0.0,2.0,5.0,1.0,B01
201300038989,0,7,0,0.0,2.0,1.0,16.0,A01
201300038989,0,1,0,0.0,2.0,4.0,19.0,B01
201300038990,0,31,0,0.0,9.0,2.0,1.0,A01
201300038991,1,7,0,1.0,0.0,2.0,1.0,A01
201300038992,0,7,0,1.0,0.0,3.0,1.0,A01
201300038993,0,30,0,0.0,0.0,1.0,1.0,A01
201300038994,0,37,1,0.0,2.0,1.0,23.0,B01
201300038994,0,30,0,0.0,2.0,8.0,18.0,A01
201300038994,1,7,0,0.0,2.0,7.0,16.0,Z01
201300038995,0,33,0,0.0,2.0,8.0,1.0,B01
201300038995,0,7,0,0.0,2.0,7.0,14.0,A01
201300038996,0,33,0,0.0,2.0,1.0,1.0,B01
201300038996,0,7,0,0.0,2.0,5.0,15.0,A01
201300038997,0,33,0,0.0,2.0,1.0,1.0,B01
201300038997,0,7,0,0.0,2.0,2.0,19.0,A01
201300038998,0,33,0,0.0,2.0,1.0,1.0,B01
201300038998,0,7,0,0.0,2.0,3.0,19.0,A01
201300038999,0,7,0,0.0,2.0,2.0,1.0,A01
201300038999,0,7,0,0.0,2.0,6.0,24.0,B01
201300039000,0,10,0,0.0,2.0,1.0,15.0,A01
201300039000,0,33,0,0.0,2.0,1.0,1.0,B01
201300039001,0,32,0,0.0,2.0,1.0,1.0,B01
201300039001,0,10,0,0.0,2.0,3.0,15.0,A01
201300039002,0,7,0,11.0,0.0,3.0,14.0,A01
201300039003,0,7,0,0.0,1.0,2.0,1.0,A01
201300039004,0,33,0,0.0,2.0,1.0,0.0,B01
201300039004,0,7,0,0.0,2.0,2.0,15.0,A01
201300039005,0,7,0,0.0,2.0,8.0,1.0,B01
201300039005,0,33,0,0.0,2.0,1.0,17.0,A01
201300039006,0,7,0,0.0,1.0,1.0,1.0,A01
201300039007,0,7,0,0.0,1.0,3.0,1.0,A01
201300039008,0,30,0,0.0,2.0,0.0,15.0,A01
201300039008,0,7,0,0.0,2.0,3.0,1.0,B01
201300039009,0,7,0,0.0,2.0,2.0,15.0,A01
201300039009,0,33,0,0.0,2.0,1.0,0.0,B01
201300039010,0,7,0,0.0,2.0,3.0,16.0,A01
201300039010,0,32,0,0.0,2.0,2.0,1.0,B01
201300039011,0,7,0,0.0,2.0,1.0,2.0,A01
201300039011,0,7,0,0.0,2.0,4.0,2.0,B01
201300039012,0,7,0,0.0,2.0,3.0,2.0,B01
201300039012,0,33,0,0.0,2.0,3.0,2.0,A01
201300039013,0,7,0,0.0,1.0,3.0,1.0,A01
201300039014,0,7,0,0.0,1.0,5.0,1.0,A01
201300039015,0,33,0,0.0,0.0,0.0,1.0,A01
201300039016,0,7,0,0.0,2.0,3.0,13.0,B01
201300039016,0,2,0,1.0,2.0,2.0,17.0,A01
201300039017,0,30,0,0.0,2.0,4.0,2.0,B01
201300039017,0,7,0,0.0,2.0,2.0,2.0,A01
201300039018,0,33,0,0.0,2.0,7.0,1.0,A01
201300039018,0,7,0,0.0,2.0,3.0,15.0,B01
201300039019,0,7,0,0.0,2.0,1.0,1.0,A01
201300039019,0,7,0,0.0,2.0,5.0,23.0,C01
201300039019,0,7,0,0.0,2.0,4.0,23.0,B01
201300039020,0,30,0,0.0,2.0,7.0,17.0,B01
201300039020,0,7,0,0.0,2.0,3.0,19.0,A01
201300039021,0,7,0,0.0,2.0,4.0,1.0,B01
201300039021,0,7,0,0.0,2.0,1.0,1.0,A01
201300039021,0,7,0,0.0,2.0,4.0,1.0,C01
201300039022,0,1,0,0.0,2.0,8.0,1.0,B01
201300039022,0,7,0,0.0,2.0,3.0,15.0,A01
201300039023,0,7,0,0.0,2.0,1.0,9.0,A01
201300039023,0,32,0,0.0,2.0,8.0,1.0,B01
201300039024,0,7,0,0.0,1.0,5.0,1.0,A01
201300039025,0,7,0,0.0,1.0,1.0,1.0,A01
201300039026,1,7,0,0.0,2.0,1.0,0.0,B01
201300039026,0,30,0,0.0,2.0,4.0,1.0,A01
201300039027,0,7,0,0.0,2.0,7.0,14.0,A01
201300039027,0,34,0,0.0,2.0,1.0,7.0,B01
201300039028,1,30,0,0.0,1.0,1.0,18.0,A01
201300039029,0,7,0,0.0,2.0,1.0,2.0,A01
201300039029,0,7,0,0.0,2.0,1.0,2.0,B01
201300039029,0,7,0,0.0,2.0,4.0,2.0,C01
201300039030,0,33,0,0.0,2.0,1.0,1.0,B01
201300039030,0,7,0,0.0,2.0,3.0,11.0,A01
201300039031,0,7,0,0.0,2.0,5.0,15.0,A01
201300039031,0,33,0,0.0,2.0,1.0,1.0,B01
201300039032,0,7,0,0.0,2.0,1.0,1.0,B01
201300039032,0,7,0,0.0,2.0,2.0,9.0,A01
201300039033,0,7,0,0.0,1.0,3.0,15.0,A01
201300039034,0,7,0,0.0,2.0,5.0,1.0,B01
201300039034,0,10,0,0.0,2.0,3.0,10.0,A01
201300039035,0,7,0,0.0,1.0,8.0,15.0,A01
201300039036,0,7,0,0.0,2.0,0.0,1.0,B01
201300039036,0,7,0,0.0,2.0,4.0,1.0,C01
201300039036,1,7,0,0.0,2.0,0.0,0.0,A01
201300039037,0,7,0,8.0,2.0,1.0,1.0,A01
201300039037,1,7,0,0.0,0.0,4.0,24.0,B01
201300039038,0,32,0,0.0,0.0,7.0,16.0,A01
201300039039,0,7,0,0.0,2.0,3.0,15.0,A01
201300039039,0,33,0,0.0,2.0,4.0,1.0,B01
201300039040,0,2,0,0.0,0.0,0.0,1.0,A01
201300039041,0,7,0,0.0,2.0,4.0,1.0,B01
201300039041,0,7,0,0.0,2.0,4.0,2.0,C01
201300039041,0,7,0,0.0,2.0,1.0,1.0,A01
201300039042,0,32,0,0.0,0.0,0.0,15.0,A01
201300039043,0,14,0,0.0,2.0,1.0,1.0,A01
201300039043,0,7,0,0.0,2.0,8.0,1.0,C01
201300039043,0,7,0,0.0,2.0,5.0,1.0,B01
201300039044,0,32,0,0.0,0.0,0.0,1.0,A01
201300039045,0,7,0,0.0,1.0,3.0,15.0,A01
201300039046,0,2,0,0.0,0.0,0.0,1.0,A01
201300039047,0,32,0,0.0,0.0,0.0,1.0,A01
201300039048,0,33,0,0.0,2.0,5.0,1.0,B01
201300039048,0,7,0,0.0,2.0,3.0,17.0,A01
201300039049,0,7,0,0.0,2.0,2.0,1.0,A01
201300039049,0,1,0,0.0,2.0,8.0,0.0,B01
201300039050,0,33,0,0.0,2.0,2.0,1.0,A01
201300039050,0,1,0,0.0,0.0,0.0,19.0,B01
201300039051,0,33,0,0.0,1.0,0.0,1.0,A01
201300039052,0,7,0,0.0,1.0,1.0,1.0,A01
201300039053,0,30,0,0.0,2.0,1.0,1.0,A01
201300039053,0,7,0,0.0,2.0,2.0,9.0,B01
201300039054,0,7,0,0.0,2.0,1.0,1.0,B01
201300039054,0,7,0,0.0,2.0,9.0,1.0,A01
201300039055,0,33,0,0.0,2.0,1.0,1.0,A01
201300039055,0,7,0,0.0,0.0,3.0,15.0,B01
201300039056,0,7,0,0.0,1.0,1.0,0.0,A01
201300039057,0,30,0,12.0,0.0,1.0,2.0,A01
201300039058,0,33,0,0.0,1.0,1.0,1.0,A01
201300039059,0,7,0,0.0,1.0,2.0,1.0,A01
201300039060,0,33,0,0.0,2.0,2.0,21.0,A01
201300039060,0,7,0,0.0,0.0,8.0,15.0,B01
201300039061,0,32,0,0.0,2.0,1.0,2.0,B01
201300039061,0,7,0,0.0,2.0,1.0,15.0,A01
201300039062,0,33,0,0.0,2.0,2.0,3.0,A01
201300039062,0,7,0,0.0,2.0,3.0,15.0,B01
201300039063,0,30,0,0.0,1.0,1.0,2.0,A01
201300039064,0,7,0,0.0,2.0,3.0,15.0,B01
201300039064,0,30,0,0.0,2.0,7.0,17.0,A01
201300039065,0,10,0,0.0,2.0,7.0,22.0,A01
201300039065,0,1,0,0.0,0.0,1.0,1.0,B01
201300039066,0,30,0,0.0,0.0,0.0,21.0,A01
201300039067,0,7,0,0.0,2.0,4.0,2.0,B01
201300039067,0,34,0,0.0,2.0,1.0,2.0,A01
201300039068,0,7,0,0.0,2.0,1.0,15.0,A01
201300039068,0,1,0,0.0,2.0,1.0,1.0,B01
201300039069,0,7,0,0.0,2.0,3.0,1.0,C01
201300039069,0,32,0,0.0,2.0,9.0,2.0,A01
201300039069,0,10,0,0.0,2.0,4.0,2.0,B01
201300039070,0,7,0,0.0,1.0,4.0,4.0,A01
201300039071,0,7,0,0.0,1.0,2.0,2.0,A01
201300039072,0,31,0,0.0,2.0,3.0,1.0,B01
201300039072,0,7,0,0.0,2.0,3.0,15.0,A01
201300039073,0,10,0,0.0,1.0,3.0,1.0,A01
201300039074,0,34,0,0.0,2.0,2.0,1.0,B01
201300039074,0,7,0,0.0,2.0,3.0,10.0,A01
201300039075,0,7,0,0.0,2.0,3.0,10.0,A01
201300039075,0,33,0,0.0,2.0,2.0,1.0,B01
201300039076,0,32,0,0.0,2.0,2.0,1.0,B01
201300039076,1,7,0,0.0,2.0,2.0,0.0,A01
201300039077,0,30,0,0.0,2.0,1.0,1.0,B01
201300039077,0,7,0,0.0,2.0,2.0,10.0,A01
201300039078,0,7,0,0.0,1.0,4.0,4.0,A01
201300039079,0,7,0,0.0,0.0,2.0,1.0,A01
201300039079,0,7,0,1.0,2.0,8.0,11.0,B01
201300039080,0,34,0,0.0,2.0,3.0,2.0,A01
201300039080,0,7,0,0.0,2.0,2.0,9.0,B01
201300039081,0,7,0,0.0,2.0,1.0,17.0,A01
201300039081,0,7,0,1.0,2.0,1.0,1.0,B01
201300039082,0,10,0,0.0,2.0,1.0,2.0,A01
201300039082,0,7,0,0.0,0.0,4.0,2.0,B01
201300039083,0,7,0,0.0,0.0,3.0,15.0,A01
201300039083,0,34,0,0.0,2.0,1.0,17.0,B01
201300039084,0,7,0,0.0,2.0,1.0,2.0,C01
201300039084,0,7,0,0.0,2.0,9.0,2.0,B01
201300039084,0,7,0,1.0,2.0,2.0,12.0,A01
201300039085,0,7,0,0.0,9.0,4.0,4.0,A01
201300039085,0,1,0,0.0,2.0,1.0,19.0,B01
201300039086,0,7,0,0.0,9.0,2.0,2.0,A01
201300039086,0,1,0,0.0,2.0,4.0,11.0,B01
201300039087,0,7,0,0.0,2.0,4.0,2.0,B01
201300039087,0,7,0,0.0,2.0,1.0,2.0,A01
201300039088,0,7,0,0.0,2.0,5.0,1.0,B01
201300039088,0,1,0,0.0,2.0,6.0,11.0,A01
201300039089,0,10,0,0.0,2.0,1.0,15.0,B01
201300039089,0,7,0,0.0,2.0,1.0,1.0,A01
201300039090,0,7,0,0.0,1.0,2.0,9.0,A01
201300039091,0,7,0,0.0,2.0,7.0,12.0,A01
201300039091,0,30,0,0.0,2.0,1.0,2.0,B01
201300039092,0,7,0,0.0,2.0,8.0,9.0,B01
201300039092,0,7,0,0.0,2.0,7.0,1.0,A01
201300039093,0,10,0,0.0,2.0,0.0,2.0,A01
201300039093,0,7,0,0.0,2.0,4.0,2.0,B01
201300039094,0,7,0,0.0,2.0,2.0,15.0,B01
201300039094,0,33,0,0.0,2.0,2.0,3.0,A01
201300039095,0,7,0,0.0,1.0,3.0,1.0,A01
201300039096,0,34,0,0.0,0.0,0.0,21.0,B01
201300039096,0,7,0,0.0,0.0,0.0,10.0,A01
201300039097,0,31,0,0.0,0.0,0.0,1.0,A01
201300039098,0,37,1,0.0,1.0,2.0,15.0,A01
201300039099,0,7,0,0.0,2.0,8.0,10.0,A01
201300039099,0,33,0,0.0,2.0,7.0,1.0,B01
201300039100,1,7,0,0.0,1.0,3.0,15.0,Z01
201300039101,0,30,0,0.0,0.0,0.0,1.0,A01
201300039102,0,30,0,0.0,0.0,7.0,1.0,A01
201300039103,0,30,0,0.0,1.0,1.0,1.0,A01
201300039104,0,7,0,0.0,2.0,1.0,2.0,A01
201300039104,0,7,0,0.0,2.0,4.0,2.0,B01
201300039104,0,7,0,0.0,0.0,4.0,2.0,C01
201300039105,0,33,0,0.0,2.0,7.0,1.0,A01
201300039105,0,7,0,0.0,0.0,3.0,23.0,B01
201300039106,0,7,0,0.0,0.0,3.0,15.0,A01
201300039106,0,30,0,0.0,2.0,1.0,1.0,B01
201300039107,0,7,0,0.0,0.0,7.0,15.0,A01
201300039107,0,34,0,0.0,2.0,0.0,1.0,B01
201300039108,0,7,0,0.0,2.0,2.0,1.0,A01
201300039108,0,30,0,0.0,0.0,5.0,1.0,B01
201300039109,0,7,0,0.0,1.0,2.0,1.0,A01
201300039110,0,10,0,0.0,2.0,3.0,15.0,A01
201300039110,0,33,0,0.0,2.0,1.0,17.0,B01
201300039111,0,10,0,0.0,1.0,2.0,1.0,A01
201300039112,0,10,0,0.0,2.0,1.0,1.0,A01
201300039112,0,7,0,0.0,0.0,7.0,1.0,B01
201300039113,0,1,0,0.0,1.0,1.0,0.0,A01
201300039114,0,7,0,0.0,2.0,2.0,15.0,A01
201300039114,0,2,0,0.0,0.0,1.0,1.0,B01
201300039115,0,7,0,0.0,1.0,3.0,15.0,A01
201300039116,0,33,0,0.0,2.0,1.0,1.0,A01
201300039116,0,7,0,0.0,2.0,1.0,16.0,B01
201300039117,1,7,0,0.0,1.0,0.0,0.0,A01
201300039118,0,7,0,0.0,2.0,5.0,0.0,B01
201300039118,0,7,0,0.0,2.0,3.0,0.0,A01
201300039119,0,7,0,0.0,0.0,7.0,22.0,A01
201300039119,0,1,0,1.0,0.0,1.0,22.0,B01
201300039120,0,30,0,0.0,2.0,0.0,16.0,B01
201300039120,0,7,0,0.0,2.0,2.0,16.0,A01
201300039121,0,31,0,0.0,2.0,0.0,7.0,A01
201300039121,0,7,0,0.0,2.0,4.0,16.0,B01
201300039122,0,30,0,0.0,0.0,0.0,1.0,A01
201300039123,0,7,0,0.0,1.0,1.0,16.0,A01
201300039124,0,7,0,0.0,2.0,6.0,15.0,B01
201300039124,0,33,0,0.0,2.0,1.0,0.0,A01
201300039125,0,15,0,0.0,2.0,2.0,16.0,A01
201300039125,0,1,0,0.0,2.0,3.0,1.0,B01
201300039126,0,10,0,0.0,2.0,3.0,2.0,A01
201300039126,0,30,0,0.0,2.0,2.0,2.0,B01
201300039127,0,10,0,0.0,2.0,6.0,2.0,B01
201300039127,0,32,0,0.0,2.0,1.0,2.0,A01
201300039128,0,10,0,0.0,1.0,3.0,1.0,A01
201300039129,0,32,0,0.0,2.0,8.0,2.0,B01
201300039129,0,7,0,0.0,2.0,2.0,15.0,A01
201300039130,0,10,0,0.0,2.0,1.0,2.0,A01
201300039130,0,7,0,0.0,2.0,4.0,2.0,B01
201300039131,0,30,0,0.0,9.0,0.0,14.0,B01
201300039131,0,10,0,0.0,2.0,0.0,15.0,A01
201300039132,0,33,0,0.0,2.0,2.0,17.0,B01
201300039132,0,7,0,0.0,0.0,3.0,15.0,A01
201300039133,0,33,0,0.0,2.0,9.0,21.0,A01
201300039134,0,33,0,0.0,2.0,3.0,16.0,B01
201300039134,0,32,0,0.0,2.0,3.0,5.0,A01
201300039135,0,32,0,0.0,2.0,8.0,7.0,A01
201300039135,0,7,0,0.0,2.0,2.0,16.0,B01
201300039136,0,33,0,0.0,2.0,8.0,1.0,B01
201300039136,0,7,0,0.0,2.0,1.0,1.0,A01
201300039137,0,10,0,0.0,2.0,3.0,1.0,B01
201300039137,0,31,0,0.0,2.0,1.0,11.0,A01
201300039138,0,14,0,0.0,1.0,2.0,2.0,A01
201300039139,0,7,0,0.0,2.0,3.0,10.0,A01
201300039139,0,33,0,0.0,0.0,2.0,1.0,B01
201300039140,0,7,0,0.0,1.0,3.0,15.0,A01
201300039141,0,32,0,0.0,2.0,3.0,21.0,B01
201300039141,0,7,0,0.0,2.0,3.0,13.0,A01
201300039142,0,34,0,14.0,0.0,1.0,17.0,A01
201300039143,0,37,1,0.0,2.0,6.0,23.0,B01
201300039143,0,7,0,0.0,2.0,7.0,1.0,C01
201300039143,0,33,0,1.0,2.0,9.0,2.0,A01
201300039144,0,7,0,0.0,2.0,5.0,0.0,A01
201300039144,0,7,0,6.0,2.0,1.0,1.0,B01
201300039145,0,7,0,0.0,1.0,7.0,1.0,A01
201300039146,0,34,0,0.0,2.0,1.0,1.0,B01
201300039146,0,10,0,0.0,0.0,7.0,15.0,A01
201300039147,0,7,0,0.0,2.0,7.0,1.0,C01
201300039147,0,7,0,0.0,2.0,7.0,15.0,B01
201300039147,0,30,0,0.0,2.0,7.0,1.0,A01
201300039148,0,33,0,0.0,0.0,1.0,1.0,B01
201300039148,0,7,0,0.0,2.0,3.0,15.0,A01
201300039149,0,10,0,0.0,1.0,2.0,2.0,A01
201300039150,0,7,0,0.0,1.0,1.0,15.0,A01
201300039151,0,14,0,0.0,2.0,1.0,16.0,A01
201300039151,0,1,0,0.0,0.0,8.0,19.0,B01
201300039152,2,34,0,0.0,1.0,1.0,1.0,A01
201300039153,0,10,0,11.0,0.0,1.0,6.0,A01
201300039153,0,7,0,0.0,0.0,6.0,1.0,C01
201300039153,0,7,0,0.0,0.0,3.0,1.0,B01
201300039154,0,7,0,0.0,2.0,3.0,15.0,A01
201300039154,0,1,0,0.0,0.0,8.0,1.0,B01
201300039155,0,7,0,0.0,2.0,1.0,15.0,A01
201300039155,0,32,0,0.0,2.0,1.0,1.0,B01
201300039156,0,7,0,1.0,0.0,1.0,1.0,A01
201300039156,0,7,0,0.0,2.0,1.0,1.0,B01
201300039157,0,34,0,0.0,2.0,1.0,1.0,A01
201300039157,0,7,0,0.0,2.0,1.0,0.0,B01
201300039158,0,30,0,0.0,0.0,1.0,0.0,A01
201300039159,0,7,0,0.0,2.0,8.0,15.0,A01
201300039159,0,34,0,0.0,2.0,3.0,1.0,B01
201300039160,0,7,0,0.0,2.0,0.0,15.0,B01
201300039160,0,30,0,0.0,2.0,0.0,5.0,A01
201300039161,0,34,0,0.0,2.0,1.0,3.0,B01
201300039161,0,7,0,0.0,2.0,3.0,11.0,A01
201300039162,0,37,40,0.0,1.0,2.0,1.0,A01
201300039163,0,30,0,0.0,2.0,1.0,2.0,B01
201300039163,0,14,0,0.0,2.0,4.0,4.0,A01
201300039164,0,7,0,0.0,1.0,2.0,1.0,A01
201300039165,0,30,0,0.0,2.0,8.0,2.0,B01
201300039166,0,7,0,0.0,0.0,8.0,1.0,B01
201300039167,0,7,0,0.0,1.0,1.0,0.0,A01
201300039168,0,1,0,0.0,2.0,0.0,0.0,B01
201300039168,0,30,0,0.0,2.0,0.0,0.0,A01
201300039169,0,7,0,0.0,1.0,1.0,16.0,A01
201300039170,0,7,0,0.0,1.0,1.0,1.0,A01
201300039171,0,7,0,0.0,2.0,1.0,15.0,B01
201300039171,0,30,0,0.0,2.0,0.0,3.0,A01
201300039172,0,7,0,0.0,2.0,7.0,1.0,B01
201300039173,0,7,0,0.0,2.0,8.0,15.0,A01
201300039173,0,33,0,0.0,2.0,7.0,15.0,B01
201300039174,1,7,0,0.0,1.0,0.0,0.0,A01
201300039175,0,7,0,0.0,2.0,2.0,19.0,A01
201300039175,0,34,0,0.0,2.0,1.0,2.0,B01
201300039176,0,7,0,0.0,2.0,4.0,1.0,B01
201300039176,0,37,1,0.0,2.0,1.0,1.0,A01
201300039177,0,33,0,0.0,2.0,1.0,1.0,B01
201300039177,0,10,0,0.0,2.0,4.0,15.0,A01
201300039178,0,1,0,0.0,2.0,1.0,1.0,B01
201300039178,0,7,0,0.0,2.0,1.0,1.0,A01
201300039179,0,7,0,0.0,1.0,7.0,16.0,A01
201300039180,0,7,0,0.0,2.0,1.0,2.0,A01
201300039180,0,31,0,0.0,0.0,1.0,2.0,B01
201300039181,0,33,0,0.0,2.0,1.0,0.0,B01
201300039181,0,7,0,0.0,2.0,2.0,15.0,A01
201300039182,1,34,0,0.0,1.0,1.0,0.0,A01
201300039183,0,34,0,0.0,0.0,8.0,15.0,A01
201300039184,0,7,0,0.0,2.0,1.0,15.0,A01
201300039184,0,33,0,0.0,2.0,1.0,0.0,B01
201300039185,0,7,0,0.0,2.0,5.0,10.0,A01
201300039185,0,34,0,0.0,2.0,1.0,0.0,B01
201300039186,0,33,0,0.0,0.0,0.0,0.0,A01
201300039187,0,31,0,0.0,2.0,4.0,2.0,B01
201300039187,0,37,0,0.0,2.0,3.0,2.0,A01
201300039188,0,7,0,0.0,0.0,0.0,0.0,A01
201300039188,0,7,0,0.0,2.0,7.0,0.0,B01
201300039189,0,7,0,0.0,2.0,4.0,2.0,B01
201300039189,0,15,0,0.0,2.0,1.0,2.0,A01
201300039190,1,1,0,0.0,1.0,4.0,0.0,A01
201300039191,0,1,0,0.0,2.0,0.0,0.0,A01
201300039191,0,7,0,0.0,2.0,0.0,0.0,B01
201300039192,0,7,0,0.0,2.0,6.0,0.0,B01
201300039192,0,33,0,0.0,2.0,1.0,2.0,A01
201300039193,0,33,0,0.0,2.0,0.0,1.0,B01
201300039193,0,7,0,0.0,2.0,2.0,15.0,A01
201300039194,0,34,0,0.0,0.0,0.0,0.0,A01
201300039194,0,7,0,0.0,0.0,0.0,0.0,B01
201300039195,0,7,0,0.0,2.0,4.0,2.0,B01
201300039195,0,7,0,0.0,2.0,1.0,2.0,A01
201300039196,0,7,0,0.0,0.0,0.0,0.0,A01
201300039197,0,7,0,0.0,2.0,0.0,0.0,A01
201300039197,0,1,0,1.0,0.0,1.0,0.0,B01
201300039198,0,30,0,0.0,0.0,0.0,0.0,B01
201300039199,0,7,0,0.0,2.0,8.0,15.0,B01
201300039199,0,33,0,0.0,2.0,1.0,17.0,A01
201300039200,0,14,0,0.0,2.0,1.0,0.0,A01
201300039200,0,1,0,0.0,0.0,0.0,0.0,B01
201300039201,0,1,0,0.0,2.0,1.0,1.0,B01
201300039201,0,7,0,0.0,2.0,4.0,4.0,A01
201300039202,0,7,0,0.0,1.0,1.0,0.0,A01
201300039203,0,34,0,0.0,2.0,1.0,1.0,B01
201300039203,0,7,0,0.0,2.0,2.0,15.0,A01
201300039204,0,30,0,0.0,2.0,7.0,10.0,A01
201300039204,0,34,0,0.0,2.0,7.0,1.0,B01
201300039205,0,14,0,0.0,1.0,0.0,0.0,A01
201300039206,1,7,0,0.0,1.0,1.0,0.0,B01
201300039207,0,33,0,0.0,2.0,1.0,1.0,B01
201300039207,0,7,0,0.0,2.0,2.0,15.0,A01
201300039208,1,7,0,0.0,0.0,0.0,0.0,A01
201300039208,0,32,0,0.0,0.0,0.0,0.0,B01
201300039209,0,33,0,0.0,0.0,0.0,0.0,B01
201300039209,0,7,0,0.0,0.0,0.0,0.0,A01
201300039210,0,7,0,0.0,2.0,2.0,15.0,A01
201300039210,0,32,0,0.0,2.0,1.0,1.0,B01
201300039211,0,30,0,0.0,0.0,0.0,0.0,B01
201300039211,0,7,0,0.0,0.0,0.0,0.0,A01
201300039212,0,7,0,0.0,2.0,8.0,22.0,A01
201300039212,0,1,0,1.0,0.0,1.0,0.0,B01
201300039213,1,34,0,0.0,1.0,0.0,0.0,A01
201300039214,0,30,0,0.0,0.0,0.0,0.0,A01
201300039215,1,7,0,0.0,1.0,0.0,0.0,A01
201300039216,0,7,0,0.0,0.0,0.0,0.0,A01
201300039216,0,34,0,0.0,0.0,0.0,0.0,B01
201300039217,0,7,0,0.0,1.0,1.0,0.0,A01
201300039218,0,7,0,0.0,0.0,0.0,0.0,A01
201300039218,0,7,0,0.0,0.0,0.0,0.0,B01
201300039219,0,7,0,0.0,1.0,1.0,1.0,A01
201300039220,0,7,0,0.0,1.0,1.0,1.0,A01
201300039221,0,7,0,0.0,2.0,4.0,2.0,B01
201300039221,0,32,0,0.0,2.0,1.0,2.0,A01
201300039222,0,33,0,0.0,2.0,8.0,2.0,B01
201300039222,0,7,0,0.0,2.0,0.0,2.0,A01
201300039223,0,2,0,0.0,1.0,1.0,3.0,A01
201300039224,0,7,0,0.0,2.0,1.0,2.0,A01
201300039224,0,7,0,0.0,2.0,4.0,2.0,C01
201300039224,0,7,0,0.0,2.0,4.0,2.0,B01
201300039225,1,7,0,0.0,1.0,1.0,1.0,A01
201300039226,1,7,0,0.0,0.0,0.0,0.0,A01
201300039226,0,30,0,0.0,0.0,0.0,0.0,B01
201300039227,0,7,0,0.0,2.0,7.0,15.0,A01
201300039227,0,10,0,0.0,2.0,1.0,1.0,B01
201300039228,0,7,0,0.0,2.0,3.0,15.0,A01
201300039228,0,34,0,0.0,2.0,2.0,17.0,B01
201300039229,0,30,0,0.0,0.0,0.0,0.0,A01
201300039229,0,7,0,0.0,0.0,0.0,0.0,B01
201300039230,0,7,0,8.0,0.0,1.0,0.0,A01
201300039231,0,1,0,0.0,1.0,1.0,1.0,A01
201300039232,0,30,0,0.0,0.0,0.0,0.0,A01
201300039233,0,32,0,0.0,0.0,2.0,1.0,A01
201300039234,0,7,0,0.0,1.0,1.0,1.0,A01
201300039235,0,34,0,0.0,1.0,1.0,1.0,A01
201300039236,0,7,0,0.0,2.0,2.0,2.0,A01
201300039236,0,3,0,0.0,2.0,4.0,9.0,B01
201300039237,2,7,0,0.0,0.0,0.0,0.0,A01
201300039237,0,1,0,0.0,2.0,8.0,0.0,B01
201300039238,2,32,0,0.0,1.0,1.0,1.0,B01
201300039239,0,7,0,0.0,1.0,1.0,1.0,A01
201300039240,0,30,0,0.0,0.0,0.0,0.0,A01
201300039241,0,7,0,0.0,2.0,2.0,2.0,B01
201300039242,0,10,0,0.0,1.0,4.0,20.0,A01
201300039243,0,7,0,0.0,0.0,0.0,0.0,A01
201300039244,0,7,0,0.0,2.0,0.0,16.0,A01
201300039244,0,33,0,0.0,2.0,0.0,2.0,B01
201300039244,0,34,0,0.0,2.0,0.0,2.0,C01
201300039245,0,34,0,0.0,2.0,1.0,1.0,B01
201300039245,0,7,0,0.0,2.0,2.0,15.0,A01
201300039246,0,7,0,0.0,0.0,0.0,0.0,A01
201300039246,0,1,0,0.0,0.0,0.0,0.0,B01
201300039247,0,7,0,0.0,2.0,3.0,19.0,A01
201300039247,0,7,0,0.0,2.0,2.0,19.0,B01
201300039248,0,30,0,0.0,1.0,1.0,0.0,A01
201300039249,0,7,0,0.0,2.0,4.0,1.0,B01
201300039249,0,7,0,0.0,2.0,1.0,2.0,A01
201300039250,0,34,0,0.0,1.0,2.0,2.0,A01
201300039251,0,7,0,0.0,1.0,4.0,4.0,A01
201300039252,0,1,0,0.0,2.0,1.0,1.0,A01
201300039252,0,7,0,0.0,2.0,2.0,15.0,B01
201300039253,0,1,0,0.0,2.0,7.0,14.0,B01
201300039253,0,30,0,0.0,2.0,8.0,18.0,A01
201300039254,1,38,0,0.0,9.0,0.0,0.0,A01
201300039254,0,1,0,0.0,2.0,8.0,19.0,B01
201300039255,0,33,0,1.0,0.0,1.0,0.0,B01
201300039255,0,7,0,0.0,2.0,8.0,22.0,A01
201300039256,0,7,0,0.0,2.0,3.0,2.0,C01
201300039256,0,7,0,0.0,2.0,1.0,2.0,B01
201300039256,0,7,0,0.0,2.0,7.0,15.0,A01
201300039257,0,30,0,0.0,2.0,1.0,16.0,B01
201300039257,0,7,0,0.0,2.0,3.0,19.0,A01
201300039258,0,10,0,0.0,1.0,4.0,0.0,A01
201300039259,0,30,0,0.0,0.0,0.0,0.0,A01
201300039259,0,34,0,0.0,0.0,0.0,0.0,B01
201300039260,0,7,0,0.0,1.0,1.0,2.0,A01
201300039261,0,33,0,0.0,2.0,1.0,3.0,B01
201300039261,0,10,0,0.0,0.0,0.0,0.0,A01
201300039262,0,1,0,0.0,2.0,8.0,19.0,B01
201300039262,0,7,0,0.0,2.0,1.0,16.0,A01
201300039263,0,33,0,0.0,2.0,1.0,1.0,B01
201300039263,0,7,0,0.0,2.0,2.0,15.0,A01