Num_Acc,senc,catv,occutc,obs,obsm,choc,manv,num_veh
201300039264,0,7,0,0.0,1.0,1.0,1.0,A01
201300039265,0,7,0,0.0,0.0,0.0,0.0,B01
201300039265,0,13,0,0.0,0.0,0.0,0.0,A01
201300039266,0,32,0,1.0,0.0,2.0,21.0,A01
201300039267,0,7,0,0.0,1.0,1.0,2.0,A01
201300039268,0,30,0,0.0,9.0,8.0,1.0,A01
201300039269,0,7,0,0.0,1.0,1.0,11.0,A01
201300039270,0,7,0,0.0,1.0,1.0,1.0,A01
201300039271,0,7,0,0.0,1.0,1.0,15.0,A01
201300039272,0,7,0,0.0,2.0,8.0,1.0,C01
201300039272,0,34,0,0.0,2.0,8.0,3.0,A01
201300039272,0,7,0,0.0,2.0,2.0,1.0,B01
201300039273,0,7,0,0.0,2.0,2.0,14.0,A01
201300039273,0,32,0,0.0,2.0,8.0,1.0,B01
201300039274,0,31,0,0.0,0.0,0.0,2.0,A01
201300039275,0,1,0,14.0,0.0,1.0,1.0,A01
201300039276,0,7,0,0.0,0.0,0.0,1.0,A01
201300039276,0,2,0,0.0,2.0,0.0,1.0,B01
201300039277,0,30,0,0.0,9.0,1.0,1.0,A01
201300039277,0,30,0,0.0,9.0,1.0,2.0,B01
201300039278,0,7,0,0.0,1.0,2.0,1.0,A01
201300039279,0,33,0,0.0,2.0,1.0,1.0,B01
201300039279,0,7,0,0.0,2.0,8.0,9.0,A01
201300039280,0,7,0,0.0,2.0,2.0,12.0,A01
201300039280,0,33,0,0.0,2.0,8.0,1.0,B01
201300039281,0,7,0,0.0,2.0,3.0,21.0,A01
201300039281,0,33,0,0.0,2.0,7.0,0.0,B01
201300039282,0,30,0,0.0,2.0,8.0,2.0,B01
201300039282,0,7,0,0.0,2.0,1.0,15.0,A01
201300039283,0,34,0,0.0,2.0,3.0,2.0,B01
201300039283,0,7,0,0.0,9.0,3.0,15.0,A01
201300039284,0,7,0,0.0,0.0,3.0,9.0,B01
201300039284,0,30,0,0.0,2.0,1.0,2.0,A01
201300039285,0,7,0,0.0,2.0,3.0,2.0,B01
201300039285,0,7,0,0.0,2.0,1.0,15.0,A01
201300039286,0,33,0,1.0,0.0,4.0,1.0,A01
201300039286,0,7,0,0.0,2.0,5.0,24.0,B01
201300039287,0,7,0,0.0,0.0,4.0,1.0,B01
201300039287,0,1,0,0.0,2.0,1.0,1.0,A01
201300039288,0,7,0,0.0,0.0,7.0,15.0,B01
201300039288,0,30,0,0.0,2.0,1.0,2.0,A01
201300039289,0,2,0,0.0,0.0,7.0,2.0,A01
201300039290,0,7,0,0.0,0.0,2.0,15.0,A01
201300039290,0,33,0,0.0,2.0,1.0,2.0,B01
201300039291,0,7,0,0.0,9.0,1.0,2.0,A01
201300039291,0,31,0,0.0,0.0,4.0,2.0,B01
201300039292,0,7,0,0.0,1.0,1.0,1.0,A01
201300039293,0,34,0,0.0,2.0,3.0,1.0,B01
201300039293,0,7,0,0.0,2.0,7.0,15.0,A01
201300039294,0,34,0,0.0,2.0,7.0,23.0,B01
201300039294,0,37,0,0.0,0.0,7.0,21.0,A01
201300039295,0,7,0,11.0,0.0,1.0,0.0,A01
201300039296,0,7,0,0.0,2.0,4.0,9.0,B01
201300039296,0,33,0,0.0,2.0,1.0,1.0,A01
201300039297,1,7,0,0.0,0.0,0.0,11.0,Z01
201300039297,0,33,0,0.0,2.0,6.0,2.0,A01
201300039297,0,10,0,0.0,2.0,6.0,23.0,B01
201300039298,0,10,0,0.0,1.0,1.0,15.0,A01
201300039299,0,33,0,0.0,2.0,1.0,17.0,A01
201300039299,0,7,0,0.0,9.0,1.0,9.0,B01
201300039299,0,7,0,0.0,9.0,8.0,24.0,C01
201300039300,0,10,0,0.0,1.0,2.0,1.0,A01
201300039301,0,7,0,0.0,1.0,1.0,2.0,A01
201300039302,0,7,0,0.0,2.0,6.0,19.0,B01
201300039302,0,31,0,0.0,2.0,3.0,17.0,A01
201300039303,0,7,0,0.0,1.0,3.0,2.0,A01
201300039304,0,7,0,0.0,1.0,7.0,13.0,A01
201300039305,1,34,0,0.0,1.0,1.0,2.0,A01
201300039306,0,30,0,0.0,2.0,4.0,2.0,B01
201300039306,1,7,0,0.0,9.0,1.0,2.0,A01
201300039307,0,7,0,0.0,2.0,0.0,9.0,A01
201300039307,0,33,0,0.0,2.0,0.0,1.0,B01
201300039308,0,1,0,0.0,2.0,1.0,1.0,B01
201300039308,0,7,0,0.0,2.0,5.0,16.0,A01
201300039309,0,37,1,0.0,1.0,5.0,1.0,A01
201300039310,0,32,0,0.0,2.0,1.0,2.0,A01
201300039310,0,33,0,0.0,2.0,4.0,2.0,B01
201300039311,0,7,0,0.0,2.0,1.0,1.0,A01
201300039311,0,7,0,0.0,2.0,4.0,23.0,B01
201300039312,0,7,0,0.0,2.0,2.0,16.0,B01
201300039312,0,30,0,0.0,2.0,8.0,18.0,A01
201300039313,0,7,0,0.0,0.0,6.0,9.0,A01
201300039313,0,32,0,0.0,2.0,1.0,3.0,B01
201300039314,0,1,0,0.0,2.0,1.0,2.0,B01
201300039314,2,30,0,0.0,2.0,5.0,15.0,A01
201300039315,0,33,0,0.0,2.0,8.0,1.0,B01
201300039315,0,7,0,0.0,2.0,7.0,15.0,A01
201300039315,0,33,0,0.0,2.0,8.0,1.0,C01
201300039316,0,37,2,0.0,2.0,6.0,1.0,B01
201300039316,0,34,0,0.0,2.0,1.0,1.0,A01
201300039317,0,2,0,0.0,2.0,8.0,17.0,B01
201300039317,0,7,0,0.0,9.0,8.0,15.0,A01
201300039318,0,31,0,0.0,2.0,1.0,17.0,A01
201300039318,0,7,0,0.0,9.0,1.0,2.0,C01
201300039318,0,7,0,0.0,0.0,8.0,2.0,B01
201300039319,0,33,0,0.0,2.0,5.0,15.0,B01
201300039319,0,30,0,0.0,2.0,1.0,2.0,A01
201300039320,0,7,0,0.0,2.0,8.0,2.0,C01
201300039320,0,7,0,0.0,0.0,4.0,23.0,B01
201300039320,0,7,0,4.0,2.0,1.0,6.0,A01
201300039321,0,33,0,0.0,2.0,8.0,2.0,B01
201300039321,0,7,0,0.0,2.0,7.0,12.0,A01
201300039322,0,30,0,9.0,0.0,1.0,21.0,A01
201300039323,0,10,0,0.0,1.0,4.0,4.0,A01
201300039324,0,34,0,0.0,0.0,2.0,11.0,A01
201300039325,0,7,0,0.0,1.0,7.0,1.0,A01
201300039326,0,7,0,0.0,2.0,9.0,1.0,B01
201300039326,0,7,0,0.0,2.0,7.0,2.0,A01
201300039327,0,1,0,0.0,2.0,3.0,15.0,B01
201300039327,0,10,0,0.0,2.0,2.0,1.0,A01
201300039328,0,7,0,0.0,2.0,1.0,1.0,B01
201300039328,0,7,0,8.0,2.0,1.0,15.0,A01
201300039329,1,7,0,0.0,2.0,5.0,7.0,Z01
201300039329,0,33,0,0.0,2.0,5.0,1.0,B01
201300039330,0,7,0,0.0,1.0,6.0,1.0,A01
201300039331,0,7,0,0.0,1.0,3.0,20.0,A01
201300039332,0,32,0,0.0,2.0,8.0,1.0,A01
201300039332,0,31,0,0.0,2.0,7.0,1.0,B01
201300039333,0,33,0,0.0,2.0,8.0,2.0,A01
201300039333,0,7,0,0.0,2.0,1.0,2.0,B01
201300039334,0,2,0,0.0,1.0,8.0,1.0,B01
201300039335,0,7,0,0.0,1.0,4.0,4.0,A01
201300039336,0,10,0,0.0,2.0,8.0,15.0,A01
201300039336,0,2,0,0.0,2.0,7.0,1.0,B01
201300039337,0,7,0,0.0,2.0,1.0,2.0,A01
201300039337,0,7,0,0.0,2.0,4.0,2.0,B01
201300039338,0,7,0,0.0,2.0,4.0,2.0,B01
201300039338,0,2,0,0.0,2.0,1.0,2.0,A01
201300039339,0,14,0,0.0,1.0,3.0,16.0,A01
201300039340,0,2,0,0.0,0.0,8.0,21.0,A01
201300039341,0,33,0,6.0,0.0,8.0,9.0,A01
201300039342,0,10,0,0.0,2.0,5.0,17.0,A01
201300039342,0,1,0,0.0,2.0,8.0,15.0,B01
201300039343,0,10,0,0.0,2.0,7.0,9.0,B01
201300039343,0,7,0,0.0,2.0,9.0,9.0,A01
201300039344,0,30,0,0.0,2.0,1.0,2.0,A01
201300039344,0,7,0,0.0,2.0,5.0,16.0,B01
201300039345,0,30,0,0.0,2.0,8.0,1.0,B01
201300039345,0,7,0,0.0,2.0,1.0,6.0,A01
201300039346,0,31,0,0.0,2.0,1.0,1.0,A01
201300039346,0,7,0,0.0,2.0,6.0,15.0,B01
201300039347,0,32,0,0.0,1.0,1.0,1.0,A01
201300039348,0,1,0,0.0,2.0,9.0,19.0,B01
201300039348,0,7,0,0.0,2.0,1.0,1.0,A01
201300039349,0,7,0,0.0,1.0,1.0,1.0,A01
201300039350,0,34,0,0.0,1.0,2.0,1.0,A01
201300039351,0,7,0,0.0,1.0,3.0,1.0,A01
201300039352,0,7,0,0.0,1.0,7.0,1.0,A01
201300039353,0,33,0,0.0,2.0,1.0,1.0,B01
201300039353,0,7,0,0.0,2.0,3.0,15.0,A01
201300039354,0,7,0,0.0,2.0,6.0,1.0,B01
201300039354,0,7,0,0.0,2.0,3.0,11.0,A01
201300039354,0,7,0,0.0,2.0,4.0,1.0,C01
201300039355,0,34,0,0.0,1.0,1.0,1.0,A01
201300039356,0,33,0,0.0,0.0,8.0,1.0,A01
201300039357,0,7,0,0.0,1.0,3.0,1.0,A01
201300039358,0,7,0,0.0,2.0,4.0,24.0,B01
201300039358,0,7,0,0.0,2.0,1.0,2.0,A01
201300039359,0,7,0,0.0,2.0,1.0,10.0,A01
201300039359,0,7,0,0.0,2.0,8.0,1.0,B01
201300039360,0,7,0,0.0,2.0,5.0,15.0,A01
201300039360,0,30,0,0.0,2.0,1.0,1.0,B01
201300039361,0,33,0,0.0,0.0,8.0,1.0,A01
201300039362,0,33,0,0.0,1.0,7.0,1.0,A01
201300039363,0,7,0,0.0,1.0,1.0,1.0,A01
201300039364,0,7,0,0.0,2.0,1.0,2.0,A01
201300039364,0,7,0,0.0,2.0,4.0,2.0,B01
201300039365,0,30,0,0.0,2.0,9.0,1.0,B01
201300039365,1,7,0,0.0,2.0,2.0,15.0,Z01
201300039366,0,7,0,0.0,2.0,3.0,1.0,A01
201300039366,0,30,0,0.0,2.0,1.0,1.0,B01
201300039367,0,7,0,0.0,2.0,1.0,2.0,A01
201300039367,0,7,0,0.0,2.0,4.0,1.0,C01
201300039367,0,7,0,0.0,2.0,4.0,1.0,B01
201300039368,0,7,0,0.0,2.0,2.0,15.0,C01
201300039368,0,7,0,0.0,2.0,3.0,1.0,B01
201300039368,0,7,0,0.0,2.0,4.0,1.0,D01
201300039368,0,7,0,0.0,2.0,9.0,19.0,A01
201300039369,0,7,0,0.0,2.0,6.0,15.0,B01
201300039369,0,34,0,0.0,2.0,2.0,1.0,A01
201300039370,0,32,0,0.0,9.0,7.0,2.0,A01
201300039371,0,7,0,0.0,2.0,0.0,10.0,A01
201300039371,0,1,0,0.0,2.0,7.0,1.0,B01
201300039372,0,34,0,0.0,0.0,1.0,1.0,A01
201300039373,0,33,0,0.0,2.0,2.0,17.0,A01
201300039373,0,7,0,0.0,2.0,8.0,15.0,B01
201300039374,0,30,0,0.0,2.0,0.0,1.0,A01
201300039374,0,7,0,0.0,2.0,6.0,1.0,B01
201300039375,0,7,0,0.0,1.0,1.0,1.0,A01
201300039376,0,10,0,0.0,1.0,1.0,1.0,A01
201300039377,0,31,0,0.0,0.0,0.0,21.0,A01
201300039377,0,7,0,0.0,0.0,0.0,12.0,B01
201300039378,0,32,0,0.0,2.0,8.0,1.0,B01
201300039378,0,7,0,0.0,2.0,2.0,12.0,A01
201300039379,0,30,0,0.0,2.0,4.0,17.0,B01
201300039379,0,14,0,0.0,2.0,1.0,1.0,A01
201300039380,0,7,0,0.0,2.0,2.0,17.0,A01
201300039380,0,33,0,0.0,2.0,1.0,1.0,B01
201300039381,0,7,0,0.0,1.0,1.0,1.0,A01
201300039382,1,10,0,0.0,1.0,7.0,22.0,Z01
201300039383,0,33,0,0.0,0.0,0.0,1.0,A01
201300039384,0,32,0,0.0,0.0,0.0,12.0,A01
201300039385,0,34,0,0.0,2.0,1.0,1.0,A01
201300039385,0,10,0,0.0,2.0,5.0,23.0,C01
201300039385,0,7,0,0.0,2.0,2.0,23.0,B01
201300039386,0,30,0,0.0,2.0,1.0,1.0,A01
201300039386,0,7,0,0.0,2.0,6.0,15.0,B01
201300039387,0,7,0,0.0,2.0,3.0,1.0,A01
201300039387,0,7,0,0.0,2.0,2.0,10.0,C01
201300039387,0,33,0,0.0,2.0,1.0,1.0,B01
201300039388,0,30,0,0.0,2.0,1.0,1.0,B01
201300039388,0,7,0,0.0,2.0,5.0,10.0,A01
201300039389,0,7,0,0.0,2.0,8.0,15.0,A01
201300039389,0,32,0,0.0,2.0,1.0,17.0,B01
201300039390,0,7,0,0.0,1.0,8.0,1.0,A01
201300039391,0,7,0,0.0,2.0,1.0,23.0,B01
201300039391,0,33,0,0.0,2.0,9.0,1.0,A01
201300039392,0,7,0,0.0,2.0,8.0,15.0,B01
201300039392,0,32,0,0.0,2.0,1.0,17.0,A01
201300039393,0,33,0,15.0,0.0,0.0,1.0,B01
201300039393,0,14,0,14.0,0.0,0.0,20.0,A01
201300039394,0,7,0,0.0,2.0,8.0,10.0,A01
201300039394,0,34,0,0.0,2.0,1.0,17.0,B01
201300039395,0,32,0,0.0,1.0,1.0,1.0,A01
201300039396,0,10,0,0.0,1.0,3.0,15.0,A01
201300039397,0,10,0,0.0,2.0,2.0,1.0,A01
201300039397,0,7,0,0.0,2.0,8.0,15.0,B01
201300039398,0,10,0,0.0,1.0,1.0,16.0,A01
201300039399,0,33,0,0.0,2.0,0.0,3.0,A01
201300039399,0,7,0,0.0,2.0,5.0,23.0,B01
201300039400,0,32,0,0.0,0.0,7.0,1.0,A01
201300039401,0,7,0,0.0,1.0,3.0,1.0,A01
201300039402,0,7,0,0.0,1.0,3.0,1.0,A01
201300039403,0,7,0,0.0,2.0,8.0,1.0,A01
201300039403,0,7,0,0.0,2.0,1.0,1.0,B01
201300039404,0,7,0,0.0,2.0,7.0,15.0,A01
201300039404,0,30,0,0.0,2.0,1.0,0.0,B01
201300039405,0,30,0,14.0,0.0,0.0,13.0,A01
201300039406,0,7,0,0.0,2.0,1.0,2.0,A01
201300039406,0,10,0,0.0,2.0,4.0,23.0,B01
201300039406,0,7,0,0.0,2.0,4.0,23.0,C01
201300039407,0,7,0,0.0,1.0,2.0,1.0,A01
201300039408,0,10,0,0.0,2.0,2.0,1.0,A01
201300039408,0,7,0,0.0,2.0,3.0,1.0,B01
201300039409,0,14,0,3.0,0.0,1.0,0.0,A01
201300039410,0,14,0,0.0,2.0,2.0,16.0,A01
201300039410,0,7,0,0.0,2.0,6.0,16.0,B01
201300039411,1,7,0,0.0,1.0,1.0,1.0,Z01
201300039412,0,14,0,0.0,2.0,3.0,15.0,B01
201300039412,0,30,0,0.0,2.0,2.0,1.0,A01
201300039413,0,7,0,0.0,2.0,1.0,2.0,A01
201300039413,0,7,0,0.0,2.0,4.0,23.0,C01
201300039413,0,7,0,0.0,2.0,4.0,2.0,B01
201300039414,2,7,0,0.0,2.0,1.0,2.0,A01
201300039414,0,7,0,0.0,2.0,4.0,23.0,B01
201300039415,0,7,0,0.0,1.0,3.0,1.0,A01
201300039416,0,7,0,8.0,0.0,1.0,14.0,A01
201300039417,0,30,0,0.0,2.0,2.0,17.0,A01
201300039417,0,7,0,0.0,2.0,3.0,15.0,B01
201300039418,0,7,0,0.0,2.0,8.0,9.0,A01
201300039418,0,32,0,0.0,2.0,7.0,1.0,B01
201300039419,1,13,0,0.0,2.0,3.0,16.0,Z01
201300039419,0,7,0,0.0,2.0,3.0,1.0,A01
201300039420,0,32,0,0.0,2.0,0.0,21.0,A01
201300039420,0,7,0,0.0,2.0,0.0,20.0,B01
201300039421,0,7,0,0.0,2.0,1.0,2.0,A01
201300039421,0,7,0,0.0,2.0,4.0,23.0,B01
201300039422,0,7,0,0.0,2.0,4.0,23.0,B01
201300039422,0,7,0,0.0,2.0,1.0,2.0,A01
201300039423,0,2,0,0.0,1.0,1.0,17.0,A01
201300039424,0,7,0,8.0,0.0,3.0,1.0,A01
201300039425,0,10,0,0.0,2.0,4.0,1.0,B01
201300039425,0,7,0,0.0,2.0,1.0,2.0,A01
201300039426,0,7,0,13.0,0.0,0.0,0.0,A01
201300039427,0,7,0,0.0,2.0,3.0,1.0,B01
201300039427,0,7,0,0.0,2.0,8.0,19.0,A01
201300039428,0,33,0,14.0,0.0,1.0,14.0,A01
201300039429,0,7,0,0.0,2.0,8.0,10.0,A01
201300039429,0,30,0,0.0,2.0,1.0,17.0,B01
201300039430,0,10,0,0.0,2.0,7.0,9.0,A01
201300039430,0,37,2,0.0,2.0,6.0,1.0,B01
201300039431,0,1,0,8.0,0.0,2.0,0.0,A01
201300039432,0,32,0,0.0,0.0,0.0,0.0,A01
201300039433,0,7,0,0.0,1.0,6.0,1.0,A01
201300039434,0,7,0,0.0,2.0,3.0,15.0,B01
201300039434,0,33,0,0.0,2.0,2.0,17.0,A01
201300039435,0,10,0,0.0,2.0,4.0,23.0,B01
201300039435,0,34,0,0.0,2.0,1.0,2.0,A01
201300039436,0,30,0,1.0,0.0,3.0,13.0,A01
201300039437,0,7,0,6.0,1.0,2.0,14.0,A01
201300039438,0,32,0,0.0,2.0,1.0,1.0,B01
201300039438,0,7,0,0.0,2.0,2.0,15.0,A01
201300039439,0,1,0,0.0,1.0,1.0,1.0,A01
201300039440,0,7,0,0.0,2.0,5.0,1.0,B01
201300039440,0,30,0,0.0,2.0,0.0,18.0,A01
201300039441,0,30,0,0.0,2.0,1.0,1.0,A01
201300039441,0,10,0,0.0,2.0,2.0,23.0,B01
201300039442,0,33,0,1.0,2.0,8.0,3.0,A01
201300039442,0,7,0,0.0,2.0,7.0,22.0,B01
201300039442,0,7,0,0.0,2.0,6.0,1.0,C01
201300039443,0,31,0,0.0,0.0,7.0,1.0,A01
201300039444,2,7,0,0.0,2.0,1.0,1.0,A01
201300039444,0,10,0,0.0,2.0,3.0,0.0,B01
201300039445,0,7,0,0.0,2.0,1.0,2.0,E01
201300039445,0,10,0,0.0,2.0,0.0,6.0,A01
201300039445,0,10,0,0.0,0.0,0.0,1.0,B01
201300039445,0,7,0,15.0,2.0,4.0,21.0,C01
201300039445,0,7,0,0.0,2.0,1.0,2.0,D01
201300039446,0,7,0,0.0,2.0,1.0,10.0,A01
201300039446,0,7,0,0.0,2.0,8.0,1.0,B01
201300039447,0,33,0,0.0,2.0,2.0,1.0,B01
201300039447,0,99,0,0.0,2.0,2.0,15.0,A01
201300039448,0,10,0,0.0,2.0,4.0,23.0,B01
201300039448,0,7,0,0.0,2.0,1.0,14.0,A01
201300039449,0,37,1,0.0,1.0,3.0,1.0,A01
201300039450,0,14,0,0.0,2.0,2.0,9.0,A01
201300039450,0,33,0,0.0,2.0,6.0,1.0,B01
201300039451,0,14,0,1.0,0.0,2.0,0.0,A01
201300039451,0,7,0,0.0,2.0,4.0,24.0,B01
201300039452,0,7,0,0.0,2.0,3.0,9.0,A01
201300039452,0,2,0,0.0,2.0,2.0,0.0,B01
201300039453,0,7,0,0.0,2.0,6.0,15.0,B01
201300039453,0,14,0,0.0,2.0,2.0,1.0,A01
201300039454,0,10,0,0.0,2.0,1.0,1.0,A01
201300039454,0,7,0,0.0,2.0,7.0,1.0,B01
201300039455,0,34,0,0.0,2.0,2.0,17.0,A01
201300039455,0,7,0,0.0,2.0,8.0,15.0,B01
201300039456,0,33,0,0.0,1.0,2.0,21.0,A01
201300039457,0,32,0,0.0,2.0,1.0,1.0,B01
201300039457,0,7,0,0.0,2.0,1.0,9.0,A01
201300039458,0,30,0,0.0,2.0,1.0,1.0,B01
201300039458,0,7,0,0.0,2.0,3.0,15.0,A01
201300039459,0,7,0,0.0,2.0,8.0,15.0,B01
201300039459,0,7,0,0.0,2.0,2.0,1.0,A01
201300039460,0,14,0,0.0,2.0,3.0,24.0,A01
201300039460,0,1,0,14.0,2.0,1.0,1.0,B01
201300039461,0,34,0,0.0,2.0,1.0,1.0,B01
201300039461,0,7,0,0.0,2.0,3.0,9.0,A01
201300039462,0,7,0,0.0,2.0,3.0,20.0,A01
201300039462,0,1,0,1.0,0.0,2.0,21.0,B01
201300039463,0,7,0,1.0,2.0,1.0,14.0,A01
201300039464,0,14,0,0.0,2.0,1.0,2.0,A01
201300039464,0,10,0,0.0,2.0,4.0,23.0,B01
201300039465,0,30,0,0.0,2.0,1.0,1.0,B01
201300039465,0,7,0,0.0,2.0,1.0,15.0,A01
201300039466,0,7,0,0.0,1.0,3.0,1.0,A01
201300039467,0,7,0,0.0,2.0,3.0,9.0,A01
201300039467,0,1,0,0.0,2.0,1.0,1.0,B01
201300039468,0,10,0,0.0,1.0,8.0,1.0,A01
201300039469,0,7,0,0.0,2.0,8.0,15.0,B01
201300039469,0,32,0,0.0,2.0,2.0,13.0,A01
201300039470,0,2,0,0.0,0.0,0.0,0.0,A01
201300039471,0,7,0,0.0,1.0,1.0,1.0,A01
201300039472,0,30,0,0.0,0.0,0.0,0.0,A01
201300039473,0,15,0,8.0,0.0,1.0,13.0,A01
201300039474,0,38,1,0.0,1.0,0.0,1.0,A01
201300039475,0,7,0,0.0,2.0,6.0,21.0,A01
201300039475,0,34,0,0.0,2.0,2.0,1.0,B01
201300039476,0,10,0,0.0,2.0,2.0,10.0,A01
201300039476,0,34,0,0.0,2.0,1.0,1.0,B01
201300039477,0,15,0,0.0,0.0,0.0,15.0,A01
201300039478,0,7,0,1.0,0.0,1.0,14.0,A01
201300039479,0,7,0,6.0,1.0,2.0,16.0,A01
201300039480,0,7,0,0.0,2.0,3.0,1.0,B01
201300039480,0,30,0,0.0,2.0,3.0,13.0,A01
201300039481,0,7,0,0.0,1.0,1.0,1.0,A01
201300039482,0,32,0,0.0,2.0,3.0,17.0,A01
201300039482,0,10,0,0.0,2.0,0.0,17.0,B01
201300039483,0,7,0,14.0,2.0,1.0,13.0,A01
201300039483,0,7,0,0.0,2.0,1.0,1.0,B01
201300039484,0,30,0,0.0,2.0,8.0,0.0,A01
201300039484,1,13,0,0.0,2.0,7.0,0.0,Z01
201300039485,0,7,0,0.0,1.0,2.0,1.0,A01
201300039486,0,32,0,0.0,0.0,0.0,21.0,A01
201300039487,0,33,0,0.0,2.0,0.0,0.0,A01
201300039487,0,14,0,0.0,2.0,6.0,16.0,B01
201300039488,0,7,0,0.0,2.0,3.0,1.0,A01
201300039488,0,7,0,0.0,2.0,2.0,1.0,B01
201300039489,0,31,0,14.0,0.0,2.0,0.0,A01
201300039490,0,7,0,12.0,2.0,0.0,17.0,A01
201300039490,1,7,0,0.0,0.0,0.0,0.0,Z01
201300039491,0,10,0,0.0,1.0,4.0,4.0,A01
201300039492,0,7,0,0.0,2.0,1.0,2.0,A01
201300039492,0,7,0,0.0,2.0,4.0,2.0,B01
201300039493,0,7,0,0.0,2.0,3.0,1.0,B01
201300039493,0,7,0,0.0,2.0,3.0,16.0,A01
201300039494,0,7,0,4.0,0.0,3.0,13.0,A01
201300039495,0,33,0,14.0,0.0,2.0,14.0,A01
201300039496,0,30,0,0.0,1.0,1.0,1.0,A01
201300039497,0,32,0,0.0,2.0,3.0,1.0,B01
201300039497,0,7,0,0.0,2.0,5.0,12.0,A01
201300039498,0,7,0,0.0,1.0,2.0,16.0,A01
201300039499,0,30,0,0.0,2.0,2.0,17.0,A01
201300039499,0,7,0,0.0,2.0,8.0,15.0,B01
201300039500,0,7,0,0.0,1.0,1.0,1.0,A01
201300039501,0,32,0,0.0,2.0,2.0,17.0,B01
201300039501,0,10,0,0.0,2.0,8.0,17.0,A01
201300039502,0,7,0,0.0,1.0,1.0,1.0,A01
201300039503,0,7,0,0.0,2.0,6.0,15.0,B01
201300039503,2,10,0,0.0,2.0,1.0,1.0,A01
201300039504,0,7,0,0.0,1.0,6.0,4.0,A01
201300039505,0,33,0,0.0,2.0,1.0,1.0,B01
201300039505,0,15,0,0.0,2.0,6.0,15.0,A01
201300039506,0,7,0,0.0,2.0,2.0,1.0,A01
201300039506,0,30,0,0.0,2.0,1.0,18.0,B01
201300039507,0,10,0,0.0,1.0,2.0,1.0,A01
201300039508,0,7,0,0.0,1.0,5.0,15.0,A01
201300039509,0,7,0,0.0,2.0,4.0,23.0,B01
201300039509,2,7,0,0.0,2.0,1.0,2.0,A01
201300039510,0,7,0,0.0,2.0,3.0,15.0,A01
201300039510,0,7,0,0.0,2.0,3.0,23.0,C01
201300039510,0,31,0,0.0,2.0,8.0,23.0,B01
201300039511,0,30,0,0.0,2.0,7.0,21.0,B01
201300039511,0,7,0,0.0,2.0,5.0,15.0,A01
201300039512,0,7,0,0.0,2.0,5.0,10.0,B01
201300039512,0,33,0,0.0,2.0,1.0,1.0,A01
201300039513,0,30,0,0.0,0.0,0.0,1.0,A01
201300039514,0,1,0,0.0,2.0,8.0,0.0,A01
201300039514,1,7,0,0.0,2.0,0.0,0.0,Z01
201300039515,0,32,0,0.0,2.0,1.0,1.0,B01
201300039515,0,32,0,0.0,2.0,8.0,1.0,A01
201300039516,0,32,0,0.0,0.0,8.0,2.0,A01
201300039517,0,32,0,0.0,2.0,8.0,2.0,A01
201300039517,0,7,0,0.0,2.0,0.0,1.0,B01
201300039518,0,7,0,0.0,1.0,3.0,15.0,A01
201300039519,0,14,0,0.0,2.0,5.0,24.0,A01
201300039519,0,33,0,1.0,0.0,2.0,18.0,B01
201300039520,0,32,0,0.0,1.0,1.0,2.0,A01
201300039521,0,7,0,0.0,2.0,7.0,15.0,A01
201300039521,0,32,0,0.0,2.0,1.0,1.0,B01
201300039522,0,7,0,0.0,1.0,3.0,16.0,A01
201300039523,0,7,0,0.0,2.0,4.0,16.0,B01
201300039523,0,10,0,0.0,2.0,2.0,16.0,A01
201300039524,0,31,0,0.0,2.0,6.0,1.0,A01
201300039524,0,10,0,0.0,2.0,2.0,1.0,B01
201300039525,0,7,0,0.0,2.0,7.0,22.0,A01
201300039525,0,1,0,0.0,2.0,8.0,18.0,B01
201300039526,0,7,0,0.0,2.0,7.0,16.0,A01
201300039526,0,2,0,0.0,2.0,8.0,2.0,B01
201300039527,0,7,0,0.0,2.0,3.0,0.0,B01
201300039527,0,30,0,1.0,0.0,1.0,0.0,A01
201300039528,0,7,0,0.0,1.0,1.0,1.0,A01
201300039529,0,34,0,0.0,1.0,1.0,0.0,A01
201300039530,0,14,0,0.0,2.0,6.0,24.0,B01
201300039530,0,10,0,1.0,0.0,2.0,1.0,A01
201300039531,0,37,1,0.0,1.0,2.0,1.0,A01
201300039532,0,1,0,0.0,2.0,8.0,1.0,B01
201300039532,0,7,0,0.0,2.0,1.0,1.0,A01
201300039533,0,1,0,0.0,2.0,1.0,2.0,B01
201300039533,0,7,0,0.0,2.0,4.0,2.0,A01
201300039534,0,31,0,0.0,1.0,2.0,1.0,A01
201300039535,0,7,0,0.0,2.0,8.0,10.0,A01
201300039535,0,33,0,0.0,2.0,1.0,1.0,B01
201300039536,0,30,0,0.0,1.0,1.0,2.0,A01
201300039537,0,30,0,0.0,2.0,4.0,2.0,B01
201300039537,0,32,0,0.0,2.0,1.0,2.0,A01
201300039538,0,7,0,0.0,2.0,3.0,15.0,B01
201300039538,0,30,0,0.0,2.0,3.0,0.0,A01
201300039539,0,1,0,0.0,1.0,1.0,0.0,A01
201300039540,0,1,0,0.0,2.0,1.0,2.0,A01
201300039540,0,7,0,0.0,2.0,4.0,2.0,B01
201300039541,0,32,0,0.0,2.0,7.0,2.0,B01