Num_Acc,senc,catv,occutc,obs,obsm,choc,manv,num_veh
201300039541,0,7,0,0.0,2.0,3.0,15.0,A01
201300039542,0,7,0,0.0,2.0,5.0,9.0,B01
201300039542,0,2,0,0.0,2.0,1.0,2.0,A01
201300039543,0,7,0,0.0,1.0,1.0,1.0,A01
201300039544,0,30,0,0.0,2.0,1.0,2.0,A01
201300039544,0,7,0,0.0,2.0,4.0,2.0,B01
201300039545,0,7,0,0.0,1.0,3.0,4.0,A01
201300039546,0,1,0,0.0,2.0,5.0,15.0,A01
201300039546,0,7,0,0.0,2.0,3.0,1.0,B01
201300039547,0,33,0,0.0,2.0,3.0,1.0,A01
201300039547,0,7,0,0.0,2.0,5.0,20.0,B01
201300039548,0,2,0,0.0,1.0,1.0,1.0,A01
201300039549,0,7,0,0.0,2.0,4.0,2.0,D01
201300039549,0,7,0,0.0,2.0,4.0,2.0,C01
201300039549,0,7,0,0.0,2.0,4.0,2.0,B01
201300039549,0,7,0,0.0,2.0,2.0,1.0,A01
201300039550,0,30,0,0.0,2.0,1.0,17.0,A01
201300039550,0,1,0,0.0,2.0,4.0,2.0,B01
201300039551,0,7,0,0.0,2.0,3.0,15.0,A01
201300039551,0,2,0,0.0,2.0,1.0,1.0,B01
201300039552,0,31,0,0.0,2.0,1.0,17.0,A01
201300039552,0,7,0,0.0,2.0,8.0,15.0,B01
201300039553,0,7,0,0.0,2.0,2.0,15.0,A01
201300039553,0,33,0,0.0,2.0,1.0,1.0,B01
201300039554,0,33,0,0.0,0.0,0.0,1.0,B01
201300039554,0,7,0,0.0,0.0,0.0,15.0,A01
201300039555,0,32,0,0.0,1.0,2.0,1.0,A01
201300039556,0,7,0,0.0,2.0,2.0,1.0,A01
201300039556,0,1,0,0.0,2.0,5.0,5.0,B01
201300039557,0,7,0,0.0,1.0,3.0,9.0,A01
201300039558,0,7,0,0.0,1.0,1.0,2.0,A01
201300039559,0,7,0,0.0,1.0,4.0,4.0,A01
201300039560,0,34,0,0.0,2.0,3.0,1.0,B01
201300039560,0,7,0,0.0,2.0,5.0,16.0,A01
201300039561,0,7,0,0.0,1.0,6.0,4.0,A01
201300039562,0,2,0,0.0,2.0,1.0,2.0,A01
201300039562,0,7,0,0.0,2.0,3.0,15.0,B01
201300039563,0,7,0,0.0,2.0,1.0,2.0,A01
201300039563,0,7,0,0.0,2.0,1.0,2.0,C01
201300039563,0,7,0,0.0,2.0,1.0,23.0,B01
201300039563,0,7,0,0.0,2.0,4.0,2.0,D01
201300039564,0,34,0,0.0,2.0,4.0,2.0,B01
201300039564,0,7,0,0.0,2.0,2.0,2.0,A01
201300039565,0,7,0,1.0,0.0,1.0,1.0,A01
201300039566,0,32,0,12.0,0.0,7.0,1.0,A01
201300039567,0,10,0,0.0,2.0,3.0,1.0,A01
201300039567,0,37,0,0.0,2.0,3.0,1.0,B01
201300039568,0,7,0,0.0,2.0,1.0,15.0,B01
201300039568,0,7,0,0.0,2.0,2.0,1.0,A01
201300039569,0,30,0,0.0,2.0,8.0,15.0,B01
201300039569,0,7,0,0.0,2.0,2.0,1.0,A01
201300039570,0,31,0,14.0,0.0,1.0,1.0,A01
201300039571,0,7,0,0.0,2.0,3.0,9.0,A01
201300039571,0,34,0,0.0,2.0,1.0,11.0,B01
201300039572,0,7,0,0.0,1.0,2.0,11.0,A01
201300039573,0,32,0,0.0,0.0,0.0,2.0,A01
201300039574,0,2,0,0.0,2.0,1.0,2.0,B01
201300039574,0,7,0,0.0,2.0,3.0,15.0,A01
201300039575,0,7,0,9.0,0.0,1.0,1.0,A01
201300039576,0,30,0,0.0,1.0,1.0,21.0,A01
201300039577,0,7,0,0.0,2.0,1.0,1.0,A01
201300039577,0,10,0,1.0,0.0,4.0,24.0,B01
201300039578,0,7,0,0.0,1.0,1.0,1.0,A01
201300039579,0,7,0,0.0,1.0,1.0,1.0,A01
201300039580,0,1,0,1.0,0.0,1.0,1.0,A01
201300039580,0,7,0,0.0,0.0,8.0,24.0,B01
201300039581,0,30,0,1.0,2.0,1.0,18.0,A01
201300039581,0,14,0,0.0,0.0,5.0,2.0,B01
201300039581,0,14,0,0.0,0.0,6.0,24.0,C01
201300039582,0,1,0,0.0,1.0,8.0,1.0,A01
201300039583,0,7,0,0.0,1.0,2.0,16.0,A01
201300039584,0,30,0,0.0,0.0,7.0,1.0,A01
201300039585,0,7,0,0.0,2.0,7.0,1.0,B01
201300039585,0,33,0,9.0,2.0,7.0,18.0,A01
201300039586,0,7,0,0.0,2.0,1.0,1.0,A01
201300039586,0,33,0,0.0,2.0,4.0,23.0,B01
201300039587,0,7,0,0.0,2.0,0.0,15.0,A01
201300039587,0,33,0,0.0,2.0,0.0,15.0,B01
201300039588,0,7,0,0.0,2.0,2.0,14.0,A01
201300039588,0,34,0,0.0,2.0,3.0,12.0,B01
201300039589,0,10,0,0.0,1.0,3.0,16.0,A01
201300039590,0,7,0,0.0,0.0,0.0,0.0,A01
201300039591,0,7,0,0.0,2.0,1.0,2.0,A01
201300039591,0,7,0,0.0,2.0,4.0,23.0,B01
201300039592,0,33,0,0.0,0.0,0.0,0.0,A01
201300039593,0,10,0,0.0,9.0,8.0,11.0,A01
201300039593,0,32,0,0.0,2.0,1.0,17.0,B01
201300039594,0,7,0,0.0,2.0,8.0,0.0,B01
201300039594,0,7,0,0.0,2.0,3.0,0.0,A01
201300039595,0,7,0,0.0,9.0,3.0,20.0,A01
201300039595,0,34,0,0.0,2.0,1.0,20.0,B01
201300039596,0,7,0,0.0,1.0,2.0,1.0,A01
201300039597,0,31,0,0.0,2.0,1.0,1.0,B01
201300039597,0,7,0,0.0,9.0,2.0,1.0,A01
201300039598,0,30,0,0.0,0.0,0.0,1.0,A01
201300039599,0,31,0,0.0,0.0,0.0,0.0,A01
201300039600,0,7,0,0.0,1.0,1.0,16.0,A01
201300039601,0,7,0,0.0,9.0,2.0,1.0,A01
201300039601,0,1,0,0.0,2.0,1.0,1.0,B01
201300039602,0,7,0,0.0,1.0,8.0,4.0,A01
201300039603,0,32,0,0.0,2.0,3.0,0.0,B01
201300039603,0,7,0,0.0,2.0,7.0,0.0,A01
201300039604,0,30,0,0.0,2.0,7.0,1.0,B01
201300039604,0,7,0,0.0,9.0,3.0,4.0,A01
201300039605,0,7,0,0.0,1.0,7.0,0.0,A01
201300039606,0,10,0,0.0,1.0,2.0,1.0,A01
201300039607,0,7,0,0.0,2.0,3.0,9.0,A01
201300039607,0,32,0,0.0,2.0,2.0,1.0,B01
201300039608,0,7,0,0.0,1.0,2.0,0.0,A01
201300039609,0,32,0,0.0,1.0,2.0,21.0,A01
201300039610,0,33,0,0.0,1.0,1.0,1.0,A01
201300039611,0,7,0,1.0,1.0,3.0,13.0,A01
201300039612,0,7,0,0.0,1.0,1.0,0.0,A01
201300039613,0,33,0,0.0,1.0,1.0,0.0,A01
201300039614,0,7,0,0.0,2.0,2.0,1.0,A01
201300039614,0,32,0,0.0,2.0,3.0,1.0,B01
201300039615,0,7,0,0.0,0.0,1.0,0.0,A01
201300039615,0,31,0,0.0,2.0,7.0,0.0,B01
201300039616,0,7,0,0.0,0.0,4.0,1.0,B01
201300039616,0,7,0,0.0,2.0,1.0,1.0,A01
201300039617,0,30,0,0.0,0.0,5.0,21.0,A01
201300039618,0,7,0,0.0,0.0,3.0,18.0,A01
201300039618,0,7,0,0.0,2.0,4.0,24.0,B01
201300039619,0,7,0,0.0,1.0,0.0,11.0,A01
201300039620,0,7,0,0.0,1.0,1.0,0.0,A01
201300039621,0,7,0,0.0,1.0,4.0,4.0,A01
201300039622,0,30,0,0.0,2.0,1.0,1.0,A01
201300039622,0,7,0,0.0,2.0,3.0,1.0,B01
201300039623,0,34,0,0.0,1.0,1.0,0.0,A01
201300039624,0,7,0,0.0,2.0,2.0,1.0,A01
201300039624,0,30,0,0.0,2.0,8.0,1.0,B01
201300039625,0,7,0,0.0,1.0,1.0,15.0,A01
201300039626,0,7,0,0.0,2.0,1.0,0.0,B01
201300039626,0,7,0,0.0,2.0,1.0,0.0,A01
201300039627,0,7,0,0.0,1.0,4.0,4.0,A01
201300039628,0,10,0,0.0,2.0,1.0,1.0,A01
201300039628,0,7,0,0.0,2.0,4.0,1.0,B01
201300039629,0,34,0,0.0,1.0,1.0,1.0,A01
201300039630,0,7,0,0.0,2.0,1.0,0.0,B01
201300039630,0,7,0,0.0,2.0,0.0,0.0,A01
201300039631,0,7,0,0.0,2.0,6.0,0.0,A01
201300039631,0,7,0,0.0,2.0,7.0,0.0,B01
201300039632,0,30,0,0.0,2.0,1.0,18.0,B01
201300039632,0,7,0,0.0,2.0,5.0,23.0,A01
201300039633,0,32,0,0.0,2.0,1.0,21.0,B01
201300039633,0,7,0,0.0,2.0,8.0,22.0,A01
201300039634,0,7,0,0.0,1.0,1.0,1.0,A01
201300039635,0,32,0,0.0,2.0,0.0,21.0,B01
201300039635,0,7,0,0.0,2.0,1.0,10.0,A01
201300039636,0,7,0,0.0,1.0,1.0,0.0,A01
201300039637,0,32,0,0.0,2.0,1.0,1.0,A01
201300039637,0,7,0,0.0,2.0,2.0,11.0,B01
201300039638,0,30,0,0.0,2.0,4.0,15.0,B01
201300039638,1,7,0,0.0,2.0,1.0,0.0,A01
201300039639,0,32,0,0.0,2.0,3.0,0.0,A01
201300039639,0,37,0,0.0,2.0,1.0,0.0,B01
201300039640,0,7,0,0.0,1.0,1.0,0.0,A01
201300039641,0,7,0,0.0,1.0,1.0,0.0,A01
201300039642,0,2,0,0.0,0.0,0.0,0.0,A01
201300039643,0,7,0,0.0,2.0,1.0,1.0,A01
201300039643,0,7,0,0.0,2.0,2.0,1.0,B01
201300039644,0,7,0,0.0,1.0,4.0,4.0,A01
201300039645,0,7,0,0.0,9.0,1.0,1.0,B01
201300039645,0,1,0,0.0,2.0,1.0,1.0,A01
201300039646,0,30,0,1.0,0.0,1.0,0.0,A01
201300039647,0,7,0,0.0,1.0,4.0,4.0,A01
201300039648,0,7,0,0.0,1.0,4.0,4.0,A01
201300039649,0,7,0,0.0,1.0,1.0,1.0,A01
201300039650,0,10,0,0.0,1.0,1.0,1.0,A01
201300039651,0,7,0,0.0,1.0,1.0,0.0,A01
201300039652,0,7,0,0.0,0.0,1.0,0.0,A01
201300039653,0,7,0,0.0,1.0,2.0,1.0,A01
201300039654,0,7,0,0.0,2.0,2.0,1.0,B01
201300039654,0,2,0,0.0,2.0,1.0,1.0,A01
201300039655,0,7,0,0.0,2.0,4.0,4.0,A01
201300039655,0,30,0,0.0,2.0,1.0,0.0,B01
201300039656,0,33,0,0.0,2.0,4.0,23.0,B01
201300039656,0,7,0,0.0,2.0,1.0,15.0,A01
201300039657,0,7,0,0.0,2.0,8.0,15.0,B01
201300039657,0,33,0,0.0,2.0,1.0,17.0,A01
201300039658,0,2,0,0.0,0.0,8.0,1.0,A01
201300039659,0,7,0,0.0,1.0,1.0,13.0,A01
201300039660,0,7,0,0.0,1.0,1.0,0.0,A01
201300039661,0,7,0,0.0,1.0,1.0,0.0,A01
201300039662,0,7,0,0.0,2.0,5.0,0.0,A01
201300039662,0,31,0,0.0,2.0,1.0,0.0,B01
201300039663,0,7,0,0.0,2.0,3.0,1.0,B01
201300039663,0,36,0,0.0,2.0,1.0,1.0,A01
201300039664,0,2,0,0.0,0.0,0.0,21.0,B01
201300039664,1,7,0,0.0,0.0,0.0,0.0,A01
201300039665,0,7,0,1.0,0.0,1.0,9.0,A01
201300039666,2,10,0,0.0,1.0,8.0,0.0,A01
201300039667,0,37,1,0.0,1.0,2.0,1.0,A01
201300039668,0,7,0,0.0,2.0,6.0,15.0,A01
201300039668,0,34,0,0.0,2.0,1.0,1.0,B01
201300039669,0,33,0,0.0,2.0,1.0,1.0,B01
201300039669,0,7,0,0.0,2.0,7.0,15.0,A01
201300039670,0,7,0,8.0,0.0,1.0,15.0,A01
201300039671,0,7,0,0.0,1.0,2.0,16.0,A01
201300039672,0,30,0,0.0,2.0,1.0,1.0,A01
201300039672,0,7,0,0.0,2.0,4.0,1.0,B01
201300039673,0,2,0,12.0,0.0,1.0,1.0,A01
201300039674,0,2,0,14.0,0.0,1.0,1.0,A01
201300039675,0,3,0,0.0,2.0,2.0,9.0,A01
201300039675,0,33,0,0.0,2.0,1.0,1.0,B01
201300039676,0,7,0,0.0,2.0,4.0,11.0,A01
201300039676,0,32,0,0.0,2.0,1.0,1.0,B01
201300039677,0,33,0,0.0,1.0,1.0,1.0,A01
201300039678,0,31,0,0.0,2.0,4.0,1.0,A01
201300039678,1,7,0,0.0,2.0,1.0,1.0,Z01
201300039679,0,10,0,0.0,1.0,1.0,1.0,A01
201300039680,0,7,0,4.0,0.0,1.0,1.0,A01
201300039681,0,7,0,0.0,2.0,3.0,15.0,A01
201300039681,0,2,0,0.0,2.0,1.0,1.0,B01
201300039682,0,7,0,0.0,1.0,2.0,1.0,A01
201300039683,0,33,0,0.0,2.0,1.0,1.0,A01
201300039683,0,1,0,0.0,2.0,4.0,1.0,B01
201300039684,0,31,0,0.0,0.0,1.0,1.0,A01
201300039685,0,7,0,0.0,2.0,8.0,13.0,A01
201300039685,0,34,0,0.0,2.0,1.0,17.0,B01
201300039686,0,30,0,0.0,2.0,1.0,1.0,B01
201300039686,0,7,0,0.0,2.0,6.0,4.0,A01
201300039687,0,1,0,0.0,2.0,1.0,1.0,B01
201300039687,0,7,0,0.0,2.0,8.0,1.0,A01
201300039688,0,7,0,0.0,1.0,1.0,1.0,A01
201300039689,0,33,0,8.0,0.0,7.0,15.0,A01
201300039690,0,2,0,0.0,1.0,1.0,17.0,A01
201300039691,0,7,0,0.0,2.0,3.0,1.0,A01
201300039691,0,7,0,0.0,2.0,3.0,13.0,B01
201300039692,0,2,0,0.0,0.0,0.0,1.0,A01
201300039693,0,7,0,0.0,2.0,1.0,1.0,B01
201300039693,0,7,0,0.0,2.0,1.0,1.0,A01
201300039694,0,33,0,12.0,0.0,0.0,1.0,A01
201300039695,0,37,4,0.0,2.0,1.0,1.0,B05
201300039695,0,7,0,0.0,2.0,8.0,1.0,A05
201300039696,0,30,0,14.0,0.0,1.0,1.0,A05
201300039697,0,7,0,0.0,2.0,1.0,1.0,B05
201300039697,0,7,0,9.0,2.0,1.0,1.0,A05
201300039698,0,7,0,0.0,2.0,1.0,9.0,A01
201300039698,0,33,0,0.0,2.0,1.0,1.0,B01
201300039699,0,7,0,0.0,2.0,3.0,15.0,A01
201300039699,0,33,0,0.0,2.0,1.0,17.0,B01
201300039700,0,1,0,0.0,0.0,1.0,1.0,A01
201300039701,0,7,0,0.0,2.0,6.0,10.0,A01
201300039701,0,30,0,0.0,2.0,1.0,17.0,B02
201300039702,0,33,0,0.0,2.0,8.0,1.0,B01
201300039702,0,7,0,0.0,2.0,2.0,9.0,A01
201300039703,0,7,0,0.0,2.0,4.0,1.0,B01
201300039703,0,1,0,0.0,2.0,1.0,1.0,A01
201300039704,0,33,0,0.0,0.0,8.0,1.0,A01
201300039705,0,7,0,3.0,0.0,8.0,1.0,A01
201300039706,0,7,0,0.0,2.0,1.0,15.0,A01
201300039706,0,34,0,0.0,2.0,1.0,1.0,B01
201300039707,0,7,0,0.0,1.0,3.0,1.0,A01
201300039708,0,34,0,0.0,2.0,1.0,1.0,B01
201300039708,0,7,0,0.0,2.0,8.0,9.0,A01
201300039709,0,7,0,0.0,1.0,1.0,1.0,A01
201300039710,0,7,0,0.0,2.0,7.0,4.0,A01
201300039710,0,30,0,0.0,2.0,1.0,1.0,B01
201300039711,0,7,0,0.0,1.0,1.0,1.0,A01
201300039712,0,1,0,0.0,0.0,1.0,1.0,A01
201300039713,0,2,0,0.0,2.0,1.0,1.0,B01
201300039713,1,10,0,0.0,2.0,4.0,4.0,A01
201300039714,0,7,0,0.0,2.0,1.0,1.0,A01
201300039715,0,14,0,1.0,2.0,1.0,24.0,A01
201300039715,0,14,0,0.0,2.0,3.0,1.0,B01
201300039716,0,7,0,0.0,2.0,2.0,9.0,A01
201300039716,0,34,0,1.0,2.0,8.0,1.0,B01
201300039717,0,7,0,0.0,1.0,1.0,1.0,A01
201300039718,0,7,0,0.0,2.0,3.0,9.0,B01
201300039718,0,33,0,0.0,2.0,1.0,1.0,A01
201300039719,0,30,0,0.0,1.0,1.0,2.0,A01
201300039720,0,10,0,0.0,1.0,2.0,17.0,A01
201300039721,0,7,0,1.0,0.0,9.0,1.0,A01
201300039722,0,7,0,0.0,1.0,3.0,15.0,A01
201300039723,0,7,0,0.0,1.0,3.0,9.0,A01
201300039724,0,7,0,0.0,2.0,3.0,15.0,A01
201300039724,0,31,0,0.0,2.0,1.0,1.0,B01
201300039725,0,7,0,0.0,2.0,1.0,15.0,A01
201300039725,0,7,0,0.0,2.0,3.0,2.0,B01
201300039726,0,7,0,0.0,1.0,1.0,16.0,A01
201300039727,0,10,0,0.0,1.0,2.0,1.0,A01
201300039728,0,10,0,0.0,2.0,2.0,1.0,B01
201300039728,0,7,0,0.0,2.0,1.0,1.0,A01
201300039729,0,7,0,0.0,1.0,2.0,1.0,A01
201300039730,0,7,0,0.0,1.0,3.0,1.0,A01
201300039731,0,32,0,0.0,2.0,8.0,1.0,A01
201300039731,0,7,0,0.0,2.0,1.0,15.0,B01
201300039732,0,33,0,0.0,2.0,1.0,1.0,A01
201300039732,0,7,0,0.0,2.0,1.0,23.0,B01
201300039733,0,37,1,0.0,1.0,3.0,15.0,A01
201300039734,0,7,0,0.0,2.0,3.0,10.0,A01
201300039734,0,31,0,0.0,2.0,8.0,1.0,B01
201300039735,0,7,0,0.0,2.0,8.0,9.0,A01
201300039735,0,7,0,0.0,2.0,2.0,1.0,B01
201300039736,0,34,0,0.0,1.0,1.0,2.0,A01
201300039737,0,33,0,0.0,2.0,1.0,2.0,A01
201300039737,0,7,0,0.0,2.0,3.0,2.0,B01
201300039738,0,10,0,0.0,0.0,0.0,2.0,B01
201300039738,0,34,0,0.0,2.0,0.0,2.0,A01
201300039739,0,7,0,0.0,1.0,3.0,1.0,A01
201300039740,0,7,0,0.0,1.0,2.0,1.0,A01
201300039741,0,34,0,0.0,1.0,1.0,3.0,A01
201300039742,0,7,0,0.0,2.0,4.0,2.0,B01
201300039742,0,7,0,0.0,2.0,1.0,2.0,A01
201300039743,0,33,0,0.0,0.0,8.0,1.0,A01
201300039744,0,33,0,15.0,0.0,1.0,21.0,A01
201300039745,1,7,0,0.0,0.0,1.0,2.0,Z01
201300039745,0,30,0,0.0,2.0,8.0,2.0,B01
201300039746,0,7,0,1.0,0.0,2.0,1.0,A01
201300039747,0,15,0,0.0,2.0,3.0,16.0,A01
201300039747,0,7,0,12.0,0.0,3.0,16.0,B01
201300039748,0,7,0,0.0,1.0,1.0,15.0,A01
201300039749,0,10,0,0.0,1.0,2.0,1.0,A01
201300039749,0,7,0,0.0,1.0,3.0,1.0,B01
201300039750,0,1,0,0.0,2.0,1.0,1.0,B01
201300039750,0,10,0,0.0,2.0,5.0,16.0,A01
201300039751,0,7,0,0.0,1.0,1.0,1.0,A01
201300039752,0,33,0,0.0,1.0,1.0,1.0,A01
201300039753,0,7,0,0.0,0.0,8.0,19.0,B01
201300039753,0,7,0,0.0,2.0,2.0,10.0,A01
201300039754,0,14,0,0.0,1.0,1.0,1.0,A01
201300039755,0,34,0,0.0,2.0,1.0,1.0,B01
201300039755,0,7,0,0.0,2.0,7.0,15.0,A01
201300039756,0,7,0,0.0,1.0,1.0,1.0,A01
201300039757,0,1,0,0.0,2.0,1.0,1.0,B01
201300039757,0,7,0,0.0,2.0,8.0,24.0,A01
201300039758,0,33,0,0.0,2.0,7.0,1.0,B01
201300039758,0,7,0,0.0,2.0,1.0,1.0,A01
201300039759,0,7,0,0.0,2.0,5.0,15.0,A01
201300039759,0,33,0,0.0,2.0,1.0,0.0,B01
201300039760,0,7,0,12.0,5.0,2.0,2.0,A01
201300039761,0,1,0,1.0,0.0,1.0,1.0,B01
201300039762,0,31,0,0.0,1.0,1.0,1.0,A01
201300039763,0,1,0,0.0,0.0,1.0,0.0,A01
201300039764,0,33,0,12.0,9.0,1.0,2.0,B01
201300039764,0,7,0,0.0,2.0,8.0,10.0,A01
201300039765,0,34,0,0.0,2.0,4.0,23.0,B01
201300039765,2,3,0,9.0,2.0,1.0,2.0,Z01
201300039765,0,7,0,0.0,2.0,1.0,23.0,C01
201300039765,0,30,0,0.0,2.0,1.0,23.0,D01
201300039766,0,7,0,15.0,0.0,2.0,1.0,A01
201300039767,0,34,0,0.0,1.0,1.0,1.0,A01
201300039768,0,7,0,0.0,1.0,3.0,9.0,A01
201300039769,0,32,0,0.0,0.0,7.0,15.0,A01
201300039769,0,7,0,0.0,0.0,3.0,1.0,B01
201300039770,0,7,0,0.0,1.0,1.0,5.0,A01
201300039770,0,7,0,0.0,2.0,1.0,1.0,B01
201300039771,0,33,0,0.0,0.0,4.0,1.0,A01
201300039771,0,7,0,0.0,2.0,1.0,1.0,B01
201300039772,0,1,0,0.0,2.0,7.0,19.0,B01
201300039772,0,7,0,0.0,2.0,2.0,16.0,A01
201300039773,0,34,0,0.0,2.0,1.0,19.0,A01
201300039773,0,7,0,0.0,0.0,2.0,19.0,B01
201300039774,0,7,0,15.0,1.0,1.0,1.0,A01
201300039775,0,7,0,0.0,1.0,2.0,0.0,A01
201300039776,0,31,0,0.0,2.0,1.0,1.0,A01
201300039776,0,10,0,0.0,2.0,7.0,6.0,B01
201300039777,0,2,0,0.0,2.0,4.0,6.0,A01
201300039777,0,34,0,0.0,2.0,1.0,2.0,B01
201300039778,0,2,0,1.0,0.0,1.0,2.0,A01
201300039779,0,7,0,0.0,1.0,1.0,14.0,A01
201300039780,0,32,0,0.0,2.0,3.0,1.0,A01
201300039780,0,2,0,0.0,2.0,7.0,1.0,B01
201300039781,0,7,0,0.0,2.0,3.0,15.0,B01
201300039781,0,2,0,0.0,2.0,2.0,1.0,A01
201300039782,0,7,0,0.0,2.0,2.0,5.0,A01
201300039782,0,33,0,0.0,2.0,1.0,1.0,B01
201300039783,0,7,0,14.0,0.0,2.0,5.0,A01
201300039784,0,10,0,0.0,2.0,3.0,9.0,A01
201300039784,0,31,0,0.0,2.0,7.0,1.0,B01
201300039785,0,7,0,0.0,1.0,3.0,2.0,A01
201300039786,0,7,0,0.0,2.0,3.0,24.0,B01
201300039786,0,30,0,1.0,0.0,1.0,1.0,A01
201300039787,0,10,0,0.0,2.0,1.0,10.0,A01
201300039787,0,33,0,0.0,2.0,1.0,2.0,B01
201300039788,0,10,0,0.0,2.0,1.0,1.0,A01
201300039788,0,7,0,0.0,2.0,4.0,1.0,B01
201300039789,0,7,0,0.0,1.0,7.0,1.0,A01
201300039790,0,32,0,0.0,2.0,1.0,1.0,B01
201300039790,0,10,0,0.0,2.0,2.0,15.0,A01
201300039791,0,7,0,0.0,2.0,3.0,15.0,B01
201300039791,0,31,0,0.0,2.0,7.0,17.0,A01
201300039792,0,7,0,0.0,1.0,4.0,4.0,A01
201300039793,0,7,0,0.0,2.0,4.0,1.0,A01
201300039793,0,31,0,0.0,2.0,4.0,10.0,B01
201300039793,0,10,0,0.0,2.0,1.0,1.0,C01
201300039794,0,31,0,16.0,0.0,7.0,1.0,A01
201300039795,1,7,0,0.0,1.0,0.0,1.0,A01
201300039796,0,7,0,0.0,1.0,2.0,9.0,A01
201300039797,0,7,0,1.0,1.0,4.0,4.0,A01
201300039798,0,33,0,1.0,0.0,7.0,1.0,B01
201300039798,0,7,0,0.0,2.0,8.0,22.0,A01
201300039799,0,31,0,0.0,2.0,7.0,21.0,B01
201300039799,0,7,0,0.0,2.0,0.0,15.0,A01
201300039800,0,10,0,0.0,2.0,1.0,1.0,A01
201300039800,0,7,0,0.0,2.0,4.0,15.0,B01
201300039801,0,31,0,0.0,0.0,0.0,0.0,A01
201300039802,0,1,0,0.0,2.0,9.0,0.0,C01
201300039802,0,7,0,0.0,9.0,8.0,24.0,A01
201300039802,0,7,0,0.0,9.0,7.0,2.0,B01
201300039803,0,7,0,0.0,2.0,1.0,2.0,A01
201300039803,0,7,0,0.0,2.0,4.0,2.0,B01
201300039804,0,7,0,0.0,2.0,2.0,15.0,A01
201300039804,0,34,0,0.0,2.0,1.0,1.0,B01
201300039805,0,7,0,0.0,2.0,3.0,15.0,B01
201300039805,0,33,0,0.0,2.0,1.0,5.0,A01
201300039806,0,7,0,0.0,2.0,1.0,2.0,A01
201300039806,0,7,0,0.0,2.0,4.0,2.0,B01
201300039807,0,31,0,14.0,0.0,0.0,0.0,A01
201300039808,0,15,0,0.0,2.0,1.0,2.0,A01
201300039808,0,10,0,0.0,2.0,4.0,2.0,B01
201300039808,0,7,0,0.0,2.0,4.0,2.0,C01
201300039809,0,32,0,0.0,0.0,0.0,0.0,A01
201300039810,0,7,0,0.0,2.0,1.0,2.0,C01
201300039810,0,31,0,0.0,2.0,1.0,2.0,A01
201300039810,0,7,0,0.0,2.0,4.0,2.0,B01
201300039811,0,7,0,0.0,2.0,3.0,0.0,B01
201300039811,0,1,0,0.0,2.0,1.0,0.0,A01
201300039812,0,17,0,0.0,1.0,2.0,4.0,A01
201300039813,0,7,0,0.0,1.0,1.0,0.0,A01
201300039814,1,33,0,0.0,2.0,1.0,17.0,Z01
201300039814,0,1,0,0.0,2.0,0.0,2.0,B01
201300039815,0,1,0,0.0,2.0,1.0,5.0,B01
201300039815,0,20,0,0.0,2.0,1.0,5.0,A01
201300039816,0,32,0,0.0,2.0,0.0,0.0,A01
201300039816,0,7,0,0.0,2.0,2.0,0.0,B01
201300039817,0,7,0,0.0,1.0,1.0,15.0,A01
201300039818,0,33,0,0.0,1.0,0.0,1.0,A01
201300039819,1,30,0,0.0,1.0,0.0,16.0,Z01
201300039820,0,7,0,11.0,0.0,1.0,1.0,A01
201300039821,0,7,0,0.0,2.0,3.0,24.0,A01
201300039821,0,1,0,1.0,0.0,1.0,1.0,B01
201300039822,0,7,0,0.0,2.0,2.0,15.0,A01
201300039822,0,30,0,0.0,2.0,0.0,1.0,B01
201300039823,0,2,0,0.0,2.0,1.0,1.0,A01
201300039823,0,7,0,0.0,2.0,2.0,15.0,B01
201300039824,0,30,0,0.0,0.0,2.0,1.0,A01
201300039825,0,33,0,1.0,2.0,9.0,1.0,B01
201300039825,0,7,0,0.0,2.0,3.0,19.0,A01
201300039826,0,33,0,0.0,0.0,8.0,1.0,A01
201300039827,0,7,0,0.0,1.0,2.0,16.0,A01
201300039828,0,7,0,0.0,1.0,1.0,15.0,A01
201300039829,0,7,0,0.0,1.0,1.0,16.0,A01
201300039830,0,7,0,0.0,1.0,5.0,4.0,A01
201300039831,2,7,0,0.0,2.0,4.0,2.0,B01
201300039831,0,2,0,0.0,2.0,1.0,2.0,A01
201300039832,0,7,0,0.0,1.0,1.0,1.0,A01
201300039833,0,37,99,0.0,2.0,6.0,23.0,B01
201300039833,0,33,0,1.0,1.0,1.0,17.0,A01
201300039834,0,33,0,0.0,1.0,1.0,1.0,A01
201300039835,0,7,0,0.0,1.0,1.0,15.0,A01
201300039836,0,7,0,15.0,2.0,2.0,1.0,B01
201300039836,0,7,0,0.0,2.0,1.0,19.0,A01
201300039837,0,10,0,0.0,1.0,2.0,1.0,A01
201300039838,0,34,0,0.0,2.0,1.0,2.0,A01
201300039838,0,7,0,0.0,2.0,4.0,21.0,B01
201300039839,0,30,0,0.0,2.0,0.0,2.0,A01
201300039839,0,1,0,0.0,2.0,0.0,2.0,B01
201300039840,0,31,0,0.0,0.0,8.0,10.0,A01
201300039841,0,7,0,0.0,2.0,3.0,15.0,B01
201300039841,0,2,0,0.0,2.0,1.0,17.0,A01
201300039842,0,34,0,0.0,2.0,3.0,1.0,B01