Num_Acc,senc,catv,occutc,obs,obsm,choc,manv,num_veh
201300039842,0,10,0,0.0,2.0,1.0,15.0,A01
201300039843,0,17,0,0.0,2.0,2.0,17.0,B01
201300039843,0,31,0,0.0,2.0,1.0,7.0,A01
201300039844,0,34,0,0.0,1.0,1.0,3.0,A01
201300039845,0,7,0,0.0,2.0,2.0,15.0,A01
201300039845,0,33,0,0.0,2.0,1.0,1.0,B01
201300039846,0,32,0,0.0,1.0,2.0,1.0,A01
201300039847,0,37,1,0.0,1.0,2.0,1.0,A01
201300039848,0,7,0,0.0,2.0,6.0,23.0,A01
201300039848,0,2,0,0.0,2.0,2.0,17.0,B01
201300039849,0,7,0,0.0,1.0,1.0,1.0,A01
201300039850,0,34,0,0.0,0.0,7.0,1.0,A01
201300039851,0,30,0,0.0,2.0,4.0,2.0,B01
201300039851,0,7,0,0.0,2.0,1.0,2.0,A01
201300039852,0,7,0,0.0,2.0,1.0,0.0,A01
201300039852,0,7,0,0.0,0.0,4.0,0.0,C01
201300039852,0,7,0,0.0,2.0,4.0,0.0,B01
201300039853,0,7,0,0.0,2.0,1.0,2.0,A01
201300039853,0,7,0,0.0,2.0,1.0,2.0,B01
201300039853,0,15,0,0.0,2.0,4.0,1.0,C01
201300039854,0,7,0,8.0,0.0,1.0,1.0,A01
201300039855,0,32,0,0.0,2.0,5.0,1.0,B01
201300039855,0,7,0,0.0,2.0,2.0,15.0,A01
201300039856,0,7,0,0.0,1.0,8.0,1.0,A01
201300039857,0,7,0,0.0,1.0,1.0,1.0,A01
201300039858,0,1,0,0.0,0.0,0.0,2.0,A01
201300039859,0,7,0,0.0,2.0,3.0,15.0,B01
201300039859,0,33,0,0.0,2.0,2.0,1.0,A01
201300039860,0,7,0,0.0,2.0,2.0,0.0,B01
201300039860,0,30,0,0.0,2.0,1.0,0.0,A01
201300039861,0,7,0,0.0,2.0,1.0,16.0,A01
201300039861,0,10,0,0.0,2.0,3.0,1.0,B01
201300039862,0,1,0,0.0,2.0,1.0,1.0,B01
201300039862,0,7,0,0.0,9.0,2.0,9.0,A01
201300039863,0,30,0,8.0,0.0,1.0,21.0,A01
201300039864,0,34,0,0.0,2.0,1.0,17.0,A01
201300039864,0,10,0,0.0,2.0,6.0,15.0,B01
201300039865,0,30,0,0.0,0.0,0.0,21.0,A01
201300039866,0,7,0,0.0,1.0,6.0,4.0,A01
201300039867,0,7,0,0.0,1.0,3.0,1.0,B01
201300039868,0,7,0,7.0,0.0,3.0,17.0,A01
201300039869,0,10,0,0.0,1.0,1.0,1.0,A01
201300039870,0,34,0,0.0,2.0,1.0,1.0,B01
201300039870,0,7,0,0.0,2.0,5.0,15.0,A01
201300039871,0,7,0,0.0,2.0,3.0,1.0,B01
201300039871,0,7,0,4.0,2.0,3.0,1.0,A01
201300039872,0,32,0,0.0,1.0,1.0,1.0,A01
201300039873,0,7,0,0.0,2.0,2.0,1.0,A01
201300039873,0,7,0,0.0,2.0,1.0,16.0,B01
201300039874,0,7,0,0.0,2.0,2.0,9.0,A01
201300039874,0,30,0,0.0,2.0,7.0,17.0,B01
201300039875,0,7,0,4.0,2.0,1.0,1.0,A01
201300039875,0,7,0,0.0,2.0,1.0,23.0,B01
201300039876,0,2,0,0.0,2.0,1.0,1.0,B01
201300039876,0,7,0,0.0,2.0,2.0,15.0,A01
201300039877,0,7,0,0.0,2.0,1.0,2.0,A01
201300039877,0,7,0,0.0,2.0,1.0,2.0,B01
201300039877,0,7,0,0.0,2.0,4.0,20.0,C01
201300039878,0,7,0,0.0,1.0,1.0,1.0,A01
201300039879,0,7,0,0.0,2.0,4.0,23.0,A01
201300039879,0,32,0,0.0,2.0,1.0,2.0,B01
201300039880,0,33,0,0.0,2.0,1.0,1.0,A01
201300039880,0,7,0,0.0,2.0,8.0,9.0,B01
201300039881,2,7,0,8.0,2.0,8.0,0.0,B01
201300039881,2,7,0,6.0,2.0,1.0,0.0,A01
201300039882,0,1,0,0.0,2.0,1.0,1.0,B01
201300039882,0,10,0,0.0,2.0,2.0,16.0,A01
201300039883,0,34,0,0.0,0.0,0.0,2.0,A01
201300039884,0,30,0,0.0,0.0,0.0,0.0,B01
201300039884,0,7,0,0.0,0.0,0.0,0.0,A01
201300039885,0,7,0,0.0,2.0,8.0,1.0,A01
201300039885,0,34,0,0.0,2.0,1.0,9.0,B01
201300039886,0,7,0,0.0,2.0,5.0,1.0,A01
201300039886,0,7,0,0.0,2.0,2.0,1.0,B01
201300039887,0,7,0,0.0,1.0,1.0,1.0,A01
201300039888,0,33,0,0.0,0.0,0.0,21.0,A01
201300039889,0,7,0,0.0,2.0,3.0,16.0,A01
201300039889,0,33,0,14.0,2.0,1.0,7.0,B01
201300039890,0,30,0,0.0,2.0,1.0,1.0,B01
201300039890,0,7,0,0.0,2.0,2.0,1.0,A01
201300039891,0,30,0,4.0,0.0,1.0,1.0,Z01
201300039892,0,7,0,0.0,2.0,2.0,15.0,A01
201300039892,0,30,0,0.0,2.0,7.0,1.0,B01
201300039893,0,7,0,0.0,1.0,1.0,1.0,A01
201300039894,0,1,0,0.0,2.0,1.0,19.0,A02
201300039894,0,7,0,0.0,2.0,0.0,0.0,A01
201300039895,0,1,0,14.0,0.0,1.0,13.0,A01
201300039896,0,10,0,0.0,1.0,4.0,4.0,A01
201300039897,0,7,0,0.0,2.0,3.0,1.0,A01
201300039897,0,7,0,0.0,2.0,2.0,2.0,B01
201300039898,2,7,0,0.0,2.0,2.0,0.0,Z01
201300039898,0,31,0,0.0,0.0,1.0,0.0,A01
201300039899,0,7,0,0.0,2.0,5.0,23.0,B01
201300039899,0,33,0,0.0,2.0,1.0,21.0,A01
201300039899,0,33,0,0.0,2.0,6.0,23.0,C01
201300039900,0,10,0,0.0,2.0,3.0,11.0,B01
201300039900,0,31,0,0.0,2.0,2.0,1.0,A01
201300039901,0,7,0,0.0,2.0,2.0,0.0,A01
201300039901,0,7,0,0.0,2.0,6.0,1.0,B01
201300039902,0,10,0,0.0,2.0,4.0,1.0,C01
201300039902,0,10,0,0.0,2.0,1.0,1.0,B01
201300039902,0,37,1,0.0,2.0,3.0,15.0,A01
201300039903,0,10,0,0.0,1.0,4.0,4.0,A01
201300039904,0,10,0,0.0,1.0,3.0,1.0,A01
201300039905,0,31,0,0.0,0.0,0.0,0.0,A01
201300039906,0,10,0,0.0,2.0,1.0,0.0,B01
201300039906,0,1,0,0.0,2.0,1.0,0.0,A01
201300039907,0,30,0,0.0,0.0,0.0,2.0,A01
201300039908,0,7,0,0.0,1.0,0.0,0.0,A01
201300039909,0,10,0,0.0,2.0,1.0,1.0,A01
201300039909,0,10,0,0.0,2.0,1.0,1.0,B01
201300039910,0,30,0,0.0,2.0,8.0,1.0,A01
201300039910,0,7,0,0.0,2.0,4.0,10.0,B01
201300039911,0,7,0,0.0,1.0,3.0,1.0,A01
201300039912,0,13,0,4.0,0.0,1.0,0.0,A01
201300039913,0,10,0,0.0,2.0,3.0,15.0,A01
201300039913,0,33,0,0.0,2.0,3.0,1.0,B01
201300039914,0,33,0,0.0,2.0,3.0,21.0,A01
201300039914,1,10,0,0.0,2.0,1.0,1.0,Z01
201300039915,0,14,0,0.0,2.0,8.0,24.0,B01
201300039915,0,14,0,0.0,2.0,2.0,2.0,A01
201300039916,0,7,0,12.0,2.0,2.0,1.0,A01
201300039916,0,7,0,0.0,2.0,8.0,9.0,B01
201300039917,0,37,1,0.0,1.0,2.0,16.0,A01
201300039918,0,33,0,0.0,2.0,4.0,1.0,B01
201300039918,1,7,0,0.0,2.0,1.0,2.0,Z01
201300039919,0,37,2,0.0,2.0,1.0,18.0,A01
201300039919,0,7,0,0.0,2.0,8.0,15.0,B01
201300039920,0,7,0,0.0,2.0,7.0,1.0,B01
201300039920,0,7,0,0.0,2.0,6.0,13.0,A01
201300039921,0,7,0,0.0,2.0,7.0,1.0,B01
201300039921,0,7,0,0.0,2.0,1.0,1.0,A01
201300039922,1,10,0,0.0,1.0,0.0,0.0,Z01
201300039923,0,7,0,15.0,2.0,7.0,1.0,B01
201300039923,0,30,0,0.0,2.0,1.0,1.0,A01
201300039924,0,1,0,0.0,2.0,1.0,1.0,B01
201300039924,0,15,0,0.0,2.0,2.0,15.0,A01
201300039925,0,10,0,0.0,2.0,7.0,15.0,A01
201300039925,0,10,0,0.0,2.0,1.0,1.0,B01
201300039926,0,7,0,0.0,2.0,1.0,1.0,A01
201300039926,0,7,0,0.0,2.0,4.0,1.0,B01
201300039927,0,30,0,0.0,2.0,1.0,1.0,B01
201300039927,0,10,0,0.0,2.0,3.0,17.0,A01
201300039928,0,33,0,0.0,0.0,7.0,1.0,A01
201300039929,0,7,0,0.0,2.0,7.0,15.0,B01
201300039929,0,7,0,0.0,2.0,1.0,1.0,A01
201300039930,0,33,0,0.0,2.0,1.0,1.0,B01
201300039930,0,7,0,0.0,2.0,2.0,1.0,A01
201300039931,0,34,0,0.0,0.0,0.0,1.0,A01
201300039932,0,34,0,15.0,0.0,8.0,0.0,A01
201300039933,0,7,0,0.0,2.0,3.0,0.0,B01
201300039933,0,30,0,0.0,2.0,1.0,0.0,A01
201300039934,0,7,0,1.0,0.0,2.0,14.0,A01
201300039935,0,7,0,0.0,1.0,2.0,9.0,A01
201300039936,0,33,0,0.0,0.0,0.0,15.0,A01
201300039937,0,33,0,0.0,0.0,7.0,0.0,A01
201300039938,0,7,0,4.0,0.0,1.0,1.0,A01
201300039939,0,7,0,0.0,1.0,4.0,4.0,A01
201300039940,0,7,0,0.0,2.0,2.0,1.0,B01
201300039940,0,7,0,6.0,2.0,5.0,1.0,A01
201300039941,0,10,0,0.0,1.0,2.0,1.0,A01
201300039942,0,10,0,0.0,1.0,0.0,1.0,A01
201300039943,0,13,0,0.0,2.0,2.0,12.0,A01
201300039943,0,7,0,0.0,2.0,6.0,18.0,B01
201300039944,0,32,0,0.0,2.0,1.0,16.0,A01
201300039944,0,7,0,0.0,2.0,5.0,15.0,B01
201300039945,0,7,0,0.0,2.0,1.0,15.0,A01
201300039945,0,33,0,0.0,2.0,1.0,1.0,B01
201300039946,0,30,0,0.0,0.0,7.0,16.0,A01
201300039947,0,30,0,0.0,1.0,1.0,1.0,A01
201300039948,0,7,0,0.0,2.0,7.0,10.0,A01
201300039948,0,7,0,0.0,2.0,1.0,1.0,B01
201300039949,0,7,0,0.0,2.0,2.0,15.0,B01
201300039949,0,30,0,0.0,2.0,1.0,1.0,A01
201300039950,0,37,6,0.0,1.0,2.0,2.0,A01
201300039951,0,7,0,0.0,2.0,2.0,1.0,A01
201300039951,0,7,0,0.0,2.0,3.0,1.0,B01
201300039952,0,31,0,0.0,2.0,7.0,16.0,B01
201300039952,0,30,0,0.0,2.0,1.0,18.0,A01
201300039953,0,7,0,0.0,2.0,1.0,1.0,A01
201300039953,0,7,0,0.0,2.0,7.0,1.0,B01
201300039954,0,7,0,0.0,1.0,1.0,1.0,A01
201300039955,0,10,0,0.0,2.0,2.0,16.0,B01
201300039955,0,34,0,0.0,2.0,1.0,18.0,A01
201300039956,0,7,0,0.0,1.0,1.0,1.0,A01
201300039957,0,31,0,0.0,0.0,0.0,0.0,A01
201300039958,0,7,0,0.0,1.0,1.0,1.0,A01
201300039959,0,7,0,0.0,1.0,1.0,1.0,A01
201300039960,0,34,0,0.0,2.0,8.0,17.0,A01
201300039960,0,10,0,0.0,0.0,6.0,23.0,B01
201300039961,0,7,0,0.0,1.0,7.0,1.0,A01
201300039962,0,30,0,0.0,2.0,1.0,1.0,B01
201300039962,0,10,0,0.0,2.0,2.0,15.0,A01
201300039963,1,32,0,0.0,1.0,2.0,2.0,Z01
201300039964,0,7,0,0.0,1.0,2.0,1.0,A01
201300039965,0,7,0,0.0,2.0,1.0,1.0,A01
201300039965,0,7,0,0.0,2.0,5.0,1.0,B01
201300039966,0,2,0,14.0,0.0,8.0,13.0,A01
201300039967,1,10,0,0.0,2.0,0.0,14.0,Z01
201300039967,0,30,0,0.0,2.0,0.0,1.0,B01
201300039968,0,34,0,0.0,1.0,1.0,1.0,A01
201300039969,0,1,0,0.0,2.0,3.0,19.0,B01
201300039969,0,10,0,0.0,2.0,2.0,16.0,A01
201300039970,0,7,0,0.0,1.0,1.0,1.0,A01
201300039971,0,10,0,0.0,1.0,1.0,15.0,A01
201300039972,0,33,0,0.0,0.0,7.0,1.0,A01
201300039973,0,32,0,0.0,2.0,1.0,1.0,B01
201300039973,0,7,0,0.0,2.0,1.0,17.0,A01
201300039974,0,37,1,0.0,1.0,7.0,1.0,A01
201300039975,0,7,0,0.0,1.0,7.0,1.0,A01
201300039976,0,7,0,0.0,1.0,3.0,1.0,A01
201300039977,0,7,0,0.0,2.0,5.0,15.0,A01
201300039977,0,32,0,0.0,2.0,1.0,1.0,B01
201300039978,0,7,0,0.0,2.0,2.0,10.0,A01
201300039978,0,31,0,0.0,2.0,1.0,1.0,B01
201300039979,0,30,0,0.0,0.0,0.0,1.0,A01
201300039980,0,33,0,0.0,2.0,1.0,1.0,A01
201300039980,0,7,0,0.0,2.0,8.0,15.0,B01
201300039981,0,7,0,3.0,0.0,9.0,1.0,A01
201300039982,0,10,0,0.0,2.0,5.0,1.0,B01
201300039982,0,33,0,0.0,2.0,1.0,1.0,A01
201300039983,0,1,0,0.0,0.0,1.0,1.0,A01
201300039984,0,10,0,0.0,2.0,2.0,15.0,A01
201300039984,0,37,1,0.0,2.0,3.0,1.0,B01
201300039985,0,30,0,0.0,0.0,7.0,21.0,A01
201300039985,0,7,0,0.0,2.0,0.0,0.0,B01
201300039985,0,7,0,0.0,0.0,0.0,0.0,C01
201300039986,0,10,0,0.0,1.0,5.0,1.0,A01
201300039987,0,7,0,0.0,1.0,6.0,4.0,A01
201300039988,0,7,0,0.0,0.0,4.0,1.0,B01
201300039988,0,30,0,0.0,0.0,1.0,1.0,A01
201300039989,0,10,0,0.0,1.0,4.0,4.0,A01
201300039990,0,33,0,0.0,1.0,0.0,1.0,A01
201300039991,0,7,0,0.0,2.0,3.0,15.0,A01
201300039991,0,30,0,0.0,2.0,2.0,17.0,B01
201300039992,0,10,0,4.0,0.0,3.0,1.0,A01
201300039993,0,7,0,0.0,2.0,1.0,15.0,A01
201300039993,0,33,0,0.0,2.0,7.0,1.0,B01
201300039994,0,10,0,0.0,2.0,5.0,1.0,B01
201300039994,0,10,0,0.0,2.0,3.0,1.0,A01
201300039995,0,7,0,3.0,0.0,1.0,1.0,A01
201300039996,0,7,0,0.0,1.0,3.0,15.0,A01
201300039997,0,33,0,0.0,2.0,1.0,2.0,A01
201300039997,0,7,0,0.0,2.0,2.0,16.0,B01
201300039998,0,7,0,9.0,1.0,1.0,1.0,A01
201300039998,0,7,0,0.0,2.0,3.0,1.0,B01
201300039999,0,7,0,0.0,2.0,1.0,1.0,A01
201300039999,0,34,0,0.0,0.0,0.0,0.0,B01
201300040000,0,30,0,0.0,2.0,9.0,2.0,A01
201300040000,0,7,0,0.0,2.0,2.0,14.0,B01
201300040001,0,7,0,0.0,2.0,4.0,2.0,B01
201300040001,0,7,0,0.0,2.0,1.0,2.0,A01
201300040002,0,30,0,0.0,2.0,0.0,1.0,B01
201300040002,0,7,0,0.0,2.0,0.0,20.0,A01
201300040003,0,37,0,0.0,1.0,2.0,0.0,A01
201300040004,0,7,0,0.0,2.0,3.0,9.0,A01
201300040004,0,32,0,0.0,2.0,1.0,1.0,B01
201300040005,0,7,0,0.0,2.0,2.0,1.0,A01
201300040005,0,34,0,0.0,2.0,1.0,9.0,B01
201300040006,0,32,0,0.0,2.0,2.0,3.0,A01
201300040006,0,7,0,0.0,2.0,4.0,2.0,B01
201300040007,0,7,0,0.0,1.0,1.0,1.0,A01
201300040008,0,10,0,9.0,1.0,4.0,4.0,A01
201300040009,0,34,0,0.0,1.0,1.0,20.0,A01
201300040010,0,33,0,0.0,2.0,9.0,1.0,B01
201300040010,0,7,0,0.0,2.0,1.0,15.0,A01
201300040011,0,10,0,0.0,2.0,2.0,1.0,A01
201300040011,0,33,0,0.0,2.0,4.0,15.0,B01
201300040012,0,2,0,0.0,0.0,0.0,21.0,A01
201300040013,0,34,0,0.0,1.0,1.0,1.0,A01
201300040014,0,2,0,0.0,2.0,1.0,1.0,A01
201300040015,0,31,0,0.0,2.0,1.0,1.0,B01
201300040015,0,7,0,0.0,2.0,3.0,1.0,A01
201300040016,0,7,0,0.0,2.0,3.0,1.0,B01
201300040016,0,30,0,0.0,2.0,1.0,1.0,A01
201300040017,0,7,0,0.0,2.0,7.0,16.0,A01
201300040017,0,34,0,0.0,0.0,8.0,18.0,B01
201300040018,0,7,0,0.0,2.0,1.0,1.0,A01
201300040018,0,7,0,0.0,2.0,1.0,1.0,C01
201300040018,0,7,0,0.0,2.0,6.0,1.0,B01
201300040019,0,14,0,0.0,1.0,1.0,16.0,A01
201300040020,0,7,0,0.0,1.0,1.0,1.0,A01
201300040021,0,7,0,0.0,0.0,1.0,1.0,A01
201300040021,0,1,0,0.0,0.0,1.0,2.0,B01
201300040022,0,7,0,0.0,2.0,2.0,16.0,B01
201300040022,0,34,0,0.0,2.0,1.0,5.0,A01
201300040023,0,32,0,1.0,0.0,1.0,1.0,A01
201300040024,0,7,0,1.0,0.0,1.0,0.0,A01
201300040025,0,32,0,16.0,0.0,0.0,1.0,A01
201300040026,0,32,0,0.0,1.0,1.0,17.0,A01
201300040027,0,7,0,0.0,2.0,4.0,2.0,B01
201300040027,0,33,0,0.0,2.0,0.0,2.0,A01
201300040028,0,33,0,0.0,2.0,8.0,21.0,B01
201300040028,0,33,0,0.0,2.0,1.0,21.0,A01
201300040029,0,7,0,0.0,1.0,3.0,1.0,A01
201300040030,0,7,0,0.0,1.0,1.0,1.0,A01
201300040031,0,7,0,0.0,2.0,4.0,2.0,B01
201300040031,0,33,0,0.0,2.0,9.0,2.0,A01
201300040032,0,31,0,0.0,2.0,1.0,17.0,B01
201300040032,0,10,0,0.0,2.0,8.0,15.0,A01
201300040033,0,32,0,0.0,0.0,0.0,16.0,A01
201300040034,0,33,0,0.0,1.0,1.0,1.0,A01
201300040035,0,7,0,0.0,2.0,1.0,2.0,A01
201300040035,0,7,0,0.0,0.0,6.0,2.0,B01
201300040036,0,30,0,0.0,0.0,7.0,21.0,A01
201300040037,0,7,0,0.0,1.0,1.0,1.0,A01
201300040038,0,7,0,0.0,2.0,3.0,0.0,A01
201300040038,0,1,0,0.0,2.0,1.0,0.0,B01
201300040039,0,34,0,0.0,1.0,1.0,3.0,A01
201300040040,0,33,0,0.0,2.0,7.0,1.0,B01
201300040040,0,7,0,0.0,2.0,1.0,10.0,A01
201300040041,0,7,0,0.0,2.0,3.0,0.0,B01
201300040041,0,7,0,0.0,2.0,3.0,15.0,A01
201300040042,0,31,0,0.0,2.0,3.0,0.0,A01
201300040042,0,7,0,0.0,2.0,8.0,0.0,B01
201300040043,0,7,0,0.0,2.0,1.0,1.0,A01
201300040043,0,7,0,0.0,2.0,4.0,23.0,B01
201300040044,0,7,0,0.0,2.0,8.0,0.0,A01
201300040044,0,1,0,0.0,2.0,1.0,0.0,B01
201300040045,0,7,0,0.0,1.0,1.0,15.0,A01
201300040046,0,7,0,0.0,2.0,1.0,23.0,B01
201300040046,0,7,0,0.0,2.0,1.0,2.0,A01
201300040046,0,10,0,0.0,0.0,1.0,23.0,C01
201300040047,0,7,0,0.0,1.0,4.0,4.0,A01
201300040048,0,2,0,0.0,0.0,0.0,0.0,A01
201300040049,0,31,0,0.0,2.0,1.0,1.0,B01
201300040049,0,7,0,0.0,2.0,8.0,0.0,A01
201300040050,0,31,0,0.0,2.0,1.0,0.0,B01
201300040050,0,7,0,0.0,2.0,2.0,12.0,A01
201300040051,0,7,0,0.0,1.0,1.0,0.0,A01
201300040052,0,7,0,0.0,2.0,1.0,9.0,A01
201300040052,0,32,0,0.0,2.0,7.0,0.0,B01
201300040053,0,7,0,0.0,2.0,6.0,23.0,B01
201300040053,0,7,0,1.0,1.0,2.0,2.0,A01
201300040054,0,2,0,0.0,2.0,1.0,1.0,A01
201300040054,0,7,0,0.0,2.0,7.0,1.0,B01
201300040055,0,7,0,0.0,2.0,3.0,15.0,B01
201300040055,0,32,0,0.0,2.0,1.0,1.0,A01
201300040056,0,32,0,0.0,2.0,1.0,1.0,B01
201300040056,0,7,0,0.0,2.0,8.0,10.0,A01
201300040057,0,33,0,0.0,2.0,1.0,21.0,A01
201300040057,0,7,0,0.0,2.0,4.0,23.0,B01
201300040058,0,33,0,0.0,1.0,1.0,1.0,A01
201300040059,0,31,0,0.0,2.0,3.0,1.0,B01
201300040059,0,7,0,0.0,2.0,8.0,20.0,A01
201300040060,0,7,0,0.0,2.0,1.0,1.0,A01
201300040060,0,7,0,0.0,2.0,4.0,1.0,B01
201300040061,0,7,0,0.0,1.0,4.0,4.0,A01
201300040062,0,31,0,0.0,2.0,1.0,2.0,A01
201300040062,0,7,0,0.0,2.0,6.0,2.0,B01
201300040063,0,7,0,0.0,1.0,2.0,0.0,A01
201300040064,0,33,0,0.0,2.0,4.0,2.0,B01
201300040064,0,7,0,0.0,2.0,1.0,2.0,A01
201300040065,0,7,0,0.0,2.0,5.0,23.0,B01
201300040065,0,7,0,0.0,2.0,1.0,20.0,A01
201300040066,0,7,0,1.0,0.0,1.0,17.0,A01
201300040067,0,7,0,0.0,2.0,6.0,23.0,A01
201300040067,0,33,0,0.0,2.0,1.0,18.0,B01
201300040068,0,32,0,0.0,2.0,1.0,2.0,A01
201300040068,0,7,0,0.0,0.0,4.0,2.0,B01
201300040069,0,30,0,1.0,0.0,5.0,21.0,A01
201300040070,0,7,0,0.0,2.0,8.0,22.0,A01
201300040070,0,1,0,1.0,0.0,1.0,0.0,B01
201300040071,1,7,0,0.0,2.0,0.0,0.0,Z01
201300040071,0,31,0,0.0,2.0,7.0,2.0,B01
201300040071,0,7,0,0.0,2.0,2.0,2.0,A01
201300040072,0,7,0,0.0,1.0,1.0,0.0,A01
201300040073,0,7,0,1.0,0.0,3.0,2.0,A01
201300040074,0,10,0,0.0,1.0,3.0,0.0,A01
201300040075,0,7,0,1.0,0.0,2.0,0.0,A01
201300040076,0,1,0,0.0,2.0,3.0,2.0,B01
201300040076,0,38,0,0.0,2.0,5.0,16.0,A01
201300040077,0,7,0,15.0,1.0,2.0,0.0,A01
201300040078,1,7,0,0.0,1.0,0.0,0.0,Z01
201300040079,0,33,0,0.0,2.0,1.0,1.0,B01
201300040079,0,7,0,0.0,2.0,7.0,15.0,A01
201300040080,0,32,0,0.0,2.0,7.0,1.0,B01
201300040080,0,7,0,0.0,2.0,3.0,9.0,A01
201300040081,0,7,0,0.0,1.0,1.0,1.0,A01
201300040082,0,32,0,0.0,1.0,2.0,1.0,A01
201300040083,0,7,0,0.0,2.0,4.0,2.0,B01
201300040083,0,7,0,0.0,2.0,1.0,2.0,A01
201300040084,0,10,0,0.0,2.0,1.0,15.0,A01
201300040084,0,30,0,0.0,2.0,1.0,1.0,B01
201300040085,0,7,0,0.0,2.0,0.0,17.0,A01
201300040085,0,1,0,0.0,2.0,0.0,15.0,B01
201300040086,0,7,0,0.0,2.0,3.0,15.0,B01
201300040086,0,32,0,0.0,2.0,3.0,17.0,A01
201300040087,0,10,0,0.0,2.0,4.0,2.0,B01
201300040087,0,30,0,0.0,2.0,1.0,2.0,A01
201300040088,0,7,0,0.0,2.0,1.0,15.0,A01
201300040088,0,7,0,0.0,2.0,8.0,1.0,B01
201300040089,0,33,0,0.0,2.0,1.0,2.0,A01
201300040089,0,7,0,0.0,2.0,4.0,2.0,B01
201300040090,0,10,0,0.0,2.0,1.0,0.0,A01
201300040090,0,32,0,0.0,2.0,4.0,3.0,B01
201300040091,0,7,0,1.0,0.0,1.0,0.0,A01
201300040092,0,7,0,0.0,2.0,7.0,14.0,B01
201300040092,0,34,0,1.0,2.0,1.0,18.0,A01
201300040093,0,7,0,0.0,2.0,2.0,15.0,A01
201300040093,0,30,0,0.0,2.0,1.0,0.0,B01
201300040094,0,7,0,0.0,2.0,2.0,15.0,A01
201300040094,0,34,0,0.0,2.0,1.0,0.0,B01
201300040095,0,7,0,0.0,1.0,1.0,0.0,A01
201300040096,0,30,0,0.0,0.0,7.0,0.0,A01
201300040097,0,7,0,0.0,1.0,1.0,0.0,A01
201300040098,0,10,0,0.0,2.0,1.0,1.0,A01
201300040098,0,7,0,0.0,2.0,3.0,1.0,B01
201300040099,0,7,0,0.0,2.0,1.0,9.0,A01
201300040099,0,1,0,0.0,2.0,8.0,5.0,B01
201300040100,0,30,0,0.0,0.0,1.0,1.0,A01
201300040101,0,10,0,0.0,1.0,1.0,0.0,A01
201300040102,0,7,0,0.0,1.0,3.0,1.0,A01
201300040103,0,32,0,0.0,2.0,1.0,1.0,B01
201300040103,0,7,0,0.0,2.0,5.0,10.0,A01
201300040104,0,33,0,0.0,2.0,1.0,0.0,A01
201300040104,1,7,0,0.0,2.0,5.0,15.0,Z01
201300040105,0,1,0,0.0,2.0,1.0,0.0,B01
201300040105,0,7,0,0.0,2.0,1.0,15.0,A01
201300040106,0,7,0,0.0,2.0,1.0,1.0,A01
201300040106,0,7,0,0.0,2.0,4.0,23.0,C01
201300040106,0,7,0,0.0,2.0,4.0,23.0,B01
201300040107,0,31,0,0.0,2.0,1.0,16.0,A01
201300040107,0,1,0,0.0,2.0,7.0,19.0,B01
201300040108,0,10,0,0.0,2.0,4.0,23.0,B01
201300040108,0,7,0,0.0,2.0,4.0,23.0,C01
201300040108,0,7,0,0.0,2.0,1.0,1.0,A01
201300040108,0,7,0,0.0,2.0,4.0,23.0,D01
201300040109,0,32,0,1.0,0.0,7.0,1.0,A01
201300040110,0,37,10,0.0,0.0,0.0,1.0,A01
201300040111,1,7,0,0.0,1.0,1.0,1.0,A01
201300040112,0,31,0,0.0,0.0,8.0,1.0,A01
201300040112,1,7,0,0.0,0.0,0.0,0.0,Z01
201300040113,0,10,0,0.0,2.0,7.0,24.0,B01
201300040113,0,33,0,1.0,0.0,1.0,1.0,A01
201300040114,0,7,0,0.0,1.0,1.0,0.0,A01
201300040115,0,7,0,0.0,2.0,7.0,17.0,A01
201300040115,0,1,0,0.0,2.0,8.0,2.0,B01
201300040116,0,32,0,0.0,2.0,8.0,1.0,B01
201300040116,0,10,0,0.0,2.0,3.0,15.0,A01
201300040117,0,7,0,0.0,1.0,2.0,1.0,A01
201300040118,0,10,0,0.0,2.0,4.0,23.0,B01
201300040118,0,32,0,0.0,2.0,1.0,1.0,A01
201300040119,0,7,0,0.0,1.0,1.0,14.0,A01
201300040120,0,7,0,0.0,2.0,2.0,1.0,A01
201300040120,0,7,0,0.0,2.0,6.0,20.0,B01
201300040121,0,1,0,0.0,2.0,0.0,0.0,B01
201300040121,0,7,0,0.0,2.0,0.0,0.0,A01
201300040122,0,33,0,0.0,2.0,4.0,23.0,B01
201300040122,0,7,0,0.0,2.0,1.0,2.0,A01
201300040123,0,7,0,0.0,1.0,2.0,0.0,A01
201300040124,0,7,0,0.0,2.0,7.0,0.0,A01
201300040124,0,7,0,0.0,2.0,1.0,0.0,B01
201300040125,0,2,0,1.0,0.0,1.0,0.0,A01
201300040126,0,7,0,0.0,2.0,2.0,16.0,B01
201300040126,0,2,0,0.0,2.0,1.0,18.0,A01
201300040127,0,7,0,0.0,2.0,7.0,10.0,A01
201300040127,0,33,0,0.0,2.0,1.0,0.0,B01
201300040128,0,7,0,0.0,2.0,4.0,1.0,B01
201300040128,0,10,0,0.0,2.0,1.0,1.0,A01
201300040129,0,7,0,0.0,2.0,4.0,1.0,B01
201300040129,0,10,0,0.0,2.0,1.0,1.0,A01
201300040130,0,7,0,0.0,0.0,6.0,2.0,B01