Num_Acc,senc,catv,occutc,obs,obsm,choc,manv,num_veh
201300040417,0,7,0,0.0,2.0,8.0,9.0,B01
201300040418,0,30,0,0.0,2.0,1.0,17.0,A01
201300040418,0,7,0,0.0,2.0,3.0,15.0,B01
201300040419,0,33,0,0.0,1.0,1.0,1.0,A01
201300040420,0,30,0,0.0,0.0,8.0,1.0,A01
201300040421,0,10,0,0.0,2.0,1.0,2.0,A01
201300040421,0,7,0,0.0,2.0,4.0,2.0,B01
201300040422,0,1,0,0.0,0.0,0.0,0.0,A01
201300040423,0,7,0,0.0,2.0,1.0,2.0,A01
201300040423,0,7,0,0.0,2.0,4.0,2.0,B01
201300040424,0,7,0,4.0,0.0,1.0,1.0,A01
201300040425,0,32,0,4.0,0.0,1.0,1.0,A01
201300040426,0,7,0,0.0,2.0,4.0,23.0,B01
201300040426,0,7,0,0.0,2.0,1.0,1.0,A01
201300040427,0,7,0,0.0,2.0,3.0,15.0,A01
201300040427,0,33,0,0.0,2.0,1.0,17.0,B01
201300040428,0,7,0,0.0,0.0,4.0,0.0,A01
201300040429,0,33,0,0.0,2.0,1.0,1.0,B01
201300040429,0,10,0,0.0,2.0,7.0,1.0,A01
201300040430,0,7,0,0.0,2.0,1.0,1.0,A01
201300040430,0,33,0,0.0,2.0,4.0,23.0,B01
201300040431,0,31,0,0.0,1.0,1.0,1.0,A01
201300040432,0,7,0,0.0,1.0,1.0,16.0,A01
201300040433,0,10,0,0.0,2.0,6.0,10.0,A01
201300040433,0,34,0,0.0,2.0,1.0,1.0,B01
201300040434,0,7,0,0.0,1.0,7.0,1.0,A01
201300040435,0,1,0,0.0,2.0,1.0,1.0,B01
201300040435,0,7,0,0.0,2.0,7.0,15.0,A01
201300040436,0,7,0,0.0,2.0,3.0,15.0,A01
201300040436,0,32,0,0.0,2.0,1.0,1.0,B01
201300040437,0,30,0,0.0,0.0,8.0,1.0,A01
201300040438,0,7,0,0.0,2.0,2.0,15.0,A01
201300040438,0,7,0,0.0,2.0,1.0,1.0,B01
201300040439,0,7,0,0.0,1.0,6.0,1.0,A01
201300040440,0,7,0,0.0,2.0,3.0,11.0,A01
201300040440,0,7,0,0.0,2.0,5.0,23.0,B01
201300040441,0,34,0,0.0,0.0,0.0,1.0,A01
201300040442,0,37,1,0.0,1.0,3.0,1.0,A01
201300040443,0,33,0,0.0,2.0,1.0,1.0,A01
201300040443,0,7,0,0.0,2.0,4.0,23.0,B01
201300040444,0,30,0,0.0,2.0,1.0,1.0,A01
201300040444,0,7,0,0.0,2.0,3.0,1.0,B01
201300040445,0,10,0,0.0,2.0,4.0,1.0,B01
201300040445,0,7,0,8.0,2.0,1.0,1.0,A01
201300040446,0,1,0,12.0,0.0,1.0,1.0,A01
201300040447,0,7,0,0.0,1.0,1.0,15.0,A01
201300040448,0,7,0,0.0,2.0,4.0,1.0,B01
201300040448,0,34,0,0.0,2.0,1.0,1.0,A01
201300040449,0,1,0,0.0,2.0,2.0,18.0,B01
201300040449,0,7,0,0.0,2.0,8.0,16.0,A01
201300040450,0,7,0,0.0,2.0,8.0,15.0,A01
201300040450,0,30,0,0.0,2.0,1.0,17.0,B01
201300040451,0,30,0,12.0,0.0,7.0,14.0,A01
201300040452,0,7,0,0.0,2.0,0.0,9.0,B01
201300040452,0,30,0,0.0,0.0,0.0,1.0,A01
201300040453,0,7,0,0.0,1.0,1.0,1.0,A01
201300040454,0,32,0,3.0,0.0,1.0,1.0,A01
201300040455,0,10,0,0.0,1.0,4.0,4.0,A01
201300040456,0,10,0,0.0,1.0,3.0,1.0,A01
201300040457,0,7,0,0.0,2.0,4.0,23.0,B01
201300040457,0,7,0,2.0,2.0,1.0,1.0,A01
201300040458,0,30,0,0.0,2.0,1.0,18.0,A01
201300040458,0,7,0,0.0,2.0,7.0,14.0,B01
201300040459,0,2,0,0.0,0.0,0.0,1.0,A01
201300040460,0,1,0,0.0,2.0,6.0,1.0,B01
201300040460,0,7,0,0.0,2.0,7.0,12.0,A01
201300040461,0,7,0,0.0,2.0,5.0,1.0,B01
201300040461,0,1,0,0.0,2.0,1.0,18.0,A01
201300040462,0,7,0,0.0,1.0,1.0,1.0,A01
201300040463,0,7,0,0.0,2.0,4.0,1.0,B01
201300040463,0,7,0,0.0,2.0,1.0,14.0,A01
201300040464,0,32,0,0.0,0.0,0.0,1.0,A01
201300040465,0,34,0,0.0,2.0,4.0,15.0,B01
201300040465,0,7,0,0.0,2.0,1.0,1.0,A01
201300040466,0,7,0,0.0,1.0,1.0,1.0,A01
201300040467,0,1,0,0.0,0.0,0.0,1.0,A01
201300040468,0,7,0,0.0,2.0,4.0,23.0,B01
201300040468,0,10,0,0.0,2.0,1.0,1.0,A01
201300040469,0,7,0,0.0,2.0,8.0,10.0,A01
201300040469,0,30,0,0.0,2.0,1.0,1.0,B01
201300040470,0,7,0,0.0,2.0,1.0,1.0,B01
201300040470,0,7,0,0.0,2.0,5.0,4.0,A01
201300040471,0,33,0,10.0,0.0,1.0,1.0,A01
201300040472,0,7,0,1.0,0.0,2.0,1.0,A01
201300040473,0,14,0,0.0,2.0,1.0,1.0,A01
201300040473,0,7,0,0.0,2.0,4.0,23.0,C01
201300040473,0,7,0,0.0,2.0,4.0,23.0,B01
201300040474,0,14,0,0.0,1.0,1.0,1.0,A01
201300040475,0,7,0,0.0,1.0,8.0,1.0,A01
201300040476,0,7,0,0.0,1.0,1.0,1.0,A01
201300040477,0,30,0,0.0,2.0,4.0,1.0,B01
201300040477,0,10,0,0.0,2.0,1.0,1.0,A01
201300040478,0,33,0,0.0,0.0,0.0,17.0,B01
201300040478,0,7,0,0.0,0.0,0.0,15.0,A01
201300040479,0,33,0,0.0,0.0,0.0,13.0,A01
201300040480,0,33,0,0.0,2.0,2.0,2.0,A01
201300040480,0,7,0,0.0,2.0,3.0,13.0,B01
201300040481,0,7,0,0.0,2.0,2.0,1.0,A01
201300040481,0,30,0,0.0,2.0,8.0,1.0,B01
201300040482,0,2,0,0.0,0.0,0.0,17.0,A01
201300040483,0,30,0,0.0,2.0,1.0,1.0,B01
201300040483,0,7,0,0.0,0.0,8.0,9.0,A01
201300040484,0,7,0,0.0,1.0,1.0,1.0,A01
201300040485,0,7,0,0.0,2.0,5.0,12.0,B01
201300040485,0,33,0,0.0,2.0,1.0,3.0,A01
201300040486,0,7,0,0.0,2.0,3.0,16.0,A01
201300040486,0,1,0,0.0,2.0,1.0,1.0,B01
201300040487,0,7,0,0.0,2.0,1.0,1.0,A01
201300040487,0,7,0,0.0,2.0,4.0,1.0,B01
201300040488,0,7,0,0.0,2.0,2.0,15.0,B01
201300040488,0,1,0,0.0,2.0,1.0,1.0,A01
201300040489,0,7,0,0.0,2.0,3.0,15.0,A01
201300040489,0,31,0,0.0,2.0,1.0,17.0,B01
201300040490,0,37,1,0.0,2.0,1.0,1.0,A01
201300040490,0,7,0,0.0,2.0,4.0,1.0,B01
201300040491,0,32,0,0.0,2.0,1.0,0.0,B01
201300040491,0,7,0,0.0,2.0,4.0,20.0,A01
201300040492,0,7,0,0.0,1.0,7.0,1.0,A01
201300040493,0,1,0,0.0,2.0,1.0,1.0,B01
201300040493,0,33,0,0.0,2.0,1.0,15.0,A01
201300040494,0,2,0,0.0,0.0,1.0,1.0,A01
201300040495,0,33,0,0.0,2.0,1.0,17.0,B01
201300040495,0,7,0,0.0,2.0,3.0,15.0,A01
201300040496,0,33,0,0.0,2.0,1.0,1.0,B01
201300040496,0,7,0,0.0,2.0,3.0,15.0,A01
201300040497,0,7,0,0.0,2.0,4.0,23.0,B01
201300040497,0,7,0,0.0,2.0,1.0,1.0,A01
201300040498,0,32,0,0.0,1.0,1.0,1.0,A01
201300040499,0,7,0,0.0,1.0,1.0,2.0,A01
201300040500,0,7,0,0.0,2.0,3.0,15.0,A01
201300040500,0,33,0,0.0,2.0,1.0,1.0,B01
201300040501,0,32,0,0.0,1.0,1.0,2.0,A01
201300040502,0,31,0,0.0,2.0,4.0,2.0,B01
201300040502,0,10,0,0.0,2.0,1.0,2.0,A01
201300040503,0,33,0,0.0,0.0,0.0,2.0,A01
201300040504,0,2,0,0.0,2.0,2.0,16.0,B01
201300040504,0,7,0,0.0,2.0,8.0,1.0,A01
201300040505,0,2,0,0.0,0.0,0.0,2.0,A01
201300040506,0,7,0,0.0,2.0,4.0,23.0,A01
201300040506,0,7,0,0.0,2.0,1.0,2.0,C01
201300040506,0,7,0,0.0,2.0,4.0,23.0,B01
201300040507,0,7,0,0.0,1.0,1.0,2.0,A01
201300040508,0,30,0,0.0,2.0,1.0,5.0,A01
201300040508,0,7,0,0.0,2.0,7.0,16.0,B01
201300040509,0,32,0,0.0,2.0,3.0,2.0,A01
201300040509,0,7,0,0.0,2.0,2.0,14.0,B01
201300040510,0,10,0,0.0,1.0,3.0,16.0,A01
201300040511,0,7,0,1.0,0.0,1.0,5.0,A01
201300040512,0,7,0,0.0,2.0,4.0,23.0,A01
201300040512,0,14,0,0.0,2.0,1.0,2.0,B01
201300040513,0,7,0,0.0,2.0,3.0,13.0,A01
201300040513,0,7,0,1.0,2.0,3.0,1.0,B01
201300040514,0,33,0,14.0,0.0,3.0,2.0,B01
201300040514,0,7,0,0.0,2.0,2.0,9.0,A01
201300040515,0,7,0,0.0,2.0,3.0,13.0,A01
201300040515,0,33,0,1.0,2.0,7.0,17.0,B01
201300040516,0,2,0,1.0,0.0,8.0,1.0,A01
201300040517,0,1,0,0.0,1.0,1.0,1.0,A01
201300040518,0,30,0,1.0,0.0,0.0,2.0,A01
201300040519,0,32,0,0.0,2.0,1.0,1.0,A01
201300040519,0,33,0,0.0,0.0,0.0,1.0,C01
201300040519,0,7,0,0.0,2.0,6.0,2.0,B01
201300040520,0,3,0,0.0,2.0,3.0,10.0,A01
201300040520,0,32,0,14.0,0.0,1.0,2.0,B01
201300040521,0,34,0,0.0,2.0,2.0,17.0,A01
201300040521,0,7,0,0.0,2.0,8.0,15.0,B01
201300040522,1,7,0,0.0,1.0,1.0,16.0,A01
201300040523,1,30,0,,1.0,8.0,1.0,A01
201300040524,0,1,0,0.0,1.0,1.0,1.0,A01
201300040525,0,30,0,0.0,2.0,1.0,1.0,B01
201300040525,0,7,0,0.0,2.0,2.0,16.0,A01
201300040526,0,33,0,0.0,0.0,4.0,23.0,B01
201300040526,0,7,0,14.0,0.0,1.0,2.0,A01
201300040527,0,33,0,0.0,2.0,1.0,3.0,A01
201300040527,0,10,0,0.0,2.0,5.0,1.0,B01
201300040527,0,10,0,0.0,2.0,6.0,23.0,C01
201300040528,0,7,0,0.0,1.0,1.0,2.0,A01
201300040529,0,7,0,1.0,0.0,1.0,1.0,A01
201300040530,0,10,0,0.0,2.0,2.0,16.0,B01
201300040530,0,33,0,15.0,0.0,1.0,0.0,A01
201300040531,0,30,0,14.0,0.0,0.0,1.0,A01
201300040532,0,7,0,0.0,2.0,3.0,23.0,C01
201300040532,0,7,0,0.0,1.0,1.0,9.0,A01
201300040533,0,7,0,1.0,0.0,2.0,2.0,A01
201300040534,0,30,0,0.0,2.0,0.0,0.0,B01
201300040534,1,7,0,0.0,2.0,1.0,1.0,Z01
201300040535,0,32,0,0.0,2.0,1.0,17.0,B01
201300040535,0,7,0,0.0,2.0,3.0,15.0,A01
201300040536,0,10,0,0.0,2.0,4.0,2.0,B01
201300040536,0,7,0,0.0,2.0,1.0,2.0,A01
201300040537,1,7,0,0.0,2.0,7.0,1.0,B01
201300040537,0,30,0,0.0,2.0,1.0,1.0,A01
201300040538,0,34,0,1.0,2.0,1.0,2.0,A01
201300040538,0,7,0,0.0,2.0,3.0,15.0,B01
201300040539,1,7,0,14.0,1.0,2.0,2.0,A01
201300040540,0,2,0,0.0,0.0,8.0,21.0,A01
201300040541,0,30,0,0.0,1.0,1.0,1.0,A01
201300040542,0,38,1,0.0,2.0,8.0,2.0,A01
201300040542,0,7,0,0.0,2.0,7.0,16.0,B01
201300040543,0,30,0,0.0,2.0,4.0,2.0,B01
201300040543,0,7,0,0.0,2.0,1.0,2.0,A01
201300040544,0,7,0,0.0,2.0,2.0,2.0,A01
201300040544,0,32,0,0.0,2.0,3.0,9.0,B01
201300040545,0,1,0,0.0,0.0,0.0,1.0,B01
201300040545,0,7,0,0.0,2.0,0.0,1.0,A01
201300040546,0,2,0,0.0,2.0,7.0,1.0,A01
201300040546,0,37,0,0.0,2.0,8.0,2.0,B01
201300040546,0,7,0,0.0,2.0,4.0,1.0,C01
201300040547,0,2,0,0.0,2.0,1.0,16.0,B01
201300040547,1,7,0,0.0,2.0,1.0,16.0,A01
201300040548,0,30,0,0.0,0.0,0.0,1.0,A01
201300040549,0,33,0,0.0,2.0,1.0,1.0,B01
201300040549,0,7,0,0.0,2.0,3.0,15.0,A01
201300040550,0,33,0,0.0,2.0,8.0,16.0,A01
201300040550,0,7,0,0.0,2.0,5.0,16.0,B01
201300040551,0,1,0,0.0,2.0,1.0,0.0,B01
201300040551,0,7,0,0.0,9.0,1.0,15.0,A01
201300040552,0,7,0,8.0,0.0,1.0,1.0,A01
201300040553,0,30,0,0.0,0.0,0.0,14.0,A01
201300040554,0,33,0,0.0,2.0,2.0,1.0,B01
201300040554,0,7,0,0.0,2.0,3.0,1.0,A01
201300040555,0,7,0,0.0,2.0,5.0,2.0,B01
201300040555,0,32,0,0.0,2.0,1.0,2.0,A01
201300040556,0,7,0,0.0,2.0,3.0,15.0,B01
201300040556,0,2,0,0.0,2.0,1.0,13.0,A01
201300040557,0,7,0,0.0,1.0,2.0,1.0,A01
201300040558,0,7,0,0.0,2.0,1.0,1.0,A01
201300040558,0,7,0,0.0,2.0,4.0,20.0,B01
201300040559,0,7,0,0.0,2.0,3.0,13.0,A01
201300040559,0,32,0,0.0,2.0,1.0,2.0,B01
201300040560,0,30,0,0.0,1.0,1.0,2.0,A01
201300040561,0,7,0,0.0,2.0,2.0,16.0,B01
201300040561,0,2,0,0.0,2.0,1.0,1.0,A01
201300040562,0,33,0,1.0,2.0,1.0,2.0,B01
201300040562,0,7,0,0.0,2.0,2.0,12.0,A01
201300040563,0,7,0,0.0,2.0,1.0,15.0,A01
201300040563,0,2,0,0.0,2.0,1.0,1.0,B01
201300040564,0,7,0,0.0,2.0,0.0,15.0,A01
201300040564,0,30,0,0.0,2.0,1.0,1.0,B01
201300040565,0,7,0,0.0,1.0,1.0,1.0,A01
201300040566,0,7,0,1.0,0.0,1.0,1.0,A01
201300040567,0,7,0,0.0,2.0,3.0,15.0,A01
201300040567,0,33,0,0.0,0.0,1.0,1.0,B01
201300040568,0,7,0,0.0,2.0,3.0,1.0,B01
201300040568,0,33,0,0.0,2.0,0.0,17.0,A01
201300040569,0,1,0,0.0,2.0,0.0,19.0,B01
201300040569,0,7,0,0.0,2.0,3.0,1.0,A01
201300040570,0,32,0,0.0,2.0,2.0,1.0,B01
201300040570,0,7,0,0.0,2.0,1.0,15.0,A01
201300040571,0,33,0,0.0,0.0,2.0,1.0,A01
201300040571,0,38,1,0.0,0.0,0.0,15.0,B01
201300040572,2,7,0,15.0,0.0,2.0,1.0,A01
201300040573,0,7,0,0.0,2.0,1.0,4.0,A01
201300040573,0,32,0,0.0,2.0,1.0,1.0,B01
201300040574,0,7,0,0.0,1.0,3.0,9.0,A01
201300040575,0,7,0,8.0,0.0,2.0,1.0,A01
201300040576,0,7,0,1.0,0.0,3.0,14.0,A01
201300040577,0,33,0,0.0,1.0,1.0,1.0,A01
201300040578,0,32,0,0.0,2.0,1.0,17.0,B01
201300040578,0,7,0,0.0,2.0,8.0,6.0,A01
201300040579,0,2,0,0.0,2.0,6.0,1.0,B01
201300040579,0,7,0,0.0,2.0,2.0,20.0,A01
201300040580,0,34,0,0.0,2.0,1.0,2.0,B01
201300040580,0,7,0,0.0,2.0,6.0,1.0,A01
201300040581,0,33,0,15.0,0.0,0.0,1.0,A01
201300040582,0,1,0,1.0,0.0,0.0,5.0,A01
201300040583,0,7,0,0.0,1.0,8.0,1.0,A01
201300040584,1,7,0,0.0,0.0,0.0,1.0,Z01
201300040584,0,32,0,0.0,0.0,0.0,1.0,A01
201300040585,0,7,0,0.0,2.0,3.0,9.0,A01
201300040585,0,33,0,2.0,2.0,1.0,1.0,B01
201300040586,0,10,0,0.0,1.0,1.0,1.0,A01
201300040587,0,7,0,0.0,1.0,4.0,4.0,A01
201300040588,0,32,0,0.0,2.0,1.0,1.0,B01
201300040588,0,7,0,0.0,2.0,8.0,10.0,A01
201300040589,0,7,0,0.0,2.0,7.0,15.0,A01
201300040589,0,32,0,0.0,2.0,1.0,1.0,B01
201300040590,0,7,0,15.0,2.0,2.0,1.0,A01
201300040590,0,10,0,0.0,2.0,1.0,1.0,B01
201300040591,0,7,0,0.0,1.0,1.0,1.0,A01
201300040592,0,7,0,0.0,1.0,1.0,1.0,A01
201300040593,0,7,0,0.0,2.0,8.0,1.0,B01
201300040593,0,30,0,0.0,2.0,7.0,2.0,A01
201300040594,1,30,0,0.0,0.0,0.0,9.0,Z01
201300040594,0,30,0,0.0,0.0,0.0,1.0,A01
201300040595,0,7,0,0.0,2.0,7.0,1.0,B01
201300040595,0,7,0,0.0,2.0,2.0,0.0,A01
201300040596,1,7,0,0.0,2.0,0.0,0.0,Z01
201300040596,0,1,0,0.0,0.0,0.0,15.0,A01
201300040597,0,7,0,0.0,1.0,2.0,1.0,A01
201300040598,0,7,0,0.0,1.0,3.0,15.0,A01
201300040599,0,7,0,0.0,1.0,2.0,1.0,A01
201300040600,0,30,0,1.0,0.0,8.0,24.0,B01
201300040600,0,7,0,1.0,2.0,0.0,20.0,A01
201300040601,0,34,0,0.0,2.0,1.0,1.0,A01
201300040601,0,7,0,0.0,2.0,6.0,1.0,B01
201300040602,0,32,0,0.0,1.0,1.0,1.0,A01
201300040603,0,7,0,0.0,2.0,3.0,9.0,B01
201300040603,0,33,0,0.0,2.0,2.0,7.0,A01
201300040604,0,34,0,0.0,0.0,7.0,1.0,B01
201300040604,0,7,0,0.0,0.0,0.0,10.0,A01
201300040605,0,1,0,0.0,0.0,0.0,0.0,A01
201300040605,1,7,0,0.0,0.0,0.0,16.0,Z01
201300040606,0,10,0,0.0,2.0,3.0,2.0,A01
201300040606,0,7,0,0.0,2.0,4.0,15.0,B01
201300040607,0,1,0,0.0,2.0,8.0,19.0,B01
201300040607,0,1,0,0.0,2.0,1.0,1.0,A01
201300040608,0,7,0,0.0,2.0,1.0,1.0,B01
201300040608,0,32,0,0.0,2.0,8.0,15.0,A01
201300040609,0,34,0,0.0,1.0,1.0,21.0,A01
201300040610,0,7,0,0.0,1.0,0.0,1.0,A01
201300040611,0,31,0,0.0,2.0,1.0,17.0,A01
201300040611,0,10,0,0.0,2.0,3.0,15.0,B01
201300040612,0,10,0,0.0,2.0,4.0,1.0,B01
201300040612,0,30,0,0.0,2.0,1.0,1.0,A01
201300040613,0,34,0,0.0,2.0,1.0,1.0,B01
201300040613,0,7,0,0.0,2.0,3.0,1.0,C01
201300040613,0,7,0,0.0,2.0,2.0,15.0,A01
201300040614,0,7,0,0.0,2.0,8.0,15.0,B01
201300040614,0,34,0,0.0,2.0,1.0,1.0,A01
201300040615,0,10,0,0.0,2.0,1.0,2.0,A01
201300040615,0,10,0,0.0,0.0,4.0,23.0,B01
201300040616,0,1,0,0.0,2.0,1.0,1.0,B01
201300040616,0,7,0,0.0,2.0,3.0,15.0,A01
201300040617,0,7,0,0.0,0.0,4.0,23.0,B01
201300040617,0,30,0,14.0,0.0,1.0,1.0,A01
201300040618,0,33,0,0.0,2.0,8.0,1.0,A01
201300040618,0,7,0,0.0,2.0,1.0,1.0,B01
201300040619,0,30,0,0.0,0.0,8.0,1.0,A01
201300040620,0,7,0,0.0,2.0,4.0,23.0,B01
201300040620,0,7,0,0.0,2.0,1.0,2.0,A01
201300040620,0,7,0,0.0,0.0,4.0,23.0,C01
201300040621,1,1,0,0.0,1.0,0.0,0.0,Z01
201300040622,0,7,0,0.0,2.0,2.0,16.0,B01
201300040622,0,2,0,0.0,2.0,1.0,1.0,A01
201300040623,0,7,0,0.0,2.0,5.0,24.0,B01
201300040623,0,34,0,1.0,0.0,8.0,2.0,A01
201300040624,0,32,0,0.0,1.0,3.0,17.0,A01
201300040625,0,30,0,0.0,2.0,1.0,1.0,A01
201300040625,0,7,0,0.0,2.0,1.0,15.0,B01
201300040626,0,30,0,0.0,0.0,8.0,1.0,A01
201300040627,0,7,0,0.0,1.0,3.0,15.0,A01
201300040628,0,7,0,0.0,2.0,3.0,19.0,A01
201300040628,0,30,0,0.0,2.0,1.0,1.0,B01
201300040629,0,33,0,0.0,2.0,8.0,1.0,B01
201300040629,0,7,0,0.0,2.0,2.0,14.0,A01
201300040630,0,7,0,0.0,1.0,6.0,20.0,A01
201300040631,0,31,0,0.0,2.0,7.0,1.0,B01
201300040631,0,7,0,0.0,2.0,2.0,15.0,A01
201300040632,0,7,0,0.0,2.0,1.0,1.0,A01
201300040632,0,7,0,9.0,2.0,8.0,1.0,B01
201300040633,0,7,0,0.0,1.0,6.0,4.0,A01
201300040634,0,33,0,0.0,0.0,7.0,15.0,A01
201300040635,0,7,0,0.0,2.0,4.0,2.0,B01
201300040635,0,7,0,0.0,2.0,1.0,2.0,A01
201300040636,1,99,0,0.0,0.0,0.0,0.0,A01
201300040637,1,7,0,0.0,1.0,2.0,1.0,A01
201300040638,0,7,0,0.0,2.0,3.0,1.0,B01
201300040638,0,14,0,0.0,2.0,2.0,9.0,A01
201300040639,0,1,0,0.0,1.0,1.0,1.0,A01
201300040640,0,10,0,0.0,0.0,3.0,23.0,B01
201300040641,1,7,0,0.0,1.0,2.0,21.0,A01
201300040642,0,7,0,4.0,0.0,7.0,13.0,A01
201300040643,0,37,10,0.0,0.0,3.0,1.0,B01
201300040643,0,7,0,0.0,0.0,2.0,15.0,A01
201300040644,0,7,0,8.0,0.0,2.0,15.0,A01
201300040645,0,30,0,12.0,0.0,1.0,14.0,A01
201300040646,0,7,0,0.0,1.0,1.0,1.0,A01
201300040647,0,30,0,0.0,0.0,0.0,16.0,A01
201300040648,0,10,0,0.0,2.0,3.0,9.0,A01
201300040648,0,17,0,0.0,2.0,2.0,1.0,B01
201300040649,0,10,0,0.0,2.0,1.0,1.0,B01
201300040649,0,7,0,0.0,2.0,1.0,15.0,A01
201300040650,0,7,0,1.0,2.0,2.0,1.0,A01
201300040650,0,7,0,1.0,1.0,3.0,1.0,B01
201300040651,0,32,0,0.0,2.0,1.0,17.0,A01
201300040651,0,7,0,0.0,2.0,6.0,15.0,B01
201300040652,0,33,0,0.0,2.0,1.0,1.0,B01
201300040652,0,7,0,0.0,2.0,5.0,15.0,A01
201300040653,1,7,0,0.0,2.0,1.0,0.0,A01
201300040653,0,1,0,0.0,2.0,8.0,19.0,B01
201300040654,0,7,0,0.0,1.0,1.0,1.0,A01
201300040655,0,7,0,1.0,0.0,1.0,1.0,A01
201300040656,0,10,0,0.0,2.0,1.0,1.0,B01
201300040656,0,30,0,0.0,2.0,1.0,16.0,A01
201300040657,0,7,0,0.0,2.0,1.0,16.0,A01
201300040657,0,7,0,0.0,2.0,1.0,1.0,B01
201300040657,0,7,0,0.0,2.0,3.0,23.0,C01
201300040658,0,7,0,0.0,2.0,1.0,2.0,A01
201300040658,0,7,0,0.0,2.0,4.0,2.0,B01
201300040658,0,7,0,0.0,2.0,4.0,2.0,C01
201300040659,0,33,0,0.0,2.0,7.0,0.0,A01
201300040659,0,7,0,0.0,2.0,3.0,0.0,B01
201300040660,1,7,0,0.0,1.0,7.0,1.0,A01
201300040661,0,7,0,1.0,0.0,1.0,19.0,A01
201300040662,0,32,0,0.0,2.0,1.0,2.0,A01
201300040662,1,7,0,0.0,0.0,4.0,23.0,B01
201300040663,0,31,0,0.0,2.0,1.0,1.0,B01
201300040663,0,7,0,0.0,2.0,2.0,15.0,A01
201300040663,0,31,0,0.0,2.0,0.0,21.0,C01
201300040664,0,2,0,0.0,1.0,3.0,0.0,A01
201300040665,0,7,0,0.0,1.0,1.0,1.0,A01
201300040666,0,31,0,0.0,0.0,8.0,1.0,A01
201300040667,0,30,0,0.0,0.0,7.0,16.0,A01
201300040668,0,33,0,0.0,0.0,7.0,0.0,A01
201300040669,0,37,0,0.0,1.0,5.0,1.0,A01
201300040670,0,7,0,4.0,0.0,1.0,0.0,A01
201300040671,0,30,0,0.0,0.0,7.0,0.0,A01
201300040672,0,7,0,0.0,2.0,3.0,1.0,A01
201300040672,0,31,0,0.0,2.0,1.0,16.0,B01
201300040673,0,7,0,0.0,2.0,1.0,2.0,A01
201300040673,0,7,0,0.0,0.0,4.0,23.0,B01
201300040674,0,10,0,0.0,2.0,1.0,2.0,A01
201300040674,0,31,0,0.0,0.0,4.0,23.0,B01
201300040675,0,31,0,0.0,0.0,7.0,0.0,A01
201300040676,0,30,0,0.0,0.0,8.0,15.0,B01
201300040676,0,7,0,0.0,2.0,1.0,2.0,A01
201300040677,2,7,0,0.0,2.0,1.0,1.0,A01
201300040677,0,30,0,0.0,2.0,4.0,2.0,B01
201300040678,0,7,0,8.0,0.0,1.0,1.0,A01
201300040679,0,31,0,0.0,0.0,8.0,1.0,B01
201300040679,0,7,0,0.0,2.0,3.0,1.0,A01
201300040680,0,37,10,0.0,1.0,2.0,1.0,A01
201300040681,0,7,0,0.0,1.0,3.0,1.0,A01
201300040682,0,7,0,1.0,0.0,2.0,1.0,A01
201300040682,0,20,0,0.0,0.0,1.0,24.0,B01
201300040683,0,7,0,0.0,2.0,5.0,1.0,A01
201300040683,0,32,0,0.0,2.0,8.0,3.0,B01
201300040684,0,32,0,0.0,2.0,1.0,3.0,B01
201300040684,0,10,0,0.0,2.0,8.0,15.0,A01
201300040685,0,7,0,0.0,1.0,3.0,1.0,A01
201300040686,0,14,0,14.0,0.0,1.0,2.0,A01
201300040687,0,7,0,0.0,2.0,7.0,12.0,A01
201300040687,0,33,0,0.0,2.0,8.0,21.0,B01
201300040688,0,7,0,0.0,2.0,4.0,2.0,C01
201300040688,0,7,0,0.0,2.0,4.0,1.0,B01
201300040688,0,7,0,0.0,0.0,1.0,2.0,A01
201300040689,0,7,0,0.0,1.0,3.0,15.0,A01
201300040690,0,7,0,0.0,2.0,1.0,2.0,A01
201300040690,0,7,0,0.0,0.0,4.0,2.0,B01
201300040691,0,7,0,0.0,2.0,4.0,23.0,D01
201300040691,0,7,0,0.0,2.0,4.0,23.0,C01
201300040691,0,10,0,0.0,2.0,1.0,2.0,A01
201300040691,0,34,0,0.0,2.0,4.0,23.0,B01
201300040692,0,7,0,0.0,0.0,0.0,0.0,A01
201300040693,0,13,0,0.0,0.0,2.0,0.0,A01
201300040694,0,31,0,0.0,0.0,8.0,1.0,A01
201300040695,0,7,0,0.0,0.0,4.0,23.0,B01
201300040695,1,7,0,0.0,0.0,1.0,0.0,Z01
201300040696,0,30,0,0.0,9.0,1.0,1.0,A01
201300040696,0,1,0,0.0,9.0,4.0,11.0,B01
201300040697,0,33,0,0.0,2.0,1.0,1.0,B01
201300040697,0,7,0,0.0,2.0,2.0,1.0,A01
201300040698,0,33,0,1.0,0.0,0.0,13.0,A01
201300040698,0,10,0,0.0,0.0,0.0,0.0,B01
201300040699,0,7,0,0.0,2.0,1.0,2.0,A01
201300040699,0,7,0,0.0,0.0,3.0,2.0,B01
201300040699,0,7,0,0.0,2.0,6.0,1.0,C01
201300040700,0,7,0,0.0,2.0,4.0,2.0,A01
201300040700,0,7,0,0.0,2.0,1.0,2.0,B01
201300040701,0,7,0,0.0,1.0,2.0,1.0,A01
201300040701,0,7,0,0.0,2.0,1.0,1.0,B01
201300040702,0,7,0,15.0,2.0,3.0,2.0,A01