Num_Acc,senc,catv,occutc,obs,obsm,choc,manv,num_veh
201300040702,0,7,0,0.0,2.0,2.0,2.0,B01
201300040703,0,32,0,0.0,0.0,1.0,1.0,A01
201300040703,0,10,0,0.0,0.0,4.0,1.0,B01
201300040703,0,7,0,0.0,0.0,3.0,1.0,C01
201300040704,0,37,1,0.0,1.0,1.0,20.0,A01
201300040705,0,7,0,0.0,1.0,2.0,2.0,A01
201300040706,0,33,0,0.0,1.0,2.0,1.0,A01
201300040707,0,7,0,0.0,1.0,1.0,17.0,A01
201300040708,1,7,0,0.0,1.0,3.0,1.0,A01
201300040709,0,32,0,0.0,2.0,1.0,1.0,A01
201300040709,0,7,0,0.0,2.0,4.0,1.0,B01
201300040710,0,7,0,0.0,1.0,2.0,1.0,A01
201300040711,0,30,0,0.0,0.0,7.0,16.0,A01
201300040712,0,1,0,0.0,1.0,1.0,0.0,A01
201300040713,0,7,0,0.0,1.0,2.0,1.0,A01
201300040714,0,7,0,0.0,2.0,1.0,1.0,A01
201300040714,0,7,0,0.0,2.0,7.0,1.0,B01
201300040715,0,7,0,0.0,2.0,1.0,2.0,A01
201300040715,0,7,0,0.0,0.0,4.0,23.0,B01
201300040715,0,7,0,0.0,0.0,4.0,23.0,C01
201300040715,0,7,0,0.0,0.0,4.0,23.0,D01
201300040716,0,7,0,0.0,1.0,1.0,0.0,A01
201300040717,0,7,0,0.0,2.0,1.0,15.0,A01
201300040717,0,7,0,0.0,2.0,1.0,1.0,B01
201300040718,0,33,0,0.0,1.0,1.0,0.0,A01
201300040718,0,3,0,0.0,2.0,7.0,0.0,B01
201300040719,0,33,0,0.0,2.0,0.0,21.0,A01
201300040720,0,3,0,0.0,0.0,5.0,2.0,B01
201300040720,1,7,0,0.0,0.0,0.0,2.0,Z01
201300040721,0,33,0,0.0,2.0,2.0,21.0,B01
201300040721,1,14,0,0.0,0.0,0.0,0.0,Z01
201300040722,0,99,0,0.0,2.0,3.0,0.0,A01
201300040722,0,10,0,0.0,2.0,6.0,0.0,B01
201300040723,0,7,0,0.0,0.0,3.0,1.0,B01
201300040723,0,7,0,0.0,2.0,1.0,1.0,A01
201300040724,0,7,0,15.0,0.0,1.0,0.0,A01
201300040725,0,7,0,0.0,2.0,3.0,9.0,A01
201300040725,0,34,0,0.0,2.0,1.0,1.0,B01
201300040726,0,7,0,0.0,2.0,1.0,1.0,A01
201300040726,0,7,0,0.0,0.0,2.0,1.0,B01
201300040727,0,7,0,0.0,1.0,3.0,1.0,A01
201300040728,0,10,0,0.0,2.0,3.0,0.0,A01
201300040728,0,7,0,0.0,2.0,2.0,1.0,B01
201300040729,0,7,0,0.0,2.0,1.0,2.0,A01
201300040729,0,7,0,0.0,2.0,4.0,2.0,B01
201300040730,0,7,0,0.0,2.0,1.0,2.0,A01
201300040730,0,7,0,0.0,0.0,4.0,2.0,B01
201300040731,0,99,0,6.0,0.0,3.0,0.0,A01
201300040732,0,7,0,0.0,2.0,6.0,20.0,A01
201300040732,0,7,0,0.0,2.0,2.0,1.0,B01
201300040733,0,10,0,0.0,0.0,5.0,2.0,B01
201300040733,0,7,0,0.0,2.0,1.0,15.0,A01
201300040734,0,7,0,1.0,1.0,1.0,1.0,A01
201300040735,1,7,0,0.0,1.0,0.0,17.0,Z01
201300040736,0,7,0,0.0,1.0,6.0,11.0,A01
201300040737,0,7,0,0.0,1.0,3.0,2.0,A01
201300040738,0,7,0,0.0,2.0,1.0,10.0,A01
201300040738,0,34,0,0.0,2.0,1.0,2.0,B01
201300040739,2,7,0,0.0,2.0,1.0,2.0,A01
201300040739,0,7,0,0.0,0.0,4.0,2.0,B01
201300040740,0,7,0,0.0,1.0,1.0,1.0,A01
201300040741,0,7,0,0.0,0.0,3.0,10.0,A01
201300040741,0,32,0,0.0,0.0,2.0,3.0,B01
201300040742,0,7,0,0.0,1.0,2.0,1.0,A01
201300040743,0,7,0,0.0,1.0,5.0,20.0,A01
201300040744,0,7,0,0.0,1.0,2.0,1.0,A01
201300040745,0,32,0,0.0,2.0,3.0,18.0,A01
201300040745,0,7,0,0.0,0.0,5.0,12.0,B01
201300040746,0,7,0,0.0,1.0,4.0,4.0,A01
201300040747,0,7,0,0.0,1.0,5.0,0.0,A01
201300040748,0,7,0,0.0,0.0,3.0,22.0,A01
201300040748,0,15,0,1.0,0.0,7.0,21.0,B01
201300040749,0,7,0,0.0,2.0,7.0,1.0,A01
201300040749,0,34,0,0.0,2.0,1.0,2.0,B01
201300040750,0,14,0,0.0,2.0,6.0,0.0,A01
201300040750,0,37,0,0.0,2.0,6.0,15.0,B01
201300040751,0,34,0,0.0,2.0,0.0,1.0,A01
201300040751,0,3,0,0.0,2.0,0.0,1.0,B01
201300040752,0,7,0,0.0,1.0,0.0,0.0,A01
201300040753,0,14,0,0.0,1.0,1.0,1.0,A01
201300040754,0,10,0,0.0,1.0,3.0,0.0,A01
201300040755,0,7,0,0.0,1.0,1.0,0.0,A01
201300040756,0,7,0,0.0,9.0,1.0,1.0,A01
201300040756,0,1,0,0.0,2.0,7.0,9.0,B01
201300040757,0,37,0,0.0,1.0,1.0,1.0,A01
201300040758,0,7,0,0.0,2.0,3.0,15.0,A01
201300040758,0,33,0,0.0,2.0,1.0,2.0,B01
201300040759,0,14,0,0.0,1.0,1.0,1.0,A01
201300040760,0,7,0,0.0,0.0,1.0,0.0,A01
201300040760,0,34,0,0.0,0.0,8.0,0.0,B01
201300040761,0,10,0,0.0,0.0,0.0,0.0,C01
201300040761,0,1,0,0.0,0.0,0.0,0.0,B01
201300040761,0,7,0,0.0,0.0,0.0,0.0,A01
201300040762,0,7,0,0.0,0.0,8.0,6.0,A01
201300040762,0,34,0,0.0,0.0,7.0,1.0,B01
201300040763,1,31,0,0.0,1.0,0.0,0.0,Z01
201300040764,0,33,0,0.0,2.0,8.0,1.0,A01
201300040764,0,7,0,0.0,2.0,5.0,9.0,B01
201300040764,0,7,0,0.0,2.0,6.0,1.0,C01
201300040765,0,30,0,1.0,0.0,1.0,13.0,A01
201300040765,0,7,0,0.0,2.0,3.0,23.0,B01
201300040766,0,7,0,0.0,2.0,3.0,11.0,A01
201300040766,0,14,0,0.0,2.0,2.0,1.0,B01
201300040767,0,10,0,0.0,2.0,8.0,15.0,A01
201300040767,0,1,0,0.0,2.0,7.0,2.0,B01
201300040768,0,33,0,0.0,1.0,1.0,1.0,A01
201300040769,0,14,0,0.0,1.0,1.0,1.0,A01
201300040770,0,34,0,0.0,2.0,1.0,1.0,B01
201300040770,0,7,0,0.0,2.0,8.0,0.0,A01
201300040771,0,30,0,14.0,0.0,1.0,2.0,A01
201300040771,0,10,0,0.0,0.0,4.0,23.0,B01
201300040772,0,7,0,0.0,1.0,1.0,1.0,A01
201300040773,1,30,0,0.0,1.0,1.0,0.0,Z01
201300040774,0,7,0,0.0,2.0,5.0,1.0,A01
201300040774,0,34,0,0.0,2.0,1.0,5.0,B01
201300040775,1,30,0,0.0,1.0,0.0,1.0,Z01
201300040776,0,10,0,0.0,2.0,3.0,10.0,A01
201300040776,0,7,0,0.0,2.0,2.0,1.0,B01
201300040777,0,7,0,0.0,1.0,1.0,16.0,A01
201300040778,0,7,0,0.0,1.0,4.0,4.0,A01
201300040779,0,2,0,0.0,2.0,7.0,15.0,A01
201300040779,0,2,0,0.0,2.0,1.0,1.0,B01
201300040780,0,7,0,0.0,2.0,1.0,2.0,A01
201300040780,0,7,0,0.0,2.0,4.0,2.0,B01
201300040781,0,33,0,0.0,2.0,1.0,2.0,A01
201300040781,0,7,0,0.0,2.0,5.0,23.0,B01
201300040782,0,7,0,0.0,0.0,3.0,15.0,A01
201300040782,0,32,0,0.0,2.0,1.0,16.0,B01
201300040783,0,30,0,0.0,2.0,7.0,17.0,A01
201300040783,1,7,0,0.0,2.0,8.0,17.0,Z01
201300040784,1,7,0,0.0,9.0,1.0,0.0,A01
201300040784,0,1,0,0.0,0.0,4.0,0.0,B01
201300040785,0,7,0,0.0,2.0,3.0,11.0,A01
201300040785,0,2,0,0.0,2.0,2.0,1.0,B01
201300040786,0,7,0,0.0,1.0,5.0,1.0,A01
201300040787,0,7,0,0.0,2.0,8.0,1.0,A01
201300040787,0,1,0,0.0,2.0,8.0,0.0,B01
201300040788,0,7,0,0.0,1.0,1.0,0.0,A01
201300040789,2,7,0,0.0,2.0,5.0,18.0,A01
201300040789,0,10,0,0.0,0.0,9.0,1.0,B01
201300040790,1,7,0,0.0,1.0,0.0,0.0,Z01
201300040791,2,7,0,0.0,2.0,7.0,15.0,B01
201300040791,0,7,0,0.0,2.0,1.0,1.0,A01
201300040792,1,7,0,0.0,1.0,0.0,1.0,A01
201300040793,0,7,0,0.0,2.0,2.0,19.0,A01
201300040793,0,34,0,0.0,1.0,7.0,5.0,B01
201300040794,0,37,0,0.0,1.0,3.0,2.0,A01
201300040795,0,10,0,0.0,1.0,1.0,2.0,A01
201300040796,0,33,0,0.0,2.0,7.0,17.0,B01
201300040796,0,7,0,0.0,2.0,2.0,15.0,A01
201300040797,0,33,0,0.0,2.0,2.0,2.0,A01
201300040797,0,7,0,0.0,2.0,3.0,15.0,B01
201300040798,0,32,0,0.0,0.0,8.0,16.0,A01
201300040799,0,2,0,0.0,2.0,9.0,2.0,A01
201300040799,0,7,0,0.0,2.0,7.0,2.0,B01
201300040800,0,1,0,0.0,2.0,1.0,1.0,A01
201300040800,1,7,0,0.0,2.0,0.0,0.0,Z01
201300040801,0,7,0,0.0,1.0,3.0,1.0,A01
201300040802,0,7,0,0.0,2.0,3.0,11.0,A01
201300040802,0,34,0,0.0,2.0,2.0,0.0,B01
201300040803,0,1,0,0.0,0.0,1.0,2.0,A01
201300040803,0,7,0,0.0,0.0,5.0,1.0,B01
201300040804,0,7,0,0.0,2.0,1.0,13.0,A01
201300040804,0,7,0,0.0,2.0,8.0,1.0,B01
201300040804,0,7,0,0.0,2.0,3.0,1.0,C01
201300040805,0,7,0,0.0,2.0,3.0,10.0,A01
201300040805,0,34,0,0.0,2.0,2.0,1.0,B01
201300040805,0,7,0,0.0,2.0,0.0,5.0,C01
201300040805,0,37,0,0.0,2.0,2.0,24.0,D01
201300040806,0,7,0,0.0,2.0,1.0,15.0,B01
201300040806,0,10,0,0.0,2.0,2.0,2.0,A01
201300040807,0,7,0,0.0,1.0,1.0,1.0,A01
201300040808,0,33,0,0.0,2.0,3.0,1.0,A01
201300040808,1,7,0,0.0,2.0,2.0,1.0,Z01
201300040809,0,7,0,0.0,1.0,2.0,1.0,A01
201300040810,0,7,0,0.0,1.0,2.0,0.0,A01
201300040811,0,7,0,0.0,2.0,1.0,2.0,A01
201300040811,0,7,0,0.0,0.0,4.0,15.0,B01
201300040812,1,7,0,0.0,9.0,0.0,0.0,Z01
201300040812,0,1,0,0.0,0.0,1.0,0.0,B01
201300040813,0,7,0,0.0,1.0,1.0,2.0,A01
201300040814,0,7,0,0.0,0.0,1.0,0.0,A01
201300040814,0,7,0,0.0,2.0,2.0,0.0,B01
201300040815,1,7,0,0.0,0.0,2.0,2.0,A01
201300040815,0,2,0,0.0,0.0,4.0,2.0,B01
201300040816,0,2,0,0.0,9.0,0.0,1.0,A01
201300040817,0,7,0,0.0,1.0,1.0,2.0,A01
201300040818,0,7,0,0.0,1.0,3.0,1.0,A01
201300040819,0,7,0,0.0,1.0,0.0,0.0,A01
201300040820,0,15,0,0.0,1.0,1.0,2.0,A01
201300040821,0,10,0,0.0,1.0,1.0,1.0,A01
201300040822,0,30,0,0.0,2.0,1.0,2.0,A01
201300040822,0,7,0,0.0,0.0,4.0,2.0,B01
201300040823,0,7,0,0.0,2.0,1.0,2.0,A01
201300040823,0,7,0,0.0,0.0,4.0,23.0,B01
201300040824,0,34,0,0.0,0.0,0.0,0.0,A01
201300040824,1,34,0,0.0,0.0,0.0,0.0,B01
201300040825,0,34,0,0.0,2.0,1.0,0.0,B01
201300040825,0,31,0,0.0,0.0,1.0,0.0,A01
201300040826,0,7,0,0.0,0.0,2.0,21.0,B01
201300040826,0,7,0,0.0,0.0,3.0,1.0,A01
201300040827,0,7,0,0.0,1.0,4.0,4.0,A01
201300040828,2,7,0,0.0,2.0,1.0,2.0,A01
201300040828,0,7,0,0.0,0.0,4.0,2.0,B01
201300040829,1,30,0,0.0,1.0,0.0,0.0,Z01
201300040830,0,7,0,0.0,2.0,3.0,9.0,A01
201300040830,0,34,0,0.0,2.0,1.0,2.0,B01
201300040831,0,33,0,0.0,1.0,1.0,1.0,A01
201300040832,0,7,0,1.0,0.0,3.0,16.0,A01
201300040833,0,7,0,0.0,2.0,3.0,15.0,A01
201300040833,0,30,0,0.0,2.0,2.0,17.0,B01
201300040834,1,10,0,0.0,1.0,0.0,0.0,A01
201300040835,0,37,0,0.0,1.0,0.0,0.0,A01
201300040836,0,7,0,0.0,1.0,5.0,4.0,A01
201300040837,2,7,0,0.0,2.0,1.0,2.0,A01
201300040837,0,7,0,0.0,0.0,4.0,2.0,B01
201300040837,0,7,0,0.0,0.0,1.0,0.0,C01
201300040838,1,7,0,0.0,0.0,3.0,0.0,A01
201300040838,0,33,0,0.0,2.0,2.0,17.0,B01
201300040839,0,30,0,0.0,2.0,7.0,0.0,B01
201300040839,1,7,0,0.0,2.0,1.0,1.0,Z01
201300040840,0,7,0,0.0,0.0,5.0,0.0,A01
201300040840,0,32,0,0.0,2.0,5.0,0.0,B01
201300040841,0,30,0,0.0,2.0,3.0,13.0,A01
201300040841,0,7,0,0.0,2.0,3.0,1.0,B01
201300040842,0,7,0,0.0,1.0,1.0,1.0,A01
201300040843,0,7,0,0.0,2.0,1.0,1.0,A01
201300040843,0,7,0,0.0,2.0,3.0,1.0,B01
201300040844,0,7,0,0.0,1.0,1.0,0.0,A01
201300040845,0,7,0,0.0,0.0,5.0,16.0,A01
201300040845,0,1,0,,0.0,0.0,0.0,B02
201300040846,1,7,0,0.0,1.0,1.0,1.0,Z01
201300040847,0,7,0,0.0,1.0,3.0,2.0,A01
201300040848,0,7,0,0.0,0.0,0.0,0.0,A01
201300040848,0,7,0,0.0,0.0,0.0,0.0,B01
201300040849,0,7,0,15.0,1.0,1.0,1.0,A01
201300040850,0,7,0,0.0,2.0,1.0,2.0,A01
201300040850,0,7,0,0.0,0.0,4.0,2.0,B01
201300040851,0,7,0,1.0,0.0,0.0,1.0,A01
201300040852,0,7,0,0.0,2.0,1.0,2.0,A01
201300040852,0,37,30,0.0,0.0,4.0,1.0,B01
201300040853,0,10,0,0.0,1.0,1.0,1.0,A01
201300040854,0,7,0,0.0,1.0,1.0,1.0,A01
201300040855,0,7,0,0.0,1.0,1.0,1.0,A01
201300040856,0,7,0,0.0,0.0,4.0,0.0,A01
201300040856,0,7,0,0.0,2.0,4.0,1.0,B01
201300040856,0,7,0,0.0,2.0,1.0,1.0,C01
201300040857,0,7,0,0.0,0.0,4.0,1.0,A01
201300040857,0,30,0,0.0,2.0,1.0,1.0,B01
201300040858,0,7,0,0.0,1.0,7.0,1.0,A01
201300040859,0,7,0,0.0,1.0,3.0,1.0,A01
201300040860,0,7,0,0.0,2.0,3.0,0.0,A01
201300040860,0,7,0,0.0,2.0,6.0,0.0,B01
201300040861,0,7,0,0.0,2.0,3.0,1.0,A01
201300040861,0,1,0,0.0,2.0,8.0,1.0,B01
201300040862,0,33,0,0.0,2.0,0.0,2.0,A01
201300040862,1,10,0,0.0,0.0,0.0,10.0,B01
201300040863,0,30,0,0.0,2.0,8.0,1.0,B01
201300040863,0,7,0,0.0,2.0,2.0,1.0,A01
201300040864,0,7,0,0.0,1.0,5.0,0.0,A01
201300040865,0,7,0,0.0,2.0,5.0,1.0,A01
201300040865,0,7,0,0.0,2.0,1.0,1.0,B01
201300040866,0,7,0,0.0,0.0,1.0,2.0,A01
201300040866,0,7,0,0.0,2.0,4.0,2.0,B01
201300040867,0,7,0,0.0,1.0,1.0,15.0,A01
201300040868,0,38,1,0.0,1.0,7.0,16.0,A01
201300040869,0,7,0,9.0,2.0,1.0,0.0,A01
201300040869,0,7,0,0.0,2.0,8.0,0.0,B01
201300040870,0,7,0,0.0,2.0,1.0,9.0,A01
201300040870,0,1,0,0.0,2.0,7.0,9.0,B01
201300040871,0,10,0,10.0,0.0,1.0,14.0,A01
201300040872,0,7,0,0.0,2.0,3.0,9.0,A01
201300040872,0,2,0,0.0,2.0,7.0,1.0,B01
201300040873,0,2,0,0.0,2.0,1.0,1.0,B01
201300040873,0,3,0,0.0,2.0,3.0,9.0,A01
201300040874,0,7,0,0.0,0.0,1.0,2.0,B01
201300040874,0,7,0,0.0,0.0,7.0,0.0,A01
201300040875,0,7,0,1.0,1.0,1.0,1.0,A01
201300040876,0,7,0,0.0,2.0,2.0,2.0,A01
201300040876,0,7,0,0.0,2.0,1.0,9.0,B01
201300040877,0,7,0,0.0,0.0,2.0,11.0,A01
201300040877,0,32,0,0.0,0.0,1.0,1.0,B01
201300040878,0,10,0,0.0,1.0,3.0,1.0,A01
201300040879,0,7,0,0.0,1.0,2.0,1.0,A01
201300040880,0,7,0,0.0,1.0,3.0,14.0,A01
201300040880,0,7,0,0.0,0.0,5.0,23.0,B01
201300040881,0,7,0,0.0,2.0,1.0,1.0,B01
201300040881,0,7,0,0.0,2.0,2.0,15.0,A01
201300040882,0,7,0,0.0,0.0,8.0,16.0,A01
201300040883,0,7,0,0.0,0.0,3.0,10.0,A01
201300040883,0,37,1,0.0,0.0,2.0,1.0,B01
201300040884,0,7,0,0.0,2.0,1.0,0.0,A01
201300040884,0,7,0,0.0,2.0,7.0,0.0,B01
201300040885,0,7,0,0.0,0.0,0.0,0.0,B01
201300040885,0,7,0,0.0,0.0,0.0,0.0,A01
201300040886,0,7,0,0.0,0.0,8.0,10.0,A01
201300040886,0,33,0,0.0,0.0,8.0,1.0,B01
201300040887,0,7,0,0.0,2.0,3.0,0.0,B01
201300040887,0,33,0,0.0,2.0,2.0,0.0,A01
201300040888,0,7,0,0.0,2.0,1.0,2.0,A01
201300040888,0,7,0,0.0,0.0,4.0,2.0,B01
201300040889,0,7,0,0.0,1.0,1.0,1.0,A01
201300040890,0,7,0,0.0,0.0,1.0,1.0,B01
201300040890,0,7,0,0.0,0.0,2.0,1.0,A01
201300040891,0,7,0,0.0,1.0,1.0,0.0,A01
201300040892,0,7,0,0.0,1.0,4.0,4.0,A01
201300040893,1,30,0,0.0,1.0,0.0,2.0,A01
201300040894,0,7,0,0.0,0.0,1.0,1.0,B01
201300040894,0,2,0,0.0,2.0,2.0,1.0,A01
201300040895,0,7,0,0.0,1.0,2.0,0.0,A01
201300040896,0,7,0,0.0,0.0,1.0,0.0,A01
201300040896,0,7,0,0.0,0.0,4.0,0.0,B01
201300040897,2,7,0,0.0,2.0,3.0,2.0,B01
201300040897,0,7,0,0.0,0.0,1.0,19.0,A01
201300040898,0,37,0,0.0,1.0,3.0,1.0,A01
201300040899,0,7,0,0.0,0.0,1.0,1.0,A01
201300040899,0,7,0,0.0,0.0,4.0,1.0,B01
201300040900,0,37,50,0.0,0.0,0.0,1.0,A01
201300040901,0,10,0,0.0,0.0,3.0,11.0,A01
201300040901,0,33,0,0.0,0.0,1.0,1.0,B01
201300040902,0,7,0,0.0,2.0,0.0,11.0,A01
201300040902,0,33,0,0.0,2.0,0.0,3.0,B01
201300040903,0,7,0,8.0,0.0,1.0,1.0,A01
201300040904,0,7,0,1.0,0.0,8.0,1.0,A01
201300040905,0,7,0,0.0,1.0,1.0,2.0,A01
201300040906,0,7,0,0.0,2.0,1.0,5.0,A01
201300040906,0,7,0,0.0,2.0,1.0,2.0,B01
201300040907,0,7,0,0.0,2.0,1.0,1.0,B01
201300040907,0,7,0,0.0,2.0,2.0,15.0,A01
201300040908,0,7,0,0.0,2.0,3.0,15.0,A01
201300040908,0,32,0,0.0,2.0,1.0,1.0,B01
201300040909,0,7,0,1.0,0.0,2.0,1.0,A01
201300040910,0,7,0,0.0,0.0,8.0,1.0,A01
201300040910,0,10,0,0.0,0.0,0.0,1.0,B01
201300040911,0,37,1,1.0,0.0,6.0,7.0,A01
201300040911,0,37,0,0.0,0.0,7.0,7.0,B01
201300040912,0,7,0,0.0,2.0,6.0,15.0,A01
201300040912,0,33,0,0.0,2.0,1.0,17.0,B01
201300040913,0,7,0,0.0,2.0,1.0,1.0,A01
201300040913,0,7,0,0.0,0.0,4.0,2.0,B01
201300040914,0,7,0,0.0,2.0,1.0,1.0,A01
201300040914,0,7,0,0.0,2.0,8.0,15.0,B01
201300040915,0,7,0,0.0,1.0,2.0,9.0,A01
201300040916,0,7,0,0.0,1.0,0.0,15.0,A01
201300040917,0,7,0,1.0,0.0,3.0,2.0,A01
201300040917,0,37,21,0.0,0.0,6.0,24.0,B01
201300040918,0,7,0,12.0,0.0,2.0,15.0,A01
201300040919,0,7,0,0.0,1.0,0.0,1.0,A01
201300040920,0,1,0,0.0,2.0,1.0,19.0,A01
201300040920,0,7,0,0.0,2.0,2.0,1.0,B01
201300040921,0,1,0,0.0,2.0,0.0,0.0,A01
201300040921,1,7,0,0.0,2.0,0.0,0.0,Z01
201300040922,0,7,0,0.0,1.0,1.0,1.0,A01
201300040923,0,7,0,0.0,2.0,0.0,0.0,A01
201300040923,0,7,0,0.0,2.0,0.0,0.0,B01
201300040923,0,7,0,0.0,2.0,0.0,0.0,C01
201300040924,0,37,1,0.0,2.0,3.0,1.0,B01
201300040924,0,7,0,0.0,2.0,1.0,1.0,A01
201300040925,0,7,0,0.0,1.0,2.0,1.0,A01
201300040926,0,7,0,0.0,2.0,0.0,0.0,B01
201300040926,0,7,0,0.0,2.0,0.0,0.0,A01
201300040927,0,7,0,0.0,1.0,1.0,1.0,A01
201300040928,0,1,0,0.0,2.0,0.0,0.0,C01
201300040928,0,7,0,0.0,2.0,0.0,0.0,A01
201300040929,0,10,0,0.0,1.0,2.0,1.0,A01
201300040930,0,31,0,0.0,0.0,8.0,1.0,A01
201300040931,2,7,0,0.0,2.0,8.0,13.0,A01
201300040931,0,7,0,0.0,2.0,8.0,1.0,B01
201300040932,0,7,0,0.0,1.0,3.0,11.0,A01
201300040933,1,7,0,0.0,2.0,0.0,0.0,A01
201300040933,0,7,0,0.0,2.0,5.0,0.0,B01
201300040934,0,1,0,0.0,2.0,1.0,5.0,A01
201300040934,0,7,0,0.0,2.0,3.0,9.0,B01
201300040935,0,7,0,0.0,1.0,0.0,0.0,A01
201300040936,0,7,0,0.0,2.0,1.0,1.0,A01
201300040936,0,7,0,0.0,0.0,4.0,0.0,B01
201300040937,0,7,0,0.0,2.0,1.0,2.0,A01
201300040937,0,7,0,0.0,0.0,4.0,2.0,B01
201300040937,0,7,0,0.0,2.0,1.0,2.0,C01
201300040938,0,7,0,0.0,2.0,4.0,1.0,A01
201300040938,0,7,0,0.0,2.0,1.0,1.0,B01
201300040939,0,7,0,0.0,2.0,2.0,0.0,A01
201300040939,0,7,0,0.0,2.0,1.0,0.0,B01
201300040940,0,33,0,0.0,0.0,0.0,0.0,B01
201300040940,0,31,0,0.0,0.0,6.0,11.0,A01
201300040941,0,7,0,0.0,1.0,0.0,0.0,A01
201300040942,0,7,0,1.0,2.0,1.0,2.0,A01
201300040942,0,7,0,0.0,2.0,4.0,2.0,B01
201300040943,1,7,0,0.0,9.0,1.0,1.0,A01
201300040943,0,1,0,0.0,2.0,7.0,1.0,B01
201300040944,0,7,0,1.0,0.0,1.0,2.0,A01
201300040944,0,7,0,0.0,0.0,6.0,0.0,B01
201300040945,0,7,0,0.0,0.0,3.0,13.0,A01
201300040945,0,30,0,0.0,0.0,0.0,2.0,B01
201300040946,0,7,0,0.0,2.0,1.0,1.0,A01
201300040946,0,7,0,0.0,2.0,3.0,2.0,B01
201300040947,0,10,0,0.0,2.0,1.0,0.0,B01
201300040947,0,7,0,6.0,2.0,1.0,0.0,A01
201300040948,0,33,0,0.0,0.0,3.0,1.0,A01
201300040949,0,37,6,0.0,2.0,8.0,1.0,B01
201300040949,0,15,0,0.0,2.0,8.0,1.0,A01
201300040950,1,7,0,0.0,9.0,2.0,1.0,Z01
201300040950,0,1,0,0.0,2.0,1.0,1.0,A01
201300040951,0,7,0,0.0,2.0,1.0,9.0,A01
201300040951,0,1,0,0.0,2.0,7.0,15.0,B01
201300040952,0,7,0,0.0,1.0,7.0,1.0,A01
201300040953,0,7,0,0.0,2.0,1.0,2.0,A01
201300040953,0,7,0,0.0,0.0,0.0,2.0,B01
201300040954,0,7,0,0.0,1.0,7.0,2.0,A01
201300040955,0,7,0,0.0,0.0,7.0,15.0,A01
201300040955,0,34,0,0.0,0.0,2.0,2.0,B01
201300040956,0,7,0,0.0,1.0,3.0,1.0,A01
201300040957,0,7,0,0.0,0.0,0.0,0.0,A01
201300040958,0,7,0,0.0,0.0,5.0,0.0,A01
201300040958,0,2,0,0.0,0.0,0.0,0.0,B01
201300040959,0,37,1,0.0,1.0,2.0,15.0,A01
201300040960,0,7,0,0.0,2.0,4.0,2.0,A01
201300040960,0,7,0,0.0,2.0,1.0,1.0,B01
201300040961,0,7,0,0.0,2.0,3.0,15.0,A01
201300040961,0,7,0,0.0,2.0,3.0,2.0,B01
201300040962,0,34,0,0.0,2.0,3.0,2.0,A01
201300040962,0,7,0,0.0,2.0,2.0,2.0,B01
201300040963,0,7,0,0.0,2.0,7.0,10.0,A01
201300040963,0,7,0,0.0,2.0,1.0,2.0,B01
201300040964,0,7,0,6.0,0.0,1.0,1.0,A01
201300040965,0,7,0,0.0,2.0,1.0,1.0,A01
201300040965,0,7,0,0.0,2.0,3.0,15.0,B01
201300040966,1,2,0,1.0,0.0,0.0,0.0,Z01
201300040967,0,7,0,0.0,2.0,1.0,1.0,A01
201300040967,0,7,0,0.0,2.0,1.0,1.0,B01
201300040967,0,7,0,0.0,0.0,4.0,1.0,C01
201300040968,0,7,0,0.0,0.0,0.0,0.0,B01
201300040968,0,7,0,0.0,0.0,0.0,0.0,A01
201300040969,0,7,0,0.0,0.0,1.0,0.0,A01
201300040969,0,16,0,0.0,0.0,1.0,0.0,B01
201300040970,1,7,0,0.0,1.0,4.0,4.0,Z01
201300040971,0,7,0,0.0,0.0,7.0,1.0,A01
201300040971,0,7,0,0.0,0.0,1.0,2.0,B01
201300040972,0,7,0,0.0,1.0,1.0,2.0,A01
201300040973,0,7,0,0.0,1.0,1.0,1.0,A01
201300040974,0,7,0,0.0,1.0,2.0,0.0,A01
201300040975,0,7,0,0.0,0.0,7.0,14.0,A01
201300040975,0,34,0,0.0,0.0,8.0,2.0,B01
201300040976,0,7,0,0.0,0.0,0.0,0.0,A01
201300040976,0,31,0,0.0,0.0,0.0,0.0,B01
201300040977,0,7,0,0.0,2.0,1.0,2.0,B01
201300040978,0,7,0,0.0,2.0,2.0,0.0,A01
201300040978,0,1,0,0.0,2.0,1.0,19.0,B01
201300040979,0,7,0,0.0,2.0,0.0,0.0,A01
201300040979,0,34,0,0.0,0.0,0.0,0.0,B01
201300040980,0,7,0,0.0,2.0,1.0,2.0,A01
201300040980,0,7,0,0.0,2.0,4.0,2.0,B01
201300040981,0,32,0,0.0,1.0,1.0,0.0,A01
201300040982,0,7,0,1.0,0.0,1.0,2.0,A01
201300040983,0,7,0,0.0,2.0,3.0,9.0,A01
201300040983,0,1,0,0.0,2.0,0.0,0.0,B01
201300040984,1,7,0,0.0,1.0,0.0,0.0,A01
201300040985,0,7,0,0.0,2.0,7.0,19.0,A01
201300040985,0,7,0,0.0,2.0,1.0,1.0,B01
201300040986,0,32,0,0.0,2.0,1.0,2.0,A01
201300040986,0,7,0,0.0,2.0,5.0,15.0,B01
201300040987,0,30,0,0.0,1.0,1.0,0.0,A01
201300040988,0,7,0,0.0,2.0,8.0,10.0,A01
201300040988,0,7,0,0.0,2.0,1.0,1.0,B01
201300040989,0,7,0,8.0,1.0,1.0,0.0,A01
201300040990,0,7,0,14.0,0.0,1.0,0.0,A01
201300040991,0,7,0,0.0,2.0,1.0,0.0,A01