Num_Acc,senc,catv,occutc,obs,obsm,choc,manv,num_veh
201300040991,0,33,0,0.0,2.0,1.0,0.0,B01
201300040992,2,7,0,0.0,1.0,1.0,1.0,A01
201300040993,0,7,0,0.0,2.0,8.0,10.0,A01
201300040993,0,7,0,0.0,2.0,0.0,10.0,B01
201300040994,0,7,0,0.0,2.0,7.0,0.0,A01
201300040994,0,7,0,0.0,2.0,1.0,0.0,B01
201300040995,0,7,0,0.0,1.0,0.0,4.0,A01
201300040996,0,7,0,16.0,0.0,2.0,2.0,A01
201300040997,0,7,0,0.0,1.0,1.0,0.0,A01
201300040998,0,7,0,0.0,2.0,7.0,9.0,B01
201300040998,0,7,0,0.0,2.0,1.0,1.0,A01
201300040999,0,7,0,0.0,2.0,1.0,17.0,A01
201300040999,0,37,0,0.0,2.0,3.0,15.0,B01
201300041000,0,30,0,0.0,2.0,1.0,2.0,A01
201300041000,0,7,0,0.0,2.0,4.0,2.0,B01
201300041001,0,7,0,0.0,0.0,5.0,15.0,A01
201300041001,0,37,1,0.0,0.0,1.0,0.0,B01
201300041002,0,7,0,0.0,2.0,1.0,0.0,A01
201300041002,0,7,0,0.0,2.0,7.0,10.0,B01
201300041003,0,7,0,0.0,2.0,3.0,1.0,A01
201300041003,2,7,0,0.0,2.0,1.0,1.0,B01
201300041004,0,7,0,0.0,2.0,3.0,9.0,A01
201300041004,0,1,0,0.0,0.0,1.0,0.0,B01
201300041005,0,7,0,0.0,2.0,1.0,15.0,A01
201300041005,0,33,0,0.0,2.0,9.0,1.0,B01
201300041006,0,7,0,14.0,1.0,2.0,0.0,A01
201300041007,0,34,0,0.0,1.0,3.0,1.0,A01
201300041008,0,7,0,0.0,2.0,1.0,1.0,A01
201300041008,0,10,0,0.0,0.0,4.0,1.0,B01
201300041009,1,10,0,0.0,1.0,2.0,0.0,A01
201300041010,0,7,0,0.0,1.0,2.0,0.0,A01
201300041011,0,7,0,0.0,0.0,0.0,0.0,A01
201300041011,0,10,0,0.0,0.0,0.0,0.0,B01
201300041012,0,34,0,1.0,2.0,9.0,0.0,B01
201300041012,0,7,0,0.0,2.0,3.0,0.0,A01
201300041013,0,7,0,0.0,1.0,0.0,0.0,A01
201300041014,0,7,0,0.0,2.0,3.0,10.0,A01
201300041014,0,32,0,0.0,2.0,1.0,1.0,B01
201300041015,0,7,0,0.0,1.0,0.0,0.0,A01
201300041016,0,7,0,14.0,9.0,1.0,13.0,A01
201300041017,1,7,0,0.0,1.0,0.0,0.0,A01
201300041018,0,7,0,1.0,0.0,1.0,0.0,A01
201300041019,0,7,0,0.0,0.0,4.0,0.0,A01
201300041019,0,7,0,0.0,2.0,1.0,2.0,B01
201300041019,0,7,0,0.0,2.0,1.0,2.0,C01
201300041020,0,7,0,1.0,0.0,8.0,13.0,A01
201300041020,0,33,0,0.0,0.0,7.0,2.0,B01
201300041021,1,7,0,0.0,1.0,0.0,0.0,A01
201300041022,0,7,0,0.0,0.0,6.0,0.0,A01
201300041022,1,33,0,0.0,0.0,0.0,0.0,Z01
201300041023,0,10,0,0.0,1.0,1.0,0.0,A01
201300041024,0,7,0,0.0,0.0,0.0,0.0,A01
201300041024,0,7,0,0.0,0.0,0.0,4.0,B01
201300041024,0,7,0,0.0,0.0,0.0,0.0,C01
201300041024,0,10,0,0.0,0.0,0.0,0.0,D01
201300041025,0,7,0,0.0,0.0,7.0,1.0,A01
201300041025,0,1,0,0.0,0.0,3.0,15.0,B01
201300041026,0,7,0,0.0,1.0,1.0,0.0,A01
201300041027,0,7,0,1.0,0.0,3.0,0.0,A01
201300041027,0,14,0,0.0,0.0,7.0,0.0,B01
201300041028,0,7,0,0.0,0.0,1.0,2.0,A01
201300041028,0,34,0,0.0,0.0,4.0,0.0,B01
201300041028,0,7,0,0.0,0.0,5.0,23.0,C01
201300041029,0,7,0,0.0,2.0,2.0,15.0,A01
201300041029,0,32,0,0.0,2.0,1.0,1.0,B01
201300041030,0,7,0,0.0,0.0,7.0,24.0,A01
201300041030,0,37,2,1.0,0.0,3.0,1.0,B01
201300041031,0,7,0,0.0,2.0,5.0,0.0,A01
201300041031,0,7,0,0.0,2.0,1.0,9.0,B01
201300041032,0,7,0,0.0,2.0,8.0,20.0,A01
201300041032,0,33,0,0.0,2.0,7.0,2.0,B01
201300041033,1,7,0,0.0,1.0,0.0,2.0,A01
201300041034,0,7,0,0.0,2.0,1.0,1.0,B01
201300041034,0,7,0,0.0,2.0,1.0,1.0,A01
201300041035,0,7,0,16.0,0.0,1.0,1.0,A01
201300041036,0,7,0,0.0,1.0,2.0,0.0,A01
201300041037,0,3,0,0.0,1.0,2.0,0.0,A01
201300041038,0,33,0,0.0,0.0,1.0,1.0,B01
201300041038,0,7,0,0.0,0.0,3.0,19.0,A01
201300041039,0,2,0,0.0,2.0,1.0,1.0,A01
201300041039,0,7,0,0.0,2.0,1.0,15.0,B01
201300041040,0,7,0,0.0,2.0,7.0,1.0,A01
201300041040,0,13,0,0.0,2.0,1.0,1.0,B01
201300041041,0,7,0,0.0,2.0,5.0,1.0,A01
201300041041,0,7,0,0.0,2.0,3.0,2.0,B01
201300041042,0,7,0,0.0,1.0,3.0,1.0,A01
201300041043,0,7,0,0.0,1.0,1.0,1.0,A01
201300041044,0,7,0,15.0,0.0,1.0,17.0,A01
201300041045,0,7,0,0.0,1.0,1.0,0.0,A01
201300041046,0,7,0,15.0,1.0,2.0,1.0,A01
201300041047,1,10,0,0.0,2.0,2.0,1.0,B01
201300041047,0,10,0,0.0,2.0,7.0,1.0,A01
201300041048,0,7,0,15.0,0.0,1.0,1.0,A01
201300041049,1,7,0,0.0,2.0,1.0,2.0,A01
201300041049,0,7,0,0.0,0.0,0.0,2.0,B01
201300041049,0,7,0,0.0,0.0,0.0,2.0,C01
201300041050,0,30,0,12.0,0.0,1.0,1.0,A01
201300041051,1,7,0,0.0,2.0,0.0,20.0,A01
201300041051,0,30,0,1.0,2.0,2.0,1.0,B01
201300041052,0,7,0,0.0,1.0,2.0,16.0,A01
201300041053,0,7,0,0.0,2.0,6.0,1.0,A01
201300041053,0,32,0,0.0,2.0,1.0,1.0,B01
201300041054,0,7,0,0.0,2.0,2.0,2.0,A01
201300041054,0,7,0,0.0,2.0,6.0,21.0,B01
201300041054,0,7,0,0.0,2.0,6.0,0.0,C01
201300041055,0,7,0,0.0,9.0,2.0,12.0,A01
201300041055,0,1,0,0.0,0.0,8.0,0.0,B01
201300041056,0,40,0,0.0,1.0,0.0,1.0,A01
201300041056,0,40,0,0.0,1.0,0.0,1.0,B01
201300041057,0,7,0,10.0,0.0,1.0,0.0,A01
201300041058,0,7,0,0.0,1.0,1.0,0.0,A01
201300041059,0,10,0,0.0,1.0,1.0,0.0,A01
201300041060,0,7,0,4.0,0.0,1.0,12.0,A01
201300041061,0,7,0,1.0,0.0,2.0,14.0,A01
201300041061,0,7,0,0.0,0.0,6.0,24.0,B01
201300041062,0,33,0,0.0,2.0,0.0,21.0,A01
201300041062,1,7,0,0.0,0.0,0.0,14.0,Z01
201300041063,0,7,0,0.0,2.0,1.0,0.0,A01
201300041063,0,7,0,0.0,2.0,1.0,2.0,B01
201300041064,1,7,0,14.0,1.0,1.0,11.0,A01
201300041065,0,3,0,8.0,0.0,1.0,1.0,A01
201300041066,0,7,0,0.0,0.0,1.0,2.0,A01
201300041066,0,40,0,0.0,0.0,1.0,0.0,B01
201300041067,0,7,0,0.0,2.0,1.0,2.0,A01
201300041067,0,7,0,0.0,2.0,1.0,15.0,B01
201300041068,0,15,0,0.0,1.0,2.0,0.0,A01
201300041069,0,10,0,0.0,0.0,4.0,23.0,A01
201300041069,0,7,0,0.0,2.0,1.0,2.0,B01
201300041070,0,7,0,0.0,1.0,2.0,0.0,A01
201300041071,0,7,0,0.0,1.0,1.0,1.0,A01
201300041072,0,7,0,0.0,2.0,2.0,1.0,A01
201300041072,0,10,0,0.0,2.0,3.0,1.0,B01
201300041073,0,40,0,0.0,2.0,3.0,0.0,B01
201300041073,0,7,0,0.0,4.0,2.0,15.0,A01
201300041074,0,7,0,15.0,0.0,4.0,2.0,A01
201300041074,0,7,0,0.0,0.0,1.0,2.0,B01
201300041075,0,7,0,0.0,1.0,5.0,1.0,A01
201300041076,1,7,0,0.0,1.0,0.0,0.0,A01
201300041077,0,7,0,0.0,2.0,1.0,5.0,A01
201300041077,0,7,0,0.0,2.0,2.0,1.0,B01
201300041078,1,7,0,0.0,1.0,1.0,1.0,A01
201300041079,0,7,0,0.0,0.0,1.0,2.0,A01
201300041079,0,7,0,0.0,2.0,4.0,0.0,B01
201300041079,0,7,0,0.0,0.0,4.0,0.0,C01
201300041080,0,3,0,0.0,2.0,8.0,1.0,B01
201300041080,0,7,0,0.0,2.0,3.0,15.0,A01
201300041081,0,40,0,0.0,4.0,1.0,1.0,A01
201300041081,0,7,0,0.0,0.0,8.0,15.0,B01
201300041082,0,10,0,0.0,1.0,1.0,1.0,A01
201300041083,0,13,0,0.0,1.0,2.0,0.0,A01
201300041084,0,2,0,0.0,0.0,1.0,0.0,A01
201300041085,0,7,0,1.0,1.0,1.0,2.0,A01
201300041086,0,7,0,0.0,2.0,4.0,23.0,B01
201300041086,0,14,0,0.0,2.0,1.0,2.0,A01
201300041087,0,7,0,0.0,2.0,4.0,2.0,C01
201300041087,0,7,0,0.0,2.0,8.0,0.0,B01
201300041087,0,7,0,0.0,2.0,1.0,2.0,A01
201300041088,0,7,0,0.0,1.0,3.0,0.0,A01
201300041089,0,40,0,0.0,2.0,1.0,1.0,B01
201300041089,0,7,0,0.0,0.0,8.0,1.0,A01
201300041090,0,1,0,0.0,1.0,1.0,2.0,A01
201300041091,0,7,0,0.0,1.0,0.0,0.0,A01
201300041092,0,7,0,0.0,1.0,2.0,0.0,A01
201300041093,0,34,0,0.0,2.0,1.0,5.0,A01
201300041093,0,7,0,0.0,2.0,3.0,9.0,B01
201300041094,0,99,0,0.0,0.0,0.0,0.0,A01
201300041095,0,1,0,0.0,0.0,7.0,0.0,B01
201300041095,0,7,0,0.0,0.0,7.0,0.0,A01
201300041096,0,2,0,0.0,2.0,0.0,2.0,A01
201300041096,0,7,0,0.0,2.0,3.0,15.0,B01
201300041097,0,7,0,0.0,2.0,7.0,19.0,B01
201300041097,0,13,0,0.0,2.0,1.0,9.0,A01
201300041098,0,33,0,0.0,2.0,8.0,19.0,B01
201300041098,0,7,0,0.0,2.0,7.0,12.0,A01
201300041099,0,7,0,0.0,2.0,1.0,1.0,B01
201300041099,2,7,0,0.0,2.0,8.0,19.0,A01
201300041100,0,7,0,0.0,0.0,4.0,23.0,B01
201300041100,0,10,0,0.0,2.0,1.0,2.0,A01
201300041101,0,7,0,0.0,1.0,1.0,1.0,A01
201300041102,0,7,0,0.0,2.0,1.0,11.0,B01
201300041102,0,1,0,0.0,2.0,1.0,1.0,A01
201300041103,1,7,0,0.0,0.0,7.0,12.0,Z01
201300041103,0,33,0,0.0,2.0,8.0,1.0,A01
201300041104,0,32,0,0.0,2.0,3.0,1.0,A01
201300041104,2,13,0,0.0,2.0,3.0,1.0,B01
201300041105,0,33,0,0.0,1.0,2.0,2.0,A01
201300041106,0,7,0,0.0,0.0,4.0,2.0,B01
201300041106,0,7,0,0.0,0.0,4.0,2.0,C01
201300041106,0,7,0,0.0,0.0,4.0,2.0,D01
201300041106,0,7,0,0.0,0.0,1.0,2.0,A01
201300041107,0,7,0,0.0,1.0,1.0,0.0,A01
201300041108,0,7,0,0.0,2.0,1.0,2.0,B01
201300041108,2,7,0,0.0,2.0,4.0,2.0,A01
201300041109,0,7,0,0.0,0.0,4.0,1.0,B01
201300041109,0,7,0,0.0,2.0,1.0,1.0,A01
201300041110,0,30,0,0.0,2.0,4.0,0.0,A01
201300041110,0,15,0,0.0,2.0,2.0,0.0,B01
201300041111,2,7,0,0.0,2.0,8.0,0.0,A01
201300041111,0,7,0,0.0,2.0,7.0,1.0,B01
201300041111,0,7,0,0.0,2.0,5.0,1.0,C01
201300041112,0,10,0,0.0,1.0,5.0,4.0,A01
201300041113,0,40,0,0.0,2.0,2.0,2.0,B01
201300041113,0,7,0,0.0,4.0,8.0,9.0,A01
201300041114,0,7,0,0.0,2.0,2.0,16.0,A01
201300041114,0,7,0,0.0,2.0,3.0,1.0,B01
201300041115,0,7,0,0.0,1.0,2.0,2.0,A01
201300041116,0,7,0,0.0,0.0,4.0,0.0,A01
201300041116,0,7,0,0.0,0.0,0.0,0.0,B01
201300041117,0,7,0,0.0,2.0,1.0,2.0,B01
201300041117,0,7,0,1.0,2.0,4.0,19.0,A01
201300041118,0,10,0,0.0,2.0,3.0,1.0,A01
201300041118,0,7,0,0.0,2.0,2.0,1.0,B01
201300041119,0,7,0,0.0,4.0,2.0,1.0,A01
201300041119,0,40,0,0.0,4.0,2.0,1.0,B01
201300041120,0,33,0,0.0,2.0,1.0,0.0,A01
201300041120,0,37,0,0.0,0.0,7.0,1.0,B01
201300041121,0,7,0,4.0,0.0,1.0,3.0,A01
201300041122,0,7,0,0.0,0.0,7.0,2.0,A01
201300041122,0,7,0,0.0,0.0,1.0,16.0,B01
201300041123,0,7,0,0.0,2.0,1.0,1.0,A01
201300041123,0,7,0,0.0,2.0,4.0,1.0,B01
201300041124,0,7,0,0.0,2.0,1.0,0.0,B01
201300041124,0,7,0,0.0,2.0,5.0,0.0,A01
201300041125,0,7,0,0.0,2.0,3.0,0.0,B01
201300041125,0,10,0,0.0,2.0,2.0,0.0,A01
201300041126,0,7,0,0.0,2.0,1.0,2.0,C01
201300041126,0,7,0,0.0,0.0,4.0,2.0,A01
201300041126,0,10,0,0.0,2.0,2.0,2.0,B01
201300041127,0,31,0,0.0,9.0,8.0,0.0,A01
201300041128,0,7,0,1.0,0.0,8.0,22.0,A01
201300041128,0,2,0,0.0,2.0,1.0,1.0,B01
201300041129,0,7,0,0.0,2.0,0.0,2.0,A01
201300041129,0,3,0,0.0,0.0,0.0,1.0,C01
201300041129,0,3,0,0.0,2.0,4.0,2.0,B01
201300041130,0,7,0,0.0,1.0,3.0,16.0,A01
201300041131,0,37,0,0.0,1.0,7.0,19.0,A01
201300041132,0,7,0,0.0,2.0,1.0,2.0,A01
201300041132,0,7,0,0.0,2.0,4.0,2.0,B01
201300041132,0,7,0,0.0,0.0,4.0,2.0,C01
201300041133,1,7,0,0.0,1.0,0.0,0.0,Z01
201300041134,0,7,0,1.0,0.0,9.0,2.0,A01
201300041135,0,7,0,0.0,2.0,6.0,15.0,A01
201300041135,0,37,0,0.0,2.0,2.0,7.0,B01
201300041136,0,7,0,14.0,0.0,1.0,0.0,A01
201300041137,0,7,0,0.0,0.0,7.0,10.0,A01
201300041137,0,30,0,0.0,2.0,1.0,1.0,B01
201300041138,0,7,0,15.0,0.0,2.0,2.0,A01
201300041139,0,7,0,0.0,0.0,1.0,0.0,A01
201300041139,0,7,0,0.0,0.0,8.0,1.0,B01
201300041140,0,10,0,0.0,2.0,7.0,12.0,A01
201300041140,0,2,0,0.0,2.0,3.0,1.0,B01
201300041141,0,30,0,0.0,2.0,6.0,2.0,A01
201300041141,1,7,0,0.0,2.0,3.0,2.0,B01
201300041142,0,33,0,0.0,1.0,7.0,17.0,A01
201300041143,0,7,0,0.0,1.0,1.0,15.0,A01
201300041144,0,7,0,0.0,1.0,1.0,16.0,A01
201300041145,0,7,0,8.0,0.0,1.0,1.0,A01
201300041146,0,7,0,0.0,1.0,1.0,0.0,A01
201300041147,0,13,0,0.0,0.0,1.0,0.0,B01
201300041147,0,7,0,0.0,0.0,7.0,0.0,A01
201300041148,0,7,0,0.0,0.0,0.0,0.0,A01
201300041148,0,7,0,0.0,2.0,7.0,0.0,B01
201300041149,0,7,0,0.0,2.0,8.0,0.0,A01
201300041149,0,7,0,0.0,2.0,1.0,0.0,B01
201300041150,1,13,0,0.0,2.0,4.0,12.0,A01
201300041150,0,30,0,0.0,0.0,6.0,18.0,B01
201300041151,0,7,0,0.0,0.0,0.0,0.0,A01
201300041152,1,7,0,0.0,1.0,0.0,0.0,A01
201300041153,0,7,0,0.0,1.0,3.0,11.0,A01
201300041154,0,7,0,0.0,0.0,9.0,9.0,A01
201300041154,0,13,0,0.0,0.0,1.0,1.0,B01
201300041154,0,7,0,0.0,0.0,2.0,0.0,C01
201300041155,0,7,0,0.0,2.0,7.0,0.0,A01
201300041155,1,7,0,0.0,0.0,0.0,0.0,B01
201300041156,1,7,0,0.0,1.0,4.0,0.0,A01
201300041157,0,7,0,0.0,1.0,3.0,15.0,A01
201300041158,2,7,0,0.0,2.0,3.0,2.0,A01
201300041158,0,7,0,0.0,0.0,4.0,2.0,B01
201300041158,0,7,0,0.0,2.0,4.0,0.0,C01
201300041159,0,13,0,0.0,0.0,5.0,16.0,A01
201300041159,0,30,0,0.0,2.0,3.0,2.0,B01
201300041160,0,33,0,0.0,2.0,3.0,12.0,A01
201300041160,0,7,0,0.0,0.0,5.0,2.0,B01
201300041161,0,7,0,0.0,2.0,9.0,2.0,A01
201300041161,0,37,1,0.0,2.0,1.0,23.0,C01
201300041161,0,7,0,0.0,2.0,1.0,23.0,D01
201300041161,0,37,1,0.0,2.0,6.0,2.0,B01
201300041162,0,7,0,4.0,2.0,9.0,0.0,A01
201300041162,0,7,0,4.0,2.0,3.0,0.0,B01
201300041163,0,7,0,0.0,1.0,0.0,0.0,A01
201300041164,0,7,0,0.0,1.0,3.0,2.0,A01
201300041165,0,7,0,0.0,0.0,2.0,0.0,A01
201300041166,0,7,0,0.0,0.0,2.0,15.0,A01
201300041166,0,34,0,0.0,2.0,1.0,1.0,B01
201300041167,0,33,0,0.0,0.0,2.0,15.0,A01
201300041167,0,7,0,0.0,0.0,3.0,15.0,B01
201300041168,0,7,0,0.0,0.0,1.0,1.0,A01
201300041168,0,7,0,0.0,0.0,5.0,1.0,B01
201300041169,0,7,0,0.0,1.0,1.0,2.0,A01
201300041170,0,7,0,0.0,1.0,7.0,21.0,A01
201300041171,0,32,0,0.0,0.0,1.0,1.0,A01
201300041171,0,7,0,0.0,0.0,5.0,16.0,B01
201300041172,0,7,0,0.0,2.0,1.0,2.0,A01
201300041172,0,7,0,0.0,2.0,4.0,23.0,B01
201300041173,0,34,0,0.0,1.0,1.0,2.0,A01
201300041174,0,7,0,6.0,0.0,1.0,0.0,A01
201300041175,0,37,1,0.0,1.0,1.0,1.0,A01
201300041176,0,7,0,0.0,2.0,1.0,2.0,A01
201300041176,0,7,0,0.0,2.0,1.0,2.0,B01
201300041176,0,7,0,0.0,2.0,0.0,2.0,C01
201300041177,1,99,0,0.0,1.0,1.0,0.0,A01
201300041178,0,7,0,0.0,1.0,1.0,2.0,A01
201300041179,0,10,0,0.0,1.0,1.0,1.0,A01
201300041180,0,7,0,0.0,1.0,8.0,1.0,A01
201300041181,0,33,0,0.0,2.0,1.0,1.0,B01
201300041181,0,7,0,0.0,2.0,2.0,10.0,A01
201300041182,0,7,0,2.0,0.0,1.0,21.0,A01
201300041183,0,7,0,0.0,1.0,1.0,1.0,A01
201300041184,0,30,0,0.0,2.0,9.0,3.0,A01
201300041184,0,7,0,0.0,0.0,2.0,0.0,B01
201300041185,0,33,0,0.0,2.0,2.0,1.0,B01
201300041185,0,7,0,0.0,2.0,2.0,11.0,A01
201300041186,0,7,0,1.0,0.0,5.0,4.0,A01
201300041186,0,7,0,0.0,2.0,2.0,24.0,B01
201300041187,0,7,0,0.0,9.0,3.0,15.0,A01
201300041187,0,1,0,0.0,2.0,1.0,0.0,B01
201300041188,0,10,0,0.0,2.0,6.0,4.0,A01
201300041188,0,10,0,0.0,2.0,7.0,1.0,B01
201300041189,0,10,0,15.0,0.0,3.0,0.0,A01
201300041190,0,7,0,0.0,1.0,6.0,1.0,A01
201300041191,0,7,0,0.0,1.0,3.0,2.0,A01
201300041192,0,10,0,0.0,2.0,4.0,2.0,B01
201300041192,0,7,0,0.0,2.0,4.0,2.0,C01
201300041193,0,7,0,0.0,0.0,1.0,2.0,A01
201300041193,0,34,0,0.0,0.0,7.0,2.0,B01
201300041194,0,7,0,0.0,1.0,1.0,1.0,A01
201300041195,2,34,0,0.0,2.0,7.0,1.0,B01
201300041195,0,34,0,0.0,2.0,3.0,1.0,A01
201300041196,0,7,0,0.0,1.0,3.0,0.0,A01
201300041197,0,7,0,0.0,1.0,1.0,11.0,A01
201300041198,0,37,52,1.0,2.0,1.0,0.0,A01
201300041198,0,7,0,0.0,2.0,3.0,9.0,B01
201300041199,0,7,0,0.0,0.0,2.0,10.0,A01
201300041199,1,99,0,0.0,0.0,0.0,2.0,B01
201300041200,0,7,0,0.0,0.0,1.0,0.0,A01
201300041201,0,30,0,0.0,1.0,1.0,13.0,A01
201300041202,0,30,0,0.0,2.0,1.0,1.0,B01
201300041202,0,7,0,0.0,2.0,2.0,1.0,A01
201300041203,0,32,0,0.0,0.0,8.0,3.0,A01
201300041204,0,7,0,0.0,2.0,1.0,1.0,A01
201300041204,0,7,0,0.0,0.0,4.0,1.0,B01
201300041205,2,7,0,0.0,2.0,1.0,2.0,A01
201300041205,0,7,0,0.0,2.0,3.0,9.0,B01
201300041206,0,7,0,1.0,0.0,0.0,2.0,A01
201300041207,0,7,0,0.0,0.0,4.0,0.0,A01
201300041207,0,7,0,0.0,0.0,1.0,0.0,B01
201300041208,0,7,0,0.0,2.0,3.0,0.0,A01
201300041208,0,7,0,0.0,2.0,3.0,0.0,B01
201300041209,0,7,0,0.0,1.0,0.0,0.0,A01
201300041210,0,3,0,0.0,2.0,7.0,6.0,A01
201300041210,0,33,0,0.0,2.0,1.0,1.0,B01
201300041211,0,7,0,0.0,0.0,4.0,1.0,A01
201300041211,0,7,0,14.0,2.0,1.0,1.0,B01
201300041212,0,30,0,0.0,0.0,1.0,2.0,A01
201300041212,0,7,0,0.0,0.0,3.0,2.0,B01
201300041213,0,7,0,14.0,2.0,1.0,6.0,A01
201300041213,0,7,0,0.0,2.0,8.0,1.0,B01
201300041213,0,7,0,0.0,2.0,8.0,1.0,C01
201300041214,0,7,0,0.0,1.0,2.0,1.0,A01
201300041215,0,7,0,0.0,2.0,3.0,13.0,A01
201300041215,0,7,0,0.0,2.0,3.0,2.0,B01
201300041216,0,7,0,0.0,2.0,4.0,4.0,A01
201300041216,0,1,0,0.0,2.0,8.0,19.0,B01
201300041217,0,30,0,0.0,2.0,6.0,11.0,B01
201300041217,0,2,0,0.0,2.0,1.0,2.0,A01
201300041218,0,7,0,0.0,2.0,1.0,2.0,A01
201300041218,0,7,0,0.0,2.0,4.0,2.0,B01
201300041219,0,7,0,0.0,2.0,3.0,15.0,A01
201300041219,0,7,0,0.0,2.0,2.0,5.0,B01
201300041220,0,7,0,0.0,2.0,3.0,15.0,A01
201300041220,0,33,0,0.0,2.0,1.0,1.0,B01
201300041221,0,7,0,0.0,2.0,3.0,1.0,A01
201300041221,0,7,0,0.0,2.0,8.0,1.0,B01
201300041222,0,33,0,0.0,2.0,1.0,0.0,B01
201300041222,0,7,0,0.0,2.0,8.0,0.0,A01
201300041223,0,3,0,1.0,0.0,3.0,1.0,A01
201300041224,0,7,0,8.0,0.0,1.0,0.0,A01
201300041225,0,7,0,0.0,0.0,3.0,11.0,A01
201300041225,0,30,0,0.0,0.0,1.0,1.0,B01
201300041226,1,99,0,0.0,1.0,0.0,0.0,A01
201300041227,0,7,0,0.0,0.0,4.0,2.0,A01
201300041227,0,33,0,0.0,2.0,1.0,2.0,B01
201300041228,2,7,0,0.0,0.0,8.0,20.0,A01
201300041228,0,30,0,0.0,0.0,7.0,2.0,B01
201300041229,0,1,0,0.0,1.0,1.0,1.0,A01
201300041230,0,30,0,0.0,2.0,1.0,5.0,A01
201300041230,0,37,0,0.0,2.0,2.0,0.0,B01
201300041231,0,7,0,0.0,0.0,6.0,11.0,A01
201300041231,0,30,0,0.0,2.0,7.0,0.0,B01
201300041232,0,7,0,0.0,0.0,1.0,2.0,A01
201300041232,0,7,0,0.0,0.0,9.0,23.0,B01
201300041232,0,7,0,0.0,0.0,4.0,23.0,C01
201300041233,0,7,0,0.0,1.0,1.0,1.0,A01
201300041234,0,7,0,0.0,1.0,1.0,0.0,A01
201300041235,0,7,0,0.0,0.0,4.0,2.0,A01
201300041235,1,7,0,0.0,2.0,1.0,0.0,B01
201300041236,1,99,0,0.0,0.0,0.0,0.0,A01
201300041236,0,2,0,0.0,2.0,8.0,0.0,B01
201300041237,0,7,0,0.0,1.0,2.0,10.0,A01
201300041238,0,7,0,15.0,0.0,2.0,0.0,A01
201300041239,0,30,0,0.0,2.0,2.0,2.0,A01
201300041239,0,7,0,0.0,0.0,6.0,2.0,B01
201300041240,0,3,0,0.0,2.0,2.0,1.0,A01
201300041240,0,3,0,0.0,2.0,1.0,1.0,B01
201300041241,0,7,0,0.0,2.0,1.0,2.0,A01
201300041241,0,7,0,0.0,2.0,4.0,2.0,B01
201300041242,0,7,0,0.0,1.0,7.0,2.0,A01
201300041243,0,13,0,0.0,2.0,6.0,11.0,A01
201300041243,0,10,0,0.0,2.0,7.0,1.0,B01
201300041244,0,10,0,0.0,2.0,1.0,1.0,A01
201300041244,0,10,0,0.0,2.0,1.0,0.0,B01
201300041244,0,7,0,0.0,0.0,1.0,0.0,C01
201300041245,0,7,0,0.0,1.0,1.0,1.0,A01
201300041246,0,10,0,2.0,2.0,7.0,1.0,A01
201300041246,0,7,0,0.0,2.0,1.0,1.0,B01
201300041247,2,7,0,8.0,1.0,1.0,0.0,A01
201300041248,0,7,0,1.0,0.0,1.0,2.0,A01
201300041248,0,7,0,0.0,0.0,4.0,2.0,B01
201300041249,0,7,0,0.0,1.0,2.0,1.0,A01
201300041250,0,7,0,2.0,2.0,8.0,2.0,A01
201300041250,0,7,0,0.0,2.0,7.0,10.0,B01
201300041251,0,7,0,2.0,0.0,1.0,14.0,A01
201300041252,0,37,1,0.0,2.0,2.0,1.0,A01
201300041252,0,7,0,0.0,2.0,3.0,9.0,B01
201300041253,0,7,0,0.0,0.0,8.0,2.0,B01
201300041253,0,7,0,0.0,0.0,1.0,2.0,A01
201300041254,0,7,0,0.0,2.0,2.0,2.0,A01
201300041254,0,7,0,0.0,2.0,2.0,5.0,B01
201300041255,0,7,0,0.0,2.0,7.0,2.0,A01
201300041255,0,7,0,0.0,2.0,1.0,2.0,B01
201300041256,0,30,0,0.0,2.0,8.0,12.0,A01
201300041256,0,37,2,0.0,2.0,5.0,16.0,B01
201300041257,0,2,0,0.0,2.0,2.0,1.0,A01
201300041257,0,7,0,0.0,2.0,3.0,11.0,B01
201300041258,0,7,0,0.0,2.0,1.0,1.0,A01
201300041258,0,7,0,0.0,2.0,3.0,1.0,B01
201300041259,1,7,0,0.0,2.0,1.0,1.0,B01
201300041259,0,33,0,0.0,2.0,7.0,1.0,A01
201300041260,0,7,0,0.0,2.0,1.0,5.0,A01
201300041260,0,7,0,0.0,2.0,1.0,1.0,B01
201300041261,0,7,0,0.0,2.0,1.0,0.0,A01
201300041262,0,7,0,0.0,2.0,3.0,15.0,A01
201300041262,0,34,0,0.0,2.0,1.0,0.0,B01
201300041263,0,7,0,0.0,1.0,1.0,1.0,A01
201300041264,0,7,0,0.0,2.0,2.0,1.0,B01
201300041264,0,37,2,6.0,2.0,3.0,0.0,A01
201300041265,0,7,0,1.0,0.0,1.0,5.0,A01
201300041265,0,7,0,0.0,2.0,7.0,21.0,B01
201300041266,0,7,0,0.0,2.0,8.0,15.0,A01
201300041266,0,33,0,0.0,2.0,1.0,17.0,B01
201300041267,0,7,0,0.0,2.0,1.0,2.0,B01
201300041267,0,7,0,0.0,2.0,3.0,2.0,A01
201300041268,0,7,0,0.0,1.0,1.0,1.0,A01
201300041269,0,7,0,0.0,1.0,2.0,2.0,A01
201300041270,0,7,0,4.0,2.0,1.0,21.0,A01