Num_Acc,senc,catv,occutc,obs,obsm,choc,manv,num_veh
201300041564,0,7,0,0.0,2.0,1.0,15.0,A01
201300041564,0,7,0,0.0,2.0,1.0,2.0,B01
201300041565,0,30,0,0.0,2.0,1.0,1.0,A01
201300041565,0,7,0,0.0,2.0,5.0,1.0,B01
201300041566,0,30,0,0.0,2.0,8.0,1.0,A01
201300041566,1,34,0,0.0,2.0,1.0,15.0,Z01
201300041567,0,7,0,2.0,0.0,1.0,0.0,A01
201300041568,1,30,0,0.0,1.0,1.0,3.0,Z01
201300041569,0,33,0,0.0,2.0,2.0,1.0,B01
201300041569,0,7,0,0.0,2.0,1.0,15.0,A01
201300041570,0,7,0,0.0,2.0,1.0,1.0,A01
201300041570,0,7,0,0.0,2.0,4.0,1.0,B01
201300041571,0,7,0,0.0,2.0,1.0,1.0,A01
201300041571,0,7,0,0.0,2.0,3.0,15.0,B01
201300041572,0,7,0,0.0,2.0,2.0,1.0,B01
201300041572,0,7,0,1.0,2.0,5.0,1.0,A01
201300041573,0,7,0,0.0,1.0,2.0,0.0,A01
201300041574,0,7,0,9.0,0.0,2.0,0.0,A01
201300041575,0,7,0,1.0,0.0,2.0,1.0,A01
201300041576,0,7,0,0.0,2.0,1.0,1.0,A01
201300041576,0,7,0,0.0,2.0,1.0,23.0,C01
201300041576,0,7,0,9.0,2.0,8.0,1.0,B01
201300041577,0,7,0,0.0,1.0,8.0,1.0,A01
201300041578,0,7,0,0.0,0.0,2.0,9.0,A01
201300041578,0,30,0,0.0,0.0,1.0,1.0,B01
201300041579,0,7,0,0.0,0.0,2.0,0.0,A01
201300041579,0,3,0,8.0,2.0,3.0,0.0,B01
201300041580,0,7,0,0.0,2.0,6.0,11.0,A01
201300041580,0,34,0,0.0,2.0,2.0,1.0,B01
201300041581,0,7,0,0.0,2.0,3.0,11.0,A01
201300041581,0,2,0,0.0,2.0,1.0,1.0,B01
201300041582,0,2,0,0.0,2.0,1.0,1.0,A01
201300041582,0,7,0,0.0,2.0,1.0,1.0,B01
201300041583,0,7,0,0.0,2.0,8.0,1.0,B01
201300041583,0,7,0,0.0,2.0,1.0,1.0,A01
201300041584,0,99,0,0.0,1.0,1.0,0.0,A01
201300041585,0,7,0,0.0,1.0,7.0,1.0,A01
201300041586,0,7,0,0.0,1.0,1.0,0.0,A01
201300041587,0,30,0,0.0,2.0,1.0,3.0,A01
201300041587,0,7,0,0.0,2.0,3.0,15.0,B01
201300041588,0,15,0,0.0,2.0,6.0,2.0,A01
201300041588,0,7,0,0.0,2.0,4.0,2.0,B01
201300041589,0,7,0,1.0,0.0,3.0,0.0,A01
201300041590,0,33,0,0.0,2.0,0.0,2.0,A01
201300041590,0,7,0,0.0,2.0,1.0,15.0,B01
201300041590,0,7,0,0.0,2.0,4.0,24.0,C01
201300041591,0,7,0,0.0,1.0,3.0,4.0,A01
201300041592,0,7,0,0.0,2.0,3.0,15.0,A01
201300041592,0,33,0,0.0,2.0,1.0,2.0,B01
201300041593,0,7,0,0.0,9.0,2.0,1.0,A01
201300041593,0,1,0,0.0,0.0,0.0,9.0,B01
201300041594,0,10,0,0.0,0.0,2.0,1.0,A01
201300041594,0,7,0,0.0,0.0,3.0,0.0,B01
201300041595,0,33,0,0.0,0.0,1.0,1.0,B01
201300041595,0,30,0,0.0,0.0,3.0,0.0,A01
201300041596,0,15,0,0.0,1.0,2.0,1.0,A01
201300041597,0,30,0,0.0,0.0,1.0,1.0,A01
201300041597,0,7,0,0.0,0.0,3.0,0.0,B01
201300041598,0,7,0,0.0,0.0,5.0,9.0,A01
201300041598,0,33,0,0.0,0.0,3.0,2.0,B01
201300041599,0,10,0,0.0,0.0,1.0,1.0,A01
201300041599,0,32,0,0.0,0.0,4.0,1.0,B01
201300041600,0,7,0,0.0,2.0,2.0,15.0,A01
201300041600,0,10,0,0.0,2.0,3.0,1.0,B01
201300041600,0,7,0,0.0,2.0,3.0,23.0,C01
201300041601,0,7,0,1.0,0.0,1.0,0.0,A01
201300041602,0,7,0,0.0,1.0,3.0,15.0,A01
201300041603,0,30,0,12.0,0.0,3.0,2.0,A01
201300041604,0,2,0,0.0,1.0,8.0,1.0,A01
201300041605,0,7,0,0.0,2.0,1.0,1.0,A01
201300041605,0,7,0,0.0,2.0,8.0,1.0,B01
201300041606,0,7,0,0.0,2.0,2.0,10.0,A01
201300041606,0,33,0,0.0,2.0,8.0,1.0,B01
201300041607,0,7,0,0.0,2.0,1.0,1.0,A01
201300041607,0,32,0,0.0,2.0,3.0,9.0,B01
201300041608,0,7,0,0.0,0.0,7.0,1.0,A01
201300041608,0,30,0,0.0,0.0,8.0,1.0,B01
201300041609,0,7,0,0.0,2.0,1.0,2.0,A01
201300041609,0,7,0,0.0,2.0,4.0,1.0,B01
201300041609,0,7,0,0.0,0.0,4.0,2.0,C01
201300041610,0,7,0,1.0,0.0,9.0,14.0,A01
201300041610,0,7,0,0.0,2.0,8.0,1.0,B01
201300041611,0,7,0,0.0,1.0,2.0,1.0,A01
201300041612,0,7,0,0.0,2.0,1.0,1.0,A01
201300041612,0,7,0,0.0,2.0,2.0,1.0,B01
201300041613,0,10,0,0.0,1.0,8.0,1.0,A01
201300041614,0,7,0,8.0,0.0,2.0,16.0,A01
201300041615,0,34,0,0.0,2.0,7.0,1.0,B01
201300041615,0,7,0,0.0,2.0,1.0,15.0,A01
201300041616,1,30,0,0.0,1.0,1.0,1.0,A01
201300041617,0,7,0,0.0,0.0,6.0,15.0,A01
201300041617,0,32,0,0.0,2.0,1.0,13.0,B01
201300041618,0,37,1,0.0,2.0,1.0,2.0,A01
201300041618,0,1,0,0.0,0.0,4.0,17.0,B01
201300041619,0,7,0,0.0,0.0,3.0,22.0,A01
201300041619,0,30,0,1.0,0.0,1.0,1.0,B01
201300041620,0,33,0,0.0,9.0,1.0,2.0,A01
201300041620,0,32,0,0.0,9.0,7.0,15.0,B01
201300041621,0,32,0,0.0,2.0,3.0,19.0,B01
201300041621,0,33,0,0.0,2.0,1.0,19.0,A01
201300041622,1,10,0,0.0,1.0,0.0,0.0,A01
201300041623,0,31,0,0.0,2.0,3.0,5.0,A01
201300041623,0,32,0,0.0,2.0,6.0,1.0,B01
201300041624,0,7,0,0.0,1.0,2.0,1.0,A01
201300041625,0,7,0,1.0,0.0,2.0,2.0,A01
201300041626,0,7,0,1.0,0.0,3.0,0.0,A01
201300041627,0,7,0,0.0,1.0,1.0,15.0,A01
201300041628,0,7,0,0.0,0.0,2.0,15.0,A01
201300041628,0,30,0,0.0,0.0,3.0,1.0,B01
201300041629,0,33,0,0.0,2.0,3.0,1.0,A01
201300041629,0,7,0,0.0,2.0,7.0,9.0,B01
201300041630,0,7,0,0.0,1.0,3.0,1.0,A01
201300041631,0,3,0,0.0,2.0,1.0,1.0,A01
201300041631,0,7,0,0.0,2.0,2.0,9.0,B01
201300041632,0,7,0,0.0,2.0,7.0,16.0,B01
201300041632,0,30,0,0.0,0.0,0.0,2.0,A01
201300041633,0,7,0,0.0,2.0,2.0,9.0,A01
201300041633,0,37,0,0.0,2.0,3.0,2.0,B01
201300041634,1,7,0,0.0,1.0,0.0,15.0,A01
201300041635,0,7,0,0.0,2.0,3.0,15.0,A01
201300041635,0,2,0,0.0,0.0,1.0,16.0,B01
201300041636,0,7,0,0.0,0.0,0.0,0.0,A01
201300041636,0,30,0,0.0,0.0,0.0,0.0,B01
201300041637,0,7,0,0.0,1.0,1.0,7.0,A01
201300041638,0,33,0,1.0,0.0,1.0,2.0,A01
201300041639,0,30,0,0.0,2.0,1.0,1.0,A01
201300041639,0,7,0,0.0,0.0,3.0,1.0,B01
201300041640,0,2,0,0.0,1.0,0.0,0.0,A01
201300041641,0,7,0,1.0,0.0,3.0,1.0,A01
201300041642,0,7,0,0.0,0.0,7.0,14.0,A01
201300041642,0,1,0,0.0,2.0,8.0,1.0,B01
201300041643,0,30,0,0.0,2.0,1.0,17.0,A01
201300041643,0,7,0,0.0,0.0,3.0,15.0,B01
201300041644,0,30,0,1.0,2.0,1.0,17.0,A01
201300041644,0,3,0,0.0,0.0,3.0,15.0,B01
201300041645,0,10,0,0.0,1.0,2.0,1.0,A01
201300041646,1,7,0,0.0,1.0,4.0,0.0,A01
201300041647,0,7,0,0.0,0.0,2.0,11.0,A01
201300041647,0,31,0,0.0,0.0,8.0,15.0,B01
201300041648,0,7,0,0.0,1.0,2.0,2.0,A01
201300041649,0,7,0,0.0,1.0,2.0,1.0,A01
201300041650,0,10,0,0.0,0.0,0.0,0.0,A01
201300041650,0,32,0,0.0,2.0,0.0,18.0,B01
201300041651,0,7,0,0.0,2.0,2.0,15.0,A01
201300041651,0,30,0,0.0,0.0,1.0,1.0,B01
201300041652,0,1,0,0.0,2.0,3.0,0.0,A01
201300041652,0,7,0,0.0,9.0,3.0,9.0,B01
201300041653,0,7,0,0.0,1.0,4.0,4.0,A01
201300041654,0,7,0,0.0,2.0,2.0,2.0,A01
201300041655,0,7,0,0.0,0.0,0.0,0.0,A01
201300041655,0,2,0,0.0,0.0,0.0,0.0,B01
201300041656,0,7,0,0.0,0.0,1.0,2.0,A01
201300041656,0,7,0,0.0,0.0,4.0,23.0,B01
201300041657,0,13,0,0.0,1.0,0.0,0.0,A01
201300041658,1,7,0,0.0,1.0,3.0,15.0,A01
201300041659,0,30,0,14.0,0.0,7.0,15.0,A01
201300041659,0,7,0,14.0,0.0,1.0,1.0,B01
201300041660,0,10,0,0.0,2.0,1.0,1.0,A01
201300041660,0,7,0,0.0,2.0,4.0,2.0,B01
201300041660,1,7,0,0.0,0.0,4.0,4.0,C01
201300041661,0,7,0,0.0,1.0,3.0,0.0,A01
201300041662,0,7,0,0.0,0.0,0.0,0.0,A01
201300041662,0,32,0,0.0,0.0,1.0,1.0,B01
201300041663,0,2,0,0.0,0.0,0.0,2.0,A01
201300041664,1,32,0,0.0,1.0,0.0,1.0,A01
201300041665,0,7,0,0.0,2.0,1.0,0.0,A01
201300041665,0,7,0,0.0,0.0,4.0,0.0,B01
201300041666,0,31,0,0.0,2.0,1.0,1.0,A01
201300041666,0,7,0,0.0,2.0,8.0,15.0,B01
201300041667,0,2,0,0.0,1.0,6.0,5.0,A01
201300041668,0,7,0,0.0,2.0,7.0,10.0,A01
201300041668,0,33,0,0.0,2.0,1.0,2.0,B01
201300041669,0,7,0,0.0,2.0,2.0,11.0,A01
201300041669,0,30,0,0.0,2.0,1.0,16.0,B01
201300041670,0,37,0,0.0,1.0,1.0,1.0,A01
201300041671,0,7,0,1.0,0.0,9.0,1.0,A01
201300041672,1,30,0,8.0,0.0,1.0,13.0,A01
201300041673,0,7,0,0.0,2.0,0.0,1.0,A01
201300041673,0,7,0,0.0,2.0,1.0,1.0,B01
201300041674,0,7,0,1.0,0.0,6.0,0.0,A01
201300041674,0,30,0,0.0,0.0,7.0,0.0,B01
201300041675,1,32,0,0.0,1.0,0.0,0.0,A01
201300041676,1,30,0,0.0,1.0,0.0,0.0,A01
201300041677,0,7,0,0.0,1.0,5.0,1.0,A01
201300041678,0,7,0,0.0,1.0,2.0,1.0,A01
201300041679,0,7,0,0.0,2.0,3.0,3.0,A01
201300041679,1,7,0,0.0,2.0,3.0,3.0,B01
201300041680,0,7,0,0.0,2.0,4.0,4.0,A01
201300041680,0,1,0,0.0,0.0,4.0,19.0,B01
201300041681,0,34,0,0.0,2.0,0.0,17.0,A01
201300041682,1,7,0,0.0,1.0,0.0,0.0,A01
201300041683,0,7,0,0.0,2.0,3.0,1.0,A01
201300041683,0,7,0,0.0,2.0,1.0,15.0,B01
201300041684,0,7,0,0.0,2.0,2.0,0.0,A01
201300041684,0,7,0,0.0,2.0,2.0,1.0,B01
201300041685,0,2,0,0.0,2.0,0.0,21.0,A01
201300041685,0,7,0,0.0,2.0,0.0,15.0,B01
201300041686,0,7,0,0.0,1.0,2.0,1.0,A01
201300041687,0,31,0,0.0,0.0,1.0,1.0,B01
201300041687,0,10,0,14.0,2.0,2.0,1.0,A01
201300041688,0,32,0,0.0,2.0,1.0,11.0,B01
201300041689,0,7,0,0.0,0.0,6.0,4.0,A01
201300041689,0,30,0,0.0,9.0,8.0,1.0,B01
201300041690,0,3,0,1.0,1.0,6.0,4.0,A01
201300041691,0,32,0,0.0,1.0,0.0,0.0,A01
201300041692,0,7,0,0.0,0.0,3.0,15.0,A01
201300041692,0,34,0,1.0,0.0,2.0,21.0,B01
201300041693,0,7,0,15.0,0.0,1.0,13.0,A01
201300041694,0,31,0,0.0,0.0,1.0,2.0,B01
201300041694,0,7,0,0.0,0.0,3.0,2.0,A01
201300041695,0,7,0,0.0,2.0,1.0,19.0,A01
201300041695,0,2,0,0.0,2.0,1.0,1.0,B01
201300041696,0,7,0,0.0,0.0,7.0,1.0,B01
201300041696,2,7,0,0.0,0.0,0.0,0.0,A01
201300041697,0,7,0,0.0,1.0,7.0,13.0,A01
201300041698,0,34,0,0.0,2.0,1.0,0.0,A01
201300041698,0,7,0,6.0,2.0,7.0,0.0,B01
201300041699,0,33,0,9.0,2.0,3.0,1.0,A01
201300041699,0,37,1,0.0,2.0,3.0,15.0,B01
201300041700,0,2,0,0.0,1.0,1.0,1.0,A01
201300041701,0,7,0,9.0,2.0,9.0,11.0,A01
201300041701,0,7,0,0.0,1.0,3.0,24.0,B01
201300041702,0,2,0,0.0,1.0,1.0,1.0,A01
201300041703,0,7,0,0.0,1.0,1.0,0.0,A01
201300041704,0,33,0,0.0,2.0,1.0,13.0,B01
201300041704,0,2,0,0.0,0.0,4.0,13.0,A01
201300041705,2,10,0,9.0,0.0,1.0,1.0,A01
201300041706,1,7,0,0.0,1.0,0.0,2.0,A01
201300041707,0,7,0,0.0,1.0,4.0,4.0,A01
201300041708,0,7,0,0.0,1.0,2.0,1.0,A01
201300041709,0,7,0,0.0,2.0,3.0,15.0,A01
201300041709,0,33,0,9.0,2.0,1.0,1.0,B01
201300041710,0,7,0,0.0,1.0,2.0,12.0,A01
201300041711,0,7,0,12.0,0.0,7.0,1.0,A01
201300041712,0,32,0,0.0,2.0,0.0,1.0,B01
201300041712,2,7,0,0.0,0.0,0.0,0.0,A01
201300041713,0,30,0,0.0,2.0,1.0,2.0,Y01
201300041713,0,7,0,0.0,2.0,1.0,20.0,A01
201300041714,0,17,0,0.0,2.0,6.0,15.0,A01
201300041714,0,30,0,0.0,2.0,7.0,17.0,B01
201300041715,0,7,0,0.0,2.0,1.0,2.0,A01
201300041715,0,32,0,0.0,0.0,4.0,15.0,B01
201300041716,0,30,0,14.0,0.0,1.0,6.0,A01
201300041717,0,10,0,12.0,1.0,4.0,4.0,A01
201300041718,0,7,0,15.0,0.0,2.0,15.0,A01
201300041718,0,7,0,0.0,2.0,1.0,2.0,B01
201300041719,0,7,0,0.0,2.0,2.0,2.0,A01
201300041719,0,7,0,1.0,2.0,8.0,9.0,B01
201300041720,0,7,0,0.0,2.0,2.0,0.0,A01
201300041720,0,7,0,0.0,2.0,0.0,0.0,B01
201300041721,0,7,0,0.0,0.0,7.0,15.0,A01
201300041721,0,2,0,0.0,2.0,1.0,1.0,B01
201300041722,0,7,0,0.0,2.0,1.0,2.0,A01
201300041722,0,7,0,0.0,0.0,4.0,2.0,B01
201300041723,0,7,0,3.0,2.0,5.0,1.0,A01
201300041723,0,7,0,0.0,2.0,1.0,1.0,B01
201300041724,0,3,0,0.0,2.0,3.0,1.0,B01
201300041724,0,10,0,0.0,2.0,2.0,15.0,A01
201300041725,0,7,0,15.0,0.0,2.0,1.0,A01
201300041726,2,10,0,5.0,0.0,1.0,0.0,A01
201300041727,0,7,0,0.0,2.0,1.0,1.0,B01
201300041727,0,10,0,0.0,2.0,3.0,1.0,A01
201300041728,0,33,0,1.0,0.0,1.0,17.0,B01
201300041729,0,7,0,1.0,2.0,1.0,1.0,A01
201300041729,0,7,0,0.0,2.0,2.0,15.0,B01
201300041730,0,7,0,0.0,1.0,2.0,16.0,A01
201300041731,0,7,0,0.0,2.0,7.0,11.0,A01
201300041731,0,7,0,0.0,9.0,3.0,1.0,B01
201300041732,0,7,0,0.0,2.0,1.0,1.0,A01
201300041732,0,7,0,0.0,0.0,4.0,1.0,B01
201300041733,0,30,0,8.0,0.0,1.0,1.0,A01
201300041734,0,10,0,0.0,0.0,7.0,15.0,A01
201300041734,0,33,0,0.0,2.0,1.0,7.0,B01
201300041735,0,7,0,1.0,2.0,7.0,1.0,A01
201300041735,0,7,0,0.0,2.0,1.0,1.0,B01
201300041736,0,7,0,0.0,2.0,1.0,1.0,B01
201300041736,0,7,0,0.0,2.0,8.0,1.0,A01
201300041737,0,7,0,0.0,2.0,1.0,2.0,A01
201300041737,0,10,0,0.0,2.0,6.0,2.0,B01
201300041737,0,7,0,0.0,2.0,3.0,2.0,C01
201300041738,0,31,0,0.0,2.0,4.0,2.0,A01
201300041738,1,7,0,0.0,2.0,1.0,2.0,Z01
201300041739,0,7,0,0.0,2.0,1.0,1.0,A01
201300041739,0,10,0,0.0,2.0,3.0,1.0,B01
201300041740,0,7,0,0.0,2.0,5.0,20.0,A01
201300041740,0,33,0,0.0,2.0,1.0,1.0,B01
201300041741,0,31,0,0.0,0.0,1.0,1.0,A01
201300041742,0,7,0,0.0,2.0,2.0,16.0,A01
201300041742,0,32,0,0.0,2.0,1.0,1.0,B01
201300041743,0,30,0,6.0,0.0,1.0,0.0,A01
201300041744,0,32,0,0.0,2.0,1.0,2.0,A01
201300041744,0,7,0,0.0,2.0,4.0,2.0,B01
201300041745,0,7,0,0.0,2.0,3.0,17.0,A01
201300041745,0,7,0,0.0,2.0,3.0,9.0,B01
201300041746,0,33,0,0.0,0.0,1.0,1.0,A01
201300041747,0,7,0,0.0,2.0,8.0,11.0,A01
201300041747,0,14,0,0.0,2.0,1.0,1.0,B01
201300041748,0,10,0,0.0,2.0,1.0,1.0,A01
201300041748,0,10,0,0.0,2.0,6.0,1.0,B01
201300041749,0,7,0,0.0,2.0,8.0,11.0,A01
201300041749,0,14,0,0.0,2.0,2.0,1.0,B01
201300041750,0,2,0,1.0,2.0,1.0,2.0,A01
201300041750,0,2,0,0.0,2.0,1.0,2.0,B01
201300041750,0,7,0,0.0,2.0,8.0,11.0,C01
201300041750,0,3,0,0.0,2.0,8.0,0.0,D01
201300041751,0,7,0,14.0,1.0,1.0,1.0,A01
201300041751,0,10,0,0.0,2.0,4.0,23.0,C01
201300041752,0,7,0,0.0,2.0,1.0,1.0,A01
201300041752,0,7,0,0.0,0.0,4.0,1.0,B01
201300041753,0,7,0,0.0,2.0,2.0,1.0,A01
201300041753,0,10,0,0.0,2.0,3.0,1.0,B01
201300041754,0,1,0,1.0,0.0,8.0,1.0,B01
201300041755,0,33,0,0.0,2.0,1.0,15.0,A01
201300041755,0,10,0,0.0,0.0,6.0,15.0,B01
201300041756,0,7,0,0.0,2.0,1.0,1.0,A01
201300041756,0,7,0,0.0,2.0,7.0,15.0,B01
201300041757,0,33,0,0.0,2.0,0.0,2.0,A01
201300041758,0,33,0,6.0,0.0,0.0,2.0,A01
201300041759,0,7,0,0.0,2.0,2.0,1.0,B01
201300041759,0,7,0,0.0,2.0,3.0,15.0,A01
201300041760,0,7,0,0.0,9.0,7.0,1.0,A01
201300041760,0,1,0,0.0,2.0,1.0,1.0,B01
201300041760,0,1,0,0.0,2.0,1.0,1.0,C01
201300041760,0,1,0,0.0,2.0,1.0,1.0,D01
201300041760,0,1,0,0.0,2.0,1.0,1.0,E01
201300041761,0,7,0,0.0,2.0,7.0,1.0,B01
201300041761,0,7,0,0.0,2.0,1.0,2.0,A01
201300041762,0,30,0,12.0,0.0,0.0,5.0,A01
201300041763,0,7,0,0.0,2.0,0.0,13.0,A01
201300041763,0,33,0,0.0,2.0,8.0,1.0,B01
201300041764,0,7,0,1.0,1.0,7.0,17.0,A01
201300041764,0,7,0,0.0,2.0,6.0,24.0,B01
201300041765,0,7,0,7.0,2.0,0.0,1.0,A01
201300041765,0,7,0,0.0,2.0,0.0,1.0,B01
201300041766,0,7,0,0.0,2.0,3.0,16.0,A01
201300041766,0,1,0,0.0,2.0,8.0,15.0,B01
201300041767,0,7,0,0.0,0.0,1.0,15.0,A01
201300041767,0,31,0,0.0,0.0,0.0,1.0,B01
201300041768,0,37,0,0.0,0.0,0.0,1.0,A01
201300041769,0,7,0,0.0,0.0,3.0,2.0,A01
201300041769,0,7,0,0.0,0.0,4.0,2.0,B01
201300041770,0,7,0,0.0,2.0,1.0,15.0,A01
201300041770,0,33,0,0.0,2.0,8.0,1.0,B01
201300041771,0,7,0,0.0,2.0,7.0,1.0,B01
201300041771,0,7,0,0.0,2.0,1.0,1.0,A01
201300041772,0,7,0,0.0,9.0,7.0,16.0,A01
201300041772,0,30,0,0.0,2.0,8.0,2.0,B01
201300041773,0,7,0,0.0,2.0,2.0,1.0,A01
201300041773,0,2,0,0.0,2.0,7.0,15.0,B01
201300041774,0,10,0,0.0,2.0,1.0,1.0,A01
201300041774,0,7,0,0.0,2.0,4.0,1.0,B01
201300041774,0,7,0,0.0,2.0,4.0,1.0,C01
201300041775,0,2,0,0.0,2.0,0.0,23.0,A01
201300041776,0,2,0,0.0,0.0,8.0,1.0,A01
201300041777,0,7,0,0.0,2.0,1.0,1.0,A01
201300041777,0,30,0,0.0,2.0,4.0,2.0,B01
201300041778,0,3,0,1.0,0.0,2.0,1.0,A01
201300041779,0,7,0,0.0,2.0,3.0,2.0,A01
201300041779,0,7,0,0.0,2.0,3.0,1.0,B01
201300041780,0,7,0,0.0,1.0,0.0,2.0,A01
201300041781,0,34,0,0.0,2.0,1.0,18.0,A01
201300041781,0,7,0,0.0,2.0,3.0,15.0,B01
201300041782,0,7,0,0.0,2.0,2.0,2.0,A01
201300041782,0,1,0,0.0,2.0,0.0,0.0,B01
201300041783,0,10,0,0.0,2.0,4.0,1.0,A01
201300041783,1,7,0,0.0,2.0,1.0,2.0,Z01
201300041784,0,37,0,0.0,0.0,0.0,0.0,A01
201300041785,0,7,0,0.0,1.0,3.0,15.0,A01
201300041786,0,7,0,0.0,2.0,2.0,20.0,A01
201300041786,0,7,0,0.0,2.0,1.0,1.0,B01
201300041787,0,7,0,0.0,2.0,0.0,0.0,B01
201300041787,0,7,0,0.0,2.0,3.0,16.0,A01
201300041788,0,10,0,9.0,2.0,8.0,1.0,A01
201300041788,0,7,0,9.0,2.0,1.0,1.0,B01
201300041789,0,2,0,0.0,2.0,3.0,18.0,A01
201300041789,0,10,0,0.0,2.0,7.0,16.0,B01
201300041790,0,7,0,0.0,2.0,1.0,1.0,A01
201300041790,0,7,0,0.0,2.0,7.0,1.0,B01
201300041791,0,7,0,0.0,2.0,2.0,1.0,B01
201300041791,0,2,0,0.0,2.0,1.0,1.0,A01
201300041792,0,7,0,0.0,0.0,8.0,2.0,A01
201300041792,0,7,0,0.0,9.0,1.0,2.0,B01
201300041792,0,7,0,0.0,9.0,1.0,2.0,C01
201300041793,0,7,0,0.0,2.0,1.0,1.0,A01
201300041793,0,30,0,0.0,2.0,1.0,5.0,B01
201300041794,0,7,0,0.0,2.0,3.0,1.0,A01
201300041794,1,31,0,0.0,2.0,0.0,0.0,B01
201300041795,0,30,0,0.0,1.0,3.0,2.0,A01
201300041796,0,7,0,0.0,2.0,1.0,19.0,A01
201300041796,0,34,0,0.0,2.0,8.0,1.0,B01
201300041797,0,7,0,0.0,1.0,0.0,0.0,A01
201300041798,0,7,0,1.0,0.0,0.0,0.0,A01
201300041799,0,33,0,0.0,2.0,1.0,1.0,A01
201300041799,1,7,0,0.0,2.0,2.0,15.0,Z01
201300041800,0,7,0,0.0,1.0,1.0,0.0,A01
201300041801,0,33,0,0.0,2.0,7.0,17.0,A01
201300041801,2,7,0,0.0,2.0,0.0,0.0,Z01
201300041802,0,33,0,0.0,2.0,1.0,9.0,B01
201300041802,0,7,0,0.0,2.0,3.0,9.0,A01
201300041803,0,7,0,0.0,2.0,2.0,1.0,A01
201300041803,0,7,0,0.0,2.0,6.0,1.0,B01
201300041804,0,31,0,0.0,0.0,9.0,16.0,A01
201300041805,1,7,0,0.0,2.0,0.0,2.0,A01
201300041805,0,7,0,0.0,2.0,9.0,1.0,B01
201300041805,0,7,0,0.0,2.0,1.0,1.0,C01
201300041806,0,7,0,0.0,1.0,2.0,0.0,A01
201300041807,0,7,0,0.0,2.0,1.0,2.0,A01
201300041807,0,7,0,0.0,2.0,5.0,2.0,B01
201300041808,0,7,0,0.0,2.0,2.0,2.0,A01
201300041808,0,1,0,0.0,2.0,1.0,0.0,B01
201300041809,0,7,0,0.0,1.0,1.0,1.0,A01
201300041810,0,3,0,0.0,2.0,1.0,9.0,A01
201300041810,0,3,0,0.0,0.0,7.0,0.0,B01
201300041811,0,7,0,0.0,2.0,3.0,1.0,A01
201300041811,0,7,0,0.0,0.0,6.0,15.0,B01
201300041812,0,7,0,0.0,1.0,1.0,16.0,A01
201300041813,0,3,0,4.0,0.0,2.0,2.0,A01
201300041814,0,13,0,0.0,9.0,5.0,1.0,A01
201300041814,0,1,0,0.0,2.0,0.0,0.0,B01
201300041815,0,7,0,15.0,2.0,5.0,1.0,B01
201300041815,0,10,0,0.0,2.0,0.0,0.0,A01
201300041816,0,7,0,0.0,1.0,0.0,1.0,A01
201300041817,0,7,0,0.0,0.0,0.0,0.0,A01
201300041817,0,7,0,0.0,2.0,4.0,2.0,B01
201300041818,0,1,0,0.0,2.0,7.0,1.0,B01
201300041818,0,7,0,0.0,9.0,3.0,9.0,A01
201300041819,0,7,0,3.0,0.0,1.0,2.0,A01
201300041820,0,3,0,0.0,2.0,1.0,2.0,A01
201300041820,0,7,0,0.0,2.0,1.0,9.0,B01
201300041821,0,10,0,0.0,0.0,1.0,2.0,B01
201300041821,0,7,0,0.0,0.0,7.0,0.0,A01
201300041822,0,7,0,0.0,0.0,1.0,1.0,B01
201300041822,0,10,0,1.0,1.0,2.0,1.0,A01
201300041823,0,15,0,0.0,1.0,1.0,15.0,A01
201300041824,0,33,0,0.0,0.0,2.0,2.0,A01
201300041824,0,7,0,0.0,0.0,1.0,0.0,B01
201300041825,0,2,0,0.0,2.0,2.0,2.0,B01
201300041825,0,7,0,0.0,2.0,2.0,15.0,A01
201300041826,0,32,0,0.0,2.0,1.0,1.0,B01
201300041826,0,7,0,0.0,2.0,2.0,9.0,A01
201300041827,0,7,0,0.0,2.0,6.0,15.0,A01
201300041827,0,33,0,0.0,2.0,7.0,1.0,B01
201300041828,0,7,0,0.0,1.0,1.0,0.0,A01
201300041829,2,3,0,0.0,1.0,0.0,0.0,A01
201300041830,0,1,0,0.0,0.0,3.0,2.0,A01
201300041830,0,7,0,0.0,0.0,7.0,2.0,B01
201300041831,0,7,0,0.0,0.0,6.0,10.0,A01
201300041831,1,2,0,0.0,2.0,0.0,0.0,B01
201300041832,0,7,0,0.0,2.0,1.0,2.0,A01
201300041832,0,10,0,0.0,2.0,4.0,2.0,B01
201300041833,0,32,0,0.0,2.0,1.0,0.0,B01
201300041833,0,7,0,0.0,2.0,8.0,19.0,A01
201300041834,0,7,0,0.0,1.0,2.0,0.0,A01
201300041835,0,7,0,0.0,2.0,3.0,15.0,A01
201300041835,0,34,0,0.0,2.0,1.0,17.0,B01
201300041836,0,7,0,0.0,0.0,6.0,4.0,A01
201300041836,0,7,0,0.0,0.0,2.0,2.0,B01
201300041837,0,7,0,0.0,1.0,8.0,0.0,A01
201300041838,0,34,0,0.0,1.0,1.0,1.0,A01
201300041839,0,30,0,0.0,2.0,0.0,13.0,A01
201300041839,0,7,0,0.0,2.0,1.0,1.0,B01
201300041840,0,10,0,0.0,0.0,1.0,2.0,A01
201300041840,0,2,0,0.0,2.0,1.0,3.0,B01
201300041841,0,7,0,0.0,1.0,1.0,0.0,A01
201300041842,0,7,0,0.0,2.0,1.0,15.0,A01