Num_Acc,senc,catv,occutc,obs,obsm,choc,manv,num_veh
201300041842,0,1,0,0.0,2.0,1.0,1.0,B01
201300041843,0,10,0,0.0,0.0,2.0,2.0,A01
201300041843,0,33,0,12.0,1.0,3.0,2.0,B01
201300041844,0,3,0,0.0,1.0,5.0,4.0,A01
201300041845,0,3,0,0.0,1.0,4.0,0.0,A01
201300041846,0,7,0,0.0,2.0,3.0,2.0,A01
201300041846,0,33,0,0.0,2.0,2.0,2.0,B01
201300041847,0,7,0,0.0,2.0,1.0,2.0,A01
201300041847,0,3,0,0.0,2.0,4.0,2.0,B01
201300041848,0,7,0,0.0,2.0,3.0,1.0,A01
201300041848,0,7,0,0.0,2.0,7.0,2.0,B01
201300041849,1,10,0,0.0,2.0,1.0,1.0,A01
201300041849,0,7,0,0.0,0.0,4.0,1.0,B01
201300041850,0,7,0,0.0,2.0,1.0,2.0,A01
201300041850,0,32,0,0.0,2.0,4.0,1.0,B01
201300041850,0,7,0,0.0,2.0,4.0,1.0,C01
201300041851,0,7,0,,,,,A01
201300041851,0,7,0,0.0,2.0,1.0,2.0,B01
201300041852,0,7,0,0.0,1.0,2.0,1.0,A01
201300041853,0,7,0,0.0,1.0,1.0,1.0,A01
201300041854,0,7,0,0.0,1.0,3.0,2.0,A01
201300041855,0,7,0,0.0,1.0,4.0,4.0,A01
201300041856,0,30,0,0.0,2.0,7.0,5.0,A01
201300041856,0,7,0,0.0,2.0,2.0,15.0,B01
201300041857,0,7,0,0.0,2.0,0.0,4.0,B01
201300041857,0,34,0,0.0,2.0,2.0,17.0,A01
201300041858,0,30,0,0.0,2.0,3.0,1.0,B01
201300041858,0,7,0,0.0,2.0,2.0,1.0,A01
201300041859,0,7,0,15.0,0.0,2.0,15.0,A01
201300041860,0,7,0,0.0,2.0,3.0,0.0,B01
201300041860,0,7,0,0.0,2.0,1.0,2.0,A01
201300041861,0,7,0,0.0,1.0,2.0,2.0,A01
201300041862,0,7,0,0.0,1.0,1.0,1.0,A01
201300041863,0,7,0,0.0,0.0,8.0,24.0,A01
201300041863,0,7,0,1.0,0.0,7.0,17.0,B01
201300041864,0,32,0,0.0,2.0,3.0,2.0,A01
201300041864,0,7,0,0.0,2.0,2.0,2.0,B01
201300041865,1,33,0,0.0,1.0,0.0,0.0,Z01
201300041866,0,34,0,0.0,2.0,1.0,1.0,A01
201300041866,0,10,0,0.0,0.0,5.0,15.0,B01
201300041867,0,33,0,2.0,0.0,1.0,0.0,A01
201300041868,0,7,0,0.0,0.0,0.0,0.0,A01
201300041869,0,7,0,0.0,1.0,1.0,1.0,A01
201300041870,2,34,0,0.0,1.0,7.0,2.0,A01
201300041871,0,2,0,0.0,2.0,4.0,2.0,A01
201300041871,0,3,0,0.0,2.0,5.0,24.0,B01
201300041872,0,3,0,0.0,1.0,3.0,1.0,A01
201300041873,0,30,0,3.0,0.0,1.0,0.0,A01
201300041874,0,30,0,0.0,2.0,1.0,1.0,A01
201300041874,0,7,0,0.0,0.0,5.0,15.0,B01
201300041875,0,7,0,0.0,2.0,8.0,10.0,A01
201300041875,0,32,0,0.0,2.0,1.0,2.0,B01
201300041876,0,7,0,0.0,1.0,4.0,20.0,A01
201300041877,1,30,0,0.0,1.0,1.0,1.0,A01
201300041878,0,2,0,0.0,2.0,7.0,17.0,A01
201300041878,0,7,0,0.0,0.0,8.0,2.0,B01
201300041879,0,7,0,0.0,2.0,7.0,15.0,A01
201300041879,0,33,0,0.0,2.0,1.0,1.0,B01
201300041879,0,7,0,0.0,2.0,3.0,1.0,C01
201300041880,0,7,0,0.0,1.0,1.0,1.0,A01
201300041881,0,7,0,0.0,1.0,1.0,0.0,A01
201300041882,0,7,0,0.0,1.0,3.0,1.0,A01
201300041883,0,7,0,0.0,2.0,3.0,2.0,A01
201300041883,0,32,0,0.0,2.0,7.0,17.0,B01
201300041884,0,7,0,0.0,1.0,2.0,1.0,A01
201300041885,0,10,0,0.0,1.0,7.0,4.0,A01
201300041886,0,33,0,14.0,0.0,1.0,1.0,A01
201300041887,0,7,0,0.0,2.0,1.0,9.0,A01
201300041887,0,3,0,0.0,2.0,1.0,1.0,B01
201300041888,0,7,0,0.0,2.0,7.0,24.0,A01
201300041888,0,2,0,1.0,0.0,1.0,1.0,B01
201300041889,0,7,0,0.0,2.0,1.0,2.0,A01
201300041889,0,7,0,0.0,2.0,4.0,1.0,B01
201300041890,0,31,0,0.0,1.0,1.0,2.0,A01
201300041891,0,7,0,0.0,2.0,3.0,9.0,A01
201300041891,0,33,0,0.0,2.0,2.0,1.0,B01
201300041892,0,33,0,0.0,2.0,1.0,2.0,A01
201300041892,0,7,0,0.0,2.0,3.0,15.0,B01
201300041893,0,32,0,0.0,2.0,2.0,2.0,A01
201300041893,0,7,0,0.0,2.0,3.0,0.0,B01
201300041894,0,7,0,0.0,0.0,2.0,0.0,B01
201300041894,0,33,0,0.0,0.0,8.0,0.0,A01
201300041895,0,7,0,0.0,2.0,3.0,15.0,A01
201300041895,0,30,0,0.0,0.0,8.0,2.0,B01
201300041896,0,7,0,0.0,2.0,1.0,11.0,A01
201300041896,0,32,0,0.0,2.0,1.0,0.0,B01
201300041897,1,30,0,0.0,1.0,1.0,1.0,A01
201300041898,0,2,0,0.0,2.0,1.0,17.0,A01
201300041898,0,7,0,0.0,0.0,3.0,15.0,B01
201300041899,0,7,0,0.0,2.0,1.0,1.0,A01
201300041899,0,1,0,0.0,0.0,3.0,1.0,B01
201300041900,0,7,0,0.0,2.0,1.0,2.0,A01
201300041900,0,7,0,0.0,2.0,4.0,2.0,B01
201300041901,0,33,0,0.0,2.0,1.0,3.0,A01
201300041901,0,7,0,0.0,2.0,2.0,9.0,B01
201300041901,0,7,0,0.0,2.0,2.0,1.0,C01
201300041902,0,10,0,0.0,0.0,3.0,15.0,A01
201300041902,0,2,0,0.0,0.0,5.0,17.0,B01
201300041903,0,7,0,0.0,2.0,8.0,1.0,A01
201300041903,0,10,0,0.0,2.0,1.0,1.0,B01
201300041904,0,31,0,0.0,0.0,8.0,1.0,A01
201300041904,0,7,0,0.0,2.0,1.0,15.0,B01
201300041905,0,7,0,0.0,0.0,3.0,10.0,A01
201300041905,0,30,0,0.0,2.0,1.0,2.0,B01
201300041906,0,37,0,0.0,1.0,3.0,1.0,A01
201300041907,0,7,0,0.0,2.0,6.0,10.0,A01
201300041907,0,34,0,8.0,2.0,1.0,2.0,B01
201300041908,0,10,0,0.0,0.0,1.0,23.0,C01
201300041908,0,10,0,0.0,2.0,3.0,2.0,A01
201300041908,0,31,0,0.0,2.0,9.0,2.0,B01
201300041909,0,10,0,0.0,0.0,1.0,1.0,A01
201300041909,0,7,0,0.0,2.0,7.0,1.0,B01
201300041910,0,7,0,0.0,1.0,3.0,1.0,A01
201300041911,0,7,0,0.0,1.0,2.0,15.0,A01
201300041912,0,7,0,0.0,2.0,4.0,23.0,A01
201300041912,0,7,0,0.0,2.0,1.0,23.0,B01
201300041912,0,7,0,0.0,2.0,1.0,2.0,C01
201300041913,0,37,0,0.0,9.0,3.0,2.0,A01
201300041913,0,1,0,0.0,9.0,8.0,19.0,B01
201300041914,0,7,0,0.0,0.0,3.0,15.0,A01
201300041914,0,31,0,0.0,2.0,1.0,2.0,B01
201300041915,0,13,0,0.0,0.0,8.0,15.0,A01
201300041915,0,10,0,0.0,2.0,1.0,1.0,B01
201300041915,0,99,0,0.0,2.0,1.0,1.0,C01
201300041916,0,3,0,0.0,1.0,7.0,16.0,A01
201300041917,0,3,0,0.0,1.0,1.0,15.0,A01
201300041918,0,33,0,0.0,0.0,2.0,2.0,A01
201300041918,0,10,0,0.0,0.0,6.0,15.0,B01
201300041919,0,7,0,0.0,1.0,1.0,0.0,A01
201300041920,0,7,0,0.0,1.0,2.0,15.0,A01
201300041921,0,7,0,0.0,2.0,2.0,1.0,A01
201300041921,0,7,0,0.0,2.0,3.0,2.0,B01
201300041922,0,7,0,0.0,2.0,3.0,1.0,A01
201300041922,0,7,0,0.0,0.0,1.0,20.0,C01
201300041922,0,36,0,6.0,2.0,1.0,1.0,B01
201300041923,0,7,0,0.0,1.0,1.0,1.0,A01
201300041924,0,7,0,0.0,0.0,2.0,19.0,A01
201300041924,0,32,0,0.0,0.0,8.0,1.0,B01
201300041925,1,7,0,0.0,1.0,0.0,0.0,Z01
201300041926,0,7,0,1.0,2.0,1.0,2.0,A01
201300041926,0,2,0,1.0,0.0,3.0,19.0,B01
201300041927,0,7,0,0.0,1.0,1.0,15.0,A01
201300041928,0,7,0,0.0,1.0,3.0,2.0,A01
201300041929,0,7,0,0.0,0.0,8.0,23.0,B01
201300041929,0,7,0,0.0,2.0,1.0,14.0,A01
201300041930,0,7,0,0.0,1.0,2.0,2.0,A01
201300041931,0,34,0,0.0,2.0,1.0,1.0,A01
201300041931,0,7,0,0.0,2.0,3.0,9.0,B01
201300041932,0,7,0,0.0,1.0,0.0,0.0,A01
201300041933,1,7,0,0.0,2.0,1.0,2.0,A01
201300041933,0,7,0,0.0,2.0,4.0,23.0,B01
201300041933,0,7,0,0.0,0.0,4.0,23.0,C01
201300041934,0,7,0,0.0,9.0,3.0,22.0,A01
201300041934,0,1,0,1.0,2.0,1.0,1.0,B01
201300041935,0,7,0,0.0,0.0,3.0,2.0,A01
201300041936,0,7,0,1.0,0.0,2.0,2.0,A01
201300041937,0,7,0,0.0,2.0,1.0,2.0,A01
201300041937,0,1,0,0.0,0.0,1.0,15.0,B01
201300041938,0,10,0,0.0,1.0,2.0,15.0,A01
201300041939,0,7,0,0.0,2.0,2.0,15.0,A01
201300041939,0,2,0,0.0,2.0,1.0,1.0,B01
201300041940,0,7,0,0.0,2.0,3.0,2.0,A01
201300041940,0,2,0,0.0,2.0,7.0,1.0,B01
201300041941,0,7,0,9.0,0.0,7.0,15.0,B01
201300041941,2,7,0,0.0,2.0,1.0,2.0,Z01
201300041942,0,7,0,0.0,0.0,1.0,11.0,A01
201300041942,0,2,0,0.0,2.0,1.0,0.0,B01
201300041943,0,10,0,0.0,2.0,4.0,2.0,A01
201300041943,0,10,0,0.0,2.0,4.0,2.0,B01
201300041943,0,10,0,0.0,2.0,1.0,2.0,C01
201300041944,0,7,0,0.0,2.0,8.0,9.0,A01
201300041944,0,2,0,0.0,2.0,1.0,1.0,B01
201300041945,0,31,0,0.0,2.0,1.0,17.0,A01
201300041945,0,7,0,0.0,0.0,3.0,15.0,B01
201300041946,0,14,0,0.0,2.0,1.0,1.0,A01
201300041946,0,7,0,0.0,0.0,5.0,2.0,B01
201300041947,0,33,0,0.0,2.0,2.0,1.0,A01
201300041947,0,7,0,0.0,2.0,5.0,15.0,B01
201300041948,0,7,0,0.0,1.0,2.0,1.0,A01
201300041949,1,10,0,0.0,1.0,0.0,1.0,Z01
201300041950,0,7,0,0.0,1.0,1.0,2.0,A01
201300041951,0,2,0,0.0,2.0,2.0,21.0,A01
201300041951,0,7,0,0.0,2.0,6.0,16.0,B01
201300041952,0,7,0,0.0,1.0,1.0,1.0,A01
201300041953,0,7,0,0.0,1.0,5.0,1.0,A01
201300041954,0,7,0,9.0,2.0,1.0,1.0,B01
201300041954,0,7,0,9.0,2.0,7.0,1.0,A01
201300041955,0,7,0,0.0,2.0,3.0,1.0,A01
201300041955,0,7,0,0.0,2.0,3.0,1.0,B01
201300041956,0,99,0,0.0,2.0,1.0,13.0,A01
201300041956,0,7,0,0.0,2.0,2.0,1.0,B01
201300041957,0,33,0,0.0,2.0,1.0,2.0,A01
201300041957,0,7,0,0.0,2.0,1.0,2.0,B01
201300041957,0,7,0,0.0,0.0,4.0,2.0,C01
201300041958,0,7,0,0.0,2.0,2.0,2.0,A01
201300041958,0,7,0,0.0,2.0,4.0,2.0,B01
201300041959,0,7,0,6.0,0.0,1.0,1.0,A01
201300041960,0,7,0,0.0,2.0,2.0,15.0,A01
201300041960,0,32,0,0.0,2.0,9.0,1.0,B01
201300041960,0,7,0,0.0,2.0,3.0,23.0,C01
201300041961,0,7,0,1.0,0.0,9.0,1.0,A01
201300041962,0,2,0,0.0,2.0,1.0,2.0,A01
201300041962,0,7,0,0.0,2.0,3.0,15.0,B01
201300041963,0,33,0,0.0,1.0,0.0,2.0,A01
201300041964,0,7,0,0.0,1.0,3.0,2.0,A01
201300041965,0,32,0,0.0,2.0,1.0,1.0,A01
201300041965,0,7,0,0.0,2.0,8.0,1.0,B01
201300041966,0,7,0,0.0,2.0,2.0,1.0,A01
201300041966,0,1,0,0.0,0.0,3.0,15.0,B01
201300041967,0,1,0,0.0,0.0,0.0,1.0,B01
201300041967,1,99,0,0.0,2.0,0.0,2.0,Z01
201300041968,0,7,0,0.0,1.0,2.0,0.0,A01
201300041969,0,37,1,0.0,2.0,1.0,15.0,A01
201300041969,0,7,0,0.0,2.0,2.0,1.0,B01
201300041970,0,7,0,9.0,1.0,1.0,1.0,A01
201300041971,0,10,0,0.0,1.0,3.0,1.0,A01
201300041972,0,33,0,0.0,2.0,2.0,15.0,A01
201300041972,0,7,0,0.0,2.0,2.0,11.0,B01
201300041973,0,99,0,0.0,2.0,1.0,0.0,A01
201300041973,0,7,0,0.0,2.0,1.0,1.0,B01
201300041974,0,7,0,0.0,2.0,1.0,1.0,A01
201300041974,0,10,0,0.0,2.0,8.0,1.0,B01
201300041975,0,7,0,0.0,2.0,2.0,16.0,A01
201300041975,0,37,46,0.0,2.0,3.0,2.0,B01
201300041976,0,99,0,0.0,2.0,1.0,1.0,A01
201300041976,0,7,0,0.0,2.0,3.0,15.0,B01
201300041977,0,7,0,0.0,1.0,3.0,2.0,A01
201300041978,0,37,1,0.0,1.0,7.0,0.0,A01
201300041979,0,10,0,8.0,0.0,2.0,15.0,A01
201300041980,0,7,0,0.0,1.0,1.0,0.0,A01
201300041981,0,1,0,0.0,0.0,1.0,15.0,A01
201300041981,1,7,0,0.0,2.0,1.0,1.0,Z01
201300041982,0,7,0,0.0,1.0,4.0,4.0,A01
201300041983,0,7,0,0.0,1.0,1.0,15.0,A01
201300041984,0,30,0,0.0,2.0,1.0,0.0,A01
201300041984,0,7,0,0.0,2.0,2.0,0.0,B01
201300041985,0,7,0,0.0,2.0,1.0,1.0,A01
201300041985,0,1,0,0.0,0.0,8.0,2.0,B01
201300041986,0,7,0,0.0,0.0,6.0,17.0,A01
201300041986,0,7,0,0.0,2.0,2.0,0.0,B01
201300041987,0,99,0,6.0,0.0,1.0,1.0,A01
201300041988,0,7,0,0.0,1.0,1.0,1.0,A01
201300041989,2,7,0,0.0,2.0,2.0,1.0,A01
201300041989,0,7,0,1.0,0.0,4.0,23.0,B01
201300041990,0,34,0,0.0,1.0,7.0,1.0,A01
201300041991,0,7,0,0.0,1.0,2.0,1.0,A01
201300041992,0,7,0,0.0,2.0,1.0,5.0,A01
201300041992,0,2,0,0.0,2.0,1.0,5.0,B01
201300041993,0,7,0,0.0,2.0,1.0,1.0,A01
201300041993,0,33,0,0.0,0.0,2.0,1.0,B01
201300041994,1,7,0,0.0,1.0,2.0,1.0,Z01
201300041995,0,7,0,0.0,1.0,1.0,1.0,A01
201300041996,0,7,0,0.0,1.0,1.0,1.0,A01
201300041997,0,7,0,0.0,0.0,1.0,2.0,A01
201300041997,0,7,0,0.0,0.0,4.0,2.0,B01
201300041998,0,7,0,0.0,2.0,1.0,15.0,A01
201300041998,0,7,0,0.0,2.0,4.0,24.0,C01
201300041998,0,7,0,0.0,2.0,1.0,2.0,B01
201300041999,0,37,1,0.0,2.0,3.0,1.0,B01
201300041999,1,7,0,0.0,2.0,7.0,14.0,Z01
201300042000,0,30,0,0.0,2.0,3.0,0.0,A01
201300042000,0,10,0,0.0,2.0,3.0,0.0,B01
201300042001,0,7,0,0.0,2.0,3.0,14.0,A01
201300042001,0,7,0,0.0,0.0,2.0,0.0,B01
201300042002,0,10,0,0.0,1.0,0.0,0.0,A01
201300042003,0,10,0,0.0,0.0,3.0,11.0,A01
201300042003,0,33,0,0.0,2.0,7.0,21.0,B01
201300042004,0,7,0,0.0,1.0,1.0,2.0,A01
201300042005,0,33,0,0.0,2.0,8.0,1.0,B01
201300042005,0,7,0,0.0,2.0,7.0,1.0,A01
201300042006,0,7,0,12.0,0.0,9.0,2.0,A01
201300042007,0,30,0,0.0,0.0,8.0,2.0,A01
201300042008,0,3,0,3.0,0.0,1.0,2.0,A01
201300042009,0,10,0,0.0,2.0,1.0,1.0,A01
201300042009,0,7,0,0.0,2.0,4.0,1.0,B01
201300042010,0,3,0,0.0,2.0,8.0,9.0,A01
201300042010,0,7,0,0.0,2.0,1.0,11.0,B01
201300042011,0,7,0,0.0,2.0,2.0,15.0,A01
201300042011,0,34,0,0.0,2.0,1.0,1.0,B01
201300042012,0,7,0,0.0,2.0,3.0,0.0,A01
201300042012,0,7,0,0.0,2.0,5.0,0.0,B01
201300042013,0,7,0,12.0,2.0,3.0,1.0,A01
201300042013,0,7,0,12.0,2.0,1.0,1.0,B01
201300042014,0,7,0,0.0,1.0,1.0,1.0,A01
201300042015,0,7,0,1.0,0.0,2.0,1.0,A01
201300042016,0,7,0,0.0,2.0,6.0,0.0,B01
201300042016,0,7,0,0.0,2.0,2.0,9.0,A01
201300042017,0,7,0,0.0,1.0,2.0,1.0,A01
201300042018,0,7,0,0.0,0.0,5.0,2.0,A01
201300042018,0,15,0,0.0,2.0,3.0,2.0,B01
201300042019,0,7,0,0.0,1.0,2.0,2.0,A01
201300042019,0,7,0,0.0,1.0,6.0,23.0,B01
201300042020,0,7,0,0.0,2.0,2.0,1.0,A01
201300042020,0,7,0,0.0,0.0,0.0,1.0,B01
201300042021,0,13,0,0.0,2.0,1.0,2.0,A01
201300042021,0,13,0,0.0,2.0,4.0,2.0,B01
201300042022,0,7,0,15.0,0.0,1.0,0.0,A01
201300042023,0,1,0,0.0,2.0,7.0,19.0,A01
201300042023,0,7,0,0.0,2.0,1.0,1.0,B01
201300042024,0,7,0,0.0,0.0,4.0,1.0,A01
201300042024,0,7,0,0.0,2.0,1.0,1.0,B01
201300042025,0,7,0,0.0,2.0,1.0,1.0,A01
201300042025,0,7,0,0.0,2.0,7.0,15.0,B01
201300042026,0,7,0,15.0,0.0,1.0,0.0,A01
201300042027,0,7,0,0.0,1.0,1.0,9.0,A01
201300042028,0,3,0,0.0,2.0,3.0,2.0,A01
201300042028,0,3,0,0.0,0.0,5.0,2.0,B01
201300042029,0,10,0,0.0,1.0,8.0,2.0,A01
201300042030,0,7,0,0.0,2.0,2.0,1.0,A01
201300042030,0,7,0,0.0,2.0,1.0,1.0,B01
201300042031,0,37,3,0.0,0.0,2.0,1.0,A01
201300042031,0,7,0,0.0,0.0,1.0,16.0,B01
201300042032,0,32,0,0.0,2.0,1.0,17.0,A01
201300042032,0,10,0,0.0,2.0,7.0,15.0,B01
201300042032,0,10,0,0.0,9.0,1.0,23.0,C01
201300042033,0,10,0,0.0,2.0,1.0,2.0,A01
201300042033,0,10,0,0.0,2.0,7.0,15.0,B01
201300042034,0,7,0,0.0,1.0,4.0,4.0,A01
201300042035,0,7,0,0.0,1.0,2.0,1.0,A01
201300042036,0,7,0,0.0,2.0,1.0,2.0,A01
201300042036,0,7,0,0.0,0.0,4.0,2.0,B01
201300042037,0,30,0,0.0,0.0,0.0,2.0,A01
201300042038,0,7,0,1.0,0.0,2.0,0.0,A01
201300042039,0,7,0,0.0,2.0,2.0,1.0,A01
201300042039,0,1,0,0.0,2.0,1.0,2.0,B01
201300042040,0,7,0,0.0,0.0,8.0,16.0,A01
201300042040,0,32,0,0.0,0.0,1.0,1.0,B01
201300042041,0,33,0,0.0,0.0,7.0,15.0,A01
201300042042,0,2,0,0.0,2.0,1.0,1.0,B01
201300042042,1,7,0,0.0,2.0,1.0,1.0,A01
201300042043,0,7,0,1.0,0.0,1.0,1.0,A01
201300042043,0,7,0,0.0,2.0,4.0,1.0,B01
201300042044,0,7,0,0.0,2.0,3.0,11.0,A01
201300042044,0,7,0,0.0,2.0,5.0,2.0,B01
201300042045,0,7,0,0.0,1.0,2.0,1.0,A01
201300042046,0,7,0,0.0,1.0,2.0,16.0,A01
201300042047,0,7,0,0.0,2.0,2.0,10.0,A01
201300042047,0,32,0,0.0,2.0,3.0,1.0,B01
201300042048,0,7,0,0.0,0.0,6.0,1.0,B01
201300042048,0,33,0,0.0,2.0,1.0,1.0,A01
201300042049,0,7,0,0.0,2.0,1.0,2.0,A01
201300042049,0,7,0,0.0,0.0,4.0,2.0,B01
201300042050,0,7,0,0.0,2.0,2.0,2.0,A01
201300042050,0,10,0,0.0,2.0,2.0,2.0,B01
201300042050,0,7,0,0.0,2.0,0.0,2.0,C01
201300042051,0,10,0,0.0,1.0,1.0,1.0,A01
201300042052,0,7,0,2.0,2.0,3.0,21.0,A01
201300042052,0,7,0,0.0,2.0,1.0,0.0,C01
201300042052,0,7,0,2.0,2.0,5.0,0.0,B01
201300042053,0,7,0,0.0,2.0,1.0,15.0,A01
201300042053,0,7,0,0.0,2.0,1.0,1.0,B01
201300042054,0,7,0,0.0,1.0,1.0,1.0,A01
201300042055,0,7,0,0.0,0.0,1.0,1.0,A01
201300042055,0,7,0,0.0,0.0,5.0,1.0,B01
201300042056,0,7,0,0.0,2.0,1.0,0.0,B01
201300042056,0,7,0,0.0,2.0,2.0,1.0,A01
201300042057,0,7,0,0.0,1.0,1.0,2.0,A01
201300042058,0,7,0,0.0,1.0,1.0,15.0,A01
201300042059,0,7,0,0.0,9.0,3.0,13.0,A01
201300042059,0,33,0,4.0,2.0,7.0,17.0,B01
201300042060,0,7,0,0.0,1.0,3.0,1.0,A01
201300042061,0,33,0,0.0,2.0,1.0,1.0,A01
201300042061,0,7,0,0.0,2.0,1.0,15.0,B01
201300042062,2,10,0,0.0,2.0,3.0,0.0,B01
201300042062,0,7,0,0.0,2.0,1.0,16.0,A01
201300042063,0,30,0,0.0,1.0,1.0,2.0,A01
201300042064,0,32,0,0.0,1.0,1.0,17.0,A01
201300042065,0,2,0,0.0,2.0,1.0,21.0,B01
201300042065,0,7,0,0.0,2.0,2.0,1.0,A01
201300042066,2,7,0,6.0,0.0,1.0,0.0,A01
201300042067,0,7,0,0.0,1.0,3.0,1.0,A01
201300042068,0,10,0,14.0,0.0,1.0,1.0,A01
201300042068,0,7,0,0.0,0.0,4.0,1.0,B01
201300042069,0,10,0,0.0,2.0,8.0,2.0,A01
201300042069,0,30,0,0.0,2.0,7.0,1.0,B01
201300042070,0,7,0,0.0,2.0,3.0,0.0,B01
201300042070,1,7,0,0.0,0.0,0.0,0.0,Z01
201300042071,0,37,1,0.0,2.0,5.0,14.0,A01
201300042071,0,33,0,0.0,0.0,1.0,15.0,B01
201300042072,0,7,0,0.0,0.0,3.0,2.0,A01
201300042072,0,7,0,0.0,0.0,5.0,2.0,B01
201300042073,0,7,0,0.0,1.0,1.0,1.0,A01
201300042074,0,7,0,0.0,2.0,7.0,1.0,A01
201300042074,0,34,0,0.0,2.0,1.0,1.0,B01
201300042075,0,10,0,0.0,2.0,1.0,1.0,A01
201300042075,0,7,0,0.0,2.0,3.0,1.0,B01
201300042076,0,7,0,0.0,1.0,5.0,1.0,A01
201300042077,0,33,0,1.0,0.0,0.0,1.0,A01
201300042078,0,7,0,0.0,2.0,1.0,1.0,A01
201300042078,0,7,0,0.0,2.0,8.0,15.0,B01
201300042079,0,7,0,0.0,2.0,2.0,9.0,A01
201300042079,0,30,0,0.0,2.0,1.0,0.0,B01
201300042080,0,7,0,0.0,0.0,2.0,15.0,A01
201300042080,0,1,0,0.0,2.0,8.0,15.0,B01
201300042081,0,7,0,0.0,0.0,3.0,10.0,A01
201300042081,0,34,0,0.0,2.0,1.0,2.0,B01
201300042082,0,7,0,0.0,2.0,1.0,2.0,A01
201300042082,0,7,0,0.0,2.0,4.0,2.0,B01
201300042082,0,7,0,0.0,2.0,4.0,2.0,C01
201300042083,0,10,0,0.0,2.0,3.0,11.0,A01
201300042083,0,7,0,0.0,2.0,2.0,1.0,B01
201300042084,0,7,0,0.0,1.0,3.0,1.0,A01
201300042085,0,7,0,0.0,1.0,2.0,1.0,A01
201300042086,0,7,0,0.0,2.0,1.0,1.0,A01
201300042086,0,7,0,0.0,2.0,2.0,15.0,B01
201300042087,0,30,0,0.0,2.0,5.0,1.0,A01
201300042087,0,7,0,0.0,2.0,2.0,1.0,B01
201300042088,0,7,0,0.0,2.0,2.0,1.0,A01
201300042088,0,7,0,0.0,2.0,8.0,15.0,B01
201300042089,0,7,0,0.0,1.0,2.0,2.0,A01
201300042090,0,7,0,0.0,1.0,3.0,1.0,A01
201300042091,0,33,0,0.0,2.0,2.0,1.0,B01
201300042091,0,7,0,0.0,2.0,3.0,15.0,A01
201300042092,0,13,0,14.0,0.0,1.0,2.0,A01
201300042092,0,7,0,0.0,0.0,4.0,2.0,B01
201300042093,0,10,0,0.0,1.0,1.0,2.0,A01
201300042094,0,7,0,0.0,2.0,1.0,2.0,B01
201300042094,1,7,0,0.0,0.0,0.0,2.0,Z01
201300042095,0,10,0,0.0,1.0,2.0,17.0,A01
201300042096,0,2,0,0.0,0.0,0.0,0.0,A01
201300042096,0,33,0,0.0,0.0,0.0,0.0,B01
201300042097,0,7,0,0.0,1.0,1.0,0.0,A01
201300042098,0,7,0,0.0,1.0,1.0,1.0,A01
201300042099,0,32,0,8.0,0.0,9.0,0.0,A01
201300042100,0,7,0,0.0,2.0,1.0,1.0,A01
201300042100,0,7,0,0.0,2.0,8.0,15.0,B01
201300042101,0,7,0,0.0,2.0,7.0,0.0,A01
201300042101,0,7,0,0.0,2.0,1.0,0.0,B01
201300042102,0,10,0,0.0,1.0,4.0,4.0,A01
201300042103,1,7,0,0.0,1.0,1.0,15.0,A01
201300042104,0,7,0,0.0,1.0,3.0,1.0,A01
201300042105,0,10,0,0.0,2.0,1.0,1.0,A01
201300042105,0,10,0,0.0,0.0,4.0,0.0,B01
201300042106,0,7,0,0.0,1.0,4.0,4.0,A01
201300042107,0,7,0,0.0,1.0,3.0,0.0,A01
201300042108,0,2,0,0.0,0.0,0.0,0.0,A01
201300042108,0,7,0,0.0,0.0,0.0,0.0,B01
201300042109,0,10,0,0.0,1.0,0.0,1.0,A01
201300042110,0,7,0,0.0,0.0,7.0,0.0,B01
201300042110,0,34,0,0.0,2.0,1.0,0.0,A01
201300042111,0,31,0,0.0,1.0,2.0,0.0,A01
201300042112,0,10,0,0.0,2.0,3.0,1.0,A01
201300042112,0,7,0,0.0,2.0,2.0,9.0,B01
201300042113,0,7,0,0.0,1.0,7.0,0.0,A01
201300042114,0,7,0,0.0,2.0,4.0,2.0,A01
201300042114,0,7,0,0.0,2.0,4.0,0.0,B01
201300042115,2,7,0,0.0,1.0,1.0,1.0,A01
201300042116,0,7,0,1.0,0.0,1.0,1.0,A01
201300042117,0,2,0,0.0,1.0,1.0,1.0,A01
201300042118,0,7,0,0.0,2.0,2.0,16.0,A01
201300042118,0,34,0,0.0,2.0,3.0,1.0,B01
201300042119,0,7,0,0.0,2.0,1.0,1.0,A01
201300042119,0,33,0,0.0,2.0,5.0,15.0,B01
201300042120,0,33,0,0.0,1.0,2.0,1.0,A01
201300042121,0,33,0,1.0,0.0,2.0,21.0,A01
201300042121,0,7,0,0.0,0.0,8.0,22.0,B01
201300042121,0,7,0,0.0,2.0,5.0,23.0,C01
201300042122,0,10,0,12.0,0.0,3.0,0.0,A01
201300042123,0,7,0,0.0,1.0,1.0,2.0,A01
201300042124,0,7,0,0.0,2.0,1.0,2.0,A01
201300042124,0,7,0,0.0,0.0,4.0,2.0,B01
201300042125,0,10,0,1.0,0.0,1.0,11.0,A01
201300042125,0,2,0,0.0,2.0,1.0,0.0,B01
201300042126,0,7,0,15.0,0.0,1.0,0.0,A01
201300042127,0,7,0,16.0,0.0,1.0,15.0,A01