Num_Acc,senc,catv,occutc,obs,obsm,choc,manv,num_veh
201300042127,0,7,0,8.0,0.0,3.0,2.0,B01
201300042128,0,10,0,0.0,2.0,1.0,0.0,A01
201300042128,0,7,0,0.0,0.0,8.0,1.0,B01
201300042129,1,99,0,0.0,1.0,0.0,0.0,Z01
201300042130,0,7,0,0.0,1.0,1.0,1.0,A01
201300042131,0,10,0,0.0,0.0,3.0,2.0,A01
201300042131,0,33,0,0.0,2.0,1.0,5.0,B01
201300042132,0,7,0,0.0,0.0,3.0,11.0,A01
201300042132,0,33,0,0.0,2.0,1.0,2.0,B01
201300042133,0,7,0,0.0,2.0,3.0,13.0,A01
201300042133,0,20,0,0.0,2.0,6.0,0.0,B01
201300042134,0,7,0,0.0,2.0,3.0,13.0,A01
201300042134,0,31,0,0.0,2.0,7.0,15.0,B01
201300042135,2,7,0,0.0,2.0,5.0,15.0,A01
201300042135,0,31,0,0.0,2.0,1.0,1.0,B01
201300042136,0,7,0,0.0,2.0,1.0,2.0,A01
201300042136,0,7,0,0.0,0.0,4.0,2.0,B01
201300042137,0,7,0,8.0,2.0,3.0,2.0,B01
201300042137,0,7,0,0.0,2.0,1.0,1.0,A01
201300042138,0,7,0,0.0,2.0,1.0,1.0,A01
201300042138,0,10,0,8.0,2.0,4.0,16.0,B01
201300042139,0,33,0,0.0,2.0,4.0,15.0,A01
201300042139,0,10,0,0.0,2.0,1.0,1.0,B01
201300042140,0,30,0,0.0,1.0,2.0,17.0,A01
201300042141,0,7,0,0.0,2.0,3.0,1.0,B01
201300042141,0,30,0,0.0,2.0,1.0,9.0,A01
201300042142,0,7,0,0.0,1.0,1.0,1.0,A01
201300042143,0,34,0,0.0,1.0,1.0,1.0,A01
201300042144,0,10,0,0.0,2.0,3.0,17.0,A01
201300042144,0,33,0,0.0,2.0,1.0,13.0,B01
201300042145,0,7,0,0.0,1.0,1.0,16.0,A01
201300042146,0,3,0,0.0,2.0,2.0,1.0,A01
201300042146,0,7,0,0.0,2.0,3.0,1.0,B01
201300042147,0,7,0,0.0,1.0,3.0,15.0,A01
201300042148,0,14,0,0.0,2.0,2.0,0.0,A01
201300042148,0,10,0,0.0,2.0,8.0,2.0,B01
201300042149,0,7,0,0.0,2.0,6.0,11.0,A01
201300042149,0,7,0,14.0,2.0,1.0,1.0,B01
201300042150,0,7,0,0.0,2.0,7.0,14.0,A01
201300042150,0,32,0,0.0,2.0,3.0,1.0,B01
201300042151,0,2,0,0.0,2.0,1.0,1.0,A01
201300042151,0,7,0,0.0,0.0,8.0,1.0,B01
201300042152,0,33,0,0.0,2.0,1.0,2.0,A01
201300042152,0,7,0,0.0,2.0,5.0,2.0,B01
201300042153,0,7,0,0.0,2.0,1.0,2.0,A01
201300042153,0,7,0,0.0,2.0,1.0,2.0,B01
201300042154,0,7,0,0.0,0.0,3.0,15.0,A01
201300042154,0,33,0,0.0,2.0,1.0,2.0,B01
201300042155,0,34,0,0.0,2.0,8.0,2.0,B01
201300042155,1,7,0,0.0,2.0,0.0,17.0,Z01
201300042156,0,7,0,1.0,2.0,1.0,15.0,A01
201300042156,0,32,0,1.0,2.0,1.0,1.0,B01
201300042157,1,30,0,0.0,2.0,3.0,9.0,A01
201300042157,0,30,0,0.0,2.0,1.0,1.0,B01
201300042158,0,7,0,0.0,2.0,8.0,22.0,A01
201300042158,0,37,1,1.0,0.0,7.0,1.0,B01
201300042159,0,10,0,0.0,0.0,4.0,4.0,A01
201300042159,0,7,0,0.0,0.0,2.0,1.0,B01
201300042160,0,30,0,1.0,2.0,7.0,0.0,A01
201300042160,1,7,0,1.0,2.0,0.0,0.0,Z01
201300042161,0,30,0,14.0,0.0,1.0,9.0,A01
201300042162,0,10,0,0.0,2.0,8.0,15.0,A01
201300042162,0,33,0,0.0,2.0,1.0,15.0,B01
201300042163,0,7,0,3.0,0.0,9.0,1.0,A01
201300042164,0,33,0,0.0,2.0,1.0,2.0,A01
201300042164,0,7,0,0.0,2.0,4.0,2.0,B01
201300042165,0,30,0,0.0,2.0,7.0,2.0,B01
201300042165,0,7,0,0.0,2.0,6.0,4.0,A01
201300042166,0,7,0,0.0,2.0,1.0,1.0,A01
201300042166,0,33,0,0.0,2.0,6.0,1.0,B01
201300042167,0,10,0,0.0,2.0,3.0,1.0,A01
201300042167,1,33,0,0.0,2.0,8.0,21.0,B01
201300042168,0,7,0,0.0,2.0,2.0,1.0,A01
201300042168,0,7,0,0.0,2.0,6.0,16.0,B01
201300042169,0,7,0,0.0,2.0,1.0,9.0,A01
201300042169,0,7,0,0.0,2.0,8.0,9.0,B01
201300042170,0,7,0,0.0,2.0,2.0,1.0,A01
201300042170,0,7,0,0.0,2.0,3.0,15.0,B01
201300042171,0,34,0,0.0,2.0,1.0,1.0,B01
201300042171,0,7,0,0.0,2.0,2.0,9.0,A01
201300042172,0,7,0,0.0,2.0,6.0,11.0,A01
201300042172,0,34,0,0.0,2.0,2.0,1.0,B01
201300042173,0,7,0,0.0,1.0,2.0,1.0,A01
201300042174,0,7,0,0.0,0.0,3.0,1.0,A01
201300042175,0,7,0,0.0,2.0,1.0,1.0,A01
201300042175,0,37,1,0.0,2.0,6.0,24.0,B01
201300042176,0,34,0,0.0,2.0,1.0,1.0,A01
201300042176,0,33,0,0.0,2.0,6.0,0.0,B01
201300042176,0,7,0,0.0,2.0,8.0,1.0,C01
201300042177,0,7,0,0.0,1.0,2.0,1.0,A01
201300042178,0,7,0,0.0,2.0,2.0,1.0,A01
201300042178,0,10,0,0.0,2.0,2.0,16.0,B01
201300042179,0,7,0,0.0,1.0,5.0,4.0,A01
201300042180,0,7,0,0.0,1.0,1.0,15.0,A01
201300042181,0,7,0,0.0,2.0,1.0,2.0,A01
201300042181,0,99,0,0.0,2.0,4.0,2.0,B01
201300042181,0,10,0,0.0,0.0,4.0,2.0,C01
201300042182,0,7,0,0.0,1.0,2.0,1.0,A01
201300042183,0,34,0,0.0,0.0,4.0,0.0,A01
201300042183,0,30,0,0.0,2.0,1.0,1.0,B01
201300042184,0,32,0,0.0,2.0,1.0,17.0,A01
201300042184,0,7,0,0.0,2.0,6.0,15.0,B01
201300042185,0,7,0,0.0,2.0,7.0,1.0,A01
201300042185,0,7,0,0.0,2.0,2.0,1.0,B01
201300042186,1,7,0,0.0,2.0,5.0,1.0,A01
201300042186,0,33,0,0.0,2.0,8.0,1.0,B01
201300042187,0,31,0,0.0,2.0,0.0,1.0,A01
201300042187,0,3,0,0.0,2.0,3.0,20.0,B01
201300042188,0,7,0,9.0,0.0,1.0,13.0,A01
201300042189,0,7,0,0.0,2.0,7.0,15.0,A01
201300042189,0,7,0,1.0,2.0,8.0,1.0,B01
201300042190,0,7,0,0.0,1.0,1.0,15.0,A01
201300042191,0,1,0,0.0,0.0,1.0,1.0,B01
201300042191,0,7,0,0.0,9.0,3.0,1.0,A01
201300042192,0,7,0,6.0,0.0,9.0,0.0,A01
201300042193,0,7,0,0.0,2.0,5.0,2.0,B01
201300042193,0,10,0,0.0,2.0,1.0,1.0,A01
201300042194,0,7,0,1.0,0.0,2.0,1.0,A01
201300042195,0,7,0,1.0,2.0,9.0,2.0,A01
201300042195,0,7,0,0.0,2.0,6.0,23.0,E01
201300042196,0,32,0,0.0,0.0,0.0,0.0,A01
201300042197,0,7,0,0.0,2.0,3.0,2.0,A01
201300042197,0,7,0,0.0,2.0,8.0,15.0,B01
201300042198,0,2,0,0.0,0.0,0.0,0.0,A01
201300042199,0,10,0,0.0,2.0,1.0,1.0,A01
201300042199,0,7,0,0.0,2.0,6.0,1.0,B01
201300042200,0,7,0,0.0,2.0,1.0,1.0,A01
201300042200,0,7,0,0.0,2.0,8.0,15.0,B01
201300042201,0,31,0,0.0,2.0,7.0,1.0,B01
201300042201,0,7,0,0.0,2.0,1.0,16.0,A01
201300042202,0,7,0,0.0,1.0,3.0,4.0,A01
201300042203,0,34,0,0.0,1.0,0.0,0.0,A01
201300042204,0,7,0,0.0,2.0,2.0,15.0,A01
201300042204,0,30,0,0.0,2.0,1.0,1.0,B01
201300042205,0,7,0,0.0,2.0,1.0,1.0,A01
201300042205,0,1,0,0.0,2.0,1.0,1.0,B01
201300042206,0,1,0,0.0,0.0,0.0,2.0,B01
201300042206,0,7,0,0.0,0.0,3.0,16.0,A01
201300042207,0,37,15,0.0,1.0,2.0,15.0,A01
201300042208,0,34,0,0.0,1.0,1.0,1.0,A01
201300042209,0,10,0,0.0,2.0,1.0,2.0,A01
201300042209,0,7,0,0.0,0.0,4.0,2.0,B01
201300042209,0,7,0,0.0,2.0,1.0,2.0,C01
201300042210,0,7,0,1.0,0.0,1.0,5.0,A01
201300042211,0,7,0,8.0,2.0,1.0,21.0,B01
201300042211,1,7,0,0.0,0.0,0.0,10.0,Z01
201300042212,0,7,0,0.0,2.0,1.0,1.0,A01
201300042212,0,7,0,0.0,2.0,3.0,1.0,B01
201300042213,0,7,0,9.0,0.0,3.0,2.0,A01
201300042214,2,7,0,0.0,2.0,1.0,1.0,Z01
201300042214,0,7,0,0.0,2.0,7.0,1.0,A01
201300042215,0,7,0,0.0,2.0,1.0,1.0,A01
201300042215,0,7,0,8.0,2.0,5.0,1.0,B01
201300042216,0,7,0,0.0,2.0,2.0,1.0,A01
201300042216,0,7,0,0.0,2.0,7.0,1.0,B01
201300042217,0,7,0,0.0,1.0,2.0,2.0,A01
201300042218,0,7,0,0.0,2.0,3.0,15.0,A01
201300042218,0,7,0,0.0,2.0,1.0,1.0,B01
201300042219,0,7,0,1.0,0.0,7.0,1.0,A01
201300042220,1,7,0,0.0,1.0,0.0,0.0,Z01
201300042221,0,7,0,0.0,1.0,3.0,1.0,A01
201300042222,0,7,0,0.0,2.0,5.0,1.0,B01
201300042222,0,7,0,0.0,2.0,3.0,1.0,A01
201300042223,0,7,0,0.0,2.0,2.0,0.0,A01
201300042223,0,30,0,0.0,2.0,7.0,0.0,B01
201300042224,0,33,0,0.0,2.0,2.0,1.0,A01
201300042224,0,7,0,0.0,2.0,3.0,16.0,B01
201300042225,0,7,0,0.0,1.0,2.0,1.0,A01
201300042226,0,7,0,0.0,1.0,1.0,16.0,A01
201300042227,0,37,2,0.0,2.0,2.0,1.0,B01
201300042227,0,7,0,0.0,2.0,1.0,16.0,A01
201300042228,0,7,0,15.0,2.0,9.0,2.0,B01
201300042228,0,7,0,1.0,2.0,1.0,2.0,A01
201300042229,0,7,0,0.0,2.0,1.0,1.0,A01
201300042229,0,7,0,0.0,2.0,6.0,1.0,B01
201300042230,0,7,0,0.0,2.0,4.0,1.0,A01
201300042230,0,10,0,0.0,2.0,1.0,1.0,B01
201300042231,0,7,0,12.0,0.0,1.0,1.0,A01
201300042232,0,7,0,0.0,1.0,1.0,1.0,A01
201300042233,0,7,0,0.0,1.0,1.0,1.0,A01
201300042234,0,32,0,0.0,2.0,1.0,15.0,A01
201300042234,0,7,0,0.0,2.0,1.0,1.0,B01
201300042235,0,7,0,0.0,1.0,1.0,14.0,A01
201300042236,0,7,0,0.0,2.0,8.0,20.0,A01
201300042236,0,7,0,0.0,2.0,1.0,1.0,B01
201300042237,0,7,0,0.0,1.0,1.0,1.0,A01
201300042238,0,7,0,0.0,1.0,2.0,1.0,A01
201300042239,0,7,0,0.0,1.0,1.0,1.0,A01
201300042240,0,7,0,0.0,1.0,1.0,1.0,A01
201300042241,0,30,0,0.0,2.0,1.0,15.0,A01
201300042241,0,7,0,0.0,2.0,1.0,1.0,B01
201300042242,0,33,0,0.0,2.0,3.0,1.0,B01
201300042242,0,3,0,0.0,2.0,2.0,15.0,A01
201300042243,0,32,0,1.0,0.0,1.0,1.0,A01
201300042244,0,7,0,3.0,0.0,1.0,15.0,A01
201300042245,0,33,0,0.0,2.0,8.0,1.0,A01
201300042245,0,7,0,0.0,2.0,8.0,15.0,B01
201300042246,0,7,0,0.0,2.0,4.0,1.0,A01
201300042246,0,1,0,0.0,2.0,4.0,1.0,B01
201300042247,0,10,0,0.0,2.0,1.0,2.0,A01
201300042247,0,7,0,0.0,2.0,4.0,2.0,B01
201300042247,0,7,0,0.0,2.0,4.0,2.0,C01
201300042248,0,7,0,0.0,1.0,2.0,2.0,A01
201300042249,0,7,0,0.0,2.0,4.0,1.0,A01
201300042249,0,7,0,0.0,2.0,1.0,1.0,B01
201300042249,0,7,0,0.0,2.0,1.0,1.0,C01
201300042250,0,7,0,0.0,2.0,4.0,1.0,A01
201300042250,1,33,0,0.0,2.0,1.0,1.0,B01
201300042251,0,7,0,9.0,0.0,1.0,1.0,A01
201300042252,0,7,0,0.0,2.0,1.0,1.0,A01
201300042252,0,31,0,0.0,2.0,1.0,1.0,B01
201300042253,0,30,0,0.0,2.0,1.0,9.0,A01
201300042253,0,7,0,0.0,2.0,1.0,1.0,B01
201300042254,0,10,0,0.0,2.0,1.0,13.0,A01
201300042254,0,7,0,0.0,2.0,1.0,1.0,B01
201300042255,0,7,0,1.0,0.0,1.0,9.0,A01
201300042256,0,7,0,8.0,0.0,1.0,0.0,A01
201300042257,1,30,0,0.0,1.0,1.0,1.0,A01
201300042258,0,7,0,0.0,1.0,1.0,20.0,A01
201300042259,0,7,0,0.0,2.0,1.0,1.0,B01
201300042259,0,7,0,0.0,2.0,1.0,1.0,A01
201300042260,0,13,0,0.0,2.0,1.0,1.0,A01
201300042260,0,7,0,0.0,2.0,4.0,1.0,B01
201300042261,0,7,0,0.0,2.0,3.0,16.0,A01
201300042261,0,33,0,0.0,2.0,1.0,1.0,B01
201300042262,1,7,0,0.0,1.0,1.0,0.0,A01
201300042263,0,7,0,0.0,9.0,1.0,1.0,A01
201300042263,0,1,0,0.0,2.0,1.0,1.0,B01
201300042264,0,7,0,0.0,2.0,1.0,15.0,B01
201300042264,0,7,0,0.0,2.0,1.0,1.0,A01
201300042265,0,7,0,0.0,2.0,2.0,1.0,A01
201300042265,0,30,0,0.0,2.0,7.0,15.0,B01
201300042266,0,32,0,0.0,2.0,1.0,1.0,A01
201300042266,0,7,0,0.0,2.0,1.0,15.0,B01
201300042267,0,7,0,0.0,2.0,6.0,10.0,A01
201300042267,0,33,0,0.0,2.0,1.0,17.0,B01
201300042268,0,7,0,15.0,0.0,3.0,2.0,A01
201300042269,0,7,0,0.0,2.0,1.0,15.0,B01
201300042269,0,7,0,0.0,2.0,1.0,1.0,A01
201300042270,0,7,0,0.0,1.0,1.0,15.0,A01
201300042271,0,30,0,0.0,0.0,0.0,0.0,A01
201300042272,0,7,0,0.0,2.0,2.0,15.0,A01
201300042272,2,34,0,0.0,2.0,1.0,0.0,B01
201300042273,0,30,0,0.0,2.0,1.0,1.0,A01
201300042273,0,7,0,0.0,2.0,1.0,15.0,B01
201300042274,0,7,0,0.0,1.0,2.0,1.0,A01
201300042275,0,7,0,0.0,2.0,4.0,1.0,A01
201300042275,0,7,0,0.0,2.0,1.0,1.0,B01
201300042276,0,7,0,0.0,2.0,6.0,10.0,B01
201300042276,0,34,0,0.0,2.0,1.0,1.0,A01
201300042277,0,7,0,0.0,2.0,0.0,0.0,A01
201300042277,0,30,0,0.0,2.0,1.0,1.0,B01
201300042278,0,7,0,0.0,2.0,4.0,23.0,A01
201300042278,0,37,1,0.0,2.0,1.0,1.0,B01
201300042279,0,7,0,0.0,1.0,1.0,1.0,A01
201300042280,0,14,0,0.0,2.0,6.0,4.0,A01
201300042280,0,30,0,0.0,2.0,3.0,2.0,B01
201300042281,0,7,0,0.0,1.0,1.0,15.0,A01
201300042282,0,7,0,0.0,0.0,2.0,0.0,B01
201300042282,0,7,0,0.0,0.0,3.0,0.0,A01
201300042283,0,7,0,0.0,2.0,7.0,24.0,B01
201300042283,1,7,0,1.0,0.0,1.0,16.0,Z01
201300042284,0,1,0,0.0,2.0,3.0,8.0,A01
201300042284,0,7,0,0.0,0.0,3.0,1.0,B01
201300042285,1,7,0,0.0,1.0,1.0,1.0,Z01
201300042286,1,30,0,0.0,1.0,0.0,0.0,Z01
201300042287,0,7,0,0.0,2.0,1.0,13.0,A01
201300042287,0,7,0,0.0,2.0,3.0,0.0,B01
201300042288,0,7,0,0.0,0.0,6.0,10.0,A01
201300042288,0,33,0,0.0,2.0,1.0,2.0,B01
201300042289,0,40,0,0.0,2.0,3.0,1.0,A01
201300042289,0,7,0,0.0,4.0,7.0,0.0,B01
201300042290,0,7,0,0.0,1.0,2.0,2.0,A01
201300042291,0,33,0,0.0,2.0,7.0,1.0,B01
201300042291,1,7,0,0.0,0.0,0.0,0.0,Z01
201300042292,1,7,0,0.0,1.0,0.0,0.0,Z01
201300042293,0,30,0,0.0,2.0,1.0,1.0,A01
201300042293,0,33,0,0.0,2.0,7.0,16.0,B01
201300042294,1,7,0,0.0,0.0,0.0,0.0,Z01
201300042294,0,7,0,0.0,2.0,8.0,1.0,B01
201300042295,0,37,6,0.0,1.0,2.0,2.0,A01
201300042296,0,7,0,0.0,1.0,1.0,0.0,A01
201300042297,1,7,0,0.0,1.0,1.0,1.0,Z01
201300042298,0,7,0,0.0,2.0,1.0,2.0,A01
201300042298,0,7,0,0.0,0.0,5.0,2.0,B01
201300042299,0,7,0,0.0,2.0,1.0,2.0,A01
201300042299,0,7,0,0.0,0.0,4.0,2.0,B01
201300042300,0,7,0,0.0,0.0,4.0,2.0,A01
201300042300,0,7,0,0.0,0.0,4.0,23.0,B01
201300042301,0,30,0,0.0,0.0,1.0,1.0,A01
201300042302,1,7,0,0.0,1.0,0.0,1.0,Z01
201300042303,0,7,0,0.0,0.0,7.0,11.0,A01
201300042303,0,30,0,0.0,0.0,1.0,21.0,B01
201300042304,0,33,0,0.0,2.0,3.0,1.0,A01
201300042304,0,7,0,0.0,2.0,2.0,16.0,B01
201300042305,0,7,0,0.0,0.0,8.0,1.0,A01
201300042305,0,30,0,0.0,0.0,7.0,2.0,B01
201300042306,0,33,0,0.0,2.0,1.0,5.0,A01
201300042306,0,7,0,0.0,2.0,1.0,3.0,B01
201300042307,0,34,0,0.0,0.0,8.0,0.0,A01
201300042308,0,7,0,0.0,0.0,1.0,0.0,A01
201300042308,0,7,0,0.0,0.0,4.0,0.0,B01
201300042308,0,7,0,0.0,0.0,0.0,0.0,C01
201300042309,0,30,0,0.0,2.0,2.0,2.0,B01
201300042309,1,7,0,0.0,2.0,0.0,2.0,Z01
201300042310,0,10,0,0.0,0.0,1.0,15.0,A01
201300042310,0,33,0,0.0,0.0,1.0,2.0,B01
201300042311,0,33,0,0.0,2.0,1.0,1.0,B01
201300042311,0,7,0,0.0,2.0,3.0,9.0,A01
201300042312,0,3,0,0.0,1.0,1.0,2.0,A01
201300042313,0,7,0,0.0,1.0,1.0,0.0,A01
201300042314,0,7,0,0.0,1.0,2.0,2.0,A01
201300042315,0,30,0,0.0,0.0,8.0,1.0,A01
201300042316,0,10,0,0.0,0.0,4.0,6.0,A01
201300042316,0,32,0,0.0,2.0,1.0,1.0,B01
201300042317,0,7,0,0.0,2.0,1.0,2.0,A01
201300042317,0,7,0,0.0,0.0,4.0,2.0,B01
201300042318,0,32,0,0.0,0.0,3.0,13.0,A01
201300042318,0,7,0,0.0,0.0,2.0,0.0,B01
201300042319,0,7,0,0.0,2.0,2.0,1.0,B01
201300042319,1,30,0,0.0,2.0,3.0,19.0,Z01
201300042320,0,7,0,0.0,2.0,7.0,12.0,A01
201300042320,0,33,0,0.0,0.0,8.0,2.0,B01
201300042321,0,32,0,0.0,0.0,8.0,0.0,A01
201300042322,0,7,0,0.0,2.0,5.0,12.0,A01
201300042322,0,33,0,0.0,2.0,1.0,2.0,B01
201300042323,0,34,0,0.0,1.0,1.0,21.0,A01
201300042324,0,34,0,0.0,2.0,1.0,1.0,A01
201300042324,0,10,0,0.0,1.0,2.0,1.0,B01
201300042325,0,7,0,0.0,1.0,1.0,2.0,A01
201300042326,0,34,0,0.0,2.0,1.0,1.0,A01
201300042326,1,10,0,0.0,0.0,0.0,1.0,Z01
201300042327,0,1,0,0.0,0.0,4.0,0.0,A01
201300042327,1,7,0,0.0,2.0,4.0,2.0,Z01
201300042328,0,7,0,0.0,2.0,1.0,13.0,A01
201300042328,0,7,0,0.0,2.0,1.0,1.0,B01
201300042329,0,7,0,0.0,2.0,3.0,13.0,A01
201300042329,0,31,0,0.0,2.0,2.0,21.0,B01
201300042330,1,7,0,0.0,1.0,1.0,0.0,Z01
201300042331,0,7,0,0.0,1.0,1.0,0.0,A01
201300042332,0,10,0,0.0,1.0,3.0,2.0,A01
201300042333,0,7,0,0.0,2.0,2.0,1.0,A01
201300042333,0,32,0,0.0,2.0,1.0,12.0,B01
201300042334,0,2,0,0.0,2.0,1.0,2.0,A01
201300042334,0,7,0,0.0,2.0,4.0,2.0,B01
201300042335,0,15,0,0.0,0.0,6.0,24.0,A01
201300042335,0,34,0,1.0,2.0,7.0,17.0,B01
201300042336,0,7,0,0.0,2.0,1.0,1.0,B01
201300042336,2,7,0,0.0,2.0,0.0,1.0,Z01
201300042337,0,32,0,0.0,2.0,1.0,13.0,A01
201300042337,0,7,0,0.0,2.0,3.0,1.0,B01
201300042337,0,7,0,0.0,2.0,3.0,1.0,C01
201300042338,0,7,0,0.0,2.0,8.0,10.0,A01
201300042338,0,7,0,0.0,2.0,2.0,2.0,B01
201300042339,0,31,0,0.0,2.0,2.0,2.0,A01
201300042339,0,7,0,0.0,2.0,0.0,2.0,B01
201300042340,0,10,0,1.0,1.0,3.0,15.0,A01
201300042340,0,7,0,0.0,0.0,6.0,13.0,B01
201300042341,0,33,0,0.0,0.0,3.0,0.0,A01
201300042341,0,7,0,0.0,0.0,2.0,0.0,B01
201300042342,0,7,0,0.0,2.0,2.0,1.0,B01
201300042342,0,7,0,0.0,2.0,8.0,11.0,A01
201300042343,2,7,0,0.0,1.0,1.0,0.0,Z01
201300042344,0,2,0,0.0,0.0,0.0,0.0,A01
201300042345,0,7,0,0.0,2.0,8.0,1.0,B01
201300042345,2,2,0,0.0,2.0,1.0,1.0,A01
201300042346,0,14,0,0.0,0.0,7.0,2.0,A01
201300042346,0,7,0,0.0,0.0,1.0,2.0,B01
201300042347,0,7,0,0.0,0.0,5.0,15.0,A01
201300042347,1,7,0,0.0,2.0,1.0,0.0,Z01
201300042348,1,7,0,0.0,1.0,6.0,4.0,Z01
201300042349,0,16,0,0.0,2.0,1.0,1.0,A01
201300042349,0,7,0,0.0,2.0,4.0,1.0,B01
201300042350,0,31,0,0.0,0.0,4.0,23.0,B01
201300042350,0,7,0,0.0,2.0,1.0,2.0,A01
201300042351,0,7,0,4.0,0.0,1.0,0.0,A01
201300042352,0,10,0,0.0,1.0,8.0,1.0,A01
201300042353,0,32,0,0.0,2.0,1.0,1.0,A01
201300042353,0,7,0,0.0,2.0,3.0,15.0,B01
201300042354,0,7,0,0.0,2.0,3.0,2.0,A01
201300042354,0,7,0,0.0,2.0,4.0,2.0,B01
201300042355,0,7,0,0.0,2.0,1.0,2.0,A01
201300042355,0,7,0,0.0,0.0,4.0,23.0,B01
201300042356,0,2,0,0.0,1.0,1.0,6.0,A01
201300042357,1,7,0,0.0,1.0,4.0,4.0,A01
201300042358,0,7,0,0.0,0.0,3.0,9.0,A01
201300042358,0,7,0,0.0,0.0,2.0,1.0,B01
201300042359,0,7,0,0.0,1.0,4.0,4.0,A01
201300042360,0,32,0,0.0,2.0,0.0,0.0,A01
201300042360,0,7,0,0.0,2.0,0.0,0.0,B01
201300042361,0,7,0,0.0,0.0,1.0,5.0,A01
201300042361,0,10,0,0.0,0.0,8.0,0.0,B01
201300042361,0,7,0,0.0,0.0,1.0,1.0,C01
201300042362,0,2,0,0.0,9.0,0.0,0.0,A01
201300042363,0,7,0,0.0,9.0,3.0,1.0,A01
201300042363,0,1,0,0.0,2.0,7.0,2.0,B01
201300042364,0,7,0,0.0,0.0,2.0,0.0,A01
201300042364,0,2,0,0.0,0.0,0.0,0.0,B01
201300042365,0,7,0,0.0,2.0,3.0,2.0,A01
201300042365,0,34,0,0.0,2.0,3.0,2.0,B01
201300042366,1,2,0,0.0,1.0,0.0,0.0,Z01
201300042367,0,7,0,0.0,0.0,2.0,1.0,A01
201300042367,0,7,0,0.0,0.0,3.0,1.0,B01
201300042368,0,7,0,0.0,2.0,2.0,1.0,B01
201300042368,2,7,0,0.0,2.0,3.0,9.0,A01
201300042369,0,7,0,0.0,1.0,7.0,1.0,A01
201300042370,0,10,0,0.0,2.0,6.0,15.0,A01
201300042370,0,10,0,0.0,2.0,1.0,1.0,B01
201300042371,0,7,0,0.0,0.0,3.0,2.0,B01
201300042371,0,33,0,0.0,0.0,2.0,15.0,A01
201300042372,0,7,0,8.0,0.0,1.0,0.0,A01
201300042373,0,7,0,0.0,1.0,1.0,1.0,A01
201300042374,0,7,0,0.0,1.0,3.0,1.0,A01
201300042375,0,7,0,0.0,1.0,8.0,1.0,A01
201300042376,0,10,0,0.0,2.0,5.0,1.0,A01
201300042376,0,7,0,0.0,2.0,3.0,1.0,B01
201300042377,0,30,0,0.0,2.0,1.0,1.0,A01
201300042377,0,37,1,0.0,2.0,3.0,2.0,B01
201300042378,0,7,0,0.0,2.0,7.0,0.0,A01
201300042378,0,33,0,0.0,2.0,1.0,0.0,B01
201300042379,0,3,0,0.0,2.0,8.0,10.0,A01
201300042379,0,32,0,0.0,2.0,1.0,5.0,B01
201300042380,0,30,0,0.0,2.0,8.0,5.0,A01
201300042380,0,7,0,0.0,2.0,3.0,0.0,B01
201300042381,0,7,0,0.0,1.0,0.0,0.0,A01
201300042381,0,7,0,0.0,0.0,0.0,0.0,B01
201300042382,0,7,0,8.0,2.0,8.0,19.0,A01
201300042382,0,7,0,1.0,2.0,1.0,1.0,B01
201300042383,0,10,0,0.0,2.0,3.0,15.0,A01
201300042383,0,33,0,0.0,2.0,7.0,1.0,B01
201300042384,0,33,0,0.0,2.0,1.0,2.0,A01
201300042384,0,7,0,0.0,2.0,4.0,2.0,B01
201300042385,0,7,0,0.0,2.0,2.0,10.0,A01
201300042385,0,33,0,0.0,2.0,1.0,1.0,B01
201300042386,0,32,0,0.0,2.0,3.0,0.0,A01
201300042386,0,7,0,0.0,2.0,3.0,0.0,B01
201300042387,0,14,0,0.0,2.0,8.0,1.0,A01
201300042387,0,7,0,0.0,2.0,1.0,1.0,B01
201300042387,0,7,0,0.0,9.0,4.0,1.0,C01
201300042387,0,7,0,0.0,2.0,3.0,1.0,D01
201300042387,0,7,0,0.0,2.0,3.0,1.0,E01
201300042387,0,7,0,0.0,2.0,1.0,1.0,F02
201300042387,0,7,0,0.0,2.0,1.0,1.0,G02
201300042387,0,7,0,0.0,2.0,1.0,1.0,H02
201300042387,0,7,0,0.0,2.0,1.0,1.0,I02
201300042387,0,7,0,0.0,9.0,6.0,0.0,J02
201300042388,0,33,0,0.0,0.0,0.0,0.0,A01
201300042388,0,7,0,0.0,0.0,0.0,0.0,B01
201300042389,0,7,0,0.0,1.0,3.0,15.0,A01
201300042390,0,7,0,0.0,1.0,3.0,2.0,A01
201300042391,0,7,0,0.0,2.0,1.0,0.0,A01
201300042391,0,34,0,0.0,2.0,1.0,0.0,B01
201300042392,0,7,0,12.0,0.0,0.0,0.0,A01
201300042393,2,7,0,0.0,2.0,3.0,0.0,A01
201300042393,0,30,0,0.0,2.0,1.0,1.0,B01
201300042394,0,7,0,0.0,0.0,3.0,2.0,A01
201300042394,1,32,0,0.0,0.0,0.0,0.0,B01
201300042395,0,7,0,0.0,1.0,2.0,0.0,A01
201300042396,0,10,0,0.0,2.0,1.0,1.0,A01
201300042396,0,33,0,0.0,2.0,8.0,1.0,B01
201300042397,0,10,0,14.0,1.0,7.0,1.0,A01
201300042398,0,32,0,0.0,2.0,7.0,1.0,A01
201300042398,0,7,0,0.0,2.0,2.0,15.0,B01
201300042399,2,7,0,12.0,0.0,9.0,0.0,A01
201300042400,0,99,0,0.0,2.0,1.0,2.0,A01