Num_Acc,senc,catv,occutc,obs,obsm,choc,manv,num_veh
201300042681,0,7,0,0.0,0.0,1.0,0.0,B01
201300042682,0,13,0,0.0,1.0,0.0,0.0,A01
201300042683,0,37,1,0.0,1.0,2.0,1.0,A01
201300042684,0,7,0,0.0,2.0,2.0,2.0,A01
201300042684,0,7,0,0.0,2.0,3.0,2.0,B01
201300042685,0,7,0,0.0,2.0,2.0,2.0,A01
201300042685,0,34,0,0.0,2.0,8.0,2.0,B01
201300042686,0,30,0,0.0,9.0,1.0,1.0,A01
201300042686,0,1,0,0.0,2.0,1.0,1.0,B01
201300042687,0,7,0,0.0,2.0,8.0,15.0,A01
201300042687,0,33,0,0.0,0.0,0.0,21.0,B01
201300042688,0,7,0,0.0,9.0,3.0,15.0,A01
201300042688,0,1,0,0.0,2.0,1.0,5.0,B01
201300042689,0,7,0,0.0,2.0,7.0,17.0,A01
201300042689,0,33,0,0.0,2.0,8.0,15.0,B01
201300042690,0,33,0,0.0,2.0,8.0,16.0,B01
201300042690,0,7,0,0.0,2.0,3.0,15.0,A01
201300042691,0,7,0,0.0,1.0,2.0,11.0,A01
201300042692,0,7,0,0.0,2.0,7.0,0.0,A01
201300042692,0,7,0,0.0,2.0,8.0,16.0,B01
201300042693,0,36,0,0.0,2.0,9.0,17.0,A01
201300042693,0,7,0,0.0,0.0,8.0,24.0,B01
201300042693,0,7,0,0.0,0.0,7.0,24.0,C01
201300042694,0,7,0,0.0,2.0,1.0,1.0,A01
201300042694,0,7,0,0.0,0.0,4.0,1.0,B01
201300042695,0,7,0,0.0,2.0,1.0,0.0,A01
201300042695,0,7,0,0.0,2.0,2.0,0.0,B01
201300042696,0,37,0,0.0,0.0,1.0,19.0,A01
201300042696,0,7,0,0.0,2.0,3.0,21.0,B01
201300042696,0,7,0,0.0,0.0,2.0,1.0,C01
201300042697,0,7,0,0.0,1.0,0.0,1.0,A01
201300042698,0,7,0,0.0,2.0,1.0,2.0,A01
201300042698,0,7,0,0.0,2.0,2.0,2.0,B01
201300042699,0,7,0,0.0,0.0,1.0,2.0,A01
201300042699,0,31,0,0.0,0.0,4.0,0.0,B01
201300042699,0,7,0,0.0,2.0,6.0,2.0,C01
201300042699,0,7,0,0.0,2.0,4.0,0.0,D01
201300042700,0,7,0,0.0,2.0,1.0,1.0,B01
201300042700,0,7,0,0.0,2.0,8.0,1.0,A01
201300042701,0,10,0,8.0,0.0,1.0,0.0,A01
201300042702,0,7,0,0.0,0.0,8.0,2.0,A01
201300042702,0,33,0,0.0,2.0,1.0,13.0,B01
201300042703,0,7,0,0.0,0.0,1.0,15.0,A01
201300042703,0,34,0,0.0,0.0,1.0,1.0,B01
201300042704,0,7,0,1.0,0.0,2.0,11.0,A01
201300042704,0,33,0,0.0,2.0,0.0,0.0,B01
201300042705,0,7,0,0.0,0.0,1.0,2.0,A01
201300042705,0,7,0,0.0,0.0,3.0,2.0,B01
201300042705,0,7,0,0.0,0.0,4.0,2.0,C01
201300042706,0,7,0,0.0,2.0,1.0,0.0,A01
201300042706,0,7,0,0.0,2.0,4.0,23.0,B01
201300042706,0,7,0,0.0,2.0,4.0,1.0,C01
201300042707,0,7,0,0.0,2.0,1.0,1.0,A01
201300042707,0,7,0,0.0,0.0,3.0,0.0,B01
201300042708,0,7,0,0.0,0.0,1.0,2.0,A01
201300042708,0,7,0,0.0,0.0,4.0,2.0,B01
201300042709,0,7,0,0.0,2.0,1.0,21.0,A01
201300042709,0,7,0,0.0,2.0,6.0,23.0,B01
201300042709,0,7,0,0.0,2.0,8.0,23.0,C01
201300042710,0,10,0,0.0,2.0,1.0,2.0,A01
201300042710,0,7,0,0.0,2.0,4.0,2.0,B01
201300042711,0,30,0,0.0,2.0,2.0,0.0,A01
201300042711,0,7,0,0.0,2.0,3.0,0.0,B01
201300042712,0,2,0,0.0,2.0,2.0,12.0,A01
201300042712,0,7,0,0.0,0.0,5.0,12.0,B01
201300042713,0,31,0,0.0,2.0,7.0,15.0,B01
201300042713,0,7,0,0.0,2.0,1.0,2.0,A01
201300042714,0,7,0,0.0,1.0,3.0,15.0,A01
201300042715,0,7,0,0.0,2.0,2.0,2.0,A01
201300042715,0,7,0,0.0,2.0,4.0,2.0,B01
201300042716,0,1,0,0.0,2.0,1.0,0.0,B01
201300042716,0,7,0,0.0,2.0,3.0,0.0,A01
201300042717,0,3,0,0.0,0.0,4.0,2.0,A01
201300042717,0,3,0,0.0,2.0,1.0,2.0,B01
201300042717,0,3,0,0.0,2.0,1.0,2.0,C01
201300042717,0,3,0,0.0,2.0,1.0,2.0,D01
201300042718,0,7,0,0.0,2.0,1.0,2.0,A01
201300042718,0,7,0,0.0,0.0,4.0,2.0,B01
201300042719,0,7,0,0.0,1.0,1.0,2.0,A01
201300042720,0,7,0,4.0,0.0,1.0,0.0,A01
201300042721,0,33,0,0.0,2.0,1.0,0.0,A01
201300042721,0,7,0,0.0,2.0,1.0,1.0,B01
201300042722,0,7,0,0.0,2.0,2.0,1.0,A01
201300042722,0,7,0,0.0,2.0,2.0,15.0,B01
201300042723,0,7,0,0.0,2.0,2.0,1.0,A01
201300042723,0,1,0,0.0,0.0,4.0,3.0,B01
201300042724,0,33,0,0.0,2.0,3.0,12.0,A01
201300042724,0,7,0,0.0,9.0,3.0,1.0,B01
201300042725,0,7,0,0.0,2.0,1.0,0.0,A01
201300042725,0,7,0,0.0,2.0,7.0,15.0,B01
201300042726,0,7,0,0.0,2.0,2.0,0.0,A01
201300042726,0,32,0,0.0,2.0,1.0,0.0,B01
201300042727,0,7,0,0.0,2.0,3.0,2.0,A01
201300042727,0,7,0,0.0,2.0,8.0,2.0,B01
201300042728,0,13,0,1.0,2.0,0.0,0.0,A01
201300042728,0,7,0,12.0,2.0,6.0,2.0,B01
201300042729,0,10,0,0.0,1.0,1.0,17.0,A01
201300042730,0,7,0,0.0,2.0,7.0,15.0,A01
201300042730,0,7,0,0.0,2.0,2.0,1.0,B01
201300042731,0,7,0,0.0,0.0,1.0,0.0,A01
201300042731,0,7,0,0.0,0.0,7.0,0.0,B01
201300042732,0,3,0,12.0,0.0,1.0,6.0,A01
201300042733,0,33,0,0.0,2.0,2.0,21.0,B01
201300042733,0,7,0,0.0,9.0,3.0,9.0,A01
201300042734,0,7,0,0.0,1.0,7.0,2.0,A01
201300042735,0,7,0,3.0,0.0,1.0,0.0,A01
201300042736,0,7,0,0.0,2.0,1.0,0.0,B01
201300042736,0,7,0,0.0,2.0,3.0,0.0,A01
201300042737,0,7,0,0.0,9.0,1.0,0.0,A01
201300042737,0,1,0,0.0,2.0,8.0,0.0,B01
201300042738,0,7,0,14.0,0.0,0.0,0.0,A01
201300042739,0,7,0,0.0,2.0,4.0,1.0,A01
201300042739,1,30,0,1.0,0.0,1.0,2.0,B01
201300042740,0,7,0,0.0,2.0,7.0,0.0,A01
201300042740,0,7,0,0.0,2.0,1.0,1.0,B01
201300042741,0,7,0,0.0,2.0,4.0,0.0,A01
201300042741,0,7,0,0.0,0.0,0.0,0.0,B01
201300042742,0,7,0,0.0,1.0,3.0,9.0,A01
201300042743,0,7,0,1.0,0.0,2.0,0.0,A01
201300042743,0,7,0,0.0,0.0,6.0,0.0,B01
201300042744,0,7,0,0.0,2.0,1.0,2.0,A01
201300042744,0,7,0,0.0,2.0,4.0,2.0,B01
201300042744,0,7,0,0.0,2.0,4.0,2.0,C01
201300042745,0,7,0,0.0,2.0,8.0,19.0,A01
201300042745,0,7,0,0.0,2.0,1.0,19.0,B01
201300042746,0,7,0,0.0,2.0,1.0,0.0,A01
201300042746,0,7,0,0.0,2.0,1.0,0.0,B01
201300042747,0,7,0,0.0,1.0,1.0,12.0,A01
201300042748,0,37,0,0.0,1.0,0.0,0.0,A01
201300042749,0,7,0,0.0,0.0,1.0,6.0,A01
201300042750,0,37,1,2.0,0.0,1.0,0.0,A01
201300042751,0,7,0,0.0,1.0,2.0,2.0,A01
201300042752,0,10,0,0.0,1.0,2.0,1.0,A01
201300042753,0,7,0,0.0,1.0,4.0,4.0,A01
201300042754,0,7,0,0.0,2.0,6.0,4.0,A01
201300042754,0,33,0,0.0,2.0,1.0,1.0,B01
201300042755,0,1,0,0.0,2.0,1.0,19.0,B01
201300042755,0,14,0,0.0,2.0,2.0,16.0,A01
201300042756,0,7,0,0.0,1.0,3.0,1.0,A01
201300042757,0,1,0,0.0,2.0,1.0,1.0,B01
201300042757,0,7,0,0.0,0.0,1.0,15.0,A01
201300042758,1,30,0,0.0,1.0,0.0,0.0,A01
201300042759,0,7,0,0.0,9.0,2.0,16.0,A01
201300042759,0,1,0,0.0,2.0,1.0,1.0,B01
201300042760,0,7,0,0.0,2.0,6.0,9.0,B01
201300042760,0,3,0,0.0,2.0,2.0,1.0,A01
201300042761,0,7,0,0.0,1.0,3.0,1.0,A01
201300042762,0,7,0,0.0,2.0,1.0,1.0,B01
201300042762,0,33,0,0.0,2.0,7.0,1.0,A01
201300042763,1,7,0,0.0,1.0,1.0,16.0,A01
201300042764,0,14,0,0.0,0.0,3.0,23.0,B01
201300042764,0,7,0,0.0,0.0,3.0,15.0,A01
201300042765,0,33,0,0.0,2.0,1.0,1.0,B01
201300042765,0,7,0,0.0,0.0,7.0,10.0,A01
201300042766,0,7,0,0.0,1.0,3.0,2.0,A01
201300042767,0,36,0,1.0,0.0,1.0,17.0,A01
201300042768,0,7,0,0.0,1.0,2.0,2.0,A01
201300042769,0,2,0,0.0,2.0,1.0,2.0,A01
201300042769,0,7,0,0.0,2.0,3.0,15.0,B01
201300042770,0,34,0,0.0,2.0,2.0,15.0,A01
201300042770,0,7,0,0.0,2.0,3.0,2.0,B01
201300042771,0,7,0,0.0,0.0,6.0,19.0,A01
201300042771,0,7,0,0.0,2.0,1.0,1.0,B01
201300042772,0,7,0,0.0,2.0,5.0,15.0,A01
201300042772,0,1,0,0.0,0.0,1.0,1.0,B01
201300042773,2,7,0,0.0,1.0,1.0,0.0,A01
201300042774,0,7,0,0.0,1.0,2.0,2.0,A01
201300042775,0,30,0,0.0,2.0,7.0,1.0,B01
201300042775,0,7,0,0.0,2.0,3.0,10.0,A01
201300042776,0,2,0,0.0,0.0,1.0,15.0,A01
201300042776,0,2,0,0.0,2.0,7.0,1.0,B01
201300042777,0,7,0,0.0,2.0,1.0,2.0,A01
201300042777,0,7,0,0.0,0.0,4.0,23.0,B01
201300042778,0,1,0,0.0,1.0,1.0,0.0,A01
201300042779,0,7,0,0.0,0.0,1.0,13.0,A01
201300042779,0,7,0,0.0,2.0,1.0,1.0,B01
201300042780,0,7,0,0.0,1.0,2.0,1.0,A01
201300042781,0,7,0,0.0,0.0,1.0,1.0,B01
201300042781,0,2,0,0.0,2.0,7.0,15.0,A01
201300042782,0,34,0,0.0,2.0,1.0,1.0,B01
201300042782,0,7,0,0.0,2.0,1.0,15.0,A01
201300042783,0,7,0,0.0,2.0,3.0,15.0,A01
201300042783,0,7,0,0.0,2.0,1.0,1.0,B01
201300042784,0,32,0,0.0,2.0,1.0,1.0,B01
201300042784,0,7,0,0.0,2.0,7.0,20.0,A01
201300042785,0,7,0,0.0,2.0,6.0,15.0,B01
201300042785,0,15,0,0.0,2.0,3.0,1.0,A01
201300042786,0,7,0,0.0,2.0,2.0,15.0,A01
201300042786,0,7,0,0.0,2.0,3.0,1.0,B01
201300042787,0,7,0,0.0,2.0,1.0,1.0,B01
201300042787,0,7,0,0.0,2.0,7.0,1.0,A01
201300042788,0,14,0,0.0,0.0,1.0,1.0,A01
201300042788,0,10,0,0.0,0.0,3.0,1.0,B01
201300042789,0,15,0,0.0,2.0,3.0,15.0,A01
201300042789,0,10,0,0.0,2.0,8.0,1.0,B01
201300042790,0,32,0,0.0,0.0,1.0,17.0,A01
201300042790,0,7,0,0.0,0.0,1.0,1.0,B01
201300042791,0,10,0,0.0,9.0,3.0,0.0,A01
201300042791,0,1,0,0.0,2.0,1.0,0.0,B01
201300042792,0,7,0,0.0,1.0,8.0,1.0,A01
201300042793,0,32,0,0.0,2.0,7.0,1.0,B01
201300042793,0,7,0,0.0,2.0,1.0,15.0,A01
201300042794,0,7,0,0.0,2.0,6.0,15.0,C01
201300042794,0,10,0,0.0,2.0,3.0,1.0,B01
201300042794,0,7,0,0.0,2.0,1.0,15.0,A01
201300042795,0,7,0,15.0,0.0,2.0,1.0,A01
201300042796,0,7,0,0.0,2.0,1.0,21.0,A01
201300042796,0,14,0,0.0,0.0,6.0,21.0,B01
201300042797,0,7,0,0.0,1.0,5.0,20.0,A01
201300042798,0,32,0,0.0,2.0,1.0,1.0,B01
201300042798,0,7,0,0.0,2.0,1.0,15.0,A01
201300042799,0,7,0,11.0,0.0,1.0,1.0,A01
201300042800,0,32,0,0.0,0.0,3.0,1.0,A01
201300042801,0,31,0,0.0,0.0,7.0,1.0,A01
201300042802,0,33,0,0.0,1.0,1.0,1.0,A01
201300042803,0,7,0,0.0,2.0,2.0,15.0,B01
201300042803,0,38,2,0.0,2.0,1.0,1.0,A01
201300042804,0,7,0,0.0,2.0,7.0,15.0,A01
201300042804,0,7,0,0.0,2.0,2.0,1.0,B01
201300042805,0,7,0,0.0,1.0,2.0,2.0,A01
201300042806,0,37,4,0.0,2.0,2.0,1.0,B01
201300042806,0,10,0,0.0,2.0,7.0,15.0,A01
201300042807,0,7,0,0.0,2.0,2.0,2.0,A01
201300042807,0,32,0,0.0,2.0,4.0,23.0,B01
201300042808,0,30,0,1.0,0.0,6.0,0.0,A01
201300042809,0,7,0,0.0,2.0,4.0,2.0,A01
201300042809,0,33,0,0.0,0.0,4.0,2.0,B01
201300042810,0,7,0,0.0,0.0,0.0,12.0,A01
201300042810,0,31,0,0.0,0.0,0.0,1.0,B01
201300042811,0,7,0,0.0,2.0,3.0,1.0,B01
201300042811,0,7,0,0.0,2.0,1.0,15.0,A01
201300042812,0,7,0,0.0,2.0,8.0,1.0,B01
201300042812,0,7,0,0.0,2.0,3.0,19.0,A01
201300042813,0,7,0,0.0,2.0,7.0,9.0,B01
201300042813,0,33,0,0.0,2.0,3.0,17.0,A01
201300042814,0,7,0,0.0,2.0,2.0,9.0,A01
201300042814,0,7,0,0.0,2.0,9.0,1.0,B01
201300042815,0,7,0,0.0,0.0,0.0,12.0,A01
201300042815,0,33,0,0.0,0.0,0.0,1.0,B01
201300042816,0,7,0,0.0,2.0,2.0,15.0,A01
201300042816,0,2,0,0.0,2.0,1.0,1.0,B01
201300042817,0,7,0,0.0,1.0,1.0,1.0,A01
201300042818,0,7,0,0.0,2.0,1.0,1.0,B01
201300042818,0,7,0,0.0,2.0,1.0,1.0,A01
201300042819,0,10,0,0.0,1.0,2.0,1.0,A01
201300042820,0,10,0,0.0,2.0,3.0,1.0,B01
201300042820,0,10,0,8.0,2.0,1.0,13.0,A01
201300042821,0,14,0,0.0,0.0,0.0,22.0,A01
201300042821,0,7,0,0.0,2.0,4.0,23.0,C01
201300042821,0,30,0,0.0,2.0,8.0,3.0,B01
201300042822,0,7,0,0.0,0.0,3.0,9.0,A01
201300042822,0,33,0,0.0,2.0,1.0,2.0,B01
201300042823,0,7,0,0.0,1.0,1.0,1.0,A01
201300042824,0,37,0,0.0,0.0,0.0,0.0,B01
201300042824,0,13,0,0.0,9.0,0.0,14.0,A01
201300042825,0,7,0,0.0,1.0,5.0,1.0,A01
201300042826,0,33,0,0.0,2.0,1.0,3.0,A01
201300042826,0,7,0,0.0,2.0,6.0,23.0,B01
201300042827,0,7,0,1.0,0.0,9.0,21.0,A01
201300042828,0,10,0,0.0,1.0,8.0,1.0,A01
201300042829,0,13,0,0.0,2.0,1.0,1.0,A01
201300042829,0,7,0,0.0,2.0,8.0,9.0,B01
201300042830,0,7,0,14.0,2.0,1.0,19.0,A01
201300042830,0,7,0,0.0,2.0,1.0,1.0,B01
201300042831,0,32,0,0.0,2.0,2.0,17.0,B01
201300042831,0,7,0,0.0,2.0,3.0,9.0,A01
201300042832,0,7,0,1.0,2.0,2.0,1.0,B01
201300042832,0,7,0,0.0,2.0,5.0,9.0,A01
201300042833,0,7,0,4.0,0.0,1.0,1.0,A01
201300042834,0,2,0,0.0,0.0,7.0,1.0,A01
201300042835,0,7,0,0.0,2.0,3.0,15.0,B01
201300042835,0,33,0,0.0,2.0,1.0,1.0,A01
201300042836,0,7,0,0.0,2.0,1.0,1.0,A01
201300042836,0,10,0,0.0,2.0,8.0,15.0,B01
201300042837,0,32,0,0.0,0.0,7.0,1.0,A01
201300042838,0,7,0,0.0,1.0,0.0,15.0,A01
201300042839,0,7,0,0.0,2.0,7.0,15.0,A01
201300042839,0,7,0,0.0,2.0,1.0,1.0,B01
201300042840,0,7,0,0.0,1.0,1.0,15.0,A01
201300042841,0,7,0,0.0,1.0,2.0,1.0,A01
201300042842,0,33,0,0.0,2.0,4.0,1.0,B01
201300042842,0,33,0,0.0,2.0,1.0,2.0,A01
201300042843,0,7,0,0.0,2.0,1.0,2.0,A01
201300042843,0,7,0,0.0,2.0,4.0,1.0,B02
201300042844,0,7,0,1.0,0.0,2.0,1.0,A01
201300042845,0,7,0,0.0,1.0,1.0,1.0,A01
201300042846,0,30,0,0.0,2.0,1.0,2.0,A01
201300042846,0,7,0,0.0,2.0,4.0,23.0,B01
201300042847,0,33,0,0.0,2.0,1.0,1.0,B01
201300042847,0,7,0,0.0,2.0,8.0,9.0,A01
201300042848,0,7,0,0.0,2.0,5.0,0.0,A01
201300042848,0,7,0,0.0,2.0,1.0,0.0,B01
201300042849,0,1,0,0.0,0.0,4.0,16.0,B01
201300042849,0,7,0,0.0,9.0,0.0,0.0,A01
201300042850,0,7,0,0.0,2.0,3.0,1.0,B01
201300042850,0,7,0,0.0,2.0,3.0,13.0,A01
201300042851,0,7,0,0.0,1.0,1.0,1.0,A01
201300042852,0,7,0,0.0,2.0,1.0,1.0,A01
201300042852,0,7,0,0.0,2.0,1.0,1.0,B01
201300042853,0,7,0,0.0,2.0,9.0,1.0,B01
201300042853,0,7,0,0.0,2.0,1.0,1.0,A01
201300042853,0,7,0,0.0,2.0,4.0,1.0,C01
201300042854,0,7,0,8.0,0.0,8.0,1.0,A01
201300042855,0,7,0,0.0,2.0,3.0,15.0,A01
201300042855,0,7,0,15.0,2.0,1.0,1.0,B01
201300042856,0,7,0,0.0,2.0,8.0,15.0,B01
201300042856,0,7,0,0.0,2.0,1.0,17.0,A01
201300042857,0,7,0,0.0,0.0,0.0,9.0,A01
201300042857,0,33,0,0.0,2.0,0.0,21.0,B01
201300042858,0,31,0,11.0,0.0,1.0,21.0,A01
201300042859,0,7,0,6.0,0.0,1.0,1.0,A01
201300042860,2,7,0,0.0,2.0,1.0,1.0,Z01
201300042860,0,7,0,0.0,2.0,6.0,1.0,B01
201300042861,0,7,0,6.0,0.0,1.0,12.0,A01
201300042862,0,7,0,0.0,1.0,1.0,16.0,A01
201300042863,0,1,0,0.0,0.0,0.0,0.0,A01
201300042863,0,33,0,0.0,9.0,8.0,21.0,B01
201300042864,0,15,0,0.0,2.0,2.0,1.0,B01
201300042864,0,7,0,0.0,2.0,8.0,9.0,A01
201300042865,2,7,0,4.0,0.0,1.0,1.0,A01
201300042866,0,2,0,0.0,2.0,1.0,17.0,A01
201300042866,0,99,0,0.0,0.0,6.0,23.0,B01
201300042867,0,33,0,0.0,2.0,1.0,1.0,C01
201300042867,0,32,0,0.0,2.0,8.0,0.0,B01
201300042867,1,7,0,0.0,2.0,8.0,11.0,A01
201300042868,0,10,0,0.0,2.0,2.0,17.0,A01
201300042868,0,7,0,0.0,0.0,6.0,2.0,B01
201300042869,0,7,0,0.0,2.0,1.0,2.0,A01
201300042869,0,10,0,0.0,2.0,2.0,2.0,D01
201300042869,0,7,0,0.0,2.0,4.0,2.0,B01
201300042869,0,7,0,0.0,2.0,3.0,2.0,C01
201300042870,0,1,0,2.0,,1.0,,B01
201300042870,0,7,0,0.0,2.0,2.0,16.0,A01
201300042871,0,7,0,0.0,2.0,4.0,23.0,B01
201300042871,0,7,0,0.0,2.0,1.0,2.0,A01
201300042872,0,7,0,0.0,2.0,3.0,0.0,B01
201300042872,0,7,0,0.0,2.0,3.0,0.0,A01
201300042873,0,7,0,15.0,2.0,1.0,2.0,A01
201300042873,0,7,0,0.0,2.0,5.0,2.0,B01
201300042874,0,32,0,0.0,9.0,8.0,1.0,A01
201300042874,0,1,0,0.0,0.0,7.0,1.0,B01
201300042875,0,7,0,0.0,1.0,1.0,1.0,A01
201300042876,0,7,0,0.0,0.0,6.0,2.0,B01
201300042876,0,7,0,0.0,2.0,1.0,2.0,A01
201300042877,0,7,0,0.0,2.0,1.0,2.0,A01
201300042877,0,7,0,0.0,2.0,4.0,1.0,B01
201300042878,0,2,0,14.0,0.0,8.0,1.0,A01
201300042879,0,34,0,0.0,0.0,4.0,23.0,B01
201300042879,0,7,0,0.0,2.0,1.0,2.0,A01
201300042880,0,7,0,0.0,2.0,2.0,2.0,A01
201300042880,0,32,0,0.0,2.0,8.0,1.0,B01
201300042881,0,7,0,0.0,2.0,1.0,9.0,A01
201300042881,0,30,0,0.0,2.0,5.0,1.0,B01
201300042882,0,33,0,6.0,0.0,1.0,1.0,A01
201300042883,0,7,0,0.0,1.0,3.0,17.0,A01
201300042884,0,7,0,0.0,2.0,1.0,16.0,A01
201300042884,0,99,0,0.0,2.0,2.0,19.0,B01
201300042885,0,7,0,0.0,1.0,2.0,0.0,A01
201300042886,0,7,0,0.0,0.0,0.0,2.0,C01
201300042886,0,7,0,0.0,2.0,4.0,2.0,B01
201300042886,0,7,0,0.0,2.0,1.0,2.0,A01
201300042887,0,7,0,0.0,2.0,1.0,15.0,A01
201300042887,0,7,0,0.0,2.0,3.0,1.0,B01
201300042888,0,7,0,0.0,2.0,3.0,13.0,A01
201300042888,0,7,0,0.0,2.0,3.0,1.0,B01
201300042889,0,7,0,0.0,2.0,3.0,15.0,A01
201300042889,0,33,0,0.0,2.0,1.0,1.0,B01
201300042890,0,7,0,8.0,2.0,1.0,1.0,A01
201300042890,0,7,0,0.0,2.0,8.0,1.0,B01
201300042890,0,7,0,0.0,2.0,8.0,1.0,C01
201300042891,0,7,0,0.0,0.0,0.0,1.0,B01
201300042891,0,7,0,0.0,0.0,0.0,1.0,A01
201300042892,0,7,0,0.0,1.0,1.0,1.0,A01
201300042893,0,7,0,0.0,2.0,1.0,2.0,A01
201300042893,0,7,0,0.0,2.0,4.0,1.0,B01
201300042894,0,3,0,2.0,0.0,2.0,1.0,A01
201300042895,0,7,0,0.0,2.0,3.0,9.0,A01
201300042895,0,2,0,0.0,2.0,1.0,9.0,B01
201300042896,0,7,0,15.0,0.0,1.0,0.0,A01
201300042897,0,31,0,0.0,0.0,7.0,0.0,A01
201300042898,0,7,0,0.0,2.0,1.0,1.0,B01
201300042898,0,7,0,0.0,2.0,2.0,15.0,A01
201300042899,0,7,0,6.0,0.0,8.0,1.0,A01
201300042900,0,32,0,0.0,0.0,0.0,0.0,A01
201300042901,0,33,0,0.0,0.0,8.0,17.0,A01
201300042902,0,33,0,0.0,2.0,3.0,1.0,B01
201300042902,0,7,0,0.0,2.0,7.0,15.0,A01
201300042903,0,33,0,0.0,0.0,0.0,2.0,A01
201300042904,0,2,0,0.0,1.0,8.0,1.0,A01
201300042905,0,33,0,0.0,0.0,7.0,1.0,A01
201300042906,0,7,0,0.0,2.0,7.0,1.0,B01
201300042906,0,7,0,0.0,2.0,1.0,1.0,A01
201300042907,0,7,0,4.0,0.0,3.0,1.0,A01
201300042908,0,7,0,0.0,0.0,4.0,2.0,B01
201300042908,0,7,0,0.0,0.0,4.0,2.0,C01
201300042908,0,10,0,0.0,2.0,1.0,2.0,A01
201300042909,0,33,0,0.0,0.0,7.0,3.0,A01
201300042910,0,7,0,1.0,0.0,2.0,1.0,A01
201300042911,0,7,0,0.0,2.0,4.0,1.0,B01
201300042911,0,7,0,0.0,2.0,1.0,1.0,A01
201300042912,0,1,0,0.0,2.0,4.0,0.0,B01
201300042912,1,2,0,0.0,9.0,1.0,0.0,A01
201300042913,0,34,0,0.0,2.0,1.0,17.0,B01
201300042913,0,10,0,0.0,2.0,3.0,9.0,A01
201300042914,0,7,0,0.0,0.0,2.0,0.0,A01
201300042915,0,7,0,0.0,0.0,7.0,9.0,A01
201300042915,0,33,0,0.0,0.0,1.0,2.0,B01
201300042916,0,7,0,0.0,2.0,7.0,0.0,B01
201300042916,0,7,0,0.0,0.0,1.0,2.0,A01
201300042917,0,7,0,0.0,0.0,1.0,2.0,A01
201300042917,0,7,0,0.0,0.0,4.0,0.0,B01
201300042918,0,7,0,0.0,2.0,1.0,15.0,A01
201300042918,0,2,0,0.0,2.0,1.0,1.0,B01
201300042919,0,7,0,0.0,2.0,1.0,2.0,A01
201300042919,0,7,0,0.0,2.0,4.0,23.0,B01
201300042919,0,7,0,0.0,2.0,4.0,23.0,C01
201300042919,0,7,0,0.0,2.0,4.0,23.0,D01
201300042920,0,33,0,0.0,2.0,1.0,1.0,B01
201300042920,0,10,0,0.0,2.0,6.0,15.0,A01
201300042921,0,2,0,0.0,0.0,8.0,16.0,A01
201300042922,0,7,0,0.0,2.0,3.0,2.0,B01
201300042922,0,7,0,0.0,2.0,3.0,9.0,A01
201300042923,0,7,0,0.0,1.0,3.0,1.0,B01
201300042924,0,7,0,0.0,1.0,3.0,1.0,A01
201300042925,0,32,0,0.0,2.0,1.0,17.0,A01
201300042925,0,10,0,0.0,2.0,8.0,15.0,B01
201300042926,0,15,0,0.0,2.0,0.0,21.0,A01
201300042926,0,7,0,0.0,2.0,7.0,1.0,B01
201300042927,0,34,0,0.0,2.0,2.0,1.0,B01
201300042927,0,7,0,0.0,2.0,3.0,20.0,A01
201300042928,0,7,0,0.0,2.0,1.0,1.0,A01
201300042928,0,7,0,0.0,2.0,4.0,1.0,B01
201300042929,0,30,0,0.0,0.0,0.0,1.0,A01
201300042930,0,7,0,0.0,2.0,3.0,1.0,B01
201300042930,0,30,0,0.0,2.0,7.0,15.0,A01
201300042931,0,7,0,0.0,2.0,3.0,1.0,B01
201300042931,0,2,0,0.0,2.0,1.0,9.0,A01
201300042932,0,7,0,0.0,2.0,1.0,15.0,A01
201300042932,0,2,0,0.0,2.0,1.0,1.0,B01
201300042933,0,7,0,0.0,2.0,8.0,0.0,B01
201300042933,0,10,0,0.0,2.0,1.0,0.0,A01
201300042934,0,7,0,0.0,2.0,2.0,2.0,A01
201300042934,0,7,0,0.0,2.0,6.0,1.0,B01
201300042935,0,33,0,5.0,0.0,1.0,0.0,A01
201300042936,0,36,0,10.0,0.0,8.0,1.0,A01
201300042937,0,7,0,2.0,0.0,1.0,5.0,A01
201300042938,0,1,0,0.0,1.0,1.0,0.0,A01
201300042939,0,2,0,0.0,0.0,7.0,21.0,A01
201300042940,0,7,0,0.0,2.0,3.0,1.0,A01
201300042940,0,7,0,0.0,0.0,3.0,15.0,B01
201300042941,1,7,0,0.0,2.0,8.0,1.0,A01
201300042941,0,7,0,1.0,2.0,9.0,1.0,B01
201300042942,0,7,0,0.0,1.0,2.0,1.0,A01
201300042943,0,7,0,0.0,1.0,3.0,1.0,A01
201300042944,0,7,0,0.0,2.0,1.0,2.0,A01
201300042944,0,7,0,0.0,2.0,4.0,1.0,B01
201300042945,0,7,0,0.0,9.0,3.0,1.0,B01
201300042945,0,1,0,0.0,2.0,1.0,5.0,A01
201300042946,0,32,0,0.0,0.0,1.0,0.0,A01
201300042947,0,7,0,0.0,2.0,4.0,1.0,B01
201300042947,0,7,0,0.0,2.0,1.0,2.0,A01
201300042948,0,33,0,0.0,2.0,7.0,17.0,A01
201300042948,0,7,0,0.0,2.0,3.0,9.0,B01
201300042949,0,7,0,0.0,2.0,2.0,1.0,A01
201300042949,0,7,0,0.0,2.0,8.0,1.0,B01