Num_Acc,senc,catv,occutc,obs,obsm,choc,manv,num_veh
201300042950,0,32,0,0.0,2.0,1.0,1.0,A01
201300042950,0,7,0,0.0,2.0,8.0,0.0,B01
201300042951,0,7,0,0.0,2.0,8.0,0.0,A01
201300042952,0,7,0,0.0,9.0,1.0,15.0,A01
201300042952,0,1,0,0.0,2.0,2.0,1.0,B01
201300042953,0,31,0,0.0,2.0,1.0,2.0,A01
201300042953,0,31,0,0.0,2.0,4.0,2.0,B01
201300042954,0,7,0,0.0,0.0,4.0,2.0,A01
201300042954,0,33,0,0.0,2.0,1.0,2.0,B01
201300042955,0,1,0,0.0,2.0,8.0,0.0,B01
201300042955,0,7,0,0.0,2.0,1.0,0.0,A01
201300042956,0,7,0,0.0,1.0,2.0,1.0,A01
201300042957,0,7,0,0.0,1.0,1.0,1.0,A01
201300042958,0,7,0,1.0,2.0,1.0,0.0,A01
201300042958,0,7,0,0.0,2.0,1.0,0.0,B01
201300042959,0,7,0,0.0,2.0,2.0,1.0,B01
201300042959,0,7,0,0.0,2.0,8.0,6.0,A01
201300042960,0,7,0,0.0,1.0,1.0,1.0,B01
201300042960,0,7,0,0.0,2.0,1.0,1.0,A01
201300042961,0,7,0,1.0,2.0,1.0,2.0,B01
201300042961,0,7,0,1.0,2.0,8.0,2.0,A01
201300042962,1,7,0,0.0,0.0,1.0,1.0,A01
201300042962,0,7,0,0.0,2.0,2.0,9.0,B01
201300042963,0,37,25,0.0,2.0,1.0,1.0,A01
201300042963,2,7,0,0.0,2.0,1.0,1.0,B01
201300042964,0,7,0,0.0,2.0,4.0,23.0,C01
201300042964,0,7,0,0.0,2.0,1.0,1.0,A01
201300042964,0,7,0,0.0,2.0,4.0,23.0,B01
201300042965,0,7,0,0.0,1.0,4.0,4.0,A01
201300042966,0,7,0,0.0,2.0,1.0,0.0,B01
201300042966,0,7,0,0.0,2.0,1.0,0.0,A01
201300042967,1,30,0,0.0,1.0,1.0,0.0,A01
201300042968,0,7,0,0.0,1.0,2.0,1.0,A01
201300042969,0,30,0,0.0,2.0,1.0,21.0,B01
201300042969,0,7,0,0.0,2.0,3.0,9.0,A01
201300042970,0,7,0,0.0,1.0,4.0,0.0,A01
201300042971,0,7,0,0.0,1.0,1.0,0.0,A01
201300042972,0,33,0,0.0,2.0,1.0,0.0,B01
201300042972,0,7,0,0.0,2.0,1.0,0.0,A01
201300042973,2,7,0,0.0,1.0,1.0,1.0,A01
201300042974,0,34,0,0.0,2.0,1.0,1.0,A01
201300042974,0,7,0,0.0,2.0,1.0,1.0,B01
201300042975,0,7,0,0.0,2.0,8.0,1.0,B01
201300042975,0,7,0,0.0,2.0,1.0,1.0,A01
201300042976,0,30,0,0.0,2.0,1.0,0.0,A01
201300042976,0,7,0,0.0,2.0,1.0,0.0,B01
201300042977,0,7,0,0.0,2.0,1.0,1.0,B01
201300042977,0,7,0,0.0,2.0,8.0,11.0,A01
201300042978,0,7,0,0.0,2.0,1.0,1.0,A01
201300042978,0,7,0,0.0,2.0,8.0,1.0,B01
201300042979,0,7,0,0.0,2.0,4.0,23.0,B01
201300042979,0,7,0,0.0,2.0,1.0,1.0,A01
201300042980,0,7,0,0.0,2.0,1.0,0.0,A01
201300042980,0,7,0,0.0,2.0,4.0,0.0,B01
201300042981,0,7,0,0.0,1.0,2.0,1.0,A01
201300042982,1,15,0,0.0,1.0,5.0,0.0,A01
201300042983,0,7,0,0.0,1.0,1.0,0.0,A01
201300042984,0,7,0,0.0,2.0,4.0,0.0,B01
201300042984,1,7,0,0.0,2.0,0.0,2.0,Z01
201300042985,0,7,0,0.0,2.0,7.0,1.0,B01
201300042985,0,7,0,0.0,2.0,1.0,1.0,A01
201300042986,0,2,0,0.0,2.0,3.0,0.0,A01
201300042986,0,7,0,0.0,2.0,4.0,0.0,B01
201300042987,0,33,0,0.0,2.0,1.0,13.0,A01
201300042987,0,7,0,0.0,2.0,7.0,9.0,B01
201300042988,0,31,0,0.0,2.0,1.0,1.0,A01
201300042988,0,7,0,0.0,2.0,6.0,15.0,B01
201300042989,0,7,0,0.0,1.0,1.0,1.0,A01
201300042990,0,33,0,0.0,1.0,1.0,1.0,A01
201300042991,0,7,0,0.0,0.0,4.0,2.0,B01
201300042991,0,7,0,0.0,2.0,1.0,2.0,A01
201300042992,0,7,0,0.0,2.0,8.0,9.0,A01
201300042992,0,30,0,0.0,2.0,1.0,2.0,B01
201300042993,0,7,0,0.0,1.0,8.0,0.0,A01
201300042994,0,7,0,0.0,2.0,4.0,4.0,A01
201300042994,0,7,0,0.0,2.0,1.0,23.0,B01
201300042995,0,7,0,0.0,1.0,7.0,15.0,B01
201300042996,0,7,0,0.0,1.0,2.0,1.0,A01
201300042997,0,33,0,0.0,2.0,1.0,0.0,A01
201300042998,0,7,0,1.0,1.0,2.0,0.0,A01
201300042999,0,10,0,0.0,2.0,7.0,16.0,A01
201300042999,0,32,0,0.0,2.0,3.0,18.0,B01
201300043000,0,7,0,0.0,1.0,1.0,0.0,A01
201300043001,0,33,0,0.0,2.0,1.0,1.0,B01
201300043001,0,7,0,0.0,2.0,3.0,10.0,A01
201300043002,0,7,0,0.0,2.0,3.0,5.0,B01
201300043002,0,7,0,0.0,2.0,3.0,5.0,A01
201300043003,0,31,0,0.0,2.0,1.0,0.0,B01
201300043003,0,7,0,0.0,2.0,1.0,0.0,A01
201300043004,0,7,0,0.0,1.0,1.0,1.0,A01
201300043005,0,7,0,0.0,2.0,1.0,2.0,A01
201300043005,0,7,0,0.0,2.0,4.0,2.0,B01
201300043006,0,7,0,0.0,2.0,2.0,15.0,A01
201300043006,0,7,0,0.0,2.0,3.0,1.0,B01
201300043007,0,32,0,0.0,2.0,1.0,2.0,A01
201300043007,0,7,0,0.0,2.0,4.0,2.0,B01
201300043008,0,7,0,0.0,2.0,8.0,15.0,B01
201300043008,0,2,0,0.0,2.0,1.0,17.0,A01
201300043009,0,7,0,0.0,1.0,1.0,0.0,A01
201300043010,0,33,0,0.0,2.0,7.0,1.0,B01
201300043010,0,7,0,0.0,2.0,6.0,11.0,A01
201300043011,0,7,0,8.0,0.0,2.0,0.0,A01
201300043012,0,7,0,1.0,0.0,9.0,15.0,A01
201300043013,0,7,0,8.0,0.0,1.0,0.0,A01
201300043014,0,33,0,0.0,2.0,0.0,0.0,A01
201300043015,2,7,0,0.0,2.0,1.0,2.0,A01
201300043015,0,7,0,0.0,2.0,4.0,2.0,B01
201300043016,0,17,0,0.0,2.0,7.0,16.0,A01
201300043016,0,1,0,0.0,2.0,1.0,18.0,B01
201300043017,0,7,0,0.0,2.0,4.0,0.0,B01
201300043017,0,7,0,0.0,2.0,4.0,0.0,C01
201300043017,0,7,0,0.0,2.0,1.0,0.0,A01
201300043018,0,7,0,0.0,2.0,4.0,23.0,B01
201300043018,0,7,0,0.0,2.0,4.0,23.0,C01
201300043018,2,7,0,0.0,2.0,1.0,2.0,A01
201300043019,0,33,0,0.0,2.0,4.0,2.0,A01
201300043019,1,7,0,0.0,2.0,4.0,2.0,B01
201300043020,0,1,0,0.0,0.0,0.0,1.0,B01
201300043020,0,7,0,0.0,2.0,2.0,0.0,A01
201300043021,0,1,0,0.0,2.0,7.0,1.0,B01
201300043021,0,33,0,0.0,2.0,7.0,0.0,A01
201300043022,0,7,0,0.0,2.0,6.0,1.0,B01
201300043022,0,99,0,0.0,2.0,1.0,1.0,A01
201300043023,0,33,0,0.0,2.0,8.0,1.0,B01
201300043023,0,10,0,0.0,2.0,1.0,1.0,A01
201300043024,0,7,0,0.0,2.0,4.0,0.0,B01
201300043024,0,7,0,0.0,2.0,1.0,0.0,A01
201300043025,0,34,0,0.0,0.0,0.0,0.0,A01
201300043025,0,7,0,0.0,0.0,0.0,0.0,B01
201300043026,0,7,0,0.0,2.0,4.0,2.0,B01
201300043026,0,10,0,0.0,2.0,4.0,2.0,C01
201300043026,0,7,0,0.0,2.0,1.0,2.0,A01
201300043027,0,7,0,0.0,2.0,1.0,1.0,A01
201300043027,0,7,0,0.0,2.0,4.0,1.0,B01
201300043028,0,34,0,0.0,2.0,2.0,0.0,A01
201300043028,0,7,0,0.0,2.0,1.0,10.0,B01
201300043029,0,7,0,0.0,1.0,2.0,1.0,A01
201300043030,0,7,0,0.0,2.0,2.0,15.0,A01
201300043030,0,33,0,0.0,2.0,3.0,1.0,B01
201300043031,0,7,0,0.0,2.0,2.0,0.0,A01
201300043031,0,33,0,0.0,2.0,3.0,0.0,B01
201300043032,0,7,0,0.0,2.0,0.0,0.0,A01
201300043032,0,7,0,0.0,0.0,0.0,0.0,B01
201300043033,0,7,0,0.0,1.0,2.0,1.0,A01
201300043034,0,7,0,0.0,0.0,0.0,0.0,A01
201300043034,0,7,0,0.0,0.0,0.0,0.0,C01
201300043034,0,7,0,0.0,2.0,1.0,0.0,B01
201300043035,0,10,0,0.0,1.0,3.0,1.0,A01
201300043036,0,7,0,0.0,2.0,1.0,0.0,B01
201300043036,0,7,0,0.0,2.0,3.0,0.0,A01
201300043036,0,7,0,0.0,2.0,1.0,0.0,C01
201300043036,0,7,0,0.0,2.0,2.0,0.0,D01
201300043037,0,7,0,0.0,2.0,1.0,2.0,A01
201300043037,0,37,1,0.0,2.0,4.0,2.0,B01
201300043038,0,32,0,0.0,2.0,0.0,0.0,A01
201300043038,0,7,0,0.0,2.0,0.0,0.0,B01
201300043039,0,1,0,0.0,2.0,1.0,1.0,B01
201300043039,0,7,0,0.0,9.0,2.0,22.0,A01
201300043040,0,7,0,1.0,0.0,1.0,0.0,A01
201300043041,0,7,0,0.0,2.0,3.0,2.0,A01
201300043041,0,33,0,0.0,2.0,1.0,17.0,B01
201300043042,0,7,0,0.0,0.0,0.0,0.0,A01
201300043043,0,30,0,0.0,2.0,1.0,0.0,A01
201300043043,0,7,0,0.0,2.0,3.0,0.0,B01
201300043044,0,7,0,1.0,0.0,1.0,1.0,A01
201300043044,0,7,0,0.0,2.0,4.0,0.0,B01
201300043045,0,31,0,0.0,2.0,1.0,0.0,B01
201300043045,0,7,0,0.0,2.0,3.0,10.0,A01
201300043046,0,1,0,0.0,2.0,4.0,2.0,B01
201300043046,0,30,0,0.0,2.0,1.0,2.0,A01
201300043047,0,7,0,0.0,2.0,7.0,1.0,B01
201300043047,0,37,1,0.0,2.0,1.0,1.0,A01
201300043048,0,7,0,0.0,2.0,0.0,15.0,A01
201300043048,0,30,0,0.0,2.0,0.0,1.0,B01
201300043049,0,3,0,0.0,1.0,1.0,0.0,A01
201300043050,0,33,0,0.0,2.0,3.0,1.0,B01
201300043050,0,7,0,0.0,2.0,3.0,4.0,A01
201300043051,0,13,0,0.0,2.0,2.0,1.0,A01
201300043051,0,7,0,0.0,2.0,6.0,1.0,B01
201300043052,0,7,0,0.0,2.0,1.0,2.0,A01
201300043052,0,30,0,0.0,2.0,4.0,2.0,B01
201300043053,0,33,0,0.0,2.0,2.0,0.0,A01
201300043053,0,7,0,0.0,2.0,3.0,0.0,B01
201300043054,0,7,0,0.0,0.0,0.0,0.0,A01
201300043054,0,1,0,0.0,0.0,0.0,0.0,B01
201300043055,0,7,0,0.0,2.0,1.0,15.0,A01
201300043055,0,33,0,0.0,2.0,8.0,1.0,B01
201300043056,0,7,0,0.0,1.0,1.0,0.0,A01
201300043057,0,30,0,0.0,2.0,1.0,1.0,B01
201300043057,0,7,0,0.0,2.0,2.0,15.0,A01
201300043058,0,7,0,0.0,2.0,6.0,15.0,B01
201300043058,0,33,0,0.0,2.0,2.0,17.0,A01
201300043059,0,7,0,0.0,0.0,0.0,1.0,A01
201300043059,0,32,0,0.0,0.0,2.0,0.0,B01
201300043060,0,7,0,0.0,1.0,6.0,4.0,A01
201300043061,0,31,0,8.0,0.0,1.0,10.0,A01
201300043062,0,7,0,0.0,2.0,3.0,1.0,B01
201300043062,0,7,0,0.0,2.0,5.0,12.0,A01
201300043063,0,7,0,0.0,1.0,1.0,6.0,A01
201300043064,0,33,0,0.0,2.0,7.0,2.0,B01
201300043064,0,3,0,0.0,2.0,3.0,10.0,A01
201300043065,0,7,0,0.0,2.0,1.0,2.0,A01
201300043065,0,7,0,0.0,2.0,4.0,2.0,B01
201300043066,0,7,0,0.0,2.0,3.0,10.0,B01
201300043066,0,30,0,0.0,2.0,1.0,5.0,A01
201300043067,0,32,0,0.0,1.0,1.0,2.0,A01
201300043068,0,7,0,0.0,0.0,7.0,1.0,B01
201300043068,0,7,0,0.0,0.0,1.0,1.0,A01
201300043069,0,13,0,0.0,9.0,5.0,15.0,A01
201300043069,0,1,0,0.0,2.0,1.0,2.0,B01
201300043070,0,10,0,9.0,0.0,1.0,1.0,A01
201300043071,0,7,0,0.0,0.0,7.0,1.0,A01
201300043072,0,7,0,0.0,1.0,1.0,15.0,A01
201300043073,0,7,0,0.0,1.0,8.0,2.0,A01
201300043074,0,33,0,0.0,1.0,7.0,2.0,A01
201300043075,0,31,0,0.0,2.0,4.0,1.0,B01
201300043075,0,7,0,0.0,2.0,1.0,2.0,A01
201300043076,0,2,0,0.0,0.0,8.0,1.0,A01
201300043077,0,7,0,12.0,0.0,9.0,1.0,A01
201300043078,0,7,0,0.0,0.0,5.0,1.0,A01
201300043078,0,31,0,0.0,2.0,1.0,1.0,B01
201300043079,0,7,0,0.0,2.0,4.0,2.0,B01
201300043079,0,7,0,0.0,2.0,1.0,2.0,A01
201300043080,0,7,0,0.0,2.0,1.0,1.0,B01
201300043080,0,7,0,0.0,2.0,1.0,5.0,A01
201300043080,0,7,0,0.0,2.0,8.0,1.0,C01
201300043081,0,7,0,0.0,1.0,2.0,0.0,A01
201300043082,0,7,0,0.0,0.0,3.0,15.0,B01
201300043082,0,2,0,0.0,2.0,2.0,17.0,A01
201300043083,0,7,0,1.0,0.0,1.0,5.0,A01
201300043083,0,7,0,0.0,2.0,1.0,23.0,B01
201300043084,0,34,0,0.0,2.0,1.0,1.0,B01
201300043084,1,7,0,0.0,2.0,3.0,16.0,A01
201300043085,0,7,0,0.0,0.0,4.0,23.0,B01
201300043085,0,7,0,0.0,0.0,1.0,2.0,A01
201300043086,0,7,0,0.0,1.0,1.0,0.0,A01
201300043087,0,33,0,0.0,2.0,7.0,2.0,A01
201300043087,0,33,0,0.0,2.0,8.0,2.0,B01
201300043088,0,30,0,0.0,0.0,7.0,2.0,A01
201300043089,0,2,0,12.0,0.0,2.0,0.0,A01
201300043090,0,7,0,0.0,9.0,3.0,11.0,A01
201300043090,0,2,0,0.0,2.0,2.0,3.0,B01
201300043091,0,7,0,0.0,2.0,2.0,10.0,A01
201300043091,0,31,0,0.0,2.0,1.0,1.0,B01
201300043092,0,30,0,0.0,1.0,1.0,1.0,A01
201300043093,0,37,4,0.0,2.0,3.0,2.0,A01
201300043093,0,7,0,0.0,2.0,1.0,2.0,B01
201300043093,0,7,0,0.0,0.0,4.0,2.0,C01
201300043094,0,7,0,0.0,2.0,3.0,16.0,A01
201300043094,0,31,0,1.0,2.0,7.0,21.0,B01
201300043095,0,33,0,0.0,2.0,1.0,2.0,B01
201300043095,0,7,0,0.0,2.0,3.0,0.0,A01
201300043096,0,7,0,0.0,1.0,2.0,2.0,A01
201300043097,0,7,0,0.0,9.0,8.0,22.0,A01
201300043097,0,1,0,1.0,0.0,1.0,21.0,B01
201300043098,0,2,0,0.0,0.0,3.0,0.0,A01
201300043099,0,2,0,0.0,2.0,1.0,2.0,A01
201300043099,1,13,0,0.0,0.0,1.0,2.0,C01
201300043099,0,7,0,0.0,0.0,6.0,11.0,B01
201300043100,0,32,0,0.0,2.0,1.0,17.0,B01
201300043100,0,7,0,0.0,2.0,1.0,9.0,A01
201300043101,0,7,0,0.0,1.0,2.0,0.0,A01
201300043102,0,7,0,0.0,2.0,1.0,2.0,A01
201300043102,0,7,0,0.0,2.0,4.0,2.0,B01
201300043103,0,30,0,0.0,1.0,1.0,1.0,A01
201300043104,0,33,0,0.0,1.0,1.0,1.0,A01
201300043105,1,1,0,0.0,1.0,0.0,0.0,A01
201300043106,0,7,0,0.0,9.0,7.0,16.0,A01
201300043106,0,33,0,0.0,9.0,0.0,1.0,B01
201300043107,0,7,0,0.0,9.0,3.0,1.0,B01
201300043107,0,1,0,0.0,2.0,1.0,9.0,A01
201300043108,0,7,0,0.0,9.0,2.0,15.0,A01
201300043108,0,31,0,0.0,2.0,1.0,0.0,B01
201300043109,0,7,0,1.0,2.0,9.0,1.0,A01
201300043109,0,7,0,0.0,2.0,1.0,2.0,B01
201300043110,0,7,0,0.0,1.0,1.0,1.0,A01
201300043111,0,7,0,0.0,0.0,3.0,15.0,B01
201300043111,0,31,0,0.0,2.0,1.0,1.0,A01
201300043112,0,37,0,0.0,1.0,5.0,16.0,A01
201300043113,0,7,0,0.0,2.0,7.0,1.0,B01
201300043113,0,7,0,0.0,2.0,1.0,1.0,A01
201300043114,0,7,0,0.0,2.0,8.0,15.0,B01
201300043114,0,33,0,0.0,2.0,1.0,17.0,A01
201300043115,0,7,0,0.0,1.0,1.0,1.0,A01
201300043116,0,34,0,0.0,1.0,1.0,1.0,A01
201300043117,0,7,0,0.0,2.0,5.0,1.0,A01
201300043117,0,7,0,0.0,2.0,1.0,1.0,B01
201300043118,0,7,0,0.0,1.0,1.0,1.0,A01
201300043119,0,7,0,0.0,1.0,1.0,1.0,A01
201300043120,0,7,0,0.0,1.0,1.0,1.0,A01
201300043121,0,7,0,0.0,2.0,3.0,24.0,A01
201300043121,0,7,0,1.0,1.0,7.0,1.0,B01
201300043122,0,32,0,0.0,2.0,3.0,1.0,A01
201300043122,0,7,0,0.0,0.0,3.0,1.0,B01
201300043123,0,2,0,0.0,2.0,1.0,0.0,A01
201300043123,0,7,0,0.0,2.0,2.0,0.0,B01
201300043124,0,2,0,0.0,2.0,7.0,1.0,B01
201300043124,0,7,0,0.0,2.0,1.0,1.0,A01
201300043125,0,7,0,0.0,1.0,3.0,1.0,A01
201300043126,0,33,0,0.0,0.0,0.0,1.0,A01
201300043127,0,7,0,0.0,0.0,2.0,2.0,A01
201300043128,0,7,0,0.0,0.0,3.0,10.0,A01
201300043128,0,7,0,0.0,0.0,2.0,1.0,B01
201300043129,0,7,0,0.0,1.0,1.0,1.0,A01
201300043130,0,7,0,0.0,2.0,1.0,1.0,A01
201300043130,0,31,0,0.0,0.0,4.0,2.0,B01
201300043131,0,7,0,0.0,1.0,1.0,1.0,A01
201300043132,0,7,0,0.0,2.0,1.0,1.0,A01
201300043132,0,32,0,0.0,2.0,1.0,15.0,B02
201300043133,0,7,0,0.0,1.0,1.0,1.0,A01
201300043134,0,7,0,0.0,2.0,0.0,0.0,A01
201300043135,0,7,0,0.0,0.0,4.0,2.0,B01
201300043135,0,7,0,0.0,2.0,1.0,2.0,A01
201300043136,0,7,0,0.0,2.0,1.0,1.0,B01
201300043136,0,7,0,8.0,2.0,6.0,1.0,A01
201300043137,0,7,0,0.0,9.0,3.0,15.0,B01
201300043137,0,2,0,0.0,2.0,2.0,3.0,A01
201300043138,0,7,0,0.0,1.0,1.0,1.0,A01
201300043139,0,3,0,0.0,0.0,5.0,15.0,A01
201300043139,1,3,0,0.0,2.0,1.0,1.0,Z01
201300043140,0,7,0,0.0,1.0,2.0,1.0,A01
201300043141,0,7,0,1.0,0.0,2.0,0.0,A01
201300043142,0,7,0,0.0,2.0,3.0,16.0,B01
201300043142,0,15,0,0.0,2.0,2.0,1.0,A01
201300043143,0,7,0,0.0,1.0,1.0,1.0,A01
201300043144,0,7,0,0.0,2.0,3.0,16.0,A01
201300043144,0,7,0,0.0,2.0,2.0,1.0,B01
201300043145,0,7,0,0.0,0.0,4.0,0.0,B01
201300043146,0,7,0,0.0,2.0,8.0,11.0,B01
201300043146,0,30,0,0.0,2.0,7.0,3.0,A01
201300043147,0,31,0,0.0,2.0,1.0,0.0,B01
201300043147,0,7,0,0.0,2.0,2.0,1.0,A01
201300043148,0,30,0,0.0,2.0,1.0,1.0,B01
201300043148,0,7,0,0.0,2.0,3.0,1.0,A01
201300043149,0,7,0,0.0,2.0,3.0,15.0,B01
201300043149,0,2,0,0.0,2.0,7.0,1.0,A01
201300043150,0,7,0,0.0,2.0,1.0,5.0,B01
201300043150,0,7,0,0.0,2.0,1.0,13.0,A01
201300043151,0,30,0,0.0,2.0,1.0,1.0,A01
201300043151,0,7,0,0.0,2.0,1.0,9.0,B01
201300043152,0,7,0,0.0,2.0,6.0,23.0,C01
201300043152,0,7,0,0.0,2.0,2.0,16.0,A01
201300043152,0,33,0,0.0,2.0,0.0,1.0,B01
201300043153,0,33,0,0.0,2.0,1.0,11.0,A01
201300043153,0,7,0,0.0,2.0,6.0,11.0,B01
201300043154,0,7,0,0.0,2.0,7.0,17.0,A01
201300043154,0,1,0,0.0,2.0,8.0,1.0,B01
201300043155,0,7,0,0.0,2.0,6.0,1.0,B01
201300043155,0,7,0,0.0,2.0,1.0,1.0,A01
201300043156,1,7,0,0.0,1.0,1.0,1.0,Z01
201300043157,0,7,0,0.0,2.0,3.0,22.0,C01
201300043157,0,30,0,1.0,2.0,1.0,21.0,A01
201300043157,0,7,0,0.0,2.0,8.0,1.0,B01
201300043158,0,7,0,0.0,0.0,8.0,22.0,A01
201300043158,0,14,0,1.0,0.0,2.0,1.0,B01
201300043159,0,7,0,0.0,1.0,1.0,1.0,A01
201300043160,0,2,0,0.0,2.0,1.0,21.0,A01
201300043160,1,3,0,0.0,0.0,0.0,13.0,Z01
201300043161,0,7,0,0.0,2.0,4.0,2.0,B01
201300043161,0,33,0,0.0,2.0,1.0,1.0,A01
201300043162,1,10,0,0.0,2.0,0.0,1.0,Z01
201300043162,0,7,0,0.0,2.0,1.0,16.0,A01
201300043163,0,7,0,0.0,2.0,6.0,9.0,A01
201300043163,0,30,0,0.0,2.0,2.0,1.0,B01
201300043164,0,33,0,0.0,2.0,1.0,1.0,B01
201300043164,0,7,0,0.0,2.0,6.0,10.0,A01
201300043165,0,7,0,0.0,1.0,1.0,1.0,A01
201300043166,0,7,0,0.0,2.0,1.0,1.0,B01
201300043166,0,7,0,0.0,2.0,3.0,15.0,A01
201300043167,0,31,0,0.0,2.0,1.0,1.0,A01
201300043167,0,33,0,0.0,2.0,0.0,0.0,B01
201300043168,0,7,0,0.0,2.0,1.0,1.0,C01
201300043168,0,7,0,0.0,2.0,1.0,17.0,A01
201300043168,0,7,0,0.0,2.0,6.0,1.0,B01
201300043169,0,30,0,0.0,2.0,7.0,1.0,A01
201300043169,0,7,0,0.0,2.0,3.0,15.0,B01
201300043170,0,31,0,0.0,2.0,1.0,0.0,A01
201300043170,0,7,0,0.0,0.0,4.0,0.0,B01
201300043171,0,7,0,0.0,2.0,3.0,15.0,A01
201300043171,0,7,0,0.0,2.0,3.0,1.0,B01
201300043172,0,7,0,0.0,2.0,4.0,1.0,C01
201300043172,0,7,0,0.0,2.0,4.0,1.0,B01
201300043172,0,7,0,0.0,2.0,1.0,1.0,A01
201300043173,0,33,0,0.0,2.0,1.0,21.0,A01
201300043173,0,7,0,0.0,2.0,6.0,1.0,B01
201300043174,0,7,0,0.0,2.0,2.0,16.0,A01
201300043174,0,31,0,0.0,2.0,1.0,1.0,B01
201300043175,0,7,0,0.0,0.0,7.0,15.0,B01
201300043175,0,2,0,0.0,2.0,1.0,1.0,A01
201300043176,0,7,0,0.0,2.0,1.0,2.0,A01
201300043176,0,7,0,0.0,2.0,4.0,2.0,B01
201300043177,0,1,0,0.0,2.0,7.0,6.0,B01
201300043177,0,7,0,0.0,9.0,1.0,6.0,A01
201300043178,0,1,0,0.0,2.0,1.0,19.0,B01
201300043178,0,7,0,0.0,9.0,5.0,1.0,A01
201300043179,0,7,0,0.0,2.0,1.0,1.0,A01
201300043179,0,7,0,0.0,2.0,3.0,15.0,B01
201300043180,0,7,0,0.0,2.0,7.0,0.0,A01
201300043180,0,7,0,0.0,2.0,1.0,0.0,B01
201300043181,0,7,0,0.0,2.0,3.0,0.0,B01
201300043181,0,7,0,0.0,2.0,3.0,1.0,A01
201300043182,0,30,0,1.0,0.0,1.0,1.0,A01
201300043183,0,7,0,0.0,2.0,7.0,1.0,A01
201300043183,0,7,0,0.0,2.0,1.0,1.0,B01
201300043184,0,7,0,0.0,2.0,6.0,1.0,B01
201300043184,0,7,0,0.0,2.0,1.0,1.0,A01
201300043185,0,33,0,0.0,2.0,2.0,1.0,A01
201300043185,0,7,0,0.0,2.0,8.0,1.0,C01
201300043185,0,10,0,0.0,2.0,7.0,15.0,B01
201300043186,0,7,0,0.0,2.0,1.0,13.0,A01
201300043186,0,7,0,0.0,2.0,1.0,1.0,B01
201300043187,0,7,0,1.0,0.0,1.0,1.0,A01
201300043188,0,7,0,0.0,2.0,4.0,23.0,B01
201300043188,0,1,0,0.0,2.0,1.0,1.0,A01
201300043189,0,7,0,0.0,2.0,4.0,2.0,B01
201300043189,0,7,0,0.0,2.0,1.0,2.0,A01
201300043190,0,10,0,0.0,2.0,8.0,10.0,A01
201300043190,0,32,0,0.0,2.0,1.0,1.0,B01
201300043191,0,7,0,0.0,2.0,1.0,1.0,B01
201300043191,0,7,0,0.0,2.0,7.0,1.0,A01
201300043192,0,7,0,0.0,2.0,3.0,16.0,A01
201300043192,0,32,0,0.0,2.0,1.0,1.0,B01
201300043193,0,7,0,0.0,1.0,1.0,1.0,A01
201300043194,0,30,0,0.0,2.0,2.0,17.0,A01
201300043194,0,7,0,0.0,2.0,2.0,15.0,B01
201300043195,0,34,0,0.0,2.0,9.0,1.0,B01
201300043195,0,10,0,0.0,0.0,0.0,1.0,A01
201300043196,0,7,0,0.0,2.0,2.0,1.0,B01
201300043196,0,10,0,0.0,2.0,1.0,16.0,A01
201300043197,0,7,0,0.0,0.0,4.0,2.0,B01
201300043197,0,33,0,0.0,2.0,1.0,2.0,A01
201300043198,0,33,0,9.0,0.0,1.0,1.0,A01
201300043199,0,33,0,0.0,2.0,1.0,1.0,B01
201300043199,0,7,0,0.0,2.0,5.0,0.0,A01
201300043200,0,7,0,0.0,1.0,2.0,1.0,A01
201300043201,0,7,0,0.0,2.0,0.0,1.0,B01
201300043201,0,7,0,0.0,2.0,0.0,1.0,A01
201300043202,0,7,0,0.0,2.0,1.0,1.0,A01
201300043202,0,7,0,0.0,2.0,9.0,23.0,B01
201300043202,0,7,0,0.0,2.0,5.0,23.0,C01
201300043203,0,7,0,0.0,2.0,5.0,1.0,B01
201300043203,0,7,0,0.0,2.0,1.0,9.0,A01
201300043204,0,7,0,0.0,1.0,0.0,0.0,A01
201300043205,0,7,0,0.0,2.0,1.0,15.0,A01
201300043205,0,33,0,0.0,2.0,1.0,1.0,B01
201300043206,0,7,0,0.0,2.0,3.0,13.0,A01
201300043206,0,7,0,0.0,2.0,3.0,1.0,B01
201300043207,0,7,0,1.0,0.0,2.0,0.0,A01
201300043208,0,7,0,0.0,2.0,3.0,16.0,B01
201300043208,0,31,0,0.0,2.0,1.0,1.0,A01
201300043209,0,2,0,0.0,0.0,0.0,1.0,B01
201300043209,0,7,0,0.0,0.0,0.0,15.0,A01
201300043210,0,7,0,0.0,2.0,1.0,15.0,A01
201300043210,0,2,0,0.0,2.0,1.0,1.0,B01
201300043211,0,15,0,0.0,2.0,8.0,1.0,B01
201300043211,0,7,0,0.0,2.0,5.0,1.0,A01
201300043212,0,7,0,0.0,1.0,1.0,1.0,A01
201300043213,2,7,0,0.0,2.0,2.0,1.0,A01
201300043213,0,7,0,0.0,2.0,3.0,1.0,B01
201300043214,0,32,0,0.0,2.0,2.0,1.0,B01
201300043214,0,7,0,0.0,2.0,1.0,15.0,A01
201300043215,0,33,0,0.0,2.0,1.0,1.0,B01
201300043215,0,7,0,0.0,2.0,3.0,20.0,A01
201300043216,0,10,0,0.0,2.0,1.0,1.0,A01
201300043216,0,7,0,0.0,2.0,5.0,1.0,B01
201300043217,0,30,0,0.0,2.0,9.0,1.0,B01