Num_Acc,senc,catv,occutc,obs,obsm,choc,manv,num_veh
201300043784,0,7,0,0.0,2.0,1.0,1.0,A01
201300043784,0,7,0,0.0,0.0,8.0,1.0,B01
201300043785,0,7,0,0.0,2.0,0.0,0.0,A01
201300043785,0,32,0,0.0,2.0,0.0,0.0,B01
201300043786,0,10,0,0.0,2.0,1.0,1.0,A01
201300043786,0,7,0,0.0,0.0,7.0,19.0,B01
201300043787,0,7,0,0.0,2.0,1.0,5.0,A01
201300043787,0,14,0,0.0,2.0,1.0,1.0,B01
201300043788,1,7,0,0.0,1.0,1.0,16.0,A01
201300043789,0,32,0,0.0,2.0,9.0,2.0,B01
201300043789,0,7,0,0.0,2.0,2.0,12.0,A01
201300043790,0,7,0,0.0,2.0,1.0,1.0,A01
201300043790,0,7,0,0.0,2.0,7.0,9.0,B01
201300043791,0,1,0,0.0,2.0,8.0,1.0,A02
201300043791,1,7,0,0.0,2.0,7.0,22.0,A01
201300043792,0,7,0,0.0,1.0,1.0,0.0,A01
201300043793,0,2,0,0.0,1.0,0.0,1.0,A01
201300043794,0,10,0,3.0,0.0,1.0,9.0,A01
201300043795,0,7,0,0.0,2.0,1.0,2.0,A01
201300043795,0,37,44,0.0,2.0,4.0,2.0,B01
201300043796,0,7,0,0.0,0.0,1.0,1.0,A01
201300043797,0,7,0,0.0,1.0,1.0,16.0,A01
201300043798,0,33,0,0.0,2.0,1.0,2.0,A01
201300043798,0,7,0,0.0,2.0,4.0,2.0,B01
201300043799,0,10,0,0.0,2.0,2.0,2.0,A01
201300043799,0,10,0,0.0,2.0,6.0,1.0,B01
201300043800,0,7,0,0.0,2.0,6.0,0.0,A01
201300043800,0,7,0,0.0,2.0,2.0,0.0,B01
201300043801,0,7,0,4.0,0.0,2.0,16.0,A01
201300043802,0,10,0,0.0,2.0,1.0,2.0,A01
201300043802,0,7,0,0.0,0.0,6.0,1.0,B01
201300043803,0,7,0,0.0,2.0,3.0,15.0,B01
201300043803,0,33,0,14.0,2.0,2.0,13.0,A01
201300043804,0,33,0,0.0,0.0,8.0,1.0,A01
201300043805,0,7,0,0.0,0.0,2.0,1.0,B01
201300043805,0,7,0,0.0,2.0,2.0,1.0,A01
201300043806,0,10,0,0.0,0.0,2.0,10.0,A01
201300043806,0,7,0,0.0,2.0,3.0,1.0,B01
201300043807,0,7,0,0.0,0.0,4.0,23.0,C01
201300043807,0,7,0,0.0,2.0,1.0,1.0,A01
201300043807,0,7,0,0.0,0.0,4.0,23.0,B01
201300043808,0,1,0,0.0,0.0,2.0,2.0,B01
201300043808,0,7,0,0.0,0.0,2.0,17.0,A01
201300043809,0,7,0,0.0,1.0,3.0,1.0,A01
201300043810,0,14,0,0.0,2.0,1.0,0.0,B01
201300043810,0,7,0,0.0,2.0,1.0,0.0,A01
201300043811,0,7,0,1.0,1.0,2.0,1.0,A01
201300043812,0,7,0,0.0,2.0,1.0,2.0,A01
201300043812,0,7,0,0.0,0.0,4.0,2.0,B01
201300043813,0,14,0,0.0,2.0,1.0,1.0,A01
201300043813,0,7,0,0.0,0.0,4.0,2.0,B01
201300043814,0,1,0,0.0,0.0,3.0,0.0,B01
201300043814,0,13,0,0.0,0.0,7.0,0.0,A01
201300043815,0,7,0,0.0,2.0,3.0,1.0,B01
201300043815,0,99,0,0.0,2.0,1.0,1.0,A01
201300043816,0,7,0,0.0,1.0,1.0,0.0,A01
201300043817,0,7,0,0.0,2.0,2.0,2.0,A01
201300043817,0,7,0,0.0,0.0,6.0,2.0,B01
201300043818,0,7,0,0.0,2.0,1.0,1.0,A01
201300043818,0,10,0,0.0,2.0,1.0,1.0,B01
201300043819,0,34,0,0.0,0.0,1.0,0.0,A01
201300043819,0,7,0,0.0,0.0,4.0,0.0,B01
201300043820,0,33,0,0.0,1.0,1.0,1.0,A01
201300043821,0,7,0,0.0,2.0,5.0,2.0,C01
201300043821,0,7,0,0.0,2.0,1.0,2.0,A01
201300043821,0,33,0,0.0,2.0,4.0,2.0,B01
201300043821,0,37,1,0.0,2.0,8.0,1.0,D01
201300043822,0,33,0,0.0,2.0,7.0,0.0,A01
201300043822,0,7,0,0.0,2.0,2.0,15.0,B01
201300043823,0,7,0,0.0,2.0,1.0,0.0,B01
201300043823,0,7,0,15.0,2.0,3.0,1.0,A01
201300043824,0,7,0,0.0,2.0,8.0,2.0,B01
201300043824,0,7,0,0.0,2.0,1.0,2.0,A01
201300043825,0,7,0,0.0,0.0,4.0,0.0,C01
201300043825,0,7,0,0.0,0.0,1.0,0.0,A01
201300043825,0,7,0,0.0,0.0,4.0,0.0,B01
201300043826,0,7,0,0.0,2.0,1.0,2.0,A01
201300043826,0,7,0,0.0,2.0,4.0,2.0,B01
201300043827,1,7,0,0.0,2.0,1.0,17.0,A01
201300043827,0,7,0,0.0,2.0,4.0,23.0,B01
201300043827,0,7,0,0.0,2.0,3.0,23.0,C01
201300043828,0,37,0,0.0,2.0,4.0,23.0,B01
201300043828,0,7,0,0.0,2.0,1.0,2.0,A01
201300043829,0,7,0,0.0,2.0,2.0,15.0,A01
201300043829,0,36,0,0.0,2.0,3.0,2.0,B01
201300043830,1,7,0,0.0,2.0,2.0,0.0,Z01
201300043830,0,30,0,0.0,2.0,8.0,3.0,B01
201300043831,0,33,0,4.0,2.0,7.0,0.0,A01
201300043831,0,7,0,0.0,0.0,7.0,0.0,B01
201300043832,0,7,0,0.0,1.0,0.0,0.0,A01
201300043833,0,7,0,0.0,2.0,8.0,2.0,B01
201300043833,0,20,0,0.0,2.0,1.0,2.0,A01
201300043834,0,7,0,0.0,2.0,2.0,15.0,A01
201300043834,0,34,0,0.0,2.0,1.0,1.0,B01
201300043835,0,7,0,0.0,2.0,1.0,9.0,A01
201300043835,0,10,0,0.0,2.0,3.0,13.0,B01
201300043836,0,7,0,0.0,2.0,9.0,2.0,B01
201300043836,0,10,0,0.0,2.0,3.0,2.0,A01
201300043836,0,7,0,0.0,2.0,4.0,2.0,C01
201300043837,0,7,0,0.0,2.0,2.0,2.0,A01
201300043837,0,7,0,0.0,2.0,6.0,1.0,B01
201300043838,0,34,0,0.0,0.0,0.0,16.0,A01
201300043839,0,7,0,4.0,0.0,3.0,13.0,A01
201300043840,0,33,0,0.0,0.0,7.0,1.0,A01
201300043841,1,7,0,0.0,1.0,3.0,1.0,Z01
201300043842,0,7,0,0.0,2.0,3.0,9.0,A01
201300043842,0,33,0,0.0,2.0,1.0,2.0,B01
201300043843,0,37,1,0.0,1.0,7.0,1.0,A01
201300043844,0,33,0,0.0,2.0,1.0,9.0,A01
201300043844,0,7,0,0.0,2.0,2.0,1.0,B01
201300043845,0,7,0,0.0,2.0,1.0,1.0,A01
201300043845,0,7,0,0.0,2.0,8.0,15.0,B01
201300043846,0,10,0,0.0,1.0,1.0,1.0,A01
201300043847,0,7,0,2.0,0.0,1.0,1.0,A01
201300043848,0,7,0,0.0,2.0,2.0,1.0,A01
201300043848,0,7,0,0.0,2.0,3.0,1.0,B01
201300043849,0,7,0,0.0,2.0,8.0,0.0,A01
201300043849,0,32,0,0.0,2.0,7.0,0.0,B01
201300043850,0,7,0,0.0,0.0,1.0,1.0,B01
201300043850,0,7,0,0.0,0.0,6.0,9.0,A01
201300043851,0,2,0,12.0,2.0,1.0,18.0,A01
201300043851,0,7,0,12.0,2.0,5.0,1.0,B01
201300043852,0,17,0,12.0,0.0,8.0,15.0,A01
201300043853,0,33,0,0.0,2.0,1.0,2.0,A01
201300043853,0,33,0,0.0,2.0,4.0,2.0,B01
201300043854,0,7,0,0.0,0.0,1.0,1.0,A01
201300043855,0,2,0,0.0,0.0,0.0,0.0,A01
201300043856,0,7,0,14.0,0.0,9.0,0.0,C01
201300043856,0,7,0,14.0,0.0,1.0,2.0,A01
201300043856,0,7,0,0.0,0.0,4.0,0.0,D01
201300043856,0,7,0,14.0,0.0,9.0,0.0,B01
201300043857,0,17,0,0.0,2.0,3.0,2.0,A01
201300043857,0,7,0,0.0,2.0,5.0,2.0,B01
201300043858,0,7,0,0.0,1.0,1.0,2.0,A01
201300043859,0,7,0,0.0,1.0,2.0,1.0,A01
201300043860,0,7,0,0.0,2.0,1.0,15.0,A01
201300043860,0,33,0,0.0,2.0,1.0,1.0,B01
201300043861,0,7,0,0.0,1.0,7.0,1.0,A01
201300043862,0,7,0,0.0,2.0,2.0,19.0,A01
201300043862,0,7,0,0.0,2.0,3.0,1.0,B01
201300043863,0,7,0,4.0,0.0,1.0,1.0,A01
201300043864,0,10,0,0.0,2.0,7.0,1.0,A01
201300043864,0,32,0,0.0,2.0,2.0,1.0,B01
201300043865,0,32,0,0.0,0.0,1.0,0.0,A01
201300043866,0,10,0,0.0,1.0,3.0,1.0,A01
201300043867,0,7,0,0.0,2.0,3.0,15.0,A01
201300043867,0,30,0,0.0,2.0,1.0,1.0,B01
201300043868,0,7,0,6.0,0.0,1.0,20.0,A01
201300043869,0,33,0,0.0,0.0,8.0,2.0,A01
201300043870,0,7,0,0.0,1.0,1.0,1.0,A01
201300043871,0,7,0,0.0,2.0,1.0,1.0,B02
201300043871,0,7,0,0.0,2.0,6.0,1.0,A01
201300043872,0,37,0,0.0,1.0,2.0,7.0,A01
201300043873,0,7,0,0.0,2.0,3.0,1.0,A01
201300043873,0,1,0,0.0,2.0,1.0,1.0,B01
201300043874,0,7,0,0.0,2.0,3.0,11.0,A01
201300043874,0,33,0,0.0,2.0,7.0,3.0,B01
201300043875,0,7,0,0.0,2.0,2.0,0.0,A01
201300043875,0,10,0,0.0,2.0,3.0,0.0,B01
201300043876,0,20,0,0.0,1.0,5.0,5.0,A01
201300043877,0,7,0,0.0,1.0,7.0,17.0,A01
201300043878,0,7,0,0.0,2.0,3.0,1.0,A01
201300043878,0,7,0,0.0,2.0,3.0,15.0,B01
201300043879,0,7,0,0.0,1.0,2.0,0.0,A01
201300043880,1,7,0,0.0,1.0,1.0,15.0,A01
201300043881,0,30,0,0.0,2.0,1.0,0.0,A01
201300043881,0,10,0,0.0,0.0,4.0,1.0,B01
201300043882,0,7,0,0.0,0.0,0.0,0.0,A01
201300043882,0,7,0,0.0,0.0,0.0,0.0,B01
201300043883,0,10,0,0.0,2.0,6.0,0.0,B01
201300043883,0,7,0,0.0,2.0,1.0,0.0,A01
201300043884,0,33,0,0.0,2.0,1.0,1.0,B01
201300043884,0,7,0,0.0,2.0,8.0,10.0,A01
201300043885,0,34,0,0.0,0.0,7.0,0.0,A01
201300043886,0,99,0,1.0,0.0,1.0,5.0,A01
201300043887,0,7,0,0.0,2.0,2.0,1.0,B01
201300043887,0,7,0,0.0,2.0,2.0,9.0,A01
201300043888,0,7,0,0.0,2.0,3.0,17.0,A01
201300043888,0,37,0,1.0,2.0,2.0,21.0,B01
201300043888,0,7,0,0.0,2.0,3.0,1.0,C01
201300043889,0,7,0,0.0,1.0,7.0,0.0,A01
201300043890,0,7,0,0.0,0.0,5.0,15.0,A01
201300043890,0,34,0,0.0,2.0,1.0,1.0,B01
201300043891,0,32,0,0.0,2.0,7.0,1.0,A01
201300043891,0,7,0,0.0,2.0,1.0,15.0,B01
201300043892,0,7,0,0.0,1.0,1.0,16.0,A01
201300043893,0,7,0,0.0,2.0,1.0,0.0,A01
201300043893,0,7,0,0.0,2.0,4.0,0.0,B01
201300043894,0,10,0,3.0,0.0,3.0,0.0,A01
201300043895,0,7,0,0.0,0.0,4.0,23.0,C01
201300043895,0,7,0,0.0,2.0,1.0,2.0,A01
201300043895,0,7,0,0.0,2.0,4.0,23.0,B01
201300043896,0,7,0,0.0,2.0,4.0,1.0,C01
201300043896,0,7,0,0.0,2.0,1.0,2.0,A01
201300043896,0,7,0,0.0,2.0,4.0,2.0,B01
201300043897,0,7,0,12.0,2.0,1.0,2.0,A01
201300043897,0,1,0,0.0,0.0,4.0,2.0,B01
201300043898,1,99,0,0.0,1.0,3.0,1.0,A01
201300043899,0,31,0,0.0,2.0,1.0,1.0,A01
201300043899,0,7,0,0.0,2.0,5.0,23.0,B01
201300043900,1,33,0,0.0,2.0,1.0,1.0,B01
201300043900,0,10,0,0.0,2.0,5.0,15.0,A01
201300043901,0,31,0,0.0,2.0,0.0,21.0,A01
201300043902,0,7,0,0.0,1.0,1.0,1.0,A01
201300043903,0,7,0,0.0,0.0,2.0,15.0,A01
201300043903,0,7,0,0.0,0.0,1.0,1.0,B01
201300043904,0,7,0,0.0,2.0,2.0,15.0,A01
201300043904,0,7,0,0.0,2.0,1.0,1.0,B01
201300043905,0,7,0,0.0,2.0,6.0,17.0,A01
201300043905,0,33,0,0.0,2.0,1.0,1.0,B01
201300043906,0,7,0,0.0,0.0,6.0,16.0,A01
201300043906,0,7,0,0.0,0.0,3.0,2.0,B01
201300043907,0,7,0,0.0,2.0,8.0,15.0,A01
201300043907,0,1,0,0.0,2.0,1.0,2.0,B01
201300043908,0,7,0,0.0,2.0,5.0,15.0,A01
201300043908,0,32,0,0.0,2.0,1.0,2.0,B01
201300043909,0,7,0,0.0,0.0,5.0,2.0,B01
201300043909,0,10,0,0.0,0.0,3.0,2.0,A01
201300043910,0,7,0,0.0,2.0,1.0,2.0,B01
201300043910,0,7,0,0.0,2.0,8.0,2.0,A01
201300043911,0,33,0,0.0,2.0,1.0,1.0,B01
201300043911,0,7,0,0.0,2.0,3.0,15.0,A01
201300043912,0,7,0,0.0,2.0,1.0,0.0,B01
201300043912,0,7,0,0.0,2.0,7.0,0.0,A01
201300043913,0,7,0,0.0,0.0,7.0,10.0,A01
201300043913,0,33,0,0.0,2.0,1.0,1.0,B01
201300043914,0,7,0,0.0,1.0,2.0,9.0,A01
201300043915,0,33,0,0.0,1.0,2.0,2.0,A01
201300043916,0,7,0,0.0,4.0,1.0,19.0,A01
201300043916,0,40,0,0.0,2.0,1.0,0.0,B01
201300043917,0,7,0,0.0,1.0,3.0,16.0,A01
201300043918,0,7,0,0.0,2.0,2.0,14.0,A01
201300043918,0,99,0,0.0,0.0,6.0,1.0,B01
201300043919,0,7,0,1.0,0.0,2.0,5.0,A01
201300043920,0,32,0,0.0,0.0,1.0,0.0,A01
201300043921,0,7,0,1.0,2.0,7.0,1.0,B01
201300043921,0,15,0,0.0,2.0,2.0,19.0,A01
201300043922,0,10,0,0.0,1.0,1.0,1.0,A01
201300043923,0,7,0,0.0,2.0,3.0,2.0,B01
201300043923,0,30,0,0.0,2.0,1.0,2.0,A01
201300043924,0,30,0,0.0,2.0,7.0,17.0,B01
201300043924,0,10,0,0.0,2.0,3.0,10.0,A01
201300043925,0,34,0,0.0,1.0,2.0,13.0,A01
201300043926,0,7,0,1.0,0.0,3.0,0.0,A01
201300043927,0,7,0,0.0,1.0,7.0,1.0,A01
201300043928,0,34,0,0.0,0.0,7.0,0.0,A01
201300043929,0,33,0,0.0,2.0,3.0,0.0,B01
201300043929,0,7,0,0.0,2.0,2.0,15.0,A01
201300043930,0,7,0,10.0,0.0,2.0,15.0,A01
201300043931,0,32,0,0.0,2.0,1.0,1.0,B01
201300043931,1,7,0,0.0,2.0,5.0,4.0,A01
201300043932,0,7,0,0.0,2.0,0.0,1.0,B01
201300043932,0,7,0,0.0,2.0,0.0,15.0,A01
201300043933,0,7,0,4.0,0.0,3.0,1.0,A01
201300043934,1,7,0,0.0,1.0,5.0,16.0,Z01
201300043935,0,32,0,0.0,2.0,8.0,9.0,A01
201300043935,0,7,0,0.0,0.0,1.0,1.0,B01
201300043936,0,10,0,0.0,2.0,1.0,17.0,B01
201300043936,0,7,0,0.0,2.0,3.0,15.0,A01
201300043937,0,7,0,0.0,0.0,4.0,0.0,B01
201300043937,0,7,0,0.0,2.0,1.0,1.0,A01
201300043938,0,7,0,6.0,0.0,1.0,13.0,A01
201300043939,0,7,0,1.0,0.0,2.0,2.0,A01
201300043940,0,7,0,0.0,2.0,2.0,12.0,A01
201300043940,0,34,0,0.0,2.0,1.0,1.0,B01
201300043941,0,33,0,0.0,0.0,1.0,23.0,B01
201300043941,0,7,0,0.0,0.0,4.0,4.0,A01
201300043942,0,7,0,0.0,1.0,3.0,1.0,A01
201300043943,0,33,0,0.0,1.0,0.0,21.0,A01
201300043944,1,7,0,0.0,1.0,1.0,15.0,A01
201300043945,0,32,0,0.0,2.0,7.0,23.0,B01
201300043945,0,7,0,0.0,2.0,6.0,4.0,A01
201300043946,0,33,0,1.0,0.0,1.0,1.0,A01
201300043947,0,1,0,1.0,0.0,1.0,1.0,B01
201300043947,0,7,0,0.0,0.0,8.0,24.0,A01
201300043948,0,37,15,0.0,2.0,1.0,1.0,A01
201300043948,0,7,0,0.0,2.0,7.0,16.0,B01
201300043949,0,7,0,0.0,2.0,4.0,1.0,B01
201300043949,1,7,0,0.0,2.0,1.0,2.0,A01
201300043950,0,7,0,8.0,0.0,2.0,21.0,A01
201300043951,0,32,0,0.0,2.0,1.0,1.0,B01
201300043951,0,7,0,0.0,2.0,7.0,15.0,A01
201300043952,0,30,0,0.0,1.0,1.0,21.0,A01
201300043953,0,7,0,1.0,0.0,1.0,3.0,A01
201300043954,0,31,0,0.0,2.0,3.0,2.0,B01
201300043954,1,7,0,0.0,2.0,2.0,17.0,A01
201300043955,0,7,0,3.0,0.0,2.0,15.0,A01
201300043956,0,7,0,15.0,0.0,1.0,2.0,A01
201300043957,0,7,0,0.0,1.0,1.0,15.0,A01
201300043958,0,7,0,0.0,2.0,8.0,2.0,B01
201300043958,0,14,0,0.0,2.0,5.0,2.0,A01
201300043959,0,10,0,0.0,2.0,3.0,0.0,A01
201300043959,0,2,0,0.0,2.0,8.0,0.0,B01
201300043960,0,1,0,0.0,2.0,3.0,1.0,A01
201300043960,0,38,1,0.0,9.0,2.0,2.0,B01
201300043961,0,2,0,0.0,2.0,3.0,1.0,A01
201300043961,0,7,0,0.0,2.0,2.0,12.0,B01
201300043962,0,31,0,1.0,0.0,7.0,19.0,A01
201300043963,0,7,0,15.0,0.0,8.0,15.0,A01
201300043964,0,7,0,0.0,2.0,1.0,1.0,A01
201300043964,0,7,0,0.0,2.0,7.0,1.0,B01
201300043965,0,7,0,0.0,2.0,1.0,2.0,A01
201300043965,0,7,0,0.0,0.0,4.0,1.0,B01
201300043966,0,2,0,0.0,1.0,1.0,1.0,A01
201300043967,0,7,0,0.0,2.0,5.0,23.0,B01
201300043967,0,31,0,0.0,2.0,1.0,2.0,A01
201300043968,1,7,0,0.0,1.0,7.0,1.0,A01
201300043969,0,34,0,0.0,2.0,2.0,1.0,B01
201300043969,0,7,0,0.0,2.0,6.0,11.0,A01
201300043970,0,33,0,0.0,2.0,1.0,1.0,A01
201300043970,0,7,0,0.0,2.0,2.0,15.0,B01
201300043971,0,34,0,0.0,1.0,1.0,5.0,A01
201300043972,0,7,0,0.0,1.0,6.0,4.0,A01
201300043973,0,7,0,0.0,1.0,1.0,1.0,A01
201300043974,0,7,0,0.0,1.0,5.0,1.0,A01
201300043975,0,7,0,0.0,1.0,2.0,0.0,A01
201300043976,0,31,0,1.0,0.0,1.0,18.0,A01
201300043976,0,10,0,0.0,2.0,7.0,23.0,B01
201300043977,0,7,0,0.0,1.0,2.0,1.0,A01
201300043978,0,7,0,0.0,0.0,4.0,11.0,B01
201300043978,0,33,0,0.0,2.0,1.0,2.0,A01
201300043979,0,33,0,1.0,2.0,2.0,17.0,B01
201300043979,0,7,0,0.0,2.0,8.0,20.0,A01
201300043980,0,14,0,0.0,2.0,1.0,1.0,A01
201300043980,0,10,0,0.0,2.0,3.0,15.0,B01
201300043981,0,30,0,0.0,0.0,7.0,2.0,A01
201300043982,0,7,0,0.0,0.0,0.0,15.0,B01
201300043982,0,33,0,0.0,2.0,7.0,17.0,A01
201300043983,0,34,0,0.0,0.0,0.0,16.0,A01
201300043984,0,7,0,0.0,1.0,3.0,13.0,A01
201300043985,0,7,0,0.0,0.0,4.0,2.0,B01
201300043985,0,7,0,0.0,2.0,1.0,2.0,A01
201300043986,0,34,0,0.0,0.0,8.0,1.0,A01
201300043986,0,7,0,0.0,2.0,1.0,2.0,B01
201300043987,0,7,0,0.0,1.0,2.0,15.0,A01
201300043988,0,33,0,0.0,2.0,1.0,1.0,A01
201300043988,1,7,0,0.0,2.0,3.0,9.0,Z01
201300043989,0,33,0,0.0,1.0,1.0,3.0,A01
201300043990,0,7,0,1.0,2.0,7.0,24.0,C01
201300043990,0,7,0,1.0,0.0,1.0,2.0,B01
201300043990,0,7,0,0.0,2.0,1.0,2.0,A01
201300043991,0,7,0,0.0,1.0,1.0,1.0,A01
201300043992,0,7,0,0.0,1.0,0.0,1.0,A01
201300043993,0,38,1,3.0,0.0,1.0,0.0,A01
201300043994,0,7,0,0.0,1.0,0.0,1.0,A01
201300043995,0,34,0,0.0,2.0,1.0,0.0,A01
201300043995,0,7,0,0.0,2.0,1.0,0.0,B01
201300043996,0,7,0,0.0,1.0,1.0,1.0,A01
201300043997,0,37,3,0.0,2.0,2.0,1.0,B01
201300043997,0,7,0,0.0,2.0,3.0,15.0,A01
201300043998,0,7,0,0.0,1.0,8.0,0.0,A01
201300043999,0,10,0,0.0,0.0,6.0,0.0,B01
201300043999,0,33,0,14.0,0.0,1.0,6.0,A01
201300044000,0,7,0,0.0,2.0,1.0,1.0,A01
201300044000,0,1,0,0.0,2.0,7.0,1.0,B01
201300044001,0,7,0,0.0,1.0,1.0,0.0,A01
201300044002,0,7,0,0.0,2.0,3.0,9.0,B01
201300044002,0,33,0,1.0,2.0,3.0,17.0,A01
201300044003,0,7,0,0.0,1.0,3.0,1.0,A01
201300044004,0,7,0,0.0,2.0,2.0,15.0,A01
201300044004,0,7,0,0.0,2.0,3.0,1.0,B01
201300044005,0,7,0,0.0,2.0,2.0,13.0,B01
201300044005,0,32,0,0.0,2.0,1.0,21.0,A01
201300044006,0,7,0,0.0,1.0,8.0,1.0,A01
201300044007,0,7,0,0.0,1.0,1.0,1.0,A01
201300044008,0,7,0,0.0,2.0,6.0,23.0,A01
201300044008,0,2,0,0.0,2.0,1.0,2.0,B01
201300044009,0,2,0,0.0,0.0,8.0,17.0,A01
201300044010,0,7,0,0.0,0.0,1.0,1.0,A01
201300044010,0,10,0,0.0,0.0,4.0,1.0,B01
201300044011,0,7,0,0.0,2.0,5.0,9.0,A01
201300044011,0,33,0,0.0,2.0,0.0,1.0,B01
201300044012,0,7,0,9.0,2.0,2.0,1.0,B01
201300044012,0,7,0,0.0,2.0,2.0,15.0,A01
201300044013,0,37,0,0.0,2.0,2.0,1.0,B01
201300044013,0,10,0,0.0,2.0,3.0,15.0,A01
201300044014,0,31,0,0.0,0.0,0.0,21.0,A01
201300044015,0,33,0,14.0,0.0,0.0,1.0,A01
201300044016,0,10,0,9.0,0.0,2.0,2.0,A01
201300044017,0,30,0,1.0,0.0,2.0,13.0,A01
201300044017,0,10,0,0.0,2.0,6.0,23.0,B01
201300044018,0,7,0,0.0,2.0,1.0,1.0,B01
201300044018,0,7,0,0.0,2.0,1.0,0.0,A01
201300044019,0,34,0,7.0,2.0,1.0,1.0,B01
201300044019,0,34,0,2.0,2.0,1.0,19.0,A01
201300044020,0,33,0,0.0,1.0,3.0,1.0,A01
201300044021,0,7,0,0.0,2.0,3.0,10.0,B01
201300044021,0,7,0,0.0,2.0,3.0,1.0,A01
201300044022,0,7,0,0.0,1.0,2.0,1.0,A01
201300044023,0,99,0,0.0,1.0,4.0,4.0,A01
201300044024,0,7,0,0.0,1.0,1.0,1.0,A01
201300044025,0,33,0,0.0,0.0,8.0,2.0,A01
201300044026,0,7,0,0.0,2.0,2.0,1.0,A01
201300044026,0,2,0,0.0,2.0,1.0,1.0,B01
201300044027,0,7,0,0.0,2.0,1.0,15.0,A01
201300044027,0,7,0,0.0,2.0,1.0,1.0,C01
201300044027,0,7,0,15.0,2.0,1.0,1.0,B01
201300044028,0,33,0,0.0,2.0,1.0,1.0,B01
201300044028,0,7,0,0.0,2.0,2.0,1.0,A01
201300044029,0,33,0,0.0,2.0,1.0,3.0,B01
201300044029,0,7,0,0.0,2.0,1.0,19.0,A01
201300044030,0,7,0,0.0,9.0,7.0,9.0,A01
201300044030,0,1,0,0.0,2.0,1.0,1.0,B01
201300044031,0,1,0,0.0,0.0,1.0,1.0,B01
201300044031,0,7,0,1.0,2.0,3.0,15.0,A01
201300044032,0,33,0,0.0,2.0,1.0,1.0,A01
201300044032,0,7,0,0.0,2.0,3.0,15.0,B01
201300044033,0,30,0,0.0,2.0,1.0,1.0,A01
201300044033,0,7,0,0.0,2.0,6.0,1.0,B01
201300044034,0,37,0,0.0,2.0,5.0,15.0,B01
201300044034,0,7,0,0.0,2.0,1.0,9.0,A01
201300044035,0,7,0,0.0,2.0,2.0,10.0,A01
201300044035,0,2,0,0.0,2.0,7.0,1.0,B01
201300044036,0,7,0,0.0,1.0,1.0,1.0,A01
201300044037,0,7,0,0.0,1.0,1.0,10.0,A01
201300044038,0,7,0,0.0,1.0,1.0,1.0,A01
201300044039,0,7,0,1.0,2.0,1.0,1.0,A01
201300044039,0,32,0,1.0,2.0,1.0,15.0,B01
201300044040,0,7,0,0.0,2.0,1.0,15.0,A01
201300044040,0,7,0,1.0,2.0,1.0,1.0,B01
201300044041,0,7,0,0.0,2.0,1.0,1.0,A01
201300044041,0,10,0,0.0,2.0,8.0,15.0,B01
201300044042,0,7,0,0.0,2.0,3.0,1.0,B01
201300044042,0,2,0,0.0,2.0,1.0,1.0,A01
201300044043,0,10,0,0.0,1.0,2.0,1.0,A01
201300044044,0,10,0,0.0,0.0,4.0,23.0,A01
201300044044,0,7,0,0.0,2.0,1.0,23.0,B01
201300044045,0,7,0,0.0,2.0,1.0,1.0,B01
201300044045,0,10,0,0.0,2.0,6.0,10.0,A01
201300044046,0,7,0,0.0,2.0,4.0,16.0,B01
201300044046,0,7,0,0.0,2.0,1.0,0.0,A01
201300044047,0,10,0,0.0,1.0,5.0,4.0,A01
201300044048,0,30,0,0.0,2.0,7.0,1.0,B01
201300044048,0,30,0,0.0,2.0,1.0,13.0,A01
201300044049,0,7,0,0.0,2.0,2.0,1.0,A01
201300044049,0,7,0,0.0,2.0,6.0,23.0,B01
201300044050,0,10,0,0.0,2.0,2.0,1.0,B01
201300044050,0,1,0,0.0,2.0,1.0,1.0,A01
201300044051,0,1,0,0.0,2.0,1.0,1.0,B01
201300044051,0,7,0,0.0,2.0,2.0,1.0,A01
201300044052,0,7,0,0.0,2.0,1.0,1.0,A01
201300044052,0,7,0,0.0,2.0,7.0,15.0,B01
201300044053,0,34,0,0.0,2.0,7.0,1.0,A01
201300044053,0,7,0,0.0,2.0,3.0,20.0,B01
201300044054,0,37,0,1.0,0.0,2.0,2.0,A01
201300044054,0,7,0,0.0,9.0,1.0,24.0,B01
201300044055,0,33,0,0.0,2.0,1.0,1.0,B01
201300044055,0,7,0,0.0,2.0,3.0,15.0,A01
201300044056,0,7,0,0.0,2.0,4.0,23.0,B01
201300044056,0,31,0,0.0,2.0,1.0,1.0,A01
201300044057,0,30,0,0.0,2.0,9.0,17.0,A01
201300044057,0,7,0,0.0,2.0,3.0,15.0,B01
201300044058,0,7,0,0.0,2.0,6.0,13.0,A01
201300044058,0,32,0,0.0,2.0,1.0,17.0,B01
201300044059,0,7,0,0.0,1.0,1.0,1.0,A01
201300044060,0,7,0,0.0,2.0,7.0,15.0,A01
201300044060,0,31,0,0.0,2.0,1.0,1.0,B01
201300044061,0,2,0,12.0,0.0,1.0,0.0,A01
201300044062,1,7,0,0.0,2.0,3.0,17.0,Z01
201300044062,0,7,0,0.0,2.0,3.0,15.0,A01
201300044063,0,2,0,0.0,1.0,1.0,1.0,A01
201300044064,0,7,0,2.0,0.0,1.0,1.0,A01
201300044065,0,7,0,0.0,2.0,3.0,1.0,B01
201300044065,0,7,0,0.0,2.0,2.0,15.0,A01