Num_Acc,senc,catv,occutc,obs,obsm,choc,manv,num_veh
201300044066,0,33,0,0.0,2.0,1.0,1.0,B01
201300044066,0,7,0,0.0,2.0,6.0,10.0,A01
201300044067,0,7,0,0.0,1.0,1.0,1.0,A01
201300044068,0,7,0,0.0,2.0,1.0,1.0,A01
201300044068,0,33,0,0.0,2.0,1.0,15.0,B01
201300044069,0,7,0,0.0,2.0,2.0,10.0,A01
201300044069,0,30,0,0.0,2.0,1.0,1.0,B01
201300044070,0,3,0,0.0,1.0,1.0,1.0,A01
201300044071,0,7,0,0.0,2.0,1.0,1.0,A01
201300044071,0,7,0,0.0,2.0,4.0,23.0,B01
201300044072,0,7,0,0.0,2.0,4.0,1.0,B01
201300044072,0,7,0,0.0,2.0,1.0,1.0,A01
201300044073,0,34,0,0.0,1.0,1.0,1.0,A01
201300044074,0,7,0,0.0,1.0,1.0,1.0,A01
201300044075,0,30,0,0.0,2.0,1.0,19.0,A01
201300044075,0,7,0,0.0,2.0,3.0,1.0,B01
201300044076,1,7,0,0.0,2.0,2.0,15.0,Z01
201300044076,0,30,0,0.0,2.0,1.0,1.0,A01
201300044077,0,7,0,0.0,1.0,1.0,1.0,A01
201300044078,0,34,0,0.0,2.0,8.0,1.0,B01
201300044078,0,10,0,0.0,2.0,0.0,15.0,A01
201300044079,0,7,0,0.0,2.0,7.0,16.0,A01
201300044079,0,1,0,0.0,2.0,8.0,18.0,B01
201300044080,0,7,0,0.0,2.0,1.0,15.0,A01
201300044080,0,7,0,0.0,2.0,3.0,1.0,B01
201300044081,0,7,0,0.0,1.0,1.0,0.0,A01
201300044082,0,7,0,0.0,2.0,7.0,15.0,A01
201300044082,0,7,0,0.0,2.0,1.0,1.0,B01
201300044083,0,7,0,0.0,2.0,1.0,1.0,A01
201300044083,0,32,0,0.0,0.0,4.0,2.0,B01
201300044084,0,33,0,0.0,2.0,1.0,3.0,A01
201300044084,0,7,0,0.0,2.0,3.0,1.0,B01
201300044085,0,7,0,0.0,1.0,2.0,2.0,A01
201300044086,0,7,0,0.0,0.0,4.0,23.0,C01
201300044086,0,7,0,14.0,2.0,1.0,2.0,A01
201300044086,0,7,0,0.0,0.0,4.0,23.0,B01
201300044087,0,7,0,0.0,2.0,1.0,2.0,B01
201300044087,0,7,0,0.0,2.0,6.0,15.0,A01
201300044088,0,7,0,0.0,2.0,1.0,1.0,A01
201300044088,0,7,0,0.0,2.0,7.0,1.0,B01
201300044089,0,7,0,0.0,1.0,3.0,15.0,A01
201300044090,0,7,0,0.0,0.0,3.0,0.0,A01
201300044090,0,7,0,0.0,0.0,2.0,1.0,B01
201300044091,0,10,0,0.0,2.0,3.0,20.0,A01
201300044091,0,2,0,0.0,2.0,1.0,2.0,B01
201300044092,0,7,0,0.0,2.0,1.0,1.0,A01
201300044092,0,7,0,1.0,2.0,4.0,1.0,B01
201300044093,0,7,0,0.0,2.0,2.0,15.0,A01
201300044093,0,34,0,0.0,2.0,1.0,1.0,B01
201300044094,0,10,0,0.0,2.0,5.0,12.0,A01
201300044094,0,33,0,0.0,2.0,8.0,1.0,B01
201300044095,0,30,0,0.0,2.0,7.0,2.0,B01
201300044095,0,7,0,0.0,2.0,2.0,1.0,A01
201300044096,0,7,0,0.0,1.0,1.0,1.0,A01
201300044097,0,7,0,0.0,0.0,4.0,23.0,B01
201300044097,0,7,0,14.0,0.0,1.0,2.0,A01
201300044098,0,7,0,0.0,2.0,1.0,2.0,A01
201300044098,0,7,0,0.0,2.0,4.0,2.0,B01
201300044099,0,7,0,0.0,0.0,7.0,10.0,A01
201300044099,0,33,0,0.0,2.0,1.0,1.0,B01
201300044100,0,7,0,0.0,0.0,3.0,19.0,A01
201300044100,0,33,0,0.0,0.0,8.0,21.0,B01
201300044101,0,33,0,1.0,1.0,1.0,1.0,A01
201300044102,0,7,0,0.0,2.0,4.0,2.0,C01
201300044102,0,7,0,0.0,2.0,1.0,2.0,A01
201300044102,0,7,0,0.0,2.0,4.0,2.0,B01
201300044103,0,7,0,0.0,2.0,1.0,15.0,A01
201300044103,1,37,30,0.0,2.0,1.0,2.0,B01
201300044104,0,7,0,0.0,1.0,1.0,1.0,A01
201300044105,0,7,0,1.0,0.0,1.0,23.0,A01
201300044105,0,7,0,0.0,0.0,4.0,23.0,B01
201300044106,0,7,0,0.0,1.0,7.0,2.0,A01
201300044107,0,7,0,0.0,1.0,4.0,20.0,A01
201300044108,0,7,0,0.0,1.0,1.0,15.0,A01
201300044109,0,7,0,1.0,1.0,4.0,4.0,A01
201300044110,0,7,0,0.0,1.0,1.0,1.0,A01
201300044111,0,7,0,0.0,2.0,1.0,1.0,B01
201300044111,0,33,0,0.0,2.0,2.0,15.0,A01
201300044112,0,32,0,0.0,2.0,3.0,0.0,A01
201300044112,0,10,0,0.0,2.0,3.0,2.0,B01
201300044113,0,7,0,0.0,2.0,2.0,2.0,A01
201300044113,0,7,0,0.0,0.0,6.0,16.0,B01
201300044114,0,7,0,0.0,1.0,6.0,24.0,A01
201300044115,0,7,0,0.0,1.0,1.0,1.0,A01
201300044116,0,7,0,0.0,1.0,0.0,0.0,A01
201300044117,0,7,0,0.0,0.0,4.0,23.0,C01
201300044117,0,7,0,0.0,2.0,1.0,2.0,A01
201300044117,0,7,0,0.0,2.0,4.0,23.0,B01
201300044118,0,7,0,0.0,2.0,3.0,10.0,A01
201300044118,0,33,0,0.0,2.0,2.0,1.0,B01
201300044119,0,7,0,8.0,0.0,1.0,2.0,A01
201300044120,0,7,0,0.0,2.0,1.0,2.0,A01
201300044120,0,7,0,0.0,0.0,7.0,2.0,B01
201300044121,0,99,0,0.0,1.0,2.0,1.0,A01
201300044122,0,7,0,0.0,2.0,3.0,15.0,A01
201300044122,0,31,0,0.0,2.0,1.0,1.0,B01
201300044123,0,99,0,0.0,2.0,3.0,1.0,A01
201300044123,0,7,0,0.0,0.0,3.0,15.0,B01
201300044124,0,7,0,0.0,0.0,4.0,1.0,A01
201300044124,0,2,0,0.0,0.0,1.0,2.0,B01
201300044125,1,30,0,0.0,0.0,0.0,0.0,A01
201300044125,0,1,0,0.0,0.0,0.0,0.0,B01
201300044126,0,7,0,0.0,0.0,2.0,15.0,A01
201300044126,0,1,0,0.0,0.0,0.0,1.0,B01
201300044127,1,7,0,0.0,2.0,7.0,14.0,B01
201300044127,0,33,0,0.0,2.0,8.0,1.0,A01
201300044128,0,2,0,0.0,2.0,6.0,15.0,A01
201300044128,0,7,0,0.0,2.0,1.0,16.0,B01
201300044129,0,7,0,0.0,1.0,3.0,1.0,A01
201300044130,0,30,0,0.0,2.0,2.0,13.0,B01
201300044130,0,7,0,0.0,0.0,3.0,15.0,A01
201300044131,0,7,0,0.0,0.0,7.0,2.0,C01
201300044131,0,7,0,0.0,0.0,8.0,2.0,B01
201300044131,0,31,0,0.0,2.0,7.0,2.0,A01
201300044132,0,7,0,0.0,1.0,1.0,2.0,A01
201300044133,1,7,0,0.0,1.0,0.0,1.0,Z01
201300044134,0,7,0,0.0,2.0,5.0,15.0,B01
201300044134,0,33,0,0.0,2.0,1.0,2.0,A01
201300044135,0,7,0,0.0,1.0,2.0,1.0,A01
201300044136,0,7,0,0.0,1.0,0.0,24.0,B01
201300044137,0,7,0,0.0,2.0,3.0,2.0,A01
201300044137,0,7,0,0.0,2.0,5.0,2.0,B01
201300044138,0,7,0,0.0,0.0,3.0,2.0,A01
201300044138,0,2,0,0.0,0.0,5.0,17.0,B01
201300044139,1,7,0,0.0,1.0,0.0,1.0,Z01
201300044140,0,7,0,0.0,2.0,6.0,2.0,B01
201300044140,0,33,0,14.0,0.0,2.0,2.0,A01
201300044141,0,7,0,0.0,1.0,1.0,2.0,A01
201300044142,0,33,0,0.0,0.0,1.0,1.0,A01
201300044142,0,14,0,0.0,0.0,3.0,15.0,B01
201300044143,0,7,0,0.0,1.0,1.0,2.0,A01
201300044144,0,7,0,0.0,0.0,1.0,1.0,A01
201300044144,0,32,0,0.0,0.0,3.0,1.0,B01
201300044145,0,7,0,0.0,0.0,2.0,1.0,A01
201300044145,0,2,0,0.0,2.0,1.0,16.0,B01
201300044146,0,7,0,0.0,2.0,1.0,2.0,B01
201300044146,0,7,0,0.0,2.0,1.0,1.0,A01
201300044147,0,7,0,0.0,0.0,4.0,23.0,B01
201300044147,0,7,0,0.0,2.0,1.0,0.0,A01
201300044148,0,7,0,0.0,2.0,1.0,2.0,A01
201300044148,0,7,0,0.0,0.0,4.0,2.0,B01
201300044149,0,2,0,0.0,2.0,8.0,1.0,B01
201300044149,0,7,0,0.0,2.0,2.0,1.0,A01
201300044150,0,7,0,0.0,1.0,3.0,15.0,A01
201300044151,0,1,0,0.0,2.0,7.0,1.0,B01
201300044151,0,7,0,0.0,9.0,3.0,14.0,A01
201300044152,0,7,0,0.0,2.0,1.0,15.0,A01
201300044152,0,7,0,0.0,2.0,8.0,1.0,B01
201300044153,0,2,0,0.0,0.0,8.0,9.0,A01
201300044153,0,1,0,0.0,0.0,1.0,1.0,B01
201300044154,0,32,0,0.0,2.0,1.0,19.0,B01
201300044154,0,7,0,0.0,0.0,2.0,15.0,A01
201300044155,0,33,0,0.0,2.0,1.0,1.0,A01
201300044155,0,33,0,0.0,0.0,1.0,1.0,B01
201300044156,0,10,0,0.0,1.0,1.0,15.0,A01
201300044157,0,15,0,0.0,2.0,1.0,2.0,B01
201300044157,0,7,0,0.0,0.0,4.0,16.0,A01
201300044158,0,7,0,0.0,2.0,2.0,2.0,C01
201300044158,0,33,0,0.0,2.0,1.0,1.0,B01
201300044158,0,7,0,0.0,2.0,5.0,15.0,A01
201300044159,0,2,0,0.0,2.0,3.0,2.0,B01
201300044159,0,3,0,0.0,2.0,3.0,15.0,A01
201300044160,0,1,0,0.0,0.0,1.0,1.0,A01
201300044160,0,1,0,0.0,0.0,0.0,1.0,B01
201300044161,0,1,0,0.0,2.0,8.0,19.0,B01
201300044161,0,7,0,0.0,2.0,1.0,16.0,A01
201300044162,0,7,0,0.0,2.0,1.0,1.0,A01
201300044162,0,7,0,0.0,2.0,4.0,23.0,B01
201300044163,0,2,0,0.0,2.0,1.0,1.0,A01
201300044163,0,7,0,0.0,2.0,6.0,15.0,B01
201300044164,0,7,0,0.0,2.0,3.0,1.0,B01
201300044164,0,7,0,0.0,2.0,1.0,15.0,A01
201300044165,0,7,0,0.0,2.0,2.0,1.0,A01
201300044165,0,7,0,0.0,2.0,3.0,1.0,B01
201300044166,0,33,0,0.0,2.0,1.0,1.0,B01
201300044166,0,7,0,0.0,2.0,3.0,10.0,A01
201300044167,0,10,0,0.0,2.0,1.0,17.0,A01
201300044167,0,7,0,0.0,2.0,6.0,23.0,B01
201300044168,0,2,0,0.0,2.0,8.0,13.0,A01
201300044168,0,7,0,0.0,2.0,8.0,1.0,B01
201300044169,0,7,0,0.0,2.0,3.0,5.0,A01
201300044169,0,1,0,0.0,2.0,1.0,1.0,B01
201300044170,0,7,0,0.0,2.0,4.0,23.0,B01
201300044170,0,10,0,0.0,2.0,1.0,2.0,A01
201300044171,0,1,0,0.0,1.0,1.0,1.0,A01
201300044172,0,7,0,0.0,2.0,3.0,15.0,A01
201300044172,0,33,0,0.0,2.0,1.0,17.0,B01
201300044173,0,1,0,0.0,2.0,8.0,1.0,B01
201300044173,0,10,0,0.0,2.0,5.0,16.0,A01
201300044174,1,7,0,0.0,1.0,4.0,4.0,Z01
201300044175,0,1,0,0.0,2.0,1.0,2.0,B01
201300044175,0,7,0,0.0,0.0,3.0,10.0,A01
201300044176,0,2,0,0.0,2.0,1.0,2.0,A01
201300044176,0,7,0,0.0,2.0,6.0,2.0,B01
201300044177,0,7,0,0.0,5.0,2.0,1.0,A01
201300044178,0,7,0,0.0,1.0,2.0,16.0,A01
201300044179,0,7,0,0.0,1.0,3.0,2.0,A01
201300044180,0,7,0,0.0,2.0,2.0,9.0,A01
201300044180,0,7,0,0.0,2.0,3.0,1.0,B01
201300044181,0,10,0,0.0,2.0,1.0,20.0,A01
201300044181,0,1,0,0.0,2.0,1.0,9.0,B01
201300044182,0,7,0,0.0,1.0,1.0,2.0,A01
201300044183,0,7,0,1.0,0.0,3.0,2.0,A01
201300044184,1,7,0,0.0,2.0,1.0,2.0,A01
201300044184,0,7,0,0.0,2.0,3.0,2.0,B01
201300044185,0,3,0,0.0,2.0,4.0,2.0,B01
201300044185,0,3,0,0.0,2.0,1.0,2.0,A01
201300044185,0,3,0,0.0,2.0,4.0,2.0,C01
201300044185,0,3,0,0.0,0.0,4.0,2.0,D01
201300044186,0,7,0,0.0,1.0,1.0,17.0,A01
201300044187,0,1,0,0.0,2.0,1.0,2.0,B01
201300044187,0,33,0,0.0,2.0,1.0,2.0,A01
201300044188,0,1,0,0.0,2.0,7.0,1.0,B01
201300044188,0,7,0,0.0,9.0,1.0,1.0,A01
201300044189,0,7,0,0.0,1.0,7.0,1.0,A01
201300044190,0,30,0,0.0,2.0,1.0,1.0,B01
201300044190,0,7,0,0.0,2.0,7.0,15.0,A01
201300044191,0,32,0,0.0,1.0,0.0,0.0,A01
201300044192,0,7,0,0.0,0.0,7.0,16.0,A01
201300044192,0,33,0,0.0,2.0,1.0,1.0,B01
201300044193,0,31,0,0.0,0.0,4.0,23.0,B01
201300044193,0,3,0,0.0,2.0,1.0,2.0,A01
201300044194,0,7,0,0.0,2.0,4.0,23.0,B01
201300044194,0,7,0,0.0,2.0,1.0,2.0,A01
201300044195,0,7,0,0.0,1.0,1.0,0.0,A01
201300044196,0,7,0,0.0,1.0,0.0,22.0,A01
201300044197,0,10,0,0.0,0.0,4.0,1.0,B01
201300044197,0,7,0,1.0,0.0,1.0,1.0,A01
201300044198,0,7,0,0.0,2.0,1.0,0.0,A01
201300044198,0,1,0,0.0,0.0,2.0,0.0,B01
201300044199,0,2,0,0.0,2.0,8.0,11.0,A01
201300044199,0,2,0,0.0,2.0,7.0,11.0,B01
201300044200,0,10,0,0.0,1.0,1.0,1.0,A01
201300044201,0,7,0,0.0,2.0,2.0,15.0,A01
201300044201,0,7,0,0.0,2.0,1.0,1.0,B01
201300044202,0,30,0,0.0,2.0,1.0,1.0,A01
201300044202,0,7,0,0.0,2.0,4.0,23.0,B01
201300044203,0,7,0,0.0,1.0,1.0,0.0,A01
201300044204,0,33,0,0.0,2.0,1.0,0.0,A01
201300044204,0,7,0,0.0,2.0,3.0,15.0,B01
201300044205,0,30,0,0.0,2.0,5.0,17.0,A01
201300044205,0,10,0,0.0,2.0,3.0,15.0,B01
201300044206,0,7,0,0.0,2.0,1.0,15.0,B01
201300044206,0,32,0,0.0,2.0,2.0,1.0,A01
201300044207,0,7,0,0.0,2.0,1.0,15.0,A01
201300044207,0,2,0,0.0,2.0,1.0,1.0,B01
201300044208,0,7,0,1.0,0.0,1.0,21.0,A01
201300044209,0,7,0,0.0,2.0,7.0,1.0,A01
201300044209,0,7,0,0.0,2.0,1.0,15.0,B01
201300044210,0,7,0,0.0,2.0,3.0,13.0,A01
201300044210,0,1,0,0.0,2.0,2.0,1.0,B01
201300044211,0,7,0,0.0,2.0,1.0,1.0,A01
201300044211,0,7,0,0.0,2.0,4.0,1.0,B01
201300044212,0,10,0,0.0,1.0,4.0,4.0,A01
201300044213,0,7,0,0.0,2.0,1.0,15.0,A01
201300044213,0,7,0,0.0,2.0,8.0,1.0,B01
201300044214,0,7,0,0.0,2.0,1.0,15.0,B01
201300044214,0,7,0,0.0,2.0,7.0,1.0,A01
201300044215,0,2,0,0.0,2.0,1.0,5.0,A01
201300044215,0,7,0,0.0,2.0,1.0,1.0,B01
201300044216,0,7,0,8.0,2.0,1.0,1.0,B01
201300044216,0,7,0,8.0,2.0,1.0,1.0,A01
201300044217,0,33,0,0.0,2.0,1.0,17.0,A01
201300044217,0,7,0,0.0,2.0,6.0,15.0,B01
201300044218,0,7,0,0.0,2.0,2.0,15.0,A01
201300044218,0,33,0,0.0,2.0,1.0,1.0,B01
201300044219,0,33,0,0.0,2.0,8.0,1.0,B01
201300044219,0,7,0,0.0,2.0,1.0,15.0,A01
201300044220,0,99,0,0.0,2.0,0.0,0.0,A01
201300044220,0,33,0,0.0,2.0,0.0,0.0,B01
201300044221,0,7,0,0.0,1.0,1.0,0.0,A01
201300044222,0,7,0,0.0,2.0,0.0,0.0,A01
201300044222,0,33,0,0.0,2.0,0.0,0.0,B01
201300044223,0,7,0,0.0,1.0,1.0,0.0,A01
201300044224,0,31,0,1.0,2.0,1.0,3.0,B01
201300044224,0,10,0,0.0,2.0,2.0,0.0,A01
201300044225,0,7,0,0.0,2.0,3.0,1.0,B01
201300044225,0,10,0,0.0,2.0,1.0,1.0,A01
201300044226,0,7,0,1.0,1.0,3.0,1.0,A01
201300044227,0,7,0,0.0,2.0,3.0,16.0,A01
201300044227,0,7,0,0.0,2.0,6.0,1.0,B01
201300044228,0,7,0,0.0,2.0,8.0,23.0,D01
201300044228,0,30,0,0.0,2.0,8.0,23.0,B01
201300044228,0,7,0,0.0,2.0,1.0,1.0,C01
201300044228,0,7,0,0.0,2.0,1.0,15.0,A01
201300044229,0,7,0,0.0,0.0,0.0,14.0,C01
201300044229,0,32,0,0.0,2.0,8.0,0.0,A01
201300044229,0,7,0,0.0,2.0,7.0,0.0,B01
201300044230,0,33,0,0.0,0.0,0.0,0.0,B01
201300044230,0,33,0,0.0,0.0,0.0,0.0,A01
201300044231,0,34,0,0.0,2.0,1.0,0.0,A01
201300044231,0,7,0,0.0,2.0,5.0,0.0,B01
201300044232,0,7,0,0.0,1.0,0.0,0.0,A01
201300044233,0,7,0,0.0,1.0,7.0,0.0,A01
201300044234,0,33,0,0.0,1.0,0.0,1.0,A01
201300044235,0,7,0,0.0,2.0,7.0,0.0,A01
201300044235,0,7,0,0.0,2.0,1.0,1.0,B01
201300044236,0,33,0,0.0,2.0,2.0,17.0,A01
201300044236,0,7,0,0.0,2.0,8.0,15.0,B01
201300044237,0,7,0,0.0,2.0,8.0,9.0,B01
201300044237,0,30,0,0.0,2.0,1.0,1.0,A01
201300044238,0,7,0,0.0,2.0,1.0,0.0,B01
201300044238,0,30,0,0.0,2.0,8.0,0.0,A01
201300044239,0,33,0,0.0,2.0,1.0,0.0,A01
201300044239,0,7,0,0.0,2.0,4.0,0.0,C01
201300044239,0,7,0,0.0,2.0,1.0,0.0,B01
201300044240,0,33,0,0.0,2.0,7.0,0.0,B01
201300044240,0,7,0,0.0,2.0,8.0,20.0,A01
201300044241,0,7,0,0.0,1.0,0.0,0.0,A01
201300044242,0,2,0,0.0,2.0,7.0,1.0,A01
201300044242,0,7,0,0.0,2.0,1.0,1.0,B01
201300044243,0,7,0,0.0,2.0,2.0,15.0,A01
201300044243,0,32,0,0.0,2.0,1.0,1.0,B01
201300044244,0,31,0,0.0,1.0,2.0,1.0,A01
201300044245,0,7,0,0.0,1.0,8.0,0.0,A01
201300044246,0,7,0,0.0,1.0,1.0,1.0,A01
201300044247,0,7,0,0.0,2.0,1.0,0.0,B01
201300044247,0,7,0,0.0,2.0,5.0,0.0,A01
201300044248,0,33,0,1.0,0.0,0.0,0.0,B01
201300044248,0,10,0,0.0,2.0,8.0,0.0,A01
201300044249,0,33,0,0.0,2.0,1.0,1.0,B01
201300044249,0,7,0,0.0,2.0,3.0,15.0,A01
201300044250,0,7,0,0.0,2.0,1.0,2.0,A01
201300044250,0,7,0,0.0,2.0,4.0,1.0,B01
201300044251,0,31,0,0.0,2.0,1.0,1.0,B01
201300044251,0,7,0,0.0,2.0,7.0,1.0,A01
201300044252,0,7,0,0.0,1.0,1.0,1.0,A01
201300044253,0,7,0,0.0,2.0,3.0,1.0,B01
201300044253,0,7,0,0.0,2.0,2.0,15.0,A01
201300044254,0,33,0,0.0,2.0,1.0,0.0,B01
201300044254,0,7,0,0.0,2.0,1.0,15.0,A01
201300044255,0,7,0,0.0,1.0,1.0,0.0,A01
201300044256,0,7,0,0.0,2.0,1.0,1.0,A01
201300044256,0,7,0,0.0,2.0,1.0,1.0,B01
201300044257,0,32,0,0.0,2.0,1.0,1.0,B01
201300044257,0,7,0,0.0,2.0,5.0,1.0,A01
201300044258,0,10,0,0.0,2.0,2.0,1.0,A01
201300044258,0,37,0,0.0,2.0,3.0,1.0,B01
201300044259,0,7,0,0.0,2.0,3.0,2.0,B01
201300044259,0,7,0,0.0,2.0,1.0,1.0,A01
201300044260,0,7,0,0.0,2.0,1.0,1.0,A01
201300044260,0,7,0,0.0,2.0,4.0,23.0,B01
201300044261,0,7,0,0.0,1.0,1.0,0.0,A01
201300044262,0,7,0,0.0,1.0,1.0,13.0,A01
201300044263,0,33,0,1.0,0.0,3.0,1.0,A01
201300044264,0,2,0,0.0,2.0,1.0,2.0,A01
201300044264,0,10,0,0.0,2.0,4.0,1.0,B01
201300044265,0,1,0,0.0,2.0,1.0,1.0,A01
201300044265,0,1,0,0.0,2.0,8.0,1.0,B01
201300044266,0,7,0,0.0,2.0,8.0,1.0,B01
201300044266,0,33,0,0.0,2.0,1.0,1.0,A01
201300044267,0,7,0,0.0,2.0,1.0,1.0,A01
201300044267,0,7,0,0.0,2.0,4.0,23.0,B01
201300044268,0,7,0,0.0,2.0,1.0,1.0,A01
201300044268,0,10,0,15.0,2.0,8.0,1.0,B01
201300044269,0,7,0,0.0,2.0,1.0,1.0,B01
201300044269,0,31,0,0.0,2.0,1.0,1.0,A01
201300044270,0,7,0,0.0,1.0,2.0,1.0,A01
201300044271,0,7,0,8.0,2.0,8.0,1.0,B01
201300044271,0,37,0,0.0,2.0,1.0,1.0,A01
201300044272,0,7,0,0.0,2.0,1.0,23.0,B01
201300044272,0,7,0,0.0,1.0,2.0,16.0,A01
201300044273,0,7,0,0.0,2.0,2.0,1.0,C01
201300044273,0,34,0,0.0,1.0,2.0,1.0,A01
201300044273,0,7,0,0.0,2.0,8.0,1.0,B01
201300044274,0,7,0,0.0,1.0,1.0,2.0,A01
201300044275,0,7,0,0.0,2.0,1.0,15.0,A01
201300044275,0,32,0,0.0,2.0,1.0,1.0,B01
201300044276,0,7,0,0.0,1.0,1.0,16.0,A01
201300044277,0,7,0,0.0,1.0,2.0,1.0,A01
201300044278,0,2,0,0.0,2.0,7.0,17.0,A01
201300044278,0,7,0,0.0,2.0,3.0,15.0,B01
201300044279,0,7,0,0.0,2.0,3.0,9.0,B01
201300044279,0,33,0,0.0,2.0,1.0,17.0,A01
201300044280,0,3,0,1.0,0.0,1.0,21.0,A01
201300044281,0,7,0,0.0,2.0,3.0,15.0,B01
201300044281,0,33,0,0.0,2.0,1.0,1.0,A01
201300044282,0,7,0,0.0,2.0,1.0,15.0,A01
201300044282,0,30,0,0.0,2.0,1.0,1.0,B01
201300044283,0,7,0,0.0,2.0,3.0,1.0,B01
201300044283,0,2,0,0.0,2.0,7.0,1.0,A01
201300044284,0,7,0,1.0,2.0,1.0,15.0,A01
201300044284,0,1,0,0.0,2.0,1.0,23.0,B01
201300044285,0,33,0,0.0,2.0,1.0,1.0,B01
201300044285,0,7,0,1.0,2.0,3.0,15.0,A01
201300044286,0,30,0,0.0,2.0,0.0,0.0,B01
201300044286,0,7,0,0.0,2.0,0.0,0.0,A01
201300044287,0,7,0,0.0,2.0,1.0,15.0,A01
201300044287,0,31,0,0.0,2.0,1.0,2.0,B01
201300044288,0,7,0,0.0,2.0,5.0,10.0,A01
201300044288,0,2,0,0.0,2.0,1.0,1.0,B01
201300044289,0,10,0,0.0,2.0,1.0,1.0,A01
201300044289,0,31,0,0.0,2.0,1.0,1.0,B01
201300044290,0,2,0,0.0,2.0,8.0,1.0,B01
201300044290,0,7,0,0.0,2.0,3.0,1.0,C01
201300044290,1,7,0,0.0,2.0,0.0,0.0,Z01
201300044291,0,33,0,0.0,0.0,0.0,0.0,A01
201300044292,0,32,0,0.0,0.0,0.0,1.0,A01
201300044292,0,7,0,0.0,2.0,8.0,15.0,B01
201300044293,0,7,0,0.0,2.0,2.0,1.0,B01
201300044293,0,7,0,0.0,2.0,3.0,9.0,A01
201300044294,0,1,0,0.0,2.0,0.0,15.0,A01
201300044294,0,7,0,0.0,2.0,1.0,0.0,B01
201300044295,0,1,0,1.0,0.0,1.0,1.0,B01
201300044295,0,7,0,0.0,2.0,4.0,23.0,A01
201300044296,0,7,0,6.0,2.0,1.0,0.0,B01
201300044296,0,7,0,0.0,2.0,2.0,0.0,A01
201300044297,0,33,0,0.0,2.0,0.0,1.0,B01
201300044297,1,7,0,0.0,2.0,0.0,11.0,A01
201300044298,0,33,0,0.0,2.0,1.0,0.0,A01
201300044298,0,7,0,0.0,2.0,8.0,10.0,B01
201300044299,0,7,0,0.0,1.0,1.0,0.0,A01
201300044300,0,7,0,6.0,0.0,1.0,21.0,A01
201300044301,0,31,0,0.0,2.0,1.0,1.0,B01
201300044301,0,7,0,0.0,2.0,7.0,15.0,A01
201300044302,0,1,0,0.0,2.0,0.0,1.0,B01
201300044302,0,7,0,0.0,2.0,3.0,13.0,A01
201300044303,0,7,0,0.0,2.0,1.0,13.0,A01
201300044303,0,7,0,0.0,2.0,1.0,1.0,C01
201300044303,0,7,0,0.0,2.0,1.0,1.0,B01
201300044304,0,7,0,0.0,2.0,1.0,1.0,B01
201300044304,0,7,0,0.0,2.0,8.0,10.0,A01
201300044305,0,32,0,0.0,2.0,1.0,2.0,B01
201300044305,0,99,0,0.0,2.0,4.0,4.0,A01
201300044306,0,7,0,0.0,2.0,1.0,0.0,B01
201300044306,0,7,0,0.0,2.0,2.0,19.0,A01
201300044307,0,7,0,0.0,2.0,1.0,1.0,A01
201300044307,0,1,0,0.0,2.0,8.0,1.0,B01
201300044308,0,7,0,0.0,1.0,7.0,2.0,A01
201300044309,0,7,0,0.0,2.0,1.0,17.0,A01
201300044309,0,7,0,0.0,2.0,1.0,0.0,B01
201300044310,0,10,0,0.0,2.0,1.0,1.0,A01
201300044310,0,7,0,0.0,2.0,1.0,0.0,B01
201300044311,0,7,0,14.0,0.0,1.0,1.0,A01
201300044312,0,7,0,0.0,1.0,1.0,2.0,A01
201300044313,0,7,0,0.0,2.0,7.0,2.0,B01
201300044313,0,7,0,0.0,2.0,1.0,0.0,A01
201300044314,0,10,0,0.0,2.0,3.0,2.0,A01
201300044314,0,7,0,0.0,2.0,4.0,2.0,B01
201300044315,0,14,0,0.0,2.0,1.0,1.0,B01
201300044315,0,7,0,0.0,2.0,3.0,9.0,A01
201300044316,0,7,0,0.0,1.0,1.0,1.0,A01
201300044317,0,7,0,0.0,1.0,4.0,4.0,A01
201300044318,0,7,0,0.0,1.0,1.0,1.0,A01
201300044319,0,7,0,0.0,1.0,2.0,15.0,A01
201300044320,0,7,0,0.0,2.0,1.0,2.0,A01
201300044320,0,7,0,0.0,0.0,4.0,2.0,B01
201300044321,0,7,0,0.0,1.0,1.0,1.0,A01
201300044322,0,7,0,1.0,0.0,1.0,0.0,A01
201300044323,0,7,0,0.0,1.0,1.0,1.0,A01
201300044324,0,32,0,0.0,1.0,1.0,3.0,A01
201300044325,0,7,0,0.0,2.0,4.0,1.0,B01
201300044325,0,7,0,0.0,2.0,1.0,2.0,A01
201300044326,0,14,0,0.0,2.0,1.0,2.0,A01
201300044326,0,7,0,0.0,0.0,4.0,2.0,B01
201300044327,0,7,0,14.0,0.0,1.0,1.0,A01
201300044328,0,31,0,0.0,2.0,7.0,15.0,A01
201300044328,0,7,0,0.0,2.0,1.0,1.0,B01
201300044329,0,7,0,0.0,0.0,4.0,2.0,B01
201300044329,0,7,0,0.0,2.0,1.0,2.0,A01
201300044330,0,20,0,0.0,1.0,7.0,1.0,A01
201300044331,0,7,0,0.0,2.0,1.0,1.0,A01
201300044331,0,7,0,0.0,0.0,8.0,1.0,B01
201300044331,0,7,0,0.0,0.0,4.0,1.0,C01
201300044332,0,7,0,0.0,2.0,1.0,0.0,B01