Num_Acc,senc,catv,occutc,obs,obsm,choc,manv,num_veh
201300044332,0,7,0,0.0,2.0,1.0,0.0,A01
201300044333,0,7,0,1.0,0.0,3.0,0.0,A01
201300044334,0,32,0,0.0,1.0,3.0,1.0,A01
201300044335,0,7,0,1.0,1.0,1.0,0.0,A01
201300044336,0,7,0,0.0,2.0,0.0,16.0,A01
201300044336,0,1,0,0.0,2.0,1.0,1.0,B01
201300044337,1,7,0,0.0,1.0,5.0,0.0,Z01
201300044338,0,7,0,0.0,1.0,4.0,4.0,A01
201300044339,0,1,0,0.0,2.0,1.0,0.0,B01
201300044339,1,7,0,0.0,2.0,0.0,0.0,Z01
201300044340,0,7,0,0.0,0.0,0.0,0.0,A01
201300044340,0,7,0,0.0,0.0,0.0,0.0,B01
201300044341,0,30,0,0.0,2.0,1.0,1.0,B01
201300044341,0,7,0,0.0,2.0,3.0,15.0,A01
201300044342,0,7,0,0.0,2.0,1.0,1.0,A01
201300044342,0,7,0,0.0,2.0,3.0,15.0,B01
201300044343,0,13,0,0.0,2.0,1.0,6.0,A01
201300044343,0,3,0,1.0,2.0,3.0,1.0,B01
201300044344,0,7,0,0.0,2.0,1.0,17.0,A01
201300044344,0,7,0,0.0,0.0,8.0,13.0,B01
201300044345,0,7,0,0.0,2.0,4.0,1.0,C01
201300044345,0,7,0,0.0,2.0,1.0,1.0,B01
201300044345,0,7,0,0.0,2.0,1.0,1.0,A01
201300044346,0,7,0,12.0,0.0,1.0,0.0,A01
201300044347,1,7,0,9.0,1.0,1.0,1.0,Z01
201300044348,0,7,0,0.0,2.0,2.0,15.0,A01
201300044348,0,7,0,0.0,2.0,1.0,1.0,B01
201300044349,0,10,0,0.0,0.0,3.0,0.0,B01
201300044349,1,7,0,0.0,0.0,0.0,15.0,Z01
201300044349,0,33,0,0.0,0.0,2.0,0.0,A01
201300044350,0,33,0,0.0,1.0,1.0,1.0,A01
201300044351,0,7,0,0.0,2.0,4.0,23.0,B01
201300044351,0,17,0,0.0,2.0,1.0,2.0,A01
201300044352,0,7,0,0.0,2.0,1.0,1.0,A01
201300044352,0,7,0,0.0,2.0,3.0,15.0,B01
201300044353,0,7,0,0.0,2.0,3.0,1.0,A01
201300044353,0,7,0,0.0,2.0,1.0,1.0,B01
201300044354,0,33,0,0.0,0.0,4.0,0.0,A01
201300044354,0,7,0,0.0,0.0,4.0,0.0,B01
201300044355,0,7,0,0.0,1.0,1.0,1.0,A01
201300044356,0,2,0,0.0,0.0,0.0,23.0,A01
201300044357,0,7,0,0.0,2.0,3.0,1.0,C01
201300044357,0,33,0,11.0,2.0,3.0,6.0,A01
201300044357,0,7,0,0.0,2.0,8.0,1.0,B01
201300044358,0,14,0,0.0,0.0,2.0,14.0,A01
201300044358,0,37,12,0.0,2.0,6.0,24.0,B01
201300044359,0,7,0,0.0,1.0,2.0,1.0,A01
201300044360,0,7,0,0.0,2.0,3.0,1.0,A01
201300044360,0,14,0,0.0,0.0,3.0,1.0,B01
201300044361,0,7,0,0.0,2.0,1.0,2.0,A01
201300044361,0,7,0,0.0,2.0,4.0,2.0,B01
201300044361,0,7,0,0.0,2.0,4.0,1.0,C01
201300044362,0,7,0,0.0,1.0,3.0,0.0,A01
201300044363,0,13,0,0.0,1.0,4.0,4.0,A01
201300044364,0,7,0,0.0,2.0,2.0,15.0,A01
201300044364,0,31,0,0.0,2.0,1.0,1.0,B01
201300044365,1,7,0,0.0,0.0,0.0,0.0,Z01
201300044365,0,7,0,0.0,0.0,2.0,0.0,B01
201300044366,0,7,0,0.0,1.0,8.0,1.0,A01
201300044367,0,7,0,0.0,0.0,4.0,0.0,C01
201300044367,0,7,0,0.0,0.0,4.0,0.0,B01
201300044367,0,7,0,0.0,0.0,1.0,0.0,A01
201300044368,0,7,0,0.0,1.0,3.0,21.0,A01
201300044368,0,7,0,0.0,2.0,2.0,1.0,B01
201300044369,0,1,0,0.0,2.0,1.0,1.0,A01
201300044369,0,7,0,0.0,2.0,5.0,15.0,B01
201300044370,0,7,0,0.0,1.0,1.0,1.0,A01
201300044371,0,2,0,0.0,2.0,1.0,1.0,A01
201300044371,0,7,0,0.0,0.0,1.0,1.0,B01
201300044372,0,7,0,0.0,1.0,3.0,1.0,A01
201300044373,0,7,0,0.0,0.0,4.0,2.0,B01
201300044373,0,15,0,0.0,2.0,1.0,2.0,A01
201300044374,1,7,0,0.0,2.0,1.0,1.0,Z01
201300044374,0,7,0,0.0,2.0,7.0,1.0,A01
201300044375,0,33,0,0.0,2.0,1.0,17.0,A01
201300044375,0,7,0,0.0,2.0,3.0,15.0,B01
201300044376,0,7,0,0.0,2.0,3.0,1.0,B01
201300044376,0,7,0,0.0,2.0,1.0,1.0,A01
201300044377,0,7,0,0.0,2.0,1.0,1.0,A01
201300044377,0,7,0,0.0,2.0,5.0,24.0,C01
201300044377,0,7,0,0.0,2.0,6.0,1.0,B01
201300044378,0,7,0,0.0,0.0,0.0,2.0,B01
201300044378,0,10,0,0.0,0.0,1.0,2.0,A01
201300044379,0,7,0,0.0,2.0,5.0,20.0,A01
201300044379,0,33,0,0.0,2.0,1.0,1.0,B01
201300044380,0,33,0,0.0,2.0,7.0,1.0,B01
201300044380,0,7,0,0.0,2.0,3.0,15.0,A01
201300044381,0,30,0,0.0,0.0,3.0,15.0,A01
201300044382,0,7,0,0.0,1.0,2.0,1.0,A01
201300044383,0,31,0,0.0,2.0,1.0,1.0,A01
201300044383,0,7,0,0.0,2.0,2.0,1.0,B01
201300044384,0,3,0,9.0,0.0,1.0,1.0,A01
201300044385,0,7,0,0.0,2.0,1.0,2.0,A01
201300044385,0,7,0,0.0,2.0,4.0,2.0,B01
201300044385,0,7,0,0.0,2.0,4.0,2.0,C01
201300044386,0,10,0,0.0,2.0,1.0,1.0,A01
201300044386,0,7,0,0.0,2.0,1.0,0.0,B01
201300044387,0,7,0,0.0,2.0,6.0,11.0,B01
201300044387,0,34,0,0.0,2.0,1.0,2.0,A01
201300044388,0,7,0,0.0,2.0,4.0,1.0,B01
201300044388,0,7,0,0.0,2.0,4.0,2.0,C01
201300044388,1,7,0,0.0,2.0,1.0,2.0,Z01
201300044389,0,10,0,0.0,2.0,1.0,2.0,A01
201300044389,0,33,0,0.0,2.0,4.0,23.0,B01
201300044389,0,7,0,0.0,2.0,4.0,23.0,C01
201300044390,0,33,0,0.0,1.0,1.0,1.0,A01
201300044391,0,7,0,0.0,2.0,1.0,0.0,A01
201300044391,0,30,0,0.0,2.0,1.0,0.0,B01
201300044392,0,7,0,0.0,2.0,1.0,15.0,A01
201300044392,0,33,0,0.0,2.0,1.0,1.0,B01
201300044393,0,7,0,0.0,1.0,2.0,1.0,A01
201300044394,0,32,0,0.0,2.0,2.0,0.0,A01
201300044394,0,7,0,0.0,2.0,3.0,15.0,B01
201300044395,0,31,0,0.0,2.0,7.0,13.0,A01
201300044395,0,7,0,0.0,2.0,6.0,17.0,B01
201300044396,0,7,0,0.0,2.0,2.0,11.0,A01
201300044396,0,7,0,0.0,2.0,6.0,23.0,B01
201300044397,2,2,0,14.0,0.0,1.0,1.0,A01
201300044398,0,7,0,0.0,2.0,1.0,2.0,A01
201300044398,0,7,0,0.0,2.0,4.0,23.0,B01
201300044398,0,7,0,0.0,2.0,4.0,23.0,C01
201300044399,0,7,0,0.0,1.0,0.0,1.0,A01
201300044400,0,32,0,0.0,1.0,2.0,21.0,A01
201300044401,0,7,0,0.0,1.0,2.0,1.0,A01
201300044402,0,33,0,0.0,1.0,1.0,3.0,A01
201300044403,0,7,0,0.0,2.0,1.0,15.0,A01
201300044403,0,7,0,0.0,2.0,1.0,23.0,B01
201300044404,0,7,0,0.0,1.0,2.0,1.0,A01
201300044405,0,7,0,0.0,2.0,7.0,0.0,A01
201300044405,0,7,0,0.0,2.0,1.0,1.0,B01
201300044406,0,7,0,0.0,1.0,2.0,1.0,A01
201300044407,0,33,0,0.0,2.0,1.0,1.0,B01
201300044407,0,7,0,0.0,2.0,2.0,20.0,A01
201300044408,0,31,0,0.0,2.0,8.0,1.0,B01
201300044408,0,7,0,0.0,2.0,2.0,15.0,A01
201300044409,0,7,0,9.0,0.0,1.0,19.0,A01
201300044410,0,7,0,0.0,2.0,2.0,2.0,A01
201300044410,0,7,0,0.0,2.0,1.0,1.0,B01
201300044411,0,1,0,0.0,2.0,7.0,1.0,B01
201300044411,0,7,0,0.0,2.0,3.0,9.0,A01
201300044412,0,7,0,6.0,0.0,2.0,0.0,A01
201300044413,0,7,0,0.0,2.0,0.0,1.0,B01
201300044413,0,7,0,0.0,2.0,0.0,0.0,A01
201300044414,0,30,0,0.0,1.0,1.0,1.0,A01
201300044415,0,32,0,0.0,2.0,7.0,2.0,A01
201300044415,0,7,0,0.0,9.0,3.0,0.0,B01
201300044416,0,7,0,0.0,1.0,6.0,4.0,A01
201300044417,0,33,0,0.0,2.0,1.0,1.0,A01
201300044417,0,37,1,0.0,2.0,5.0,15.0,B01
201300044418,0,7,0,1.0,0.0,2.0,1.0,A01
201300044419,0,33,0,0.0,2.0,1.0,2.0,B01
201300044419,0,7,0,0.0,2.0,4.0,23.0,A01
201300044420,0,7,0,0.0,1.0,1.0,1.0,A01
201300044421,0,7,0,0.0,2.0,1.0,1.0,A01
201300044421,0,7,0,0.0,2.0,3.0,15.0,B01
201300044422,0,7,0,0.0,2.0,1.0,0.0,A01
201300044422,0,7,0,0.0,2.0,4.0,0.0,C01
201300044422,0,7,0,0.0,2.0,4.0,0.0,B01
201300044423,0,10,0,0.0,1.0,2.0,1.0,A01
201300044424,0,7,0,0.0,2.0,2.0,15.0,A01
201300044424,1,2,0,0.0,2.0,1.0,1.0,Z01
201300044425,0,7,0,0.0,0.0,3.0,9.0,A01
201300044425,0,10,0,0.0,0.0,1.0,1.0,B01
201300044426,0,7,0,0.0,1.0,4.0,4.0,A01
201300044427,0,7,0,0.0,2.0,3.0,23.0,B01
201300044427,0,7,0,0.0,2.0,1.0,15.0,A01
201300044428,0,7,0,0.0,2.0,1.0,15.0,A01
201300044428,0,34,0,0.0,2.0,8.0,2.0,B01
201300044429,0,7,0,0.0,2.0,1.0,15.0,A01
201300044429,0,33,0,0.0,2.0,8.0,19.0,B01
201300044430,0,10,0,0.0,2.0,3.0,16.0,B01
201300044430,0,13,0,0.0,2.0,1.0,1.0,A01
201300044431,0,33,0,0.0,2.0,2.0,2.0,B01
201300044431,0,7,0,0.0,0.0,3.0,0.0,A01
201300044432,0,33,0,0.0,2.0,1.0,0.0,A01
201300044432,0,7,0,0.0,0.0,6.0,1.0,B01
201300044433,0,10,0,0.0,2.0,1.0,0.0,B01
201300044433,0,37,0,0.0,2.0,5.0,2.0,A01
201300044434,0,33,0,0.0,2.0,3.0,1.0,A01
201300044435,0,7,0,0.0,2.0,1.0,2.0,A01
201300044435,0,7,0,0.0,2.0,4.0,23.0,B01
201300044436,1,7,0,0.0,1.0,0.0,2.0,Z01
201300044437,0,7,0,0.0,2.0,4.0,23.0,C01
201300044437,0,7,0,0.0,2.0,1.0,2.0,A01
201300044437,0,7,0,0.0,2.0,4.0,23.0,B01
201300044438,0,7,0,0.0,2.0,1.0,1.0,B01
201300044438,0,7,0,0.0,2.0,2.0,15.0,A01
201300044439,0,37,15,0.0,1.0,1.0,1.0,A01
201300044440,0,7,0,8.0,0.0,1.0,1.0,A01
201300044441,0,7,0,0.0,1.0,1.0,1.0,A01
201300044442,0,99,0,0.0,2.0,3.0,9.0,B01
201300044442,0,33,0,14.0,2.0,7.0,1.0,A01
201300044443,0,37,1,0.0,1.0,3.0,15.0,A01
201300044444,0,7,0,0.0,2.0,6.0,1.0,B01
201300044444,0,2,0,0.0,2.0,1.0,1.0,A01
201300044445,0,33,0,0.0,2.0,5.0,1.0,B01
201300044445,0,7,0,0.0,2.0,3.0,9.0,A01
201300044446,0,7,0,0.0,2.0,1.0,2.0,A01
201300044446,0,7,0,0.0,2.0,4.0,23.0,B01
201300044447,0,10,0,0.0,2.0,2.0,15.0,A01
201300044447,0,34,0,0.0,2.0,1.0,1.0,B01
201300044448,0,7,0,0.0,2.0,8.0,15.0,B01
201300044448,0,2,0,0.0,2.0,1.0,17.0,A01
201300044449,0,7,0,0.0,1.0,7.0,1.0,A01
201300044450,0,7,0,0.0,1.0,1.0,1.0,A01
201300044451,0,7,0,0.0,0.0,1.0,1.0,A01
201300044451,0,7,0,0.0,2.0,1.0,1.0,E01
201300044452,0,13,0,0.0,1.0,3.0,1.0,A01
201300044453,0,7,0,0.0,1.0,2.0,0.0,A01
201300044454,0,7,0,14.0,0.0,8.0,1.0,A01
201300044455,0,34,0,0.0,2.0,2.0,17.0,B01
201300044455,0,7,0,0.0,2.0,8.0,15.0,A01
201300044456,0,7,0,1.0,0.0,1.0,2.0,A01
201300044456,0,7,0,1.0,2.0,9.0,2.0,B01
201300044456,0,7,0,0.0,2.0,4.0,2.0,C01
201300044457,0,7,0,0.0,0.0,8.0,0.0,B01
201300044457,0,7,0,0.0,0.0,1.0,0.0,A01
201300044458,0,7,0,0.0,2.0,3.0,23.0,C01
201300044458,0,7,0,0.0,2.0,3.0,23.0,D01
201300044458,2,7,0,0.0,2.0,3.0,13.0,A01
201300044458,0,7,0,0.0,2.0,9.0,23.0,B01
201300044459,0,7,0,0.0,1.0,3.0,0.0,A01
201300044460,0,2,0,0.0,2.0,1.0,17.0,B01
201300044460,0,10,0,0.0,2.0,8.0,10.0,A01
201300044461,0,7,0,0.0,1.0,1.0,1.0,A01
201300044462,0,7,0,0.0,1.0,2.0,0.0,A01
201300044463,0,37,1,0.0,1.0,1.0,0.0,A01
201300044464,0,7,0,0.0,2.0,3.0,20.0,A01
201300044464,0,32,0,0.0,2.0,1.0,1.0,B01
201300044465,0,7,0,0.0,1.0,3.0,17.0,A01
201300044466,0,10,0,0.0,1.0,2.0,2.0,B01
201300044467,0,7,0,0.0,0.0,3.0,10.0,A01
201300044467,0,33,0,0.0,2.0,1.0,1.0,B01
201300044468,0,7,0,0.0,1.0,7.0,1.0,A01
201300044469,0,7,0,0.0,1.0,7.0,1.0,A01
201300044470,0,99,0,0.0,1.0,2.0,1.0,A01
201300044471,0,33,0,0.0,1.0,1.0,2.0,A01
201300044472,0,7,0,0.0,1.0,2.0,1.0,A01
201300044473,0,7,0,0.0,0.0,2.0,20.0,A01
201300044473,0,33,0,0.0,2.0,8.0,1.0,B01
201300044474,0,15,0,0.0,2.0,2.0,16.0,A01
201300044474,0,1,0,0.0,2.0,0.0,18.0,B01
201300044475,1,7,0,0.0,2.0,1.0,1.0,Z01
201300044475,0,2,0,0.0,2.0,4.0,1.0,B01
201300044476,0,7,0,0.0,2.0,2.0,20.0,A01
201300044476,0,1,0,0.0,2.0,1.0,18.0,B01
201300044477,0,7,0,0.0,1.0,0.0,0.0,A01
201300044478,0,30,0,0.0,2.0,1.0,0.0,A01
201300044478,0,7,0,0.0,2.0,3.0,5.0,B01
201300044479,0,7,0,0.0,0.0,5.0,12.0,B01
201300044479,0,2,0,0.0,0.0,1.0,2.0,A01
201300044480,0,15,0,0.0,1.0,3.0,1.0,A01
201300044481,0,7,0,0.0,2.0,1.0,1.0,A01
201300044481,0,34,0,0.0,2.0,8.0,1.0,B01
201300044482,1,13,0,0.0,2.0,8.0,13.0,Z01
201300044482,0,2,0,9.0,2.0,7.0,17.0,B01
201300044483,0,7,0,0.0,2.0,2.0,1.0,A01
201300044483,0,30,0,0.0,2.0,1.0,3.0,B01
201300044484,0,7,0,0.0,1.0,7.0,0.0,A01
201300044485,0,7,0,0.0,1.0,3.0,1.0,A01
201300044486,0,34,0,0.0,2.0,8.0,0.0,B01
201300044486,0,10,0,0.0,2.0,3.0,9.0,A01
201300044487,0,7,0,0.0,2.0,1.0,1.0,A01
201300044487,0,33,0,0.0,2.0,7.0,1.0,B01
201300044488,0,7,0,14.0,2.0,2.0,1.0,A01
201300044488,0,7,0,0.0,2.0,1.0,1.0,B01
201300044489,0,10,0,0.0,2.0,2.0,9.0,A01
201300044489,0,32,0,0.0,2.0,6.0,1.0,B01
201300044490,0,7,0,0.0,1.0,3.0,1.0,A01
201300044491,0,7,0,0.0,2.0,4.0,2.0,B01
201300044491,0,7,0,0.0,2.0,1.0,2.0,A01
201300044492,0,7,0,0.0,2.0,6.0,23.0,B01
201300044492,0,2,0,0.0,2.0,1.0,2.0,A01
201300044493,0,7,0,0.0,2.0,3.0,1.0,B01
201300044493,0,7,0,0.0,2.0,1.0,0.0,A01
201300044494,0,7,0,0.0,2.0,8.0,24.0,A01
201300044494,0,1,0,0.0,2.0,1.0,17.0,B01
201300044495,0,7,0,0.0,2.0,7.0,15.0,B01
201300044495,0,33,0,0.0,2.0,1.0,1.0,A01
201300044496,0,10,0,0.0,1.0,4.0,4.0,A01
201300044497,0,7,0,0.0,0.0,6.0,23.0,A01
201300044497,0,2,0,0.0,2.0,6.0,3.0,B01
201300044498,0,10,0,0.0,1.0,5.0,4.0,A01
201300044499,0,7,0,0.0,2.0,2.0,0.0,B01
201300044499,0,7,0,0.0,2.0,1.0,0.0,A01
201300044500,0,7,0,0.0,2.0,2.0,15.0,A01
201300044500,0,32,0,0.0,2.0,6.0,21.0,B01
201300044501,0,34,0,0.0,2.0,1.0,1.0,A01
201300044501,0,7,0,0.0,2.0,2.0,15.0,B01
201300044502,0,37,0,0.0,1.0,2.0,1.0,A01
201300044503,0,10,0,0.0,2.0,3.0,15.0,B01
201300044503,0,1,0,0.0,2.0,3.0,19.0,A01
201300044504,0,7,0,0.0,2.0,3.0,1.0,C01
201300044504,0,7,0,0.0,2.0,2.0,23.0,A01
201300044504,0,32,0,1.0,2.0,1.0,14.0,B01
201300044505,0,30,0,0.0,2.0,2.0,0.0,A01
201300044506,0,7,0,0.0,1.0,1.0,1.0,A01
201300044507,0,1,0,0.0,1.0,1.0,1.0,A01
201300044508,0,10,0,0.0,1.0,1.0,0.0,A01
201300044509,0,30,0,0.0,2.0,4.0,2.0,B01
201300044509,0,7,0,0.0,2.0,1.0,2.0,A01
201300044510,0,30,0,0.0,1.0,2.0,16.0,A01
201300044511,0,2,0,0.0,1.0,0.0,0.0,A01
201300044512,0,7,0,0.0,2.0,2.0,5.0,A01
201300044512,0,1,0,0.0,2.0,1.0,1.0,B01
201300044513,1,31,0,0.0,2.0,7.0,15.0,B01
201300044514,0,10,0,0.0,1.0,4.0,4.0,A01
201300044515,0,33,0,0.0,2.0,7.0,15.0,A01
201300044515,0,2,0,0.0,2.0,8.0,1.0,B01
201300044516,0,1,0,1.0,0.0,1.0,17.0,B01
201300044516,0,7,0,0.0,9.0,1.0,22.0,A01
201300044517,0,34,0,0.0,0.0,1.0,13.0,B01
201300044517,0,7,0,0.0,0.0,8.0,11.0,A01
201300044518,0,1,0,1.0,0.0,0.0,0.0,B01
201300044518,0,7,0,0.0,2.0,1.0,0.0,A01
201300044519,0,7,0,0.0,1.0,3.0,19.0,A01
201300044520,0,7,0,0.0,2.0,5.0,15.0,A01
201300044520,0,32,0,0.0,2.0,1.0,1.0,B01
201300044521,0,7,0,0.0,1.0,7.0,16.0,A01
201300044522,0,7,0,0.0,1.0,1.0,16.0,A01
201300044523,0,33,0,0.0,2.0,1.0,2.0,A01
201300044523,0,7,0,0.0,2.0,4.0,2.0,B01
201300044524,0,30,0,0.0,2.0,1.0,1.0,A01
201300044524,0,7,0,0.0,2.0,8.0,1.0,B01
201300044525,0,30,0,0.0,2.0,2.0,17.0,B01
201300044525,0,7,0,0.0,2.0,3.0,11.0,A01
201300044526,0,10,0,0.0,2.0,1.0,2.0,B01
201300044526,0,7,0,0.0,2.0,8.0,2.0,A01
201300044527,0,7,0,0.0,1.0,2.0,1.0,A01
201300044528,0,7,0,0.0,2.0,1.0,9.0,A01
201300044528,0,7,0,9.0,2.0,9.0,2.0,B01
201300044529,0,7,0,0.0,0.0,8.0,15.0,B01
201300044529,0,30,0,0.0,2.0,2.0,0.0,A01
201300044530,0,7,0,0.0,2.0,2.0,15.0,A01
201300044530,0,33,0,0.0,2.0,8.0,1.0,B01
201300044531,0,10,0,0.0,1.0,1.0,1.0,A01
201300044532,0,7,0,9.0,0.0,0.0,0.0,A01
201300044533,0,7,0,0.0,2.0,2.0,15.0,B01
201300044533,0,7,0,0.0,2.0,2.0,1.0,A01
201300044534,0,7,0,0.0,1.0,2.0,0.0,A01
201300044535,0,7,0,0.0,1.0,1.0,1.0,A01
201300044536,0,7,0,0.0,2.0,4.0,1.0,B01
201300044536,0,14,0,0.0,2.0,1.0,2.0,A01
201300044537,0,37,0,0.0,1.0,0.0,7.0,A01
201300044538,0,7,0,0.0,2.0,4.0,2.0,B01
201300044538,0,7,0,0.0,2.0,1.0,2.0,A01
201300044539,0,7,0,0.0,1.0,3.0,1.0,A01
201300044540,0,10,0,0.0,9.0,2.0,1.0,B01
201300044540,0,1,0,0.0,2.0,0.0,2.0,A01
201300044541,0,2,0,0.0,0.0,0.0,0.0,A01
201300044541,0,7,0,0.0,0.0,0.0,0.0,B01
201300044542,1,7,0,0.0,1.0,0.0,0.0,A01
201300044543,0,7,0,0.0,2.0,2.0,12.0,A01
201300044543,0,33,0,0.0,2.0,1.0,0.0,B01
201300044544,0,7,0,0.0,2.0,8.0,15.0,B01
201300044544,0,30,0,0.0,2.0,1.0,1.0,A01
201300044545,0,37,1,0.0,2.0,2.0,1.0,B01
201300044545,0,7,0,0.0,2.0,3.0,10.0,A01
201300044546,0,7,0,0.0,2.0,2.0,1.0,B01
201300044546,0,32,0,0.0,2.0,1.0,16.0,A01
201300044547,0,7,0,0.0,2.0,3.0,16.0,A01
201300044547,0,2,0,0.0,2.0,7.0,2.0,B01
201300044548,0,33,0,1.0,0.0,7.0,14.0,A01
201300044549,0,7,0,0.0,2.0,1.0,16.0,B01
201300044549,0,7,0,8.0,2.0,2.0,1.0,A01
201300044550,0,7,0,0.0,0.0,1.0,2.0,B01
201300044550,0,7,0,0.0,0.0,4.0,2.0,A01
201300044551,0,34,0,0.0,2.0,1.0,2.0,A01
201300044551,0,7,0,0.0,2.0,6.0,1.0,B01
201300044552,0,2,0,0.0,2.0,0.0,1.0,B01
201300044552,1,7,0,0.0,2.0,0.0,1.0,A01
201300044553,0,37,1,0.0,1.0,1.0,2.0,A01
201300044554,0,7,0,15.0,1.0,0.0,0.0,A01
201300044555,0,10,0,0.0,1.0,3.0,1.0,A01
201300044556,0,2,0,0.0,2.0,0.0,3.0,A01
201300044556,0,7,0,0.0,0.0,4.0,1.0,B01
201300044557,0,7,0,0.0,2.0,7.0,23.0,A01
201300044557,0,1,0,0.0,2.0,3.0,18.0,B01
201300044558,0,7,0,0.0,2.0,8.0,1.0,A01
201300044558,0,7,0,0.0,2.0,1.0,1.0,B01
201300044559,0,10,0,0.0,2.0,1.0,1.0,B01
201300044559,0,10,0,0.0,2.0,7.0,15.0,A01
201300044560,0,7,0,0.0,2.0,3.0,2.0,A01
201300044560,0,7,0,0.0,0.0,4.0,1.0,B01
201300044561,0,30,0,0.0,2.0,2.0,1.0,B01
201300044561,0,7,0,0.0,2.0,1.0,15.0,A01
201300044562,0,7,0,0.0,1.0,0.0,0.0,A01
201300044563,0,7,0,0.0,0.0,0.0,0.0,A01
201300044564,0,7,0,0.0,2.0,4.0,23.0,A01
201300044564,0,7,0,0.0,2.0,1.0,2.0,C01
201300044564,0,7,0,0.0,2.0,4.0,23.0,B01
201300044565,1,7,0,0.0,1.0,0.0,0.0,A01
201300044566,0,7,0,0.0,2.0,1.0,1.0,A01
201300044566,0,7,0,0.0,2.0,4.0,23.0,B01
201300044567,0,7,0,0.0,1.0,2.0,2.0,A01
201300044568,0,10,0,0.0,1.0,2.0,1.0,A01
201300044569,0,7,0,0.0,2.0,3.0,9.0,A01
201300044569,0,2,0,0.0,2.0,1.0,1.0,B01
201300044570,0,7,0,0.0,0.0,4.0,23.0,B01
201300044570,0,7,0,0.0,2.0,1.0,2.0,A01
201300044571,0,7,0,0.0,2.0,3.0,10.0,A01
201300044571,0,2,0,0.0,2.0,7.0,2.0,B01
201300044572,0,7,0,0.0,2.0,2.0,15.0,A01
201300044572,0,2,0,0.0,2.0,1.0,1.0,B01
201300044573,0,7,0,0.0,0.0,4.0,1.0,B01
201300044573,0,33,0,0.0,2.0,1.0,2.0,A01
201300044574,0,32,0,0.0,1.0,3.0,1.0,A01
201300044575,0,7,0,0.0,9.0,1.0,1.0,A01
201300044575,0,1,0,0.0,2.0,3.0,19.0,B01
201300044576,0,7,0,0.0,2.0,8.0,1.0,B01
201300044576,0,33,0,0.0,2.0,1.0,3.0,A01
201300044577,0,7,0,0.0,2.0,1.0,2.0,A01
201300044577,0,7,0,0.0,2.0,4.0,23.0,B01
201300044578,0,7,0,4.0,2.0,4.0,23.0,B01
201300044578,0,7,0,4.0,2.0,1.0,2.0,A01
201300044579,0,7,0,0.0,1.0,1.0,2.0,A01
201300044580,0,1,0,0.0,2.0,1.0,9.0,A01
201300044580,0,7,0,0.0,9.0,2.0,1.0,B01
201300044581,0,32,0,0.0,1.0,1.0,2.0,A01
201300044582,0,7,0,0.0,1.0,2.0,1.0,A01
201300044583,0,7,0,0.0,0.0,4.0,2.0,C01
201300044583,0,7,0,0.0,2.0,4.0,2.0,B01
201300044583,0,7,0,0.0,2.0,1.0,2.0,A01
201300044584,0,7,0,0.0,1.0,1.0,20.0,A01
201300044585,0,2,0,0.0,2.0,7.0,21.0,B01
201300044585,0,7,0,0.0,2.0,3.0,9.0,A01
201300044586,0,1,0,0.0,2.0,3.0,1.0,A01
201300044586,0,7,0,0.0,2.0,3.0,16.0,B01
201300044587,0,2,0,0.0,2.0,6.0,16.0,B01
201300044587,0,7,0,0.0,2.0,2.0,16.0,A01
201300044588,0,33,0,0.0,2.0,2.0,2.0,B01
201300044589,0,7,0,0.0,0.0,1.0,2.0,A01
201300044589,0,7,0,0.0,0.0,4.0,23.0,B01
201300044590,0,7,0,0.0,1.0,5.0,2.0,A01
201300044591,0,7,0,0.0,2.0,1.0,1.0,A01
201300044591,0,32,0,0.0,0.0,0.0,1.0,B01
201300044592,0,7,0,0.0,2.0,1.0,15.0,A01
201300044592,0,32,0,0.0,2.0,0.0,1.0,B01
201300044593,0,34,0,2.0,1.0,1.0,1.0,A01
201300044594,0,2,0,0.0,2.0,6.0,17.0,A01
201300044594,0,7,0,0.0,2.0,3.0,16.0,B01
201300044595,0,7,0,0.0,0.0,0.0,0.0,B01
201300044595,0,30,0,0.0,0.0,0.0,0.0,A01
201300044596,0,33,0,0.0,2.0,3.0,1.0,B01
201300044596,0,7,0,0.0,2.0,2.0,15.0,A01
201300044597,0,7,0,0.0,1.0,2.0,17.0,A01
201300044598,0,7,0,0.0,1.0,1.0,1.0,A01
201300044599,0,7,0,0.0,2.0,4.0,2.0,B01
201300044599,0,7,0,0.0,2.0,4.0,2.0,C01
201300044599,0,7,0,0.0,2.0,1.0,2.0,A01
201300044600,0,7,0,15.0,1.0,7.0,2.0,A01
201300044601,0,2,0,0.0,1.0,0.0,0.0,A01
201300044602,0,2,0,0.0,2.0,1.0,1.0,A01
201300044602,0,7,0,0.0,2.0,2.0,0.0,B01
201300044603,0,7,0,0.0,0.0,3.0,15.0,A01
201300044603,0,32,0,0.0,2.0,8.0,1.0,B01
201300044604,0,7,0,0.0,1.0,1.0,1.0,A01
201300044605,0,7,0,0.0,1.0,1.0,1.0,A01
201300044606,0,2,0,0.0,0.0,0.0,0.0,A01
201300044606,0,3,0,0.0,0.0,0.0,0.0,B01
201300044607,0,7,0,0.0,1.0,0.0,0.0,A01
201300044608,0,7,0,0.0,0.0,4.0,16.0,B01
201300044608,0,7,0,0.0,2.0,1.0,0.0,C01
201300044608,0,99,0,0.0,0.0,0.0,0.0,A01
201300044609,0,37,1,0.0,2.0,0.0,21.0,B01