Num_Acc,senc,catv,occutc,obs,obsm,choc,manv,num_veh
201300044609,0,7,0,0.0,2.0,0.0,16.0,A01
201300044610,0,7,0,0.0,1.0,3.0,2.0,A01
201300044611,1,33,0,0.0,0.0,0.0,0.0,A01
201300044611,0,7,0,0.0,0.0,1.0,15.0,B01
201300044612,0,7,0,0.0,1.0,2.0,1.0,A01
201300044613,0,7,0,0.0,1.0,2.0,0.0,A01
201300044614,0,1,0,0.0,2.0,2.0,1.0,B01
201300044614,0,7,0,0.0,2.0,5.0,15.0,A01
201300044615,0,7,0,0.0,1.0,2.0,2.0,A01
201300044616,0,7,0,0.0,1.0,3.0,11.0,A01
201300044617,0,34,0,0.0,0.0,8.0,1.0,A01
201300044618,2,7,0,0.0,2.0,1.0,5.0,A01
201300044618,0,7,0,0.0,2.0,8.0,15.0,B01
201300044619,0,7,0,0.0,1.0,3.0,0.0,A01
201300044620,0,7,0,0.0,1.0,2.0,1.0,A01
201300044621,0,10,0,0.0,0.0,3.0,1.0,B01
201300044621,0,7,0,0.0,0.0,2.0,1.0,A01
201300044622,0,7,0,0.0,2.0,1.0,15.0,A01
201300044622,0,7,0,0.0,2.0,2.0,2.0,B01
201300044623,0,37,2,0.0,2.0,7.0,1.0,A01
201300044623,0,7,0,0.0,2.0,1.0,1.0,B01
201300044624,0,7,0,0.0,2.0,3.0,15.0,A01
201300044624,0,99,0,0.0,2.0,1.0,1.0,B01
201300044625,0,7,0,0.0,2.0,3.0,15.0,A01
201300044625,0,37,0,0.0,2.0,2.0,7.0,B01
201300044626,0,2,0,0.0,2.0,7.0,1.0,A01
201300044626,0,7,0,0.0,2.0,3.0,15.0,B01
201300044627,0,7,0,1.0,0.0,7.0,21.0,C01
201300044627,0,7,0,0.0,2.0,1.0,17.0,A01
201300044627,0,7,0,0.0,0.0,8.0,11.0,B01
201300044628,0,7,0,0.0,1.0,7.0,1.0,A01
201300044629,0,7,0,0.0,1.0,4.0,4.0,A01
201300044630,0,7,0,0.0,2.0,7.0,15.0,A01
201300044630,0,31,0,0.0,2.0,1.0,1.0,B01
201300044631,0,7,0,0.0,2.0,3.0,0.0,A01
201300044631,0,33,0,0.0,2.0,0.0,1.0,B01
201300044632,0,7,0,0.0,2.0,4.0,23.0,B01
201300044632,0,7,0,0.0,2.0,4.0,23.0,C01
201300044632,0,7,0,0.0,2.0,1.0,2.0,A01
201300044633,0,7,0,0.0,2.0,1.0,1.0,A01
201300044633,0,7,0,0.0,2.0,6.0,1.0,B01
201300044634,0,32,0,0.0,2.0,1.0,1.0,A01
201300044634,0,7,0,0.0,2.0,3.0,0.0,B01
201300044635,0,7,0,0.0,0.0,0.0,15.0,A01
201300044635,0,2,0,0.0,0.0,0.0,2.0,B01
201300044636,0,7,0,0.0,1.0,6.0,4.0,A01
201300044637,0,7,0,0.0,1.0,2.0,1.0,A01
201300044638,0,7,0,0.0,2.0,2.0,15.0,A01
201300044638,0,2,0,0.0,2.0,1.0,1.0,B01
201300044639,0,7,0,0.0,1.0,2.0,16.0,A01
201300044640,0,2,0,0.0,1.0,1.0,2.0,A01
201300044641,0,7,0,0.0,1.0,2.0,2.0,A01
201300044642,0,32,0,0.0,2.0,1.0,2.0,A01
201300044642,0,10,0,0.0,2.0,7.0,11.0,B01
201300044643,0,7,0,0.0,2.0,1.0,2.0,A01
201300044643,0,7,0,0.0,2.0,4.0,23.0,B01
201300044644,0,7,0,9.0,0.0,3.0,15.0,A01
201300044644,0,7,0,9.0,0.0,3.0,21.0,B01
201300044645,2,7,0,15.0,0.0,1.0,0.0,A01
201300044645,0,7,0,1.0,0.0,4.0,0.0,B01
201300044646,0,7,0,0.0,2.0,8.0,2.0,B01
201300044646,0,7,0,0.0,2.0,1.0,19.0,A01
201300044647,0,37,50,0.0,2.0,2.0,1.0,B01
201300044647,0,7,0,0.0,2.0,3.0,1.0,A01
201300044648,0,7,0,0.0,1.0,1.0,16.0,A01
201300044649,0,10,0,0.0,2.0,6.0,2.0,B01
201300044649,0,33,0,0.0,2.0,1.0,2.0,A01
201300044650,0,7,0,0.0,1.0,1.0,1.0,A01
201300044651,0,7,0,0.0,2.0,1.0,1.0,B01
201300044651,0,7,0,0.0,2.0,7.0,0.0,A01
201300044652,0,32,0,1.0,1.0,1.0,1.0,A01
201300044653,0,2,0,0.0,1.0,1.0,17.0,A01
201300044654,0,7,0,0.0,1.0,0.0,0.0,A01
201300044655,0,7,0,0.0,2.0,8.0,1.0,B01
201300044655,0,7,0,0.0,2.0,6.0,4.0,A01
201300044656,0,7,0,0.0,1.0,1.0,1.0,A01
201300044657,0,7,0,0.0,1.0,3.0,1.0,A01
201300044658,0,1,0,0.0,0.0,0.0,21.0,A01
201300044658,0,7,0,0.0,0.0,0.0,0.0,B01
201300044659,0,7,0,0.0,1.0,7.0,20.0,A01
201300044660,0,7,0,0.0,2.0,6.0,23.0,B01
201300044660,0,14,0,14.0,0.0,1.0,21.0,A01
201300044661,1,7,0,0.0,0.0,0.0,0.0,A01
201300044661,0,2,0,0.0,0.0,4.0,11.0,B01
201300044662,0,7,0,0.0,1.0,0.0,0.0,A01
201300044663,0,33,0,15.0,0.0,2.0,15.0,A01
201300044663,0,10,0,0.0,2.0,3.0,15.0,B01
201300044664,0,30,0,0.0,2.0,3.0,18.0,A01
201300044664,0,3,0,0.0,2.0,2.0,16.0,B01
201300044665,0,33,0,0.0,2.0,7.0,1.0,B01
201300044665,0,7,0,0.0,2.0,1.0,15.0,A01
201300044666,0,7,0,0.0,1.0,7.0,1.0,A01
201300044667,0,32,0,16.0,0.0,7.0,1.0,A01
201300044668,0,7,0,0.0,1.0,3.0,1.0,A01
201300044669,0,3,0,0.0,1.0,1.0,1.0,A01
201300044670,0,7,0,0.0,1.0,3.0,15.0,A01
201300044671,0,10,0,0.0,2.0,3.0,15.0,B01
201300044671,0,31,0,0.0,2.0,1.0,17.0,A01
201300044672,0,7,0,0.0,2.0,2.0,10.0,A01
201300044672,0,33,0,0.0,2.0,1.0,1.0,B01
201300044673,0,7,0,0.0,2.0,4.0,23.0,C01
201300044673,0,7,0,0.0,2.0,4.0,23.0,B01
201300044673,0,7,0,0.0,2.0,3.0,1.0,A01
201300044674,0,7,0,1.0,2.0,3.0,15.0,A01
201300044674,0,33,0,0.0,2.0,1.0,5.0,B01
201300044675,0,10,0,6.0,0.0,3.0,1.0,A01
201300044676,0,30,0,0.0,2.0,6.0,15.0,A01
201300044676,0,7,0,0.0,2.0,3.0,1.0,B01
201300044677,0,7,0,0.0,2.0,1.0,1.0,A01
201300044677,0,7,0,0.0,2.0,4.0,2.0,B01
201300044678,0,37,31,0.0,2.0,1.0,1.0,A01
201300044678,0,10,0,0.0,2.0,4.0,23.0,B01
201300044679,0,7,0,0.0,1.0,1.0,1.0,A01
201300044680,0,7,0,0.0,1.0,3.0,15.0,A01
201300044681,0,7,0,0.0,2.0,1.0,1.0,A01
201300044681,0,7,0,0.0,2.0,2.0,15.0,B01
201300044682,0,7,0,0.0,2.0,2.0,15.0,A01
201300044682,0,32,0,0.0,2.0,1.0,16.0,B01
201300044683,0,7,0,0.0,1.0,2.0,1.0,A01
201300044684,0,30,0,11.0,0.0,1.0,1.0,A01
201300044685,0,7,0,0.0,2.0,2.0,11.0,A01
201300044685,0,30,0,0.0,2.0,1.0,1.0,B01
201300044686,0,7,0,0.0,2.0,3.0,20.0,A01
201300044686,0,30,0,0.0,2.0,5.0,1.0,B01
201300044687,1,99,0,0.0,1.0,1.0,1.0,Z01
201300044688,0,7,0,0.0,2.0,8.0,1.0,B01
201300044688,0,7,0,0.0,2.0,1.0,15.0,A01
201300044689,0,34,0,0.0,2.0,1.0,1.0,A01
201300044689,0,7,0,0.0,2.0,3.0,1.0,B01
201300044690,0,1,0,1.0,0.0,2.0,1.0,B01
201300044690,0,7,0,0.0,2.0,8.0,24.0,A01
201300044691,0,7,0,0.0,2.0,1.0,1.0,A01
201300044691,0,7,0,0.0,2.0,8.0,1.0,B01
201300044692,0,7,0,0.0,2.0,4.0,2.0,B01
201300044692,0,10,0,0.0,2.0,1.0,1.0,A01
201300044692,0,7,0,0.0,2.0,4.0,2.0,C01
201300044693,0,7,0,0.0,1.0,2.0,1.0,A01
201300044694,0,14,0,0.0,2.0,2.0,1.0,B01
201300044694,0,10,0,0.0,2.0,2.0,9.0,A01
201300044695,0,30,0,0.0,1.0,1.0,1.0,A01
201300044696,0,34,0,0.0,2.0,1.0,17.0,A01
201300044696,0,7,0,0.0,2.0,8.0,15.0,B01
201300044697,0,7,0,0.0,2.0,3.0,15.0,B01
201300044697,0,31,0,0.0,2.0,1.0,17.0,A01
201300044698,0,7,0,0.0,1.0,1.0,1.0,A01
201300044699,0,37,10,0.0,2.0,1.0,1.0,A01
201300044699,0,37,6,0.0,2.0,4.0,23.0,B01
201300044700,0,7,0,0.0,1.0,1.0,1.0,A01
201300044701,0,7,0,0.0,2.0,6.0,2.0,B01
201300044701,0,2,0,0.0,2.0,1.0,1.0,A01
201300044702,0,10,0,0.0,2.0,6.0,10.0,B01
201300044702,0,10,0,0.0,2.0,3.0,21.0,A01
201300044703,0,7,0,0.0,2.0,1.0,1.0,B01
201300044703,0,7,0,0.0,2.0,2.0,15.0,A01
201300044704,0,7,0,0.0,1.0,1.0,1.0,A01
201300044705,0,10,0,0.0,1.0,3.0,15.0,A01
201300044706,0,7,0,0.0,2.0,2.0,19.0,B01
201300044706,0,2,0,0.0,2.0,1.0,1.0,A01
201300044707,0,7,0,0.0,2.0,1.0,1.0,A01
201300044707,0,7,0,0.0,2.0,4.0,23.0,B01
201300044708,0,7,0,0.0,1.0,7.0,1.0,A01
201300044709,0,7,0,0.0,1.0,1.0,15.0,A01
201300044710,0,7,0,0.0,2.0,4.0,24.0,B01
201300044710,0,7,0,1.0,0.0,1.0,11.0,A01
201300044711,0,7,0,0.0,2.0,8.0,10.0,B01
201300044711,0,33,0,0.0,2.0,1.0,17.0,A01
201300044712,1,7,0,0.0,1.0,1.0,1.0,Z01
201300044713,0,33,0,0.0,2.0,7.0,2.0,A01
201300044713,0,7,0,0.0,2.0,8.0,15.0,B01
201300044714,0,7,0,0.0,2.0,2.0,15.0,A01
201300044714,0,36,0,9.0,1.0,1.0,1.0,B01
201300044715,0,7,0,0.0,2.0,1.0,1.0,A01
201300044715,2,7,0,0.0,2.0,3.0,1.0,Z01
201300044716,0,7,0,0.0,2.0,3.0,13.0,A01
201300044716,0,7,0,0.0,2.0,1.0,1.0,B01
201300044717,0,7,0,0.0,1.0,1.0,1.0,A01
201300044718,0,2,0,0.0,2.0,1.0,1.0,B01
201300044718,0,7,0,0.0,2.0,8.0,10.0,A01
201300044719,0,7,0,0.0,2.0,8.0,13.0,A01
201300044719,0,33,0,0.0,2.0,7.0,2.0,B01
201300044720,0,7,0,13.0,0.0,2.0,1.0,A01
201300044721,0,7,0,0.0,2.0,4.0,2.0,C01
201300044721,0,7,0,0.0,2.0,9.0,2.0,B01
201300044721,0,7,0,0.0,2.0,1.0,1.0,A01
201300044722,0,7,0,15.0,0.0,1.0,1.0,A01
201300044723,0,33,0,16.0,0.0,1.0,1.0,A01
201300044724,0,32,0,13.0,0.0,9.0,1.0,A01
201300044725,0,7,0,0.0,2.0,1.0,1.0,A01
201300044725,0,7,0,0.0,2.0,4.0,2.0,B01
201300044726,1,7,0,0.0,1.0,1.0,16.0,Z01
201300044727,0,2,0,0.0,2.0,3.0,1.0,B01
201300044727,0,7,0,0.0,2.0,3.0,20.0,A01
201300044728,0,7,0,0.0,1.0,2.0,11.0,A01
201300044729,0,7,0,0.0,1.0,1.0,1.0,A01
201300044730,0,10,0,0.0,2.0,4.0,1.0,B01
201300044730,0,10,0,0.0,2.0,1.0,16.0,A01
201300044731,0,7,0,0.0,2.0,2.0,1.0,B01
201300044731,0,1,0,0.0,2.0,1.0,1.0,C01
201300044731,0,7,0,0.0,2.0,8.0,22.0,A01
201300044732,0,7,0,0.0,2.0,3.0,21.0,B01
201300044732,0,7,0,0.0,2.0,5.0,21.0,A01
201300044733,1,7,0,0.0,1.0,2.0,15.0,Z01
201300044734,0,7,0,0.0,2.0,3.0,16.0,A01
201300044734,0,7,0,8.0,2.0,1.0,1.0,B01
201300044735,1,2,0,0.0,1.0,1.0,1.0,Z01
201300044736,0,7,0,0.0,1.0,1.0,1.0,A01
201300044737,0,7,0,1.0,0.0,2.0,14.0,A01
201300044738,0,7,0,0.0,2.0,3.0,1.0,B01
201300044738,0,1,0,0.0,2.0,1.0,13.0,A01
201300044739,2,7,0,0.0,2.0,1.0,1.0,Z01
201300044739,0,7,0,0.0,2.0,4.0,2.0,A01
201300044739,0,2,0,0.0,2.0,8.0,1.0,B01
201300044740,0,7,0,0.0,2.0,8.0,15.0,B01
201300044740,0,34,0,0.0,2.0,7.0,9.0,A01
201300044741,0,34,0,0.0,2.0,1.0,3.0,A01
201300044741,0,7,0,0.0,2.0,3.0,10.0,B01
201300044742,0,7,0,8.0,0.0,9.0,14.0,A01
201300044743,0,7,0,0.0,1.0,2.0,21.0,A01
201300044744,0,10,0,0.0,1.0,3.0,15.0,A01
201300044745,0,3,0,0.0,2.0,3.0,13.0,A01
201300044745,0,3,0,0.0,2.0,3.0,13.0,B01
201300044746,1,7,0,0.0,2.0,1.0,1.0,Z01
201300044746,0,2,0,0.0,2.0,7.0,1.0,A01
201300044747,0,7,0,0.0,1.0,1.0,1.0,A01
201300044748,0,7,0,0.0,1.0,7.0,1.0,A01
201300044749,0,30,0,0.0,2.0,1.0,1.0,B01
201300044749,0,7,0,0.0,2.0,7.0,15.0,A01
201300044750,0,33,0,0.0,2.0,1.0,1.0,A01
201300044750,0,7,0,0.0,2.0,2.0,15.0,C01
201300044750,0,7,0,0.0,2.0,1.0,15.0,B01
201300044751,0,7,0,0.0,2.0,5.0,14.0,A01
201300044751,0,33,0,0.0,2.0,1.0,21.0,B01
201300044752,0,33,0,6.0,0.0,1.0,1.0,A01
201300044753,0,34,0,0.0,2.0,1.0,13.0,B01
201300044753,0,10,0,0.0,2.0,2.0,15.0,A01
201300044754,0,7,0,0.0,2.0,4.0,2.0,C01
201300044754,0,7,0,14.0,0.0,1.0,1.0,A01
201300044754,0,10,0,14.0,2.0,4.0,2.0,B01
201300044755,0,2,0,16.0,0.0,9.0,1.0,A01
201300044756,0,7,0,0.0,1.0,3.0,1.0,A01
201300044757,0,33,0,16.0,0.0,8.0,1.0,A01
201300044758,0,7,0,0.0,2.0,1.0,1.0,A01
201300044758,0,7,0,0.0,2.0,4.0,1.0,B01
201300044759,0,7,0,0.0,2.0,3.0,1.0,B01
201300044759,0,1,0,0.0,2.0,1.0,1.0,A01
201300044760,0,7,0,0.0,1.0,3.0,1.0,A01
201300044761,0,33,0,0.0,2.0,1.0,1.0,A01
201300044761,1,7,0,0.0,2.0,8.0,9.0,Z01
201300044762,0,33,0,15.0,0.0,1.0,1.0,A01
201300044763,0,7,0,0.0,1.0,8.0,1.0,A01
201300044764,0,7,0,15.0,0.0,1.0,13.0,A01
201300044765,0,30,0,16.0,0.0,9.0,1.0,A01
201300044766,0,1,0,16.0,0.0,9.0,13.0,A01
201300044767,0,10,0,0.0,2.0,1.0,1.0,A01
201300044767,0,7,0,0.0,2.0,4.0,2.0,B01
201300044768,0,7,0,0.0,2.0,2.0,1.0,B01
201300044768,0,7,0,0.0,2.0,3.0,1.0,A01
201300044769,0,30,0,0.0,2.0,8.0,21.0,A01
201300044769,0,7,0,0.0,2.0,8.0,17.0,B01
201300044770,0,7,0,0.0,2.0,2.0,15.0,A01
201300044770,0,7,0,0.0,2.0,3.0,1.0,B01
201300044771,1,3,0,0.0,1.0,1.0,1.0,Z01
201300044772,0,7,0,0.0,2.0,4.0,23.0,B01
201300044772,1,7,0,0.0,2.0,1.0,1.0,Z01
201300044772,0,7,0,0.0,0.0,4.0,23.0,A01
201300044773,0,7,0,0.0,2.0,1.0,1.0,B01
201300044773,0,2,0,0.0,2.0,1.0,15.0,A01
201300044774,0,32,0,0.0,2.0,6.0,1.0,B01
201300044774,0,7,0,0.0,2.0,2.0,15.0,A01
201300044775,0,7,0,0.0,1.0,1.0,1.0,A01
201300044776,0,7,0,0.0,2.0,6.0,2.0,A01
201300044776,0,30,0,0.0,2.0,1.0,1.0,B01
201300044777,0,7,0,0.0,2.0,2.0,1.0,B01
201300044777,0,7,0,0.0,2.0,2.0,1.0,A01
201300044778,0,7,0,0.0,2.0,3.0,15.0,A01
201300044778,0,34,0,0.0,2.0,1.0,1.0,B01
201300044779,0,33,0,8.0,2.0,1.0,21.0,B01
201300044779,0,7,0,0.0,2.0,4.0,23.0,A01
201300044780,0,1,0,0.0,2.0,4.0,15.0,A01
201300044780,1,10,0,0.0,2.0,1.0,1.0,Z01
201300044781,0,14,0,1.0,0.0,1.0,1.0,A01
201300044781,0,37,3,0.0,2.0,4.0,23.0,B01
201300044782,0,34,0,0.0,2.0,1.0,1.0,A01
201300044782,0,7,0,0.0,2.0,1.0,1.0,B01
201300044783,0,30,0,0.0,2.0,1.0,17.0,A01
201300044783,0,7,0,0.0,2.0,8.0,15.0,B01
201300044784,1,7,0,0.0,2.0,1.0,1.0,Z01
201300044784,0,1,0,0.0,2.0,1.0,1.0,B01
201300044785,0,33,0,0.0,2.0,1.0,1.0,B01
201300044785,0,7,0,0.0,2.0,3.0,15.0,A01
201300044786,0,7,0,0.0,1.0,1.0,1.0,A01
201300044787,0,7,0,0.0,1.0,3.0,15.0,A01
201300044788,0,2,0,0.0,2.0,1.0,17.0,A01
201300044788,0,7,0,0.0,2.0,1.0,1.0,B01
201300044789,0,7,0,0.0,2.0,3.0,1.0,A01
201300044789,0,7,0,0.0,2.0,4.0,11.0,B01
201300044790,0,7,0,0.0,1.0,2.0,1.0,A01
201300044791,0,32,0,0.0,2.0,7.0,15.0,A01
201300044791,0,7,0,0.0,2.0,6.0,15.0,B01
201300044792,0,7,0,0.0,1.0,7.0,1.0,A01
201300044793,0,7,0,0.0,2.0,4.0,2.0,B01
201300044793,0,7,0,0.0,2.0,1.0,1.0,A01
201300044794,0,33,0,0.0,2.0,2.0,17.0,A01
201300044794,0,7,0,0.0,0.0,3.0,9.0,B01
201300044795,0,30,0,0.0,1.0,1.0,1.0,A01
201300044796,0,7,0,0.0,1.0,3.0,1.0,A01
201300044797,0,7,0,1.0,0.0,1.0,13.0,A01
201300044798,0,10,0,0.0,1.0,1.0,15.0,A01
201300044799,0,14,0,0.0,1.0,2.0,1.0,A01
201300044800,0,30,0,0.0,2.0,1.0,1.0,A01
201300044800,0,10,0,0.0,2.0,7.0,1.0,B01
201300044801,0,7,0,12.0,0.0,2.0,14.0,A01
201300044802,0,30,0,0.0,2.0,1.0,1.0,A01
201300044802,0,7,0,0.0,2.0,3.0,15.0,B01
201300044803,0,2,0,0.0,2.0,1.0,9.0,A01
201300044803,1,7,0,0.0,2.0,1.0,1.0,Z01
201300044804,0,7,0,0.0,2.0,3.0,15.0,A01
201300044804,0,7,0,0.0,2.0,3.0,9.0,B01
201300044805,0,7,0,0.0,1.0,1.0,1.0,A01
201300044806,0,7,0,0.0,2.0,1.0,1.0,A01
201300044806,0,7,0,0.0,0.0,4.0,2.0,B01
201300044807,0,7,0,0.0,1.0,2.0,16.0,A01
201300044808,0,7,0,0.0,1.0,1.0,1.0,A01
201300044809,0,7,0,0.0,2.0,3.0,10.0,A01
201300044809,0,33,0,0.0,2.0,1.0,1.0,B01
201300044810,0,7,0,0.0,2.0,2.0,17.0,B01
201300044810,0,2,0,0.0,2.0,3.0,1.0,A01
201300044811,2,7,0,1.0,0.0,3.0,13.0,A01
201300044812,0,30,0,16.0,0.0,8.0,,A01
201300044813,0,2,0,1.0,2.0,1.0,17.0,A01
201300044813,0,7,0,0.0,2.0,3.0,15.0,B01
201300044814,0,7,0,0.0,2.0,5.0,15.0,A01
201300044814,0,30,0,0.0,2.0,1.0,1.0,B01
201300044815,0,7,0,0.0,2.0,8.0,1.0,B01
201300044815,0,7,0,0.0,2.0,3.0,1.0,A01
201300044816,0,2,0,16.0,0.0,9.0,1.0,A01
201300044817,0,7,0,0.0,2.0,2.0,19.0,A01
201300044817,0,33,0,0.0,2.0,1.0,17.0,B01
201300044818,0,7,0,0.0,1.0,7.0,1.0,A01
201300044819,0,7,0,0.0,2.0,2.0,1.0,B01
201300044819,0,7,0,0.0,2.0,3.0,1.0,A01
201300044820,1,7,0,0.0,1.0,0.0,0.0,Z01
201300044821,0,2,0,16.0,0.0,7.0,0.0,A01
201300044822,0,33,0,16.0,0.0,8.0,21.0,A01
201300044823,0,2,0,8.0,0.0,2.0,21.0,A01
201300044823,0,7,0,0.0,0.0,0.0,20.0,B01
201300044824,0,7,0,0.0,2.0,2.0,1.0,A01
201300044824,0,7,0,0.0,2.0,3.0,9.0,B01
201300044825,0,10,0,0.0,1.0,1.0,15.0,A01
201300044826,0,33,0,0.0,2.0,7.0,1.0,A01
201300044826,0,15,0,0.0,2.0,4.0,9.0,B01
201300044826,0,10,0,,2.0,1.0,6.0,C01
201300044827,0,2,0,0.0,2.0,1.0,3.0,A01
201300044827,0,7,0,0.0,2.0,3.0,9.0,B01
201300044828,0,7,0,6.0,2.0,3.0,1.0,A01
201300044828,0,7,0,0.0,2.0,2.0,1.0,B01
201300044829,0,7,0,0.0,2.0,4.0,2.0,B01
201300044829,0,7,0,0.0,2.0,1.0,1.0,A01
201300044829,0,7,0,0.0,2.0,4.0,2.0,C01
201300044830,0,34,0,0.0,2.0,2.0,1.0,A01
201300044830,0,7,0,0.0,2.0,7.0,15.0,B01
201300044831,0,7,0,0.0,1.0,2.0,1.0,A01
201300044832,0,30,0,0.0,2.0,1.0,1.0,A01
201300044832,0,7,0,0.0,2.0,1.0,21.0,B01
201300044833,0,7,0,0.0,1.0,1.0,20.0,A01
201300044834,0,7,0,0.0,2.0,1.0,1.0,B01
201300044834,0,7,0,0.0,2.0,3.0,1.0,A01
201300044835,0,30,0,0.0,2.0,1.0,1.0,B01
201300044835,0,7,0,0.0,2.0,3.0,1.0,A01
201300044836,0,7,0,6.0,0.0,3.0,13.0,A01
201300044837,0,32,0,0.0,2.0,1.0,1.0,B01
201300044837,0,7,0,0.0,2.0,3.0,15.0,A01
201300044838,1,99,0,0.0,0.0,0.0,0.0,Z01
201300044838,0,2,0,0.0,2.0,8.0,1.0,B01
201300044839,0,32,0,0.0,2.0,1.0,1.0,A01
201300044839,0,7,0,0.0,2.0,2.0,1.0,B01
201300044840,0,7,0,0.0,1.0,1.0,1.0,A01
201300044841,0,30,0,0.0,2.0,2.0,3.0,A01
201300044841,1,7,0,0.0,0.0,,0.0,Z01
201300044842,0,7,0,0.0,1.0,2.0,1.0,A01
201300044843,0,7,0,14.0,0.0,3.0,1.0,A01
201300044844,0,3,0,0.0,2.0,7.0,1.0,A01
201300044844,0,7,0,0.0,2.0,1.0,1.0,B01
201300044845,0,10,0,0.0,2.0,3.0,1.0,B01
201300044845,0,7,0,0.0,2.0,2.0,1.0,A01
201300044846,0,7,0,0.0,2.0,1.0,1.0,B01
201300044846,0,7,0,0.0,2.0,4.0,2.0,A01
201300044847,0,7,0,0.0,2.0,4.0,23.0,B01
201300044847,0,10,0,0.0,2.0,3.0,1.0,A01
201300044848,0,7,0,0.0,2.0,6.0,9.0,A01
201300044848,0,7,0,0.0,2.0,1.0,1.0,B01
201300044849,0,7,0,15.0,0.0,1.0,1.0,A01
201300044850,0,7,0,12.0,0.0,0.0,14.0,A01
201300044851,0,7,0,0.0,1.0,2.0,1.0,A01
201300044852,0,7,0,0.0,1.0,2.0,1.0,A01
201300044853,1,15,0,0.0,2.0,0.0,1.0,Z01
201300044853,0,1,0,0.0,2.0,8.0,1.0,A01
201300044854,0,7,0,0.0,1.0,3.0,1.0,A01
201300044855,0,7,0,0.0,2.0,3.0,2.0,B01
201300044855,0,2,0,0.0,2.0,1.0,1.0,A01
201300044856,0,7,0,16.0,0.0,1.0,14.0,A01
201300044857,0,7,0,0.0,1.0,2.0,1.0,A01
201300044858,0,7,0,0.0,2.0,1.0,1.0,B01
201300044858,0,7,0,0.0,2.0,1.0,5.0,A01
201300044859,0,7,0,2.0,0.0,3.0,13.0,A01
201300044860,0,7,0,0.0,2.0,2.0,1.0,A01
201300044860,0,33,0,0.0,2.0,6.0,3.0,B01
201300044861,0,7,0,0.0,2.0,4.0,2.0,B01
201300044861,0,7,0,14.0,2.0,1.0,1.0,A01
201300044862,0,7,0,3.0,0.0,9.0,13.0,A01
201300044863,0,7,0,0.0,1.0,2.0,1.0,A01
201300044864,0,7,0,0.0,2.0,1.0,1.0,B01
201300044864,0,7,0,0.0,2.0,2.0,5.0,A01
201300044865,0,7,0,14.0,0.0,2.0,1.0,A01
201300044866,0,7,0,0.0,1.0,7.0,20.0,A01
201300044867,0,33,0,14.0,2.0,1.0,5.0,A01
201300044867,0,7,0,0.0,2.0,1.0,1.0,B01
201300044868,0,33,0,0.0,1.0,1.0,1.0,A01
201300044869,0,10,0,0.0,1.0,2.0,1.0,A01
201300044870,0,7,0,0.0,0.0,1.0,1.0,A01
201300044870,0,7,0,0.0,2.0,4.0,2.0,B01
201300044870,0,7,0,0.0,2.0,8.0,9.0,C01
201300044870,0,7,0,0.0,2.0,1.0,1.0,D01
201300044871,0,7,0,1.0,1.0,3.0,1.0,A01
201300044872,0,7,0,0.0,1.0,2.0,1.0,A01
201300044873,1,2,0,0.0,1.0,0.0,0.0,Z01
201300044874,1,7,0,0.0,1.0,1.0,0.0,Z01
201300044875,0,30,0,0.0,2.0,5.0,3.0,B01
201300044875,0,7,0,0.0,2.0,2.0,21.0,A01
201300044876,0,7,0,0.0,1.0,2.0,17.0,A01
201300044877,0,1,0,0.0,2.0,1.0,9.0,B01
201300044877,0,7,0,0.0,2.0,2.0,1.0,A01
201300044878,1,7,0,0.0,1.0,3.0,15.0,Z01
201300044879,0,7,0,0.0,2.0,1.0,1.0,A01
201300044879,0,7,0,0.0,2.0,4.0,23.0,C01
201300044879,0,7,0,0.0,2.0,9.0,23.0,B01
201300044880,0,32,0,0.0,2.0,2.0,1.0,B01
201300044880,0,7,0,0.0,2.0,3.0,1.0,A01
201300044881,0,7,0,0.0,1.0,7.0,1.0,A01
201300044882,0,7,0,0.0,1.0,1.0,1.0,A01
201300044883,0,14,0,0.0,0.0,4.0,23.0,B01
201300044883,0,7,0,1.0,0.0,1.0,1.0,A01
201300044884,0,7,0,0.0,1.0,2.0,1.0,A01
201300044885,0,7,0,0.0,1.0,2.0,1.0,A01
201300044886,0,7,0,0.0,2.0,1.0,1.0,A01
201300044886,0,7,0,0.0,0.0,4.0,23.0,B01
201300044887,0,7,0,0.0,1.0,2.0,1.0,A01
201300044888,0,30,0,0.0,2.0,4.0,2.0,B01
201300044888,0,7,0,0.0,2.0,3.0,15.0,A01
201300044889,0,7,0,0.0,1.0,1.0,11.0,A01
201300044890,0,7,0,0.0,2.0,4.0,12.0,A01
201300044890,0,31,0,0.0,2.0,3.0,17.0,B01
201300044891,0,1,0,0.0,2.0,4.0,1.0,B01
201300044891,0,7,0,0.0,2.0,7.0,9.0,A01
201300044892,0,7,0,0.0,2.0,1.0,1.0,A01
201300044892,0,2,0,0.0,2.0,1.0,1.0,B01
201300044893,0,33,0,6.0,0.0,1.0,1.0,A01
201300044894,0,10,0,0.0,1.0,1.0,15.0,A01
201300044895,1,7,0,0.0,2.0,,17.0,Z01
201300044895,0,33,0,0.0,2.0,8.0,1.0,A01
201300044896,0,7,0,0.0,1.0,7.0,1.0,A01
201300044897,0,7,0,0.0,1.0,1.0,1.0,A01
201300044898,0,33,0,0.0,0.0,1.0,1.0,B01
201300044898,0,7,0,0.0,2.0,8.0,10.0,A01