Num_Acc,senc,catv,occutc,obs,obsm,choc,manv,num_veh
201300044899,0,7,0,0.0,1.0,1.0,15.0,A01
201300044900,0,7,0,0.0,2.0,2.0,1.0,A01
201300044900,0,1,0,0.0,2.0,1.0,1.0,B01
201300044901,0,7,0,0.0,2.0,3.0,15.0,A01
201300044901,0,32,0,0.0,2.0,1.0,17.0,B01
201300044902,0,7,0,0.0,2.0,1.0,1.0,A01
201300044902,0,7,0,0.0,2.0,1.0,17.0,B01
201300044903,0,7,0,1.0,2.0,2.0,1.0,A01
201300044903,0,2,0,0.0,2.0,1.0,1.0,B01
201300044904,0,33,0,0.0,2.0,1.0,9.0,B01
201300044904,0,7,0,0.0,2.0,1.0,21.0,A01
201300044905,0,7,0,0.0,1.0,3.0,15.0,A01
201300044906,0,7,0,0.0,2.0,2.0,19.0,A01
201300044906,0,30,0,0.0,2.0,3.0,1.0,B01
201300044907,0,7,0,0.0,1.0,3.0,1.0,A01
201300044908,0,10,0,0.0,2.0,2.0,10.0,B01
201300044908,0,13,0,1.0,2.0,8.0,1.0,C01
201300044908,1,30,0,0.0,0.0,0.0,0.0,Z01
201300044909,0,7,0,0.0,2.0,3.0,13.0,A01
201300044909,0,7,0,0.0,2.0,3.0,23.0,B01
201300044910,0,7,0,16.0,0.0,1.0,1.0,A01
201300044911,0,2,0,0.0,2.0,1.0,17.0,A01
201300044911,0,10,0,0.0,2.0,3.0,15.0,B01
201300044912,0,7,0,0.0,1.0,2.0,1.0,A01
201300044913,0,7,0,0.0,1.0,4.0,4.0,A01
201300044914,0,7,0,0.0,1.0,2.0,1.0,A01
201300044915,0,30,0,0.0,2.0,7.0,1.0,B01
201300044915,0,7,0,0.0,2.0,1.0,9.0,A01
201300044916,0,7,0,0.0,2.0,2.0,10.0,B01
201300044916,0,7,0,0.0,2.0,1.0,1.0,A01
201300044917,0,2,0,0.0,1.0,1.0,1.0,A01
201300044918,0,7,0,0.0,1.0,2.0,1.0,A01
201300044919,0,7,0,1.0,0.0,2.0,14.0,A01
201300044920,0,14,0,0.0,2.0,5.0,1.0,A01
201300044920,0,7,0,0.0,2.0,1.0,9.0,B01
201300044921,1,7,0,0.0,1.0,0.0,0.0,Z01
201300044922,0,1,0,0.0,2.0,1.0,1.0,A01
201300044922,0,33,0,0.0,2.0,1.0,1.0,B01
201300044923,0,7,0,14.0,0.0,3.0,13.0,A01
201300044924,0,37,1,6.0,0.0,1.0,16.0,A01
201300044925,0,7,0,0.0,1.0,2.0,1.0,A01
201300044926,0,7,0,14.0,0.0,2.0,14.0,A01
201300044927,0,30,0,15.0,0.0,1.0,1.0,A01
201300044928,0,31,0,0.0,2.0,2.0,5.0,A01
201300044928,0,7,0,0.0,2.0,1.0,1.0,B01
201300044929,0,7,0,0.0,2.0,1.0,1.0,A01
201300044929,0,7,0,0.0,0.0,4.0,2.0,B01
201300044930,0,20,0,0.0,1.0,2.0,1.0,A01
201300044931,0,37,1,0.0,2.0,3.0,15.0,B01
201300044931,0,32,0,0.0,2.0,2.0,17.0,A01
201300044932,0,7,0,0.0,1.0,7.0,1.0,A01
201300044933,0,30,0,0.0,2.0,8.0,13.0,B01
201300044933,0,7,0,0.0,2.0,3.0,15.0,A01
201300044934,0,7,0,0.0,2.0,3.0,15.0,A01
201300044934,0,30,0,0.0,2.0,5.0,17.0,B01
201300044935,0,33,0,16.0,0.0,8.0,21.0,A01
201300044936,0,10,0,1.0,1.0,2.0,1.0,A01
201300044936,0,7,0,0.0,0.0,8.0,24.0,B01
201300044937,0,30,0,0.0,2.0,1.0,1.0,A01
201300044937,0,7,0,0.0,2.0,4.0,2.0,B01
201300044938,0,7,0,12.0,0.0,1.0,13.0,A01
201300044939,0,33,0,0.0,2.0,1.0,5.0,A01
201300044939,0,7,0,0.0,2.0,1.0,1.0,B01
201300044940,0,33,0,0.0,2.0,1.0,1.0,A01
201300044940,1,7,0,0.0,2.0,7.0,16.0,Z01
201300044941,0,7,0,0.0,2.0,8.0,15.0,B01
201300044941,0,2,0,0.0,2.0,3.0,1.0,A01
201300044942,0,7,0,0.0,2.0,4.0,2.0,B01
201300044942,0,7,0,0.0,2.0,1.0,1.0,A01
201300044943,0,7,0,0.0,2.0,2.0,9.0,A01
201300044943,0,34,0,0.0,2.0,3.0,1.0,B01
201300044944,0,7,0,0.0,1.0,2.0,1.0,A01
201300044945,0,7,0,0.0,1.0,1.0,1.0,A01
201300044946,0,30,0,0.0,2.0,7.0,17.0,B01
201300044946,0,7,0,0.0,2.0,8.0,15.0,A01
201300044947,0,7,0,0.0,2.0,3.0,15.0,B01
201300044947,0,37,1,0.0,2.0,2.0,1.0,A01
201300044948,0,7,0,0.0,1.0,1.0,1.0,A01
201300044949,0,30,0,16.0,0.0,8.0,1.0,A01
201300044950,0,2,0,0.0,2.0,1.0,1.0,B01
201300044950,0,7,0,0.0,2.0,7.0,1.0,A01
201300044951,0,31,0,0.0,2.0,1.0,15.0,B01
201300044951,0,7,0,0.0,2.0,1.0,1.0,A01
201300044952,0,7,0,0.0,2.0,1.0,1.0,B01
201300044952,0,7,0,0.0,2.0,4.0,2.0,A01
201300044953,0,7,0,0.0,2.0,3.0,9.0,A01
201300044953,0,7,0,0.0,2.0,1.0,1.0,B01
201300044954,0,30,0,0.0,2.0,1.0,1.0,B01
201300044954,0,7,0,0.0,2.0,3.0,15.0,A01
201300044955,0,2,0,0.0,2.0,1.0,1.0,A01
201300044955,0,7,0,0.0,2.0,6.0,9.0,B01
201300044956,0,7,0,0.0,2.0,2.0,9.0,A01
201300044956,0,1,0,0.0,2.0,1.0,1.0,B01
201300044957,0,30,0,0.0,2.0,1.0,1.0,B01
201300044957,1,99,0,0.0,0.0,0.0,10.0,Z01
201300044958,0,7,0,0.0,2.0,2.0,1.0,A01
201300044958,0,7,0,0.0,2.0,3.0,15.0,B01
201300044959,0,31,0,0.0,2.0,1.0,5.0,A01
201300044959,0,7,0,0.0,2.0,1.0,16.0,B01
201300044960,0,7,0,1.0,0.0,2.0,1.0,A01
201300044961,0,7,0,0.0,2.0,1.0,1.0,A01
201300044961,0,7,0,0.0,2.0,4.0,23.0,B01
201300044961,0,7,0,0.0,2.0,4.0,23.0,C01
201300044962,0,7,0,0.0,2.0,7.0,19.0,A01
201300044962,0,33,0,0.0,2.0,1.0,1.0,B01
201300044963,0,7,0,0.0,2.0,4.0,2.0,B01
201300044963,0,7,0,0.0,2.0,1.0,1.0,A01
201300044964,0,33,0,0.0,2.0,1.0,1.0,B01
201300044964,0,7,0,0.0,2.0,5.0,20.0,A01
201300044965,0,7,0,0.0,1.0,1.0,1.0,A01
201300044966,0,1,0,0.0,2.0,1.0,9.0,A01
201300044966,0,7,0,0.0,2.0,2.0,1.0,B01
201300044967,0,1,0,16.0,0.0,1.0,1.0,A01
201300044968,0,33,0,0.0,2.0,6.0,1.0,B01
201300044968,0,7,0,0.0,2.0,2.0,15.0,A01
201300044969,0,7,0,0.0,1.0,2.0,1.0,A01
201300044970,0,7,0,0.0,2.0,3.0,9.0,A01
201300044970,0,31,0,0.0,2.0,1.0,1.0,B01
201300044971,0,7,0,0.0,2.0,8.0,19.0,B01
201300044971,0,14,0,0.0,2.0,7.0,12.0,A01
201300044972,0,7,0,11.0,,1.0,7.0,A01
201300044973,0,1,0,0.0,2.0,2.0,1.0,A01
201300044973,0,7,0,0.0,2.0,2.0,1.0,B01
201300044974,0,7,0,0.0,2.0,3.0,9.0,A01
201300044974,0,30,0,0.0,2.0,5.0,9.0,B01
201300044975,0,7,0,1.0,0.0,1.0,13.0,A01
201300044976,0,33,0,16.0,0.0,9.0,1.0,A01
201300044977,0,10,0,0.0,1.0,1.0,1.0,A01
201300044978,0,7,0,6.0,0.0,1.0,1.0,A01
201300044979,0,7,0,0.0,2.0,3.0,9.0,A01
201300044979,0,2,0,0.0,2.0,1.0,1.0,B01
201300044980,0,7,0,1.0,2.0,1.0,1.0,A01
201300044981,0,7,0,0.0,2.0,7.0,15.0,A01
201300044981,0,7,0,0.0,2.0,1.0,1.0,B01
201300044982,0,7,0,0.0,1.0,2.0,1.0,A01
201300044983,0,7,0,0.0,1.0,2.0,1.0,A01
201300044984,0,7,0,0.0,1.0,1.0,16.0,A01
201300044985,0,7,0,0.0,2.0,2.0,15.0,A01
201300044985,0,33,0,0.0,2.0,1.0,1.0,B01
201300044986,0,7,0,0.0,1.0,1.0,1.0,A01
201300044987,0,7,0,0.0,2.0,1.0,1.0,B01
201300044987,0,7,0,0.0,2.0,5.0,2.0,A01
201300044988,0,1,0,0.0,2.0,4.0,15.0,A01
201300044988,0,10,0,0.0,2.0,1.0,1.0,B01
201300044989,0,33,0,0.0,2.0,1.0,18.0,A01
201300044989,0,7,0,0.0,2.0,3.0,15.0,B01
201300044990,0,1,0,0.0,2.0,3.0,9.0,A01
201300044990,0,7,0,0.0,2.0,2.0,16.0,B01
201300044991,0,7,0,0.0,1.0,8.0,1.0,A01
201300044992,0,37,0,0.0,2.0,5.0,2.0,B01
201300044992,0,7,0,0.0,2.0,1.0,1.0,A01
201300044993,0,7,0,0.0,2.0,1.0,15.0,A01
201300044993,0,7,0,0.0,2.0,3.0,1.0,B01
201300044994,0,7,0,12.0,0.0,2.0,14.0,A01
201300044995,0,7,0,1.0,0.0,2.0,14.0,A01
201300044996,0,7,0,0.0,1.0,3.0,15.0,A01
201300044997,0,7,0,0.0,1.0,3.0,15.0,A01
201300044998,0,7,0,0.0,2.0,2.0,15.0,A01
201300044998,0,1,0,0.0,2.0,1.0,1.0,B01
201300044999,0,7,0,0.0,2.0,6.0,2.0,B01
201300044999,0,30,0,0.0,2.0,2.0,1.0,A01
201300045000,0,7,0,0.0,1.0,1.0,1.0,A01
201300045001,0,7,0,0.0,1.0,1.0,1.0,A01
201300045002,0,7,0,0.0,1.0,3.0,1.0,A01
201300045003,0,7,0,0.0,1.0,1.0,1.0,A01
201300045004,0,7,0,1.0,2.0,2.0,1.0,A01
201300045005,1,7,0,0.0,1.0,2.0,1.0,Z01
201300045006,0,7,0,0.0,2.0,3.0,9.0,A01
201300045006,0,7,0,0.0,2.0,2.0,1.0,B01
201300045007,0,7,0,1.0,0.0,1.0,1.0,A01
201300045008,0,7,0,0.0,2.0,2.0,11.0,A01
201300045008,0,7,0,0.0,2.0,3.0,1.0,B01
201300045009,0,7,0,0.0,2.0,2.0,15.0,A01
201300045009,0,33,0,0.0,2.0,1.0,1.0,B01
201300045010,0,7,0,0.0,2.0,3.0,1.0,B01
201300045010,0,7,0,0.0,2.0,7.0,1.0,A01
201300045011,0,7,0,0.0,1.0,1.0,1.0,A01
201300045012,0,7,0,8.0,0.0,1.0,1.0,A01
201300045013,0,7,0,0.0,1.0,3.0,1.0,A01
201300045014,1,7,0,0.0,1.0,1.0,1.0,Z01
201300045015,0,7,0,0.0,1.0,2.0,1.0,A01
201300045016,0,7,0,8.0,0.0,7.0,5.0,A01
201300045017,0,7,0,0.0,1.0,1.0,1.0,A01
201300045018,0,7,0,0.0,2.0,5.0,15.0,B01
201300045018,0,34,0,0.0,2.0,1.0,1.0,A01
201300045019,1,10,0,0.0,1.0,0.0,16.0,Z01
201300045020,0,31,0,0.0,2.0,7.0,1.0,B01
201300045020,1,7,0,0.0,2.0,0.0,0.0,Z01
201300045021,0,7,0,0.0,1.0,2.0,15.0,A01
201300045022,0,7,0,0.0,2.0,4.0,2.0,A01
201300045022,0,7,0,0.0,2.0,1.0,1.0,B01
201300045023,0,7,0,13.0,0.0,1.0,14.0,A01
201300045024,0,33,0,0.0,2.0,1.0,1.0,B01
201300045024,0,7,0,0.0,2.0,2.0,15.0,A01
201300045025,0,7,0,0.0,2.0,3.0,1.0,B01
201300045025,0,7,0,0.0,2.0,3.0,15.0,A01
201300045026,0,7,0,0.0,2.0,1.0,1.0,A01
201300045026,0,7,0,0.0,0.0,3.0,1.0,B01
201300045027,1,10,0,0.0,2.0,1.0,1.0,Z01
201300045027,0,7,0,0.0,2.0,8.0,1.0,A01
201300045028,0,7,0,0.0,2.0,2.0,1.0,A01
201300045028,0,7,0,0.0,2.0,3.0,1.0,B01
201300045029,0,7,0,0.0,2.0,3.0,1.0,A01
201300045029,0,7,0,0.0,2.0,4.0,2.0,B01
201300045030,0,38,1,0.0,1.0,2.0,1.0,A01
201300045031,1,7,0,0.0,1.0,2.0,1.0,Z01
201300045032,0,7,0,0.0,2.0,1.0,1.0,A01
201300045032,0,7,0,0.0,2.0,4.0,2.0,B01
201300045033,1,7,0,0.0,1.0,1.0,1.0,Z01
201300045034,0,7,0,0.0,1.0,1.0,1.0,Z01
201300045035,0,7,0,0.0,2.0,1.0,1.0,A01
201300045035,0,7,0,0.0,2.0,3.0,9.0,B01
201300045036,0,7,0,0.0,2.0,2.0,2.0,A01
201300045036,0,2,0,0.0,2.0,4.0,2.0,B01
201300045037,0,7,0,0.0,1.0,2.0,1.0,A01
201300045038,0,7,0,0.0,2.0,2.0,1.0,A01
201300045038,0,7,0,0.0,2.0,3.0,1.0,B01
201300045039,0,7,0,0.0,2.0,3.0,10.0,A01
201300045039,0,34,0,0.0,2.0,1.0,1.0,B01
201300045040,0,7,0,0.0,2.0,7.0,1.0,B01
201300045040,0,7,0,0.0,2.0,1.0,1.0,A01
201300045041,0,7,0,0.0,1.0,7.0,1.0,A01
201300045042,0,7,0,0.0,1.0,3.0,1.0,A01
201300045043,1,7,0,0.0,1.0,0.0,1.0,Z01
201300045044,1,7,0,0.0,2.0,1.0,1.0,Z01
201300045044,0,7,0,0.0,2.0,8.0,1.0,A01
201300045045,0,7,0,0.0,2.0,3.0,1.0,B01
201300045045,0,33,0,0.0,2.0,1.0,13.0,A01
201300045046,0,14,0,0.0,2.0,4.0,2.0,A01
201300045046,0,7,0,0.0,2.0,2.0,1.0,B01
201300045047,0,10,0,0.0,1.0,4.0,4.0,A01
201300045048,0,2,0,0.0,2.0,1.0,1.0,B01
201300045048,0,7,0,0.0,2.0,2.0,15.0,A01
201300045049,0,7,0,0.0,1.0,2.0,1.0,A01
201300045050,1,7,0,0.0,1.0,2.0,1.0,Z01
201300045051,0,2,0,1.0,0.0,1.0,9.0,A01
201300045052,0,33,0,0.0,2.0,7.0,13.0,B01
201300045052,0,7,0,0.0,2.0,8.0,13.0,A01
201300045053,0,7,0,0.0,1.0,1.0,1.0,A01
201300045054,0,7,0,0.0,1.0,1.0,1.0,A01
201300045055,0,7,0,0.0,1.0,1.0,1.0,A01
201300045056,0,7,0,0.0,2.0,5.0,2.0,B01
201300045056,0,7,0,0.0,2.0,3.0,9.0,A01
201300045057,0,7,0,16.0,,4.0,1.0,A01
201300045058,0,7,0,14.0,2.0,1.0,1.0,A01
201300045058,0,7,0,0.0,2.0,4.0,1.0,B01
201300045059,0,7,0,0.0,1.0,1.0,1.0,A01
201300045060,0,7,0,1.0,1.0,3.0,1.0,A01
201300045061,0,7,0,0.0,1.0,3.0,1.0,A01
201300045062,0,7,0,0.0,2.0,1.0,1.0,B01
201300045062,0,7,0,0.0,2.0,1.0,1.0,A01
201300045063,0,1,0,0.0,2.0,8.0,1.0,A01
201300045063,1,7,0,0.0,0.0,0.0,0.0,Z01
201300045064,0,7,0,0.0,1.0,2.0,1.0,A01
201300045065,0,1,0,0.0,2.0,7.0,19.0,B01
201300045065,0,7,0,0.0,2.0,1.0,1.0,A01
201300045066,0,7,0,0.0,2.0,1.0,1.0,B01
201300045066,0,2,0,0.0,2.0,1.0,1.0,A01
201300045067,0,7,0,0.0,2.0,1.0,9.0,A01
201300045067,0,7,0,0.0,2.0,5.0,23.0,B01
201300045068,0,7,0,0.0,1.0,1.0,1.0,A01
201300045069,0,7,0,0.0,1.0,1.0,1.0,A01
201300045070,0,10,0,1.0,0.0,2.0,14.0,A01
201300045071,0,7,0,0.0,2.0,3.0,1.0,B01
201300045071,0,30,0,0.0,2.0,7.0,17.0,A01
201300045072,0,7,0,0.0,1.0,4.0,4.0,A01
201300045073,0,7,0,0.0,1.0,1.0,1.0,A01
201300045074,0,7,0,0.0,1.0,2.0,1.0,A01
201300045075,0,7,0,0.0,1.0,1.0,1.0,A01
201300045076,0,34,0,0.0,2.0,1.0,1.0,A01
201300045076,1,7,0,0.0,4.0,2.0,9.0,Z01
201300045077,0,7,0,0.0,1.0,3.0,1.0,A01
201300045078,0,7,0,0.0,1.0,3.0,1.0,A01
201300045079,0,7,0,0.0,1.0,2.0,16.0,A01
201300045080,0,2,0,0.0,2.0,8.0,1.0,B01
201300045080,0,7,0,0.0,2.0,1.0,1.0,A01
201300045081,0,1,0,0.0,2.0,8.0,1.0,A01
201300045081,1,99,0,0.0,0.0,0.0,0.0,Z01
201300045082,0,7,0,0.0,2.0,1.0,13.0,A01
201300045082,0,34,0,0.0,2.0,1.0,1.0,B01
201300045083,0,7,0,0.0,2.0,7.0,12.0,A01
201300045083,0,33,0,0.0,2.0,8.0,1.0,B01
201300045084,0,7,0,0.0,2.0,4.0,2.0,A01
201300045084,0,7,0,0.0,2.0,1.0,1.0,B01
201300045085,0,7,0,0.0,2.0,8.0,1.0,B01
201300045085,0,31,0,0.0,2.0,1.0,1.0,A01
201300045086,0,7,0,0.0,2.0,1.0,15.0,B01
201300045086,0,7,0,0.0,2.0,1.0,1.0,A01
201300045087,0,7,0,0.0,1.0,2.0,1.0,A01
201300045088,0,7,0,0.0,2.0,1.0,13.0,A01
201300045088,0,7,0,0.0,2.0,1.0,1.0,B01
201300045088,0,7,0,0.0,2.0,1.0,2.0,C01
201300045089,0,7,0,0.0,1.0,1.0,1.0,A01
201300045090,0,7,0,0.0,1.0,1.0,1.0,A01
201300045091,0,7,0,0.0,1.0,3.0,1.0,A01
201300045092,0,7,0,0.0,1.0,1.0,1.0,A01
201300045093,0,7,0,0.0,2.0,8.0,9.0,A01
201300045093,0,7,0,0.0,2.0,1.0,1.0,B01
201300045094,0,7,0,0.0,1.0,2.0,1.0,A01
201300045095,0,7,0,3.0,0.0,9.0,14.0,A01
201300045096,0,7,0,0.0,1.0,1.0,16.0,A01
201300045097,1,10,0,0.0,1.0,0.0,1.0,Z01
201300045098,0,7,0,0.0,2.0,1.0,1.0,A01
201300045098,0,10,0,0.0,2.0,4.0,2.0,B01
201300045099,0,7,0,0.0,2.0,7.0,1.0,A01
201300045099,0,7,0,0.0,2.0,1.0,23.0,C01
201300045099,0,7,0,0.0,2.0,1.0,1.0,B01
201300045100,0,33,0,0.0,2.0,1.0,1.0,A01
201300045100,0,7,0,0.0,2.0,2.0,15.0,B01
201300045101,0,7,0,0.0,2.0,1.0,1.0,B01
201300045101,0,7,0,0.0,2.0,1.0,13.0,A01
201300045102,0,7,0,0.0,2.0,4.0,4.0,B01
201300045102,0,2,0,0.0,2.0,2.0,18.0,A01
201300045103,0,7,0,0.0,1.0,3.0,1.0,A01
201300045104,0,1,0,0.0,1.0,1.0,1.0,A01
201300045105,0,33,0,0.0,2.0,1.0,1.0,A01
201300045105,0,7,0,0.0,2.0,8.0,1.0,B01
201300045106,0,7,0,0.0,2.0,9.0,23.0,B01
201300045106,0,7,0,0.0,2.0,9.0,23.0,C01
201300045106,0,13,0,0.0,2.0,1.0,1.0,A01
201300045106,0,7,0,0.0,2.0,9.0,23.0,D01
201300045106,0,7,0,0.0,0.0,4.0,23.0,E01
201300045107,0,7,0,0.0,2.0,8.0,10.0,A01
201300045107,0,33,0,0.0,2.0,1.0,1.0,B01
201300045108,0,7,0,0.0,2.0,3.0,15.0,B01
201300045108,0,7,0,0.0,2.0,2.0,0.0,A01
201300045109,0,7,0,0.0,1.0,1.0,0.0,A01
201300045110,0,7,0,0.0,1.0,1.0,0.0,A01
201300045111,0,7,0,0.0,2.0,8.0,0.0,A01
201300045111,0,7,0,0.0,0.0,2.0,0.0,B01
201300045112,0,7,0,0.0,1.0,8.0,0.0,A01
201300045113,0,7,0,0.0,1.0,7.0,20.0,A01
201300045114,0,7,0,0.0,2.0,1.0,1.0,A01
201300045114,0,7,0,0.0,2.0,7.0,13.0,B01
201300045115,0,17,0,3.0,1.0,0.0,2.0,A01
201300045116,0,7,0,0.0,2.0,7.0,0.0,A01
201300045116,0,7,0,0.0,2.0,1.0,0.0,B01
201300045117,0,7,0,0.0,2.0,3.0,0.0,A01
201300045117,0,15,0,0.0,2.0,3.0,0.0,B01
201300045117,0,7,0,0.0,2.0,1.0,0.0,C01
201300045118,0,7,0,0.0,1.0,1.0,1.0,A01
201300045119,0,7,0,0.0,2.0,8.0,5.0,B01
201300045119,0,7,0,0.0,2.0,8.0,1.0,A01
201300045119,0,7,0,0.0,2.0,2.0,1.0,C01
201300045120,0,7,0,0.0,2.0,4.0,2.0,C01
201300045120,0,7,0,0.0,2.0,4.0,2.0,B01
201300045120,0,7,0,0.0,2.0,1.0,1.0,A01
201300045121,0,7,0,0.0,2.0,4.0,2.0,B01
201300045121,0,7,0,0.0,2.0,1.0,1.0,A01
201300045122,0,7,0,0.0,1.0,1.0,1.0,A01
201300045123,0,7,0,0.0,1.0,1.0,1.0,A01
201300045124,0,7,0,0.0,1.0,7.0,1.0,A01
201300045125,0,7,0,0.0,1.0,2.0,1.0,A01
201300045126,0,7,0,0.0,1.0,1.0,1.0,A01
201300045127,0,7,0,0.0,2.0,3.0,9.0,A01
201300045127,0,33,0,0.0,2.0,1.0,1.0,B01
201300045128,0,7,0,0.0,1.0,2.0,1.0,A01
201300045129,1,7,0,0.0,1.0,1.0,15.0,Z01
201300045130,0,7,0,0.0,1.0,3.0,1.0,A01
201300045131,0,37,1,0.0,2.0,6.0,2.0,B01
201300045131,0,34,0,0.0,2.0,1.0,1.0,A01
201300045132,1,30,0,0.0,1.0,1.0,1.0,A01
201300045133,0,7,0,2.0,0.0,1.0,12.0,A01
201300045134,0,7,0,0.0,1.0,1.0,1.0,A01
201300045135,1,7,0,0.0,2.0,0.0,0.0,Z01
201300045135,0,34,0,0.0,2.0,3.0,1.0,A01
201300045136,0,7,0,0.0,1.0,1.0,1.0,A01
201300045137,0,7,0,0.0,1.0,6.0,20.0,A01
201300045138,0,7,0,0.0,2.0,1.0,1.0,A01
201300045138,0,7,0,0.0,2.0,4.0,2.0,C01
201300045138,0,7,0,0.0,2.0,4.0,2.0,B01
201300045139,0,7,0,0.0,1.0,1.0,1.0,A01
201300045140,0,7,0,0.0,1.0,3.0,18.0,A01
201300045141,0,7,0,0.0,2.0,5.0,15.0,A01
201300045141,0,33,0,8.0,2.0,1.0,2.0,B01
201300045142,0,7,0,0.0,1.0,2.0,1.0,A01
201300045143,0,7,0,0.0,1.0,1.0,1.0,A01
201300045144,0,7,0,3.0,2.0,1.0,6.0,B01
201300045144,0,7,0,0.0,2.0,1.0,1.0,A01
201300045145,0,7,0,9.0,1.0,1.0,1.0,A01
201300045146,0,7,0,0.0,2.0,4.0,1.0,B01
201300045146,0,7,0,0.0,2.0,1.0,1.0,A01
201300045147,0,7,0,0.0,1.0,1.0,1.0,A01
201300045148,0,7,0,0.0,2.0,3.0,15.0,B01
201300045148,0,7,0,0.0,2.0,2.0,16.0,A01
201300045149,0,7,0,0.0,1.0,1.0,1.0,A01
201300045150,0,10,0,0.0,2.0,3.0,9.0,A01
201300045150,0,1,0,0.0,2.0,7.0,1.0,B01
201300045151,0,1,0,0.0,2.0,1.0,1.0,A01
201300045151,0,7,0,0.0,2.0,4.0,1.0,B01
201300045152,0,30,0,0.0,2.0,1.0,1.0,A01
201300045152,1,32,0,0.0,2.0,7.0,1.0,Z01
201300045153,0,7,0,0.0,1.0,1.0,1.0,A01
201300045154,0,7,0,0.0,1.0,2.0,1.0,A01
201300045155,0,21,0,0.0,2.0,3.0,1.0,A01
201300045155,0,7,0,0.0,2.0,4.0,23.0,B01
201300045156,0,7,0,0.0,2.0,2.0,15.0,B01
201300045156,0,30,0,0.0,2.0,1.0,1.0,A01
201300045157,0,30,0,0.0,2.0,1.0,1.0,B01
201300045157,0,1,0,0.0,2.0,6.0,15.0,A01
201300045158,0,33,0,8.0,0.0,1.0,1.0,A01
201300045159,0,33,0,0.0,2.0,8.0,1.0,B01
201300045159,0,7,0,0.0,2.0,7.0,15.0,A01
201300045160,0,30,0,8.0,0.0,8.0,17.0,A01
201300045161,0,7,0,0.0,2.0,5.0,15.0,A01
201300045161,0,30,0,0.0,2.0,1.0,1.0,B01
201300045162,0,7,0,0.0,1.0,1.0,1.0,A01
201300045163,0,30,0,0.0,2.0,1.0,1.0,B01
201300045163,0,7,0,0.0,2.0,5.0,15.0,A01
201300045164,0,7,0,0.0,2.0,4.0,2.0,A01
201300045164,0,7,0,0.0,2.0,4.0,2.0,B01
201300045164,0,7,0,0.0,2.0,1.0,1.0,C01
201300045165,1,15,0,5.0,1.0,5.0,16.0,Z01
201300045166,0,14,0,0.0,1.0,2.0,1.0,A01
201300045167,0,7,0,0.0,2.0,1.0,1.0,A01
201300045167,0,10,0,0.0,2.0,1.0,2.0,B01
201300045167,0,14,0,0.0,2.0,4.0,2.0,C01
201300045168,0,7,0,0.0,1.0,1.0,1.0,A01
201300045169,0,2,0,0.0,2.0,3.0,19.0,A01
201300045169,0,33,0,0.0,2.0,1.0,1.0,B01
201300045170,0,7,0,0.0,2.0,3.0,9.0,A01
201300045170,0,33,0,0.0,2.0,1.0,1.0,B01
201300045171,0,7,0,0.0,0.0,1.0,1.0,A01
201300045172,0,7,0,8.0,0.0,1.0,1.0,A01
201300045173,0,7,0,0.0,2.0,2.0,1.0,A01
201300045173,0,7,0,0.0,2.0,3.0,9.0,B01
201300045174,0,7,0,0.0,1.0,2.0,15.0,A01
201300045175,0,32,0,0.0,2.0,1.0,17.0,A01
201300045175,0,7,0,0.0,2.0,3.0,15.0,B01
201300045176,0,2,0,0.0,2.0,1.0,2.0,A01
201300045176,0,7,0,0.0,0.0,4.0,23.0,B01
201300045177,0,7,0,0.0,2.0,3.0,11.0,A01
201300045177,0,30,0,0.0,2.0,7.0,1.0,B01
201300045178,0,7,0,13.0,2.0,1.0,1.0,A01
201300045178,0,2,0,0.0,2.0,1.0,1.0,B01
201300045179,0,7,0,0.0,2.0,1.0,1.0,A01
201300045179,0,10,0,0.0,2.0,4.0,1.0,B01
201300045180,0,33,0,10.0,0.0,1.0,1.0,A01
201300045181,0,31,0,0.0,1.0,3.0,3.0,A01
201300045182,0,7,0,0.0,1.0,1.0,1.0,A01
201300045183,0,7,0,0.0,2.0,2.0,5.0,A01
201300045183,0,10,0,0.0,2.0,1.0,1.0,B01
201300045184,0,7,0,0.0,2.0,2.0,12.0,A01
201300045184,0,2,0,0.0,2.0,6.0,1.0,B01
201300045185,0,7,0,14.0,0.0,1.0,1.0,A01
201300045186,0,31,0,0.0,2.0,1.0,17.0,A01
201300045186,0,7,0,0.0,2.0,1.0,1.0,B01
201300045187,0,14,0,0.0,0.0,0.0,9.0,A01
201300045187,0,33,0,0.0,0.0,0.0,1.0,B01
201300045188,0,7,0,4.0,2.0,4.0,1.0,B01
201300045189,0,32,0,0.0,1.0,1.0,17.0,A01
201300045190,0,2,0,0.0,2.0,3.0,1.0,A01
201300045190,0,7,0,0.0,2.0,4.0,1.0,B01
201300045191,0,10,0,0.0,1.0,2.0,1.0,A01
201300045192,0,7,0,0.0,2.0,3.0,15.0,A01
201300045192,0,33,0,0.0,2.0,1.0,17.0,B01
201300045193,0,7,0,0.0,2.0,1.0,13.0,A01
201300045193,0,7,0,0.0,2.0,3.0,1.0,B01
201300045193,0,7,0,0.0,2.0,3.0,1.0,C01
201300045194,0,10,0,0.0,2.0,2.0,1.0,A01
201300045194,0,7,0,0.0,2.0,3.0,9.0,B01
201300045195,0,10,0,0.0,2.0,1.0,1.0,A01
201300045195,0,30,0,0.0,2.0,7.0,19.0,B01
201300045196,0,7,0,0.0,2.0,1.0,1.0,A01
201300045196,0,7,0,0.0,2.0,8.0,9.0,B01
201300045197,0,7,0,0.0,2.0,1.0,15.0,A01