Num_Acc,senc,catv,occutc,obs,obsm,choc,manv,num_veh
201300045197,0,33,0,0.0,2.0,1.0,1.0,B01
201300045198,0,7,0,0.0,2.0,1.0,2.0,A01
201300045198,0,7,0,0.0,0.0,4.0,1.0,B01
201300045199,0,7,0,0.0,2.0,3.0,15.0,A01
201300045199,0,32,0,0.0,2.0,1.0,1.0,B01
201300045200,0,33,0,0.0,1.0,1.0,17.0,A01
201300045201,0,7,0,0.0,2.0,8.0,11.0,A01
201300045201,0,7,0,4.0,2.0,2.0,1.0,B01
201300045201,0,7,0,0.0,2.0,8.0,9.0,C01
201300045202,0,7,0,0.0,1.0,4.0,4.0,A01
201300045203,0,30,0,0.0,2.0,4.0,1.0,B01
201300045204,0,7,0,8.0,2.0,1.0,2.0,A01
201300045204,0,7,0,0.0,2.0,4.0,2.0,B01
201300045205,0,7,0,0.0,2.0,1.0,2.0,A01
201300045205,0,7,0,0.0,2.0,1.0,1.0,B01
201300045205,0,7,0,0.0,2.0,4.0,2.0,C01
201300045206,0,37,1,0.0,1.0,7.0,16.0,A01
201300045207,0,33,0,0.0,2.0,3.0,1.0,A01
201300045207,0,33,0,0.0,2.0,0.0,1.0,B01
201300045207,0,7,0,0.0,2.0,6.0,1.0,C01
201300045208,0,7,0,0.0,2.0,6.0,15.0,A01
201300045208,0,33,0,0.0,2.0,1.0,17.0,B01
201300045209,0,33,0,0.0,2.0,9.0,1.0,A01
201300045210,0,32,0,8.0,0.0,1.0,1.0,A01
201300045211,0,7,0,0.0,2.0,1.0,2.0,A01
201300045211,0,31,0,0.0,2.0,4.0,23.0,B01
201300045212,0,7,0,0.0,2.0,1.0,9.0,A01
201300045212,0,31,0,0.0,2.0,7.0,1.0,B01
201300045213,0,31,0,0.0,2.0,1.0,1.0,A01
201300045213,0,7,0,0.0,2.0,7.0,1.0,B01
201300045214,0,33,0,0.0,2.0,7.0,12.0,A01
201300045214,0,7,0,0.0,2.0,3.0,1.0,B01
201300045215,0,33,0,0.0,2.0,7.0,17.0,A01
201300045215,0,7,0,0.0,2.0,3.0,9.0,B01
201300045216,0,7,0,1.0,0.0,1.0,1.0,A01
201300045217,0,7,0,9.0,2.0,3.0,21.0,A01
201300045217,0,7,0,0.0,2.0,3.0,15.0,B01
201300045218,0,2,0,0.0,2.0,1.0,17.0,A01
201300045218,0,7,0,0.0,2.0,8.0,15.0,B01
201300045219,0,7,0,0.0,2.0,3.0,15.0,A01
201300045219,0,33,0,0.0,2.0,0.0,1.0,B01
201300045220,0,30,0,12.0,0.0,1.0,1.0,A01
201300045221,0,7,0,0.0,2.0,3.0,9.0,A01
201300045221,0,34,0,0.0,2.0,2.0,1.0,B01
201300045222,0,7,0,0.0,1.0,7.0,1.0,A01
201300045223,0,7,0,0.0,1.0,1.0,1.0,A01
201300045224,0,2,0,0.0,0.0,0.0,1.0,A01
201300045224,0,10,0,0.0,0.0,0.0,1.0,B01
201300045225,0,7,0,9.0,0.0,9.0,1.0,A01
201300045226,0,32,0,0.0,0.0,0.0,1.0,A01
201300045226,0,10,0,0.0,0.0,0.0,1.0,B01
201300045227,0,7,0,0.0,2.0,1.0,9.0,A01
201300045227,0,34,0,0.0,2.0,7.0,1.0,B01
201300045228,0,7,0,0.0,2.0,3.0,15.0,A01
201300045228,0,34,0,0.0,2.0,7.0,17.0,B01
201300045229,0,10,0,0.0,2.0,4.0,4.0,A01
201300045229,0,33,0,0.0,2.0,1.0,1.0,B01
201300045230,0,7,0,11.0,2.0,5.0,12.0,A01
201300045230,0,38,10,0.0,2.0,3.0,1.0,B01
201300045231,0,33,0,0.0,2.0,2.0,1.0,B01
201300045232,0,31,0,0.0,2.0,2.0,17.0,A01
201300045232,0,7,0,0.0,2.0,3.0,15.0,B01
201300045233,0,7,0,1.0,2.0,9.0,0.0,A01
201300045233,0,7,0,1.0,2.0,0.0,0.0,B01
201300045234,0,33,0,0.0,2.0,1.0,1.0,A01
201300045234,0,7,0,0.0,2.0,3.0,23.0,B01
201300045235,0,7,0,0.0,2.0,1.0,2.0,A01
201300045235,0,7,0,0.0,2.0,5.0,2.0,B01
201300045235,0,7,0,0.0,2.0,4.0,2.0,C01
201300045236,0,2,0,0.0,2.0,8.0,15.0,A01
201300045236,0,10,0,0.0,2.0,1.0,1.0,B01
201300045237,0,7,0,0.0,1.0,1.0,16.0,A01
201300045238,0,7,0,0.0,2.0,4.0,2.0,B01
201300045238,0,2,0,0.0,2.0,1.0,2.0,A01
201300045239,0,7,0,0.0,2.0,1.0,1.0,B01
201300045239,0,7,0,0.0,2.0,7.0,1.0,A01
201300045240,1,7,0,0.0,2.0,0.0,0.0,Z01
201300045240,0,1,0,0.0,2.0,4.0,1.0,A01
201300045241,0,7,0,0.0,2.0,4.0,23.0,C01
201300045241,0,7,0,0.0,2.0,4.0,23.0,B01
201300045241,0,7,0,0.0,2.0,1.0,1.0,A01
201300045242,0,7,0,0.0,2.0,2.0,1.0,A01
201300045242,0,7,0,0.0,2.0,1.0,21.0,B01
201300045243,0,7,0,0.0,2.0,8.0,15.0,A01
201300045243,0,32,0,0.0,2.0,1.0,12.0,B01
201300045244,0,1,0,0.0,2.0,0.0,15.0,A01
201300045244,0,33,0,0.0,9.0,0.0,21.0,B01
201300045245,0,7,0,0.0,2.0,1.0,19.0,A01
201300045245,0,7,0,0.0,2.0,1.0,1.0,B01
201300045246,0,7,0,0.0,2.0,2.0,1.0,B01
201300045246,0,1,0,0.0,2.0,7.0,0.0,A01
201300045247,0,2,0,1.0,2.0,6.0,1.0,B01
201300045247,0,7,0,0.0,2.0,2.0,9.0,A01
201300045248,0,1,0,0.0,2.0,1.0,1.0,A01
201300045248,0,7,0,0.0,2.0,6.0,1.0,B01
201300045249,0,7,0,0.0,2.0,3.0,23.0,C01
201300045249,0,2,0,0.0,1.0,8.0,21.0,A01
201300045250,0,1,0,0.0,2.0,1.0,1.0,A01
201300045250,0,10,0,0.0,2.0,8.0,1.0,B01
201300045251,0,32,0,0.0,2.0,1.0,1.0,B01
201300045251,0,7,0,0.0,2.0,7.0,14.0,A01
201300045252,0,7,0,0.0,1.0,3.0,1.0,A01
201300045253,0,7,0,8.0,0.0,1.0,0.0,A01
201300045254,0,10,0,0.0,1.0,6.0,4.0,A01
201300045255,0,7,0,0.0,2.0,2.0,13.0,A01
201300045255,0,7,0,1.0,2.0,3.0,1.0,B01
201300045256,0,7,0,0.0,2.0,4.0,2.0,B01
201300045256,0,1,0,0.0,2.0,1.0,2.0,A01
201300045257,0,33,0,0.0,1.0,0.0,1.0,A01
201300045258,0,7,0,0.0,2.0,1.0,2.0,A01
201300045258,0,10,0,0.0,2.0,4.0,23.0,C01
201300045258,0,7,0,0.0,2.0,4.0,2.0,B01
201300045259,0,7,0,0.0,1.0,8.0,1.0,A01
201300045260,0,30,0,0.0,2.0,0.0,0.0,B01
201300045260,0,7,0,0.0,2.0,3.0,11.0,A01
201300045261,0,7,0,0.0,1.0,2.0,1.0,A01
201300045262,0,7,0,0.0,1.0,3.0,1.0,A01
201300045263,0,10,0,0.0,2.0,2.0,2.0,A01
201300045263,0,7,0,0.0,2.0,4.0,2.0,B01
201300045264,0,7,0,0.0,2.0,1.0,1.0,A01
201300045264,0,2,0,0.0,2.0,1.0,1.0,B01
201300045265,0,7,0,0.0,2.0,3.0,0.0,B01
201300045265,0,33,0,0.0,2.0,8.0,1.0,A01
201300045266,0,7,0,14.0,0.0,2.0,1.0,A01
201300045267,0,7,0,0.0,1.0,1.0,15.0,A01
201300045268,1,31,0,0.0,1.0,0.0,0.0,Z01
201300045269,0,7,0,0.0,2.0,6.0,10.0,A01
201300045269,0,31,0,0.0,2.0,7.0,17.0,B01
201300045270,0,10,0,0.0,1.0,5.0,4.0,A01
201300045271,0,7,0,1.0,0.0,9.0,1.0,A01
201300045272,0,7,0,0.0,2.0,3.0,15.0,A01
201300045272,0,1,0,0.0,2.0,8.0,0.0,B01
201300045273,0,7,0,0.0,1.0,3.0,1.0,A01
201300045274,0,1,0,0.0,2.0,8.0,19.0,A01
201300045274,0,7,0,0.0,2.0,2.0,1.0,B01
201300045275,0,7,0,0.0,1.0,2.0,1.0,A01
201300045276,0,7,0,0.0,2.0,3.0,9.0,A01
201300045276,0,1,0,0.0,0.0,0.0,0.0,B01
201300045277,0,7,0,3.0,0.0,1.0,2.0,A01
201300045278,0,7,0,3.0,0.0,1.0,1.0,A01
201300045279,0,7,0,4.0,0.0,1.0,1.0,A01
201300045280,0,7,0,14.0,2.0,4.0,1.0,A01
201300045280,1,7,0,0.0,2.0,1.0,2.0,Z01
201300045281,0,7,0,0.0,0.0,9.0,0.0,A01
201300045282,0,31,0,3.0,0.0,1.0,13.0,A01
201300045283,0,7,0,0.0,2.0,8.0,2.0,B01
201300045283,0,7,0,0.0,2.0,6.0,1.0,A01
201300045283,0,10,0,0.0,2.0,2.0,3.0,C01
201300045284,0,32,0,0.0,2.0,1.0,1.0,B01
201300045284,0,7,0,0.0,2.0,8.0,11.0,A01
201300045285,0,7,0,4.0,0.0,1.0,1.0,A01
201300045286,0,7,0,0.0,2.0,3.0,11.0,C01
201300045286,0,7,0,0.0,2.0,2.0,1.0,B01
201300045286,0,33,0,0.0,2.0,5.0,1.0,A01
201300045287,0,7,0,0.0,2.0,1.0,1.0,B01
201300045287,0,7,0,0.0,2.0,4.0,14.0,A01
201300045288,0,33,0,0.0,2.0,2.0,3.0,A01
201300045288,0,32,0,0.0,2.0,6.0,11.0,B01
201300045289,0,7,0,0.0,2.0,4.0,2.0,B01
201300045289,0,7,0,0.0,2.0,4.0,1.0,A01
201300045289,0,10,0,0.0,2.0,1.0,2.0,C01
201300045290,0,14,0,0.0,0.0,4.0,1.0,A01
201300045290,0,7,0,0.0,0.0,4.0,1.0,B01
201300045290,0,7,0,0.0,2.0,1.0,1.0,C01
201300045291,0,31,0,0.0,2.0,1.0,3.0,B01
201300045291,0,7,0,0.0,2.0,6.0,13.0,A01
201300045292,0,7,0,4.0,0.0,2.0,1.0,A01
201300045293,0,7,0,0.0,2.0,4.0,2.0,A01
201300045293,0,7,0,0.0,2.0,1.0,2.0,B01
201300045294,0,7,0,3.0,0.0,2.0,1.0,A01
201300045294,0,7,0,14.0,0.0,1.0,1.0,B01
201300045294,0,7,0,0.0,2.0,1.0,1.0,C01
201300045295,0,33,0,0.0,0.0,8.0,1.0,B01
201300045295,0,7,0,4.0,0.0,1.0,1.0,C01
201300045295,0,7,0,3.0,0.0,1.0,1.0,A01
201300045296,0,7,0,3.0,0.0,0.0,0.0,A01
201300045297,0,17,0,0.0,2.0,4.0,1.0,A01
201300045297,0,14,0,0.0,2.0,1.0,2.0,B01
201300045298,0,7,0,0.0,2.0,4.0,2.0,A01
201300045298,0,7,0,0.0,2.0,4.0,2.0,B01
201300045298,0,7,0,0.0,2.0,1.0,2.0,C01
201300045299,0,7,0,0.0,2.0,8.0,0.0,A01
201300045299,0,7,0,0.0,0.0,0.0,0.0,B01
201300045300,0,33,0,0.0,0.0,8.0,14.0,A01
201300045301,0,7,0,0.0,2.0,8.0,1.0,A01
201300045301,2,7,0,0.0,2.0,2.0,12.0,B01
201300045302,0,10,0,0.0,2.0,6.0,11.0,A01
201300045302,0,14,0,0.0,2.0,2.0,1.0,B01
201300045302,0,7,0,0.0,2.0,7.0,1.0,C01
201300045303,0,7,0,0.0,2.0,9.0,1.0,A01
201300045303,0,7,0,0.0,2.0,8.0,2.0,C01
201300045303,0,7,0,0.0,2.0,6.0,2.0,B01
201300045304,0,34,0,0.0,2.0,1.0,3.0,B01
201300045304,0,7,0,0.0,2.0,3.0,21.0,A01
201300045305,0,32,0,0.0,0.0,1.0,1.0,B01
201300045305,0,10,0,0.0,0.0,5.0,1.0,A01
201300045306,0,7,0,0.0,9.0,3.0,2.0,C01
201300045306,0,7,0,3.0,2.0,9.0,1.0,A01
201300045306,0,7,0,0.0,2.0,4.0,2.0,B01
201300045307,0,17,0,0.0,2.0,2.0,12.0,A01
201300045307,0,7,0,0.0,0.0,6.0,2.0,B01
201300045308,0,7,0,0.0,2.0,1.0,1.0,B01
201300045308,0,7,0,4.0,2.0,1.0,1.0,A01
201300045309,0,7,0,0.0,2.0,1.0,17.0,A01
201300045309,0,7,0,0.0,2.0,6.0,1.0,B01
201300045310,0,10,0,3.0,0.0,1.0,0.0,A01
201300045311,0,14,0,0.0,0.0,8.0,13.0,A01
201300045311,0,10,0,0.0,0.0,7.0,1.0,B01
201300045312,0,7,0,4.0,2.0,6.0,1.0,A01
201300045312,0,14,0,0.0,2.0,2.0,12.0,B01
201300045312,0,7,0,0.0,2.0,1.0,21.0,C01
201300045313,0,33,0,0.0,0.0,9.0,0.0,A01
201300045314,0,7,0,0.0,2.0,5.0,1.0,A01
201300045314,0,7,0,0.0,2.0,6.0,11.0,B01
201300045314,0,31,0,0.0,2.0,2.0,3.0,C01
201300045315,0,7,0,0.0,2.0,2.0,11.0,B01
201300045315,0,10,0,0.0,2.0,6.0,1.0,A01
201300045316,0,7,0,14.0,2.0,1.0,1.0,A01
201300045316,0,7,0,0.0,2.0,4.0,23.0,B01
201300045317,0,7,0,0.0,2.0,4.0,2.0,A01
201300045317,0,7,0,0.0,2.0,1.0,1.0,B01
201300045318,0,7,0,0.0,2.0,4.0,2.0,C01
201300045318,0,7,0,0.0,2.0,4.0,2.0,A01
201300045318,2,7,0,0.0,2.0,1.0,1.0,E01
201300045318,0,7,0,0.0,2.0,4.0,2.0,B01
201300045318,0,7,0,0.0,2.0,4.0,2.0,D01
201300045319,0,7,0,4.0,0.0,1.0,1.0,A01
201300045320,0,7,0,14.0,2.0,4.0,2.0,A01
201300045320,0,10,0,14.0,2.0,1.0,1.0,B01
201300045321,0,10,0,0.0,2.0,6.0,11.0,A01
201300045321,0,34,0,0.0,2.0,7.0,1.0,B01
201300045322,0,33,0,0.0,0.0,7.0,1.0,A01
201300045323,0,32,0,0.0,2.0,2.0,17.0,B01
201300045323,0,7,0,0.0,2.0,6.0,1.0,A01
201300045324,0,10,0,0.0,2.0,4.0,2.0,A01
201300045324,0,7,0,0.0,2.0,4.0,2.0,B01
201300045324,0,7,0,0.0,2.0,1.0,2.0,C01
201300045325,0,15,0,3.0,2.0,8.0,13.0,A01
201300045325,0,7,0,0.0,2.0,7.0,1.0,B01
201300045325,0,7,0,3.0,2.0,4.0,2.0,C01
201300045325,0,7,0,3.0,2.0,1.0,2.0,D01
201300045326,0,7,0,0.0,2.0,4.0,2.0,A01
201300045326,0,7,0,0.0,2.0,1.0,2.0,B01
201300045326,0,10,0,0.0,2.0,1.0,2.0,C01
201300045326,0,7,0,0.0,2.0,1.0,2.0,D01
201300045327,0,7,0,3.0,2.0,3.0,11.0,A01
201300045327,0,10,0,0.0,2.0,1.0,21.0,B01
201300045328,0,32,0,0.0,0.0,8.0,1.0,A01
201300045329,0,7,0,0.0,2.0,1.0,1.0,A01
201300045329,0,7,0,0.0,2.0,5.0,12.0,B01
201300045330,0,7,0,0.0,0.0,4.0,2.0,A01
201300045330,0,7,0,0.0,2.0,1.0,2.0,B01
201300045331,0,7,0,0.0,0.0,4.0,2.0,A01
201300045331,0,7,0,0.0,2.0,4.0,1.0,B01
201300045331,0,7,0,0.0,2.0,4.0,2.0,C01
201300045331,0,10,0,0.0,2.0,4.0,2.0,D01
201300045331,0,14,0,0.0,2.0,1.0,2.0,E01
201300045332,0,7,0,0.0,0.0,4.0,2.0,B01
201300045332,0,7,0,0.0,0.0,4.0,2.0,A01
201300045332,0,7,0,0.0,0.0,8.0,1.0,C01
201300045332,0,7,0,0.0,2.0,1.0,2.0,D01
201300045333,0,10,0,0.0,2.0,4.0,2.0,A01
201300045333,0,7,0,0.0,2.0,4.0,2.0,B01
201300045333,0,10,0,0.0,2.0,4.0,2.0,C01
201300045333,0,7,0,0.0,2.0,1.0,2.0,D01
201300045334,0,7,0,0.0,0.0,4.0,9.0,A01
201300045334,0,7,0,0.0,2.0,1.0,2.0,B01
201300045334,0,7,0,0.0,0.0,8.0,1.0,C01
201300045334,0,7,0,0.0,0.0,6.0,1.0,D01
201300045335,0,7,0,0.0,2.0,4.0,2.0,B01
201300045335,0,17,0,0.0,2.0,1.0,1.0,A01
201300045336,0,15,0,0.0,2.0,2.0,0.0,A01
201300045336,0,7,0,0.0,2.0,9.0,9.0,B01
201300045337,0,31,0,0.0,0.0,8.0,3.0,A01
201300045338,0,7,0,14.0,0.0,2.0,1.0,A01
201300045338,0,7,0,14.0,0.0,1.0,1.0,B01
201300045338,0,7,0,14.0,0.0,1.0,1.0,C01
201300045338,0,7,0,14.0,0.0,1.0,1.0,D01
201300045338,0,7,0,14.0,0.0,4.0,0.0,F01
201300045338,0,7,0,14.0,0.0,0.0,1.0,E02
201300045338,1,7,0,,2.0,4.0,2.0,G02
201300045339,0,33,0,0.0,2.0,2.0,1.0,B01
201300045339,0,7,0,0.0,2.0,3.0,13.0,A01
201300045340,0,7,0,13.0,0.0,0.0,0.0,A01
201300045341,0,7,0,0.0,2.0,4.0,1.0,B01
201300045341,0,7,0,0.0,2.0,1.0,2.0,A01
201300045342,0,7,0,0.0,1.0,3.0,1.0,A01
201300045343,0,10,0,0.0,2.0,6.0,23.0,B01
201300045343,0,15,0,0.0,2.0,2.0,2.0,A01
201300045344,0,33,0,3.0,0.0,8.0,1.0,A01
201300045345,0,7,0,0.0,2.0,4.0,2.0,B01
201300045345,0,7,0,0.0,2.0,1.0,1.0,C01
201300045345,0,7,0,0.0,2.0,4.0,1.0,A01
201300045346,0,10,0,0.0,2.0,4.0,1.0,A01
201300045346,0,7,0,0.0,2.0,4.0,2.0,B01
201300045346,0,7,0,0.0,2.0,1.0,2.0,C01
201300045347,0,7,0,0.0,2.0,5.0,23.0,B01
201300045347,0,7,0,0.0,2.0,6.0,23.0,A01
201300045347,0,7,0,4.0,2.0,1.0,1.0,C01
201300045348,0,7,0,0.0,2.0,4.0,2.0,B01
201300045348,0,7,0,0.0,2.0,4.0,1.0,A01
201300045348,0,7,0,0.0,2.0,1.0,2.0,C01
201300045349,0,7,0,0.0,2.0,4.0,1.0,A01
201300045349,0,7,0,0.0,2.0,1.0,2.0,B01
201300045350,0,7,0,6.0,0.0,7.0,2.0,A01
201300045351,0,33,0,0.0,2.0,2.0,3.0,B01
201300045351,0,7,0,0.0,2.0,8.0,11.0,A01
201300045352,1,7,0,0.0,2.0,2.0,1.0,C01
201300045352,0,7,0,0.0,2.0,4.0,1.0,A01
201300045352,0,10,0,0.0,2.0,6.0,1.0,B01
201300045353,0,7,0,4.0,2.0,9.0,1.0,B01
201300045353,0,7,0,3.0,2.0,9.0,1.0,A01
201300045354,0,7,0,0.0,0.0,4.0,2.0,A01
201300045354,0,7,0,0.0,2.0,4.0,2.0,B01
201300045354,0,7,0,0.0,2.0,1.0,2.0,C01
201300045355,0,10,0,0.0,2.0,4.0,23.0,A01
201300045355,0,10,0,0.0,2.0,1.0,2.0,B01
201300045356,1,7,0,0.0,1.0,4.0,4.0,Z01
201300045356,0,10,0,0.0,0.0,0.0,24.0,A01
201300045357,0,7,0,3.0,0.0,8.0,1.0,A01
201300045357,1,13,0,,,,,A02
201300045358,0,10,0,0.0,2.0,1.0,1.0,A01
201300045358,0,7,0,0.0,2.0,7.0,19.0,B01
201300045359,0,7,0,0.0,2.0,4.0,2.0,A01
201300045359,0,7,0,0.0,2.0,1.0,2.0,B01
201300045360,0,7,0,1.0,0.0,3.0,2.0,C01
201300045360,0,7,0,1.0,0.0,1.0,2.0,B01
201300045360,0,7,0,0.0,2.0,4.0,23.0,A01
201300045361,0,7,0,0.0,2.0,1.0,2.0,B01
201300045361,0,7,0,0.0,2.0,4.0,1.0,A01
201300045362,0,7,0,4.0,0.0,3.0,13.0,A01
201300045363,0,7,0,4.0,0.0,9.0,1.0,A01
201300045363,0,7,0,0.0,2.0,4.0,1.0,B01
201300045363,0,7,0,0.0,2.0,1.0,2.0,C01
201300045364,0,7,0,0.0,2.0,5.0,12.0,A01
201300045364,0,33,0,0.0,2.0,1.0,3.0,B01
201300045365,0,7,0,4.0,0.0,3.0,13.0,A01
201300045366,0,7,0,0.0,2.0,1.0,2.0,A01
201300045366,0,7,0,0.0,0.0,4.0,2.0,B01
201300045366,0,7,0,0.0,0.0,8.0,2.0,C01
201300045367,0,7,0,0.0,2.0,4.0,23.0,A01
201300045367,0,7,0,0.0,2.0,1.0,1.0,B01
201300045368,0,10,0,4.0,2.0,9.0,14.0,A01
201300045368,0,15,0,0.0,2.0,8.0,1.0,B01
201300045369,0,7,0,0.0,2.0,2.0,12.0,A01
201300045369,0,33,0,0.0,2.0,1.0,3.0,B01
201300045370,0,7,0,0.0,2.0,3.0,2.0,A01
201300045370,0,7,0,0.0,0.0,2.0,2.0,B01
201300045371,0,31,0,0.0,2.0,1.0,3.0,B01
201300045371,0,7,0,0.0,2.0,4.0,1.0,C01
201300045371,0,7,0,0.0,2.0,7.0,12.0,A01
201300045372,0,10,0,0.0,2.0,4.0,1.0,B01
201300045372,0,34,0,0.0,2.0,1.0,21.0,A01
201300045373,0,7,0,0.0,2.0,8.0,1.0,A01
201300045373,0,7,0,0.0,2.0,4.0,12.0,B01
201300045373,0,33,0,0.0,2.0,1.0,0.0,C01
201300045374,0,7,0,0.0,2.0,6.0,0.0,A01
201300045374,0,33,0,0.0,2.0,1.0,0.0,B01
201300045375,0,7,0,0.0,2.0,4.0,1.0,A01
201300045375,0,7,0,0.0,2.0,1.0,2.0,B01
201300045376,0,7,0,6.0,2.0,1.0,11.0,A01
201300045376,0,7,0,0.0,2.0,1.0,1.0,B01
201300045377,0,7,0,15.0,0.0,1.0,1.0,A01
201300045378,0,7,0,0.0,2.0,1.0,2.0,B01
201300045378,0,7,0,0.0,2.0,4.0,1.0,A01
201300045379,0,7,0,4.0,0.0,3.0,2.0,A01
201300045380,0,7,0,0.0,2.0,4.0,2.0,A01
201300045380,0,7,0,0.0,2.0,1.0,2.0,B01
201300045381,0,7,0,0.0,0.0,4.0,11.0,A01
201300045381,0,33,0,0.0,2.0,1.0,3.0,B01
201300045382,0,7,0,2.0,9.0,1.0,1.0,A01
201300045383,0,14,0,0.0,2.0,1.0,2.0,B01
201300045383,0,7,0,0.0,2.0,4.0,1.0,A01
201300045384,0,31,0,0.0,0.0,7.0,1.0,A01
201300045385,0,7,0,0.0,2.0,8.0,19.0,A01
201300045385,0,7,0,0.0,2.0,7.0,1.0,B01
201300045385,0,3,0,0.0,2.0,4.0,1.0,C01
201300045386,0,7,0,0.0,2.0,1.0,12.0,A01
201300045386,0,7,0,0.0,0.0,4.0,1.0,B01
201300045386,0,7,0,0.0,2.0,1.0,1.0,C01
201300045387,0,7,0,0.0,2.0,4.0,1.0,B01
201300045387,0,7,0,0.0,2.0,4.0,1.0,A01
201300045387,0,7,0,0.0,2.0,1.0,2.0,C01
201300045388,0,7,0,4.0,0.0,3.0,1.0,A01
201300045389,0,34,0,0.0,0.0,0.0,1.0,A01
201300045390,0,7,0,0.0,0.0,4.0,2.0,A01
201300045390,0,7,0,0.0,2.0,1.0,1.0,B01
201300045390,0,15,0,0.0,0.0,1.0,1.0,C01
201300045391,0,7,0,0.0,2.0,5.0,12.0,A01
201300045391,0,31,0,0.0,2.0,1.0,1.0,B01
201300045392,0,7,0,0.0,2.0,4.0,1.0,A01
201300045392,0,33,0,0.0,2.0,8.0,3.0,B01
201300045393,0,7,0,0.0,2.0,1.0,2.0,B01
201300045393,0,7,0,0.0,2.0,4.0,1.0,A01
201300045394,0,7,0,0.0,2.0,4.0,2.0,A01
201300045394,1,7,0,0.0,2.0,1.0,2.0,B01
201300045395,0,7,0,0.0,2.0,7.0,1.0,C01
201300045395,0,10,0,0.0,2.0,8.0,11.0,A01
201300045395,0,7,0,0.0,2.0,1.0,11.0,B01
201300045396,0,33,0,0.0,0.0,8.0,1.0,A01
201300045397,0,32,0,0.0,2.0,1.0,2.0,B01
201300045397,0,7,0,0.0,2.0,4.0,1.0,A01
201300045398,0,7,0,0.0,2.0,1.0,1.0,C01
201300045398,0,7,0,4.0,2.0,9.0,13.0,A01
201300045398,0,17,0,0.0,2.0,1.0,1.0,D01
201300045398,0,17,0,0.0,2.0,2.0,1.0,B01
201300045399,0,7,0,0.0,1.0,3.0,0.0,A01
201300045400,0,7,0,0.0,2.0,4.0,11.0,B01
201300045400,0,32,0,0.0,2.0,1.0,3.0,A01
201300045401,0,32,0,0.0,2.0,7.0,1.0,A01
201300045401,0,7,0,0.0,2.0,8.0,21.0,B01
201300045402,0,33,0,0.0,2.0,3.0,1.0,C01
201300045402,0,7,0,0.0,2.0,7.0,1.0,A01
201300045402,0,7,0,0.0,2.0,5.0,1.0,B01
201300045403,0,7,0,0.0,2.0,4.0,1.0,A01
201300045403,0,33,0,0.0,2.0,1.0,2.0,B01
201300045404,0,7,0,0.0,2.0,7.0,14.0,A01
201300045404,0,33,0,0.0,2.0,8.0,18.0,B01
201300045405,0,7,0,3.0,0.0,1.0,1.0,A01
201300045406,0,33,0,0.0,2.0,1.0,2.0,A01
201300045407,0,34,0,0.0,2.0,3.0,3.0,A01
201300045407,0,7,0,0.0,2.0,5.0,12.0,B01
201300045408,0,7,0,0.0,2.0,5.0,12.0,A01
201300045408,0,33,0,0.0,2.0,1.0,3.0,B01
201300045409,0,33,0,0.0,0.0,8.0,21.0,A01
201300045410,0,7,0,0.0,9.0,1.0,1.0,B01
201300045410,0,15,0,0.0,2.0,0.0,1.0,A01
201300045411,0,7,0,3.0,2.0,1.0,9.0,A01
201300045411,0,7,0,0.0,2.0,1.0,1.0,B01
201300045412,0,7,0,0.0,2.0,7.0,12.0,A01
201300045412,0,31,0,0.0,2.0,8.0,3.0,B01
201300045413,0,7,0,3.0,0.0,1.0,13.0,A01
201300045414,0,7,0,0.0,1.0,2.0,1.0,A01
201300045415,0,10,0,16.0,0.0,9.0,21.0,A01
201300045416,0,7,0,0.0,2.0,8.0,13.0,A01
201300045416,0,33,0,0.0,2.0,2.0,21.0,B01
201300045417,0,7,0,0.0,2.0,6.0,1.0,B01
201300045417,0,7,0,0.0,2.0,1.0,14.0,A01
201300045418,0,33,0,0.0,0.0,8.0,1.0,A01
201300045419,0,7,0,0.0,2.0,5.0,12.0,A01
201300045419,1,7,0,0.0,2.0,7.0,1.0,B01
201300045420,1,7,0,0.0,2.0,7.0,14.0,Z01
201300045420,0,7,0,0.0,2.0,8.0,1.0,A01
201300045421,0,7,0,0.0,2.0,2.0,14.0,A01
201300045421,0,7,0,0.0,2.0,3.0,1.0,B01
201300045422,0,7,0,0.0,2.0,7.0,12.0,B01
201300045422,0,33,0,0.0,2.0,8.0,1.0,A01
201300045422,0,7,0,0.0,2.0,8.0,1.0,C01
201300045423,0,7,0,0.0,0.0,4.0,2.0,A01
201300045423,0,7,0,0.0,2.0,4.0,2.0,B01
201300045423,0,7,0,0.0,2.0,1.0,2.0,C01
201300045424,0,7,0,0.0,0.0,5.0,0.0,A01
201300045424,0,33,0,0.0,9.0,1.0,0.0,B01
201300045425,0,7,0,3.0,0.0,1.0,0.0,A01
201300045426,0,34,0,0.0,2.0,2.0,1.0,B01
201300045426,0,7,0,0.0,2.0,3.0,13.0,A01
201300045426,0,33,0,0.0,2.0,3.0,1.0,C01
201300045427,0,7,0,4.0,0.0,1.0,1.0,A01
201300045428,0,7,0,4.0,0.0,3.0,1.0,A01
201300045429,0,7,0,0.0,2.0,5.0,23.0,A01
201300045429,0,33,0,0.0,2.0,4.0,23.0,B01
201300045429,0,10,0,0.0,2.0,1.0,2.0,C01
201300045430,0,7,0,0.0,0.0,3.0,13.0,A01
201300045431,0,7,0,0.0,2.0,7.0,12.0,A01
201300045431,0,33,0,6.0,2.0,8.0,2.0,B01