Num_Acc,senc,catv,occutc,obs,obsm,choc,manv,num_veh
201300045432,0,7,0,0.0,2.0,1.0,2.0,A01
201300045432,0,7,0,0.0,2.0,4.0,2.0,B01
201300045432,0,7,0,0.0,2.0,6.0,1.0,C01
201300045433,0,7,0,0.0,2.0,6.0,1.0,A01
201300045433,0,33,0,0.0,2.0,7.0,3.0,C01
201300045433,0,7,0,0.0,2.0,3.0,1.0,B01
201300045434,0,7,0,0.0,2.0,8.0,11.0,A01
201300045434,0,33,0,0.0,2.0,7.0,1.0,B01
201300045435,0,7,0,0.0,2.0,4.0,1.0,A01
201300045435,0,7,0,0.0,2.0,4.0,1.0,B01
201300045435,0,7,0,0.0,2.0,1.0,2.0,C01
201300045436,2,7,0,0.0,2.0,1.0,2.0,A01
201300045436,0,7,0,0.0,0.0,4.0,2.0,B01
201300045437,0,7,0,0.0,2.0,7.0,12.0,A01
201300045437,0,33,0,0.0,2.0,1.0,3.0,B01
201300045438,0,7,0,4.0,0.0,1.0,21.0,A01
201300045439,0,31,0,0.0,0.0,3.0,1.0,A01
201300045440,0,7,0,4.0,0.0,8.0,1.0,A01
201300045441,0,34,0,4.0,0.0,7.0,1.0,A01
201300045442,2,7,0,0.0,2.0,3.0,2.0,B01
201300045442,0,31,0,0.0,2.0,4.0,1.0,A01
201300045443,0,33,0,0.0,0.0,8.0,3.0,A01
201300045444,0,7,0,0.0,2.0,6.0,12.0,A01
201300045444,0,33,0,0.0,2.0,1.0,3.0,B01
201300045445,0,31,0,0.0,0.0,2.0,1.0,A01
201300045446,0,7,0,0.0,2.0,8.0,11.0,A01
201300045446,0,33,0,0.0,2.0,1.0,3.0,B01
201300045446,0,10,0,0.0,2.0,5.0,1.0,C01
201300045447,0,33,0,0.0,2.0,1.0,1.0,A01
201300045447,0,7,0,0.0,2.0,6.0,1.0,B01
201300045448,0,7,0,0.0,2.0,6.0,11.0,A01
201300045448,0,31,0,0.0,2.0,1.0,3.0,B01
201300045449,0,7,0,0.0,2.0,3.0,1.0,A01
201300045449,0,34,0,0.0,2.0,2.0,3.0,B01
201300045450,0,33,0,0.0,0.0,8.0,1.0,A01
201300045451,0,7,0,0.0,0.0,5.0,12.0,A01
201300045451,0,33,0,0.0,2.0,1.0,3.0,B01
201300045452,0,7,0,14.0,2.0,7.0,12.0,A01
201300045452,0,33,0,14.0,2.0,8.0,2.0,B01
201300045453,0,7,0,14.0,2.0,3.0,11.0,A01
201300045453,0,33,0,14.0,2.0,7.0,1.0,B01
201300045454,0,10,0,4.0,0.0,1.0,1.0,A01
201300045455,0,33,0,0.0,2.0,1.0,2.0,B01
201300045455,0,7,0,0.0,2.0,6.0,1.0,A01
201300045456,0,33,0,0.0,2.0,1.0,1.0,A01
201300045456,0,7,0,0.0,2.0,5.0,2.0,B01
201300045457,0,33,0,0.0,0.0,1.0,2.0,A01
201300045458,0,7,0,0.0,2.0,1.0,1.0,A01
201300045458,0,10,0,0.0,2.0,1.0,13.0,B01
201300045459,0,7,0,0.0,2.0,4.0,2.0,B01
201300045459,0,33,0,0.0,2.0,1.0,2.0,A01
201300045460,0,7,0,0.0,2.0,1.0,2.0,A01
201300045460,0,7,0,0.0,2.0,4.0,1.0,B01
201300045461,0,33,0,0.0,2.0,7.0,1.0,A01
201300045461,1,7,0,0.0,2.0,1.0,11.0,Z01
201300045462,0,7,0,0.0,2.0,6.0,2.0,B01
201300045462,0,7,0,0.0,2.0,4.0,2.0,A01
201300045462,0,7,0,0.0,2.0,2.0,2.0,C01
201300045463,0,7,0,0.0,2.0,8.0,11.0,A01
201300045463,0,33,0,0.0,2.0,1.0,1.0,B01
201300045464,0,33,0,0.0,0.0,7.0,1.0,A01
201300045465,0,10,0,0.0,2.0,3.0,11.0,A01
201300045465,0,33,0,0.0,2.0,7.0,1.0,B01
201300045466,0,7,0,0.0,2.0,2.0,12.0,A01
201300045466,0,33,0,0.0,2.0,8.0,1.0,B01
201300045467,0,7,0,0.0,2.0,4.0,23.0,A01
201300045467,0,7,0,0.0,2.0,1.0,2.0,B01
201300045468,0,33,0,3.0,2.0,7.0,1.0,A01
201300045468,0,7,0,3.0,2.0,8.0,11.0,B01
201300045469,0,7,0,0.0,2.0,5.0,12.0,A01
201300045469,0,32,0,0.0,2.0,1.0,1.0,B01
201300045470,0,7,0,0.0,2.0,7.0,12.0,A01
201300045470,0,34,0,0.0,2.0,8.0,3.0,B01
201300045471,0,33,0,0.0,2.0,1.0,1.0,B01
201300045471,0,7,0,0.0,2.0,4.0,4.0,A01
201300045472,0,7,0,0.0,2.0,5.0,12.0,A01
201300045472,0,32,0,0.0,2.0,3.0,1.0,B01
201300045473,0,31,0,0.0,0.0,8.0,1.0,A01
201300045474,0,33,0,0.0,0.0,0.0,2.0,A01
201300045475,0,7,0,0.0,2.0,4.0,1.0,A01
201300045475,0,7,0,0.0,2.0,6.0,2.0,B01
201300045475,0,10,0,0.0,2.0,2.0,2.0,C01
201300045476,0,33,0,0.0,2.0,1.0,3.0,A01
201300045476,0,7,0,0.0,0.0,2.0,12.0,B01
201300045476,0,7,0,0.0,0.0,6.0,23.0,C01
201300045477,0,34,0,0.0,2.0,4.0,3.0,A01
201300045477,0,33,0,0.0,2.0,1.0,3.0,B01
201300045478,0,7,0,0.0,0.0,4.0,2.0,A01
201300045478,0,7,0,0.0,2.0,1.0,2.0,B01
201300045479,0,7,0,0.0,2.0,2.0,12.0,A01
201300045479,0,33,0,0.0,2.0,3.0,3.0,B01
201300045480,0,33,0,0.0,0.0,3.0,3.0,A01
201300045481,0,7,0,0.0,0.0,6.0,11.0,A01
201300045481,0,33,0,0.0,0.0,1.0,3.0,B01
201300045482,0,7,0,0.0,0.0,4.0,1.0,A01
201300045482,0,33,0,0.0,2.0,1.0,3.0,B01
201300045483,0,7,0,0.0,0.0,6.0,1.0,A01
201300045483,0,7,0,0.0,2.0,2.0,14.0,B01
201300045484,0,7,0,0.0,2.0,5.0,11.0,A01
201300045484,0,33,0,0.0,2.0,1.0,3.0,B01
201300045485,0,10,0,0.0,2.0,4.0,2.0,A01
201300045485,0,7,0,0.0,2.0,1.0,2.0,B01
201300045485,0,7,0,0.0,2.0,1.0,2.0,C01
201300045486,0,33,0,0.0,0.0,2.0,2.0,A01
201300045486,0,7,0,0.0,0.0,5.0,9.0,B01
201300045487,0,7,0,0.0,2.0,8.0,11.0,A01
201300045487,0,33,0,0.0,2.0,7.0,1.0,B01
201300045488,0,7,0,0.0,1.0,1.0,1.0,A01
201300045489,0,7,0,0.0,0.0,9.0,0.0,A01
201300045490,0,10,0,0.0,2.0,1.0,2.0,B01
201300045490,0,7,0,0.0,2.0,4.0,1.0,A01
201300045491,0,7,0,0.0,2.0,7.0,12.0,A01
201300045491,0,34,0,0.0,2.0,8.0,3.0,B01
201300045492,0,7,0,0.0,0.0,5.0,2.0,A01
201300045492,0,7,0,4.0,2.0,1.0,13.0,B01
201300045493,0,33,0,0.0,2.0,7.0,3.0,B01
201300045493,0,7,0,0.0,2.0,8.0,1.0,A01
201300045494,0,7,0,0.0,2.0,1.0,2.0,A01
201300045494,0,7,0,0.0,0.0,4.0,1.0,B01
201300045494,0,7,0,0.0,0.0,0.0,1.0,C01
201300045495,0,31,0,0.0,2.0,6.0,1.0,B01
201300045495,0,10,0,0.0,2.0,1.0,12.0,A01
201300045496,0,7,0,3.0,0.0,8.0,0.0,A01
201300045497,0,33,0,0.0,2.0,1.0,2.0,B01
201300045497,0,7,0,0.0,2.0,6.0,1.0,A01
201300045497,0,7,0,0.0,2.0,1.0,1.0,C01
201300045498,0,7,0,1.0,1.0,2.0,12.0,B01
201300045499,0,33,0,0.0,2.0,1.0,3.0,B01
201300045499,0,7,0,0.0,2.0,4.0,1.0,A01
201300045500,0,7,0,0.0,2.0,6.0,1.0,A01
201300045500,0,33,0,0.0,2.0,8.0,3.0,B01
201300045500,0,7,0,0.0,2.0,7.0,12.0,C01
201300045501,0,7,0,0.0,0.0,4.0,1.0,A01
201300045501,0,7,0,0.0,0.0,1.0,14.0,B01
201300045502,0,7,0,4.0,0.0,3.0,1.0,A01
201300045503,0,33,0,0.0,2.0,1.0,3.0,B01
201300045503,0,7,0,0.0,2.0,4.0,12.0,A01
201300045504,0,7,0,0.0,2.0,4.0,1.0,B01
201300045504,0,33,0,0.0,2.0,8.0,3.0,A01
201300045504,0,7,0,0.0,2.0,2.0,12.0,C01
201300045505,0,7,0,0.0,0.0,6.0,1.0,A01
201300045505,0,7,0,1.0,2.0,2.0,13.0,B01
201300045505,0,7,0,1.0,2.0,1.0,1.0,C01
201300045505,0,7,0,0.0,2.0,3.0,1.0,D01
201300045505,0,33,0,0.0,2.0,9.0,1.0,E01
201300045506,0,14,0,0.0,2.0,9.0,2.0,D01
201300045506,0,7,0,0.0,2.0,1.0,2.0,E01
201300045506,0,7,0,0.0,2.0,9.0,2.0,B01
201300045506,0,14,0,0.0,2.0,9.0,2.0,C01
201300045506,0,16,0,0.0,2.0,4.0,1.0,A01
201300045507,0,7,0,0.0,0.0,4.0,0.0,A01
201300045507,0,17,0,0.0,2.0,2.0,2.0,B01
201300045507,0,17,0,0.0,2.0,2.0,2.0,C01
201300045508,0,10,0,0.0,2.0,8.0,11.0,B01
201300045508,0,33,0,0.0,2.0,7.0,1.0,A01
201300045509,0,10,0,0.0,2.0,4.0,1.0,A01
201300045509,0,31,0,0.0,2.0,1.0,2.0,B01
201300045510,0,7,0,0.0,2.0,4.0,2.0,A01
201300045510,0,7,0,0.0,2.0,4.0,2.0,B01
201300045510,0,7,0,0.0,2.0,1.0,2.0,C01
201300045511,0,32,0,0.0,2.0,2.0,1.0,B01
201300045511,0,7,0,0.0,2.0,3.0,11.0,A01
201300045512,0,7,0,0.0,2.0,1.0,12.0,A01
201300045512,0,7,0,0.0,2.0,4.0,2.0,C01
201300045512,0,7,0,0.0,2.0,9.0,1.0,B01
201300045513,0,7,0,0.0,0.0,7.0,2.0,A01
201300045513,0,7,0,0.0,0.0,8.0,18.0,B01
201300045514,0,7,0,0.0,2.0,4.0,12.0,A01
201300045514,0,33,0,0.0,2.0,1.0,3.0,B01
201300045515,0,13,0,0.0,2.0,2.0,12.0,A01
201300045515,0,7,0,0.0,2.0,2.0,1.0,C01
201300045515,0,7,0,4.0,2.0,6.0,1.0,B01
201300045516,0,33,0,5.0,0.0,1.0,21.0,A01
201300045517,0,7,0,0.0,2.0,4.0,1.0,A01
201300045517,0,17,0,0.0,2.0,1.0,2.0,B01
201300045518,0,33,0,0.0,0.0,7.0,21.0,A01
201300045519,0,7,0,0.0,2.0,8.0,1.0,A01
201300045519,0,34,0,0.0,2.0,7.0,3.0,B01
201300045520,0,7,0,0.0,2.0,4.0,1.0,A01
201300045520,0,7,0,0.0,2.0,1.0,2.0,D01
201300045520,0,7,0,0.0,2.0,9.0,2.0,C01
201300045520,0,7,0,0.0,2.0,9.0,2.0,B01
201300045521,0,33,0,0.0,2.0,8.0,3.0,A01
201300045521,0,7,0,0.0,2.0,7.0,12.0,B01
201300045521,0,7,0,0.0,0.0,4.0,1.0,C01
201300045522,0,7,0,0.0,2.0,1.0,1.0,A01
201300045522,0,7,0,0.0,2.0,4.0,1.0,B01
201300045523,0,33,0,0.0,2.0,1.0,3.0,A01
201300045523,0,7,0,0.0,2.0,5.0,1.0,B01
201300045523,0,7,0,0.0,2.0,6.0,13.0,C01
201300045524,0,10,0,16.0,0.0,9.0,14.0,A01
201300045525,0,15,0,0.0,2.0,2.0,12.0,A01
201300045525,0,7,0,0.0,2.0,3.0,1.0,B01
201300045526,0,7,0,14.0,2.0,2.0,12.0,A01
201300045526,0,34,0,14.0,2.0,8.0,3.0,B01
201300045527,0,7,0,0.0,2.0,1.0,2.0,B01
201300045527,0,7,0,0.0,2.0,4.0,1.0,A01
201300045528,0,33,0,0.0,2.0,1.0,3.0,B01
201300045528,0,7,0,0.0,0.0,5.0,1.0,A01
201300045529,0,7,0,0.0,2.0,2.0,12.0,A01
201300045529,0,31,0,0.0,2.0,3.0,3.0,B01
201300045530,0,7,0,0.0,2.0,6.0,9.0,A01
201300045530,0,15,0,0.0,2.0,2.0,1.0,B01
201300045531,0,7,0,0.0,2.0,4.0,1.0,A01
201300045531,0,7,0,0.0,2.0,1.0,2.0,B01
201300045532,0,33,0,0.0,0.0,8.0,3.0,A01
201300045533,0,7,0,3.0,0.0,3.0,1.0,A01
201300045534,0,7,0,0.0,2.0,7.0,1.0,A01
201300045534,0,7,0,0.0,2.0,1.0,0.0,B01
201300045535,0,7,0,0.0,2.0,6.0,1.0,A01
201300045535,1,7,0,0.0,2.0,2.0,12.0,Z01
201300045535,0,31,0,0.0,2.0,8.0,1.0,B01
201300045536,0,7,0,0.0,2.0,4.0,1.0,C01
201300045536,0,32,0,0.0,2.0,1.0,3.0,B01
201300045536,0,38,1,0.0,2.0,5.0,1.0,A01
201300045537,0,7,0,0.0,2.0,3.0,1.0,B01
201300045537,0,7,0,0.0,2.0,7.0,12.0,C01
201300045537,0,7,0,0.0,2.0,6.0,1.0,A01
201300045538,0,7,0,0.0,2.0,4.0,1.0,B01
201300045538,0,7,0,0.0,2.0,1.0,2.0,A01
201300045539,0,7,0,0.0,2.0,1.0,21.0,B01
201300045539,0,7,0,0.0,2.0,4.0,21.0,C01
201300045539,0,10,0,4.0,0.0,3.0,1.0,A01
201300045540,0,7,0,4.0,0.0,1.0,12.0,A01
201300045541,0,31,0,0.0,2.0,8.0,3.0,A01
201300045541,0,7,0,0.0,2.0,6.0,1.0,B01
201300045542,0,15,0,1.0,2.0,6.0,23.0,A01
201300045542,0,10,0,15.0,2.0,2.0,1.0,B01
201300045543,0,7,0,0.0,2.0,4.0,1.0,A01
201300045543,0,7,0,0.0,2.0,9.0,2.0,B01
201300045543,0,10,0,0.0,2.0,1.0,2.0,C01
201300045544,0,7,0,0.0,0.0,9.0,1.0,A01
201300045545,0,7,0,13.0,0.0,7.0,1.0,A01
201300045546,0,32,0,0.0,0.0,7.0,1.0,A01
201300045547,0,32,0,0.0,0.0,8.0,1.0,A01
201300045548,0,7,0,0.0,2.0,4.0,9.0,B01
201300045548,0,17,0,0.0,2.0,4.0,1.0,C01
201300045548,0,7,0,0.0,2.0,5.0,1.0,E01
201300045548,0,17,0,0.0,2.0,3.0,21.0,F01
201300045548,0,7,0,0.0,2.0,8.0,1.0,G01
201300045548,0,7,0,0.0,2.0,4.0,23.0,A02
201300045548,0,15,0,0.0,2.0,1.0,1.0,D02
201300045549,0,7,0,14.0,2.0,1.0,2.0,C01
201300045549,0,10,0,14.0,2.0,4.0,2.0,A01
201300045549,0,7,0,14.0,2.0,9.0,2.0,B01
201300045550,0,7,0,0.0,2.0,2.0,12.0,A01
201300045550,0,33,0,0.0,2.0,8.0,1.0,B01
201300045551,0,7,0,0.0,2.0,5.0,12.0,B01
201300045551,0,33,0,0.0,2.0,8.0,1.0,A01
201300045552,0,31,0,0.0,0.0,7.0,3.0,A01
201300045553,0,33,0,0.0,2.0,8.0,1.0,A01
201300045553,1,7,0,0.0,2.0,7.0,12.0,Z01
201300045554,0,33,0,0.0,0.0,0.0,2.0,A01
201300045555,0,31,0,0.0,0.0,0.0,1.0,A01
201300045556,0,33,0,0.0,2.0,2.0,9.0,A01
201300045557,0,7,0,0.0,2.0,2.0,21.0,B01
201300045557,0,10,0,0.0,2.0,4.0,23.0,A01
201300045558,0,7,0,0.0,2.0,5.0,12.0,A01
201300045558,0,7,0,0.0,2.0,1.0,1.0,C01
201300045558,0,33,0,0.0,2.0,3.0,1.0,B01
201300045559,0,7,0,0.0,2.0,3.0,11.0,A01
201300045559,0,7,0,0.0,2.0,8.0,1.0,C01
201300045559,0,7,0,0.0,2.0,7.0,1.0,B01
201300045560,0,15,0,0.0,2.0,2.0,1.0,A01
201300045560,0,7,0,9.0,2.0,6.0,23.0,B01
201300045561,0,7,0,0.0,2.0,4.0,21.0,A01
201300045561,0,10,0,0.0,2.0,1.0,1.0,B01
201300045562,0,33,0,0.0,2.0,3.0,3.0,B01
201300045562,0,10,0,0.0,2.0,5.0,1.0,A01
201300045563,0,7,0,0.0,2.0,7.0,12.0,A01
201300045563,0,33,0,0.0,2.0,1.0,3.0,B01
201300045564,0,33,0,0.0,2.0,1.0,3.0,B01
201300045564,0,7,0,0.0,2.0,4.0,11.0,A01
201300045565,0,33,0,0.0,0.0,1.0,2.0,A01
201300045565,0,33,0,0.0,0.0,5.0,12.0,B01
201300045566,0,34,0,13.0,0.0,1.0,1.0,A01
201300045567,0,7,0,0.0,2.0,0.0,17.0,A01
201300045567,0,7,0,0.0,2.0,8.0,1.0,B01
201300045568,0,7,0,4.0,0.0,1.0,1.0,A01
201300045569,0,7,0,0.0,2.0,0.0,0.0,A01
201300045569,0,7,0,0.0,2.0,0.0,0.0,B01
201300045569,0,7,0,0.0,2.0,0.0,0.0,C01
201300045569,2,7,0,0.0,2.0,0.0,0.0,D01
201300045570,0,7,0,0.0,2.0,1.0,21.0,A01
201300045570,0,7,0,0.0,0.0,0.0,13.0,B01
201300045570,1,7,0,0.0,2.0,4.0,21.0,Z01
201300045571,0,33,0,0.0,0.0,7.0,1.0,A01
201300045572,0,7,0,0.0,2.0,4.0,12.0,A01
201300045572,0,33,0,0.0,2.0,1.0,3.0,B01
201300045573,0,31,0,0.0,0.0,7.0,1.0,A01
201300045574,0,7,0,0.0,2.0,1.0,2.0,B01
201300045574,0,7,0,0.0,2.0,4.0,2.0,A01
201300045575,0,33,0,0.0,2.0,1.0,21.0,B01
201300045575,0,7,0,0.0,2.0,4.0,1.0,A01
201300045576,0,7,0,0.0,2.0,4.0,1.0,A01
201300045576,0,33,0,0.0,2.0,1.0,14.0,B01
201300045577,0,33,0,0.0,0.0,7.0,3.0,A01
201300045578,0,7,0,0.0,2.0,9.0,2.0,C01
201300045578,0,7,0,0.0,2.0,1.0,2.0,A01
201300045578,0,7,0,0.0,2.0,9.0,2.0,B01
201300045578,0,7,0,0.0,2.0,4.0,1.0,D01
201300045579,0,13,0,0.0,2.0,1.0,1.0,D01
201300045579,0,7,0,0.0,2.0,4.0,12.0,A01
201300045579,0,10,0,0.0,2.0,1.0,1.0,C01
201300045579,0,7,0,0.0,2.0,1.0,1.0,B01
201300045580,0,7,0,0.0,2.0,1.0,1.0,A01
201300045580,0,7,0,6.0,2.0,4.0,1.0,B01
201300045581,0,7,0,2.0,0.0,4.0,0.0,A01
201300045582,0,7,0,0.0,2.0,4.0,23.0,A01
201300045582,0,10,0,0.0,2.0,1.0,21.0,B01
201300045583,0,7,0,13.0,0.0,9.0,21.0,A01
201300045584,0,7,0,14.0,9.0,1.0,1.0,A01
201300045584,0,7,0,14.0,0.0,2.0,1.0,B01
201300045585,0,7,0,0.0,2.0,6.0,9.0,A01
201300045585,0,14,0,0.0,2.0,2.0,1.0,B01
201300045586,0,7,0,0.0,9.0,1.0,1.0,A01
201300045586,0,3,0,0.0,0.0,4.0,0.0,B01
201300045586,0,33,0,0.0,2.0,1.0,0.0,C01
201300045587,0,7,0,0.0,0.0,3.0,11.0,A01
201300045587,0,33,0,0.0,0.0,7.0,3.0,B01
201300045588,0,15,0,0.0,2.0,2.0,12.0,A01
201300045588,0,7,0,0.0,2.0,6.0,1.0,B01
201300045589,0,7,0,4.0,2.0,8.0,13.0,A01
201300045589,0,10,0,0.0,2.0,7.0,23.0,C01
201300045589,0,7,0,0.0,2.0,7.0,1.0,B01
201300045590,0,7,0,0.0,2.0,5.0,1.0,A01
201300045590,0,7,0,0.0,2.0,3.0,13.0,B01
201300045591,0,7,0,0.0,0.0,4.0,2.0,C01
201300045591,0,7,0,0.0,2.0,4.0,2.0,B01
201300045591,0,10,0,0.0,2.0,1.0,2.0,A01
201300045592,0,7,0,3.0,0.0,2.0,1.0,A01
201300045593,0,7,0,0.0,2.0,4.0,1.0,E01
201300045593,0,7,0,0.0,2.0,2.0,23.0,A01
201300045593,0,33,0,0.0,2.0,1.0,3.0,C01
201300045593,0,7,0,0.0,0.0,0.0,11.0,B01
201300045593,0,15,0,0.0,2.0,8.0,1.0,D01
201300045594,0,7,0,0.0,2.0,1.0,2.0,A01
201300045594,0,7,0,0.0,2.0,4.0,23.0,B01
201300045594,0,7,0,0.0,2.0,4.0,23.0,C01
201300045595,0,34,0,0.0,2.0,1.0,1.0,A01
201300045595,0,7,0,0.0,2.0,5.0,11.0,B01
201300045596,0,10,0,0.0,0.0,4.0,2.0,A01
201300045596,0,10,0,0.0,2.0,1.0,2.0,B01
201300045597,0,33,0,0.0,2.0,3.0,18.0,A01
201300045597,0,7,0,0.0,2.0,2.0,1.0,B01
201300045598,0,7,0,0.0,2.0,4.0,1.0,A01
201300045598,0,15,0,0.0,2.0,2.0,1.0,B01
201300045598,1,15,0,0.0,2.0,1.0,1.0,Z01
201300045599,0,33,0,0.0,2.0,1.0,21.0,A01
201300045599,0,7,0,0.0,2.0,5.0,23.0,B01
201300045599,1,7,0,0.0,2.0,1.0,1.0,Z01
201300045600,0,7,0,0.0,2.0,2.0,12.0,A01
201300045600,0,33,0,0.0,2.0,1.0,3.0,B01
201300045601,0,7,0,0.0,2.0,8.0,2.0,B01
201300045601,0,7,0,5.0,0.0,3.0,13.0,A01
201300045602,0,7,0,0.0,0.0,1.0,14.0,B01
201300045602,0,7,0,0.0,0.0,4.0,2.0,A01
201300045602,0,7,0,0.0,0.0,1.0,2.0,C01
201300045602,0,7,0,0.0,0.0,1.0,2.0,D01
201300045603,0,33,0,0.0,2.0,2.0,1.0,A01
201300045603,1,7,0,0.0,2.0,6.0,11.0,Z01
201300045604,0,7,0,4.0,0.0,9.0,0.0,A01
201300045605,0,7,0,0.0,2.0,4.0,2.0,C01
201300045605,0,7,0,0.0,0.0,0.0,2.0,T01
201300045605,0,33,0,1.0,2.0,1.0,2.0,A01
201300045605,0,7,0,0.0,2.0,4.0,2.0,B01
201300045606,0,31,0,14.0,0.0,1.0,1.0,A01
201300045607,0,33,0,0.0,2.0,6.0,1.0,A01
201300045607,0,33,0,0.0,2.0,2.0,21.0,B01
201300045608,0,15,0,0.0,2.0,7.0,12.0,A01
201300045608,0,7,0,0.0,2.0,9.0,1.0,B01
201300045609,0,7,0,0.0,0.0,8.0,11.0,A01
201300045609,0,33,0,0.0,0.0,1.0,3.0,B01
201300045610,1,7,0,0.0,2.0,2.0,0.0,Z01
201300045610,0,7,0,0.0,9.0,5.0,1.0,A01
201300045611,0,7,0,0.0,0.0,4.0,2.0,A01
201300045611,0,7,0,0.0,2.0,9.0,2.0,B01
201300045611,0,7,0,0.0,2.0,1.0,2.0,C01
201300045612,0,7,0,3.0,0.0,0.0,1.0,A01
201300045613,0,7,0,0.0,2.0,8.0,18.0,A01
201300045613,0,31,0,0.0,2.0,8.0,1.0,B01
201300045614,0,33,0,0.0,0.0,0.0,1.0,A01
201300045615,0,33,0,0.0,2.0,1.0,3.0,A01
201300045615,0,7,0,0.0,2.0,5.0,1.0,B01
201300045616,0,7,0,0.0,0.0,4.0,2.0,A01
201300045616,0,7,0,0.0,0.0,1.0,2.0,B01
201300045617,0,7,0,4.0,0.0,3.0,1.0,A01
201300045618,0,7,0,0.0,0.0,3.0,2.0,A01
201300045618,0,7,0,0.0,0.0,1.0,14.0,B01
201300045618,0,7,0,0.0,0.0,4.0,2.0,C01
201300045618,0,7,0,0.0,2.0,1.0,2.0,D01
201300045619,0,15,0,0.0,2.0,1.0,1.0,A01
201300045619,0,7,0,0.0,2.0,6.0,11.0,B01
201300045620,0,7,0,0.0,2.0,1.0,2.0,A01
201300045620,0,7,0,0.0,2.0,4.0,2.0,B01
201300045620,0,7,0,0.0,2.0,4.0,2.0,C01
201300045620,0,7,0,0.0,2.0,4.0,2.0,D01
201300045621,0,7,0,0.0,2.0,2.0,1.0,A01
201300045621,0,7,0,0.0,2.0,4.0,21.0,B01
201300045621,0,7,0,0.0,2.0,8.0,1.0,C01
201300045622,0,7,0,0.0,2.0,3.0,13.0,A01
201300045622,0,7,0,0.0,2.0,2.0,1.0,B01
201300045623,0,7,0,4.0,0.0,3.0,1.0,A01
201300045624,0,7,0,0.0,2.0,4.0,2.0,A01
201300045624,0,7,0,0.0,2.0,4.0,2.0,B01
201300045624,0,7,0,0.0,2.0,1.0,2.0,C01
201300045625,0,10,0,0.0,2.0,8.0,11.0,A01
201300045625,0,33,0,0.0,2.0,7.0,1.0,B01
201300045626,0,7,0,0.0,2.0,1.0,2.0,A01
201300045626,1,13,0,0.0,2.0,4.0,1.0,Z01
201300045627,0,7,0,0.0,0.0,9.0,9.0,A01
201300045627,0,7,0,0.0,2.0,9.0,1.0,C01
201300045627,0,17,0,0.0,2.0,2.0,1.0,B01
201300045628,0,33,0,0.0,2.0,8.0,3.0,A01
201300045628,0,7,0,0.0,2.0,2.0,12.0,B01
201300045629,0,33,0,0.0,0.0,0.0,1.0,A01
201300045630,0,33,0,0.0,2.0,1.0,3.0,A01
201300045630,0,7,0,0.0,2.0,5.0,1.0,B01
201300045630,0,7,0,0.0,0.0,0.0,11.0,C01
201300045630,0,7,0,0.0,2.0,6.0,1.0,D01
201300045631,0,7,0,0.0,2.0,1.0,2.0,A01
201300045631,0,7,0,0.0,2.0,4.0,23.0,B01
201300045632,0,7,0,0.0,2.0,7.0,21.0,A01
201300045632,0,7,0,0.0,2.0,8.0,1.0,B01
201300045633,0,7,0,0.0,2.0,1.0,2.0,A01
201300045633,0,7,0,0.0,2.0,4.0,2.0,B01
201300045634,0,7,0,0.0,2.0,7.0,19.0,A01
201300045634,0,14,0,0.0,2.0,5.0,2.0,C01
201300045634,1,7,0,0.0,2.0,1.0,2.0,B01
201300045635,0,7,0,0.0,2.0,4.0,23.0,A01
201300045635,0,7,0,0.0,2.0,9.0,23.0,B01
201300045635,0,7,0,0.0,2.0,1.0,2.0,C01
201300045636,0,7,0,0.0,2.0,4.0,3.0,A01
201300045636,0,7,0,0.0,2.0,1.0,2.0,B01
201300045637,0,7,0,4.0,0.0,3.0,2.0,A01
201300045638,0,7,0,0.0,2.0,4.0,1.0,A01
201300045638,0,7,0,0.0,2.0,4.0,2.0,B01
201300045638,0,7,0,0.0,2.0,1.0,2.0,C01
201300045639,0,7,0,0.0,2.0,4.0,1.0,A01
201300045639,0,7,0,0.0,2.0,1.0,2.0,B01
201300045640,0,32,0,0.0,2.0,8.0,3.0,A01
201300045640,0,7,0,0.0,2.0,7.0,23.0,B01
201300045641,0,32,0,0.0,2.0,9.0,3.0,A01
201300045641,0,7,0,0.0,2.0,8.0,11.0,B01
201300045642,0,10,0,0.0,2.0,4.0,12.0,A01
201300045642,0,33,0,0.0,2.0,1.0,3.0,B01
201300045643,0,15,0,0.0,2.0,2.0,1.0,A01
201300045643,0,7,0,0.0,2.0,8.0,11.0,B01
201300045644,0,33,0,0.0,2.0,8.0,3.0,A01
201300045644,0,10,0,0.0,2.0,7.0,12.0,B01
201300045645,0,33,0,0.0,0.0,1.0,3.0,A01
201300045645,0,7,0,0.0,0.0,6.0,11.0,B01
201300045646,0,7,0,0.0,2.0,1.0,2.0,A01
201300045646,0,7,0,0.0,0.0,4.0,2.0,B01
201300045647,1,7,0,0.0,2.0,3.0,9.0,Z01
201300045647,0,7,0,4.0,2.0,5.0,1.0,A01
201300045647,0,7,0,0.0,2.0,2.0,1.0,B01
201300045648,0,7,0,0.0,2.0,1.0,2.0,A01
201300045648,0,7,0,0.0,2.0,4.0,23.0,B01
201300045649,0,7,0,4.0,0.0,3.0,1.0,A01
201300045649,0,7,0,0.0,2.0,1.0,21.0,D01
201300045649,0,7,0,0.0,2.0,1.0,0.0,C01
201300045649,0,7,0,0.0,2.0,1.0,21.0,B01
201300045650,0,7,0,4.0,0.0,3.0,1.0,A01