Num_Acc,senc,catv,occutc,obs,obsm,choc,manv,num_veh
201300045651,0,10,0,4.0,0.0,9.0,1.0,A01
201300045652,0,31,0,0.0,0.0,7.0,1.0,A01
201300045653,0,7,0,0.0,2.0,1.0,9.0,A01
201300045653,0,7,0,0.0,2.0,7.0,1.0,B01
201300045654,0,7,0,0.0,2.0,1.0,11.0,C01
201300045654,0,7,0,0.0,2.0,4.0,23.0,B01
201300045654,0,7,0,0.0,2.0,4.0,23.0,A01
201300045655,0,7,0,0.0,2.0,1.0,1.0,A01
201300045655,0,7,0,0.0,2.0,7.0,23.0,B01
201300045656,0,33,0,0.0,0.0,8.0,3.0,A01
201300045657,0,10,0,0.0,2.0,5.0,1.0,A01
201300045657,0,31,0,0.0,2.0,3.0,3.0,B01
201300045658,0,7,0,4.0,0.0,1.0,1.0,A01
201300045659,0,31,0,0.0,0.0,8.0,1.0,A01
201300045660,0,7,0,3.0,2.0,3.0,12.0,B01
201300045660,0,7,0,0.0,0.0,7.0,2.0,A01
201300045661,0,7,0,0.0,2.0,5.0,1.0,A01
201300045661,0,7,0,0.0,2.0,8.0,12.0,B01
201300045661,0,32,0,0.0,2.0,2.0,3.0,C01
201300045662,0,10,0,0.0,2.0,3.0,9.0,A01
201300045662,0,15,0,0.0,2.0,2.0,1.0,B01
201300045663,0,7,0,4.0,0.0,1.0,0.0,A01
201300045663,0,7,0,0.0,2.0,4.0,21.0,B01
201300045663,0,7,0,0.0,2.0,1.0,21.0,C01
201300045664,0,7,0,0.0,2.0,1.0,2.0,C01
201300045664,0,7,0,0.0,0.0,4.0,2.0,B01
201300045664,0,7,0,0.0,0.0,4.0,2.0,A01
201300045665,0,7,0,3.0,0.0,8.0,6.0,A01
201300045665,0,7,0,3.0,0.0,1.0,1.0,B01
201300045665,0,7,0,3.0,0.0,8.0,1.0,C01
201300045666,0,7,0,0.0,2.0,4.0,1.0,A01
201300045666,1,7,0,0.0,2.0,1.0,2.0,Z01
201300045667,0,7,0,0.0,0.0,4.0,1.0,A01
201300045667,1,7,0,0.0,2.0,1.0,2.0,B01
201300045668,0,7,0,0.0,2.0,7.0,12.0,B01
201300045668,0,33,0,0.0,2.0,1.0,1.0,A01
201300045669,0,31,0,0.0,0.0,0.0,3.0,A01
201300045670,0,33,0,3.0,0.0,1.0,2.0,A01
201300045671,0,7,0,0.0,2.0,4.0,1.0,A01
201300045671,0,10,0,0.0,2.0,1.0,2.0,C01
201300045671,1,7,0,0.0,2.0,9.0,2.0,Z01
201300045672,0,33,0,0.0,0.0,7.0,1.0,A01
201300045673,0,7,0,0.0,2.0,0.0,1.0,B01
201300045673,0,33,0,0.0,2.0,0.0,11.0,A01
201300045674,0,7,0,0.0,2.0,4.0,2.0,B01
201300045674,0,7,0,0.0,2.0,0.0,2.0,C01
201300045674,0,7,0,0.0,2.0,1.0,2.0,A01
201300045674,0,10,0,0.0,2.0,0.0,2.0,D01
201300045675,0,17,0,0.0,2.0,3.0,21.0,B01
201300045675,0,17,0,0.0,2.0,4.0,2.0,A01
201300045676,0,7,0,0.0,2.0,4.0,1.0,A01
201300045676,0,7,0,0.0,2.0,1.0,2.0,B01
201300045677,0,7,0,0.0,2.0,8.0,1.0,A01
201300045677,0,17,0,0.0,2.0,8.0,1.0,B01
201300045678,0,7,0,0.0,0.0,5.0,12.0,A01
201300045678,0,31,0,0.0,2.0,1.0,3.0,B01
201300045679,0,7,0,0.0,2.0,4.0,1.0,A01
201300045679,0,7,0,0.0,2.0,9.0,2.0,B01
201300045679,0,7,0,0.0,2.0,1.0,2.0,C01
201300045680,0,7,0,0.0,0.0,4.0,2.0,A01
201300045680,0,7,0,0.0,0.0,1.0,1.0,C01
201300045680,0,7,0,0.0,0.0,4.0,2.0,B01
201300045681,0,31,0,0.0,0.0,7.0,1.0,A01
201300045681,0,7,0,0.0,0.0,0.0,11.0,B01
201300045682,0,7,0,0.0,2.0,4.0,1.0,A01
201300045682,1,15,0,0.0,2.0,1.0,2.0,Z01
201300045683,0,7,0,0.0,2.0,1.0,2.0,B01
201300045683,0,15,0,0.0,0.0,4.0,1.0,A01
201300045684,0,7,0,0.0,2.0,6.0,11.0,A01
201300045684,0,33,0,0.0,2.0,1.0,17.0,B01
201300045685,0,7,0,0.0,2.0,7.0,12.0,A01
201300045685,0,33,0,0.0,2.0,8.0,1.0,B01
201300045685,0,7,0,0.0,2.0,8.0,1.0,C01
201300045686,0,7,0,0.0,2.0,9.0,1.0,A01
201300045686,0,7,0,0.0,2.0,1.0,1.0,B01
201300045686,0,17,0,0.0,2.0,3.0,1.0,C01
201300045687,0,7,0,0.0,2.0,6.0,23.0,A01
201300045687,0,7,0,0.0,2.0,4.0,23.0,B01
201300045687,0,7,0,0.0,2.0,1.0,2.0,C01
201300045688,0,7,0,0.0,2.0,4.0,1.0,A01
201300045688,0,7,0,0.0,2.0,8.0,1.0,B01
201300045688,0,7,0,0.0,2.0,1.0,2.0,C01
201300045688,0,7,0,0.0,2.0,1.0,2.0,D01
201300045688,0,7,0,0.0,2.0,1.0,2.0,E01
201300045688,0,7,0,0.0,2.0,1.0,2.0,F01
201300045689,0,7,0,0.0,2.0,1.0,1.0,A01
201300045689,0,10,0,3.0,2.0,4.0,1.0,B01
201300045689,0,7,0,0.0,2.0,4.0,1.0,C01
201300045690,0,7,0,4.0,0.0,2.0,14.0,A01
201300045691,0,33,0,0.0,0.0,8.0,1.0,A01
201300045692,0,10,0,0.0,2.0,4.0,2.0,A01
201300045692,0,10,0,0.0,2.0,1.0,2.0,B01
201300045693,0,7,0,3.0,0.0,1.0,0.0,A01
201300045694,0,7,0,4.0,0.0,1.0,21.0,A01
201300045694,0,7,0,0.0,0.0,0.0,18.0,Z01
201300045695,0,33,0,0.0,2.0,8.0,9.0,A01
201300045695,0,14,0,0.0,2.0,7.0,1.0,B01
201300045696,0,33,0,0.0,0.0,0.0,2.0,A01
201300045697,0,31,0,0.0,0.0,7.0,3.0,A01
201300045698,0,33,0,0.0,0.0,7.0,1.0,A01
201300045699,0,7,0,0.0,2.0,3.0,13.0,A01
201300045699,0,7,0,0.0,2.0,1.0,1.0,B01
201300045700,0,7,0,0.0,2.0,8.0,11.0,A01
201300045700,0,33,0,0.0,2.0,7.0,1.0,B01
201300045701,0,7,0,0.0,2.0,8.0,1.0,A01
201300045701,1,7,0,0.0,2.0,2.0,12.0,Z01
201300045702,0,33,0,0.0,0.0,7.0,3.0,A01
201300045703,0,33,0,0.0,2.0,4.0,3.0,A01
201300045703,0,34,0,0.0,2.0,1.0,3.0,B01
201300045704,0,15,0,0.0,0.0,4.0,2.0,A01
201300045704,0,7,0,0.0,2.0,1.0,2.0,B01
201300045705,0,33,0,0.0,0.0,7.0,1.0,A01
201300045706,0,32,0,0.0,2.0,1.0,21.0,C01
201300045706,0,7,0,4.0,2.0,9.0,19.0,A01
201300045706,0,7,0,0.0,2.0,1.0,21.0,B01
201300045707,0,17,0,4.0,2.0,3.0,1.0,A01
201300045707,0,17,0,0.0,2.0,1.0,1.0,B01
201300045708,0,31,0,0.0,2.0,7.0,3.0,A01
201300045708,0,7,0,0.0,2.0,7.0,1.0,B01
201300045708,0,7,0,0.0,2.0,8.0,13.0,C01
201300045709,0,99,0,0.0,2.0,1.0,0.0,A01
201300045709,0,15,0,0.0,2.0,9.0,0.0,B01
201300045710,0,33,0,0.0,0.0,7.0,2.0,A01
201300045711,0,7,0,0.0,2.0,1.0,2.0,A01
201300045711,0,7,0,0.0,2.0,9.0,2.0,B01
201300045711,0,10,0,0.0,2.0,9.0,2.0,C01
201300045711,1,7,0,0.0,2.0,4.0,1.0,Z01
201300045712,0,7,0,0.0,2.0,1.0,2.0,B01
201300045712,0,7,0,0.0,0.0,4.0,2.0,A01
201300045713,0,7,0,0.0,2.0,4.0,2.0,A01
201300045713,0,7,0,0.0,2.0,1.0,2.0,D01
201300045713,0,7,0,0.0,2.0,4.0,2.0,B01
201300045713,0,7,0,0.0,2.0,4.0,2.0,C01
201300045714,0,15,0,0.0,2.0,2.0,12.0,A01
201300045714,0,7,0,3.0,2.0,8.0,1.0,B01
201300045714,0,7,0,0.0,2.0,1.0,1.0,C01
201300045715,0,7,0,0.0,2.0,8.0,11.0,A01
201300045715,0,33,0,0.0,2.0,7.0,1.0,B01
201300045716,0,7,0,0.0,2.0,6.0,11.0,A01
201300045716,0,31,0,0.0,2.0,1.0,12.0,B01
201300045717,0,7,0,0.0,0.0,1.0,2.0,D01
201300045717,0,7,0,0.0,0.0,9.0,2.0,B01
201300045717,0,7,0,0.0,0.0,9.0,2.0,C01
201300045717,0,7,0,0.0,0.0,4.0,2.0,A01
201300045718,0,7,0,0.0,0.0,5.0,12.0,A01
201300045718,0,34,0,0.0,0.0,1.0,3.0,B01
201300045719,0,7,0,0.0,2.0,8.0,11.0,A01
201300045719,0,33,0,0.0,2.0,7.0,2.0,B01
201300045720,0,15,0,0.0,2.0,5.0,12.0,B01
201300045720,0,7,0,0.0,2.0,6.0,1.0,A01
201300045721,0,7,0,0.0,0.0,0.0,2.0,A01
201300045722,0,7,0,0.0,2.0,4.0,2.0,A01
201300045722,0,7,0,0.0,2.0,1.0,2.0,B01
201300045723,0,7,0,0.0,0.0,3.0,9.0,B01
201300045723,0,7,0,0.0,0.0,5.0,2.0,A01
201300045724,0,33,0,0.0,2.0,4.0,11.0,A01
201300045724,0,7,0,0.0,2.0,1.0,11.0,B01
201300045725,0,31,0,0.0,2.0,1.0,1.0,A01
201300045725,1,7,0,0.0,2.0,5.0,12.0,Z01
201300045726,0,7,0,0.0,0.0,4.0,2.0,B01
201300045726,0,7,0,3.0,2.0,1.0,2.0,A01
201300045727,0,7,0,0.0,2.0,5.0,12.0,A01
201300045727,0,33,0,0.0,2.0,3.0,3.0,B01
201300045728,0,7,0,0.0,2.0,4.0,1.0,A01
201300045728,0,33,0,0.0,2.0,1.0,2.0,B01
201300045729,0,7,0,0.0,2.0,8.0,11.0,A01
201300045729,0,33,0,0.0,2.0,7.0,3.0,B01
201300045730,0,10,0,2.0,0.0,2.0,14.0,A01
201300045731,0,7,0,3.0,2.0,5.0,12.0,A01
201300045731,0,33,0,3.0,2.0,3.0,3.0,B01
201300045732,0,7,0,4.0,0.0,3.0,1.0,A01
201300045733,0,7,0,4.0,2.0,6.0,1.0,A01
201300045733,1,7,0,0.0,2.0,2.0,2.0,Z01
201300045734,0,7,0,4.0,0.0,3.0,0.0,A01
201300045735,0,7,0,3.0,2.0,4.0,1.0,C01
201300045735,0,7,0,0.0,2.0,1.0,1.0,A01
201300045735,0,7,0,3.0,2.0,4.0,1.0,B01
201300045736,0,10,0,0.0,2.0,4.0,23.0,A01
201300045736,0,7,0,0.0,2.0,1.0,14.0,B01
201300045737,0,7,0,0.0,0.0,1.0,2.0,C01
201300045737,0,7,0,0.0,0.0,4.0,23.0,A01
201300045737,0,7,0,0.0,0.0,4.0,23.0,B01
201300045738,0,7,0,0.0,2.0,8.0,1.0,A01
201300045738,0,15,0,0.0,2.0,2.0,14.0,B01
201300045739,0,7,0,4.0,0.0,1.0,1.0,A01
201300045740,0,34,0,0.0,0.0,7.0,1.0,A01
201300045741,0,16,0,3.0,0.0,2.0,1.0,A01
201300045742,0,7,0,4.0,0.0,3.0,1.0,A01
201300045743,0,34,0,0.0,0.0,7.0,1.0,A01
201300045744,0,7,0,0.0,2.0,1.0,14.0,A01
201300045744,0,7,0,3.0,2.0,4.0,23.0,B01
201300045745,0,7,0,4.0,0.0,1.0,1.0,A01
201300045746,0,7,0,4.0,0.0,2.0,14.0,A01
201300045747,0,7,0,0.0,2.0,8.0,1.0,A01
201300045747,1,7,0,0.0,2.0,2.0,12.0,Z01
201300045748,0,7,0,3.0,0.0,1.0,15.0,A01
201300045749,0,7,0,4.0,0.0,1.0,13.0,A01
201300045750,0,33,0,16.0,0.0,8.0,21.0,A01
201300045751,0,31,0,0.0,2.0,2.0,0.0,B01
201300045751,1,7,0,0.0,0.0,0.0,0.0,Z01
201300045752,0,7,0,16.0,0.0,7.0,1.0,A01
201300045753,0,7,0,3.0,0.0,1.0,1.0,A01
201300045754,0,7,0,0.0,0.0,1.0,1.0,A01
201300045755,0,7,0,4.0,0.0,1.0,21.0,A01
201300045756,0,7,0,1.0,0.0,7.0,2.0,A01
201300045757,0,7,0,4.0,0.0,8.0,13.0,A01
201300045758,0,7,0,4.0,2.0,1.0,13.0,B01
201300045758,0,7,0,0.0,2.0,6.0,1.0,A01
201300045759,0,13,0,4.0,0.0,2.0,14.0,A01
201300045760,0,7,0,4.0,0.0,1.0,13.0,A01
201300045761,0,15,0,0.0,0.0,1.0,2.0,A01
201300045761,0,7,0,0.0,0.0,0.0,2.0,C01
201300045761,0,7,0,0.0,0.0,0.0,2.0,B01
201300045762,0,7,0,0.0,2.0,7.0,1.0,B01
201300045762,0,7,0,4.0,2.0,1.0,11.0,A01
201300045763,0,7,0,8.0,0.0,1.0,14.0,A01
201300045764,0,7,0,0.0,2.0,4.0,2.0,C01
201300045764,0,7,0,0.0,2.0,4.0,2.0,B01
201300045764,0,7,0,0.0,9.0,4.0,2.0,A01
201300045765,0,7,0,0.0,2.0,1.0,2.0,A01
201300045765,0,7,0,0.0,0.0,4.0,1.0,B01
201300045765,0,7,0,0.0,0.0,2.0,2.0,C01
201300045766,0,7,0,0.0,2.0,4.0,9.0,B01
201300045766,0,7,0,0.0,2.0,1.0,1.0,A01
201300045767,0,7,0,3.0,0.0,8.0,13.0,A01
201300045768,0,7,0,16.0,0.0,1.0,1.0,A01
201300045769,0,10,0,0.0,2.0,4.0,1.0,B01
201300045769,0,31,0,0.0,0.0,0.0,0.0,A01
201300045770,0,7,0,0.0,2.0,2.0,17.0,B01
201300045770,0,10,0,0.0,2.0,1.0,1.0,A01
201300045770,0,15,0,0.0,2.0,6.0,1.0,C01
201300045771,0,7,0,0.0,0.0,0.0,0.0,A01
201300045772,0,33,0,0.0,2.0,1.0,1.0,A01
201300045772,0,7,0,0.0,0.0,4.0,1.0,B01
201300045773,0,15,0,0.0,2.0,3.0,1.0,A01
201300045773,0,7,0,3.0,2.0,5.0,11.0,B01
201300045774,0,7,0,6.0,0.0,4.0,0.0,A01
201300045774,0,7,0,1.0,0.0,2.0,0.0,B01
201300045775,0,7,0,0.0,0.0,0.0,0.0,A01
201300045776,1,99,0,0.0,,,0.0,Z01
201300045776,0,7,0,4.0,0.0,3.0,2.0,A01
201300045777,0,7,0,3.0,2.0,2.0,1.0,A01
201300045777,0,10,0,0.0,2.0,3.0,1.0,C01
201300045777,0,7,0,0.0,0.0,0.0,1.0,B01
201300045778,1,33,0,0.0,2.0,0.0,2.0,A01
201300045778,1,7,0,0.0,2.0,2.0,0.0,Z01
201300045779,0,7,0,4.0,2.0,2.0,17.0,A01
201300045779,0,7,0,0.0,2.0,2.0,1.0,C01
201300045779,0,7,0,0.0,2.0,6.0,1.0,B01
201300045780,0,7,0,0.0,0.0,1.0,1.0,A01
201300045781,0,33,0,0.0,2.0,1.0,2.0,B01
201300045781,0,7,0,0.0,2.0,4.0,2.0,A01
201300045782,0,7,0,3.0,9.0,1.0,0.0,A01
201300045783,0,7,0,4.0,0.0,2.0,2.0,A01
201300045784,0,7,0,4.0,0.0,2.0,2.0,A01
201300045785,0,7,0,0.0,0.0,4.0,2.0,C01
201300045785,0,7,0,0.0,2.0,4.0,2.0,B01
201300045785,0,7,0,0.0,2.0,1.0,1.0,A01
201300045786,0,7,0,4.0,0.0,1.0,13.0,A01
201300045787,0,7,0,0.0,2.0,4.0,2.0,A01
201300045787,0,7,0,0.0,2.0,3.0,9.0,B01
201300045788,0,15,0,0.0,0.0,0.0,0.0,A01
201300045788,0,7,0,0.0,2.0,8.0,0.0,B01
201300045789,0,7,0,0.0,2.0,4.0,2.0,C01
201300045789,0,7,0,0.0,2.0,1.0,1.0,A01
201300045789,0,7,0,0.0,2.0,6.0,2.0,B01
201300045790,0,7,0,0.0,2.0,4.0,2.0,B01
201300045790,0,10,0,0.0,2.0,4.0,2.0,C01
201300045790,0,7,0,0.0,2.0,1.0,1.0,A01
201300045791,0,15,0,0.0,2.0,3.0,1.0,D01
201300045791,0,13,0,0.0,2.0,4.0,2.0,B01
201300045791,0,10,0,0.0,2.0,6.0,1.0,A01
201300045791,0,7,0,0.0,2.0,6.0,1.0,C01
201300045792,0,7,0,3.0,0.0,1.0,0.0,A01
201300045793,0,7,0,4.0,0.0,3.0,2.0,A01
201300045794,0,7,0,16.0,0.0,9.0,1.0,A01
201300045795,0,7,0,0.0,2.0,1.0,2.0,A01
201300045795,2,7,0,0.0,2.0,4.0,2.0,Z01
201300045796,0,33,0,0.0,2.0,0.0,0.0,A01
201300045796,0,7,0,0.0,2.0,7.0,12.0,B01
201300045797,0,10,0,0.0,2.0,1.0,0.0,C01
201300045797,0,7,0,0.0,0.0,4.0,0.0,A01
201300045797,0,10,0,0.0,0.0,0.0,0.0,B01
201300045798,0,7,0,0.0,2.0,3.0,14.0,A01
201300045798,0,7,0,0.0,0.0,5.0,2.0,B01
201300045799,0,7,0,0.0,0.0,3.0,2.0,A01
201300045800,0,7,0,4.0,0.0,3.0,13.0,A01
201300045801,1,15,0,0.0,2.0,0.0,0.0,Z01
201300045801,0,7,0,4.0,0.0,5.0,2.0,A01
201300045802,0,14,0,0.0,2.0,1.0,2.0,A01
201300045802,0,7,0,0.0,0.0,4.0,2.0,B01
201300045803,0,10,0,0.0,0.0,6.0,9.0,B01
201300045803,0,7,0,0.0,2.0,2.0,12.0,A01
201300045804,0,7,0,0.0,2.0,4.0,2.0,A01
201300045804,0,15,0,0.0,2.0,1.0,2.0,B01
201300045805,0,10,0,0.0,2.0,8.0,3.0,B01
201300045805,0,14,0,0.0,2.0,1.0,1.0,A01
201300045805,0,15,0,0.0,2.0,4.0,2.0,C01
201300045806,0,7,0,5.0,0.0,1.0,1.0,A01
201300045807,0,15,0,0.0,2.0,1.0,1.0,D01
201300045807,0,7,0,0.0,2.0,1.0,1.0,B01
201300045807,0,14,0,0.0,2.0,6.0,1.0,C01
201300045807,0,7,0,0.0,2.0,9.0,2.0,A01
201300045808,0,7,0,0.0,2.0,8.0,11.0,A01
201300045808,0,15,0,0.0,2.0,7.0,1.0,B01
201300045809,0,7,0,0.0,2.0,2.0,2.0,C01
201300045809,0,33,0,0.0,2.0,1.0,2.0,B01
201300045809,0,15,0,0.0,2.0,8.0,11.0,A01
201300045810,0,7,0,0.0,2.0,3.0,1.0,B01
201300045810,0,7,0,0.0,2.0,7.0,12.0,A01
201300045811,0,10,0,4.0,0.0,8.0,1.0,A01
201300045812,0,7,0,0.0,2.0,8.0,2.0,A01
201300045812,0,7,0,0.0,0.0,4.0,2.0,C01
201300045812,0,7,0,0.0,2.0,8.0,2.0,B01
201300045813,0,7,0,0.0,0.0,3.0,2.0,A01
201300045814,0,7,0,4.0,0.0,1.0,0.0,A01
201300045815,0,7,0,0.0,0.0,6.0,23.0,C01
201300045815,0,10,0,1.0,0.0,2.0,3.0,A01
201300045815,0,14,0,0.0,0.0,0.0,23.0,B01
201300045816,0,7,0,4.0,0.0,3.0,17.0,A01
201300045817,0,7,0,4.0,0.0,3.0,13.0,A01
201300045818,0,7,0,0.0,2.0,3.0,1.0,B01
201300045818,0,10,0,0.0,2.0,8.0,13.0,A01
201300045819,0,7,0,0.0,2.0,2.0,1.0,B01
201300045819,0,7,0,0.0,2.0,3.0,18.0,A01
201300045820,0,7,0,0.0,2.0,8.0,1.0,B01
201300045820,0,15,0,0.0,0.0,2.0,3.0,A01
201300045821,0,7,0,3.0,0.0,1.0,1.0,A01
201300045822,0,7,0,0.0,0.0,6.0,1.0,B01
201300045822,0,7,0,0.0,2.0,2.0,21.0,A01
201300045823,0,10,0,0.0,2.0,8.0,1.0,B01
201300045823,0,33,0,0.0,2.0,2.0,3.0,A01
201300045824,0,7,0,0.0,2.0,2.0,1.0,A01
201300045824,0,7,0,0.0,2.0,3.0,11.0,B01
201300045825,0,15,0,0.0,2.0,1.0,12.0,A01
201300045825,0,7,0,4.0,2.0,6.0,1.0,B01
201300045826,0,32,0,6.0,0.0,8.0,0.0,A01
201300045827,0,7,0,4.0,0.0,9.0,11.0,A01
201300045828,0,32,0,0.0,2.0,8.0,3.0,A01
201300045828,0,7,0,0.0,2.0,7.0,12.0,B01
201300045829,0,7,0,3.0,2.0,8.0,0.0,A01
201300045829,1,15,0,0.0,2.0,2.0,0.0,Z01
201300045830,0,7,0,0.0,2.0,4.0,1.0,B01
201300045830,0,7,0,0.0,2.0,2.0,11.0,A01
201300045831,0,15,0,0.0,2.0,1.0,2.0,A01
201300045831,0,7,0,0.0,2.0,4.0,2.0,B01
201300045831,0,7,0,0.0,2.0,4.0,2.0,C01
201300045831,0,10,0,0.0,2.0,4.0,2.0,D01
201300045831,0,10,0,0.0,0.0,0.0,2.0,E01
201300045832,0,7,0,0.0,0.0,6.0,1.0,B01
201300045832,0,31,0,0.0,0.0,1.0,1.0,A01
201300045833,0,7,0,0.0,2.0,2.0,2.0,A01
201300045833,0,7,0,0.0,2.0,6.0,2.0,B01
201300045833,0,7,0,0.0,0.0,4.0,2.0,C01
201300045834,0,7,0,0.0,2.0,8.0,0.0,A01
201300045834,0,7,0,0.0,2.0,4.0,0.0,B01
201300045835,0,7,0,3.0,0.0,1.0,1.0,A01
201300045836,0,7,0,0.0,2.0,1.0,2.0,A01
201300045836,0,7,0,0.0,2.0,1.0,2.0,B01
201300045836,0,7,0,0.0,0.0,4.0,2.0,C01
201300045837,0,7,0,3.0,0.0,8.0,2.0,A01
201300045838,0,7,0,0.0,0.0,4.0,23.0,A01
201300045838,0,7,0,1.0,0.0,4.0,21.0,B01
201300045839,0,7,0,5.0,0.0,1.0,0.0,A01
201300045840,0,7,0,3.0,0.0,6.0,12.0,A01
201300045841,0,17,0,0.0,2.0,3.0,1.0,B01
201300045841,0,7,0,0.0,2.0,4.0,2.0,A01
201300045842,0,33,0,0.0,2.0,4.0,2.0,B01
201300045842,0,33,0,0.0,2.0,1.0,1.0,A01
201300045843,0,33,0,0.0,2.0,7.0,0.0,A01
201300045843,0,7,0,0.0,2.0,3.0,0.0,B01
201300045844,0,33,0,0.0,2.0,8.0,1.0,A01
201300045844,0,7,0,0.0,2.0,5.0,12.0,B01
201300045845,0,7,0,0.0,2.0,3.0,1.0,A01
201300045845,0,33,0,0.0,2.0,1.0,9.0,B01
201300045846,0,31,0,0.0,0.0,0.0,1.0,A01
201300045847,0,7,0,0.0,0.0,4.0,2.0,A01
201300045847,0,7,0,0.0,0.0,4.0,2.0,B01
201300045847,0,10,0,0.0,0.0,1.0,2.0,C01
201300045848,0,10,0,4.0,0.0,1.0,1.0,A01
201300045849,0,7,0,0.0,0.0,4.0,2.0,B01
201300045849,0,34,0,0.0,0.0,1.0,1.0,A01
201300045850,0,7,0,0.0,0.0,7.0,11.0,A01
201300045850,0,31,0,0.0,2.0,1.0,3.0,B01
201300045851,0,7,0,0.0,2.0,1.0,1.0,B01
201300045851,0,7,0,0.0,2.0,4.0,2.0,A01
201300045852,0,7,0,4.0,0.0,1.0,13.0,A01
201300045853,0,7,0,0.0,2.0,1.0,1.0,A01
201300045853,0,7,0,0.0,2.0,4.0,2.0,B01
201300045853,0,7,0,0.0,2.0,4.0,2.0,C01
201300045854,1,99,0,0.0,2.0,2.0,0.0,Z01
201300045854,0,32,0,0.0,0.0,3.0,1.0,A01
201300045855,0,33,0,0.0,2.0,3.0,3.0,A01
201300045855,0,7,0,0.0,2.0,5.0,1.0,B01
201300045856,0,7,0,0.0,0.0,9.0,11.0,A01
201300045857,0,34,0,0.0,0.0,7.0,3.0,A01
201300045858,0,7,0,0.0,2.0,1.0,2.0,C01
201300045858,0,7,0,0.0,2.0,2.0,1.0,B01
201300045858,0,7,0,0.0,2.0,4.0,1.0,A01
201300045859,0,7,0,16.0,0.0,1.0,1.0,A01
201300045860,0,7,0,4.0,0.0,3.0,15.0,A01
201300045861,0,7,0,0.0,0.0,8.0,0.0,A01
201300045861,0,15,0,1.0,0.0,2.0,0.0,B01
201300045862,0,7,0,1.0,0.0,1.0,0.0,A01
201300045862,0,7,0,0.0,0.0,4.0,0.0,B01
201300045863,1,7,0,0.0,2.0,0.0,0.0,Z01
201300045863,0,7,0,0.0,2.0,0.0,2.0,A01
201300045864,0,15,0,0.0,2.0,4.0,2.0,A01
201300045864,0,7,0,0.0,2.0,1.0,2.0,B01
201300045865,0,10,0,0.0,0.0,9.0,1.0,A01
201300045866,0,10,0,0.0,2.0,1.0,1.0,B01
201300045866,0,7,0,13.0,2.0,4.0,2.0,A01
201300045866,0,7,0,13.0,2.0,8.0,2.0,C01
201300045867,0,10,0,0.0,2.0,3.0,0.0,B01
201300045867,0,7,0,0.0,2.0,5.0,0.0,A01
201300045868,0,32,0,0.0,0.0,3.0,1.0,A01
201300045869,0,10,0,0.0,2.0,1.0,17.0,B01
201300045869,0,7,0,16.0,2.0,8.0,1.0,A01
201300045870,0,7,0,4.0,0.0,1.0,1.0,A01
201300045871,0,10,0,4.0,0.0,1.0,13.0,A01
201300045872,0,7,0,0.0,2.0,1.0,1.0,A01
201300045872,0,7,0,0.0,2.0,4.0,2.0,B01
201300045873,0,10,0,4.0,0.0,1.0,1.0,A01
201300045874,0,34,0,0.0,0.0,0.0,1.0,A01
201300045875,0,7,0,4.0,0.0,0.0,2.0,A01
201300045876,0,7,0,0.0,2.0,4.0,2.0,B01
201300045876,0,14,0,0.0,2.0,1.0,1.0,A01
201300045876,0,7,0,0.0,2.0,4.0,2.0,C01
201300045876,0,7,0,0.0,2.0,4.0,2.0,D01
201300045877,0,7,0,0.0,2.0,1.0,2.0,A01
201300045877,0,7,0,0.0,0.0,4.0,2.0,B01
201300045878,0,7,0,4.0,0.0,3.0,13.0,A01
201300045879,0,33,0,0.0,0.0,1.0,12.0,B01
201300045879,0,7,0,0.0,2.0,7.0,12.0,A01
201300045880,0,7,0,3.0,0.0,5.0,1.0,A01
201300045881,0,10,0,0.0,1.0,1.0,1.0,A01
201300045882,0,7,0,4.0,0.0,3.0,1.0,A01
201300045883,0,99,0,0.0,2.0,1.0,2.0,A01
201300045883,0,7,0,0.0,2.0,4.0,0.0,B01
201300045883,0,7,0,0.0,2.0,4.0,0.0,C01
201300045884,0,7,0,0.0,2.0,2.0,0.0,B01
201300045884,0,7,0,0.0,2.0,8.0,1.0,A01
201300045885,0,7,0,4.0,2.0,1.0,1.0,A01
201300045885,0,7,0,0.0,2.0,4.0,2.0,B01
201300045886,0,10,0,0.0,2.0,4.0,2.0,B01
201300045886,0,7,0,0.0,2.0,1.0,2.0,C01
201300045886,0,7,0,0.0,2.0,4.0,1.0,A01
201300045887,0,7,0,0.0,2.0,4.0,2.0,A01
201300045887,0,7,0,0.0,2.0,4.0,2.0,B01
201300045887,0,7,0,0.0,0.0,0.0,0.0,C01
201300045888,0,34,0,0.0,2.0,7.0,1.0,B01
201300045888,0,33,0,0.0,2.0,8.0,9.0,A01
201300045889,0,7,0,0.0,0.0,4.0,1.0,A01
201300045889,0,7,0,0.0,2.0,1.0,2.0,B01
201300045889,0,7,0,0.0,2.0,1.0,2.0,C01
201300045889,0,7,0,0.0,2.0,1.0,2.0,D01
201300045890,0,33,0,16.0,0.0,0.0,1.0,A01
201300045891,0,7,0,4.0,2.0,9.0,0.0,A01
201300045891,0,7,0,0.0,2.0,3.0,0.0,B01
201300045892,0,7,0,4.0,0.0,1.0,1.0,A01
201300045893,0,7,0,0.0,2.0,8.0,18.0,C01
201300045893,0,7,0,0.0,2.0,1.0,1.0,B01
201300045893,0,7,0,0.0,2.0,7.0,1.0,A01
201300045894,0,7,0,0.0,2.0,4.0,2.0,A01
201300045894,0,7,0,0.0,2.0,1.0,1.0,B01
201300045895,0,33,0,0.0,2.0,8.0,3.0,A01