Num_Acc,senc,catv,occutc,obs,obsm,choc,manv,num_veh
201300045895,0,7,0,0.0,2.0,2.0,11.0,B01
201300045896,0,7,0,0.0,0.0,1.0,0.0,A01
201300045897,0,7,0,4.0,0.0,3.0,1.0,A01
201300045898,0,7,0,4.0,0.0,3.0,1.0,A01
201300045899,0,15,0,0.0,2.0,5.0,2.0,A01
201300045899,0,7,0,0.0,2.0,8.0,12.0,B01
201300045900,0,7,0,0.0,0.0,4.0,2.0,B01
201300045900,0,7,0,0.0,2.0,1.0,2.0,A01
201300045900,0,7,0,0.0,2.0,1.0,2.0,C01
201300045901,0,7,0,4.0,0.0,3.0,1.0,A01
201300045902,0,7,0,0.0,2.0,7.0,12.0,A01
201300045902,0,34,0,0.0,2.0,8.0,3.0,B01
201300045903,0,7,0,0.0,2.0,6.0,11.0,B01
201300045903,0,34,0,0.0,2.0,1.0,3.0,A01
201300045904,0,7,0,0.0,2.0,1.0,1.0,A01
201300045904,0,7,0,0.0,2.0,4.0,2.0,B01
201300045904,0,7,0,0.0,2.0,4.0,2.0,C01
201300045905,0,7,0,3.0,2.0,9.0,0.0,A01
201300045905,0,7,0,0.0,2.0,1.0,2.0,B01
201300045906,0,7,0,4.0,0.0,2.0,0.0,A01
201300045907,0,7,0,0.0,0.0,3.0,2.0,B01
201300045907,0,7,0,0.0,2.0,8.0,11.0,A01
201300045907,0,7,0,0.0,0.0,7.0,2.0,C01
201300045907,0,7,0,0.0,0.0,4.0,2.0,D01
201300045908,0,7,0,0.0,2.0,0.0,0.0,B01
201300045908,0,7,0,0.0,2.0,0.0,0.0,C01
201300045908,0,31,0,0.0,2.0,0.0,3.0,A01
201300045909,0,7,0,0.0,2.0,9.0,2.0,C01
201300045909,0,7,0,0.0,2.0,3.0,1.0,A01
201300045909,0,7,0,0.0,2.0,4.0,2.0,B01
201300045910,0,7,0,0.0,0.0,9.0,0.0,A01
201300045911,0,7,0,0.0,2.0,5.0,1.0,A01
201300045911,1,7,0,,0.0,0.0,1.0,Z01
201300045911,0,32,0,0.0,2.0,1.0,1.0,B01
201300045912,0,7,0,0.0,2.0,8.0,1.0,B01
201300045912,0,15,0,0.0,2.0,2.0,12.0,A01
201300045913,0,7,0,0.0,2.0,1.0,1.0,B01
201300045913,0,7,0,4.0,2.0,1.0,1.0,A01
201300045914,0,7,0,4.0,0.0,9.0,0.0,A01
201300045915,0,33,0,16.0,0.0,9.0,1.0,A01
201300045916,0,7,0,4.0,0.0,1.0,14.0,A01
201300045917,0,15,0,0.0,2.0,2.0,1.0,B01
201300045917,0,7,0,4.0,2.0,2.0,17.0,A01
201300045918,0,7,0,16.0,0.0,9.0,1.0,A01
201300045919,0,7,0,4.0,0.0,9.0,2.0,B01
201300045919,0,14,0,0.0,2.0,1.0,1.0,A01
201300045920,0,7,0,0.0,2.0,8.0,2.0,B01
201300045920,0,7,0,0.0,2.0,3.0,1.0,A01
201300045921,0,7,0,0.0,2.0,0.0,0.0,A01
201300045921,0,99,0,0.0,2.0,0.0,0.0,B01
201300045922,0,7,0,3.0,0.0,8.0,1.0,A01
201300045923,0,7,0,0.0,2.0,1.0,1.0,A01
201300045923,0,7,0,0.0,2.0,4.0,2.0,C01
201300045923,0,10,0,0.0,2.0,4.0,2.0,B01
201300045924,0,7,0,16.0,0.0,1.0,1.0,A01
201300045925,0,7,0,0.0,2.0,4.0,1.0,D01
201300045925,0,7,0,0.0,2.0,4.0,1.0,A01
201300045925,0,7,0,0.0,2.0,9.0,1.0,B01
201300045925,0,7,0,0.0,2.0,4.0,1.0,C01
201300045925,0,7,0,0.0,0.0,0.0,1.0,E01
201300045926,0,7,0,0.0,2.0,1.0,0.0,A01
201300045926,0,7,0,0.0,2.0,4.0,0.0,B01
201300045926,0,7,0,0.0,2.0,4.0,0.0,C01
201300045927,0,7,0,0.0,2.0,8.0,11.0,A01
201300045927,0,15,0,0.0,0.0,2.0,1.0,B01
201300045928,0,7,0,0.0,0.0,1.0,0.0,B01
201300045928,0,33,0,0.0,2.0,7.0,0.0,A01
201300045929,0,7,0,0.0,2.0,6.0,0.0,B01
201300045929,0,15,0,0.0,2.0,2.0,1.0,A01
201300045930,0,7,0,4.0,0.0,1.0,1.0,A01
201300045931,0,7,0,3.0,0.0,1.0,0.0,A01
201300045932,0,7,0,0.0,2.0,4.0,2.0,C01
201300045932,0,7,0,0.0,2.0,6.0,2.0,B01
201300045932,0,7,0,0.0,2.0,1.0,1.0,A01
201300045932,0,7,0,0.0,2.0,4.0,2.0,D01
201300045933,0,7,0,13.0,0.0,6.0,1.0,A01
201300045933,0,7,0,0.0,2.0,2.0,2.0,B01
201300045934,0,7,0,0.0,2.0,1.0,1.0,B01
201300045934,0,13,0,0.0,2.0,6.0,2.0,A01
201300045935,0,7,0,0.0,2.0,4.0,2.0,A01
201300045935,0,7,0,0.0,2.0,4.0,2.0,C01
201300045935,0,7,0,0.0,2.0,1.0,13.0,B01
201300045936,0,7,0,0.0,2.0,6.0,0.0,B01
201300045936,0,32,0,0.0,2.0,2.0,2.0,A01
201300045937,0,7,0,0.0,2.0,1.0,0.0,A01
201300045937,0,7,0,0.0,2.0,1.0,0.0,B01
201300045937,0,7,0,0.0,2.0,4.0,0.0,C01
201300045938,0,7,0,0.0,2.0,2.0,2.0,B01
201300045938,0,7,0,0.0,2.0,5.0,2.0,A01
201300045939,0,7,0,16.0,0.0,2.0,1.0,A01
201300045940,0,33,0,0.0,0.0,0.0,0.0,A01
201300045941,0,32,0,0.0,0.0,0.0,1.0,A01
201300045941,0,7,0,0.0,2.0,7.0,12.0,B01
201300045942,0,7,0,0.0,2.0,4.0,2.0,B01
201300045942,0,7,0,0.0,2.0,1.0,1.0,A01
201300045943,0,15,0,0.0,2.0,1.0,1.0,A01
201300045943,0,14,0,0.0,2.0,6.0,2.0,B01
201300045943,0,15,0,0.0,0.0,6.0,2.0,D01
201300045943,0,14,0,0.0,2.0,4.0,2.0,C01
201300045944,0,17,0,0.0,0.0,5.0,12.0,B01
201300045944,0,7,0,0.0,0.0,3.0,1.0,A01
201300045945,0,7,0,4.0,0.0,1.0,1.0,A01
201300045946,0,33,0,4.0,0.0,8.0,21.0,A01
201300045947,0,7,0,0.0,2.0,5.0,1.0,B01
201300045947,0,34,0,0.0,2.0,1.0,3.0,A01
201300045948,0,7,0,0.0,2.0,7.0,0.0,A01
201300045948,0,33,0,0.0,2.0,7.0,0.0,C01
201300045948,0,10,0,0.0,2.0,6.0,0.0,B01
201300045949,0,7,0,0.0,1.0,3.0,1.0,A01
201300045950,0,7,0,3.0,2.0,1.0,21.0,C01
201300045950,0,32,0,0.0,2.0,1.0,9.0,A01
201300045950,0,7,0,4.0,2.0,1.0,21.0,B01
201300045951,0,7,0,0.0,2.0,2.0,9.0,B01
201300045951,0,7,0,0.0,2.0,6.0,0.0,A01
201300045952,0,7,0,13.0,0.0,9.0,1.0,A01
201300045953,0,7,0,3.0,0.0,3.0,1.0,A01
201300045954,0,7,0,4.0,0.0,1.0,13.0,A01
201300045955,0,7,0,3.0,0.0,2.0,0.0,A01
201300045956,0,7,0,0.0,2.0,8.0,11.0,A01
201300045956,0,33,0,0.0,2.0,7.0,3.0,B01
201300045957,0,7,0,0.0,2.0,1.0,1.0,A01
201300045957,0,15,0,0.0,2.0,4.0,2.0,B01
201300045958,0,7,0,0.0,2.0,7.0,0.0,A01
201300045958,0,13,0,0.0,2.0,8.0,0.0,B01
201300045959,0,7,0,4.0,0.0,1.0,0.0,A01
201300045960,0,7,0,0.0,2.0,4.0,2.0,A01
201300045960,0,7,0,0.0,2.0,1.0,1.0,B01
201300045961,0,7,0,0.0,2.0,8.0,1.0,A01
201300045961,0,15,0,0.0,2.0,2.0,12.0,B01
201300045962,0,7,0,0.0,0.0,6.0,13.0,A01
201300045963,0,7,0,0.0,2.0,7.0,0.0,A01
201300045963,0,7,0,0.0,2.0,1.0,0.0,B01
201300045964,0,34,0,0.0,2.0,9.0,0.0,A01
201300045964,0,7,0,0.0,0.0,0.0,0.0,B01
201300045964,1,7,0,0.0,0.0,0.0,0.0,Z01
201300045965,0,7,0,0.0,0.0,6.0,0.0,B01
201300045965,0,33,0,0.0,2.0,1.0,21.0,A01
201300045965,0,33,0,0.0,0.0,1.0,21.0,C01
201300045966,0,7,0,4.0,0.0,2.0,13.0,A01
201300045967,0,7,0,0.0,2.0,1.0,17.0,A01
201300045967,0,7,0,0.0,2.0,3.0,1.0,B01
201300045968,0,7,0,0.0,0.0,1.0,1.0,A01
201300045968,1,7,0,0.0,0.0,0.0,0.0,Z01
201300045969,0,7,0,0.0,2.0,4.0,1.0,A01
201300045969,0,10,0,0.0,2.0,1.0,21.0,B01
201300045969,0,7,0,3.0,2.0,1.0,21.0,C01
201300045970,0,32,0,0.0,2.0,8.0,3.0,A01
201300045970,0,7,0,0.0,2.0,4.0,1.0,B01
201300045970,0,7,0,0.0,2.0,7.0,12.0,C01
201300045971,0,7,0,0.0,2.0,1.0,2.0,A01
201300045971,0,7,0,0.0,0.0,4.0,2.0,B01
201300045971,0,7,0,0.0,2.0,4.0,2.0,C01
201300045972,0,33,0,0.0,2.0,7.0,0.0,A01
201300045972,0,15,0,0.0,2.0,8.0,0.0,B01
201300045973,0,7,0,0.0,2.0,4.0,2.0,A01
201300045973,0,15,0,0.0,2.0,1.0,2.0,B01
201300045974,0,7,0,4.0,0.0,1.0,0.0,A01
201300045974,0,7,0,0.0,2.0,3.0,21.0,B01
201300045975,0,7,0,0.0,2.0,6.0,1.0,B01
201300045975,0,7,0,4.0,2.0,8.0,9.0,A01
201300045976,0,7,0,0.0,2.0,7.0,1.0,A01
201300045976,0,7,0,0.0,2.0,1.0,9.0,B01
201300045977,0,7,0,16.0,0.0,9.0,11.0,A01
201300045978,0,7,0,0.0,2.0,1.0,2.0,A01
201300045978,0,7,0,0.0,2.0,4.0,2.0,B01
201300045979,0,7,0,0.0,2.0,4.0,2.0,B01
201300045979,0,7,0,0.0,2.0,1.0,1.0,A01
201300045980,0,7,0,0.0,2.0,4.0,1.0,A01
201300045980,1,7,0,0.0,2.0,1.0,1.0,B01
201300045980,0,7,0,0.0,2.0,4.0,1.0,C01
201300045980,0,7,0,0.0,2.0,4.0,11.0,D01
201300045981,0,7,0,0.0,2.0,5.0,0.0,A01
201300045981,0,7,0,0.0,2.0,1.0,21.0,B01
201300045982,0,7,0,4.0,0.0,1.0,14.0,A01
201300045983,0,7,0,0.0,2.0,4.0,0.0,A01
201300045983,0,7,0,0.0,2.0,1.0,0.0,B01
201300045984,0,33,0,4.0,0.0,8.0,13.0,A01
201300045985,2,7,0,13.0,0.0,1.0,18.0,A01
201300045986,0,7,0,16.0,0.0,1.0,1.0,A01
201300045987,0,7,0,0.0,2.0,6.0,0.0,A01
201300045987,0,33,0,0.0,2.0,2.0,0.0,B01
201300045988,0,7,0,0.0,2.0,1.0,2.0,A01
201300045988,0,7,0,0.0,2.0,4.0,2.0,B01
201300045989,0,10,0,0.0,2.0,4.0,2.0,B01
201300045989,0,33,0,0.0,2.0,7.0,3.0,A01
201300045990,0,14,0,0.0,2.0,1.0,12.0,A01
201300045990,0,7,0,0.0,2.0,9.0,2.0,B01
201300045991,0,7,0,0.0,2.0,0.0,0.0,A01
201300045991,0,7,0,0.0,2.0,0.0,0.0,B01
201300045991,0,7,0,0.0,2.0,0.0,0.0,C01
201300045991,0,7,0,0.0,2.0,0.0,0.0,D01
201300045992,0,7,0,0.0,2.0,1.0,1.0,A01
201300045992,0,7,0,0.0,2.0,4.0,2.0,B01
201300045992,0,7,0,0.0,2.0,4.0,2.0,C01
201300045993,0,7,0,0.0,2.0,4.0,2.0,B01
201300045993,0,7,0,0.0,2.0,1.0,1.0,A01
201300045994,0,15,0,0.0,0.0,4.0,2.0,B01
201300045994,0,14,0,0.0,2.0,1.0,2.0,A01
201300045995,0,7,0,0.0,0.0,4.0,0.0,A01
201300045995,0,7,0,0.0,0.0,1.0,2.0,B01
201300045995,0,34,0,0.0,0.0,1.0,2.0,C01
201300045996,0,7,0,0.0,2.0,1.0,2.0,A01
201300045996,0,10,0,0.0,0.0,4.0,2.0,B01
201300045997,0,10,0,0.0,2.0,1.0,2.0,A01
201300045997,0,7,0,0.0,2.0,4.0,2.0,B01
201300045997,0,7,0,0.0,2.0,4.0,2.0,C01
201300045997,0,7,0,0.0,0.0,4.0,2.0,D01
201300045998,0,16,0,0.0,2.0,3.0,11.0,A01
201300045998,0,7,0,0.0,2.0,2.0,0.0,B01
201300045999,0,7,0,0.0,2.0,8.0,9.0,A01
201300045999,0,7,0,0.0,2.0,2.0,1.0,B01
201300046000,0,7,0,4.0,2.0,6.0,1.0,A01
201300046000,0,15,0,0.0,2.0,2.0,12.0,B01
201300046001,0,7,0,0.0,2.0,5.0,12.0,A01
201300046001,0,33,0,0.0,2.0,8.0,3.0,B01
201300046002,0,7,0,4.0,0.0,3.0,0.0,A01
201300046003,1,7,0,0.0,2.0,1.0,0.0,Z01
201300046003,0,10,0,0.0,2.0,5.0,1.0,A01
201300046004,0,7,0,0.0,2.0,6.0,23.0,A01
201300046004,0,7,0,0.0,2.0,2.0,2.0,B01
201300046005,0,33,0,0.0,2.0,0.0,0.0,A01
201300046005,0,7,0,0.0,0.0,0.0,0.0,B01
201300046006,0,7,0,0.0,2.0,1.0,2.0,A01
201300046006,0,7,0,0.0,2.0,4.0,2.0,B01
201300046007,0,10,0,0.0,2.0,6.0,2.0,A01
201300046007,0,33,0,0.0,2.0,1.0,1.0,B01
201300046008,0,7,0,0.0,0.0,0.0,12.0,A01
201300046009,0,33,0,0.0,2.0,2.0,1.0,A01
201300046009,0,7,0,0.0,2.0,3.0,2.0,B01
201300046010,0,34,0,0.0,2.0,1.0,11.0,A01
201300046010,0,7,0,0.0,2.0,6.0,11.0,B01
201300046011,0,7,0,4.0,0.0,3.0,14.0,A01
201300046012,0,7,0,0.0,2.0,7.0,12.0,A01
201300046012,0,7,0,0.0,2.0,8.0,1.0,B01
201300046012,0,32,0,0.0,2.0,6.0,1.0,C01
201300046013,0,7,0,0.0,2.0,4.0,2.0,B01
201300046013,0,7,0,0.0,2.0,1.0,1.0,A01
201300046013,0,7,0,0.0,2.0,4.0,2.0,C01
201300046013,0,7,0,0.0,2.0,4.0,2.0,D01
201300046014,0,32,0,0.0,2.0,1.0,0.0,A01
201300046014,0,7,0,0.0,2.0,7.0,0.0,B01
201300046015,0,7,0,0.0,2.0,6.0,11.0,A01
201300046015,0,33,0,0.0,2.0,1.0,2.0,B01
201300046016,0,7,0,0.0,2.0,4.0,0.0,A01
201300046016,0,32,0,0.0,2.0,1.0,0.0,B01
201300046017,0,7,0,0.0,2.0,4.0,0.0,B01
201300046017,0,33,0,0.0,2.0,1.0,0.0,A01
201300046018,0,33,0,0.0,2.0,7.0,1.0,A01
201300046018,1,7,0,0.0,2.0,8.0,11.0,B01
201300046019,0,33,0,0.0,0.0,8.0,3.0,A01
201300046020,0,10,0,0.0,2.0,6.0,0.0,A01
201300046020,0,34,0,0.0,2.0,1.0,3.0,B01
201300046021,0,7,0,0.0,2.0,6.0,0.0,A01
201300046021,0,32,0,0.0,2.0,1.0,0.0,B01
201300046022,0,7,0,0.0,2.0,6.0,11.0,B01
201300046022,0,7,0,0.0,2.0,1.0,1.0,A01
201300046023,0,7,0,3.0,0.0,1.0,0.0,A01
201300046024,0,7,0,4.0,0.0,1.0,13.0,A01
201300046025,0,7,0,4.0,2.0,6.0,2.0,A01
201300046025,0,14,0,0.0,2.0,2.0,1.0,B01
201300046026,0,7,0,0.0,2.0,7.0,12.0,A01
201300046026,0,34,0,0.0,2.0,8.0,1.0,B01
201300046027,0,7,0,0.0,0.0,0.0,0.0,A01
201300046027,0,7,0,0.0,0.0,3.0,0.0,B01
201300046028,0,7,0,0.0,2.0,7.0,1.0,B01
201300046028,0,33,0,0.0,2.0,8.0,9.0,A01
201300046029,0,7,0,0.0,2.0,1.0,21.0,B01
201300046029,0,7,0,4.0,0.0,1.0,1.0,A01
201300046029,0,7,0,0.0,0.0,4.0,2.0,C01
201300046030,0,7,0,4.0,0.0,1.0,1.0,A01
201300046031,0,32,0,0.0,2.0,7.0,1.0,A01
201300046031,1,7,0,0.0,2.0,8.0,11.0,B01
201300046032,0,7,0,0.0,2.0,8.0,0.0,A01
201300046032,1,7,0,0.0,2.0,7.0,0.0,Z01
201300046033,0,7,0,3.0,2.0,7.0,14.0,B01
201300046033,0,7,0,3.0,2.0,8.0,1.0,A01
201300046034,0,33,0,0.0,0.0,8.0,1.0,A01
201300046035,0,15,0,0.0,2.0,6.0,2.0,B01
201300046035,0,15,0,4.0,2.0,9.0,2.0,A01
201300046036,0,7,0,0.0,2.0,4.0,2.0,A01
201300046036,0,7,0,0.0,2.0,4.0,2.0,B01
201300046036,0,33,0,0.0,2.0,1.0,2.0,C01
201300046037,0,33,0,0.0,0.0,1.0,1.0,A01
201300046038,0,7,0,0.0,2.0,1.0,0.0,A01
201300046038,0,10,0,0.0,2.0,5.0,0.0,B01
201300046039,0,7,0,0.0,0.0,1.0,0.0,A01
201300046040,0,33,0,0.0,0.0,9.0,2.0,A01
201300046041,0,33,0,4.0,0.0,9.0,1.0,A01
201300046042,0,33,0,0.0,2.0,8.0,1.0,A01
201300046042,0,7,0,0.0,2.0,7.0,12.0,B01
201300046042,0,7,0,0.0,2.0,8.0,2.0,C01
201300046043,0,7,0,0.0,2.0,4.0,2.0,B01
201300046043,0,7,0,0.0,2.0,2.0,1.0,A01
201300046044,0,7,0,4.0,0.0,9.0,0.0,A01
201300046045,0,7,0,4.0,0.0,1.0,0.0,A01
201300046046,0,7,0,4.0,0.0,9.0,14.0,A01
201300046047,0,7,0,3.0,0.0,3.0,0.0,A01
201300046048,0,7,0,4.0,0.0,2.0,1.0,A01
201300046049,0,7,0,0.0,2.0,1.0,1.0,A01
201300046049,0,7,0,0.0,2.0,7.0,9.0,B01
201300046050,0,34,0,16.0,0.0,8.0,0.0,A01
201300046051,0,7,0,16.0,0.0,9.0,1.0,A01
201300046052,0,7,0,16.0,0.0,9.0,1.0,A01
201300046053,0,7,0,4.0,2.0,8.0,21.0,B01
201300046053,0,7,0,0.0,2.0,7.0,1.0,A01
201300046054,0,7,0,3.0,0.0,1.0,1.0,A01
201300046054,0,7,0,0.0,0.0,1.0,1.0,B01
201300046055,0,33,0,0.0,2.0,8.0,1.0,A01
201300046056,0,7,0,0.0,2.0,3.0,21.0,C01
201300046056,0,7,0,0.0,2.0,3.0,1.0,B01
201300046056,0,10,0,0.0,2.0,3.0,5.0,A01
201300046057,0,32,0,0.0,2.0,7.0,1.0,A01
201300046057,1,99,0,0.0,0.0,0.0,12.0,Z01
201300046058,0,7,0,0.0,0.0,8.0,0.0,A01
201300046058,1,14,0,0.0,2.0,7.0,0.0,Z01
201300046059,0,7,0,4.0,0.0,3.0,11.0,A01
201300046060,0,7,0,0.0,0.0,9.0,0.0,A01
201300046061,0,7,0,0.0,0.0,3.0,0.0,A01
201300046062,0,7,0,0.0,2.0,3.0,0.0,A01
201300046062,0,7,0,0.0,2.0,7.0,0.0,B01
201300046063,0,15,0,0.0,2.0,2.0,12.0,A01
201300046063,0,7,0,0.0,2.0,3.0,1.0,B01
201300046064,0,7,0,0.0,2.0,4.0,2.0,A01
201300046064,0,10,0,0.0,2.0,1.0,2.0,B01
201300046065,0,31,0,0.0,2.0,9.0,3.0,A01
201300046065,0,7,0,0.0,2.0,6.0,2.0,B01
201300046066,0,15,0,0.0,2.0,2.0,1.0,A01
201300046066,0,7,0,0.0,2.0,4.0,12.0,B01
201300046067,0,33,0,3.0,0.0,8.0,0.0,A01
201300046068,0,7,0,0.0,2.0,4.0,0.0,A01
201300046068,0,7,0,0.0,2.0,4.0,0.0,B01
201300046068,0,7,0,0.0,2.0,1.0,0.0,C01
201300046068,0,7,0,0.0,2.0,1.0,0.0,D01
201300046069,0,7,0,0.0,0.0,0.0,0.0,A01
201300046069,0,7,0,0.0,0.0,0.0,0.0,B01
201300046070,0,15,0,0.0,2.0,1.0,2.0,A01
201300046070,0,7,0,0.0,0.0,4.0,2.0,B01
201300046070,0,10,0,1.0,0.0,2.0,2.0,C01
201300046071,0,7,0,0.0,2.0,1.0,0.0,A01
201300046071,0,7,0,0.0,2.0,4.0,0.0,B01
201300046071,0,7,0,0.0,2.0,1.0,0.0,C01
201300046072,0,7,0,3.0,0.0,1.0,1.0,A01
201300046073,0,7,0,3.0,2.0,2.0,0.0,A01
201300046073,0,7,0,0.0,2.0,6.0,0.0,B01
201300046074,0,7,0,4.0,0.0,9.0,0.0,A01
201300046075,0,7,0,3.0,0.0,1.0,0.0,A01
201300046076,0,7,0,0.0,2.0,7.0,1.0,A01
201300046076,0,7,0,0.0,2.0,3.0,9.0,B01
201300046077,0,7,0,3.0,0.0,9.0,0.0,A01
201300046078,0,7,0,0.0,2.0,2.0,2.0,A01
201300046078,0,7,0,0.0,0.0,6.0,2.0,B01
201300046078,0,7,0,0.0,0.0,6.0,0.0,C01
201300046079,0,7,0,4.0,0.0,9.0,0.0,A01
201300046080,0,7,0,3.0,0.0,1.0,0.0,A01
201300046081,0,7,0,3.0,0.0,1.0,0.0,A01
201300046082,0,7,0,3.0,0.0,9.0,0.0,A01
201300046083,0,7,0,4.0,0.0,1.0,1.0,A01
201300046084,0,33,0,0.0,2.0,3.0,3.0,B01
201300046084,1,7,0,0.0,0.0,5.0,12.0,Z01
201300046085,0,7,0,3.0,0.0,1.0,14.0,A01
201300046086,0,7,0,4.0,0.0,9.0,0.0,A01
201300046087,0,7,0,3.0,0.0,1.0,1.0,A01
201300046088,0,7,0,4.0,0.0,9.0,9.0,A01
201300046089,0,7,0,0.0,2.0,1.0,1.0,A01
201300046089,0,7,0,0.0,2.0,1.0,2.0,B01
201300046090,0,7,0,4.0,0.0,1.0,0.0,A01
201300046091,0,7,0,3.0,0.0,1.0,0.0,A01
201300046092,0,7,0,0.0,2.0,2.0,2.0,B01
201300046092,0,7,0,0.0,2.0,1.0,1.0,A01
201300046093,0,7,0,4.0,0.0,9.0,13.0,A01
201300046094,0,7,0,4.0,0.0,9.0,1.0,A01
201300046095,0,7,0,7.0,0.0,2.0,1.0,A01
201300046096,0,3,0,0.0,2.0,3.0,1.0,A01
201300046096,0,7,0,0.0,2.0,5.0,17.0,B01
201300046097,0,33,0,0.0,2.0,2.0,0.0,A01
201300046097,0,7,0,0.0,2.0,6.0,0.0,B01
201300046097,0,7,0,0.0,2.0,2.0,0.0,C01
201300046098,0,7,0,0.0,2.0,2.0,1.0,B01
201300046098,0,33,0,0.0,2.0,3.0,3.0,A01
201300046099,0,7,0,0.0,0.0,4.0,2.0,A01
201300046099,0,7,0,0.0,2.0,1.0,2.0,B01
201300046100,0,10,0,0.0,2.0,5.0,2.0,C01
201300046100,0,7,0,0.0,2.0,6.0,2.0,B01
201300046100,0,33,0,0.0,2.0,9.0,11.0,A01
201300046101,0,7,0,0.0,2.0,4.0,2.0,B01
201300046101,0,33,0,0.0,2.0,1.0,1.0,A01
201300046102,0,7,0,0.0,2.0,4.0,0.0,A01
201300046102,0,7,0,1.0,0.0,1.0,0.0,B01
201300046103,0,7,0,4.0,0.0,1.0,1.0,A01
201300046104,0,7,0,0.0,2.0,4.0,0.0,A01
201300046104,0,7,0,0.0,2.0,1.0,0.0,B01
201300046105,0,7,0,3.0,2.0,6.0,1.0,A01
201300046105,0,14,0,0.0,2.0,2.0,1.0,B01
201300046106,0,7,0,0.0,2.0,3.0,1.0,A01
201300046106,0,7,0,0.0,2.0,7.0,9.0,B01
201300046107,0,7,0,3.0,0.0,4.0,0.0,A01
201300046108,0,7,0,4.0,0.0,1.0,9.0,A01
201300046109,0,10,0,4.0,0.0,1.0,1.0,A01
201300046110,0,7,0,9.0,0.0,1.0,1.0,A01
201300046111,0,16,0,0.0,2.0,2.0,12.0,A01
201300046111,0,7,0,4.0,2.0,8.0,0.0,B01
201300046112,0,33,0,0.0,2.0,7.0,17.0,A01
201300046112,0,7,0,0.0,2.0,8.0,17.0,B01
201300046113,0,7,0,0.0,0.0,0.0,23.0,A01
201300046113,0,33,0,1.0,0.0,0.0,2.0,B01
201300046114,0,7,0,0.0,0.0,4.0,1.0,A01
201300046114,0,7,0,0.0,0.0,1.0,2.0,B01
201300046115,0,7,0,16.0,0.0,9.0,1.0,A01
201300046116,0,34,0,6.0,0.0,7.0,0.0,A01
201300046117,0,7,0,4.0,0.0,1.0,0.0,A01
201300046118,0,7,0,0.0,2.0,1.0,1.0,A01
201300046118,0,7,0,0.0,2.0,4.0,1.0,B01
201300046118,0,7,0,0.0,0.0,4.0,1.0,C01
201300046119,2,7,0,0.0,0.0,1.0,0.0,A01
201300046119,0,7,0,0.0,0.0,2.0,0.0,B01
201300046119,0,10,0,0.0,0.0,8.0,0.0,C01
201300046119,0,10,0,0.0,0.0,3.0,0.0,D01
201300046120,0,7,0,4.0,0.0,3.0,0.0,A01
201300046121,0,33,0,0.0,2.0,1.0,3.0,B01
201300046121,0,7,0,0.0,2.0,5.0,12.0,A01
201300046122,0,7,0,0.0,2.0,5.0,2.0,A01
201300046122,0,33,0,0.0,2.0,3.0,3.0,B01
201300046123,0,30,0,7.0,0.0,1.0,0.0,A01
201300046124,0,33,0,16.0,0.0,3.0,3.0,A01
201300046125,0,7,0,0.0,2.0,6.0,0.0,A01
201300046125,0,33,0,0.0,2.0,8.0,3.0,B01
201300046126,0,15,0,0.0,2.0,2.0,0.0,A01
201300046126,0,7,0,0.0,2.0,1.0,0.0,B01
201300046127,0,33,0,0.0,0.0,1.0,1.0,A01
201300046128,0,7,0,0.0,2.0,7.0,12.0,A01
201300046128,0,34,0,0.0,2.0,6.0,1.0,B01
201300046129,0,33,0,0.0,2.0,7.0,0.0,A01
201300046130,0,7,0,0.0,2.0,0.0,0.0,A01
201300046130,0,7,0,0.0,2.0,4.0,0.0,B01
201300046131,0,7,0,3.0,0.0,3.0,1.0,A01
201300046132,0,37,1,0.0,2.0,1.0,1.0,A01
201300046133,0,33,0,4.0,2.0,7.0,3.0,A01
201300046133,0,7,0,0.0,2.0,1.0,17.0,B01
201300046134,0,7,0,6.0,0.0,2.0,1.0,A01
201300046135,0,33,0,0.0,2.0,1.0,3.0,A01
201300046135,0,7,0,0.0,0.0,4.0,1.0,B01
201300046136,0,33,0,0.0,0.0,1.0,0.0,A01
201300046137,0,7,0,4.0,0.0,1.0,1.0,A01
201300046138,0,7,0,4.0,2.0,4.0,1.0,B01
201300046138,0,7,0,0.0,2.0,1.0,0.0,C01
201300046138,0,7,0,0.0,2.0,0.0,0.0,A01
201300046139,0,33,0,0.0,2.0,1.0,1.0,A01
201300046139,0,7,0,0.0,2.0,4.0,2.0,B01
201300046140,0,10,0,0.0,2.0,4.0,2.0,B01
201300046140,0,7,0,0.0,2.0,1.0,1.0,A01
201300046141,0,34,0,0.0,2.0,8.0,0.0,B01
201300046141,0,7,0,0.0,2.0,8.0,0.0,A01
201300046142,0,15,0,16.0,0.0,1.0,1.0,A01
201300046143,0,7,0,0.0,2.0,5.0,2.0,B01
201300046143,0,7,0,0.0,2.0,4.0,12.0,A01
201300046143,0,33,0,0.0,2.0,1.0,3.0,C01
201300046144,0,7,0,0.0,2.0,1.0,0.0,A01
201300046144,0,7,0,0.0,2.0,4.0,0.0,B01
201300046145,0,34,0,0.0,2.0,8.0,1.0,A01
201300046145,1,10,0,0.0,2.0,7.0,12.0,Z01
201300046146,0,10,0,0.0,2.0,4.0,2.0,A01
201300046146,0,32,0,0.0,2.0,1.0,1.0,B01
201300046147,0,13,0,0.0,2.0,4.0,2.0,A01
201300046147,0,7,0,0.0,2.0,1.0,2.0,B01
201300046148,0,7,0,16.0,0.0,0.0,1.0,A01
201300046149,0,7,0,0.0,2.0,1.0,2.0,A01