Num_Acc,senc,catv,occutc,obs,obsm,choc,manv,num_veh
201300046149,0,7,0,0.0,2.0,4.0,2.0,B01
201300046149,0,7,0,0.0,0.0,4.0,2.0,C01
201300046150,0,10,0,0.0,2.0,4.0,23.0,B01
201300046150,0,10,0,0.0,2.0,4.0,23.0,C01
201300046150,0,14,0,1.0,1.0,1.0,1.0,A01
201300046151,0,7,0,4.0,0.0,1.0,0.0,A01
201300046152,0,31,0,0.0,0.0,7.0,0.0,A01
201300046153,0,7,0,0.0,0.0,8.0,21.0,A01
201300046154,0,7,0,0.0,0.0,1.0,0.0,A01
201300046155,1,7,0,4.0,1.0,0.0,1.0,Z01
201300046156,0,14,0,0.0,2.0,1.0,2.0,C01
201300046156,0,7,0,0.0,2.0,4.0,2.0,B01
201300046156,0,33,0,0.0,2.0,2.0,1.0,A01
201300046157,0,7,0,0.0,2.0,4.0,1.0,B01
201300046157,0,33,0,0.0,2.0,2.0,1.0,C01
201300046157,0,7,0,0.0,2.0,3.0,11.0,A01
201300046158,0,7,0,0.0,2.0,6.0,0.0,A01
201300046158,0,31,0,0.0,2.0,2.0,2.0,B01
201300046159,0,7,0,16.0,0.0,9.0,1.0,A01
201300046160,0,7,0,10.0,0.0,1.0,1.0,A01
201300046161,0,7,0,0.0,0.0,1.0,1.0,A01
201300046162,0,33,0,0.0,0.0,1.0,0.0,A01
201300046163,0,10,0,0.0,0.0,8.0,1.0,C01
201300046163,0,31,0,0.0,2.0,1.0,0.0,A01
201300046163,0,7,0,0.0,0.0,4.0,0.0,B01
201300046164,0,7,0,0.0,2.0,1.0,1.0,A01
201300046164,0,10,0,0.0,2.0,4.0,2.0,B01
201300046165,0,33,0,0.0,0.0,0.0,0.0,A01
201300046166,0,7,0,16.0,0.0,8.0,13.0,A01
201300046167,0,34,0,0.0,2.0,1.0,3.0,A01
201300046167,0,7,0,0.0,2.0,8.0,12.0,B01
201300046168,0,34,0,16.0,0.0,3.0,1.0,A01
201300046169,0,7,0,16.0,0.0,9.0,12.0,A01
201300046170,0,7,0,4.0,0.0,4.0,13.0,A01
201300046171,0,7,0,4.0,0.0,1.0,13.0,A01
201300046172,0,7,0,0.0,6.0,1.0,1.0,A01
201300046173,0,7,0,0.0,2.0,4.0,0.0,B01
201300046173,0,34,0,0.0,2.0,3.0,0.0,C01
201300046173,0,7,0,0.0,2.0,2.0,1.0,A01
201300046174,0,7,0,0.0,2.0,2.0,12.0,B01
201300046174,0,32,0,0.0,2.0,3.0,1.0,A01
201300046175,0,7,0,0.0,0.0,1.0,1.0,A01
201300046175,0,7,0,0.0,2.0,4.0,2.0,B01
201300046176,0,7,0,0.0,2.0,4.0,2.0,B01
201300046176,0,33,0,0.0,0.0,1.0,1.0,A01
201300046177,0,7,0,0.0,0.0,5.0,1.0,A01
201300046177,0,7,0,0.0,0.0,1.0,11.0,B01
201300046178,0,7,0,0.0,0.0,6.0,1.0,A01
201300046178,0,7,0,0.0,2.0,1.0,2.0,B01
201300046179,0,32,0,0.0,2.0,2.0,0.0,A01
201300046179,0,7,0,0.0,2.0,5.0,1.0,C01
201300046179,0,20,0,0.0,0.0,0.0,0.0,B01
201300046180,0,7,0,0.0,2.0,2.0,12.0,A01
201300046180,0,7,0,0.0,2.0,4.0,2.0,B01
201300046181,0,10,0,0.0,0.0,4.0,0.0,B01
201300046181,0,10,0,0.0,0.0,3.0,12.0,C01
201300046181,0,32,0,0.0,2.0,9.0,2.0,D01
201300046182,0,7,0,0.0,0.0,3.0,0.0,B01
201300046182,1,7,0,0.0,2.0,2.0,0.0,Z01
201300046182,0,7,0,0.0,0.0,8.0,0.0,C01
201300046183,0,7,0,4.0,0.0,2.0,13.0,A01
201300046184,0,7,0,3.0,0.0,8.0,0.0,A01
201300046185,0,7,0,0.0,2.0,4.0,11.0,A01
201300046185,0,33,0,0.0,2.0,4.0,3.0,B01
201300046186,0,7,0,4.0,2.0,3.0,1.0,A01
201300046186,0,14,0,0.0,2.0,4.0,2.0,C01
201300046186,0,7,0,0.0,2.0,9.0,2.0,B01
201300046187,0,7,0,0.0,2.0,4.0,2.0,A01
201300046187,0,7,0,0.0,2.0,1.0,1.0,B01
201300046188,0,33,0,3.0,0.0,1.0,1.0,A01
201300046189,0,33,0,0.0,2.0,8.0,21.0,B01
201300046189,0,7,0,0.0,2.0,5.0,2.0,A01
201300046190,0,15,0,0.0,2.0,2.0,0.0,B01
201300046190,0,7,0,4.0,2.0,8.0,0.0,A01
201300046191,0,7,0,4.0,0.0,1.0,1.0,A01
201300046192,0,13,0,4.0,0.0,1.0,1.0,A01
201300046192,0,7,0,4.0,0.0,1.0,21.0,B01
201300046193,0,7,0,0.0,2.0,4.0,2.0,C01
201300046193,0,7,0,0.0,2.0,4.0,2.0,B01
201300046193,0,7,0,0.0,2.0,1.0,1.0,A01
201300046194,0,33,0,0.0,2.0,8.0,3.0,A01
201300046194,0,7,0,0.0,2.0,7.0,1.0,B01
201300046195,0,33,0,0.0,2.0,2.0,17.0,B01
201300046195,0,7,0,0.0,2.0,3.0,1.0,A01
201300046196,0,7,0,0.0,2.0,4.0,1.0,C01
201300046196,0,7,0,0.0,2.0,2.0,12.0,B01
201300046196,0,33,0,0.0,2.0,1.0,3.0,A01
201300046197,0,7,0,0.0,2.0,4.0,2.0,A01
201300046197,0,7,0,0.0,2.0,1.0,1.0,B01
201300046198,0,10,0,0.0,0.0,4.0,2.0,B01
201300046198,0,10,0,0.0,2.0,1.0,1.0,A01
201300046199,0,7,0,0.0,2.0,0.0,1.0,B01
201300046199,0,7,0,0.0,2.0,0.0,1.0,A01
201300046199,1,7,0,0.0,0.0,0.0,0.0,Z01
201300046199,0,7,0,0.0,2.0,0.0,1.0,C01
201300046200,0,7,0,0.0,2.0,6.0,1.0,B01
201300046200,0,33,0,0.0,2.0,1.0,3.0,A01
201300046201,0,33,0,0.0,2.0,7.0,3.0,C01
201300046201,0,7,0,0.0,2.0,5.0,0.0,A01
201300046201,0,7,0,0.0,2.0,8.0,0.0,B01
201300046202,0,7,0,0.0,2.0,4.0,21.0,B01
201300046202,0,7,0,0.0,2.0,1.0,1.0,A01
201300046202,0,7,0,0.0,2.0,9.0,2.0,C01
201300046203,0,33,0,0.0,2.0,1.0,3.0,A01
201300046203,0,7,0,0.0,2.0,2.0,12.0,B01
201300046204,2,7,0,0.0,2.0,2.0,16.0,B01
201300046204,0,7,0,0.0,2.0,3.0,1.0,A01
201300046205,0,7,0,4.0,0.0,3.0,0.0,A01
201300046206,0,14,0,4.0,0.0,3.0,6.0,A01
201300046207,0,7,0,0.0,2.0,5.0,1.0,A01
201300046207,0,34,0,0.0,2.0,1.0,3.0,B01
201300046208,0,7,0,16.0,0.0,9.0,14.0,A01
201300046209,0,15,0,0.0,2.0,1.0,0.0,A01
201300046209,0,7,0,0.0,2.0,8.0,0.0,B01
201300046210,0,15,0,0.0,2.0,1.0,1.0,A01
201300046210,0,7,0,0.0,2.0,4.0,2.0,B01
201300046210,0,7,0,0.0,2.0,4.0,2.0,C01
201300046211,0,7,0,3.0,0.0,7.0,14.0,A01
201300046212,0,7,0,0.0,2.0,4.0,2.0,B01
201300046212,0,7,0,0.0,2.0,1.0,1.0,A01
201300046213,0,7,0,0.0,0.0,1.0,0.0,A01
201300046214,0,7,0,0.0,2.0,8.0,2.0,A01
201300046214,0,7,0,0.0,2.0,2.0,0.0,B01
201300046215,0,34,0,0.0,2.0,1.0,2.0,B01
201300046215,0,7,0,0.0,2.0,5.0,12.0,A01
201300046216,0,33,0,0.0,2.0,1.0,0.0,B01
201300046216,0,7,0,0.0,2.0,4.0,0.0,A01
201300046217,0,33,0,0.0,2.0,1.0,0.0,A01
201300046218,0,7,0,0.0,2.0,9.0,23.0,A01
201300046218,0,14,0,0.0,2.0,8.0,1.0,B01
201300046218,0,7,0,0.0,2.0,7.0,21.0,C01
201300046218,0,7,0,0.0,2.0,1.0,1.0,D01
201300046219,0,7,0,0.0,2.0,4.0,2.0,C01
201300046219,0,7,0,0.0,2.0,4.0,2.0,B01
201300046219,0,7,0,0.0,2.0,1.0,1.0,A01
201300046220,0,7,0,0.0,2.0,8.0,17.0,A01
201300046221,0,7,0,0.0,2.0,3.0,1.0,A01
201300046221,0,10,0,0.0,2.0,7.0,9.0,B01
201300046222,0,33,0,0.0,0.0,8.0,3.0,A01
201300046222,0,7,0,0.0,0.0,2.0,2.0,B01
201300046223,0,7,0,0.0,0.0,0.0,0.0,B01
201300046223,0,34,0,0.0,0.0,0.0,0.0,A01
201300046224,0,34,0,0.0,2.0,8.0,3.0,B01
201300046224,0,7,0,0.0,2.0,7.0,12.0,A01
201300046225,0,7,0,0.0,2.0,3.0,9.0,A01
201300046225,0,15,0,0.0,2.0,2.0,1.0,B01
201300046226,0,31,0,0.0,2.0,7.0,3.0,A01
201300046226,0,7,0,0.0,0.0,3.0,13.0,B01
201300046227,0,31,0,0.0,2.0,1.0,1.0,B01
201300046227,0,10,0,0.0,2.0,4.0,1.0,A01
201300046228,0,7,0,0.0,0.0,4.0,2.0,A01
201300046228,0,7,0,0.0,2.0,1.0,1.0,B01
201300046229,0,7,0,4.0,0.0,2.0,6.0,A01
201300046230,0,34,0,0.0,2.0,3.0,1.0,B01
201300046230,0,7,0,0.0,2.0,2.0,12.0,A01
201300046231,0,7,0,0.0,2.0,1.0,0.0,B01
201300046231,0,7,0,0.0,2.0,4.0,0.0,G01
201300046231,0,7,0,0.0,2.0,1.0,0.0,A01
201300046231,0,7,0,0.0,2.0,1.0,0.0,F01
201300046231,0,7,0,0.0,2.0,1.0,0.0,C02
201300046231,0,7,0,0.0,2.0,1.0,0.0,D02
201300046231,0,7,0,0.0,2.0,1.0,0.0,E01
201300046232,0,7,0,0.0,2.0,6.0,2.0,B01
201300046232,0,33,0,0.0,2.0,3.0,3.0,A01
201300046233,0,7,0,0.0,2.0,2.0,2.0,A01
201300046233,0,7,0,0.0,2.0,6.0,2.0,B01
201300046234,0,7,0,6.0,0.0,3.0,2.0,A01
201300046235,0,7,0,0.0,0.0,4.0,2.0,D01
201300046235,0,7,0,0.0,2.0,4.0,2.0,C01
201300046235,0,7,0,0.0,2.0,1.0,1.0,A01
201300046235,0,7,0,0.0,2.0,4.0,2.0,B01
201300046236,0,7,0,0.0,2.0,3.0,2.0,A01
201300046236,0,33,0,0.0,2.0,2.0,12.0,B01
201300046237,0,7,0,0.0,0.0,0.0,0.0,A01
201300046237,0,33,0,0.0,0.0,0.0,0.0,B01
201300046238,0,7,0,1.0,2.0,1.0,1.0,A01
201300046238,0,10,0,0.0,2.0,4.0,24.0,B01
201300046239,0,33,0,0.0,0.0,0.0,1.0,A01
201300046240,0,15,0,0.0,2.0,4.0,2.0,B01
201300046240,0,7,0,0.0,2.0,1.0,0.0,A01
201300046241,0,32,0,0.0,2.0,0.0,0.0,B01
201300046241,0,7,0,0.0,2.0,0.0,0.0,A01
201300046242,0,7,0,0.0,2.0,4.0,2.0,A01
201300046242,0,32,0,0.0,2.0,1.0,2.0,B01
201300046243,0,7,0,0.0,2.0,4.0,2.0,A01
201300046243,0,7,0,0.0,2.0,1.0,2.0,B01
201300046244,0,7,0,0.0,2.0,0.0,0.0,B01
201300046244,0,7,0,4.0,2.0,0.0,0.0,A01
201300046245,0,7,0,0.0,2.0,2.0,0.0,A01
201300046245,0,33,0,0.0,2.0,8.0,0.0,B01
201300046246,1,7,0,0.0,2.0,2.0,12.0,Z01
201300046246,0,33,0,0.0,2.0,6.0,3.0,A01
201300046247,0,33,0,0.0,0.0,0.0,3.0,A01
201300046248,0,7,0,0.0,2.0,8.0,1.0,C01
201300046248,0,7,0,0.0,2.0,3.0,11.0,B01
201300046248,0,33,0,0.0,2.0,2.0,3.0,A01
201300046249,0,10,0,0.0,2.0,1.0,2.0,A01
201300046249,0,7,0,0.0,0.0,4.0,1.0,B01
201300046250,0,7,0,0.0,2.0,4.0,2.0,C01
201300046250,0,33,0,0.0,2.0,2.0,3.0,B01
201300046250,0,7,0,0.0,2.0,8.0,11.0,A01
201300046251,0,32,0,0.0,0.0,8.0,0.0,A01
201300046252,0,7,0,3.0,0.0,9.0,13.0,A01
201300046253,0,7,0,0.0,2.0,1.0,1.0,A01
201300046253,0,7,0,0.0,2.0,4.0,2.0,B01
201300046254,0,2,0,0.0,2.0,4.0,2.0,A01
201300046254,0,7,0,0.0,2.0,2.0,1.0,B01
201300046255,0,7,0,2.0,0.0,1.0,14.0,A01
201300046256,0,32,0,0.0,0.0,0.0,0.0,A01
201300046257,0,33,0,0.0,2.0,7.0,1.0,A01
201300046257,0,7,0,0.0,2.0,8.0,2.0,B01
201300046258,0,33,0,0.0,2.0,7.0,3.0,A01
201300046258,0,7,0,0.0,2.0,3.0,11.0,B01
201300046259,0,33,0,0.0,9.0,1.0,0.0,B01
201300046259,0,7,0,0.0,9.0,0.0,0.0,A01
201300046260,1,33,0,0.0,2.0,5.0,2.0,Z01
201300046260,0,34,0,0.0,2.0,0.0,2.0,A01
201300046261,0,33,0,0.0,2.0,9.0,2.0,B01
201300046261,0,32,0,1.0,2.0,1.0,3.0,A01
201300046261,0,33,0,0.0,2.0,4.0,2.0,D01
201300046261,0,33,0,0.0,2.0,9.0,2.0,C01
201300046262,0,33,0,0.0,0.0,0.0,0.0,A01
201300046262,0,7,0,0.0,0.0,0.0,0.0,B01
201300046263,0,34,0,0.0,2.0,7.0,3.0,C01
201300046263,0,7,0,0.0,2.0,8.0,2.0,A01
201300046263,0,7,0,0.0,2.0,2.0,1.0,B01
201300046264,0,7,0,0.0,2.0,2.0,1.0,A01
201300046264,0,7,0,0.0,2.0,9.0,12.0,B01
201300046264,0,15,0,0.0,2.0,2.0,21.0,C01
201300046265,0,7,0,0.0,2.0,3.0,1.0,A01
201300046265,0,15,0,0.0,2.0,2.0,11.0,B01
201300046266,0,7,0,0.0,2.0,3.0,11.0,A01
201300046266,0,32,0,0.0,2.0,1.0,3.0,B01
201300046267,0,7,0,0.0,2.0,1.0,1.0,A01
201300046267,0,7,0,0.0,2.0,4.0,2.0,B01
201300046267,0,7,0,0.0,2.0,4.0,2.0,C01
201300046268,0,33,0,0.0,2.0,1.0,1.0,B01
201300046268,0,10,0,0.0,2.0,2.0,14.0,A01
201300046269,0,7,0,0.0,2.0,4.0,1.0,B01
201300046269,0,7,0,0.0,2.0,4.0,1.0,D01
201300046269,0,7,0,0.0,2.0,1.0,1.0,A01
201300046269,0,7,0,0.0,2.0,4.0,2.0,E01
201300046269,0,7,0,0.0,2.0,4.0,1.0,C01
201300046270,0,7,0,4.0,0.0,8.0,0.0,A01
201300046271,0,7,0,0.0,0.0,7.0,0.0,A01
201300046271,0,33,0,0.0,0.0,8.0,3.0,B01
201300046272,0,7,0,0.0,2.0,4.0,0.0,C01
201300046272,0,7,0,0.0,2.0,1.0,0.0,A01
201300046272,0,7,0,0.0,2.0,4.0,0.0,B01
201300046273,0,7,0,3.0,2.0,3.0,1.0,B01
201300046273,1,7,0,0.0,2.0,2.0,0.0,Z01
201300046273,0,37,1,0.0,2.0,5.0,1.0,A01
201300046274,0,10,0,0.0,0.0,4.0,2.0,A01
201300046274,0,7,0,0.0,2.0,4.0,2.0,B01
201300046275,0,33,0,0.0,2.0,0.0,3.0,A01
201300046275,0,7,0,0.0,2.0,0.0,1.0,B01
201300046276,0,7,0,0.0,2.0,1.0,0.0,B01
201300046276,0,7,0,0.0,2.0,1.0,0.0,A01
201300046277,0,7,0,3.0,0.0,7.0,11.0,A01
201300046278,0,7,0,0.0,2.0,2.0,1.0,A01
201300046278,0,7,0,4.0,2.0,4.0,11.0,B01
201300046279,0,33,0,16.0,0.0,7.0,3.0,A01
201300046280,0,7,0,0.0,2.0,4.0,2.0,A01
201300046280,0,32,0,0.0,2.0,1.0,1.0,B01
201300046281,0,7,0,0.0,2.0,1.0,1.0,B01
201300046281,0,7,0,0.0,2.0,4.0,2.0,A01
201300046282,0,10,0,0.0,2.0,2.0,0.0,D01
201300046282,0,10,0,0.0,2.0,2.0,0.0,C01
201300046282,0,7,0,0.0,2.0,1.0,2.0,B01
201300046282,0,7,0,0.0,2.0,4.0,0.0,A01
201300046283,0,31,0,0.0,0.0,7.0,21.0,A01
201300046284,0,7,0,4.0,0.0,3.0,13.0,A01
201300046285,0,10,0,0.0,2.0,1.0,1.0,A01
201300046285,0,7,0,0.0,2.0,4.0,2.0,B01
201300046286,0,7,0,0.0,0.0,3.0,2.0,A01
201300046287,0,7,0,0.0,2.0,3.0,1.0,C01
201300046287,0,7,0,0.0,2.0,1.0,1.0,B01
201300046287,0,7,0,0.0,2.0,9.0,13.0,A01
201300046288,0,7,0,4.0,0.0,1.0,13.0,A01
201300046289,0,7,0,4.0,0.0,3.0,13.0,A01
201300046290,0,7,0,0.0,2.0,3.0,0.0,A01
201300046290,0,15,0,0.0,2.0,0.0,0.0,C01
201300046290,0,7,0,0.0,2.0,2.0,0.0,B01
201300046291,0,7,0,0.0,2.0,4.0,2.0,A01
201300046291,0,33,0,0.0,2.0,1.0,1.0,B01
201300046292,0,2,0,14.0,0.0,9.0,1.0,A01
201300046293,0,33,0,4.0,0.0,8.0,13.0,A01
201300046294,0,33,0,16.0,0.0,8.0,21.0,A01
201300046295,0,7,0,0.0,2.0,5.0,12.0,A01
201300046295,0,33,0,0.0,0.0,3.0,3.0,B01
201300046296,0,7,0,0.0,0.0,4.0,2.0,A01
201300046296,0,7,0,0.0,2.0,1.0,2.0,B01
201300046297,0,10,0,0.0,2.0,1.0,1.0,C01
201300046297,0,7,0,0.0,2.0,6.0,13.0,A01
201300046297,0,7,0,0.0,2.0,7.0,1.0,B01
201300046298,0,7,0,0.0,2.0,5.0,0.0,A01
201300046298,0,10,0,0.0,0.0,0.0,0.0,B01
201300046299,0,7,0,0.0,2.0,2.0,12.0,C01
201300046299,0,10,0,0.0,2.0,3.0,0.0,D01
201300046299,0,7,0,0.0,2.0,0.0,0.0,A01
201300046299,0,7,0,0.0,2.0,3.0,0.0,E01
201300046299,0,7,0,0.0,2.0,1.0,0.0,B01
201300046300,0,7,0,5.0,0.0,1.0,0.0,A01
201300046301,0,14,0,0.0,2.0,2.0,12.0,A01
201300046301,0,7,0,0.0,2.0,6.0,2.0,B01
201300046302,0,7,0,0.0,0.0,4.0,0.0,B01
201300046302,0,7,0,0.0,2.0,1.0,0.0,A01
201300046303,0,7,0,4.0,0.0,1.0,13.0,A01
201300046304,0,7,0,0.0,0.0,0.0,0.0,C01
201300046304,0,31,0,0.0,0.0,0.0,0.0,A01
201300046304,0,7,0,0.0,0.0,0.0,0.0,B01
201300046305,0,31,0,0.0,0.0,0.0,0.0,A01
201300046306,0,34,0,0.0,0.0,0.0,1.0,A01
201300046307,0,7,0,3.0,0.0,1.0,1.0,A01
201300046308,0,7,0,4.0,0.0,9.0,0.0,A01
201300046309,0,7,0,0.0,0.0,4.0,0.0,A01
201300046310,0,7,0,0.0,2.0,4.0,2.0,A01
201300046311,0,33,0,0.0,2.0,7.0,18.0,A01
201300046311,0,7,0,0.0,2.0,8.0,1.0,B01
201300046312,0,7,0,4.0,0.0,1.0,0.0,A01
201300046313,0,7,0,0.0,2.0,6.0,1.0,A01
201300046313,0,7,0,0.0,2.0,7.0,14.0,B01
201300046314,0,7,0,5.0,0.0,1.0,11.0,A01
201300046315,0,33,0,4.0,0.0,9.0,13.0,A01
201300046316,0,31,0,0.0,2.0,4.0,2.0,A01
201300046316,1,7,0,0.0,2.0,1.0,1.0,Z01
201300046317,0,15,0,0.0,2.0,2.0,0.0,A01
201300046317,0,7,0,0.0,2.0,4.0,1.0,B01
201300046318,0,33,0,0.0,0.0,8.0,0.0,A01
201300046319,0,7,0,4.0,2.0,8.0,2.0,B01
201300046319,0,15,0,0.0,2.0,2.0,12.0,A01
201300046320,0,7,0,0.0,2.0,7.0,0.0,B01
201300046320,0,7,0,0.0,2.0,3.0,0.0,A01
201300046321,0,7,0,4.0,0.0,1.0,14.0,A01
201300046322,0,7,0,4.0,0.0,1.0,15.0,A01
201300046323,0,14,0,1.0,0.0,2.0,21.0,A01
201300046323,0,7,0,0.0,2.0,3.0,23.0,B01
201300046324,0,7,0,0.0,2.0,1.0,13.0,A01
201300046324,0,14,0,0.0,2.0,5.0,2.0,B01
201300046325,0,7,0,0.0,2.0,7.0,12.0,B01
201300046325,0,33,0,0.0,2.0,8.0,3.0,A01
201300046326,0,33,0,16.0,0.0,7.0,14.0,A01
201300046327,0,7,0,4.0,0.0,3.0,13.0,A01
201300046328,0,7,0,4.0,0.0,4.0,0.0,A01
201300046329,0,7,0,4.0,0.0,3.0,0.0,A01
201300046330,0,7,0,0.0,0.0,4.0,24.0,B01
201300046330,0,7,0,1.0,0.0,2.0,14.0,A01
201300046331,0,7,0,0.0,2.0,1.0,0.0,A01
201300046332,0,7,0,0.0,2.0,1.0,1.0,A01
201300046332,0,7,0,0.0,2.0,0.0,1.0,B01
201300046332,0,7,0,0.0,2.0,4.0,1.0,C01
201300046333,0,7,0,16.0,0.0,9.0,1.0,A01
201300046334,0,7,0,0.0,2.0,4.0,2.0,B01
201300046334,0,7,0,0.0,2.0,1.0,2.0,A01
201300046335,0,7,0,0.0,2.0,4.0,2.0,B01
201300046335,0,7,0,0.0,2.0,1.0,1.0,A01
201300046336,0,7,0,0.0,2.0,1.0,1.0,B01
201300046336,0,7,0,4.0,2.0,4.0,2.0,A01
201300046337,0,10,0,3.0,0.0,4.0,21.0,A01
201300046338,0,7,0,4.0,0.0,3.0,1.0,A01
201300046339,0,10,0,0.0,0.0,6.0,1.0,B01
201300046339,0,10,0,4.0,2.0,1.0,0.0,A01
201300046340,0,7,0,4.0,0.0,8.0,13.0,A01
201300046341,0,7,0,4.0,0.0,1.0,0.0,A01
201300046342,0,7,0,0.0,2.0,4.0,1.0,B01
201300046342,0,7,0,4.0,2.0,7.0,14.0,A01
201300046343,0,7,0,16.0,0.0,9.0,1.0,A01
201300046344,0,7,0,4.0,0.0,1.0,1.0,A01
201300046345,0,7,0,4.0,0.0,2.0,1.0,A01
201300046346,0,7,0,4.0,0.0,1.0,0.0,A01
201300046347,0,7,0,4.0,0.0,3.0,0.0,A01
201300046348,0,7,0,0.0,2.0,5.0,0.0,C01
201300046348,0,32,0,0.0,2.0,8.0,3.0,A01
201300046348,0,32,0,0.0,2.0,5.0,3.0,B01
201300046349,0,7,0,0.0,2.0,4.0,2.0,A01
201300046349,0,7,0,0.0,2.0,1.0,1.0,D01
201300046349,0,7,0,0.0,2.0,4.0,2.0,C01
201300046349,0,7,0,0.0,2.0,4.0,2.0,B01
201300046350,0,13,0,0.0,2.0,4.0,2.0,B01
201300046350,0,13,0,0.0,0.0,4.0,2.0,E01
201300046350,0,13,0,0.0,2.0,1.0,2.0,A01
201300046350,0,7,0,0.0,2.0,4.0,2.0,C01
201300046350,0,7,0,0.0,2.0,4.0,2.0,D01
201300046351,0,7,0,3.0,0.0,1.0,1.0,A01
201300046352,0,7,0,0.0,2.0,4.0,1.0,A01
201300046352,0,7,0,0.0,2.0,1.0,1.0,B01
201300046353,0,7,0,0.0,0.0,4.0,2.0,C01
201300046353,0,7,0,0.0,0.0,4.0,2.0,A01
201300046353,0,7,0,0.0,0.0,1.0,2.0,B01
201300046354,0,33,0,4.0,0.0,9.0,13.0,A01
201300046355,0,7,0,0.0,0.0,4.0,2.0,B01
201300046355,0,7,0,0.0,0.0,1.0,2.0,A01
201300046355,0,7,0,0.0,0.0,4.0,2.0,C01
201300046355,0,7,0,0.0,0.0,4.0,2.0,D01
201300046356,0,7,0,0.0,2.0,1.0,1.0,A01
201300046356,0,15,0,0.0,2.0,5.0,2.0,B01
201300046357,0,33,0,0.0,2.0,1.0,12.0,A01
201300046357,0,7,0,0.0,2.0,5.0,1.0,B01
201300046358,0,7,0,0.0,2.0,1.0,0.0,B01
201300046358,0,7,0,0.0,2.0,4.0,1.0,A01
201300046359,0,10,0,3.0,0.0,3.0,0.0,A01
201300046360,0,33,0,16.0,0.0,9.0,1.0,A01
201300046361,0,7,0,0.0,2.0,9.0,0.0,C01
201300046361,0,15,0,0.0,2.0,2.0,1.0,B01
201300046361,0,7,0,0.0,2.0,3.0,11.0,A01
201300046362,0,7,0,0.0,2.0,9.0,1.0,B01
201300046362,0,7,0,0.0,2.0,1.0,1.0,A01
201300046362,0,7,0,0.0,2.0,4.0,1.0,C01
201300046363,0,7,0,4.0,0.0,1.0,1.0,A01
201300046364,0,7,0,4.0,0.0,9.0,0.0,A01
201300046365,0,7,0,4.0,0.0,1.0,13.0,A01
201300046366,0,7,0,0.0,2.0,4.0,2.0,A01
201300046366,0,33,0,0.0,2.0,1.0,1.0,B01
201300046367,0,7,0,0.0,2.0,4.0,2.0,B01
201300046367,0,10,0,0.0,0.0,4.0,2.0,D01
201300046367,0,7,0,0.0,2.0,1.0,2.0,A01
201300046367,0,7,0,0.0,2.0,4.0,2.0,C01
201300046368,0,33,0,0.0,2.0,8.0,3.0,A01
201300046368,0,7,0,0.0,2.0,7.0,12.0,B01
201300046369,0,7,0,3.0,0.0,1.0,1.0,A01
201300046370,0,7,0,16.0,0.0,2.0,1.0,A01
201300046371,0,17,0,4.0,0.0,9.0,1.0,A01
201300046372,0,15,0,4.0,0.0,2.0,14.0,A01
201300046373,0,7,0,0.0,2.0,7.0,12.0,A01
201300046373,0,7,0,0.0,2.0,8.0,1.0,B01
201300046373,0,7,0,0.0,2.0,4.0,1.0,C01
201300046373,0,33,0,0.0,2.0,1.0,3.0,D01
201300046374,0,7,0,0.0,2.0,9.0,2.0,A01
201300046374,2,7,0,0.0,2.0,3.0,1.0,Z01
201300046374,0,7,0,1.0,0.0,4.0,2.0,B01
201300046375,0,10,0,3.0,0.0,9.0,1.0,A01
201300046376,0,7,0,0.0,1.0,6.0,1.0,C01
201300046376,0,7,0,0.0,1.0,5.0,0.0,B01
201300046377,1,7,0,0.0,2.0,1.0,2.0,Z01
201300046377,0,7,0,0.0,2.0,4.0,2.0,A01
201300046377,0,7,0,0.0,2.0,4.0,2.0,B01
201300046378,0,7,0,0.0,2.0,4.0,2.0,A01
201300046378,0,7,0,0.0,2.0,7.0,12.0,B01
201300046379,0,7,0,0.0,2.0,1.0,1.0,A01
201300046379,0,7,0,0.0,2.0,4.0,2.0,B01
201300046380,0,14,0,3.0,0.0,1.0,14.0,A01
201300046381,0,7,0,4.0,0.0,3.0,13.0,A01
201300046382,0,7,0,16.0,0.0,9.0,1.0,A01
201300046383,0,7,0,4.0,0.0,2.0,0.0,A01
201300046384,0,7,0,0.0,2.0,0.0,1.0,B01
201300046384,0,7,0,0.0,2.0,1.0,1.0,C01
201300046384,0,7,0,0.0,2.0,4.0,1.0,A01
201300046385,0,14,0,0.0,2.0,7.0,0.0,A01
201300046385,0,33,0,0.0,2.0,8.0,3.0,C01
201300046385,0,7,0,0.0,2.0,6.0,0.0,B01
201300046386,0,34,0,4.0,0.0,1.0,1.0,A01
201300046387,0,7,0,4.0,0.0,1.0,0.0,A01
201300046388,0,33,0,4.0,0.0,9.0,1.0,A01
201300046389,0,34,0,0.0,2.0,1.0,0.0,B01
201300046389,0,7,0,0.0,2.0,8.0,0.0,A01
201300046390,0,7,0,0.0,2.0,4.0,2.0,C01
201300046390,0,7,0,0.0,2.0,4.0,2.0,B01
201300046390,0,10,0,0.0,2.0,1.0,2.0,A01
201300046391,0,10,0,0.0,2.0,1.0,2.0,A01
201300046391,0,14,0,0.0,2.0,4.0,1.0,B01
201300046392,0,7,0,0.0,2.0,6.0,11.0,B01
201300046392,0,33,0,0.0,2.0,7.0,0.0,A01
201300046393,2,7,0,0.0,2.0,1.0,0.0,Z01
201300046393,0,7,0,0.0,2.0,1.0,1.0,D01
201300046393,0,7,0,0.0,2.0,4.0,2.0,A01
201300046393,0,7,0,0.0,2.0,1.0,2.0,C01