Num_Acc,senc,catv,occutc,obs,obsm,choc,manv,num_veh
201300046654,0,7,0,0.0,2.0,4.0,23.0,B01
201300046655,1,7,0,0.0,0.0,4.0,1.0,Z01
201300046655,0,33,0,0.0,2.0,1.0,1.0,A01
201300046656,0,7,0,0.0,2.0,3.0,1.0,B01
201300046656,0,15,0,0.0,2.0,2.0,12.0,A01
201300046657,0,10,0,0.0,2.0,5.0,0.0,A01
201300046657,0,30,0,0.0,2.0,1.0,0.0,B01
201300046658,1,7,0,0.0,2.0,8.0,11.0,Z01
201300046658,0,33,0,0.0,2.0,7.0,21.0,A01
201300046659,0,10,0,0.0,0.0,4.0,23.0,B01
201300046659,0,33,0,1.0,0.0,1.0,14.0,A01
201300046660,0,33,0,16.0,0.0,1.0,0.0,A01
201300046661,0,7,0,3.0,0.0,9.0,14.0,A01
201300046662,0,7,0,0.0,2.0,3.0,0.0,B01
201300046662,0,15,0,0.0,2.0,3.0,0.0,A01
201300046663,0,7,0,0.0,2.0,4.0,0.0,A01
201300046663,0,33,0,0.0,2.0,1.0,0.0,B01
201300046664,0,7,0,0.0,2.0,5.0,12.0,A01
201300046664,0,14,0,0.0,2.0,3.0,1.0,B01
201300046665,0,33,0,0.0,2.0,8.0,3.0,A01
201300046665,0,7,0,0.0,2.0,7.0,12.0,B01
201300046666,0,33,0,0.0,9.0,0.0,0.0,A01
201300046667,0,7,0,0.0,2.0,4.0,2.0,B01
201300046667,0,7,0,0.0,2.0,1.0,1.0,A01
201300046668,0,7,0,0.0,2.0,3.0,9.0,A01
201300046668,0,14,0,14.0,2.0,7.0,21.0,B01
201300046669,0,34,0,0.0,2.0,0.0,0.0,B01
201300046669,0,7,0,0.0,2.0,0.0,0.0,A01
201300046670,0,7,0,0.0,2.0,4.0,2.0,B01
201300046670,0,7,0,0.0,2.0,1.0,1.0,A01
201300046671,0,7,0,3.0,0.0,3.0,11.0,A01
201300046672,0,7,0,1.0,0.0,1.0,14.0,A01
201300046672,0,7,0,0.0,2.0,4.0,0.0,B01
201300046673,0,10,0,4.0,2.0,2.0,1.0,B01
201300046673,0,15,0,0.0,2.0,3.0,1.0,C01
201300046673,0,7,0,0.0,2.0,2.0,1.0,A01
201300046674,0,7,0,0.0,2.0,1.0,1.0,B01
201300046674,0,7,0,0.0,2.0,1.0,1.0,A02
201300046674,0,15,0,0.0,2.0,0.0,1.0,C02
201300046674,0,7,0,0.0,2.0,1.0,1.0,F01
201300046674,0,7,0,0.0,2.0,4.0,1.0,G01
201300046674,0,7,0,0.0,2.0,6.0,1.0,E01
201300046674,0,7,0,0.0,2.0,5.0,1.0,D01
201300046675,0,7,0,0.0,2.0,4.0,0.0,A01
201300046675,1,14,0,0.0,2.0,2.0,0.0,Z01
201300046676,0,14,0,0.0,2.0,3.0,0.0,A01
201300046676,0,7,0,0.0,2.0,9.0,0.0,B01
201300046677,0,7,0,0.0,2.0,6.0,11.0,B01
201300046677,0,33,0,0.0,2.0,7.0,1.0,A01
201300046678,0,10,0,0.0,2.0,8.0,1.0,A01
201300046678,0,7,0,0.0,2.0,7.0,12.0,B01
201300046679,0,7,0,0.0,2.0,1.0,2.0,A01
201300046679,0,7,0,0.0,2.0,4.0,2.0,C01
201300046679,0,7,0,0.0,2.0,4.0,2.0,B01
201300046680,0,7,0,4.0,0.0,7.0,14.0,A01
201300046681,0,7,0,0.0,0.0,5.0,2.0,A01
201300046681,0,34,0,0.0,0.0,1.0,18.0,B01
201300046682,0,7,0,4.0,0.0,9.0,1.0,A01
201300046683,0,7,0,13.0,0.0,2.0,14.0,A01
201300046684,0,7,0,4.0,0.0,2.0,14.0,A01
201300046685,0,7,0,0.0,0.0,4.0,0.0,B01
201300046685,0,33,0,0.0,2.0,1.0,0.0,A01
201300046686,0,10,0,0.0,2.0,8.0,1.0,B01
201300046686,0,7,0,3.0,2.0,9.0,13.0,A01
201300046687,0,7,0,0.0,2.0,1.0,2.0,A01
201300046687,0,7,0,0.0,2.0,4.0,2.0,B01
201300046688,0,7,0,0.0,0.0,3.0,0.0,A01
201300046688,0,7,0,0.0,0.0,5.0,0.0,B01
201300046688,0,7,0,0.0,0.0,4.0,0.0,C01
201300046689,0,7,0,3.0,2.0,3.0,1.0,B01
201300046689,0,15,0,0.0,2.0,8.0,1.0,A01
201300046690,0,7,0,0.0,2.0,3.0,11.0,A01
201300046690,0,33,0,0.0,2.0,2.0,3.0,B01
201300046691,0,7,0,0.0,2.0,1.0,1.0,A01
201300046691,0,10,0,0.0,2.0,4.0,2.0,B01
201300046692,0,10,0,0.0,2.0,4.0,0.0,C01
201300046692,0,7,0,0.0,2.0,4.0,0.0,B01
201300046692,0,7,0,0.0,2.0,1.0,0.0,A01
201300046693,0,7,0,0.0,2.0,5.0,1.0,B01
201300046693,0,33,0,0.0,2.0,0.0,0.0,A01
201300046694,0,7,0,0.0,2.0,8.0,1.0,C01
201300046694,0,17,0,0.0,2.0,2.0,1.0,A01
201300046694,0,17,0,0.0,2.0,3.0,1.0,B01
201300046695,0,7,0,0.0,2.0,4.0,2.0,B01
201300046695,0,33,0,0.0,2.0,1.0,1.0,A01
201300046696,0,14,0,0.0,0.0,6.0,0.0,C01
201300046696,0,7,0,0.0,0.0,5.0,2.0,B01
201300046696,0,10,0,0.0,0.0,7.0,0.0,D01
201300046696,0,34,0,0.0,2.0,3.0,3.0,A01
201300046697,0,7,0,0.0,0.0,7.0,0.0,B01
201300046697,0,33,0,0.0,0.0,7.0,0.0,A01
201300046698,0,7,0,0.0,2.0,1.0,2.0,B01
201300046698,0,7,0,0.0,2.0,4.0,2.0,A01
201300046699,0,15,0,0.0,0.0,5.0,1.0,A01
201300046699,0,14,0,3.0,2.0,3.0,1.0,B01
201300046700,0,7,0,4.0,0.0,6.0,1.0,A01
201300046701,0,7,0,0.0,0.0,0.0,0.0,A01
201300046702,0,7,0,0.0,0.0,9.0,1.0,A01
201300046703,0,34,0,0.0,2.0,1.0,0.0,A01
201300046703,0,7,0,0.0,2.0,4.0,0.0,B01
201300046704,0,7,0,4.0,0.0,1.0,13.0,A01
201300046705,0,7,0,4.0,2.0,6.0,0.0,B01
201300046705,0,7,0,0.0,2.0,5.0,0.0,C01
201300046705,0,15,0,0.0,2.0,2.0,0.0,A01
201300046706,0,7,0,4.0,0.0,1.0,0.0,A01
201300046707,0,14,0,6.0,0.0,0.0,2.0,A01
201300046707,0,7,0,0.0,9.0,1.0,2.0,B01
201300046707,0,7,0,0.0,0.0,0.0,2.0,C01
201300046708,0,13,0,0.0,2.0,8.0,1.0,B01
201300046708,0,7,0,0.0,2.0,2.0,0.0,A01
201300046709,0,7,0,0.0,2.0,8.0,2.0,A01
201300046709,0,15,0,0.0,2.0,1.0,2.0,B01
201300046710,0,7,0,0.0,2.0,4.0,2.0,B01
201300046710,0,7,0,0.0,2.0,4.0,2.0,C01
201300046710,0,7,0,0.0,2.0,1.0,1.0,A01
201300046711,0,7,0,0.0,2.0,2.0,12.0,B01
201300046711,0,7,0,0.0,2.0,6.0,2.0,C01
201300046711,0,33,0,0.0,2.0,9.0,2.0,A01
201300046712,0,7,0,0.0,2.0,4.0,2.0,B01
201300046712,0,7,0,0.0,2.0,1.0,1.0,A01
201300046712,0,10,0,0.0,4.0,4.0,2.0,C01
201300046713,0,7,0,0.0,2.0,4.0,2.0,C01
201300046713,0,7,0,0.0,2.0,1.0,1.0,A01
201300046713,0,7,0,0.0,2.0,4.0,2.0,B01
201300046714,0,7,0,0.0,2.0,4.0,2.0,A01
201300046714,0,7,0,0.0,0.0,1.0,1.0,B01
201300046715,0,7,0,4.0,0.0,2.0,0.0,A01
201300046716,0,33,0,0.0,0.0,8.0,0.0,A01
201300046717,0,10,0,0.0,2.0,4.0,0.0,B01
201300046717,0,7,0,0.0,2.0,4.0,0.0,A01
201300046717,0,7,0,0.0,2.0,1.0,0.0,C01
201300046718,0,7,0,0.0,2.0,4.0,2.0,B01
201300046718,0,7,0,0.0,2.0,1.0,2.0,A01
201300046719,0,7,0,4.0,0.0,3.0,13.0,A01
201300046720,0,7,0,4.0,0.0,3.0,14.0,A01
201300046721,0,7,0,4.0,0.0,1.0,14.0,A01
201300046722,0,7,0,16.0,0.0,9.0,1.0,A01
201300046723,0,7,0,1.0,0.0,1.0,12.0,B01
201300046723,0,7,0,0.0,2.0,4.0,23.0,A01
201300046724,0,7,0,0.0,0.0,1.0,1.0,A01
201300046725,0,7,0,0.0,0.0,9.0,0.0,A01
201300046726,0,7,0,3.0,0.0,1.0,2.0,A01
201300046727,0,7,0,0.0,2.0,4.0,2.0,B01
201300046727,0,33,0,0.0,2.0,1.0,1.0,A01
201300046728,0,7,0,0.0,2.0,4.0,2.0,A01
201300046728,0,33,0,0.0,2.0,1.0,1.0,B01
201300046729,0,7,0,4.0,0.0,1.0,0.0,A01
201300046730,0,7,0,0.0,0.0,1.0,2.0,A01
201300046731,0,7,0,3.0,0.0,3.0,0.0,A01
201300046732,0,7,0,0.0,2.0,2.0,21.0,B01
201300046732,0,7,0,0.0,0.0,6.0,2.0,A01
201300046733,0,7,0,0.0,2.0,1.0,2.0,B01
201300046733,0,7,0,0.0,2.0,1.0,2.0,C01
201300046733,0,7,0,0.0,2.0,4.0,2.0,A01
201300046734,0,10,0,0.0,2.0,2.0,2.0,A01
201300046734,0,10,0,0.0,0.0,6.0,2.0,B01
201300046735,0,7,0,0.0,2.0,2.0,2.0,B01
201300046735,0,7,0,0.0,2.0,4.0,2.0,A01
201300046736,0,7,0,0.0,2.0,3.0,11.0,A01
201300046736,0,7,0,0.0,2.0,5.0,1.0,B01
201300046737,0,7,0,4.0,0.0,1.0,1.0,A01
201300046738,0,7,0,4.0,0.0,2.0,12.0,A01
201300046739,2,7,0,0.0,2.0,2.0,0.0,Z01
201300046739,0,7,0,0.0,2.0,3.0,0.0,C01
201300046739,0,7,0,3.0,2.0,1.0,0.0,D01
201300046739,0,7,0,0.0,2.0,8.0,0.0,B01
201300046740,0,7,0,0.0,2.0,1.0,1.0,B01
201300046740,0,7,0,0.0,2.0,4.0,2.0,A01
201300046741,0,7,0,4.0,0.0,3.0,13.0,A01
201300046742,0,7,0,4.0,0.0,1.0,0.0,A01
201300046743,0,7,0,4.0,0.0,3.0,1.0,A01
201300046744,0,7,0,13.0,0.0,9.0,14.0,A01
201300046745,0,7,0,0.0,2.0,1.0,6.0,A01
201300046745,0,7,0,0.0,2.0,1.0,1.0,C01
201300046745,0,7,0,0.0,2.0,3.0,1.0,B01
201300046746,0,7,0,3.0,0.0,1.0,1.0,A01
201300046747,0,7,0,0.0,2.0,1.0,0.0,C01
201300046747,0,7,0,0.0,2.0,4.0,0.0,A01
201300046747,0,7,0,4.0,0.0,1.0,0.0,B01
201300046748,1,99,0,0.0,2.0,2.0,0.0,Z01
201300046748,0,7,0,0.0,2.0,7.0,2.0,B01
201300046748,0,7,0,0.0,2.0,1.0,2.0,A01
201300046749,0,7,0,6.0,0.0,1.0,1.0,A01
201300046750,0,7,0,0.0,0.0,8.0,0.0,A01
201300046750,0,31,0,0.0,0.0,1.0,12.0,B01
201300046751,0,10,0,0.0,1.0,0.0,0.0,A01
201300046752,0,7,0,3.0,0.0,1.0,0.0,A01
201300046753,0,33,0,0.0,0.0,0.0,0.0,A01
201300046754,0,7,0,4.0,0.0,1.0,0.0,A01
201300046755,0,7,0,0.0,2.0,7.0,12.0,A01
201300046755,0,31,0,0.0,2.0,8.0,3.0,B01
201300046756,0,15,0,4.0,0.0,3.0,0.0,A01
201300046757,0,7,0,0.0,2.0,4.0,2.0,B01
201300046757,0,33,0,0.0,2.0,3.0,0.0,D01
201300046757,0,7,0,0.0,2.0,4.0,2.0,C01
201300046757,0,7,0,0.0,2.0,1.0,2.0,A01
201300046758,0,7,0,0.0,0.0,1.0,0.0,A01
201300046759,0,7,0,4.0,0.0,8.0,2.0,A01
201300046760,0,7,0,4.0,0.0,3.0,17.0,A01
201300046761,0,7,0,0.0,0.0,9.0,0.0,A01
201300046762,1,7,0,0.0,0.0,0.0,0.0,Z01
201300046762,0,7,0,1.0,0.0,2.0,1.0,B01
201300046762,0,7,0,1.0,0.0,1.0,1.0,D01
201300046762,0,7,0,1.0,0.0,7.0,1.0,C01
201300046763,0,7,0,3.0,0.0,3.0,2.0,A01
201300046764,0,33,0,0.0,2.0,2.0,0.0,A01
201300046764,0,7,0,0.0,2.0,6.0,0.0,B01
201300046765,0,7,0,0.0,0.0,4.0,2.0,B01
201300046765,0,7,0,0.0,2.0,1.0,2.0,A01
201300046766,0,15,0,0.0,2.0,7.0,0.0,B01
201300046766,0,7,0,0.0,2.0,2.0,1.0,A01
201300046767,0,33,0,0.0,2.0,7.0,3.0,A01
201300046767,0,10,0,0.0,0.0,0.0,1.0,B01
201300046767,0,7,0,0.0,2.0,5.0,1.0,C01
201300046768,0,10,0,0.0,2.0,2.0,12.0,A01
201300046768,0,15,0,0.0,2.0,6.0,1.0,B01
201300046769,0,7,0,0.0,0.0,4.0,23.0,B01
201300046769,0,7,0,0.0,2.0,1.0,0.0,A01
201300046770,0,7,0,4.0,0.0,1.0,1.0,A01
201300046771,0,7,0,0.0,2.0,2.0,0.0,A01
201300046771,0,10,0,0.0,2.0,2.0,0.0,B01
201300046772,0,10,0,0.0,2.0,1.0,0.0,C01
201300046772,0,7,0,0.0,2.0,1.0,0.0,D01
201300046772,0,7,0,0.0,0.0,4.0,0.0,B01
201300046772,0,7,0,0.0,0.0,9.0,0.0,A01
201300046773,0,7,0,0.0,2.0,6.0,20.0,A01
201300046773,0,7,0,0.0,2.0,2.0,1.0,B01
201300046774,0,15,0,3.0,0.0,8.0,0.0,A01
201300046774,0,7,0,1.0,0.0,1.0,0.0,B01
201300046775,0,7,0,0.0,1.0,1.0,2.0,B01
201300046776,0,7,0,0.0,2.0,6.0,2.0,B01
201300046776,0,7,0,0.0,2.0,2.0,2.0,A01
201300046777,0,7,0,14.0,2.0,4.0,2.0,B01
201300046777,0,20,0,4.0,2.0,6.0,2.0,A01
201300046777,0,7,0,1.0,2.0,1.0,2.0,C01
201300046778,0,10,0,4.0,0.0,0.0,0.0,A01
201300046779,0,7,0,0.0,2.0,3.0,11.0,B01
201300046779,0,33,0,0.0,2.0,7.0,3.0,A01
201300046779,0,7,0,0.0,2.0,6.0,2.0,C01
201300046780,0,7,0,0.0,2.0,4.0,2.0,A01
201300046780,0,7,0,0.0,2.0,1.0,2.0,B01
201300046781,0,7,0,0.0,2.0,6.0,2.0,B01
201300046781,0,33,0,0.0,2.0,1.0,2.0,A01
201300046782,0,7,0,0.0,0.0,6.0,11.0,A01
201300046782,0,34,0,0.0,2.0,2.0,0.0,B01
201300046783,0,7,0,0.0,2.0,2.0,12.0,A01
201300046783,0,33,0,0.0,2.0,3.0,1.0,B01
201300046784,0,7,0,0.0,2.0,1.0,2.0,A01
201300046784,0,7,0,0.0,2.0,4.0,2.0,B01
201300046784,0,7,0,0.0,0.0,4.0,2.0,C01
201300046785,0,7,0,0.0,2.0,4.0,1.0,B01
201300046785,0,7,0,0.0,2.0,1.0,1.0,A01
201300046785,0,7,0,0.0,2.0,4.0,1.0,C01
201300046786,1,7,0,0.0,2.0,2.0,0.0,Z01
201300046786,0,33,0,0.0,2.0,3.0,0.0,A01
201300046787,0,10,0,3.0,0.0,1.0,0.0,A01
201300046788,0,10,0,0.0,0.0,2.0,12.0,B01
201300046788,0,33,0,0.0,2.0,3.0,0.0,A01
201300046789,0,31,0,4.0,0.0,3.0,1.0,A01
201300046790,0,7,0,5.0,0.0,2.0,2.0,A01
201300046791,0,33,0,0.0,2.0,1.0,0.0,B01
201300046791,0,10,0,0.0,2.0,5.0,2.0,C01
201300046791,0,31,0,0.0,0.0,8.0,2.0,A01
201300046792,0,7,0,0.0,2.0,4.0,2.0,C01
201300046792,0,7,0,0.0,2.0,1.0,2.0,A01
201300046792,0,10,0,0.0,2.0,4.0,2.0,D01
201300046792,0,7,0,0.0,2.0,4.0,2.0,E01
201300046792,0,7,0,0.0,2.0,5.0,2.0,B01
201300046793,0,15,0,0.0,2.0,2.0,0.0,A01
201300046793,0,7,0,4.0,2.0,3.0,0.0,B01
201300046793,0,7,0,0.0,2.0,3.0,0.0,C01
201300046794,0,7,0,0.0,2.0,1.0,0.0,A01
201300046794,0,33,0,0.0,0.0,4.0,0.0,B01
201300046795,0,7,0,4.0,0.0,1.0,0.0,A01
201300046796,0,7,0,0.0,2.0,6.0,3.0,A01
201300046796,0,33,0,0.0,2.0,2.0,3.0,B01
201300046797,0,7,0,0.0,2.0,6.0,0.0,B01
201300046797,0,7,0,0.0,2.0,2.0,0.0,A01
201300046798,0,7,0,0.0,0.0,4.0,2.0,B01
201300046798,0,34,0,0.0,2.0,1.0,2.0,A01
201300046799,0,32,0,0.0,2.0,9.0,2.0,B01
201300046799,0,7,0,0.0,0.0,5.0,2.0,C01
201300046799,0,7,0,0.0,2.0,1.0,2.0,A01
201300046800,0,33,0,0.0,0.0,0.0,0.0,A01
201300046800,0,7,0,0.0,0.0,0.0,0.0,B01
201300046801,0,15,0,0.0,2.0,1.0,2.0,A01
201300046801,0,7,0,0.0,2.0,1.0,0.0,C01
201300046801,0,7,0,0.0,2.0,4.0,2.0,B01
201300046802,0,7,0,0.0,0.0,0.0,0.0,A01
201300046802,0,7,0,0.0,0.0,0.0,0.0,B01
201300046803,1,7,0,0.0,2.0,2.0,11.0,Z01
201300046803,0,33,0,0.0,2.0,3.0,2.0,B01
201300046804,0,7,0,0.0,1.0,2.0,9.0,A01
201300046805,0,7,0,0.0,2.0,2.0,1.0,A01
201300046805,0,7,0,0.0,0.0,0.0,2.0,B01
201300046806,0,31,0,0.0,0.0,8.0,0.0,A01
201300046807,0,34,0,0.0,0.0,7.0,3.0,A01
201300046808,0,7,0,4.0,0.0,0.0,0.0,A01
201300046809,0,7,0,0.0,2.0,4.0,2.0,D01
201300046809,0,7,0,0.0,2.0,4.0,2.0,C01
201300046809,0,7,0,0.0,2.0,4.0,2.0,B01
201300046809,0,7,0,0.0,2.0,1.0,2.0,A01
201300046810,0,7,0,0.0,2.0,5.0,2.0,C01
201300046810,0,7,0,0.0,0.0,0.0,2.0,D01
201300046810,0,7,0,0.0,2.0,1.0,2.0,A01
201300046810,0,10,0,0.0,2.0,4.0,2.0,B01
201300046811,0,33,0,0.0,2.0,1.0,0.0,B01
201300046811,0,7,0,0.0,2.0,0.0,0.0,A01
201300046812,0,7,0,0.0,2.0,8.0,11.0,B01
201300046812,0,33,0,0.0,2.0,2.0,3.0,A01
201300046813,0,7,0,0.0,2.0,3.0,11.0,A01
201300046813,0,7,0,0.0,2.0,5.0,2.0,B01
201300046814,0,7,0,0.0,0.0,9.0,0.0,A01
201300046815,0,33,0,0.0,0.0,2.0,1.0,A01
201300046816,0,15,0,0.0,0.0,0.0,0.0,A01
201300046817,0,7,0,4.0,0.0,3.0,1.0,A01
201300046818,0,33,0,4.0,0.0,8.0,2.0,A01
201300046819,0,7,0,0.0,0.0,4.0,1.0,B01
201300046819,0,33,0,0.0,2.0,1.0,2.0,A01
201300046820,0,15,0,0.0,2.0,8.0,1.0,A01
201300046820,0,7,0,0.0,2.0,1.0,2.0,C01
201300046820,0,7,0,0.0,2.0,2.0,0.0,B01
201300046821,0,17,0,0.0,2.0,6.0,1.0,C01
201300046821,0,7,0,0.0,2.0,1.0,0.0,A01
201300046821,0,7,0,0.0,0.0,6.0,1.0,B01
201300046822,0,7,0,0.0,2.0,1.0,2.0,A01
201300046822,0,7,0,0.0,2.0,4.0,2.0,B01
201300046823,0,7,0,4.0,9.0,2.0,1.0,A01
201300046824,0,7,0,0.0,0.0,1.0,0.0,A01
201300046825,0,7,0,0.0,0.0,1.0,0.0,A01
201300046826,0,13,0,3.0,4.0,8.0,0.0,A01
201300046827,0,7,0,4.0,0.0,1.0,2.0,A01
201300046828,0,7,0,4.0,0.0,3.0,2.0,A01
201300046829,0,7,0,4.0,0.0,0.0,2.0,A01
201300046830,0,7,0,3.0,2.0,1.0,1.0,A01
201300046830,0,7,0,0.0,2.0,7.0,1.0,B01
201300046831,0,33,0,0.0,2.0,2.0,3.0,B01
201300046831,0,7,0,0.0,2.0,3.0,11.0,A01
201300046831,0,7,0,0.0,2.0,4.0,1.0,C01
201300046832,0,7,0,3.0,0.0,2.0,0.0,A01
201300046833,0,7,0,0.0,0.0,4.0,2.0,C01
201300046833,0,7,0,0.0,2.0,4.0,2.0,B01
201300046833,0,7,0,0.0,0.0,1.0,2.0,A01
201300046834,0,7,0,0.0,2.0,1.0,2.0,A01
201300046834,0,7,0,0.0,0.0,4.0,23.0,B01
201300046835,0,7,0,4.0,0.0,6.0,0.0,B01
201300046835,0,15,0,0.0,2.0,2.0,12.0,A01
201300046836,0,33,0,0.0,2.0,1.0,0.0,A01
201300046836,0,10,0,0.0,0.0,5.0,1.0,B01
201300046837,0,7,0,0.0,2.0,4.0,0.0,C01
201300046837,0,7,0,0.0,2.0,0.0,0.0,B01
201300046837,0,7,0,0.0,2.0,1.0,0.0,A01
201300046838,0,33,0,0.0,2.0,1.0,3.0,A01
201300046838,0,33,0,0.0,2.0,4.0,11.0,B01
201300046838,0,7,0,0.0,0.0,8.0,2.0,C01
201300046839,0,13,0,0.0,2.0,1.0,2.0,A01
201300046839,0,7,0,0.0,2.0,4.0,2.0,B01
201300046839,0,17,0,0.0,2.0,4.0,2.0,C01
201300046840,0,33,0,0.0,0.0,7.0,0.0,A01
201300046841,0,7,0,0.0,0.0,4.0,2.0,B01
201300046841,0,14,0,0.0,2.0,1.0,2.0,A01
201300046842,0,7,0,4.0,0.0,2.0,0.0,A01
201300046843,0,7,0,3.0,2.0,0.0,0.0,A01
201300046843,0,7,0,0.0,2.0,5.0,0.0,B01
201300046844,0,7,0,0.0,0.0,5.0,2.0,B01
201300046844,0,7,0,0.0,2.0,1.0,2.0,A01
201300046845,0,7,0,0.0,2.0,4.0,2.0,B01
201300046845,0,7,0,0.0,2.0,3.0,2.0,A01
201300046845,0,7,0,0.0,0.0,4.0,3.0,C01
201300046846,0,7,0,0.0,2.0,4.0,2.0,D01
201300046846,0,7,0,0.0,2.0,4.0,2.0,C01
201300046846,0,7,0,0.0,2.0,4.0,2.0,B01
201300046846,0,7,0,0.0,0.0,4.0,2.0,E01
201300046846,0,7,0,0.0,2.0,1.0,2.0,A01
201300046847,0,7,0,0.0,2.0,1.0,0.0,A01
201300046847,0,7,0,0.0,2.0,4.0,0.0,B01
201300046848,0,7,0,0.0,0.0,4.0,0.0,B01
201300046848,0,7,0,0.0,0.0,1.0,0.0,A01
201300046848,0,7,0,0.0,0.0,5.0,0.0,C01
201300046849,0,33,0,0.0,2.0,3.0,0.0,B01
201300046849,0,7,0,0.0,2.0,5.0,12.0,A01
201300046850,0,7,0,4.0,0.0,3.0,0.0,A01
201300046851,0,7,0,0.0,2.0,3.0,2.0,C01
201300046851,0,7,0,0.0,2.0,1.0,0.0,B01
201300046851,0,7,0,4.0,0.0,8.0,0.0,A01
201300046852,0,7,0,0.0,0.0,9.0,2.0,A01
201300046853,0,7,0,4.0,0.0,9.0,0.0,A01
201300046854,0,7,0,4.0,0.0,3.0,0.0,A01
201300046855,0,7,0,0.0,2.0,4.0,2.0,C01
201300046855,0,7,0,0.0,2.0,7.0,0.0,B01
201300046855,0,7,0,0.0,2.0,1.0,0.0,A01
201300046855,0,7,0,0.0,2.0,5.0,2.0,D01
201300046856,0,7,0,0.0,2.0,5.0,12.0,B01
201300046856,0,33,0,0.0,2.0,0.0,3.0,A01
201300046857,0,7,0,0.0,0.0,1.0,2.0,C01
201300046857,0,7,0,4.0,2.0,3.0,2.0,A01
201300046857,0,14,0,4.0,0.0,8.0,21.0,B01
201300046858,0,7,0,3.0,0.0,1.0,0.0,A01
201300046859,0,7,0,0.0,0.0,4.0,2.0,C01
201300046859,0,7,0,0.0,2.0,4.0,2.0,B01
201300046859,0,10,0,0.0,2.0,1.0,2.0,A01
201300046860,0,7,0,0.0,2.0,1.0,0.0,A01
201300046860,0,7,0,0.0,2.0,4.0,2.0,B01
201300046861,0,33,0,0.0,2.0,8.0,3.0,A01
201300046861,0,7,0,0.0,2.0,7.0,12.0,B01
201300046861,0,7,0,0.0,2.0,4.0,2.0,C01
201300046862,0,17,0,0.0,0.0,6.0,2.0,B01
201300046862,0,7,0,0.0,2.0,7.0,14.0,A01
201300046863,0,7,0,0.0,0.0,4.0,2.0,C01
201300046863,0,7,0,0.0,0.0,4.0,0.0,B01
201300046863,0,10,0,0.0,2.0,1.0,2.0,A01
201300046863,0,7,0,0.0,0.0,0.0,0.0,D01
201300046864,0,31,0,0.0,0.0,7.0,0.0,A01
201300046865,0,31,0,0.0,2.0,8.0,3.0,A01
201300046865,0,7,0,0.0,2.0,6.0,12.0,B01
201300046866,0,31,0,0.0,2.0,1.0,3.0,A01
201300046866,0,7,0,0.0,2.0,5.0,12.0,B01
201300046867,0,7,0,0.0,2.0,4.0,2.0,B01
201300046867,0,7,0,0.0,2.0,1.0,2.0,A01
201300046868,0,7,0,0.0,2.0,4.0,11.0,B01
201300046868,0,33,0,0.0,2.0,1.0,3.0,A01
201300046869,0,10,0,0.0,2.0,1.0,2.0,A01
201300046869,0,7,0,0.0,2.0,4.0,2.0,B01
201300046870,0,33,0,0.0,2.0,3.0,0.0,A01
201300046870,0,7,0,0.0,2.0,7.0,0.0,B01
201300046871,0,7,0,0.0,2.0,6.0,0.0,B01
201300046871,0,33,0,0.0,2.0,2.0,0.0,A01
201300046872,0,7,0,0.0,2.0,1.0,2.0,A01
201300046872,0,7,0,0.0,2.0,5.0,2.0,B01
201300046872,0,7,0,0.0,2.0,4.0,2.0,C01
201300046873,0,7,0,0.0,0.0,9.0,0.0,A01
201300046874,0,7,0,0.0,2.0,3.0,11.0,B01
201300046874,0,34,0,0.0,2.0,2.0,3.0,A01
201300046875,0,7,0,0.0,2.0,7.0,12.0,B01
201300046875,0,33,0,0.0,2.0,8.0,0.0,A01
201300046876,0,7,0,4.0,0.0,1.0,21.0,A01
201300046876,1,7,0,0.0,0.0,0.0,18.0,Z01
201300046877,0,32,0,0.0,0.0,3.0,2.0,A01
201300046878,0,33,0,0.0,2.0,3.0,2.0,A01
201300046878,0,7,0,0.0,0.0,5.0,2.0,B01
201300046879,0,7,0,0.0,2.0,3.0,9.0,A01
201300046879,0,15,0,0.0,2.0,2.0,1.0,B01
201300046880,0,7,0,0.0,0.0,5.0,2.0,B01
201300046880,0,7,0,0.0,2.0,3.0,2.0,A01
201300046881,0,32,0,0.0,0.0,4.0,2.0,B01
201300046881,0,34,0,0.0,2.0,1.0,2.0,A01
201300046882,0,10,0,3.0,0.0,1.0,21.0,A01
201300046883,0,15,0,0.0,0.0,5.0,17.0,B01
201300046883,0,7,0,0.0,2.0,1.0,0.0,A01
201300046884,0,7,0,0.0,0.0,0.0,0.0,A01
201300046884,0,10,0,0.0,9.0,1.0,0.0,B01
201300046885,0,7,0,0.0,0.0,0.0,0.0,A01
201300046886,0,7,0,3.0,0.0,0.0,0.0,A01
201300046887,0,7,0,0.0,0.0,6.0,21.0,A01
201300046888,0,7,0,3.0,0.0,1.0,2.0,A01
201300046889,0,7,0,0.0,2.0,4.0,2.0,B01
201300046889,0,7,0,0.0,2.0,1.0,2.0,A01
201300046890,0,2,0,3.0,0.0,8.0,0.0,A01
201300046891,0,10,0,0.0,2.0,5.0,1.0,B01
201300046891,0,33,0,0.0,2.0,1.0,3.0,A01
201300046892,0,33,0,0.0,2.0,1.0,0.0,A01
201300046892,0,7,0,0.0,0.0,5.0,23.0,B01
201300046893,0,7,0,0.0,2.0,5.0,12.0,B01
201300046893,0,33,0,0.0,2.0,1.0,3.0,A01
201300046894,0,7,0,0.0,0.0,4.0,0.0,D01
201300046894,0,7,0,0.0,2.0,4.0,0.0,C01