Num_Acc,senc,catv,occutc,obs,obsm,choc,manv,num_veh
201300046894,0,7,0,0.0,2.0,4.0,0.0,B01
201300046894,0,7,0,0.0,2.0,1.0,0.0,A01
201300046895,0,7,0,0.0,2.0,8.0,23.0,A01
201300046895,0,7,0,0.0,2.0,1.0,1.0,B01
201300046896,0,14,0,0.0,2.0,2.0,0.0,B01
201300046896,0,7,0,0.0,2.0,3.0,0.0,A01
201300046897,0,32,0,0.0,0.0,1.0,0.0,A01
201300046897,0,7,0,0.0,2.0,7.0,12.0,B01
201300046898,0,7,0,0.0,0.0,5.0,12.0,B01
201300046898,0,33,0,0.0,2.0,1.0,3.0,A01
201300046899,0,7,0,3.0,0.0,1.0,0.0,A01
201300046900,0,33,0,0.0,2.0,3.0,3.0,A01
201300046900,0,7,0,0.0,2.0,7.0,12.0,B01
201300046900,0,10,0,0.0,2.0,6.0,1.0,C01
201300046901,0,7,0,0.0,0.0,9.0,0.0,A01
201300046901,0,7,0,0.0,0.0,1.0,0.0,B01
201300046902,0,7,0,0.0,2.0,1.0,0.0,A01
201300046902,0,7,0,0.0,2.0,4.0,1.0,B01
201300046903,0,7,0,4.0,0.0,3.0,2.0,D01
201300046903,0,7,0,0.0,0.0,0.0,0.0,B01
201300046903,0,7,0,0.0,1.0,0.0,0.0,C01
201300046904,0,7,0,4.0,0.0,9.0,1.0,A01
201300046905,0,7,0,4.0,0.0,1.0,1.0,A01
201300046906,0,7,0,4.0,0.0,1.0,0.0,A01
201300046907,0,7,0,4.0,0.0,3.0,0.0,A01
201300046908,0,7,0,0.0,0.0,5.0,0.0,B01
201300046908,0,33,0,0.0,2.0,1.0,0.0,A01
201300046909,0,33,0,0.0,0.0,3.0,2.0,A01
201300046910,0,33,0,0.0,9.0,7.0,0.0,A01
201300046911,0,7,0,0.0,2.0,1.0,2.0,A01
201300046911,0,7,0,0.0,2.0,4.0,2.0,B01
201300046912,0,7,0,0.0,0.0,4.0,0.0,B01
201300046912,0,7,0,0.0,2.0,2.0,0.0,A01
201300046913,0,7,0,4.0,9.0,3.0,0.0,A01
201300046914,0,33,0,0.0,0.0,2.0,21.0,A01
201300046915,0,7,0,0.0,2.0,1.0,0.0,A01
201300046915,0,7,0,0.0,0.0,6.0,0.0,B01
201300046916,0,33,0,0.0,0.0,7.0,0.0,A01
201300046917,0,7,0,0.0,2.0,1.0,0.0,A01
201300046917,0,7,0,0.0,0.0,4.0,0.0,B01
201300046917,0,7,0,0.0,2.0,4.0,0.0,E01
201300046917,0,7,0,0.0,2.0,4.0,0.0,C01
201300046917,0,7,0,0.0,2.0,4.0,0.0,D01
201300046918,0,7,0,4.0,2.0,2.0,0.0,A01
201300046918,0,7,0,0.0,2.0,4.0,0.0,B01
201300046919,0,10,0,0.0,2.0,4.0,0.0,B01
201300046919,0,10,0,0.0,0.0,7.0,0.0,A01
201300046920,0,7,0,3.0,0.0,0.0,14.0,A01
201300046921,0,7,0,4.0,0.0,1.0,6.0,A01
201300046922,1,7,0,,0.0,2.0,,Z01
201300046922,0,33,0,0.0,2.0,1.0,2.0,B01
201300046923,0,7,0,0.0,2.0,1.0,2.0,A01
201300046923,0,7,0,0.0,0.0,4.0,2.0,B01
201300046924,0,7,0,0.0,2.0,6.0,11.0,A01
201300046924,0,34,0,0.0,2.0,2.0,3.0,B01
201300046925,0,7,0,0.0,2.0,7.0,12.0,B01
201300046925,0,32,0,0.0,2.0,1.0,3.0,A01
201300046926,0,7,0,4.0,0.0,3.0,0.0,A01
201300046927,0,7,0,0.0,0.0,4.0,2.0,C01
201300046927,0,7,0,0.0,2.0,4.0,2.0,B01
201300046927,0,7,0,0.0,2.0,1.0,0.0,A01
201300046928,0,7,0,0.0,2.0,1.0,0.0,A01
201300046929,0,7,0,0.0,2.0,4.0,0.0,B01
201300046929,0,7,0,0.0,2.0,1.0,0.0,A01
201300046929,0,7,0,0.0,2.0,4.0,2.0,C01
201300046930,0,7,0,4.0,0.0,2.0,2.0,A01
201300046931,0,7,0,0.0,2.0,6.0,0.0,B01
201300046931,0,34,0,0.0,2.0,1.0,0.0,A01
201300046932,0,7,0,0.0,2.0,1.0,2.0,A01
201300046932,0,7,0,0.0,2.0,4.0,2.0,B01
201300046933,0,7,0,0.0,0.0,4.0,2.0,B01
201300046933,0,7,0,0.0,2.0,1.0,2.0,A01
201300046934,0,7,0,3.0,0.0,7.0,1.0,B01
201300046934,0,7,0,0.0,2.0,8.0,13.0,A01
201300046935,0,7,0,0.0,2.0,7.0,0.0,B01
201300046935,0,7,0,4.0,2.0,3.0,0.0,A01
201300046936,0,7,0,0.0,0.0,1.0,0.0,A01
201300046937,0,31,0,0.0,0.0,3.0,0.0,A01
201300046938,1,33,0,0.0,0.0,0.0,21.0,A01
201300046939,0,33,0,0.0,0.0,1.0,0.0,A01
201300046939,0,7,0,0.0,0.0,5.0,1.0,B01
201300046940,0,7,0,0.0,2.0,1.0,2.0,A01
201300046940,0,10,0,0.0,2.0,4.0,2.0,B01
201300046941,0,7,0,15.0,0.0,9.0,0.0,A01
201300046942,0,7,0,0.0,2.0,2.0,2.0,B01
201300046942,0,7,0,0.0,2.0,0.0,21.0,A01
201300046942,0,7,0,0.0,2.0,4.0,2.0,C01
201300046943,0,33,0,0.0,0.0,8.0,3.0,B01
201300046943,0,7,0,0.0,2.0,2.0,14.0,A01
201300046944,0,15,0,0.0,2.0,6.0,1.0,B01
201300046944,0,7,0,0.0,2.0,2.0,1.0,A01
201300046945,0,7,0,0.0,2.0,2.0,9.0,B01
201300046945,0,34,0,0.0,2.0,3.0,0.0,A01
201300046946,0,15,0,0.0,2.0,2.0,2.0,A01
201300046946,0,37,2,0.0,0.0,4.0,1.0,B01
201300046947,0,7,0,3.0,0.0,3.0,12.0,A01
201300046948,0,7,0,11.0,0.0,3.0,14.0,A01
201300046949,0,7,0,4.0,0.0,9.0,0.0,A01
201300046950,0,7,0,3.0,0.0,1.0,0.0,A01
201300046951,0,7,0,0.0,0.0,6.0,0.0,B01
201300046951,0,7,0,0.0,2.0,7.0,0.0,A01
201300046952,0,32,0,0.0,0.0,0.0,0.0,A01
201300046953,0,15,0,0.0,0.0,6.0,2.0,B01
201300046953,0,7,0,3.0,2.0,3.0,17.0,A01
201300046954,0,33,0,0.0,0.0,1.0,1.0,A01
201300046955,0,33,0,0.0,0.0,0.0,21.0,A01
201300046956,0,33,0,0.0,0.0,7.0,0.0,A01
201300046957,0,10,0,3.0,0.0,3.0,12.0,A01
201300046958,0,33,0,0.0,0.0,8.0,21.0,A01
201300046959,0,7,0,0.0,2.0,5.0,2.0,B01
201300046959,0,33,0,0.0,2.0,3.0,2.0,A01
201300046960,0,7,0,5.0,2.0,7.0,0.0,A01
201300046960,0,15,0,0.0,0.0,3.0,0.0,B01
201300046961,0,10,0,4.0,0.0,3.0,0.0,A01
201300046962,0,7,0,0.0,2.0,4.0,0.0,C01
201300046962,0,7,0,0.0,2.0,1.0,2.0,A01
201300046962,0,7,0,0.0,0.0,4.0,2.0,B01
201300046963,0,7,0,0.0,0.0,0.0,2.0,A01
201300046964,0,7,0,4.0,0.0,1.0,2.0,A01
201300046965,0,7,0,0.0,2.0,8.0,2.0,B01
201300046965,0,15,0,0.0,2.0,3.0,2.0,A01
201300046966,0,7,0,0.0,2.0,5.0,12.0,A01
201300046966,0,33,0,0.0,2.0,3.0,3.0,B01
201300046967,0,7,0,0.0,0.0,4.0,2.0,B01
201300046967,2,7,0,0.0,2.0,1.0,2.0,A01
201300046968,0,7,0,0.0,2.0,3.0,0.0,B01
201300046968,0,33,0,0.0,2.0,2.0,0.0,A01
201300046969,0,7,0,0.0,2.0,2.0,0.0,A01
201300046969,0,15,0,0.0,2.0,0.0,0.0,B01
201300046969,0,7,0,0.0,0.0,4.0,0.0,C01
201300046970,0,31,0,0.0,0.0,0.0,21.0,A01
201300046971,0,7,0,0.0,2.0,8.0,11.0,A01
201300046971,0,33,0,0.0,2.0,2.0,1.0,B01
201300046972,0,7,0,0.0,2.0,6.0,0.0,A01
201300046972,0,32,0,0.0,2.0,1.0,0.0,B01
201300046972,1,7,0,0.0,2.0,2.0,0.0,Z01
201300046973,0,7,0,4.0,0.0,8.0,0.0,A01
201300046974,0,7,0,0.0,2.0,5.0,1.0,B01
201300046974,0,7,0,0.0,2.0,3.0,13.0,A01
201300046974,0,7,0,0.0,9.0,3.0,1.0,C01
201300046975,0,7,0,0.0,2.0,1.0,1.0,A01
201300046975,0,7,0,0.0,0.0,4.0,1.0,B01
201300046976,0,33,0,0.0,2.0,8.0,3.0,B01
201300046976,0,7,0,0.0,2.0,7.0,12.0,A01
201300046977,0,7,0,0.0,2.0,7.0,17.0,A01
201300046977,0,7,0,0.0,2.0,8.0,1.0,B01
201300046978,0,33,0,0.0,0.0,0.0,2.0,A01
201300046979,0,33,0,0.0,2.0,8.0,21.0,B01
201300046979,0,10,0,0.0,0.0,0.0,11.0,A01
201300046979,0,10,0,0.0,2.0,3.0,1.0,C01
201300046980,0,34,0,0.0,2.0,5.0,0.0,A01
201300046980,0,10,0,0.0,0.0,5.0,2.0,C01
201300046980,0,7,0,0.0,0.0,0.0,2.0,B01
201300046981,0,7,0,0.0,2.0,8.0,0.0,B01
201300046981,0,31,0,0.0,2.0,7.0,0.0,A01
201300046982,0,7,0,0.0,2.0,4.0,1.0,B01
201300046982,0,34,0,0.0,2.0,1.0,21.0,A01
201300046983,0,33,0,0.0,2.0,1.0,0.0,A01
201300046983,0,7,0,0.0,0.0,5.0,1.0,B01
201300046984,0,7,0,0.0,2.0,4.0,1.0,C01
201300046984,0,7,0,0.0,2.0,5.0,1.0,B01
201300046984,0,33,0,0.0,2.0,1.0,3.0,A01
201300046985,0,7,0,6.0,0.0,2.0,14.0,A01
201300046986,0,34,0,3.0,0.0,1.0,0.0,A01
201300046987,0,7,0,0.0,2.0,1.0,2.0,A01
201300046987,0,7,0,0.0,0.0,4.0,2.0,B01
201300046988,0,7,0,0.0,2.0,3.0,0.0,C01
201300046988,0,7,0,0.0,2.0,5.0,14.0,A01
201300046988,0,7,0,0.0,2.0,5.0,0.0,B01
201300046989,0,7,0,4.0,0.0,1.0,0.0,A01
201300046990,0,10,0,3.0,0.0,3.0,1.0,A01
201300046991,0,33,0,0.0,0.0,8.0,1.0,A01
201300046992,0,33,0,0.0,0.0,7.0,1.0,A01
201300046993,0,14,0,0.0,2.0,1.0,2.0,A01
201300046993,0,7,0,0.0,2.0,4.0,2.0,B01
201300046994,0,7,0,3.0,0.0,2.0,0.0,A01
201300046995,0,7,0,0.0,0.0,3.0,0.0,A01
201300046996,0,10,0,0.0,2.0,5.0,1.0,B01
201300046996,0,32,0,0.0,2.0,1.0,3.0,A01
201300046997,0,7,0,0.0,0.0,6.0,2.0,C01
201300046997,0,7,0,0.0,2.0,4.0,2.0,B01
201300046997,0,7,0,0.0,2.0,1.0,1.0,A01
201300046998,0,7,0,6.0,0.0,3.0,1.0,A01
201300046998,0,7,0,0.0,2.0,3.0,1.0,B01
201300046999,0,33,0,0.0,2.0,1.0,3.0,A01
201300046999,0,7,0,0.0,2.0,7.0,12.0,B01
201300047000,0,33,0,0.0,2.0,0.0,0.0,B01
201300047000,0,7,0,0.0,0.0,4.0,1.0,C01
201300047000,0,7,0,0.0,0.0,0.0,12.0,A01
201300047001,0,7,0,3.0,0.0,1.0,2.0,A01
201300047002,0,7,0,3.0,0.0,1.0,0.0,A01
201300047003,0,33,0,0.0,2.0,1.0,1.0,A01
201300047003,0,7,0,0.0,0.0,4.0,2.0,B01
201300047004,0,33,0,0.0,2.0,2.0,21.0,C01
201300047004,0,7,0,0.0,2.0,6.0,21.0,B01
201300047004,0,7,0,0.0,0.0,0.0,24.0,A01
201300047005,0,7,0,0.0,2.0,4.0,2.0,B01
201300047005,0,7,0,0.0,0.0,2.0,2.0,C01
201300047005,0,7,0,0.0,2.0,1.0,2.0,A01
201300047006,0,7,0,3.0,0.0,0.0,2.0,A01
201300047007,0,33,0,0.0,2.0,1.0,2.0,A01
201300047007,0,10,0,0.0,2.0,4.0,1.0,B01
201300047008,0,33,0,0.0,0.0,8.0,0.0,A01
201300047009,0,32,0,0.0,2.0,2.0,0.0,A01
201300047009,0,7,0,0.0,2.0,6.0,11.0,B01
201300047010,0,34,0,0.0,2.0,3.0,3.0,A01
201300047010,0,7,0,0.0,0.0,4.0,12.0,B01
201300047011,0,32,0,0.0,0.0,8.0,2.0,A01
201300047012,0,34,0,0.0,2.0,1.0,3.0,A01
201300047012,0,7,0,0.0,2.0,5.0,2.0,B01
201300047013,0,34,0,0.0,2.0,1.0,3.0,A01
201300047013,0,7,0,0.0,2.0,4.0,2.0,B01
201300047014,0,10,0,4.0,0.0,1.0,13.0,A01
201300047015,0,7,0,0.0,2.0,3.0,21.0,A01
201300047015,0,10,0,0.0,0.0,5.0,2.0,B01
201300047016,0,7,0,0.0,2.0,7.0,1.0,A01
201300047016,0,7,0,0.0,2.0,8.0,1.0,B01
201300047017,0,10,0,0.0,2.0,1.0,2.0,A01
201300047017,0,7,0,0.0,0.0,4.0,2.0,C01
201300047017,0,7,0,0.0,2.0,4.0,2.0,B01
201300047018,0,33,0,0.0,2.0,1.0,17.0,A01
201300047018,0,7,0,0.0,2.0,4.0,0.0,B01
201300047019,0,34,0,0.0,0.0,0.0,0.0,A01
201300047020,0,7,0,0.0,2.0,4.0,2.0,B01
201300047020,0,7,0,0.0,2.0,1.0,2.0,A01
201300047021,0,7,0,3.0,0.0,0.0,0.0,A01
201300047022,0,7,0,4.0,0.0,3.0,0.0,A01
201300047023,0,7,0,0.0,2.0,3.0,0.0,C01
201300047023,0,7,0,0.0,2.0,2.0,0.0,B01
201300047023,0,7,0,0.0,0.0,6.0,0.0,D01
201300047023,0,7,0,0.0,0.0,0.0,0.0,A01
201300047024,0,10,0,0.0,2.0,4.0,1.0,D01
201300047024,0,7,0,0.0,2.0,4.0,1.0,B01
201300047024,0,7,0,0.0,2.0,4.0,1.0,C01
201300047024,0,7,0,0.0,2.0,1.0,1.0,A01
201300047025,0,7,0,0.0,0.0,5.0,1.0,B01
201300047025,0,33,0,0.0,2.0,3.0,21.0,A01
201300047026,0,7,0,0.0,2.0,6.0,11.0,B01
201300047026,0,33,0,0.0,2.0,2.0,3.0,A01
201300047027,0,7,0,0.0,2.0,3.0,1.0,A01
201300047027,0,7,0,0.0,0.0,4.0,1.0,C01
201300047027,0,7,0,0.0,0.0,5.0,0.0,B01
201300047028,0,7,0,0.0,0.0,4.0,2.0,B01
201300047028,0,33,0,0.0,2.0,2.0,2.0,A01
201300047029,0,10,0,0.0,0.0,6.0,2.0,B01
201300047029,0,7,0,0.0,2.0,1.0,1.0,A01
201300047030,0,33,0,4.0,0.0,8.0,12.0,A01
201300047031,0,7,0,4.0,0.0,1.0,13.0,A01
201300047032,0,7,0,0.0,2.0,7.0,12.0,A01
201300047032,0,33,0,0.0,2.0,3.0,3.0,B01
201300047033,0,7,0,4.0,0.0,0.0,1.0,A01
201300047034,0,7,0,0.0,0.0,0.0,1.0,A01
201300047034,0,33,0,0.0,2.0,9.0,21.0,B01
201300047035,0,33,0,0.0,2.0,3.0,3.0,A01
201300047035,0,7,0,0.0,2.0,7.0,12.0,B01
201300047036,0,33,0,0.0,2.0,3.0,2.0,C01
201300047036,0,33,0,0.0,2.0,3.0,2.0,B01
201300047036,0,7,0,0.0,2.0,5.0,1.0,A01
201300047036,0,7,0,0.0,2.0,6.0,2.0,D01
201300047037,0,7,0,0.0,2.0,1.0,1.0,B01
201300047037,0,7,0,3.0,2.0,1.0,0.0,A01
201300047038,0,7,0,0.0,2.0,5.0,2.0,B01
201300047038,0,7,0,0.0,2.0,3.0,2.0,A01
201300047039,0,7,0,0.0,2.0,1.0,2.0,A01
201300047039,0,7,0,0.0,0.0,4.0,2.0,B01
201300047040,0,15,0,0.0,2.0,1.0,1.0,A01
201300047040,0,10,0,0.0,2.0,4.0,0.0,C01
201300047040,0,10,0,0.0,2.0,4.0,1.0,B01
201300047040,0,10,0,0.0,0.0,4.0,1.0,D01
201300047041,0,32,0,0.0,0.0,7.0,9.0,A01
201300047042,0,33,0,0.0,2.0,2.0,14.0,A01
201300047042,0,7,0,0.0,2.0,6.0,1.0,B01
201300047042,0,7,0,0.0,0.0,0.0,1.0,C01
201300047043,0,7,0,1.0,2.0,4.0,23.0,A01
201300047043,0,7,0,0.0,2.0,2.0,2.0,C01
201300047043,0,7,0,0.0,2.0,1.0,2.0,B01
201300047044,0,7,0,0.0,2.0,4.0,0.0,B01
201300047044,0,7,0,0.0,2.0,1.0,0.0,A01
201300047045,0,33,0,0.0,2.0,4.0,0.0,B01
201300047045,0,10,0,14.0,0.0,5.0,1.0,C01
201300047045,0,7,0,0.0,2.0,1.0,2.0,A01
201300047046,0,7,0,0.0,2.0,5.0,1.0,B01
201300047046,0,33,0,0.0,2.0,3.0,1.0,A01
201300047047,0,33,0,0.0,2.0,1.0,3.0,A01
201300047047,0,7,0,0.0,0.0,5.0,0.0,B01
201300047048,0,7,0,0.0,0.0,6.0,11.0,B01
201300047048,0,33,0,0.0,2.0,1.0,3.0,A01
201300047049,0,7,0,0.0,0.0,4.0,0.0,B01
201300047049,0,7,0,0.0,2.0,1.0,2.0,A01
201300047050,0,10,0,0.0,0.0,4.0,2.0,C01
201300047050,0,10,0,0.0,2.0,1.0,2.0,A01
201300047050,0,7,0,0.0,2.0,4.0,2.0,B01
201300047051,0,7,0,0.0,0.0,6.0,0.0,A01
201300047051,0,15,0,0.0,2.0,2.0,0.0,B01
201300047052,0,7,0,0.0,2.0,1.0,12.0,A01
201300047052,0,7,0,0.0,0.0,7.0,1.0,B01
201300047053,0,7,0,0.0,0.0,5.0,12.0,B01
201300047053,0,33,0,0.0,2.0,1.0,3.0,A01
201300047054,0,7,0,0.0,0.0,4.0,2.0,C01
201300047054,0,7,0,0.0,0.0,4.0,2.0,B01
201300047054,0,7,0,0.0,2.0,1.0,2.0,A01
201300047055,0,10,0,0.0,2.0,7.0,1.0,B01
201300047055,0,31,0,0.0,2.0,3.0,3.0,A01
201300047056,0,7,0,0.0,0.0,5.0,12.0,B01
201300047056,0,33,0,0.0,2.0,1.0,3.0,A01
201300047057,0,7,0,0.0,2.0,2.0,0.0,A01
201300047057,0,7,0,0.0,2.0,6.0,1.0,B01
201300047058,0,33,0,0.0,2.0,2.0,1.0,A01
201300047058,0,7,0,0.0,0.0,6.0,11.0,B01
201300047059,0,33,0,12.0,0.0,3.0,0.0,A01
201300047060,0,32,0,0.0,2.0,2.0,2.0,B01
201300047060,0,7,0,0.0,2.0,5.0,0.0,A01
201300047061,0,3,0,0.0,0.0,4.0,2.0,B01
201300047061,0,3,0,0.0,2.0,4.0,2.0,A01
201300047062,0,7,0,0.0,0.0,2.0,0.0,A01
201300047063,0,7,0,0.0,2.0,1.0,2.0,B01
201300047063,1,7,0,0.0,0.0,4.0,2.0,Z01
201300047064,0,7,0,0.0,0.0,9.0,0.0,A01
201300047065,0,7,0,0.0,2.0,5.0,17.0,B01
201300047065,0,33,0,0.0,2.0,3.0,2.0,A01
201300047066,0,7,0,4.0,0.0,1.0,0.0,A01
201300047067,0,7,0,13.0,0.0,9.0,1.0,A01
201300047068,0,7,0,4.0,0.0,1.0,0.0,A01
201300047069,0,33,0,16.0,0.0,2.0,2.0,A01
201300047070,0,7,0,0.0,0.0,0.0,0.0,A01
201300047071,0,7,0,0.0,2.0,1.0,2.0,A01
201300047071,0,10,0,0.0,0.0,4.0,2.0,C01
201300047071,0,7,0,0.0,2.0,4.0,2.0,B01
201300047072,0,10,0,0.0,2.0,5.0,12.0,B01
201300047072,0,33,0,0.0,2.0,3.0,3.0,A01
201300047073,0,33,0,0.0,2.0,1.0,3.0,B01
201300047073,0,7,0,0.0,0.0,2.0,2.0,A01
201300047073,0,7,0,0.0,0.0,8.0,0.0,C01
201300047073,0,7,0,0.0,0.0,4.0,0.0,D01
201300047074,0,14,0,0.0,2.0,1.0,2.0,A01
201300047074,0,7,0,0.0,2.0,4.0,2.0,B01
201300047075,0,7,0,3.0,2.0,1.0,2.0,A01
201300047075,0,7,0,0.0,2.0,6.0,2.0,B01
201300047076,0,33,0,0.0,2.0,8.0,3.0,A01
201300047077,0,7,0,0.0,9.0,1.0,18.0,A01
201300047078,0,7,0,3.0,2.0,4.0,1.0,B01
201300047078,0,17,0,0.0,2.0,0.0,1.0,A01
201300047079,0,7,0,0.0,2.0,4.0,0.0,B01
201300047079,0,7,0,0.0,2.0,2.0,21.0,A01
201300047080,0,33,0,4.0,0.0,3.0,0.0,A01
201300047081,0,7,0,0.0,0.0,6.0,1.0,B01
201300047081,0,33,0,0.0,2.0,2.0,3.0,A01
201300047082,0,37,46,0.0,2.0,3.0,1.0,B01
201300047082,0,7,0,3.0,2.0,2.0,0.0,A01
201300047083,0,10,0,4.0,0.0,1.0,1.0,A01
201300047084,0,10,0,0.0,2.0,7.0,12.0,A01
201300047084,0,33,0,0.0,2.0,8.0,0.0,B01
201300047085,0,33,0,3.0,0.0,3.0,9.0,A01
201300047086,0,7,0,0.0,2.0,6.0,0.0,C01
201300047086,0,7,0,0.0,2.0,4.0,0.0,B01
201300047086,0,7,0,0.0,2.0,1.0,1.0,A01
201300047087,0,33,0,6.0,0.0,3.0,0.0,A01
201300047088,0,33,0,0.0,2.0,3.0,18.0,B01
201300047088,0,7,0,0.0,2.0,2.0,14.0,A01
201300047089,0,7,0,0.0,2.0,6.0,0.0,B01
201300047089,0,33,0,0.0,2.0,1.0,0.0,A01
201300047089,0,33,0,0.0,2.0,9.0,0.0,C01
201300047089,0,7,0,0.0,2.0,8.0,2.0,E01
201300047089,0,33,0,0.0,2.0,1.0,0.0,D01
201300047090,0,7,0,0.0,0.0,7.0,12.0,B01
201300047090,0,33,0,0.0,2.0,3.0,3.0,A01
201300047091,0,7,0,4.0,0.0,3.0,21.0,A01
201300047092,0,7,0,0.0,2.0,4.0,2.0,B01
201300047092,0,7,0,3.0,2.0,1.0,2.0,A01
201300047093,0,7,0,0.0,2.0,9.0,2.0,F01
201300047093,0,7,0,0.0,1.0,2.0,1.0,B01
201300047093,0,7,0,0.0,2.0,2.0,1.0,C01
201300047093,0,7,0,0.0,2.0,1.0,2.0,E02
201300047093,0,7,0,0.0,2.0,1.0,2.0,D02
201300047093,0,7,0,0.0,2.0,2.0,2.0,G01
201300047093,0,7,0,14.0,0.0,1.0,2.0,H02
201300047094,0,7,0,0.0,2.0,2.0,2.0,B01
201300047094,0,7,0,4.0,0.0,0.0,2.0,A01
201300047095,0,7,0,0.0,2.0,1.0,1.0,A01
201300047095,0,15,0,0.0,0.0,4.0,1.0,B01
201300047096,0,7,0,4.0,0.0,6.0,0.0,A01
201300047097,0,7,0,0.0,0.0,6.0,1.0,B01
201300047097,0,7,0,0.0,2.0,0.0,3.0,A01
201300047097,0,7,0,0.0,0.0,0.0,1.0,C01
201300047098,0,7,0,4.0,0.0,3.0,2.0,A01
201300047099,0,7,0,4.0,0.0,1.0,2.0,A01
201300047100,0,34,0,0.0,2.0,2.0,0.0,A01
201300047100,0,10,0,0.0,2.0,3.0,0.0,B01
201300047101,0,7,0,0.0,2.0,4.0,2.0,B01
201300047101,0,33,0,0.0,2.0,1.0,2.0,A01
201300047102,0,33,0,0.0,2.0,8.0,1.0,B01
201300047102,0,7,0,0.0,2.0,7.0,12.0,A01
201300047103,0,7,0,0.0,2.0,5.0,1.0,B01
201300047103,0,33,0,0.0,2.0,1.0,3.0,A01
201300047104,0,7,0,0.0,2.0,2.0,0.0,A01
201300047104,0,7,0,0.0,2.0,6.0,0.0,B01
201300047105,0,7,0,0.0,2.0,4.0,2.0,B01
201300047105,0,7,0,0.0,2.0,1.0,2.0,A01
201300047106,0,7,0,0.0,2.0,1.0,0.0,A01
201300047106,0,7,0,0.0,0.0,4.0,0.0,B01
201300047107,0,7,0,0.0,2.0,4.0,2.0,B01
201300047107,0,7,0,0.0,2.0,1.0,2.0,A01
201300047107,0,7,0,0.0,2.0,4.0,2.0,C01
201300047108,0,34,0,4.0,0.0,3.0,2.0,A01
201300047109,0,7,0,0.0,2.0,3.0,9.0,A01
201300047109,0,14,0,0.0,2.0,1.0,2.0,C01
201300047109,0,7,0,0.0,2.0,4.0,0.0,B01
201300047110,0,7,0,0.0,2.0,5.0,2.0,B01
201300047110,0,10,0,0.0,2.0,3.0,11.0,A01
201300047111,0,7,0,0.0,2.0,4.0,2.0,B01
201300047111,0,7,0,0.0,2.0,1.0,2.0,A01
201300047112,0,7,0,0.0,2.0,6.0,2.0,C01
201300047112,0,7,0,6.0,2.0,3.0,2.0,A01
201300047112,0,7,0,0.0,0.0,4.0,2.0,B01
201300047113,0,14,0,0.0,2.0,1.0,2.0,A01
201300047113,0,7,0,0.0,2.0,7.0,2.0,B01
201300047114,0,7,0,0.0,2.0,4.0,2.0,B01
201300047114,0,7,0,0.0,2.0,1.0,2.0,A01
201300047115,0,34,0,0.0,0.0,4.0,2.0,B01
201300047115,0,7,0,14.0,2.0,1.0,2.0,A01
201300047116,0,33,0,0.0,2.0,0.0,2.0,B01
201300047116,0,7,0,0.0,2.0,0.0,2.0,A01
201300047117,0,7,0,0.0,2.0,1.0,2.0,A01
201300047117,0,7,0,0.0,2.0,4.0,2.0,B01
201300047117,0,7,0,0.0,2.0,4.0,2.0,C01
201300047118,0,7,0,0.0,2.0,5.0,2.0,C01
201300047118,0,7,0,0.0,2.0,4.0,2.0,B01
201300047118,0,7,0,0.0,2.0,1.0,2.0,A01
201300047119,0,34,0,0.0,2.0,1.0,3.0,A01
201300047119,0,7,0,0.0,2.0,3.0,11.0,B01
201300047120,0,33,0,0.0,0.0,0.0,0.0,A01
201300047121,0,7,0,0.0,0.0,0.0,0.0,A01
201300047122,0,7,0,16.0,9.0,9.0,2.0,A01
201300047123,0,7,0,0.0,0.0,4.0,2.0,B01
201300047123,0,7,0,0.0,2.0,1.0,2.0,A01
201300047124,0,7,0,0.0,2.0,6.0,11.0,A01
201300047124,0,33,0,0.0,2.0,1.0,2.0,B01
201300047125,0,7,0,4.0,0.0,9.0,0.0,A01
201300047126,0,7,0,4.0,0.0,1.0,0.0,A01
201300047127,0,33,0,0.0,0.0,7.0,3.0,A01
201300047128,0,7,0,0.0,2.0,7.0,12.0,A01
201300047128,0,33,0,0.0,2.0,3.0,1.0,B01
201300047128,0,7,0,0.0,2.0,6.0,1.0,C01
201300047129,0,34,0,0.0,2.0,7.0,3.0,A01
201300047130,0,7,0,0.0,0.0,1.0,0.0,A01
201300047131,0,7,0,14.0,0.0,8.0,21.0,A01
201300047132,0,33,0,0.0,0.0,0.0,2.0,A01
201300047132,1,7,0,0.0,2.0,1.0,2.0,Z01
201300047133,0,33,0,0.0,0.0,8.0,1.0,A01
201300047134,0,7,0,0.0,2.0,7.0,0.0,B01
201300047134,0,7,0,0.0,2.0,2.0,0.0,A01
201300047134,0,38,30,0.0,2.0,8.0,1.0,C01
201300047135,0,7,0,0.0,2.0,8.0,11.0,A01
201300047135,0,34,0,0.0,2.0,7.0,1.0,C01
201300047135,0,33,0,0.0,2.0,7.0,1.0,B01
201300047136,0,33,0,0.0,0.0,3.0,0.0,A01
201300047137,0,7,0,0.0,2.0,1.0,1.0,A01
201300047137,0,33,0,0.0,2.0,4.0,1.0,B01
201300047137,0,7,0,0.0,0.0,4.0,1.0,C01
201300047138,0,7,0,3.0,0.0,2.0,1.0,A01
201300047139,0,34,0,0.0,0.0,0.0,3.0,A01
201300047140,0,33,0,0.0,2.0,1.0,3.0,A01
201300047140,0,14,0,0.0,2.0,8.0,1.0,B01
201300047141,0,33,0,0.0,0.0,2.0,0.0,A01
201300047142,0,7,0,3.0,0.0,1.0,14.0,A01
201300047143,0,7,0,0.0,0.0,4.0,0.0,D01