Num_Acc,senc,catv,occutc,obs,obsm,choc,manv,num_veh
201300047143,0,7,0,0.0,0.0,4.0,0.0,B01
201300047143,0,7,0,0.0,2.0,7.0,0.0,C02
201300047143,0,7,0,3.0,0.0,8.0,0.0,A01
201300047143,0,7,0,0.0,0.0,8.0,0.0,F01
201300047143,0,7,0,0.0,0.0,8.0,0.0,E01
201300047144,0,7,0,0.0,0.0,4.0,0.0,B01
201300047144,0,33,0,0.0,2.0,1.0,0.0,A01
201300047145,0,7,0,12.0,0.0,2.0,2.0,A01
201300047146,0,7,0,0.0,2.0,6.0,12.0,B01
201300047146,0,7,0,0.0,2.0,4.0,2.0,C01
201300047146,0,33,0,0.0,2.0,1.0,3.0,A01
201300047147,0,7,0,3.0,0.0,2.0,1.0,A01
201300047148,0,32,0,0.0,0.0,0.0,0.0,A01
201300047149,0,33,0,0.0,0.0,8.0,21.0,A01
201300047150,0,34,0,0.0,2.0,1.0,2.0,A01
201300047150,0,7,0,0.0,0.0,5.0,2.0,B01
201300047151,0,34,0,0.0,0.0,7.0,0.0,A01
201300047152,0,7,0,0.0,2.0,4.0,2.0,C01
201300047152,0,10,0,0.0,2.0,1.0,2.0,A01
201300047152,0,7,0,0.0,2.0,4.0,2.0,B01
201300047152,0,7,0,0.0,0.0,4.0,2.0,D01
201300047153,0,33,0,0.0,0.0,8.0,1.0,A01
201300047154,0,10,0,0.0,0.0,6.0,2.0,C01
201300047154,0,99,0,0.0,2.0,4.0,2.0,B01
201300047154,0,7,0,0.0,2.0,1.0,2.0,A01
201300047155,0,33,0,14.0,0.0,7.0,9.0,A01
201300047156,0,33,0,0.0,2.0,2.0,0.0,A01
201300047156,0,7,0,0.0,0.0,3.0,0.0,B01
201300047157,0,7,0,0.0,2.0,1.0,2.0,A01
201300047157,0,7,0,0.0,2.0,4.0,2.0,C01
201300047157,0,7,0,0.0,2.0,4.0,2.0,D01
201300047157,0,7,0,0.0,2.0,4.0,2.0,B01
201300047158,0,7,0,0.0,0.0,4.0,23.0,B01
201300047158,0,7,0,0.0,2.0,1.0,2.0,A01
201300047159,0,7,0,0.0,2.0,4.0,2.0,B01
201300047159,0,7,0,0.0,2.0,1.0,2.0,A01
201300047159,0,7,0,0.0,0.0,4.0,2.0,C01
201300047160,0,7,0,0.0,0.0,3.0,11.0,A01
201300047160,0,33,0,0.0,2.0,2.0,3.0,B01
201300047161,0,7,0,0.0,2.0,1.0,2.0,A01
201300047161,0,7,0,0.0,0.0,4.0,2.0,B01
201300047162,0,7,0,0.0,2.0,4.0,2.0,B01
201300047162,0,33,0,0.0,2.0,1.0,0.0,A01
201300047163,0,7,0,0.0,2.0,6.0,2.0,B01
201300047163,0,34,0,0.0,2.0,1.0,2.0,A01
201300047164,0,33,0,0.0,0.0,0.0,0.0,A01
201300047165,0,33,0,0.0,2.0,3.0,1.0,B01
201300047165,0,7,0,0.0,2.0,5.0,12.0,A01
201300047166,0,31,0,0.0,2.0,8.0,0.0,B01
201300047166,0,7,0,0.0,2.0,7.0,17.0,A01
201300047167,0,7,0,0.0,0.0,5.0,17.0,B01
201300047167,0,33,0,0.0,2.0,3.0,3.0,A01
201300047168,0,7,0,0.0,0.0,5.0,2.0,B01
201300047168,0,34,0,0.0,2.0,1.0,2.0,A01
201300047169,0,33,0,4.0,0.0,0.0,0.0,A01
201300047170,0,7,0,0.0,2.0,4.0,2.0,B01
201300047170,0,7,0,0.0,2.0,1.0,2.0,A01
201300047171,0,7,0,0.0,0.0,4.0,1.0,B01
201300047171,0,32,0,0.0,2.0,1.0,0.0,A01
201300047171,0,7,0,0.0,2.0,7.0,1.0,C01
201300047172,0,7,0,0.0,2.0,4.0,2.0,B01
201300047172,0,7,0,0.0,2.0,1.0,0.0,A01
201300047173,0,33,0,0.0,0.0,7.0,21.0,A01
201300047174,0,7,0,6.0,0.0,1.0,2.0,A01
201300047175,0,7,0,0.0,2.0,5.0,0.0,B01
201300047175,0,32,0,0.0,2.0,1.0,2.0,A01
201300047176,0,7,0,0.0,2.0,4.0,2.0,B01
201300047176,0,10,0,0.0,2.0,1.0,2.0,A01
201300047177,0,33,0,0.0,2.0,1.0,3.0,A01
201300047177,0,7,0,4.0,2.0,4.0,1.0,B01
201300047178,0,33,0,5.0,0.0,1.0,12.0,A01
201300047179,0,32,0,0.0,2.0,2.0,3.0,A01
201300047179,0,7,0,0.0,2.0,3.0,11.0,B01
201300047180,0,7,0,0.0,0.0,6.0,2.0,B01
201300047180,0,15,0,0.0,2.0,2.0,12.0,A01
201300047181,0,7,0,3.0,0.0,2.0,2.0,A01
201300047182,0,7,0,0.0,2.0,8.0,9.0,A01
201300047182,0,33,0,0.0,2.0,2.0,1.0,B01
201300047183,0,31,0,0.0,0.0,0.0,0.0,A01
201300047184,0,10,0,0.0,2.0,1.0,2.0,C01
201300047184,0,7,0,0.0,0.0,4.0,2.0,B01
201300047184,0,7,0,0.0,2.0,1.0,2.0,A01
201300047185,0,7,0,0.0,2.0,1.0,2.0,A01
201300047185,0,7,0,0.0,2.0,4.0,2.0,B01
201300047185,0,7,0,0.0,0.0,4.0,2.0,C01
201300047186,0,7,0,0.0,2.0,1.0,0.0,C01
201300047186,0,7,0,0.0,2.0,4.0,2.0,B01
201300047186,0,7,0,0.0,2.0,1.0,2.0,A01
201300047187,0,7,0,0.0,2.0,5.0,2.0,C01
201300047187,0,7,0,0.0,2.0,7.0,12.0,A01
201300047187,0,33,0,0.0,2.0,8.0,0.0,B01
201300047188,0,7,0,0.0,2.0,1.0,1.0,A01
201300047188,0,7,0,0.0,2.0,4.0,1.0,B01
201300047189,0,7,0,0.0,2.0,5.0,11.0,B01
201300047189,0,33,0,0.0,2.0,1.0,3.0,A01
201300047190,0,7,0,0.0,2.0,5.0,2.0,B01
201300047190,0,33,0,0.0,2.0,3.0,21.0,A01
201300047191,0,33,0,0.0,2.0,8.0,3.0,A01
201300047191,0,7,0,0.0,2.0,2.0,0.0,B01
201300047192,0,10,0,13.0,0.0,1.0,0.0,A01
201300047193,1,7,0,0.0,2.0,2.0,0.0,Z01
201300047193,0,10,0,0.0,2.0,2.0,17.0,A01
201300047194,0,15,0,1.0,0.0,2.0,14.0,A01
201300047194,0,7,0,0.0,2.0,6.0,23.0,B01
201300047195,0,99,0,0.0,0.0,6.0,0.0,D01
201300047195,0,7,0,0.0,0.0,4.0,0.0,B01
201300047195,0,7,0,0.0,0.0,4.0,0.0,C01
201300047195,0,15,0,0.0,2.0,1.0,1.0,A01
201300047196,0,7,0,6.0,0.0,2.0,21.0,A01
201300047197,0,7,0,0.0,0.0,7.0,12.0,B01
201300047197,0,34,0,0.0,2.0,8.0,0.0,A01
201300047198,0,7,0,0.0,0.0,0.0,3.0,B01
201300047198,0,33,0,0.0,0.0,0.0,3.0,A01
201300047199,0,34,0,4.0,0.0,3.0,2.0,A01
201300047200,0,7,0,4.0,0.0,3.0,2.0,A01
201300047201,0,7,0,3.0,2.0,1.0,0.0,A01
201300047202,0,7,0,0.0,2.0,4.0,1.0,B01
201300047202,0,2,0,0.0,2.0,1.0,18.0,A01
201300047203,0,7,0,0.0,2.0,4.0,2.0,B01
201300047203,0,7,0,0.0,2.0,1.0,2.0,A01
201300047203,0,7,0,0.0,2.0,4.0,2.0,C01
201300047204,0,7,0,15.0,0.0,1.0,0.0,A01
201300047205,0,33,0,0.0,2.0,1.0,18.0,A01
201300047205,0,7,0,0.0,2.0,4.0,1.0,B01
201300047206,0,7,0,0.0,2.0,1.0,0.0,A01
201300047206,0,33,0,0.0,2.0,4.0,1.0,B01
201300047206,0,7,0,0.0,2.0,4.0,1.0,C01
201300047207,0,7,0,0.0,2.0,8.0,0.0,B01
201300047207,0,7,0,0.0,2.0,7.0,0.0,A01
201300047208,0,7,0,0.0,2.0,6.0,2.0,B01
201300047208,0,7,0,0.0,2.0,1.0,12.0,A01
201300047208,0,17,0,0.0,2.0,4.0,0.0,C01
201300047209,0,7,0,13.0,0.0,1.0,0.0,A01
201300047210,0,34,0,0.0,2.0,1.0,0.0,A01
201300047210,0,7,0,0.0,2.0,4.0,0.0,B01
201300047211,0,7,0,0.0,2.0,3.0,0.0,B01
201300047211,0,7,0,0.0,2.0,1.0,0.0,A01
201300047212,0,7,0,0.0,2.0,1.0,2.0,A01
201300047212,0,7,0,0.0,2.0,6.0,2.0,C01
201300047212,0,7,0,0.0,2.0,4.0,2.0,B01
201300047213,0,33,0,0.0,2.0,3.0,0.0,A01
201300047213,0,7,0,0.0,0.0,5.0,1.0,B01
201300047214,0,15,0,0.0,2.0,3.0,0.0,A01
201300047214,0,7,0,4.0,2.0,1.0,0.0,B01
201300047215,0,33,0,0.0,2.0,3.0,14.0,A01
201300047215,0,7,0,0.0,2.0,5.0,1.0,B01
201300047216,0,7,0,0.0,0.0,8.0,1.0,E01
201300047216,0,10,0,0.0,0.0,6.0,1.0,B01
201300047216,0,7,0,0.0,0.0,1.0,1.0,D01
201300047216,0,7,0,0.0,0.0,1.0,1.0,C01
201300047216,0,7,0,0.0,2.0,1.0,0.0,A01
201300047217,0,7,0,0.0,0.0,4.0,0.0,A01
201300047218,0,7,0,0.0,2.0,3.0,2.0,B01
201300047218,0,7,0,0.0,2.0,0.0,2.0,C01
201300047218,0,7,0,10.0,2.0,5.0,19.0,A01
201300047219,0,7,0,16.0,9.0,3.0,0.0,C01
201300047219,0,7,0,4.0,2.0,3.0,11.0,A01
201300047219,0,7,0,16.0,9.0,4.0,2.0,B01
201300047220,0,10,0,0.0,2.0,5.0,12.0,B01
201300047220,0,32,0,4.0,2.0,3.0,3.0,A01
201300047221,0,7,0,0.0,2.0,7.0,12.0,A01
201300047221,0,31,0,0.0,2.0,3.0,0.0,B01
201300047222,0,7,0,4.0,0.0,1.0,14.0,A01
201300047223,0,10,0,0.0,2.0,2.0,1.0,C01
201300047223,0,15,0,0.0,2.0,2.0,11.0,A01
201300047223,0,7,0,0.0,2.0,8.0,2.0,B01
201300047224,0,7,0,0.0,2.0,3.0,1.0,A01
201300047224,0,7,0,0.0,2.0,5.0,0.0,B01
201300047225,0,7,0,0.0,2.0,3.0,11.0,B01
201300047225,0,33,0,0.0,2.0,1.0,3.0,A01
201300047226,0,10,0,0.0,2.0,2.0,0.0,C01
201300047226,0,7,0,0.0,2.0,4.0,0.0,A01
201300047226,0,7,0,0.0,2.0,4.0,0.0,B01
201300047226,0,10,0,0.0,2.0,4.0,0.0,D01
201300047227,0,7,0,0.0,2.0,1.0,2.0,A01
201300047227,0,7,0,0.0,2.0,4.0,2.0,C01
201300047227,0,7,0,0.0,2.0,4.0,2.0,B01
201300047228,0,7,0,3.0,0.0,6.0,0.0,A01
201300047229,0,7,0,0.0,2.0,1.0,2.0,A01
201300047229,0,7,0,0.0,2.0,4.0,2.0,B01
201300047230,0,7,0,0.0,2.0,4.0,1.0,C01
201300047230,0,7,0,0.0,2.0,4.0,1.0,E01
201300047230,0,7,0,0.0,2.0,4.0,1.0,D01
201300047230,0,7,0,0.0,2.0,1.0,1.0,A01
201300047230,0,7,0,0.0,2.0,4.0,2.0,B01
201300047231,0,7,0,5.0,0.0,4.0,0.0,B01
201300047231,0,7,0,0.0,2.0,1.0,0.0,A01
201300047232,0,7,0,4.0,0.0,3.0,1.0,A01
201300047233,0,7,0,0.0,0.0,4.0,2.0,C01
201300047233,0,33,0,0.0,2.0,2.0,3.0,B01
201300047233,0,7,0,0.0,2.0,3.0,11.0,A01
201300047234,0,10,0,0.0,2.0,3.0,0.0,A01
201300047234,0,7,0,0.0,2.0,1.0,1.0,B01
201300047235,0,17,0,0.0,0.0,0.0,0.0,A01
201300047236,0,7,0,0.0,0.0,6.0,11.0,B01
201300047236,0,32,0,0.0,2.0,2.0,3.0,A01
201300047237,0,7,0,0.0,2.0,4.0,2.0,B01
201300047237,0,13,0,0.0,2.0,1.0,2.0,A01
201300047238,0,33,0,0.0,2.0,1.0,3.0,A01
201300047238,2,7,0,0.0,0.0,0.0,12.0,B01
201300047239,0,7,0,0.0,2.0,7.0,0.0,B01
201300047239,0,33,0,0.0,2.0,6.0,0.0,A01
201300047240,0,7,0,0.0,2.0,6.0,11.0,A01
201300047240,0,34,0,0.0,2.0,2.0,2.0,B01
201300047241,0,7,0,0.0,2.0,1.0,2.0,A01
201300047241,0,7,0,0.0,2.0,6.0,2.0,C01
201300047241,0,7,0,0.0,2.0,5.0,2.0,B01
201300047242,0,7,0,4.0,0.0,2.0,0.0,A01
201300047243,0,7,0,6.0,0.0,1.0,15.0,A01
201300047244,0,7,0,4.0,0.0,2.0,15.0,A01
201300047245,0,7,0,0.0,2.0,1.0,2.0,A01
201300047245,0,7,0,0.0,2.0,4.0,2.0,B01
201300047246,0,34,0,0.0,2.0,1.0,3.0,A01
201300047246,0,7,0,0.0,2.0,4.0,3.0,B01
201300047247,0,31,0,0.0,0.0,0.0,0.0,A01
201300047248,1,7,0,0.0,0.0,4.0,0.0,A01
201300047249,0,7,0,0.0,0.0,9.0,1.0,A01
201300047250,0,31,0,0.0,0.0,8.0,3.0,A01
201300047251,1,7,0,0.0,2.0,3.0,0.0,Z01
201300047251,0,7,0,0.0,2.0,5.0,2.0,A01
201300047252,0,33,0,0.0,0.0,7.0,3.0,A01
201300047253,0,7,0,4.0,0.0,2.0,1.0,A01
201300047254,0,33,0,0.0,2.0,1.0,3.0,A01
201300047254,1,7,0,,0.0,2.0,,Z01
201300047255,0,7,0,3.0,0.0,0.0,0.0,A01
201300047256,0,7,0,0.0,2.0,0.0,12.0,B01
201300047256,0,32,0,0.0,2.0,0.0,3.0,A01
201300047257,0,7,0,0.0,0.0,7.0,0.0,A01
201300047258,0,7,0,0.0,2.0,1.0,2.0,A01
201300047258,0,7,0,0.0,2.0,4.0,2.0,B01
201300047259,0,33,0,0.0,0.0,7.0,0.0,A01
201300047260,0,7,0,4.0,0.0,1.0,13.0,A01
201300047261,0,10,0,0.0,2.0,5.0,12.0,A01
201300047261,0,10,0,0.0,2.0,6.0,1.0,B01
201300047262,0,7,0,0.0,2.0,8.0,11.0,B01
201300047262,0,32,0,0.0,2.0,7.0,12.0,A01
201300047263,0,7,0,0.0,2.0,1.0,12.0,A01
201300047263,0,7,0,0.0,2.0,4.0,2.0,B01
201300047264,0,7,0,0.0,2.0,3.0,21.0,A01
201300047264,0,7,0,0.0,2.0,5.0,1.0,C01
201300047264,0,7,0,0.0,2.0,1.0,1.0,B01
201300047265,0,14,0,0.0,2.0,8.0,1.0,B01
201300047265,0,34,0,3.0,2.0,7.0,3.0,A01
201300047265,0,7,0,0.0,2.0,5.0,1.0,C01
201300047266,0,10,0,4.0,0.0,1.0,21.0,A01
201300047266,0,7,0,0.0,0.0,1.0,1.0,B01
201300047267,0,7,0,4.0,0.0,1.0,16.0,A01
201300047268,0,7,0,0.0,2.0,2.0,0.0,A01
201300047268,0,7,0,0.0,2.0,3.0,1.0,B01
201300047269,0,14,0,0.0,2.0,3.0,1.0,C01
201300047269,0,33,0,0.0,2.0,3.0,3.0,A01
201300047269,0,7,0,0.0,2.0,5.0,1.0,B01
201300047270,0,7,0,0.0,2.0,4.0,2.0,C01
201300047270,0,7,0,0.0,2.0,4.0,2.0,B01
201300047270,0,10,0,0.0,2.0,1.0,2.0,A01
201300047271,0,7,0,0.0,2.0,6.0,11.0,B01
201300047271,0,33,0,0.0,2.0,1.0,1.0,A01
201300047272,0,7,0,0.0,0.0,3.0,21.0,A01
201300047273,0,33,0,0.0,2.0,1.0,0.0,A01
201300047273,0,33,0,0.0,2.0,4.0,0.0,B01
201300047273,0,10,0,0.0,2.0,6.0,1.0,C01
201300047274,0,34,0,0.0,2.0,1.0,0.0,A01
201300047274,0,7,0,0.0,2.0,5.0,12.0,B01
201300047275,0,10,0,0.0,0.0,5.0,2.0,B01
201300047275,0,33,0,0.0,2.0,3.0,2.0,A01
201300047276,0,33,0,0.0,2.0,1.0,21.0,A01
201300047276,0,7,0,0.0,2.0,6.0,1.0,B01
201300047277,0,7,0,13.0,0.0,3.0,1.0,A01
201300047278,0,7,0,4.0,0.0,3.0,0.0,A01
201300047279,0,33,0,0.0,0.0,2.0,0.0,A01
201300047280,0,34,0,0.0,2.0,7.0,3.0,A01
201300047280,0,7,0,0.0,2.0,8.0,11.0,B01
201300047281,0,10,0,0.0,0.0,0.0,0.0,A01
201300047282,0,7,0,0.0,0.0,5.0,0.0,B01
201300047282,0,7,0,0.0,2.0,3.0,2.0,A01
201300047283,0,33,0,4.0,2.0,1.0,1.0,A01
201300047283,0,7,0,0.0,2.0,4.0,2.0,B01
201300047284,0,7,0,4.0,0.0,1.0,0.0,A01
201300047285,0,31,0,0.0,2.0,1.0,0.0,A01
201300047285,0,7,0,0.0,2.0,8.0,12.0,B01
201300047286,0,7,0,0.0,2.0,1.0,0.0,A01
201300047286,0,7,0,0.0,0.0,4.0,0.0,B01
201300047287,0,10,0,0.0,2.0,6.0,2.0,A01
201300047287,0,33,0,0.0,2.0,1.0,2.0,B01
201300047288,0,7,0,4.0,0.0,3.0,0.0,A01
201300047289,0,33,0,3.0,0.0,3.0,14.0,A01
201300047290,0,7,0,0.0,2.0,1.0,2.0,A01
201300047290,0,10,0,0.0,0.0,4.0,2.0,B01
201300047291,0,7,0,0.0,2.0,1.0,5.0,A01
201300047291,0,10,0,0.0,2.0,1.0,1.0,B01
201300047292,0,7,0,0.0,2.0,2.0,12.0,A01
201300047292,0,33,0,0.0,2.0,8.0,3.0,B01
201300047293,0,7,0,0.0,2.0,2.0,12.0,B01
201300047293,0,33,0,0.0,2.0,3.0,1.0,A01
201300047293,0,7,0,0.0,0.0,4.0,1.0,C01
201300047294,0,7,0,4.0,0.0,2.0,0.0,A01
201300047295,0,33,0,0.0,2.0,3.0,3.0,B01
201300047295,0,7,0,0.0,2.0,2.0,12.0,A01
201300047296,0,7,0,0.0,2.0,5.0,2.0,B01
201300047296,0,33,0,0.0,2.0,1.0,2.0,A01
201300047297,0,7,0,3.0,0.0,1.0,16.0,A01
201300047298,0,7,0,3.0,0.0,2.0,1.0,A01
201300047299,0,7,0,0.0,2.0,4.0,2.0,B01
201300047299,0,7,0,0.0,2.0,1.0,2.0,A01
201300047300,0,34,0,0.0,0.0,8.0,0.0,A01
201300047301,0,10,0,0.0,2.0,4.0,2.0,B01
201300047301,0,15,0,0.0,2.0,1.0,2.0,A01
201300047301,0,7,0,0.0,2.0,4.0,2.0,C01
201300047302,0,34,0,0.0,2.0,1.0,2.0,A01
201300047302,0,7,0,0.0,2.0,4.0,2.0,B01
201300047303,0,10,0,0.0,2.0,5.0,12.0,B01
201300047303,0,32,0,0.0,2.0,8.0,3.0,A01
201300047304,0,7,0,0.0,2.0,5.0,12.0,B01
201300047304,0,33,0,0.0,2.0,1.0,1.0,A01
201300047305,0,7,0,0.0,2.0,4.0,2.0,B01
201300047305,0,7,0,0.0,2.0,1.0,2.0,A01
201300047306,0,7,0,0.0,2.0,4.0,2.0,B01
201300047306,0,7,0,0.0,2.0,1.0,2.0,A01
201300047307,0,33,0,0.0,2.0,1.0,2.0,A01
201300047307,0,7,0,0.0,2.0,5.0,2.0,B01
201300047308,0,33,0,0.0,0.0,3.0,0.0,A01
201300047309,0,7,0,4.0,0.0,1.0,0.0,A01
201300047310,0,7,0,0.0,0.0,4.0,2.0,B01
201300047310,0,7,0,0.0,2.0,1.0,2.0,A01
201300047311,0,7,0,4.0,0.0,3.0,2.0,A01
201300047312,0,7,0,0.0,2.0,2.0,2.0,B01
201300047312,0,33,0,0.0,2.0,3.0,3.0,A01
201300047313,0,7,0,0.0,2.0,1.0,2.0,A01
201300047313,0,14,0,0.0,2.0,4.0,2.0,B01
201300047314,0,7,0,0.0,0.0,6.0,2.0,C01
201300047314,0,31,0,0.0,2.0,3.0,21.0,B01
201300047314,0,7,0,0.0,2.0,2.0,12.0,A01
201300047315,0,7,0,0.0,0.0,1.0,2.0,D01
201300047315,0,7,0,4.0,0.0,1.0,2.0,C01
201300047315,0,7,0,0.0,0.0,3.0,2.0,A01
201300047315,0,7,0,0.0,0.0,4.0,2.0,B01
201300047316,0,7,0,0.0,2.0,1.0,2.0,A01
201300047316,0,15,0,0.0,2.0,4.0,1.0,B01
201300047317,0,7,0,3.0,0.0,1.0,0.0,A01
201300047318,0,7,0,4.0,0.0,2.0,13.0,A01
201300047319,0,10,0,0.0,0.0,0.0,0.0,E01
201300047319,0,7,0,0.0,2.0,4.0,2.0,B01
201300047319,0,7,0,0.0,0.0,4.0,2.0,D01
201300047319,0,7,0,0.0,2.0,4.0,2.0,C01
201300047319,0,10,0,0.0,2.0,1.0,2.0,A01
201300047320,0,7,0,0.0,0.0,9.0,2.0,A01
201300047321,0,7,0,10.0,0.0,2.0,4.0,A01
201300047322,0,10,0,0.0,2.0,6.0,24.0,B01
201300047322,0,7,0,5.0,2.0,5.0,17.0,C01
201300047322,0,15,0,0.0,2.0,3.0,21.0,A01
201300047323,0,7,0,0.0,2.0,1.0,2.0,A01
201300047323,0,7,0,0.0,0.0,4.0,2.0,B01
201300047324,0,7,0,0.0,2.0,4.0,2.0,B01
201300047324,0,7,0,0.0,2.0,1.0,2.0,A01
201300047325,0,7,0,0.0,0.0,3.0,0.0,A01
201300047326,0,7,0,4.0,0.0,3.0,0.0,A01
201300047327,0,7,0,0.0,2.0,4.0,1.0,B01
201300047327,0,7,0,0.0,2.0,1.0,2.0,A01
201300047327,0,7,0,0.0,2.0,4.0,2.0,C01
201300047327,0,7,0,0.0,2.0,4.0,2.0,D01
201300047328,0,7,0,0.0,2.0,8.0,11.0,B01
201300047328,0,7,0,0.0,2.0,3.0,1.0,C01
201300047328,0,7,0,0.0,2.0,5.0,1.0,D01
201300047328,0,32,0,0.0,2.0,1.0,3.0,A01
201300047329,0,7,0,0.0,2.0,1.0,2.0,A01
201300047329,0,7,0,0.0,2.0,4.0,2.0,B01
201300047329,0,7,0,0.0,0.0,4.0,0.0,C01
201300047330,0,7,0,0.0,2.0,7.0,12.0,B01
201300047330,0,32,0,0.0,2.0,8.0,3.0,A01
201300047331,0,33,0,0.0,2.0,7.0,17.0,B01
201300047331,0,10,0,0.0,2.0,2.0,1.0,C01
201300047331,0,7,0,0.0,2.0,6.0,11.0,A01
201300047332,0,7,0,0.0,0.0,4.0,2.0,B01
201300047332,0,7,0,0.0,2.0,1.0,1.0,A01
201300047333,0,7,0,0.0,2.0,1.0,1.0,A01
201300047333,0,7,0,14.0,0.0,4.0,21.0,B01
201300047334,0,7,0,0.0,2.0,4.0,12.0,B01
201300047334,0,31,0,0.0,2.0,1.0,3.0,A01
201300047335,0,10,0,0.0,2.0,1.0,2.0,D01
201300047335,0,7,0,0.0,2.0,1.0,2.0,C01
201300047335,0,10,0,0.0,2.0,1.0,2.0,B01
201300047335,0,10,0,0.0,2.0,1.0,1.0,A01
201300047335,0,7,0,0.0,0.0,4.0,2.0,E01
201300047336,0,7,0,0.0,2.0,5.0,1.0,B01
201300047336,0,33,0,0.0,2.0,1.0,3.0,A01
201300047337,0,7,0,1.0,0.0,2.0,2.0,A01
201300047337,0,7,0,0.0,0.0,5.0,23.0,B01
201300047338,0,7,0,4.0,0.0,1.0,0.0,A01
201300047339,0,7,0,4.0,0.0,8.0,0.0,A01
201300047340,0,7,0,4.0,0.0,1.0,1.0,A01
201300047341,0,7,0,4.0,0.0,1.0,1.0,A01
201300047342,0,7,0,4.0,2.0,1.0,1.0,A01
201300047343,0,7,0,0.0,0.0,4.0,2.0,B01
201300047343,0,7,0,0.0,2.0,1.0,2.0,A01
201300047344,0,10,0,4.0,0.0,1.0,2.0,A01
201300047345,0,7,0,0.0,2.0,5.0,1.0,B01
201300047345,1,7,0,0.0,2.0,3.0,1.0,Z01
201300047346,0,7,0,0.0,0.0,9.0,1.0,A01
201300047347,0,15,0,0.0,0.0,9.0,1.0,A01
201300047348,0,7,0,0.0,0.0,2.0,1.0,A01
201300047349,0,7,0,0.0,2.0,4.0,1.0,B01
201300047349,0,7,0,0.0,2.0,1.0,1.0,A01
201300047350,0,7,0,4.0,0.0,3.0,1.0,A01
201300047351,0,7,0,0.0,2.0,1.0,2.0,B01
201300047351,0,7,0,0.0,2.0,4.0,1.0,A01
201300047351,0,7,0,0.0,2.0,1.0,2.0,C01
201300047352,0,7,0,0.0,2.0,2.0,21.0,B01
201300047352,0,7,0,0.0,2.0,6.0,23.0,A01
201300047352,0,10,0,0.0,2.0,1.0,1.0,C01
201300047353,0,7,0,0.0,2.0,8.0,1.0,A01
201300047353,0,7,0,0.0,2.0,1.0,2.0,B01
201300047353,0,7,0,0.0,2.0,1.0,2.0,C01
201300047353,0,7,0,0.0,2.0,4.0,2.0,E01
201300047353,0,7,0,0.0,2.0,1.0,2.0,D01
201300047354,0,7,0,0.0,2.0,8.0,11.0,B01
201300047354,0,7,0,0.0,2.0,2.0,1.0,A01
201300047354,0,7,0,0.0,2.0,4.0,2.0,C01
201300047355,0,10,0,0.0,2.0,4.0,2.0,B01
201300047355,0,14,0,0.0,2.0,6.0,1.0,A01
201300047355,0,13,0,0.0,2.0,1.0,2.0,C01
201300047356,0,7,0,0.0,0.0,1.0,21.0,A01
201300047357,0,33,0,0.0,0.0,7.0,1.0,A01
201300047358,0,10,0,0.0,2.0,1.0,2.0,B01
201300047358,0,7,0,0.0,2.0,4.0,1.0,A01
201300047358,0,7,0,0.0,2.0,1.0,2.0,C01
201300047359,0,14,0,0.0,2.0,2.0,21.0,C01
201300047359,0,7,0,0.0,2.0,6.0,2.0,B01
201300047359,0,7,0,0.0,2.0,4.0,1.0,A01
201300047360,0,7,0,0.0,2.0,4.0,11.0,B01
201300047360,0,33,0,0.0,2.0,1.0,1.0,A01
201300047361,0,7,0,0.0,0.0,1.0,1.0,A01
201300047362,0,14,0,0.0,2.0,2.0,13.0,B01
201300047362,0,10,0,0.0,2.0,1.0,1.0,A01
201300047363,0,7,0,0.0,2.0,4.0,2.0,B01
201300047363,0,7,0,0.0,2.0,1.0,2.0,C01
201300047363,0,7,0,0.0,2.0,4.0,1.0,A01
201300047364,0,7,0,0.0,2.0,4.0,1.0,A01
201300047364,0,7,0,0.0,2.0,1.0,2.0,B01
201300047365,0,7,0,0.0,2.0,7.0,1.0,A01
201300047365,0,33,0,0.0,2.0,1.0,1.0,B01
201300047366,0,7,0,0.0,2.0,4.0,2.0,B01
201300047366,0,14,0,0.0,2.0,1.0,1.0,A01
201300047367,0,7,0,0.0,2.0,1.0,5.0,C01
201300047367,0,7,0,0.0,2.0,3.0,11.0,A01
201300047367,0,7,0,0.0,2.0,7.0,1.0,B01
201300047367,0,7,0,0.0,2.0,1.0,5.0,D01
201300047368,0,7,0,0.0,0.0,9.0,0.0,A01
201300047368,0,10,0,0.0,0.0,3.0,0.0,B01
201300047368,0,7,0,0.0,0.0,0.0,0.0,C01
201300047369,0,7,0,0.0,2.0,1.0,1.0,A01
201300047369,0,7,0,0.0,2.0,4.0,2.0,B01
201300047369,0,7,0,0.0,2.0,4.0,2.0,C01
201300047370,0,7,0,0.0,0.0,9.0,1.0,A01
201300047371,0,7,0,0.0,2.0,3.0,9.0,A01
201300047371,0,34,0,0.0,2.0,2.0,1.0,B01
201300047372,0,7,0,2.0,0.0,1.0,1.0,A01
201300047373,0,37,1,0.0,2.0,4.0,1.0,B01
201300047373,0,15,0,0.0,2.0,1.0,2.0,A01
201300047374,0,7,0,3.0,0.0,3.0,13.0,A01
201300047375,0,7,0,3.0,0.0,1.0,1.0,A01
201300047376,0,7,0,3.0,0.0,2.0,1.0,A01
201300047377,0,10,0,0.0,1.0,3.0,1.0,A01
201300047378,0,7,0,0.0,2.0,3.0,11.0,B01
201300047378,0,34,0,0.0,2.0,2.0,1.0,A01
201300047379,0,7,0,0.0,0.0,1.0,0.0,A01
201300047380,0,7,0,0.0,2.0,1.0,1.0,A01