Num_Acc,senc,catv,occutc,obs,obsm,choc,manv,num_veh
201300047380,0,7,0,0.0,2.0,8.0,1.0,B01
201300047381,0,7,0,4.0,2.0,6.0,1.0,A01
201300047381,1,7,0,0.0,2.0,1.0,1.0,Z01
201300047382,0,7,0,0.0,0.0,7.0,1.0,A01
201300047383,0,7,0,0.0,0.0,1.0,1.0,A01
201300047384,0,33,0,0.0,2.0,7.0,3.0,A01
201300047384,0,7,0,0.0,2.0,8.0,11.0,B01
201300047385,0,34,0,0.0,2.0,1.0,1.0,A01
201300047385,0,7,0,0.0,2.0,8.0,11.0,B01
201300047386,0,7,0,0.0,2.0,4.0,1.0,A01
201300047386,0,7,0,0.0,2.0,1.0,2.0,C01
201300047386,0,7,0,0.0,2.0,4.0,2.0,B01
201300047387,0,7,0,4.0,0.0,1.0,1.0,A01
201300047388,0,7,0,0.0,0.0,9.0,1.0,A01
201300047389,0,7,0,0.0,2.0,2.0,12.0,A01
201300047389,0,7,0,0.0,2.0,4.0,1.0,B01
201300047389,0,33,0,0.0,2.0,8.0,3.0,C01
201300047390,0,7,0,3.0,0.0,1.0,1.0,A01
201300047391,0,7,0,0.0,2.0,3.0,1.0,A01
201300047391,0,7,0,0.0,2.0,2.0,15.0,B01
201300047392,0,7,0,0.0,2.0,8.0,13.0,A01
201300047392,0,7,0,0.0,2.0,8.0,1.0,B01
201300047393,0,7,0,3.0,2.0,2.0,12.0,B01
201300047393,0,15,0,0.0,2.0,3.0,1.0,A01
201300047394,0,33,0,0.0,2.0,7.0,3.0,A01
201300047394,0,7,0,0.0,2.0,8.0,11.0,B01
201300047395,0,10,0,0.0,2.0,4.0,2.0,C01
201300047395,0,7,0,0.0,2.0,4.0,2.0,B01
201300047395,0,7,0,0.0,2.0,1.0,1.0,A01
201300047396,0,33,0,0.0,0.0,0.0,3.0,A01
201300047397,0,34,0,0.0,0.0,8.0,3.0,A01
201300047398,0,14,0,0.0,2.0,3.0,1.0,B01
201300047398,0,7,0,0.0,2.0,2.0,1.0,A01
201300047399,0,7,0,4.0,0.0,1.0,1.0,A01
201300047400,0,34,0,0.0,2.0,1.0,3.0,A01
201300047400,0,7,0,0.0,2.0,6.0,11.0,B01
201300047401,0,31,0,0.0,2.0,7.0,1.0,A01
201300047401,0,7,0,0.0,2.0,4.0,12.0,B01
201300047402,0,7,0,4.0,0.0,2.0,1.0,A01
201300047403,0,34,0,0.0,2.0,7.0,1.0,A01
201300047403,0,7,0,0.0,2.0,8.0,13.0,B01
201300047404,0,7,0,0.0,0.0,7.0,0.0,A01
201300047405,0,7,0,0.0,2.0,2.0,12.0,A01
201300047405,0,31,0,0.0,2.0,8.0,3.0,B01
201300047406,0,7,0,0.0,2.0,4.0,2.0,A01
201300047406,2,7,0,0.0,2.0,1.0,1.0,B01
201300047407,0,33,0,0.0,0.0,9.0,1.0,A01
201300047408,0,33,0,0.0,2.0,9.0,0.0,B01
201300047408,0,7,0,0.0,2.0,2.0,1.0,A01
201300047409,0,7,0,0.0,2.0,1.0,2.0,A01
201300047409,0,7,0,0.0,2.0,8.0,11.0,B01
201300047410,0,33,0,0.0,0.0,8.0,13.0,A01
201300047411,0,7,0,0.0,2.0,6.0,1.0,C01
201300047411,0,33,0,0.0,2.0,9.0,3.0,A01
201300047411,0,7,0,0.0,2.0,7.0,12.0,B01
201300047412,0,7,0,0.0,2.0,8.0,11.0,B01
201300047412,0,33,0,0.0,2.0,7.0,3.0,A01
201300047412,0,7,0,0.0,2.0,4.0,1.0,C01
201300047413,0,33,0,0.0,2.0,9.0,3.0,A01
201300047413,0,7,0,0.0,2.0,3.0,1.0,B01
201300047414,0,33,0,0.0,2.0,9.0,21.0,B01
201300047414,0,10,0,0.0,2.0,4.0,12.0,A01
201300047414,0,33,0,0.0,2.0,1.0,21.0,C01
201300047415,0,38,1,0.0,2.0,4.0,2.0,B01
201300047415,0,7,0,0.0,2.0,1.0,1.0,A01
201300047416,0,32,0,4.0,0.0,3.0,1.0,A01
201300047417,0,7,0,0.0,0.0,0.0,1.0,A01
201300047418,0,7,0,3.0,0.0,1.0,21.0,A01
201300047419,0,7,0,0.0,2.0,2.0,1.0,B01
201300047419,0,7,0,0.0,2.0,3.0,11.0,A01
201300047420,0,10,0,4.0,2.0,1.0,12.0,A01
201300047420,0,10,0,0.0,2.0,6.0,1.0,B01
201300047421,0,7,0,3.0,0.0,1.0,1.0,A01
201300047422,0,7,0,0.0,9.0,1.0,1.0,A01
201300047423,0,7,0,4.0,0.0,7.0,1.0,A01
201300047424,0,7,0,0.0,2.0,3.0,1.0,B01
201300047424,0,7,0,3.0,2.0,2.0,12.0,A01
201300047425,0,7,0,0.0,2.0,4.0,2.0,A01
201300047425,0,7,0,0.0,2.0,4.0,2.0,B01
201300047425,0,7,0,0.0,2.0,1.0,1.0,C01
201300047426,0,7,0,0.0,2.0,4.0,2.0,B01
201300047426,0,7,0,0.0,2.0,2.0,2.0,A01
201300047427,0,7,0,0.0,2.0,4.0,9.0,B01
201300047427,0,7,0,0.0,2.0,1.0,1.0,A01
201300047428,0,10,0,0.0,2.0,7.0,1.0,A01
201300047428,0,15,0,0.0,2.0,1.0,1.0,B01
201300047429,0,10,0,16.0,0.0,1.0,14.0,A01
201300047430,2,7,0,0.0,2.0,1.0,1.0,Z01
201300047430,0,7,0,0.0,2.0,4.0,1.0,A01
201300047430,0,7,0,4.0,2.0,1.0,2.0,B01
201300047431,0,7,0,0.0,0.0,1.0,1.0,A01
201300047432,0,7,0,0.0,0.0,9.0,0.0,A01
201300047433,0,7,0,0.0,2.0,6.0,1.0,A01
201300047433,1,14,0,0.0,2.0,2.0,1.0,Z01
201300047434,0,7,0,4.0,0.0,1.0,6.0,A01
201300047435,0,7,0,0.0,2.0,1.0,2.0,A01
201300047435,0,7,0,0.0,2.0,4.0,1.0,B01
201300047436,0,7,0,0.0,0.0,1.0,0.0,A01
201300047437,0,7,0,3.0,0.0,1.0,6.0,A01
201300047438,0,7,0,0.0,0.0,1.0,0.0,A01
201300047439,0,7,0,0.0,2.0,5.0,1.0,C01
201300047439,0,33,0,0.0,2.0,9.0,3.0,A01
201300047439,0,7,0,0.0,2.0,8.0,11.0,B01
201300047440,0,7,0,0.0,2.0,1.0,1.0,B01
201300047440,0,7,0,0.0,2.0,4.0,1.0,A01
201300047441,0,7,0,0.0,2.0,1.0,2.0,B01
201300047441,0,10,0,0.0,2.0,4.0,1.0,A01
201300047442,0,7,0,4.0,0.0,7.0,1.0,A01
201300047443,0,33,0,0.0,2.0,9.0,1.0,B01
201300047443,0,7,0,0.0,2.0,8.0,10.0,A01
201300047444,0,7,0,0.0,2.0,1.0,2.0,B01
201300047444,0,7,0,0.0,2.0,4.0,1.0,A01
201300047445,0,10,0,0.0,0.0,1.0,0.0,A01
201300047445,0,7,0,0.0,0.0,4.0,0.0,B01
201300047446,0,7,0,0.0,2.0,4.0,2.0,C01
201300047446,0,7,0,0.0,2.0,4.0,1.0,A01
201300047446,0,7,0,0.0,2.0,1.0,2.0,B01
201300047447,0,7,0,0.0,2.0,1.0,1.0,A01
201300047447,0,15,0,0.0,2.0,4.0,2.0,B01
201300047448,0,7,0,0.0,0.0,9.0,1.0,A01
201300047449,0,7,0,6.0,0.0,1.0,1.0,A01
201300047450,0,7,0,0.0,2.0,1.0,2.0,A01
201300047450,0,7,0,0.0,0.0,4.0,2.0,B01
201300047451,0,7,0,4.0,0.0,2.0,1.0,A01
201300047452,1,7,0,0.0,2.0,1.0,2.0,Z01
201300047452,0,33,0,0.0,2.0,8.0,1.0,A01
201300047453,0,33,0,0.0,2.0,4.0,3.0,B01
201300047453,0,33,0,0.0,2.0,4.0,3.0,A01
201300047453,0,33,0,0.0,2.0,1.0,3.0,C01
201300047454,0,10,0,0.0,2.0,5.0,12.0,A01
201300047454,0,33,0,0.0,2.0,1.0,21.0,B01
201300047455,0,33,0,0.0,2.0,1.0,9.0,A01
201300047455,0,7,0,0.0,2.0,4.0,1.0,B01
201300047456,0,7,0,0.0,2.0,4.0,1.0,B01
201300047456,0,10,0,0.0,2.0,1.0,11.0,A01
201300047457,0,7,0,0.0,0.0,1.0,1.0,A01
201300047458,0,7,0,0.0,0.0,0.0,0.0,A01
201300047459,0,7,0,0.0,2.0,4.0,2.0,C01
201300047459,0,10,0,0.0,2.0,4.0,2.0,B01
201300047459,0,33,0,0.0,2.0,1.0,1.0,A01
201300047460,0,7,0,0.0,2.0,1.0,2.0,B01
201300047460,0,10,0,0.0,2.0,8.0,1.0,C01
201300047460,0,7,0,0.0,2.0,7.0,1.0,A01
201300047461,0,7,0,4.0,0.0,8.0,13.0,A01
201300047462,0,7,0,0.0,2.0,1.0,2.0,E01
201300047462,0,7,0,0.0,2.0,4.0,1.0,A01
201300047462,0,7,0,0.0,2.0,1.0,2.0,F02
201300047462,0,7,0,0.0,2.0,1.0,2.0,B01
201300047462,0,7,0,0.0,2.0,1.0,2.0,C01
201300047462,0,7,0,0.0,2.0,1.0,2.0,D01
201300047463,0,7,0,0.0,0.0,1.0,1.0,A01
201300047464,0,7,0,0.0,2.0,2.0,12.0,A01
201300047464,0,34,0,0.0,2.0,3.0,3.0,B01
201300047465,0,7,0,0.0,2.0,5.0,12.0,B01
201300047465,0,33,0,0.0,2.0,1.0,3.0,A01
201300047466,0,7,0,0.0,2.0,5.0,12.0,A01
201300047466,0,14,0,0.0,2.0,3.0,1.0,B01
201300047467,0,33,0,0.0,2.0,1.0,17.0,B01
201300047467,0,7,0,0.0,2.0,3.0,10.0,A01
201300047468,0,7,0,0.0,2.0,4.0,11.0,A01
201300047468,0,33,0,0.0,2.0,1.0,3.0,B01
201300047469,0,33,0,0.0,2.0,1.0,1.0,A01
201300047469,0,10,0,0.0,2.0,4.0,24.0,B01
201300047469,0,7,0,1.0,0.0,1.0,2.0,C01
201300047470,0,7,0,0.0,2.0,4.0,1.0,A01
201300047470,0,13,0,0.0,2.0,2.0,12.0,B01
201300047471,0,7,0,0.0,2.0,4.0,2.0,E01
201300047471,0,7,0,0.0,2.0,4.0,2.0,B01
201300047471,0,7,0,0.0,2.0,4.0,1.0,D01
201300047471,0,7,0,0.0,2.0,1.0,1.0,A01
201300047471,0,7,0,0.0,2.0,4.0,1.0,C01
201300047472,0,7,0,0.0,2.0,7.0,12.0,B01
201300047472,0,33,0,0.0,2.0,8.0,3.0,A01
201300047472,0,7,0,0.0,2.0,8.0,1.0,C01
201300047473,0,7,0,0.0,2.0,1.0,2.0,A01
201300047473,0,7,0,0.0,2.0,4.0,1.0,B01
201300047474,0,7,0,1.0,0.0,9.0,1.0,A01
201300047475,0,33,0,0.0,0.0,7.0,1.0,A01
201300047476,0,7,0,0.0,2.0,4.0,1.0,B01
201300047476,1,15,0,0.0,2.0,1.0,2.0,Z01
201300047476,0,7,0,0.0,2.0,4.0,1.0,A01
201300047477,0,15,0,0.0,2.0,3.0,1.0,C01
201300047477,0,7,0,0.0,2.0,7.0,1.0,A01
201300047477,0,33,0,0.0,2.0,1.0,3.0,B01
201300047478,0,7,0,0.0,2.0,4.0,1.0,A01
201300047478,0,7,0,0.0,2.0,1.0,2.0,B01
201300047479,0,14,0,0.0,2.0,1.0,1.0,B01
201300047479,0,7,0,0.0,2.0,4.0,9.0,A01
201300047480,0,7,0,0.0,2.0,9.0,13.0,B01
201300047480,0,14,0,0.0,2.0,2.0,14.0,A01
201300047481,0,7,0,0.0,0.0,9.0,0.0,A01
201300047482,0,33,0,0.0,2.0,3.0,0.0,A01
201300047482,0,7,0,0.0,0.0,4.0,0.0,B01
201300047483,0,7,0,0.0,2.0,9.0,1.0,A01
201300047483,0,7,0,0.0,2.0,1.0,2.0,B01
201300047483,0,7,0,0.0,2.0,4.0,1.0,C01
201300047484,0,7,0,0.0,2.0,8.0,11.0,A01
201300047484,0,33,0,0.0,2.0,9.0,1.0,B01
201300047485,0,7,0,0.0,2.0,8.0,11.0,A01
201300047485,0,33,0,0.0,2.0,7.0,3.0,B01
201300047486,0,33,0,0.0,0.0,8.0,1.0,A01
201300047487,0,7,0,0.0,2.0,7.0,11.0,B01
201300047487,0,33,0,0.0,2.0,7.0,3.0,A01
201300047488,0,7,0,0.0,2.0,2.0,12.0,A01
201300047488,0,33,0,0.0,2.0,8.0,3.0,B01
201300047489,0,10,0,0.0,2.0,1.0,2.0,B01
201300047489,0,7,0,0.0,2.0,4.0,1.0,A01
201300047490,0,33,0,0.0,0.0,1.0,1.0,A01
201300047491,0,10,0,0.0,2.0,1.0,2.0,C01
201300047491,0,10,0,0.0,2.0,4.0,2.0,D01
201300047491,0,10,0,0.0,2.0,1.0,2.0,E01
201300047491,0,10,0,0.0,2.0,1.0,2.0,B01
201300047491,0,7,0,0.0,2.0,4.0,1.0,A01
201300047492,0,7,0,0.0,2.0,6.0,9.0,A01
201300047492,0,14,0,0.0,2.0,2.0,1.0,B01
201300047493,0,33,0,0.0,2.0,4.0,3.0,A01
201300047493,0,7,0,0.0,2.0,1.0,11.0,B01
201300047493,0,7,0,0.0,2.0,4.0,1.0,C01
201300047494,0,10,0,0.0,2.0,4.0,2.0,C01
201300047494,0,14,0,0.0,2.0,4.0,2.0,B01
201300047494,0,7,0,0.0,2.0,1.0,1.0,A01
201300047495,0,7,0,0.0,0.0,1.0,2.0,C01
201300047495,0,7,0,0.0,0.0,4.0,2.0,A01
201300047495,0,7,0,0.0,0.0,4.0,2.0,B01
201300047495,0,7,0,0.0,0.0,1.0,2.0,D01
201300047496,0,7,0,0.0,2.0,7.0,1.0,A01
201300047496,0,7,0,0.0,2.0,8.0,1.0,B01
201300047497,0,7,0,0.0,2.0,4.0,12.0,A01
201300047497,0,33,0,0.0,2.0,1.0,3.0,B01
201300047498,0,7,0,0.0,0.0,1.0,1.0,A01
201300047499,0,7,0,0.0,2.0,4.0,23.0,A01
201300047499,0,34,0,0.0,2.0,1.0,14.0,B01
201300047500,0,15,0,0.0,0.0,1.0,13.0,A01
201300047501,0,15,0,0.0,2.0,7.0,1.0,B01
201300047501,0,7,0,0.0,2.0,8.0,11.0,A01
201300047502,0,7,0,0.0,2.0,1.0,1.0,A01
201300047502,0,7,0,0.0,2.0,4.0,2.0,B01
201300047503,0,7,0,0.0,2.0,4.0,2.0,C01
201300047503,0,7,0,0.0,2.0,1.0,1.0,A01
201300047503,0,7,0,0.0,2.0,4.0,2.0,D01
201300047503,0,7,0,0.0,2.0,4.0,2.0,B01
201300047504,0,7,0,0.0,2.0,4.0,0.0,B01
201300047504,0,33,0,0.0,2.0,1.0,0.0,A01
201300047505,0,10,0,0.0,2.0,7.0,1.0,A01
201300047505,0,33,0,0.0,2.0,1.0,3.0,B01
201300047506,0,7,0,0.0,2.0,3.0,1.0,A01
201300047506,0,7,0,0.0,2.0,2.0,1.0,B01
201300047506,0,7,0,0.0,2.0,8.0,1.0,C01
201300047507,0,7,0,3.0,0.0,3.0,1.0,A01
201300047508,0,10,0,0.0,2.0,1.0,1.0,A01
201300047508,0,33,0,0.0,2.0,4.0,2.0,B01
201300047509,0,33,0,0.0,0.0,7.0,1.0,A01
201300047510,0,7,0,0.0,2.0,4.0,1.0,A01
201300047510,0,33,0,0.0,2.0,1.0,2.0,B01
201300047511,0,10,0,0.0,2.0,8.0,1.0,B01
201300047511,0,7,0,0.0,2.0,2.0,1.0,A01
201300047512,0,7,0,4.0,0.0,1.0,1.0,A01
201300047513,0,10,0,13.0,0.0,1.0,1.0,A01
201300047514,0,7,0,0.0,2.0,8.0,11.0,B01
201300047514,0,33,0,0.0,2.0,7.0,3.0,A01
201300047515,0,7,0,4.0,0.0,1.0,1.0,A01
201300047516,0,7,0,0.0,2.0,4.0,2.0,A01
201300047516,0,7,0,0.0,2.0,1.0,2.0,B01
201300047517,0,7,0,0.0,0.0,7.0,1.0,A01
201300047517,0,7,0,0.0,6.0,8.0,21.0,B01
201300047518,0,7,0,0.0,0.0,3.0,1.0,A01
201300047519,0,7,0,0.0,2.0,4.0,2.0,B01
201300047519,0,7,0,0.0,2.0,4.0,1.0,A01
201300047519,0,7,0,0.0,2.0,1.0,2.0,C01
201300047520,0,7,0,0.0,2.0,8.0,1.0,B01
201300047520,0,33,0,0.0,2.0,7.0,1.0,A01
201300047521,0,31,0,15.0,0.0,3.0,16.0,A01
201300047522,0,7,0,0.0,2.0,3.0,2.0,C01
201300047522,0,7,0,0.0,2.0,5.0,1.0,A01
201300047522,0,7,0,0.0,2.0,4.0,2.0,B01
201300047523,0,10,0,0.0,2.0,4.0,2.0,B01
201300047523,0,7,0,0.0,2.0,1.0,1.0,A01
201300047524,0,7,0,0.0,2.0,1.0,2.0,A01
201300047524,0,7,0,0.0,2.0,4.0,23.0,B01
201300047525,0,7,0,0.0,2.0,4.0,2.0,B01
201300047525,0,7,0,0.0,2.0,9.0,2.0,D01
201300047525,0,7,0,0.0,2.0,4.0,2.0,C01
201300047525,0,7,0,0.0,2.0,4.0,2.0,E01
201300047525,0,10,0,0.0,2.0,2.0,1.0,A01
201300047526,0,10,0,0.0,2.0,1.0,2.0,C01
201300047526,0,10,0,0.0,2.0,4.0,2.0,B01
201300047526,0,7,0,0.0,2.0,4.0,1.0,A01
201300047527,0,99,0,0.0,2.0,6.0,3.0,A01
201300047527,0,7,0,0.0,2.0,2.0,1.0,B01
201300047528,0,33,0,0.0,2.0,1.0,1.0,B01
201300047528,0,7,0,0.0,2.0,6.0,11.0,A01
201300047529,0,7,0,6.0,0.0,1.0,1.0,A01
201300047530,0,7,0,4.0,0.0,2.0,1.0,A01
201300047531,0,7,0,13.0,0.0,2.0,1.0,A01
201300047532,0,7,0,0.0,2.0,6.0,1.0,B01
201300047532,0,7,0,0.0,2.0,2.0,12.0,A01
201300047533,0,7,0,0.0,0.0,1.0,1.0,A01
201300047534,0,7,0,0.0,2.0,1.0,1.0,B01
201300047534,0,7,0,0.0,2.0,1.0,11.0,A01
201300047535,0,7,0,0.0,2.0,1.0,1.0,A01
201300047535,0,7,0,0.0,2.0,8.0,1.0,B01
201300047536,0,7,0,0.0,0.0,9.0,1.0,A01
201300047537,0,7,0,0.0,2.0,4.0,2.0,C01
201300047537,0,7,0,0.0,2.0,4.0,2.0,B01
201300047537,0,7,0,0.0,2.0,1.0,1.0,A01
201300047538,0,15,0,0.0,2.0,2.0,1.0,B01
201300047538,0,7,0,0.0,2.0,9.0,1.0,C01
201300047538,0,7,0,0.0,2.0,8.0,11.0,A01
201300047539,0,7,0,16.0,0.0,0.0,1.0,A01
201300047540,0,7,0,0.0,2.0,4.0,1.0,B01
201300047540,0,31,0,0.0,2.0,1.0,3.0,A01
201300047541,0,31,0,0.0,2.0,1.0,3.0,B01
201300047541,0,7,0,0.0,2.0,4.0,1.0,A01
201300047542,0,7,0,0.0,2.0,4.0,1.0,B01
201300047542,0,7,0,0.0,2.0,1.0,1.0,A01
201300047543,0,7,0,0.0,2.0,4.0,1.0,B01
201300047543,0,7,0,0.0,2.0,1.0,1.0,A01
201300047544,0,7,0,0.0,2.0,4.0,2.0,B01
201300047544,0,7,0,0.0,2.0,4.0,2.0,C01
201300047544,0,7,0,0.0,2.0,1.0,1.0,A01
201300047544,0,7,0,0.0,2.0,4.0,2.0,D01
201300047544,0,7,0,0.0,2.0,1.0,1.0,E01
201300047545,0,33,0,0.0,0.0,1.0,3.0,A01
201300047546,0,33,0,0.0,2.0,7.0,3.0,A01
201300047546,0,7,0,0.0,2.0,3.0,1.0,B01
201300047547,0,7,0,0.0,2.0,7.0,12.0,B01
201300047547,0,33,0,0.0,2.0,8.0,3.0,A01
201300047548,0,15,0,0.0,2.0,7.0,12.0,B01
201300047548,0,33,0,0.0,2.0,3.0,3.0,A01
201300047549,0,7,0,0.0,2.0,7.0,12.0,B01
201300047549,0,33,0,0.0,2.0,8.0,1.0,A01
201300047550,0,7,0,0.0,2.0,5.0,2.0,B01
201300047550,0,31,0,0.0,2.0,8.0,3.0,A01
201300047551,0,33,0,0.0,2.0,8.0,3.0,A01
201300047551,0,7,0,0.0,2.0,7.0,1.0,B01
201300047552,0,15,0,0.0,2.0,7.0,1.0,B01
201300047552,0,31,0,0.0,2.0,4.0,9.0,A01
201300047553,0,7,0,13.0,0.0,1.0,1.0,A01
201300047554,0,34,0,0.0,2.0,1.0,3.0,A01
201300047554,0,7,0,0.0,2.0,3.0,1.0,B01
201300047555,0,7,0,9.0,0.0,1.0,1.0,A01
201300047556,0,31,0,0.0,0.0,8.0,21.0,A01
201300047556,0,17,0,0.0,0.0,0.0,21.0,B01
201300047557,0,14,0,0.0,2.0,5.0,12.0,A01
201300047557,0,33,0,0.0,2.0,1.0,3.0,B01
201300047558,0,7,0,0.0,2.0,1.0,1.0,A01
201300047558,0,7,0,0.0,2.0,4.0,2.0,B01
201300047559,0,7,0,0.0,2.0,8.0,11.0,A01
201300047559,0,33,0,0.0,2.0,7.0,17.0,B01
201300047560,0,7,0,0.0,2.0,4.0,1.0,A01
201300047560,0,7,0,0.0,2.0,4.0,2.0,B01
201300047560,0,7,0,0.0,2.0,1.0,2.0,C01
201300047561,0,7,0,9.0,0.0,1.0,1.0,A01
201300047562,0,7,0,0.0,2.0,8.0,11.0,B01
201300047562,0,33,0,0.0,0.0,7.0,1.0,A01
201300047562,0,7,0,0.0,0.0,4.0,1.0,C01
201300047563,0,33,0,0.0,2.0,8.0,18.0,A01
201300047563,0,7,0,0.0,2.0,1.0,9.0,B01
201300047564,0,7,0,0.0,0.0,9.0,1.0,A01
201300047565,0,33,0,0.0,2.0,1.0,3.0,A01
201300047565,0,14,0,0.0,2.0,6.0,1.0,B01
201300047565,0,7,0,0.0,2.0,4.0,1.0,C01
201300047566,0,7,0,0.0,2.0,1.0,1.0,A01
201300047566,0,7,0,0.0,2.0,2.0,1.0,B01
201300047567,0,7,0,0.0,0.0,7.0,1.0,A01
201300047567,0,10,0,0.0,2.0,8.0,1.0,C01
201300047567,0,7,0,0.0,2.0,8.0,1.0,B01
201300047567,0,33,0,0.0,2.0,7.0,3.0,D01
201300047568,0,34,0,0.0,2.0,8.0,3.0,A01
201300047568,0,10,0,0.0,2.0,5.0,1.0,B01
201300047569,0,33,0,0.0,0.0,8.0,3.0,A01
201300047570,0,33,0,0.0,2.0,7.0,3.0,B01
201300047570,0,13,0,0.0,2.0,8.0,13.0,A01
201300047571,0,34,0,0.0,0.0,7.0,1.0,A01
201300047572,0,7,0,0.0,2.0,4.0,1.0,A01
201300047572,0,7,0,0.0,2.0,1.0,2.0,B01
201300047573,0,33,0,0.0,2.0,1.0,3.0,A01
201300047573,0,7,0,0.0,2.0,8.0,11.0,B01
201300047574,0,7,0,0.0,2.0,4.0,2.0,B01
201300047574,0,7,0,0.0,2.0,4.0,2.0,C01
201300047574,0,7,0,0.0,2.0,1.0,9.0,A01
201300047575,0,10,0,0.0,5.0,1.0,21.0,A01
201300047576,0,33,0,0.0,2.0,3.0,3.0,A01
201300047576,0,7,0,0.0,2.0,4.0,1.0,B01
201300047577,0,33,0,0.0,2.0,1.0,3.0,A01
201300047577,0,7,0,0.0,2.0,6.0,11.0,B01
201300047578,0,10,0,0.0,2.0,4.0,2.0,B01
201300047578,0,7,0,0.0,2.0,1.0,2.0,C01
201300047578,0,7,0,0.0,2.0,4.0,1.0,A01
201300047579,0,7,0,0.0,2.0,4.0,2.0,A01
201300047579,0,7,0,0.0,2.0,4.0,2.0,B01
201300047579,0,7,0,0.0,2.0,1.0,2.0,C01
201300047580,0,33,0,0.0,0.0,7.0,1.0,A01
201300047581,0,7,0,3.0,0.0,7.0,1.0,A01
201300047582,0,33,0,0.0,2.0,1.0,1.0,B01
201300047582,0,10,0,0.0,2.0,4.0,11.0,A01
201300047583,0,34,0,0.0,0.0,7.0,3.0,A01
201300047584,0,14,0,0.0,2.0,7.0,12.0,A01
201300047584,0,7,0,0.0,2.0,8.0,1.0,B01
201300047585,0,7,0,0.0,0.0,1.0,1.0,A01
201300047586,0,34,0,0.0,2.0,8.0,3.0,A01
201300047586,0,7,0,0.0,2.0,7.0,12.0,B01
201300047587,0,33,0,0.0,0.0,8.0,3.0,A01
201300047588,0,32,0,0.0,2.0,7.0,1.0,A01
201300047589,0,33,0,4.0,2.0,1.0,2.0,A01
201300047589,0,7,0,4.0,2.0,4.0,1.0,B01
201300047590,0,7,0,0.0,2.0,4.0,2.0,B01
201300047590,0,14,0,0.0,2.0,1.0,1.0,A01
201300047591,0,7,0,0.0,2.0,4.0,1.0,A01
201300047591,2,7,0,0.0,2.0,1.0,2.0,C01
201300047591,0,7,0,0.0,2.0,4.0,1.0,B01
201300047592,0,7,0,0.0,2.0,8.0,11.0,B01
201300047592,0,33,0,0.0,2.0,8.0,3.0,A01
201300047593,0,7,0,0.0,2.0,8.0,1.0,A01
201300047593,0,33,0,0.0,2.0,8.0,9.0,E01
201300047593,0,15,0,0.0,2.0,4.0,1.0,B01
201300047593,0,10,0,0.0,2.0,1.0,2.0,D01
201300047593,0,15,0,0.0,2.0,1.0,2.0,C01
201300047594,0,33,0,3.0,0.0,1.0,17.0,A01
201300047595,0,33,0,0.0,2.0,7.0,3.0,A01
201300047595,0,7,0,0.0,2.0,6.0,11.0,B01
201300047596,0,7,0,0.0,2.0,8.0,11.0,B01
201300047596,0,32,0,0.0,2.0,7.0,3.0,A01
201300047597,0,7,0,0.0,2.0,1.0,1.0,A01
201300047597,0,10,0,0.0,2.0,9.0,2.0,B01
201300047597,0,7,0,0.0,2.0,4.0,2.0,C01
201300047598,0,7,0,0.0,2.0,1.0,1.0,A01
201300047598,0,7,0,0.0,2.0,4.0,2.0,B01
201300047599,0,7,0,0.0,2.0,7.0,12.0,A01
201300047599,0,33,0,0.0,2.0,8.0,3.0,B01
201300047600,0,34,0,0.0,2.0,1.0,3.0,A01
201300047600,0,7,0,0.0,0.0,6.0,1.0,B01
201300047601,0,7,0,0.0,0.0,1.0,0.0,A01
201300047602,0,7,0,0.0,2.0,9.0,12.0,A01
201300047602,0,33,0,0.0,2.0,9.0,3.0,B01
201300047603,0,7,0,0.0,2.0,1.0,2.0,A01
201300047603,0,7,0,0.0,2.0,4.0,1.0,B01
201300047604,0,10,0,0.0,2.0,1.0,1.0,A01
201300047604,0,7,0,0.0,2.0,8.0,13.0,B01
201300047605,0,7,0,4.0,0.0,0.0,1.0,A01
201300047606,0,33,0,0.0,2.0,8.0,3.0,B01
201300047606,0,10,0,0.0,2.0,5.0,12.0,A01
201300047607,0,7,0,3.0,0.0,1.0,9.0,A01
201300047608,0,33,0,0.0,2.0,8.0,3.0,A01
201300047608,0,10,0,0.0,2.0,7.0,12.0,B01
201300047608,0,7,0,0.0,2.0,1.0,1.0,C01
201300047609,0,10,0,0.0,2.0,4.0,2.0,B01
201300047609,0,7,0,0.0,2.0,1.0,1.0,A01
201300047610,0,33,0,0.0,2.0,1.0,3.0,A01
201300047610,0,7,0,0.0,2.0,4.0,12.0,B01
201300047611,0,32,0,0.0,2.0,8.0,1.0,B01
201300047611,0,13,0,0.0,2.0,5.0,1.0,A01
201300047612,0,7,0,0.0,2.0,7.0,12.0,C01
201300047612,0,33,0,0.0,2.0,1.0,3.0,B01
201300047612,0,7,0,0.0,2.0,4.0,1.0,A01
201300047613,0,7,0,0.0,2.0,8.0,11.0,A01
201300047613,0,34,0,0.0,2.0,1.0,1.0,B01
201300047614,0,7,0,0.0,2.0,1.0,17.0,A01
201300047614,0,7,0,0.0,2.0,4.0,2.0,B01
201300047615,0,33,0,0.0,2.0,1.0,1.0,A01
201300047615,0,7,0,0.0,2.0,5.0,12.0,B01
201300047616,0,7,0,0.0,2.0,0.0,1.0,A01
201300047617,0,33,0,0.0,2.0,1.0,1.0,A01
201300047617,0,7,0,0.0,2.0,7.0,12.0,B01
201300047618,0,7,0,0.0,0.0,1.0,1.0,A01