Num_Acc,senc,catv,occutc,obs,obsm,choc,manv,num_veh
201300047619,0,15,0,0.0,2.0,1.0,2.0,B01
201300047619,0,15,0,0.0,2.0,4.0,1.0,A01
201300047619,0,14,0,0.0,2.0,1.0,2.0,C01
201300047620,0,7,0,0.0,2.0,1.0,1.0,A01
201300047620,0,15,0,0.0,2.0,4.0,2.0,B01
201300047621,0,7,0,0.0,2.0,4.0,1.0,A01
201300047621,0,10,0,0.0,2.0,1.0,2.0,B01
201300047622,0,7,0,0.0,2.0,2.0,12.0,B01
201300047622,0,7,0,0.0,2.0,4.0,1.0,A01
201300047622,0,33,0,0.0,2.0,8.0,1.0,C01
201300047623,0,10,0,0.0,2.0,1.0,6.0,A01
201300047623,0,7,0,0.0,2.0,1.0,1.0,B01
201300047623,0,7,0,0.0,2.0,1.0,1.0,C01
201300047624,0,10,0,0.0,2.0,3.0,11.0,B01
201300047624,0,33,0,0.0,2.0,5.0,3.0,A01
201300047625,0,33,0,0.0,0.0,8.0,1.0,A01
201300047626,0,34,0,0.0,0.0,8.0,9.0,A01
201300047627,0,7,0,0.0,2.0,1.0,1.0,A01
201300047627,0,15,0,0.0,2.0,4.0,2.0,B01
201300047628,0,33,0,4.0,0.0,1.0,11.0,A01
201300047629,0,10,0,0.0,2.0,1.0,1.0,A01
201300047629,0,7,0,0.0,2.0,9.0,2.0,C01
201300047629,0,7,0,0.0,2.0,0.0,2.0,B01
201300047629,0,7,0,0.0,2.0,6.0,2.0,E01
201300047629,0,7,0,0.0,2.0,3.0,2.0,F02
201300047629,0,33,0,0.0,2.0,9.0,2.0,D01
201300047630,0,33,0,0.0,2.0,8.0,3.0,C01
201300047630,0,7,0,0.0,2.0,9.0,12.0,A01
201300047630,0,7,0,0.0,2.0,8.0,1.0,B01
201300047631,0,10,0,0.0,2.0,2.0,1.0,A01
201300047631,0,7,0,0.0,2.0,3.0,11.0,B01
201300047632,0,7,0,0.0,0.0,0.0,0.0,A01
201300047632,0,7,0,0.0,2.0,1.0,0.0,B01
201300047633,0,33,0,0.0,2.0,0.0,1.0,B01
201300047633,0,7,0,0.0,2.0,1.0,0.0,A01
201300047634,0,7,0,0.0,2.0,7.0,14.0,A01
201300047634,0,7,0,0.0,2.0,8.0,21.0,B01
201300047635,0,33,0,0.0,2.0,1.0,1.0,B01
201300047635,0,7,0,0.0,2.0,4.0,1.0,A01
201300047636,0,7,0,0.0,2.0,4.0,2.0,B01
201300047636,0,7,0,0.0,2.0,4.0,1.0,A01
201300047636,0,7,0,0.0,2.0,1.0,2.0,C01
201300047637,0,14,0,0.0,2.0,4.0,2.0,C01
201300047637,0,7,0,0.0,2.0,1.0,1.0,A01
201300047637,0,7,0,0.0,9.0,1.0,2.0,D01
201300047637,0,15,0,0.0,2.0,4.0,2.0,B01
201300047638,0,7,0,0.0,2.0,1.0,14.0,B01
201300047638,0,33,0,0.0,2.0,8.0,1.0,C01
201300047638,0,7,0,0.0,2.0,4.0,1.0,A01
201300047639,0,7,0,0.0,2.0,2.0,1.0,A01
201300047639,0,15,0,0.0,2.0,6.0,12.0,B01
201300047640,0,7,0,0.0,2.0,0.0,1.0,B01
201300047640,0,15,0,0.0,2.0,0.0,0.0,A01
201300047641,0,7,0,4.0,0.0,8.0,13.0,A01
201300047642,0,7,0,4.0,0.0,3.0,1.0,A01
201300047643,0,7,0,0.0,2.0,4.0,2.0,B01
201300047643,0,7,0,0.0,2.0,1.0,1.0,A01
201300047644,0,7,0,0.0,2.0,1.0,2.0,C01
201300047644,0,7,0,0.0,2.0,4.0,1.0,A01
201300047644,0,7,0,0.0,2.0,4.0,2.0,B01
201300047645,0,7,0,0.0,0.0,0.0,1.0,A01
201300047646,0,1,0,0.0,2.0,8.0,19.0,B01
201300047646,0,7,0,0.0,2.0,1.0,1.0,A01
201300047647,0,7,0,3.0,0.0,8.0,1.0,A01
201300047648,0,10,0,0.0,0.0,9.0,0.0,A01
201300047649,0,7,0,0.0,2.0,8.0,11.0,A01
201300047649,0,33,0,0.0,2.0,1.0,3.0,B01
201300047650,0,33,0,0.0,2.0,8.0,0.0,A01
201300047650,0,7,0,0.0,2.0,8.0,0.0,B01
201300047651,0,33,0,0.0,2.0,8.0,3.0,A01
201300047651,0,7,0,0.0,2.0,7.0,12.0,B01
201300047652,0,7,0,0.0,2.0,0.0,0.0,A01
201300047652,0,33,0,0.0,2.0,0.0,1.0,B01
201300047653,0,10,0,0.0,2.0,9.0,2.0,C01
201300047653,0,7,0,0.0,2.0,1.0,2.0,D01
201300047653,0,7,0,0.0,2.0,9.0,2.0,B01
201300047653,0,7,0,0.0,2.0,4.0,1.0,A01
201300047654,0,7,0,0.0,0.0,0.0,0.0,A01
201300047655,0,7,0,4.0,0.0,1.0,1.0,A01
201300047656,0,7,0,0.0,2.0,4.0,1.0,A01
201300047656,0,7,0,0.0,2.0,1.0,2.0,B01
201300047657,0,7,0,0.0,0.0,4.0,1.0,B01
201300047657,0,7,0,0.0,2.0,1.0,1.0,A01
201300047658,0,34,0,0.0,0.0,8.0,1.0,A01
201300047659,0,7,0,0.0,2.0,7.0,12.0,A01
201300047659,0,33,0,0.0,2.0,8.0,1.0,B01
201300047660,0,7,0,0.0,2.0,4.0,2.0,C01
201300047660,0,7,0,0.0,2.0,4.0,2.0,B01
201300047660,0,7,0,0.0,2.0,1.0,1.0,A01
201300047661,0,7,0,0.0,2.0,6.0,2.0,B01
201300047661,0,33,0,0.0,2.0,1.0,12.0,A01
201300047662,0,31,0,0.0,2.0,8.0,1.0,A01
201300047662,0,7,0,0.0,2.0,5.0,12.0,B01
201300047663,0,7,0,13.0,0.0,1.0,14.0,A01
201300047664,0,7,0,0.0,2.0,8.0,1.0,B01
201300047664,0,31,0,0.0,2.0,7.0,17.0,A01
201300047665,0,7,0,0.0,2.0,1.0,1.0,A01
201300047665,0,7,0,0.0,2.0,4.0,1.0,C01
201300047665,0,7,0,0.0,2.0,1.0,1.0,B01
201300047666,0,7,0,0.0,2.0,4.0,1.0,B01
201300047666,0,7,0,0.0,2.0,1.0,2.0,A01
201300047667,0,7,0,0.0,2.0,7.0,12.0,B01
201300047667,0,34,0,0.0,2.0,8.0,3.0,A01
201300047668,0,15,0,0.0,2.0,2.0,9.0,A01
201300047668,0,7,0,0.0,2.0,9.0,1.0,B01
201300047669,0,7,0,0.0,2.0,7.0,1.0,A01
201300047669,0,7,0,0.0,2.0,8.0,11.0,B01
201300047670,0,7,0,0.0,2.0,4.0,1.0,B01
201300047670,0,15,0,0.0,2.0,1.0,2.0,A01
201300047671,0,7,0,0.0,2.0,8.0,18.0,A01
201300047671,0,7,0,0.0,2.0,7.0,12.0,B01
201300047672,0,7,0,0.0,0.0,1.0,21.0,A01
201300047673,0,7,0,0.0,0.0,9.0,1.0,A01
201300047674,0,7,0,0.0,2.0,4.0,1.0,A01
201300047674,0,33,0,0.0,2.0,1.0,2.0,B01
201300047675,0,7,0,0.0,2.0,4.0,1.0,B01
201300047675,0,33,0,0.0,2.0,7.0,12.0,A01
201300047675,2,7,0,0.0,2.0,3.0,11.0,Z01
201300047676,0,33,0,6.0,0.0,1.0,1.0,A01
201300047677,0,7,0,0.0,0.0,9.0,0.0,A01
201300047678,0,7,0,0.0,2.0,6.0,1.0,A01
201300047678,0,7,0,0.0,2.0,8.0,11.0,B01
201300047679,0,10,0,4.0,0.0,8.0,13.0,A01
201300047680,0,7,0,4.0,0.0,1.0,1.0,A01
201300047681,0,7,0,0.0,2.0,4.0,1.0,B01
201300047681,0,7,0,0.0,2.0,7.0,12.0,A01
201300047682,0,7,0,0.0,0.0,9.0,0.0,A01
201300047683,0,7,0,0.0,0.0,1.0,0.0,A01
201300047684,0,7,0,4.0,0.0,1.0,1.0,A01
201300047685,0,7,0,0.0,0.0,1.0,0.0,A01
201300047686,0,7,0,0.0,0.0,4.0,0.0,A01
201300047687,0,7,0,0.0,2.0,4.0,1.0,B01
201300047687,0,33,0,0.0,2.0,1.0,2.0,A01
201300047688,0,7,0,0.0,2.0,5.0,12.0,B01
201300047688,0,33,0,0.0,2.0,1.0,3.0,A01
201300047689,0,15,0,0.0,2.0,2.0,0.0,A01
201300047689,0,7,0,0.0,2.0,8.0,0.0,B01
201300047690,0,10,0,0.0,2.0,4.0,1.0,B01
201300047690,0,7,0,0.0,2.0,1.0,2.0,C01
201300047690,0,7,0,0.0,2.0,4.0,1.0,A01
201300047691,0,7,0,0.0,2.0,4.0,1.0,A01
201300047691,0,7,0,0.0,2.0,1.0,2.0,C01
201300047691,0,7,0,0.0,2.0,4.0,1.0,B01
201300047692,0,15,0,0.0,2.0,4.0,1.0,A01
201300047692,0,15,0,0.0,2.0,1.0,2.0,B01
201300047693,0,7,0,0.0,0.0,4.0,0.0,A01
201300047694,0,10,0,0.0,2.0,4.0,1.0,B01
201300047694,0,7,0,0.0,2.0,1.0,2.0,A01
201300047695,0,10,0,0.0,2.0,1.0,2.0,B01
201300047695,0,7,0,0.0,2.0,4.0,1.0,A01
201300047696,0,14,0,0.0,2.0,3.0,1.0,B01
201300047696,0,7,0,0.0,2.0,3.0,13.0,A01
201300047697,0,10,0,0.0,2.0,4.0,2.0,C01
201300047697,0,13,0,0.0,2.0,1.0,2.0,A01
201300047697,0,10,0,0.0,2.0,1.0,2.0,B01
201300047698,0,33,0,0.0,2.0,3.0,1.0,B01
201300047698,0,7,0,0.0,2.0,5.0,2.0,A01
201300047699,0,10,0,4.0,0.0,8.0,13.0,A01
201300047700,0,10,0,0.0,2.0,5.0,2.0,B01
201300047700,0,10,0,0.0,2.0,3.0,11.0,A01
201300047701,0,31,0,0.0,0.0,7.0,14.0,A01
201300047702,1,10,0,0.0,2.0,1.0,14.0,Z01
201300047702,0,10,0,0.0,2.0,4.0,1.0,B01
201300047703,0,10,0,0.0,2.0,4.0,2.0,B01
201300047703,0,14,0,0.0,2.0,2.0,1.0,A01
201300047704,0,10,0,0.0,2.0,1.0,11.0,B01
201300047704,0,31,0,0.0,2.0,1.0,3.0,A01
201300047705,0,10,0,0.0,2.0,4.0,2.0,B01
201300047705,0,10,0,0.0,2.0,1.0,1.0,A01
201300047706,0,10,0,0.0,2.0,1.0,21.0,B01
201300047706,0,10,0,0.0,2.0,4.0,23.0,A01
201300047706,0,10,0,0.0,2.0,1.0,21.0,C01
201300047707,0,10,0,0.0,2.0,6.0,11.0,B01
201300047707,0,31,0,0.0,2.0,1.0,3.0,A01
201300047708,0,10,0,0.0,2.0,1.0,12.0,A01
201300047708,0,32,0,0.0,2.0,4.0,2.0,B01
201300047709,0,10,0,0.0,2.0,4.0,1.0,A01
201300047709,0,10,0,0.0,2.0,1.0,2.0,B01
201300047710,0,31,0,0.0,0.0,7.0,1.0,A01
201300047711,0,10,0,0.0,2.0,1.0,2.0,C01
201300047711,0,10,0,0.0,2.0,4.0,1.0,A01
201300047711,0,10,0,0.0,2.0,4.0,2.0,B01
201300047712,0,31,0,0.0,0.0,0.0,0.0,A01
201300047713,0,10,0,0.0,2.0,1.0,13.0,A01
201300047713,0,10,0,0.0,2.0,6.0,2.0,B01
201300047714,0,10,0,0.0,2.0,5.0,2.0,B01
201300047714,0,31,0,0.0,2.0,1.0,2.0,A01
201300047715,0,10,0,0.0,2.0,1.0,13.0,A01
201300047715,0,10,0,0.0,2.0,8.0,2.0,B01
201300047716,0,7,0,0.0,2.0,1.0,5.0,A01
201300047716,0,7,0,0.0,2.0,1.0,1.0,B01
201300047717,0,31,0,0.0,0.0,8.0,3.0,A01
201300047718,0,7,0,0.0,0.0,9.0,0.0,A01
201300047719,0,7,0,0.0,2.0,7.0,1.0,A01
201300047719,0,31,0,0.0,2.0,8.0,18.0,B01
201300047720,0,31,0,0.0,2.0,2.0,3.0,A01
201300047720,0,7,0,0.0,2.0,4.0,12.0,B01
201300047721,0,10,0,0.0,2.0,7.0,3.0,A01
201300047721,0,31,0,0.0,2.0,3.0,2.0,B01
201300047722,0,7,0,4.0,0.0,3.0,1.0,A01
201300047723,0,7,0,0.0,2.0,4.0,1.0,A01
201300047723,0,7,0,0.0,2.0,1.0,2.0,C01
201300047723,0,7,0,0.0,2.0,1.0,2.0,B01
201300047723,0,7,0,0.0,2.0,1.0,2.0,D01
201300047724,0,7,0,0.0,2.0,3.0,13.0,A01
201300047724,0,7,0,0.0,2.0,2.0,1.0,B01
201300047725,0,7,0,4.0,0.0,9.0,0.0,A01
201300047726,0,7,0,1.0,0.0,0.0,0.0,C01
201300047726,0,10,0,0.0,2.0,0.0,24.0,B01
201300047726,0,7,0,16.0,0.0,0.0,0.0,A01
201300047727,0,7,0,0.0,2.0,5.0,1.0,A01
201300047727,0,7,0,0.0,2.0,3.0,1.0,B01
201300047727,2,33,0,0.0,2.0,3.0,3.0,Z01
201300047728,0,7,0,6.0,0.0,1.0,0.0,A01
201300047729,0,31,0,0.0,2.0,7.0,3.0,A01
201300047729,0,7,0,0.0,2.0,8.0,11.0,B01
201300047730,0,31,0,0.0,2.0,8.0,3.0,A01
201300047730,0,7,0,0.0,2.0,2.0,12.0,B01
201300047731,0,7,0,0.0,2.0,1.0,11.0,A01
201300047731,0,7,0,0.0,2.0,6.0,1.0,B01
201300047732,0,31,0,0.0,2.0,7.0,3.0,A01
201300047732,0,7,0,0.0,2.0,5.0,12.0,B01
201300047733,0,7,0,0.0,2.0,0.0,1.0,B01
201300047733,0,7,0,0.0,2.0,0.0,1.0,A01
201300047734,0,31,0,0.0,0.0,8.0,1.0,A01
201300047735,0,7,0,0.0,2.0,4.0,13.0,A01
201300047735,0,31,0,0.0,2.0,1.0,2.0,B01
201300047736,0,7,0,0.0,2.0,7.0,12.0,A01
201300047736,0,31,0,0.0,2.0,8.0,1.0,B01
201300047737,0,7,0,0.0,2.0,2.0,12.0,B01
201300047737,0,31,0,0.0,2.0,1.0,1.0,A01
201300047738,0,31,0,0.0,0.0,8.0,12.0,A01
201300047739,0,7,0,0.0,2.0,4.0,1.0,A01
201300047739,0,7,0,0.0,2.0,4.0,2.0,B01
201300047739,0,13,0,0.0,2.0,3.0,2.0,C01
201300047740,0,31,0,0.0,2.0,7.0,3.0,A01
201300047740,0,7,0,0.0,2.0,3.0,11.0,B01
201300047741,0,7,0,0.0,2.0,1.0,2.0,A01
201300047741,0,7,0,0.0,2.0,4.0,1.0,B01
201300047742,0,31,0,0.0,0.0,0.0,0.0,A01
201300047743,0,7,0,0.0,0.0,0.0,0.0,A01
201300047744,0,7,0,0.0,2.0,8.0,0.0,B01
201300047744,0,31,0,0.0,2.0,2.0,0.0,A01
201300047745,0,31,0,0.0,2.0,1.0,2.0,B01
201300047745,0,10,0,0.0,2.0,5.0,12.0,A01
201300047746,2,7,0,0.0,2.0,1.0,19.0,Z01
201300047746,0,7,0,0.0,2.0,7.0,1.0,B01
201300047747,0,33,0,0.0,2.0,3.0,3.0,A01
201300047747,0,7,0,0.0,2.0,5.0,12.0,B01
201300047748,0,7,0,0.0,2.0,4.0,1.0,A01
201300047748,0,7,0,0.0,2.0,1.0,2.0,B01
201300047749,0,7,0,0.0,2.0,5.0,1.0,B01
201300047749,0,10,0,0.0,0.0,8.0,0.0,A01
201300047749,0,33,0,0.0,2.0,1.0,3.0,C01
201300047750,0,7,0,0.0,2.0,7.0,0.0,A01
201300047750,0,31,0,0.0,2.0,8.0,0.0,B01
201300047751,0,31,0,0.0,2.0,1.0,1.0,A01
201300047751,0,7,0,0.0,2.0,5.0,2.0,B01
201300047752,0,7,0,0.0,2.0,1.0,1.0,A01
201300047752,0,7,0,0.0,2.0,4.0,2.0,B01
201300047753,0,10,0,0.0,0.0,0.0,1.0,A01
201300047754,0,7,0,0.0,2.0,2.0,13.0,A01
201300047754,0,10,0,0.0,2.0,6.0,2.0,B01
201300047755,0,10,0,0.0,2.0,1.0,2.0,A01
201300047755,0,31,0,0.0,2.0,1.0,2.0,B01
201300047755,0,7,0,0.0,2.0,4.0,1.0,C01
201300047756,0,7,0,0.0,0.0,1.0,1.0,A01
201300047757,0,31,0,0.0,2.0,1.0,3.0,A01
201300047757,0,7,0,0.0,2.0,1.0,11.0,B01
201300047757,0,7,0,0.0,2.0,5.0,1.0,C01
201300047758,0,10,0,0.0,2.0,6.0,1.0,A01
201300047758,0,10,0,0.0,2.0,2.0,12.0,B01
201300047759,0,7,0,0.0,2.0,1.0,2.0,C01
201300047759,0,7,0,0.0,2.0,4.0,1.0,A01
201300047759,0,10,0,0.0,2.0,4.0,2.0,B01
201300047760,0,31,0,0.0,2.0,0.0,3.0,A01
201300047760,0,7,0,0.0,2.0,0.0,11.0,B01
201300047761,0,31,0,0.0,2.0,1.0,3.0,A01
201300047761,0,31,0,0.0,2.0,5.0,11.0,B01
201300047761,0,7,0,0.0,2.0,4.0,2.0,C01
201300047762,0,7,0,0.0,0.0,9.0,14.0,A01
201300047763,0,7,0,0.0,2.0,8.0,1.0,A01
201300047763,0,7,0,0.0,2.0,1.0,2.0,B01
201300047764,0,14,0,0.0,2.0,8.0,1.0,A01
201300047764,0,7,0,0.0,2.0,2.0,2.0,B01
201300047765,0,7,0,0.0,2.0,4.0,11.0,B01
201300047765,0,33,0,0.0,2.0,1.0,3.0,A01
201300047766,1,33,0,0.0,2.0,2.0,1.0,Z01
201300047766,0,33,0,0.0,2.0,7.0,3.0,A01
201300047767,0,7,0,0.0,2.0,1.0,2.0,B01
201300047767,0,34,0,0.0,2.0,8.0,2.0,C01
201300047767,0,7,0,0.0,2.0,4.0,1.0,A01
201300047768,0,7,0,0.0,2.0,0.0,2.0,C01
201300047768,0,7,0,0.0,2.0,0.0,2.0,B01
201300047768,0,7,0,0.0,2.0,0.0,1.0,A01
201300047769,0,7,0,0.0,0.0,1.0,13.0,A01
201300047770,0,15,0,0.0,2.0,4.0,23.0,A01
201300047770,0,33,0,0.0,2.0,1.0,12.0,B01
201300047771,0,7,0,0.0,2.0,4.0,2.0,B01
201300047771,0,33,0,0.0,2.0,1.0,12.0,A01
201300047772,0,33,0,0.0,2.0,1.0,1.0,B01
201300047772,0,7,0,0.0,2.0,6.0,11.0,A01
201300047773,0,33,0,0.0,2.0,6.0,1.0,A01
201300047773,0,7,0,0.0,2.0,0.0,0.0,B01
201300047774,0,7,0,0.0,0.0,9.0,0.0,A01
201300047775,0,31,0,0.0,2.0,1.0,1.0,A01
201300047775,0,7,0,0.0,2.0,8.0,13.0,B01
201300047775,0,7,0,0.0,2.0,0.0,11.0,C01
201300047776,0,7,0,0.0,2.0,5.0,12.0,B01
201300047776,0,31,0,0.0,2.0,1.0,3.0,A01
201300047777,0,7,0,0.0,2.0,4.0,2.0,C01
201300047777,0,7,0,0.0,2.0,4.0,2.0,D01
201300047777,0,7,0,0.0,2.0,4.0,2.0,B01
201300047777,0,7,0,0.0,2.0,4.0,1.0,A01
201300047778,0,7,0,0.0,0.0,8.0,0.0,A01
201300047779,0,7,0,0.0,2.0,6.0,1.0,C01
201300047779,0,33,0,0.0,2.0,1.0,3.0,B01
201300047779,0,7,0,0.0,2.0,2.0,12.0,A01
201300047780,0,31,0,0.0,2.0,3.0,3.0,A01
201300047780,0,7,0,0.0,2.0,5.0,1.0,B01
201300047780,0,7,0,0.0,0.0,0.0,11.0,C01
201300047781,0,33,0,0.0,2.0,7.0,1.0,B01
201300047781,1,14,0,0.0,2.0,2.0,1.0,Z01
201300047781,0,7,0,0.0,2.0,6.0,11.0,A01
201300047782,0,7,0,0.0,2.0,9.0,1.0,A01
201300047783,0,7,0,0.0,2.0,4.0,23.0,A01
201300047783,0,7,0,0.0,2.0,1.0,2.0,B01
201300047784,0,7,0,0.0,2.0,2.0,12.0,A01
201300047784,0,7,0,0.0,2.0,8.0,1.0,B01
201300047785,0,7,0,0.0,2.0,7.0,12.0,A01
201300047785,0,31,0,0.0,2.0,8.0,3.0,B01
201300047786,0,33,0,0.0,2.0,7.0,3.0,A01
201300047786,0,7,0,0.0,2.0,7.0,9.0,B01
201300047787,0,10,0,0.0,2.0,4.0,11.0,B01
201300047787,0,31,0,0.0,2.0,1.0,3.0,A01
201300047788,0,7,0,0.0,2.0,1.0,2.0,C01
201300047788,0,7,0,0.0,2.0,4.0,2.0,B01
201300047788,0,7,0,0.0,2.0,4.0,1.0,A01
201300047789,0,7,0,3.0,2.0,1.0,0.0,A01
201300047790,0,7,0,0.0,2.0,8.0,3.0,B01
201300047790,0,31,0,0.0,2.0,1.0,3.0,A01
201300047791,0,7,0,0.0,2.0,4.0,2.0,B01
201300047791,0,10,0,0.0,2.0,1.0,1.0,A01
201300047792,0,14,0,0.0,2.0,2.0,12.0,A01
201300047792,0,7,0,0.0,2.0,8.0,1.0,B01
201300047793,0,7,0,0.0,2.0,1.0,2.0,A01
201300047793,0,7,0,0.0,2.0,4.0,2.0,B01
201300047793,0,7,0,0.0,2.0,4.0,2.0,D01
201300047793,0,7,0,0.0,2.0,4.0,2.0,C01
201300047794,0,7,0,0.0,2.0,8.0,1.0,A01
201300047794,0,7,0,0.0,2.0,5.0,11.0,B01
201300047794,0,31,0,0.0,2.0,0.0,0.0,C01
201300047795,0,7,0,1.0,0.0,1.0,0.0,A01
201300047796,0,7,0,0.0,0.0,4.0,2.0,A01
201300047796,0,7,0,0.0,2.0,1.0,2.0,C01
201300047796,0,7,0,0.0,2.0,4.0,2.0,B01
201300047797,0,7,0,4.0,0.0,4.0,1.0,A01
201300047798,0,7,0,0.0,2.0,1.0,13.0,B01
201300047798,0,7,0,0.0,2.0,4.0,23.0,A01
201300047799,0,7,0,0.0,2.0,3.0,1.0,A01
201300047799,0,7,0,4.0,2.0,2.0,21.0,B01
201300047800,0,33,0,0.0,2.0,2.0,3.0,A01
201300047800,0,7,0,0.0,2.0,8.0,11.0,B01
201300047801,0,15,0,0.0,2.0,2.0,12.0,A01
201300047801,0,7,0,3.0,2.0,3.0,1.0,B01
201300047802,0,7,0,0.0,2.0,5.0,4.0,A01
201300047802,0,7,0,0.0,2.0,1.0,1.0,B01
201300047803,0,7,0,0.0,2.0,1.0,2.0,B01
201300047803,0,7,0,0.0,2.0,4.0,12.0,A01
201300047803,0,33,0,0.0,2.0,1.0,3.0,C01
201300047804,0,38,1,0.0,2.0,6.0,1.0,A01
201300047804,0,14,0,0.0,2.0,2.0,2.0,B01
201300047805,0,31,0,0.0,2.0,1.0,0.0,A01
201300047805,0,7,0,0.0,2.0,8.0,0.0,B01
201300047806,0,7,0,0.0,2.0,6.0,1.0,C01
201300047806,0,7,0,0.0,2.0,7.0,1.0,D01
201300047806,0,7,0,0.0,2.0,8.0,1.0,B01
201300047806,0,34,0,0.0,2.0,9.0,3.0,A01
201300047807,0,7,0,0.0,2.0,1.0,1.0,A01
201300047807,0,10,0,0.0,2.0,4.0,2.0,B01
201300047807,0,10,0,0.0,2.0,1.0,2.0,C01
201300047808,0,7,0,0.0,2.0,1.0,2.0,A01
201300047808,0,7,0,0.0,2.0,4.0,2.0,C01
201300047808,0,7,0,0.0,2.0,4.0,2.0,B01
201300047809,0,7,0,0.0,2.0,4.0,1.0,B01
201300047809,0,7,0,0.0,2.0,1.0,1.0,A01
201300047809,0,7,0,0.0,2.0,4.0,1.0,C01
201300047810,0,7,0,0.0,2.0,1.0,2.0,A01
201300047810,0,7,0,0.0,2.0,4.0,1.0,B01
201300047810,0,14,0,0.0,2.0,4.0,1.0,C01
201300047811,0,7,0,13.0,0.0,9.0,1.0,A01
201300047812,0,33,0,0.0,2.0,3.0,3.0,A01
201300047812,0,7,0,0.0,2.0,2.0,12.0,B01
201300047813,0,7,0,0.0,2.0,4.0,2.0,C01
201300047813,0,7,0,0.0,2.0,4.0,1.0,A01
201300047813,0,10,0,0.0,2.0,1.0,2.0,D01
201300047813,0,7,0,0.0,2.0,4.0,2.0,B01
201300047814,0,7,0,0.0,2.0,3.0,1.0,A01
201300047814,0,7,0,0.0,2.0,1.0,2.0,B01
201300047815,0,7,0,0.0,2.0,4.0,1.0,A01
201300047815,0,33,0,0.0,2.0,1.0,3.0,B01
201300047816,0,7,0,0.0,0.0,9.0,0.0,A01
201300047817,0,7,0,0.0,2.0,1.0,2.0,B01
201300047817,0,7,0,0.0,2.0,4.0,1.0,A01
201300047818,0,7,0,0.0,2.0,4.0,1.0,A01
201300047818,0,7,0,0.0,2.0,1.0,2.0,B01
201300047819,0,7,0,0.0,0.0,1.0,0.0,A01
201300047820,0,7,0,0.0,0.0,0.0,0.0,A01
201300047821,0,7,0,0.0,2.0,4.0,1.0,B01
201300047821,0,7,0,0.0,2.0,1.0,12.0,A01
201300047822,0,7,0,4.0,0.0,1.0,1.0,A01
201300047823,0,7,0,0.0,2.0,1.0,2.0,A01
201300047823,0,7,0,0.0,2.0,4.0,2.0,B01
201300047824,0,7,0,0.0,2.0,7.0,14.0,A01
201300047824,0,14,0,0.0,2.0,4.0,1.0,B01
201300047825,0,10,0,0.0,2.0,4.0,1.0,A01
201300047825,0,14,0,0.0,2.0,1.0,1.0,C01
201300047825,0,7,0,0.0,2.0,4.0,1.0,B01
201300047826,0,7,0,0.0,2.0,7.0,12.0,A01
201300047826,0,33,0,0.0,2.0,0.0,3.0,B01
201300047827,0,33,0,0.0,0.0,7.0,1.0,A01
201300047828,0,7,0,0.0,2.0,1.0,2.0,B01
201300047828,0,13,0,0.0,2.0,2.0,1.0,A01
201300047829,0,7,0,0.0,2.0,1.0,2.0,A01
201300047829,0,7,0,0.0,2.0,4.0,2.0,B01
201300047830,0,7,0,0.0,2.0,1.0,2.0,A01
201300047830,0,7,0,0.0,2.0,4.0,2.0,B01
201300047830,0,7,0,0.0,2.0,4.0,2.0,C01
201300047831,0,7,0,0.0,2.0,6.0,1.0,C01
201300047831,0,33,0,0.0,2.0,1.0,3.0,A01
201300047831,0,7,0,0.0,2.0,6.0,1.0,B01
201300047832,0,10,0,0.0,2.0,4.0,2.0,B01
201300047832,0,7,0,0.0,2.0,1.0,2.0,C01
201300047832,0,7,0,0.0,2.0,4.0,1.0,A01
201300047833,0,7,0,4.0,0.0,1.0,1.0,A01
201300047834,0,7,0,4.0,0.0,3.0,1.0,A01
201300047835,0,7,0,0.0,2.0,4.0,1.0,A01
201300047835,0,7,0,0.0,2.0,4.0,2.0,B01
201300047835,0,7,0,0.0,2.0,4.0,2.0,C01
201300047835,1,7,0,0.0,2.0,3.0,2.0,Z01
201300047836,0,7,0,4.0,0.0,1.0,1.0,A01
201300047837,0,7,0,0.0,0.0,0.0,1.0,A01
201300047838,0,7,0,4.0,0.0,1.0,1.0,A01
201300047839,0,7,0,0.0,2.0,4.0,1.0,A01
201300047839,0,7,0,0.0,2.0,4.0,2.0,B01
201300047839,0,10,0,0.0,2.0,1.0,2.0,C01
201300047840,0,7,0,0.0,2.0,2.0,12.0,A01
201300047840,0,33,0,0.0,2.0,3.0,1.0,B01
201300047841,0,7,0,0.0,2.0,1.0,1.0,A01
201300047841,0,7,0,0.0,2.0,4.0,2.0,C01
201300047841,0,7,0,0.0,2.0,4.0,2.0,B01
201300047842,0,7,0,0.0,2.0,3.0,11.0,A01
201300047842,0,15,0,0.0,2.0,2.0,1.0,B01
201300047843,0,31,0,0.0,2.0,2.0,1.0,B01
201300047843,0,7,0,0.0,2.0,7.0,11.0,A01
201300047844,0,10,0,0.0,2.0,4.0,12.0,B01
201300047844,0,34,0,0.0,2.0,1.0,1.0,A01
201300047845,0,7,0,0.0,2.0,8.0,9.0,A01
201300047845,0,10,0,0.0,2.0,7.0,1.0,B01
201300047846,0,7,0,13.0,0.0,1.0,14.0,A01
201300047847,0,7,0,4.0,0.0,9.0,14.0,A01
201300047848,0,14,0,0.0,2.0,7.0,11.0,A01
201300047848,0,7,0,0.0,2.0,8.0,21.0,B01
201300047848,0,7,0,0.0,2.0,9.0,1.0,C01
201300047849,0,7,0,0.0,2.0,4.0,1.0,A01