Num_Acc,senc,catv,occutc,obs,obsm,choc,manv,num_veh
201300047849,0,7,0,0.0,2.0,1.0,2.0,B01
201300047850,0,7,0,0.0,2.0,0.0,0.0,D01
201300047850,0,7,0,0.0,2.0,4.0,0.0,A01
201300047850,0,7,0,0.0,2.0,0.0,0.0,B01
201300047850,0,7,0,0.0,2.0,1.0,0.0,C01
201300047851,0,7,0,4.0,2.0,4.0,1.0,A01
201300047851,1,7,0,0.0,2.0,1.0,2.0,Z01
201300047852,0,7,0,0.0,2.0,4.0,1.0,A01
201300047852,0,7,0,0.0,2.0,8.0,11.0,B01
201300047852,0,33,0,0.0,2.0,7.0,3.0,C01
201300047853,0,31,0,0.0,0.0,8.0,0.0,A01
201300047854,0,7,0,0.0,2.0,4.0,23.0,A01
201300047854,0,7,0,0.0,2.0,4.0,23.0,B01
201300047854,0,31,0,0.0,2.0,1.0,2.0,C01
201300047855,0,7,0,0.0,2.0,7.0,12.0,A01
201300047855,0,34,0,0.0,2.0,1.0,1.0,B01
201300047856,0,7,0,0.0,2.0,1.0,1.0,A01
201300047856,0,7,0,0.0,2.0,4.0,2.0,B01
201300047857,0,7,0,0.0,2.0,1.0,2.0,A01
201300047857,0,7,0,0.0,2.0,4.0,1.0,B01
201300047858,0,10,0,0.0,2.0,1.0,2.0,A01
201300047858,0,7,0,0.0,2.0,4.0,1.0,B01
201300047859,0,7,0,4.0,0.0,8.0,0.0,A01
201300047860,0,10,0,0.0,2.0,4.0,1.0,A01
201300047860,0,33,0,0.0,2.0,1.0,2.0,B01
201300047861,0,7,0,0.0,2.0,1.0,1.0,A01
201300047861,0,7,0,0.0,2.0,4.0,2.0,B01
201300047862,0,7,0,4.0,0.0,9.0,0.0,A01
201300047863,0,33,0,0.0,2.0,1.0,2.0,A01
201300047863,0,7,0,0.0,2.0,4.0,1.0,B01
201300047864,0,7,0,3.0,2.0,8.0,2.0,B01
201300047864,0,7,0,0.0,2.0,2.0,1.0,A01
201300047865,0,33,0,3.0,0.0,1.0,0.0,A01
201300047866,0,7,0,0.0,2.0,1.0,1.0,A01
201300047866,0,7,0,0.0,2.0,4.0,2.0,B01
201300047867,0,33,0,14.0,0.0,7.0,3.0,A01
201300047868,0,14,0,0.0,2.0,1.0,12.0,B01
201300047868,0,7,0,0.0,2.0,6.0,1.0,A01
201300047869,0,7,0,0.0,2.0,7.0,12.0,B01
201300047869,0,33,0,0.0,2.0,1.0,1.0,A01
201300047870,0,15,0,0.0,2.0,1.0,1.0,A01
201300047870,0,10,0,0.0,2.0,4.0,2.0,B01
201300047870,0,10,0,0.0,2.0,4.0,2.0,C01
201300047871,0,7,0,4.0,2.0,7.0,14.0,A01
201300047871,0,10,0,0.0,2.0,1.0,21.0,B01
201300047872,0,33,0,0.0,2.0,3.0,1.0,B01
201300047872,0,7,0,0.0,2.0,7.0,12.0,A01
201300047873,0,7,0,0.0,2.0,6.0,13.0,A01
201300047873,0,33,0,0.0,2.0,7.0,1.0,B01
201300047874,0,7,0,0.0,2.0,9.0,0.0,A01
201300047875,0,7,0,0.0,2.0,4.0,2.0,B01
201300047875,0,7,0,0.0,2.0,1.0,1.0,A01
201300047876,0,33,0,3.0,0.0,0.0,0.0,A01
201300047877,0,7,0,0.0,2.0,8.0,1.0,A01
201300047877,1,13,0,0.0,2.0,0.0,0.0,Z01
201300047878,0,7,0,0.0,2.0,8.0,1.0,B01
201300047878,0,13,0,0.0,2.0,1.0,9.0,A01
201300047879,0,7,0,0.0,2.0,4.0,12.0,B01
201300047879,0,33,0,0.0,2.0,1.0,11.0,A01
201300047880,0,7,0,0.0,2.0,1.0,1.0,A01
201300047880,0,7,0,0.0,2.0,4.0,2.0,B01
201300047880,0,10,0,0.0,2.0,3.0,2.0,C01
201300047881,0,7,0,0.0,2.0,4.0,1.0,A01
201300047881,0,7,0,0.0,2.0,1.0,2.0,B01
201300047882,0,10,0,0.0,2.0,1.0,2.0,D01
201300047882,0,7,0,0.0,2.0,4.0,1.0,A01
201300047882,0,7,0,0.0,2.0,1.0,2.0,B01
201300047882,0,7,0,0.0,2.0,4.0,2.0,C01
201300047883,0,7,0,3.0,0.0,9.0,0.0,A01
201300047884,0,31,0,0.0,2.0,1.0,2.0,A01
201300047884,0,7,0,0.0,2.0,4.0,1.0,B01
201300047885,0,7,0,0.0,2.0,4.0,11.0,A01
201300047885,0,7,0,0.0,2.0,1.0,1.0,B01
201300047886,0,7,0,0.0,2.0,4.0,1.0,B01
201300047886,0,33,0,0.0,2.0,1.0,3.0,A01
201300047887,0,14,0,0.0,2.0,1.0,1.0,A01
201300047887,0,7,0,0.0,2.0,4.0,2.0,B01
201300047888,0,7,0,0.0,2.0,1.0,2.0,A01
201300047888,0,7,0,0.0,2.0,4.0,2.0,B01
201300047889,0,7,0,0.0,2.0,8.0,11.0,A01
201300047889,0,33,0,0.0,2.0,7.0,1.0,B01
201300047889,0,10,0,0.0,2.0,4.0,1.0,C01
201300047890,0,10,0,0.0,2.0,1.0,13.0,A01
201300047890,0,10,0,0.0,2.0,8.0,1.0,B01
201300047890,0,14,0,0.0,2.0,6.0,1.0,C01
201300047890,0,7,0,0.0,2.0,4.0,1.0,D01
201300047891,0,7,0,0.0,2.0,4.0,2.0,B01
201300047891,0,7,0,0.0,2.0,1.0,1.0,A01
201300047891,0,7,0,0.0,2.0,4.0,2.0,C01
201300047892,0,14,0,0.0,2.0,2.0,2.0,A01
201300047892,0,7,0,0.0,2.0,4.0,2.0,B01
201300047893,0,7,0,0.0,2.0,4.0,2.0,B01
201300047893,0,7,0,0.0,2.0,4.0,2.0,A01
201300047893,0,7,0,0.0,2.0,1.0,2.0,C01
201300047894,0,7,0,0.0,2.0,4.0,1.0,A01
201300047894,0,7,0,0.0,2.0,4.0,2.0,C01
201300047894,0,7,0,0.0,2.0,1.0,2.0,B01
201300047895,0,7,0,0.0,2.0,1.0,1.0,B01
201300047895,0,7,0,0.0,2.0,5.0,11.0,A01
201300047895,0,7,0,0.0,2.0,1.0,2.0,C01
201300047896,0,33,0,0.0,2.0,1.0,3.0,A01
201300047896,0,7,0,0.0,2.0,8.0,12.0,B01
201300047897,0,7,0,0.0,2.0,4.0,2.0,B01
201300047897,0,10,0,0.0,2.0,1.0,2.0,A01
201300047898,0,7,0,0.0,2.0,7.0,1.0,C01
201300047898,0,14,0,0.0,2.0,3.0,1.0,B01
201300047898,0,7,0,0.0,2.0,2.0,12.0,A01
201300047899,0,7,0,0.0,2.0,6.0,11.0,B01
201300047899,0,33,0,0.0,2.0,1.0,1.0,A01
201300047900,0,7,0,0.0,2.0,1.0,11.0,C01
201300047900,0,7,0,0.0,2.0,2.0,1.0,A01
201300047900,0,7,0,0.0,2.0,4.0,1.0,B01
201300047901,0,31,0,0.0,2.0,0.0,3.0,A01
201300047901,0,7,0,0.0,2.0,0.0,11.0,B01
201300047902,0,7,0,0.0,2.0,4.0,23.0,A01
201300047902,0,15,0,0.0,2.0,4.0,2.0,B01
201300047902,0,14,0,0.0,2.0,1.0,2.0,C01
201300047903,0,7,0,0.0,2.0,4.0,2.0,B01
201300047903,0,7,0,0.0,2.0,1.0,1.0,A01
201300047903,0,7,0,0.0,2.0,4.0,1.0,C01
201300047904,0,7,0,3.0,0.0,1.0,1.0,A01
201300047905,0,7,0,0.0,2.0,1.0,2.0,B01
201300047905,0,7,0,0.0,2.0,4.0,1.0,A01
201300047906,0,7,0,0.0,2.0,1.0,2.0,A01
201300047906,0,10,0,0.0,2.0,4.0,2.0,B01
201300047906,0,7,0,0.0,2.0,4.0,2.0,C01
201300047906,0,7,0,0.0,2.0,4.0,2.0,D01
201300047907,0,7,0,3.0,0.0,1.0,1.0,A01
201300047908,0,14,0,0.0,2.0,1.0,2.0,A01
201300047908,0,7,0,0.0,2.0,4.0,11.0,B01
201300047909,0,7,0,0.0,2.0,6.0,1.0,A01
201300047909,0,15,0,0.0,2.0,1.0,12.0,B01
201300047909,0,33,0,0.0,2.0,1.0,1.0,C01
201300047910,0,7,0,0.0,2.0,2.0,12.0,A01
201300047910,0,33,0,0.0,2.0,8.0,3.0,B01
201300047911,0,13,0,0.0,2.0,4.0,1.0,B01
201300047911,0,7,0,0.0,2.0,1.0,17.0,A01
201300047912,0,7,0,0.0,2.0,1.0,6.0,A01
201300047912,0,7,0,0.0,2.0,1.0,1.0,B01
201300047913,0,7,0,0.0,2.0,3.0,21.0,B01
201300047913,0,1,0,0.0,2.0,2.0,14.0,A01
201300047914,0,7,0,4.0,0.0,9.0,1.0,A01
201300047915,1,7,0,0.0,2.0,1.0,2.0,Z01
201300047915,0,7,0,0.0,2.0,4.0,1.0,A01
201300047916,0,7,0,0.0,2.0,1.0,1.0,A01
201300047916,0,7,0,0.0,2.0,0.0,0.0,B01
201300047916,0,14,0,0.0,2.0,0.0,0.0,D01
201300047916,0,7,0,0.0,2.0,0.0,0.0,C01
201300047917,0,7,0,0.0,0.0,9.0,0.0,A01
201300047918,0,10,0,4.0,2.0,1.0,11.0,A01
201300047918,0,7,0,0.0,2.0,1.0,1.0,B01
201300047919,0,7,0,0.0,2.0,1.0,2.0,A01
201300047919,0,7,0,0.0,2.0,4.0,2.0,B01
201300047920,0,7,0,0.0,2.0,1.0,2.0,A01
201300047920,0,7,0,0.0,2.0,4.0,1.0,B01
201300047921,0,7,0,0.0,2.0,4.0,2.0,B01
201300047921,0,7,0,0.0,2.0,4.0,2.0,C01
201300047921,0,7,0,0.0,2.0,1.0,1.0,A01
201300047922,0,7,0,3.0,0.0,1.0,1.0,A01
201300047923,0,7,0,0.0,2.0,9.0,1.0,A01
201300047924,0,7,0,1.0,0.0,1.0,1.0,C01
201300047924,0,7,0,0.0,2.0,6.0,1.0,B01
201300047924,2,7,0,0.0,2.0,2.0,14.0,A01
201300047925,0,33,0,3.0,0.0,0.0,1.0,A01
201300047926,0,7,0,0.0,0.0,7.0,0.0,A01
201300047927,0,7,0,0.0,2.0,1.0,2.0,A01
201300047927,0,7,0,0.0,2.0,4.0,1.0,B01
201300047928,0,7,0,13.0,0.0,9.0,1.0,A01
201300047929,0,7,0,0.0,1.0,1.0,15.0,A01
201300047930,0,7,0,9.0,0.0,1.0,1.0,A01
201300047931,0,7,0,0.0,2.0,4.0,1.0,C01
201300047931,0,7,0,0.0,2.0,1.0,1.0,A01
201300047931,0,7,0,0.0,2.0,4.0,1.0,B01
201300047932,0,7,0,0.0,2.0,4.0,1.0,B01
201300047932,0,7,0,0.0,2.0,1.0,1.0,A01
201300047933,0,7,0,0.0,2.0,4.0,1.0,C01
201300047933,0,7,0,0.0,2.0,1.0,1.0,A01
201300047933,0,7,0,0.0,2.0,4.0,1.0,B01
201300047934,0,31,0,12.0,0.0,7.0,1.0,A01
201300047935,0,7,0,0.0,2.0,2.0,1.0,A01
201300047935,0,7,0,0.0,2.0,5.0,1.0,C01
201300047935,0,7,0,0.0,2.0,4.0,1.0,B01
201300047936,0,31,0,0.0,2.0,7.0,1.0,B01
201300047936,0,10,0,0.0,2.0,6.0,13.0,A01
201300047937,0,7,0,0.0,2.0,8.0,1.0,A01
201300047937,0,7,0,0.0,2.0,1.0,15.0,B01
201300047938,0,7,0,4.0,0.0,9.0,1.0,A01
201300047939,0,7,0,11.0,0.0,3.0,1.0,A01
201300047940,0,7,0,0.0,1.0,2.0,1.0,A01
201300047941,0,7,0,0.0,2.0,7.0,14.0,A01
201300047941,0,7,0,0.0,2.0,8.0,1.0,B01
201300047942,0,7,0,0.0,2.0,1.0,1.0,A01
201300047942,0,7,0,0.0,2.0,4.0,1.0,C01
201300047942,0,7,0,0.0,2.0,4.0,1.0,D01
201300047942,0,7,0,0.0,2.0,4.0,1.0,B01
201300047943,0,7,0,2.0,0.0,1.0,1.0,A01
201300047944,0,7,0,0.0,2.0,6.0,1.0,B01
201300047944,0,10,0,0.0,2.0,7.0,1.0,A01
201300047945,0,7,0,0.0,2.0,4.0,1.0,B01
201300047945,0,7,0,0.0,2.0,1.0,1.0,A01
201300047946,0,7,0,0.0,2.0,1.0,1.0,A01
201300047946,0,7,0,0.0,2.0,4.0,1.0,B01
201300047947,0,7,0,0.0,2.0,1.0,1.0,A01
201300047947,0,7,0,0.0,2.0,4.0,1.0,B01
201300047948,0,10,0,0.0,2.0,1.0,13.0,A01
201300047948,0,7,0,0.0,2.0,3.0,1.0,B01
201300047949,0,7,0,0.0,2.0,7.0,1.0,B01
201300047949,0,7,0,0.0,2.0,3.0,3.0,A01
201300047950,0,7,0,0.0,1.0,4.0,4.0,A01
201300047951,0,10,0,0.0,2.0,1.0,1.0,A01
201300047951,0,7,0,0.0,2.0,4.0,1.0,B01
201300047952,0,7,0,0.0,2.0,1.0,15.0,A01
201300047952,0,7,0,0.0,2.0,3.0,1.0,B01
201300047953,0,7,0,0.0,2.0,5.0,16.0,B01
201300047953,0,7,0,0.0,2.0,1.0,16.0,A01
201300047954,0,31,0,0.0,2.0,1.0,13.0,A01
201300047954,0,7,0,0.0,2.0,2.0,1.0,B01
201300047955,0,30,0,0.0,2.0,5.0,1.0,B01
201300047955,0,7,0,0.0,2.0,1.0,9.0,A01
201300047956,0,7,0,0.0,2.0,2.0,1.0,A01
201300047956,0,7,0,0.0,0.0,4.0,1.0,B01
201300047957,0,7,0,0.0,2.0,4.0,1.0,B01
201300047957,0,7,0,0.0,2.0,4.0,1.0,C01
201300047957,0,17,0,0.0,2.0,2.0,2.0,A01
201300047958,0,7,0,0.0,1.0,0.0,1.0,A01
201300047959,0,7,0,0.0,2.0,1.0,1.0,B01
201300047959,1,7,0,0.0,2.0,0.0,0.0,Z01
201300047959,0,7,0,0.0,2.0,4.0,2.0,C01
201300047960,0,7,0,0.0,2.0,7.0,1.0,B01
201300047960,0,7,0,0.0,2.0,1.0,9.0,A01
201300047961,0,7,0,0.0,2.0,4.0,1.0,C01
201300047961,0,7,0,0.0,2.0,1.0,1.0,A01
201300047961,0,10,0,0.0,2.0,4.0,1.0,B01
201300047962,0,7,0,0.0,2.0,7.0,1.0,B01
201300047962,0,7,0,0.0,2.0,1.0,9.0,A01
201300047963,0,7,0,0.0,2.0,3.0,1.0,B01
201300047963,0,30,0,0.0,2.0,1.0,15.0,A01
201300047964,0,7,0,0.0,2.0,4.0,1.0,B01
201300047964,0,10,0,0.0,2.0,1.0,1.0,A01
201300047965,0,7,0,0.0,2.0,9.0,1.0,A01
201300047965,0,17,0,0.0,2.0,0.0,1.0,B01
201300047966,0,34,0,0.0,2.0,0.0,1.0,B01
201300047966,0,7,0,0.0,2.0,0.0,1.0,A01
201300047967,0,7,0,0.0,1.0,0.0,1.0,A01
201300047968,0,1,0,1.0,2.0,1.0,1.0,A01
201300047968,0,7,0,0.0,2.0,8.0,1.0,B01
201300047969,0,7,0,0.0,2.0,4.0,20.0,B01
201300047969,0,7,0,0.0,2.0,4.0,20.0,C01
201300047969,0,7,0,1.0,0.0,1.0,1.0,A01
201300047970,0,33,0,0.0,2.0,1.0,2.0,B01
201300047970,0,7,0,0.0,2.0,4.0,1.0,A01
201300047971,0,7,0,0.0,2.0,1.0,13.0,A01
201300047971,0,7,0,0.0,2.0,3.0,1.0,B01
201300047972,0,7,0,8.0,0.0,9.0,1.0,A01
201300047973,0,2,0,0.0,2.0,7.0,1.0,B01
201300047973,1,7,0,0.0,2.0,1.0,15.0,Z01
201300047974,0,7,0,6.0,0.0,1.0,1.0,A01
201300047975,0,10,0,12.0,0.0,2.0,1.0,A01
201300047976,0,7,0,0.0,2.0,1.0,1.0,A01
201300047976,0,7,0,0.0,2.0,8.0,0.0,B01
201300047977,0,33,0,0.0,1.0,1.0,1.0,A01
201300047978,0,7,0,14.0,0.0,1.0,1.0,A01
201300047979,0,7,0,0.0,2.0,1.0,1.0,A01
201300047979,0,7,0,0.0,2.0,4.0,0.0,B01
201300047980,0,7,0,12.0,0.0,1.0,1.0,A01
201300047981,0,7,0,1.0,2.0,1.0,1.0,A01
201300047981,0,7,0,0.0,0.0,4.0,0.0,B01
201300047981,0,7,0,0.0,2.0,4.0,1.0,C01
201300047982,0,7,0,0.0,2.0,4.0,1.0,B01
201300047982,0,7,0,0.0,2.0,1.0,1.0,A01
201300047983,0,7,0,0.0,2.0,1.0,1.0,A01
201300047983,0,7,0,0.0,2.0,1.0,1.0,B01
201300047984,0,7,0,0.0,2.0,1.0,1.0,A01
201300047984,0,7,0,0.0,2.0,1.0,1.0,B01
201300047985,0,10,0,0.0,2.0,1.0,1.0,A01
201300047985,0,7,0,0.0,2.0,4.0,1.0,B01
201300047986,0,7,0,0.0,2.0,1.0,1.0,D01
201300047986,0,10,0,0.0,2.0,4.0,1.0,C01
201300047986,0,7,0,0.0,2.0,4.0,1.0,B01
201300047986,0,7,0,0.0,2.0,1.0,1.0,A01
201300047987,0,33,0,0.0,2.0,1.0,1.0,B01
201300047987,0,7,0,0.0,2.0,6.0,0.0,A01
201300047988,0,7,0,0.0,1.0,7.0,1.0,A01
201300047989,0,33,0,12.0,0.0,1.0,1.0,A01
201300047990,0,7,0,0.0,2.0,2.0,1.0,A01
201300047990,0,7,0,0.0,2.0,4.0,1.0,B01
201300047991,0,7,0,4.0,0.0,9.0,1.0,A01
201300047992,0,34,0,0.0,2.0,1.0,1.0,B01
201300047992,0,10,0,0.0,2.0,4.0,1.0,A01
201300047993,0,1,0,0.0,2.0,8.0,1.0,B01
201300047993,0,7,0,0.0,2.0,7.0,1.0,A01
201300047994,0,7,0,0.0,2.0,1.0,1.0,B01
201300047994,0,33,0,0.0,2.0,1.0,1.0,A01
201300047995,0,7,0,0.0,2.0,1.0,15.0,A01
201300047995,0,33,0,0.0,2.0,1.0,15.0,B01
201300047996,0,7,0,0.0,1.0,1.0,1.0,A01
201300047997,0,7,0,0.0,2.0,1.0,20.0,A01
201300047997,0,7,0,0.0,2.0,7.0,2.0,B01
201300047998,0,33,0,0.0,2.0,4.0,1.0,B01
201300047998,0,7,0,0.0,2.0,2.0,1.0,A01
201300047998,0,7,0,0.0,2.0,4.0,1.0,C01
201300047999,0,33,0,0.0,2.0,2.0,1.0,B01
201300047999,0,20,0,0.0,2.0,3.0,9.0,A01
201300048000,0,7,0,0.0,2.0,4.0,1.0,B01
201300048000,0,7,0,0.0,2.0,1.0,1.0,A01
201300048001,0,33,0,4.0,0.0,1.0,1.0,A01
201300048002,0,33,0,0.0,1.0,1.0,5.0,A01
201300048003,0,33,0,0.0,2.0,1.0,18.0,A01
201300048003,0,7,0,0.0,2.0,7.0,16.0,B01
201300048004,0,7,0,0.0,2.0,0.0,20.0,A01
201300048004,0,33,0,0.0,2.0,1.0,1.0,B01
201300048005,0,37,1,0.0,1.0,5.0,1.0,A01
201300048006,0,7,0,0.0,2.0,1.0,20.0,A01
201300048006,0,14,0,0.0,2.0,4.0,1.0,B01
201300048007,0,7,0,0.0,2.0,4.0,20.0,A01
201300048007,0,7,0,0.0,2.0,1.0,1.0,B01
201300048008,0,7,0,0.0,2.0,3.0,1.0,B01
201300048008,0,7,0,0.0,2.0,4.0,1.0,A01
201300048009,0,7,0,0.0,2.0,3.0,9.0,A01
201300048009,0,30,0,0.0,2.0,1.0,1.0,B01
201300048010,0,7,0,0.0,2.0,1.0,20.0,A01
201300048010,0,34,0,0.0,2.0,1.0,1.0,B01
201300048011,0,31,0,0.0,2.0,5.0,1.0,A01
201300048011,1,30,0,0.0,2.0,1.0,11.0,Z01
201300048012,0,7,0,0.0,2.0,8.0,15.0,B01
201300048012,0,34,0,0.0,2.0,1.0,17.0,A01
201300048013,0,7,0,0.0,2.0,3.0,1.0,B01
201300048013,0,7,0,0.0,2.0,3.0,13.0,A01
201300048014,0,7,0,0.0,2.0,6.0,9.0,A01
201300048014,0,1,0,0.0,2.0,1.0,1.0,B01
201300048015,0,7,0,0.0,1.0,4.0,4.0,A01
201300048016,0,7,0,0.0,2.0,4.0,1.0,B01
201300048016,0,7,0,0.0,2.0,1.0,1.0,A01
201300048017,0,31,0,0.0,2.0,3.0,3.0,A01
201300048017,0,7,0,0.0,2.0,8.0,1.0,B01
201300048017,0,7,0,0.0,2.0,8.0,1.0,C01
201300048017,0,7,0,0.0,2.0,1.0,1.0,D01
201300048018,0,7,0,0.0,2.0,4.0,1.0,A01
201300048018,0,7,0,0.0,2.0,1.0,1.0,Z01
201300048019,0,7,0,0.0,1.0,8.0,17.0,A01
201300048020,0,33,0,0.0,2.0,1.0,1.0,A01
201300048020,0,7,0,0.0,2.0,4.0,1.0,B01
201300048021,0,7,0,0.0,2.0,7.0,12.0,A01
201300048021,0,33,0,0.0,2.0,8.0,1.0,B01
201300048022,0,7,0,0.0,2.0,4.0,1.0,B01
201300048022,0,7,0,0.0,2.0,1.0,1.0,A01
201300048023,0,7,0,0.0,2.0,1.0,1.0,A01
201300048023,0,7,0,0.0,2.0,4.0,1.0,B01
201300048024,0,7,0,0.0,2.0,8.0,15.0,B01
201300048024,0,34,0,0.0,2.0,2.0,3.0,A01
201300048025,0,7,0,0.0,2.0,1.0,1.0,A01
201300048025,0,7,0,0.0,2.0,4.0,1.0,B01
201300048026,0,7,0,0.0,1.0,1.0,1.0,A01
201300048027,0,7,0,0.0,1.0,1.0,1.0,A01
201300048028,0,7,0,0.0,1.0,1.0,1.0,A01
201300048029,0,7,0,0.0,2.0,8.0,1.0,B01
201300048029,0,1,0,0.0,2.0,1.0,1.0,A01
201300048030,0,32,0,0.0,1.0,1.0,1.0,A01
201300048031,0,33,0,12.0,0.0,1.0,1.0,A01
201300048032,0,7,0,0.0,2.0,1.0,23.0,B01
201300048032,0,33,0,0.0,4.0,1.0,1.0,A01
201300048033,0,7,0,0.0,2.0,5.0,1.0,B01
201300048033,0,7,0,0.0,2.0,1.0,1.0,A01
201300048034,0,7,0,4.0,0.0,1.0,1.0,A01
201300048035,0,33,0,0.0,2.0,5.0,13.0,A01
201300048035,0,7,0,0.0,2.0,2.0,1.0,B01
201300048036,0,7,0,0.0,1.0,1.0,1.0,A01
201300048037,0,7,0,6.0,1.0,1.0,1.0,A01
201300048038,0,33,0,6.0,0.0,2.0,1.0,A01
201300048039,0,7,0,0.0,1.0,1.0,1.0,A01
201300048040,0,7,0,8.0,0.0,9.0,1.0,A01
201300048041,0,7,0,0.0,2.0,4.0,1.0,B01
201300048041,0,7,0,0.0,2.0,1.0,1.0,A01
201300048041,0,7,0,0.0,2.0,4.0,1.0,C01
201300048042,0,33,0,1.0,0.0,1.0,1.0,A01
201300048043,0,7,0,0.0,2.0,7.0,19.0,A01
201300048043,0,13,0,0.0,2.0,1.0,1.0,B01
201300048044,0,7,0,0.0,1.0,1.0,1.0,A01
201300048045,0,7,0,0.0,1.0,1.0,1.0,A01
201300048046,0,7,0,0.0,2.0,1.0,1.0,A01
201300048046,0,7,0,1.0,4.0,4.0,0.0,B01
201300048047,0,34,0,0.0,2.0,1.0,17.0,B01
201300048047,0,7,0,0.0,2.0,6.0,11.0,A01
201300048048,0,7,0,0.0,2.0,3.0,15.0,A01
201300048048,0,34,0,0.0,2.0,9.0,17.0,B01
201300048049,0,7,0,0.0,1.0,1.0,15.0,A01
201300048050,0,7,0,0.0,2.0,3.0,15.0,B01
201300048050,0,2,0,0.0,2.0,2.0,17.0,A01
201300048051,0,7,0,0.0,2.0,1.0,1.0,A01
201300048051,0,7,0,0.0,2.0,4.0,1.0,B01
201300048052,0,38,1,0.0,2.0,3.0,1.0,B01
201300048052,0,7,0,0.0,2.0,5.0,12.0,A01
201300048053,0,34,0,0.0,2.0,1.0,13.0,A01
201300048053,0,7,0,0.0,2.0,2.0,1.0,B01
201300048054,0,7,0,0.0,1.0,4.0,4.0,A01
201300048055,0,7,0,0.0,2.0,1.0,20.0,A01
201300048055,0,31,0,0.0,2.0,1.0,1.0,B01
201300048056,0,7,0,0.0,2.0,1.0,1.0,B01
201300048056,0,7,0,0.0,2.0,1.0,13.0,A01
201300048057,0,10,0,0.0,2.0,1.0,1.0,A01
201300048057,0,7,0,0.0,2.0,4.0,1.0,B01
201300048058,0,7,0,0.0,2.0,1.0,1.0,A01
201300048058,0,7,0,0.0,2.0,7.0,1.0,B01
201300048059,0,7,0,0.0,1.0,1.0,1.0,A01
201300048060,0,7,0,0.0,1.0,1.0,1.0,A01
201300048061,0,7,0,0.0,2.0,8.0,15.0,B01
201300048061,0,33,0,0.0,2.0,1.0,17.0,A01
201300048062,0,7,0,0.0,2.0,1.0,1.0,A01
201300048062,0,7,0,0.0,2.0,4.0,1.0,B01
201300048062,0,7,0,0.0,2.0,4.0,1.0,D01
201300048062,0,7,0,0.0,2.0,4.0,1.0,C01
201300048063,0,7,0,0.0,2.0,1.0,1.0,A01
201300048063,0,7,0,0.0,2.0,4.0,1.0,B01
201300048064,0,7,0,0.0,2.0,1.0,15.0,A01
201300048064,0,7,0,0.0,2.0,1.0,1.0,B01
201300048065,0,7,0,0.0,2.0,3.0,15.0,B01
201300048065,0,33,0,0.0,2.0,1.0,17.0,A01
201300048066,0,10,0,0.0,1.0,1.0,1.0,A01
201300048067,0,33,0,0.0,2.0,1.0,1.0,A01
201300048067,0,7,0,0.0,0.0,1.0,1.0,B01
201300048068,0,7,0,0.0,0.0,4.0,1.0,B01
201300048068,0,7,0,0.0,2.0,1.0,1.0,A01
201300048069,0,7,0,0.0,2.0,1.0,1.0,A01
201300048069,0,7,0,0.0,2.0,4.0,1.0,B01
201300048070,0,7,0,0.0,2.0,3.0,13.0,A01
201300048070,0,7,0,0.0,2.0,3.0,1.0,B01
201300048071,0,32,0,0.0,2.0,1.0,1.0,A01
201300048071,0,7,0,0.0,2.0,4.0,1.0,B01
201300048072,0,7,0,8.0,0.0,1.0,1.0,A01
201300048073,0,7,0,0.0,2.0,2.0,13.0,A01
201300048073,0,7,0,0.0,2.0,1.0,1.0,B01
201300048074,0,7,0,0.0,2.0,1.0,1.0,A01
201300048074,0,7,0,0.0,2.0,2.0,1.0,B01
201300048075,0,31,0,0.0,2.0,1.0,1.0,A01
201300048075,0,7,0,0.0,2.0,5.0,16.0,B01
201300048076,0,7,0,6.0,0.0,1.0,1.0,A01
201300048077,0,7,0,0.0,2.0,1.0,1.0,A01
201300048077,0,7,0,0.0,2.0,4.0,1.0,B01
201300048078,0,7,0,8.0,0.0,1.0,1.0,A01
201300048079,0,7,0,0.0,1.0,1.0,1.0,A01
201300048080,0,7,0,4.0,0.0,9.0,1.0,A01
201300048081,0,7,0,13.0,0.0,9.0,0.0,A01
201300048082,0,7,0,0.0,2.0,4.0,1.0,B01
201300048082,0,7,0,0.0,2.0,1.0,5.0,A01
201300048083,0,7,0,0.0,2.0,3.0,1.0,B01
201300048083,0,7,0,0.0,2.0,2.0,13.0,A01
201300048084,0,7,0,0.0,2.0,8.0,0.0,B01
201300048084,0,32,0,0.0,2.0,1.0,1.0,A01
201300048085,0,7,0,6.0,2.0,1.0,14.0,A01
201300048085,0,7,0,0.0,2.0,2.0,2.0,B01
201300048086,0,7,0,0.0,2.0,1.0,13.0,A01
201300048086,0,7,0,0.0,2.0,1.0,1.0,B01
201300048087,0,7,0,0.0,1.0,1.0,1.0,A01
201300048088,0,7,0,0.0,2.0,1.0,1.0,A01
201300048088,0,7,0,0.0,2.0,4.0,1.0,B01
201300048088,0,7,0,0.0,2.0,4.0,1.0,C01
201300048089,0,7,0,0.0,2.0,3.0,17.0,A01
201300048089,0,7,0,0.0,2.0,1.0,15.0,B01
201300048090,0,7,0,7.0,0.0,1.0,1.0,A01
201300048091,0,7,0,12.0,0.0,2.0,1.0,A01
201300048092,0,7,0,0.0,2.0,1.0,1.0,B01
201300048092,0,7,0,0.0,2.0,1.0,1.0,A01
201300048093,0,7,0,0.0,2.0,1.0,1.0,B01
201300048093,0,7,0,0.0,2.0,1.0,1.0,A01
201300048094,0,7,0,1.0,1.0,1.0,1.0,A01
201300048095,0,16,0,0.0,2.0,1.0,1.0,A01