Num_Acc,senc,catv,occutc,obs,obsm,choc,manv,num_veh
201300048622,0,33,0,0.0,2.0,1.0,0.0,A01
201300048622,0,7,0,0.0,2.0,5.0,1.0,C01
201300048623,0,7,0,4.0,0.0,0.0,0.0,A01
201300048624,0,7,0,0.0,2.0,4.0,2.0,B01
201300048624,0,10,0,0.0,2.0,1.0,2.0,A01
201300048624,0,7,0,14.0,0.0,4.0,2.0,C01
201300048625,0,7,0,3.0,0.0,3.0,0.0,A01
201300048626,0,7,0,0.0,2.0,4.0,0.0,A01
201300048626,0,7,0,0.0,0.0,7.0,0.0,C01
201300048626,0,14,0,0.0,2.0,6.0,0.0,B01
201300048627,0,7,0,0.0,2.0,1.0,2.0,A01
201300048627,0,10,0,0.0,2.0,4.0,2.0,B01
201300048627,0,7,0,0.0,0.0,4.0,2.0,C01
201300048628,0,33,0,0.0,0.0,7.0,0.0,A01
201300048629,0,7,0,0.0,2.0,2.0,12.0,A01
201300048629,0,7,0,0.0,2.0,3.0,23.0,C01
201300048629,0,33,0,0.0,2.0,3.0,3.0,B01
201300048630,0,7,0,5.0,0.0,1.0,21.0,A01
201300048631,0,7,0,4.0,0.0,1.0,2.0,A01
201300048632,0,7,0,4.0,0.0,1.0,0.0,A01
201300048633,0,7,0,10.0,0.0,2.0,0.0,A01
201300048634,0,7,0,4.0,0.0,6.0,2.0,B01
201300048634,0,16,0,0.0,2.0,2.0,12.0,A01
201300048634,0,7,0,0.0,2.0,1.0,2.0,C01
201300048635,0,10,0,0.0,2.0,4.0,2.0,B01
201300048635,0,7,0,0.0,2.0,1.0,2.0,A01
201300048635,0,7,0,0.0,0.0,4.0,2.0,C01
201300048636,1,33,0,0.0,0.0,1.0,21.0,A01
201300048637,0,7,0,14.0,0.0,1.0,0.0,A01
201300048638,0,7,0,3.0,0.0,1.0,0.0,A01
201300048638,0,7,0,0.0,0.0,0.0,21.0,B01
201300048639,0,7,0,0.0,2.0,1.0,1.0,C01
201300048639,0,10,0,0.0,2.0,1.0,1.0,A01
201300048639,0,7,0,0.0,0.0,0.0,9.0,B01
201300048640,1,7,0,0.0,2.0,1.0,9.0,Z01
201300048640,0,7,0,4.0,0.0,7.0,1.0,B01
201300048640,0,10,0,0.0,2.0,7.0,1.0,A01
201300048641,0,17,0,0.0,0.0,2.0,2.0,B01
201300048641,0,7,0,0.0,2.0,1.0,9.0,A01
201300048642,0,7,0,3.0,0.0,1.0,0.0,A01
201300048643,1,7,0,0.0,2.0,1.0,1.0,Z01
201300048643,0,7,0,0.0,0.0,4.0,1.0,A01
201300048644,0,7,0,0.0,0.0,8.0,2.0,B01
201300048644,0,7,0,3.0,2.0,7.0,12.0,A01
201300048645,0,33,0,0.0,2.0,3.0,2.0,A01
201300048645,0,7,0,0.0,0.0,5.0,2.0,B01
201300048646,0,7,0,0.0,2.0,8.0,11.0,A01
201300048646,0,7,0,0.0,0.0,4.0,0.0,C01
201300048646,0,7,0,0.0,2.0,2.0,1.0,B01
201300048647,0,33,0,0.0,0.0,8.0,21.0,A01
201300048648,0,7,0,0.0,0.0,7.0,9.0,A01
201300048648,0,7,0,0.0,2.0,2.0,1.0,B01
201300048649,0,7,0,0.0,0.0,4.0,2.0,B01
201300048649,0,7,0,0.0,2.0,1.0,2.0,A01
201300048649,1,99,0,0.0,0.0,0.0,0.0,Z01
201300048650,0,7,0,0.0,0.0,4.0,0.0,A01
201300048651,0,7,0,0.0,2.0,1.0,2.0,A01
201300048651,0,7,0,0.0,0.0,4.0,2.0,B01
201300048652,0,33,0,12.0,0.0,1.0,2.0,A01
201300048653,1,7,0,0.0,0.0,,,Z01
201300048653,0,33,0,0.0,0.0,9.0,2.0,A01
201300048654,0,7,0,0.0,2.0,1.0,2.0,B01
201300048654,0,7,0,0.0,0.0,1.0,2.0,C01
201300048654,0,7,0,0.0,0.0,4.0,2.0,A01
201300048654,0,7,0,0.0,0.0,1.0,2.0,D01
201300048655,0,7,0,0.0,2.0,1.0,2.0,A01
201300048655,0,7,0,0.0,2.0,4.0,2.0,C01
201300048655,0,7,0,0.0,2.0,4.0,2.0,B01
201300048656,0,13,0,3.0,0.0,0.0,0.0,A01
201300048657,0,7,0,0.0,2.0,7.0,9.0,A01
201300048657,0,10,0,0.0,2.0,7.0,1.0,B01
201300048658,0,10,0,0.0,0.0,8.0,2.0,C01
201300048658,0,7,0,0.0,0.0,2.0,2.0,B01
201300048658,0,10,0,0.0,2.0,3.0,11.0,A01
201300048659,0,17,0,4.0,0.0,1.0,1.0,A01
201300048660,0,15,0,0.0,0.0,4.0,2.0,C01
201300048660,0,15,0,0.0,2.0,1.0,2.0,A01
201300048660,0,10,0,0.0,2.0,4.0,2.0,B01
201300048661,0,7,0,0.0,0.0,1.0,2.0,A01
201300048661,0,7,0,0.0,0.0,4.0,2.0,B01
201300048662,0,7,0,0.0,0.0,6.0,2.0,B01
201300048662,0,17,0,0.0,2.0,2.0,12.0,A01
201300048663,0,33,0,0.0,0.0,8.0,2.0,A01
201300048664,0,7,0,3.0,0.0,0.0,0.0,A01
201300048665,0,10,0,0.0,2.0,1.0,2.0,A01
201300048665,0,7,0,0.0,0.0,4.0,2.0,B01
201300048666,0,7,0,0.0,0.0,5.0,2.0,B01
201300048666,0,33,0,14.0,2.0,1.0,2.0,A01
201300048667,0,32,0,0.0,2.0,8.0,18.0,B01
201300048667,0,10,0,0.0,2.0,7.0,16.0,A01
201300048668,0,10,0,0.0,0.0,2.0,2.0,B01
201300048668,0,33,0,14.0,2.0,7.0,0.0,A01
201300048668,0,7,0,0.0,0.0,8.0,0.0,C01
201300048668,0,7,0,0.0,0.0,5.0,0.0,D01
201300048669,0,33,0,0.0,0.0,8.0,21.0,A01
201300048670,0,7,0,0.0,0.0,1.0,9.0,A01
201300048671,0,32,0,0.0,0.0,7.0,2.0,A01
201300048672,0,17,0,0.0,2.0,2.0,2.0,A01
201300048672,0,7,0,0.0,0.0,4.0,2.0,B01
201300048673,0,7,0,0.0,2.0,9.0,2.0,B01
201300048673,0,7,0,0.0,2.0,1.0,2.0,A01
201300048673,0,7,0,0.0,2.0,4.0,2.0,C01
201300048674,0,37,1,0.0,2.0,6.0,2.0,A01
201300048674,0,7,0,0.0,2.0,7.0,0.0,B01
201300048675,0,2,0,3.0,0.0,9.0,2.0,A01
201300048676,0,14,0,0.0,0.0,0.0,2.0,A01
201300048677,0,7,0,0.0,0.0,4.0,2.0,C01
201300048677,0,7,0,0.0,0.0,4.0,2.0,B01
201300048677,0,10,0,0.0,2.0,1.0,2.0,A01
201300048678,0,14,0,0.0,2.0,7.0,2.0,B01
201300048678,0,7,0,0.0,2.0,3.0,9.0,A01
201300048679,0,7,0,0.0,0.0,4.0,2.0,B01
201300048679,0,10,0,0.0,2.0,1.0,2.0,A01
201300048680,0,7,0,0.0,0.0,6.0,11.0,B01
201300048680,0,33,0,0.0,2.0,2.0,3.0,A01
201300048681,0,7,0,4.0,2.0,6.0,1.0,B01
201300048681,0,17,0,0.0,2.0,2.0,2.0,A01
201300048682,0,7,0,0.0,0.0,8.0,2.0,B01
201300048682,0,15,0,0.0,2.0,2.0,12.0,A01
201300048683,0,7,0,0.0,0.0,4.0,4.0,D01
201300048683,0,10,0,0.0,2.0,1.0,2.0,A01
201300048683,0,7,0,0.0,0.0,4.0,2.0,C01
201300048683,0,7,0,0.0,2.0,6.0,2.0,B01
201300048684,0,7,0,0.0,0.0,4.0,2.0,D01
201300048684,0,7,0,0.0,2.0,4.0,2.0,C01
201300048684,0,7,0,0.0,2.0,4.0,2.0,B01
201300048684,0,7,0,0.0,0.0,1.0,2.0,A01
201300048685,0,7,0,0.0,0.0,4.0,2.0,B01
201300048685,0,7,0,0.0,0.0,4.0,2.0,C01
201300048685,0,7,0,0.0,0.0,1.0,2.0,A01
201300048686,0,7,0,0.0,0.0,4.0,2.0,B01
201300048686,0,14,0,0.0,2.0,1.0,2.0,A01
201300048687,0,7,0,0.0,0.0,4.0,2.0,B01
201300048687,0,7,0,0.0,2.0,1.0,2.0,A01
201300048688,0,7,0,0.0,2.0,3.0,11.0,A01
201300048688,0,10,0,0.0,0.0,2.0,0.0,B01
201300048689,0,7,0,4.0,0.0,9.0,0.0,A01
201300048689,1,15,0,0.0,0.0,,,Z01
201300048690,0,7,0,3.0,0.0,1.0,2.0,A01
201300048691,0,7,0,0.0,0.0,1.0,2.0,B01
201300048691,0,7,0,0.0,2.0,1.0,2.0,A01
201300048691,0,7,0,0.0,0.0,4.0,2.0,C01
201300048692,0,10,0,0.0,2.0,4.0,2.0,C01
201300048692,0,7,0,0.0,0.0,1.0,2.0,A01
201300048692,0,10,0,0.0,0.0,4.0,2.0,B01
201300048693,0,7,0,0.0,0.0,6.0,2.0,B01
201300048693,0,7,0,0.0,2.0,3.0,2.0,A01
201300048693,0,7,0,0.0,0.0,5.0,2.0,C01
201300048694,0,7,0,5.0,0.0,1.0,0.0,A01
201300048695,0,31,0,0.0,0.0,7.0,1.0,A01
201300048696,0,7,0,0.0,2.0,7.0,0.0,B01
201300048696,0,33,0,0.0,2.0,8.0,0.0,A01
201300048697,0,7,0,0.0,2.0,4.0,2.0,B01
201300048697,0,7,0,0.0,2.0,4.0,2.0,D01
201300048697,0,7,0,0.0,2.0,4.0,2.0,C01
201300048697,0,7,0,0.0,2.0,1.0,2.0,A01
201300048698,0,33,0,0.0,2.0,1.0,2.0,A01
201300048698,0,7,0,0.0,0.0,4.0,2.0,B01
201300048699,0,14,0,0.0,1.0,2.0,1.0,A01
201300048700,0,7,0,0.0,2.0,1.0,2.0,A01
201300048700,0,7,0,0.0,0.0,4.0,2.0,B01
201300048701,0,7,0,0.0,0.0,4.0,2.0,B01
201300048701,0,7,0,0.0,2.0,1.0,2.0,A01
201300048702,0,7,0,0.0,0.0,5.0,2.0,A01
201300048702,0,7,0,0.0,0.0,1.0,2.0,C01
201300048702,0,7,0,0.0,0.0,4.0,2.0,B01
201300048703,0,7,0,0.0,0.0,4.0,0.0,B01
201300048703,0,7,0,0.0,2.0,1.0,0.0,A01
201300048704,0,7,0,0.0,0.0,0.0,0.0,A01
201300048704,0,15,0,0.0,0.0,7.0,0.0,B01
201300048705,0,7,0,1.0,0.0,1.0,0.0,A01
201300048705,0,15,0,0.0,0.0,4.0,0.0,B01
201300048706,0,7,0,5.0,0.0,6.0,0.0,A01
201300048707,0,7,0,4.0,0.0,1.0,0.0,A01
201300048708,0,7,0,0.0,0.0,4.0,2.0,B01
201300048708,0,7,0,0.0,2.0,1.0,2.0,A01
201300048709,0,33,0,0.0,0.0,0.0,0.0,A01
201300048709,0,7,0,0.0,0.0,0.0,0.0,B01
201300048710,0,7,0,0.0,2.0,4.0,0.0,B01
201300048710,0,7,0,0.0,2.0,4.0,0.0,C01
201300048710,0,7,0,0.0,0.0,1.0,0.0,A01
201300048711,0,7,0,0.0,2.0,1.0,0.0,A01
201300048711,0,7,0,0.0,2.0,4.0,0.0,C01
201300048711,0,10,0,0.0,0.0,4.0,0.0,B01
201300048712,0,7,0,0.0,0.0,1.0,0.0,A01
201300048713,0,7,0,0.0,0.0,1.0,0.0,B01
201300048713,0,7,0,0.0,9.0,3.0,0.0,A01
201300048714,0,7,0,4.0,0.0,1.0,1.0,A01
201300048715,0,7,0,0.0,2.0,1.0,0.0,B01
201300048715,0,7,0,0.0,2.0,1.0,0.0,A01
201300048716,0,7,0,0.0,2.0,1.0,0.0,B01
201300048716,0,7,0,1.0,0.0,1.0,0.0,A01
201300048716,0,7,0,0.0,0.0,4.0,0.0,C01
201300048717,0,7,0,3.0,0.0,3.0,0.0,A01
201300048718,0,33,0,0.0,2.0,1.0,3.0,B01
201300048718,0,7,0,0.0,2.0,2.0,14.0,A01
201300048719,0,7,0,0.0,0.0,6.0,2.0,B01
201300048719,0,33,0,0.0,2.0,0.0,2.0,A01
201300048720,0,7,0,0.0,0.0,2.0,2.0,B01
201300048720,0,33,0,0.0,2.0,1.0,2.0,A01
201300048721,0,7,0,0.0,2.0,5.0,0.0,A01
201300048721,0,33,0,0.0,2.0,8.0,0.0,B01
201300048722,0,7,0,0.0,2.0,1.0,2.0,A01
201300048722,0,7,0,0.0,0.0,4.0,2.0,B01
201300048723,0,33,0,0.0,0.0,0.0,0.0,B01
201300048723,0,7,0,14.0,0.0,1.0,0.0,A01
201300048724,0,7,0,0.0,0.0,0.0,0.0,A01
201300048724,0,33,0,0.0,0.0,7.0,0.0,B01
201300048725,0,10,0,0.0,2.0,4.0,0.0,B01
201300048725,0,7,0,0.0,2.0,1.0,0.0,A01
201300048725,1,99,0,0.0,2.0,2.0,0.0,D01
201300048725,0,7,0,0.0,2.0,4.0,0.0,C01
201300048726,0,32,0,0.0,0.0,0.0,0.0,A01
201300048727,0,7,0,0.0,2.0,5.0,2.0,B01
201300048727,0,7,0,0.0,0.0,0.0,2.0,C01
201300048727,0,7,0,0.0,0.0,4.0,2.0,D01
201300048727,0,7,0,0.0,2.0,1.0,2.0,A01
201300048728,0,31,0,0.0,0.0,0.0,1.0,A01
201300048729,0,32,0,0.0,0.0,8.0,1.0,A01
201300048730,0,7,0,0.0,2.0,2.0,2.0,A01
201300048730,0,33,0,0.0,0.0,4.0,2.0,B01
201300048731,0,31,0,0.0,2.0,0.0,0.0,B01
201300048731,0,7,0,0.0,2.0,3.0,0.0,A01
201300048732,0,7,0,0.0,0.0,8.0,0.0,B01
201300048732,0,17,0,0.0,2.0,7.0,9.0,A01
201300048733,0,7,0,2.0,0.0,9.0,2.0,A01
201300048734,0,7,0,0.0,0.0,4.0,0.0,B01
201300048734,0,7,0,0.0,2.0,1.0,0.0,A01
201300048735,0,10,0,0.0,0.0,8.0,0.0,B01
201300048735,0,7,0,0.0,0.0,6.0,0.0,A01
201300048735,0,15,0,0.0,0.0,8.0,0.0,C01
201300048735,0,7,0,0.0,2.0,3.0,0.0,D01
201300048736,1,99,0,0.0,0.0,0.0,0.0,Z01
201300048736,0,7,0,0.0,2.0,3.0,0.0,A01
201300048737,0,7,0,0.0,2.0,8.0,12.0,A01
201300048737,0,7,0,0.0,2.0,1.0,1.0,C01
201300048737,0,15,0,0.0,2.0,2.0,1.0,B01
201300048738,0,31,0,0.0,2.0,1.0,1.0,A01
201300048738,0,7,0,0.0,0.0,4.0,23.0,B01
201300048739,0,33,0,3.0,0.0,1.0,2.0,A01
201300048739,0,33,0,0.0,1.0,1.0,2.0,B01
201300048740,0,7,0,16.0,0.0,2.0,21.0,A01
201300048741,0,14,0,0.0,0.0,0.0,0.0,D01
201300048741,0,7,0,0.0,2.0,5.0,0.0,B01
201300048741,0,7,0,0.0,0.0,3.0,0.0,A01
201300048741,0,7,0,0.0,0.0,6.0,0.0,C01
201300048742,0,7,0,4.0,0.0,7.0,9.0,A01
201300048743,0,10,0,4.0,0.0,1.0,0.0,A01
201300048744,0,7,0,0.0,0.0,1.0,0.0,A01
201300048744,0,7,0,0.0,0.0,4.0,0.0,C01
201300048744,0,7,0,0.0,0.0,1.0,0.0,B01
201300048745,0,16,0,0.0,2.0,1.0,0.0,A01
201300048745,0,7,0,0.0,0.0,4.0,2.0,C01
201300048745,0,10,0,0.0,0.0,4.0,0.0,B01
201300048746,0,15,0,0.0,2.0,1.0,0.0,A01
201300048746,0,7,0,0.0,0.0,8.0,0.0,B01
201300048747,0,7,0,0.0,2.0,1.0,0.0,A01
201300048747,0,7,0,0.0,2.0,4.0,0.0,B01
201300048748,0,10,0,0.0,2.0,1.0,0.0,A01
201300048748,0,7,0,0.0,2.0,1.0,0.0,B01
201300048748,0,7,0,0.0,2.0,1.0,1.0,C01
201300048749,0,7,0,3.0,2.0,1.0,2.0,B01
201300048749,0,10,0,0.0,2.0,1.0,0.0,A01
201300048750,0,7,0,3.0,0.0,2.0,0.0,A01
201300048751,0,34,0,0.0,0.0,7.0,2.0,A01
201300048752,0,7,0,0.0,2.0,7.0,0.0,A01
201300048752,0,33,0,0.0,0.0,1.0,0.0,B01
201300048753,0,33,0,3.0,0.0,9.0,0.0,A01
201300048754,0,7,0,0.0,0.0,4.0,2.0,B01
201300048754,0,7,0,0.0,2.0,1.0,0.0,A01
201300048755,0,7,0,0.0,2.0,4.0,0.0,B01
201300048755,0,7,0,0.0,2.0,1.0,0.0,A01
201300048756,0,7,0,4.0,0.0,1.0,0.0,A01
201300048757,0,7,0,0.0,0.0,4.0,0.0,B01
201300048757,0,7,0,0.0,0.0,4.0,0.0,A01
201300048757,0,7,0,0.0,0.0,1.0,0.0,C01
201300048758,0,33,0,0.0,0.0,7.0,1.0,A01
201300048759,0,7,0,4.0,0.0,8.0,9.0,A01
201300048759,0,7,0,0.0,2.0,1.0,2.0,B01
201300048760,0,7,0,0.0,0.0,1.0,0.0,A01
201300048761,0,7,0,0.0,0.0,0.0,2.0,D01
201300048761,0,7,0,0.0,0.0,7.0,0.0,B01
201300048761,0,7,0,0.0,0.0,1.0,0.0,A01
201300048761,0,7,0,0.0,0.0,4.0,0.0,C01
201300048762,0,7,0,0.0,0.0,4.0,0.0,C01
201300048762,0,7,0,0.0,2.0,1.0,0.0,A01
201300048762,0,10,0,0.0,2.0,1.0,0.0,B01
201300048763,0,7,0,0.0,2.0,1.0,0.0,A01
201300048763,0,7,0,0.0,0.0,4.0,0.0,D01
201300048763,0,7,0,0.0,2.0,1.0,0.0,B01
201300048763,0,7,0,0.0,2.0,1.0,0.0,C01
201300048764,0,7,0,0.0,0.0,4.0,2.0,C01
201300048764,0,10,0,0.0,2.0,1.0,0.0,A01
201300048764,0,7,0,0.0,0.0,4.0,0.0,B01
201300048765,0,17,0,0.0,2.0,1.0,0.0,A01
201300048765,0,7,0,0.0,0.0,4.0,0.0,B01
201300048765,0,7,0,0.0,2.0,4.0,0.0,D01
201300048765,0,7,0,0.0,2.0,6.0,0.0,C01
201300048766,0,15,0,0.0,2.0,1.0,0.0,A01
201300048766,0,7,0,0.0,2.0,4.0,0.0,B01
201300048767,0,33,0,9.0,0.0,8.0,2.0,A01
201300048768,0,7,0,0.0,2.0,6.0,0.0,A01
201300048768,0,33,0,0.0,0.0,5.0,1.0,B01
201300048769,0,7,0,0.0,9.0,1.0,0.0,A01
201300048769,1,17,0,0.0,2.0,2.0,12.0,Z01
201300048769,0,7,0,0.0,2.0,1.0,0.0,B01
201300048770,0,7,0,0.0,2.0,1.0,0.0,A01
201300048770,0,7,0,0.0,2.0,4.0,0.0,C01
201300048770,0,7,0,0.0,2.0,1.0,0.0,B01
201300048771,0,7,0,0.0,2.0,1.0,0.0,A01
201300048771,0,7,0,0.0,0.0,4.0,0.0,C01
201300048771,0,7,0,0.0,0.0,4.0,0.0,B01
201300048772,0,7,0,0.0,2.0,1.0,0.0,A01
201300048772,0,15,0,0.0,2.0,2.0,0.0,B01
201300048772,0,10,0,0.0,2.0,1.0,0.0,C01
201300048773,0,7,0,0.0,2.0,4.0,0.0,B01
201300048773,0,7,0,0.0,2.0,1.0,0.0,A01
201300048773,0,7,0,0.0,0.0,4.0,0.0,C01
201300048774,0,7,0,0.0,0.0,1.0,0.0,A01
201300048774,0,10,0,0.0,0.0,6.0,0.0,B01
201300048775,0,7,0,0.0,0.0,4.0,1.0,B01
201300048775,0,10,0,0.0,2.0,1.0,1.0,A01
201300048776,0,7,0,0.0,0.0,1.0,0.0,B01
201300048776,0,7,0,0.0,2.0,4.0,0.0,A01
201300048777,0,7,0,0.0,0.0,8.0,0.0,B01
201300048777,0,7,0,0.0,2.0,1.0,0.0,A01
201300048778,0,7,0,0.0,0.0,4.0,0.0,C01
201300048778,0,7,0,0.0,0.0,4.0,0.0,B01
201300048778,0,10,0,0.0,2.0,3.0,0.0,A01
201300048779,0,7,0,0.0,2.0,1.0,0.0,A01
201300048779,0,17,0,0.0,2.0,1.0,0.0,B01
201300048780,0,33,0,0.0,2.0,1.0,0.0,A01
201300048780,0,17,0,0.0,0.0,6.0,0.0,C01
201300048780,0,10,0,0.0,0.0,5.0,0.0,B01
201300048781,0,7,0,0.0,2.0,1.0,0.0,B01
201300048781,0,10,0,0.0,2.0,1.0,0.0,A01
201300048781,0,7,0,0.0,0.0,4.0,0.0,C01
201300048782,1,10,0,0.0,0.0,0.0,1.0,A01
201300048782,0,7,0,0.0,0.0,1.0,0.0,B01
201300048783,0,15,0,0.0,2.0,1.0,0.0,A01
201300048783,0,7,0,0.0,2.0,4.0,0.0,C01
201300048783,0,10,0,0.0,2.0,1.0,0.0,B01
201300048784,0,7,0,0.0,0.0,4.0,0.0,B01
201300048784,0,33,0,0.0,2.0,1.0,0.0,A01
201300048785,0,10,0,0.0,2.0,4.0,0.0,B01
201300048785,0,17,0,3.0,2.0,1.0,0.0,D01
201300048785,0,10,0,0.0,2.0,1.0,0.0,A01
201300048785,0,7,0,0.0,0.0,3.0,0.0,C01
201300048786,0,15,0,0.0,0.0,4.0,2.0,B01
201300048786,0,17,0,0.0,2.0,1.0,2.0,A01
201300048787,0,33,0,0.0,2.0,1.0,2.0,A01
201300048787,0,7,0,0.0,0.0,4.0,1.0,B01
201300048788,0,33,0,0.0,0.0,8.0,1.0,A01
201300048789,0,7,0,0.0,0.0,0.0,12.0,A01
201300048789,0,7,0,4.0,0.0,2.0,2.0,B01
201300048789,0,7,0,0.0,2.0,1.0,2.0,C01
201300048790,0,7,0,0.0,2.0,4.0,2.0,B01
201300048790,0,7,0,0.0,2.0,4.0,0.0,C01
201300048790,0,7,0,0.0,0.0,4.0,0.0,D01
201300048790,0,7,0,0.0,2.0,1.0,0.0,A01
201300048791,0,10,0,0.0,0.0,0.0,0.0,A01
201300048791,0,33,0,0.0,0.0,1.0,0.0,B01
201300048792,0,7,0,4.0,0.0,3.0,2.0,A01
201300048793,0,15,0,0.0,0.0,4.0,0.0,B01
201300048793,0,15,0,0.0,2.0,1.0,0.0,A01
201300048794,0,14,0,0.0,0.0,4.0,2.0,C01
201300048794,0,7,0,0.0,2.0,4.0,2.0,B01
201300048794,0,7,0,0.0,2.0,2.0,2.0,A01
201300048795,0,31,0,0.0,0.0,7.0,0.0,A01
201300048796,0,10,0,0.0,0.0,2.0,0.0,A01
201300048796,0,7,0,3.0,2.0,8.0,0.0,C01
201300048796,0,7,0,3.0,0.0,5.0,0.0,B01
201300048797,0,7,0,4.0,0.0,1.0,0.0,A01
201300048798,0,7,0,0.0,0.0,3.0,1.0,B01
201300048798,0,7,0,0.0,2.0,2.0,12.0,A01
201300048799,0,7,0,0.0,0.0,4.0,0.0,B01
201300048799,0,7,0,0.0,2.0,1.0,0.0,A01
201300048799,0,7,0,0.0,0.0,4.0,0.0,C01
201300048800,0,33,0,0.0,2.0,1.0,0.0,A01
201300048800,0,7,0,0.0,0.0,3.0,0.0,B01
201300048801,0,17,0,0.0,0.0,4.0,1.0,B01
201300048801,0,17,0,0.0,2.0,1.0,1.0,A01
201300048802,0,7,0,3.0,0.0,1.0,2.0,A01
201300048803,0,34,0,0.0,0.0,7.0,15.0,A01
201300048804,0,3,0,12.0,0.0,1.0,1.0,A01
201300048805,0,7,0,14.0,0.0,1.0,14.0,A01
201300048806,0,7,0,0.0,2.0,0.0,1.0,B01
201300048806,0,7,0,0.0,2.0,1.0,1.0,A01
201300048807,0,7,0,0.0,1.0,8.0,1.0,A01
201300048808,0,7,0,1.0,0.0,3.0,13.0,A01
201300048809,0,7,0,0.0,2.0,3.0,1.0,C01
201300048809,0,1,0,0.0,2.0,1.0,2.0,A01
201300048809,0,7,0,0.0,2.0,6.0,2.0,B01
201300048810,0,33,0,0.0,2.0,1.0,1.0,B01
201300048810,0,7,0,0.0,2.0,3.0,19.0,A01
201300048811,0,33,0,15.0,0.0,1.0,13.0,A01
201300048812,0,7,0,0.0,1.0,1.0,15.0,A01
201300048813,0,7,0,0.0,2.0,8.0,20.0,B01
201300048813,0,2,0,0.0,2.0,2.0,17.0,A01
201300048814,0,7,0,0.0,1.0,6.0,4.0,A01
201300048815,0,2,0,0.0,0.0,3.0,1.0,A01
201300048816,0,7,0,0.0,1.0,2.0,0.0,A01
201300048817,0,7,0,0.0,2.0,1.0,15.0,A01
201300048817,0,32,0,0.0,2.0,5.0,1.0,B01
201300048818,0,1,0,9.0,0.0,1.0,14.0,A01
201300048818,0,1,0,9.0,0.0,1.0,13.0,B01
201300048819,0,30,0,0.0,2.0,7.0,17.0,B01
201300048819,0,7,0,0.0,2.0,1.0,15.0,A01
201300048820,0,7,0,0.0,1.0,2.0,17.0,A01
201300048821,0,7,0,0.0,2.0,3.0,24.0,B01
201300048821,0,7,0,1.0,0.0,2.0,1.0,A01
201300048822,0,2,0,1.0,0.0,1.0,1.0,A01
201300048823,0,7,0,0.0,0.0,4.0,2.0,B01
201300048823,0,7,0,0.0,2.0,1.0,2.0,A01
201300048824,0,34,0,0.0,2.0,1.0,2.0,B01
201300048824,0,7,0,0.0,2.0,2.0,15.0,A01
201300048825,0,1,0,0.0,9.0,1.0,5.0,B01
201300048825,0,1,0,0.0,9.0,1.0,1.0,A01
201300048826,0,7,0,14.0,2.0,4.0,2.0,B01
201300048826,0,7,0,14.0,2.0,1.0,2.0,A01
201300048826,0,7,0,0.0,0.0,4.0,2.0,C01
201300048827,0,1,0,0.0,2.0,1.0,15.0,B01
201300048827,0,1,0,12.0,2.0,1.0,15.0,A01
201300048828,0,32,0,0.0,2.0,2.0,1.0,B01
201300048828,0,7,0,0.0,2.0,2.0,15.0,A01
201300048829,0,7,0,0.0,0.0,1.0,1.0,B01
201300048829,0,7,0,0.0,0.0,5.0,15.0,A01
201300048830,0,7,0,11.0,0.0,8.0,15.0,B01
201300048830,0,30,0,11.0,0.0,7.0,17.0,A01
201300048831,0,7,0,1.0,0.0,1.0,1.0,A01
201300048832,0,7,0,0.0,1.0,7.0,1.0,A01
201300048833,0,7,0,0.0,2.0,3.0,10.0,A01
201300048833,0,7,0,0.0,2.0,1.0,1.0,B01
201300048834,0,37,6,0.0,1.0,2.0,1.0,A01
201300048835,0,7,0,0.0,1.0,1.0,1.0,A01
201300048836,0,7,0,0.0,2.0,2.0,15.0,A01
201300048836,0,2,0,0.0,2.0,1.0,1.0,B01
201300048837,0,7,0,0.0,2.0,7.0,0.0,B01
201300048837,0,30,0,0.0,2.0,8.0,13.0,A01
201300048838,0,7,0,0.0,2.0,8.0,15.0,B01
201300048838,0,2,0,0.0,2.0,1.0,17.0,A01
201300048839,0,7,0,0.0,1.0,1.0,1.0,A01
201300048840,0,7,0,0.0,1.0,4.0,4.0,A01
201300048841,0,7,0,11.0,0.0,1.0,1.0,A01
201300048842,0,10,0,0.0,1.0,4.0,4.0,A01
201300048843,0,10,0,0.0,1.0,1.0,1.0,A01
201300048844,1,7,0,0.0,1.0,1.0,1.0,Z01
201300048845,1,7,0,0.0,1.0,2.0,1.0,Z01
201300048846,0,7,0,0.0,1.0,1.0,15.0,A01
201300048847,0,1,0,0.0,2.0,1.0,1.0,B01
201300048847,0,7,0,0.0,0.0,7.0,15.0,A01
201300048848,0,30,0,8.0,0.0,1.0,1.0,A01
201300048849,0,10,0,0.0,2.0,3.0,2.0,B01
201300048849,0,7,0,0.0,0.0,5.0,2.0,A01
201300048850,0,7,0,0.0,0.0,8.0,21.0,B01
201300048850,0,7,0,0.0,2.0,1.0,1.0,C01
201300048850,0,7,0,0.0,0.0,0.0,12.0,A01
201300048851,0,7,0,3.0,2.0,6.0,1.0,B01
201300048851,0,7,0,3.0,2.0,2.0,11.0,A01
201300048852,0,7,0,3.0,0.0,3.0,1.0,A01
201300048853,0,17,0,0.0,0.0,6.0,1.0,A01
201300048853,0,7,0,0.0,2.0,2.0,1.0,B01
201300048854,0,15,0,0.0,2.0,2.0,12.0,A01
201300048854,0,7,0,0.0,2.0,1.0,2.0,I02
201300048854,0,7,0,0.0,0.0,5.0,2.0,D01
201300048854,0,7,0,0.0,2.0,6.0,2.0,E01
201300048854,0,7,0,3.0,2.0,8.0,1.0,B01