Num_Acc,senc,catv,occutc,obs,obsm,choc,manv,num_veh
201300048854,0,7,0,0.0,2.0,8.0,2.0,C01
201300048854,0,7,0,0.0,0.0,3.0,2.0,G02
201300048854,0,7,0,0.0,2.0,2.0,2.0,F02
201300048854,0,7,0,0.0,2.0,4.0,2.0,H02
201300048855,0,7,0,0.0,0.0,4.0,2.0,A01
201300048855,0,7,0,0.0,2.0,4.0,2.0,B01
201300048855,0,7,0,0.0,2.0,1.0,2.0,C01
201300048856,0,99,0,4.0,2.0,2.0,13.0,B01
201300048856,0,7,0,0.0,2.0,8.0,1.0,A01
201300048857,0,7,0,0.0,0.0,0.0,11.0,A01
201300048857,0,7,0,0.0,0.0,6.0,21.0,B01
201300048857,0,33,0,4.0,2.0,7.0,2.0,C01
201300048858,0,17,0,0.0,2.0,7.0,1.0,B01
201300048858,0,7,0,0.0,2.0,6.0,11.0,A01
201300048859,0,7,0,2.0,0.0,1.0,1.0,A01
201300048860,0,33,0,0.0,2.0,7.0,12.0,A01
201300048860,0,7,0,0.0,0.0,8.0,1.0,B01
201300048861,0,7,0,6.0,0.0,3.0,13.0,A01
201300048862,0,32,0,0.0,0.0,8.0,1.0,A01
201300048863,0,7,0,0.0,2.0,2.0,2.0,B01
201300048863,0,33,0,0.0,2.0,4.0,2.0,A01
201300048864,0,7,0,0.0,0.0,4.0,1.0,A01
201300048864,0,10,0,0.0,2.0,1.0,2.0,B01
201300048865,0,17,0,0.0,2.0,7.0,12.0,A01
201300048865,0,7,0,0.0,0.0,8.0,1.0,B01
201300048866,0,33,0,14.0,0.0,5.0,12.0,A01
201300048867,0,7,0,4.0,0.0,5.0,1.0,A01
201300048867,0,7,0,4.0,2.0,3.0,13.0,B01
201300048868,0,7,0,4.0,0.0,6.0,1.0,A01
201300048868,0,17,0,0.0,2.0,2.0,12.0,B01
201300048869,0,15,0,0.0,2.0,2.0,12.0,B01
201300048869,0,7,0,0.0,2.0,6.0,1.0,A01
201300048870,0,7,0,0.0,0.0,4.0,1.0,A01
201300048870,0,7,0,1.0,2.0,2.0,11.0,B01
201300048871,0,7,0,3.0,0.0,1.0,1.0,A01
201300048872,0,7,0,3.0,2.0,2.0,2.0,A01
201300048872,0,7,0,0.0,2.0,4.0,2.0,B01
201300048873,0,7,0,5.0,2.0,2.0,1.0,B01
201300048873,0,7,0,0.0,2.0,3.0,11.0,A01
201300048874,0,10,0,3.0,2.0,3.0,11.0,A01
201300048874,0,10,0,13.0,2.0,8.0,1.0,B01
201300048875,0,7,0,8.0,0.0,1.0,2.0,A01
201300048876,0,7,0,3.0,2.0,8.0,3.0,A01
201300048876,0,7,0,3.0,2.0,8.0,1.0,B01
201300048877,0,7,0,0.0,2.0,3.0,1.0,B01
201300048877,0,17,0,0.0,2.0,7.0,12.0,A01
201300048878,0,7,0,2.0,0.0,1.0,14.0,A01
201300048879,0,7,0,0.0,2.0,8.0,2.0,D01
201300048879,0,7,0,0.0,2.0,1.0,2.0,A01
201300048879,0,7,0,3.0,2.0,4.0,2.0,B01
201300048879,0,7,0,0.0,2.0,2.0,2.0,C01
201300048880,0,7,0,0.0,0.0,4.0,2.0,B01
201300048880,0,7,0,0.0,2.0,1.0,2.0,A01
201300048881,0,7,0,0.0,2.0,4.0,12.0,B01
201300048881,0,7,0,3.0,2.0,1.0,12.0,A01
201300048882,0,99,0,0.0,2.0,4.0,2.0,B01
201300048882,0,7,0,0.0,2.0,4.0,2.0,E01
201300048882,0,7,0,14.0,0.0,4.0,2.0,F02
201300048882,0,7,0,0.0,2.0,6.0,2.0,G02
201300048882,0,7,0,0.0,2.0,4.0,2.0,D01
201300048882,0,7,0,0.0,2.0,4.0,2.0,C01
201300048882,0,7,0,0.0,2.0,1.0,2.0,A01
201300048883,0,7,0,0.0,2.0,4.0,2.0,A01
201300048884,0,7,0,3.0,2.0,3.0,2.0,B01
201300048884,0,7,0,3.0,2.0,5.0,17.0,A01
201300048885,0,14,0,0.0,2.0,2.0,12.0,A01
201300048885,0,7,0,0.0,0.0,8.0,1.0,B01
201300048886,0,15,0,0.0,2.0,3.0,2.0,A01
201300048886,0,15,0,0.0,0.0,5.0,1.0,B01
201300048887,0,10,0,0.0,0.0,0.0,1.0,A01
201300048888,1,14,0,1.0,1.0,2.0,1.0,A01
201300048888,0,7,0,0.0,0.0,8.0,24.0,B01
201300048889,0,7,0,8.0,0.0,3.0,2.0,A01
201300048890,0,7,0,0.0,0.0,4.0,2.0,B01
201300048890,0,7,0,0.0,2.0,1.0,2.0,A01
201300048891,0,7,0,3.0,0.0,1.0,21.0,A01
201300048892,0,17,0,3.0,0.0,2.0,0.0,A01
201300048893,0,7,0,0.0,0.0,4.0,2.0,C01
201300048893,0,10,0,0.0,2.0,1.0,2.0,A01
201300048893,0,7,0,1.0,0.0,4.0,2.0,B01
201300048894,0,7,0,0.0,0.0,9.0,2.0,B01
201300048894,0,7,0,13.0,0.0,9.0,0.0,A01
201300048895,0,7,0,13.0,0.0,1.0,1.0,A01
201300048896,0,7,0,7.0,0.0,9.0,17.0,A01
201300048897,0,15,0,0.0,2.0,2.0,12.0,A01
201300048897,0,7,0,4.0,2.0,8.0,1.0,B01
201300048898,0,7,0,4.0,9.0,9.0,21.0,B01
201300048898,0,15,0,0.0,0.0,0.0,1.0,A01
201300048899,0,7,0,4.0,0.0,1.0,21.0,A01
201300048900,0,33,0,1.0,2.0,1.0,2.0,A01
201300048900,0,7,0,1.0,0.0,4.0,2.0,B01
201300048901,0,33,0,4.0,0.0,7.0,14.0,A01
201300048902,0,7,0,0.0,0.0,4.0,2.0,B01
201300048902,0,17,0,0.0,2.0,1.0,2.0,A01
201300048903,0,10,0,0.0,2.0,4.0,2.0,C01
201300048903,0,14,0,0.0,2.0,1.0,2.0,A01
201300048903,0,10,0,0.0,2.0,4.0,2.0,E01
201300048903,0,10,0,0.0,2.0,4.0,2.0,B01
201300048903,0,10,0,0.0,2.0,4.0,2.0,D01
201300048904,0,33,0,0.0,0.0,7.0,1.0,A01
201300048905,0,7,0,0.0,2.0,1.0,1.0,B01
201300048905,0,7,0,0.0,2.0,2.0,11.0,A01
201300048906,0,7,0,0.0,2.0,5.0,13.0,A01
201300048906,0,7,0,0.0,2.0,1.0,1.0,B01
201300048907,0,7,0,0.0,0.0,7.0,5.0,A01
201300048907,0,7,0,0.0,2.0,1.0,1.0,B01
201300048908,0,7,0,4.0,0.0,9.0,1.0,A01
201300048909,0,7,0,3.0,0.0,3.0,1.0,A01
201300048910,0,7,0,0.0,2.0,2.0,1.0,B01
201300048910,0,7,0,0.0,2.0,2.0,0.0,A01
201300048911,0,7,0,4.0,0.0,3.0,0.0,A01
201300048912,1,15,0,0.0,1.0,0.0,0.0,A01
201300048913,0,10,0,0.0,2.0,1.0,1.0,A01
201300048913,0,7,0,0.0,0.0,4.0,1.0,B01
201300048914,0,7,0,7.0,0.0,1.0,1.0,A01
201300048915,0,7,0,0.0,1.0,1.0,0.0,B01
201300048915,1,13,0,0.0,1.0,4.0,4.0,Z01
201300048916,0,7,0,0.0,2.0,4.0,2.0,B01
201300048916,0,7,0,0.0,2.0,1.0,2.0,A01
201300048917,0,14,0,0.0,2.0,4.0,4.0,A01
201300048917,0,37,15,0.0,2.0,3.0,23.0,B01
201300048918,0,1,0,0.0,2.0,1.0,1.0,B01
201300048918,0,14,0,0.0,2.0,6.0,1.0,A01
201300048919,0,33,0,0.0,2.0,1.0,1.0,B01
201300048919,1,7,0,0.0,2.0,1.0,5.0,Z01
201300048920,0,7,0,0.0,2.0,3.0,10.0,A01
201300048920,0,33,0,0.0,2.0,1.0,1.0,B01
201300048921,0,33,0,0.0,2.0,2.0,17.0,A01
201300048921,0,7,0,0.0,2.0,8.0,15.0,B01
201300048922,0,7,0,0.0,2.0,3.0,1.0,A01
201300048922,0,7,0,0.0,2.0,1.0,1.0,B01
201300048923,0,7,0,0.0,1.0,2.0,1.0,A01
201300048924,0,10,0,0.0,2.0,8.0,1.0,B01
201300048924,0,7,0,0.0,2.0,1.0,19.0,A01
201300048925,0,7,0,0.0,1.0,1.0,15.0,A01
201300048926,0,7,0,0.0,2.0,3.0,1.0,B01
201300048926,0,7,0,0.0,2.0,2.0,1.0,A01
201300048927,0,7,0,1.0,2.0,8.0,1.0,B01
201300048927,0,7,0,0.0,2.0,1.0,1.0,A01
201300048928,0,30,0,0.0,0.0,0.0,0.0,A01
201300048929,0,7,0,0.0,2.0,8.0,1.0,B01
201300048929,0,7,0,0.0,2.0,1.0,1.0,A01
201300048930,0,10,0,0.0,1.0,1.0,1.0,A01
201300048931,1,7,0,0.0,1.0,1.0,16.0,Z01
201300048932,0,30,0,0.0,2.0,1.0,1.0,B01
201300048932,0,7,0,0.0,2.0,8.0,15.0,A01
201300048933,0,7,0,8.0,0.0,1.0,0.0,A01
201300048934,0,7,0,0.0,2.0,2.0,1.0,B01
201300048934,0,7,0,0.0,2.0,1.0,1.0,A01
201300048935,0,7,0,0.0,2.0,3.0,2.0,A01
201300048935,0,7,0,0.0,2.0,5.0,15.0,B01
201300048936,0,7,0,0.0,2.0,3.0,15.0,B01
201300048936,1,7,0,0.0,0.0,0.0,0.0,Z01
201300048937,0,10,0,0.0,1.0,1.0,15.0,A01
201300048938,0,2,0,0.0,0.0,0.0,0.0,A01
201300048939,0,7,0,0.0,1.0,1.0,1.0,A01
201300048940,0,7,0,0.0,2.0,2.0,15.0,A01
201300048940,0,30,0,0.0,2.0,1.0,16.0,B01
201300048941,0,7,0,0.0,2.0,2.0,16.0,B01
201300048941,0,30,0,0.0,2.0,3.0,18.0,A01
201300048942,0,7,0,0.0,1.0,1.0,1.0,A01
201300048943,0,7,0,0.0,1.0,0.0,1.0,A01
201300048944,0,7,0,0.0,2.0,1.0,1.0,A01
201300048944,0,7,0,9.0,2.0,7.0,1.0,B01
201300048945,0,7,0,0.0,2.0,1.0,1.0,A01
201300048945,0,7,0,8.0,2.0,3.0,1.0,B01
201300048946,0,30,0,0.0,0.0,0.0,0.0,A01
201300048947,0,40,60,0.0,1.0,1.0,1.0,A01
201300048948,0,7,0,0.0,2.0,1.0,1.0,B01
201300048948,0,7,0,0.0,2.0,1.0,15.0,A01
201300048949,0,7,0,0.0,1.0,1.0,16.0,A01
201300048950,0,7,0,0.0,2.0,6.0,8.0,A01
201300048950,0,33,0,0.0,2.0,1.0,3.0,B01
201300048950,0,7,0,0.0,2.0,7.0,1.0,C01
201300048951,0,30,0,0.0,2.0,7.0,21.0,B01
201300048951,0,7,0,0.0,2.0,8.0,16.0,A01
201300048952,0,10,0,0.0,2.0,7.0,9.0,A01
201300048952,0,32,0,0.0,2.0,1.0,1.0,B01
201300048953,0,7,0,0.0,2.0,8.0,2.0,A01
201300048953,0,33,0,0.0,2.0,7.0,2.0,B01
201300048954,0,7,0,0.0,2.0,2.0,2.0,A01
201300048954,0,31,0,0.0,2.0,9.0,2.0,B01
201300048955,0,7,0,0.0,2.0,3.0,0.0,B01
201300048955,0,33,0,0.0,2.0,1.0,0.0,A01
201300048956,0,7,0,0.0,2.0,4.0,2.0,B01
201300048956,0,37,25,0.0,2.0,1.0,2.0,A01
201300048957,0,7,0,0.0,2.0,8.0,1.0,B01
201300048957,0,30,0,0.0,2.0,2.0,1.0,A01
201300048958,0,7,0,0.0,2.0,4.0,2.0,B01
201300048958,0,7,0,0.0,2.0,1.0,2.0,A01
201300048959,0,7,0,0.0,2.0,1.0,2.0,A01
201300048959,0,7,0,0.0,2.0,4.0,2.0,B01
201300048960,0,7,0,0.0,2.0,5.0,9.0,A01
201300048960,0,7,0,0.0,2.0,3.0,21.0,B01
201300048961,0,7,0,0.0,2.0,2.0,15.0,A01
201300048961,0,32,0,0.0,2.0,1.0,1.0,B01
201300048962,0,7,0,0.0,2.0,2.0,1.0,B01
201300048962,0,7,0,0.0,2.0,1.0,1.0,A01
201300048962,0,7,0,0.0,2.0,8.0,1.0,C01
201300048963,0,7,0,8.0,0.0,2.0,1.0,A01
201300048964,0,7,0,0.0,2.0,3.0,1.0,B01
201300048964,0,10,0,0.0,2.0,2.0,1.0,A01
201300048965,0,1,0,0.0,2.0,1.0,1.0,A01
201300048965,0,7,0,0.0,2.0,5.0,20.0,B01
201300048966,0,10,0,0.0,0.0,0.0,23.0,B01
201300048966,0,30,0,0.0,0.0,0.0,17.0,A01
201300048967,0,7,0,0.0,2.0,5.0,15.0,A01
201300048967,0,33,0,0.0,2.0,1.0,1.0,B01
201300048968,0,10,0,0.0,2.0,1.0,1.0,B01
201300048968,0,7,0,0.0,2.0,3.0,7.0,A01
201300048969,0,37,2,0.0,2.0,3.0,7.0,B01
201300048969,1,7,0,0.0,9.0,7.0,16.0,A01
201300048970,0,30,0,0.0,2.0,0.0,1.0,B01
201300048970,0,7,0,0.0,2.0,3.0,15.0,A01
201300048971,0,33,0,0.0,2.0,3.0,7.0,A01
201300048971,0,7,0,0.0,2.0,5.0,16.0,B01
201300048972,0,7,0,0.0,1.0,1.0,15.0,A01
201300048973,0,7,0,0.0,2.0,2.0,16.0,A01
201300048973,0,1,0,0.0,2.0,1.0,0.0,B01
201300048974,0,10,0,0.0,2.0,1.0,2.0,A01
201300048974,0,13,0,0.0,2.0,4.0,2.0,B01
201300048975,0,33,0,0.0,0.0,7.0,1.0,A01
201300048976,0,30,0,0.0,2.0,8.0,1.0,A01
201300048976,0,7,0,0.0,2.0,1.0,1.0,B01
201300048977,0,7,0,0.0,2.0,1.0,19.0,A01
201300048977,0,7,0,0.0,2.0,2.0,19.0,B01
201300048978,0,1,0,0.0,2.0,8.0,1.0,A01
201300048978,0,7,0,0.0,2.0,2.0,1.0,B01
201300048979,0,32,0,0.0,2.0,1.0,1.0,A01
201300048979,0,7,0,0.0,2.0,6.0,2.0,B01
201300048980,0,7,0,0.0,2.0,3.0,10.0,A01
201300048980,0,33,0,0.0,2.0,7.0,17.0,B01
201300048981,0,7,0,0.0,2.0,6.0,15.0,B01
201300048981,0,30,0,0.0,2.0,1.0,17.0,A01
201300048982,0,31,0,0.0,2.0,0.0,1.0,B01
201300048982,0,7,0,0.0,2.0,0.0,1.0,A01
201300048983,0,7,0,0.0,2.0,5.0,1.0,B01
201300048983,0,7,0,0.0,2.0,1.0,16.0,A01
201300048984,0,1,0,0.0,1.0,1.0,1.0,A01
201300048985,0,1,0,0.0,0.0,0.0,21.0,B01
201300048985,0,7,0,0.0,0.0,0.0,23.0,A01
201300048986,0,7,0,0.0,1.0,3.0,17.0,A01
201300048987,0,10,0,0.0,2.0,2.0,2.0,A01
201300048987,0,33,0,0.0,2.0,4.0,2.0,B01
201300048988,0,7,0,0.0,2.0,2.0,15.0,A01
201300048988,0,32,0,0.0,2.0,1.0,1.0,B01
201300048989,0,7,0,0.0,1.0,1.0,2.0,A01
201300048990,0,7,0,15.0,0.0,3.0,0.0,A01
201300048991,0,7,0,0.0,2.0,3.0,0.0,A01
201300048991,0,31,0,0.0,2.0,1.0,1.0,B01
201300048992,0,7,0,0.0,1.0,1.0,1.0,A01
201300048993,0,40,40,0.0,9.0,2.0,1.0,B01
201300048993,0,1,0,0.0,4.0,9.0,1.0,A01
201300048994,0,7,0,1.0,0.0,1.0,13.0,A01
201300048995,0,7,0,4.0,2.0,1.0,1.0,B01
201300048995,1,7,0,0.0,2.0,0.0,2.0,Z01
201300048996,0,7,0,0.0,2.0,8.0,1.0,A01
201300048996,0,7,0,0.0,2.0,7.0,1.0,B01
201300048997,0,3,0,0.0,0.0,8.0,1.0,A01
201300048998,0,34,0,14.0,0.0,1.0,1.0,A01
201300048999,0,7,0,0.0,1.0,5.0,4.0,A01
201300049000,0,7,0,0.0,1.0,3.0,1.0,A01
201300049001,0,7,0,0.0,2.0,1.0,1.0,A01
201300049001,0,1,0,0.0,2.0,7.0,1.0,B01
201300049002,0,7,0,0.0,2.0,4.0,23.0,B01
201300049002,0,7,0,0.0,2.0,4.0,23.0,C01
201300049002,0,7,0,0.0,2.0,1.0,2.0,A01
201300049003,0,7,0,0.0,2.0,1.0,1.0,A01
201300049003,0,33,0,0.0,2.0,8.0,1.0,B01
201300049004,1,7,0,0.0,1.0,2.0,0.0,Z01
201300049005,0,7,0,0.0,2.0,1.0,2.0,A01
201300049005,0,7,0,0.0,2.0,4.0,1.0,B01
201300049006,0,33,0,0.0,2.0,1.0,1.0,B01
201300049006,0,1,0,0.0,2.0,7.0,19.0,A01
201300049007,0,7,0,0.0,2.0,3.0,19.0,B01
201300049007,0,34,0,0.0,2.0,7.0,15.0,A01
201300049008,0,1,0,0.0,2.0,7.0,1.0,B01
201300049008,0,7,0,0.0,2.0,1.0,1.0,A01
201300049009,0,7,0,0.0,2.0,2.0,1.0,B01
201300049009,0,7,0,0.0,2.0,5.0,10.0,A01
201300049010,0,7,0,0.0,9.0,1.0,1.0,A01
201300049010,0,1,0,0.0,2.0,7.0,1.0,B01
201300049011,0,7,0,0.0,2.0,8.0,1.0,B01
201300049011,0,7,0,0.0,2.0,1.0,15.0,A01
201300049012,0,7,0,0.0,2.0,2.0,15.0,B01
201300049012,0,33,0,0.0,2.0,1.0,1.0,A01
201300049013,0,32,0,0.0,2.0,1.0,1.0,B01
201300049013,0,7,0,0.0,2.0,7.0,10.0,A01
201300049014,0,7,0,0.0,2.0,1.0,1.0,B01
201300049014,0,1,0,0.0,2.0,7.0,19.0,A01
201300049015,1,7,0,0.0,2.0,1.0,1.0,Z01
201300049015,0,7,0,1.0,2.0,8.0,1.0,A01
201300049016,0,7,0,0.0,2.0,1.0,2.0,A01
201300049016,0,7,0,0.0,2.0,4.0,2.0,B01
201300049017,0,7,0,0.0,2.0,6.0,15.0,B01
201300049017,0,33,0,0.0,2.0,0.0,2.0,A01
201300049018,1,7,0,0.0,1.0,1.0,1.0,Z01
201300049019,0,7,0,0.0,2.0,4.0,23.0,A01
201300049019,1,7,0,0.0,2.0,1.0,2.0,Z01
201300049020,0,7,0,0.0,1.0,2.0,8.0,A01
201300049021,0,1,0,0.0,2.0,1.0,13.0,A01
201300049021,0,1,0,0.0,2.0,1.0,1.0,B01
201300049022,0,7,0,0.0,1.0,0.0,1.0,A01
201300049023,1,7,0,0.0,1.0,1.0,1.0,Z01
201300049024,0,7,0,0.0,2.0,1.0,1.0,A01
201300049024,0,1,0,0.0,2.0,4.0,2.0,B01
201300049025,0,7,0,0.0,1.0,1.0,16.0,A01
201300049026,0,7,0,0.0,1.0,1.0,1.0,A01
201300049027,0,7,0,0.0,1.0,1.0,1.0,A01
201300049028,0,7,0,0.0,1.0,2.0,1.0,A01
201300049029,0,7,0,0.0,2.0,1.0,2.0,A01
201300049029,0,7,0,0.0,0.0,4.0,2.0,B01
201300049030,0,37,35,0.0,1.0,2.0,1.0,A01
201300049031,0,7,0,0.0,1.0,2.0,15.0,A01
201300049032,2,7,0,0.0,2.0,1.0,15.0,A01
201300049032,0,7,0,0.0,4.0,2.0,1.0,B01
201300049033,0,30,0,0.0,1.0,1.0,2.0,A01
201300049034,0,7,0,0.0,0.0,4.0,2.0,B01
201300049034,0,7,0,0.0,0.0,1.0,2.0,A01
201300049035,0,37,15,0.0,1.0,7.0,1.0,A01
201300049036,0,7,0,0.0,2.0,3.0,1.0,B01
201300049036,0,1,0,0.0,2.0,7.0,1.0,A01
201300049037,0,7,0,0.0,2.0,3.0,15.0,A01
201300049037,0,10,0,0.0,2.0,2.0,1.0,B01
201300049038,0,7,0,0.0,2.0,2.0,15.0,A01
201300049038,0,7,0,0.0,2.0,1.0,1.0,B01
201300049039,0,40,0,0.0,1.0,2.0,1.0,A01
201300049040,0,30,0,0.0,2.0,4.0,15.0,B01
201300049040,0,7,0,0.0,2.0,1.0,2.0,A01
201300049041,0,7,0,0.0,2.0,6.0,1.0,B01
201300049041,0,32,0,0.0,2.0,1.0,1.0,A01
201300049042,0,7,0,7.0,1.0,0.0,15.0,A01
201300049043,0,7,0,0.0,2.0,4.0,24.0,C01
201300049043,0,30,0,1.0,2.0,1.0,1.0,B01
201300049043,0,7,0,0.0,2.0,8.0,20.0,A01
201300049044,0,1,0,0.0,2.0,7.0,1.0,B01
201300049044,0,7,0,0.0,2.0,1.0,5.0,A01
201300049045,0,7,0,0.0,2.0,2.0,15.0,A01
201300049045,0,33,0,0.0,2.0,1.0,2.0,B01
201300049046,0,7,0,0.0,2.0,4.0,2.0,C01
201300049046,0,7,0,0.0,2.0,4.0,2.0,B01
201300049046,0,7,0,0.0,2.0,1.0,2.0,A01
201300049047,0,7,0,0.0,2.0,1.0,1.0,A01
201300049047,0,7,0,0.0,2.0,7.0,10.0,B01
201300049048,0,7,0,0.0,2.0,7.0,1.0,A01
201300049048,0,37,1,0.0,2.0,1.0,1.0,B01
201300049049,0,7,0,0.0,2.0,1.0,2.0,A01
201300049049,0,7,0,0.0,2.0,4.0,2.0,B01
201300049050,0,20,0,0.0,1.0,1.0,1.0,A01
201300049051,0,7,0,0.0,2.0,1.0,1.0,A01
201300049051,0,7,0,0.0,0.0,0.0,1.0,C01
201300049051,0,7,0,1.0,2.0,1.0,1.0,B01
201300049052,0,7,0,0.0,2.0,1.0,1.0,A01
201300049052,0,7,0,0.0,2.0,5.0,1.0,B01
201300049053,0,1,0,0.0,2.0,8.0,15.0,B01
201300049053,0,7,0,0.0,0.0,1.0,15.0,A01
201300049054,0,1,0,1.0,0.0,1.0,1.0,B01
201300049054,2,7,0,0.0,2.0,3.0,22.0,A01
201300049055,0,7,0,0.0,2.0,3.0,10.0,B01
201300049055,0,31,0,0.0,2.0,2.0,1.0,A01
201300049056,0,7,0,0.0,2.0,2.0,9.0,B01
201300049056,0,1,0,0.0,2.0,1.0,1.0,A01
201300049057,0,7,0,0.0,2.0,2.0,1.0,B01
201300049057,0,7,0,0.0,2.0,1.0,15.0,A01
201300049058,0,7,0,0.0,1.0,1.0,1.0,A01
201300049059,0,7,0,0.0,1.0,1.0,20.0,A01
201300049060,0,7,0,0.0,2.0,3.0,1.0,A01
201300049061,0,7,0,0.0,2.0,7.0,1.0,B01
201300049061,0,7,0,0.0,0.0,0.0,0.0,A01
201300049062,0,7,0,0.0,2.0,6.0,15.0,A01
201300049062,0,7,0,0.0,2.0,3.0,1.0,B01
201300049063,0,7,0,0.0,2.0,1.0,15.0,B01
201300049063,0,7,0,0.0,2.0,1.0,1.0,A01
201300049064,0,7,0,0.0,1.0,4.0,4.0,A01
201300049065,0,7,0,0.0,2.0,4.0,2.0,D01
201300049065,0,7,0,0.0,2.0,4.0,2.0,B01
201300049065,0,99,0,0.0,2.0,1.0,2.0,A01
201300049065,0,7,0,0.0,2.0,4.0,2.0,C01
201300049066,0,7,0,0.0,1.0,3.0,1.0,A01
201300049067,0,7,0,0.0,2.0,3.0,15.0,B01
201300049067,0,33,0,0.0,2.0,1.0,1.0,C01
201300049067,0,33,0,0.0,2.0,1.0,1.0,A01
201300049068,0,7,0,0.0,1.0,1.0,1.0,A01
201300049069,0,7,0,0.0,1.0,1.0,2.0,B01
201300049070,0,1,0,0.0,2.0,1.0,2.0,B01
201300049070,0,7,0,0.0,2.0,6.0,9.0,A01
201300049071,0,14,0,8.0,2.0,3.0,15.0,A01
201300049071,0,37,25,8.0,2.0,2.0,1.0,B01
201300049072,0,33,0,0.0,2.0,0.0,0.0,A01
201300049072,0,33,0,0.0,2.0,0.0,0.0,B01
201300049073,0,40,50,0.0,1.0,7.0,1.0,A01
201300049074,0,7,0,0.0,9.0,1.0,1.0,A01
201300049074,0,1,0,0.0,2.0,8.0,1.0,Y01
201300049075,0,1,0,0.0,0.0,0.0,0.0,B01
201300049075,0,7,0,0.0,2.0,3.0,15.0,A01
201300049076,0,7,0,0.0,2.0,2.0,15.0,A01
201300049076,0,38,1,0.0,2.0,1.0,1.0,B01
201300049076,0,7,0,0.0,2.0,5.0,1.0,C01
201300049077,0,7,0,0.0,2.0,7.0,1.0,B01
201300049077,0,7,0,0.0,2.0,3.0,15.0,A01
201300049078,2,7,0,1.0,2.0,1.0,2.0,A01
201300049078,0,7,0,1.0,2.0,4.0,2.0,B01
201300049079,0,7,0,0.0,1.0,6.0,4.0,A01
201300049080,0,37,15,12.0,2.0,3.0,1.0,B01
201300049080,0,7,0,0.0,2.0,1.0,15.0,A01
201300049080,0,7,0,0.0,2.0,5.0,1.0,C01
201300049081,0,7,0,0.0,2.0,4.0,23.0,B01
201300049081,0,32,0,0.0,2.0,1.0,1.0,A01
201300049082,0,7,0,0.0,2.0,8.0,1.0,A01
201300049082,0,7,0,0.0,2.0,2.0,1.0,B01
201300049083,0,31,0,0.0,2.0,8.0,2.0,B01
201300049083,1,7,0,0.0,0.0,0.0,0.0,Z01
201300049084,0,7,0,0.0,2.0,6.0,1.0,A01
201300049084,1,7,0,0.0,2.0,1.0,15.0,Z01
201300049085,0,7,0,0.0,1.0,7.0,1.0,A01
201300049086,0,33,0,0.0,0.0,0.0,21.0,B01
201300049086,0,37,1,0.0,0.0,0.0,16.0,A01
201300049087,0,10,0,0.0,1.0,1.0,15.0,A01
201300049088,0,7,0,8.0,2.0,1.0,1.0,B01
201300049088,0,7,0,8.0,2.0,1.0,15.0,A01
201300049089,0,33,0,0.0,2.0,1.0,2.0,A01
201300049089,0,14,0,0.0,2.0,6.0,23.0,B01
201300049090,0,7,0,0.0,2.0,4.0,23.0,C01
201300049090,0,7,0,0.0,2.0,1.0,1.0,A01
201300049090,0,7,0,0.0,2.0,4.0,23.0,B01
201300049091,0,7,0,0.0,2.0,0.0,12.0,A01
201300049091,0,7,0,0.0,2.0,5.0,23.0,B01
201300049091,0,7,0,0.0,2.0,7.0,2.0,C01
201300049092,0,7,0,15.0,1.0,5.0,4.0,A01
201300049093,1,32,0,12.0,0.0,0.0,0.0,A01
201300049094,0,7,0,0.0,2.0,1.0,16.0,A01
201300049094,0,7,0,0.0,1.0,4.0,2.0,B01
201300049095,0,7,0,0.0,2.0,6.0,1.0,A01
201300049095,0,7,0,0.0,2.0,1.0,1.0,B01
201300049096,0,7,0,0.0,2.0,1.0,1.0,A01
201300049096,0,33,0,6.0,2.0,5.0,1.0,B01
201300049097,0,7,0,0.0,2.0,2.0,1.0,B01
201300049097,0,30,0,0.0,2.0,1.0,1.0,A01
201300049098,0,7,0,8.0,2.0,2.0,1.0,A01
201300049098,0,7,0,8.0,2.0,3.0,1.0,B01
201300049099,0,10,0,0.0,1.0,4.0,4.0,A01
201300049100,0,7,0,0.0,2.0,1.0,1.0,A01
201300049100,0,7,0,0.0,2.0,1.0,1.0,B01
201300049101,0,7,0,0.0,2.0,3.0,2.0,A01
201300049101,0,7,0,0.0,2.0,1.0,1.0,B01
201300049102,0,1,0,0.0,2.0,0.0,1.0,B01
201300049102,1,30,0,0.0,2.0,0.0,0.0,Z01
201300049103,0,10,0,0.0,2.0,4.0,23.0,B01
201300049103,0,7,0,0.0,2.0,1.0,2.0,A01
201300049104,0,7,0,0.0,2.0,1.0,15.0,B01
201300049104,0,1,0,0.0,2.0,7.0,2.0,A01
201300049105,0,7,0,0.0,2.0,3.0,15.0,A01
201300049105,0,33,0,0.0,2.0,8.0,2.0,B01
201300049106,0,10,0,0.0,2.0,2.0,15.0,A01
201300049106,0,7,0,0.0,2.0,3.0,1.0,B01
201300049107,0,7,0,0.0,2.0,3.0,1.0,B01
201300049107,0,2,0,0.0,2.0,1.0,19.0,A01
201300049108,0,7,0,0.0,2.0,5.0,1.0,B01
201300049108,0,7,0,0.0,2.0,1.0,2.0,A01
201300049109,0,1,0,0.0,2.0,1.0,2.0,B01
201300049109,0,7,0,0.0,2.0,5.0,16.0,A01
201300049110,0,30,0,0.0,2.0,9.0,1.0,B01
201300049110,0,7,0,0.0,2.0,1.0,5.0,A01
201300049111,0,1,0,0.0,2.0,1.0,1.0,B01
201300049111,0,7,0,0.0,2.0,2.0,15.0,A01