Num_Acc,senc,catv,occutc,obs,obsm,choc,manv,num_veh
201300049112,0,7,0,0.0,2.0,1.0,2.0,A01
201300049112,0,7,0,0.0,2.0,4.0,2.0,B01
201300049113,0,31,0,0.0,2.0,7.0,15.0,B01
201300049113,0,7,0,0.0,2.0,8.0,15.0,A01
201300049114,0,7,0,0.0,1.0,1.0,15.0,A01
201300049115,0,40,40,0.0,1.0,2.0,1.0,A01
201300049116,0,7,0,0.0,2.0,3.0,24.0,A01
201300049116,0,1,0,1.0,0.0,1.0,2.0,B01
201300049117,0,7,0,0.0,9.0,7.0,16.0,B01
201300049117,0,1,0,0.0,2.0,1.0,19.0,A01
201300049118,0,7,0,0.0,1.0,2.0,1.0,Z01
201300049119,0,7,0,0.0,2.0,2.0,1.0,B01
201300049119,0,7,0,0.0,1.0,1.0,15.0,A01
201300049120,0,7,0,0.0,1.0,1.0,15.0,A01
201300049121,0,7,0,0.0,2.0,5.0,2.0,B01
201300049121,0,30,0,0.0,2.0,1.0,2.0,A01
201300049122,0,32,0,0.0,2.0,7.0,17.0,B01
201300049122,0,7,0,0.0,2.0,3.0,9.0,A01
201300049123,0,1,0,0.0,2.0,0.0,16.0,B01
201300049123,0,7,0,0.0,2.0,7.0,16.0,A01
201300049124,0,7,0,0.0,2.0,3.0,15.0,B01
201300049124,0,33,0,0.0,2.0,2.0,1.0,A01
201300049125,0,7,0,0.0,2.0,7.0,10.0,A01
201300049125,0,33,0,0.0,2.0,1.0,1.0,B01
201300049126,0,7,0,0.0,2.0,1.0,2.0,A01
201300049126,0,7,0,0.0,2.0,4.0,1.0,C01
201300049126,0,7,0,0.0,2.0,4.0,1.0,B01
201300049127,0,7,0,0.0,2.0,8.0,15.0,B01
201300049127,0,30,0,0.0,2.0,1.0,1.0,A01
201300049128,0,7,0,0.0,2.0,7.0,1.0,B01
201300049128,0,33,0,0.0,2.0,8.0,3.0,A01
201300049129,0,7,0,0.0,2.0,3.0,15.0,A01
201300049129,0,33,0,0.0,2.0,7.0,2.0,B01
201300049130,0,7,0,0.0,1.0,5.0,4.0,A01
201300049131,0,7,0,0.0,2.0,8.0,22.0,A01
201300049131,0,1,0,1.0,0.0,1.0,1.0,B01
201300049132,0,33,0,0.0,2.0,1.0,0.0,B01
201300049132,0,1,0,0.0,2.0,8.0,0.0,A01
201300049133,0,7,0,0.0,1.0,7.0,1.0,A01
201300049134,0,10,0,0.0,1.0,2.0,2.0,A01
201300049135,0,7,0,0.0,1.0,1.0,1.0,A01
201300049136,0,7,0,0.0,1.0,1.0,2.0,B01
201300049136,0,7,0,0.0,2.0,2.0,1.0,C01
201300049136,0,7,0,0.0,2.0,3.0,15.0,A01
201300049137,0,2,0,0.0,2.0,1.0,1.0,A01
201300049137,1,7,0,0.0,2.0,2.0,15.0,Z01
201300049138,0,7,0,0.0,2.0,1.0,15.0,A01
201300049138,0,1,0,0.0,0.0,0.0,13.0,B01
201300049139,0,33,0,0.0,0.0,0.0,0.0,A01
201300049140,0,7,0,0.0,1.0,1.0,1.0,A01
201300049141,0,7,0,0.0,2.0,2.0,20.0,A01
201300049141,0,7,0,0.0,2.0,3.0,1.0,B01
201300049142,0,7,0,0.0,2.0,1.0,15.0,A01
201300049142,0,33,0,0.0,2.0,7.0,1.0,B01
201300049143,0,7,0,0.0,2.0,2.0,15.0,B01
201300049143,1,1,0,0.0,2.0,1.0,1.0,A01
201300049144,0,7,0,0.0,2.0,3.0,2.0,B01
201300049144,0,33,0,0.0,2.0,2.0,17.0,A01
201300049145,0,7,0,6.0,2.0,1.0,15.0,A01
201300049146,0,30,0,0.0,2.0,1.0,1.0,A01
201300049146,0,7,0,0.0,2.0,8.0,15.0,B01
201300049147,0,40,60,0.0,2.0,2.0,1.0,B01
201300049147,0,7,0,0.0,2.0,3.0,10.0,A01
201300049148,0,31,0,0.0,2.0,1.0,1.0,A01
201300049148,0,7,0,0.0,2.0,7.0,15.0,B01
201300049149,0,7,0,0.0,2.0,3.0,1.0,B01
201300049150,0,7,0,12.0,1.0,1.0,1.0,A01
201300049151,0,40,1,0.0,1.0,2.0,1.0,A01
201300049152,0,10,0,0.0,2.0,6.0,10.0,A01
201300049152,0,30,0,0.0,2.0,1.0,2.0,B01
201300049153,0,7,0,0.0,1.0,3.0,1.0,A01
201300049154,0,33,0,0.0,2.0,2.0,17.0,B01
201300049154,0,7,0,0.0,2.0,3.0,10.0,A01
201300049155,0,7,0,9.0,2.0,6.0,1.0,A01
201300049155,0,7,0,0.0,2.0,1.0,1.0,B01
201300049156,0,37,10,0.0,1.0,1.0,1.0,A01
201300049157,0,7,0,0.0,1.0,4.0,4.0,A01
201300049158,0,7,0,0.0,1.0,1.0,1.0,A01
201300049159,0,10,0,0.0,2.0,1.0,1.0,B01
201300049159,0,7,0,0.0,2.0,7.0,1.0,A01
201300049160,0,7,0,0.0,2.0,1.0,19.0,B01
201300049160,0,7,0,0.0,2.0,8.0,19.0,A01
201300049161,0,40,50,0.0,2.0,1.0,1.0,B01
201300049161,0,7,0,0.0,4.0,8.0,15.0,A01
201300049162,0,7,0,0.0,1.0,1.0,1.0,A01
201300049163,0,7,0,0.0,1.0,3.0,2.0,A01
201300049164,0,7,0,0.0,0.0,0.0,10.0,A01
201300049164,0,32,0,0.0,0.0,0.0,21.0,B01
201300049165,0,7,0,4.0,0.0,7.0,0.0,A01
201300049166,0,14,0,1.0,0.0,2.0,2.0,A01
201300049166,0,7,0,0.0,0.0,6.0,2.0,B01
201300049167,0,7,0,4.0,0.0,1.0,19.0,A01
201300049168,0,7,0,0.0,0.0,4.0,2.0,B01
201300049168,0,33,0,0.0,2.0,1.0,2.0,A01
201300049168,0,10,0,0.0,0.0,0.0,2.0,C01
201300049169,0,7,0,5.0,0.0,1.0,14.0,A01
201300049169,0,7,0,0.0,2.0,1.0,2.0,B01
201300049169,0,7,0,0.0,2.0,7.0,0.0,C01
201300049170,0,17,0,5.0,2.0,2.0,2.0,B01
201300049170,0,7,0,3.0,0.0,2.0,1.0,A01
201300049171,0,7,0,3.0,0.0,0.0,2.0,A01
201300049172,0,7,0,4.0,0.0,3.0,1.0,A01
201300049173,1,99,0,0.0,0.0,0.0,12.0,Z01
201300049173,0,17,0,4.0,0.0,3.0,1.0,A01
201300049174,0,7,0,11.0,0.0,3.0,1.0,A01
201300049175,0,7,0,0.0,2.0,1.0,2.0,A01
201300049175,0,7,0,0.0,0.0,4.0,2.0,B01
201300049176,0,7,0,0.0,0.0,6.0,1.0,A01
201300049176,0,14,0,0.0,2.0,2.0,2.0,B01
201300049177,0,7,0,14.0,0.0,3.0,21.0,B01
201300049177,0,7,0,4.0,0.0,3.0,0.0,A01
201300049177,1,7,0,0.0,0.0,0.0,0.0,Z01
201300049178,0,7,0,0.0,0.0,4.0,2.0,B01
201300049178,0,7,0,0.0,2.0,1.0,2.0,A01
201300049179,0,7,0,0.0,2.0,3.0,14.0,B01
201300049179,0,7,0,0.0,2.0,3.0,5.0,A01
201300049180,0,7,0,3.0,2.0,6.0,2.0,B01
201300049180,0,17,0,0.0,2.0,2.0,13.0,A01
201300049181,0,7,0,4.0,0.0,3.0,0.0,A01
201300049182,0,7,0,3.0,0.0,3.0,21.0,B01
201300049182,0,15,0,0.0,0.0,0.0,1.0,A01
201300049183,0,7,0,0.0,2.0,1.0,2.0,A01
201300049183,0,7,0,0.0,0.0,4.0,1.0,B01
201300049184,0,7,0,4.0,2.0,3.0,1.0,B01
201300049184,0,14,0,0.0,2.0,5.0,17.0,A01
201300049185,0,33,0,0.0,0.0,7.0,2.0,A01
201300049186,0,10,0,0.0,2.0,2.0,12.0,A01
201300049186,0,15,0,0.0,0.0,6.0,1.0,B01
201300049187,0,7,0,0.0,0.0,4.0,0.0,B01
201300049187,0,7,0,0.0,2.0,1.0,2.0,A01
201300049188,0,7,0,4.0,0.0,9.0,12.0,A01
201300049188,1,7,0,0.0,0.0,0.0,9.0,Z01
201300049189,0,17,0,0.0,2.0,2.0,1.0,B01
201300049189,0,7,0,4.0,0.0,3.0,1.0,A01
201300049190,0,7,0,3.0,0.0,3.0,1.0,A01
201300049191,0,7,0,4.0,2.0,6.0,11.0,A01
201300049191,0,7,0,0.0,2.0,2.0,2.0,B01
201300049192,0,7,0,0.0,2.0,1.0,1.0,B01
201300049192,0,7,0,0.0,2.0,2.0,9.0,A01
201300049193,0,7,0,0.0,2.0,1.0,5.0,A01
201300049193,0,7,0,0.0,2.0,1.0,1.0,B01
201300049194,0,7,0,0.0,2.0,7.0,17.0,B01
201300049194,0,33,0,0.0,2.0,8.0,3.0,A01
201300049195,0,10,0,4.0,0.0,2.0,1.0,A01
201300049196,0,37,25,0.0,2.0,1.0,2.0,A01
201300049196,0,7,0,0.0,0.0,4.0,23.0,B01
201300049197,0,7,0,0.0,2.0,8.0,1.0,B01
201300049197,0,7,0,3.0,2.0,7.0,14.0,A01
201300049198,0,10,0,0.0,2.0,4.0,23.0,B01
201300049198,0,10,0,0.0,2.0,1.0,2.0,A01
201300049199,0,7,0,0.0,0.0,4.0,2.0,B01
201300049199,0,7,0,0.0,2.0,1.0,2.0,A01
201300049200,0,7,0,4.0,0.0,1.0,1.0,A01
201300049201,0,7,0,0.0,2.0,1.0,5.0,A01
201300049201,0,7,0,0.0,9.0,3.0,1.0,E01
201300049201,0,7,0,0.0,2.0,1.0,1.0,B01
201300049201,0,7,0,0.0,9.0,1.0,21.0,F02
201300049201,0,7,0,0.0,2.0,3.0,1.0,C01
201300049201,0,7,0,0.0,2.0,8.0,1.0,D01
201300049202,0,7,0,0.0,2.0,1.0,2.0,A01
201300049202,0,7,0,0.0,2.0,3.0,2.0,B01
201300049203,0,33,0,0.0,9.0,1.0,12.0,A01
201300049204,0,10,0,5.0,0.0,9.0,0.0,A01
201300049204,1,99,0,0.0,2.0,2.0,0.0,Z01
201300049205,0,7,0,0.0,2.0,7.0,1.0,A01
201300049205,1,7,0,0.0,2.0,3.0,9.0,X01
201300049206,0,32,0,0.0,9.0,7.0,17.0,A01
201300049207,0,7,0,0.0,2.0,8.0,21.0,A01
201300049207,0,7,0,0.0,2.0,5.0,2.0,C01
201300049207,0,10,0,0.0,0.0,4.0,23.0,B01
201300049207,0,7,0,0.0,9.0,8.0,0.0,D01
201300049208,0,7,0,4.0,2.0,6.0,11.0,A01
201300049208,0,17,0,0.0,2.0,3.0,12.0,B01
201300049209,0,7,0,4.0,0.0,1.0,1.0,A01
201300049210,0,7,0,0.0,0.0,0.0,0.0,C01
201300049210,0,7,0,4.0,2.0,4.0,1.0,B01
201300049210,0,7,0,4.0,2.0,1.0,11.0,A01
201300049211,0,7,0,14.0,0.0,1.0,2.0,A01
201300049211,0,7,0,14.0,0.0,4.0,2.0,B01
201300049211,0,7,0,0.0,0.0,4.0,2.0,C01
201300049212,0,7,0,4.0,0.0,3.0,17.0,A01
201300049213,0,7,0,0.0,2.0,8.0,1.0,B01
201300049213,0,7,0,4.0,2.0,2.0,15.0,A01
201300049214,0,7,0,0.0,2.0,3.0,2.0,A01
201300049214,0,7,0,0.0,0.0,5.0,2.0,B01
201300049215,0,7,0,0.0,2.0,5.0,1.0,B01
201300049215,1,7,0,0.0,2.0,3.0,14.0,A01
201300049216,0,7,0,15.0,0.0,1.0,9.0,A01
201300049217,0,7,0,0.0,2.0,1.0,1.0,A01
201300049217,0,7,0,0.0,0.0,4.0,1.0,B01
201300049218,0,7,0,4.0,2.0,1.0,21.0,A01
201300049218,0,7,0,0.0,2.0,1.0,1.0,B01
201300049219,0,7,0,3.0,0.0,8.0,0.0,A01
201300049220,0,7,0,4.0,0.0,1.0,1.0,A01
201300049221,0,7,0,0.0,2.0,1.0,9.0,A01
201300049221,0,7,0,0.0,2.0,1.0,9.0,B01
201300049221,0,7,0,0.0,0.0,4.0,1.0,C01
201300049222,0,7,0,0.0,2.0,3.0,2.0,A01
201300049222,0,7,0,0.0,2.0,5.0,2.0,B01
201300049222,0,7,0,0.0,0.0,4.0,2.0,C01
201300049223,0,7,0,4.0,0.0,1.0,1.0,A01
201300049224,0,7,0,0.0,2.0,4.0,2.0,B01
201300049224,0,7,0,0.0,2.0,4.0,2.0,C01
201300049224,0,7,0,0.0,2.0,1.0,2.0,A01
201300049225,0,7,0,0.0,0.0,0.0,1.0,A01
201300049226,0,33,0,0.0,0.0,7.0,0.0,A01
201300049227,0,7,0,0.0,2.0,1.0,2.0,A01
201300049227,0,10,0,0.0,0.0,6.0,2.0,B01
201300049228,0,7,0,0.0,0.0,4.0,1.0,B01
201300049228,0,7,0,0.0,2.0,1.0,2.0,A01
201300049229,0,7,0,0.0,2.0,1.0,2.0,A01
201300049229,0,15,0,0.0,2.0,4.0,2.0,B01
201300049230,0,7,0,3.0,0.0,1.0,1.0,A01
201300049231,0,7,0,4.0,0.0,3.0,1.0,A01
201300049232,0,7,0,0.0,0.0,0.0,0.0,A01
201300049233,0,7,0,4.0,2.0,3.0,17.0,A01
201300049233,0,17,0,0.0,2.0,8.0,1.0,B01
201300049234,0,10,0,0.0,0.0,1.0,2.0,A01
201300049234,0,7,0,0.0,0.0,4.0,2.0,B01
201300049235,0,7,0,0.0,2.0,8.0,13.0,A01
201300049235,0,7,0,3.0,2.0,1.0,13.0,B01
201300049236,0,7,0,4.0,2.0,6.0,1.0,B01
201300049236,0,15,0,0.0,2.0,2.0,12.0,A01
201300049237,0,10,0,0.0,2.0,6.0,1.0,B01
201300049237,0,10,0,0.0,2.0,8.0,2.0,C01
201300049237,0,7,0,4.0,2.0,2.0,1.0,A01
201300049238,0,7,0,0.0,2.0,1.0,14.0,B01
201300049238,0,7,0,0.0,2.0,4.0,1.0,A01
201300049239,0,17,0,3.0,2.0,1.0,17.0,A01
201300049239,0,7,0,3.0,2.0,1.0,21.0,B01
201300049240,0,7,0,0.0,0.0,2.0,14.0,A01
201300049240,0,7,0,0.0,2.0,8.0,1.0,B01
201300049241,0,7,0,4.0,0.0,1.0,1.0,A01
201300049242,0,10,0,4.0,0.0,1.0,9.0,A01
201300049243,0,7,0,4.0,0.0,3.0,12.0,A01
201300049244,0,17,0,4.0,0.0,1.0,20.0,A01
201300049245,1,99,0,0.0,2.0,2.0,0.0,Z01
201300049245,0,7,0,0.0,2.0,1.0,2.0,A01
201300049246,0,7,0,4.0,0.0,3.0,21.0,A01
201300049247,0,7,0,0.0,2.0,2.0,1.0,B01
201300049247,0,7,0,14.0,2.0,2.0,13.0,A01
201300049248,0,7,0,0.0,2.0,1.0,0.0,A01
201300049248,0,7,0,0.0,2.0,4.0,0.0,B01
201300049249,0,10,0,0.0,0.0,2.0,1.0,A01
201300049250,0,7,0,4.0,0.0,1.0,2.0,A01
201300049251,0,2,0,12.0,0.0,1.0,15.0,A01
201300049252,0,7,0,0.0,2.0,1.0,2.0,A01
201300049252,0,7,0,0.0,2.0,2.0,1.0,C01
201300049252,0,7,0,0.0,2.0,4.0,2.0,B01
201300049253,0,7,0,0.0,2.0,1.0,1.0,A01
201300049253,0,7,0,0.0,2.0,4.0,1.0,B01
201300049253,0,7,0,0.0,0.0,4.0,1.0,C01
201300049254,0,7,0,0.0,9.0,6.0,1.0,B01
201300049254,0,15,0,0.0,2.0,2.0,12.0,A01
201300049255,0,7,0,4.0,0.0,3.0,13.0,A01
201300049256,0,7,0,0.0,2.0,1.0,2.0,A01
201300049256,0,7,0,0.0,0.0,4.0,2.0,B01
201300049257,0,7,0,4.0,0.0,3.0,19.0,A01
201300049258,0,7,0,0.0,2.0,1.0,1.0,A01
201300049258,0,7,0,0.0,2.0,4.0,1.0,B01
201300049259,0,15,0,0.0,2.0,2.0,12.0,A01
201300049259,0,10,0,0.0,2.0,8.0,2.0,B01
201300049260,0,7,0,4.0,0.0,6.0,13.0,A01
201300049261,0,15,0,3.0,0.0,3.0,13.0,A01
201300049262,0,7,0,0.0,2.0,1.0,2.0,A01
201300049262,0,7,0,0.0,0.0,4.0,2.0,B01
201300049263,0,7,0,0.0,2.0,4.0,2.0,B01
201300049263,0,7,0,0.0,2.0,1.0,2.0,A01
201300049263,0,7,0,0.0,2.0,4.0,2.0,C01
201300049264,0,10,0,0.0,2.0,4.0,2.0,B01
201300049264,0,7,0,0.0,0.0,4.0,2.0,C01
201300049264,0,7,0,0.0,2.0,1.0,2.0,A01
201300049265,0,7,0,0.0,2.0,7.0,17.0,A01
201300049265,0,17,0,0.0,0.0,0.0,1.0,B01
201300049266,0,7,0,0.0,0.0,4.0,2.0,C01
201300049266,0,7,0,0.0,2.0,4.0,2.0,B01
201300049266,0,14,0,0.0,2.0,1.0,2.0,A01
201300049267,0,7,0,0.0,2.0,4.0,2.0,B01
201300049267,0,7,0,0.0,2.0,1.0,2.0,A01
201300049268,0,10,0,4.0,0.0,1.0,1.0,A01
201300049269,0,7,0,14.0,0.0,1.0,1.0,B01
201300049269,0,7,0,0.0,0.0,6.0,23.0,A01
201300049270,0,15,0,0.0,0.0,6.0,11.0,B01
201300049270,0,7,0,0.0,2.0,2.0,17.0,A01
201300049271,0,7,0,0.0,2.0,1.0,2.0,A01
201300049271,0,7,0,0.0,2.0,4.0,1.0,B01
201300049272,0,10,0,0.0,0.0,7.0,23.0,B01
201300049272,0,10,0,0.0,2.0,1.0,2.0,A01
201300049273,0,7,0,0.0,0.0,1.0,2.0,A01
201300049273,0,7,0,0.0,0.0,4.0,2.0,C01
201300049273,0,7,0,0.0,0.0,4.0,2.0,B01
201300049274,0,7,0,4.0,0.0,1.0,0.0,A01
201300049275,0,7,0,4.0,0.0,3.0,13.0,A01
201300049276,1,7,0,0.0,2.0,0.0,9.0,Z01
201300049276,0,7,0,0.0,2.0,4.0,2.0,A01
201300049277,0,15,0,3.0,0.0,1.0,14.0,A01
201300049278,0,7,0,0.0,2.0,8.0,11.0,A01
201300049278,0,7,0,0.0,2.0,2.0,1.0,B01
201300049278,0,10,0,14.0,0.0,1.0,1.0,C01
201300049279,0,7,0,0.0,2.0,4.0,2.0,B01
201300049279,0,10,0,0.0,2.0,1.0,2.0,A01
201300049279,0,7,0,0.0,0.0,8.0,1.0,C01
201300049280,0,7,0,4.0,9.0,3.0,0.0,A01
201300049281,0,7,0,0.0,2.0,4.0,2.0,A01
201300049281,0,7,0,0.0,2.0,4.0,2.0,C01
201300049281,0,7,0,0.0,0.0,4.0,2.0,B01
201300049282,0,7,0,0.0,2.0,2.0,14.0,A01
201300049282,0,7,0,0.0,2.0,6.0,2.0,B01
201300049283,0,7,0,4.0,0.0,1.0,14.0,A01
201300049284,0,33,0,4.0,0.0,3.0,1.0,A01
201300049285,0,15,0,0.0,0.0,2.0,12.0,A01
201300049285,0,7,0,0.0,0.0,8.0,1.0,B01
201300049285,0,10,0,0.0,0.0,0.0,1.0,T01
201300049286,0,7,0,0.0,0.0,6.0,2.0,B01
201300049286,0,15,0,0.0,0.0,2.0,12.0,A01
201300049287,0,7,0,0.0,9.0,1.0,0.0,A01
201300049288,0,7,0,0.0,0.0,6.0,1.0,C01
201300049288,0,7,0,0.0,2.0,8.0,1.0,B01
201300049288,0,7,0,0.0,2.0,7.0,1.0,A01
201300049289,0,7,0,4.0,2.0,1.0,1.0,A01
201300049289,0,7,0,4.0,2.0,7.0,1.0,B01
201300049290,0,7,0,0.0,2.0,1.0,2.0,A01
201300049290,0,7,0,0.0,2.0,4.0,2.0,B01
201300049291,0,7,0,0.0,0.0,3.0,11.0,A01
201300049292,0,7,0,0.0,2.0,6.0,13.0,A01
201300049292,0,33,0,0.0,0.0,1.0,1.0,B01
201300049293,0,7,0,0.0,2.0,1.0,1.0,B01
201300049293,0,7,0,0.0,0.0,4.0,23.0,A01
201300049294,0,7,0,0.0,2.0,5.0,9.0,B01
201300049294,0,33,0,3.0,2.0,1.0,9.0,A01
201300049295,0,7,0,4.0,0.0,2.0,21.0,B01
201300049295,0,7,0,0.0,0.0,0.0,1.0,A01
201300049296,0,7,0,6.0,0.0,1.0,0.0,A01
201300049296,0,7,0,1.0,2.0,4.0,1.0,B01
201300049297,0,33,0,0.0,0.0,7.0,1.0,A01
201300049297,1,7,0,0.0,2.0,2.0,0.0,Z01
201300049298,0,7,0,0.0,2.0,8.0,1.0,B01
201300049298,0,7,0,0.0,2.0,2.0,5.0,A01
201300049298,0,7,0,0.0,2.0,2.0,1.0,C01
201300049299,0,7,0,0.0,0.0,4.0,2.0,B01
201300049299,0,7,0,0.0,0.0,1.0,2.0,A01
201300049300,0,7,0,0.0,2.0,2.0,2.0,A01
201300049300,0,17,0,0.0,2.0,6.0,2.0,B01
201300049301,0,7,0,0.0,2.0,1.0,2.0,A01
201300049301,0,7,0,0.0,2.0,4.0,2.0,B01
201300049301,0,7,0,0.0,2.0,4.0,1.0,C01
201300049301,0,7,0,0.0,2.0,4.0,1.0,D01
201300049302,0,7,0,4.0,2.0,2.0,1.0,A01
201300049302,0,7,0,0.0,2.0,4.0,1.0,B01
201300049303,0,7,0,0.0,2.0,1.0,1.0,B01
201300049303,0,7,0,4.0,2.0,1.0,13.0,A01
201300049304,0,10,0,13.0,0.0,1.0,0.0,A01
201300049305,0,10,0,4.0,0.0,1.0,1.0,A01
201300049306,0,33,0,0.0,0.0,0.0,1.0,A01
201300049307,0,7,0,3.0,2.0,2.0,17.0,A01
201300049307,0,15,0,0.0,0.0,7.0,1.0,B01
201300049308,0,7,0,0.0,2.0,4.0,2.0,C01
201300049308,0,7,0,0.0,2.0,1.0,2.0,A01
201300049308,0,7,0,0.0,2.0,4.0,2.0,B01
201300049309,0,33,0,0.0,0.0,8.0,1.0,A01
201300049310,0,33,0,0.0,2.0,1.0,3.0,A01
201300049310,0,7,0,0.0,2.0,5.0,12.0,B01
201300049311,0,7,0,12.0,0.0,1.0,1.0,A01
201300049312,0,7,0,0.0,2.0,4.0,2.0,B01
201300049312,0,7,0,0.0,2.0,1.0,2.0,A01
201300049312,0,10,0,0.0,0.0,4.0,2.0,C01
201300049313,0,7,0,0.0,2.0,4.0,2.0,A01
201300049313,1,13,0,0.0,2.0,1.0,2.0,Z01
201300049313,0,7,0,0.0,0.0,4.0,2.0,B01
201300049314,0,10,0,13.0,0.0,1.0,14.0,A01
201300049315,0,7,0,0.0,2.0,4.0,1.0,B01
201300049315,0,7,0,0.0,2.0,1.0,14.0,A01
201300049316,0,7,0,0.0,2.0,8.0,12.0,A01
201300049316,0,33,0,0.0,2.0,3.0,1.0,B01
201300049317,0,10,0,0.0,2.0,1.0,1.0,A01
201300049317,0,10,0,0.0,0.0,4.0,1.0,B01
201300049318,0,14,0,0.0,2.0,2.0,12.0,A01
201300049318,0,7,0,0.0,2.0,3.0,1.0,B01
201300049319,0,14,0,0.0,2.0,2.0,12.0,A01
201300049319,0,7,0,0.0,2.0,3.0,1.0,B01
201300049320,0,7,0,0.0,2.0,3.0,11.0,A01
201300049320,0,7,0,1.0,2.0,5.0,2.0,B01
201300049321,0,14,0,15.0,0.0,1.0,21.0,A01
201300049322,0,7,0,0.0,2.0,1.0,1.0,A01
201300049322,0,15,0,0.0,0.0,4.0,1.0,B01
201300049323,0,7,0,0.0,9.0,3.0,1.0,A01
201300049324,0,7,0,0.0,0.0,4.0,2.0,C01
201300049324,0,7,0,0.0,0.0,1.0,2.0,A01
201300049324,0,7,0,0.0,0.0,1.0,2.0,B01
201300049325,0,7,0,0.0,0.0,4.0,2.0,A01
201300049325,1,15,0,0.0,2.0,1.0,0.0,Z01
201300049326,0,10,0,0.0,2.0,1.0,2.0,A01
201300049326,0,7,0,0.0,2.0,4.0,2.0,B01
201300049327,1,99,0,0.0,2.0,1.0,2.0,Z01
201300049327,0,7,0,0.0,2.0,2.0,2.0,B01
201300049327,0,7,0,0.0,2.0,6.0,1.0,A01
201300049328,0,7,0,3.0,0.0,3.0,0.0,A01
201300049328,0,7,0,0.0,0.0,0.0,0.0,T01
201300049329,0,7,0,4.0,0.0,3.0,0.0,A01
201300049330,0,7,0,0.0,0.0,1.0,0.0,A01
201300049331,0,7,0,0.0,0.0,0.0,1.0,A01
201300049332,0,7,0,0.0,2.0,8.0,22.0,A01
201300049332,0,7,0,0.0,2.0,2.0,21.0,B01
201300049333,0,17,0,0.0,2.0,2.0,12.0,A01
201300049333,0,7,0,0.0,2.0,6.0,1.0,B01
201300049334,0,15,0,0.0,0.0,3.0,13.0,A01
201300049334,0,15,0,0.0,2.0,2.0,2.0,B01
201300049335,0,7,0,4.0,2.0,9.0,0.0,A01
201300049335,1,7,0,0.0,0.0,0.0,0.0,Z01
201300049336,0,10,0,3.0,0.0,9.0,1.0,A01
201300049337,0,7,0,0.0,2.0,6.0,1.0,A01
201300049337,0,7,0,3.0,2.0,2.0,1.0,B01
201300049338,0,7,0,0.0,2.0,5.0,1.0,C01
201300049338,0,7,0,0.0,2.0,2.0,1.0,B01
201300049338,0,7,0,0.0,0.0,0.0,1.0,T01
201300049338,0,7,0,0.0,2.0,6.0,11.0,A01
201300049339,0,7,0,4.0,0.0,3.0,11.0,A01
201300049340,0,7,0,4.0,0.0,9.0,0.0,A01
201300049341,0,7,0,0.0,2.0,2.0,14.0,A01
201300049341,0,7,0,0.0,2.0,6.0,0.0,B01
201300049342,0,7,0,3.0,0.0,1.0,16.0,A01
201300049343,0,15,0,0.0,2.0,2.0,12.0,A01
201300049343,0,7,0,0.0,2.0,8.0,1.0,B01
201300049344,0,10,0,0.0,2.0,1.0,5.0,A01
201300049344,0,10,0,0.0,2.0,1.0,2.0,C01
201300049344,0,10,0,0.0,2.0,7.0,21.0,B01
201300049345,0,10,0,0.0,2.0,1.0,1.0,A01
201300049345,0,7,0,0.0,0.0,4.0,1.0,B01
201300049346,0,14,0,0.0,2.0,2.0,12.0,A01
201300049346,0,7,0,0.0,2.0,8.0,0.0,B01
201300049347,0,10,0,0.0,2.0,5.0,1.0,B01
201300049347,0,33,0,0.0,2.0,1.0,17.0,A01
201300049348,0,7,0,0.0,2.0,2.0,2.0,A01
201300049348,0,10,0,0.0,0.0,4.0,2.0,B01
201300049349,0,33,0,0.0,2.0,4.0,2.0,B01
201300049349,0,7,0,0.0,9.0,3.0,2.0,A01
201300049350,0,7,0,0.0,2.0,9.0,1.0,B01
201300049350,0,7,0,4.0,2.0,3.0,12.0,A01
201300049351,0,33,0,0.0,0.0,7.0,21.0,B01
201300049351,0,7,0,0.0,0.0,0.0,19.0,A01
201300049352,0,7,0,0.0,0.0,0.0,16.0,A01
201300049353,0,7,0,0.0,0.0,9.0,1.0,A01
201300049354,0,7,0,0.0,2.0,5.0,12.0,A01
201300049354,0,33,0,0.0,2.0,1.0,3.0,B01
201300049355,0,10,0,12.0,0.0,2.0,1.0,A01
201300049356,0,7,0,4.0,2.0,4.0,1.0,A01
201300049356,0,10,0,0.0,2.0,0.0,1.0,B01
201300049357,0,7,0,3.0,2.0,2.0,2.0,A01
201300049357,0,7,0,0.0,2.0,6.0,23.0,B01
201300049358,0,15,0,3.0,0.0,2.0,1.0,A01
201300049359,1,99,0,0.0,2.0,2.0,17.0,Z01
201300049359,1,10,0,12.0,2.0,4.0,9.0,A01
201300049360,0,7,0,0.0,2.0,2.0,12.0,A01
201300049360,0,7,0,4.0,2.0,6.0,1.0,B01
201300049361,0,33,0,0.0,2.0,1.0,17.0,B01
201300049361,0,7,0,0.0,2.0,6.0,10.0,A01
201300049362,0,7,0,3.0,0.0,1.0,1.0,A01
201300049363,0,7,0,0.0,2.0,1.0,2.0,A01
201300049363,0,7,0,0.0,2.0,4.0,2.0,B01
201300049364,0,7,0,0.0,2.0,0.0,9.0,A01
201300049364,0,7,0,0.0,2.0,3.0,1.0,C02
201300049364,0,7,0,0.0,0.0,7.0,1.0,B02
201300049365,0,7,0,4.0,2.0,1.0,1.0,B01
201300049365,0,7,0,0.0,2.0,2.0,9.0,A01
201300049365,0,7,0,0.0,2.0,3.0,1.0,C01