Num_Acc,senc,catv,occutc,obs,obsm,choc,manv,num_veh
201300049366,0,7,0,4.0,0.0,2.0,2.0,A01
201300049367,0,7,0,0.0,2.0,8.0,10.0,A01
201300049367,0,7,0,0.0,2.0,5.0,2.0,C01
201300049367,0,33,0,0.0,2.0,3.0,1.0,B01
201300049368,0,7,0,0.0,2.0,4.0,2.0,C01
201300049368,0,7,0,0.0,2.0,4.0,2.0,B01
201300049368,0,7,0,0.0,0.0,4.0,2.0,D01
201300049368,0,7,0,0.0,2.0,1.0,2.0,A01
201300049369,0,17,0,0.0,0.0,6.0,2.0,B01
201300049369,0,10,0,0.0,2.0,1.0,2.0,A01
201300049370,1,7,0,0.0,2.0,3.0,18.0,A01
201300049370,0,7,0,0.0,0.0,5.0,1.0,B01
201300049371,0,10,0,0.0,2.0,4.0,2.0,B01
201300049371,0,10,0,0.0,2.0,1.0,2.0,A01
201300049372,0,7,0,4.0,2.0,8.0,1.0,B01
201300049372,0,17,0,0.0,2.0,2.0,12.0,A01
201300049373,0,10,0,4.0,0.0,1.0,0.0,A01
201300049374,0,7,0,4.0,0.0,4.0,2.0,A01
201300049375,0,7,0,0.0,2.0,1.0,2.0,A01
201300049375,0,7,0,0.0,0.0,4.0,1.0,B01
201300049376,0,31,0,0.0,2.0,1.0,12.0,A01
201300049376,0,10,0,0.0,2.0,4.0,1.0,B01
201300049377,0,10,0,0.0,0.0,8.0,1.0,B01
201300049377,0,17,0,0.0,2.0,2.0,12.0,A01
201300049378,0,7,0,4.0,0.0,9.0,0.0,A01
201300049379,0,7,0,4.0,2.0,7.0,17.0,A01
201300049379,0,7,0,4.0,2.0,8.0,1.0,B01
201300049380,0,7,0,3.0,0.0,2.0,17.0,A01
201300049381,0,34,0,0.0,0.0,8.0,1.0,A01
201300049382,0,10,0,,2.0,6.0,1.0,D04
201300049382,2,7,0,,2.0,2.0,12.0,E01
201300049382,0,7,0,,2.0,3.0,1.0,B02
201300049382,0,7,0,,2.0,3.0,1.0,C03
201300049382,1,7,0,3.0,2.0,2.0,12.0,A01
201300049383,1,10,0,0.0,2.0,1.0,2.0,Z01
201300049383,0,7,0,0.0,0.0,4.0,2.0,A01
201300049384,0,7,0,0.0,2.0,8.0,1.0,B01
201300049384,0,7,0,0.0,2.0,1.0,1.0,C01
201300049384,0,14,0,0.0,2.0,2.0,12.0,A01
201300049385,0,7,0,4.0,0.0,3.0,1.0,A01
201300049386,0,33,0,0.0,0.0,0.0,0.0,A01
201300049387,0,7,0,0.0,0.0,5.0,12.0,B01
201300049387,0,33,0,0.0,2.0,5.0,0.0,A01
201300049388,0,10,0,0.0,2.0,1.0,2.0,A01
201300049388,0,10,0,0.0,0.0,4.0,1.0,B01
201300049389,0,7,0,0.0,0.0,8.0,2.0,A01
201300049389,0,10,0,0.0,0.0,0.0,21.0,C01
201300049389,0,7,0,0.0,2.0,8.0,21.0,B01
201300049390,2,7,0,0.0,2.0,1.0,2.0,Y01
201300049390,0,7,0,0.0,0.0,6.0,2.0,F02
201300049390,0,10,0,0.0,0.0,4.0,2.0,B01
201300049390,2,7,0,0.0,2.0,1.0,2.0,Z01
201300049390,0,10,0,0.0,2.0,8.0,2.0,E01
201300049390,0,7,0,0.0,2.0,4.0,2.0,A01
201300049391,0,7,0,0.0,2.0,7.0,21.0,A01
201300049391,0,10,0,0.0,2.0,1.0,1.0,B01
201300049392,0,33,0,0.0,2.0,7.0,2.0,B01
201300049392,0,7,0,0.0,2.0,8.0,13.0,A01
201300049393,0,17,0,0.0,2.0,1.0,2.0,A01
201300049393,0,17,0,0.0,0.0,4.0,2.0,B01
201300049394,0,7,0,4.0,2.0,2.0,1.0,C01
201300049394,0,7,0,0.0,2.0,8.0,1.0,B01
201300049394,0,14,0,0.0,2.0,1.0,12.0,A01
201300049395,0,7,0,0.0,2.0,1.0,2.0,A01
201300049395,0,7,0,0.0,0.0,4.0,2.0,B01
201300049396,0,10,0,0.0,2.0,4.0,2.0,C01
201300049396,0,17,0,0.0,2.0,1.0,2.0,A01
201300049396,0,7,0,0.0,0.0,5.0,2.0,D01
201300049396,0,7,0,0.0,2.0,4.0,2.0,B01
201300049397,0,7,0,4.0,0.0,3.0,0.0,A01
201300049398,0,7,0,0.0,2.0,1.0,1.0,A01
201300049398,0,7,0,0.0,2.0,4.0,2.0,C01
201300049398,0,7,0,0.0,2.0,4.0,2.0,B01
201300049399,0,7,0,4.0,0.0,7.0,1.0,A01
201300049400,0,2,0,0.0,0.0,0.0,13.0,A01
201300049401,0,7,0,4.0,0.0,1.0,11.0,A01
201300049402,0,7,0,0.0,2.0,1.0,2.0,A01
201300049402,0,7,0,0.0,0.0,4.0,2.0,B01
201300049402,0,7,0,0.0,0.0,4.0,2.0,C01
201300049403,0,7,0,4.0,0.0,9.0,1.0,A01
201300049404,0,7,0,4.0,0.0,2.0,1.0,A01
201300049405,0,7,0,0.0,2.0,1.0,2.0,B01
201300049405,0,17,0,0.0,2.0,4.0,1.0,C01
201300049405,0,7,0,0.0,9.0,1.0,2.0,A01
201300049406,0,33,0,0.0,2.0,6.0,1.0,B01
201300049406,0,7,0,0.0,2.0,2.0,12.0,A01
201300049406,0,7,0,0.0,2.0,4.0,1.0,C01
201300049407,0,33,0,0.0,2.0,1.0,11.0,A01
201300049407,0,7,0,0.0,2.0,6.0,2.0,B01
201300049408,0,7,0,0.0,2.0,4.0,2.0,C01
201300049408,0,7,0,0.0,2.0,4.0,2.0,D01
201300049408,0,7,0,0.0,2.0,1.0,9.0,A01
201300049408,0,7,0,0.0,2.0,4.0,2.0,B01
201300049409,0,7,0,0.0,2.0,2.0,14.0,A01
201300049409,0,15,0,0.0,2.0,5.0,1.0,C01
201300049409,0,7,0,0.0,2.0,4.0,1.0,B01
201300049410,0,7,0,0.0,2.0,1.0,2.0,A01
201300049410,0,7,0,0.0,2.0,4.0,2.0,B01
201300049411,0,10,0,0.0,2.0,2.0,2.0,A01
201300049411,0,33,0,0.0,2.0,6.0,1.0,B01
201300049412,0,33,0,0.0,0.0,0.0,1.0,A01
201300049413,0,10,0,0.0,2.0,1.0,3.0,A01
201300049413,0,15,0,0.0,0.0,6.0,1.0,B01
201300049414,0,7,0,0.0,2.0,2.0,17.0,A01
201300049414,0,7,0,0.0,0.0,4.0,1.0,B01
201300049415,0,7,0,0.0,2.0,1.0,2.0,A01
201300049415,0,7,0,0.0,0.0,4.0,2.0,B01
201300049416,0,7,0,0.0,0.0,4.0,1.0,F02
201300049416,0,7,0,0.0,2.0,4.0,23.0,E01
201300049416,0,7,0,0.0,2.0,4.0,23.0,D01
201300049416,0,7,0,0.0,2.0,4.0,23.0,C01
201300049416,0,7,0,0.0,2.0,4.0,2.0,B01
201300049416,0,10,0,0.0,2.0,1.0,2.0,A01
201300049417,0,7,0,4.0,0.0,1.0,0.0,A01
201300049418,0,7,0,0.0,2.0,2.0,14.0,A01
201300049418,0,17,0,0.0,0.0,6.0,1.0,B01
201300049419,0,15,0,4.0,0.0,7.0,1.0,A01
201300049420,0,7,0,0.0,0.0,4.0,1.0,B01
201300049420,0,7,0,0.0,2.0,1.0,2.0,A01
201300049421,0,10,0,4.0,0.0,1.0,1.0,A01
201300049422,1,7,0,0.0,2.0,1.0,12.0,Z01
201300049422,0,7,0,0.0,2.0,4.0,2.0,A01
201300049423,0,31,0,0.0,0.0,1.0,1.0,A01
201300049424,0,7,0,4.0,0.0,3.0,12.0,A01
201300049424,0,33,0,0.0,2.0,0.0,21.0,B01
201300049425,0,7,0,0.0,2.0,7.0,2.0,D01
201300049425,0,17,0,0.0,2.0,6.0,1.0,B01
201300049425,0,7,0,0.0,2.0,2.0,12.0,A01
201300049425,0,7,0,0.0,2.0,2.0,1.0,C01
201300049426,0,10,0,0.0,2.0,1.0,2.0,A01
201300049426,0,7,0,0.0,2.0,4.0,0.0,B01
201300049427,0,33,0,0.0,0.0,0.0,1.0,A01
201300049427,1,33,0,0.0,2.0,1.0,3.0,Z01
201300049428,0,7,0,0.0,0.0,1.0,1.0,A01
201300049429,0,7,0,4.0,0.0,3.0,13.0,A01
201300049430,0,15,0,0.0,2.0,1.0,2.0,A01
201300049430,0,15,0,0.0,2.0,4.0,2.0,B01
201300049431,0,15,0,0.0,2.0,3.0,0.0,B01
201300049431,0,10,0,0.0,2.0,1.0,13.0,A01
201300049432,0,7,0,0.0,2.0,1.0,2.0,A01
201300049432,0,7,0,0.0,0.0,4.0,2.0,C01
201300049432,0,7,0,0.0,2.0,4.0,2.0,B01
201300049433,0,34,0,9.0,0.0,1.0,21.0,B01
201300049433,1,30,0,0.0,0.0,0.0,9.0,A01
201300049434,0,7,0,4.0,0.0,4.0,21.0,A01
201300049435,0,15,0,6.0,0.0,1.0,1.0,A01
201300049436,0,7,0,0.0,2.0,8.0,1.0,B01
201300049436,0,15,0,0.0,2.0,7.0,12.0,A01
201300049437,0,7,0,0.0,2.0,4.0,2.0,C01
201300049437,0,10,0,0.0,2.0,1.0,2.0,B01
201300049437,0,10,0,0.0,2.0,1.0,2.0,A01
201300049438,0,7,0,14.0,0.0,1.0,1.0,A01
201300049439,0,10,0,4.0,2.0,2.0,2.0,A01
201300049439,0,99,0,4.0,0.0,6.0,2.0,B01
201300049440,0,7,0,4.0,0.0,1.0,11.0,A01
201300049441,0,33,0,0.0,2.0,7.0,2.0,A01
201300049441,0,7,0,0.0,0.0,4.0,2.0,B01
201300049442,0,7,0,0.0,2.0,1.0,2.0,A01
201300049442,0,7,0,0.0,0.0,4.0,0.0,B01
201300049443,0,7,0,0.0,0.0,3.0,1.0,A01
201300049443,0,7,0,0.0,0.0,5.0,14.0,B01
201300049444,0,33,0,4.0,0.0,8.0,2.0,A01
201300049445,0,7,0,4.0,0.0,2.0,1.0,A01
201300049446,0,7,0,0.0,0.0,7.0,1.0,B01
201300049446,0,17,0,0.0,2.0,1.0,9.0,A01
201300049447,0,7,0,4.0,0.0,0.0,14.0,A01
201300049448,0,7,0,0.0,0.0,6.0,1.0,B01
201300049448,0,7,0,4.0,2.0,3.0,17.0,A01
201300049449,0,10,0,4.0,0.0,3.0,1.0,A01
201300049450,0,7,0,4.0,0.0,3.0,21.0,A01
201300049451,0,15,0,0.0,0.0,5.0,23.0,B01
201300049451,0,7,0,14.0,0.0,3.0,2.0,A01
201300049452,0,7,0,0.0,2.0,0.0,0.0,A01
201300049452,0,7,0,0.0,2.0,0.0,0.0,B01
201300049453,0,7,0,0.0,0.0,4.0,0.0,A01
201300049453,1,7,0,0.0,2.0,2.0,11.0,Z01
201300049454,0,33,0,4.0,0.0,8.0,0.0,A01
201300049455,0,7,0,0.0,2.0,1.0,1.0,A01
201300049455,0,7,0,0.0,2.0,4.0,1.0,B01
201300049455,0,7,0,0.0,0.0,4.0,23.0,C01
201300049456,0,7,0,0.0,2.0,3.0,1.0,A01
201300049456,0,7,0,0.0,0.0,4.0,1.0,B01
201300049457,1,3,0,0.0,2.0,2.0,0.0,Z01
201300049457,0,7,0,3.0,0.0,1.0,1.0,A01
201300049458,0,7,0,0.0,0.0,0.0,2.0,T01
201300049458,0,7,0,4.0,0.0,2.0,2.0,A01
201300049458,0,7,0,4.0,2.0,6.0,2.0,B01
201300049459,0,7,0,0.0,2.0,1.0,1.0,B01
201300049459,0,7,0,0.0,2.0,1.0,1.0,C01
201300049459,0,7,0,0.0,0.0,8.0,23.0,A01
201300049460,0,7,0,4.0,0.0,1.0,1.0,A01
201300049461,0,33,0,0.0,0.0,8.0,1.0,A01
201300049462,0,7,0,3.0,2.0,1.0,2.0,A01
201300049462,0,7,0,0.0,0.0,4.0,2.0,B01
201300049463,0,7,0,4.0,0.0,3.0,1.0,A01
201300049464,0,33,0,3.0,0.0,8.0,14.0,A01
201300049465,0,17,0,0.0,2.0,6.0,11.0,A01
201300049465,0,10,0,4.0,2.0,2.0,20.0,B01
201300049466,0,17,0,6.0,0.0,2.0,14.0,A01
201300049467,0,7,0,0.0,2.0,4.0,2.0,A01
201300049467,0,7,0,0.0,2.0,6.0,2.0,B01
201300049467,0,7,0,,2.0,4.0,2.0,C01
201300049467,0,7,0,0.0,2.0,4.0,2.0,D01
201300049467,1,7,0,,,,,Z01
201300049468,0,33,0,0.0,0.0,1.0,14.0,A01
201300049469,0,7,0,0.0,2.0,6.0,2.0,B01
201300049469,1,7,0,0.0,2.0,1.0,2.0,Z01
201300049470,0,7,0,0.0,0.0,4.0,2.0,B01
201300049470,0,7,0,0.0,0.0,1.0,13.0,A01
201300049471,0,7,0,1.0,0.0,8.0,21.0,C01
201300049471,0,7,0,4.0,0.0,2.0,1.0,A01
201300049471,0,38,67,1.0,0.0,1.0,1.0,B01
201300049472,0,7,0,4.0,0.0,2.0,1.0,A01
201300049473,0,7,0,14.0,0.0,1.0,2.0,A01
201300049473,0,7,0,14.0,0.0,4.0,2.0,B01
201300049473,0,7,0,0.0,0.0,4.0,2.0,C01
201300049474,0,17,0,0.0,2.0,2.0,12.0,A01
201300049474,0,7,0,4.0,2.0,6.0,1.0,B01
201300049475,0,10,0,0.0,2.0,4.0,2.0,C01
201300049475,0,10,0,0.0,2.0,1.0,2.0,A01
201300049475,0,10,0,0.0,2.0,4.0,2.0,B01
201300049475,0,10,0,0.0,0.0,4.0,0.0,D01
201300049476,0,7,0,0.0,2.0,1.0,2.0,A01
201300049476,0,7,0,0.0,2.0,4.0,2.0,B01
201300049477,0,7,0,0.0,2.0,4.0,2.0,C01
201300049477,0,7,0,0.0,2.0,4.0,2.0,B01
201300049477,0,7,0,0.0,2.0,1.0,2.0,A01
201300049478,0,7,0,0.0,2.0,1.0,2.0,A01
201300049478,0,10,0,0.0,0.0,4.0,2.0,B01
201300049479,0,7,0,0.0,2.0,1.0,2.0,A01
201300049479,0,7,0,0.0,0.0,4.0,2.0,B01
201300049480,0,7,0,3.0,0.0,2.0,21.0,A01
201300049481,0,99,0,0.0,0.0,4.0,1.0,B01
201300049481,0,15,0,0.0,0.0,2.0,13.0,C01
201300049481,0,15,0,0.0,2.0,2.0,11.0,A01
201300049482,0,7,0,0.0,2.0,1.0,2.0,A01
201300049482,0,7,0,0.0,2.0,4.0,1.0,B01
201300049482,0,7,0,0.0,2.0,4.0,2.0,D01
201300049482,0,7,0,0.0,2.0,4.0,2.0,C01
201300049483,0,7,0,0.0,2.0,2.0,5.0,A01
201300049483,0,7,0,0.0,2.0,7.0,21.0,B01
201300049484,0,7,0,4.0,2.0,8.0,1.0,B01
201300049484,0,7,0,0.0,2.0,7.0,14.0,A01
201300049485,0,7,0,0.0,2.0,7.0,1.0,D01
201300049485,0,7,0,0.0,2.0,1.0,1.0,B01
201300049485,0,7,0,0.0,2.0,4.0,2.0,C01
201300049485,0,10,0,0.0,2.0,1.0,1.0,A01
201300049486,0,7,0,4.0,0.0,1.0,1.0,A01
201300049487,0,7,0,0.0,2.0,4.0,2.0,C01
201300049487,0,7,0,0.0,2.0,4.0,2.0,B01
201300049487,0,7,0,0.0,2.0,1.0,2.0,A01
201300049488,0,33,0,0.0,2.0,1.0,2.0,A01
201300049488,0,7,0,0.0,2.0,4.0,2.0,B01
201300049489,0,10,0,0.0,0.0,4.0,2.0,B01
201300049489,0,7,0,0.0,2.0,1.0,2.0,A01
201300049490,0,7,0,0.0,0.0,4.0,2.0,B01
201300049490,0,7,0,0.0,2.0,1.0,2.0,A01
201300049491,0,7,0,0.0,2.0,1.0,2.0,A01
201300049491,0,7,0,0.0,2.0,4.0,2.0,B01
201300049492,0,7,0,14.0,2.0,7.0,1.0,C01
201300049492,0,7,0,0.0,2.0,1.0,1.0,A01
201300049492,0,7,0,0.0,0.0,4.0,2.0,B01
201300049492,0,7,0,1.0,2.0,2.0,1.0,D01
201300049493,1,10,0,0.0,2.0,1.0,2.0,Z01
201300049493,0,7,0,4.0,0.0,4.0,1.0,A01
201300049494,0,7,0,4.0,0.0,1.0,0.0,A01
201300049495,0,7,0,0.0,0.0,5.0,2.0,B01
201300049495,0,7,0,0.0,2.0,1.0,2.0,A01
201300049496,0,7,0,3.0,2.0,2.0,17.0,A01
201300049496,0,7,0,0.0,2.0,3.0,1.0,B01
201300049497,0,7,0,0.0,2.0,1.0,1.0,B01
201300049497,0,7,0,0.0,2.0,7.0,19.0,A01
201300049498,0,7,0,4.0,0.0,1.0,0.0,A01
201300049499,0,33,0,0.0,2.0,1.0,2.0,A01
201300049499,0,10,0,0.0,0.0,6.0,1.0,B01
201300049499,0,13,0,0.0,9.0,7.0,1.0,C01
201300049500,0,10,0,0.0,2.0,4.0,2.0,B01
201300049500,0,7,0,0.0,2.0,1.0,1.0,A01
201300049500,0,99,0,0.0,2.0,4.0,2.0,C01
201300049501,0,7,0,0.0,2.0,1.0,2.0,A01
201300049501,0,7,0,0.0,2.0,4.0,2.0,D01
201300049501,0,7,0,0.0,2.0,4.0,2.0,B01
201300049501,0,7,0,0.0,2.0,4.0,2.0,C01
201300049502,0,7,0,4.0,2.0,6.0,0.0,B01
201300049502,0,17,0,0.0,2.0,2.0,12.0,A01
201300049503,0,7,0,0.0,2.0,8.0,1.0,B01
201300049503,0,7,0,3.0,2.0,9.0,14.0,A01
201300049504,0,7,0,4.0,0.0,7.0,14.0,A01
201300049505,0,7,0,0.0,2.0,2.0,11.0,A01
201300049505,0,7,0,0.0,2.0,2.0,1.0,C01
201300049505,0,7,0,0.0,2.0,6.0,2.0,B01
201300049506,0,17,0,0.0,0.0,4.0,2.0,D01
201300049506,0,17,0,0.0,2.0,4.0,2.0,C01
201300049506,0,17,0,0.0,2.0,6.0,1.0,B01
201300049506,0,14,0,0.0,2.0,2.0,21.0,A01
201300049507,0,33,0,0.0,2.0,2.0,17.0,B01
201300049507,0,7,0,0.0,2.0,8.0,10.0,A01
201300049508,0,7,0,0.0,2.0,1.0,2.0,A01
201300049508,0,7,0,0.0,0.0,4.0,2.0,B01
201300049509,0,7,0,4.0,0.0,1.0,0.0,A01
201300049510,0,7,0,0.0,0.0,1.0,21.0,A01
201300049511,0,10,0,0.0,2.0,1.0,2.0,A01
201300049511,0,14,0,0.0,2.0,4.0,2.0,B01
201300049512,0,7,0,0.0,0.0,4.0,2.0,C01
201300049512,0,7,0,0.0,2.0,1.0,2.0,A01
201300049512,0,7,0,0.0,2.0,4.0,2.0,B01
201300049513,0,7,0,3.0,2.0,2.0,12.0,A01
201300049513,0,7,0,4.0,2.0,6.0,1.0,B01
201300049514,0,33,0,0.0,0.0,0.0,15.0,A01
201300049515,0,7,0,0.0,2.0,2.0,21.0,B01
201300049515,0,7,0,0.0,2.0,6.0,1.0,C01
201300049515,0,7,0,0.0,2.0,8.0,1.0,D01
201300049515,0,7,0,0.0,2.0,6.0,11.0,A01
201300049516,0,7,0,0.0,0.0,0.0,0.0,B01
201300049516,0,7,0,0.0,0.0,0.0,0.0,A01
201300049517,0,7,0,0.0,2.0,1.0,2.0,A01
201300049517,0,10,0,0.0,2.0,2.0,2.0,C01
201300049517,0,7,0,0.0,0.0,4.0,0.0,B01
201300049518,0,10,0,0.0,0.0,4.0,2.0,D01
201300049518,0,14,0,0.0,2.0,1.0,2.0,A01
201300049518,0,10,0,0.0,0.0,4.0,2.0,C01
201300049518,0,17,0,0.0,0.0,4.0,2.0,E01
201300049518,0,10,0,0.0,0.0,4.0,2.0,B01
201300049519,0,7,0,0.0,2.0,1.0,1.0,A01
201300049519,0,7,0,0.0,0.0,8.0,1.0,B01
201300049520,0,7,0,4.0,0.0,8.0,11.0,A01
201300049521,0,31,0,14.0,0.0,2.0,1.0,A01
201300049522,0,7,0,0.0,0.0,6.0,1.0,B01
201300049522,0,10,0,0.0,2.0,3.0,1.0,A01
201300049523,0,33,0,0.0,0.0,8.0,17.0,A01
201300049524,0,7,0,4.0,0.0,1.0,15.0,A01
201300049525,0,7,0,0.0,2.0,1.0,1.0,C01
201300049525,0,7,0,14.0,2.0,3.0,9.0,A01
201300049525,0,7,0,0.0,2.0,7.0,1.0,B01
201300049526,0,7,0,6.0,0.0,1.0,0.0,A01
201300049527,0,7,0,0.0,0.0,4.0,2.0,D01
201300049527,0,7,0,0.0,0.0,4.0,2.0,B01
201300049527,0,7,0,0.0,2.0,1.0,2.0,A01
201300049527,0,7,0,0.0,0.0,4.0,2.0,C01
201300049528,0,33,0,0.0,0.0,0.0,1.0,A01
201300049529,0,7,0,3.0,0.0,1.0,0.0,A01
201300049530,0,7,0,0.0,2.0,1.0,2.0,A01
201300049530,0,7,0,0.0,0.0,4.0,2.0,B01
201300049531,0,7,0,4.0,0.0,3.0,16.0,A01
201300049532,0,7,0,0.0,2.0,1.0,2.0,A01
201300049532,0,7,0,0.0,2.0,4.0,2.0,B01
201300049532,0,7,0,0.0,0.0,4.0,2.0,C01
201300049533,0,7,0,0.0,2.0,8.0,1.0,B01
201300049533,0,15,0,0.0,2.0,2.0,12.0,A01
201300049534,0,7,0,0.0,2.0,5.0,21.0,B01
201300049534,0,7,0,4.0,2.0,4.0,11.0,A01
201300049535,0,7,0,13.0,0.0,9.0,1.0,A01
201300049536,0,10,0,0.0,0.0,0.0,24.0,B01
201300049536,0,7,0,0.0,1.0,1.0,0.0,A01
201300049537,0,7,0,0.0,2.0,1.0,2.0,A01
201300049537,0,7,0,0.0,2.0,4.0,2.0,B01
201300049537,0,7,0,0.0,2.0,4.0,2.0,C01
201300049538,0,7,0,0.0,2.0,2.0,14.0,A01
201300049538,0,7,0,0.0,0.0,8.0,1.0,B01
201300049539,0,7,0,0.0,2.0,8.0,13.0,A01
201300049539,0,16,0,0.0,2.0,8.0,1.0,B01
201300049540,0,7,0,0.0,0.0,4.0,2.0,B01
201300049540,0,7,0,0.0,2.0,1.0,2.0,A01
201300049541,0,10,0,4.0,0.0,4.0,2.0,B01
201300049541,0,10,0,0.0,2.0,3.0,2.0,A01
201300049542,0,33,0,0.0,2.0,8.0,1.0,B01
201300049542,0,7,0,0.0,2.0,3.0,11.0,A01
201300049543,0,7,0,0.0,0.0,8.0,11.0,A01
201300049543,0,17,0,0.0,2.0,1.0,15.0,B01
201300049544,0,7,0,0.0,2.0,1.0,13.0,A01
201300049544,0,7,0,0.0,2.0,1.0,14.0,B01
201300049544,0,15,0,0.0,2.0,8.0,1.0,C01
201300049545,0,14,0,,2.0,2.0,1.0,A01
201300049545,0,7,0,,2.0,6.0,1.0,B02
201300049546,0,7,0,0.0,0.0,4.0,2.0,B01
201300049546,0,7,0,0.0,0.0,4.0,2.0,C01
201300049546,0,7,0,0.0,0.0,1.0,2.0,A01
201300049547,0,7,0,4.0,0.0,4.0,1.0,A01
201300049548,0,7,0,4.0,6.0,3.0,21.0,A01
201300049549,0,14,0,0.0,2.0,2.0,2.0,A01
201300049549,0,7,0,0.0,2.0,6.0,2.0,B01
201300049549,0,7,0,4.0,2.0,2.0,1.0,C01
201300049549,0,7,0,0.0,2.0,6.0,2.0,D01
201300049549,0,10,0,0.0,0.0,6.0,2.0,E01
201300049550,0,10,0,0.0,0.0,6.0,2.0,B01
201300049550,0,15,0,0.0,2.0,2.0,12.0,A01
201300049551,0,99,0,0.0,2.0,1.0,1.0,A01
201300049551,0,7,0,0.0,2.0,9.0,0.0,B01
201300049551,0,7,0,0.0,2.0,0.0,0.0,C01
201300049551,0,7,0,0.0,0.0,0.0,0.0,D01
201300049551,0,7,0,0.0,2.0,0.0,0.0,E01
201300049551,0,7,0,0.0,2.0,6.0,0.0,F02
201300049551,0,7,0,0.0,0.0,0.0,0.0,G02
201300049552,0,14,0,0.0,2.0,1.0,2.0,A01
201300049552,0,10,0,0.0,2.0,4.0,2.0,C01
201300049552,0,7,0,0.0,2.0,4.0,2.0,B01
201300049553,0,10,0,0.0,2.0,1.0,2.0,A01
201300049553,0,17,0,0.0,2.0,4.0,2.0,B01
201300049554,0,7,0,0.0,0.0,6.0,23.0,B01
201300049554,0,33,0,1.0,0.0,1.0,2.0,A01
201300049555,0,33,0,13.0,0.0,7.0,13.0,A01
201300049556,0,15,0,12.0,0.0,7.0,15.0,A01
201300049557,0,7,0,4.0,,8.0,,A01
201300049557,1,7,0,,,,,Z02
201300049558,0,7,0,4.0,2.0,5.0,12.0,A01
201300049558,0,7,0,0.0,2.0,8.0,1.0,B01
201300049559,0,32,0,10.0,0.0,7.0,14.0,A01
201300049560,0,7,0,4.0,0.0,3.0,0.0,A01
201300049561,0,7,0,0.0,0.0,4.0,24.0,B01
201300049561,0,17,0,1.0,0.0,2.0,21.0,A01
201300049562,0,7,0,4.0,0.0,7.0,1.0,A01
201300049563,0,7,0,13.0,0.0,2.0,0.0,A01
201300049564,0,7,0,0.0,0.0,7.0,14.0,A01
201300049565,0,7,0,3.0,9.0,2.0,1.0,A01
201300049565,0,17,0,0.0,2.0,8.0,1.0,B01
201300049566,0,7,0,3.0,0.0,1.0,1.0,A01
201300049567,0,7,0,4.0,0.0,3.0,2.0,A01
201300049568,0,37,1,0.0,1.0,2.0,1.0,A01
201300049569,0,10,0,0.0,2.0,1.0,13.0,A01
201300049569,0,7,0,0.0,2.0,6.0,1.0,B01
201300049569,0,32,0,0.0,2.0,1.0,1.0,C01
201300049570,0,7,0,6.0,0.0,1.0,14.0,A01
201300049571,0,7,0,0.0,2.0,3.0,1.0,B01
201300049571,0,7,0,0.0,2.0,3.0,13.0,A01
201300049572,0,31,0,0.0,1.0,1.0,17.0,A01
201300049573,0,7,0,0.0,1.0,1.0,1.0,A01
201300049574,0,7,0,2.0,0.0,0.0,1.0,A01
201300049575,0,1,0,0.0,2.0,1.0,1.0,A01
201300049575,0,7,0,0.0,2.0,3.0,23.0,B01
201300049576,0,7,0,0.0,1.0,8.0,2.0,A01
201300049577,0,7,0,0.0,2.0,3.0,10.0,A01
201300049577,0,33,0,0.0,2.0,1.0,2.0,B01
201300049578,0,7,0,4.0,0.0,3.0,16.0,A01
201300049579,0,14,0,0.0,2.0,3.0,13.0,A01
201300049579,0,37,5,0.0,2.0,8.0,0.0,B01
201300049580,0,7,0,1.0,2.0,3.0,5.0,A01
201300049580,0,7,0,0.0,2.0,3.0,1.0,B01
201300049581,0,7,0,0.0,1.0,0.0,4.0,A01
201300049582,0,7,0,0.0,2.0,8.0,19.0,A01
201300049582,0,1,0,0.0,2.0,1.0,1.0,B01
201300049583,0,33,0,8.0,0.0,1.0,14.0,A01
201300049584,0,38,1,0.0,1.0,2.0,1.0,A01
201300049585,0,7,0,0.0,2.0,3.0,1.0,B01
201300049585,0,10,0,0.0,2.0,1.0,1.0,A01
201300049586,0,7,0,0.0,1.0,1.0,1.0,A01
201300049587,0,1,0,0.0,2.0,1.0,1.0,B01
201300049587,0,7,0,0.0,2.0,2.0,15.0,A01
201300049588,0,30,0,0.0,2.0,1.0,1.0,B01
201300049588,0,7,0,0.0,2.0,8.0,9.0,A01
201300049589,0,7,0,0.0,2.0,1.0,1.0,B01
201300049589,0,7,0,0.0,2.0,3.0,19.0,A01
201300049590,0,7,0,6.0,0.0,1.0,1.0,A01
201300049591,0,7,0,7.0,0.0,1.0,16.0,A01
201300049592,0,7,0,4.0,0.0,1.0,1.0,A01
201300049593,0,32,0,0.0,2.0,8.0,1.0,B01
201300049593,0,7,0,0.0,2.0,8.0,9.0,A01
201300049594,0,7,0,0.0,2.0,3.0,16.0,A01
201300049594,0,7,0,0.0,2.0,8.0,1.0,B01
201300049595,0,7,0,3.0,0.0,1.0,14.0,A01
201300049596,0,7,0,0.0,2.0,7.0,23.0,B01
201300049596,0,1,0,0.0,2.0,0.0,13.0,A01
201300049597,0,7,0,0.0,1.0,1.0,15.0,A01
201300049598,0,7,0,0.0,2.0,2.0,1.0,A01
201300049598,0,32,0,0.0,2.0,6.0,2.0,B01
201300049599,1,7,0,0.0,2.0,0.0,0.0,Z01
201300049599,0,7,0,0.0,2.0,4.0,1.0,A01