Num_Acc,senc,catv,occutc,obs,obsm,choc,manv,num_veh
201300049600,0,7,0,1.0,2.0,4.0,2.0,B01
201300049600,0,7,0,0.0,2.0,1.0,2.0,A01
201300049601,0,33,0,0.0,2.0,8.0,1.0,B01
201300049601,0,7,0,0.0,2.0,1.0,15.0,A01
201300049602,0,34,0,0.0,2.0,1.0,1.0,B01
201300049602,0,7,0,0.0,2.0,1.0,15.0,A01
201300049603,0,10,0,0.0,2.0,2.0,0.0,A01
201300049603,0,7,0,0.0,2.0,8.0,0.0,B01
201300049604,0,7,0,0.0,2.0,1.0,15.0,A01
201300049604,0,33,0,0.0,2.0,7.0,1.0,B01
201300049605,0,7,0,8.0,1.0,1.0,20.0,A01
201300049606,0,33,0,0.0,2.0,2.0,14.0,B01
201300049606,0,7,0,0.0,2.0,3.0,1.0,A01
201300049607,0,7,0,0.0,2.0,3.0,2.0,A01
201300049607,0,7,0,0.0,2.0,4.0,2.0,B01
201300049608,0,33,0,0.0,0.0,8.0,15.0,A01
201300049609,0,7,0,0.0,2.0,3.0,1.0,A01
201300049609,0,1,0,0.0,2.0,8.0,19.0,B01
201300049610,0,7,0,0.0,2.0,3.0,2.0,B01
201300049610,0,7,0,0.0,2.0,3.0,15.0,A01
201300049611,0,7,0,0.0,1.0,1.0,0.0,A01
201300049612,0,7,0,0.0,1.0,0.0,0.0,A01
201300049613,0,7,0,0.0,1.0,3.0,1.0,A01
201300049614,0,38,1,0.0,1.0,0.0,1.0,A01
201300049615,0,7,0,0.0,1.0,1.0,16.0,A01
201300049616,0,7,0,0.0,2.0,3.0,10.0,A01
201300049616,0,33,0,0.0,2.0,2.0,1.0,B01
201300049617,1,7,0,0.0,1.0,0.0,0.0,Z01
201300049618,0,7,0,0.0,2.0,3.0,1.0,A01
201300049618,0,2,0,0.0,2.0,2.0,14.0,B01
201300049619,0,31,0,0.0,0.0,7.0,17.0,A01
201300049620,0,7,0,0.0,1.0,1.0,1.0,A01
201300049621,0,7,0,0.0,1.0,6.0,1.0,A01
201300049622,0,7,0,0.0,2.0,1.0,15.0,A01
201300049622,0,30,0,0.0,2.0,3.0,2.0,B01
201300049623,0,32,0,0.0,2.0,1.0,17.0,A01
201300049623,0,7,0,0.0,2.0,4.0,15.0,B01
201300049624,0,7,0,6.0,0.0,1.0,1.0,A01
201300049625,0,7,0,0.0,2.0,2.0,1.0,A01
201300049625,0,7,0,0.0,2.0,3.0,0.0,B01
201300049626,0,7,0,2.0,0.0,1.0,1.0,A01
201300049627,0,30,0,0.0,2.0,8.0,1.0,B01
201300049627,0,7,0,0.0,2.0,2.0,14.0,A01
201300049628,0,30,0,0.0,0.0,7.0,1.0,A01
201300049629,0,7,0,0.0,9.0,1.0,2.0,A01
201300049629,0,30,0,0.0,0.0,4.0,24.0,B01
201300049630,0,7,0,8.0,2.0,7.0,1.0,B01
201300049630,2,7,0,8.0,2.0,1.0,1.0,Z01
201300049631,0,32,0,0.0,2.0,1.0,1.0,B01
201300049631,1,7,0,0.0,2.0,8.0,1.0,A01
201300049632,0,7,0,0.0,9.0,3.0,16.0,A01
201300049632,0,1,0,0.0,2.0,2.0,15.0,B01
201300049633,0,1,0,0.0,2.0,1.0,15.0,A01
201300049633,0,7,0,0.0,2.0,3.0,15.0,B01
201300049634,0,7,0,0.0,1.0,7.0,9.0,A01
201300049635,0,7,0,8.0,2.0,4.0,23.0,B01
201300049635,0,10,0,0.0,2.0,2.0,1.0,A01
201300049636,0,1,0,1.0,0.0,1.0,14.0,A01
201300049637,0,7,0,0.0,1.0,1.0,1.0,A01
201300049638,0,7,0,0.0,1.0,2.0,15.0,A01
201300049639,0,34,0,0.0,0.0,0.0,0.0,A01
201300049640,0,7,0,0.0,1.0,1.0,1.0,A01
201300049641,0,7,0,0.0,2.0,2.0,1.0,B01
201300049641,0,30,0,0.0,2.0,8.0,9.0,A01
201300049642,0,30,0,0.0,0.0,0.0,1.0,A01
201300049643,0,2,0,0.0,1.0,1.0,13.0,A01
201300049644,0,7,0,0.0,2.0,1.0,1.0,A01
201300049644,0,7,0,0.0,2.0,4.0,1.0,B01
201300049645,0,7,0,0.0,2.0,3.0,1.0,C01
201300049645,0,7,0,0.0,2.0,6.0,1.0,B01
201300049645,0,7,0,0.0,2.0,2.0,19.0,A01
201300049646,0,7,0,0.0,1.0,5.0,4.0,A01
201300049647,0,7,0,1.0,0.0,2.0,1.0,A01
201300049648,0,7,0,0.0,2.0,3.0,9.0,A01
201300049648,0,30,0,0.0,2.0,1.0,1.0,B01
201300049649,0,10,0,0.0,2.0,4.0,1.0,B01
201300049649,0,7,0,0.0,2.0,1.0,1.0,A01
201300049650,0,7,0,0.0,1.0,1.0,0.0,A01
201300049651,0,7,0,0.0,1.0,1.0,15.0,A01
201300049652,0,33,0,0.0,2.0,0.0,15.0,B01
201300049652,0,7,0,0.0,2.0,2.0,15.0,A01
201300049653,0,7,0,0.0,1.0,2.0,1.0,A01
201300049654,0,7,0,0.0,2.0,3.0,1.0,B01
201300049654,0,7,0,0.0,0.0,0.0,13.0,C01
201300049654,0,31,0,0.0,2.0,1.0,21.0,A01
201300049655,0,10,0,0.0,2.0,4.0,4.0,A01
201300049655,0,32,0,0.0,2.0,1.0,1.0,B01
201300049656,0,7,0,0.0,2.0,3.0,1.0,B01
201300049656,0,7,0,6.0,2.0,1.0,5.0,A01
201300049657,1,7,0,0.0,2.0,0.0,13.0,Z01
201300049657,0,7,0,12.0,2.0,5.0,1.0,B01
201300049658,0,7,0,0.0,1.0,1.0,1.0,A01
201300049659,0,31,0,0.0,2.0,1.0,1.0,B01
201300049659,0,7,0,0.0,2.0,1.0,15.0,A01
201300049660,0,7,0,0.0,1.0,3.0,1.0,B01
201300049660,0,7,0,0.0,1.0,3.0,1.0,A01
201300049661,0,7,0,0.0,2.0,1.0,2.0,A01
201300049661,0,7,0,3.0,2.0,4.0,9.0,B01
201300049662,0,7,0,0.0,2.0,3.0,15.0,A01
201300049662,0,32,0,0.0,2.0,3.0,1.0,B01
201300049663,0,7,0,0.0,0.0,1.0,15.0,A01
201300049663,0,30,0,0.0,2.0,8.0,1.0,B01
201300049664,0,7,0,14.0,1.0,1.0,7.0,A01
201300049665,0,13,0,0.0,1.0,3.0,15.0,A01
201300049666,0,31,0,0.0,0.0,7.0,0.0,B01
201300049666,0,7,0,0.0,2.0,1.0,2.0,A01
201300049667,0,7,0,0.0,0.0,4.0,23.0,C01
201300049667,0,7,0,0.0,2.0,4.0,23.0,B01
201300049667,0,7,0,0.0,2.0,2.0,9.0,A01
201300049668,0,34,0,0.0,0.0,3.0,0.0,A01
201300049669,0,7,0,0.0,2.0,1.0,2.0,A01
201300049669,0,7,0,0.0,2.0,4.0,23.0,B01
201300049669,0,7,0,0.0,0.0,4.0,23.0,C01
201300049670,0,7,0,0.0,0.0,5.0,23.0,B01
201300049670,0,7,0,0.0,0.0,8.0,23.0,C01
201300049670,2,7,0,0.0,2.0,3.0,3.0,A01
201300049671,0,7,0,0.0,2.0,1.0,2.0,A01
201300049671,0,7,0,0.0,2.0,4.0,23.0,B01
201300049671,0,7,0,0.0,2.0,4.0,23.0,C01
201300049671,0,7,0,0.0,0.0,4.0,23.0,D01
201300049672,0,7,0,0.0,2.0,8.0,11.0,A01
201300049672,0,33,0,0.0,0.0,7.0,1.0,B01
201300049673,0,7,0,0.0,2.0,1.0,1.0,A01
201300049673,0,7,0,0.0,2.0,4.0,23.0,B01
201300049673,0,7,0,0.0,0.0,4.0,23.0,C01
201300049674,0,7,0,0.0,2.0,1.0,2.0,A01
201300049674,0,7,0,0.0,0.0,4.0,1.0,B01
201300049675,0,7,0,1.0,2.0,1.0,21.0,A01
201300049675,0,7,0,0.0,0.0,5.0,23.0,B01
201300049675,0,7,0,0.0,0.0,8.0,1.0,C01
201300049676,0,7,0,0.0,1.0,2.0,23.0,A01
201300049677,0,10,0,0.0,2.0,1.0,2.0,A01
201300049677,0,7,0,0.0,0.0,4.0,1.0,B01
201300049678,0,10,0,4.0,0.0,1.0,13.0,A01
201300049679,0,10,0,0.0,2.0,1.0,1.0,A01
201300049679,0,7,0,0.0,0.0,4.0,1.0,B01
201300049680,0,7,0,0.0,2.0,2.0,2.0,A01
201300049680,0,7,0,0.0,0.0,6.0,2.0,B01
201300049681,0,7,0,0.0,2.0,4.0,2.0,B01
201300049681,0,7,0,3.0,0.0,8.0,1.0,C01
201300049681,0,7,0,0.0,2.0,1.0,2.0,A01
201300049682,0,7,0,0.0,2.0,1.0,1.0,A01
201300049682,0,7,0,0.0,2.0,4.0,23.0,B01
201300049682,0,7,0,0.0,2.0,4.0,23.0,C01
201300049682,0,7,0,0.0,0.0,4.0,23.0,D01
201300049683,0,7,0,4.0,0.0,3.0,21.0,A01
201300049684,0,7,0,0.0,2.0,1.0,1.0,A01
201300049684,0,7,0,0.0,0.0,4.0,23.0,C01
201300049684,0,7,0,0.0,2.0,4.0,23.0,B01
201300049685,0,7,0,0.0,2.0,2.0,2.0,A01
201300049685,0,7,0,0.0,0.0,6.0,23.0,B01
201300049686,0,7,0,0.0,2.0,3.0,21.0,B01
201300049686,0,7,0,0.0,2.0,3.0,5.0,A01
201300049687,0,7,0,0.0,0.0,4.0,23.0,B01
201300049687,0,7,0,0.0,2.0,1.0,2.0,A01
201300049688,0,33,0,0.0,0.0,7.0,1.0,A01
201300049689,0,10,0,0.0,2.0,3.0,2.0,A01
201300049689,0,10,0,4.0,0.0,4.0,1.0,B01
201300049690,0,7,0,15.0,0.0,3.0,13.0,A01
201300049691,0,10,0,0.0,0.0,8.0,2.0,B01
201300049691,0,10,0,0.0,2.0,1.0,2.0,A01
201300049692,0,7,0,0.0,2.0,5.0,2.0,B01
201300049692,0,7,0,0.0,0.0,4.0,2.0,A01
201300049692,0,7,0,0.0,2.0,1.0,1.0,C01
201300049693,0,10,0,0.0,2.0,4.0,2.0,C01
201300049693,0,10,0,0.0,2.0,4.0,2.0,B01
201300049693,0,10,0,0.0,2.0,3.0,2.0,A01
201300049694,0,7,0,0.0,0.0,4.0,2.0,B01
201300049694,0,7,0,0.0,2.0,1.0,1.0,A01
201300049695,0,7,0,3.0,0.0,1.0,14.0,A01
201300049696,0,33,0,0.0,2.0,1.0,2.0,A01
201300049696,0,10,0,0.0,9.0,5.0,1.0,B01
201300049697,0,7,0,0.0,2.0,4.0,2.0,C01
201300049697,0,7,0,0.0,0.0,4.0,2.0,D01
201300049697,0,10,0,0.0,2.0,4.0,2.0,B01
201300049697,0,38,1,0.0,2.0,1.0,2.0,A01
201300049698,0,7,0,4.0,2.0,7.0,17.0,B01
201300049698,0,7,0,4.0,2.0,8.0,11.0,A01
201300049699,0,7,0,4.0,0.0,2.0,21.0,A01
201300049700,0,33,0,0.0,9.0,1.0,1.0,B01
201300049700,0,1,0,0.0,0.0,4.0,19.0,A01
201300049701,0,34,0,0.0,0.0,2.0,1.0,A01
201300049702,0,7,0,0.0,2.0,1.0,2.0,A01
201300049702,0,7,0,0.0,0.0,4.0,23.0,B01
201300049703,0,7,0,0.0,2.0,2.0,21.0,A01
201300049703,0,7,0,0.0,2.0,6.0,23.0,B01
201300049703,0,7,0,0.0,2.0,4.0,23.0,C01
201300049703,0,7,0,0.0,0.0,4.0,23.0,D01
201300049704,0,33,0,0.0,0.0,7.0,1.0,A01
201300049705,0,7,0,15.0,2.0,1.0,2.0,A01
201300049705,0,7,0,0.0,0.0,4.0,1.0,B01
201300049706,0,7,0,4.0,0.0,1.0,17.0,A01
201300049707,0,33,0,0.0,0.0,7.0,17.0,A01
201300049708,0,7,0,0.0,0.0,8.0,9.0,B01
201300049708,1,14,0,0.0,2.0,2.0,1.0,A01
201300049709,0,34,0,0.0,2.0,1.0,21.0,C01
201300049709,0,7,0,0.0,0.0,4.0,23.0,B01
201300049709,0,7,0,0.0,2.0,1.0,2.0,A01
201300049710,0,7,0,4.0,0.0,6.0,21.0,A01
201300049711,0,7,0,0.0,2.0,1.0,2.0,A01
201300049711,0,7,0,0.0,0.0,4.0,23.0,B01
201300049712,0,10,0,0.0,2.0,1.0,2.0,A01
201300049712,0,7,0,0.0,0.0,4.0,1.0,B01
201300049713,1,7,0,0.0,2.0,1.0,11.0,A01
201300049713,0,7,0,3.0,0.0,6.0,1.0,B01
201300049713,0,10,0,14.0,0.0,1.0,1.0,C01
201300049714,2,7,0,7.0,2.0,3.0,2.0,A01
201300049714,0,7,0,0.0,0.0,4.0,12.0,B01
201300049714,0,7,0,0.0,2.0,1.0,1.0,C01
201300049715,0,33,0,0.0,0.0,8.0,1.0,B01
201300049715,1,7,0,0.0,2.0,7.0,12.0,A01
201300049716,0,10,0,0.0,2.0,2.0,14.0,A01
201300049716,0,7,0,0.0,0.0,3.0,1.0,B01
201300049717,0,7,0,0.0,2.0,1.0,2.0,A01
201300049717,0,7,0,0.0,2.0,4.0,2.0,B01
201300049717,0,7,0,0.0,0.0,4.0,2.0,C01
201300049718,2,7,0,0.0,2.0,1.0,2.0,A01
201300049718,0,7,0,0.0,0.0,4.0,1.0,B01
201300049719,0,33,0,0.0,2.0,1.0,1.0,A01
201300049719,0,7,0,0.0,0.0,5.0,17.0,B01
201300049720,0,7,0,0.0,0.0,4.0,1.0,B01
201300049720,0,7,0,0.0,2.0,1.0,2.0,A01
201300049721,0,33,0,0.0,0.0,8.0,1.0,C01
201300049721,0,10,0,0.0,0.0,4.0,23.0,B01
201300049721,0,7,0,0.0,2.0,1.0,1.0,A01
201300049722,0,7,0,0.0,2.0,1.0,1.0,A01
201300049722,0,7,0,0.0,2.0,5.0,23.0,B01
201300049722,0,7,0,0.0,0.0,4.0,23.0,C01
201300049723,0,7,0,0.0,0.0,8.0,1.0,B01
201300049723,0,7,0,0.0,2.0,2.0,17.0,A01
201300049724,0,33,0,0.0,2.0,1.0,11.0,A01
201300049724,0,10,0,0.0,0.0,6.0,1.0,B01
201300049725,0,7,0,4.0,0.0,7.0,13.0,A01
201300049726,0,34,0,0.0,2.0,7.0,21.0,B01
201300049726,0,7,0,0.0,0.0,6.0,23.0,A01
201300049727,0,7,0,0.0,2.0,4.0,2.0,C01
201300049727,0,7,0,0.0,2.0,1.0,2.0,A01
201300049727,0,7,0,0.0,0.0,4.0,2.0,D01
201300049727,0,7,0,0.0,2.0,4.0,2.0,B01
201300049728,0,34,0,5.0,0.0,2.0,14.0,A01
201300049729,0,7,0,4.0,0.0,8.0,13.0,A01
201300049730,0,34,0,0.0,0.0,0.0,3.0,A01
201300049731,0,7,0,0.0,0.0,8.0,1.0,C01
201300049731,0,7,0,0.0,0.0,4.0,23.0,D01
201300049731,0,7,0,0.0,2.0,3.0,21.0,B01
201300049731,0,7,0,4.0,0.0,1.0,17.0,A01
201300049731,0,7,0,0.0,2.0,1.0,21.0,E01
201300049732,0,7,0,0.0,0.0,8.0,1.0,B01
201300049732,0,7,0,0.0,2.0,2.0,14.0,A01
201300049733,0,7,0,0.0,0.0,4.0,1.0,B01
201300049733,0,7,0,0.0,2.0,1.0,12.0,A01
201300049734,0,7,0,0.0,2.0,4.0,23.0,B01
201300049734,0,7,0,0.0,0.0,4.0,23.0,C01
201300049734,0,7,0,0.0,2.0,1.0,2.0,A01
201300049735,0,7,0,3.0,0.0,7.0,1.0,B01
201300049735,0,7,0,4.0,2.0,2.0,1.0,A01
201300049735,0,7,0,3.0,2.0,1.0,1.0,C01
201300049736,0,7,0,0.0,2.0,1.0,1.0,A01
201300049736,0,32,0,0.0,0.0,4.0,23.0,B01
201300049737,0,7,0,0.0,2.0,1.0,2.0,A01
201300049737,0,7,0,0.0,2.0,4.0,2.0,B01
201300049737,0,7,0,0.0,0.0,4.0,2.0,C01
201300049738,0,7,0,13.0,0.0,7.0,1.0,A01
201300049739,0,7,0,0.0,0.0,3.0,1.0,A01
201300049740,0,7,0,0.0,2.0,1.0,2.0,B01
201300049740,0,7,0,0.0,0.0,4.0,2.0,A01
201300049741,0,7,0,3.0,0.0,1.0,6.0,A01
201300049742,0,7,0,0.0,2.0,1.0,1.0,C01
201300049742,0,7,0,0.0,2.0,4.0,1.0,B01
201300049742,0,7,0,0.0,0.0,4.0,1.0,A01
201300049743,0,10,0,0.0,2.0,4.0,2.0,A01
201300049743,0,7,0,0.0,2.0,1.0,2.0,B01
201300049744,0,10,0,3.0,0.0,1.0,21.0,A01
201300049745,0,7,0,0.0,0.0,1.0,1.0,B01
201300049745,0,7,0,0.0,0.0,4.0,1.0,A01
201300049746,0,33,0,5.0,0.0,1.0,2.0,A01
201300049747,0,10,0,0.0,0.0,4.0,1.0,A01
201300049747,0,7,0,0.0,2.0,1.0,2.0,B01
201300049748,0,34,0,0.0,0.0,1.0,1.0,A01
201300049749,0,33,0,0.0,0.0,0.0,1.0,A01
201300049750,0,7,0,0.0,2.0,4.0,2.0,A01
201300049750,0,7,0,0.0,2.0,4.0,2.0,B01
201300049750,0,7,0,0.0,2.0,1.0,2.0,C01
201300049751,0,7,0,0.0,2.0,4.0,2.0,B01
201300049751,0,7,0,0.0,2.0,8.0,1.0,C01
201300049751,0,7,0,0.0,2.0,1.0,1.0,A01
201300049752,0,7,0,0.0,2.0,1.0,1.0,B01
201300049752,0,7,0,0.0,0.0,4.0,1.0,A01
201300049753,0,14,0,0.0,0.0,6.0,0.0,A01
201300049753,0,7,0,0.0,2.0,2.0,21.0,B01
201300049754,0,7,0,0.0,2.0,4.0,2.0,A01
201300049754,0,7,0,0.0,2.0,1.0,2.0,B01
201300049755,0,7,0,0.0,2.0,1.0,2.0,B01
201300049755,0,7,0,0.0,2.0,4.0,2.0,A01
201300049756,0,7,0,0.0,0.0,1.0,2.0,B01
201300049756,0,7,0,0.0,0.0,4.0,2.0,A01
201300049757,0,7,0,0.0,0.0,9.0,1.0,A01
201300049758,0,7,0,4.0,0.0,9.0,1.0,A01
201300049759,0,33,0,0.0,0.0,0.0,1.0,A01
201300049760,0,10,0,0.0,0.0,4.0,2.0,A01
201300049760,0,10,0,0.0,2.0,1.0,2.0,B01
201300049761,0,7,0,0.0,2.0,1.0,2.0,A01
201300049761,0,33,0,0.0,2.0,4.0,2.0,B01
201300049762,0,7,0,0.0,0.0,6.0,23.0,A01
201300049762,0,10,0,1.0,0.0,2.0,14.0,B01
201300049762,0,10,0,0.0,2.0,1.0,21.0,C01
201300049763,0,7,0,0.0,2.0,4.0,1.0,B01
201300049763,0,7,0,0.0,2.0,3.0,1.0,C01
201300049763,0,7,0,0.0,2.0,4.0,1.0,A01
201300049764,0,7,0,0.0,0.0,4.0,2.0,A01
201300049764,0,7,0,0.0,2.0,1.0,2.0,B01
201300049765,0,7,0,0.0,0.0,4.0,23.0,A01
201300049765,0,7,0,0.0,2.0,1.0,2.0,B01
201300049766,0,7,0,0.0,0.0,9.0,21.0,A01
201300049767,0,14,0,3.0,0.0,1.0,1.0,A01
201300049768,0,7,0,0.0,0.0,4.0,2.0,A01
201300049769,0,10,0,0.0,0.0,0.0,0.0,A01
201300049770,0,7,0,0.0,2.0,3.0,2.0,B01
201300049770,0,14,0,0.0,0.0,5.0,23.0,A01
201300049771,0,7,0,0.0,0.0,6.0,1.0,A01
201300049771,0,7,0,0.0,2.0,1.0,1.0,B01
201300049772,0,7,0,0.0,0.0,6.0,1.0,A01
201300049772,0,15,0,0.0,0.0,2.0,12.0,B01
201300049773,0,7,0,0.0,2.0,5.0,17.0,B01
201300049773,0,7,0,0.0,2.0,3.0,13.0,A01
201300049774,0,7,0,0.0,2.0,1.0,2.0,C01
201300049774,0,7,0,0.0,2.0,9.0,2.0,B01
201300049774,0,7,0,0.0,2.0,4.0,2.0,A01
201300049775,0,7,0,0.0,2.0,4.0,0.0,B01
201300049775,0,7,0,0.0,2.0,1.0,0.0,C01
201300049775,0,7,0,0.0,2.0,1.0,0.0,A01
201300049775,0,7,0,0.0,2.0,1.0,0.0,D01
201300049776,0,33,0,0.0,9.0,7.0,2.0,A01
201300049777,0,7,0,0.0,0.0,1.0,0.0,A01
201300049778,0,7,0,0.0,0.0,1.0,2.0,B01
201300049778,0,7,0,0.0,0.0,4.0,2.0,A01
201300049779,0,7,0,0.0,2.0,4.0,2.0,A01
201300049779,0,14,0,0.0,2.0,8.0,13.0,C01
201300049779,0,7,0,0.0,2.0,7.0,2.0,B01
201300049779,0,7,0,0.0,2.0,7.0,2.0,D01
201300049779,0,7,0,0.0,2.0,1.0,2.0,E01
201300049780,0,10,0,0.0,2.0,1.0,1.0,B01
201300049780,0,10,0,0.0,0.0,4.0,11.0,A01
201300049781,0,7,0,0.0,0.0,4.0,0.0,A01
201300049781,0,7,0,0.0,2.0,1.0,1.0,B01
201300049782,0,7,0,0.0,2.0,4.0,1.0,B01
201300049782,0,7,0,0.0,2.0,1.0,1.0,D01
201300049782,0,7,0,0.0,2.0,4.0,1.0,A01
201300049782,0,7,0,0.0,2.0,4.0,1.0,C01
201300049783,0,7,0,4.0,0.0,1.0,21.0,A01
201300049784,0,7,0,3.0,0.0,1.0,21.0,A01
201300049785,0,7,0,3.0,0.0,1.0,0.0,A01
201300049786,0,7,0,0.0,0.0,0.0,2.0,C01
201300049786,0,7,0,0.0,0.0,4.0,2.0,A01
201300049786,0,14,0,0.0,0.0,1.0,2.0,D01
201300049786,0,7,0,0.0,0.0,4.0,2.0,B01
201300049787,1,99,0,0.0,2.0,2.0,0.0,Z01
201300049787,0,7,0,0.0,2.0,1.0,2.0,B01
201300049787,0,7,0,4.0,0.0,4.0,1.0,A01
201300049788,0,7,0,0.0,2.0,4.0,2.0,B01
201300049788,0,7,0,0.0,2.0,1.0,2.0,C01
201300049788,0,7,0,0.0,0.0,4.0,2.0,A01
201300049789,0,7,0,4.0,0.0,1.0,2.0,A01
201300049789,0,10,0,14.0,0.0,1.0,2.0,B01
201300049790,0,7,0,6.0,0.0,1.0,2.0,A01
201300049791,0,7,0,0.0,0.0,6.0,1.0,A01
201300049791,0,7,0,0.0,2.0,1.0,3.0,B01
201300049792,0,7,0,0.0,0.0,4.0,23.0,A01
201300049792,0,7,0,0.0,2.0,1.0,2.0,B01
201300049793,0,7,0,0.0,0.0,9.0,1.0,A01
201300049794,0,7,0,3.0,0.0,1.0,1.0,A01
201300049795,0,7,0,0.0,2.0,1.0,2.0,B01
201300049795,0,7,0,0.0,2.0,4.0,2.0,A01
201300049796,0,7,0,0.0,2.0,1.0,2.0,E02
201300049796,0,7,0,0.0,2.0,1.0,2.0,B01
201300049796,0,7,0,0.0,0.0,4.0,0.0,A01
201300049796,0,7,0,0.0,0.0,1.0,1.0,C01
201300049796,0,7,0,0.0,0.0,4.0,2.0,D01
201300049796,0,7,0,0.0,2.0,3.0,2.0,F01
201300049796,0,7,0,0.0,2.0,1.0,2.0,G02
201300049797,0,10,0,0.0,2.0,1.0,2.0,B01
201300049797,0,10,0,0.0,2.0,4.0,2.0,A01
201300049798,0,7,0,0.0,0.0,6.0,2.0,A01
201300049798,0,7,0,0.0,0.0,1.0,2.0,B01
201300049798,0,7,0,0.0,0.0,1.0,2.0,C01
201300049799,0,7,0,0.0,2.0,0.0,2.0,A01
201300049799,0,7,0,0.0,9.0,1.0,2.0,B01
201300049800,0,7,0,0.0,2.0,4.0,0.0,A01
201300049800,0,10,0,0.0,2.0,1.0,2.0,B01
201300049801,0,7,0,0.0,2.0,2.0,2.0,C01
201300049801,0,7,0,4.0,0.0,9.0,11.0,A01
201300049801,0,7,0,0.0,2.0,1.0,2.0,B01
201300049802,0,10,0,3.0,0.0,1.0,1.0,A01
201300049803,0,15,0,0.0,2.0,2.0,14.0,A01
201300049804,0,14,0,0.0,2.0,1.0,1.0,C01
201300049804,0,33,0,0.0,2.0,4.0,2.0,A01
201300049804,0,10,0,0.0,2.0,4.0,2.0,B01
201300049805,0,33,0,0.0,2.0,1.0,2.0,B01
201300049805,0,7,0,0.0,0.0,4.0,2.0,A01
201300049806,0,7,0,4.0,0.0,1.0,2.0,A01
201300049807,0,7,0,4.0,0.0,2.0,1.0,A01
201300049808,0,10,0,0.0,2.0,4.0,2.0,C01
201300049808,0,7,0,0.0,2.0,1.0,2.0,D01
201300049808,0,7,0,0.0,2.0,1.0,2.0,B01
201300049808,0,7,0,0.0,2.0,4.0,2.0,A01
201300049809,0,7,0,0.0,2.0,4.0,2.0,B01
201300049809,0,7,0,0.0,2.0,4.0,2.0,A01
201300049810,0,7,0,0.0,2.0,1.0,2.0,B01
201300049810,0,7,0,0.0,2.0,4.0,2.0,A01
201300049811,0,7,0,0.0,2.0,4.0,2.0,B01
201300049811,0,7,0,4.0,2.0,4.0,2.0,A01
201300049812,0,10,0,0.0,0.0,4.0,1.0,A01
201300049812,0,7,0,14.0,0.0,1.0,1.0,B01
201300049813,0,7,0,4.0,0.0,3.0,1.0,A01
201300049814,0,7,0,0.0,2.0,4.0,1.0,C01
201300049814,0,7,0,0.0,2.0,1.0,2.0,D01
201300049814,0,7,0,0.0,0.0,4.0,1.0,A01
201300049814,0,7,0,0.0,2.0,4.0,1.0,B01
201300049815,0,7,0,0.0,2.0,1.0,2.0,C01
201300049815,0,7,0,0.0,0.0,8.0,1.0,A01
201300049815,0,7,0,0.0,0.0,4.0,2.0,B01
201300049816,0,7,0,15.0,0.0,1.0,2.0,A01
201300049817,0,7,0,0.0,2.0,1.0,2.0,C01
201300049817,0,7,0,0.0,2.0,4.0,2.0,A01
201300049817,0,7,0,0.0,2.0,4.0,2.0,B01
201300049818,0,7,0,0.0,2.0,4.0,1.0,A01
201300049818,0,7,0,0.0,2.0,1.0,2.0,C01
201300049818,0,7,0,0.0,2.0,4.0,2.0,B01
201300049819,0,7,0,0.0,2.0,1.0,1.0,B01
201300049819,0,7,0,0.0,2.0,4.0,1.0,A01
201300049820,0,7,0,0.0,0.0,4.0,2.0,B01
201300049820,0,7,0,0.0,0.0,1.0,2.0,C01
201300049820,0,7,0,0.0,0.0,4.0,2.0,A01
201300049821,0,10,0,0.0,2.0,4.0,2.0,A01
201300049821,0,7,0,0.0,2.0,1.0,2.0,B01
201300049822,0,7,0,0.0,2.0,4.0,2.0,A01
201300049822,0,7,0,0.0,2.0,1.0,2.0,B01
201300049823,0,7,0,0.0,2.0,4.0,2.0,A01
201300049823,0,7,0,0.0,2.0,1.0,2.0,B01
201300049824,0,7,0,0.0,2.0,1.0,2.0,C01
201300049824,0,7,0,0.0,2.0,4.0,2.0,B01
201300049824,0,7,0,0.0,0.0,4.0,2.0,A01
201300049825,0,7,0,4.0,0.0,1.0,0.0,A01
201300049826,0,7,0,0.0,0.0,4.0,0.0,A01
201300049826,0,13,0,0.0,0.0,1.0,0.0,B01
201300049827,0,7,0,0.0,0.0,0.0,0.0,A01
201300049828,0,7,0,0.0,2.0,2.0,17.0,A01
201300049828,0,10,0,0.0,2.0,1.0,1.0,C01
201300049828,0,2,0,0.0,2.0,4.0,1.0,B01
201300049829,0,7,0,0.0,2.0,4.0,2.0,A01
201300049829,0,7,0,0.0,2.0,1.0,2.0,B01
201300049830,0,7,0,0.0,0.0,6.0,17.0,A01
201300049830,0,33,0,0.0,2.0,2.0,1.0,B01
201300049831,0,33,0,0.0,2.0,1.0,3.0,B01
201300049831,0,7,0,0.0,2.0,3.0,11.0,A01
201300049832,0,33,0,0.0,0.0,0.0,0.0,A01
201300049833,0,7,0,0.0,2.0,7.0,1.0,B01
201300049833,0,7,0,3.0,2.0,8.0,11.0,A01
201300049834,0,10,0,0.0,0.0,6.0,0.0,A01
201300049834,0,15,0,0.0,2.0,7.0,1.0,B01
201300049835,0,7,0,4.0,0.0,3.0,1.0,A01
201300049836,0,7,0,0.0,2.0,4.0,2.0,A01
201300049836,0,10,0,0.0,2.0,1.0,2.0,B01
201300049837,0,33,0,0.0,0.0,7.0,1.0,A01
201300049838,0,15,0,0.0,2.0,3.0,1.0,B01
201300049838,0,14,0,0.0,2.0,2.0,21.0,A01