Num_Acc,senc,catv,occutc,obs,obsm,choc,manv,num_veh
201300050329,0,33,0,14.0,0.0,3.0,13.0,A01
201300050330,0,37,45,0.0,1.0,7.0,8.0,A01
201300050331,0,33,0,0.0,1.0,2.0,1.0,A01
201300050332,0,7,0,0.0,2.0,3.0,11.0,A01
201300050332,0,1,0,0.0,2.0,2.0,1.0,B01
201300050333,0,33,0,0.0,0.0,0.0,0.0,A01
201300050334,0,7,0,0.0,2.0,1.0,1.0,B01
201300050334,0,7,0,0.0,2.0,4.0,23.0,A01
201300050335,0,2,0,0.0,2.0,1.0,1.0,A01
201300050335,0,7,0,0.0,2.0,7.0,1.0,C01
201300050335,0,7,0,0.0,2.0,6.0,23.0,B01
201300050336,0,32,0,0.0,0.0,0.0,1.0,A01
201300050337,0,32,0,0.0,0.0,0.0,1.0,A01
201300050338,0,7,0,9.0,2.0,1.0,1.0,A01
201300050338,0,7,0,9.0,2.0,6.0,1.0,B01
201300050339,0,7,0,0.0,1.0,3.0,15.0,A01
201300050340,0,7,0,0.0,1.0,1.0,1.0,A01
201300050341,0,7,0,0.0,2.0,2.0,15.0,A01
201300050341,0,32,0,0.0,2.0,1.0,1.0,B01
201300050342,0,7,0,0.0,1.0,5.0,15.0,A01
201300050343,0,1,0,0.0,2.0,7.0,1.0,B01
201300050343,0,7,0,0.0,2.0,3.0,22.0,A01
201300050344,0,7,0,0.0,2.0,8.0,1.0,B01
201300050344,0,30,0,0.0,2.0,0.0,1.0,A01
201300050345,0,32,0,0.0,2.0,2.0,1.0,B01
201300050345,0,7,0,0.0,2.0,3.0,9.0,A01
201300050346,0,33,0,0.0,1.0,8.0,1.0,A01
201300050347,0,7,0,0.0,1.0,0.0,15.0,A01
201300050348,0,1,0,0.0,1.0,0.0,7.0,A01
201300050349,0,1,0,0.0,2.0,3.0,13.0,A01
201300050349,0,34,0,0.0,2.0,2.0,1.0,B01
201300050350,0,7,0,0.0,2.0,8.0,15.0,A01
201300050350,0,31,0,0.0,2.0,0.0,1.0,B01
201300050351,0,7,0,0.0,2.0,5.0,23.0,B01
201300050351,0,7,0,0.0,2.0,3.0,2.0,A01
201300050352,0,2,0,0.0,2.0,7.0,1.0,A01
201300050352,0,7,0,0.0,2.0,0.0,1.0,B01
201300050353,0,7,0,11.0,0.0,2.0,1.0,A01
201300050354,0,32,0,0.0,2.0,3.0,1.0,B01
201300050354,0,7,0,0.0,9.0,2.0,1.0,A01
201300050355,0,7,0,0.0,1.0,3.0,15.0,A01
201300050356,0,1,0,0.0,2.0,0.0,1.0,B01
201300050356,0,7,0,0.0,2.0,0.0,1.0,A01
201300050357,0,13,0,0.0,0.0,4.0,24.0,A01
201300050357,0,32,0,1.0,0.0,8.0,9.0,B01
201300050358,0,7,0,9.0,1.0,1.0,13.0,A01
201300050359,0,32,0,0.0,2.0,1.0,1.0,A01
201300050359,0,31,0,0.0,0.0,4.0,1.0,B01
201300050360,0,7,0,0.0,0.0,3.0,15.0,A01
201300050360,0,2,0,0.0,2.0,3.0,17.0,B01
201300050361,0,7,0,0.0,2.0,8.0,22.0,A01
201300050361,0,1,0,1.0,0.0,0.0,17.0,B01
201300050362,0,33,0,0.0,2.0,1.0,1.0,A01
201300050362,0,32,0,0.0,0.0,4.0,15.0,B01
201300050363,0,30,0,0.0,0.0,4.0,23.0,B01
201300050363,0,7,0,0.0,2.0,1.0,2.0,A01
201300050364,0,7,0,0.0,1.0,1.0,15.0,A01
201300050365,0,7,0,0.0,1.0,1.0,0.0,A01
201300050366,1,7,0,0.0,2.0,3.0,23.0,B01
201300050366,0,7,0,0.0,2.0,3.0,1.0,A01
201300050367,1,7,0,0.0,1.0,0.0,1.0,Z01
201300050368,0,7,0,0.0,2.0,2.0,1.0,B01
201300050368,0,10,0,0.0,2.0,3.0,1.0,A01
201300050369,0,32,0,0.0,2.0,6.0,17.0,A01
201300050369,0,7,0,0.0,0.0,6.0,11.0,B01
201300050370,0,7,0,0.0,2.0,2.0,1.0,B01
201300050370,0,1,0,0.0,2.0,1.0,1.0,A01
201300050371,0,32,0,0.0,0.0,8.0,1.0,A01
201300050372,0,7,0,0.0,1.0,5.0,17.0,A01
201300050373,0,7,0,0.0,2.0,5.0,23.0,B01
201300050373,0,7,0,0.0,2.0,3.0,2.0,A01
201300050374,0,32,0,0.0,2.0,1.0,2.0,A01
201300050374,0,7,0,0.0,2.0,5.0,23.0,B01
201300050375,0,33,0,0.0,2.0,8.0,1.0,B01
201300050375,0,2,0,0.0,0.0,1.0,1.0,A01
201300050376,0,30,0,0.0,0.0,7.0,2.0,A01
201300050377,0,7,0,0.0,0.0,6.0,23.0,C01
201300050377,0,2,0,0.0,2.0,6.0,5.0,A01
201300050377,0,2,0,0.0,2.0,8.0,1.0,B01
201300050378,0,1,0,1.0,0.0,1.0,1.0,B01
201300050378,0,7,0,0.0,0.0,5.0,22.0,A01
201300050379,0,7,0,0.0,2.0,5.0,22.0,A01
201300050379,0,32,0,0.0,2.0,8.0,18.0,B01
201300050380,0,7,0,0.0,1.0,1.0,1.0,A01
201300050381,0,7,0,0.0,1.0,7.0,1.0,A01
201300050382,0,7,0,0.0,2.0,2.0,1.0,A01
201300050382,0,33,0,0.0,2.0,1.0,1.0,B01
201300050383,1,10,0,0.0,1.0,5.0,4.0,Z01
201300050384,0,30,0,0.0,2.0,3.0,2.0,A01
201300050384,0,32,0,0.0,2.0,0.0,15.0,B01
201300050385,0,7,0,0.0,1.0,1.0,1.0,A01
201300050386,0,7,0,0.0,1.0,2.0,15.0,A01
201300050387,0,33,0,1.0,1.0,1.0,1.0,A01
201300050388,0,31,0,0.0,1.0,1.0,1.0,A01
201300050389,0,7,0,0.0,2.0,2.0,1.0,B01
201300050389,0,30,0,0.0,2.0,1.0,1.0,A01
201300050390,0,10,0,0.0,1.0,4.0,4.0,A01
201300050391,0,10,0,0.0,2.0,3.0,11.0,A01
201300050391,0,2,0,0.0,2.0,1.0,17.0,B01
201300050392,0,7,0,8.0,0.0,1.0,14.0,A01
201300050393,0,1,0,0.0,1.0,1.0,1.0,A01
201300050394,1,33,0,0.0,2.0,0.0,17.0,Z01
201300050394,0,32,0,0.0,2.0,1.0,1.0,A01
201300050395,0,7,0,0.0,2.0,7.0,16.0,B01
201300050395,0,32,0,0.0,2.0,1.0,18.0,A01
201300050396,0,30,0,0.0,1.0,1.0,1.0,A01
201300050397,0,7,0,0.0,1.0,4.0,4.0,A01
201300050398,0,7,0,0.0,0.0,4.0,23.0,B01
201300050398,0,7,0,0.0,2.0,1.0,1.0,A01
201300050399,0,34,0,6.0,1.0,1.0,1.0,A01
201300050400,0,32,0,0.0,2.0,3.0,15.0,A01
201300050400,0,2,0,0.0,2.0,1.0,1.0,B01
201300050401,0,1,0,0.0,2.0,1.0,7.0,B01
201300050401,0,7,0,0.0,2.0,2.0,16.0,A01
201300050402,0,34,0,0.0,1.0,7.0,1.0,A01
201300050403,0,7,0,14.0,0.0,1.0,13.0,A01
201300050404,0,37,0,0.0,2.0,2.0,1.0,A01
201300050404,0,34,0,0.0,2.0,8.0,13.0,B01
201300050405,0,7,0,1.0,0.0,1.0,1.0,A01
201300050406,0,32,0,0.0,2.0,3.0,15.0,B01
201300050406,0,7,0,0.0,2.0,2.0,1.0,A01
201300050407,0,7,0,14.0,0.0,3.0,1.0,A01
201300050408,0,37,20,0.0,2.0,7.0,17.0,A01
201300050408,0,33,0,0.0,2.0,0.0,1.0,B01
201300050409,0,7,0,0.0,1.0,2.0,16.0,A01
201300050410,0,34,0,0.0,2.0,3.0,1.0,B01
201300050410,0,7,0,0.0,2.0,7.0,14.0,A01
201300050411,0,30,0,0.0,0.0,0.0,1.0,A01
201300050412,0,32,0,0.0,2.0,9.0,1.0,B01
201300050412,0,10,0,0.0,2.0,8.0,1.0,A01
201300050413,0,10,0,0.0,1.0,4.0,4.0,A01
201300050414,0,7,0,7.0,2.0,2.0,1.0,B01
201300050414,0,7,0,0.0,2.0,3.0,15.0,A01
201300050415,0,1,0,0.0,2.0,1.0,3.0,A01
201300050415,0,7,0,0.0,2.0,7.0,23.0,B01
201300050415,0,7,0,0.0,2.0,3.0,23.0,C01
201300050416,0,2,0,0.0,0.0,0.0,1.0,A01
201300050417,1,1,0,0.0,1.0,1.0,16.0,A01
201300050418,0,1,0,0.0,2.0,8.0,13.0,A01
201300050418,1,2,0,0.0,2.0,0.0,1.0,Z01
201300050419,0,31,0,0.0,1.0,1.0,1.0,A01
201300050420,0,7,0,0.0,1.0,2.0,1.0,A01
201300050421,0,31,0,0.0,0.0,0.0,1.0,A01
201300050422,0,10,0,0.0,1.0,2.0,15.0,A01
201300050423,0,2,0,0.0,0.0,0.0,1.0,A01
201300050423,0,32,0,0.0,0.0,0.0,23.0,B01
201300050424,0,30,0,16.0,0.0,3.0,9.0,A01
201300050424,0,7,0,0.0,0.0,2.0,23.0,B01
201300050425,0,32,0,0.0,2.0,1.0,1.0,B01
201300050425,0,7,0,0.0,0.0,5.0,16.0,A01
201300050426,0,7,0,0.0,2.0,3.0,15.0,A01
201300050426,0,32,0,0.0,2.0,2.0,17.0,B01
201300050427,0,32,0,0.0,1.0,5.0,1.0,A01
201300050428,1,30,0,0.0,1.0,0.0,1.0,Z01
201300050429,0,7,0,0.0,1.0,3.0,15.0,A01
201300050430,0,30,0,0.0,2.0,8.0,1.0,A01
201300050430,0,7,0,0.0,2.0,1.0,1.0,B01
201300050431,1,1,0,0.0,1.0,0.0,1.0,Z01
201300050432,0,33,0,0.0,2.0,2.0,5.0,A01
201300050432,0,10,0,0.0,2.0,3.0,15.0,B01
201300050433,0,32,0,0.0,2.0,1.0,1.0,A01
201300050433,0,10,0,0.0,0.0,5.0,1.0,B01
201300050434,0,10,0,0.0,1.0,3.0,1.0,A01
201300050435,0,10,0,0.0,1.0,6.0,15.0,A01
201300050436,0,32,0,14.0,9.0,2.0,1.0,A01
201300050437,0,30,0,0.0,2.0,1.0,1.0,A01
201300050437,0,7,0,0.0,2.0,1.0,1.0,B01
201300050438,0,1,0,0.0,2.0,8.0,2.0,C01
201300050438,0,7,0,0.0,2.0,0.0,22.0,A01
201300050438,0,7,0,0.0,2.0,2.0,2.0,B01
201300050439,0,32,0,14.0,0.0,6.0,1.0,A01
201300050440,0,7,0,0.0,2.0,3.0,16.0,B01
201300050440,0,1,0,0.0,2.0,2.0,1.0,A01
201300050441,0,10,0,0.0,1.0,2.0,1.0,A01
201300050442,1,33,0,0.0,1.0,0.0,1.0,Z01
201300050443,0,7,0,0.0,2.0,1.0,1.0,A01
201300050443,0,32,0,0.0,2.0,3.0,1.0,B01
201300050443,0,7,0,0.0,2.0,8.0,1.0,C01
201300050444,0,10,0,0.0,1.0,1.0,15.0,A01
201300050445,0,32,0,0.0,1.0,1.0,1.0,A01
201300050446,0,7,0,0.0,1.0,4.0,20.0,A01
201300050447,0,32,0,0.0,2.0,8.0,18.0,A01
201300050447,0,13,0,0.0,2.0,5.0,16.0,B01
201300050448,0,33,0,0.0,1.0,2.0,1.0,A01
201300050449,1,7,0,0.0,0.0,3.0,10.0,A01
201300050449,0,32,0,0.0,2.0,1.0,1.0,B01
201300050450,0,34,0,0.0,2.0,3.0,17.0,A01
201300050450,0,7,0,0.0,2.0,3.0,9.0,B01
201300050451,0,32,0,0.0,1.0,2.0,1.0,A01
201300050452,0,7,0,0.0,1.0,5.0,1.0,A01
201300050453,0,2,0,0.0,2.0,8.0,16.0,A01
201300050453,0,31,0,0.0,2.0,0.0,1.0,B01
201300050454,0,32,0,0.0,1.0,1.0,2.0,A01
201300050455,0,10,0,0.0,1.0,0.0,4.0,A01
201300050456,0,7,0,0.0,2.0,3.0,10.0,A01
201300050456,0,33,0,1.0,2.0,1.0,1.0,B01
201300050457,0,34,0,0.0,1.0,1.0,1.0,A01
201300050458,0,7,0,0.0,2.0,5.0,14.0,A01
201300050458,0,31,0,0.0,2.0,3.0,1.0,B01
201300050459,0,34,0,1.0,2.0,1.0,13.0,A01
201300050459,0,7,0,0.0,2.0,8.0,17.0,B01
201300050460,0,32,0,0.0,1.0,2.0,17.0,A01
201300050461,0,30,0,0.0,0.0,0.0,1.0,A01
201300050462,0,32,0,0.0,0.0,0.0,21.0,A01
201300050463,0,33,0,0.0,2.0,1.0,1.0,B01
201300050463,0,7,0,0.0,2.0,2.0,15.0,A01
201300050464,0,34,0,0.0,2.0,1.0,2.0,A01
201300050464,0,2,0,0.0,2.0,4.0,23.0,B01
201300050465,0,7,0,0.0,1.0,2.0,1.0,A01
201300050466,0,7,0,0.0,2.0,1.0,7.0,A01
201300050466,0,1,0,0.0,2.0,0.0,7.0,B01
201300050467,0,31,0,0.0,0.0,7.0,1.0,A01
201300050468,0,2,0,0.0,1.0,1.0,7.0,A01
201300050469,0,32,0,0.0,2.0,2.0,17.0,B01
201300050469,0,7,0,0.0,2.0,6.0,15.0,A01
201300050470,0,32,0,0.0,1.0,4.0,23.0,B01
201300050470,0,7,0,0.0,2.0,1.0,2.0,A01
201300050471,0,34,0,0.0,2.0,7.0,14.0,A01
201300050471,0,7,0,0.0,2.0,3.0,1.0,B01
201300050472,0,32,0,0.0,0.0,0.0,1.0,A01
201300050473,1,7,0,0.0,0.0,1.0,15.0,Z01
201300050473,0,2,0,0.0,0.0,8.0,1.0,A01
201300050474,0,2,0,12.0,1.0,1.0,14.0,A01
201300050475,0,1,0,0.0,0.0,0.0,1.0,A01
201300050476,0,7,0,0.0,0.0,4.0,23.0,B01
201300050476,0,32,0,0.0,2.0,1.0,1.0,A01
201300050477,0,32,0,0.0,2.0,8.0,1.0,B01
201300050477,0,7,0,0.0,2.0,2.0,16.0,A01
201300050478,0,7,0,0.0,1.0,1.0,1.0,A01
201300050479,0,33,0,0.0,2.0,6.0,1.0,B01
201300050479,0,7,0,0.0,2.0,1.0,15.0,A01
201300050480,0,7,0,0.0,2.0,7.0,16.0,B01
201300050480,0,2,0,0.0,2.0,1.0,7.0,A01
201300050481,0,37,20,0.0,2.0,3.0,7.0,A01
201300050481,0,10,0,0.0,2.0,2.0,12.0,B01
201300050482,0,7,0,1.0,0.0,7.0,4.0,A01
201300050483,0,10,0,0.0,1.0,1.0,7.0,A01
201300050484,0,1,0,0.0,0.0,0.0,1.0,A01
201300050485,0,32,0,0.0,0.0,7.0,1.0,A01
201300050486,0,7,0,0.0,2.0,6.0,23.0,B01
201300050486,0,32,0,0.0,2.0,9.0,2.0,A01
201300050487,0,30,0,0.0,0.0,0.0,1.0,A01
201300050488,0,1,0,0.0,2.0,1.0,7.0,A01
201300050488,0,7,0,0.0,2.0,4.0,7.0,B01
201300050489,0,31,0,0.0,2.0,0.0,21.0,A01
201300050490,0,34,0,0.0,1.0,1.0,3.0,A01
201300050491,0,7,0,0.0,1.0,1.0,1.0,A01
201300050492,0,33,0,0.0,2.0,1.0,1.0,B01
201300050492,0,1,0,0.0,2.0,7.0,19.0,A01
201300050493,0,10,0,0.0,1.0,1.0,15.0,A01
201300050494,0,7,0,0.0,2.0,3.0,16.0,B01
201300050494,0,32,0,0.0,2.0,8.0,1.0,A01
201300050495,0,7,0,0.0,1.0,4.0,4.0,A01
201300050496,0,7,0,0.0,2.0,3.0,1.0,B01
201300050496,0,1,0,0.0,2.0,7.0,1.0,A01
201300050497,0,31,0,12.0,0.0,2.0,14.0,A01
201300050498,0,10,0,0.0,2.0,8.0,15.0,B01
201300050498,0,30,0,0.0,2.0,8.0,1.0,A01
201300050499,0,1,0,0.0,2.0,7.0,1.0,A01
201300050499,0,10,0,0.0,2.0,3.0,1.0,B01
201300050500,0,1,0,12.0,0.0,7.0,1.0,A01
201300050501,0,7,0,0.0,2.0,8.0,15.0,A01
201300050501,0,32,0,0.0,2.0,1.0,17.0,B01
201300050502,0,2,0,0.0,2.0,8.0,13.0,A01
201300050502,0,30,0,0.0,2.0,7.0,5.0,B01
201300050503,0,1,0,0.0,2.0,4.0,16.0,B01
201300050503,0,7,0,0.0,2.0,2.0,2.0,A01
201300050504,0,1,0,0.0,0.0,1.0,13.0,B01
201300050504,0,7,0,0.0,0.0,5.0,12.0,A01
201300050505,0,32,0,0.0,1.0,3.0,1.0,A01
201300050506,0,7,0,0.0,2.0,8.0,9.0,A01
201300050506,0,7,0,6.0,2.0,3.0,1.0,B01
201300050506,0,7,0,0.0,2.0,1.0,1.0,C01
201300050507,0,7,0,0.0,2.0,2.0,2.0,B01
201300050507,0,1,0,0.0,2.0,8.0,2.0,A01
201300050508,0,7,0,0.0,2.0,1.0,7.0,B01
201300050508,0,7,0,0.0,2.0,7.0,16.0,A01
201300050509,0,7,0,0.0,2.0,2.0,16.0,A01
201300050509,0,32,0,0.0,2.0,3.0,18.0,B01
201300050510,0,7,0,0.0,2.0,6.0,24.0,C01
201300050510,0,7,0,0.0,2.0,7.0,12.0,A01
201300050510,0,31,0,0.0,2.0,8.0,1.0,B01
201300050511,0,10,0,0.0,1.0,4.0,4.0,A01
201300050512,0,7,0,1.0,0.0,1.0,14.0,A01
201300050513,0,10,0,0.0,2.0,1.0,2.0,A01
201300050513,0,10,0,0.0,2.0,4.0,23.0,B01
201300050514,0,7,0,0.0,2.0,8.0,10.0,A01
201300050514,0,33,0,0.0,2.0,1.0,1.0,B01
201300050515,0,1,0,0.0,2.0,2.0,1.0,A01
201300050515,0,7,0,0.0,2.0,3.0,4.0,B01
201300050516,0,7,0,0.0,1.0,1.0,15.0,A01
201300050517,0,7,0,0.0,2.0,6.0,15.0,B01
201300050517,0,32,0,0.0,2.0,1.0,2.0,A01
201300050518,0,32,0,11.0,0.0,1.0,1.0,A01
201300050519,0,32,0,0.0,0.0,7.0,21.0,A01
201300050520,0,2,0,14.0,0.0,7.0,1.0,A01
201300050521,0,10,0,0.0,2.0,1.0,1.0,B01
201300050521,0,1,0,0.0,2.0,4.0,15.0,A01
201300050522,0,1,0,14.0,0.0,1.0,18.0,B01
201300050522,0,7,0,0.0,2.0,5.0,22.0,A01
201300050523,0,33,0,1.0,0.0,1.0,18.0,A01
201300050523,0,7,0,0.0,0.0,7.0,22.0,B01
201300050524,0,2,0,0.0,2.0,1.0,1.0,B01
201300050524,0,1,0,0.0,2.0,7.0,15.0,A01
201300050525,0,2,0,12.0,0.0,1.0,14.0,A01
201300050526,0,31,0,0.0,0.0,7.0,21.0,A01
201300050527,0,7,0,0.0,2.0,1.0,1.0,A01
201300050527,0,31,0,0.0,2.0,8.0,1.0,B01
201300050528,0,10,0,0.0,2.0,3.0,1.0,B01
201300050528,0,1,0,0.0,2.0,7.0,7.0,A01
201300050529,0,2,0,0.0,0.0,0.0,21.0,A01
201300050530,0,2,0,0.0,2.0,3.0,18.0,A01
201300050530,0,7,0,0.0,2.0,2.0,1.0,B01
201300050531,0,30,0,0.0,0.0,8.0,7.0,A01
201300050532,0,1,0,0.0,1.0,1.0,16.0,A01
201300050533,1,2,0,0.0,1.0,1.0,1.0,Z01
201300050534,0,2,0,0.0,2.0,1.0,2.0,A01
201300050534,0,10,0,0.0,2.0,6.0,15.0,B01
201300050535,0,1,0,0.0,2.0,8.0,13.0,B01
201300050535,0,37,30,0.0,2.0,7.0,14.0,A01
201300050536,0,33,0,0.0,0.0,4.0,23.0,B01
201300050536,0,7,0,0.0,2.0,1.0,1.0,A01
201300050537,0,7,0,9.0,1.0,1.0,16.0,A01
201300050538,0,7,0,0.0,2.0,8.0,1.0,B01
201300050538,0,2,0,0.0,2.0,8.0,15.0,A01
201300050539,0,1,0,0.0,1.0,1.0,1.0,A01
201300050540,0,32,0,0.0,9.0,0.0,21.0,A01
201300050541,0,7,0,0.0,2.0,6.0,23.0,B01
201300050541,0,2,0,0.0,2.0,1.0,1.0,A01
201300050542,0,2,0,1.0,0.0,0.0,21.0,A01
201300050543,0,7,0,0.0,2.0,1.0,1.0,A01
201300050543,0,10,0,0.0,2.0,4.0,23.0,B01
201300050543,0,10,0,0.0,2.0,4.0,23.0,C01
201300050544,0,7,0,0.0,0.0,8.0,22.0,A01
201300050544,0,1,0,1.0,0.0,1.0,1.0,B01
201300050545,0,1,0,0.0,0.0,0.0,1.0,A01
201300050546,0,30,0,0.0,2.0,0.0,1.0,A01
201300050546,1,7,0,0.0,2.0,0.0,13.0,Z01
201300050547,0,7,0,0.0,1.0,7.0,1.0,A01
201300050548,0,7,0,0.0,1.0,1.0,15.0,A01
201300050549,0,2,0,0.0,2.0,1.0,17.0,B01
201300050549,0,7,0,0.0,2.0,8.0,22.0,A01
201300050550,0,7,0,0.0,1.0,8.0,1.0,A01
201300050551,0,7,0,0.0,2.0,1.0,1.0,A01
201300050551,0,7,0,0.0,0.0,4.0,23.0,B01
201300050552,0,34,0,0.0,1.0,1.0,5.0,A01
201300050553,1,7,0,0.0,2.0,1.0,1.0,Z01
201300050553,0,1,0,0.0,2.0,8.0,1.0,A01
201300050554,0,7,0,0.0,1.0,3.0,15.0,A01
201300050555,0,1,0,0.0,0.0,0.0,1.0,A01
201300050556,0,1,0,0.0,2.0,8.0,13.0,A01
201300050556,0,7,0,0.0,2.0,1.0,17.0,B01
201300050557,0,1,0,0.0,2.0,3.0,7.0,B01
201300050557,0,7,0,0.0,2.0,2.0,16.0,A01
201300050558,0,7,0,0.0,2.0,1.0,9.0,B01
201300050558,0,34,0,0.0,2.0,7.0,5.0,A01
201300050559,0,33,0,0.0,2.0,1.0,1.0,A01
201300050559,0,7,0,0.0,0.0,4.0,23.0,B01
201300050560,0,2,0,0.0,0.0,0.0,21.0,A01
201300050561,0,32,0,0.0,0.0,7.0,1.0,A01
201300050562,0,10,0,0.0,2.0,4.0,10.0,B01
201300050562,0,31,0,0.0,2.0,1.0,1.0,A01
201300050563,0,2,0,0.0,0.0,0.0,7.0,A01
201300050564,0,33,0,0.0,2.0,1.0,1.0,B01
201300050564,0,1,0,0.0,2.0,8.0,19.0,A01
201300050565,0,7,0,0.0,2.0,2.0,1.0,A01
201300050565,0,7,0,8.0,0.0,3.0,1.0,B01
201300050566,0,34,0,0.0,2.0,3.0,1.0,A01
201300050566,0,7,0,0.0,0.0,5.0,15.0,B01
201300050567,0,2,0,0.0,0.0,7.0,1.0,A01
201300050568,0,32,0,0.0,2.0,1.0,1.0,A01
201300050568,0,7,0,0.0,0.0,2.0,1.0,B01
201300050569,0,10,0,0.0,1.0,2.0,16.0,A01
201300050570,0,7,0,0.0,2.0,3.0,1.0,B01
201300050570,0,30,0,0.0,2.0,8.0,1.0,A01
201300050571,0,7,0,0.0,2.0,1.0,1.0,B01
201300050571,0,32,0,0.0,2.0,1.0,15.0,A01
201300050572,0,30,0,0.0,2.0,1.0,1.0,B01
201300050572,0,7,0,0.0,2.0,1.0,15.0,A01
201300050573,0,1,0,0.0,2.0,8.0,1.0,B01
201300050573,0,7,0,0.0,2.0,2.0,7.0,A01
201300050574,0,7,0,15.0,0.0,3.0,13.0,A01
201300050575,0,7,0,0.0,1.0,4.0,4.0,A01
201300050576,0,32,0,0.0,1.0,2.0,1.0,A01
201300050577,1,7,0,0.0,2.0,2.0,22.0,Z01
201300050577,0,32,0,0.0,2.0,8.0,1.0,A01
201300050578,0,7,0,0.0,1.0,2.0,1.0,A01
201300050579,0,32,0,0.0,1.0,1.0,1.0,A01
201300050580,0,1,0,0.0,2.0,7.0,16.0,B01
201300050580,0,30,0,0.0,2.0,8.0,16.0,A01
201300050581,0,7,0,0.0,1.0,3.0,15.0,A01
201300050582,0,1,0,1.0,0.0,0.0,18.0,A01
201300050583,0,32,0,0.0,1.0,1.0,1.0,A01
201300050584,0,37,20,0.0,1.0,1.0,1.0,A01
201300050585,0,7,0,0.0,2.0,2.0,1.0,A01
201300050585,0,7,0,0.0,2.0,3.0,15.0,B01
201300050586,0,7,0,1.0,2.0,1.0,1.0,B01
201300050586,0,7,0,0.0,2.0,2.0,1.0,A01
201300050587,0,7,0,0.0,1.0,1.0,1.0,A01
201300050588,1,7,0,0.0,2.0,2.0,1.0,Z01
201300050588,0,32,0,0.0,2.0,3.0,1.0,A01
201300050589,0,34,0,0.0,2.0,2.0,1.0,B01
201300050589,0,7,0,0.0,2.0,3.0,15.0,A01
201300050590,0,30,0,11.0,0.0,1.0,13.0,A01
201300050591,0,10,0,0.0,1.0,4.0,4.0,A01
201300050592,0,7,0,0.0,2.0,8.0,22.0,A01
201300050592,0,1,0,0.0,2.0,1.0,1.0,B01
201300050593,1,30,0,0.0,1.0,7.0,1.0,A01
201300050594,0,32,0,12.0,0.0,3.0,13.0,A01
201300050595,0,1,0,0.0,2.0,8.0,1.0,B01
201300050595,0,7,0,0.0,2.0,2.0,17.0,A01
201300050596,0,32,0,14.0,0.0,1.0,13.0,A01
201300050597,0,34,0,0.0,1.0,2.0,1.0,A01
201300050598,0,32,0,0.0,0.0,0.0,1.0,A01
201300050599,0,7,0,0.0,2.0,3.0,2.0,A01
201300050599,0,34,0,0.0,2.0,5.0,2.0,B01
201300050600,0,32,0,0.0,0.0,0.0,21.0,A01
201300050601,0,7,0,6.0,0.0,1.0,1.0,A01
201300050602,0,34,0,0.0,1.0,2.0,1.0,A01
201300050603,0,32,0,0.0,0.0,8.0,1.0,A01
201300050604,0,7,0,7.0,0.0,3.0,13.0,A01
201300050605,0,2,0,0.0,0.0,8.0,21.0,A01
201300050606,0,7,0,0.0,2.0,1.0,17.0,A01
201300050606,0,33,0,0.0,0.0,4.0,0.0,B01
201300050607,0,1,0,0.0,1.0,1.0,7.0,A01
201300050608,0,7,0,0.0,1.0,7.0,1.0,A01
201300050609,0,7,0,0.0,1.0,2.0,8.0,A01
201300050610,0,33,0,0.0,2.0,2.0,17.0,B01
201300050610,0,7,0,0.0,2.0,8.0,15.0,A01
201300050611,0,1,0,0.0,0.0,0.0,12.0,B01
201300050611,0,2,0,0.0,0.0,0.0,1.0,A01
201300050612,0,7,0,6.0,0.0,3.0,1.0,A01
201300050613,0,7,0,0.0,2.0,3.0,1.0,A01
201300050613,0,7,0,0.0,0.0,5.0,23.0,B01
201300050614,0,7,0,0.0,1.0,1.0,1.0,A01
201300050615,0,7,0,0.0,1.0,0.0,1.0,A01
201300050616,0,7,0,11.0,0.0,1.0,1.0,A01
201300050617,0,34,0,0.0,1.0,1.0,1.0,A01
201300050618,0,14,0,0.0,0.0,2.0,1.0,A01
201300050618,0,33,0,0.0,0.0,3.0,15.0,B01
201300050619,0,33,0,0.0,0.0,4.0,23.0,B01
201300050619,0,14,0,0.0,2.0,3.0,1.0,A01
201300050620,0,7,0,0.0,2.0,5.0,23.0,B01
201300050620,0,34,0,0.0,2.0,3.0,7.0,A01
201300050621,0,30,0,0.0,0.0,7.0,1.0,A01
201300050622,0,33,0,0.0,2.0,9.0,17.0,B01
201300050622,0,7,0,0.0,2.0,6.0,15.0,A01
201300050623,0,32,0,0.0,2.0,2.0,2.0,A01
201300050623,0,7,0,0.0,2.0,6.0,15.0,B01
201300050624,0,7,0,0.0,1.0,8.0,1.0,A01
201300050625,0,34,0,0.0,5.0,7.0,12.0,A01
201300050626,0,30,0,0.0,1.0,1.0,1.0,A01
201300050627,0,7,0,0.0,0.0,5.0,1.0,C01
201300050627,0,7,0,0.0,2.0,3.0,22.0,A01
201300050627,0,33,0,0.0,2.0,2.0,17.0,B01
201300050628,0,2,0,12.0,2.0,1.0,5.0,A01
201300050628,0,10,0,0.0,2.0,3.0,15.0,B01
201300050629,0,30,0,0.0,0.0,1.0,1.0,B01
201300050629,0,7,0,0.0,0.0,5.0,1.0,A01
201300050630,0,32,0,0.0,2.0,7.0,10.0,A01
201300050630,1,32,0,0.0,2.0,1.0,1.0,B01