Num_Acc,senc,catv,occutc,obs,obsm,choc,manv,num_veh
201300050631,0,14,0,0.0,2.0,5.0,23.0,C01
201300050631,0,7,0,0.0,2.0,3.0,2.0,A01
201300050631,0,30,0,0.0,2.0,5.0,23.0,B01
201300050632,0,30,0,0.0,2.0,1.0,16.0,B01
201300050632,0,1,0,0.0,2.0,4.0,18.0,A01
201300050633,1,30,0,0.0,1.0,1.0,1.0,Z01
201300050634,0,7,0,0.0,2.0,8.0,11.0,A01
201300050634,0,32,0,0.0,2.0,2.0,1.0,B01
201300050635,0,32,0,0.0,2.0,3.0,2.0,A01
201300050635,0,33,0,0.0,2.0,0.0,23.0,B01
201300050636,0,7,0,0.0,1.0,1.0,1.0,A01
201300050637,0,7,0,0.0,2.0,8.0,15.0,A01
201300050637,0,33,0,0.0,2.0,7.0,1.0,B01
201300050638,0,32,0,0.0,2.0,1.0,1.0,B01
201300050638,0,10,0,0.0,2.0,1.0,15.0,A01
201300050639,0,32,0,0.0,2.0,3.0,2.0,A01
201300050639,0,7,0,0.0,2.0,5.0,2.0,B01
201300050640,0,7,0,0.0,2.0,8.0,11.0,A01
201300050640,0,32,0,0.0,2.0,7.0,1.0,B01
201300050641,0,32,0,0.0,0.0,0.0,21.0,A01
201300050642,0,7,0,0.0,1.0,2.0,1.0,A01
201300050643,0,34,0,12.0,0.0,0.0,14.0,A01
201300050644,0,34,0,0.0,1.0,3.0,1.0,A01
201300050645,0,30,0,0.0,2.0,8.0,2.0,A01
201300050645,0,1,0,0.0,2.0,7.0,2.0,B01
201300050646,0,32,0,0.0,2.0,0.0,15.0,A01
201300050646,0,34,0,0.0,2.0,0.0,9.0,B01
201300050647,0,32,0,0.0,2.0,0.0,17.0,B01
201300050647,0,7,0,0.0,2.0,0.0,22.0,A01
201300050648,0,10,0,0.0,2.0,5.0,14.0,B01
201300050648,0,33,0,0.0,2.0,3.0,18.0,A01
201300050649,0,33,0,0.0,2.0,0.0,1.0,A01
201300050649,1,7,0,0.0,2.0,0.0,13.0,Z01
201300050650,0,34,0,0.0,2.0,1.0,2.0,A01
201300050650,0,7,0,0.0,2.0,4.0,23.0,B01
201300050651,0,7,0,15.0,2.0,1.0,1.0,A01
201300050651,0,7,0,1.0,2.0,3.0,1.0,B01
201300050652,0,32,0,0.0,1.0,0.0,7.0,A01
201300050653,0,1,0,0.0,2.0,2.0,13.0,A01
201300050653,0,1,0,0.0,2.0,3.0,1.0,B01
201300050654,0,14,0,0.0,2.0,1.0,1.0,A01
201300050654,0,1,0,0.0,2.0,8.0,13.0,B01
201300050655,0,7,0,0.0,2.0,5.0,16.0,A01
201300050655,0,37,15,0.0,2.0,3.0,7.0,B01
201300050656,0,32,0,0.0,2.0,2.0,17.0,A01
201300050656,0,7,0,0.0,2.0,3.0,15.0,B01
201300050657,0,7,0,0.0,0.0,7.0,1.0,B01
201300050657,0,1,0,0.0,2.0,3.0,11.0,A01
201300050658,0,1,0,0.0,1.0,1.0,1.0,A01
201300050659,1,7,0,0.0,2.0,1.0,1.0,Z01
201300050659,0,32,0,0.0,2.0,4.0,15.0,B01
201300050660,0,7,0,0.0,2.0,7.0,1.0,B01
201300050660,2,7,0,1.0,2.0,2.0,5.0,A01
201300050661,0,7,0,0.0,2.0,3.0,23.0,B01
201300050661,0,34,0,0.0,0.0,3.0,1.0,A01
201300050662,0,7,0,0.0,2.0,0.0,16.0,B01
201300050662,0,30,0,0.0,2.0,8.0,1.0,A01
201300050663,0,1,0,0.0,2.0,3.0,13.0,B01
201300050663,0,7,0,0.0,2.0,2.0,1.0,A01
201300050664,0,1,0,0.0,2.0,0.0,7.0,A01
201300050664,1,1,0,0.0,2.0,0.0,7.0,Z01
201300050665,0,30,0,1.0,0.0,9.0,5.0,A01
201300050666,0,1,0,0.0,2.0,8.0,15.0,A01
201300050666,1,30,0,0.0,2.0,1.0,1.0,Z01
201300050667,0,7,0,0.0,2.0,3.0,1.0,B01
201300050667,0,1,0,0.0,2.0,1.0,16.0,A01
201300050668,0,1,0,0.0,2.0,1.0,7.0,A01
201300050668,0,7,0,0.0,0.0,4.0,16.0,B01
201300050669,0,32,0,0.0,0.0,0.0,1.0,A01
201300050670,0,1,0,0.0,2.0,6.0,1.0,B01
201300050670,0,7,0,0.0,2.0,2.0,14.0,A01
201300050671,0,7,0,0.0,2.0,3.0,1.0,A01
201300050671,0,33,0,0.0,0.0,4.0,23.0,B01
201300050672,0,2,0,0.0,0.0,0.0,1.0,A01
201300050673,0,32,0,0.0,0.0,0.0,21.0,A01
201300050674,0,7,0,7.0,0.0,1.0,13.0,A01
201300050675,0,10,0,0.0,1.0,1.0,1.0,A01
201300050676,0,34,0,0.0,2.0,1.0,1.0,B01
201300050676,0,1,0,0.0,2.0,4.0,19.0,A01
201300050677,0,7,0,0.0,0.0,7.0,16.0,B01
201300050677,0,32,0,0.0,2.0,1.0,7.0,A01
201300050678,1,15,0,0.0,1.0,2.0,1.0,Z01
201300050679,0,32,0,0.0,2.0,8.0,13.0,A01
201300050679,0,7,0,0.0,2.0,2.0,1.0,B01
201300050680,0,32,0,12.0,0.0,8.0,1.0,A01
201300050681,0,7,0,0.0,2.0,8.0,13.0,A01
201300050681,0,1,0,0.0,2.0,8.0,1.0,B01
201300050682,0,7,0,0.0,2.0,8.0,15.0,A01
201300050682,0,33,0,0.0,2.0,2.0,1.0,B01
201300050683,0,7,0,0.0,2.0,1.0,1.0,A01
201300050683,0,10,0,0.0,2.0,3.0,9.0,B01
201300050684,0,7,0,0.0,2.0,3.0,2.0,A01
201300050684,0,7,0,0.0,2.0,4.0,23.0,B01
201300050685,0,32,0,0.0,1.0,8.0,1.0,A01
201300050686,0,7,0,0.0,2.0,3.0,1.0,B01
201300050686,0,1,0,0.0,2.0,0.0,7.0,A01
201300050687,0,34,0,0.0,1.0,1.0,1.0,A01
201300050688,0,7,0,0.0,9.0,7.0,14.0,A01
201300050688,0,1,0,0.0,2.0,8.0,1.0,B01
201300050689,0,32,0,0.0,0.0,4.0,23.0,B01
201300050689,0,7,0,0.0,0.0,1.0,1.0,A01
201300050690,0,30,0,0.0,0.0,7.0,1.0,A01
201300050691,0,31,0,0.0,0.0,7.0,16.0,A01
201300050692,0,30,0,0.0,2.0,1.0,2.0,A01
201300050692,0,7,0,0.0,2.0,6.0,23.0,B01
201300050693,1,1,0,0.0,1.0,0.0,7.0,Z01
201300050694,0,32,0,0.0,9.0,1.0,17.0,A01
201300050694,0,1,0,0.0,2.0,4.0,15.0,B01
201300050695,0,1,0,0.0,1.0,1.0,15.0,A01
201300050696,0,7,0,0.0,2.0,2.0,12.0,A01
201300050696,0,7,0,0.0,0.0,6.0,1.0,B01
201300050697,0,10,0,0.0,2.0,8.0,22.0,A01
201300050697,0,1,0,0.0,2.0,7.0,1.0,B01
201300050698,0,2,0,0.0,2.0,4.0,23.0,B01
201300050698,0,7,0,0.0,2.0,3.0,1.0,A01
201300050699,0,1,0,15.0,0.0,1.0,1.0,A01
201300050700,0,1,0,0.0,2.0,7.0,1.0,B01
201300050700,0,10,0,0.0,2.0,3.0,1.0,A01
201300050701,0,1,0,0.0,2.0,0.0,1.0,B01
201300050701,0,7,0,0.0,2.0,0.0,22.0,A01
201300050702,0,7,0,0.0,0.0,6.0,23.0,B01
201300050702,0,34,0,0.0,1.0,2.0,3.0,A01
201300050703,0,32,0,0.0,0.0,8.0,1.0,A01
201300050704,0,7,0,0.0,0.0,4.0,23.0,B01
201300050704,0,10,0,0.0,2.0,1.0,1.0,A01
201300050705,0,2,0,0.0,2.0,3.0,18.0,B01
201300050705,0,10,0,0.0,2.0,7.0,12.0,A01
201300050706,1,7,0,0.0,1.0,1.0,1.0,Z01
201300050707,0,7,0,0.0,1.0,1.0,1.0,A01
201300050708,0,7,0,0.0,1.0,1.0,1.0,A01
201300050709,0,7,0,0.0,1.0,2.0,7.0,A01
201300050710,0,7,0,0.0,0.0,8.0,15.0,A01
201300050710,0,1,0,0.0,2.0,7.0,1.0,B01
201300050711,0,33,0,0.0,2.0,1.0,3.0,B01
201300050711,0,7,0,0.0,2.0,5.0,1.0,A01
201300050712,0,33,0,0.0,9.0,8.0,1.0,B01
201300050712,0,1,0,0.0,0.0,7.0,15.0,A01
201300050713,0,2,0,0.0,2.0,4.0,23.0,B01
201300050713,0,7,0,0.0,2.0,3.0,2.0,A01
201300050714,0,7,0,0.0,0.0,7.0,23.0,B01
201300050714,0,30,0,0.0,2.0,7.0,1.0,A01
201300050715,0,32,0,0.0,2.0,3.0,1.0,B01
201300050715,0,7,0,0.0,2.0,2.0,1.0,A01
201300050716,0,30,0,0.0,2.0,8.0,7.0,B01
201300050716,0,30,0,0.0,2.0,0.0,7.0,A01
201300050717,0,30,0,0.0,2.0,6.0,2.0,A01
201300050717,0,7,0,0.0,2.0,6.0,15.0,B01
201300050718,0,10,0,0.0,2.0,1.0,1.0,A01
201300050718,0,32,0,0.0,2.0,1.0,1.0,B01
201300050719,0,30,0,0.0,2.0,7.0,14.0,A01
201300050719,0,33,0,0.0,2.0,8.0,1.0,B01
201300050720,0,10,0,0.0,1.0,3.0,15.0,A01
201300050721,0,2,0,0.0,0.0,3.0,16.0,A01
201300050721,0,1,0,0.0,0.0,5.0,1.0,B01
201300050722,0,7,0,0.0,1.0,2.0,7.0,A01
201300050723,0,10,0,0.0,1.0,6.0,4.0,A01
201300050724,0,2,0,0.0,2.0,0.0,7.0,B01
201300050724,0,7,0,0.0,0.0,0.0,12.0,A01
201300050725,1,32,0,0.0,1.0,1.0,1.0,Z01
201300050726,0,7,0,0.0,2.0,3.0,1.0,B01
201300050726,0,30,0,0.0,2.0,1.0,5.0,A01
201300050727,0,1,0,0.0,1.0,1.0,1.0,A01
201300050728,0,32,0,0.0,2.0,1.0,1.0,A01
201300050728,0,7,0,0.0,2.0,3.0,1.0,B01
201300050729,0,10,0,0.0,1.0,3.0,15.0,A01
201300050730,0,7,0,0.0,2.0,3.0,10.0,A01
201300050730,0,31,0,0.0,2.0,2.0,1.0,B01
201300050731,0,37,0,0.0,2.0,8.0,8.0,B01
201300050731,0,30,0,0.0,2.0,8.0,1.0,A01
201300050732,0,7,0,0.0,1.0,1.0,16.0,A01
201300050733,0,7,0,11.0,0.0,0.0,1.0,A01
201300050734,0,32,0,0.0,0.0,0.0,17.0,A01
201300050734,0,10,0,0.0,0.0,0.0,13.0,B01
201300050735,0,7,0,0.0,2.0,8.0,15.0,A01
201300050735,0,30,0,0.0,2.0,7.0,1.0,B01
201300050736,0,30,0,0.0,2.0,1.0,1.0,B01
201300050736,0,30,0,0.0,2.0,7.0,15.0,A01
201300050737,0,30,0,0.0,2.0,3.0,1.0,A01
201300050737,1,7,0,0.0,2.0,2.0,16.0,Z01
201300050738,0,7,0,0.0,1.0,1.0,16.0,A01
201300050739,0,7,0,0.0,2.0,3.0,1.0,B01
201300050739,0,32,0,0.0,2.0,2.0,15.0,A01
201300050740,0,7,0,0.0,1.0,3.0,1.0,A01
201300050741,0,7,0,11.0,0.0,1.0,13.0,A01
201300050742,0,1,0,0.0,0.0,0.0,7.0,A01
201300050743,0,30,0,0.0,2.0,2.0,1.0,B01
201300050743,0,7,0,0.0,2.0,3.0,9.0,A01
201300050744,0,33,0,0.0,2.0,1.0,2.0,A01
201300050744,0,7,0,0.0,2.0,5.0,2.0,B01
201300050745,0,32,0,0.0,2.0,1.0,1.0,B01
201300050745,0,7,0,0.0,2.0,5.0,16.0,A01
201300050746,0,7,0,0.0,1.0,2.0,15.0,A01
201300050747,0,7,0,0.0,2.0,5.0,15.0,A01
201300050747,0,33,0,0.0,2.0,1.0,1.0,B01
201300050748,0,33,0,0.0,1.0,1.0,16.0,A01
201300050749,0,32,0,0.0,0.0,1.0,16.0,A01
201300050750,0,30,0,0.0,1.0,0.0,1.0,A01
201300050751,0,7,0,0.0,1.0,3.0,1.0,A01
201300050752,0,10,0,0.0,2.0,1.0,1.0,A01
201300050752,0,32,0,0.0,2.0,8.0,1.0,B01
201300050753,0,32,0,0.0,1.0,7.0,1.0,A01
201300050754,0,30,0,0.0,0.0,7.0,1.0,A01
201300050755,0,7,0,0.0,2.0,4.0,2.0,B01
201300050755,0,7,0,0.0,2.0,1.0,2.0,A01
201300050756,0,7,0,0.0,2.0,7.0,17.0,A01
201300050756,0,30,0,0.0,2.0,8.0,1.0,B01
201300050757,0,7,0,0.0,2.0,3.0,11.0,A01
201300050757,0,33,0,0.0,2.0,1.0,1.0,B01
201300050758,0,33,0,0.0,2.0,7.0,1.0,B01
201300050758,0,7,0,0.0,2.0,3.0,13.0,A01
201300050759,1,34,0,0.0,1.0,0.0,1.0,Z01
201300050760,0,7,0,8.0,2.0,3.0,15.0,A01
201300050760,0,30,0,0.0,2.0,3.0,17.0,B01
201300050761,0,1,0,0.0,1.0,1.0,1.0,A01
201300050762,0,32,0,0.0,0.0,8.0,21.0,A01
201300050763,0,7,0,0.0,9.0,3.0,7.0,B01
201300050763,0,1,0,0.0,2.0,7.0,1.0,A01
201300050764,0,13,0,0.0,2.0,2.0,16.0,A01
201300050764,0,1,0,0.0,0.0,1.0,7.0,B01
201300050765,0,32,0,0.0,0.0,1.0,1.0,B01
201300050765,0,2,0,0.0,2.0,1.0,9.0,A01
201300050766,0,7,0,0.0,1.0,3.0,1.0,A01
201300050767,0,32,0,0.0,0.0,8.0,16.0,A01
201300050768,0,7,0,0.0,0.0,8.0,15.0,A01
201300050768,0,32,0,0.0,2.0,7.0,17.0,B01
201300050769,0,7,0,0.0,1.0,2.0,1.0,A01
201300050770,0,7,0,0.0,2.0,8.0,15.0,B01
201300050770,0,34,0,0.0,2.0,1.0,17.0,A01
201300050771,0,1,0,0.0,1.0,1.0,1.0,A01
201300050772,0,33,0,0.0,1.0,1.0,1.0,A01
201300050772,0,37,0,0.0,2.0,6.0,7.0,B01
201300050773,0,7,0,0.0,1.0,6.0,20.0,A01
201300050774,0,31,0,0.0,0.0,1.0,1.0,A01
201300050775,0,7,0,1.0,0.0,3.0,13.0,A01
201300050776,0,33,0,0.0,2.0,1.0,2.0,A01
201300050776,0,7,0,0.0,2.0,5.0,2.0,B01
201300050777,0,10,0,0.0,1.0,3.0,1.0,A01
201300050778,0,7,0,0.0,2.0,7.0,16.0,A01
201300050778,0,2,0,0.0,2.0,1.0,18.0,B01
201300050779,0,31,0,0.0,2.0,1.0,2.0,B01
201300050779,0,7,0,0.0,2.0,4.0,4.0,A01
201300050780,0,30,0,8.0,2.0,1.0,7.0,A01
201300050780,0,7,0,0.0,2.0,2.0,16.0,B01
201300050781,0,32,0,0.0,1.0,1.0,3.0,A01
201300050782,0,7,0,11.0,0.0,1.0,1.0,A01
201300050783,0,2,0,0.0,2.0,1.0,8.0,B01
201300050783,0,7,0,0.0,2.0,8.0,15.0,A01
201300050784,0,7,0,0.0,0.0,3.0,22.0,A01
201300050784,0,1,0,1.0,0.0,1.0,1.0,B01
201300050785,1,7,0,0.0,0.0,0.0,15.0,Z01
201300050785,0,30,0,0.0,2.0,1.0,1.0,A01
201300050786,0,10,0,0.0,2.0,2.0,16.0,A01
201300050786,0,1,0,0.0,2.0,3.0,7.0,B01
201300050787,0,7,0,0.0,2.0,6.0,23.0,B01
201300050787,0,33,0,0.0,2.0,1.0,2.0,A01
201300050788,0,7,0,0.0,1.0,1.0,16.0,A01
201300050789,0,32,0,0.0,0.0,7.0,16.0,A01
201300050790,0,1,0,0.0,0.0,0.0,7.0,A01
201300050791,0,32,0,0.0,1.0,1.0,1.0,A01
201300050792,0,7,0,0.0,1.0,2.0,1.0,A01
201300050793,0,33,0,0.0,2.0,1.0,17.0,A01
201300050793,0,7,0,0.0,2.0,8.0,15.0,B01
201300050794,0,1,0,0.0,0.0,0.0,1.0,A01
201300050795,0,1,0,0.0,1.0,1.0,7.0,A01
201300050796,0,2,0,0.0,2.0,2.0,17.0,A01
201300050796,0,7,0,0.0,2.0,3.0,15.0,B01
201300050797,0,7,0,0.0,2.0,3.0,13.0,A01
201300050797,0,30,0,0.0,2.0,7.0,17.0,B01
201300050798,0,31,0,0.0,0.0,0.0,21.0,A01
201300050799,0,30,0,0.0,1.0,1.0,17.0,A01
201300050800,0,7,0,0.0,1.0,7.0,16.0,A01
201300050801,0,1,0,0.0,2.0,1.0,15.0,A01
201300050801,0,7,0,0.0,2.0,6.0,1.0,B01
201300050802,0,2,0,0.0,0.0,0.0,21.0,A01
201300050803,0,7,0,0.0,2.0,3.0,9.0,A01
201300050803,0,31,0,0.0,2.0,2.0,17.0,B01
201300050804,0,7,0,14.0,0.0,1.0,15.0,A01
201300050805,0,7,0,0.0,2.0,1.0,1.0,B01
201300050805,0,32,0,0.0,2.0,8.0,5.0,A01
201300050806,0,37,1,0.0,2.0,1.0,13.0,A01
201300050806,0,7,0,1.0,2.0,3.0,1.0,B01
201300050807,0,10,0,0.0,1.0,1.0,1.0,A01
201300050808,0,33,0,0.0,1.0,1.0,18.0,A01
201300050809,0,2,0,12.0,0.0,0.0,1.0,A01
201300050810,0,7,0,0.0,2.0,6.0,16.0,A01
201300050810,0,1,0,0.0,2.0,0.0,1.0,B01
201300050811,0,37,21,0.0,2.0,2.0,2.0,A01
201300050811,0,7,0,0.0,2.0,4.0,2.0,B01
201300050812,0,7,0,0.0,2.0,8.0,15.0,A01
201300050812,0,30,0,0.0,2.0,1.0,17.0,B01
201300050813,0,10,0,0.0,1.0,5.0,20.0,A01
201300050814,0,31,0,0.0,2.0,0.0,1.0,B01
201300050814,0,7,0,0.0,2.0,6.0,9.0,A01
201300050815,0,32,0,0.0,2.0,8.0,1.0,B01
201300050815,0,7,0,0.0,2.0,3.0,15.0,A01
201300050816,0,37,1,0.0,1.0,2.0,16.0,A01
201300050817,0,7,0,0.0,2.0,3.0,22.0,A01
201300050817,0,32,0,0.0,2.0,3.0,1.0,C01
201300050817,0,30,0,0.0,2.0,7.0,17.0,B01
201300050818,0,1,0,0.0,2.0,1.0,13.0,A01
201300050818,0,33,0,0.0,2.0,1.0,1.0,B01
201300050819,0,7,0,0.0,1.0,2.0,1.0,A01
201300050820,0,7,0,0.0,1.0,1.0,17.0,A01
201300050821,0,7,0,0.0,2.0,8.0,15.0,A01
201300050821,0,34,0,1.0,2.0,7.0,17.0,B01
201300050822,0,1,0,0.0,2.0,3.0,1.0,B01
201300050822,0,33,0,0.0,2.0,5.0,17.0,A01
201300050823,0,10,0,0.0,1.0,4.0,4.0,A01
201300050824,0,33,0,0.0,1.0,2.0,1.0,A01
201300050825,0,7,0,8.0,0.0,2.0,1.0,A01
201300050826,0,1,0,1.0,0.0,1.0,1.0,A01
201300050827,0,7,0,0.0,2.0,3.0,15.0,A01
201300050827,0,30,0,0.0,2.0,5.0,17.0,B01
201300050828,0,34,0,0.0,2.0,3.0,1.0,B01
201300050828,0,7,0,0.0,2.0,1.0,10.0,A01
201300050829,0,7,0,0.0,1.0,1.0,15.0,A01
201300050830,0,1,0,0.0,1.0,1.0,5.0,A01
201300050831,0,7,0,0.0,0.0,1.0,1.0,A01
201300050831,0,32,0,0.0,0.0,4.0,23.0,B01
201300050832,0,32,0,0.0,2.0,1.0,18.0,B01
201300050832,0,7,0,0.0,0.0,2.0,22.0,A01
201300050833,0,7,0,0.0,1.0,1.0,1.0,A01
201300050834,0,33,0,0.0,1.0,2.0,1.0,A01
201300050835,0,7,0,0.0,2.0,2.0,1.0,A01
201300050835,0,33,0,0.0,2.0,5.0,1.0,B01
201300050836,0,1,0,0.0,2.0,1.0,1.0,B01
201300050836,0,10,0,0.0,2.0,8.0,22.0,A01
201300050837,0,33,0,0.0,2.0,1.0,17.0,B01
201300050837,0,7,0,0.0,2.0,8.0,15.0,A01
201300050838,0,7,0,0.0,2.0,3.0,23.0,B01
201300050838,0,1,0,0.0,2.0,0.0,17.0,A01
201300050839,0,32,0,0.0,1.0,3.0,17.0,A01
201300050840,0,32,0,0.0,0.0,0.0,1.0,A01
201300050841,0,1,0,1.0,2.0,1.0,18.0,B01
201300050841,0,7,0,0.0,2.0,7.0,22.0,A01
201300050842,0,7,0,0.0,2.0,0.0,1.0,A01
201300050842,0,33,0,0.0,2.0,0.0,1.0,B01
201300050843,0,38,1,0.0,1.0,1.0,16.0,A01
201300050844,0,32,0,0.0,2.0,1.0,2.0,A01
201300050844,0,7,0,0.0,2.0,5.0,23.0,B01
201300050845,0,2,0,0.0,0.0,4.0,23.0,B01
201300050845,0,7,0,0.0,2.0,1.0,1.0,A01
201300050846,0,32,0,0.0,2.0,2.0,2.0,A01
201300050846,0,7,0,0.0,2.0,3.0,23.0,B01
201300050847,1,7,0,0.0,1.0,1.0,1.0,Z01
201300050848,0,30,0,0.0,2.0,1.0,1.0,A01
201300050848,0,7,0,0.0,0.0,3.0,15.0,B01
201300050849,0,30,0,0.0,2.0,1.0,1.0,B01
201300050849,0,7,0,0.0,2.0,3.0,13.0,A01
201300050850,0,32,0,0.0,1.0,1.0,16.0,A01
201300050851,0,1,0,0.0,2.0,1.0,7.0,B01
201300050851,0,7,0,0.0,2.0,2.0,16.0,A01
201300050852,0,33,0,0.0,2.0,1.0,1.0,B01
201300050852,0,1,0,0.0,2.0,6.0,13.0,A01
201300050852,0,33,0,0.0,2.0,7.0,1.0,C01
201300050853,0,30,0,0.0,2.0,8.0,18.0,A01
201300050853,0,7,0,0.0,2.0,7.0,14.0,B01
201300050854,0,34,0,0.0,2.0,8.0,13.0,A01
201300050854,0,7,0,0.0,2.0,5.0,1.0,B01
201300050855,0,7,0,0.0,2.0,6.0,13.0,A01
201300050855,0,33,0,0.0,2.0,1.0,1.0,B01
201300050856,0,13,0,0.0,1.0,2.0,16.0,A01
201300050857,0,2,0,0.0,0.0,7.0,1.0,A01
201300050858,0,1,0,0.0,1.0,1.0,1.0,A01
201300050859,0,30,0,0.0,2.0,1.0,2.0,B01
201300050859,0,1,0,0.0,2.0,7.0,2.0,A01
201300050860,0,33,0,0.0,2.0,1.0,15.0,A01
201300050860,0,7,0,0.0,2.0,3.0,15.0,B01
201300050861,0,7,0,0.0,0.0,0.0,22.0,A01
201300050861,0,1,0,0.0,0.0,0.0,1.0,B01
201300050862,1,7,0,0.0,1.0,3.0,1.0,Z01
201300050863,0,33,0,0.0,1.0,1.0,1.0,A01
201300050864,0,30,0,0.0,2.0,1.0,10.0,A01
201300050864,0,7,0,0.0,2.0,8.0,1.0,B01
201300050865,0,7,0,0.0,1.0,1.0,15.0,A01
201300050866,1,30,0,0.0,1.0,0.0,1.0,Z01
201300050867,0,30,0,0.0,0.0,0.0,9.0,A01
201300050868,0,7,0,0.0,2.0,4.0,23.0,B01
201300050868,1,7,0,0.0,2.0,1.0,1.0,Z01
201300050869,0,7,0,0.0,1.0,2.0,1.0,A01
201300050870,0,33,0,0.0,0.0,2.0,1.0,A01
201300050871,0,32,0,0.0,1.0,1.0,1.0,A01
201300050872,0,7,0,14.0,0.0,2.0,1.0,A01
201300050873,1,7,0,0.0,1.0,0.0,1.0,Z01
201300050874,0,32,0,11.0,0.0,0.0,5.0,A01
201300050875,0,7,0,6.0,2.0,8.0,1.0,B01
201300050875,0,7,0,9.0,2.0,1.0,1.0,A01
201300050876,0,33,0,0.0,2.0,1.0,9.0,A01
201300050876,0,1,0,0.0,2.0,1.0,1.0,B01
201300050877,0,31,0,0.0,1.0,2.0,5.0,A01
201300050878,0,10,0,0.0,1.0,2.0,15.0,A01
201300050879,0,7,0,0.0,2.0,7.0,16.0,B01
201300050879,0,32,0,0.0,2.0,3.0,18.0,A01
201300050880,0,1,0,0.0,2.0,7.0,1.0,B01
201300050880,0,10,0,0.0,2.0,8.0,22.0,A01
201300050881,0,30,0,0.0,1.0,1.0,17.0,A01
201300050882,0,30,0,0.0,2.0,1.0,15.0,A01
201300050882,0,2,0,0.0,2.0,1.0,1.0,B01
201300050883,0,7,0,0.0,2.0,7.0,16.0,A01
201300050883,0,1,0,0.0,2.0,3.0,7.0,B01
201300050884,0,7,0,0.0,0.0,5.0,23.0,B01
201300050884,0,34,0,14.0,0.0,1.0,1.0,A01
201300050885,0,7,0,0.0,0.0,0.0,22.0,A01
201300050885,0,1,0,1.0,0.0,0.0,1.0,B01
201300050886,0,33,0,14.0,0.0,8.0,13.0,A01
201300050887,0,33,0,0.0,1.0,0.0,1.0,A01
201300050888,0,1,0,14.0,0.0,1.0,1.0,C01
201300050888,0,7,0,0.0,0.0,5.0,1.0,A01
201300050888,0,1,0,0.0,2.0,1.0,1.0,B01
201300050889,0,2,0,0.0,0.0,8.0,1.0,B01
201300050889,0,7,0,0.0,2.0,3.0,15.0,A01
201300050890,0,31,0,0.0,2.0,1.0,5.0,A01
201300050890,0,31,0,0.0,2.0,1.0,1.0,B01
201300050891,0,7,0,0.0,2.0,0.0,1.0,A01
201300050891,0,1,0,0.0,2.0,1.0,1.0,B01
201300050892,0,7,0,0.0,1.0,1.0,16.0,A01
201300050893,0,30,0,12.0,0.0,1.0,14.0,A01
201300050894,0,32,0,14.0,0.0,2.0,14.0,A01
201300050895,0,1,0,0.0,2.0,1.0,2.0,B01
201300050895,0,10,0,0.0,2.0,5.0,2.0,A01
201300050896,0,32,0,0.0,1.0,7.0,1.0,A01
201300050897,0,7,0,0.0,1.0,2.0,1.0,A01
201300050898,0,7,0,0.0,1.0,1.0,15.0,A01
201300050899,0,32,0,7.0,0.0,1.0,13.0,A01
201300050900,0,1,0,0.0,0.0,6.0,19.0,B01
201300050900,0,34,0,0.0,0.0,2.0,1.0,A01
201300050901,1,32,0,0.0,1.0,0.0,1.0,Z01
201300050902,0,10,0,0.0,2.0,6.0,4.0,A01
201300050902,0,37,96,0.0,2.0,7.0,7.0,B01
201300050903,0,7,0,0.0,0.0,7.0,15.0,A01
201300050903,0,32,0,0.0,2.0,1.0,1.0,B01
201300050904,0,33,0,0.0,0.0,0.0,16.0,A01
201300050905,0,10,0,0.0,2.0,7.0,1.0,A01
201300050905,0,30,0,0.0,2.0,8.0,23.0,B01
201300050906,0,1,0,0.0,0.0,0.0,1.0,A01
201300050907,0,1,0,0.0,2.0,7.0,7.0,B01
201300050907,0,37,12,0.0,2.0,3.0,9.0,A01
201300050908,0,7,0,0.0,2.0,3.0,1.0,C01
201300050908,0,7,0,0.0,0.0,6.0,1.0,B01
201300050908,0,33,0,0.0,2.0,1.0,1.0,A01
201300050909,0,31,0,0.0,1.0,1.0,1.0,A01
201300050910,0,1,0,0.0,2.0,1.0,2.0,A01
201300050910,0,10,0,0.0,2.0,4.0,2.0,B01
201300050911,0,33,0,12.0,0.0,1.0,1.0,A01
201300050912,0,32,0,0.0,1.0,1.0,1.0,A01
201300050912,0,32,0,0.0,1.0,1.0,1.0,B01
201300050913,0,7,0,0.0,2.0,3.0,13.0,A01
201300050913,0,31,0,0.0,2.0,3.0,17.0,B01
201300050914,0,33,0,0.0,0.0,8.0,1.0,A01
201300050915,0,1,0,0.0,0.0,0.0,1.0,A01
201300050916,0,30,0,0.0,2.0,2.0,1.0,B01
201300050916,0,7,0,0.0,2.0,2.0,15.0,A01
201300050917,1,30,0,0.0,2.0,1.0,2.0,Z01
201300050917,0,7,0,0.0,2.0,4.0,23.0,A01
201300050918,0,7,0,0.0,2.0,1.0,1.0,B01
201300050918,0,7,0,0.0,2.0,8.0,1.0,A01
201300050919,0,2,0,0.0,2.0,1.0,1.0,A01
201300050919,0,7,0,0.0,2.0,6.0,1.0,B01
201300050920,0,7,0,0.0,1.0,2.0,1.0,A01
201300050921,0,10,0,0.0,1.0,4.0,4.0,A01
201300050922,0,30,0,0.0,0.0,8.0,1.0,A01