Num_Acc,senc,catv,occutc,obs,obsm,choc,manv,num_veh
201300051490,0,7,0,0.0,2.0,1.0,1.0,A01
201300051491,0,32,0,0.0,2.0,2.0,17.0,B01
201300051491,0,7,0,0.0,2.0,8.0,15.0,A01
201300051492,0,33,0,0.0,2.0,2.0,1.0,B01
201300051492,0,7,0,0.0,2.0,8.0,11.0,A01
201300051493,0,32,0,0.0,2.0,1.0,1.0,B01
201300051493,0,7,0,0.0,2.0,3.0,9.0,A01
201300051494,0,7,0,1.0,1.0,0.0,4.0,A01
201300051495,0,7,0,0.0,2.0,1.0,2.0,A01
201300051495,0,31,0,0.0,2.0,4.0,2.0,B01
201300051496,0,1,0,0.0,2.0,7.0,1.0,B01
201300051496,0,7,0,0.0,2.0,8.0,22.0,A01
201300051497,0,31,0,0.0,2.0,3.0,2.0,A01
201300051497,0,7,0,0.0,2.0,5.0,23.0,B01
201300051498,0,7,0,0.0,2.0,4.0,2.0,B01
201300051498,0,2,0,0.0,2.0,1.0,2.0,A01
201300051499,0,33,0,0.0,1.0,7.0,16.0,A01
201300051500,0,1,0,0.0,2.0,8.0,13.0,A01
201300051500,0,37,1,0.0,2.0,5.0,17.0,B01
201300051501,0,32,0,0.0,2.0,4.0,23.0,B01
201300051501,0,38,11,0.0,2.0,1.0,2.0,A01
201300051502,0,7,0,0.0,1.0,3.0,16.0,A01
201300051503,0,7,0,0.0,1.0,7.0,1.0,A01
201300051504,0,30,0,0.0,2.0,7.0,1.0,B01
201300051504,0,10,0,0.0,2.0,3.0,13.0,A01
201300051505,0,7,0,0.0,2.0,3.0,15.0,A01
201300051505,0,31,0,0.0,2.0,7.0,1.0,B01
201300051506,0,7,0,0.0,2.0,3.0,13.0,A01
201300051506,0,32,0,1.0,2.0,1.0,1.0,B01
201300051507,0,7,0,0.0,1.0,4.0,4.0,A01
201300051508,0,7,0,0.0,2.0,4.0,23.0,B01
201300051508,0,7,0,0.0,2.0,1.0,2.0,A01
201300051509,0,34,0,0.0,2.0,8.0,1.0,B01
201300051509,0,7,0,0.0,2.0,2.0,10.0,A01
201300051510,0,7,0,0.0,2.0,1.0,15.0,B01
201300051510,0,10,0,0.0,2.0,5.0,15.0,A01
201300051511,0,7,0,0.0,1.0,1.0,15.0,A01
201300051512,0,34,0,1.0,2.0,1.0,18.0,A01
201300051512,0,33,0,0.0,0.0,7.0,16.0,B01
201300051513,0,7,0,0.0,1.0,2.0,1.0,A01
201300051514,0,33,0,0.0,2.0,1.0,1.0,B01
201300051514,0,7,0,0.0,2.0,3.0,10.0,A01
201300051515,0,7,0,0.0,2.0,2.0,1.0,B01
201300051515,0,30,0,0.0,2.0,1.0,1.0,A01
201300051516,0,33,0,0.0,2.0,4.0,2.0,B01
201300051516,0,30,0,0.0,2.0,8.0,2.0,C01
201300051516,0,34,0,0.0,2.0,1.0,2.0,A01
201300051517,0,14,0,0.0,2.0,2.0,1.0,A01
201300051517,0,1,0,0.0,2.0,1.0,1.0,B01
201300051518,0,7,0,0.0,2.0,1.0,2.0,A01
201300051518,0,31,0,0.0,2.0,6.0,2.0,B01
201300051519,0,30,0,0.0,0.0,0.0,1.0,A01
201300051520,0,7,0,0.0,2.0,3.0,1.0,B01
201300051520,0,1,0,0.0,2.0,1.0,1.0,A01
201300051521,0,7,0,0.0,1.0,2.0,1.0,A01
201300051522,0,7,0,0.0,1.0,1.0,1.0,A01
201300051523,0,37,16,0.0,1.0,2.0,1.0,A01
201300051524,0,1,0,0.0,2.0,4.0,2.0,A01
201300051524,0,7,0,0.0,2.0,4.0,23.0,B01
201300051525,0,7,0,11.0,0.0,1.0,1.0,A01
201300051526,0,10,0,0.0,2.0,6.0,9.0,A01
201300051526,0,33,0,0.0,2.0,1.0,1.0,B01
201300051527,0,7,0,0.0,2.0,2.0,1.0,A01
201300051527,0,31,0,0.0,2.0,8.0,3.0,B01
201300051528,0,30,0,0.0,1.0,3.0,1.0,A01
201300051529,0,32,0,0.0,2.0,3.0,18.0,A01
201300051529,0,32,0,0.0,2.0,5.0,16.0,B01
201300051530,0,2,0,0.0,2.0,8.0,1.0,A01
201300051530,0,7,0,0.0,0.0,8.0,23.0,B01
201300051531,0,33,0,0.0,2.0,8.0,9.0,A01
201300051531,0,32,0,0.0,2.0,7.0,17.0,B01
201300051532,0,7,0,0.0,2.0,4.0,23.0,C01
201300051532,0,7,0,0.0,2.0,1.0,2.0,A01
201300051532,0,7,0,0.0,2.0,4.0,23.0,B01
201300051533,1,7,0,0.0,2.0,0.0,15.0,Z01
201300051533,0,30,0,0.0,2.0,7.0,1.0,A01
201300051534,0,2,0,0.0,2.0,4.0,1.0,B01
201300051534,0,2,0,0.0,2.0,1.0,1.0,A01
201300051535,0,7,0,0.0,2.0,7.0,1.0,B01
201300051535,0,1,0,0.0,2.0,5.0,19.0,A01
201300051536,0,34,0,0.0,0.0,0.0,16.0,A01
201300051537,0,30,0,0.0,2.0,1.0,1.0,B01
201300051537,0,7,0,0.0,2.0,5.0,16.0,A01
201300051538,0,7,0,0.0,0.0,1.0,15.0,A01
201300051538,0,33,0,0.0,0.0,1.0,1.0,B01
201300051539,0,7,0,0.0,2.0,3.0,15.0,B01
201300051539,0,33,0,0.0,2.0,2.0,17.0,A01
201300051540,0,10,0,0.0,0.0,2.0,16.0,A01
201300051540,0,32,0,0.0,0.0,6.0,1.0,B01
201300051541,0,10,0,0.0,2.0,3.0,1.0,B01
201300051541,0,30,0,0.0,2.0,5.0,16.0,A01
201300051542,0,7,0,0.0,2.0,3.0,15.0,A01
201300051542,0,7,0,0.0,2.0,3.0,1.0,B01
201300051543,0,7,0,0.0,2.0,1.0,1.0,C01
201300051543,0,7,0,0.0,2.0,2.0,10.0,A01
201300051543,0,3,0,0.0,2.0,1.0,1.0,B01
201300051544,0,7,0,0.0,2.0,1.0,1.0,A01
201300051544,0,32,0,0.0,2.0,6.0,1.0,B01
201300051545,0,2,0,0.0,2.0,0.0,3.0,A01
201300051546,0,7,0,0.0,2.0,0.0,15.0,A01
201300051546,0,32,0,0.0,2.0,0.0,18.0,B01
201300051547,0,34,0,0.0,1.0,2.0,1.0,A01
201300051548,0,7,0,0.0,1.0,5.0,4.0,A01
201300051549,0,7,0,0.0,2.0,1.0,1.0,B01
201300051549,0,7,0,0.0,2.0,3.0,9.0,A01
201300051550,0,7,0,1.0,2.0,3.0,1.0,A01
201300051550,0,7,0,0.0,2.0,1.0,23.0,B01
201300051551,0,30,0,0.0,2.0,7.0,1.0,A01
201300051551,1,7,0,0.0,2.0,0.0,10.0,Z01
201300051552,0,7,0,0.0,1.0,2.0,1.0,A01
201300051553,0,7,0,0.0,2.0,2.0,1.0,A01
201300051553,0,30,0,0.0,2.0,2.0,1.0,B01
201300051554,0,7,0,0.0,2.0,1.0,2.0,A01
201300051554,0,31,0,0.0,2.0,4.0,2.0,B01
201300051554,0,7,0,0.0,2.0,4.0,23.0,C01
201300051555,0,38,0,0.0,2.0,2.0,23.0,A01
201300051555,0,33,0,0.0,2.0,3.0,1.0,B01
201300051556,0,33,0,0.0,2.0,1.0,18.0,A01
201300051556,0,7,0,0.0,2.0,7.0,22.0,B01
201300051557,0,7,0,0.0,2.0,8.0,22.0,A01
201300051557,0,1,0,0.0,2.0,0.0,1.0,B01
201300051558,0,7,0,6.0,0.0,1.0,13.0,A01
201300051559,0,7,0,0.0,2.0,1.0,2.0,A01
201300051559,0,10,0,0.0,2.0,4.0,23.0,B01
201300051560,0,30,0,14.0,0.0,1.0,1.0,A01
201300051561,0,37,20,0.0,1.0,1.0,1.0,A01
201300051562,0,7,0,0.0,2.0,5.0,14.0,B01
201300051562,0,30,0,0.0,2.0,1.0,16.0,A01
201300051563,0,7,0,0.0,2.0,4.0,2.0,B01
201300051563,0,32,0,0.0,2.0,1.0,2.0,A01
201300051564,0,7,0,0.0,1.0,1.0,1.0,A01
201300051565,0,34,0,1.0,1.0,1.0,1.0,A01
201300051566,0,1,0,0.0,2.0,1.0,1.0,A01
201300051566,0,7,0,0.0,0.0,6.0,23.0,B01
201300051567,0,7,0,0.0,2.0,1.0,1.0,C01
201300051567,0,30,0,0.0,2.0,3.0,13.0,A01
201300051567,0,7,0,0.0,2.0,3.0,1.0,B01
201300051568,0,7,0,0.0,2.0,1.0,2.0,A01
201300051568,0,7,0,0.0,2.0,4.0,2.0,B01
201300051569,0,7,0,0.0,1.0,1.0,1.0,A01
201300051570,0,2,0,0.0,0.0,0.0,1.0,A01
201300051571,0,7,0,0.0,2.0,5.0,1.0,A01
201300051571,0,7,0,0.0,0.0,5.0,23.0,B01
201300051572,0,7,0,0.0,2.0,2.0,15.0,A01
201300051572,0,1,0,0.0,2.0,1.0,1.0,B01
201300051573,0,30,0,0.0,0.0,0.0,1.0,A01
201300051574,0,7,0,0.0,2.0,5.0,13.0,A01
201300051574,0,7,0,0.0,2.0,3.0,2.0,B01
201300051574,0,7,0,0.0,2.0,1.0,2.0,C01
201300051575,0,7,0,0.0,1.0,3.0,1.0,A01
201300051576,0,33,0,0.0,2.0,2.0,17.0,B01
201300051576,0,7,0,0.0,2.0,6.0,10.0,A01
201300051577,0,32,0,1.0,1.0,1.0,1.0,A01
201300051578,0,7,0,0.0,0.0,5.0,22.0,A01
201300051578,0,32,0,0.0,2.0,1.0,18.0,B01
201300051579,0,32,0,0.0,2.0,8.0,1.0,B01
201300051579,0,1,0,0.0,2.0,7.0,1.0,A01
201300051580,0,10,0,0.0,0.0,4.0,23.0,B01
201300051580,0,1,0,0.0,0.0,3.0,1.0,A01
201300051581,0,10,0,0.0,2.0,8.0,15.0,B01
201300051581,0,32,0,0.0,2.0,7.0,17.0,A01
201300051582,0,7,0,0.0,2.0,5.0,16.0,A01
201300051582,0,32,0,0.0,2.0,3.0,16.0,B01
201300051583,0,33,0,0.0,0.0,1.0,1.0,A01
201300051584,0,7,0,0.0,2.0,6.0,10.0,A01
201300051584,0,31,0,0.0,2.0,2.0,1.0,B01
201300051585,0,7,0,11.0,0.0,1.0,13.0,A01
201300051586,0,1,0,0.0,2.0,1.0,1.0,B01
201300051586,0,7,0,0.0,2.0,2.0,1.0,A01
201300051587,0,7,0,0.0,2.0,2.0,16.0,A01
201300051587,0,32,0,0.0,2.0,1.0,7.0,B01
201300051588,0,2,0,0.0,2.0,1.0,1.0,A01
201300051588,0,10,0,0.0,2.0,6.0,23.0,B01
201300051589,0,32,0,1.0,1.0,3.0,1.0,A01
201300051590,0,7,0,0.0,1.0,8.0,16.0,A01
201300051591,0,7,0,0.0,2.0,8.0,18.0,A01
201300051591,0,7,0,0.0,2.0,2.0,1.0,B01
201300051592,0,7,0,0.0,2.0,1.0,15.0,B01
201300051592,0,1,0,0.0,2.0,8.0,1.0,A01
201300051593,0,7,0,0.0,2.0,5.0,16.0,A01
201300051593,0,33,0,0.0,2.0,2.0,1.0,B01
201300051594,0,7,0,0.0,1.0,2.0,1.0,A01
201300051595,0,7,0,0.0,2.0,1.0,1.0,A01
201300051595,0,7,0,0.0,2.0,8.0,1.0,B01
201300051596,0,30,0,0.0,2.0,1.0,1.0,A01
201300051596,0,10,0,0.0,2.0,2.0,15.0,B01
201300051597,0,7,0,0.0,2.0,3.0,9.0,A01
201300051597,0,33,0,0.0,2.0,1.0,1.0,B01
201300051598,0,7,0,0.0,2.0,4.0,23.0,B01
201300051598,0,1,0,0.0,2.0,0.0,2.0,A01
201300051599,0,32,0,0.0,0.0,7.0,1.0,A01
201300051599,1,34,0,0.0,0.0,0.0,1.0,Z01
201300051600,0,7,0,0.0,2.0,2.0,16.0,A01
201300051600,0,1,0,0.0,2.0,1.0,5.0,B01
201300051601,0,7,0,0.0,2.0,2.0,16.0,A01
201300051601,0,32,0,0.0,2.0,3.0,1.0,B01
201300051602,0,10,0,7.0,0.0,3.0,15.0,A01
201300051603,0,7,0,0.0,0.0,2.0,1.0,A01
201300051603,0,7,0,0.0,0.0,8.0,16.0,B01
201300051604,0,7,0,0.0,1.0,1.0,1.0,A01
201300051605,0,34,0,8.0,2.0,1.0,1.0,A01
201300051606,0,7,0,0.0,2.0,3.0,1.0,A01
201300051606,0,33,0,0.0,2.0,1.0,1.0,B01
201300051607,0,34,0,1.0,0.0,2.0,1.0,B01
201300051607,0,7,0,0.0,2.0,7.0,22.0,A01
201300051608,0,33,0,0.0,0.0,4.0,11.0,A01
201300051608,0,7,0,0.0,0.0,2.0,1.0,B01
201300051609,0,32,0,0.0,2.0,1.0,5.0,A01
201300051609,0,31,0,0.0,2.0,1.0,1.0,B01
201300051610,0,1,0,0.0,2.0,0.0,1.0,A01
201300051610,0,7,0,0.0,2.0,0.0,22.0,B01
201300051611,0,7,0,0.0,0.0,6.0,10.0,A01
201300051611,0,33,0,0.0,2.0,2.0,17.0,B01
201300051612,0,7,0,0.0,2.0,7.0,10.0,A01
201300051612,0,34,0,0.0,2.0,1.0,1.0,B01
201300051613,0,30,0,0.0,1.0,8.0,1.0,A01
201300051614,0,7,0,0.0,0.0,2.0,1.0,A01
201300051614,0,32,0,0.0,0.0,8.0,1.0,B01
201300051615,0,33,0,0.0,0.0,7.0,21.0,A01
201300051616,0,32,0,0.0,2.0,1.0,1.0,B01
201300051616,0,7,0,0.0,2.0,7.0,15.0,A01
201300051617,0,7,0,0.0,2.0,3.0,1.0,B01
201300051617,0,7,0,0.0,2.0,2.0,1.0,A01
201300051618,0,37,1,0.0,2.0,1.0,23.0,B01
201300051618,0,33,0,0.0,2.0,7.0,1.0,A01
201300051619,0,10,0,0.0,2.0,2.0,16.0,B01
201300051619,0,32,0,0.0,2.0,8.0,18.0,A01
201300051620,0,10,0,0.0,2.0,8.0,22.0,A01
201300051620,0,1,0,0.0,2.0,1.0,17.0,B01
201300051621,0,10,0,0.0,1.0,3.0,15.0,A01
201300051622,0,14,0,0.0,2.0,3.0,2.0,A01
201300051622,0,7,0,0.0,2.0,5.0,23.0,B01
201300051623,0,32,0,0.0,2.0,3.0,1.0,A01
201300051623,0,7,0,0.0,2.0,2.0,15.0,B01
201300051624,0,7,0,0.0,2.0,8.0,15.0,C01
201300051624,0,34,0,0.0,2.0,9.0,2.0,A01
201300051624,0,7,0,0.0,2.0,4.0,23.0,B01
201300051625,0,34,0,0.0,0.0,0.0,1.0,A01
201300051626,0,7,0,0.0,2.0,0.0,1.0,B01
201300051626,0,1,0,0.0,2.0,0.0,1.0,A01
201300051627,0,32,0,0.0,0.0,1.0,1.0,A01
201300051628,0,32,0,0.0,1.0,0.0,0.0,A01
201300051629,0,34,0,0.0,2.0,7.0,17.0,B01
201300051629,0,7,0,0.0,2.0,8.0,15.0,A01
201300051630,0,7,0,0.0,1.0,1.0,1.0,A01
201300051631,0,7,0,0.0,2.0,7.0,24.0,B01
201300051631,0,2,0,1.0,0.0,8.0,1.0,A01
201300051632,0,7,0,0.0,2.0,4.0,23.0,C01
201300051632,0,7,0,0.0,2.0,1.0,2.0,A01
201300051632,0,7,0,0.0,2.0,4.0,23.0,B01
201300051633,0,34,0,0.0,2.0,1.0,1.0,B01
201300051633,0,7,0,0.0,2.0,7.0,15.0,A01
201300051634,0,34,0,0.0,2.0,2.0,1.0,B01
201300051634,0,7,0,0.0,2.0,6.0,10.0,A01
201300051635,0,32,0,0.0,0.0,3.0,1.0,A01
201300051635,0,7,0,0.0,2.0,2.0,1.0,B01
201300051636,0,1,0,1.0,0.0,1.0,1.0,A01
201300051637,0,33,0,0.0,0.0,0.0,1.0,A01
201300051638,0,30,0,0.0,2.0,8.0,21.0,A01
201300051639,0,7,0,0.0,0.0,8.0,15.0,A01
201300051639,0,32,0,0.0,2.0,1.0,17.0,B01
201300051640,0,7,0,0.0,1.0,1.0,9.0,A01
201300051641,0,2,0,0.0,1.0,1.0,1.0,A01
201300051642,0,33,0,0.0,2.0,8.0,3.0,A01
201300051642,0,7,0,0.0,2.0,2.0,12.0,B01
201300051643,0,7,0,0.0,1.0,2.0,9.0,A01
201300051644,0,34,0,9.0,0.0,1.0,21.0,A01
201300051645,0,7,0,0.0,2.0,1.0,1.0,B01
201300051645,0,34,0,0.0,2.0,6.0,15.0,A01
201300051646,0,7,0,0.0,2.0,4.0,1.0,B01
201300051646,0,7,0,0.0,2.0,1.0,1.0,A01
201300051647,0,33,0,0.0,2.0,1.0,1.0,A01
201300051647,0,7,0,0.0,0.0,4.0,23.0,B01
201300051648,0,7,0,0.0,1.0,4.0,4.0,A01
201300051649,0,1,0,14.0,1.0,1.0,1.0,A01
201300051650,0,33,0,0.0,0.0,0.0,1.0,A01
201300051651,0,7,0,0.0,2.0,3.0,15.0,A01
201300051651,0,32,0,0.0,2.0,7.0,1.0,B01
201300051652,0,33,0,1.0,1.0,1.0,1.0,A01
201300051653,0,33,0,0.0,2.0,7.0,1.0,B01
201300051653,0,7,0,0.0,2.0,1.0,9.0,A01
201300051654,0,7,0,0.0,2.0,3.0,10.0,A01
201300051654,0,33,0,0.0,2.0,7.0,17.0,B01
201300051655,0,33,0,0.0,0.0,0.0,1.0,A01
201300051656,0,34,0,0.0,2.0,8.0,5.0,A01
201300051656,0,7,0,0.0,2.0,4.0,1.0,B01
201300051657,0,34,0,0.0,2.0,1.0,1.0,A01
201300051657,0,33,0,0.0,2.0,5.0,1.0,B01
201300051658,0,33,0,0.0,1.0,1.0,1.0,A01
201300051659,0,7,0,0.0,1.0,0.0,1.0,A01
201300051660,0,33,0,0.0,1.0,1.0,5.0,A01
201300051661,0,33,0,0.0,2.0,4.0,1.0,B01
201300051661,0,7,0,0.0,2.0,3.0,1.0,A01
201300051662,0,7,0,0.0,1.0,3.0,15.0,A01
201300051663,0,31,0,0.0,2.0,0.0,1.0,A01
201300051663,1,7,0,0.0,2.0,0.0,14.0,Z01
201300051664,0,31,0,0.0,2.0,1.0,7.0,A01
201300051664,0,30,0,0.0,2.0,4.0,7.0,B01
201300051665,0,7,0,0.0,2.0,8.0,13.0,A01
201300051665,0,34,0,0.0,2.0,7.0,17.0,B01
201300051666,0,7,0,6.0,0.0,3.0,1.0,A01
201300051667,0,31,0,0.0,1.0,3.0,1.0,A01
201300051668,0,7,0,0.0,1.0,4.0,4.0,A01
201300051669,0,7,0,0.0,2.0,3.0,15.0,A01
201300051669,0,34,0,0.0,2.0,2.0,17.0,B01
201300051670,0,7,0,0.0,2.0,2.0,1.0,B01
201300051670,0,7,0,0.0,2.0,5.0,1.0,A01
201300051670,0,10,0,0.0,2.0,8.0,1.0,C01
201300051671,0,32,0,0.0,0.0,0.0,1.0,A01
201300051672,0,7,0,0.0,2.0,1.0,1.0,A01
201300051672,0,7,0,0.0,2.0,7.0,1.0,B01
201300051673,0,30,0,0.0,0.0,0.0,1.0,A01
201300051674,0,30,0,0.0,1.0,1.0,1.0,A01
201300051675,0,33,0,0.0,2.0,3.0,18.0,B01
201300051675,0,10,0,0.0,2.0,7.0,16.0,A01
201300051676,0,7,0,0.0,2.0,1.0,1.0,A01
201300051676,0,7,0,0.0,2.0,3.0,15.0,B01
201300051677,0,33,0,0.0,2.0,5.0,1.0,B01
201300051677,0,7,0,0.0,2.0,3.0,1.0,A01
201300051678,0,7,0,0.0,2.0,2.0,15.0,A01
201300051678,0,33,0,0.0,2.0,8.0,1.0,B01
201300051679,0,10,0,0.0,2.0,7.0,16.0,A01
201300051679,0,1,0,0.0,2.0,1.0,7.0,B01
201300051680,0,33,0,0.0,2.0,1.0,13.0,A01
201300051680,0,7,0,0.0,2.0,8.0,1.0,C01
201300051680,0,10,0,0.0,2.0,1.0,1.0,B01
201300051681,0,7,0,0.0,2.0,1.0,0.0,A01
201300051681,0,7,0,0.0,2.0,4.0,20.0,B01
201300051682,0,7,0,0.0,2.0,7.0,16.0,A01
201300051682,0,7,0,0.0,2.0,3.0,1.0,B01
201300051683,0,7,0,0.0,2.0,6.0,23.0,B01
201300051683,0,7,0,0.0,2.0,3.0,23.0,C01
201300051683,0,7,0,0.0,2.0,1.0,2.0,A01
201300051684,1,7,0,0.0,1.0,0.0,1.0,Z01
201300051685,0,31,0,0.0,0.0,0.0,1.0,A01
201300051686,0,34,0,1.0,0.0,3.0,13.0,A01
201300051687,0,34,0,0.0,2.0,7.0,17.0,B01
201300051687,0,7,0,0.0,2.0,3.0,10.0,A01
201300051688,0,7,0,0.0,2.0,2.0,15.0,A01
201300051688,0,31,0,0.0,2.0,0.0,1.0,B01
201300051689,1,7,0,0.0,1.0,0.0,1.0,Z01
201300051690,0,34,0,0.0,2.0,3.0,1.0,B01
201300051690,0,7,0,0.0,2.0,7.0,16.0,A01
201300051691,0,32,0,0.0,0.0,3.0,1.0,A01
201300051692,0,7,0,0.0,2.0,8.0,22.0,A01
201300051692,0,1,0,0.0,2.0,1.0,1.0,B01
201300051693,0,7,0,0.0,2.0,4.0,23.0,B01
201300051693,0,30,0,0.0,2.0,1.0,2.0,A01
201300051694,0,34,0,0.0,2.0,1.0,1.0,A01
201300051694,0,13,0,0.0,2.0,3.0,1.0,B01
201300051695,0,7,0,0.0,2.0,5.0,22.0,A01
201300051695,0,32,0,0.0,2.0,6.0,1.0,B01
201300051696,0,33,0,0.0,2.0,1.0,18.0,B01
201300051696,0,7,0,0.0,2.0,2.0,16.0,A01
201300051697,0,30,0,1.0,2.0,1.0,1.0,A01
201300051697,1,7,0,0.0,2.0,7.0,16.0,Z01
201300051698,0,1,0,0.0,1.0,1.0,16.0,A01
201300051699,0,30,0,0.0,2.0,1.0,1.0,A01
201300051699,1,7,0,0.0,2.0,5.0,1.0,Z01
201300051700,0,30,0,0.0,2.0,1.0,1.0,A01
201300051700,0,30,0,0.0,2.0,7.0,1.0,B01
201300051701,0,7,0,0.0,1.0,3.0,15.0,A01
201300051702,0,7,0,0.0,1.0,4.0,4.0,A01
201300051703,0,1,0,0.0,0.0,0.0,1.0,A01
201300051704,0,32,0,0.0,0.0,0.0,21.0,A01
201300051705,0,37,3,0.0,1.0,6.0,15.0,A01
201300051706,1,7,0,0.0,1.0,1.0,1.0,Z01
201300051707,0,7,0,0.0,1.0,6.0,15.0,A01
201300051708,0,7,0,0.0,2.0,3.0,1.0,C01
201300051708,0,7,0,0.0,2.0,1.0,1.0,B01
201300051708,0,1,0,0.0,2.0,8.0,1.0,A01
201300051709,0,32,0,1.0,2.0,3.0,13.0,A01
201300051710,0,31,0,0.0,0.0,8.0,16.0,A01
201300051711,0,10,0,0.0,1.0,3.0,1.0,A01
201300051712,0,7,0,0.0,1.0,1.0,16.0,A01
201300051713,0,7,0,0.0,1.0,2.0,1.0,A01
201300051714,0,32,0,0.0,2.0,8.0,7.0,B01
201300051714,0,7,0,0.0,2.0,5.0,14.0,A01
201300051715,0,7,0,0.0,2.0,2.0,1.0,A01
201300051715,0,33,0,0.0,0.0,4.0,23.0,B01
201300051716,0,34,0,0.0,1.0,3.0,1.0,A01
201300051717,0,7,0,0.0,2.0,2.0,1.0,A01
201300051717,1,10,0,0.0,2.0,0.0,5.0,Z01
201300051718,0,7,0,0.0,2.0,5.0,9.0,A01
201300051718,0,31,0,0.0,2.0,3.0,5.0,B01
201300051719,0,1,0,1.0,0.0,1.0,7.0,A01
201300051720,0,32,0,0.0,0.0,0.0,21.0,A01
201300051721,0,7,0,0.0,1.0,1.0,15.0,A01
201300051722,0,7,0,0.0,2.0,0.0,22.0,A01
201300051722,0,1,0,1.0,0.0,0.0,18.0,B01
201300051723,0,7,0,0.0,0.0,2.0,15.0,B01
201300051723,0,7,0,0.0,0.0,3.0,1.0,A01
201300051724,0,7,0,0.0,2.0,2.0,12.0,A01
201300051724,0,32,0,0.0,2.0,8.0,1.0,B01
201300051725,0,7,0,0.0,2.0,3.0,15.0,A01
201300051725,0,33,0,0.0,2.0,5.0,17.0,B01
201300051726,0,14,0,0.0,0.0,7.0,23.0,B01
201300051726,0,7,0,1.0,0.0,3.0,1.0,A01
201300051727,0,30,0,0.0,1.0,1.0,1.0,A01
201300051728,0,33,0,0.0,0.0,0.0,15.0,A01
201300051729,0,10,0,0.0,2.0,8.0,23.0,B01
201300051729,0,32,0,0.0,2.0,7.0,3.0,A01
201300051730,0,7,0,0.0,1.0,5.0,20.0,A01
201300051731,0,2,0,0.0,2.0,1.0,3.0,A01
201300051731,0,7,0,0.0,2.0,5.0,23.0,C01
201300051731,0,7,0,0.0,2.0,2.0,22.0,B01
201300051732,0,34,0,0.0,0.0,0.0,21.0,A01
201300051733,0,30,0,0.0,0.0,4.0,23.0,B01
201300051733,0,7,0,0.0,2.0,1.0,1.0,A01
201300051734,0,30,0,0.0,1.0,1.0,1.0,A01
201300051735,0,7,0,0.0,0.0,0.0,16.0,A01
201300051735,0,32,0,0.0,0.0,8.0,1.0,B01
201300051736,0,30,0,0.0,1.0,7.0,1.0,B01
201300051736,0,7,0,0.0,2.0,1.0,7.0,A01
201300051737,0,34,0,0.0,1.0,5.0,17.0,A01
201300051738,0,37,0,0.0,1.0,2.0,7.0,A01
201300051739,0,32,0,12.0,0.0,7.0,13.0,A01
201300051740,0,2,0,0.0,0.0,0.0,0.0,A01
201300051741,0,31,0,0.0,2.0,1.0,1.0,B01
201300051741,0,7,0,0.0,2.0,3.0,1.0,A01
201300051742,0,30,0,0.0,2.0,3.0,18.0,A01
201300051742,0,7,0,0.0,2.0,5.0,22.0,B01
201300051743,0,7,0,0.0,2.0,3.0,15.0,A01
201300051743,0,30,0,0.0,2.0,2.0,17.0,B01
201300051744,0,37,1,0.0,1.0,0.0,7.0,A01
201300051745,0,30,0,0.0,0.0,0.0,21.0,A01
201300051746,0,32,0,0.0,2.0,8.0,1.0,A01
201300051746,0,1,0,0.0,2.0,4.0,11.0,B01
201300051747,0,33,0,0.0,2.0,1.0,23.0,B01
201300051747,0,33,0,1.0,2.0,1.0,2.0,A01
201300051748,0,34,0,0.0,1.0,2.0,1.0,A01
201300051749,0,7,0,0.0,1.0,2.0,15.0,A01
201300051750,0,34,0,0.0,2.0,4.0,23.0,B01
201300051750,0,37,1,1.0,0.0,5.0,8.0,A01
201300051751,0,7,0,0.0,2.0,8.0,22.0,B01
201300051751,0,34,0,0.0,2.0,2.0,18.0,A01
201300051751,0,7,0,0.0,2.0,7.0,1.0,C01
201300051752,0,7,0,0.0,1.0,1.0,1.0,A01
201300051753,0,10,0,0.0,1.0,1.0,16.0,A01
201300051754,1,7,0,0.0,1.0,0.0,1.0,Z01
201300051755,1,7,0,0.0,2.0,3.0,10.0,A01
201300051755,0,32,0,0.0,2.0,2.0,1.0,B01
201300051756,0,7,0,0.0,2.0,3.0,15.0,A01
201300051756,0,33,0,0.0,2.0,2.0,17.0,B01
201300051757,1,7,0,1.0,1.0,0.0,5.0,Z01
201300051758,0,30,0,0.0,2.0,7.0,15.0,A01
201300051758,0,7,0,0.0,2.0,1.0,1.0,B01
201300051759,0,30,0,0.0,2.0,2.0,1.0,A01
201300051759,0,7,0,0.0,2.0,6.0,16.0,B01
201300051760,0,14,0,0.0,2.0,8.0,1.0,B01
201300051760,0,1,0,0.0,2.0,7.0,18.0,A01
201300051761,0,37,0,0.0,1.0,2.0,7.0,A01
201300051762,0,30,0,0.0,0.0,3.0,13.0,A01
201300051763,0,10,0,0.0,2.0,3.0,1.0,A01
201300051763,0,10,0,0.0,2.0,7.0,1.0,B01
201300051764,0,7,0,0.0,2.0,3.0,15.0,A01
201300051764,0,32,0,0.0,2.0,2.0,1.0,B01
201300051765,0,7,0,0.0,1.0,6.0,20.0,A01
201300051766,0,30,0,0.0,1.0,1.0,1.0,A01
201300051767,0,2,0,0.0,2.0,3.0,18.0,B01
201300051767,0,7,0,0.0,2.0,5.0,16.0,A01
201300051768,0,1,0,0.0,2.0,1.0,18.0,B01