Num_Acc,senc,catv,occutc,obs,obsm,choc,manv,num_veh
201300051768,0,37,36,0.0,2.0,7.0,16.0,A01
201300051769,0,7,0,0.0,2.0,3.0,1.0,C01
201300051769,0,3,0,0.0,2.0,2.0,13.0,A01
201300051769,0,7,0,0.0,2.0,3.0,1.0,B01
201300051770,0,7,0,0.0,2.0,8.0,22.0,A01
201300051770,0,32,0,1.0,2.0,9.0,3.0,B01
201300051770,0,7,0,0.0,2.0,7.0,1.0,C01
201300051771,0,31,0,0.0,1.0,1.0,1.0,A01
201300051772,0,37,1,0.0,1.0,1.0,1.0,A01
201300051773,0,7,0,0.0,2.0,4.0,2.0,B01
201300051773,0,7,0,0.0,2.0,1.0,2.0,A01
201300051774,0,1,0,0.0,2.0,3.0,1.0,A01
201300051774,0,7,0,0.0,9.0,2.0,1.0,B01
201300051775,0,2,0,0.0,0.0,7.0,1.0,A01
201300051775,1,7,0,0.0,0.0,0.0,1.0,Z01
201300051776,0,32,0,0.0,1.0,3.0,1.0,A01
201300051777,0,33,0,0.0,2.0,3.0,16.0,B01
201300051777,0,7,0,0.0,2.0,2.0,16.0,A01
201300051778,0,32,0,0.0,2.0,1.0,1.0,B01
201300051778,0,33,0,0.0,2.0,2.0,15.0,A01
201300051779,0,30,0,0.0,0.0,8.0,1.0,A01
201300051780,0,33,0,0.0,1.0,1.0,1.0,A01
201300051781,0,1,0,0.0,2.0,3.0,1.0,A01
201300051781,0,32,0,0.0,2.0,0.0,1.0,B01
201300051782,0,30,0,0.0,2.0,8.0,1.0,B01
201300051782,0,7,0,0.0,2.0,1.0,1.0,A01
201300051783,0,30,0,0.0,2.0,8.0,1.0,B01
201300051783,0,7,0,0.0,2.0,1.0,1.0,A01
201300051784,0,7,0,0.0,1.0,3.0,7.0,A01
201300051785,0,7,0,0.0,2.0,7.0,15.0,A01
201300051785,0,32,0,0.0,2.0,7.0,1.0,B01
201300051786,0,7,0,0.0,1.0,1.0,15.0,A01
201300051787,0,7,0,0.0,1.0,4.0,4.0,A01
201300051788,0,30,0,0.0,2.0,2.0,1.0,B01
201300051788,0,10,0,0.0,2.0,3.0,15.0,A01
201300051789,0,7,0,0.0,2.0,2.0,1.0,A01
201300051789,0,7,0,0.0,2.0,3.0,16.0,B01
201300051790,0,7,0,0.0,2.0,2.0,15.0,B01
201300051790,0,34,0,0.0,2.0,1.0,1.0,A01
201300051791,0,37,76,12.0,2.0,2.0,7.0,A01
201300051791,0,1,0,14.0,2.0,8.0,19.0,B01
201300051792,0,7,0,0.0,1.0,3.0,17.0,A01
201300051793,0,32,0,0.0,2.0,1.0,1.0,A01
201300051793,0,7,0,0.0,0.0,4.0,23.0,B01
201300051794,1,7,0,0.0,1.0,0.0,1.0,Z01
201300051795,0,1,0,0.0,0.0,0.0,1.0,A01
201300051796,0,30,0,0.0,2.0,1.0,2.0,A01
201300051796,0,32,0,0.0,2.0,4.0,2.0,B01
201300051797,0,7,0,8.0,0.0,3.0,13.0,A01
201300051798,0,31,0,0.0,2.0,1.0,1.0,A01
201300051798,0,37,1,0.0,2.0,2.0,7.0,B01
201300051799,0,7,0,0.0,1.0,2.0,15.0,A01
201300051800,0,10,0,0.0,1.0,2.0,1.0,A01
201300051801,0,7,0,0.0,2.0,3.0,16.0,B01
201300051801,0,7,0,1.0,2.0,4.0,4.0,A01
201300051802,0,7,0,0.0,1.0,1.0,1.0,A01
201300051803,0,10,0,0.0,2.0,0.0,16.0,A01
201300051803,0,37,3,0.0,2.0,0.0,7.0,B01
201300051804,0,7,0,0.0,2.0,7.0,15.0,A01
201300051804,0,33,0,0.0,2.0,8.0,1.0,B01
201300051805,0,7,0,0.0,1.0,2.0,1.0,A01
201300051806,0,33,0,0.0,0.0,8.0,1.0,A01
201300051806,2,1,0,0.0,0.0,1.0,1.0,Z01
201300051807,0,10,0,0.0,0.0,2.0,16.0,A01
201300051807,0,31,0,0.0,2.0,1.0,7.0,B01
201300051808,0,32,0,0.0,2.0,4.0,23.0,A01
201300051808,1,7,0,0.0,2.0,1.0,1.0,Z01
201300051809,0,7,0,0.0,1.0,8.0,7.0,A01
201300051810,0,7,0,0.0,1.0,6.0,1.0,A01
201300051811,0,7,0,0.0,1.0,1.0,1.0,A01
201300051812,0,37,0,0.0,1.0,2.0,7.0,A01
201300051813,0,38,1,0.0,2.0,6.0,15.0,A01
201300051813,0,33,0,0.0,2.0,8.0,1.0,B01
201300051814,0,34,0,0.0,2.0,5.0,1.0,A01
201300051814,0,30,0,0.0,2.0,1.0,1.0,B01
201300051815,0,32,0,0.0,2.0,2.0,1.0,B01
201300051815,0,10,0,0.0,2.0,6.0,4.0,A01
201300051816,0,7,0,0.0,2.0,7.0,1.0,A01
201300051816,0,1,0,0.0,2.0,1.0,16.0,B01
201300051817,0,1,0,0.0,2.0,3.0,14.0,A01
201300051817,0,7,0,0.0,2.0,6.0,1.0,B01
201300051818,0,37,1,0.0,1.0,2.0,8.0,A01
201300051819,1,7,0,0.0,2.0,1.0,1.0,Z01
201300051819,0,32,0,0.0,2.0,4.0,1.0,A01
201300051820,0,10,0,0.0,2.0,3.0,1.0,B01
201300051820,0,30,0,0.0,2.0,8.0,1.0,C01
201300051820,0,33,0,0.0,2.0,1.0,1.0,A01
201300051821,0,33,0,0.0,2.0,0.0,15.0,B01
201300051821,0,30,0,0.0,2.0,0.0,17.0,A01
201300051822,0,33,0,0.0,0.0,0.0,1.0,A01
201300051823,0,30,0,0.0,1.0,1.0,1.0,A01
201300051824,1,7,0,0.0,1.0,3.0,1.0,Z01
201300051825,0,37,0,0.0,1.0,7.0,7.0,A01
201300051826,0,32,0,1.0,0.0,1.0,1.0,A01
201300051827,0,7,0,0.0,1.0,2.0,1.0,A01
201300051828,0,7,0,0.0,2.0,7.0,22.0,B01
201300051828,0,32,0,1.0,0.0,5.0,18.0,A01
201300051829,0,30,0,0.0,2.0,7.0,16.0,A01
201300051829,0,7,0,0.0,2.0,1.0,7.0,B01
201300051830,0,32,0,0.0,0.0,0.0,1.0,A01
201300051830,0,7,0,0.0,0.0,5.0,1.0,B01
201300051831,0,38,1,0.0,1.0,2.0,1.0,A01
201300051832,0,7,0,0.0,2.0,2.0,15.0,A01
201300051832,0,1,0,0.0,2.0,1.0,1.0,B01
201300051833,0,1,0,0.0,0.0,0.0,21.0,A01
201300051834,0,13,0,0.0,2.0,3.0,22.0,A01
201300051834,0,30,0,0.0,2.0,2.0,1.0,B01
201300051835,0,7,0,0.0,1.0,4.0,4.0,A01
201300051836,0,2,0,0.0,1.0,2.0,1.0,A01
201300051837,0,10,0,0.0,0.0,0.0,15.0,B01
201300051837,0,1,0,0.0,0.0,0.0,19.0,A01
201300051838,0,2,0,0.0,2.0,2.0,5.0,A01
201300051838,0,10,0,0.0,2.0,3.0,10.0,B01
201300051839,0,7,0,0.0,2.0,7.0,15.0,A01
201300051839,0,34,0,0.0,2.0,3.0,1.0,B01
201300051840,0,7,0,0.0,1.0,3.0,1.0,A01
201300051841,0,7,0,0.0,0.0,8.0,22.0,A01
201300051841,0,1,0,1.0,0.0,1.0,1.0,B01
201300051842,0,7,0,0.0,2.0,3.0,23.0,C01
201300051842,0,7,0,0.0,2.0,2.0,22.0,A01
201300051842,0,31,0,0.0,2.0,3.0,18.0,B01
201300051843,0,30,0,0.0,2.0,1.0,1.0,B01
201300051843,0,7,0,0.0,2.0,8.0,22.0,A01
201300051844,0,10,0,0.0,2.0,1.0,2.0,A01
201300051844,0,33,0,0.0,2.0,4.0,23.0,B01
201300051845,0,1,0,0.0,1.0,1.0,1.0,A01
201300051846,0,7,0,1.0,2.0,1.0,17.0,A01
201300051846,0,7,0,0.0,2.0,3.0,15.0,B01
201300051847,0,7,0,0.0,2.0,2.0,1.0,A01
201300051847,0,1,0,0.0,2.0,4.0,23.0,B01
201300051848,0,30,0,0.0,2.0,3.0,7.0,A01
201300051848,0,10,0,0.0,2.0,7.0,15.0,B01
201300051849,0,32,0,0.0,0.0,0.0,21.0,A01
201300051850,0,7,0,0.0,1.0,5.0,20.0,A01
201300051851,1,30,0,0.0,1.0,0.0,1.0,Z01
201300051852,0,31,0,0.0,2.0,2.0,1.0,B01
201300051852,0,1,0,0.0,2.0,3.0,15.0,A01
201300051853,0,32,0,0.0,2.0,4.0,1.0,A01
201300051853,0,10,0,0.0,2.0,4.0,23.0,B01
201300051854,0,31,0,0.0,2.0,4.0,2.0,B01
201300051854,0,7,0,0.0,2.0,1.0,2.0,A01
201300051855,0,10,0,0.0,1.0,5.0,4.0,A01
201300051856,0,10,0,0.0,1.0,3.0,1.0,A01
201300051857,0,7,0,0.0,2.0,4.0,20.0,B01
201300051857,0,33,0,0.0,2.0,1.0,2.0,A01
201300051858,0,7,0,0.0,0.0,1.0,7.0,A01
201300051859,0,37,0,0.0,1.0,1.0,7.0,A01
201300051860,0,30,0,0.0,1.0,1.0,1.0,A01
201300051861,0,2,0,14.0,0.0,1.0,13.0,A01
201300051862,0,7,0,0.0,2.0,1.0,1.0,A01
201300051862,0,7,0,0.0,2.0,3.0,1.0,B01
201300051863,0,31,0,0.0,0.0,8.0,15.0,B01
201300051863,0,7,0,0.0,0.0,0.0,17.0,A01
201300051864,0,10,0,0.0,2.0,1.0,2.0,A01
201300051864,0,7,0,0.0,2.0,4.0,2.0,B01
201300051865,0,7,0,0.0,1.0,3.0,15.0,A01
201300051866,0,32,0,0.0,0.0,0.0,1.0,A01
201300051867,0,2,0,0.0,1.0,1.0,16.0,A01
201300051868,0,33,0,14.0,0.0,2.0,1.0,A01
201300051869,0,10,0,0.0,0.0,8.0,15.0,A01
201300051869,0,30,0,0.0,2.0,2.0,1.0,B01
201300051870,0,7,0,0.0,1.0,1.0,15.0,A01
201300051871,0,34,0,0.0,1.0,1.0,1.0,A01
201300051872,0,32,0,0.0,1.0,1.0,1.0,A01
201300051873,0,32,0,0.0,2.0,1.0,1.0,B01
201300051873,0,7,0,0.0,2.0,5.0,1.0,A01
201300051874,0,7,0,0.0,1.0,0.0,1.0,A01
201300051875,0,33,0,0.0,2.0,6.0,1.0,B01
201300051875,0,7,0,0.0,2.0,3.0,15.0,A01
201300051876,0,33,0,0.0,0.0,1.0,1.0,A01
201300051877,0,10,0,0.0,2.0,2.0,1.0,A01
201300051877,0,7,0,0.0,2.0,3.0,1.0,B01
201300051878,0,7,0,0.0,0.0,0.0,1.0,A01
201300051878,0,1,0,0.0,0.0,7.0,1.0,B01
201300051879,0,34,0,0.0,1.0,0.0,1.0,A01
201300051880,0,32,0,0.0,0.0,0.0,21.0,A01
201300051881,0,7,0,0.0,2.0,3.0,22.0,A01
201300051881,0,30,0,0.0,2.0,3.0,1.0,B01
201300051882,0,33,0,0.0,1.0,1.0,1.0,A01
201300051883,0,10,0,0.0,2.0,8.0,15.0,A01
201300051883,0,33,0,9.0,2.0,7.0,17.0,B01
201300051884,0,34,0,0.0,2.0,8.0,2.0,A01
201300051884,0,7,0,0.0,2.0,7.0,23.0,B01
201300051885,1,32,0,0.0,1.0,1.0,1.0,Z01
201300051886,0,7,0,0.0,2.0,2.0,9.0,A01
201300051886,0,32,0,0.0,2.0,1.0,1.0,B01
201300051887,0,7,0,0.0,2.0,2.0,16.0,B01
201300051887,0,1,0,0.0,2.0,3.0,18.0,A01
201300051888,0,33,0,0.0,0.0,8.0,23.0,A01
201300051888,0,13,0,0.0,0.0,2.0,18.0,B01
201300051889,0,31,0,0.0,0.0,0.0,1.0,A01
201300051890,0,7,0,0.0,2.0,3.0,15.0,B01
201300051890,0,33,0,0.0,2.0,1.0,17.0,A01
201300051891,0,32,0,0.0,2.0,3.0,18.0,A01
201300051891,0,10,0,0.0,2.0,2.0,16.0,B01
201300051892,0,32,0,0.0,2.0,1.0,17.0,A01
201300051892,0,7,0,0.0,0.0,6.0,10.0,B01
201300051893,0,14,0,0.0,1.0,3.0,15.0,A01
201300051894,0,10,0,11.0,0.0,1.0,14.0,A01
201300051895,0,7,0,0.0,2.0,2.0,7.0,A01
201300051895,1,7,0,0.0,2.0,3.0,15.0,Z01
201300051896,0,32,0,0.0,0.0,8.0,1.0,A01
201300051897,0,10,0,0.0,1.0,2.0,1.0,A01
201300051898,0,34,0,14.0,0.0,2.0,14.0,A01
201300051899,0,1,0,0.0,2.0,3.0,7.0,A01
201300051899,0,30,0,0.0,2.0,2.0,1.0,B01
201300051900,0,32,0,0.0,2.0,2.0,1.0,A01
201300051900,1,7,0,0.0,2.0,6.0,13.0,Z01
201300051901,0,30,0,14.0,0.0,1.0,13.0,A01
201300051902,0,33,0,0.0,2.0,1.0,1.0,A01
201300051902,0,7,0,0.0,2.0,3.0,15.0,B01
201300051903,0,33,0,0.0,2.0,1.0,2.0,A01
201300051903,0,7,0,0.0,2.0,6.0,23.0,B01
201300051904,0,31,0,0.0,2.0,3.0,1.0,B01
201300051904,0,7,0,0.0,2.0,2.0,14.0,A01
201300051905,0,7,0,0.0,2.0,2.0,1.0,B01
201300051905,0,7,0,0.0,2.0,5.0,9.0,A01
201300051906,0,30,0,0.0,1.0,1.0,1.0,A01
201300051907,0,7,0,0.0,2.0,1.0,1.0,A01
201300051907,0,1,0,0.0,2.0,8.0,9.0,B01
201300051908,1,32,0,0.0,1.0,1.0,9.0,Z01
201300051909,0,13,0,0.0,2.0,2.0,1.0,B01
201300051909,0,7,0,0.0,2.0,3.0,1.0,A01
201300051910,0,7,0,0.0,1.0,0.0,4.0,A01
201300051911,0,7,0,0.0,1.0,1.0,1.0,A01
201300051912,0,2,0,0.0,0.0,0.0,1.0,A01
201300051913,0,31,0,0.0,1.0,2.0,1.0,A01
201300051914,0,33,0,0.0,0.0,2.0,1.0,A01
201300051915,0,1,0,0.0,2.0,1.0,11.0,A01
201300051915,0,37,60,0.0,2.0,7.0,7.0,B01
201300051916,0,7,0,0.0,2.0,7.0,16.0,A01
201300051916,0,34,0,0.0,2.0,8.0,7.0,B01
201300051917,0,7,0,11.0,0.0,1.0,13.0,A01
201300051918,0,7,0,11.0,0.0,3.0,13.0,A01
201300051919,0,10,0,0.0,1.0,1.0,1.0,A01
201300051920,0,30,0,0.0,2.0,9.0,1.0,B01
201300051920,0,10,0,0.0,2.0,8.0,22.0,A01
201300051921,0,1,0,0.0,2.0,8.0,13.0,B01
201300051921,0,7,0,0.0,2.0,7.0,1.0,A01
201300051922,0,1,0,12.0,0.0,7.0,1.0,A01
201300051923,0,7,0,0.0,2.0,3.0,1.0,B01
201300051923,0,7,0,0.0,2.0,2.0,10.0,A01
201300051924,0,7,0,0.0,1.0,1.0,1.0,A01
201300051925,0,7,0,0.0,2.0,9.0,23.0,B01
201300051925,0,7,0,0.0,2.0,1.0,2.0,A01
201300051926,0,7,0,11.0,0.0,1.0,14.0,A01
201300051927,0,32,0,0.0,1.0,1.0,1.0,A01
201300051928,0,31,0,0.0,0.0,0.0,21.0,A01
201300051929,0,33,0,0.0,2.0,1.0,7.0,A01
201300051929,0,7,0,0.0,2.0,2.0,16.0,B01
201300051930,0,7,0,0.0,1.0,1.0,1.0,A01
201300051931,0,7,0,14.0,0.0,1.0,1.0,A01
201300051932,0,7,0,14.0,0.0,1.0,1.0,A01
201300051933,0,37,0,0.0,1.0,2.0,7.0,A01
201300051934,0,34,0,0.0,1.0,1.0,16.0,A01
201300051935,0,7,0,0.0,2.0,3.0,16.0,B01
201300051935,0,32,0,0.0,2.0,1.0,1.0,A01
201300051936,0,7,0,0.0,1.0,4.0,20.0,A01
201300051937,0,30,0,0.0,2.0,1.0,1.0,A01
201300051937,0,7,0,0.0,2.0,4.0,23.0,B01
201300051938,0,7,0,0.0,0.0,8.0,10.0,A01
201300051938,0,34,0,0.0,2.0,7.0,1.0,B01
201300051939,0,2,0,0.0,0.0,7.0,1.0,A01
201300051940,0,14,0,0.0,9.0,5.0,17.0,A01
201300051940,0,1,0,0.0,2.0,0.0,1.0,B01
201300051941,0,34,0,0.0,0.0,8.0,1.0,A01
201300051942,0,33,0,0.0,1.0,1.0,1.0,A01
201300051943,1,7,0,0.0,2.0,1.0,1.0,Z01
201300051943,0,30,0,0.0,2.0,1.0,1.0,A01
201300051944,0,7,0,0.0,1.0,4.0,4.0,A01
201300051945,0,1,0,1.0,0.0,2.0,1.0,B01
201300051945,0,7,0,0.0,2.0,7.0,22.0,A01
201300051946,0,7,0,1.0,0.0,2.0,1.0,A01
201300051947,0,1,0,0.0,2.0,6.0,1.0,B01
201300051947,0,7,0,0.0,2.0,1.0,15.0,A01
201300051948,0,34,0,0.0,0.0,4.0,23.0,A01
201300051948,0,7,0,0.0,2.0,1.0,1.0,B01
201300051949,0,33,0,0.0,2.0,3.0,1.0,B01
201300051949,0,7,0,0.0,2.0,2.0,15.0,A01
201300051950,0,32,0,0.0,2.0,7.0,1.0,B01
201300051950,0,7,0,0.0,2.0,6.0,1.0,A01
201300051951,0,32,0,0.0,0.0,1.0,21.0,A01
201300051952,0,7,0,1.0,0.0,3.0,1.0,A01
201300051953,0,34,0,14.0,0.0,1.0,1.0,A01
201300051954,0,33,0,0.0,2.0,3.0,1.0,A01
201300051954,0,1,0,0.0,2.0,3.0,16.0,B01
201300051955,0,32,0,8.0,0.0,1.0,14.0,A01
201300051956,0,33,0,12.0,0.0,1.0,13.0,A01
201300051957,0,30,0,14.0,0.0,8.0,1.0,A01
201300051958,0,7,0,0.0,2.0,2.0,1.0,B01
201300051958,0,32,0,0.0,2.0,3.0,13.0,A01
201300051959,0,1,0,0.0,1.0,1.0,1.0,A01
201300051960,0,7,0,0.0,2.0,2.0,7.0,B01
201300051960,0,7,0,0.0,0.0,0.0,12.0,A01
201300051961,0,7,0,0.0,1.0,2.0,1.0,A01
201300051962,1,30,0,0.0,0.0,0.0,1.0,Z01
201300051963,0,1,0,0.0,0.0,0.0,7.0,A01
201300051964,1,7,0,0.0,2.0,2.0,15.0,Z01
201300051964,0,1,0,0.0,2.0,3.0,5.0,A01
201300051965,0,7,0,11.0,0.0,3.0,1.0,A01
201300051966,0,1,0,0.0,2.0,3.0,13.0,A01
201300051966,0,10,0,0.0,2.0,5.0,17.0,B01
201300051967,0,32,0,0.0,2.0,1.0,1.0,B01
201300051967,0,7,0,0.0,2.0,1.0,15.0,A01
201300051968,0,32,0,0.0,2.0,1.0,1.0,B01
201300051968,0,7,0,0.0,2.0,3.0,10.0,A01
201300051969,0,7,0,0.0,1.0,2.0,1.0,A01
201300051970,0,7,0,0.0,2.0,1.0,15.0,A01
201300051970,0,1,0,0.0,2.0,0.0,1.0,B01
201300051971,0,34,0,0.0,2.0,1.0,1.0,B01
201300051971,0,7,0,0.0,2.0,8.0,10.0,A01
201300051972,0,7,0,0.0,2.0,8.0,22.0,A01
201300051972,0,1,0,0.0,2.0,1.0,1.0,B01
201300051973,0,1,0,0.0,2.0,3.0,1.0,B01
201300051973,0,7,0,0.0,2.0,7.0,22.0,A01
201300051974,0,7,0,0.0,2.0,2.0,14.0,A01
201300051974,0,31,0,14.0,2.0,8.0,1.0,B01
201300051975,1,30,0,0.0,1.0,1.0,1.0,Z01
201300051976,0,33,0,0.0,1.0,1.0,17.0,A01
201300051977,0,10,0,0.0,1.0,3.0,1.0,A01
201300051978,0,33,0,14.0,0.0,1.0,23.0,A01
201300051978,0,7,0,0.0,0.0,4.0,1.0,B01
201300051979,0,30,0,14.0,0.0,2.0,1.0,A01
201300051980,0,7,0,0.0,1.0,0.0,1.0,A01
201300051981,0,31,0,0.0,0.0,0.0,7.0,A01
201300051982,0,10,0,0.0,2.0,1.0,2.0,A01
201300051982,0,7,0,0.0,2.0,4.0,23.0,B01
201300051983,0,7,0,0.0,2.0,4.0,23.0,B01
201300051983,0,7,0,0.0,2.0,4.0,23.0,D01
201300051983,0,7,0,0.0,2.0,1.0,1.0,A01
201300051983,0,34,0,0.0,2.0,4.0,23.0,C01
201300051984,0,7,0,0.0,0.0,1.0,1.0,B01
201300051984,0,1,0,0.0,2.0,8.0,15.0,A01
201300051985,0,30,0,0.0,0.0,0.0,1.0,A01
201300051986,0,10,0,11.0,0.0,8.0,16.0,A01
201300051986,0,33,0,0.0,2.0,1.0,15.0,B01
201300051987,0,2,0,0.0,2.0,3.0,1.0,B01
201300051987,0,2,0,0.0,0.0,0.0,15.0,A01
201300051988,0,33,0,1.0,0.0,6.0,16.0,A01
201300051989,0,1,0,0.0,2.0,0.0,1.0,B01
201300051989,0,10,0,0.0,2.0,2.0,22.0,A01
201300051990,0,1,0,0.0,1.0,8.0,5.0,A01
201300051991,0,31,0,0.0,1.0,1.0,1.0,A01
201300051992,0,7,0,1.0,2.0,6.0,23.0,B01
201300051992,0,7,0,14.0,2.0,3.0,13.0,A01
201300051993,0,30,0,0.0,2.0,2.0,15.0,B01
201300051993,0,7,0,0.0,2.0,6.0,10.0,A01
201300051994,0,1,0,0.0,2.0,6.0,1.0,B01
201300051994,0,1,0,0.0,2.0,2.0,17.0,A01
201300051995,0,32,0,0.0,0.0,0.0,21.0,A01
201300051996,1,7,0,0.0,2.0,1.0,2.0,Z01
201300051996,0,7,0,0.0,2.0,4.0,23.0,A01
201300051997,0,7,0,0.0,2.0,3.0,1.0,B01
201300051997,0,30,0,0.0,2.0,7.0,13.0,A01
201300051998,0,32,0,11.0,0.0,3.0,13.0,A01
201300051999,0,1,0,0.0,2.0,2.0,13.0,B01
201300051999,0,32,0,0.0,2.0,2.0,1.0,A01
201300052000,0,33,0,0.0,2.0,8.0,18.0,B01
201300052000,0,7,0,0.0,2.0,2.0,16.0,A01
201300052001,0,30,0,0.0,2.0,7.0,17.0,A01
201300052001,0,7,0,0.0,2.0,3.0,15.0,B01
201300052002,1,7,0,0.0,2.0,1.0,2.0,Z01
201300052002,0,7,0,0.0,2.0,6.0,23.0,A01
201300052003,0,7,0,0.0,2.0,0.0,9.0,A01
201300052003,0,33,0,12.0,2.0,8.0,1.0,B01
201300052004,0,33,0,14.0,0.0,1.0,13.0,A01
201300052005,0,30,0,0.0,2.0,2.0,17.0,B01
201300052005,0,7,0,0.0,2.0,3.0,10.0,A01
201300052006,0,7,0,9.0,0.0,2.0,1.0,A01
201300052007,0,32,0,0.0,2.0,8.0,7.0,A01
201300052007,0,1,0,0.0,2.0,7.0,12.0,B01
201300052008,0,1,0,0.0,1.0,0.0,1.0,A01
201300052009,0,7,0,1.0,0.0,2.0,1.0,A01
201300052010,0,7,0,0.0,2.0,8.0,1.0,B01
201300052010,0,30,0,0.0,2.0,3.0,13.0,A01
201300052011,0,30,0,0.0,2.0,1.0,1.0,A01
201300052011,0,7,0,0.0,2.0,2.0,1.0,B01
201300052012,0,2,0,0.0,2.0,1.0,1.0,B01
201300052012,0,7,0,0.0,2.0,8.0,22.0,A01
201300052013,0,7,0,0.0,2.0,7.0,22.0,A01
201300052013,0,1,0,0.0,2.0,1.0,1.0,B01
201300052014,0,7,0,0.0,2.0,5.0,1.0,A01
201300052014,2,7,0,0.0,2.0,2.0,1.0,Z01
201300052015,0,31,0,0.0,0.0,0.0,1.0,A01
201300052016,0,1,0,0.0,1.0,0.0,1.0,A01
201300052017,0,10,0,0.0,2.0,0.0,1.0,C01
201300052017,0,1,0,0.0,2.0,9.0,17.0,B01
201300052017,0,10,0,0.0,2.0,8.0,22.0,A01
201300052018,0,30,0,0.0,0.0,7.0,17.0,A01
201300052019,0,1,0,0.0,2.0,1.0,1.0,B01
201300052019,0,7,0,0.0,2.0,6.0,1.0,A01
201300052020,0,7,0,0.0,2.0,7.0,22.0,A01
201300052020,0,1,0,0.0,2.0,8.0,1.0,B01
201300052021,0,31,0,0.0,1.0,8.0,17.0,A01
201300052022,1,30,0,0.0,1.0,0.0,1.0,Z01
201300052023,0,7,0,1.0,2.0,1.0,2.0,A01
201300052023,0,7,0,0.0,2.0,1.0,2.0,B01
201300052024,0,33,0,1.0,0.0,7.0,14.0,A01
201300052025,0,7,0,0.0,0.0,4.0,23.0,B01
201300052025,0,32,0,0.0,2.0,1.0,1.0,A01
201300052026,0,30,0,0.0,1.0,7.0,5.0,A01
201300052027,0,2,0,1.0,1.0,1.0,7.0,A01
201300052028,0,7,0,0.0,2.0,6.0,1.0,B01
201300052028,0,7,0,0.0,2.0,5.0,9.0,A01
201300052028,0,32,0,0.0,2.0,9.0,1.0,C01
201300052029,0,32,0,14.0,0.0,1.0,16.0,A01
201300052030,0,32,0,0.0,2.0,1.0,1.0,A01
201300052030,1,1,0,0.0,2.0,6.0,10.0,Z01
201300052031,0,32,0,0.0,1.0,8.0,1.0,A01
201300052032,0,13,0,0.0,2.0,8.0,23.0,B01
201300052032,0,34,0,0.0,2.0,8.0,17.0,A01
201300052032,1,7,0,0.0,2.0,3.0,1.0,Z01
201300052033,1,7,0,0.0,1.0,1.0,1.0,Z01
201300052034,0,1,0,0.0,1.0,0.0,1.0,A01
201300052035,0,7,0,0.0,1.0,2.0,7.0,A01
201300052036,0,7,0,0.0,2.0,8.0,15.0,A01
201300052036,0,14,0,0.0,2.0,2.0,13.0,B01
201300052037,1,7,0,0.0,1.0,0.0,1.0,Z01
201300052038,1,7,0,0.0,1.0,1.0,1.0,Z01
201300052039,0,31,0,0.0,2.0,4.0,2.0,B01
201300052039,0,10,0,0.0,2.0,1.0,2.0,A01
201300052040,1,32,0,0.0,1.0,1.0,16.0,Z01
201300052041,1,7,0,0.0,1.0,1.0,1.0,Z01
201300052042,0,32,0,0.0,2.0,1.0,18.0,A01
201300052042,0,7,0,0.0,2.0,2.0,16.0,B01
201300052043,0,30,0,0.0,2.0,1.0,1.0,B01
201300052043,0,7,0,0.0,2.0,3.0,15.0,A01
201300052044,0,2,0,0.0,0.0,1.0,1.0,A01
201300052045,0,7,0,0.0,1.0,2.0,1.0,A01
201300052046,0,30,0,12.0,2.0,3.0,1.0,A01
201300052046,1,7,0,0.0,2.0,0.0,13.0,Z01
201300052047,0,1,0,0.0,1.0,6.0,1.0,A01
201300052048,0,30,0,0.0,2.0,1.0,1.0,B01
201300052048,0,13,0,0.0,2.0,8.0,10.0,A01
201300052049,0,10,0,0.0,2.0,1.0,1.0,A01
201300052049,0,33,0,0.0,2.0,4.0,23.0,B01
201300052050,0,7,0,0.0,4.0,6.0,1.0,A01
201300052050,1,7,0,0.0,2.0,1.0,15.0,Z01
201300052051,0,30,0,0.0,0.0,7.0,1.0,A01
201300052051,1,30,0,0.0,0.0,0.0,5.0,Z01
201300052052,0,31,0,0.0,0.0,0.0,1.0,A01
201300052053,0,10,0,0.0,1.0,1.0,16.0,A01
201300052054,0,7,0,0.0,1.0,2.0,15.0,A01
201300052055,0,1,0,0.0,0.0,0.0,21.0,A01
201300052056,0,1,0,0.0,2.0,1.0,13.0,B01
201300052056,0,37,0,0.0,0.0,8.0,1.0,A01
201300052057,0,31,0,0.0,0.0,0.0,1.0,A01
201300052058,0,7,0,0.0,2.0,3.0,22.0,A01
201300052058,0,32,0,0.0,2.0,2.0,1.0,B01
201300052059,0,30,0,0.0,1.0,1.0,1.0,A01
201300052060,0,7,0,0.0,0.0,0.0,16.0,A01
201300052060,0,1,0,0.0,0.0,0.0,18.0,B01
201300052061,0,7,0,0.0,0.0,0.0,12.0,A01
201300052061,0,33,0,0.0,2.0,4.0,1.0,B01
201300052061,0,33,0,0.0,2.0,1.0,1.0,C01
201300052062,0,38,1,0.0,2.0,2.0,16.0,B01
201300052062,0,33,0,0.0,2.0,8.0,18.0,A01
201300052063,0,7,0,0.0,1.0,1.0,1.0,A01
201300052064,1,7,0,0.0,2.0,0.0,17.0,Z01
201300052064,0,1,0,0.0,2.0,8.0,1.0,A01