Num_Acc,senc,catv,occutc,obs,obsm,choc,manv,num_veh
201300052363,0,7,0,0.0,2.0,9.0,1.0,B01
201300052364,0,30,0,0.0,1.0,5.0,1.0,A01
201300052365,0,30,0,0.0,2.0,7.0,2.0,A01
201300052365,0,7,0,0.0,2.0,8.0,23.0,B01
201300052366,0,10,0,0.0,2.0,5.0,16.0,A01
201300052366,0,31,0,0.0,2.0,1.0,1.0,B01
201300052367,0,7,0,0.0,2.0,2.0,1.0,B01
201300052367,0,1,0,0.0,2.0,1.0,5.0,A01
201300052368,2,30,0,0.0,1.0,1.0,1.0,Z01
201300052369,0,7,0,0.0,0.0,3.0,9.0,A01
201300052369,0,33,0,0.0,2.0,1.0,1.0,B01
201300052370,0,7,0,0.0,0.0,1.0,15.0,A01
201300052370,0,2,0,0.0,2.0,1.0,1.0,B01
201300052371,0,14,0,0.0,0.0,1.0,1.0,A01
201300052371,0,7,0,0.0,0.0,4.0,23.0,B01
201300052372,0,34,0,0.0,1.0,1.0,1.0,A01
201300052373,0,10,0,0.0,0.0,4.0,4.0,A01
201300052373,0,1,0,0.0,2.0,1.0,23.0,B01
201300052374,0,7,0,0.0,1.0,1.0,15.0,A01
201300052375,0,2,0,0.0,2.0,8.0,1.0,B01
201300052375,0,2,0,0.0,2.0,7.0,17.0,A01
201300052376,0,7,0,0.0,2.0,1.0,1.0,B01
201300052376,0,7,0,1.0,2.0,7.0,1.0,A01
201300052377,0,7,0,1.0,2.0,3.0,24.0,B01
201300052377,0,10,0,0.0,2.0,7.0,23.0,C01
201300052377,0,13,0,0.0,0.0,0.0,23.0,D01
201300052377,0,33,0,1.0,2.0,1.0,1.0,A01
201300052378,0,7,0,0.0,2.0,2.0,17.0,A01
201300052378,0,1,0,0.0,2.0,8.0,15.0,B01
201300052379,1,33,0,0.0,1.0,0.0,1.0,Z01
201300052380,0,1,0,1.0,0.0,8.0,1.0,B01
201300052380,0,7,0,0.0,2.0,8.0,22.0,A01
201300052381,1,7,0,0.0,0.0,1.0,17.0,Z01
201300052381,0,1,0,0.0,0.0,4.0,1.0,B01
201300052382,0,2,0,0.0,1.0,2.0,17.0,A01
201300052383,0,7,0,0.0,0.0,7.0,16.0,A01
201300052383,0,34,0,0.0,0.0,3.0,18.0,B01
201300052384,0,37,1,0.0,0.0,5.0,1.0,A01
201300052384,0,1,0,12.0,2.0,1.0,13.0,B01
201300052385,0,33,0,8.0,0.0,1.0,0.0,A01
201300052386,0,32,0,0.0,1.0,1.0,1.0,A01
201300052387,0,32,0,8.0,9.0,7.0,17.0,A01
201300052387,0,1,0,0.0,2.0,3.0,15.0,B01
201300052388,0,30,0,0.0,0.0,0.0,1.0,A01
201300052389,0,32,0,0.0,0.0,0.0,1.0,B01
201300052389,0,7,0,0.0,9.0,6.0,10.0,A01
201300052390,0,34,0,0.0,9.0,6.0,1.0,B01
201300052390,0,1,0,0.0,2.0,7.0,19.0,A01
201300052391,1,7,0,0.0,1.0,4.0,4.0,A01
201300052392,0,7,0,0.0,1.0,3.0,1.0,A01
201300052393,0,7,0,0.0,1.0,4.0,4.0,A01
201300052394,1,2,0,0.0,1.0,0.0,5.0,Z01
201300052395,0,1,0,0.0,2.0,8.0,1.0,B01
201300052395,0,1,0,0.0,2.0,1.0,16.0,A01
201300052396,0,10,0,0.0,1.0,1.0,15.0,A01
201300052397,1,34,0,0.0,1.0,1.0,1.0,Z01
201300052398,0,7,0,0.0,2.0,8.0,10.0,A01
201300052398,0,33,0,0.0,2.0,1.0,1.0,B01
201300052399,0,33,0,1.0,2.0,3.0,1.0,B01
201300052399,0,10,0,0.0,2.0,5.0,4.0,A01
201300052400,0,7,0,0.0,1.0,2.0,1.0,A01
201300052401,0,33,0,0.0,1.0,2.0,1.0,A01
201300052402,0,7,0,0.0,2.0,8.0,1.0,B01
201300052402,0,32,0,0.0,2.0,2.0,17.0,A01
201300052403,1,33,0,0.0,1.0,1.0,1.0,Z01
201300052404,0,32,0,0.0,2.0,1.0,1.0,B01
201300052404,0,7,0,0.0,2.0,2.0,1.0,A01
201300052405,0,7,0,0.0,2.0,8.0,22.0,A01
201300052405,0,32,0,1.0,2.0,1.0,17.0,B01
201300052406,0,30,0,0.0,2.0,1.0,1.0,B01
201300052406,0,1,0,0.0,2.0,1.0,5.0,A01
201300052407,0,7,0,0.0,2.0,3.0,2.0,B01
201300052407,0,7,0,0.0,2.0,2.0,2.0,A01
201300052408,0,34,0,0.0,2.0,3.0,1.0,A01
201300052408,0,1,0,0.0,2.0,7.0,12.0,B01
201300052409,0,30,0,0.0,2.0,1.0,1.0,B01
201300052409,0,10,0,0.0,2.0,3.0,10.0,A01
201300052410,0,10,0,11.0,0.0,1.0,13.0,A01
201300052411,0,32,0,0.0,2.0,1.0,1.0,A01
201300052411,0,7,0,0.0,2.0,3.0,1.0,B01
201300052412,0,32,0,0.0,2.0,1.0,5.0,A01
201300052412,0,7,0,0.0,2.0,6.0,15.0,B01
201300052413,0,7,0,0.0,2.0,0.0,13.0,A01
201300052413,0,7,0,0.0,2.0,3.0,1.0,C01
201300052413,0,32,0,0.0,2.0,1.0,17.0,B01
201300052414,0,37,1,0.0,0.0,0.0,1.0,A01
201300052415,0,1,0,0.0,2.0,7.0,1.0,A01
201300052415,1,7,0,0.0,2.0,8.0,22.0,Z01
201300052416,0,30,0,0.0,2.0,1.0,17.0,A01
201300052416,0,7,0,0.0,2.0,4.0,24.0,B01
201300052417,0,2,0,0.0,2.0,0.0,1.0,B01
201300052417,0,7,0,0.0,2.0,0.0,10.0,A01
201300052418,0,1,0,0.0,2.0,1.0,19.0,B01
201300052418,0,7,0,0.0,2.0,1.0,1.0,A01
201300052419,1,7,0,0.0,1.0,2.0,1.0,Z01
201300052420,0,10,0,7.0,2.0,3.0,1.0,A01
201300052420,1,32,0,0.0,2.0,0.0,14.0,Z01
201300052421,0,7,0,0.0,1.0,2.0,1.0,A01
201300052422,0,10,0,0.0,1.0,4.0,4.0,A01
201300052423,0,30,0,12.0,0.0,0.0,1.0,A01
201300052424,0,30,0,0.0,2.0,1.0,1.0,B01
201300052424,0,7,0,0.0,2.0,7.0,1.0,A01
201300052425,0,2,0,0.0,0.0,8.0,1.0,A01
201300052426,0,32,0,0.0,2.0,1.0,1.0,B01
201300052426,0,7,0,0.0,2.0,5.0,15.0,A01
201300052427,0,30,0,0.0,2.0,2.0,5.0,A01
201300052427,0,7,0,0.0,2.0,3.0,1.0,B01
201300052428,0,30,0,0.0,2.0,1.0,1.0,A01
201300052428,1,3,0,0.0,2.0,2.0,16.0,Z01
201300052429,0,7,0,0.0,1.0,2.0,1.0,A01
201300052430,0,2,0,0.0,2.0,3.0,18.0,B01
201300052430,0,7,0,0.0,2.0,7.0,16.0,A01
201300052431,0,10,0,0.0,9.0,2.0,16.0,A01
201300052431,0,1,0,0.0,2.0,2.0,18.0,B01
201300052432,0,7,0,0.0,1.0,0.0,20.0,A01
201300052433,0,1,0,0.0,2.0,8.0,15.0,B01
201300052433,0,7,0,0.0,2.0,2.0,17.0,A01
201300052434,0,7,0,0.0,2.0,2.0,1.0,B01
201300052434,0,30,0,0.0,2.0,8.0,1.0,A01
201300052435,0,2,0,0.0,1.0,2.0,1.0,A01
201300052436,0,2,0,0.0,2.0,0.0,21.0,A01
201300052437,1,32,0,0.0,1.0,0.0,1.0,Z01
201300052438,0,30,0,0.0,2.0,2.0,17.0,B01
201300052438,0,7,0,0.0,2.0,8.0,15.0,A01
201300052439,0,7,0,0.0,2.0,4.0,2.0,B01
201300052439,0,33,0,0.0,2.0,1.0,2.0,A01
201300052440,0,32,0,0.0,1.0,0.0,1.0,A01
201300052441,0,7,0,0.0,2.0,3.0,22.0,A01
201300052441,0,30,0,1.0,0.0,1.0,1.0,B01
201300052442,1,7,0,0.0,2.0,1.0,2.0,Z01
201300052442,0,7,0,0.0,2.0,4.0,2.0,A01
201300052443,0,7,0,0.0,2.0,1.0,15.0,A01
201300052443,0,30,0,0.0,2.0,1.0,1.0,B01
201300052444,0,32,0,0.0,2.0,1.0,1.0,B01
201300052444,0,13,0,0.0,2.0,6.0,10.0,A01
201300052445,0,7,0,0.0,2.0,4.0,2.0,A01
201300052445,0,7,0,0.0,1.0,1.0,2.0,B01
201300052446,0,1,0,1.0,0.0,1.0,1.0,A01
201300052447,0,2,0,0.0,1.0,2.0,20.0,A01
201300052448,0,32,0,0.0,2.0,3.0,1.0,B01
201300052448,0,30,0,0.0,2.0,2.0,1.0,A01
201300052449,1,30,0,0.0,2.0,0.0,1.0,Z01
201300052449,0,32,0,0.0,2.0,0.0,1.0,A01
201300052450,0,2,0,0.0,1.0,3.0,1.0,A01
201300052450,0,7,0,0.0,2.0,1.0,1.0,B01
201300052451,0,7,0,0.0,2.0,2.0,16.0,A01
201300052451,0,30,0,0.0,2.0,1.0,18.0,B01
201300052452,0,7,0,0.0,2.0,8.0,15.0,B01
201300052452,0,30,0,0.0,2.0,7.0,17.0,A01
201300052453,0,30,0,0.0,0.0,2.0,1.0,A01
201300052454,0,30,0,0.0,0.0,0.0,1.0,A01
201300052455,0,10,0,0.0,2.0,6.0,20.0,A01
201300052455,0,7,0,0.0,2.0,2.0,1.0,B01
201300052456,0,7,0,0.0,2.0,1.0,2.0,B01
201300052456,0,7,0,0.0,2.0,4.0,4.0,A01
201300052457,0,7,0,0.0,1.0,3.0,1.0,A01
201300052458,0,7,0,0.0,2.0,1.0,1.0,A01
201300052458,0,32,0,0.0,2.0,8.0,1.0,B01
201300052459,0,1,0,0.0,0.0,0.0,1.0,A01
201300052460,0,33,0,0.0,1.0,2.0,1.0,A01
201300052461,0,33,0,0.0,2.0,2.0,17.0,B01
201300052461,0,7,0,0.0,2.0,3.0,15.0,A01
201300052462,0,2,0,1.0,2.0,2.0,1.0,B01
201300052462,0,10,0,0.0,2.0,3.0,11.0,A01
201300052463,0,1,0,0.0,2.0,7.0,1.0,B01
201300052463,0,10,0,0.0,2.0,8.0,22.0,A01
201300052464,1,33,0,0.0,1.0,0.0,1.0,Z01
201300052465,0,7,0,0.0,2.0,6.0,1.0,B01
201300052465,0,10,0,0.0,2.0,2.0,1.0,A01
201300052466,0,30,0,0.0,2.0,1.0,1.0,B01
201300052466,0,7,0,0.0,2.0,2.0,16.0,A01
201300052467,0,10,0,0.0,2.0,6.0,23.0,B01
201300052467,0,32,0,0.0,2.0,1.0,2.0,A01
201300052468,0,30,0,0.0,0.0,0.0,15.0,A01
201300052469,0,33,0,0.0,2.0,8.0,16.0,B01
201300052469,0,7,0,0.0,2.0,2.0,16.0,A01
201300052470,0,30,0,0.0,2.0,1.0,0.0,A01
201300052470,1,7,0,0.0,2.0,0.0,10.0,Z01
201300052471,2,7,0,0.0,1.0,3.0,15.0,A01
201300052472,0,7,0,0.0,2.0,7.0,1.0,A01
201300052472,0,30,0,0.0,2.0,1.0,1.0,B01
201300052473,0,33,0,1.0,2.0,8.0,18.0,B01
201300052473,0,7,0,0.0,2.0,7.0,1.0,A01
201300052474,0,33,0,0.0,1.0,1.0,1.0,A01
201300052475,0,1,0,0.0,2.0,1.0,18.0,A01
201300052475,0,1,0,0.0,2.0,8.0,19.0,B01
201300052476,0,34,0,0.0,2.0,8.0,1.0,B01
201300052476,0,13,0,0.0,2.0,3.0,15.0,A01
201300052477,0,30,0,0.0,0.0,0.0,15.0,B01
201300052477,0,34,0,0.0,0.0,2.0,17.0,A01
201300052478,0,7,0,0.0,2.0,1.0,1.0,A01
201300052478,0,7,0,0.0,2.0,8.0,1.0,B01
201300052479,0,32,0,0.0,0.0,4.0,23.0,B01
201300052479,0,7,0,0.0,0.0,1.0,1.0,A01
201300052480,0,2,0,0.0,0.0,0.0,1.0,A01
201300052481,0,33,0,0.0,2.0,7.0,1.0,B01
201300052481,0,7,0,0.0,2.0,7.0,15.0,A01
201300052482,0,7,0,0.0,2.0,6.0,10.0,B01
201300052482,0,33,0,0.0,2.0,8.0,23.0,A01
201300052483,0,10,0,0.0,0.0,4.0,20.0,A01
201300052483,0,32,0,0.0,2.0,1.0,1.0,B01
201300052484,0,7,0,0.0,1.0,4.0,4.0,A01
201300052485,0,30,0,0.0,1.0,1.0,1.0,A01
201300052486,0,33,0,0.0,2.0,1.0,1.0,A01
201300052486,0,7,0,0.0,2.0,3.0,1.0,B01
201300052487,0,7,0,0.0,0.0,0.0,15.0,A01
201300052487,0,1,0,0.0,0.0,0.0,17.0,B01
201300052488,0,7,0,0.0,1.0,3.0,1.0,A01
201300052489,0,34,0,0.0,2.0,1.0,1.0,B01
201300052489,0,7,0,0.0,2.0,3.0,10.0,A01
201300052490,0,14,0,0.0,2.0,0.0,22.0,A01
201300052490,0,1,0,0.0,2.0,1.0,1.0,B01
201300052491,0,31,0,0.0,2.0,1.0,2.0,A01
201300052491,0,7,0,0.0,2.0,5.0,2.0,B01
201300052492,0,10,0,0.0,1.0,4.0,4.0,A01
201300052493,0,7,0,0.0,2.0,3.0,13.0,A01
201300052493,0,2,0,0.0,2.0,3.0,1.0,B01
201300052494,0,33,0,0.0,1.0,2.0,1.0,A01
201300052495,0,10,0,0.0,2.0,3.0,10.0,A01
201300052495,0,33,0,0.0,2.0,1.0,1.0,B01
201300052496,0,1,0,0.0,2.0,3.0,1.0,A01
201300052496,0,13,0,0.0,2.0,6.0,1.0,B01
201300052497,0,34,0,0.0,2.0,4.0,2.0,B01
201300052497,0,7,0,0.0,2.0,1.0,2.0,A01
201300052498,0,30,0,0.0,2.0,1.0,1.0,B01
201300052498,0,7,0,0.0,2.0,3.0,15.0,A01
201300052499,0,32,0,0.0,0.0,0.0,21.0,A01
201300052500,0,32,0,0.0,2.0,1.0,1.0,B01
201300052500,0,30,0,0.0,2.0,7.0,1.0,A01
201300052501,0,2,0,0.0,2.0,1.0,15.0,A01
201300052501,0,32,0,0.0,2.0,1.0,1.0,B01
201300052502,0,7,0,0.0,2.0,7.0,1.0,B01
201300052502,0,7,0,0.0,2.0,1.0,1.0,A01
201300052503,0,1,0,0.0,2.0,1.0,1.0,B01
201300052503,0,10,0,0.0,2.0,3.0,22.0,A01
201300052504,0,7,0,0.0,2.0,2.0,1.0,A01
201300052504,0,33,0,0.0,2.0,1.0,1.0,B01
201300052505,0,32,0,0.0,0.0,7.0,1.0,A01
201300052506,0,7,0,0.0,2.0,8.0,15.0,B01
201300052506,0,32,0,8.0,2.0,2.0,17.0,A01
201300052507,0,7,0,0.0,2.0,8.0,1.0,C01
201300052507,0,30,0,0.0,2.0,9.0,1.0,B01
201300052507,0,7,0,0.0,2.0,3.0,22.0,A01
201300052508,0,32,0,0.0,1.0,3.0,1.0,A01
201300052509,0,7,0,0.0,2.0,1.0,1.0,A01
201300052509,0,34,0,0.0,2.0,8.0,1.0,B01
201300052510,0,7,0,0.0,1.0,1.0,15.0,A01
201300052511,0,10,0,0.0,1.0,4.0,4.0,A01
201300052512,0,30,0,1.0,0.0,2.0,14.0,A01
201300052513,0,32,0,8.0,2.0,2.0,17.0,B01
201300052513,0,7,0,0.0,2.0,3.0,15.0,A01
201300052514,0,7,0,0.0,1.0,0.0,1.0,A01
201300052515,0,30,0,0.0,1.0,0.0,1.0,A01
201300052516,0,31,0,1.0,0.0,1.0,14.0,A01
201300052517,0,31,0,0.0,2.0,1.0,1.0,A01
201300052517,0,7,0,0.0,2.0,2.0,15.0,B01
201300052518,0,7,0,0.0,1.0,1.0,1.0,A01
201300052519,0,1,0,0.0,2.0,4.0,1.0,A01
201300052519,0,7,0,0.0,2.0,1.0,1.0,B01
201300052520,0,7,0,0.0,1.0,3.0,1.0,A01
201300052521,0,7,0,1.0,0.0,9.0,16.0,A01
201300052522,0,1,0,0.0,2.0,4.0,2.0,A01
201300052522,0,10,0,0.0,2.0,4.0,23.0,B01
201300052523,0,7,0,0.0,2.0,8.0,22.0,A01
201300052523,0,1,0,0.0,2.0,1.0,1.0,B01
201300052524,0,32,0,0.0,2.0,1.0,17.0,C01
201300052524,0,7,0,0.0,0.0,3.0,9.0,B01
201300052524,0,34,0,0.0,2.0,3.0,17.0,A01
201300052525,0,32,0,14.0,0.0,8.0,1.0,A01
201300052526,0,30,0,0.0,2.0,1.0,1.0,A01
201300052526,0,10,0,0.0,2.0,3.0,1.0,B01
201300052527,0,2,0,0.0,1.0,1.0,7.0,A01
201300052528,0,7,0,0.0,2.0,6.0,15.0,A01
201300052528,0,31,0,0.0,2.0,1.0,1.0,B01
201300052529,0,1,0,0.0,2.0,1.0,2.0,A01
201300052529,0,7,0,0.0,2.0,5.0,23.0,B01
201300052530,0,30,0,0.0,1.0,3.0,1.0,A01
201300052531,0,30,0,0.0,2.0,0.0,17.0,A01
201300052531,0,10,0,0.0,0.0,6.0,13.0,B01
201300052532,0,7,0,0.0,0.0,1.0,1.0,A01
201300052532,0,7,0,0.0,0.0,3.0,15.0,B01
201300052533,0,33,0,0.0,2.0,8.0,1.0,B01
201300052533,0,7,0,0.0,2.0,1.0,1.0,A01
201300052534,0,2,0,0.0,0.0,7.0,1.0,A01
201300052535,0,2,0,0.0,2.0,2.0,17.0,B01
201300052535,0,7,0,0.0,2.0,3.0,10.0,A01
201300052536,0,7,0,0.0,0.0,6.0,9.0,A01
201300052536,0,33,0,0.0,2.0,1.0,1.0,B01
201300052537,0,32,0,0.0,0.0,7.0,1.0,A01
201300052538,0,32,0,0.0,2.0,2.0,1.0,A01
201300052538,1,7,0,0.0,2.0,6.0,13.0,Z01
201300052539,0,1,0,0.0,0.0,8.0,19.0,A01
201300052539,0,37,4,0.0,0.0,0.0,1.0,B01
201300052540,1,7,0,0.0,2.0,1.0,2.0,Z01
201300052540,0,7,0,0.0,2.0,4.0,2.0,A01
201300052541,0,2,0,0.0,2.0,1.0,21.0,A01
201300052541,0,7,0,0.0,2.0,3.0,1.0,B01
201300052542,0,30,0,1.0,1.0,2.0,18.0,A01
201300052543,0,7,0,0.0,1.0,2.0,1.0,A01
201300052544,0,7,0,0.0,2.0,3.0,1.0,B01
201300052544,0,34,0,0.0,2.0,2.0,16.0,A01
201300052545,0,31,0,0.0,2.0,1.0,1.0,A01
201300052545,0,7,0,0.0,2.0,3.0,15.0,B01
201300052546,0,7,0,0.0,2.0,2.0,15.0,A01
201300052546,0,32,0,0.0,2.0,8.0,1.0,B01
201300052547,0,1,0,0.0,0.0,1.0,21.0,A01
201300052548,0,30,0,0.0,1.0,1.0,1.0,A01
201300052549,0,1,0,0.0,2.0,7.0,5.0,A01
201300052549,0,7,0,0.0,2.0,1.0,1.0,B01
201300052550,0,7,0,0.0,2.0,3.0,16.0,B01
201300052550,0,2,0,0.0,2.0,7.0,1.0,A01
201300052551,0,30,0,0.0,2.0,4.0,23.0,B01
201300052551,0,7,0,0.0,2.0,1.0,2.0,A01
201300052552,0,2,0,0.0,2.0,1.0,1.0,A01
201300052552,0,7,0,0.0,2.0,3.0,15.0,B01
201300052553,0,7,0,0.0,2.0,8.0,22.0,A01
201300052553,0,30,0,0.0,0.0,1.0,2.0,B01
201300052554,0,7,0,0.0,2.0,1.0,1.0,A01
201300052554,0,7,0,0.0,2.0,4.0,23.0,B01
201300052555,0,1,0,1.0,0.0,8.0,16.0,B01
201300052555,0,7,0,0.0,0.0,5.0,22.0,A01
201300052556,0,32,0,0.0,2.0,3.0,1.0,B01
201300052556,0,10,0,0.0,2.0,7.0,16.0,A01
201300052557,0,32,0,0.0,9.0,2.0,16.0,B01
201300052557,0,1,0,0.0,2.0,1.0,18.0,A01
201300052558,0,2,0,0.0,2.0,1.0,7.0,A01
201300052558,0,7,0,0.0,2.0,8.0,10.0,B01
201300052559,0,10,0,0.0,1.0,3.0,15.0,A01
201300052560,0,33,0,0.0,2.0,1.0,1.0,A01
201300052560,0,7,0,0.0,0.0,0.0,23.0,B01
201300052561,0,33,0,0.0,0.0,8.0,15.0,A01
201300052562,0,30,0,0.0,2.0,1.0,1.0,B01
201300052562,0,10,0,0.0,2.0,3.0,15.0,A01
201300052563,0,34,0,0.0,1.0,1.0,16.0,A01
201300052564,0,7,0,0.0,2.0,2.0,23.0,A01
201300052564,0,32,0,0.0,2.0,1.0,1.0,B01
201300052565,0,33,0,0.0,1.0,5.0,1.0,A01
201300052566,0,14,0,0.0,2.0,8.0,15.0,A01
201300052566,0,33,0,0.0,2.0,1.0,17.0,B01
201300052567,0,7,0,0.0,2.0,4.0,23.0,B01
201300052567,0,7,0,0.0,2.0,1.0,1.0,A01
201300052568,1,2,0,0.0,1.0,1.0,1.0,Z01
201300052569,0,7,0,0.0,2.0,3.0,9.0,A01
201300052569,0,1,0,0.0,2.0,1.0,1.0,B01
201300052570,0,7,0,0.0,1.0,3.0,1.0,A01
201300052571,0,7,0,0.0,2.0,3.0,1.0,B01
201300052571,0,7,0,0.0,2.0,1.0,1.0,A01
201300052572,0,7,0,0.0,2.0,7.0,17.0,A01
201300052572,0,30,0,0.0,2.0,8.0,1.0,B01
201300052573,0,32,0,0.0,2.0,1.0,1.0,A01
201300052573,0,7,0,0.0,2.0,2.0,15.0,B01
201300052574,0,30,0,0.0,0.0,7.0,19.0,A01
201300052574,0,32,0,0.0,0.0,1.0,1.0,B01
201300052575,0,1,0,0.0,0.0,0.0,1.0,A01
201300052576,0,10,0,0.0,2.0,2.0,15.0,A01
201300052576,0,32,0,0.0,2.0,1.0,1.0,B01
201300052577,0,30,0,0.0,1.0,1.0,1.0,A01
201300052578,0,7,0,0.0,0.0,2.0,16.0,A01
201300052578,0,32,0,0.0,2.0,6.0,1.0,B01
201300052579,0,2,0,0.0,2.0,0.0,17.0,A01
201300052580,0,7,0,0.0,2.0,2.0,1.0,A01
201300052580,0,32,0,0.0,2.0,1.0,1.0,B01
201300052581,0,2,0,0.0,2.0,3.0,18.0,A01
201300052581,0,7,0,0.0,2.0,2.0,16.0,B01
201300052582,0,32,0,0.0,2.0,5.0,1.0,B01
201300052582,0,7,0,0.0,2.0,1.0,1.0,A01
201300052583,1,7,0,0.0,1.0,1.0,1.0,Z01
201300052584,0,10,0,0.0,2.0,0.0,15.0,A01
201300052584,0,32,0,0.0,2.0,0.0,17.0,B01
201300052585,0,7,0,0.0,2.0,1.0,1.0,C01
201300052585,0,7,0,0.0,2.0,0.0,1.0,B01
201300052585,0,7,0,0.0,2.0,0.0,23.0,A01
201300052586,0,37,1,0.0,1.0,6.0,1.0,A01
201300052587,0,7,0,0.0,2.0,6.0,1.0,B01
201300052587,0,7,0,0.0,2.0,1.0,15.0,A01
201300052588,0,7,0,14.0,0.0,1.0,14.0,A01
201300052589,0,7,0,0.0,2.0,5.0,9.0,A01
201300052589,0,33,0,0.0,2.0,1.0,1.0,B01
201300052590,0,2,0,0.0,1.0,1.0,1.0,A01
201300052591,0,32,0,0.0,2.0,5.0,1.0,B01
201300052591,0,7,0,0.0,2.0,3.0,13.0,A01
201300052592,0,7,0,0.0,1.0,6.0,4.0,A01
201300052593,0,33,0,0.0,2.0,0.0,1.0,A01
201300052593,0,10,0,0.0,2.0,0.0,15.0,B01
201300052594,0,32,0,0.0,2.0,1.0,1.0,B01
201300052594,0,7,0,0.0,2.0,6.0,15.0,A01
201300052595,0,33,0,0.0,1.0,1.0,1.0,A01
201300052596,0,32,0,12.0,0.0,7.0,1.0,A01
201300052597,0,1,0,0.0,2.0,8.0,1.0,A01
201300052597,1,37,0,0.0,2.0,6.0,17.0,Z01
201300052598,0,32,0,0.0,2.0,8.0,1.0,B01
201300052598,0,7,0,0.0,2.0,0.0,1.0,A01
201300052599,0,7,0,14.0,0.0,2.0,13.0,A01
201300052600,0,7,0,0.0,2.0,3.0,11.0,A01
201300052600,0,7,0,0.0,2.0,8.0,1.0,B01
201300052601,0,7,0,0.0,1.0,2.0,1.0,A01
201300052602,0,32,0,0.0,0.0,0.0,1.0,A01
201300052603,0,10,0,0.0,2.0,6.0,2.0,B01
201300052603,0,34,0,0.0,2.0,1.0,2.0,A01
201300052604,0,34,0,14.0,0.0,1.0,18.0,A01
201300052605,0,32,0,0.0,1.0,2.0,1.0,A01
201300052606,1,2,0,0.0,1.0,0.0,16.0,Z01
201300052607,0,7,0,0.0,2.0,3.0,10.0,A01
201300052607,0,2,0,0.0,2.0,1.0,17.0,B01
201300052608,0,2,0,0.0,2.0,1.0,17.0,B01
201300052608,0,7,0,0.0,2.0,3.0,10.0,A01
201300052609,0,7,0,0.0,2.0,1.0,2.0,A01
201300052609,0,33,0,0.0,2.0,4.0,2.0,B01
201300052610,0,33,0,0.0,2.0,0.0,2.0,B01
201300052610,0,33,0,0.0,2.0,6.0,2.0,A01
201300052611,0,7,0,0.0,2.0,1.0,2.0,A01
201300052611,0,7,0,0.0,2.0,4.0,23.0,B01
201300052612,0,30,0,12.0,0.0,1.0,13.0,A01
201300052613,0,34,0,0.0,1.0,2.0,1.0,A01
201300052614,0,34,0,0.0,2.0,3.0,1.0,A01
201300052614,0,30,0,0.0,2.0,7.0,16.0,B01
201300052615,0,7,0,0.0,2.0,1.0,2.0,A01
201300052615,0,7,0,0.0,2.0,4.0,23.0,B01
201300052616,0,32,0,0.0,0.0,0.0,1.0,A01
201300052617,1,7,0,0.0,2.0,3.0,15.0,Z01
201300052617,0,30,0,0.0,2.0,8.0,1.0,A01
201300052618,0,7,0,0.0,2.0,4.0,23.0,B01
201300052618,0,7,0,0.0,2.0,1.0,2.0,A01
201300052619,0,13,0,0.0,1.0,8.0,15.0,A01
201300052620,0,32,0,0.0,1.0,1.0,1.0,A01
201300052621,0,33,0,1.0,2.0,1.0,17.0,A01
201300052621,0,7,0,0.0,2.0,6.0,13.0,B01
201300052622,0,30,0,0.0,1.0,0.0,1.0,A01
201300052623,0,7,0,0.0,2.0,8.0,1.0,C01
201300052623,0,34,0,0.0,2.0,1.0,1.0,A01
201300052623,0,1,0,0.0,2.0,3.0,19.0,B01
201300052624,0,34,0,0.0,0.0,7.0,21.0,A01
201300052625,0,30,0,0.0,2.0,1.0,5.0,B01
201300052625,0,7,0,0.0,2.0,3.0,10.0,A01
201300052626,0,7,0,0.0,1.0,2.0,15.0,A01
201300052627,0,7,0,0.0,1.0,1.0,16.0,A01
201300052628,0,32,0,0.0,2.0,2.0,1.0,A01
201300052628,0,7,0,0.0,2.0,8.0,13.0,B01
201300052629,0,34,0,0.0,0.0,0.0,21.0,A01
201300052630,0,7,0,0.0,2.0,1.0,1.0,C01
201300052630,0,7,0,0.0,2.0,1.0,1.0,B01
201300052630,0,7,0,0.0,2.0,9.0,10.0,A01
201300052631,0,2,0,0.0,0.0,0.0,21.0,A01
201300052632,0,32,0,0.0,1.0,1.0,1.0,A01
201300052633,0,31,0,0.0,2.0,1.0,2.0,A01
201300052633,0,31,0,0.0,2.0,4.0,15.0,B01
201300052634,0,1,0,0.0,2.0,6.0,1.0,A01
201300052634,1,13,0,0.0,2.0,2.0,17.0,Z01
201300052635,0,10,0,1.0,1.0,4.0,4.0,A01
201300052636,0,32,0,0.0,1.0,1.0,17.0,A01
201300052637,0,1,0,0.0,2.0,8.0,2.0,B01
201300052637,0,33,0,0.0,2.0,8.0,2.0,A01
201300052638,0,7,0,0.0,1.0,2.0,1.0,A01
201300052639,0,7,0,0.0,2.0,4.0,2.0,A01
201300052639,2,10,0,0.0,2.0,2.0,2.0,Z01
201300052640,0,7,0,8.0,0.0,1.0,21.0,A01
201300052641,0,7,0,0.0,2.0,2.0,1.0,B01
201300052641,0,1,0,0.0,2.0,8.0,15.0,A01
201300052642,1,33,0,0.0,1.0,0.0,1.0,Z01
201300052643,0,32,0,0.0,0.0,8.0,1.0,A01
201300052644,0,33,0,0.0,0.0,7.0,16.0,A01