Num_Acc,senc,catv,occutc,obs,obsm,choc,manv,num_veh
201300052645,0,32,0,0.0,1.0,1.0,3.0,A01
201300052646,0,32,0,4.0,0.0,1.0,1.0,A01
201300052647,0,10,0,0.0,1.0,3.0,1.0,A01
201300052648,0,32,0,0.0,2.0,1.0,1.0,A01
201300052648,0,7,0,0.0,0.0,2.0,1.0,B01
201300052649,0,7,0,0.0,2.0,3.0,7.0,A01
201300052649,0,30,0,0.0,2.0,2.0,15.0,B01
201300052650,0,7,0,0.0,2.0,4.0,23.0,B01
201300052650,0,7,0,0.0,2.0,1.0,1.0,A01
201300052650,0,7,0,0.0,0.0,4.0,23.0,C01
201300052651,0,7,0,0.0,2.0,6.0,1.0,B01
201300052651,0,7,0,9.0,2.0,2.0,1.0,A01
201300052652,0,7,0,8.0,0.0,1.0,1.0,A01
201300052653,0,7,0,0.0,0.0,2.0,1.0,A01
201300052653,0,33,0,0.0,2.0,3.0,1.0,B01
201300052654,0,7,0,0.0,2.0,3.0,1.0,B01
201300052654,0,7,0,14.0,2.0,1.0,13.0,A01
201300052655,0,7,0,7.0,0.0,8.0,15.0,A01
201300052656,0,7,0,0.0,1.0,0.0,15.0,A01
201300052657,0,30,0,14.0,0.0,1.0,11.0,A01
201300052658,0,30,0,2.0,0.0,1.0,0.0,A01
201300052659,0,7,0,0.0,2.0,3.0,14.0,A01
201300052659,0,7,0,0.0,2.0,2.0,18.0,B01
201300052660,0,10,0,0.0,1.0,4.0,4.0,A01
201300052661,0,7,0,1.0,0.0,2.0,14.0,A01
201300052662,0,7,0,0.0,2.0,8.0,22.0,A01
201300052662,0,1,0,0.0,2.0,1.0,1.0,B01
201300052663,0,1,0,0.0,2.0,8.0,1.0,A01
201300052663,0,33,0,0.0,2.0,1.0,1.0,B01
201300052664,0,7,0,0.0,2.0,1.0,1.0,A01
201300052664,0,7,0,0.0,2.0,1.0,1.0,B01
201300052665,0,7,0,0.0,2.0,4.0,2.0,A01
201300052665,0,7,0,14.0,2.0,1.0,2.0,B01
201300052666,0,33,0,0.0,2.0,8.0,1.0,A01
201300052667,0,7,0,0.0,1.0,3.0,15.0,A01
201300052668,0,7,0,1.0,0.0,2.0,1.0,A01
201300052668,0,7,0,0.0,0.0,6.0,24.0,B01
201300052669,0,7,0,11.0,0.0,3.0,13.0,A01
201300052670,0,31,0,0.0,2.0,2.0,17.0,B01
201300052670,0,7,0,0.0,2.0,3.0,15.0,A01
201300052671,0,7,0,0.0,1.0,7.0,1.0,A01
201300052672,0,7,0,0.0,2.0,5.0,23.0,C01
201300052672,0,7,0,0.0,2.0,3.0,22.0,A01
201300052672,0,34,0,0.0,2.0,1.0,3.0,B01
201300052673,0,7,0,0.0,1.0,3.0,1.0,A01
201300052674,0,7,0,0.0,1.0,1.0,1.0,A01
201300052675,0,7,0,0.0,0.0,4.0,1.0,B01
201300052675,0,7,0,0.0,2.0,4.0,1.0,A01
201300052676,0,10,0,9.0,0.0,1.0,1.0,A01
201300052677,0,7,0,0.0,1.0,7.0,1.0,A01
201300052678,0,7,0,0.0,2.0,2.0,12.0,A01
201300052678,1,7,0,0.0,2.0,0.0,11.0,Z01
201300052679,0,7,0,0.0,2.0,1.0,1.0,A01
201300052679,0,32,0,0.0,2.0,6.0,1.0,B01
201300052680,0,33,0,0.0,2.0,1.0,17.0,A01
201300052680,0,10,0,0.0,2.0,3.0,15.0,B01
201300052681,0,30,0,0.0,2.0,1.0,2.0,A01
201300052681,0,7,0,0.0,2.0,0.0,23.0,B01
201300052682,0,34,0,0.0,0.0,7.0,1.0,A01
201300052683,0,7,0,0.0,1.0,2.0,1.0,A01
201300052684,0,7,0,0.0,2.0,5.0,23.0,B01
201300052684,0,32,0,0.0,2.0,1.0,17.0,A01
201300052685,0,1,0,0.0,2.0,0.0,1.0,B01
201300052685,0,7,0,0.0,2.0,0.0,15.0,A01
201300052686,0,7,0,0.0,2.0,1.0,1.0,A01
201300052686,0,34,0,0.0,0.0,4.0,23.0,B01
201300052687,0,7,0,0.0,2.0,8.0,13.0,B01
201300052687,0,33,0,0.0,2.0,1.0,17.0,A01
201300052688,0,7,0,1.0,0.0,3.0,16.0,A01
201300052689,0,7,0,0.0,2.0,3.0,10.0,A01
201300052689,0,30,0,0.0,2.0,2.0,1.0,B01
201300052690,0,7,0,0.0,2.0,1.0,1.0,A01
201300052690,0,7,0,8.0,2.0,5.0,1.0,B01
201300052691,0,30,0,0.0,2.0,5.0,17.0,B01
201300052691,1,7,0,0.0,2.0,0.0,13.0,A01
201300052692,0,7,0,0.0,2.0,4.0,2.0,B01
201300052692,0,7,0,0.0,2.0,1.0,2.0,A01
201300052693,0,1,0,1.0,9.0,4.0,1.0,A01
201300052693,0,1,0,0.0,2.0,1.0,1.0,B01
201300052694,0,7,0,0.0,2.0,3.0,9.0,A01
201300052694,0,33,0,0.0,2.0,2.0,1.0,B01
201300052695,0,7,0,11.0,0.0,1.0,4.0,A01
201300052695,0,7,0,0.0,0.0,6.0,23.0,B01
201300052696,0,1,0,0.0,1.0,1.0,5.0,A01
201300052697,0,7,0,0.0,0.0,6.0,1.0,B01
201300052697,0,33,0,0.0,2.0,1.0,1.0,A01
201300052698,0,1,0,0.0,2.0,1.0,1.0,B01
201300052698,0,7,0,0.0,2.0,1.0,15.0,A01
201300052699,0,7,0,0.0,2.0,5.0,16.0,B01
201300052699,0,30,0,0.0,2.0,8.0,18.0,A01
201300052700,0,10,0,0.0,1.0,4.0,4.0,A01
201300052701,0,7,0,0.0,2.0,6.0,15.0,B01
201300052701,0,30,0,0.0,2.0,2.0,17.0,A01
201300052702,0,7,0,0.0,2.0,1.0,1.0,A01
201300052702,0,1,0,0.0,2.0,7.0,15.0,B01
201300052703,0,1,0,0.0,0.0,1.0,1.0,A01
201300052704,0,10,0,0.0,2.0,8.0,22.0,A01
201300052704,0,1,0,0.0,2.0,1.0,1.0,B01
201300052705,0,31,0,4.0,0.0,1.0,13.0,A01
201300052706,0,7,0,1.0,2.0,2.0,10.0,A01
201300052706,0,30,0,0.0,2.0,3.0,1.0,B01
201300052707,0,1,0,0.0,1.0,1.0,1.0,A01
201300052708,0,7,0,0.0,2.0,4.0,2.0,B01
201300052708,0,7,0,0.0,2.0,1.0,2.0,A01
201300052709,0,31,0,0.0,2.0,5.0,17.0,B01
201300052709,0,7,0,0.0,2.0,3.0,13.0,A01
201300052710,0,10,0,0.0,2.0,2.0,2.0,A01
201300052710,0,7,0,8.0,1.0,0.0,23.0,B01
201300052711,0,7,0,0.0,2.0,2.0,15.0,A01
201300052711,0,30,0,0.0,2.0,1.0,1.0,B01
201300052712,0,32,0,0.0,0.0,7.0,1.0,A01
201300052713,0,10,0,0.0,2.0,1.0,2.0,A01
201300052713,0,7,0,0.0,2.0,4.0,23.0,B01
201300052714,0,32,0,14.0,0.0,8.0,13.0,A01
201300052715,0,31,0,0.0,0.0,0.0,1.0,A01
201300052716,0,33,0,0.0,2.0,4.0,23.0,B01
201300052716,0,31,0,0.0,2.0,1.0,2.0,A01
201300052717,0,7,0,0.0,2.0,1.0,15.0,A01
201300052717,0,32,0,0.0,2.0,1.0,1.0,B01
201300052718,0,32,0,0.0,1.0,1.0,1.0,A01
201300052719,0,30,0,0.0,2.0,7.0,1.0,A01
201300052719,1,7,0,0.0,2.0,8.0,15.0,Z01
201300052720,0,7,0,0.0,1.0,1.0,15.0,A01
201300052721,0,10,0,8.0,1.0,1.0,13.0,A01
201300052722,0,33,0,14.0,2.0,8.0,1.0,C01
201300052722,0,34,0,0.0,2.0,1.0,1.0,A01
201300052722,0,7,0,0.0,2.0,6.0,9.0,B01
201300052723,0,1,0,0.0,2.0,0.0,2.0,A01
201300052723,0,1,0,0.0,2.0,0.0,23.0,B01
201300052724,1,1,0,0.0,1.0,1.0,1.0,Z01
201300052725,0,7,0,0.0,2.0,2.0,15.0,A01
201300052725,0,30,0,0.0,2.0,3.0,1.0,B01
201300052726,0,10,0,0.0,2.0,1.0,2.0,A01
201300052726,0,7,0,0.0,2.0,4.0,23.0,B01
201300052727,1,10,0,0.0,2.0,7.0,1.0,Z01
201300052727,0,31,0,0.0,2.0,8.0,1.0,A01
201300052728,0,32,0,0.0,2.0,2.0,1.0,B01
201300052728,0,13,0,0.0,2.0,2.0,15.0,A01
201300052729,0,33,0,0.0,1.0,1.0,1.0,A01
201300052730,0,7,0,4.0,0.0,2.0,1.0,A01
201300052731,0,7,0,0.0,2.0,7.0,15.0,B01
201300052731,0,7,0,0.0,2.0,1.0,1.0,A01
201300052732,0,7,0,0.0,1.0,1.0,15.0,A01
201300052733,0,31,0,14.0,0.0,7.0,14.0,A01
201300052734,0,7,0,0.0,2.0,3.0,15.0,B01
201300052734,0,30,0,0.0,2.0,7.0,17.0,A01
201300052735,0,7,0,0.0,2.0,1.0,1.0,B01
201300052735,0,10,0,0.0,2.0,2.0,1.0,A01
201300052736,0,30,0,0.0,0.0,8.0,21.0,A01
201300052737,0,32,0,0.0,2.0,1.0,1.0,B01
201300052737,0,7,0,0.0,2.0,2.0,10.0,A01
201300052738,0,30,0,0.0,2.0,8.0,1.0,A01
201300052738,0,7,0,0.0,2.0,2.0,16.0,B01
201300052739,0,7,0,1.0,0.0,2.0,1.0,A01
201300052740,0,10,0,0.0,0.0,1.0,1.0,B01
201300052740,0,33,0,0.0,0.0,7.0,1.0,A01
201300052741,0,7,0,0.0,1.0,6.0,20.0,A01
201300052742,0,30,0,7.0,0.0,1.0,13.0,A01
201300052743,0,30,0,1.0,0.0,1.0,1.0,A01
201300052744,0,7,0,0.0,2.0,2.0,14.0,A01
201300052744,0,32,0,0.0,2.0,1.0,13.0,B01
201300052745,0,1,0,0.0,2.0,1.0,1.0,B01
201300052745,0,34,0,0.0,2.0,7.0,16.0,A01
201300052746,0,1,0,0.0,2.0,1.0,1.0,B01
201300052746,0,1,0,0.0,2.0,1.0,5.0,A01
201300052747,1,7,0,0.0,1.0,3.0,1.0,Z01
201300052748,0,15,0,0.0,2.0,2.0,16.0,A01
201300052748,0,7,0,0.0,2.0,6.0,16.0,B01
201300052749,0,7,0,0.0,2.0,2.0,1.0,B01
201300052749,0,30,0,0.0,2.0,1.0,13.0,A01
201300052750,0,10,0,0.0,1.0,1.0,15.0,A01
201300052751,0,7,0,0.0,1.0,1.0,1.0,A01
201300052752,0,33,0,0.0,2.0,1.0,1.0,B01
201300052752,0,7,0,0.0,2.0,5.0,15.0,A01
201300052753,1,7,0,0.0,2.0,1.0,9.0,Z01
201300052753,0,2,0,0.0,2.0,1.0,1.0,A01
201300052754,0,2,0,1.0,0.0,2.0,16.0,A01
201300052755,0,7,0,0.0,2.0,6.0,15.0,B01
201300052755,0,1,0,0.0,2.0,1.0,17.0,A01
201300052756,0,7,0,0.0,2.0,8.0,16.0,A01
201300052756,0,1,0,0.0,2.0,1.0,1.0,B01
201300052757,0,31,0,0.0,2.0,7.0,1.0,B01
201300052757,0,7,0,0.0,2.0,8.0,15.0,A01
201300052758,0,7,0,0.0,2.0,8.0,11.0,A01
201300052758,0,34,0,0.0,2.0,7.0,3.0,B01
201300052759,0,7,0,0.0,2.0,1.0,9.0,A01
201300052759,0,10,0,0.0,2.0,8.0,1.0,B01
201300052760,0,31,0,0.0,2.0,1.0,1.0,B01
201300052760,0,7,0,0.0,2.0,3.0,10.0,A01
201300052761,0,7,0,0.0,2.0,2.0,9.0,A01
201300052761,0,33,0,1.0,2.0,1.0,1.0,B01
201300052762,0,1,0,0.0,0.0,0.0,1.0,A01
201300052763,0,1,0,0.0,1.0,1.0,1.0,A01
201300052764,0,33,0,0.0,1.0,1.0,1.0,A01
201300052765,0,1,0,0.0,2.0,1.0,1.0,A01
201300052765,0,1,0,0.0,2.0,1.0,1.0,B01
201300052766,0,30,0,0.0,1.0,2.0,1.0,A01
201300052767,0,10,0,0.0,2.0,1.0,15.0,A01
201300052767,0,32,0,0.0,2.0,2.0,23.0,B01
201300052768,0,7,0,0.0,2.0,6.0,23.0,B01
201300052768,0,33,0,0.0,2.0,1.0,1.0,A01
201300052769,0,30,0,0.0,2.0,0.0,16.0,A01
201300052769,1,7,0,0.0,2.0,2.0,16.0,Z01
201300052770,0,7,0,0.0,2.0,2.0,15.0,A01
201300052770,0,30,0,0.0,2.0,3.0,1.0,B01
201300052771,0,1,0,0.0,0.0,1.0,21.0,A01
201300052772,0,1,0,0.0,2.0,1.0,13.0,B01
201300052772,0,10,0,0.0,0.0,0.0,24.0,A01
201300052772,0,1,0,0.0,2.0,1.0,1.0,C01
201300052773,1,30,0,0.0,1.0,1.0,1.0,Z01
201300052774,0,1,0,0.0,2.0,1.0,1.0,A01
201300052774,0,7,0,0.0,9.0,2.0,16.0,B01
201300052775,0,32,0,0.0,1.0,1.0,17.0,A01
201300052776,0,1,0,0.0,2.0,8.0,15.0,B01
201300052776,0,32,0,0.0,2.0,1.0,17.0,A01
201300052777,0,32,0,12.0,0.0,1.0,1.0,A01
201300052778,0,7,0,0.0,2.0,3.0,15.0,B01
201300052778,0,31,0,0.0,2.0,7.0,17.0,A01
201300052779,0,10,0,6.0,0.0,1.0,1.0,A01
201300052780,0,33,0,15.0,0.0,1.0,21.0,A01
201300052781,0,7,0,0.0,2.0,2.0,15.0,A01
201300052781,0,7,0,0.0,2.0,3.0,1.0,B01
201300052782,0,7,0,2.0,0.0,0.0,13.0,A01
201300052783,0,32,0,0.0,2.0,7.0,14.0,A01
201300052783,0,33,0,0.0,2.0,7.0,1.0,B01
201300052784,0,33,0,0.0,0.0,1.0,1.0,A01
201300052785,0,31,0,8.0,0.0,1.0,13.0,A01
201300052786,0,33,0,0.0,2.0,0.0,2.0,B01
201300052786,0,7,0,0.0,2.0,0.0,2.0,A01
201300052786,0,7,0,0.0,2.0,0.0,2.0,C01
201300052787,0,30,0,0.0,0.0,8.0,1.0,A01
201300052788,0,7,0,0.0,2.0,3.0,15.0,A01
201300052788,0,30,0,0.0,2.0,1.0,17.0,B01
201300052789,0,7,0,0.0,2.0,2.0,12.0,B01
201300052789,0,32,0,0.0,2.0,3.0,3.0,A01
201300052790,0,32,0,11.0,0.0,2.0,5.0,A01
201300052791,0,31,0,0.0,2.0,8.0,17.0,B01
201300052791,0,7,0,0.0,2.0,8.0,13.0,A01
201300052792,0,1,0,0.0,2.0,1.0,17.0,A01
201300052792,0,1,0,0.0,2.0,7.0,1.0,B01
201300052793,0,2,0,11.0,0.0,1.0,16.0,A01
201300052794,0,7,0,0.0,2.0,1.0,16.0,A01
201300052794,0,1,0,0.0,2.0,1.0,19.0,B01
201300052795,0,32,0,0.0,0.0,2.0,21.0,A01
201300052796,0,34,0,0.0,2.0,7.0,1.0,A01
201300052796,0,7,0,0.0,2.0,3.0,1.0,B01
201300052797,0,1,0,0.0,2.0,0.0,21.0,A01
201300052798,0,1,0,0.0,2.0,1.0,1.0,B01
201300052798,0,7,0,0.0,9.0,3.0,1.0,A01
201300052799,0,7,0,0.0,0.0,4.0,23.0,B01
201300052799,0,37,6,14.0,0.0,1.0,1.0,A01
201300052800,0,33,0,0.0,0.0,0.0,1.0,A01
201300052801,0,1,0,0.0,0.0,8.0,21.0,A01
201300052802,0,30,0,0.0,2.0,1.0,1.0,A01
201300052802,0,7,0,0.0,0.0,6.0,1.0,B01
201300052803,0,7,0,0.0,1.0,3.0,1.0,A01
201300052804,0,33,0,1.0,2.0,2.0,1.0,A01
201300052804,1,7,0,0.0,2.0,6.0,9.0,Z01
201300052805,0,7,0,0.0,1.0,1.0,1.0,A01
201300052806,0,7,0,0.0,2.0,8.0,10.0,B01
201300052806,0,32,0,1.0,2.0,2.0,17.0,A01
201300052807,0,30,0,0.0,2.0,4.0,12.0,A01
201300052807,0,7,0,0.0,2.0,0.0,23.0,B01
201300052808,0,7,0,0.0,2.0,5.0,2.0,B01
201300052808,0,31,0,0.0,2.0,3.0,2.0,A01
201300052809,0,7,0,0.0,2.0,8.0,1.0,B01
201300052809,0,7,0,0.0,2.0,3.0,15.0,A01
201300052810,0,30,0,0.0,2.0,1.0,17.0,B01
201300052810,0,7,0,0.0,2.0,4.0,15.0,A01
201300052811,0,33,0,0.0,1.0,8.0,1.0,A01
201300052812,0,30,0,0.0,2.0,1.0,1.0,A01
201300052812,0,7,0,0.0,2.0,3.0,1.0,B01
201300052813,0,1,0,0.0,2.0,1.0,1.0,A01
201300052813,0,7,0,0.0,2.0,1.0,15.0,B01
201300052814,0,1,0,0.0,0.0,0.0,1.0,A01
201300052815,0,32,0,0.0,2.0,4.0,23.0,A01
201300052815,1,7,0,0.0,2.0,1.0,2.0,Z01
201300052816,0,7,0,0.0,2.0,2.0,15.0,A01
201300052816,0,33,0,0.0,2.0,8.0,1.0,B01
201300052817,0,7,0,0.0,2.0,5.0,16.0,A01
201300052817,0,1,0,0.0,2.0,1.0,1.0,B01
201300052818,0,7,0,0.0,2.0,1.0,1.0,A01
201300052818,0,37,1,0.0,2.0,3.0,1.0,B01
201300052819,0,7,0,15.0,1.0,1.0,16.0,A01
201300052820,0,33,0,0.0,2.0,5.0,1.0,A01
201300052820,0,7,0,0.0,2.0,5.0,23.0,B01
201300052821,0,2,0,0.0,1.0,1.0,1.0,A01
201300052822,0,33,0,0.0,2.0,1.0,17.0,A01
201300052822,0,7,0,0.0,0.0,3.0,15.0,B01
201300052823,0,1,0,0.0,0.0,5.0,1.0,A01
201300052823,0,7,0,0.0,9.0,2.0,16.0,B01
201300052824,0,1,0,0.0,2.0,8.0,1.0,A01
201300052824,0,38,1,0.0,2.0,2.0,16.0,B01
201300052825,0,7,0,0.0,1.0,1.0,15.0,A01
201300052826,0,32,0,0.0,0.0,7.0,1.0,A01
201300052827,1,7,0,0.0,1.0,0.0,15.0,Z01
201300052828,0,32,0,0.0,2.0,2.0,2.0,A01
201300052828,0,7,0,0.0,2.0,8.0,23.0,B01
201300052829,0,7,0,0.0,2.0,3.0,15.0,A01
201300052829,0,30,0,0.0,2.0,7.0,17.0,B01
201300052830,0,10,0,0.0,2.0,2.0,10.0,A01
201300052830,0,30,0,1.0,2.0,9.0,2.0,B01
201300052831,1,7,0,0.0,1.0,0.0,1.0,Z01
201300052832,0,10,0,0.0,2.0,1.0,1.0,A01
201300052832,0,7,0,0.0,0.0,4.0,23.0,B01
201300052833,0,10,0,0.0,1.0,1.0,16.0,A01
201300052834,0,7,0,0.0,2.0,1.0,1.0,A01
201300052834,0,7,0,0.0,2.0,4.0,1.0,B01
201300052835,0,32,0,1.0,2.0,2.0,17.0,A01
201300052835,0,7,0,1.0,2.0,6.0,20.0,B01
201300052836,0,1,0,0.0,0.0,1.0,1.0,A01
201300052837,0,10,0,0.0,2.0,3.0,1.0,A01
201300052837,0,7,0,0.0,0.0,4.0,23.0,B01
201300052838,0,33,0,1.0,2.0,1.0,1.0,B01
201300052838,0,7,0,0.0,2.0,2.0,15.0,A01
201300052839,0,7,0,12.0,0.0,1.0,15.0,A01
201300052840,0,7,0,0.0,2.0,2.0,15.0,A01
201300052840,0,34,0,0.0,2.0,1.0,1.0,B01
201300052841,0,30,0,0.0,2.0,8.0,1.0,A01
201300052841,0,7,0,0.0,2.0,2.0,16.0,B01
201300052842,0,1,0,0.0,2.0,7.0,1.0,B01
201300052842,0,7,0,0.0,2.0,3.0,22.0,A01
201300052843,0,31,0,0.0,2.0,7.0,1.0,B01
201300052843,0,7,0,0.0,2.0,4.0,1.0,C01
201300052843,0,33,0,0.0,2.0,8.0,11.0,A01
201300052844,0,10,0,0.0,2.0,3.0,2.0,A01
201300052844,0,7,0,0.0,2.0,5.0,2.0,B01
201300052845,0,7,0,0.0,0.0,5.0,23.0,B01
201300052845,0,1,0,0.0,2.0,1.0,1.0,A01
201300052846,0,31,0,0.0,1.0,1.0,1.0,A01
201300052847,0,7,0,0.0,2.0,3.0,1.0,A01
201300052847,0,7,0,0.0,2.0,1.0,1.0,B01
201300052848,1,10,0,0.0,1.0,5.0,10.0,Z01
201300052849,0,7,0,0.0,2.0,1.0,15.0,A01
201300052849,0,33,0,0.0,2.0,7.0,1.0,B01
201300052850,0,7,0,8.0,2.0,4.0,2.0,B01
201300052850,0,7,0,0.0,2.0,1.0,2.0,A01
201300052851,0,7,0,7.0,0.0,3.0,1.0,A01
201300052852,0,7,0,0.0,2.0,8.0,1.0,C01
201300052852,0,7,0,0.0,2.0,7.0,1.0,B01
201300052852,0,7,0,4.0,2.0,3.0,1.0,A01
201300052853,0,33,0,0.0,2.0,7.0,17.0,A01
201300052853,0,1,0,0.0,2.0,6.0,15.0,B01
201300052854,0,2,0,0.0,0.0,0.0,1.0,A01
201300052855,0,3,0,0.0,2.0,4.0,2.0,B01
201300052855,0,7,0,0.0,2.0,1.0,2.0,A01
201300052856,0,1,0,0.0,2.0,1.0,15.0,A01
201300052856,0,33,0,0.0,2.0,1.0,1.0,B01
201300052857,0,7,0,0.0,2.0,2.0,16.0,A01
201300052857,0,1,0,0.0,2.0,1.0,1.0,B01
201300052858,0,30,0,0.0,2.0,1.0,2.0,A01
201300052858,0,10,0,0.0,2.0,4.0,23.0,B01
201300052859,0,7,0,0.0,2.0,3.0,10.0,A01
201300052859,0,30,0,0.0,2.0,1.0,1.0,B01
201300052860,0,2,0,12.0,0.0,1.0,18.0,A01
201300052861,0,7,0,0.0,2.0,4.0,13.0,B01
201300052861,0,33,0,0.0,2.0,1.0,1.0,A01
201300052862,1,7,0,0.0,2.0,2.0,16.0,Z01
201300052862,0,30,0,0.0,2.0,1.0,1.0,A01
201300052863,0,1,0,0.0,2.0,4.0,15.0,B01
201300052863,0,30,0,0.0,2.0,1.0,1.0,A01
201300052864,0,30,0,0.0,2.0,1.0,17.0,A01
201300052864,0,10,0,0.0,2.0,6.0,15.0,B01
201300052865,0,1,0,0.0,2.0,3.0,1.0,B01
201300052865,0,7,0,0.0,2.0,1.0,15.0,A01
201300052866,0,7,0,0.0,1.0,1.0,1.0,A01
201300052867,0,30,0,0.0,1.0,1.0,1.0,A01
201300052868,0,32,0,0.0,2.0,1.0,18.0,A01
201300052868,0,7,0,0.0,2.0,7.0,16.0,B01
201300052869,0,1,0,0.0,2.0,0.0,1.0,B01
201300052869,0,7,0,0.0,9.0,3.0,15.0,A01
201300052870,0,7,0,0.0,2.0,3.0,1.0,B01
201300052870,0,7,0,0.0,2.0,7.0,15.0,A01
201300052871,0,7,0,14.0,2.0,6.0,7.0,B01
201300052871,1,7,0,0.0,2.0,2.0,16.0,Z01
201300052872,0,7,0,11.0,0.0,2.0,15.0,A01
201300052873,0,7,0,0.0,0.0,3.0,10.0,B01
201300052873,0,34,0,0.0,2.0,7.0,17.0,A01
201300052874,0,32,0,0.0,1.0,7.0,1.0,A01
201300052875,0,7,0,0.0,2.0,3.0,13.0,B01
201300052875,0,32,0,0.0,2.0,1.0,17.0,A01
201300052876,0,1,0,0.0,2.0,1.0,18.0,A01
201300052876,0,7,0,0.0,2.0,7.0,22.0,B01
201300052877,0,1,0,0.0,1.0,1.0,1.0,A01
201300052878,0,10,0,0.0,9.0,2.0,16.0,A01
201300052878,0,1,0,0.0,2.0,0.0,16.0,B01
201300052879,0,7,0,0.0,2.0,2.0,16.0,A01
201300052879,0,1,0,0.0,2.0,1.0,16.0,B01
201300052880,0,30,0,0.0,2.0,1.0,1.0,B01
201300052880,0,7,0,0.0,2.0,3.0,10.0,A01
201300052881,0,32,0,0.0,0.0,8.0,15.0,A01
201300052882,0,32,0,0.0,2.0,1.0,1.0,A01
201300052882,1,7,0,0.0,2.0,6.0,15.0,Z01
201300052883,1,7,0,0.0,2.0,7.0,15.0,Z01
201300052883,0,30,0,0.0,2.0,1.0,1.0,A01
201300052884,0,30,0,0.0,0.0,0.0,1.0,A01
201300052885,0,33,0,0.0,2.0,2.0,3.0,A01
201300052885,0,7,0,0.0,2.0,5.0,1.0,C01
201300052885,0,33,0,0.0,2.0,6.0,3.0,B01
201300052886,0,32,0,0.0,1.0,0.0,1.0,A01
201300052887,0,31,0,0.0,2.0,7.0,1.0,A01
201300052887,0,7,0,0.0,2.0,3.0,11.0,B01
201300052888,0,37,0,0.0,2.0,3.0,23.0,B01
201300052888,0,7,0,0.0,2.0,5.0,14.0,A01
201300052889,0,7,0,6.0,0.0,2.0,1.0,A01
201300052889,1,7,0,0.0,0.0,0.0,12.0,Z01
201300052890,0,7,0,0.0,2.0,3.0,22.0,A01
201300052890,0,1,0,0.0,2.0,1.0,1.0,B01
201300052891,0,1,0,8.0,0.0,1.0,1.0,A01
201300052892,0,7,0,0.0,2.0,1.0,1.0,B01
201300052892,0,33,0,0.0,1.0,7.0,17.0,A01
201300052893,0,32,0,0.0,2.0,1.0,1.0,A01
201300052893,0,34,0,0.0,2.0,4.0,1.0,B01
201300052894,1,7,0,0.0,2.0,0.0,13.0,Z01
201300052894,0,33,0,0.0,2.0,0.0,1.0,A01
201300052895,0,31,0,0.0,2.0,7.0,3.0,A01
201300052895,0,7,0,0.0,2.0,8.0,1.0,B01
201300052896,0,7,0,0.0,2.0,4.0,23.0,C01
201300052896,0,7,0,0.0,2.0,1.0,2.0,A01
201300052896,0,7,0,0.0,2.0,4.0,23.0,B01
201300052897,0,10,0,0.0,1.0,1.0,1.0,A01
201300052898,0,1,0,0.0,2.0,8.0,1.0,B01
201300052898,0,7,0,0.0,2.0,2.0,16.0,A01
201300052899,0,1,0,0.0,0.0,0.0,1.0,A01
201300052900,0,7,0,0.0,1.0,1.0,1.0,A01
201300052901,0,7,0,0.0,1.0,1.0,1.0,A01
201300052902,0,10,0,0.0,2.0,3.0,22.0,A01
201300052902,0,1,0,0.0,2.0,1.0,1.0,B01
201300052903,0,30,0,0.0,0.0,7.0,1.0,A01
201300052904,0,32,0,0.0,0.0,0.0,21.0,A01
201300052905,0,32,0,0.0,0.0,0.0,3.0,A01
201300052906,0,10,0,0.0,9.0,3.0,22.0,A01
201300052906,0,1,0,1.0,0.0,1.0,1.0,B01
201300052907,0,7,0,0.0,2.0,4.0,1.0,B01
201300052907,0,7,0,0.0,2.0,1.0,1.0,A01
201300052908,0,32,0,0.0,2.0,0.0,21.0,B01
201300052908,0,33,0,0.0,2.0,0.0,21.0,A01
201300052909,0,7,0,0.0,2.0,4.0,1.0,B01
201300052909,0,34,0,0.0,2.0,2.0,1.0,A01
201300052910,0,1,0,0.0,2.0,1.0,1.0,B01
201300052910,0,7,0,0.0,2.0,3.0,22.0,A01
201300052911,0,7,0,0.0,2.0,3.0,9.0,A01
201300052911,0,32,0,0.0,2.0,1.0,1.0,B01
201300052912,0,7,0,0.0,2.0,1.0,1.0,B01
201300052912,0,7,0,0.0,2.0,5.0,1.0,A01
201300052913,0,2,0,0.0,2.0,3.0,1.0,B01
201300052913,0,7,0,0.0,2.0,2.0,16.0,A01
201300052914,0,7,0,0.0,1.0,1.0,16.0,A01
201300052915,0,7,0,0.0,2.0,8.0,15.0,A01
201300052915,0,34,0,0.0,2.0,7.0,17.0,B01
201300052916,0,30,0,14.0,0.0,1.0,1.0,A01
201300052917,0,7,0,0.0,2.0,2.0,15.0,A01
201300052917,0,1,0,0.0,2.0,1.0,1.0,B01
201300052918,0,7,0,0.0,1.0,3.0,1.0,A01
201300052919,0,7,0,0.0,2.0,1.0,15.0,A01
201300052919,0,1,0,0.0,2.0,8.0,1.0,B01
201300052920,0,32,0,7.0,0.0,1.0,13.0,A01
201300052921,0,7,0,0.0,2.0,2.0,1.0,B01
201300052921,0,2,0,0.0,2.0,7.0,10.0,A01
201300052922,0,30,0,0.0,0.0,0.0,1.0,A01
201300052923,0,7,0,0.0,1.0,2.0,15.0,A01
201300052924,0,31,0,0.0,0.0,8.0,1.0,A01