Num_Acc,senc,catv,occutc,obs,obsm,choc,manv,num_veh
201300052925,0,31,0,0.0,2.0,2.0,1.0,B01
201300052925,0,7,0,0.0,2.0,8.0,11.0,A01
201300052926,0,33,0,0.0,2.0,2.0,17.0,A01
201300052926,0,7,0,0.0,2.0,3.0,10.0,B01
201300052927,0,7,0,0.0,2.0,6.0,15.0,B01
201300052927,0,33,0,0.0,2.0,7.0,1.0,A01
201300052928,0,7,0,8.0,2.0,4.0,23.0,B01
201300052928,0,7,0,0.0,2.0,2.0,2.0,A01
201300052929,0,2,0,0.0,0.0,7.0,1.0,A01
201300052930,0,2,0,0.0,0.0,8.0,1.0,A01
201300052931,0,32,0,0.0,0.0,0.0,15.0,A01
201300052932,0,32,0,0.0,2.0,7.0,17.0,A01
201300052932,0,7,0,0.0,2.0,6.0,15.0,B01
201300052933,0,1,0,1.0,0.0,1.0,21.0,A01
201300052934,1,7,0,0.0,1.0,0.0,16.0,Z01
201300052935,0,7,0,0.0,0.0,8.0,10.0,B01
201300052935,0,33,0,0.0,2.0,1.0,17.0,A01
201300052936,0,10,0,6.0,2.0,3.0,15.0,B01
201300052936,0,33,0,0.0,2.0,2.0,17.0,A01
201300052937,0,37,0,0.0,0.0,1.0,21.0,A01
201300052938,0,1,0,0.0,2.0,8.0,17.0,B01
201300052938,0,7,0,0.0,2.0,8.0,22.0,A01
201300052939,0,7,0,0.0,2.0,6.0,24.0,B01
201300052939,0,7,0,1.0,1.0,1.0,1.0,A01
201300052940,0,7,0,0.0,2.0,1.0,13.0,A01
201300052940,0,32,0,0.0,2.0,4.0,23.0,B01
201300052941,0,7,0,0.0,2.0,8.0,9.0,A01
201300052941,0,34,0,0.0,2.0,1.0,1.0,B01
201300052942,0,34,0,0.0,1.0,3.0,3.0,A01
201300052942,0,7,0,0.0,1.0,5.0,23.0,B01
201300052943,0,7,0,0.0,1.0,1.0,1.0,A01
201300052944,1,31,0,0.0,2.0,7.0,1.0,A01
201300052944,2,7,0,0.0,2.0,3.0,13.0,Z01
201300052945,0,7,0,0.0,1.0,3.0,15.0,A01
201300052946,0,7,0,0.0,2.0,0.0,1.0,A01
201300052946,0,32,0,0.0,2.0,1.0,1.0,B01
201300052947,0,7,0,0.0,2.0,2.0,15.0,A01
201300052947,0,32,0,0.0,2.0,1.0,1.0,B01
201300052948,1,10,0,0.0,2.0,3.0,15.0,Z01
201300052948,0,1,0,1.0,2.0,5.0,1.0,A01
201300052949,0,7,0,0.0,1.0,3.0,1.0,A01
201300052950,0,32,0,0.0,0.0,2.0,17.0,B01
201300052950,0,7,0,0.0,0.0,3.0,10.0,A01
201300052951,0,10,0,0.0,2.0,2.0,1.0,A01
201300052951,0,1,0,0.0,2.0,3.0,19.0,B01
201300052952,0,7,0,0.0,9.0,2.0,15.0,A01
201300052952,0,1,0,0.0,2.0,1.0,5.0,B01
201300052953,0,10,0,0.0,2.0,3.0,9.0,A01
201300052953,0,34,0,0.0,2.0,1.0,1.0,B01
201300052954,0,33,0,0.0,1.0,8.0,1.0,A01
201300052955,0,7,0,1.0,0.0,1.0,16.0,A01
201300052956,0,7,0,0.0,0.0,5.0,22.0,A01
201300052956,0,32,0,1.0,0.0,7.0,18.0,B01
201300052957,0,7,0,0.0,2.0,1.0,9.0,A01
201300052957,0,7,0,1.0,0.0,6.0,24.0,D01
201300052957,0,7,0,0.0,2.0,3.0,1.0,B01
201300052957,0,7,0,1.0,0.0,1.0,24.0,C01
201300052958,0,7,0,0.0,2.0,6.0,23.0,C01
201300052958,0,32,0,0.0,2.0,3.0,3.0,A01
201300052958,0,7,0,0.0,2.0,7.0,1.0,B01
201300052959,0,7,0,0.0,2.0,7.0,15.0,A01
201300052959,0,7,0,0.0,2.0,1.0,1.0,B01
201300052960,0,7,0,15.0,0.0,1.0,1.0,A01
201300052961,0,32,0,1.0,0.0,1.0,12.0,A01
201300052961,0,7,0,0.0,2.0,4.0,23.0,B01
201300052962,0,7,0,14.0,0.0,3.0,15.0,A01
201300052963,1,7,0,0.0,1.0,1.0,1.0,Z01
201300052964,0,7,0,0.0,1.0,2.0,16.0,A01
201300052965,0,34,0,0.0,1.0,0.0,16.0,A01
201300052966,0,7,0,0.0,1.0,2.0,1.0,A01
201300052967,0,32,0,0.0,2.0,3.0,1.0,B01
201300052967,0,7,0,0.0,2.0,1.0,1.0,A01
201300052968,0,2,0,0.0,2.0,0.0,1.0,A01
201300052968,1,7,0,0.0,0.0,0.0,1.0,Z01
201300052969,0,7,0,1.0,0.0,2.0,14.0,A01
201300052970,0,33,0,0.0,2.0,7.0,16.0,A01
201300052970,0,7,0,0.0,2.0,3.0,1.0,B01
201300052971,0,10,0,0.0,2.0,8.0,15.0,B01
201300052971,0,30,0,0.0,2.0,1.0,17.0,A01
201300052972,0,2,0,0.0,2.0,8.0,15.0,A01
201300052972,0,32,0,0.0,2.0,0.0,17.0,B01
201300052973,0,7,0,0.0,2.0,2.0,15.0,A01
201300052973,0,7,0,0.0,2.0,3.0,1.0,B01
201300052974,0,14,0,0.0,2.0,3.0,22.0,A01
201300052974,0,10,0,0.0,2.0,7.0,1.0,B01
201300052975,0,30,0,0.0,2.0,1.0,2.0,A01
201300052975,0,7,0,0.0,2.0,2.0,16.0,B01
201300052976,0,32,0,0.0,2.0,5.0,17.0,B01
201300052976,0,7,0,0.0,2.0,3.0,13.0,A01
201300052977,0,34,0,0.0,0.0,0.0,21.0,A01
201300052978,0,1,0,0.0,0.0,8.0,1.0,B01
201300052978,0,7,0,0.0,0.0,8.0,22.0,A01
201300052979,0,7,0,0.0,1.0,2.0,1.0,A01
201300052980,0,7,0,0.0,1.0,4.0,4.0,A01
201300052981,0,33,0,0.0,2.0,6.0,15.0,B01
201300052981,0,31,0,0.0,2.0,1.0,1.0,A01
201300052982,0,31,0,0.0,2.0,7.0,1.0,B01
201300052982,0,7,0,0.0,2.0,1.0,9.0,A01
201300052983,0,7,0,0.0,2.0,4.0,1.0,B01
201300052983,0,7,0,0.0,2.0,1.0,1.0,A01
201300052984,0,30,0,12.0,0.0,1.0,13.0,A01
201300052985,0,7,0,0.0,2.0,3.0,10.0,A01
201300052985,0,34,0,0.0,2.0,1.0,1.0,B01
201300052986,1,1,0,0.0,1.0,1.0,1.0,Z01
201300052987,0,34,0,14.0,0.0,8.0,1.0,A01
201300052988,0,33,0,0.0,0.0,0.0,21.0,A01
201300052989,0,7,0,0.0,2.0,7.0,1.0,A01
201300052989,0,7,0,0.0,2.0,8.0,1.0,B01
201300052990,0,7,0,7.0,0.0,2.0,14.0,A01
201300052991,0,30,0,0.0,2.0,1.0,1.0,B01
201300052991,0,7,0,0.0,2.0,2.0,15.0,A01
201300052992,0,33,0,0.0,2.0,4.0,23.0,B01
201300052992,0,7,0,0.0,2.0,1.0,2.0,A01
201300052993,0,7,0,0.0,2.0,7.0,1.0,A01
201300052993,0,7,0,0.0,2.0,1.0,1.0,B01
201300052994,0,33,0,8.0,0.0,8.0,21.0,A01
201300052995,0,31,0,0.0,2.0,1.0,1.0,B01
201300052995,0,7,0,0.0,2.0,2.0,10.0,A01
201300052996,0,7,0,0.0,1.0,1.0,1.0,A01
201300052997,0,30,0,0.0,0.0,8.0,21.0,A01
201300052998,0,7,0,0.0,1.0,1.0,16.0,A01
201300052999,0,3,0,14.0,0.0,9.0,14.0,A01
201300053000,0,7,0,0.0,1.0,3.0,1.0,A01
201300053001,0,30,0,0.0,2.0,1.0,2.0,B01
201300053001,0,7,0,0.0,2.0,4.0,2.0,A01
201300053002,0,7,0,0.0,2.0,6.0,13.0,A01
201300053002,0,30,0,0.0,2.0,4.0,17.0,B01
201300053003,0,1,0,0.0,1.0,8.0,1.0,A01
201300053004,0,34,0,0.0,1.0,7.0,1.0,A01
201300053005,0,10,0,0.0,2.0,8.0,15.0,A01
201300053005,0,33,0,0.0,2.0,1.0,17.0,B01
201300053006,0,30,0,0.0,2.0,1.0,2.0,A01
201300053006,1,7,0,0.0,2.0,4.0,4.0,Z01
201300053007,0,7,0,0.0,1.0,2.0,16.0,A01
201300053008,0,37,1,1.0,1.0,1.0,1.0,A01
201300053009,0,7,0,0.0,2.0,2.0,15.0,A01
201300053009,0,1,0,0.0,2.0,1.0,1.0,B01
201300053010,0,7,0,0.0,1.0,1.0,1.0,A01
201300053011,0,37,1,0.0,2.0,4.0,23.0,B01
201300053011,0,37,1,0.0,2.0,1.0,2.0,A01
201300053012,1,2,0,0.0,1.0,1.0,1.0,Z01
201300053013,0,7,0,0.0,2.0,8.0,22.0,A01
201300053013,0,1,0,0.0,2.0,2.0,1.0,B01
201300053014,0,1,0,0.0,2.0,1.0,1.0,B01
201300053014,0,10,0,0.0,2.0,2.0,16.0,A01
201300053015,0,7,0,0.0,2.0,8.0,1.0,C01
201300053015,0,32,0,0.0,2.0,1.0,17.0,B01
201300053015,0,7,0,0.0,2.0,8.0,10.0,A01
201300053016,0,7,0,0.0,2.0,1.0,2.0,A01
201300053016,0,30,0,0.0,2.0,1.0,23.0,B01
201300053017,0,7,0,0.0,1.0,1.0,1.0,A01
201300053018,1,10,0,0.0,1.0,0.0,15.0,Z01
201300053019,0,1,0,0.0,0.0,0.0,21.0,A01
201300053020,0,7,0,1.0,2.0,2.0,1.0,B01
201300053020,0,7,0,0.0,2.0,3.0,9.0,A01
201300053021,0,37,0,0.0,1.0,7.0,1.0,A01
201300053022,0,7,0,0.0,1.0,7.0,16.0,A01
201300053023,0,7,0,0.0,2.0,3.0,10.0,A01
201300053023,0,33,0,0.0,2.0,2.0,17.0,B01
201300053024,0,32,0,0.0,1.0,2.0,1.0,A01
201300053025,0,7,0,0.0,1.0,2.0,7.0,A01
201300053026,0,10,0,0.0,2.0,3.0,18.0,A01
201300053026,0,7,0,0.0,2.0,7.0,16.0,B01
201300053027,0,7,0,0.0,1.0,3.0,16.0,A01
201300053028,0,7,0,0.0,1.0,1.0,7.0,A01
201300053029,0,7,0,0.0,1.0,5.0,1.0,A01
201300053030,0,7,0,0.0,2.0,1.0,7.0,B01
201300053030,0,7,0,0.0,2.0,7.0,15.0,A01
201300053031,0,1,0,0.0,1.0,1.0,17.0,A01
201300053032,0,30,0,12.0,0.0,2.0,1.0,A01
201300053033,0,2,0,0.0,0.0,3.0,9.0,A01
201300053034,0,7,0,0.0,1.0,2.0,1.0,A01
201300053035,0,7,0,0.0,1.0,3.0,9.0,A01
201300053036,0,7,0,0.0,1.0,1.0,1.0,A01
201300053037,0,7,0,0.0,2.0,4.0,23.0,A01
201300053037,0,30,0,0.0,2.0,1.0,2.0,B01
201300053038,0,7,0,0.0,2.0,3.0,10.0,A01
201300053038,0,32,0,0.0,2.0,2.0,1.0,B01
201300053039,0,1,0,0.0,2.0,1.0,8.0,B01
201300053039,0,37,2,0.0,2.0,2.0,8.0,C01
201300053039,0,30,0,0.0,2.0,1.0,7.0,A01
201300053040,0,7,0,14.0,0.0,2.0,1.0,A01
201300053041,0,7,0,0.0,1.0,1.0,1.0,A01
201300053042,0,7,0,15.0,0.0,2.0,1.0,A01
201300053043,0,1,0,1.0,0.0,1.0,1.0,B01
201300053043,0,10,0,0.0,0.0,8.0,22.0,A01
201300053044,0,7,0,0.0,0.0,6.0,15.0,B01
201300053044,0,33,0,0.0,2.0,1.0,11.0,A01
201300053045,0,33,0,0.0,2.0,1.0,13.0,A01
201300053045,0,37,1,0.0,0.0,6.0,7.0,B01
201300053046,0,2,0,0.0,0.0,2.0,1.0,A01
201300053047,0,30,0,0.0,2.0,1.0,1.0,B01
201300053047,0,7,0,0.0,2.0,2.0,15.0,A01
201300053048,0,7,0,0.0,2.0,4.0,23.0,B01
201300053048,0,32,0,0.0,2.0,1.0,1.0,A01
201300053049,0,7,0,0.0,2.0,3.0,13.0,A01
201300053049,0,33,0,0.0,0.0,7.0,17.0,B01
201300053050,0,7,0,0.0,1.0,1.0,1.0,A01
201300053051,0,7,0,0.0,0.0,8.0,1.0,B01
201300053051,0,15,0,0.0,0.0,1.0,12.0,A01
201300053052,0,33,0,0.0,2.0,0.0,1.0,A01
201300053052,0,7,0,0.0,2.0,0.0,16.0,B01
201300053053,0,33,0,0.0,1.0,1.0,1.0,A01
201300053054,0,7,0,0.0,1.0,2.0,16.0,A01
201300053055,1,1,0,0.0,1.0,1.0,1.0,Z01
201300053056,0,34,0,0.0,0.0,0.0,21.0,A01
201300053057,0,34,0,0.0,0.0,0.0,1.0,A01
201300053058,0,7,0,0.0,2.0,3.0,22.0,A01
201300053058,0,1,0,1.0,0.0,1.0,1.0,B01
201300053059,0,7,0,0.0,2.0,1.0,2.0,A01
201300053059,0,7,0,0.0,2.0,4.0,2.0,B01
201300053060,0,37,0,0.0,1.0,7.0,7.0,A01
201300053061,0,7,0,0.0,1.0,3.0,1.0,A01
201300053062,0,7,0,0.0,1.0,3.0,1.0,A01
201300053063,0,37,62,0.0,0.0,3.0,7.0,A01
201300053063,0,1,0,0.0,0.0,7.0,7.0,B01
201300053064,0,7,0,4.0,0.0,1.0,14.0,A01
201300053065,0,31,0,5.0,0.0,1.0,13.0,A01
201300053066,0,10,0,0.0,1.0,1.0,16.0,A01
201300053067,0,7,0,0.0,2.0,5.0,23.0,B01
201300053067,0,33,0,0.0,2.0,1.0,2.0,A01
201300053068,0,7,0,0.0,1.0,3.0,1.0,A01
201300053069,1,2,0,0.0,1.0,1.0,17.0,Z01
201300053070,0,7,0,0.0,1.0,2.0,1.0,A01
201300053071,0,7,0,0.0,1.0,8.0,1.0,A01
201300053072,0,33,0,0.0,2.0,7.0,1.0,B01
201300053072,0,7,0,0.0,2.0,3.0,15.0,A01
201300053073,0,15,0,0.0,2.0,6.0,15.0,B01
201300053073,0,7,0,0.0,2.0,2.0,15.0,A01
201300053074,0,7,0,0.0,1.0,3.0,1.0,A01
201300053075,1,7,0,0.0,0.0,0.0,1.0,Z01
201300053075,0,34,0,0.0,2.0,3.0,1.0,A01
201300053076,0,32,0,0.0,9.0,0.0,1.0,A01
201300053077,0,7,0,0.0,2.0,8.0,11.0,A01
201300053077,0,33,0,0.0,2.0,7.0,3.0,B01
201300053078,0,7,0,0.0,2.0,5.0,16.0,A01
201300053078,0,33,0,0.0,2.0,1.0,1.0,B01
201300053079,0,7,0,0.0,2.0,7.0,15.0,A01
201300053079,0,7,0,0.0,2.0,1.0,1.0,B01
201300053080,0,7,0,11.0,0.0,2.0,14.0,A01
201300053081,0,7,0,0.0,1.0,2.0,15.0,A01
201300053082,0,32,0,0.0,2.0,1.0,1.0,B01
201300053082,0,7,0,0.0,2.0,7.0,15.0,A01
201300053083,0,10,0,0.0,2.0,2.0,9.0,A01
201300053083,0,30,0,0.0,2.0,3.0,1.0,B01
201300053084,0,10,0,0.0,2.0,8.0,22.0,A01
201300053084,0,1,0,0.0,2.0,1.0,1.0,B01
201300053085,0,7,0,1.0,0.0,1.0,14.0,A01
201300053086,0,10,0,0.0,2.0,0.0,15.0,A01
201300053086,0,30,0,0.0,2.0,1.0,1.0,B01
201300053087,1,7,0,0.0,2.0,5.0,15.0,Z01
201300053087,0,33,0,1.0,2.0,3.0,1.0,A01
201300053088,0,34,0,0.0,1.0,3.0,16.0,A01
201300053089,0,7,0,0.0,1.0,1.0,17.0,A01
201300053090,0,7,0,0.0,2.0,4.0,23.0,B01
201300053090,0,7,0,0.0,2.0,1.0,2.0,A01
201300053091,0,13,0,8.0,0.0,2.0,14.0,A01
201300053092,1,7,0,0.0,2.0,3.0,15.0,Z01
201300053092,0,30,0,0.0,2.0,4.0,1.0,A01
201300053093,1,7,0,0.0,2.0,0.0,16.0,Z01
201300053093,0,7,0,6.0,2.0,1.0,1.0,A01
201300053094,0,1,0,6.0,2.0,1.0,1.0,A01
201300053094,0,7,0,0.0,2.0,3.0,1.0,B01
201300053095,0,32,0,0.0,2.0,1.0,1.0,A01
201300053095,0,10,0,0.0,2.0,1.0,15.0,B01
201300053096,0,31,0,0.0,2.0,1.0,1.0,A01
201300053096,0,10,0,0.0,2.0,8.0,9.0,B01
201300053097,0,10,0,0.0,2.0,8.0,1.0,B01
201300053097,0,32,0,0.0,2.0,1.0,1.0,A01
201300053098,0,37,10,0.0,2.0,1.0,15.0,B01
201300053098,0,1,0,0.0,2.0,1.0,7.0,A01
201300053099,0,7,0,0.0,2.0,0.0,9.0,A01
201300053099,0,7,0,1.0,2.0,3.0,1.0,B01
201300053100,0,7,0,8.0,0.0,1.0,14.0,A01
201300053101,0,7,0,0.0,1.0,2.0,17.0,A01
201300053102,0,30,0,0.0,0.0,8.0,1.0,A01
201300053103,0,33,0,0.0,2.0,4.0,2.0,B01
201300053103,0,7,0,0.0,2.0,4.0,2.0,A01
201300053104,0,7,0,0.0,1.0,4.0,4.0,A01
201300053105,0,7,0,0.0,2.0,1.0,1.0,A01
201300053105,0,7,0,0.0,2.0,8.0,1.0,B01
201300053106,0,2,0,0.0,2.0,1.0,17.0,A01
201300053106,0,7,0,0.0,2.0,8.0,15.0,B01
201300053107,0,30,0,0.0,0.0,0.0,21.0,A01
201300053108,0,32,0,0.0,0.0,1.0,1.0,A01
201300053109,0,7,0,0.0,2.0,2.0,15.0,A01
201300053109,0,2,0,0.0,2.0,1.0,7.0,B01
201300053110,0,7,0,0.0,2.0,1.0,1.0,B01
201300053110,0,7,0,0.0,2.0,2.0,1.0,A01
201300053111,0,10,0,0.0,2.0,3.0,15.0,A01
201300053111,0,33,0,0.0,2.0,1.0,1.0,B01
201300053112,0,7,0,0.0,2.0,4.0,23.0,B01
201300053112,0,30,0,0.0,2.0,1.0,2.0,A01
201300053113,0,7,0,0.0,2.0,1.0,2.0,A01
201300053113,0,32,0,0.0,2.0,4.0,23.0,B01
201300053114,0,1,0,0.0,1.0,8.0,1.0,A01
201300053115,0,7,0,1.0,2.0,2.0,1.0,A01
201300053115,0,7,0,0.0,2.0,3.0,16.0,B01
201300053116,0,7,0,0.0,1.0,3.0,1.0,A01
201300053117,0,30,0,0.0,1.0,1.0,1.0,A01
201300053118,0,32,0,0.0,0.0,7.0,21.0,A01
201300053119,0,10,0,0.0,2.0,2.0,10.0,A01
201300053119,0,33,0,0.0,2.0,3.0,1.0,B01
201300053120,0,7,0,0.0,2.0,5.0,16.0,A01
201300053120,0,30,0,0.0,2.0,1.0,9.0,B01
201300053121,0,7,0,0.0,2.0,2.0,12.0,A01
201300053121,0,33,0,12.0,2.0,8.0,1.0,B01
201300053122,0,7,0,0.0,2.0,2.0,1.0,B01
201300053122,0,1,0,0.0,2.0,1.0,11.0,A01
201300053123,0,7,0,0.0,2.0,4.0,1.0,B01
201300053123,0,7,0,0.0,2.0,1.0,1.0,C01
201300053123,0,7,0,0.0,0.0,4.0,1.0,A01
201300053124,0,7,0,0.0,2.0,6.0,15.0,A01
201300053124,0,33,0,0.0,2.0,2.0,17.0,B01
201300053125,0,7,0,0.0,2.0,2.0,9.0,A01
201300053125,0,33,0,0.0,2.0,1.0,1.0,B01
201300053126,0,7,0,0.0,2.0,4.0,23.0,D01
201300053126,0,7,0,0.0,2.0,4.0,23.0,B01
201300053126,0,7,0,0.0,2.0,1.0,1.0,A01
201300053126,0,7,0,0.0,2.0,4.0,23.0,C01
201300053127,0,7,0,0.0,1.0,3.0,1.0,A01
201300053128,0,7,0,0.0,2.0,3.0,15.0,B01
201300053128,0,7,0,0.0,2.0,1.0,1.0,A01
201300053129,0,33,0,0.0,2.0,1.0,1.0,A01
201300053129,0,7,0,0.0,2.0,3.0,23.0,B01
201300053130,0,7,0,0.0,0.0,2.0,15.0,A01
201300053130,0,30,0,0.0,0.0,1.0,1.0,B01
201300053131,0,32,0,0.0,2.0,7.0,17.0,B01
201300053131,0,2,0,0.0,0.0,8.0,15.0,A01
201300053132,0,32,0,0.0,2.0,2.0,1.0,B01
201300053132,0,7,0,0.0,0.0,3.0,9.0,A01
201300053133,0,32,0,1.0,2.0,1.0,21.0,A01
201300053134,0,33,0,0.0,9.0,8.0,23.0,B01
201300053134,0,7,0,0.0,2.0,7.0,1.0,A01
201300053135,0,10,0,0.0,2.0,7.0,15.0,A01
201300053135,0,32,0,0.0,2.0,2.0,1.0,B01
201300053136,0,34,0,0.0,2.0,1.0,1.0,A01
201300053136,0,7,0,0.0,2.0,5.0,23.0,B01
201300053137,0,7,0,0.0,1.0,1.0,7.0,A01
201300053138,0,17,0,0.0,0.0,6.0,24.0,B01
201300053138,0,2,0,1.0,0.0,6.0,1.0,A01
201300053139,0,7,0,0.0,1.0,1.0,15.0,A01
201300053140,0,30,0,0.0,2.0,5.0,1.0,A01
201300053140,0,7,0,0.0,2.0,3.0,1.0,B01
201300053141,0,7,0,0.0,2.0,4.0,2.0,A01
201300053141,0,7,0,0.0,2.0,2.0,2.0,B01
201300053142,0,7,0,0.0,1.0,3.0,15.0,A01
201300053143,0,7,0,0.0,2.0,2.0,17.0,B01
201300053143,0,10,0,0.0,2.0,3.0,10.0,A01
201300053144,0,7,0,0.0,2.0,2.0,9.0,A01
201300053144,0,33,0,8.0,2.0,3.0,1.0,B01
201300053145,0,30,0,0.0,0.0,8.0,15.0,A01
201300053145,0,7,0,0.0,0.0,2.0,1.0,B01
201300053146,0,10,0,0.0,2.0,4.0,2.0,B01
201300053146,0,37,8,0.0,2.0,1.0,2.0,A01
201300053147,0,7,0,0.0,2.0,1.0,15.0,A01
201300053147,0,33,0,0.0,2.0,8.0,16.0,B01
201300053148,0,33,0,0.0,2.0,5.0,5.0,B01
201300053148,0,7,0,0.0,2.0,3.0,15.0,A01
201300053149,0,32,0,0.0,1.0,1.0,1.0,A01
201300053150,0,30,0,0.0,2.0,4.0,2.0,A01
201300053150,2,2,0,0.0,2.0,1.0,2.0,Z01
201300053151,0,1,0,12.0,2.0,0.0,1.0,B01
201300053151,0,7,0,0.0,2.0,0.0,13.0,A01
201300053152,0,7,0,1.0,0.0,1.0,13.0,A01
201300053153,0,7,0,0.0,2.0,3.0,9.0,A01
201300053153,0,32,0,0.0,2.0,1.0,1.0,B01
201300053154,0,33,0,0.0,2.0,1.0,1.0,A01
201300053154,1,7,0,0.0,2.0,3.0,16.0,Z01
201300053155,0,30,0,4.0,0.0,7.0,1.0,A01
201300053156,0,1,0,0.0,1.0,1.0,1.0,A01
201300053157,0,2,0,0.0,0.0,0.0,1.0,A01
201300053158,0,7,0,0.0,2.0,1.0,15.0,A01
201300053158,0,2,0,0.0,2.0,8.0,1.0,B01
201300053159,0,30,0,8.0,0.0,2.0,16.0,A01
201300053160,0,31,0,0.0,2.0,0.0,17.0,B01
201300053160,0,1,0,0.0,2.0,1.0,13.0,A01
201300053161,0,32,0,0.0,2.0,1.0,1.0,B01
201300053161,0,7,0,0.0,2.0,5.0,16.0,A01
201300053162,0,32,0,0.0,2.0,1.0,1.0,B01
201300053162,0,7,0,0.0,2.0,3.0,16.0,A01
201300053163,0,7,0,0.0,1.0,2.0,1.0,A01
201300053164,0,7,0,0.0,1.0,1.0,1.0,A01
201300053165,0,10,0,0.0,1.0,1.0,15.0,A01
201300053166,0,30,0,0.0,2.0,4.0,1.0,A01
201300053166,1,7,0,0.0,9.0,0.0,1.0,Z01
201300053167,0,7,0,0.0,1.0,1.0,1.0,A01
201300053168,0,7,0,0.0,0.0,3.0,22.0,A01
201300053168,0,1,0,1.0,0.0,0.0,1.0,B01
201300053169,0,2,0,1.0,0.0,1.0,1.0,A01
201300053170,0,2,0,0.0,0.0,7.0,9.0,A01
201300053171,0,7,0,0.0,2.0,5.0,23.0,B01
201300053171,0,2,0,0.0,2.0,1.0,2.0,A01
201300053171,0,10,0,0.0,2.0,5.0,23.0,C01
201300053172,0,7,0,0.0,2.0,7.0,15.0,B01
201300053172,0,1,0,0.0,2.0,1.0,1.0,A01
201300053173,0,14,0,0.0,2.0,5.0,1.0,B01
201300053173,0,10,0,0.0,2.0,8.0,22.0,A01
201300053174,0,2,0,0.0,2.0,8.0,1.0,A01
201300053174,1,7,0,0.0,2.0,3.0,15.0,Z01
201300053175,0,7,0,0.0,2.0,5.0,23.0,B01
201300053175,0,2,0,0.0,2.0,1.0,1.0,A01
201300053176,0,7,0,0.0,2.0,0.0,14.0,A01
201300053176,0,33,0,0.0,2.0,0.0,1.0,B01
201300053177,0,7,0,0.0,2.0,6.0,23.0,B01
201300053177,0,1,0,0.0,2.0,2.0,2.0,A01
201300053178,0,30,0,0.0,2.0,6.0,18.0,B01
201300053178,0,7,0,0.0,2.0,5.0,14.0,A01
201300053179,0,7,0,1.0,0.0,2.0,14.0,A01
201300053180,0,33,0,0.0,2.0,8.0,15.0,B01
201300053180,0,32,0,0.0,2.0,1.0,5.0,A01
201300053181,0,7,0,0.0,2.0,3.0,15.0,A01
201300053181,0,33,0,0.0,2.0,1.0,1.0,B01
201300053182,0,32,0,0.0,2.0,1.0,2.0,A01
201300053182,0,7,0,0.0,2.0,5.0,23.0,B01
201300053183,0,33,0,0.0,0.0,8.0,15.0,A01
201300053184,0,30,0,0.0,2.0,7.0,17.0,B01
201300053184,0,7,0,0.0,2.0,3.0,15.0,A01
201300053185,0,7,0,0.0,1.0,3.0,15.0,A01
201300053186,0,7,0,0.0,1.0,3.0,1.0,A01
201300053187,0,10,0,0.0,2.0,3.0,15.0,B01
201300053187,0,30,0,0.0,2.0,8.0,1.0,A01
201300053188,0,33,0,0.0,0.0,7.0,21.0,A01
201300053189,0,1,0,0.0,0.0,8.0,1.0,A01
201300053190,0,32,0,1.0,0.0,0.0,0.0,A01
201300053191,0,7,0,0.0,1.0,2.0,1.0,A01
201300053192,0,38,0,0.0,2.0,4.0,23.0,B01
201300053192,0,7,0,0.0,2.0,1.0,1.0,A01
201300053193,0,7,0,0.0,2.0,1.0,15.0,A01
201300053193,0,2,0,0.0,2.0,1.0,1.0,B01
201300053194,0,7,0,0.0,1.0,7.0,1.0,A01
201300053195,0,33,0,0.0,2.0,5.0,16.0,A01
201300053195,0,1,0,0.0,2.0,1.0,1.0,B01
201300053196,0,7,0,0.0,2.0,8.0,15.0,B01
201300053196,0,30,0,0.0,2.0,1.0,17.0,A01
201300053197,0,7,0,0.0,1.0,1.0,16.0,A01
201300053198,0,7,0,0.0,2.0,2.0,16.0,A01
201300053198,0,1,0,0.0,2.0,1.0,7.0,B01
201300053199,0,1,0,0.0,2.0,1.0,1.0,A01
201300053199,1,7,0,0.0,2.0,0.0,16.0,Z01
201300053200,0,1,0,0.0,2.0,8.0,1.0,B01
201300053200,0,7,0,0.0,0.0,1.0,10.0,A01
201300053201,0,7,0,0.0,1.0,2.0,1.0,A01
201300053202,0,7,0,15.0,1.0,3.0,15.0,A01
201300053203,0,1,0,0.0,0.0,1.0,1.0,A01
201300053204,0,2,0,0.0,0.0,2.0,1.0,A01
201300053205,0,32,0,0.0,2.0,0.0,21.0,A01
201300053206,0,1,0,0.0,2.0,1.0,15.0,A01
201300053206,0,7,0,0.0,2.0,2.0,1.0,B01
201300053207,0,7,0,0.0,1.0,3.0,15.0,A01
201300053208,0,7,0,0.0,0.0,8.0,1.0,A01
201300053208,0,32,0,0.0,0.0,7.0,16.0,B01
201300053209,0,7,0,0.0,1.0,1.0,15.0,A01
201300053210,0,34,0,8.0,0.0,2.0,1.0,A01
201300053211,0,7,0,0.0,2.0,8.0,13.0,A01
201300053211,0,30,0,0.0,2.0,7.0,17.0,B01
201300053212,0,10,0,0.0,2.0,8.0,15.0,A01
201300053212,0,31,0,0.0,2.0,7.0,17.0,B01
201300053213,0,2,0,0.0,9.0,1.0,21.0,A01
201300053214,0,10,0,0.0,9.0,5.0,16.0,B01
201300053214,0,1,0,0.0,2.0,2.0,1.0,A01