Num_Acc,senc,catv,occutc,obs,obsm,choc,manv,num_veh
201300053215,0,33,0,0.0,2.0,2.0,1.0,B01
201300053215,0,7,0,0.0,2.0,2.0,15.0,A01
201300053216,0,7,0,0.0,2.0,1.0,15.0,A01
201300053216,0,10,0,0.0,2.0,1.0,1.0,B01
201300053217,0,2,0,0.0,2.0,8.0,1.0,B01
201300053217,0,7,0,0.0,2.0,6.0,10.0,A01
201300053218,0,7,0,0.0,2.0,2.0,16.0,A01
201300053218,0,2,0,0.0,2.0,3.0,18.0,B01
201300053219,0,1,0,0.0,0.0,1.0,1.0,A01
201300053220,0,1,0,0.0,2.0,1.0,1.0,A01
201300053220,0,7,0,0.0,2.0,5.0,16.0,B01
201300053221,0,33,0,12.0,0.0,1.0,21.0,A01
201300053222,0,7,0,0.0,2.0,1.0,15.0,A01
201300053222,0,1,0,0.0,2.0,8.0,1.0,B01
201300053223,0,7,0,0.0,2.0,3.0,9.0,A01
201300053223,0,33,0,0.0,2.0,2.0,1.0,B01
201300053224,1,7,0,0.0,1.0,2.0,1.0,Z01
201300053225,0,7,0,0.0,2.0,1.0,1.0,A01
201300053225,0,7,0,0.0,0.0,4.0,23.0,B01
201300053226,1,7,0,0.0,1.0,2.0,1.0,Z01
201300053227,0,7,0,0.0,0.0,7.0,15.0,A01
201300053227,0,1,0,0.0,0.0,1.0,1.0,B01
201300053228,0,34,0,0.0,2.0,7.0,1.0,B01
201300053228,0,7,0,0.0,0.0,8.0,11.0,A01
201300053229,0,37,0,0.0,1.0,2.0,7.0,A01
201300053230,0,7,0,0.0,1.0,1.0,1.0,A01
201300053231,0,7,0,0.0,2.0,2.0,15.0,A01
201300053231,0,31,0,0.0,2.0,1.0,1.0,B01
201300053232,1,32,0,0.0,1.0,1.0,1.0,Z01
201300053233,0,7,0,9.0,0.0,1.0,13.0,A01
201300053234,0,2,0,0.0,2.0,1.0,1.0,A01
201300053234,0,7,0,0.0,2.0,4.0,23.0,B01
201300053235,0,33,0,14.0,2.0,2.0,17.0,A01
201300053235,0,13,0,0.0,2.0,3.0,15.0,B01
201300053236,0,33,0,0.0,2.0,1.0,15.0,B01
201300053236,0,7,0,0.0,2.0,8.0,15.0,A01
201300053237,0,30,0,0.0,0.0,6.0,1.0,B01
201300053237,0,7,0,0.0,0.0,3.0,15.0,A01
201300053238,0,7,0,0.0,0.0,2.0,1.0,A01
201300053238,0,30,0,0.0,0.0,1.0,16.0,B01
201300053239,0,14,0,0.0,2.0,3.0,22.0,A01
201300053239,0,37,30,1.0,0.0,5.0,17.0,B01
201300053240,0,7,0,0.0,1.0,2.0,1.0,A01
201300053241,0,33,0,0.0,1.0,2.0,17.0,A01
201300053242,0,33,0,0.0,0.0,0.0,1.0,A01
201300053243,0,30,0,12.0,0.0,1.0,17.0,A01
201300053244,0,7,0,0.0,2.0,2.0,1.0,A01
201300053244,0,31,0,0.0,2.0,1.0,1.0,B01
201300053245,0,7,0,0.0,1.0,1.0,1.0,A01
201300053246,0,30,0,0.0,2.0,8.0,1.0,A01
201300053246,0,7,0,0.0,2.0,3.0,15.0,B01
201300053247,0,7,0,0.0,2.0,7.0,16.0,A01
201300053247,0,1,0,0.0,2.0,1.0,7.0,B01
201300053248,0,7,0,0.0,1.0,2.0,17.0,A01
201300053249,0,10,0,0.0,2.0,8.0,10.0,A01
201300053249,0,34,0,0.0,2.0,2.0,1.0,B01
201300053250,0,1,0,0.0,1.0,1.0,1.0,A01
201300053251,0,10,0,0.0,2.0,4.0,23.0,B01
201300053251,0,30,0,0.0,2.0,1.0,2.0,A01
201300053252,0,7,0,0.0,2.0,7.0,16.0,A01
201300053252,0,31,0,0.0,2.0,1.0,18.0,B01
201300053253,0,34,0,1.0,0.0,1.0,13.0,A01
201300053254,0,7,0,0.0,2.0,2.0,15.0,B01
201300053254,0,2,0,0.0,2.0,1.0,18.0,A01
201300053255,0,7,0,1.0,0.0,1.0,1.0,A01
201300053256,0,1,0,0.0,1.0,1.0,1.0,A01
201300053257,0,33,0,0.0,2.0,1.0,1.0,A01
201300053258,0,32,0,0.0,0.0,0.0,21.0,A01
201300053259,0,7,0,0.0,2.0,1.0,1.0,B01
201300053259,0,7,0,0.0,2.0,4.0,15.0,A01
201300053260,0,30,0,0.0,0.0,3.0,1.0,A01
201300053261,0,7,0,14.0,0.0,2.0,1.0,A01
201300053262,0,7,0,0.0,2.0,2.0,15.0,A01
201300053262,0,2,0,0.0,2.0,1.0,1.0,B01
201300053263,0,30,0,0.0,2.0,1.0,1.0,B01
201300053263,0,7,0,0.0,2.0,5.0,15.0,A01
201300053264,1,7,0,0.0,2.0,3.0,15.0,Z01
201300053264,0,30,0,0.0,0.0,8.0,1.0,A01
201300053265,0,7,0,0.0,2.0,3.0,22.0,A01
201300053265,0,1,0,0.0,2.0,1.0,1.0,B01
201300053266,0,30,0,0.0,2.0,1.0,15.0,A01
201300053266,0,32,0,0.0,2.0,3.0,1.0,B01
201300053267,0,7,0,0.0,1.0,2.0,1.0,A01
201300053268,0,33,0,0.0,2.0,1.0,1.0,B01
201300053268,0,7,0,14.0,2.0,7.0,13.0,A01
201300053269,0,2,0,0.0,2.0,3.0,13.0,A01
201300053269,0,7,0,0.0,2.0,8.0,1.0,B01
201300053270,0,7,0,0.0,1.0,2.0,17.0,A01
201300053271,0,31,0,0.0,2.0,2.0,5.0,A01
201300053271,0,13,0,0.0,0.0,3.0,10.0,B01
201300053272,0,7,0,0.0,2.0,8.0,22.0,A01
201300053272,0,1,0,1.0,0.0,1.0,1.0,B01
201300053273,0,33,0,0.0,2.0,8.0,15.0,A01
201300053273,0,7,0,0.0,2.0,2.0,1.0,B01
201300053274,0,32,0,0.0,0.0,8.0,1.0,A01
201300053275,0,7,0,0.0,0.0,0.0,12.0,A01
201300053275,0,33,0,0.0,0.0,0.0,1.0,B01
201300053276,0,10,0,0.0,1.0,4.0,4.0,A01
201300053277,0,7,0,7.0,0.0,1.0,13.0,A01
201300053278,0,2,0,0.0,2.0,1.0,1.0,B01
201300053278,0,7,0,0.0,2.0,1.0,15.0,A01
201300053279,0,7,0,0.0,1.0,2.0,16.0,A01
201300053280,0,1,0,0.0,2.0,2.0,15.0,A01
201300053280,0,10,0,0.0,2.0,3.0,1.0,B01
201300053281,0,32,0,0.0,0.0,1.0,21.0,A01
201300053282,0,7,0,0.0,1.0,7.0,1.0,A01
201300053283,0,31,0,0.0,0.0,8.0,21.0,A01
201300053284,0,7,0,4.0,0.0,8.0,13.0,A01
201300053285,0,13,0,0.0,0.0,2.0,16.0,A01
201300053285,0,1,0,0.0,0.0,4.0,16.0,B01
201300053286,0,37,1,0.0,2.0,6.0,11.0,A01
201300053286,0,30,0,0.0,2.0,2.0,17.0,B01
201300053287,1,7,0,0.0,1.0,8.0,1.0,Z01
201300053288,0,1,0,0.0,1.0,1.0,21.0,A01
201300053289,0,33,0,0.0,0.0,7.0,1.0,A01
201300053290,0,10,0,0.0,1.0,1.0,1.0,A01
201300053291,0,7,0,0.0,4.0,3.0,9.0,A01
201300053291,0,1,0,0.0,2.0,1.0,1.0,B01
201300053292,0,10,0,0.0,1.0,3.0,1.0,A01
201300053293,0,30,0,0.0,2.0,3.0,1.0,B01
201300053293,0,7,0,0.0,2.0,7.0,17.0,A01
201300053294,0,1,0,0.0,2.0,3.0,1.0,B01
201300053294,0,7,0,0.0,2.0,2.0,17.0,A01
201300053295,0,7,0,0.0,2.0,3.0,9.0,A01
201300053295,0,32,0,0.0,2.0,3.0,1.0,B01
201300053296,0,7,0,0.0,2.0,2.0,15.0,A01
201300053296,0,32,0,0.0,2.0,3.0,1.0,B01
201300053297,0,32,0,0.0,2.0,0.0,21.0,A01
201300053298,0,7,0,0.0,1.0,2.0,1.0,A01
201300053299,0,32,0,0.0,2.0,2.0,1.0,A01
201300053299,0,7,0,0.0,2.0,3.0,9.0,B01
201300053300,0,32,0,0.0,0.0,0.0,1.0,A01
201300053301,0,37,1,0.0,1.0,5.0,1.0,A01
201300053302,0,7,0,0.0,2.0,7.0,15.0,A01
201300053302,0,7,0,0.0,2.0,1.0,1.0,B01
201300053303,0,7,0,1.0,1.0,1.0,15.0,A01
201300053304,0,10,0,7.0,0.0,1.0,15.0,A01
201300053305,0,32,0,0.0,2.0,7.0,15.0,B01
201300053305,0,7,0,0.0,2.0,8.0,15.0,A01
201300053306,0,32,0,0.0,2.0,2.0,1.0,A01
201300053306,0,7,0,0.0,2.0,3.0,1.0,B01
201300053307,0,10,0,0.0,2.0,8.0,22.0,A01
201300053307,0,1,0,1.0,0.0,2.0,1.0,B01
201300053308,0,1,0,0.0,2.0,1.0,1.0,A01
201300053308,0,7,0,0.0,2.0,4.0,16.0,B01
201300053309,0,32,0,2.0,0.0,1.0,1.0,A01
201300053310,0,37,1,0.0,1.0,3.0,7.0,A01
201300053311,0,7,0,0.0,2.0,1.0,1.0,A01
201300053311,0,7,0,0.0,2.0,4.0,23.0,C01
201300053311,0,7,0,0.0,2.0,4.0,23.0,B01
201300053312,0,10,0,0.0,1.0,1.0,1.0,A01
201300053313,0,7,0,0.0,1.0,2.0,16.0,A01
201300053314,0,34,0,0.0,2.0,1.0,1.0,A01
201300053314,0,7,0,0.0,2.0,7.0,15.0,B01
201300053315,0,2,0,0.0,1.0,1.0,1.0,A01
201300053316,0,7,0,0.0,2.0,1.0,2.0,A01
201300053316,0,7,0,0.0,2.0,4.0,23.0,B01
201300053317,0,7,0,0.0,1.0,2.0,1.0,A01
201300053318,0,7,0,0.0,2.0,1.0,2.0,A01
201300053318,0,7,0,0.0,2.0,4.0,2.0,B01
201300053319,0,33,0,0.0,2.0,0.0,18.0,A01
201300053319,0,7,0,0.0,2.0,0.0,16.0,B01
201300053320,1,2,0,8.0,1.0,1.0,5.0,Z01
201300053321,0,7,0,0.0,2.0,2.0,10.0,A01
201300053321,0,33,0,0.0,2.0,1.0,1.0,B01
201300053322,0,7,0,1.0,2.0,1.0,1.0,B01
201300053322,0,10,0,1.0,2.0,7.0,1.0,A01
201300053323,0,33,0,0.0,2.0,0.0,21.0,A01
201300053324,0,1,0,0.0,2.0,1.0,1.0,B01
201300053324,0,7,0,0.0,2.0,5.0,16.0,A01
201300053325,0,7,0,0.0,1.0,2.0,15.0,A01
201300053326,0,33,0,0.0,2.0,7.0,17.0,A01
201300053326,0,10,0,0.0,2.0,8.0,13.0,B01
201300053327,0,7,0,0.0,2.0,2.0,1.0,A01
201300053327,0,7,0,0.0,2.0,3.0,1.0,B01
201300053328,0,7,0,0.0,2.0,5.0,1.0,B01
201300053328,0,7,0,0.0,2.0,3.0,1.0,A01
201300053329,0,7,0,0.0,1.0,1.0,1.0,A01
201300053330,0,2,0,0.0,2.0,1.0,15.0,A01
201300053330,0,10,0,0.0,2.0,2.0,1.0,B01
201300053331,0,7,0,0.0,2.0,2.0,15.0,B01
201300053331,0,10,0,7.0,2.0,2.0,1.0,A01
201300053332,0,33,0,0.0,1.0,6.0,1.0,A01
201300053333,0,7,0,0.0,0.0,1.0,15.0,A01
201300053333,0,34,0,0.0,0.0,8.0,1.0,B01
201300053334,0,31,0,8.0,0.0,1.0,1.0,A01
201300053335,0,13,0,0.0,2.0,2.0,10.0,A01
201300053335,0,2,0,0.0,2.0,1.0,1.0,B01
201300053336,1,7,0,0.0,1.0,0.0,16.0,Z01
201300053337,0,30,0,0.0,2.0,1.0,1.0,B01
201300053337,0,7,0,0.0,2.0,3.0,9.0,A01
201300053338,0,1,0,0.0,2.0,3.0,18.0,A01
201300053338,0,37,1,0.0,2.0,7.0,16.0,B01
201300053339,0,7,0,0.0,1.0,3.0,7.0,A01
201300053340,0,1,0,0.0,2.0,3.0,1.0,B01
201300053340,0,7,0,0.0,9.0,2.0,15.0,A01
201300053341,0,7,0,0.0,1.0,4.0,4.0,A01
201300053342,0,7,0,0.0,2.0,4.0,23.0,C01
201300053342,0,7,0,0.0,2.0,1.0,1.0,A01
201300053342,0,7,0,0.0,2.0,4.0,23.0,B01
201300053343,0,7,0,0.0,9.0,5.0,15.0,A01
201300053343,0,32,0,0.0,2.0,1.0,1.0,B01
201300053344,0,32,0,0.0,2.0,1.0,1.0,B01
201300053344,0,7,0,0.0,2.0,3.0,9.0,A01
201300053345,0,7,0,0.0,0.0,4.0,23.0,B01
201300053345,0,1,0,1.0,0.0,1.0,1.0,A01
201300053346,0,7,0,0.0,1.0,2.0,1.0,A01
201300053347,0,10,0,0.0,1.0,4.0,4.0,A01
201300053348,0,32,0,0.0,2.0,1.0,1.0,B01
201300053348,0,7,0,0.0,2.0,2.0,15.0,A01
201300053349,0,1,0,0.0,2.0,1.0,19.0,B01
201300053349,0,7,0,0.0,2.0,1.0,1.0,A01
201300053350,1,7,0,0.0,2.0,2.0,17.0,Z01
201300053350,0,32,0,0.0,2.0,8.0,1.0,A01
201300053351,0,37,0,0.0,2.0,3.0,1.0,A01
201300053351,0,30,0,0.0,2.0,5.0,1.0,B01
201300053352,0,3,0,0.0,2.0,1.0,2.0,A01
201300053352,0,7,0,0.0,2.0,4.0,23.0,B01
201300053353,0,30,0,0.0,2.0,3.0,1.0,B01
201300053353,0,7,0,0.0,2.0,3.0,9.0,A01
201300053354,0,7,0,0.0,2.0,3.0,1.0,B01
201300053354,0,33,0,0.0,2.0,1.0,1.0,A01
201300053355,0,7,0,0.0,2.0,4.0,23.0,C01
201300053355,0,7,0,0.0,2.0,4.0,23.0,B01
201300053355,0,7,0,0.0,2.0,1.0,2.0,A01
201300053355,0,7,0,0.0,2.0,1.0,23.0,D01
201300053356,0,30,0,0.0,2.0,1.0,1.0,B01
201300053356,0,7,0,0.0,2.0,7.0,9.0,A01
201300053357,0,33,0,0.0,2.0,2.0,1.0,A01
201300053357,0,7,0,0.0,2.0,8.0,1.0,B01
201300053358,0,7,0,0.0,0.0,4.0,1.0,B01
201300053358,0,7,0,0.0,2.0,1.0,1.0,A01
201300053359,0,7,0,6.0,0.0,1.0,1.0,A01
201300053360,0,1,0,0.0,2.0,1.0,1.0,A01
201300053360,0,7,0,0.0,2.0,3.0,1.0,B01
201300053361,0,7,0,0.0,2.0,2.0,1.0,B01
201300053361,0,7,0,0.0,2.0,8.0,9.0,A01
201300053362,0,10,0,0.0,2.0,1.0,2.0,A01
201300053362,0,10,0,0.0,2.0,1.0,2.0,B01
201300053362,0,10,0,0.0,2.0,1.0,2.0,C01
201300053363,0,34,0,0.0,2.0,2.0,1.0,B01
201300053363,0,7,0,0.0,2.0,3.0,15.0,A01
201300053364,0,7,0,0.0,1.0,1.0,15.0,A01
201300053365,0,7,0,0.0,1.0,0.0,1.0,A01
201300053366,0,7,0,0.0,2.0,2.0,9.0,A01
201300053366,0,1,0,0.0,2.0,1.0,1.0,B01
201300053367,0,7,0,0.0,2.0,4.0,23.0,C01
201300053367,0,7,0,0.0,2.0,4.0,23.0,B01
201300053367,0,7,0,0.0,2.0,1.0,2.0,A01
201300053368,0,7,0,14.0,2.0,3.0,14.0,A01
201300053368,0,7,0,0.0,2.0,7.0,17.0,B01
201300053369,0,10,0,11.0,0.0,1.0,15.0,A01
201300053370,0,2,0,0.0,0.0,7.0,1.0,A01
201300053371,0,10,0,0.0,1.0,6.0,4.0,A01
201300053372,0,33,0,0.0,1.0,1.0,1.0,A01
201300053373,1,7,0,0.0,0.0,2.0,1.0,Z01
201300053373,0,1,0,0.0,2.0,6.0,1.0,A01
201300053374,0,7,0,0.0,2.0,2.0,1.0,B01
201300053374,0,30,0,0.0,2.0,1.0,9.0,A01
201300053375,0,7,0,0.0,2.0,2.0,2.0,A01
201300053375,0,33,0,1.0,2.0,4.0,23.0,B01
201300053376,0,7,0,14.0,0.0,2.0,18.0,A01
201300053377,0,7,0,0.0,2.0,8.0,1.0,B01
201300053377,0,14,0,0.0,2.0,7.0,14.0,A01
201300053378,0,7,0,0.0,0.0,4.0,23.0,B01
201300053378,0,7,0,0.0,2.0,1.0,1.0,A01
201300053379,0,10,0,0.0,1.0,1.0,16.0,A01
201300053380,0,2,0,0.0,0.0,0.0,1.0,A01
201300053381,0,7,0,0.0,0.0,5.0,1.0,A01
201300053381,0,33,0,0.0,2.0,1.0,1.0,B01
201300053382,0,32,0,0.0,1.0,1.0,1.0,A01
201300053383,0,7,0,0.0,1.0,1.0,1.0,A01
201300053384,0,31,0,0.0,0.0,7.0,1.0,B01
201300053384,0,7,0,0.0,0.0,8.0,22.0,A01
201300053385,0,7,0,0.0,1.0,4.0,4.0,A01
201300053386,1,7,0,0.0,2.0,8.0,9.0,Z01
201300053386,0,30,0,0.0,2.0,1.0,1.0,A01
201300053387,0,1,0,0.0,2.0,4.0,23.0,B01
201300053387,0,30,0,0.0,2.0,1.0,1.0,A01
201300053388,0,32,0,2.0,0.0,0.0,0.0,A01
201300053389,0,7,0,0.0,0.0,5.0,16.0,A01
201300053389,0,2,0,0.0,2.0,5.0,1.0,B01
201300053390,0,32,0,0.0,0.0,0.0,21.0,A01
201300053391,0,30,0,0.0,2.0,1.0,17.0,A01
201300053391,0,7,0,0.0,2.0,6.0,15.0,B01
201300053392,0,7,0,0.0,2.0,2.0,16.0,B01
201300053392,0,33,0,0.0,2.0,8.0,18.0,A01
201300053393,0,30,0,0.0,0.0,0.0,1.0,A01
201300053394,0,7,0,0.0,1.0,7.0,7.0,A01
201300053395,0,33,0,0.0,0.0,8.0,9.0,A01
201300053396,1,7,0,0.0,1.0,1.0,9.0,Z01
201300053397,0,2,0,8.0,2.0,3.0,1.0,A01
201300053398,0,37,5,0.0,2.0,1.0,1.0,A01
201300053398,0,7,0,0.0,2.0,7.0,1.0,B01
201300053399,0,7,0,0.0,1.0,2.0,16.0,A01
201300053400,0,7,0,0.0,0.0,6.0,15.0,B01
201300053400,0,32,0,0.0,2.0,1.0,17.0,A01
201300053400,0,7,0,0.0,0.0,6.0,1.0,C01
201300053401,0,1,0,0.0,5.0,1.0,1.0,A01
201300053402,0,33,0,0.0,2.0,1.0,2.0,A01
201300053402,0,33,0,0.0,2.0,4.0,23.0,B01
201300053403,0,7,0,0.0,1.0,1.0,1.0,A01
201300053404,0,7,0,11.0,0.0,3.0,13.0,A01
201300053405,0,37,1,0.0,2.0,7.0,1.0,B01
201300053405,0,7,0,0.0,2.0,1.0,1.0,A01
201300053406,0,32,0,0.0,2.0,3.0,1.0,B01
201300053406,0,7,0,0.0,2.0,2.0,14.0,A01
201300053407,0,37,0,0.0,2.0,2.0,7.0,B01
201300053407,0,10,0,0.0,2.0,8.0,15.0,A01
201300053408,0,7,0,0.0,2.0,4.0,9.0,A01
201300053408,0,2,0,0.0,2.0,1.0,1.0,B01
201300053409,0,7,0,0.0,2.0,2.0,16.0,A01
201300053409,0,30,0,0.0,2.0,8.0,1.0,B01
201300053410,0,2,0,0.0,2.0,3.0,18.0,B01
201300053410,0,7,0,0.0,2.0,2.0,16.0,A01
201300053411,0,32,0,0.0,1.0,2.0,1.0,A01
201300053412,0,31,0,0.0,0.0,0.0,21.0,A01
201300053413,0,7,0,0.0,1.0,3.0,15.0,A01
201300053414,0,1,0,0.0,0.0,8.0,1.0,A01
201300053415,0,33,0,0.0,2.0,2.0,1.0,B01
201300053415,0,7,0,0.0,2.0,3.0,9.0,A01
201300053416,0,32,0,0.0,2.0,2.0,1.0,B01
201300053416,0,7,0,0.0,2.0,3.0,9.0,A01
201300053417,0,7,0,15.0,0.0,3.0,13.0,A01
201300053418,0,7,0,0.0,1.0,2.0,1.0,A01
201300053419,0,1,0,0.0,2.0,4.0,1.0,B01
201300053419,0,1,0,0.0,2.0,1.0,15.0,A01
201300053420,0,34,0,0.0,1.0,1.0,1.0,A01
201300053421,0,10,0,0.0,1.0,1.0,1.0,A01
201300053422,1,7,0,0.0,2.0,0.0,15.0,Z01
201300053422,0,30,0,0.0,2.0,1.0,1.0,A01
201300053423,0,10,0,0.0,1.0,4.0,4.0,A01
201300053424,0,31,0,0.0,2.0,1.0,15.0,A01
201300053424,0,7,0,0.0,2.0,3.0,1.0,B01
201300053425,0,7,0,0.0,2.0,6.0,1.0,B01
201300053425,0,31,0,0.0,2.0,8.0,1.0,A01
201300053425,1,7,0,0.0,2.0,0.0,22.0,Z01
201300053426,0,7,0,0.0,1.0,1.0,1.0,A01
201300053427,0,7,0,0.0,0.0,1.0,1.0,A01
201300053427,0,7,0,0.0,1.0,4.0,23.0,B01
201300053428,0,10,0,0.0,9.0,6.0,1.0,A01
201300053428,0,1,0,0.0,2.0,7.0,1.0,B01
201300053429,0,7,0,0.0,1.0,1.0,15.0,A01
201300053430,0,7,0,0.0,2.0,2.0,16.0,B01
201300053430,0,1,0,0.0,2.0,1.0,1.0,A01
201300053431,0,7,0,0.0,1.0,8.0,1.0,A01
201300053432,0,7,0,0.0,1.0,2.0,1.0,A01
201300053433,0,7,0,0.0,1.0,1.0,1.0,A01
201300053434,0,10,0,0.0,2.0,7.0,1.0,A01
201300053434,0,37,2,0.0,2.0,3.0,1.0,B01
201300053435,0,7,0,0.0,2.0,8.0,17.0,B01
201300053435,0,31,0,0.0,2.0,7.0,1.0,A01
201300053436,0,32,0,0.0,2.0,0.0,1.0,A01
201300053436,1,1,0,0.0,2.0,0.0,5.0,Z01
201300053437,0,1,0,0.0,0.0,0.0,1.0,A01
201300053438,2,7,0,6.0,1.0,1.0,1.0,Z01
201300053439,0,7,0,12.0,0.0,1.0,1.0,A01
201300053440,0,31,0,0.0,2.0,7.0,17.0,B01
201300053440,0,7,0,0.0,2.0,3.0,15.0,A01
201300053441,0,7,0,0.0,2.0,7.0,2.0,A01
201300053441,0,32,0,0.0,2.0,6.0,2.0,B01
201300053442,0,32,0,12.0,0.0,2.0,14.0,A01
201300053443,0,7,0,0.0,2.0,8.0,1.0,C01
201300053443,0,10,0,0.0,2.0,5.0,2.0,B01
201300053443,0,33,0,0.0,2.0,1.0,2.0,A01
201300053444,0,7,0,0.0,2.0,3.0,15.0,A01
201300053444,0,32,0,0.0,2.0,1.0,1.0,B01
201300053445,0,30,0,0.0,2.0,6.0,1.0,A01
201300053445,0,7,0,0.0,9.0,6.0,23.0,B01
201300053446,0,7,0,0.0,2.0,6.0,24.0,C01
201300053446,0,7,0,0.0,2.0,2.0,1.0,A01
201300053446,0,7,0,0.0,2.0,8.0,9.0,B01
201300053447,0,7,0,0.0,2.0,7.0,16.0,B01
201300053447,0,1,0,0.0,2.0,0.0,7.0,A01
201300053448,0,7,0,1.0,2.0,8.0,1.0,B01
201300053448,0,2,0,0.0,2.0,1.0,1.0,A01
201300053449,0,30,0,0.0,2.0,1.0,7.0,A01
201300053449,0,33,0,0.0,2.0,2.0,15.0,B01
201300053450,0,37,1,0.0,2.0,2.0,7.0,B01
201300053450,0,7,0,0.0,2.0,3.0,16.0,A01
201300053451,0,7,0,0.0,2.0,1.0,1.0,A01
201300053451,0,1,0,0.0,2.0,4.0,17.0,B01
201300053452,0,1,0,0.0,2.0,1.0,1.0,B01
201300053452,0,10,0,0.0,2.0,8.0,22.0,A01
201300053453,0,10,0,0.0,2.0,7.0,1.0,B01
201300053453,0,33,0,0.0,2.0,8.0,18.0,A01
201300053454,1,7,0,0.0,2.0,2.0,16.0,Z01
201300053454,0,30,0,0.0,2.0,8.0,1.0,A01
201300053455,0,37,0,0.0,1.0,7.0,7.0,A01
201300053456,0,7,0,0.0,1.0,2.0,15.0,A01
201300053457,0,31,0,0.0,0.0,8.0,16.0,A01
201300053458,0,10,0,0.0,1.0,3.0,15.0,A01
201300053459,1,14,0,0.0,1.0,5.0,4.0,Z01
201300053460,0,7,0,0.0,2.0,0.0,15.0,C01
201300053460,0,7,0,0.0,2.0,4.0,23.0,B01
201300053460,0,1,0,0.0,2.0,1.0,7.0,A01
201300053461,0,14,0,0.0,2.0,2.0,15.0,A01
201300053461,0,37,3,0.0,2.0,6.0,1.0,B01
201300053462,0,7,0,0.0,2.0,0.0,15.0,A01
201300053462,0,34,0,0.0,2.0,0.0,1.0,B01
201300053463,0,7,0,0.0,2.0,2.0,16.0,B01
201300053463,0,31,0,0.0,2.0,3.0,18.0,A01
201300053464,0,1,0,0.0,1.0,2.0,1.0,A01
201300053465,0,10,0,14.0,0.0,1.0,13.0,A01
201300053466,0,2,0,14.0,0.0,1.0,13.0,A01
201300053467,0,7,0,0.0,0.0,5.0,15.0,A01
201300053467,0,33,0,0.0,2.0,7.0,1.0,B01
201300053468,0,7,0,0.0,1.0,2.0,1.0,A01
201300053469,0,30,0,0.0,0.0,4.0,1.0,A01
201300053470,0,7,0,0.0,1.0,3.0,15.0,A01
201300053471,0,7,0,0.0,2.0,2.0,1.0,B01
201300053471,0,32,0,0.0,2.0,3.0,1.0,A01
201300053472,0,32,0,0.0,1.0,7.0,16.0,A01
201300053473,0,1,0,0.0,2.0,1.0,1.0,B01
201300053473,0,7,0,0.0,2.0,7.0,15.0,A01
201300053474,0,1,0,0.0,1.0,4.0,1.0,A01
201300053475,0,17,0,0.0,0.0,0.0,1.0,B01
201300053475,0,33,0,0.0,0.0,0.0,1.0,A01
201300053476,0,1,0,0.0,2.0,8.0,7.0,B01
201300053476,0,7,0,0.0,9.0,2.0,16.0,A01
201300053477,0,7,0,0.0,1.0,2.0,7.0,A01
201300053478,0,7,0,0.0,2.0,3.0,15.0,B01
201300053478,0,33,0,0.0,2.0,1.0,17.0,A01
201300053479,0,7,0,0.0,0.0,0.0,15.0,A01
201300053479,0,32,0,0.0,2.0,3.0,17.0,B01
201300053480,0,30,0,0.0,2.0,8.0,1.0,B01
201300053480,0,7,0,0.0,2.0,1.0,15.0,A01
201300053481,0,33,0,0.0,2.0,1.0,1.0,B01
201300053481,0,7,0,0.0,2.0,4.0,11.0,A01
201300053482,0,7,0,0.0,2.0,3.0,15.0,A01
201300053482,0,10,0,0.0,2.0,6.0,1.0,B01
201300053483,0,1,0,0.0,2.0,1.0,1.0,B01
201300053483,0,7,0,0.0,2.0,8.0,22.0,A01
201300053484,0,2,0,0.0,2.0,8.0,18.0,A01
201300053484,0,7,0,0.0,2.0,2.0,23.0,B01
201300053485,0,33,0,0.0,2.0,0.0,18.0,A01
201300053485,0,7,0,0.0,2.0,0.0,16.0,B01
201300053486,0,10,0,0.0,1.0,3.0,7.0,A01
201300053487,0,33,0,0.0,0.0,7.0,1.0,A01
201300053488,0,7,0,0.0,2.0,1.0,2.0,A01
201300053488,0,7,0,0.0,2.0,4.0,23.0,B01
201300053489,0,7,0,7.0,0.0,2.0,14.0,A01
201300053490,0,30,0,15.0,0.0,3.0,13.0,A01
201300053491,1,7,0,0.0,1.0,0.0,1.0,Z01
201300053492,0,10,0,0.0,2.0,1.0,2.0,A01
201300053492,0,32,0,0.0,2.0,4.0,23.0,B01
201300053493,0,32,0,0.0,1.0,0.0,1.0,A01
201300053494,0,31,0,0.0,1.0,1.0,1.0,A01
201300053495,0,30,0,0.0,2.0,3.0,1.0,B01
201300053495,0,33,0,0.0,2.0,7.0,15.0,A01
201300053496,0,33,0,0.0,2.0,7.0,1.0,A01
201300053496,1,34,0,0.0,2.0,8.0,13.0,Z01
201300053497,0,32,0,0.0,2.0,2.0,17.0,B01
201300053497,0,7,0,0.0,2.0,3.0,10.0,A01
201300053498,0,7,0,0.0,2.0,1.0,2.0,A01
201300053498,0,7,0,0.0,2.0,4.0,23.0,B01
201300053499,0,2,0,0.0,2.0,6.0,16.0,B01
201300053499,0,30,0,0.0,2.0,2.0,1.0,A01
201300053500,0,17,0,0.0,2.0,6.0,16.0,A01
201300053500,0,7,0,0.0,2.0,4.0,1.0,B01
201300053501,0,30,0,0.0,2.0,1.0,1.0,B01
201300053501,0,7,0,0.0,2.0,5.0,16.0,A01