Num_Acc,senc,catv,occutc,obs,obsm,choc,manv,num_veh
201300053502,0,30,0,0.0,1.0,1.0,1.0,A01
201300053503,0,33,0,0.0,1.0,1.0,1.0,A01
201300053504,0,32,0,0.0,0.0,1.0,21.0,A01
201300053505,0,30,0,0.0,2.0,0.0,18.0,B01
201300053505,0,7,0,0.0,2.0,2.0,16.0,A01
201300053506,0,7,0,0.0,1.0,3.0,15.0,A01
201300053507,0,1,0,0.0,0.0,0.0,1.0,A01
201300053508,0,30,0,0.0,2.0,1.0,1.0,A01
201300053509,0,7,0,0.0,1.0,3.0,1.0,A01
201300053510,0,30,0,12.0,0.0,1.0,13.0,A01
201300053511,0,7,0,0.0,2.0,7.0,14.0,A01
201300053511,0,1,0,0.0,2.0,8.0,1.0,B01
201300053512,1,7,0,1.0,2.0,1.0,15.0,A01
201300053512,0,30,0,0.0,2.0,8.0,1.0,B01
201300053513,1,37,1,0.0,1.0,2.0,7.0,Z01
201300053514,0,32,0,0.0,2.0,1.0,1.0,A01
201300053514,0,32,0,0.0,2.0,2.0,1.0,B01
201300053515,0,1,0,0.0,2.0,8.0,19.0,B01
201300053515,0,7,0,0.0,9.0,2.0,1.0,A01
201300053516,0,34,0,11.0,2.0,1.0,1.0,A01
201300053516,0,7,0,0.0,2.0,8.0,1.0,B01
201300053517,0,7,0,0.0,2.0,1.0,15.0,A01
201300053517,0,1,0,0.0,2.0,4.0,15.0,B01
201300053518,0,33,0,0.0,1.0,1.0,16.0,A01
201300053519,0,32,0,0.0,0.0,8.0,1.0,A01
201300053520,0,34,0,0.0,2.0,7.0,1.0,B01
201300053520,0,7,0,0.0,4.0,3.0,11.0,A01
201300053521,0,7,0,0.0,2.0,5.0,1.0,A01
201300053521,0,33,0,0.0,2.0,1.0,1.0,B01
201300053522,0,7,0,1.0,0.0,3.0,1.0,A01
201300053522,0,7,0,0.0,2.0,2.0,23.0,B01
201300053523,0,2,0,1.0,0.0,1.0,14.0,A01
201300053524,0,7,0,0.0,2.0,2.0,1.0,C01
201300053524,0,32,0,0.0,2.0,8.0,3.0,B01
201300053524,0,7,0,0.0,2.0,5.0,12.0,A01
201300053525,0,7,0,0.0,2.0,2.0,9.0,A01
201300053525,0,2,0,0.0,2.0,1.0,1.0,B01
201300053526,0,7,0,0.0,2.0,4.0,23.0,C01
201300053526,0,7,0,0.0,2.0,2.0,2.0,A01
201300053526,0,7,0,0.0,2.0,6.0,23.0,B01
201300053527,0,7,0,0.0,2.0,2.0,15.0,A01
201300053527,0,32,0,0.0,2.0,6.0,16.0,B01
201300053528,0,7,0,0.0,1.0,1.0,1.0,A01
201300053529,0,7,0,0.0,2.0,6.0,15.0,A01
201300053529,0,30,0,0.0,2.0,1.0,17.0,B01
201300053530,0,2,0,0.0,2.0,0.0,21.0,A01
201300053531,0,2,0,0.0,0.0,0.0,1.0,A01
201300053532,0,13,0,0.0,1.0,2.0,1.0,A01
201300053533,0,2,0,0.0,0.0,8.0,1.0,A01
201300053534,0,7,0,0.0,0.0,6.0,9.0,A01
201300053534,0,32,0,0.0,2.0,1.0,1.0,B01
201300053535,0,7,0,0.0,9.0,2.0,12.0,A01
201300053535,0,1,0,0.0,0.0,4.0,1.0,B01
201300053536,0,7,0,0.0,2.0,6.0,15.0,A01
201300053536,0,33,0,0.0,2.0,7.0,17.0,B01
201300053537,1,37,0,0.0,1.0,2.0,1.0,Z01
201300053538,0,34,0,14.0,0.0,1.0,13.0,A01
201300053539,0,32,0,0.0,2.0,4.0,1.0,B01
201300053539,0,10,0,0.0,2.0,5.0,14.0,A01
201300053540,1,7,0,0.0,2.0,3.0,13.0,Z01
201300053540,0,33,0,0.0,1.0,5.0,1.0,A01
201300053541,0,2,0,1.0,0.0,1.0,15.0,A01
201300053542,0,1,0,0.0,1.0,1.0,5.0,A01
201300053543,0,7,0,0.0,2.0,5.0,16.0,B01
201300053543,0,37,45,0.0,2.0,3.0,18.0,A01
201300053544,0,32,0,0.0,2.0,0.0,15.0,B01
201300053544,0,7,0,0.0,2.0,0.0,9.0,A01
201300053545,0,1,0,0.0,2.0,1.0,1.0,B01
201300053545,0,7,0,0.0,2.0,3.0,10.0,A01
201300053546,0,2,0,12.0,0.0,8.0,1.0,A01
201300053547,0,34,0,0.0,2.0,0.0,1.0,B01
201300053547,0,7,0,0.0,2.0,0.0,1.0,A01
201300053548,0,31,0,0.0,2.0,7.0,1.0,B01
201300053548,0,7,0,0.0,2.0,2.0,15.0,A01
201300053549,0,37,1,0.0,9.0,7.0,17.0,A01
201300053549,0,1,0,0.0,2.0,8.0,7.0,B01
201300053550,0,37,1,0.0,1.0,2.0,1.0,A01
201300053551,0,30,0,0.0,1.0,1.0,17.0,A01
201300053552,0,7,0,0.0,2.0,1.0,15.0,B01
201300053552,0,33,0,0.0,2.0,1.0,7.0,A01
201300053553,0,10,0,0.0,1.0,1.0,15.0,A01
201300053554,0,33,0,0.0,2.0,5.0,1.0,A01
201300053554,1,7,0,0.0,2.0,0.0,13.0,Z01
201300053555,1,7,0,0.0,2.0,0.0,15.0,Z01
201300053555,0,32,0,0.0,2.0,1.0,1.0,A01
201300053556,0,7,0,11.0,0.0,2.0,1.0,A01
201300053557,0,7,0,0.0,0.0,3.0,22.0,A01
201300053557,0,1,0,1.0,0.0,8.0,1.0,B01
201300053558,0,7,0,0.0,1.0,4.0,1.0,A01
201300053559,0,1,0,0.0,2.0,7.0,17.0,B01
201300053559,0,10,0,0.0,2.0,8.0,22.0,A01
201300053560,0,30,0,0.0,2.0,2.0,17.0,A01
201300053560,0,7,0,0.0,2.0,3.0,1.0,B01
201300053561,0,7,0,0.0,1.0,1.0,16.0,A01
201300053562,0,7,0,0.0,2.0,1.0,7.0,A01
201300053562,0,1,0,0.0,2.0,7.0,7.0,B01
201300053563,0,7,0,0.0,2.0,7.0,16.0,A01
201300053563,0,1,0,0.0,2.0,3.0,1.0,B01
201300053564,0,1,0,0.0,1.0,2.0,1.0,A01
201300053565,0,7,0,0.0,2.0,6.0,15.0,B01
201300053565,0,2,0,0.0,2.0,3.0,17.0,A01
201300053566,0,32,0,0.0,0.0,8.0,1.0,A01
201300053567,0,7,0,0.0,2.0,1.0,13.0,A01
201300053567,0,33,0,0.0,2.0,1.0,1.0,B01
201300053568,0,10,0,0.0,1.0,1.0,9.0,A01
201300053569,0,1,0,1.0,0.0,8.0,1.0,A01
201300053570,0,32,0,0.0,9.0,1.0,1.0,A01
201300053570,0,1,0,0.0,0.0,4.0,1.0,B01
201300053571,0,7,0,0.0,2.0,3.0,15.0,A01
201300053571,0,33,0,0.0,2.0,7.0,1.0,B01
201300053572,0,7,0,0.0,1.0,7.0,7.0,A01
201300053573,0,31,0,0.0,2.0,8.0,15.0,A01
201300053573,0,7,0,0.0,2.0,1.0,1.0,B01
201300053574,0,7,0,0.0,1.0,3.0,1.0,A01
201300053575,0,32,0,0.0,2.0,0.0,1.0,A01
201300053575,0,7,0,0.0,2.0,0.0,12.0,B01
201300053576,0,7,0,0.0,2.0,6.0,2.0,B01
201300053576,0,30,0,0.0,2.0,1.0,2.0,A01
201300053577,0,30,0,11.0,9.0,1.0,7.0,A01
201300053578,0,7,0,0.0,1.0,1.0,15.0,A01
201300053579,0,10,0,0.0,2.0,3.0,10.0,A01
201300053579,0,32,0,0.0,2.0,2.0,17.0,B01
201300053580,0,34,0,1.0,0.0,1.0,7.0,A01
201300053581,0,7,0,1.0,0.0,3.0,13.0,A01
201300053582,0,7,0,0.0,2.0,0.0,15.0,B01
201300053582,0,32,0,0.0,2.0,8.0,17.0,A01
201300053583,0,7,0,0.0,2.0,6.0,10.0,A01
201300053583,0,33,0,0.0,2.0,7.0,17.0,B01
201300053584,0,33,0,0.0,1.0,1.0,1.0,A01
201300053585,0,7,0,0.0,4.0,4.0,23.0,C01
201300053585,0,7,0,0.0,2.0,4.0,23.0,B01
201300053585,0,7,0,0.0,2.0,1.0,1.0,A01
201300053586,0,7,0,0.0,2.0,1.0,2.0,A01
201300053586,0,7,0,0.0,0.0,4.0,2.0,B01
201300053587,2,7,0,9.0,0.0,1.0,1.0,A01
201300053588,0,7,0,8.0,0.0,1.0,1.0,A01
201300053589,0,33,0,0.0,1.0,1.0,17.0,A01
201300053590,0,7,0,0.0,2.0,2.0,15.0,B01
201300053590,0,32,0,0.0,2.0,1.0,7.0,A01
201300053591,0,33,0,0.0,1.0,1.0,5.0,A01
201300053592,0,30,0,0.0,1.0,7.0,1.0,A01
201300053593,0,33,0,0.0,0.0,7.0,1.0,A01
201300053594,0,7,0,0.0,1.0,2.0,1.0,A01
201300053595,0,1,0,0.0,1.0,1.0,5.0,A01
201300053596,0,31,0,0.0,0.0,7.0,1.0,A01
201300053597,0,32,0,0.0,2.0,1.0,1.0,A01
201300053597,0,7,0,0.0,2.0,6.0,1.0,B01
201300053598,0,30,0,1.0,0.0,3.0,1.0,A01
201300053599,0,7,0,0.0,2.0,2.0,15.0,A01
201300053599,0,32,0,0.0,2.0,1.0,1.0,B01
201300053600,0,30,0,0.0,2.0,2.0,17.0,B01
201300053600,0,7,0,0.0,2.0,3.0,10.0,A01
201300053601,0,33,0,0.0,2.0,1.0,17.0,B01
201300053601,0,10,0,0.0,2.0,8.0,13.0,A01
201300053602,0,33,0,0.0,1.0,1.0,1.0,A01
201300053603,1,7,0,0.0,1.0,7.0,1.0,Z01
201300053604,0,30,0,0.0,2.0,0.0,9.0,A01
201300053604,0,7,0,0.0,2.0,3.0,1.0,B01
201300053605,0,30,0,0.0,0.0,8.0,21.0,A01
201300053606,0,33,0,0.0,0.0,2.0,21.0,A01
201300053607,0,2,0,0.0,1.0,1.0,7.0,A01
201300053608,0,33,0,4.0,0.0,2.0,13.0,A01
201300053609,0,7,0,0.0,1.0,3.0,1.0,A01
201300053610,0,7,0,0.0,1.0,3.0,15.0,A01
201300053611,0,34,0,0.0,2.0,1.0,1.0,A01
201300053611,0,34,0,0.0,2.0,4.0,23.0,B01
201300053612,0,7,0,0.0,1.0,3.0,1.0,A01
201300053613,0,33,0,0.0,1.0,2.0,5.0,A01
201300053614,0,33,0,0.0,0.0,1.0,1.0,A01
201300053615,0,32,0,4.0,0.0,1.0,1.0,A01
201300053616,0,33,0,0.0,0.0,1.0,1.0,A01
201300053616,0,32,0,0.0,0.0,4.0,23.0,B01
201300053617,0,33,0,0.0,0.0,7.0,1.0,B01
201300053617,0,7,0,0.0,2.0,3.0,9.0,A01
201300053618,0,1,0,0.0,0.0,0.0,21.0,A01
201300053619,0,10,0,0.0,2.0,7.0,10.0,A01
201300053619,0,33,0,0.0,2.0,1.0,1.0,B01
201300053620,0,2,0,1.0,2.0,7.0,2.0,A01
201300053620,0,7,0,0.0,2.0,7.0,20.0,B01
201300053621,0,33,0,0.0,0.0,3.0,7.0,A01
201300053622,0,7,0,0.0,1.0,3.0,15.0,A01
201300053623,0,7,0,0.0,1.0,6.0,4.0,A01
201300053624,0,7,0,0.0,2.0,2.0,14.0,A01
201300053624,0,33,0,1.0,2.0,3.0,1.0,B01
201300053625,0,7,0,0.0,1.0,1.0,1.0,A01
201300053626,0,30,0,0.0,2.0,7.0,17.0,A01
201300053626,0,7,0,0.0,2.0,8.0,15.0,B01
201300053627,0,7,0,8.0,0.0,1.0,1.0,A01
201300053628,0,7,0,14.0,2.0,2.0,14.0,A01
201300053628,0,7,0,0.0,2.0,8.0,1.0,B01
201300053629,0,30,0,0.0,2.0,1.0,17.0,B01
201300053629,0,7,0,0.0,2.0,3.0,10.0,A01
201300053630,0,33,0,0.0,2.0,8.0,15.0,B01
201300053630,0,30,0,0.0,2.0,1.0,1.0,A01
201300053631,0,31,0,0.0,1.0,2.0,1.0,A01
201300053632,0,32,0,0.0,0.0,7.0,16.0,A01
201300053633,0,7,0,0.0,2.0,1.0,2.0,A01
201300053633,0,7,0,0.0,2.0,4.0,2.0,B01
201300053634,0,33,0,0.0,0.0,1.0,1.0,A01
201300053635,0,14,0,0.0,2.0,5.0,1.0,A01
201300053635,0,7,0,0.0,2.0,5.0,22.0,B01
201300053636,0,7,0,0.0,2.0,6.0,23.0,B01
201300053636,0,30,0,0.0,1.0,1.0,1.0,A01
201300053637,0,32,0,0.0,0.0,8.0,15.0,A01
201300053638,0,7,0,0.0,1.0,1.0,1.0,A01
201300053639,0,34,0,0.0,0.0,0.0,1.0,A01
201300053640,0,37,0,0.0,2.0,3.0,1.0,B01
201300053640,0,7,0,9.0,2.0,1.0,13.0,A01
201300053641,0,30,0,0.0,1.0,1.0,1.0,A01
201300053642,0,34,0,0.0,2.0,1.0,1.0,B01
201300053642,0,7,0,0.0,2.0,1.0,15.0,A01
201300053643,0,7,0,0.0,1.0,2.0,1.0,A01
201300053644,0,34,0,0.0,1.0,3.0,1.0,A01
201300053645,0,7,0,0.0,2.0,1.0,1.0,A01
201300053645,0,7,0,0.0,2.0,5.0,1.0,B01
201300053646,0,32,0,0.0,0.0,0.0,1.0,A01
201300053647,0,1,0,0.0,2.0,5.0,2.0,A01
201300053647,1,7,0,0.0,2.0,0.0,2.0,Z01
201300053648,0,7,0,0.0,2.0,7.0,1.0,A01
201300053648,0,1,0,0.0,2.0,1.0,1.0,B01
201300053649,0,7,0,0.0,2.0,1.0,1.0,B01
201300053649,0,7,0,0.0,2.0,2.0,1.0,A01
201300053650,0,7,0,14.0,0.0,1.0,13.0,A01
201300053651,0,7,0,0.0,1.0,1.0,1.0,A01
201300053652,0,32,0,0.0,0.0,8.0,1.0,A01
201300053653,0,7,0,0.0,1.0,4.0,4.0,A01
201300053654,0,7,0,0.0,2.0,2.0,16.0,A01
201300053654,0,30,0,0.0,2.0,1.0,1.0,B01
201300053655,0,37,0,0.0,2.0,3.0,1.0,B01
201300053655,0,7,0,0.0,2.0,2.0,15.0,A01
201300053656,0,7,0,0.0,2.0,7.0,12.0,B01
201300053656,0,32,0,0.0,2.0,2.0,3.0,A01
201300053657,0,32,0,0.0,1.0,1.0,1.0,A01
201300053658,0,7,0,0.0,1.0,1.0,15.0,A01
201300053659,0,7,0,0.0,1.0,1.0,1.0,A01
201300053660,0,7,0,0.0,1.0,1.0,16.0,A01
201300053661,0,32,0,0.0,2.0,7.0,1.0,B01
201300053661,0,7,0,0.0,2.0,1.0,1.0,A01
201300053662,0,10,0,0.0,2.0,2.0,1.0,B01
201300053662,0,30,0,0.0,2.0,3.0,1.0,A01
201300053663,0,7,0,0.0,1.0,1.0,1.0,A01
201300053664,0,7,0,0.0,2.0,3.0,9.0,A01
201300053664,0,31,0,0.0,2.0,2.0,1.0,B01
201300053665,0,7,0,0.0,1.0,1.0,1.0,A01
201300053666,0,7,0,0.0,1.0,3.0,1.0,A01
201300053667,0,7,0,0.0,1.0,1.0,1.0,A01
201300053668,0,7,0,0.0,1.0,2.0,1.0,A01
201300053669,0,7,0,0.0,1.0,1.0,0.0,A01
201300053670,0,7,0,0.0,2.0,5.0,16.0,B01
201300053670,0,2,0,0.0,2.0,1.0,7.0,A01
201300053671,0,7,0,0.0,1.0,3.0,15.0,A01
201300053672,0,7,0,0.0,2.0,2.0,15.0,A01
201300053672,0,2,0,0.0,2.0,8.0,1.0,B01
201300053673,1,7,0,0.0,1.0,0.0,0.0,Z01
201300053674,0,32,0,1.0,2.0,1.0,1.0,A01
201300053674,0,32,0,0.0,0.0,4.0,1.0,B01
201300053675,0,32,0,0.0,0.0,8.0,1.0,B01
201300053675,0,7,0,0.0,0.0,2.0,15.0,A01
201300053676,0,30,0,0.0,0.0,8.0,1.0,A01
201300053677,0,7,0,0.0,2.0,2.0,15.0,B01
201300053677,0,7,0,7.0,2.0,3.0,1.0,A01
201300053678,0,30,0,0.0,2.0,3.0,18.0,A01
201300053678,0,7,0,0.0,9.0,2.0,16.0,B01
201300053679,0,7,0,0.0,1.0,1.0,1.0,A01
201300053680,0,1,0,0.0,1.0,1.0,1.0,A01
201300053681,0,10,0,0.0,1.0,4.0,4.0,A01
201300053682,0,7,0,0.0,1.0,4.0,4.0,A01
201300053683,0,7,0,0.0,1.0,1.0,15.0,A01
201300053684,0,37,3,0.0,1.0,3.0,9.0,A01
201300053685,0,37,2,1.0,2.0,8.0,1.0,B01
201300053685,0,15,0,0.0,2.0,2.0,1.0,A01
201300053685,0,13,0,0.0,2.0,6.0,24.0,C01
201300053686,0,7,0,0.0,2.0,1.0,15.0,B01
201300053686,0,33,0,0.0,2.0,7.0,17.0,A01
201300053687,0,33,0,0.0,2.0,1.0,2.0,A01
201300053687,0,32,0,0.0,2.0,4.0,23.0,B01
201300053688,0,32,0,0.0,2.0,7.0,17.0,B01
201300053688,1,7,0,0.0,0.0,0.0,13.0,Z01
201300053689,0,7,0,0.0,2.0,1.0,2.0,A01
201300053689,0,31,0,0.0,2.0,4.0,23.0,B01
201300053690,0,10,0,0.0,1.0,4.0,20.0,A01
201300053691,0,10,0,0.0,2.0,3.0,13.0,A01
201300053691,0,1,0,0.0,2.0,4.0,15.0,B01
201300053692,0,7,0,0.0,2.0,1.0,1.0,A01
201300053692,0,10,0,0.0,2.0,7.0,1.0,B01
201300053693,0,7,0,0.0,1.0,2.0,7.0,A01
201300053694,0,32,0,0.0,1.0,0.0,1.0,A01
201300053695,0,7,0,0.0,1.0,3.0,15.0,A01
201300053696,0,7,0,0.0,1.0,1.0,1.0,A01
201300053697,0,7,0,0.0,2.0,0.0,1.0,B01
201300053697,0,31,0,0.0,2.0,1.0,7.0,A01
201300053698,0,1,0,0.0,1.0,1.0,1.0,A01
201300053699,0,1,0,0.0,0.0,0.0,1.0,B01
201300053699,0,7,0,0.0,9.0,2.0,17.0,A01
201300053700,0,7,0,0.0,2.0,3.0,16.0,B01
201300053700,0,32,0,0.0,2.0,1.0,1.0,A01
201300053701,0,15,0,1.0,1.0,4.0,17.0,A01
201300053702,0,33,0,0.0,2.0,1.0,1.0,A01
201300053702,0,7,0,0.0,2.0,2.0,15.0,B01
201300053703,0,2,0,14.0,0.0,1.0,1.0,A01
201300053704,0,7,0,0.0,1.0,1.0,1.0,A01
201300053705,0,1,0,12.0,2.0,1.0,1.0,B01
201300053705,0,7,0,0.0,2.0,0.0,22.0,A01
201300053706,0,7,0,0.0,2.0,3.0,10.0,A01
201300053706,0,32,0,0.0,2.0,3.0,17.0,B01
201300053707,0,7,0,0.0,1.0,2.0,1.0,A01
201300053708,0,7,0,0.0,2.0,1.0,2.0,A01
201300053708,0,33,0,0.0,2.0,4.0,23.0,B01
201300053709,0,10,0,0.0,2.0,1.0,1.0,B01
201300053709,0,10,0,0.0,2.0,2.0,1.0,A01
201300053710,0,7,0,0.0,2.0,0.0,16.0,B01
201300053710,0,32,0,1.0,2.0,1.0,18.0,A01
201300053711,0,31,0,0.0,2.0,1.0,1.0,B01
201300053711,0,7,0,0.0,2.0,7.0,15.0,A01
201300053712,0,7,0,0.0,1.0,1.0,1.0,A01
201300053713,0,3,0,12.0,0.0,7.0,14.0,A01
201300053714,0,30,0,0.0,2.0,1.0,2.0,A01
201300053714,0,31,0,0.0,2.0,6.0,15.0,B01
201300053715,0,7,0,0.0,2.0,3.0,20.0,B01
201300053715,0,2,0,0.0,2.0,6.0,2.0,A01
201300053716,0,10,0,0.0,1.0,4.0,4.0,A01
201300053717,0,7,0,0.0,2.0,3.0,2.0,A01
201300053717,0,7,0,0.0,2.0,5.0,2.0,B01
201300053718,0,7,0,0.0,2.0,4.0,23.0,B01
201300053718,0,7,0,0.0,2.0,1.0,2.0,A01
201300053719,0,7,0,0.0,2.0,3.0,1.0,B01
201300053719,0,2,0,0.0,2.0,2.0,17.0,A01
201300053720,0,7,0,14.0,0.0,2.0,15.0,A01
201300053721,0,7,0,0.0,1.0,4.0,4.0,A01
201300053722,0,7,0,0.0,1.0,1.0,1.0,A01
201300053723,0,7,0,0.0,2.0,6.0,23.0,C01
201300053723,0,7,0,0.0,2.0,2.0,22.0,A01
201300053723,0,30,0,0.0,2.0,3.0,1.0,B01
201300053724,0,7,0,0.0,2.0,4.0,23.0,B01
201300053724,0,7,0,0.0,2.0,1.0,2.0,A01
201300053725,0,7,0,0.0,2.0,2.0,15.0,A01
201300053725,0,30,0,0.0,2.0,1.0,1.0,B01
201300053726,0,7,0,0.0,1.0,1.0,16.0,A01
201300053727,0,7,0,0.0,1.0,6.0,4.0,A01
201300053728,0,1,0,0.0,2.0,1.0,1.0,A01
201300053728,0,32,0,0.0,2.0,2.0,1.0,B01
201300053729,0,1,0,0.0,0.0,6.0,1.0,A01
201300053730,0,7,0,8.0,0.0,1.0,14.0,A01
201300053731,0,7,0,0.0,1.0,6.0,4.0,A01
201300053732,0,32,0,0.0,1.0,1.0,17.0,A01
201300053733,0,33,0,0.0,2.0,7.0,1.0,B01
201300053733,0,7,0,0.0,2.0,1.0,9.0,A01
201300053734,0,7,0,0.0,2.0,3.0,15.0,B01
201300053734,0,7,0,0.0,2.0,1.0,1.0,A01
201300053735,0,32,0,0.0,1.0,1.0,1.0,A01
201300053736,0,34,0,0.0,2.0,2.0,17.0,B01
201300053736,0,7,0,0.0,9.0,3.0,15.0,A01
201300053737,0,2,0,0.0,2.0,8.0,1.0,B01
201300053737,0,7,0,0.0,2.0,1.0,15.0,A01
201300053738,0,7,0,0.0,2.0,8.0,9.0,A01
201300053738,0,32,0,0.0,2.0,1.0,1.0,B01
201300053739,0,7,0,0.0,0.0,3.0,15.0,B01
201300053739,0,2,0,0.0,2.0,1.0,17.0,A01
201300053740,0,1,0,0.0,1.0,0.0,5.0,A01
201300053741,0,7,0,0.0,2.0,4.0,1.0,A01
201300053741,1,7,0,0.0,2.0,1.0,1.0,Z01
201300053742,0,7,0,0.0,2.0,2.0,15.0,B01
201300053742,0,30,0,0.0,2.0,2.0,17.0,A01
201300053743,0,30,0,0.0,1.0,1.0,1.0,A01
201300053744,0,7,0,9.0,1.0,2.0,1.0,A01
201300053745,0,31,0,0.0,2.0,1.0,1.0,A01
201300053745,0,1,0,0.0,2.0,8.0,19.0,B01
201300053746,0,7,0,0.0,2.0,6.0,15.0,A01
201300053746,0,31,0,0.0,2.0,1.0,1.0,B01
201300053747,1,7,0,0.0,2.0,2.0,1.0,Z01
201300053747,0,30,0,0.0,2.0,3.0,1.0,A01
201300053748,0,10,0,0.0,1.0,3.0,16.0,A01
201300053749,0,1,0,0.0,1.0,1.0,1.0,A01
201300053750,0,7,0,0.0,2.0,5.0,23.0,C01
201300053750,0,10,0,0.0,2.0,8.0,22.0,A01
201300053750,0,30,0,0.0,2.0,5.0,1.0,B01
201300053751,0,2,0,0.0,2.0,1.0,2.0,A01
201300053751,0,7,0,0.0,2.0,6.0,2.0,B01
201300053752,0,31,0,0.0,2.0,7.0,1.0,A01
201300053752,0,1,0,0.0,2.0,7.0,15.0,B01
201300053753,0,7,0,7.0,0.0,1.0,1.0,A01
201300053754,0,7,0,0.0,2.0,2.0,16.0,A01
201300053754,0,32,0,0.0,2.0,3.0,9.0,B01
201300053755,0,7,0,0.0,2.0,2.0,16.0,A01
201300053755,0,1,0,0.0,2.0,1.0,1.0,B01
201300053756,0,7,0,0.0,2.0,2.0,1.0,B01
201300053756,0,13,0,0.0,2.0,1.0,15.0,A01
201300053757,0,7,0,0.0,1.0,1.0,15.0,A01
201300053758,1,7,0,0.0,2.0,7.0,17.0,Z01
201300053758,0,1,0,1.0,2.0,8.0,1.0,A01
201300053759,0,7,0,0.0,2.0,7.0,17.0,A01
201300053759,0,1,0,0.0,2.0,3.0,1.0,B01
201300053760,1,1,0,0.0,1.0,1.0,5.0,Z01
201300053761,0,34,0,0.0,1.0,1.0,1.0,A01
201300053762,0,7,0,15.0,0.0,1.0,7.0,A01
201300053763,0,7,0,0.0,1.0,4.0,4.0,A01
201300053764,0,7,0,0.0,1.0,3.0,1.0,A01
201300053765,0,32,0,0.0,2.0,1.0,18.0,B01
201300053765,0,7,0,0.0,2.0,2.0,14.0,A01
201300053766,0,7,0,0.0,1.0,3.0,15.0,A01
201300053767,0,37,11,0.0,2.0,1.0,1.0,B01
201300053767,0,7,0,0.0,0.0,2.0,15.0,A01
201300053768,0,2,0,14.0,0.0,0.0,1.0,A01
201300053769,0,7,0,0.0,0.0,5.0,23.0,B01
201300053769,0,7,0,0.0,2.0,1.0,1.0,A01
201300053770,0,30,0,0.0,0.0,0.0,1.0,A01
201300053771,0,7,0,0.0,2.0,4.0,23.0,B01
201300053771,0,7,0,0.0,2.0,2.0,15.0,A01
201300053772,0,7,0,0.0,1.0,6.0,1.0,A01
201300053773,0,40,0,0.0,1.0,2.0,1.0,A01
201300053774,0,32,0,0.0,1.0,1.0,1.0,A01
201300053775,0,32,0,0.0,1.0,1.0,1.0,A01
201300053776,0,32,0,0.0,1.0,1.0,1.0,A01
201300053777,0,7,0,0.0,0.0,4.0,10.0,B01
201300053777,1,7,0,0.0,0.0,1.0,1.0,Z01
201300053778,0,37,16,0.0,1.0,3.0,1.0,A01
201300053779,0,7,0,0.0,2.0,2.0,1.0,A01
201300053779,0,30,0,0.0,2.0,1.0,1.0,B01
201300053780,0,10,0,0.0,1.0,8.0,15.0,A01
201300053781,0,7,0,0.0,2.0,2.0,1.0,A01
201300053781,0,33,0,0.0,2.0,4.0,1.0,B01
201300053782,0,10,0,0.0,1.0,2.0,1.0,A01
201300053783,0,7,0,0.0,2.0,2.0,16.0,A01
201300053783,0,1,0,0.0,2.0,1.0,1.0,B01
201300053784,0,7,0,0.0,2.0,4.0,23.0,B01
201300053784,0,7,0,0.0,2.0,1.0,2.0,A01
201300053785,0,13,0,0.0,2.0,2.0,16.0,A01
201300053785,0,32,0,0.0,2.0,8.0,15.0,B01
201300053786,0,30,0,0.0,2.0,1.0,1.0,A01
201300053786,0,34,0,0.0,2.0,0.0,1.0,B01
201300053787,0,32,0,0.0,2.0,1.0,1.0,B01
201300053787,0,7,0,0.0,2.0,3.0,15.0,A01
201300053788,0,7,0,0.0,2.0,0.0,9.0,A01
201300053788,0,34,0,0.0,2.0,1.0,1.0,B01
201300053789,0,7,0,0.0,1.0,2.0,15.0,A01
201300053790,0,10,0,0.0,1.0,3.0,15.0,A01
201300053791,0,32,0,0.0,0.0,1.0,15.0,A01
201300053792,0,7,0,0.0,1.0,1.0,7.0,A01
201300053793,0,30,0,0.0,2.0,0.0,1.0,A01
201300053793,1,7,0,0.0,2.0,7.0,14.0,Z01
201300053794,0,32,0,0.0,1.0,0.0,1.0,A01
201300053795,0,31,0,1.0,2.0,1.0,1.0,B01
201300053795,0,7,0,0.0,2.0,3.0,9.0,A01
201300053796,0,37,1,1.0,0.0,5.0,18.0,A01
201300053796,0,1,0,1.0,0.0,8.0,18.0,B01
201300053797,0,7,0,0.0,1.0,2.0,1.0,A01
201300053798,1,33,0,0.0,1.0,0.0,1.0,Z01
201300053799,0,1,0,0.0,2.0,1.0,1.0,A01
201300053799,0,7,0,0.0,2.0,4.0,20.0,B01
201300053800,0,7,0,0.0,1.0,3.0,11.0,A01
201300053801,0,10,0,0.0,2.0,2.0,15.0,A01
201300053801,0,33,0,0.0,2.0,1.0,1.0,B01
201300053802,0,7,0,0.0,1.0,3.0,7.0,A01
201300053803,0,7,0,0.0,1.0,1.0,15.0,A01
201300053804,0,10,0,0.0,9.0,2.0,1.0,A01
201300053804,0,1,0,0.0,2.0,8.0,19.0,B01
201300053805,0,30,0,0.0,2.0,5.0,2.0,B01
201300053805,0,30,0,0.0,2.0,6.0,2.0,A01
201300053806,0,7,0,0.0,2.0,2.0,15.0,A01
201300053806,0,31,0,0.0,2.0,3.0,1.0,B01
201300053807,0,33,0,0.0,0.0,0.0,1.0,A01
201300053808,0,34,0,0.0,1.0,1.0,1.0,A01