Num_Acc,senc,catv,occutc,obs,obsm,choc,manv,num_veh
201300053809,0,32,0,0.0,2.0,3.0,18.0,B01
201300053809,0,7,0,0.0,2.0,5.0,22.0,A01
201300053810,1,7,0,0.0,1.0,2.0,1.0,A01
201300053811,0,1,0,0.0,2.0,6.0,2.0,A01
201300053811,0,14,0,0.0,2.0,4.0,23.0,B01
201300053812,0,7,0,0.0,1.0,2.0,15.0,A01
201300053813,1,7,0,0.0,1.0,2.0,16.0,Z01
201300053814,0,7,0,0.0,2.0,3.0,15.0,B01
201300053814,0,31,0,0.0,2.0,7.0,1.0,A01
201300053815,0,1,0,0.0,2.0,4.0,14.0,B01
201300053815,0,31,0,14.0,2.0,1.0,1.0,A01
201300053816,0,30,0,0.0,2.0,1.0,1.0,A01
201300053816,0,7,0,0.0,2.0,3.0,15.0,B01
201300053817,0,1,0,1.0,2.0,1.0,1.0,B01
201300053817,0,7,0,0.0,9.0,3.0,22.0,A01
201300053818,0,33,0,0.0,2.0,5.0,1.0,A01
201300053818,0,10,0,0.0,2.0,2.0,1.0,B01
201300053819,0,7,0,0.0,2.0,2.0,9.0,A01
201300053819,0,30,0,0.0,2.0,7.0,1.0,B01
201300053820,0,38,0,0.0,1.0,3.0,1.0,A01
201300053821,0,30,0,0.0,1.0,1.0,17.0,A01
201300053822,0,1,0,0.0,2.0,1.0,1.0,B01
201300053822,0,7,0,0.0,9.0,3.0,15.0,A01
201300053823,0,7,0,0.0,1.0,3.0,15.0,A01
201300053824,0,33,0,0.0,0.0,8.0,1.0,B01
201300053824,0,7,0,0.0,0.0,7.0,12.0,A01
201300053825,1,7,0,0.0,1.0,0.0,1.0,Z01
201300053826,0,7,0,0.0,0.0,6.0,1.0,C01
201300053826,0,7,0,0.0,0.0,5.0,1.0,B01
201300053826,0,33,0,0.0,2.0,9.0,12.0,A01
201300053827,0,32,0,0.0,2.0,7.0,17.0,B01
201300053827,0,7,0,0.0,2.0,3.0,15.0,A01
201300053828,0,10,0,0.0,2.0,4.0,23.0,C01
201300053828,0,7,0,0.0,2.0,9.0,23.0,B01
201300053828,0,7,0,0.0,2.0,1.0,2.0,A01
201300053829,0,1,0,0.0,2.0,4.0,13.0,B01
201300053829,0,34,0,0.0,2.0,4.0,17.0,A01
201300053830,0,7,0,2.0,0.0,1.0,1.0,A01
201300053831,0,7,0,1.0,0.0,3.0,1.0,A01
201300053832,0,30,0,14.0,9.0,8.0,1.0,A01
201300053833,0,7,0,0.0,2.0,8.0,1.0,B01
201300053833,0,2,0,0.0,2.0,1.0,1.0,A01
201300053834,0,7,0,0.0,2.0,5.0,12.0,B01
201300053834,0,1,0,0.0,2.0,1.0,1.0,A01
201300053835,0,34,0,0.0,0.0,0.0,13.0,A01
201300053836,0,31,0,0.0,1.0,1.0,3.0,A01
201300053837,0,7,0,0.0,2.0,1.0,1.0,B01
201300053837,0,34,0,0.0,2.0,7.0,1.0,A01
201300053838,0,34,0,0.0,1.0,2.0,17.0,A01
201300053839,0,7,0,0.0,2.0,1.0,1.0,B01
201300053839,0,7,0,15.0,2.0,6.0,1.0,A01
201300053840,0,7,0,0.0,1.0,2.0,9.0,A01
201300053841,0,1,0,0.0,2.0,2.0,15.0,A01
201300053841,0,7,0,0.0,2.0,6.0,1.0,B01
201300053842,0,32,0,0.0,2.0,8.0,7.0,B01
201300053842,0,7,0,0.0,2.0,2.0,16.0,A01
201300053843,0,7,0,0.0,1.0,1.0,1.0,A01
201300053844,0,7,0,0.0,0.0,8.0,22.0,A01
201300053844,0,30,0,1.0,0.0,7.0,1.0,B01
201300053845,0,10,0,0.0,1.0,3.0,1.0,A01
201300053846,0,32,0,0.0,1.0,1.0,1.0,A01
201300053847,0,32,0,0.0,2.0,3.0,1.0,B01
201300053847,0,7,0,0.0,2.0,1.0,15.0,A01
201300053848,0,31,0,0.0,0.0,0.0,1.0,A01
201300053849,0,7,0,0.0,2.0,5.0,15.0,A01
201300053849,0,1,0,0.0,2.0,1.0,1.0,B01
201300053850,0,33,0,0.0,2.0,5.0,1.0,B01
201300053850,0,7,0,0.0,2.0,8.0,9.0,A01
201300053851,0,10,0,0.0,1.0,1.0,15.0,A01
201300053852,0,32,0,0.0,2.0,8.0,1.0,A01
201300053852,1,7,0,0.0,2.0,1.0,1.0,Z01
201300053853,0,7,0,0.0,0.0,4.0,23.0,B01
201300053853,0,7,0,1.0,0.0,1.0,1.0,A01
201300053854,1,7,0,0.0,1.0,1.0,1.0,Z01
201300053855,0,32,0,0.0,1.0,1.0,17.0,A01
201300053856,0,7,0,0.0,1.0,1.0,1.0,A01
201300053857,0,7,0,0.0,2.0,3.0,15.0,A01
201300053857,0,32,0,0.0,2.0,1.0,1.0,B01
201300053858,0,30,0,0.0,2.0,1.0,2.0,A01
201300053858,0,7,0,0.0,2.0,5.0,2.0,B01
201300053859,0,7,0,0.0,2.0,3.0,15.0,A01
201300053859,0,1,0,0.0,2.0,1.0,1.0,B01
201300053860,0,1,0,0.0,2.0,8.0,14.0,A01
201300053860,0,1,0,0.0,2.0,7.0,1.0,B01
201300053861,0,7,0,0.0,1.0,3.0,1.0,A01
201300053862,0,33,0,0.0,2.0,8.0,1.0,B01
201300053862,0,7,0,0.0,2.0,2.0,15.0,A01
201300053863,0,1,0,1.0,0.0,1.0,18.0,A01
201300053863,0,7,0,0.0,2.0,7.0,22.0,B01
201300053864,0,32,0,0.0,2.0,8.0,1.0,B01
201300053864,0,10,0,0.0,2.0,2.0,1.0,A01
201300053865,0,32,0,0.0,0.0,0.0,15.0,A01
201300053866,0,1,0,1.0,2.0,2.0,1.0,B01
201300053866,0,7,0,0.0,2.0,5.0,22.0,A01
201300053867,0,7,0,0.0,2.0,3.0,22.0,A01
201300053867,0,1,0,0.0,2.0,1.0,1.0,B01
201300053868,0,7,0,0.0,2.0,3.0,22.0,A01
201300053868,0,1,0,0.0,2.0,1.0,7.0,B01
201300053869,0,32,0,0.0,1.0,1.0,1.0,A01
201300053870,0,34,0,14.0,0.0,0.0,1.0,A01
201300053871,0,7,0,0.0,2.0,7.0,16.0,B01
201300053871,0,30,0,0.0,2.0,3.0,1.0,A01
201300053872,0,7,0,0.0,2.0,2.0,17.0,A01
201300053872,0,32,0,0.0,2.0,4.0,13.0,B01
201300053873,0,32,0,0.0,1.0,1.0,1.0,A01
201300053874,0,7,0,0.0,2.0,9.0,23.0,C01
201300053874,0,7,0,0.0,2.0,1.0,1.0,A01
201300053874,0,7,0,0.0,2.0,4.0,23.0,B01
201300053875,0,32,0,12.0,0.0,1.0,1.0,A01
201300053876,0,37,30,0.0,2.0,3.0,7.0,B01
201300053876,0,38,54,0.0,2.0,5.0,16.0,A01
201300053877,0,32,0,0.0,1.0,2.0,18.0,A01
201300053878,0,30,0,0.0,2.0,7.0,1.0,A01
201300053878,0,33,0,0.0,2.0,1.0,1.0,B01
201300053879,0,32,0,0.0,1.0,1.0,1.0,A01
201300053880,0,7,0,0.0,2.0,4.0,2.0,B01
201300053880,0,7,0,0.0,2.0,4.0,2.0,C01
201300053880,0,7,0,0.0,2.0,1.0,2.0,A01
201300053880,0,7,0,0.0,2.0,4.0,2.0,D01
201300053881,0,31,0,0.0,0.0,0.0,1.0,A01
201300053882,0,7,0,0.0,1.0,3.0,15.0,A01
201300053883,0,33,0,0.0,0.0,0.0,1.0,A01
201300053884,0,7,0,0.0,2.0,3.0,13.0,A01
201300053884,0,33,0,0.0,2.0,2.0,17.0,B01
201300053885,0,32,0,0.0,0.0,0.0,21.0,A01
201300053886,0,7,0,0.0,2.0,1.0,15.0,A01
201300053886,0,30,0,0.0,2.0,8.0,1.0,B01
201300053887,0,7,0,0.0,2.0,3.0,1.0,B01
201300053887,0,2,0,0.0,2.0,1.0,15.0,A01
201300053888,0,7,0,0.0,2.0,5.0,9.0,A01
201300053888,0,33,0,0.0,2.0,1.0,1.0,B01
201300053889,0,34,0,0.0,1.0,1.0,1.0,A01
201300053890,0,33,0,0.0,1.0,1.0,17.0,A01
201300053891,0,7,0,0.0,2.0,3.0,15.0,A01
201300053891,0,33,0,0.0,2.0,1.0,1.0,B01
201300053892,0,7,0,0.0,2.0,2.0,1.0,A01
201300053892,0,30,0,0.0,2.0,3.0,1.0,B01
201300053893,0,30,0,0.0,1.0,2.0,17.0,A01
201300053894,0,30,0,12.0,0.0,1.0,1.0,A01
201300053895,0,7,0,0.0,1.0,3.0,1.0,A01
201300053896,0,1,0,0.0,2.0,2.0,7.0,B01
201300053896,0,7,0,0.0,2.0,8.0,22.0,A01
201300053897,0,33,0,0.0,0.0,4.0,1.0,A01
201300053898,0,33,0,0.0,0.0,0.0,21.0,A01
201300053899,0,7,0,0.0,1.0,8.0,20.0,A01
201300053900,0,30,0,0.0,2.0,2.0,10.0,A01
201300053900,0,33,0,0.0,2.0,1.0,1.0,B01
201300053901,0,7,0,0.0,2.0,1.0,1.0,A01
201300053901,0,1,0,0.0,2.0,4.0,1.0,B01
201300053902,0,30,0,0.0,2.0,2.0,17.0,A01
201300053902,0,7,0,0.0,2.0,3.0,15.0,B01
201300053903,0,34,0,0.0,1.0,3.0,15.0,A01
201300053904,0,1,0,0.0,0.0,1.0,1.0,A01
201300053905,0,33,0,0.0,2.0,1.0,17.0,B01
201300053905,0,7,0,0.0,2.0,3.0,15.0,A01
201300053906,0,1,0,0.0,0.0,0.0,1.0,A01
201300053907,2,7,0,0.0,2.0,1.0,2.0,Z01
201300053907,0,32,0,0.0,2.0,4.0,23.0,A01
201300053908,0,7,0,0.0,2.0,3.0,1.0,C01
201300053908,0,7,0,0.0,2.0,3.0,1.0,B01
201300053908,0,7,0,0.0,2.0,1.0,13.0,A01
201300053909,0,32,0,0.0,2.0,8.0,1.0,A01
201300053909,1,7,0,0.0,2.0,7.0,14.0,Z01
201300053910,0,32,0,0.0,0.0,8.0,1.0,A01
201300053911,0,7,0,0.0,2.0,7.0,15.0,A01
201300053911,0,30,0,0.0,2.0,1.0,1.0,B01
201300053912,0,7,0,0.0,1.0,4.0,4.0,A01
201300053913,0,10,0,0.0,2.0,8.0,10.0,A01
201300053913,0,32,0,0.0,2.0,7.0,1.0,B01
201300053914,0,7,0,0.0,1.0,3.0,15.0,A01
201300053915,0,7,0,0.0,1.0,1.0,15.0,A01
201300053916,0,7,0,7.0,0.0,3.0,13.0,A01
201300053917,0,7,0,8.0,0.0,1.0,1.0,A01
201300053918,0,7,0,0.0,1.0,1.0,15.0,A01
201300053919,0,7,0,0.0,1.0,3.0,4.0,A01
201300053920,0,7,0,0.0,2.0,1.0,10.0,A01
201300053920,0,33,0,0.0,2.0,1.0,1.0,B01
201300053921,0,7,0,0.0,2.0,1.0,15.0,A01
201300053921,0,1,0,0.0,2.0,1.0,1.0,B01
201300053922,0,10,0,0.0,2.0,0.0,13.0,A01
201300053922,0,34,0,0.0,2.0,0.0,1.0,B01
201300053923,1,7,0,0.0,1.0,1.0,16.0,Z01
201300053924,0,7,0,0.0,2.0,1.0,1.0,A01
201300053924,0,7,0,0.0,0.0,4.0,23.0,B01
201300053925,0,7,0,0.0,1.0,3.0,20.0,A01
201300053926,0,7,0,0.0,2.0,4.0,23.0,B01
201300053926,0,10,0,0.0,2.0,1.0,1.0,A01
201300053927,0,7,0,0.0,2.0,3.0,1.0,B01
201300053927,0,2,0,0.0,2.0,2.0,1.0,A01
201300053928,0,34,0,0.0,1.0,0.0,1.0,A01
201300053929,0,10,0,0.0,1.0,8.0,1.0,A01
201300053930,0,32,0,0.0,0.0,1.0,21.0,A01
201300053931,0,7,0,0.0,1.0,8.0,20.0,A01
201300053932,0,30,0,0.0,1.0,1.0,18.0,A01
201300053933,0,2,0,0.0,0.0,1.0,21.0,A01
201300053934,0,32,0,0.0,1.0,1.0,1.0,A01
201300053935,0,33,0,0.0,0.0,0.0,9.0,A01
201300053936,0,33,0,0.0,0.0,8.0,15.0,A01
201300053937,0,7,0,0.0,1.0,1.0,15.0,A01
201300053938,0,33,0,0.0,2.0,7.0,3.0,B01
201300053938,0,33,0,0.0,2.0,1.0,11.0,A01
201300053939,0,7,0,0.0,1.0,1.0,15.0,A01
201300053940,0,30,0,1.0,0.0,1.0,1.0,A01
201300053941,0,33,0,0.0,2.0,8.0,1.0,B01
201300053941,0,7,0,0.0,2.0,2.0,15.0,A01
201300053942,0,31,0,0.0,1.0,3.0,1.0,A01
201300053943,0,32,0,0.0,2.0,5.0,18.0,A01
201300053943,0,7,0,0.0,2.0,3.0,14.0,B01
201300053944,0,10,0,0.0,2.0,2.0,2.0,A01
201300053944,0,7,0,0.0,2.0,6.0,23.0,B01
201300053945,0,7,0,0.0,1.0,1.0,4.0,A01
201300053946,0,10,0,0.0,1.0,3.0,1.0,A01
201300053947,0,7,0,0.0,2.0,1.0,15.0,A01
201300053947,0,30,0,0.0,2.0,8.0,1.0,B01
201300053948,0,10,0,0.0,1.0,2.0,15.0,A01
201300053949,0,7,0,0.0,2.0,2.0,16.0,A01
201300053949,0,1,0,0.0,2.0,8.0,1.0,B01
201300053950,0,7,0,0.0,1.0,1.0,1.0,A01
201300053951,0,7,0,0.0,1.0,3.0,1.0,A01
201300053952,0,7,0,0.0,1.0,1.0,15.0,A01
201300053953,1,7,0,0.0,2.0,0.0,5.0,Z01
201300053953,0,30,0,0.0,2.0,1.0,1.0,A01
201300053954,0,7,0,6.0,0.0,1.0,13.0,A01
201300053955,0,32,0,14.0,0.0,1.0,1.0,A01
201300053956,0,7,0,0.0,1.0,3.0,1.0,A01
201300053957,1,10,0,0.0,2.0,7.0,18.0,Z01
201300053957,0,1,0,0.0,2.0,4.0,1.0,B01
201300053958,0,7,0,0.0,1.0,1.0,1.0,A01
201300053959,0,30,0,0.0,0.0,8.0,21.0,A01
201300053960,0,30,0,0.0,0.0,0.0,1.0,A01
201300053961,0,32,0,0.0,0.0,0.0,1.0,A01
201300053962,0,32,0,0.0,1.0,1.0,1.0,A01
201300053963,0,7,0,0.0,2.0,5.0,16.0,B01
201300053963,0,33,0,0.0,2.0,3.0,15.0,A01
201300053964,0,7,0,0.0,2.0,7.0,1.0,A01
201300053964,0,7,0,0.0,2.0,1.0,1.0,B01
201300053965,0,37,1,0.0,1.0,0.0,1.0,A01
201300053966,1,7,0,0.0,1.0,4.0,4.0,Z01
201300053967,0,7,0,0.0,2.0,3.0,2.0,A01
201300053967,0,7,0,7.0,2.0,5.0,15.0,B01
201300053968,0,31,0,0.0,2.0,7.0,17.0,B01
201300053968,0,7,0,0.0,2.0,3.0,11.0,A01
201300053969,0,31,0,0.0,1.0,3.0,1.0,A01
201300053970,0,32,0,0.0,2.0,7.0,1.0,A01
201300053970,0,7,0,0.0,2.0,1.0,1.0,B01
201300053971,0,7,0,0.0,1.0,2.0,1.0,A01
201300053972,0,7,0,0.0,2.0,8.0,1.0,B01
201300053972,0,7,0,0.0,2.0,2.0,1.0,A01
201300053973,1,7,0,0.0,1.0,8.0,1.0,Z01
201300053974,0,32,0,0.0,0.0,8.0,1.0,A01
201300053975,0,7,0,1.0,1.0,2.0,1.0,A01
201300053976,0,10,0,0.0,2.0,2.0,16.0,B01
201300053976,0,32,0,0.0,2.0,3.0,7.0,A01
201300053977,0,33,0,0.0,1.0,1.0,3.0,A01
201300053978,0,7,0,0.0,1.0,1.0,15.0,A01
201300053979,0,33,0,0.0,1.0,3.0,18.0,A01
201300053980,0,10,0,0.0,2.0,3.0,13.0,A01
201300053980,0,33,0,0.0,2.0,2.0,17.0,B01
201300053981,0,31,0,0.0,2.0,2.0,17.0,C01
201300053981,0,7,0,0.0,2.0,3.0,23.0,B01
201300053981,0,7,0,0.0,2.0,8.0,9.0,A01
201300053982,0,2,0,0.0,1.0,1.0,1.0,A01
201300053983,0,31,0,0.0,0.0,8.0,1.0,A01
201300053984,0,32,0,0.0,1.0,0.0,1.0,A01
201300053985,0,7,0,0.0,0.0,1.0,1.0,A01
201300053986,0,7,0,0.0,1.0,2.0,1.0,A01
201300053987,0,32,0,0.0,0.0,8.0,1.0,A01
201300053988,0,30,0,0.0,0.0,7.0,1.0,A01
201300053989,0,33,0,0.0,2.0,1.0,2.0,A01
201300053989,0,7,0,0.0,2.0,5.0,2.0,B01
201300053990,0,33,0,0.0,0.0,4.0,23.0,B01
201300053990,0,33,0,0.0,2.0,2.0,1.0,A01
201300053990,0,7,0,0.0,0.0,4.0,23.0,C01
201300053991,0,7,0,8.0,1.0,1.0,1.0,A01
201300053992,0,7,0,0.0,2.0,1.0,1.0,B01
201300053992,0,32,0,0.0,2.0,7.0,1.0,A01
201300053993,0,10,0,0.0,1.0,4.0,4.0,A01
201300053994,0,10,0,0.0,1.0,1.0,15.0,A01
201300053995,0,7,0,0.0,1.0,2.0,16.0,A01
201300053996,0,32,0,0.0,2.0,4.0,23.0,B01
201300053996,0,7,0,0.0,2.0,3.0,2.0,A01
201300053997,0,7,0,0.0,2.0,6.0,15.0,A01
201300053997,0,30,0,0.0,2.0,2.0,17.0,B01
201300053998,0,7,0,0.0,1.0,1.0,15.0,A01
201300053999,0,7,0,0.0,2.0,5.0,1.0,B01
201300053999,0,7,0,0.0,2.0,1.0,1.0,A01
201300053999,0,7,0,1.0,2.0,4.0,1.0,C01
201300054000,0,30,0,0.0,0.0,0.0,1.0,A01
201300054001,0,7,0,0.0,2.0,1.0,1.0,A01
201300054001,0,7,0,1.0,2.0,7.0,15.0,B01
201300054002,0,30,0,0.0,2.0,1.0,1.0,A01
201300054002,0,13,0,0.0,2.0,5.0,15.0,B01
201300054003,0,32,0,0.0,0.0,0.0,1.0,A01
201300054004,0,33,0,0.0,2.0,8.0,1.0,B01
201300054004,0,7,0,0.0,2.0,2.0,1.0,A01
201300054005,0,7,0,0.0,2.0,6.0,2.0,A01
201300054005,0,13,0,0.0,2.0,1.0,2.0,B01
201300054006,0,7,0,0.0,2.0,7.0,1.0,A01
201300054006,0,31,0,0.0,2.0,8.0,1.0,B01
201300054007,0,7,0,0.0,2.0,3.0,9.0,A01
201300054007,0,32,0,0.0,2.0,1.0,1.0,B01
201300054008,0,10,0,0.0,1.0,2.0,1.0,A01
201300054009,0,7,0,0.0,1.0,3.0,15.0,A01
201300054010,0,7,0,0.0,2.0,8.0,10.0,A01
201300054010,0,30,0,0.0,2.0,1.0,1.0,B01
201300054011,0,7,0,1.0,0.0,1.0,14.0,A01
201300054012,0,7,0,0.0,2.0,1.0,2.0,A01
201300054012,0,34,0,0.0,2.0,4.0,23.0,B01
201300054013,0,7,0,0.0,1.0,7.0,1.0,A01
201300054014,0,37,1,0.0,2.0,0.0,1.0,B01
201300054014,0,30,0,0.0,2.0,1.0,13.0,A01
201300054015,0,7,0,0.0,2.0,2.0,1.0,B01
201300054015,0,34,0,0.0,2.0,1.0,1.0,A01
201300054016,1,10,0,0.0,1.0,0.0,1.0,Z01
201300054017,0,33,0,0.0,2.0,2.0,17.0,A01
201300054017,0,7,0,0.0,2.0,3.0,22.0,B01
201300054018,0,1,0,12.0,0.0,1.0,14.0,A01
201300054019,0,7,0,0.0,2.0,2.0,15.0,B01
201300054019,0,34,0,0.0,2.0,1.0,1.0,A01
201300054020,0,7,0,2.0,0.0,3.0,13.0,A01
201300054021,0,32,0,0.0,2.0,7.0,1.0,B01
201300054021,0,7,0,0.0,2.0,3.0,15.0,A01
201300054022,0,30,0,0.0,2.0,2.0,17.0,B01
201300054022,0,7,0,0.0,2.0,3.0,10.0,A01
201300054023,1,7,0,0.0,2.0,4.0,23.0,Z01
201300054023,0,1,0,0.0,2.0,1.0,1.0,A01
201300054024,0,10,0,0.0,2.0,3.0,15.0,B01
201300054024,0,2,0,0.0,2.0,1.0,17.0,A01
201300054025,0,7,0,0.0,2.0,6.0,1.0,B01
201300054025,0,7,0,0.0,2.0,1.0,1.0,A01
201300054026,0,7,0,0.0,2.0,3.0,1.0,B01
201300054026,0,34,0,0.0,2.0,2.0,13.0,A01
201300054027,0,32,0,14.0,9.0,8.0,1.0,A01
201300054028,0,7,0,0.0,1.0,5.0,15.0,A01
201300054029,0,7,0,0.0,1.0,8.0,1.0,A01
201300054030,0,7,0,0.0,1.0,1.0,1.0,A01
201300054031,0,33,0,0.0,0.0,0.0,1.0,A01
201300054032,0,32,0,0.0,1.0,1.0,1.0,A01
201300054033,1,33,0,0.0,1.0,1.0,1.0,Z01
201300054034,0,7,0,1.0,0.0,1.0,20.0,A01
201300054035,0,33,0,0.0,0.0,2.0,17.0,B01
201300054035,0,10,0,0.0,0.0,0.0,15.0,A01
201300054036,1,7,0,0.0,1.0,0.0,1.0,Z01
201300054037,0,7,0,2.0,2.0,1.0,13.0,A01
201300054037,0,7,0,0.0,2.0,8.0,1.0,B01
201300054038,0,30,0,0.0,2.0,4.0,23.0,B01
201300054038,0,7,0,0.0,2.0,1.0,2.0,A01
201300054039,1,2,0,0.0,2.0,0.0,14.0,Z01
201300054039,0,2,0,0.0,2.0,1.0,1.0,A01
201300054040,0,13,0,0.0,1.0,4.0,4.0,A01
201300054041,0,7,0,0.0,2.0,2.0,16.0,A01
201300054041,0,31,0,0.0,2.0,3.0,7.0,B01
201300054042,0,2,0,0.0,2.0,7.0,16.0,A01
201300054042,0,33,0,0.0,2.0,1.0,1.0,B01
201300054043,0,7,0,1.0,0.0,2.0,1.0,A01
201300054044,0,33,0,0.0,0.0,0.0,1.0,A01
201300054045,0,32,0,0.0,2.0,1.0,1.0,A01
201300054045,0,7,0,0.0,2.0,4.0,23.0,B01
201300054046,0,7,0,0.0,1.0,6.0,20.0,A01
201300054047,0,32,0,0.0,0.0,0.0,21.0,A01
201300054048,0,10,0,0.0,2.0,3.0,1.0,B01
201300054048,0,32,0,0.0,2.0,1.0,17.0,A01
201300054049,0,32,0,5.0,1.0,1.0,1.0,A01
201300054050,0,7,0,0.0,2.0,1.0,5.0,A01
201300054050,0,2,0,0.0,2.0,1.0,1.0,B01
201300054051,0,30,0,7.0,0.0,3.0,13.0,A01
201300054052,0,10,0,0.0,2.0,7.0,16.0,A01
201300054052,0,30,0,0.0,2.0,8.0,1.0,B01
201300054053,0,7,0,0.0,1.0,2.0,1.0,A01
201300054054,0,2,0,0.0,2.0,4.0,13.0,B01
201300054054,0,31,0,0.0,2.0,1.0,1.0,A01
201300054055,0,2,0,0.0,1.0,1.0,1.0,A01
201300054056,0,32,0,0.0,2.0,0.0,21.0,A01
201300054057,0,7,0,0.0,9.0,8.0,1.0,B01
201300054057,0,1,0,0.0,2.0,2.0,16.0,A01
201300054058,1,7,0,0.0,2.0,4.0,2.0,Z01
201300054058,0,33,0,0.0,2.0,1.0,2.0,A01
201300054059,0,7,0,0.0,2.0,8.0,1.0,C01
201300054059,0,7,0,0.0,2.0,1.0,13.0,A01
201300054059,0,10,0,0.0,2.0,3.0,1.0,B01
201300054060,0,33,0,0.0,2.0,1.0,1.0,B01
201300054060,0,7,0,0.0,2.0,2.0,15.0,A01
201300054061,0,7,0,0.0,2.0,4.0,1.0,B01
201300054061,0,2,0,0.0,2.0,1.0,1.0,A01
201300054062,0,32,0,1.0,2.0,1.0,1.0,B01
201300054062,0,7,0,0.0,2.0,2.0,10.0,A01
201300054063,0,7,0,0.0,2.0,1.0,1.0,A01
201300054063,0,7,0,0.0,2.0,4.0,23.0,B01
201300054064,0,7,0,0.0,1.0,8.0,17.0,A01
201300054065,0,7,0,0.0,2.0,3.0,9.0,A01
201300054065,0,30,0,0.0,2.0,2.0,17.0,B01
201300054066,0,32,0,0.0,2.0,1.0,1.0,B01
201300054066,0,7,0,0.0,2.0,2.0,9.0,A01
201300054067,0,33,0,0.0,1.0,1.0,1.0,A01
201300054068,0,7,0,0.0,1.0,2.0,1.0,A01
201300054069,0,1,0,0.0,2.0,1.0,1.0,B01
201300054069,0,10,0,0.0,2.0,8.0,22.0,A01
201300054070,0,1,0,0.0,0.0,0.0,1.0,A01
201300054071,0,7,0,0.0,2.0,1.0,1.0,B01
201300054071,0,10,0,0.0,2.0,0.0,15.0,A01
201300054072,0,32,0,0.0,1.0,1.0,1.0,A01
201300054073,0,7,0,0.0,1.0,1.0,1.0,A01
201300054074,0,7,0,0.0,2.0,5.0,1.0,A01
201300054074,0,32,0,0.0,2.0,1.0,1.0,B01
201300054075,0,7,0,0.0,2.0,5.0,13.0,A01
201300054075,0,7,0,8.0,2.0,3.0,1.0,B01
201300054076,0,7,0,0.0,2.0,1.0,2.0,C01
201300054076,0,7,0,0.0,2.0,9.0,2.0,B01
201300054076,0,7,0,0.0,2.0,4.0,2.0,A01
201300054077,0,7,0,0.0,2.0,2.0,16.0,A01
201300054077,0,30,0,0.0,2.0,4.0,1.0,B01
201300054078,0,30,0,0.0,2.0,4.0,23.0,B01
201300054078,0,7,0,0.0,2.0,1.0,1.0,A01
201300054079,0,7,0,0.0,2.0,3.0,10.0,A01
201300054079,0,31,0,0.0,2.0,1.0,17.0,B01
201300054080,0,7,0,0.0,2.0,3.0,10.0,A01
201300054080,0,32,0,0.0,2.0,1.0,1.0,C01
201300054080,0,33,0,0.0,2.0,2.0,1.0,B01
201300054081,0,33,0,0.0,1.0,1.0,1.0,A01
201300054082,0,7,0,0.0,2.0,2.0,1.0,A01
201300054082,0,31,0,0.0,2.0,1.0,1.0,B01
201300054083,0,7,0,1.0,0.0,2.0,14.0,A01
201300054084,0,7,0,0.0,1.0,4.0,4.0,A01
201300054085,0,7,0,2.0,0.0,1.0,14.0,A01
201300054086,0,7,0,0.0,2.0,3.0,13.0,B01
201300054086,0,33,0,0.0,2.0,2.0,17.0,A01
201300054087,0,7,0,0.0,1.0,2.0,1.0,A01
201300054088,0,7,0,0.0,2.0,6.0,10.0,A01
201300054088,0,33,0,0.0,2.0,1.0,1.0,B01
201300054089,0,1,0,0.0,2.0,0.0,1.0,B01
201300054089,0,1,0,0.0,2.0,0.0,14.0,A01
201300054090,0,7,0,0.0,2.0,1.0,15.0,A01
201300054090,0,32,0,0.0,2.0,8.0,1.0,B01
201300054091,0,10,0,1.0,2.0,1.0,10.0,A01
201300054091,0,33,0,0.0,2.0,1.0,1.0,B01
201300054092,0,33,0,0.0,1.0,1.0,17.0,A01
201300054093,0,7,0,1.0,0.0,2.0,14.0,A01
201300054094,0,32,0,0.0,2.0,2.0,1.0,A01
201300054094,1,1,0,0.0,2.0,0.0,13.0,Z01
201300054095,0,32,0,0.0,2.0,1.0,1.0,B01
201300054095,0,7,0,0.0,2.0,6.0,10.0,A01
201300054096,0,7,0,0.0,1.0,1.0,16.0,A01
201300054097,0,30,0,0.0,0.0,8.0,1.0,A01
201300054098,0,7,0,0.0,1.0,1.0,1.0,A01
201300054099,0,7,0,0.0,2.0,1.0,2.0,A01
201300054099,0,31,0,0.0,2.0,4.0,23.0,B01
201300054100,0,2,0,0.0,1.0,1.0,1.0,A01
201300054101,0,7,0,0.0,2.0,3.0,1.0,B01
201300054101,0,1,0,0.0,2.0,4.0,1.0,A01
201300054102,0,7,0,0.0,1.0,1.0,1.0,A01
201300054103,0,7,0,0.0,2.0,6.0,11.0,A01
201300054103,0,7,0,0.0,2.0,9.0,1.0,B01
201300054104,0,2,0,0.0,2.0,1.0,1.0,B01
201300054104,0,7,0,0.0,2.0,7.0,1.0,A01
201300054105,0,1,0,8.0,0.0,1.0,13.0,A01
201300054106,0,2,0,1.0,0.0,3.0,1.0,A01
201300054107,0,33,0,0.0,2.0,7.0,1.0,B01
201300054107,0,7,0,0.0,2.0,7.0,9.0,A01
201300054108,0,7,0,0.0,2.0,6.0,10.0,A01
201300054108,0,34,0,0.0,2.0,1.0,1.0,B01
201300054109,0,7,0,0.0,1.0,1.0,1.0,A01
201300054110,0,7,0,0.0,2.0,3.0,15.0,B01