Num_Acc,senc,catv,occutc,obs,obsm,choc,manv,num_veh
201300054110,0,30,0,0.0,2.0,7.0,17.0,A01
201300054111,0,13,0,0.0,2.0,4.0,23.0,A01
201300054111,0,1,0,0.0,2.0,1.0,2.0,B01
201300054112,0,7,0,0.0,2.0,8.0,23.0,C01
201300054112,0,33,0,0.0,2.0,8.0,1.0,B01
201300054112,0,7,0,0.0,2.0,6.0,11.0,A01
201300054113,0,7,0,0.0,2.0,4.0,23.0,B01
201300054113,0,7,0,0.0,2.0,1.0,2.0,A01
201300054114,0,7,0,0.0,2.0,1.0,1.0,A01
201300054114,0,7,0,0.0,2.0,3.0,1.0,C01
201300054114,0,32,0,0.0,2.0,4.0,17.0,B01
201300054115,0,34,0,0.0,2.0,6.0,1.0,B01
201300054115,0,7,0,0.0,2.0,2.0,14.0,A01
201300054116,0,10,0,0.0,2.0,8.0,23.0,C01
201300054116,0,7,0,0.0,2.0,5.0,12.0,B01
201300054116,0,34,0,0.0,2.0,3.0,3.0,A01
201300054117,0,7,0,0.0,2.0,4.0,23.0,C01
201300054117,0,7,0,0.0,2.0,4.0,23.0,B01
201300054117,0,7,0,0.0,2.0,1.0,2.0,A01
201300054118,0,33,0,0.0,0.0,7.0,1.0,A01
201300054119,0,7,0,1.0,0.0,3.0,1.0,A01
201300054120,0,7,0,0.0,2.0,1.0,15.0,A01
201300054120,0,30,0,0.0,2.0,8.0,1.0,B01
201300054121,0,7,0,0.0,2.0,6.0,2.0,B01
201300054121,0,10,0,0.0,2.0,1.0,2.0,A01
201300054122,0,2,0,0.0,2.0,3.0,18.0,A01
201300054122,0,7,0,0.0,2.0,2.0,16.0,B01
201300054123,0,10,0,0.0,1.0,2.0,1.0,A01
201300054124,0,7,0,0.0,2.0,2.0,10.0,A01
201300054124,0,31,0,0.0,2.0,1.0,1.0,B01
201300054125,0,7,0,0.0,2.0,5.0,2.0,B01
201300054125,0,33,0,0.0,2.0,7.0,2.0,A01
201300054126,0,10,0,0.0,2.0,1.0,2.0,A01
201300054126,0,7,0,0.0,2.0,4.0,2.0,B01
201300054127,0,7,0,0.0,2.0,7.0,15.0,A01
201300054127,0,33,0,0.0,0.0,1.0,1.0,B01
201300054128,0,2,0,0.0,2.0,1.0,1.0,A01
201300054128,0,7,0,0.0,2.0,6.0,23.0,B01
201300054129,0,7,0,0.0,1.0,1.0,1.0,A01
201300054130,0,30,0,0.0,0.0,1.0,1.0,A01
201300054131,0,7,0,0.0,2.0,4.0,23.0,B01
201300054131,0,7,0,0.0,2.0,1.0,2.0,A01
201300054132,0,7,0,0.0,1.0,8.0,1.0,A01
201300054133,0,7,0,0.0,2.0,6.0,16.0,A01
201300054133,2,7,0,0.0,2.0,3.0,1.0,Z01
201300054134,0,7,0,0.0,1.0,5.0,1.0,A01
201300054135,0,34,0,0.0,2.0,8.0,1.0,B01
201300054135,0,13,0,0.0,2.0,3.0,15.0,A01
201300054136,0,7,0,0.0,1.0,2.0,1.0,A01
201300054137,0,10,0,0.0,2.0,4.0,2.0,B01
201300054137,0,30,0,0.0,2.0,1.0,2.0,A01
201300054138,0,2,0,0.0,2.0,1.0,2.0,A01
201300054138,0,7,0,0.0,2.0,5.0,23.0,B01
201300054139,0,7,0,0.0,2.0,6.0,1.0,B01
201300054139,0,7,0,0.0,2.0,2.0,1.0,A01
201300054140,0,30,0,0.0,2.0,1.0,17.0,A01
201300054140,0,7,0,0.0,2.0,8.0,15.0,B01
201300054141,0,7,0,0.0,1.0,1.0,1.0,A01
201300054142,0,7,0,0.0,2.0,2.0,1.0,A01
201300054142,0,33,0,0.0,2.0,8.0,1.0,B01
201300054143,0,30,0,0.0,2.0,7.0,1.0,B01
201300054143,0,7,0,0.0,2.0,3.0,16.0,A01
201300054144,0,7,0,0.0,2.0,7.0,1.0,A01
201300054144,0,30,0,0.0,2.0,8.0,1.0,B01
201300054145,0,7,0,0.0,2.0,0.0,22.0,A01
201300054145,0,1,0,0.0,2.0,7.0,1.0,B01
201300054146,0,10,0,0.0,2.0,5.0,15.0,B01
201300054146,0,34,0,0.0,2.0,1.0,17.0,A01
201300054147,0,1,0,0.0,0.0,3.0,1.0,A01
201300054148,0,7,0,0.0,1.0,1.0,15.0,A01
201300054149,0,7,0,0.0,2.0,2.0,16.0,A01
201300054149,0,31,0,0.0,2.0,8.0,1.0,B01
201300054150,0,33,0,0.0,2.0,1.0,2.0,A01
201300054150,0,7,0,0.0,2.0,5.0,2.0,B01
201300054151,0,34,0,0.0,2.0,2.0,17.0,B01
201300054151,0,7,0,0.0,2.0,3.0,11.0,A01
201300054152,0,7,0,0.0,2.0,1.0,1.0,A01
201300054152,0,30,0,0.0,2.0,8.0,19.0,B01
201300054153,0,32,0,0.0,2.0,1.0,1.0,A01
201300054153,0,7,0,6.0,2.0,6.0,1.0,B01
201300054154,0,7,0,0.0,1.0,1.0,1.0,A01
201300054155,0,30,0,0.0,2.0,2.0,17.0,A01
201300054155,0,7,0,0.0,2.0,3.0,13.0,B01
201300054156,0,7,0,0.0,2.0,2.0,15.0,A01
201300054156,0,32,0,0.0,2.0,1.0,1.0,B01
201300054157,0,30,0,0.0,0.0,0.0,1.0,A01
201300054158,0,7,0,0.0,1.0,1.0,1.0,A01
201300054159,0,33,0,0.0,2.0,0.0,1.0,A01
201300054159,0,34,0,0.0,2.0,0.0,18.0,B01
201300054160,0,1,0,0.0,5.0,7.0,1.0,A01
201300054161,0,31,0,0.0,2.0,2.0,18.0,A01
201300054161,0,31,0,0.0,2.0,8.0,16.0,B01
201300054162,0,2,0,14.0,0.0,1.0,1.0,A01
201300054163,1,7,0,0.0,1.0,3.0,1.0,Z01
201300054164,0,7,0,0.0,1.0,1.0,1.0,A01
201300054165,0,7,0,0.0,1.0,0.0,15.0,A01
201300054166,0,32,0,0.0,1.0,1.0,15.0,A01
201300054167,0,33,0,0.0,1.0,2.0,17.0,A01
201300054168,0,30,0,0.0,0.0,8.0,1.0,A01
201300054169,0,7,0,0.0,0.0,0.0,13.0,A01
201300054169,0,30,0,0.0,2.0,1.0,17.0,B01
201300054170,0,7,0,0.0,2.0,5.0,23.0,B01
201300054170,0,7,0,8.0,0.0,1.0,1.0,A01
201300054171,0,32,0,0.0,0.0,0.0,1.0,A01
201300054172,1,7,0,0.0,1.0,0.0,1.0,Z01
201300054173,0,7,0,0.0,2.0,1.0,1.0,A01
201300054173,0,1,0,0.0,2.0,4.0,1.0,B01
201300054174,0,7,0,1.0,0.0,2.0,1.0,A01
201300054175,0,10,0,0.0,1.0,5.0,17.0,A01
201300054176,0,30,0,0.0,2.0,1.0,17.0,B01
201300054176,0,7,0,0.0,2.0,8.0,13.0,A01
201300054177,0,33,0,0.0,2.0,1.0,1.0,A01
201300054177,0,7,0,0.0,0.0,4.0,23.0,B01
201300054178,0,30,0,0.0,2.0,2.0,17.0,A01
201300054178,0,10,0,0.0,2.0,3.0,13.0,B01
201300054179,0,32,0,0.0,0.0,0.0,1.0,A01
201300054180,0,32,0,0.0,0.0,8.0,1.0,A01
201300054181,0,33,0,0.0,0.0,1.0,1.0,A01
201300054181,0,7,0,0.0,2.0,4.0,23.0,C01
201300054181,0,1,0,0.0,2.0,1.0,1.0,B01
201300054182,0,34,0,0.0,2.0,1.0,17.0,A01
201300054182,0,13,0,0.0,2.0,2.0,15.0,B01
201300054183,0,7,0,0.0,2.0,3.0,15.0,B01
201300054183,0,30,0,0.0,2.0,2.0,17.0,A01
201300054184,0,7,0,0.0,2.0,8.0,9.0,A01
201300054184,0,33,0,0.0,2.0,7.0,17.0,B01
201300054184,0,7,0,0.0,2.0,6.0,23.0,C01
201300054185,0,1,0,0.0,1.0,4.0,1.0,A01
201300054186,0,32,0,12.0,0.0,1.0,1.0,A01
201300054187,0,7,0,1.0,0.0,1.0,1.0,A01
201300054188,0,30,0,0.0,2.0,3.0,18.0,A01
201300054188,0,7,0,0.0,2.0,7.0,22.0,B01
201300054189,0,7,0,0.0,2.0,6.0,15.0,A01
201300054189,0,33,0,0.0,2.0,7.0,1.0,B01
201300054190,1,7,0,0.0,2.0,0.0,5.0,Z01
201300054190,0,7,0,0.0,2.0,1.0,1.0,A01
201300054191,0,7,0,0.0,2.0,7.0,16.0,A01
201300054191,0,30,0,0.0,2.0,1.0,1.0,B01
201300054192,0,7,0,0.0,2.0,3.0,15.0,B01
201300054192,0,33,0,0.0,2.0,2.0,17.0,A01
201300054193,0,7,0,0.0,2.0,4.0,23.0,B01
201300054193,0,7,0,0.0,2.0,1.0,2.0,A01
201300054194,0,32,0,0.0,1.0,1.0,1.0,A01
201300054195,0,7,0,0.0,2.0,4.0,15.0,B01
201300054195,0,7,0,0.0,2.0,1.0,2.0,A01
201300054196,0,7,0,0.0,2.0,1.0,1.0,B01
201300054196,0,7,0,0.0,2.0,1.0,1.0,A01
201300054197,0,32,0,0.0,2.0,1.0,1.0,A01
201300054197,0,7,0,0.0,2.0,3.0,15.0,B01
201300054198,0,7,0,0.0,2.0,3.0,22.0,A01
201300054198,0,1,0,0.0,2.0,1.0,1.0,B01
201300054199,0,30,0,0.0,2.0,6.0,2.0,A01
201300054199,0,7,0,0.0,2.0,6.0,23.0,B01
201300054200,0,7,0,0.0,2.0,4.0,23.0,D01
201300054200,0,7,0,1.0,2.0,4.0,23.0,C01
201300054200,0,7,0,1.0,2.0,1.0,9.0,A01
201300054200,0,7,0,0.0,2.0,2.0,1.0,B01
201300054201,0,32,0,0.0,2.0,8.0,1.0,A01
201300054201,1,13,0,0.0,2.0,0.0,13.0,Z01
201300054202,0,7,0,0.0,2.0,3.0,9.0,A01
201300054202,0,1,0,0.0,2.0,8.0,1.0,B01
201300054203,0,7,0,0.0,2.0,2.0,15.0,A01
201300054203,0,33,0,0.0,2.0,1.0,1.0,B01
201300054204,0,1,0,0.0,1.0,1.0,1.0,A01
201300054205,0,30,0,8.0,0.0,1.0,15.0,A01
201300054206,0,7,0,0.0,2.0,4.0,23.0,B01
201300054206,0,7,0,0.0,2.0,4.0,23.0,C01
201300054206,0,7,0,0.0,2.0,4.0,23.0,D01
201300054206,0,7,0,0.0,2.0,1.0,2.0,A01
201300054207,0,7,0,0.0,2.0,2.0,2.0,A01
201300054207,0,7,0,0.0,2.0,6.0,23.0,B01
201300054207,0,7,0,0.0,2.0,6.0,23.0,C01
201300054208,1,31,0,0.0,2.0,2.0,17.0,Z01
201300054208,0,1,0,0.0,2.0,8.0,1.0,A01
201300054209,0,30,0,0.0,2.0,1.0,1.0,A01
201300054209,0,7,0,0.0,2.0,6.0,10.0,B01
201300054210,0,30,0,14.0,0.0,2.0,1.0,A01
201300054211,0,7,0,0.0,2.0,7.0,1.0,A01
201300054211,0,37,0,0.0,2.0,3.0,1.0,B01
201300054212,0,31,0,0.0,2.0,8.0,1.0,B01
201300054212,0,7,0,0.0,2.0,3.0,15.0,A01
201300054213,0,10,0,0.0,2.0,3.0,15.0,A01
201300054213,0,33,0,0.0,2.0,1.0,1.0,B01
201300054214,0,7,0,0.0,2.0,8.0,15.0,A01
201300054214,0,2,0,0.0,2.0,1.0,7.0,B01
201300054215,0,7,0,0.0,2.0,2.0,15.0,A01
201300054215,0,30,0,0.0,2.0,1.0,1.0,B01
201300054216,0,1,0,0.0,9.0,1.0,1.0,A01
201300054216,0,1,0,0.0,9.0,4.0,1.0,B01
201300054217,0,30,0,0.0,2.0,1.0,1.0,A01
201300054217,1,7,0,0.0,2.0,3.0,10.0,Z01
201300054218,0,7,0,0.0,1.0,2.0,1.0,A01
201300054219,0,7,0,0.0,1.0,1.0,15.0,A01
201300054220,0,32,0,0.0,0.0,8.0,1.0,A01
201300054221,0,1,0,0.0,2.0,4.0,7.0,B01
201300054221,0,7,0,0.0,2.0,2.0,17.0,A01
201300054222,0,32,0,0.0,2.0,1.0,1.0,A01
201300054222,0,7,0,0.0,0.0,5.0,23.0,B01
201300054223,0,7,0,1.0,0.0,1.0,1.0,A01
201300054224,0,34,0,1.0,2.0,2.0,17.0,B01
201300054224,0,10,0,0.0,0.0,8.0,15.0,A01
201300054225,0,7,0,1.0,0.0,2.0,14.0,A01
201300054226,0,30,0,15.0,0.0,2.0,14.0,A01
201300054227,0,33,0,0.0,0.0,0.0,1.0,A01
201300054228,0,30,0,0.0,2.0,0.0,15.0,A01
201300054228,0,7,0,0.0,2.0,1.0,1.0,B01
201300054229,0,33,0,0.0,2.0,3.0,12.0,B01
201300054229,0,7,0,0.0,2.0,2.0,1.0,A01
201300054230,0,30,0,12.0,0.0,7.0,14.0,A01
201300054231,0,2,0,1.0,2.0,7.0,17.0,A01
201300054231,0,7,0,0.0,2.0,3.0,15.0,B01
201300054232,0,7,0,0.0,2.0,7.0,17.0,A01
201300054232,0,10,0,2.0,2.0,5.0,1.0,C01
201300054232,0,7,0,1.0,2.0,8.0,1.0,B01
201300054233,0,7,0,0.0,2.0,8.0,1.0,A01
201300054233,0,7,0,0.0,2.0,1.0,1.0,B01
201300054234,0,7,0,0.0,2.0,2.0,2.0,A01
201300054234,0,14,0,0.0,2.0,6.0,23.0,B01
201300054235,0,1,0,0.0,2.0,4.0,2.0,B01
201300054235,0,7,0,0.0,2.0,8.0,2.0,A01
201300054236,0,30,0,0.0,2.0,2.0,17.0,B01
201300054236,0,7,0,0.0,2.0,8.0,15.0,A01
201300054237,0,34,0,0.0,2.0,4.0,1.0,B01
201300054237,0,7,0,0.0,2.0,3.0,1.0,A01
201300054238,0,1,0,0.0,2.0,0.0,2.0,A01
201300054238,0,1,0,0.0,2.0,2.0,2.0,B01
201300054239,0,34,0,0.0,0.0,8.0,1.0,A01
201300054240,0,7,0,0.0,2.0,7.0,1.0,B01
201300054240,0,1,0,0.0,2.0,3.0,13.0,A01
201300054241,0,1,0,0.0,2.0,1.0,1.0,A01
201300054241,0,1,0,0.0,2.0,1.0,1.0,B01
201300054241,0,1,0,0.0,2.0,4.0,1.0,C01
201300054242,1,10,0,0.0,2.0,5.0,23.0,B01
201300054242,1,10,0,0.0,2.0,0.0,13.0,Z01
201300054242,0,33,0,0.0,2.0,0.0,1.0,A01
201300054243,1,7,0,0.0,1.0,1.0,1.0,Z01
201300054244,2,7,0,0.0,2.0,2.0,12.0,Z01
201300054244,0,7,0,9.0,2.0,9.0,1.0,A01
201300054245,0,7,0,5.0,0.0,6.0,23.0,B01
201300054245,0,10,0,0.0,2.0,2.0,1.0,A01
201300054246,0,32,0,0.0,0.0,8.0,1.0,A01
201300054247,0,1,0,0.0,0.0,0.0,1.0,A01
201300054248,0,7,0,0.0,0.0,4.0,1.0,B01
201300054248,0,33,0,0.0,2.0,0.0,1.0,A01
201300054249,0,7,0,0.0,1.0,2.0,15.0,A01
201300054250,0,30,0,0.0,0.0,7.0,1.0,A01
201300054251,0,1,0,0.0,5.0,1.0,1.0,A01
201300054252,0,7,0,0.0,2.0,2.0,1.0,B01
201300054252,0,32,0,0.0,2.0,1.0,15.0,A01
201300054253,0,7,0,0.0,2.0,2.0,12.0,A01
201300054253,0,33,0,0.0,2.0,3.0,3.0,B01
201300054254,0,7,0,0.0,1.0,4.0,4.0,A01
201300054255,0,34,0,0.0,2.0,1.0,5.0,A01
201300054255,0,7,0,0.0,0.0,3.0,15.0,B01
201300054256,0,7,0,0.0,0.0,5.0,1.0,B01
201300054256,0,7,0,0.0,2.0,1.0,1.0,A01
201300054257,0,1,0,0.0,0.0,0.0,1.0,A01
201300054258,0,7,0,0.0,1.0,1.0,1.0,A01
201300054259,0,7,0,0.0,1.0,1.0,15.0,A01
201300054260,0,7,0,0.0,1.0,2.0,1.0,A01
201300054261,0,7,0,0.0,2.0,3.0,22.0,A01
201300054261,0,1,0,0.0,2.0,1.0,1.0,B01
201300054262,0,30,0,0.0,1.0,1.0,17.0,A01
201300054263,0,1,0,0.0,0.0,0.0,1.0,A01
201300054264,0,7,0,0.0,1.0,1.0,1.0,A01
201300054265,0,7,0,0.0,1.0,0.0,4.0,A01
201300054266,0,30,0,0.0,2.0,1.0,1.0,B01
201300054266,0,7,0,0.0,2.0,8.0,22.0,A01
201300054267,0,1,0,0.0,1.0,1.0,1.0,A01
201300054268,0,33,0,0.0,2.0,1.0,2.0,A01
201300054268,0,10,0,0.0,2.0,4.0,2.0,B01
201300054269,0,32,0,0.0,2.0,8.0,1.0,B01
201300054269,0,7,0,0.0,2.0,3.0,1.0,A01
201300054270,0,32,0,0.0,0.0,8.0,1.0,A01
201300054271,0,32,0,0.0,0.0,8.0,1.0,A01
201300054272,0,7,0,0.0,1.0,1.0,15.0,A01
201300054273,0,32,0,0.0,2.0,8.0,13.0,A01
201300054273,0,7,0,0.0,2.0,0.0,1.0,B01
201300054274,0,31,0,0.0,0.0,0.0,1.0,A01
201300054275,0,7,0,0.0,0.0,6.0,9.0,A01
201300054275,0,1,0,0.0,2.0,1.0,1.0,B01
201300054276,0,34,0,0.0,0.0,8.0,21.0,A01
201300054277,0,32,0,0.0,0.0,0.0,1.0,A01
201300054278,0,7,0,0.0,1.0,3.0,1.0,A01
201300054279,1,7,0,0.0,2.0,6.0,13.0,Z01
201300054279,0,30,0,0.0,2.0,2.0,17.0,A01
201300054280,0,33,0,14.0,0.0,2.0,14.0,A01
201300054281,1,7,0,0.0,1.0,2.0,1.0,Z01
201300054282,0,32,0,0.0,2.0,1.0,1.0,B01
201300054282,0,7,0,0.0,2.0,2.0,9.0,A01
201300054283,0,32,0,0.0,2.0,7.0,1.0,A01
201300054283,1,7,0,0.0,2.0,0.0,11.0,Z01
201300054284,1,7,0,0.0,0.0,6.0,23.0,Z01
201300054284,0,2,0,0.0,2.0,1.0,1.0,A01
201300054285,1,7,0,0.0,1.0,1.0,1.0,Z01
201300054286,0,7,0,2.0,2.0,3.0,2.0,A01
201300054286,0,7,0,0.0,2.0,5.0,23.0,B01
201300054287,0,30,0,0.0,0.0,0.0,1.0,A01
201300054288,0,7,0,0.0,2.0,3.0,10.0,A01
201300054288,0,33,0,0.0,2.0,2.0,17.0,B01
201300054289,1,1,0,0.0,1.0,0.0,1.0,Z01
201300054290,0,7,0,0.0,1.0,2.0,1.0,A01
201300054291,0,7,0,0.0,2.0,5.0,2.0,B01
201300054291,0,7,0,0.0,2.0,3.0,1.0,D01
201300054291,0,7,0,0.0,2.0,1.0,2.0,A01
201300054291,0,7,0,0.0,2.0,3.0,2.0,E01
201300054291,0,7,0,0.0,0.0,6.0,23.0,C01
201300054292,0,7,0,0.0,1.0,2.0,1.0,A01
201300054293,0,7,0,0.0,2.0,5.0,13.0,A01
201300054293,0,32,0,0.0,2.0,1.0,1.0,B01
201300054294,0,32,0,0.0,0.0,7.0,1.0,A01
201300054295,0,7,0,0.0,1.0,1.0,1.0,A01
201300054296,0,7,0,0.0,2.0,7.0,12.0,A01
201300054296,0,32,0,0.0,2.0,8.0,1.0,B01
201300054297,0,7,0,0.0,2.0,3.0,11.0,A01
201300054297,0,7,0,0.0,2.0,3.0,13.0,B01
201300054297,0,33,0,0.0,2.0,7.0,1.0,C01
201300054298,0,1,0,0.0,1.0,7.0,1.0,A01
201300054299,0,1,0,0.0,2.0,1.0,2.0,A01
201300054299,0,1,0,0.0,2.0,4.0,23.0,B01
201300054300,0,10,0,0.0,2.0,3.0,1.0,B01
201300054300,0,7,0,0.0,2.0,2.0,1.0,A01
201300054301,0,30,0,0.0,0.0,8.0,1.0,A01
201300054302,0,7,0,0.0,2.0,8.0,22.0,A01
201300054302,0,1,0,0.0,2.0,2.0,1.0,B01
201300054303,0,7,0,0.0,2.0,6.0,10.0,B01
201300054303,0,2,0,0.0,2.0,1.0,1.0,A01
201300054304,0,7,0,0.0,2.0,6.0,10.0,A01
201300054304,0,33,0,0.0,2.0,1.0,1.0,B01
201300054305,0,7,0,0.0,2.0,1.0,2.0,C01
201300054305,0,7,0,0.0,2.0,9.0,2.0,B01
201300054305,0,7,0,0.0,2.0,4.0,2.0,A01
201300054306,0,7,0,0.0,2.0,3.0,15.0,A01
201300054306,0,33,0,0.0,2.0,1.0,17.0,B01
201300054307,0,1,0,0.0,2.0,1.0,1.0,B01
201300054307,0,10,0,0.0,2.0,2.0,16.0,A01
201300054308,0,7,0,0.0,2.0,1.0,15.0,A01
201300054308,0,32,0,0.0,2.0,8.0,1.0,B01
201300054309,0,7,0,0.0,1.0,2.0,1.0,A01
201300054310,0,7,0,0.0,1.0,1.0,9.0,A01
201300054311,0,7,0,0.0,1.0,1.0,1.0,A01
201300054312,0,1,0,0.0,0.0,0.0,0.0,A01
201300054313,0,34,0,0.0,2.0,2.0,17.0,B01
201300054313,0,7,0,0.0,0.0,3.0,10.0,A01
201300054314,0,7,0,15.0,0.0,1.0,15.0,A01
201300054315,0,30,0,0.0,2.0,1.0,2.0,A01
201300054315,0,7,0,0.0,2.0,4.0,23.0,B01
201300054316,0,32,0,0.0,2.0,3.0,2.0,A01
201300054316,1,10,0,0.0,2.0,1.0,2.0,Z01
201300054317,0,10,0,0.0,2.0,5.0,2.0,B01
201300054317,0,7,0,0.0,2.0,1.0,2.0,A01
201300054318,0,15,0,0.0,2.0,7.0,12.0,A01
201300054318,0,7,0,0.0,2.0,8.0,1.0,B01
201300054319,0,30,0,14.0,0.0,0.0,1.0,A01
201300054320,0,10,0,0.0,2.0,5.0,12.0,B01
201300054320,0,30,0,0.0,2.0,1.0,18.0,A01
201300054321,0,7,0,1.0,0.0,1.0,14.0,A01
201300054322,0,31,0,0.0,2.0,7.0,1.0,B01
201300054322,0,7,0,0.0,2.0,8.0,1.0,A01
201300054323,0,2,0,1.0,0.0,2.0,1.0,A01
201300054323,0,7,0,0.0,0.0,8.0,22.0,B01
201300054324,0,7,0,0.0,1.0,2.0,15.0,A01
201300054325,0,2,0,0.0,0.0,4.0,1.0,A01
201300054326,0,37,1,0.0,2.0,1.0,2.0,A01
201300054326,0,32,0,0.0,2.0,4.0,23.0,B01
201300054327,0,1,0,1.0,0.0,3.0,1.0,B01
201300054327,0,7,0,0.0,9.0,3.0,22.0,A01
201300054328,0,7,0,0.0,2.0,2.0,9.0,B01
201300054328,0,31,0,0.0,2.0,1.0,17.0,A01
201300054329,0,7,0,1.0,0.0,7.0,1.0,A01
201300054329,0,7,0,1.0,2.0,8.0,22.0,B01
201300054330,0,7,0,0.0,0.0,3.0,10.0,A01
201300054330,0,34,0,0.0,2.0,1.0,1.0,B01
201300054331,0,7,0,0.0,2.0,2.0,10.0,A01
201300054331,0,33,0,0.0,2.0,1.0,1.0,B01
201300054332,1,13,0,0.0,1.0,0.0,16.0,Z01
201300054333,0,7,0,0.0,2.0,6.0,11.0,A01
201300054333,0,34,0,0.0,2.0,2.0,3.0,B01
201300054334,0,33,0,0.0,1.0,1.0,7.0,A01
201300054335,0,7,0,1.0,2.0,5.0,1.0,C01
201300054335,0,7,0,0.0,2.0,7.0,12.0,B01
201300054335,0,34,0,0.0,2.0,8.0,3.0,A01
201300054336,0,1,0,1.0,0.0,1.0,1.0,A01
201300054337,0,34,0,0.0,0.0,2.0,1.0,A01
201300054338,0,7,0,0.0,9.0,8.0,22.0,A01
201300054338,0,1,0,1.0,0.0,2.0,1.0,B01
201300054339,0,7,0,1.0,2.0,3.0,16.0,A01
201300054339,0,7,0,1.0,2.0,2.0,1.0,B01
201300054340,0,7,0,0.0,2.0,2.0,23.0,B01
201300054340,0,31,0,0.0,2.0,1.0,21.0,A01
201300054341,0,10,0,0.0,1.0,3.0,15.0,A01
201300054342,0,7,0,0.0,1.0,4.0,4.0,A01
201300054343,0,34,0,0.0,2.0,1.0,1.0,A01
201300054343,0,2,0,0.0,2.0,4.0,1.0,B01
201300054344,0,1,0,0.0,0.0,1.0,1.0,A01
201300054345,0,7,0,0.0,1.0,1.0,1.0,A01
201300054346,1,33,0,0.0,1.0,1.0,16.0,Z01
201300054347,0,33,0,0.0,2.0,7.0,1.0,A01
201300054347,0,7,0,0.0,2.0,1.0,1.0,B01
201300054348,0,7,0,0.0,2.0,6.0,1.0,C01
201300054348,0,7,0,15.0,2.0,1.0,13.0,A01
201300054348,0,7,0,8.0,2.0,1.0,23.0,B01
201300054349,0,7,0,0.0,2.0,7.0,16.0,B01
201300054349,0,31,0,0.0,2.0,8.0,18.0,A01
201300054350,0,7,0,0.0,1.0,8.0,15.0,A01
201300054351,0,32,0,0.0,2.0,7.0,17.0,A01
201300054351,0,7,0,0.0,2.0,3.0,10.0,B01
201300054352,0,7,0,0.0,2.0,1.0,15.0,A01
201300054352,0,1,0,0.0,2.0,4.0,1.0,B01
201300054353,0,31,0,0.0,2.0,1.0,1.0,A01
201300054353,1,7,0,0.0,0.0,0.0,1.0,Z01
201300054354,0,30,0,0.0,2.0,8.0,1.0,B01
201300054354,0,7,0,0.0,2.0,7.0,12.0,A01
201300054355,0,1,0,0.0,2.0,1.0,2.0,A01
201300054355,0,1,0,0.0,2.0,0.0,2.0,B01
201300054355,0,1,0,0.0,2.0,0.0,2.0,C01
201300054356,0,37,0,0.0,2.0,1.0,23.0,B01
201300054356,0,7,0,0.0,2.0,1.0,13.0,A01
201300054357,1,7,0,0.0,1.0,0.0,16.0,Z01
201300054358,0,7,0,0.0,2.0,8.0,15.0,A01
201300054358,0,2,0,0.0,2.0,1.0,1.0,B01
201300054359,0,7,0,0.0,1.0,3.0,1.0,A01
201300054360,0,7,0,0.0,1.0,3.0,1.0,A01
201300054361,0,34,0,8.0,2.0,1.0,17.0,B01
201300054361,0,7,0,0.0,2.0,0.0,15.0,A01
201300054362,0,7,0,0.0,0.0,5.0,1.0,A01
201300054362,0,30,0,0.0,0.0,0.0,1.0,B01
201300054363,0,33,0,0.0,2.0,1.0,1.0,B01
201300054363,0,7,0,0.0,2.0,5.0,15.0,A01
201300054364,1,7,0,0.0,1.0,3.0,1.0,Z01
201300054365,0,7,0,0.0,2.0,2.0,1.0,A01
201300054365,0,7,0,0.0,2.0,3.0,1.0,C01
201300054365,0,7,0,0.0,2.0,6.0,18.0,B01
201300054366,0,30,0,0.0,2.0,1.0,1.0,A01
201300054366,0,10,0,0.0,2.0,8.0,15.0,B01
201300054367,1,10,0,0.0,2.0,0.0,15.0,Z01
201300054367,0,30,0,0.0,2.0,3.0,1.0,A01
201300054368,1,7,0,0.0,2.0,0.0,14.0,Z01
201300054368,0,32,0,0.0,2.0,3.0,1.0,A01
201300054369,0,32,0,0.0,2.0,0.0,1.0,B01
201300054369,0,7,0,0.0,2.0,0.0,10.0,A01
201300054370,0,7,0,0.0,1.0,2.0,1.0,A01
201300054371,0,7,0,0.0,2.0,5.0,1.0,A01
201300054371,0,7,0,0.0,0.0,3.0,16.0,B01
201300054372,0,7,0,0.0,0.0,8.0,1.0,B01
201300054372,0,2,0,0.0,2.0,1.0,16.0,A01
201300054373,0,32,0,0.0,0.0,0.0,1.0,A01
201300054374,0,7,0,0.0,1.0,4.0,20.0,A01
201300054375,0,7,0,0.0,2.0,4.0,23.0,B01
201300054375,0,7,0,0.0,2.0,1.0,2.0,A01
201300054376,0,7,0,0.0,1.0,3.0,15.0,A01
201300054377,0,10,0,0.0,1.0,6.0,4.0,A01
201300054378,0,7,0,0.0,1.0,5.0,1.0,A01
201300054379,0,7,0,12.0,0.0,3.0,13.0,A01
201300054380,0,32,0,0.0,2.0,2.0,1.0,B01
201300054380,0,7,0,0.0,2.0,3.0,9.0,A01
201300054381,0,7,0,6.0,0.0,3.0,1.0,A01
201300054382,0,32,0,0.0,0.0,8.0,1.0,A01
201300054383,0,7,0,0.0,2.0,5.0,11.0,A01
201300054383,0,30,0,0.0,2.0,1.0,1.0,B01
201300054384,0,7,0,0.0,2.0,6.0,15.0,A01
201300054384,0,32,0,0.0,2.0,2.0,17.0,B01