Num_Acc,senc,catv,occutc,obs,obsm,choc,manv,num_veh
201300054667,0,7,0,0.0,2.0,3.0,1.0,A01
201300054668,0,30,0,0.0,2.0,1.0,1.0,A01
201300054668,0,7,0,0.0,2.0,3.0,1.0,B01
201300054669,0,33,0,0.0,2.0,3.0,1.0,B01
201300054669,0,7,0,0.0,2.0,2.0,15.0,A01
201300054670,0,30,0,1.0,0.0,0.0,21.0,A01
201300054671,0,7,0,0.0,1.0,3.0,1.0,A01
201300054672,0,10,0,0.0,1.0,4.0,4.0,A01
201300054673,0,1,0,0.0,2.0,1.0,9.0,A01
201300054673,0,7,0,0.0,2.0,6.0,1.0,B01
201300054674,0,3,0,0.0,2.0,1.0,1.0,A01
201300054674,0,30,0,0.0,0.0,4.0,23.0,B01
201300054675,0,30,0,0.0,1.0,1.0,1.0,A01
201300054676,0,34,0,0.0,2.0,3.0,13.0,A01
201300054676,0,7,0,0.0,2.0,5.0,1.0,B01
201300054677,0,31,0,0.0,2.0,7.0,1.0,A01
201300054677,0,7,0,0.0,2.0,8.0,22.0,B01
201300054678,0,33,0,0.0,2.0,6.0,15.0,B01
201300054678,0,7,0,0.0,2.0,6.0,2.0,A01
201300054679,0,32,0,0.0,2.0,2.0,15.0,B01
201300054679,0,7,0,0.0,2.0,3.0,13.0,A01
201300054680,0,30,0,0.0,1.0,1.0,5.0,A01
201300054681,0,7,0,0.0,2.0,1.0,15.0,A01
201300054681,0,31,0,0.0,2.0,3.0,1.0,B01
201300054682,0,10,0,0.0,1.0,4.0,4.0,A01
201300054683,1,30,0,0.0,1.0,0.0,1.0,Z01
201300054684,0,33,0,0.0,2.0,0.0,1.0,C01
201300054684,0,2,0,0.0,2.0,0.0,1.0,B01
201300054684,0,33,0,0.0,2.0,0.0,13.0,A01
201300054685,0,7,0,0.0,1.0,2.0,1.0,A01
201300054686,0,7,0,0.0,2.0,4.0,2.0,A01
201300054686,0,7,0,0.0,2.0,0.0,23.0,B01
201300054687,0,7,0,0.0,2.0,3.0,22.0,A01
201300054687,0,1,0,0.0,2.0,3.0,1.0,B01
201300054688,0,7,0,0.0,0.0,5.0,1.0,A01
201300054688,0,7,0,0.0,2.0,2.0,1.0,B01
201300054689,0,7,0,1.0,0.0,2.0,1.0,A01
201300054689,0,37,75,0.0,2.0,3.0,23.0,B01
201300054690,0,7,0,0.0,2.0,3.0,15.0,A01
201300054690,0,30,0,0.0,2.0,2.0,17.0,B01
201300054691,0,7,0,0.0,2.0,4.0,4.0,B01
201300054691,0,31,0,0.0,2.0,1.0,1.0,A01
201300054692,0,32,0,0.0,1.0,3.0,1.0,A01
201300054693,0,7,0,0.0,1.0,2.0,15.0,A01
201300054694,0,7,0,0.0,1.0,3.0,1.0,A01
201300054695,0,32,0,0.0,2.0,1.0,1.0,A01
201300054695,0,7,0,0.0,0.0,4.0,23.0,B01
201300054696,0,10,0,0.0,1.0,1.0,15.0,A01
201300054697,0,7,0,0.0,1.0,2.0,1.0,A01
201300054698,0,7,0,0.0,2.0,6.0,23.0,B01
201300054698,0,2,0,0.0,2.0,2.0,2.0,A01
201300054699,0,7,0,0.0,2.0,7.0,15.0,A01
201300054699,0,32,0,0.0,2.0,1.0,1.0,B01
201300054700,0,7,0,9.0,0.0,3.0,13.0,A01
201300054701,0,7,0,0.0,2.0,3.0,15.0,B01
201300054701,0,31,0,0.0,2.0,1.0,5.0,A01
201300054702,1,7,0,0.0,2.0,0.0,13.0,Z01
201300054702,0,32,0,0.0,2.0,7.0,17.0,A01
201300054703,0,7,0,0.0,1.0,4.0,4.0,A01
201300054704,0,37,1,0.0,1.0,0.0,7.0,A01
201300054705,0,7,0,0.0,2.0,3.0,15.0,A01
201300054705,0,32,0,0.0,2.0,0.0,1.0,B01
201300054706,0,7,0,0.0,1.0,6.0,20.0,A01
201300054707,0,31,0,0.0,2.0,1.0,0.0,B01
201300054707,0,7,0,0.0,2.0,2.0,10.0,A01
201300054708,0,31,0,0.0,2.0,7.0,21.0,A01
201300054709,0,7,0,8.0,2.0,5.0,1.0,A01
201300054709,0,7,0,0.0,2.0,1.0,1.0,B01
201300054710,0,30,0,0.0,2.0,5.0,1.0,B01
201300054710,0,32,0,0.0,2.0,1.0,1.0,A01
201300054711,0,2,0,0.0,1.0,1.0,1.0,A01
201300054712,0,30,0,0.0,0.0,7.0,1.0,A01
201300054713,0,32,0,1.0,2.0,1.0,18.0,A01
201300054713,0,10,0,0.0,2.0,5.0,16.0,B01
201300054714,0,30,0,0.0,0.0,8.0,1.0,A01
201300054715,0,32,0,0.0,0.0,6.0,11.0,A01
201300054715,0,34,0,0.0,0.0,1.0,1.0,B01
201300054716,0,1,0,0.0,2.0,8.0,7.0,B01
201300054716,0,14,0,0.0,2.0,7.0,16.0,A01
201300054717,0,7,0,1.0,0.0,0.0,14.0,A01
201300054718,0,37,10,0.0,2.0,3.0,7.0,A01
201300054718,0,7,0,0.0,2.0,2.0,15.0,B01
201300054719,0,7,0,0.0,1.0,1.0,1.0,A01
201300054720,0,31,0,14.0,2.0,1.0,13.0,A01
201300054720,0,7,0,0.0,2.0,8.0,1.0,B01
201300054721,0,7,0,0.0,2.0,2.0,15.0,B01
201300054721,0,2,0,0.0,2.0,2.0,1.0,A01
201300054722,0,33,0,0.0,0.0,0.0,1.0,A01
201300054723,0,7,0,0.0,2.0,3.0,15.0,A01
201300054723,0,31,0,0.0,2.0,5.0,3.0,B01
201300054724,0,7,0,0.0,2.0,4.0,23.0,C01
201300054724,0,7,0,0.0,2.0,1.0,2.0,A01
201300054724,0,7,0,0.0,2.0,4.0,23.0,B01
201300054725,0,7,0,0.0,2.0,7.0,1.0,A01
201300054725,0,7,0,0.0,2.0,1.0,1.0,B01
201300054726,0,32,0,0.0,2.0,3.0,18.0,A01
201300054726,0,7,0,0.0,2.0,5.0,16.0,B01
201300054727,1,32,0,0.0,2.0,1.0,1.0,A01
201300054727,0,1,0,0.0,2.0,8.0,19.0,B01
201300054728,0,2,0,0.0,0.0,0.0,1.0,A01
201300054729,0,31,0,0.0,0.0,2.0,17.0,B01
201300054729,0,7,0,0.0,0.0,8.0,15.0,A01
201300054730,0,7,0,0.0,2.0,9.0,23.0,B01
201300054730,0,7,0,0.0,0.0,4.0,23.0,C01
201300054730,0,7,0,0.0,2.0,1.0,1.0,A01
201300054731,0,33,0,0.0,2.0,7.0,1.0,A01
201300054731,0,30,0,0.0,2.0,8.0,23.0,B01
201300054732,0,7,0,0.0,2.0,5.0,1.0,B01
201300054732,0,10,0,0.0,2.0,1.0,1.0,A01
201300054733,0,32,0,0.0,0.0,7.0,21.0,A01
201300054734,0,7,0,0.0,1.0,1.0,1.0,A01
201300054735,0,7,0,0.0,0.0,2.0,10.0,A01
201300054735,0,33,0,0.0,2.0,1.0,1.0,B01
201300054736,0,32,0,14.0,0.0,1.0,17.0,B01
201300054736,0,10,0,0.0,2.0,1.0,1.0,A01
201300054737,0,7,0,0.0,2.0,7.0,16.0,A01
201300054737,0,33,0,0.0,2.0,1.0,18.0,B01
201300054738,0,34,0,11.0,2.0,1.0,13.0,A01
201300054738,0,7,0,0.0,2.0,8.0,1.0,B01
201300054739,0,33,0,0.0,2.0,8.0,1.0,A01
201300054739,1,7,0,0.0,2.0,2.0,14.0,Z01
201300054740,0,10,0,0.0,1.0,5.0,16.0,A01
201300054741,0,7,0,0.0,1.0,6.0,4.0,A01
201300054742,0,10,0,0.0,2.0,1.0,15.0,A01
201300054742,0,34,0,0.0,2.0,1.0,1.0,B01
201300054743,0,7,0,0.0,2.0,8.0,13.0,A01
201300054743,0,31,0,0.0,2.0,7.0,1.0,B01
201300054744,0,7,0,0.0,2.0,2.0,1.0,B01
201300054744,0,30,0,0.0,2.0,1.0,1.0,A01
201300054745,0,7,0,0.0,0.0,7.0,16.0,A01
201300054745,0,33,0,0.0,2.0,1.0,18.0,B01
201300054746,0,32,0,0.0,0.0,3.0,1.0,A01
201300054747,0,33,0,0.0,0.0,9.0,1.0,A01
201300054748,0,7,0,8.0,0.0,1.0,1.0,A01
201300054749,1,7,0,0.0,2.0,2.0,10.0,Z01
201300054749,0,30,0,0.0,2.0,8.0,1.0,A01
201300054750,0,7,0,0.0,1.0,4.0,4.0,A01
201300054751,0,32,0,0.0,1.0,8.0,18.0,A01
201300054752,0,30,0,0.0,2.0,8.0,15.0,B01
201300054752,0,13,0,0.0,2.0,3.0,1.0,A01
201300054753,0,1,0,0.0,2.0,2.0,1.0,B01
201300054753,0,7,0,0.0,2.0,8.0,22.0,A01
201300054754,0,7,0,0.0,2.0,1.0,9.0,A01
201300054754,0,30,0,1.0,2.0,1.0,1.0,B01
201300054755,0,7,0,0.0,0.0,4.0,4.0,A01
201300054755,0,32,0,0.0,2.0,1.0,23.0,B01
201300054756,0,7,0,12.0,0.0,2.0,14.0,A01
201300054757,0,1,0,0.0,2.0,1.0,1.0,A01
201300054757,0,7,0,0.0,2.0,8.0,1.0,B01
201300054758,1,30,0,0.0,1.0,0.0,0.0,Z01
201300054759,0,7,0,0.0,2.0,1.0,15.0,A01
201300054759,0,2,0,0.0,2.0,7.0,1.0,B01
201300054760,0,7,0,0.0,2.0,3.0,13.0,A01
201300054760,0,32,0,0.0,2.0,1.0,17.0,B01
201300054761,0,10,0,1.0,0.0,5.0,16.0,A01
201300054761,0,37,7,0.0,0.0,3.0,9.0,B01
201300054762,0,1,0,0.0,0.0,0.0,1.0,A01
201300054763,0,7,0,0.0,1.0,8.0,16.0,A01
201300054764,0,10,0,0.0,2.0,3.0,15.0,B01
201300054764,0,30,0,0.0,2.0,1.0,17.0,A01
201300054765,0,33,0,0.0,2.0,7.0,1.0,A01
201300054765,0,7,0,0.0,2.0,3.0,9.0,B01
201300054766,0,31,0,0.0,1.0,0.0,1.0,A01
201300054767,0,7,0,0.0,2.0,7.0,15.0,B01
201300054767,0,30,0,0.0,2.0,1.0,17.0,A01
201300054768,1,7,0,0.0,0.0,0.0,12.0,Z01
201300054768,0,32,0,0.0,0.0,0.0,1.0,A01
201300054768,0,32,0,0.0,0.0,0.0,1.0,B01
201300054769,0,10,0,0.0,1.0,8.0,4.0,A01
201300054770,0,31,0,0.0,1.0,2.0,1.0,A01
201300054771,0,7,0,0.0,2.0,1.0,2.0,A01
201300054771,0,7,0,0.0,2.0,4.0,23.0,B01
201300054772,0,7,0,0.0,2.0,2.0,23.0,A01
201300054772,0,34,0,0.0,2.0,8.0,1.0,B01
201300054773,0,34,0,0.0,1.0,1.0,17.0,A01
201300054774,0,10,0,0.0,1.0,4.0,4.0,A01
201300054775,0,7,0,0.0,0.0,4.0,23.0,A01
201300054775,1,7,0,0.0,0.0,1.0,1.0,Z01
201300054776,0,7,0,0.0,0.0,1.0,1.0,B01
201300054776,0,7,0,0.0,0.0,1.0,1.0,A01
201300054776,0,7,0,0.0,0.0,4.0,1.0,C01
201300054777,0,33,0,0.0,2.0,0.0,21.0,A01
201300054778,0,20,0,0.0,2.0,2.0,10.0,A01
201300054778,0,33,0,0.0,2.0,2.0,1.0,B01
201300054779,0,33,0,0.0,1.0,1.0,17.0,A01
201300054780,0,7,0,0.0,1.0,2.0,1.0,A01
201300054781,0,33,0,0.0,1.0,1.0,1.0,A01
201300054782,0,2,0,0.0,1.0,1.0,1.0,A01
201300054783,0,34,0,14.0,0.0,7.0,1.0,A01
201300054784,1,7,0,15.0,2.0,8.0,1.0,Z01
201300054784,0,7,0,0.0,2.0,8.0,1.0,A01
201300054785,0,30,0,0.0,2.0,6.0,1.0,A01
201300054785,1,7,0,0.0,2.0,2.0,14.0,Z01
201300054786,0,33,0,6.0,2.0,1.0,17.0,A01
201300054786,0,10,0,0.0,2.0,3.0,15.0,B01
201300054787,0,7,0,0.0,2.0,3.0,10.0,A01
201300054787,0,33,0,0.0,2.0,7.0,17.0,B01
201300054788,0,1,0,0.0,2.0,1.0,1.0,A01
201300054788,1,7,0,0.0,2.0,1.0,1.0,Z01
201300054789,0,7,0,15.0,2.0,1.0,15.0,B01
201300054789,0,7,0,0.0,2.0,6.0,1.0,A01
201300054790,0,7,0,0.0,0.0,6.0,23.0,B01
201300054790,0,33,0,0.0,2.0,1.0,1.0,A01
201300054791,0,34,0,0.0,1.0,1.0,17.0,A01
201300054792,0,33,0,0.0,0.0,0.0,1.0,A01
201300054793,0,33,0,0.0,2.0,7.0,17.0,B01
201300054793,0,7,0,0.0,2.0,6.0,13.0,A01
201300054794,0,7,0,0.0,1.0,1.0,15.0,A01
201300054795,0,7,0,0.0,0.0,3.0,11.0,A01
201300054795,0,33,0,0.0,0.0,2.0,1.0,B01
201300054796,0,7,0,0.0,2.0,7.0,1.0,B01
201300054796,0,7,0,0.0,2.0,6.0,1.0,C01
201300054796,1,7,0,0.0,2.0,8.0,22.0,Z01
201300054796,0,34,0,0.0,2.0,1.0,3.0,A01
201300054797,1,7,0,0.0,2.0,1.0,16.0,Z01
201300054797,0,32,0,0.0,2.0,8.0,1.0,A01
201300054798,0,7,0,0.0,1.0,1.0,1.0,A01
201300054799,0,33,0,0.0,1.0,1.0,1.0,A01
201300054800,0,33,0,0.0,2.0,1.0,2.0,A01
201300054800,0,7,0,0.0,2.0,6.0,23.0,B01
201300054801,0,7,0,0.0,2.0,5.0,10.0,A01
201300054801,0,31,0,0.0,2.0,1.0,1.0,B01
201300054802,0,7,0,0.0,2.0,0.0,15.0,B01
201300054802,0,31,0,0.0,2.0,0.0,1.0,A01
201300054803,0,7,0,0.0,2.0,3.0,10.0,A01
201300054803,0,7,0,0.0,2.0,2.0,1.0,B01
201300054803,0,10,0,0.0,2.0,8.0,1.0,C01
201300054804,0,7,0,0.0,2.0,8.0,1.0,B01
201300054804,0,32,0,0.0,1.0,1.0,1.0,A01
201300054805,0,32,0,0.0,2.0,1.0,15.0,B01
201300054805,0,10,0,0.0,2.0,2.0,1.0,A01
201300054806,0,1,0,0.0,1.0,2.0,5.0,A01
201300054807,0,33,0,0.0,0.0,7.0,1.0,A01
201300054808,0,7,0,0.0,1.0,1.0,1.0,A01
201300054809,0,10,0,0.0,1.0,2.0,7.0,A01
201300054810,0,31,0,0.0,2.0,0.0,1.0,B01
201300054810,0,7,0,0.0,2.0,0.0,15.0,A01
201300054811,0,1,0,0.0,1.0,1.0,1.0,A01
201300054812,2,7,0,0.0,2.0,1.0,1.0,Z01
201300054812,0,7,0,0.0,2.0,0.0,1.0,A01
201300054813,0,33,0,10.0,2.0,4.0,1.0,A01
201300054813,1,7,0,0.0,2.0,1.0,1.0,Z01
201300054814,0,7,0,0.0,1.0,3.0,9.0,A01
201300054815,0,7,0,0.0,1.0,3.0,16.0,A01
201300054816,0,34,0,0.0,1.0,1.0,1.0,A01
201300054817,0,7,0,0.0,2.0,3.0,9.0,B01
201300054817,0,31,0,0.0,2.0,1.0,1.0,A01
201300054818,0,30,0,0.0,2.0,3.0,1.0,A01
201300054818,1,10,0,0.0,2.0,0.0,14.0,Z01
201300054819,0,2,0,0.0,1.0,1.0,1.0,A01
201300054820,0,30,0,0.0,2.0,1.0,1.0,A01
201300054820,1,7,0,0.0,2.0,0.0,15.0,Z01
201300054821,0,31,0,0.0,1.0,0.0,1.0,A01
201300054822,0,7,0,0.0,1.0,2.0,1.0,A01
201300054823,0,30,0,0.0,2.0,8.0,1.0,A01
201300054823,1,7,0,0.0,2.0,7.0,17.0,Z01
201300054824,0,34,0,0.0,1.0,1.0,1.0,A01
201300054825,0,7,0,0.0,1.0,1.0,17.0,A01
201300054826,0,7,0,0.0,1.0,5.0,16.0,A01
201300054827,0,1,0,0.0,2.0,1.0,1.0,A01
201300054827,0,7,0,0.0,2.0,7.0,22.0,B01
201300054828,0,32,0,15.0,0.0,1.0,14.0,A01
201300054829,0,7,0,0.0,0.0,4.0,1.0,B01
201300054829,0,32,0,0.0,2.0,3.0,1.0,A01
201300054830,0,33,0,0.0,0.0,0.0,1.0,A01
201300054831,0,7,0,0.0,1.0,1.0,1.0,A01
201300054832,0,7,0,0.0,1.0,4.0,4.0,A01
201300054833,0,7,0,0.0,0.0,4.0,1.0,B01
201300054833,0,7,0,0.0,2.0,1.0,1.0,A01
201300054834,0,7,0,0.0,1.0,3.0,15.0,A01
201300054835,0,32,0,0.0,1.0,1.0,17.0,A01
201300054836,0,32,0,0.0,1.0,1.0,1.0,A01
201300054837,0,3,0,0.0,2.0,3.0,13.0,A01
201300054837,0,7,0,0.0,2.0,6.0,1.0,B01
201300054838,0,7,0,0.0,2.0,8.0,21.0,A01
201300054838,0,32,0,0.0,2.0,7.0,17.0,B01
201300054839,0,32,0,0.0,2.0,2.0,17.0,B01
201300054839,0,7,0,0.0,2.0,3.0,15.0,A01
201300054840,0,7,0,0.0,1.0,3.0,1.0,A01
201300054841,0,7,0,0.0,0.0,6.0,23.0,B01
201300054841,0,7,0,0.0,0.0,2.0,1.0,A01
201300054842,0,33,0,0.0,2.0,3.0,2.0,B01
201300054842,0,7,0,0.0,2.0,3.0,9.0,A01
201300054843,0,7,0,0.0,2.0,4.0,23.0,A01
201300054843,1,7,0,0.0,2.0,1.0,1.0,Z01
201300054844,0,7,0,0.0,1.0,3.0,1.0,A01
201300054845,0,33,0,0.0,2.0,2.0,2.0,A01
201300054845,0,33,0,0.0,2.0,8.0,2.0,C01
201300054845,0,7,0,0.0,2.0,6.0,23.0,B01
201300054846,0,31,0,0.0,2.0,7.0,1.0,B01
201300054846,0,7,0,0.0,2.0,3.0,1.0,A01
201300054847,0,2,0,0.0,1.0,1.0,1.0,A01
201300054848,0,7,0,0.0,2.0,2.0,15.0,A01
201300054848,0,2,0,0.0,2.0,1.0,1.0,B01
201300054849,0,31,0,0.0,2.0,2.0,18.0,B01
201300054849,0,10,0,0.0,2.0,2.0,16.0,A01
201300054850,0,7,0,0.0,1.0,0.0,1.0,A01
201300054851,0,33,0,0.0,2.0,0.0,1.0,A01
201300054851,0,7,0,0.0,2.0,0.0,11.0,B01
201300054852,0,33,0,1.0,2.0,8.0,13.0,A01
201300054853,0,32,0,0.0,2.0,1.0,1.0,B01
201300054853,0,10,0,0.0,2.0,8.0,9.0,A01
201300054854,2,7,0,0.0,2.0,7.0,14.0,Z01
201300054854,0,7,0,0.0,2.0,5.0,1.0,A01
201300054854,0,7,0,0.0,2.0,8.0,1.0,B01
201300054855,0,10,0,0.0,0.0,2.0,16.0,B01
201300054855,0,31,0,0.0,2.0,1.0,7.0,A01
201300054856,0,34,0,0.0,2.0,1.0,1.0,A01
201300054856,0,7,0,0.0,0.0,4.0,23.0,B01
201300054857,0,7,0,0.0,1.0,1.0,1.0,A01
201300054858,0,7,0,0.0,1.0,4.0,4.0,A01
201300054859,0,33,0,0.0,2.0,1.0,1.0,C01
201300054859,0,32,0,0.0,2.0,4.0,23.0,A01
201300054859,0,7,0,0.0,2.0,3.0,23.0,D01
201300054859,0,32,0,0.0,2.0,1.0,1.0,B01
201300054860,0,32,0,0.0,2.0,8.0,1.0,B01
201300054860,0,7,0,0.0,2.0,1.0,1.0,A01
201300054861,0,7,0,0.0,2.0,1.0,23.0,B01
201300054861,0,32,0,0.0,2.0,1.0,1.0,A01
201300054862,0,7,0,0.0,1.0,4.0,4.0,A01
201300054863,0,10,0,0.0,0.0,2.0,1.0,A01
201300054863,0,34,0,0.0,0.0,3.0,1.0,B01
201300054864,0,10,0,0.0,2.0,1.0,1.0,A01
201300054864,0,7,0,0.0,2.0,7.0,10.0,B01
201300054865,0,33,0,0.0,1.0,1.0,1.0,A01
201300054866,0,7,0,0.0,0.0,4.0,23.0,B01
201300054866,0,7,0,0.0,0.0,1.0,1.0,A01
201300054867,0,7,0,0.0,9.0,8.0,22.0,A01
201300054867,0,1,0,1.0,0.0,3.0,1.0,B01
201300054868,0,32,0,0.0,1.0,1.0,1.0,A01
201300054869,0,7,0,0.0,1.0,4.0,4.0,A01
201300054870,0,7,0,0.0,1.0,1.0,1.0,A01
201300054871,0,7,0,0.0,2.0,5.0,23.0,B01
201300054871,0,7,0,0.0,2.0,4.0,23.0,C01
201300054871,0,14,0,9.0,1.0,1.0,4.0,A01
201300054872,0,31,0,0.0,2.0,8.0,19.0,B01
201300054872,0,31,0,0.0,2.0,1.0,1.0,A01
201300054873,0,34,0,0.0,0.0,0.0,21.0,A01
201300054874,0,7,0,0.0,2.0,7.0,12.0,A01
201300054874,0,7,0,2.0,2.0,8.0,7.0,B01
201300054875,0,32,0,14.0,0.0,1.0,13.0,A01
201300054876,0,33,0,0.0,1.0,1.0,1.0,A01
201300054877,0,7,0,0.0,2.0,2.0,15.0,A01
201300054877,0,33,0,0.0,2.0,1.0,1.0,B01
201300054878,0,33,0,0.0,0.0,0.0,21.0,A01
201300054879,0,33,0,0.0,2.0,1.0,1.0,A01
201300054879,1,30,0,0.0,2.0,0.0,19.0,Z01
201300054880,0,33,0,0.0,2.0,7.0,3.0,B01
201300054880,0,10,0,0.0,2.0,7.0,1.0,C01
201300054880,0,7,0,0.0,2.0,3.0,22.0,A01
201300054881,0,7,0,0.0,2.0,1.0,15.0,A01
201300054881,0,31,0,0.0,2.0,7.0,1.0,B01
201300054882,0,7,0,0.0,1.0,2.0,1.0,A01
201300054883,1,7,0,0.0,1.0,1.0,16.0,Z01
201300054884,0,10,0,0.0,1.0,3.0,15.0,A01
201300054885,0,10,0,0.0,1.0,2.0,1.0,A01
201300054886,0,30,0,0.0,0.0,8.0,1.0,A01
201300054887,0,7,0,0.0,2.0,3.0,1.0,A01
201300054887,0,7,0,0.0,2.0,2.0,1.0,B01
201300054888,1,14,0,0.0,0.0,0.0,15.0,Z01
201300054888,0,2,0,0.0,2.0,3.0,18.0,A01
201300054889,0,10,0,0.0,2.0,3.0,2.0,C01
201300054889,0,34,0,1.0,0.0,1.0,18.0,B01
201300054889,1,7,0,0.0,2.0,8.0,24.0,A01
201300054890,0,7,0,1.0,2.0,2.0,1.0,B01
201300054890,0,7,0,0.0,2.0,1.0,2.0,C01
201300054890,0,7,0,0.0,2.0,4.0,2.0,A01
201300054891,0,30,0,0.0,2.0,2.0,17.0,A01
201300054891,0,13,0,0.0,2.0,8.0,13.0,B01
201300054892,2,10,0,1.0,2.0,1.0,1.0,Z01
201300054892,0,7,0,0.0,2.0,3.0,15.0,A01
201300054893,0,7,0,0.0,1.0,1.0,1.0,A01
201300054894,0,7,0,0.0,1.0,3.0,1.0,A01
201300054895,0,7,0,0.0,1.0,1.0,15.0,A01
201300054896,0,7,0,0.0,1.0,2.0,7.0,A01
201300054897,0,7,0,11.0,0.0,1.0,13.0,A01
201300054898,0,7,0,0.0,1.0,3.0,1.0,A01
201300054899,0,7,0,0.0,1.0,3.0,1.0,A01
201300054900,0,30,0,0.0,2.0,2.0,2.0,A01
201300054900,0,7,0,0.0,2.0,6.0,23.0,B01
201300054901,0,7,0,0.0,2.0,7.0,16.0,A01
201300054901,0,7,0,0.0,2.0,3.0,7.0,B01
201300054902,0,7,0,1.0,2.0,6.0,24.0,B01
201300054902,0,7,0,0.0,2.0,2.0,14.0,A01
201300054903,0,1,0,0.0,2.0,4.0,2.0,A01
201300054903,1,7,0,0.0,2.0,0.0,2.0,Z01
201300054904,0,10,0,9.0,0.0,1.0,1.0,A01
201300054905,0,7,0,0.0,2.0,6.0,2.0,B01
201300054905,0,33,0,0.0,2.0,1.0,2.0,A01
201300054906,0,7,0,0.0,2.0,2.0,15.0,A01
201300054906,0,32,0,0.0,2.0,1.0,18.0,B01
201300054907,0,7,0,0.0,2.0,4.0,2.0,B01
201300054907,0,7,0,0.0,2.0,1.0,2.0,A01
201300054908,0,2,0,0.0,2.0,1.0,1.0,B01
201300054908,0,7,0,0.0,2.0,3.0,13.0,A01
201300054909,1,10,0,0.0,2.0,0.0,13.0,Z01
201300054909,0,2,0,0.0,2.0,0.0,1.0,A01
201300054910,0,7,0,0.0,1.0,0.0,1.0,A01
201300054911,0,7,0,0.0,1.0,1.0,15.0,A01
201300054912,0,7,0,0.0,2.0,1.0,15.0,A01
201300054912,0,32,0,0.0,2.0,1.0,8.0,B01
201300054913,0,7,0,1.0,1.0,1.0,15.0,A01
201300054914,0,10,0,0.0,1.0,3.0,1.0,A01
201300054915,0,7,0,1.0,0.0,2.0,1.0,A01
201300054916,0,7,0,0.0,1.0,1.0,1.0,A01
201300054917,0,33,0,0.0,1.0,2.0,1.0,A01
201300054918,0,7,0,0.0,1.0,1.0,1.0,A01
201300054919,0,1,0,0.0,1.0,0.0,1.0,A01
201300054920,0,7,0,0.0,1.0,1.0,1.0,A01
201300054921,0,33,0,0.0,0.0,0.0,1.0,B01
201300054921,0,7,0,0.0,0.0,0.0,5.0,A01
201300054922,0,7,0,0.0,0.0,6.0,15.0,A01
201300054922,0,2,0,0.0,2.0,1.0,2.0,B01
201300054923,0,34,0,0.0,2.0,7.0,1.0,B01
201300054923,0,7,0,0.0,2.0,1.0,1.0,A01
201300054924,0,32,0,0.0,1.0,1.0,1.0,A01
201300054925,0,33,0,0.0,1.0,0.0,1.0,A01
201300054926,0,33,0,0.0,0.0,0.0,1.0,A01
201300054927,0,7,0,0.0,2.0,6.0,23.0,D01
201300054927,0,7,0,0.0,2.0,7.0,23.0,B01
201300054927,0,7,0,0.0,2.0,6.0,23.0,C01
201300054927,0,7,0,0.0,2.0,1.0,1.0,A01
201300054928,0,10,0,0.0,1.0,5.0,1.0,A01
201300054929,0,10,0,0.0,2.0,4.0,2.0,A01
201300054929,0,30,0,0.0,2.0,1.0,2.0,B01
201300054930,0,7,0,0.0,0.0,3.0,11.0,A01
201300054930,0,32,0,0.0,0.0,7.0,1.0,B01
201300054931,0,7,0,0.0,1.0,1.0,15.0,A01
201300054932,0,33,0,0.0,2.0,7.0,21.0,A01
201300054933,0,30,0,0.0,1.0,1.0,1.0,A01
201300054934,0,7,0,0.0,2.0,5.0,4.0,A01
201300054934,0,31,0,0.0,2.0,1.0,2.0,B01
201300054935,0,7,0,0.0,2.0,2.0,1.0,A01
201300054935,0,7,0,0.0,2.0,6.0,9.0,B01
201300054936,0,7,0,0.0,2.0,1.0,1.0,A01
201300054936,0,7,0,0.0,0.0,4.0,1.0,B01
201300054937,0,7,0,0.0,2.0,1.0,1.0,A01
201300054937,0,7,0,0.0,2.0,3.0,1.0,B01
201300054938,0,33,0,0.0,2.0,1.0,18.0,B01
201300054938,0,7,0,0.0,2.0,2.0,22.0,A01
201300054939,0,7,0,0.0,2.0,3.0,15.0,B01
201300054939,0,33,0,0.0,2.0,1.0,1.0,A01
201300054940,0,33,0,0.0,2.0,2.0,1.0,B01
201300054940,0,7,0,0.0,2.0,6.0,13.0,A01
201300054941,0,34,0,0.0,1.0,1.0,1.0,A01
201300054942,0,32,0,0.0,0.0,0.0,1.0,A01
201300054943,0,7,0,1.0,0.0,3.0,13.0,A01
201300054944,0,7,0,0.0,2.0,3.0,1.0,B01
201300054944,0,7,0,0.0,2.0,1.0,1.0,A01
201300054945,2,7,0,1.0,2.0,2.0,1.0,A01
201300054945,0,30,0,0.0,2.0,3.0,1.0,B01
201300054946,0,7,0,0.0,2.0,2.0,16.0,A01
201300054946,0,34,0,0.0,2.0,8.0,1.0,B01
201300054947,1,7,0,0.0,2.0,2.0,1.0,Z01
201300054947,0,34,0,0.0,2.0,1.0,1.0,A01
201300054948,0,7,0,0.0,1.0,1.0,16.0,A01
201300054949,0,7,0,0.0,2.0,9.0,10.0,A01
201300054949,0,31,0,0.0,2.0,7.0,17.0,B01
201300054950,0,7,0,0.0,1.0,3.0,15.0,A01
201300054951,0,31,0,0.0,2.0,1.0,1.0,B01
201300054951,0,7,0,0.0,2.0,3.0,15.0,A01