Num_Acc,senc,catv,occutc,obs,obsm,choc,manv,num_veh
201300054952,0,7,0,11.0,0.0,3.0,14.0,A01
201300054953,0,31,0,0.0,1.0,7.0,1.0,A01
201300054954,0,1,0,0.0,2.0,8.0,1.0,B01
201300054954,0,7,0,0.0,2.0,7.0,1.0,A01
201300054955,0,31,0,0.0,2.0,0.0,17.0,B01
201300054955,0,7,0,0.0,2.0,3.0,15.0,A01
201300054956,0,7,0,0.0,1.0,6.0,4.0,A01
201300054957,0,7,0,0.0,2.0,2.0,14.0,A01
201300054957,0,33,0,0.0,2.0,8.0,1.0,B01
201300054958,0,30,0,0.0,2.0,4.0,1.0,B01
201300054958,0,7,0,0.0,2.0,1.0,1.0,A01
201300054959,0,34,0,14.0,0.0,7.0,1.0,A01
201300054960,1,14,0,0.0,1.0,0.0,1.0,Z01
201300054961,0,7,0,14.0,0.0,1.0,13.0,A01
201300054962,0,7,0,0.0,1.0,3.0,1.0,A01
201300054963,0,2,0,0.0,2.0,2.0,17.0,A01
201300054963,0,7,0,0.0,2.0,6.0,15.0,B01
201300054964,0,7,0,0.0,1.0,3.0,1.0,A01
201300054965,0,7,0,0.0,2.0,1.0,9.0,A01
201300054965,0,31,0,0.0,2.0,7.0,1.0,B01
201300054966,0,10,0,0.0,1.0,0.0,1.0,A01
201300054967,0,30,0,0.0,2.0,3.0,1.0,B01
201300054967,0,2,0,0.0,2.0,1.0,9.0,A01
201300054968,0,7,0,1.0,0.0,2.0,14.0,A01
201300054969,0,7,0,0.0,2.0,3.0,11.0,A01
201300054969,0,30,0,0.0,2.0,2.0,1.0,B01
201300054970,0,7,0,0.0,1.0,1.0,1.0,A01
201300054971,0,7,0,0.0,1.0,6.0,4.0,A01
201300054972,0,1,0,0.0,2.0,8.0,1.0,B01
201300054972,0,7,0,0.0,2.0,3.0,15.0,A01
201300054973,0,30,0,0.0,2.0,8.0,1.0,B01
201300054973,0,7,0,0.0,2.0,6.0,15.0,A01
201300054974,0,1,0,0.0,2.0,1.0,16.0,B01
201300054974,0,1,0,0.0,2.0,1.0,5.0,A01
201300054975,0,7,0,0.0,2.0,4.0,23.0,A01
201300054975,0,7,0,0.0,2.0,1.0,2.0,C01
201300054975,0,7,0,0.0,2.0,4.0,23.0,B01
201300054976,0,7,0,0.0,1.0,2.0,1.0,A01
201300054977,0,7,0,0.0,1.0,3.0,1.0,A01
201300054978,0,7,0,0.0,2.0,3.0,17.0,B01
201300054978,0,32,0,0.0,2.0,7.0,15.0,A01
201300054979,0,7,0,0.0,2.0,4.0,2.0,A01
201300054979,0,7,0,0.0,2.0,4.0,23.0,B01
201300054980,0,32,0,0.0,2.0,3.0,7.0,B01
201300054980,0,7,0,0.0,2.0,1.0,15.0,A01
201300054981,0,2,0,0.0,1.0,1.0,1.0,A01
201300054982,0,10,0,0.0,2.0,3.0,1.0,A01
201300054982,0,30,0,0.0,2.0,1.0,1.0,B01
201300054983,0,33,0,0.0,0.0,0.0,1.0,A01
201300054984,0,7,0,0.0,2.0,1.0,1.0,B01
201300054984,0,7,0,0.0,2.0,7.0,15.0,A01
201300054985,0,7,0,0.0,1.0,1.0,15.0,A01
201300054986,0,7,0,0.0,2.0,5.0,22.0,A01
201300054986,0,32,0,0.0,2.0,8.0,18.0,B01
201300054987,0,10,0,0.0,2.0,7.0,14.0,A01
201300054987,0,32,0,15.0,2.0,8.0,1.0,B01
201300054988,0,30,0,0.0,0.0,0.0,1.0,A01
201300054989,0,7,0,0.0,1.0,6.0,7.0,A01
201300054990,0,32,0,0.0,2.0,3.0,18.0,B01
201300054990,0,7,0,0.0,2.0,2.0,16.0,A01
201300054991,0,7,0,0.0,1.0,0.0,15.0,A01
201300054992,0,7,0,0.0,1.0,1.0,1.0,A01
201300054993,0,7,0,0.0,2.0,7.0,1.0,A01
201300054993,0,32,0,0.0,2.0,1.0,1.0,B01
201300054994,0,7,0,0.0,1.0,1.0,1.0,A01
201300054995,0,30,0,0.0,1.0,7.0,1.0,A01
201300054996,0,32,0,0.0,2.0,0.0,1.0,B01
201300054996,0,2,0,0.0,2.0,0.0,5.0,A01
201300054997,0,7,0,8.0,2.0,6.0,1.0,B01
201300054997,0,7,0,0.0,2.0,6.0,1.0,A01
201300054998,0,33,0,0.0,1.0,1.0,1.0,A01
201300054999,0,7,0,0.0,1.0,3.0,15.0,A01
201300055000,0,7,0,0.0,2.0,5.0,15.0,A01
201300055000,0,32,0,0.0,2.0,6.0,16.0,B01
201300055001,0,2,0,0.0,1.0,1.0,1.0,A01
201300055002,0,10,0,0.0,1.0,8.0,1.0,A01
201300055003,0,1,0,0.0,2.0,1.0,18.0,A01
201300055003,0,7,0,0.0,2.0,7.0,22.0,B01
201300055004,0,30,0,0.0,1.0,7.0,1.0,A01
201300055005,0,32,0,0.0,1.0,1.0,1.0,A01
201300055006,0,33,0,0.0,2.0,0.0,13.0,A01
201300055006,0,7,0,0.0,2.0,4.0,1.0,B01
201300055007,0,37,0,0.0,1.0,2.0,16.0,A01
201300055008,0,7,0,0.0,2.0,4.0,23.0,B01
201300055008,0,7,0,0.0,2.0,1.0,2.0,A01
201300055009,0,7,0,0.0,2.0,2.0,14.0,A01
201300055009,0,30,0,0.0,2.0,8.0,7.0,B01
201300055010,0,7,0,0.0,2.0,5.0,2.0,B01
201300055010,0,7,0,14.0,2.0,3.0,2.0,A01
201300055011,0,7,0,0.0,2.0,1.0,1.0,A01
201300055011,0,7,0,0.0,2.0,7.0,1.0,B01
201300055012,1,7,0,0.0,1.0,0.0,1.0,Z01
201300055013,0,7,0,0.0,1.0,1.0,16.0,A01
201300055014,1,2,0,0.0,1.0,1.0,1.0,Z01
201300055015,0,1,0,0.0,2.0,8.0,1.0,A01
201300055015,0,7,0,0.0,2.0,3.0,15.0,B01
201300055016,0,1,0,0.0,2.0,3.0,1.0,B01
201300055016,0,7,0,0.0,2.0,3.0,22.0,A01
201300055017,0,10,0,0.0,1.0,1.0,15.0,A01
201300055018,0,33,0,0.0,2.0,4.0,23.0,B01
201300055018,0,7,0,0.0,2.0,1.0,2.0,A01
201300055019,0,7,0,0.0,2.0,3.0,13.0,A01
201300055019,0,33,0,0.0,2.0,7.0,17.0,B01
201300055020,1,30,0,0.0,1.0,1.0,1.0,Z01
201300055021,0,37,1,0.0,1.0,7.0,16.0,A01
201300055022,1,7,0,0.0,1.0,7.0,1.0,Z01
201300055023,1,10,0,0.0,0.0,0.0,15.0,Z01
201300055023,0,32,0,0.0,2.0,0.0,1.0,A01
201300055024,0,32,0,0.0,2.0,3.0,7.0,A01
201300055024,0,7,0,0.0,2.0,2.0,16.0,B01
201300055025,0,32,0,0.0,0.0,4.0,23.0,B01
201300055025,0,7,0,0.0,2.0,3.0,15.0,A01
201300055026,0,32,0,9.0,0.0,1.0,18.0,A01
201300055027,0,30,0,0.0,2.0,2.0,7.0,B01
201300055027,0,10,0,0.0,2.0,7.0,15.0,A01
201300055028,0,34,0,0.0,1.0,1.0,1.0,A01
201300055029,0,7,0,0.0,2.0,1.0,1.0,A01
201300055029,0,30,0,0.0,2.0,7.0,1.0,B01
201300055030,0,2,0,0.0,1.0,1.0,17.0,A01
201300055031,0,7,0,0.0,2.0,5.0,15.0,A01
201300055031,0,7,0,0.0,2.0,2.0,1.0,B01
201300055032,0,10,0,0.0,2.0,6.0,1.0,B01
201300055032,0,7,0,0.0,2.0,1.0,11.0,A01
201300055033,0,7,0,0.0,1.0,1.0,1.0,A01
201300055034,0,7,0,0.0,1.0,1.0,1.0,A01
201300055035,0,10,0,0.0,2.0,6.0,15.0,A01
201300055035,0,2,0,0.0,2.0,1.0,1.0,B01
201300055036,0,7,0,0.0,2.0,3.0,15.0,A01
201300055036,0,1,0,0.0,2.0,1.0,1.0,B01
201300055037,0,7,0,0.0,1.0,7.0,1.0,A01
201300055038,0,1,0,0.0,1.0,1.0,1.0,A01
201300055039,0,7,0,0.0,2.0,0.0,22.0,B01
201300055039,0,30,0,0.0,2.0,0.0,1.0,A01
201300055040,1,7,0,0.0,2.0,1.0,13.0,Z01
201300055040,0,1,0,0.0,2.0,4.0,1.0,A01
201300055041,0,2,0,0.0,1.0,4.0,1.0,A01
201300055042,0,14,0,0.0,1.0,3.0,16.0,A01
201300055043,0,30,0,0.0,2.0,3.0,5.0,A01
201300055043,0,7,0,0.0,2.0,2.0,1.0,B01
201300055044,0,7,0,0.0,2.0,2.0,15.0,A01
201300055044,0,30,0,0.0,2.0,1.0,1.0,B01
201300055045,0,1,0,0.0,1.0,1.0,7.0,A01
201300055046,0,7,0,0.0,2.0,1.0,2.0,A01
201300055046,0,7,0,0.0,2.0,4.0,23.0,B01
201300055047,0,7,0,0.0,1.0,3.0,1.0,A01
201300055048,0,7,0,0.0,2.0,1.0,2.0,A01
201300055048,0,7,0,0.0,2.0,4.0,23.0,B01
201300055049,0,7,0,0.0,2.0,5.0,15.0,A01
201300055049,0,30,0,0.0,2.0,1.0,1.0,B01
201300055050,1,7,0,0.0,2.0,1.0,1.0,Z01
201300055050,0,1,0,0.0,2.0,8.0,19.0,A01
201300055051,0,7,0,0.0,2.0,4.0,23.0,B01
201300055051,0,30,0,0.0,0.0,1.0,7.0,A01
201300055052,0,1,0,1.0,0.0,1.0,1.0,B01
201300055052,1,7,0,0.0,0.0,8.0,22.0,Z01
201300055053,0,30,0,14.0,0.0,8.0,1.0,A01
201300055054,0,32,0,1.0,0.0,0.0,11.0,A01
201300055054,0,7,0,0.0,0.0,0.0,1.0,B01
201300055055,0,7,0,1.0,1.0,7.0,1.0,A01
201300055056,0,34,0,0.0,2.0,6.0,1.0,B01
201300055056,0,33,0,0.0,2.0,1.0,1.0,A01
201300055057,1,7,0,0.0,0.0,0.0,1.0,Z01
201300055057,0,1,0,0.0,2.0,3.0,1.0,B01
201300055058,0,32,0,16.0,0.0,1.0,1.0,A01
201300055059,0,7,0,0.0,2.0,5.0,15.0,B01
201300055059,0,7,0,0.0,2.0,2.0,1.0,A01
201300055060,0,30,0,0.0,2.0,3.0,7.0,B01
201300055060,0,7,0,0.0,2.0,2.0,15.0,A01
201300055061,0,33,0,14.0,0.0,1.0,12.0,A01
201300055062,0,33,0,0.0,2.0,7.0,23.0,B01
201300055062,0,7,0,0.0,2.0,4.0,4.0,A01
201300055063,0,10,0,16.0,1.0,2.0,20.0,A01
201300055064,0,10,0,0.0,2.0,5.0,16.0,A01
201300055064,0,33,0,0.0,2.0,1.0,7.0,B01
201300055065,0,33,0,0.0,2.0,0.0,1.0,B01
201300055065,0,7,0,0.0,2.0,1.0,15.0,A01
201300055066,0,1,0,0.0,2.0,4.0,2.0,A01
201300055066,2,7,0,0.0,2.0,1.0,2.0,Z01
201300055067,0,37,20,0.0,2.0,5.0,17.0,B01
201300055067,0,14,0,0.0,2.0,3.0,13.0,A01
201300055068,1,7,0,0.0,2.0,2.0,22.0,Z01
201300055068,0,1,0,0.0,2.0,7.0,1.0,A01
201300055069,0,34,0,0.0,1.0,1.0,1.0,A01
201300055070,0,31,0,0.0,2.0,1.0,1.0,C01
201300055070,0,7,0,0.0,2.0,3.0,10.0,A01
201300055070,0,32,0,0.0,2.0,1.0,1.0,B01
201300055071,0,7,0,0.0,2.0,1.0,1.0,A01
201300055071,0,34,0,0.0,2.0,1.0,1.0,B01
201300055072,0,31,0,1.0,1.0,1.0,14.0,A01
201300055073,0,7,0,0.0,2.0,2.0,15.0,A01
201300055073,0,32,0,0.0,2.0,1.0,1.0,B01
201300055074,0,14,0,0.0,2.0,2.0,9.0,B01
201300055074,0,30,0,0.0,2.0,6.0,1.0,A01
201300055075,0,7,0,0.0,2.0,8.0,22.0,A01
201300055075,0,1,0,0.0,2.0,0.0,1.0,B01
201300055076,0,7,0,0.0,0.0,4.0,1.0,A01
201300055077,0,7,0,0.0,2.0,6.0,10.0,A01
201300055077,0,31,0,0.0,2.0,2.0,17.0,B01
201300055078,0,7,0,0.0,2.0,2.0,15.0,A01
201300055078,0,32,0,0.0,2.0,1.0,1.0,B01
201300055079,0,7,0,0.0,2.0,3.0,11.0,A01
201300055079,0,32,0,0.0,2.0,1.0,1.0,B01
201300055080,0,7,0,0.0,2.0,4.0,23.0,B01
201300055080,0,10,0,0.0,2.0,4.0,23.0,C01
201300055080,0,7,0,0.0,2.0,1.0,2.0,A01
201300055081,0,7,0,0.0,2.0,3.0,9.0,A01
201300055081,0,1,0,0.0,2.0,2.0,5.0,B01
201300055082,0,7,0,0.0,2.0,1.0,1.0,A01
201300055082,0,7,0,1.0,2.0,7.0,1.0,B01
201300055083,0,7,0,0.0,1.0,3.0,1.0,A01
201300055084,1,33,0,0.0,1.0,0.0,1.0,Z01
201300055085,0,7,0,0.0,2.0,3.0,1.0,A01
201300055085,1,7,0,0.0,2.0,1.0,1.0,Z01
201300055086,0,7,0,0.0,2.0,3.0,12.0,A01
201300055086,0,33,0,0.0,2.0,7.0,1.0,B01
201300055087,0,14,0,0.0,1.0,7.0,16.0,A01
201300055088,0,1,0,0.0,2.0,0.0,1.0,B01
201300055088,0,7,0,0.0,2.0,5.0,22.0,A01
201300055089,0,10,0,0.0,1.0,5.0,4.0,A01
201300055090,0,30,0,0.0,0.0,7.0,16.0,A01
201300055091,0,7,0,0.0,2.0,1.0,1.0,B01
201300055091,0,2,0,0.0,2.0,6.0,1.0,A01
201300055092,1,7,0,0.0,2.0,8.0,13.0,Z01
201300055092,0,32,0,0.0,2.0,7.0,1.0,A01
201300055093,0,32,0,0.0,2.0,4.0,23.0,A01
201300055093,0,7,0,0.0,2.0,1.0,2.0,B01
201300055094,0,1,0,0.0,1.0,1.0,17.0,A01
201300055095,0,7,0,0.0,1.0,0.0,1.0,A01
201300055096,0,7,0,0.0,1.0,2.0,9.0,A01
201300055097,0,7,0,0.0,1.0,7.0,9.0,A01
201300055098,0,7,0,0.0,2.0,2.0,16.0,A01
201300055098,0,10,0,0.0,2.0,3.0,9.0,B01
201300055099,0,10,0,0.0,1.0,3.0,1.0,A01
201300055100,0,31,0,0.0,2.0,2.0,1.0,B01
201300055100,0,1,0,0.0,2.0,8.0,16.0,A01
201300055101,0,7,0,0.0,1.0,3.0,1.0,A01
201300055102,0,30,0,0.0,2.0,3.0,16.0,A01
201300055102,1,7,0,0.0,2.0,0.0,1.0,Z01
201300055103,0,10,0,14.0,0.0,1.0,14.0,A01
201300055104,1,7,0,0.0,2.0,1.0,2.0,Z01
201300055104,0,7,0,0.0,1.0,0.0,23.0,A01
201300055105,0,32,0,0.0,2.0,3.0,1.0,A01
201300055105,1,37,1,0.0,9.0,8.0,13.0,Z01
201300055106,0,7,0,7.0,0.0,3.0,1.0,A01
201300055107,0,7,0,0.0,1.0,2.0,1.0,A01
201300055108,0,31,0,0.0,2.0,1.0,17.0,B01
201300055108,0,33,0,0.0,2.0,2.0,1.0,A01
201300055109,0,13,0,0.0,2.0,1.0,2.0,B01
201300055109,0,7,0,0.0,2.0,4.0,23.0,A01
201300055110,0,7,0,0.0,1.0,4.0,4.0,A01
201300055111,0,7,0,0.0,0.0,6.0,23.0,A01
201300055111,1,7,0,14.0,0.0,1.0,1.0,Z01
201300055112,0,7,0,0.0,2.0,3.0,11.0,A01
201300055112,0,30,0,0.0,2.0,1.0,17.0,B01
201300055113,0,30,0,0.0,0.0,2.0,17.0,A01
201300055113,0,10,0,0.0,0.0,2.0,15.0,B01
201300055114,0,7,0,0.0,1.0,1.0,1.0,A01
201300055115,0,30,0,0.0,0.0,0.0,1.0,A01
201300055116,1,7,0,0.0,1.0,1.0,15.0,Z01
201300055117,0,7,0,0.0,0.0,7.0,10.0,A01
201300055117,0,2,0,0.0,0.0,1.0,1.0,B01
201300055118,0,7,0,0.0,1.0,2.0,1.0,A01
201300055119,0,7,0,0.0,1.0,1.0,15.0,A01
201300055120,0,30,0,9.0,1.0,0.0,1.0,A01
201300055121,0,7,0,0.0,2.0,1.0,1.0,A01
201300055121,0,7,0,0.0,2.0,9.0,23.0,B01
201300055122,0,7,0,0.0,2.0,7.0,14.0,A01
201300055122,0,33,0,0.0,2.0,3.0,1.0,B01
201300055123,0,33,0,1.0,0.0,3.0,1.0,A01
201300055123,0,7,0,0.0,0.0,3.0,22.0,B01
201300055124,0,7,0,1.0,0.0,0.0,14.0,A01
201300055125,0,33,0,0.0,2.0,1.0,17.0,A01
201300055125,1,7,0,0.0,2.0,1.0,13.0,Z01
201300055126,0,32,0,0.0,2.0,1.0,1.0,A01
201300055126,1,7,0,0.0,2.0,5.0,1.0,Z01
201300055127,0,31,0,0.0,1.0,0.0,1.0,A01
201300055128,0,7,0,11.0,0.0,1.0,1.0,A01
201300055129,0,34,0,0.0,2.0,8.0,0.0,B01
201300055129,0,7,0,0.0,2.0,7.0,0.0,A01
201300055130,0,30,0,0.0,2.0,1.0,2.0,A01
201300055130,0,34,0,0.0,2.0,4.0,23.0,B01
201300055131,0,7,0,0.0,2.0,8.0,11.0,A01
201300055131,0,34,0,0.0,2.0,2.0,1.0,B01
201300055132,0,14,0,0.0,2.0,6.0,13.0,A01
201300055132,0,32,0,0.0,2.0,4.0,1.0,B01
201300055133,0,7,0,0.0,2.0,8.0,1.0,B01
201300055133,0,32,0,0.0,2.0,1.0,1.0,A01
201300055134,2,7,0,0.0,0.0,2.0,15.0,A01
201300055134,0,33,0,0.0,0.0,1.0,1.0,B01
201300055135,0,30,0,1.0,0.0,1.0,1.0,A01
201300055136,0,1,0,0.0,2.0,0.0,7.0,A01
201300055136,0,10,0,0.0,2.0,7.0,16.0,B01
201300055137,0,10,0,0.0,1.0,2.0,7.0,A01
201300055138,0,10,0,0.0,2.0,3.0,16.0,B01
201300055138,0,33,0,0.0,2.0,1.0,1.0,A01
201300055139,0,31,0,0.0,0.0,0.0,17.0,A01
201300055140,0,30,0,0.0,0.0,4.0,23.0,B01
201300055140,0,7,0,0.0,2.0,1.0,15.0,A01
201300055141,1,7,0,0.0,1.0,0.0,7.0,A01
201300055142,0,32,0,0.0,0.0,6.0,1.0,A01
201300055142,0,7,0,0.0,0.0,6.0,23.0,B01
201300055143,0,33,0,0.0,1.0,2.0,1.0,A01
201300055144,0,7,0,0.0,2.0,1.0,5.0,A01
201300055144,0,7,0,0.0,2.0,1.0,15.0,B01
201300055145,0,7,0,11.0,0.0,1.0,14.0,A01
201300055146,0,10,0,0.0,1.0,2.0,16.0,A01
201300055147,0,34,0,0.0,2.0,2.0,17.0,B01
201300055147,0,7,0,0.0,2.0,3.0,15.0,A01
201300055148,0,7,0,0.0,2.0,4.0,1.0,C01
201300055148,0,7,0,0.0,2.0,4.0,1.0,B01
201300055148,0,10,0,0.0,2.0,1.0,1.0,A01
201300055149,1,7,0,0.0,2.0,1.0,1.0,Z01
201300055149,0,2,0,0.0,2.0,5.0,1.0,A01
201300055150,0,1,0,0.0,2.0,1.0,1.0,B01
201300055150,0,10,0,0.0,2.0,3.0,22.0,A01
201300055151,0,7,0,0.0,1.0,3.0,1.0,A01
201300055152,0,32,0,0.0,2.0,3.0,1.0,B01
201300055152,0,7,0,0.0,2.0,3.0,17.0,A01
201300055153,0,7,0,0.0,0.0,8.0,1.0,B01
201300055153,0,1,0,0.0,2.0,1.0,1.0,A01
201300055154,1,7,0,0.0,2.0,0.0,15.0,Z01
201300055154,0,32,0,0.0,2.0,7.0,17.0,A01
201300055155,0,1,0,0.0,2.0,0.0,1.0,B01
201300055155,0,7,0,0.0,2.0,2.0,16.0,A01
201300055156,0,7,0,0.0,1.0,1.0,4.0,A01
201300055157,0,7,0,8.0,0.0,1.0,13.0,A01
201300055158,0,7,0,8.0,1.0,1.0,13.0,A01
201300055159,0,33,0,0.0,2.0,7.0,14.0,A01
201300055159,0,7,0,0.0,2.0,8.0,1.0,B01
201300055160,0,10,0,0.0,1.0,3.0,9.0,A01
201300055161,0,31,0,0.0,1.0,1.0,17.0,A01
201300055162,0,31,0,0.0,2.0,1.0,1.0,B01
201300055162,0,7,0,0.0,2.0,2.0,15.0,A01
201300055163,0,30,0,0.0,2.0,4.0,1.0,B01
201300055163,0,7,0,0.0,2.0,1.0,16.0,A01
201300055164,0,34,0,14.0,0.0,8.0,11.0,A01
201300055165,1,14,0,0.0,0.0,0.0,1.0,Z01
201300055165,0,7,0,4.0,2.0,6.0,1.0,A01
201300055166,0,7,0,0.0,1.0,7.0,1.0,A01
201300055167,1,30,0,0.0,1.0,0.0,1.0,Z01
201300055168,0,33,0,8.0,2.0,2.0,17.0,B01
201300055168,0,7,0,0.0,2.0,3.0,15.0,A01
201300055169,0,7,0,0.0,1.0,2.0,1.0,A01
201300055170,0,7,0,0.0,1.0,1.0,15.0,A01
201300055171,0,7,0,0.0,2.0,8.0,9.0,A01
201300055171,0,32,0,0.0,2.0,7.0,1.0,B01
201300055172,0,30,0,0.0,2.0,1.0,2.0,B01
201300055172,0,10,0,0.0,2.0,4.0,4.0,A01
201300055173,0,7,0,0.0,2.0,2.0,2.0,A01
201300055173,0,7,0,0.0,2.0,6.0,2.0,B01
201300055174,0,7,0,0.0,2.0,2.0,16.0,B01
201300055174,0,2,0,0.0,2.0,8.0,18.0,A01
201300055175,0,32,0,0.0,1.0,1.0,21.0,A01
201300055176,0,33,0,0.0,1.0,2.0,1.0,A01
201300055177,0,32,0,0.0,2.0,1.0,1.0,A01
201300055177,0,7,0,0.0,0.0,2.0,1.0,B01
201300055178,0,32,0,0.0,2.0,1.0,1.0,A01
201300055178,0,7,0,0.0,2.0,3.0,1.0,B01
201300055179,0,7,0,0.0,0.0,7.0,1.0,A01
201300055179,0,37,1,0.0,2.0,1.0,1.0,B01
201300055180,0,7,0,0.0,0.0,7.0,1.0,A01
201300055181,0,7,0,0.0,0.0,2.0,1.0,B01
201300055181,0,30,0,0.0,0.0,1.0,1.0,A01
201300055182,0,7,0,0.0,1.0,1.0,1.0,A01
201300055183,0,7,0,0.0,1.0,1.0,15.0,A01
201300055184,0,30,0,0.0,1.0,5.0,1.0,A01
201300055185,0,7,0,0.0,1.0,1.0,1.0,A01
201300055186,0,7,0,0.0,0.0,7.0,15.0,A01
201300055186,0,34,0,0.0,2.0,1.0,7.0,B01
201300055187,0,32,0,0.0,0.0,8.0,1.0,A01
201300055188,0,7,0,0.0,0.0,1.0,1.0,A01
201300055188,0,7,0,0.0,0.0,4.0,23.0,B01
201300055189,0,1,0,0.0,1.0,1.0,1.0,A01
201300055190,0,30,0,0.0,1.0,7.0,1.0,A01
201300055191,0,33,0,0.0,1.0,0.0,1.0,A01
201300055192,0,7,0,0.0,1.0,4.0,20.0,A01
201300055193,0,33,0,0.0,2.0,0.0,21.0,A01
201300055194,0,7,0,1.0,2.0,6.0,2.0,B01
201300055194,0,7,0,2.0,2.0,2.0,17.0,A01
201300055195,0,7,0,0.0,1.0,1.0,1.0,A01
201300055196,0,7,0,0.0,2.0,3.0,10.0,A01
201300055196,0,33,0,0.0,2.0,1.0,17.0,B01
201300055197,0,10,0,9.0,1.0,4.0,4.0,A01
201300055198,0,2,0,0.0,0.0,0.0,21.0,A01
201300055199,0,33,0,0.0,2.0,8.0,1.0,A01
201300055199,1,7,0,0.0,2.0,3.0,10.0,Z01
201300055200,0,7,0,14.0,0.0,1.0,14.0,A01
201300055201,0,7,0,0.0,1.0,2.0,1.0,A01
201300055202,0,32,0,0.0,0.0,7.0,1.0,A01
201300055203,0,30,0,0.0,1.0,0.0,1.0,A01
201300055204,0,2,0,0.0,0.0,0.0,1.0,A01
201300055205,0,31,0,0.0,2.0,1.0,1.0,B01
201300055205,0,7,0,0.0,2.0,2.0,10.0,A01
201300055206,1,7,0,0.0,1.0,0.0,16.0,A01
201300055207,0,32,0,0.0,0.0,0.0,7.0,A01
201300055208,0,10,0,0.0,2.0,3.0,15.0,A01
201300055208,0,33,0,0.0,2.0,8.0,1.0,B01
201300055209,1,7,0,0.0,2.0,0.0,9.0,Z01
201300055209,0,32,0,0.0,2.0,0.0,1.0,A01
201300055210,0,7,0,0.0,2.0,3.0,10.0,A01
201300055210,0,31,0,0.0,2.0,7.0,1.0,B01
201300055211,0,7,0,0.0,1.0,2.0,1.0,A01
201300055212,0,7,0,0.0,2.0,3.0,1.0,A01
201300055212,0,33,0,0.0,2.0,1.0,1.0,B01
201300055213,0,30,0,0.0,1.0,1.0,1.0,A01
201300055214,0,10,0,0.0,2.0,1.0,1.0,A01
201300055214,0,33,0,0.0,2.0,4.0,23.0,B01
201300055215,0,32,0,0.0,0.0,0.0,1.0,A01
201300055216,0,7,0,0.0,1.0,3.0,1.0,A01
201300055217,0,34,0,0.0,1.0,2.0,17.0,A01
201300055218,0,7,0,0.0,2.0,5.0,2.0,B01
201300055218,0,31,0,0.0,2.0,1.0,2.0,A01
201300055219,0,7,0,0.0,1.0,3.0,1.0,A01
201300055220,0,7,0,0.0,1.0,2.0,1.0,A01
201300055221,1,7,0,0.0,2.0,0.0,1.0,Z01
201300055221,0,7,0,0.0,2.0,3.0,1.0,A01
201300055222,0,7,0,0.0,0.0,1.0,16.0,A01
201300055222,0,7,0,0.0,0.0,5.0,23.0,C01
201300055222,0,7,0,0.0,0.0,5.0,15.0,B01
201300055223,0,7,0,0.0,2.0,5.0,15.0,A01
201300055223,0,30,0,0.0,2.0,1.0,1.0,B01
201300055224,0,32,0,0.0,2.0,0.0,1.0,A01
201300055224,1,7,0,0.0,2.0,0.0,10.0,Z01
201300055225,0,10,0,0.0,2.0,4.0,23.0,B01
201300055225,0,7,0,0.0,2.0,1.0,2.0,A01
201300055226,0,7,0,0.0,2.0,4.0,2.0,B01
201300055226,0,7,0,0.0,2.0,1.0,2.0,A01
201300055227,0,7,0,0.0,1.0,4.0,20.0,A01
201300055228,0,30,0,0.0,1.0,3.0,1.0,A01
201300055229,1,7,0,0.0,2.0,4.0,4.0,Z01
201300055229,0,10,0,0.0,2.0,1.0,1.0,A01
201300055230,0,7,0,0.0,2.0,3.0,9.0,A01
201300055230,0,33,0,0.0,2.0,1.0,1.0,B01
201300055231,0,10,0,0.0,1.0,2.0,1.0,A01
201300055232,0,2,0,0.0,0.0,7.0,16.0,A01
201300055233,0,30,0,0.0,0.0,1.0,16.0,A01
201300055234,0,7,0,0.0,2.0,2.0,15.0,B01
201300055234,0,2,0,0.0,2.0,1.0,1.0,A01
201300055235,0,30,0,0.0,2.0,8.0,1.0,B01
201300055235,0,7,0,0.0,2.0,3.0,15.0,A01
201300055236,0,32,0,0.0,0.0,8.0,21.0,A01
201300055237,0,7,0,0.0,1.0,4.0,23.0,A01
201300055237,1,10,0,0.0,2.0,0.0,2.0,Z01
201300055238,0,33,0,0.0,2.0,2.0,1.0,B01
201300055238,0,7,0,0.0,2.0,5.0,16.0,A01
201300055239,0,14,0,0.0,2.0,1.0,16.0,B01
201300055239,0,30,0,0.0,2.0,4.0,18.0,A01
201300055240,0,7,0,0.0,1.0,1.0,1.0,A01
201300055241,0,32,0,0.0,1.0,2.0,1.0,A01
201300055242,0,1,0,0.0,2.0,4.0,9.0,B01
201300055242,0,10,0,0.0,2.0,1.0,1.0,A01
201300055243,0,7,0,0.0,1.0,6.0,4.0,A01
201300055244,0,7,0,0.0,2.0,3.0,15.0,B01
201300055244,0,7,0,0.0,2.0,2.0,5.0,A01
201300055245,0,34,0,0.0,1.0,1.0,1.0,A01
201300055246,0,7,0,0.0,2.0,1.0,1.0,B01
201300055246,0,33,0,0.0,2.0,7.0,14.0,A01
201300055247,0,2,0,0.0,2.0,2.0,17.0,A01
201300055247,0,7,0,0.0,2.0,8.0,15.0,B01
201300055248,0,30,0,0.0,2.0,3.0,1.0,B01
201300055248,0,7,0,0.0,2.0,2.0,16.0,A01
201300055249,0,7,0,0.0,2.0,4.0,4.0,A01