Num_Acc,senc,catv,occutc,obs,obsm,choc,manv,num_veh
201300055249,0,1,0,0.0,2.0,1.0,2.0,B01
201300055250,0,34,0,0.0,1.0,2.0,1.0,A01
201300055251,0,32,0,0.0,2.0,8.0,1.0,A01
201300055251,1,7,0,0.0,2.0,0.0,15.0,Z01
201300055252,0,10,0,0.0,9.0,1.0,15.0,A01
201300055252,0,1,0,0.0,2.0,3.0,1.0,B01
201300055253,0,34,0,0.0,2.0,1.0,1.0,A01
201300055253,0,7,0,0.0,2.0,4.0,23.0,B01
201300055254,0,30,0,0.0,2.0,8.0,24.0,B01
201300055254,0,7,0,1.0,0.0,4.0,4.0,A01
201300055255,0,1,0,0.0,2.0,7.0,9.0,B01
201300055255,0,14,0,0.0,2.0,1.0,1.0,A01
201300055256,0,14,0,0.0,1.0,2.0,1.0,A01
201300055257,0,2,0,0.0,2.0,1.0,17.0,B01
201300055257,0,7,0,0.0,2.0,6.0,15.0,A01
201300055258,0,7,0,0.0,2.0,4.0,11.0,A01
201300055258,0,30,0,0.0,2.0,1.0,1.0,B01
201300055259,0,7,0,0.0,2.0,3.0,9.0,A01
201300055259,0,31,0,0.0,2.0,1.0,1.0,B01
201300055260,0,2,0,0.0,0.0,2.0,1.0,A01
201300055261,0,7,0,0.0,1.0,2.0,1.0,A01
201300055262,0,7,0,0.0,1.0,2.0,1.0,A01
201300055263,0,7,0,2.0,2.0,1.0,1.0,A01
201300055263,0,7,0,0.0,0.0,4.0,1.0,B01
201300055264,0,32,0,0.0,0.0,8.0,17.0,A01
201300055265,0,33,0,0.0,2.0,1.0,17.0,A01
201300055265,1,32,0,0.0,2.0,8.0,13.0,Z01
201300055266,0,7,0,0.0,2.0,5.0,16.0,A01
201300055266,0,37,3,0.0,2.0,3.0,7.0,B01
201300055267,1,7,0,0.0,0.0,0.0,1.0,Z01
201300055267,0,33,0,0.0,2.0,1.0,12.0,A01
201300055268,0,3,0,8.0,0.0,3.0,1.0,A01
201300055269,0,10,0,0.0,1.0,4.0,20.0,A01
201300055270,0,2,0,0.0,2.0,3.0,1.0,A01
201300055270,0,7,0,0.0,2.0,2.0,16.0,B01
201300055271,0,33,0,0.0,2.0,1.0,1.0,B01
201300055271,0,7,0,0.0,2.0,3.0,20.0,A01
201300055272,0,31,0,0.0,2.0,2.0,2.0,A01
201300055272,0,31,0,0.0,2.0,6.0,2.0,B01
201300055273,0,32,0,0.0,0.0,7.0,1.0,A01
201300055274,0,7,0,0.0,0.0,7.0,15.0,A01
201300055274,0,34,0,0.0,2.0,1.0,1.0,B01
201300055275,0,7,0,0.0,1.0,2.0,1.0,A01
201300055276,0,1,0,0.0,2.0,7.0,1.0,B01
201300055276,0,32,0,0.0,2.0,7.0,9.0,A01
201300055277,1,7,0,0.0,2.0,0.0,2.0,Z01
201300055277,0,7,0,0.0,2.0,6.0,2.0,A01
201300055278,0,32,0,0.0,1.0,7.0,1.0,A01
201300055279,0,7,0,0.0,1.0,4.0,20.0,A01
201300055280,2,30,0,0.0,2.0,1.0,1.0,A01
201300055280,0,7,0,0.0,2.0,7.0,15.0,B01
201300055281,0,37,0,0.0,1.0,5.0,1.0,A01
201300055282,0,33,0,0.0,2.0,2.0,1.0,B01
201300055282,0,10,0,0.0,2.0,2.0,22.0,A01
201300055283,0,15,0,0.0,1.0,1.0,1.0,A01
201300055284,0,7,0,0.0,1.0,2.0,1.0,A01
201300055285,0,33,0,0.0,2.0,7.0,3.0,B01
201300055285,0,7,0,0.0,2.0,2.0,1.0,C01
201300055285,0,7,0,0.0,2.0,3.0,11.0,A01
201300055286,0,7,0,0.0,2.0,3.0,9.0,B01
201300055286,0,32,0,0.0,2.0,1.0,17.0,A01
201300055287,0,33,0,0.0,2.0,1.0,9.0,B01
201300055287,0,7,0,0.0,2.0,1.0,1.0,A01
201300055287,1,7,0,0.0,2.0,8.0,5.0,Z01
201300055288,0,7,0,0.0,1.0,3.0,1.0,A01
201300055289,0,2,0,15.0,1.0,2.0,1.0,A01
201300055290,0,30,0,0.0,1.0,1.0,7.0,A01
201300055291,0,7,0,0.0,2.0,3.0,9.0,A01
201300055291,0,30,0,0.0,2.0,1.0,1.0,B01
201300055292,0,7,0,0.0,2.0,4.0,23.0,B01
201300055292,0,7,0,0.0,2.0,1.0,1.0,A01
201300055293,1,2,0,0.0,1.0,1.0,1.0,Z01
201300055294,0,7,0,0.0,2.0,3.0,15.0,A01
201300055294,0,30,0,0.0,2.0,1.0,17.0,B01
201300055295,2,7,0,0.0,1.0,1.0,1.0,Z01
201300055296,0,7,0,0.0,1.0,1.0,1.0,A01
201300055297,0,32,0,0.0,0.0,0.0,1.0,A01
201300055298,0,10,0,1.0,2.0,7.0,1.0,B01
201300055298,0,7,0,0.0,2.0,1.0,10.0,A01
201300055299,0,1,0,0.0,2.0,1.0,1.0,B01
201300055299,0,1,0,0.0,2.0,1.0,5.0,A01
201300055300,0,31,0,1.0,2.0,3.0,1.0,B01
201300055300,0,10,0,0.0,2.0,5.0,15.0,A01
201300055301,0,7,0,0.0,2.0,0.0,17.0,B01
201300055301,0,33,0,0.0,2.0,8.0,16.0,A01
201300055302,0,7,0,0.0,1.0,2.0,9.0,A01
201300055303,0,1,0,0.0,2.0,1.0,2.0,B01
201300055303,0,7,0,0.0,2.0,4.0,23.0,A01
201300055304,0,10,0,0.0,2.0,1.0,2.0,B01
201300055304,0,7,0,0.0,2.0,4.0,23.0,A01
201300055305,0,33,0,1.0,2.0,2.0,17.0,B01
201300055305,0,10,0,0.0,2.0,3.0,13.0,A01
201300055306,0,7,0,0.0,1.0,1.0,17.0,A01
201300055307,0,7,0,0.0,1.0,1.0,16.0,A01
201300055308,0,7,0,0.0,2.0,1.0,1.0,B01
201300055308,0,32,0,0.0,2.0,5.0,15.0,A01
201300055309,0,7,0,0.0,1.0,1.0,1.0,A01
201300055310,0,7,0,0.0,1.0,1.0,1.0,A01
201300055311,0,30,0,0.0,2.0,7.0,1.0,B01
201300055311,0,7,0,0.0,2.0,3.0,9.0,A01
201300055312,0,31,0,0.0,2.0,1.0,7.0,A01
201300055312,0,33,0,0.0,2.0,2.0,15.0,B01
201300055313,0,10,0,0.0,1.0,1.0,15.0,A01
201300055314,0,10,0,0.0,1.0,4.0,1.0,A01
201300055315,0,7,0,0.0,2.0,1.0,1.0,B01
201300055315,0,2,0,0.0,2.0,1.0,5.0,A01
201300055316,0,7,0,0.0,2.0,2.0,16.0,B01
201300055316,0,31,0,0.0,2.0,3.0,18.0,A01
201300055317,0,7,0,0.0,1.0,3.0,1.0,A01
201300055318,0,7,0,0.0,1.0,1.0,17.0,A01
201300055319,0,2,0,1.0,2.0,7.0,17.0,B01
201300055319,0,7,0,0.0,2.0,3.0,15.0,A01
201300055319,0,30,0,0.0,2.0,1.0,1.0,C01
201300055320,0,7,0,0.0,2.0,1.0,1.0,A01
201300055320,0,10,0,0.0,0.0,4.0,1.0,B01
201300055321,1,30,0,0.0,1.0,0.0,1.0,Z01
201300055322,0,7,0,0.0,2.0,3.0,15.0,A01
201300055322,0,32,0,0.0,2.0,2.0,1.0,B01
201300055323,0,7,0,0.0,1.0,3.0,16.0,A01
201300055324,0,10,0,0.0,1.0,2.0,1.0,A01
201300055325,0,7,0,0.0,1.0,1.0,1.0,A01
201300055326,0,34,0,0.0,2.0,5.0,1.0,B01
201300055326,0,7,0,0.0,2.0,8.0,15.0,A01
201300055327,0,1,0,0.0,2.0,4.0,1.0,A01
201300055327,1,7,0,0.0,2.0,4.0,9.0,Z01
201300055328,2,7,0,0.0,2.0,1.0,2.0,Z01
201300055328,0,7,0,0.0,2.0,2.0,2.0,B01
201300055328,0,7,0,0.0,2.0,2.0,1.0,A01
201300055329,0,2,0,0.0,2.0,2.0,1.0,A01
201300055329,0,7,0,0.0,2.0,8.0,22.0,B01
201300055330,0,30,0,0.0,1.0,1.0,16.0,A01
201300055331,0,10,0,0.0,1.0,3.0,15.0,A01
201300055332,0,33,0,0.0,2.0,0.0,2.0,A01
201300055332,0,7,0,0.0,2.0,8.0,15.0,B01
201300055333,0,7,0,0.0,2.0,3.0,1.0,A01
201300055333,0,30,0,0.0,2.0,4.0,23.0,B01
201300055334,0,7,0,0.0,2.0,3.0,16.0,A01
201300055334,0,1,0,0.0,2.0,2.0,9.0,B01
201300055335,0,30,0,0.0,2.0,7.0,1.0,A01
201300055335,0,7,0,0.0,2.0,3.0,15.0,B01
201300055336,0,7,0,14.0,0.0,1.0,1.0,A01
201300055336,0,33,0,0.0,0.0,4.0,23.0,B01
201300055337,0,7,0,0.0,2.0,1.0,15.0,B01
201300055337,0,2,0,0.0,2.0,3.0,1.0,A01
201300055338,0,31,0,0.0,2.0,3.0,21.0,B01
201300055338,0,7,0,0.0,2.0,1.0,15.0,A01
201300055339,0,7,0,0.0,0.0,1.0,1.0,A01
201300055339,0,7,0,0.0,0.0,8.0,1.0,B01
201300055340,0,33,0,0.0,2.0,3.0,13.0,A01
201300055340,0,7,0,0.0,2.0,8.0,1.0,B01
201300055341,0,2,0,0.0,0.0,4.0,23.0,C01
201300055341,0,7,0,0.0,2.0,1.0,1.0,A01
201300055341,0,7,0,0.0,2.0,4.0,23.0,B01
201300055342,0,7,0,0.0,1.0,1.0,1.0,A01
201300055343,0,34,0,0.0,1.0,8.0,1.0,A01
201300055344,0,7,0,0.0,2.0,3.0,15.0,B01
201300055344,0,2,0,0.0,2.0,1.0,17.0,A01
201300055345,0,30,0,0.0,0.0,7.0,17.0,A01
201300055345,0,7,0,0.0,0.0,3.0,23.0,C01
201300055345,0,7,0,0.0,0.0,8.0,15.0,B01
201300055346,0,1,0,0.0,1.0,0.0,1.0,A01
201300055347,0,7,0,0.0,2.0,4.0,23.0,B01
201300055347,0,14,0,0.0,2.0,1.0,2.0,A01
201300055348,0,33,0,0.0,2.0,1.0,17.0,B01
201300055348,0,7,0,0.0,2.0,3.0,9.0,A01
201300055349,0,7,0,0.0,2.0,8.0,1.0,B01
201300055349,0,32,0,0.0,2.0,8.0,1.0,A01
201300055350,0,7,0,0.0,1.0,2.0,1.0,A01
201300055351,0,32,0,0.0,1.0,1.0,18.0,A01
201300055352,0,7,0,0.0,1.0,2.0,1.0,A01
201300055353,0,7,0,0.0,2.0,3.0,9.0,A01
201300055353,0,33,0,0.0,2.0,1.0,1.0,B01
201300055354,0,7,0,0.0,2.0,3.0,16.0,A01
201300055354,0,14,0,0.0,2.0,1.0,1.0,B01
201300055355,0,30,0,0.0,1.0,0.0,1.0,A01
201300055356,0,7,0,0.0,2.0,8.0,1.0,C01
201300055356,0,33,0,0.0,2.0,1.0,1.0,A01
201300055356,0,7,0,0.0,2.0,5.0,15.0,B01
201300055357,0,31,0,0.0,0.0,0.0,15.0,A01
201300055358,0,7,0,0.0,2.0,1.0,1.0,B01
201300055358,0,7,0,0.0,2.0,6.0,4.0,A01
201300055359,0,30,0,0.0,2.0,2.0,1.0,B01
201300055359,0,7,0,0.0,2.0,6.0,9.0,A01
201300055360,0,10,0,0.0,2.0,4.0,23.0,B01
201300055360,0,1,0,0.0,2.0,1.0,2.0,A01
201300055361,0,7,0,0.0,2.0,8.0,10.0,A01
201300055361,0,31,0,0.0,2.0,7.0,17.0,B01
201300055362,0,7,0,0.0,2.0,2.0,15.0,B01
201300055362,0,1,0,0.0,2.0,1.0,19.0,A01
201300055363,1,7,0,0.0,1.0,4.0,4.0,Z01
201300055364,0,7,0,1.0,0.0,3.0,14.0,A01
201300055365,0,33,0,0.0,2.0,2.0,17.0,A01
201300055365,0,7,0,0.0,2.0,3.0,13.0,B01
201300055366,0,7,0,0.0,2.0,3.0,9.0,A01
201300055366,0,31,0,0.0,2.0,2.0,1.0,B01
201300055367,0,7,0,0.0,2.0,0.0,2.0,C01
201300055367,0,34,0,0.0,2.0,0.0,2.0,A01
201300055367,0,7,0,0.0,2.0,0.0,1.0,D01
201300055367,0,34,0,0.0,2.0,0.0,2.0,B01
201300055368,0,37,1,0.0,1.0,2.0,1.0,A01
201300055369,0,7,0,0.0,2.0,8.0,15.0,A01
201300055369,0,31,0,0.0,2.0,2.0,17.0,B01
201300055370,0,34,0,0.0,0.0,2.0,18.0,A01
201300055370,0,7,0,0.0,0.0,3.0,9.0,B01
201300055371,0,32,0,0.0,0.0,8.0,21.0,A01
201300055372,0,2,0,0.0,2.0,1.0,18.0,A01
201300055372,0,7,0,0.0,9.0,2.0,16.0,B01
201300055373,0,34,0,0.0,2.0,1.0,1.0,B01
201300055373,0,34,0,0.0,2.0,1.0,1.0,C01
201300055373,0,7,0,0.0,2.0,3.0,9.0,A01
201300055374,0,10,0,0.0,1.0,1.0,1.0,A01
201300055375,0,7,0,0.0,2.0,2.0,14.0,A01
201300055375,0,31,0,0.0,2.0,3.0,1.0,B01
201300055376,0,1,0,0.0,1.0,1.0,1.0,A01
201300055377,0,34,0,0.0,1.0,2.0,1.0,A01
201300055378,0,7,0,0.0,1.0,2.0,1.0,A01
201300055379,0,7,0,0.0,2.0,4.0,20.0,A01
201300055379,0,1,0,0.0,2.0,0.0,9.0,B01
201300055380,0,1,0,0.0,2.0,6.0,19.0,B01
201300055380,0,7,0,0.0,2.0,3.0,15.0,A01
201300055381,0,7,0,0.0,2.0,6.0,15.0,B01
201300055381,0,33,0,0.0,2.0,0.0,17.0,A01
201300055382,0,7,0,0.0,1.0,3.0,15.0,A01
201300055383,0,7,0,0.0,2.0,1.0,15.0,B01
201300055383,0,33,0,0.0,2.0,3.0,1.0,A01
201300055384,0,7,0,0.0,2.0,2.0,1.0,A01
201300055384,0,2,0,0.0,2.0,3.0,18.0,B01
201300055385,0,32,0,0.0,2.0,0.0,23.0,B01
201300055385,1,7,0,0.0,2.0,6.0,1.0,Z01
201300055386,0,7,0,0.0,2.0,7.0,14.0,A01
201300055386,0,7,0,0.0,2.0,3.0,1.0,B01
201300055387,0,7,0,0.0,0.0,8.0,1.0,B01
201300055387,0,33,0,0.0,2.0,7.0,15.0,A01
201300055388,0,32,0,0.0,2.0,3.0,18.0,A01
201300055388,0,10,0,0.0,2.0,0.0,16.0,B01
201300055389,0,1,0,0.0,2.0,1.0,17.0,B01
201300055389,0,1,0,0.0,2.0,8.0,15.0,A01
201300055390,0,10,0,0.0,2.0,0.0,1.0,B01
201300055390,0,7,0,0.0,2.0,1.0,1.0,A01
201300055391,1,30,0,1.0,0.0,1.0,1.0,A01
201300055392,1,7,0,0.0,1.0,2.0,2.0,A01
201300055393,0,31,0,12.0,0.0,0.0,1.0,A01
201300055394,0,7,0,0.0,2.0,5.0,1.0,A01
201300055394,0,30,0,0.0,2.0,3.0,1.0,B01
201300055395,1,33,0,0.0,1.0,8.0,1.0,Z01
201300055396,0,30,0,1.0,0.0,2.0,21.0,A01
201300055397,0,1,0,0.0,2.0,1.0,5.0,A01
201300055397,0,2,0,0.0,2.0,3.0,9.0,B01
201300055398,0,7,0,0.0,2.0,1.0,1.0,B01
201300055398,0,1,0,0.0,2.0,7.0,1.0,A01
201300055399,0,14,0,0.0,1.0,1.0,2.0,A01
201300055399,0,14,0,0.0,2.0,4.0,23.0,B01
201300055400,0,10,0,0.0,2.0,5.0,14.0,A01
201300055400,0,31,0,0.0,2.0,3.0,1.0,B01
201300055401,0,7,0,0.0,1.0,1.0,1.0,A01
201300055402,0,32,0,0.0,1.0,1.0,0.0,A01
201300055403,2,7,0,0.0,0.0,2.0,16.0,A01
201300055403,0,2,0,0.0,0.0,0.0,1.0,B01
201300055404,0,33,0,0.0,1.0,1.0,18.0,A01
201300055405,0,7,0,0.0,2.0,4.0,2.0,A01
201300055405,0,33,0,0.0,2.0,4.0,23.0,B01
201300055406,0,7,0,8.0,0.0,4.0,23.0,A01
201300055406,1,7,0,0.0,2.0,1.0,1.0,Z01
201300055407,0,10,0,0.0,1.0,8.0,15.0,A01
201300055408,0,10,0,0.0,1.0,3.0,1.0,A01
201300055409,0,2,0,0.0,2.0,1.0,15.0,A01
201300055409,0,7,0,0.0,2.0,2.0,1.0,B01
201300055410,0,32,0,1.0,0.0,1.0,1.0,A01
201300055411,0,7,0,0.0,1.0,8.0,1.0,A01
201300055412,0,33,0,0.0,2.0,1.0,1.0,B01
201300055412,0,10,0,0.0,2.0,3.0,9.0,A01
201300055413,0,2,0,0.0,2.0,7.0,17.0,A01
201300055413,0,10,0,0.0,2.0,8.0,15.0,B01
201300055414,0,7,0,0.0,1.0,3.0,1.0,A01
201300055415,0,33,0,0.0,2.0,1.0,7.0,A01
201300055415,0,7,0,0.0,2.0,2.0,16.0,B01
201300055416,0,7,0,0.0,2.0,2.0,16.0,A01
201300055416,0,33,0,0.0,2.0,3.0,1.0,B01
201300055417,0,32,0,0.0,2.0,2.0,1.0,A01
201300055417,0,7,0,0.0,2.0,6.0,10.0,B01
201300055418,0,30,0,0.0,2.0,0.0,21.0,A01
201300055419,0,33,0,0.0,2.0,1.0,1.0,B01
201300055419,0,7,0,0.0,2.0,0.0,15.0,A01
201300055420,0,7,0,0.0,2.0,2.0,12.0,A01
201300055420,0,33,0,0.0,2.0,3.0,3.0,B01
201300055421,0,7,0,0.0,0.0,3.0,10.0,A01
201300055421,0,34,0,0.0,2.0,2.0,17.0,B01
201300055422,0,7,0,0.0,0.0,6.0,1.0,C01
201300055422,0,34,0,0.0,0.0,3.0,3.0,B01
201300055422,0,7,0,0.0,0.0,2.0,12.0,A01
201300055423,0,7,0,0.0,2.0,3.0,15.0,A01
201300055423,0,32,0,0.0,2.0,1.0,1.0,B01
201300055424,0,7,0,0.0,2.0,4.0,23.0,C01
201300055424,0,7,0,0.0,2.0,4.0,23.0,B01
201300055424,0,10,0,0.0,2.0,1.0,1.0,A01
201300055425,0,2,0,0.0,0.0,0.0,1.0,A01
201300055426,0,30,0,0.0,2.0,9.0,1.0,A01
201300055426,0,7,0,0.0,2.0,3.0,9.0,B01
201300055427,0,7,0,0.0,2.0,1.0,2.0,A01
201300055427,0,7,0,0.0,2.0,4.0,2.0,B01
201300055428,2,2,0,0.0,1.0,0.0,1.0,Z01
201300055429,0,7,0,0.0,1.0,2.0,1.0,A01
201300055430,0,30,0,0.0,1.0,1.0,1.0,A01
201300055431,0,7,0,0.0,2.0,8.0,9.0,A01
201300055431,0,31,0,0.0,2.0,1.0,1.0,B01
201300055432,0,7,0,0.0,1.0,1.0,1.0,A01
201300055433,0,1,0,0.0,0.0,0.0,21.0,A01
201300055434,0,34,0,0.0,2.0,1.0,1.0,B01
201300055434,0,7,0,0.0,0.0,4.0,16.0,A01
201300055435,0,1,0,0.0,2.0,8.0,15.0,B01
201300055435,0,7,0,0.0,9.0,7.0,16.0,A01
201300055436,0,32,0,0.0,1.0,7.0,1.0,A01
201300055437,0,30,0,0.0,2.0,1.0,2.0,A01
201300055437,0,10,0,0.0,2.0,4.0,23.0,B01
201300055438,0,7,0,0.0,1.0,2.0,1.0,A01
201300055439,0,30,0,0.0,0.0,0.0,1.0,A01
201300055439,0,7,0,0.0,0.0,4.0,23.0,B01
201300055440,0,7,0,0.0,1.0,1.0,1.0,A01
201300055441,0,1,0,0.0,1.0,1.0,1.0,A01
201300055442,0,7,0,0.0,9.0,6.0,20.0,B01
201300055442,0,1,0,0.0,2.0,1.0,1.0,A01
201300055443,0,31,0,0.0,1.0,1.0,1.0,A01
201300055444,0,7,0,0.0,0.0,3.0,1.0,C01
201300055444,0,7,0,0.0,0.0,0.0,1.0,A01
201300055444,0,7,0,0.0,0.0,4.0,23.0,B01
201300055445,0,2,0,0.0,1.0,1.0,1.0,A01
201300055446,0,32,0,0.0,0.0,7.0,16.0,B01
201300055446,0,7,0,0.0,2.0,3.0,18.0,A01
201300055447,0,1,0,14.0,0.0,1.0,1.0,A01
201300055448,0,10,0,0.0,2.0,0.0,1.0,A01
201300055448,0,10,0,0.0,0.0,4.0,23.0,B01
201300055449,0,34,0,1.0,0.0,2.0,1.0,A01
201300055450,0,32,0,0.0,1.0,1.0,17.0,A01
201300055451,0,7,0,0.0,1.0,1.0,1.0,A01
201300055452,0,7,0,0.0,2.0,6.0,1.0,B01
201300055452,0,32,0,0.0,1.0,1.0,17.0,A01
201300055453,0,10,0,0.0,0.0,4.0,1.0,B01
201300055453,0,33,0,0.0,2.0,1.0,1.0,A01
201300055454,0,7,0,0.0,1.0,1.0,15.0,A01
201300055455,0,7,0,15.0,0.0,1.0,14.0,A01
201300055456,0,7,0,0.0,1.0,1.0,15.0,A01
201300055457,0,7,0,0.0,2.0,2.0,9.0,A01
201300055457,0,31,0,0.0,2.0,3.0,1.0,B01
201300055458,0,10,0,0.0,2.0,8.0,15.0,B01
201300055458,0,34,0,0.0,2.0,1.0,17.0,A01
201300055459,0,7,0,0.0,1.0,3.0,15.0,A01
201300055460,0,31,0,0.0,2.0,1.0,1.0,B01
201300055460,0,7,0,0.0,2.0,6.0,10.0,A01
201300055461,0,30,0,0.0,2.0,3.0,11.0,B01
201300055461,0,7,0,0.0,2.0,7.0,23.0,C01
201300055461,0,37,1,0.0,2.0,6.0,23.0,D01
201300055461,0,32,0,0.0,2.0,2.0,3.0,A01
201300055462,0,2,0,0.0,0.0,4.0,23.0,B01
201300055462,0,7,0,0.0,0.0,1.0,1.0,A01
201300055463,2,7,0,8.0,0.0,1.0,1.0,A01
201300055464,0,2,0,0.0,2.0,1.0,1.0,B01
201300055464,0,7,0,0.0,0.0,3.0,9.0,A01
201300055465,0,7,0,0.0,2.0,1.0,2.0,A01
201300055465,0,33,0,0.0,2.0,0.0,2.0,B01
201300055466,0,32,0,12.0,0.0,1.0,21.0,A01
201300055467,1,32,0,0.0,1.0,1.0,0.0,Z01
201300055468,0,34,0,0.0,1.0,1.0,1.0,A01
201300055469,0,7,0,0.0,2.0,7.0,14.0,A01
201300055469,0,33,0,0.0,2.0,7.0,1.0,B01
201300055470,0,2,0,0.0,2.0,1.0,15.0,A01
201300055470,0,1,0,0.0,2.0,1.0,1.0,B01
201300055471,2,31,0,0.0,1.0,1.0,1.0,A01
201300055472,0,7,0,0.0,0.0,3.0,9.0,A01
201300055472,0,33,0,0.0,0.0,2.0,1.0,B01
201300055473,0,10,0,0.0,2.0,5.0,16.0,B01
201300055473,0,2,0,0.0,2.0,1.0,18.0,A01
201300055474,0,7,0,0.0,2.0,2.0,1.0,A01
201300055474,0,34,0,0.0,2.0,5.0,18.0,B01
201300055475,0,7,0,0.0,2.0,2.0,1.0,A01
201300055475,0,2,0,0.0,2.0,1.0,1.0,B01
201300055476,0,10,0,0.0,9.0,8.0,22.0,A01
201300055476,0,1,0,1.0,0.0,2.0,1.0,B01
201300055477,1,7,0,0.0,1.0,1.0,1.0,Z01
201300055478,0,33,0,0.0,2.0,1.0,17.0,B01
201300055478,0,7,0,0.0,2.0,3.0,23.0,C01
201300055478,0,7,0,0.0,0.0,8.0,9.0,A01
201300055479,0,10,0,0.0,2.0,2.0,22.0,A01
201300055479,0,1,0,0.0,2.0,8.0,18.0,B01
201300055480,0,33,0,0.0,2.0,5.0,1.0,B01
201300055480,0,7,0,0.0,2.0,5.0,1.0,A01
201300055481,0,7,0,0.0,1.0,1.0,1.0,A01
201300055482,0,33,0,0.0,0.0,7.0,7.0,A01
201300055483,0,7,0,0.0,1.0,4.0,4.0,A01
201300055484,0,7,0,0.0,2.0,1.0,17.0,A01
201300055484,0,2,0,0.0,2.0,8.0,1.0,B01
201300055485,0,33,0,0.0,2.0,2.0,17.0,B01
201300055485,0,10,0,0.0,2.0,8.0,15.0,A01
201300055486,0,7,0,0.0,2.0,4.0,4.0,B01
201300055486,0,7,0,0.0,2.0,3.0,15.0,A01
201300055487,0,7,0,0.0,9.0,2.0,16.0,A01
201300055487,0,1,0,0.0,2.0,8.0,1.0,B01
201300055488,0,2,0,0.0,2.0,1.0,11.0,B01
201300055488,0,7,0,0.0,0.0,6.0,23.0,A01
201300055489,0,7,0,0.0,1.0,8.0,1.0,A01
201300055490,0,7,0,0.0,2.0,2.0,15.0,A01
201300055490,0,32,0,0.0,2.0,2.0,1.0,B01
201300055491,0,7,0,0.0,2.0,2.0,9.0,A01
201300055491,0,32,0,1.0,2.0,1.0,1.0,B01
201300055492,0,7,0,0.0,2.0,1.0,1.0,A01
201300055492,0,33,0,0.0,0.0,4.0,23.0,B01
201300055493,0,2,0,0.0,0.0,3.0,1.0,A01
201300055494,0,10,0,0.0,2.0,5.0,23.0,C01
201300055494,0,10,0,0.0,2.0,1.0,1.0,A01
201300055494,0,10,0,0.0,2.0,9.0,23.0,B01
201300055495,0,34,0,0.0,2.0,2.0,1.0,B01
201300055495,0,7,0,0.0,2.0,6.0,9.0,A01
201300055496,0,32,0,0.0,2.0,1.0,1.0,B01
201300055496,0,7,0,0.0,2.0,3.0,9.0,A01
201300055497,1,10,0,0.0,2.0,3.0,1.0,Z01
201300055497,0,1,0,0.0,2.0,3.0,5.0,A01
201300055498,1,7,0,0.0,2.0,3.0,9.0,Z01
201300055498,0,30,0,0.0,2.0,7.0,17.0,A01
201300055499,1,7,0,8.0,1.0,0.0,1.0,Z01
201300055500,0,7,0,0.0,2.0,2.0,16.0,B01
201300055500,0,2,0,0.0,2.0,3.0,18.0,A01
201300055501,0,7,0,0.0,2.0,1.0,16.0,A01
201300055501,0,1,0,0.0,2.0,8.0,1.0,B01
201300055502,0,7,0,0.0,2.0,1.0,17.0,A01
201300055502,0,7,0,0.0,2.0,3.0,15.0,B01
201300055503,0,33,0,0.0,2.0,4.0,23.0,B01
201300055503,0,7,0,0.0,2.0,1.0,2.0,A01
201300055504,0,31,0,0.0,2.0,1.0,1.0,B01
201300055504,0,7,0,0.0,2.0,3.0,1.0,A01
201300055505,0,30,0,0.0,2.0,1.0,5.0,A01
201300055505,1,7,0,0.0,2.0,1.0,1.0,Z01
201300055506,0,31,0,1.0,0.0,1.0,14.0,A01
201300055507,0,10,0,0.0,1.0,3.0,15.0,A01
201300055508,0,31,0,0.0,2.0,7.0,17.0,A01
201300055508,0,7,0,0.0,2.0,8.0,15.0,B01
201300055509,0,7,0,0.0,2.0,3.0,13.0,A01
201300055509,0,32,0,0.0,2.0,2.0,17.0,B01
201300055510,0,7,0,1.0,0.0,2.0,14.0,A01
201300055511,1,32,0,0.0,2.0,0.0,2.0,Z01
201300055511,0,31,0,0.0,2.0,4.0,23.0,A01
201300055512,0,33,0,0.0,0.0,0.0,1.0,A01
201300055513,0,30,0,0.0,2.0,7.0,1.0,A01
201300055513,1,7,0,0.0,2.0,1.0,1.0,Z01
201300055514,0,7,0,0.0,1.0,2.0,16.0,A01
201300055515,0,10,0,0.0,2.0,5.0,2.0,A01
201300055515,2,7,0,8.0,2.0,9.0,16.0,Z01
201300055516,0,30,0,15.0,0.0,0.0,1.0,A01
201300055517,0,33,0,1.0,0.0,0.0,1.0,A01
201300055518,0,31,0,0.0,2.0,1.0,1.0,A01
201300055518,0,7,0,0.0,2.0,6.0,1.0,B01
201300055519,1,10,0,0.0,2.0,1.0,2.0,Z01
201300055519,0,7,0,0.0,2.0,4.0,2.0,A01
201300055520,0,7,0,0.0,1.0,1.0,1.0,A01
201300055521,0,32,0,0.0,2.0,3.0,13.0,A01
201300055521,0,33,0,0.0,2.0,3.0,1.0,B01
201300055522,0,7,0,0.0,2.0,3.0,22.0,A01
201300055522,0,32,0,1.0,2.0,1.0,1.0,B01
201300055523,0,7,0,0.0,2.0,5.0,2.0,B01
201300055523,0,7,0,0.0,2.0,1.0,2.0,A01
201300055523,0,10,0,0.0,2.0,6.0,2.0,C01
201300055524,0,7,0,0.0,2.0,4.0,2.0,B01
201300055524,0,7,0,0.0,2.0,1.0,2.0,A01
201300055525,1,7,0,0.0,2.0,1.0,1.0,Z01