Num_Acc,senc,catv,occutc,obs,obsm,choc,manv,num_veh
201300055525,0,33,0,0.0,2.0,8.0,1.0,A01
201300055526,0,7,0,0.0,2.0,3.0,15.0,B01
201300055526,0,32,0,0.0,2.0,7.0,1.0,A01
201300055527,0,7,0,0.0,1.0,1.0,16.0,A01
201300055528,0,33,0,0.0,2.0,2.0,17.0,A01
201300055528,0,7,0,0.0,2.0,3.0,15.0,B01
201300055529,0,7,0,0.0,2.0,1.0,2.0,A01
201300055529,0,7,0,0.0,2.0,4.0,2.0,B01
201300055530,0,7,0,0.0,1.0,1.0,1.0,A01
201300055531,0,30,0,0.0,2.0,1.0,1.0,B01
201300055531,0,10,0,0.0,2.0,7.0,15.0,A01
201300055532,0,7,0,0.0,9.0,1.0,13.0,A01
201300055532,0,1,0,0.0,2.0,4.0,1.0,B01
201300055533,0,14,0,0.0,2.0,3.0,2.0,B01
201300055533,0,32,0,0.0,2.0,0.0,2.0,A01
201300055534,0,7,0,0.0,2.0,3.0,16.0,B01
201300055534,0,10,0,0.0,2.0,5.0,16.0,A01
201300055535,0,7,0,0.0,1.0,7.0,1.0,A01
201300055536,0,7,0,0.0,2.0,5.0,1.0,A01
201300055536,0,33,0,0.0,2.0,8.0,1.0,B01
201300055537,0,7,0,0.0,1.0,6.0,20.0,A01
201300055538,0,1,0,0.0,2.0,7.0,19.0,A01
201300055538,1,7,0,0.0,2.0,2.0,1.0,Z01
201300055539,0,7,0,0.0,2.0,4.0,1.0,A01
201300055539,1,14,0,0.0,2.0,1.0,1.0,Z01
201300055540,0,7,0,0.0,2.0,5.0,1.0,A01
201300055540,0,30,0,0.0,2.0,1.0,1.0,B01
201300055541,0,30,0,0.0,2.0,1.0,13.0,A01
201300055541,0,7,0,0.0,2.0,2.0,1.0,B01
201300055542,0,7,0,0.0,1.0,1.0,1.0,A01
201300055543,0,7,0,0.0,2.0,2.0,1.0,A01
201300055543,0,7,0,0.0,2.0,5.0,23.0,B01
201300055544,0,7,0,0.0,2.0,1.0,1.0,A01
201300055544,0,7,0,0.0,2.0,4.0,23.0,B01
201300055545,0,32,0,0.0,0.0,2.0,1.0,A01
201300055546,1,7,0,0.0,1.0,3.0,1.0,Z01
201300055547,0,7,0,0.0,2.0,4.0,23.0,B01
201300055547,0,7,0,0.0,0.0,4.0,23.0,C01
201300055547,0,7,0,0.0,2.0,1.0,1.0,A01
201300055548,0,10,0,0.0,2.0,1.0,1.0,A01
201300055548,0,7,0,0.0,2.0,4.0,2.0,B01
201300055549,0,7,0,0.0,1.0,1.0,1.0,A01
201300055550,0,30,0,0.0,1.0,1.0,17.0,A01
201300055551,0,33,0,0.0,2.0,7.0,1.0,B01
201300055551,0,10,0,0.0,2.0,6.0,16.0,A01
201300055552,0,7,0,0.0,2.0,3.0,1.0,B01
201300055552,0,34,0,0.0,2.0,5.0,17.0,A01
201300055553,0,7,0,0.0,2.0,3.0,15.0,A01
201300055553,0,34,0,0.0,2.0,7.0,17.0,B01
201300055554,0,31,0,0.0,2.0,2.0,3.0,A01
201300055554,0,7,0,0.0,0.0,3.0,1.0,B01
201300055555,0,34,0,0.0,1.0,1.0,1.0,A01
201300055556,0,1,0,0.0,1.0,1.0,1.0,A01
201300055557,0,7,0,0.0,2.0,2.0,10.0,A01
201300055557,0,1,0,0.0,2.0,1.0,1.0,B01
201300055558,0,30,0,0.0,1.0,1.0,1.0,A01
201300055559,0,7,0,0.0,2.0,1.0,1.0,B01
201300055559,0,7,0,0.0,2.0,7.0,1.0,A01
201300055560,0,1,0,0.0,2.0,1.0,1.0,B01
201300055560,0,7,0,0.0,2.0,8.0,22.0,A01
201300055561,1,7,0,0.0,1.0,0.0,1.0,Z01
201300055562,0,7,0,0.0,2.0,6.0,1.0,B01
201300055562,0,7,0,0.0,2.0,1.0,1.0,A01
201300055563,0,33,0,0.0,0.0,0.0,21.0,A01
201300055564,0,30,0,0.0,0.0,0.0,1.0,A01
201300055565,0,7,0,0.0,2.0,8.0,1.0,B01
201300055565,0,32,0,0.0,2.0,1.0,1.0,A01
201300055566,0,7,0,0.0,1.0,0.0,15.0,A01
201300055567,0,7,0,0.0,0.0,5.0,23.0,B01
201300055567,0,7,0,0.0,0.0,3.0,1.0,A01
201300055568,0,7,0,0.0,2.0,4.0,9.0,A01
201300055568,0,3,0,0.0,2.0,1.0,1.0,B01
201300055569,0,31,0,0.0,2.0,8.0,1.0,B01
201300055569,0,7,0,0.0,2.0,3.0,13.0,A01
201300055570,0,7,0,0.0,2.0,2.0,1.0,A01
201300055570,1,7,0,0.0,2.0,3.0,5.0,Z01
201300055571,0,30,0,0.0,1.0,0.0,1.0,A01
201300055572,0,7,0,0.0,1.0,1.0,1.0,A01
201300055573,0,30,0,14.0,0.0,1.0,1.0,A01
201300055574,0,7,0,0.0,2.0,2.0,1.0,B01
201300055574,0,31,0,0.0,2.0,6.0,1.0,A01
201300055575,0,32,0,0.0,1.0,1.0,1.0,A01
201300055576,0,37,1,0.0,1.0,2.0,1.0,A01
201300055577,0,33,0,0.0,2.0,7.0,16.0,A01
201300055578,0,7,0,0.0,2.0,2.0,1.0,B01
201300055578,0,31,0,0.0,2.0,1.0,1.0,A01
201300055579,0,1,0,0.0,1.0,1.0,7.0,A01
201300055580,0,32,0,0.0,1.0,1.0,1.0,A01
201300055581,0,1,0,1.0,0.0,8.0,1.0,B01
201300055581,0,7,0,0.0,0.0,8.0,22.0,A01
201300055582,0,7,0,0.0,2.0,2.0,1.0,A01
201300055582,0,7,0,0.0,2.0,8.0,1.0,B01
201300055583,0,32,0,1.0,2.0,1.0,1.0,B01
201300055583,0,7,0,0.0,9.0,3.0,9.0,A01
201300055584,0,7,0,0.0,0.0,3.0,11.0,A01
201300055584,0,33,0,0.0,0.0,7.0,1.0,B01
201300055585,0,10,0,0.0,1.0,4.0,4.0,A01
201300055586,0,2,0,0.0,2.0,3.0,23.0,B01
201300055586,0,10,0,0.0,2.0,6.0,4.0,A01
201300055587,1,7,0,0.0,1.0,0.0,1.0,Z01
201300055588,0,33,0,0.0,9.0,1.0,21.0,A01
201300055589,0,7,0,0.0,1.0,1.0,1.0,A01
201300055590,0,32,0,0.0,9.0,1.0,21.0,A01
201300055591,0,32,0,0.0,2.0,7.0,1.0,A01
201300055591,1,7,0,0.0,2.0,3.0,1.0,Z01
201300055592,0,31,0,0.0,0.0,0.0,1.0,A01
201300055593,0,7,0,0.0,2.0,8.0,1.0,B01
201300055593,0,32,0,0.0,2.0,7.0,12.0,A01
201300055594,0,30,0,0.0,2.0,1.0,23.0,A01
201300055594,1,7,0,0.0,2.0,1.0,15.0,Z01
201300055595,0,7,0,0.0,1.0,3.0,1.0,A01
201300055596,0,1,0,0.0,1.0,2.0,7.0,A01
201300055597,0,7,0,0.0,2.0,4.0,23.0,B01
201300055597,0,32,0,0.0,2.0,1.0,2.0,A01
201300055598,0,32,0,0.0,1.0,1.0,1.0,A01
201300055599,0,7,0,0.0,2.0,3.0,15.0,B01
201300055599,0,2,0,0.0,2.0,1.0,17.0,A01
201300055600,0,30,0,0.0,2.0,1.0,1.0,A01
201300055600,0,7,0,0.0,2.0,1.0,15.0,B01
201300055601,0,30,0,0.0,0.0,8.0,1.0,A01
201300055602,0,7,0,0.0,2.0,8.0,9.0,A01
201300055602,0,30,0,0.0,2.0,3.0,1.0,B01
201300055603,0,7,0,0.0,1.0,8.0,1.0,A01
201300055604,1,7,0,10.0,1.0,4.0,1.0,Z01
201300055605,0,31,0,0.0,1.0,1.0,1.0,A01
201300055606,0,7,0,0.0,1.0,0.0,1.0,A01
201300055607,0,2,0,0.0,2.0,1.0,17.0,A01
201300055607,0,7,0,0.0,2.0,8.0,15.0,B01
201300055608,0,7,0,0.0,1.0,4.0,4.0,A01
201300055609,0,33,0,0.0,2.0,8.0,1.0,A01
201300055609,1,7,0,0.0,0.0,2.0,1.0,Z01
201300055610,0,1,0,0.0,2.0,1.0,1.0,A01
201300055610,0,10,0,0.0,2.0,3.0,1.0,B01
201300055611,0,7,0,0.0,2.0,8.0,15.0,A01
201300055611,0,30,0,0.0,2.0,2.0,17.0,B01
201300055612,0,3,0,0.0,2.0,7.0,15.0,A01
201300055612,0,32,0,0.0,2.0,1.0,1.0,B01
201300055613,0,7,0,0.0,1.0,2.0,1.0,A01
201300055614,0,30,0,0.0,2.0,8.0,18.0,B01
201300055614,0,7,0,0.0,2.0,1.0,15.0,A01
201300055615,0,7,0,4.0,0.0,3.0,15.0,A01
201300055616,0,7,0,0.0,2.0,3.0,1.0,A01
201300055616,0,7,0,0.0,2.0,2.0,16.0,B01
201300055617,0,31,0,0.0,1.0,1.0,1.0,A01
201300055618,0,7,0,0.0,2.0,3.0,15.0,A01
201300055618,0,7,0,0.0,2.0,2.0,1.0,B01
201300055619,0,7,0,0.0,1.0,3.0,1.0,A01
201300055620,0,7,0,0.0,1.0,8.0,1.0,A01
201300055621,0,1,0,0.0,1.0,1.0,1.0,A01
201300055622,0,31,0,0.0,1.0,2.0,1.0,A01
201300055623,0,31,0,0.0,2.0,3.0,1.0,B01
201300055623,0,7,0,0.0,2.0,2.0,13.0,A01
201300055624,0,10,0,0.0,1.0,2.0,1.0,A01
201300055625,0,7,0,0.0,2.0,2.0,2.0,A01
201300055625,0,1,0,0.0,2.0,4.0,2.0,B01
201300055626,0,10,0,0.0,1.0,4.0,20.0,A01
201300055627,0,7,0,0.0,2.0,5.0,14.0,A01
201300055627,0,1,0,0.0,2.0,5.0,1.0,B01
201300055628,0,32,0,0.0,1.0,1.0,1.0,A01
201300055629,0,30,0,1.0,0.0,1.0,13.0,A01
201300055630,0,10,0,0.0,1.0,2.0,1.0,A01
201300055631,0,7,0,0.0,1.0,2.0,1.0,A01
201300055632,1,7,0,0.0,1.0,7.0,1.0,Z01
201300055633,0,31,0,0.0,1.0,1.0,1.0,A01
201300055634,0,31,0,12.0,0.0,1.0,13.0,A01
201300055635,0,7,0,0.0,2.0,0.0,1.0,A01
201300055635,0,32,0,0.0,2.0,0.0,17.0,B01
201300055636,0,30,0,0.0,2.0,7.0,1.0,B01
201300055636,0,7,0,0.0,2.0,1.0,1.0,A01
201300055637,0,7,0,0.0,1.0,5.0,4.0,A01
201300055638,1,1,0,0.0,1.0,0.0,1.0,Z01
201300055639,0,32,0,0.0,0.0,1.0,1.0,B01
201300055639,0,7,0,0.0,0.0,5.0,1.0,A01
201300055640,0,7,0,0.0,9.0,2.0,1.0,A01
201300055640,0,2,0,0.0,2.0,1.0,1.0,B01
201300055641,1,30,0,0.0,2.0,1.0,5.0,Z01
201300055641,0,7,0,0.0,9.0,2.0,9.0,A01
201300055642,0,2,0,11.0,0.0,3.0,1.0,A01
201300055643,2,7,0,0.0,2.0,1.0,1.0,Z01
201300055643,0,7,0,0.0,2.0,3.0,1.0,A01
201300055644,0,32,0,0.0,2.0,2.0,17.0,A01
201300055644,0,7,0,0.0,9.0,6.0,17.0,B01
201300055645,0,31,0,0.0,0.0,7.0,1.0,A01
201300055646,0,7,0,0.0,1.0,3.0,15.0,A01
201300055647,0,7,0,0.0,2.0,8.0,15.0,B01
201300055647,0,32,0,0.0,2.0,1.0,1.0,A01
201300055648,0,37,1,0.0,2.0,6.0,23.0,B01
201300055648,0,7,0,0.0,2.0,2.0,17.0,A01
201300055649,0,31,0,0.0,0.0,8.0,1.0,A01
201300055650,1,32,0,0.0,1.0,1.0,17.0,Z01
201300055651,0,30,0,0.0,0.0,0.0,1.0,A01
201300055652,0,1,0,0.0,1.0,1.0,1.0,A01
201300055653,0,7,0,0.0,2.0,5.0,23.0,B01
201300055653,0,2,0,0.0,2.0,1.0,2.0,A01
201300055654,0,10,0,0.0,1.0,3.0,17.0,A01
201300055655,0,7,0,0.0,2.0,1.0,1.0,B01
201300055655,0,7,0,0.0,2.0,2.0,1.0,A01
201300055656,0,7,0,0.0,2.0,2.0,1.0,A01
201300055656,0,1,0,0.0,2.0,1.0,1.0,B01
201300055657,0,7,0,0.0,2.0,1.0,1.0,B01
201300055657,0,2,0,0.0,2.0,1.0,5.0,A01
201300055658,0,7,0,0.0,2.0,7.0,15.0,B01
201300055658,0,33,0,0.0,2.0,2.0,1.0,A01
201300055659,0,7,0,0.0,2.0,0.0,1.0,A01
201300055659,0,1,0,0.0,2.0,0.0,1.0,B01
201300055660,0,7,0,0.0,2.0,1.0,15.0,A01
201300055660,0,1,0,0.0,2.0,8.0,1.0,B01
201300055661,0,10,0,0.0,1.0,1.0,15.0,A01
201300055662,0,31,0,0.0,0.0,0.0,1.0,A01
201300055663,1,7,0,0.0,1.0,4.0,4.0,Z01
201300055664,0,10,0,0.0,2.0,5.0,23.0,B01
201300055664,0,7,0,0.0,2.0,3.0,2.0,A01
201300055665,0,7,0,0.0,2.0,8.0,15.0,A01
201300055665,0,34,0,0.0,2.0,1.0,17.0,B01
201300055666,1,32,0,0.0,1.0,2.0,1.0,Z01
201300055667,1,34,0,0.0,1.0,1.0,1.0,Z01
201300055668,0,1,0,0.0,1.0,1.0,1.0,A01
201300055669,0,33,0,0.0,2.0,1.0,2.0,A01
201300055669,0,33,0,0.0,2.0,4.0,16.0,B01
201300055670,0,13,0,0.0,2.0,1.0,2.0,A01
201300055670,0,7,0,0.0,2.0,4.0,23.0,B01
201300055671,0,7,0,0.0,1.0,4.0,4.0,A01
201300055672,1,1,0,0.0,1.0,1.0,1.0,Z01
201300055673,0,7,0,0.0,2.0,6.0,23.0,B01
201300055673,0,2,0,0.0,2.0,2.0,2.0,A01
201300055674,0,7,0,0.0,1.0,3.0,1.0,A01
201300055675,0,7,0,8.0,0.0,8.0,1.0,B01
201300055675,0,7,0,0.0,0.0,2.0,1.0,A01
201300055676,0,2,0,0.0,2.0,1.0,1.0,A01
201300055676,0,7,0,0.0,0.0,6.0,15.0,B01
201300055677,1,1,0,0.0,1.0,1.0,5.0,Z01
201300055678,0,7,0,0.0,9.0,1.0,1.0,A01
201300055678,0,1,0,0.0,2.0,8.0,1.0,B01
201300055679,0,37,50,0.0,0.0,0.0,21.0,A01
201300055680,0,31,0,0.0,0.0,1.0,1.0,A01
201300055681,0,7,0,0.0,2.0,3.0,15.0,A01
201300055681,0,7,0,0.0,2.0,3.0,1.0,B01
201300055682,0,32,0,0.0,2.0,8.0,17.0,A01
201300055682,0,7,0,0.0,2.0,4.0,1.0,B01
201300055683,0,31,0,0.0,2.0,8.0,11.0,A01
201300055683,1,7,0,0.0,2.0,8.0,1.0,Z01
201300055684,0,32,0,0.0,2.0,1.0,2.0,A01
201300055684,0,14,0,0.0,2.0,6.0,2.0,B01
201300055685,0,32,0,0.0,2.0,1.0,18.0,A01
201300055685,0,7,0,0.0,2.0,2.0,15.0,B01
201300055686,0,7,0,0.0,2.0,7.0,17.0,A01
201300055686,0,1,0,0.0,2.0,8.0,1.0,B01
201300055687,0,7,0,0.0,2.0,1.0,15.0,A01
201300055687,0,7,0,7.0,2.0,6.0,1.0,B01
201300055688,0,7,0,0.0,1.0,1.0,1.0,A01
201300055689,0,32,0,0.0,1.0,1.0,1.0,A01
201300055690,0,31,0,0.0,2.0,1.0,17.0,A01
201300055690,0,7,0,0.0,2.0,8.0,15.0,B01
201300055691,0,7,0,0.0,2.0,3.0,15.0,A01
201300055691,0,33,0,0.0,2.0,7.0,17.0,B01
201300055692,0,7,0,0.0,1.0,1.0,1.0,A01
201300055693,0,7,0,0.0,2.0,2.0,2.0,A01
201300055693,0,30,0,0.0,2.0,6.0,2.0,B01
201300055694,0,7,0,0.0,2.0,8.0,15.0,A01
201300055694,0,1,0,0.0,2.0,2.0,1.0,B01
201300055695,0,33,0,0.0,1.0,1.0,5.0,A01
201300055696,0,10,0,0.0,1.0,7.0,1.0,A01
201300055697,0,7,0,0.0,1.0,3.0,1.0,A01
201300055698,0,10,0,0.0,2.0,8.0,13.0,A01
201300055698,0,31,0,0.0,2.0,2.0,1.0,B01
201300055699,0,7,0,0.0,2.0,7.0,16.0,B01
201300055699,0,31,0,0.0,2.0,3.0,18.0,A01
201300055700,0,32,0,8.0,0.0,0.0,21.0,A01
201300055701,0,33,0,0.0,2.0,1.0,18.0,A01
201300055701,0,7,0,0.0,2.0,7.0,16.0,B01
201300055702,0,7,0,0.0,2.0,2.0,15.0,A01
201300055702,0,30,0,0.0,2.0,1.0,1.0,B01
201300055703,0,33,0,0.0,2.0,1.0,15.0,A01
201300055703,0,33,0,0.0,2.0,1.0,1.0,B01
201300055704,0,33,0,0.0,2.0,0.0,21.0,A01
201300055705,1,30,0,0.0,1.0,1.0,1.0,Z01
201300055706,0,1,0,0.0,2.0,3.0,1.0,B01
201300055706,0,7,0,0.0,9.0,7.0,10.0,A01
201300055707,0,7,0,0.0,2.0,7.0,1.0,A01
201300055707,0,37,4,0.0,2.0,3.0,1.0,B01
201300055708,0,7,0,0.0,2.0,8.0,15.0,B01
201300055708,0,33,0,0.0,2.0,7.0,17.0,A01
201300055709,0,7,0,0.0,0.0,3.0,1.0,A01
201300055709,0,7,0,0.0,2.0,0.0,1.0,B01
201300055710,0,7,0,0.0,2.0,5.0,15.0,A01
201300055710,0,34,0,0.0,2.0,1.0,1.0,B01
201300055711,0,7,0,0.0,1.0,3.0,1.0,A01
201300055712,0,1,0,8.0,0.0,1.0,1.0,A01
201300055713,0,32,0,0.0,2.0,7.0,3.0,B01
201300055713,0,7,0,0.0,2.0,2.0,12.0,A01
201300055714,2,30,0,0.0,2.0,2.0,18.0,Z01
201300055714,0,1,0,0.0,2.0,5.0,7.0,A01
201300055715,0,34,0,0.0,1.0,1.0,1.0,A01
201300055716,0,10,0,0.0,1.0,4.0,4.0,A01
201300055717,0,1,0,0.0,1.0,2.0,1.0,A01
201300055718,0,10,0,0.0,1.0,2.0,1.0,A01
201300055719,0,33,0,0.0,2.0,1.0,1.0,A01
201300055719,0,7,0,0.0,2.0,3.0,15.0,B01
201300055720,0,31,0,0.0,0.0,8.0,17.0,A01
201300055721,0,30,0,0.0,2.0,8.0,17.0,A01
201300055721,0,7,0,0.0,2.0,3.0,10.0,B01
201300055722,0,30,0,0.0,0.0,0.0,1.0,A01
201300055723,0,32,0,0.0,2.0,7.0,1.0,A01
201300055723,1,7,0,0.0,0.0,0.0,9.0,Z01
201300055724,0,7,0,0.0,1.0,3.0,1.0,A01
201300055725,1,37,1,0.0,2.0,0.0,17.0,Z01
201300055725,0,1,0,12.0,2.0,3.0,7.0,A01
201300055726,0,32,0,0.0,2.0,7.0,17.0,A01
201300055726,0,7,0,0.0,2.0,8.0,13.0,B01
201300055727,0,32,0,0.0,2.0,3.0,15.0,A01
201300055727,0,1,0,0.0,2.0,8.0,1.0,B01
201300055728,0,7,0,0.0,2.0,3.0,15.0,A01
201300055728,0,2,0,0.0,2.0,1.0,17.0,B01
201300055729,0,32,0,0.0,1.0,2.0,1.0,A01
201300055730,0,33,0,0.0,0.0,0.0,1.0,A01
201300055731,0,10,0,0.0,1.0,2.0,1.0,A01
201300055732,0,30,0,14.0,0.0,0.0,1.0,A01
201300055733,0,10,0,0.0,1.0,1.0,15.0,A01
201300055734,0,7,0,0.0,1.0,4.0,4.0,A01
201300055735,0,1,0,0.0,1.0,1.0,1.0,A01
201300055736,0,10,0,0.0,1.0,4.0,4.0,A01
201300055737,0,7,0,0.0,1.0,2.0,1.0,A01
201300055738,0,7,0,0.0,2.0,5.0,1.0,B01
201300055738,0,31,0,0.0,2.0,3.0,1.0,A01
201300055739,0,40,0,0.0,1.0,2.0,1.0,A01
201300055740,0,33,0,0.0,2.0,1.0,1.0,A01
201300055740,0,34,0,0.0,2.0,4.0,23.0,B01
201300055741,0,7,0,0.0,1.0,1.0,1.0,A01
201300055742,0,1,0,0.0,2.0,2.0,1.0,B01
201300055742,0,7,0,0.0,2.0,3.0,1.0,A01
201300055743,1,7,0,0.0,1.0,1.0,15.0,A01
201300055744,1,2,0,0.0,1.0,1.0,17.0,Z01
201300055745,0,7,0,0.0,2.0,1.0,1.0,B01
201300055745,0,7,0,0.0,2.0,1.0,13.0,A01
201300055746,1,7,0,0.0,1.0,2.0,16.0,Z01
201300055747,0,30,0,0.0,1.0,1.0,1.0,A01
201300055748,0,10,0,15.0,0.0,1.0,1.0,A01
201300055749,0,7,0,0.0,2.0,3.0,1.0,A01
201300055749,0,31,0,0.0,2.0,8.0,1.0,B01
201300055750,0,7,0,0.0,1.0,2.0,1.0,A01
201300055751,0,34,0,0.0,2.0,4.0,23.0,B01
201300055751,0,7,0,0.0,2.0,1.0,1.0,A01
201300055752,0,34,0,0.0,2.0,7.0,17.0,B01
201300055752,0,7,0,0.0,2.0,8.0,13.0,A01
201300055753,0,33,0,0.0,1.0,1.0,1.0,A01
201300055754,0,32,0,0.0,2.0,1.0,1.0,B01
201300055754,0,7,0,0.0,2.0,2.0,1.0,A01
201300055755,1,7,0,0.0,2.0,1.0,2.0,Z01
201300055755,0,7,0,0.0,2.0,4.0,2.0,B01
201300055755,0,7,0,0.0,2.0,4.0,2.0,A01
201300055756,1,30,0,0.0,1.0,1.0,1.0,Z01
201300055757,0,10,0,0.0,2.0,6.0,11.0,A01
201300055757,0,32,0,0.0,2.0,1.0,1.0,B01
201300055758,0,7,0,0.0,2.0,1.0,1.0,A01
201300055758,0,1,0,0.0,2.0,1.0,19.0,B01
201300055759,1,1,0,0.0,1.0,1.0,17.0,Z01
201300055760,0,31,0,0.0,1.0,2.0,17.0,A01
201300055761,0,32,0,14.0,2.0,1.0,1.0,A01
201300055761,0,7,0,0.0,2.0,4.0,23.0,B01
201300055762,0,7,0,0.0,1.0,3.0,1.0,A01
201300055763,0,30,0,0.0,2.0,1.0,17.0,A01
201300055763,0,7,0,0.0,2.0,6.0,15.0,B01
201300055764,0,7,0,0.0,1.0,3.0,1.0,A01
201300055765,0,7,0,0.0,2.0,8.0,15.0,B01
201300055765,0,31,0,0.0,2.0,3.0,17.0,A01
201300055766,1,30,0,0.0,1.0,1.0,1.0,Z01
201300055767,0,34,0,0.0,0.0,0.0,21.0,A01
201300055768,0,30,0,0.0,2.0,1.0,1.0,A01
201300055768,0,7,0,0.0,2.0,4.0,23.0,B01
201300055769,0,7,0,0.0,2.0,4.0,2.0,B01
201300055769,0,10,0,0.0,2.0,1.0,2.0,A01
201300055770,0,33,0,0.0,1.0,2.0,17.0,A01
201300055771,0,34,0,0.0,0.0,8.0,1.0,A01
201300055772,0,7,0,0.0,0.0,5.0,15.0,B01
201300055772,0,7,0,0.0,0.0,1.0,1.0,A01
201300055773,1,7,0,0.0,2.0,2.0,14.0,Z01
201300055773,0,33,0,0.0,2.0,8.0,1.0,A01
201300055774,0,7,0,0.0,1.0,2.0,1.0,A01
201300055775,0,32,0,0.0,1.0,0.0,1.0,A01
201300055776,1,2,0,0.0,1.0,7.0,1.0,Z01
201300055777,0,40,0,0.0,2.0,1.0,1.0,B01
201300055777,0,10,0,0.0,2.0,3.0,1.0,A01
201300055778,0,33,0,0.0,2.0,3.0,3.0,B01
201300055778,0,7,0,0.0,2.0,5.0,12.0,A01
201300055779,0,7,0,0.0,2.0,1.0,2.0,A01
201300055779,0,7,0,0.0,2.0,4.0,2.0,B01
201300055780,0,34,0,0.0,1.0,1.0,16.0,A01
201300055781,0,7,0,0.0,1.0,1.0,1.0,A01
201300055782,0,7,0,0.0,2.0,1.0,15.0,A01
201300055782,0,2,0,0.0,2.0,1.0,1.0,B01
201300055783,1,7,0,0.0,2.0,0.0,1.0,Z01
201300055783,0,10,0,0.0,2.0,1.0,1.0,A01
201300055784,0,33,0,0.0,2.0,8.0,1.0,B01
201300055784,0,7,0,0.0,2.0,2.0,1.0,A01
201300055785,0,7,0,0.0,1.0,7.0,1.0,A01
201300055786,0,7,0,0.0,2.0,2.0,16.0,A01
201300055786,0,2,0,0.0,0.0,1.0,1.0,B01
201300055787,0,34,0,0.0,2.0,3.0,18.0,A01
201300055787,0,7,0,0.0,2.0,2.0,16.0,B01
201300055788,0,30,0,0.0,0.0,7.0,9.0,B01
201300055788,0,7,0,0.0,0.0,7.0,23.0,C01
201300055788,0,30,0,0.0,2.0,1.0,1.0,A01
201300055789,0,7,0,0.0,2.0,4.0,15.0,B01
201300055789,0,33,0,0.0,2.0,1.0,2.0,A01
201300055790,1,7,0,0.0,1.0,2.0,5.0,Z01
201300055791,0,7,0,0.0,2.0,1.0,2.0,B01
201300055791,0,7,0,0.0,2.0,1.0,2.0,C01
201300055791,0,7,0,0.0,2.0,4.0,23.0,A01
201300055792,0,32,0,0.0,1.0,1.0,1.0,A01
201300055793,0,37,1,0.0,2.0,6.0,1.0,B01
201300055793,0,2,0,0.0,2.0,8.0,17.0,A01
201300055793,1,30,0,0.0,2.0,8.0,17.0,Z01
201300055794,0,7,0,0.0,1.0,1.0,1.0,A01
201300055795,0,33,0,0.0,1.0,1.0,1.0,A01
201300055796,0,7,0,0.0,2.0,2.0,15.0,A01
201300055796,0,33,0,0.0,2.0,0.0,1.0,B01
201300055797,0,33,0,0.0,0.0,0.0,1.0,A01
201300055798,0,7,0,0.0,2.0,3.0,1.0,B01
201300055798,0,33,0,0.0,2.0,0.0,21.0,A01
201300055799,0,10,0,0.0,1.0,1.0,16.0,A01
201300055800,0,10,0,0.0,2.0,4.0,1.0,B01
201300055800,0,7,0,0.0,2.0,4.0,1.0,C01
201300055800,0,7,0,0.0,2.0,1.0,13.0,A01
201300055801,0,33,0,0.0,1.0,1.0,1.0,A01
201300055802,0,7,0,0.0,2.0,3.0,15.0,A01
201300055802,0,30,0,0.0,2.0,8.0,1.0,B01
201300055803,0,7,0,0.0,2.0,2.0,16.0,B01
201300055803,0,31,0,0.0,2.0,1.0,18.0,A01
201300055804,0,32,0,0.0,1.0,1.0,1.0,A01
201300055805,1,7,0,0.0,2.0,1.0,16.0,Z01
201300055805,0,1,0,0.0,2.0,7.0,19.0,A01
201300055806,0,7,0,0.0,0.0,7.0,14.0,A01
201300055806,0,33,0,0.0,0.0,8.0,3.0,B01
201300055807,0,7,0,0.0,2.0,3.0,2.0,A01
201300055807,0,7,0,0.0,2.0,1.0,1.0,B01
201300055807,1,7,0,0.0,1.0,1.0,11.0,Z01
201300055808,0,33,0,0.0,1.0,1.0,1.0,A01
201300055809,0,7,0,1.0,0.0,2.0,1.0,A01
201300055810,0,32,0,0.0,0.0,7.0,1.0,A01
201300055811,1,2,0,0.0,1.0,0.0,1.0,Z01
201300055812,0,32,0,0.0,0.0,8.0,1.0,A01
201300055813,0,1,0,1.0,0.0,1.0,1.0,B01
201300055813,0,7,0,0.0,0.0,2.0,22.0,A01
201300055814,0,34,0,0.0,2.0,3.0,1.0,B01
201300055814,0,7,0,0.0,2.0,2.0,1.0,A01
201300055815,0,7,0,0.0,1.0,5.0,1.0,A01
201300055816,0,33,0,12.0,0.0,0.0,21.0,A01
201300055817,0,10,0,0.0,1.0,3.0,15.0,A01
201300055818,0,7,0,0.0,0.0,4.0,1.0,A01
201300055818,1,10,0,0.0,0.0,0.0,1.0,Z01
201300055819,0,7,0,1.0,1.0,7.0,1.0,A01
201300055820,0,7,0,0.0,2.0,3.0,1.0,C01
201300055820,0,10,0,0.0,2.0,9.0,23.0,B01
201300055820,0,7,0,0.0,2.0,3.0,1.0,A01
201300055821,0,2,0,14.0,0.0,1.0,13.0,A01
201300055822,0,7,0,0.0,1.0,2.0,15.0,A01
201300055823,0,33,0,0.0,1.0,1.0,1.0,A01
201300055823,0,7,0,0.0,2.0,8.0,23.0,B01
201300055824,0,7,0,0.0,2.0,3.0,15.0,A01
201300055824,0,30,0,0.0,2.0,1.0,1.0,B01
201300055825,0,7,0,0.0,2.0,1.0,2.0,A01
201300055825,0,7,0,0.0,2.0,4.0,2.0,B01
201300055826,0,7,0,0.0,2.0,3.0,9.0,B01