Num_Acc,senc,catv,occutc,obs,obsm,choc,manv,num_veh
201300055826,0,30,0,0.0,2.0,7.0,17.0,A01
201300055827,0,7,0,4.0,0.0,1.0,13.0,A01
201300055828,0,7,0,0.0,2.0,1.0,2.0,A01
201300055828,0,7,0,0.0,2.0,4.0,23.0,B01
201300055829,0,7,0,0.0,1.0,2.0,1.0,A01
201300055830,0,7,0,0.0,1.0,7.0,1.0,A01
201300055831,0,7,0,0.0,2.0,0.0,4.0,A01
201300055831,0,33,0,0.0,2.0,0.0,16.0,B01
201300055832,0,7,0,0.0,2.0,8.0,1.0,C01
201300055832,0,32,0,0.0,2.0,8.0,3.0,B01
201300055832,0,10,0,0.0,2.0,7.0,12.0,A01
201300055833,0,30,0,0.0,1.0,1.0,1.0,A01
201300055834,0,7,0,0.0,2.0,2.0,16.0,A01
201300055834,0,2,0,0.0,2.0,8.0,7.0,B01
201300055835,0,33,0,0.0,2.0,1.0,17.0,A01
201300055835,0,7,0,0.0,2.0,5.0,23.0,B01
201300055836,0,10,0,0.0,1.0,3.0,15.0,A01
201300055837,0,34,0,0.0,1.0,1.0,1.0,A01
201300055838,0,7,0,0.0,2.0,2.0,12.0,A01
201300055838,0,33,0,0.0,2.0,8.0,7.0,B01
201300055839,0,37,1,0.0,2.0,3.0,13.0,A01
201300055839,0,32,0,0.0,2.0,3.0,17.0,B01
201300055840,0,10,0,0.0,2.0,4.0,2.0,B01
201300055840,0,7,0,0.0,2.0,1.0,2.0,A01
201300055841,0,7,0,0.0,2.0,1.0,2.0,A01
201300055841,0,32,0,0.0,2.0,4.0,23.0,B01
201300055842,0,7,0,0.0,2.0,5.0,1.0,A01
201300055842,0,10,0,0.0,2.0,2.0,1.0,B01
201300055843,0,33,0,14.0,0.0,3.0,13.0,A01
201300055844,0,33,0,0.0,2.0,1.0,1.0,B01
201300055844,0,10,0,0.0,2.0,3.0,10.0,A01
201300055845,0,7,0,0.0,2.0,3.0,1.0,B01
201300055845,0,7,0,0.0,2.0,3.0,1.0,A01
201300055846,0,10,0,0.0,2.0,1.0,2.0,A01
201300055846,0,7,0,0.0,2.0,4.0,23.0,B01
201300055847,0,33,0,0.0,1.0,1.0,1.0,A01
201300055848,0,1,0,0.0,2.0,8.0,18.0,B01
201300055848,0,13,0,0.0,2.0,5.0,16.0,A01
201300055849,0,1,0,0.0,2.0,1.0,1.0,C01
201300055849,0,7,0,0.0,2.0,1.0,1.0,B01
201300055849,0,7,0,0.0,2.0,1.0,22.0,A01
201300055850,0,7,0,0.0,2.0,4.0,18.0,A01
201300055850,0,37,7,0.0,2.0,3.0,1.0,B01
201300055851,0,7,0,0.0,2.0,5.0,15.0,A01
201300055851,0,33,0,0.0,2.0,1.0,1.0,B01
201300055852,0,10,0,0.0,1.0,1.0,16.0,A01
201300055853,0,32,0,0.0,0.0,3.0,1.0,A01
201300055854,0,7,0,0.0,1.0,3.0,13.0,A01
201300055855,0,33,0,0.0,0.0,1.0,1.0,A01
201300055856,0,7,0,9.0,1.0,1.0,1.0,A01
201300055856,0,7,0,0.0,2.0,2.0,1.0,B01
201300055857,0,2,0,0.0,2.0,8.0,18.0,B01
201300055857,0,7,0,0.0,2.0,7.0,16.0,A01
201300055858,0,33,0,14.0,0.0,0.0,14.0,A01
201300055859,0,7,0,0.0,1.0,1.0,1.0,A01
201300055860,0,7,0,0.0,0.0,3.0,15.0,B01
201300055860,0,7,0,0.0,0.0,2.0,17.0,A01
201300055861,0,32,0,0.0,2.0,3.0,1.0,B01
201300055861,0,7,0,0.0,2.0,1.0,15.0,A01
201300055862,0,31,0,0.0,1.0,3.0,1.0,A01
201300055863,0,33,0,0.0,2.0,1.0,1.0,B01
201300055863,0,32,0,0.0,2.0,0.0,5.0,A01
201300055864,0,30,0,0.0,0.0,8.0,1.0,A01
201300055865,0,7,0,0.0,2.0,2.0,1.0,B01
201300055865,0,30,0,0.0,2.0,2.0,15.0,A01
201300055866,0,30,0,0.0,0.0,0.0,1.0,A01
201300055867,0,33,0,0.0,2.0,1.0,1.0,A01
201300055867,0,7,0,0.0,2.0,7.0,1.0,B01
201300055868,0,7,0,0.0,2.0,1.0,1.0,A01
201300055868,0,7,0,0.0,0.0,4.0,23.0,B01
201300055869,0,32,0,0.0,2.0,2.0,17.0,B01
201300055869,0,10,0,0.0,2.0,8.0,15.0,A01
201300055870,0,33,0,15.0,2.0,8.0,1.0,A01
201300055870,0,7,0,0.0,2.0,2.0,1.0,B01
201300055871,0,1,0,0.0,2.0,8.0,23.0,B01
201300055871,0,7,0,0.0,2.0,2.0,1.0,A01
201300055872,0,7,0,0.0,2.0,2.0,15.0,A01
201300055872,0,34,0,0.0,2.0,1.0,1.0,B01
201300055873,0,32,0,11.0,2.0,1.0,17.0,B01
201300055873,0,7,0,0.0,0.0,6.0,13.0,A01
201300055874,0,2,0,7.0,0.0,1.0,1.0,A01
201300055875,0,7,0,0.0,2.0,8.0,1.0,B01
201300055875,0,30,0,0.0,2.0,9.0,1.0,A01
201300055876,0,33,0,0.0,2.0,8.0,3.0,B01
201300055876,0,7,0,0.0,2.0,7.0,12.0,A01
201300055877,0,7,0,0.0,1.0,3.0,1.0,A01
201300055878,0,7,0,0.0,2.0,6.0,1.0,B01
201300055878,0,7,0,0.0,2.0,1.0,1.0,A01
201300055879,0,10,0,0.0,2.0,1.0,1.0,D01
201300055879,0,7,0,0.0,2.0,8.0,1.0,F02
201300055879,0,10,0,0.0,2.0,4.0,1.0,B01
201300055879,0,10,0,0.0,2.0,1.0,1.0,C01
201300055879,0,10,0,0.0,2.0,7.0,1.0,E01
201300055879,0,7,0,0.0,0.0,0.0,9.0,A01
201300055880,0,7,0,0.0,1.0,2.0,1.0,A01
201300055880,0,1,0,0.0,2.0,0.0,19.0,B01
201300055881,0,7,0,6.0,0.0,1.0,1.0,A01
201300055882,0,10,0,0.0,2.0,6.0,1.0,A01
201300055882,0,13,0,0.0,2.0,2.0,1.0,B01
201300055883,0,7,0,0.0,2.0,8.0,24.0,B01
201300055883,0,38,1,0.0,0.0,6.0,16.0,A01
201300055884,0,7,0,0.0,1.0,7.0,7.0,A01
201300055885,0,7,0,0.0,1.0,2.0,1.0,A01
201300055886,0,7,0,0.0,2.0,5.0,1.0,C01
201300055886,0,7,0,0.0,2.0,7.0,14.0,A01
201300055886,0,33,0,0.0,2.0,8.0,1.0,B01
201300055887,0,7,0,12.0,0.0,2.0,5.0,A01
201300055887,0,7,0,0.0,0.0,8.0,23.0,C01
201300055887,0,7,0,0.0,0.0,3.0,23.0,B01
201300055888,0,33,0,0.0,2.0,1.0,2.0,B01
201300055888,0,7,0,0.0,2.0,3.0,15.0,A01
201300055889,0,7,0,8.0,2.0,7.0,15.0,A01
201300055889,0,7,0,0.0,2.0,1.0,1.0,B01
201300055890,0,7,0,0.0,1.0,6.0,4.0,A01
201300055891,0,34,0,0.0,2.0,1.0,1.0,B01
201300055891,0,7,0,0.0,9.0,8.0,10.0,A01
201300055892,0,34,0,5.0,0.0,2.0,1.0,A01
201300055893,0,14,0,0.0,2.0,2.0,16.0,A01
201300055893,0,1,0,0.0,2.0,3.0,7.0,B01
201300055894,0,34,0,12.0,0.0,7.0,14.0,A01
201300055895,0,33,0,0.0,2.0,2.0,1.0,B01
201300055895,0,7,0,0.0,2.0,8.0,22.0,A01
201300055896,0,2,0,0.0,9.0,3.0,18.0,B01
201300055896,0,1,0,0.0,0.0,5.0,13.0,A01
201300055897,0,33,0,0.0,2.0,1.0,1.0,A01
201300055897,0,17,0,0.0,2.0,6.0,1.0,B01
201300055898,0,31,0,0.0,0.0,8.0,3.0,A01
201300055899,0,33,0,0.0,2.0,2.0,14.0,A01
201300055899,0,7,0,0.0,2.0,3.0,13.0,B01
201300055900,0,31,0,0.0,1.0,1.0,1.0,A01
201300055901,0,7,0,0.0,1.0,2.0,7.0,A01
201300055902,0,10,0,0.0,2.0,3.0,1.0,B01
201300055902,0,33,0,14.0,2.0,7.0,17.0,A01
201300055903,0,30,0,0.0,0.0,7.0,21.0,A01
201300055904,0,33,0,0.0,2.0,8.0,2.0,A01
201300055904,0,10,0,0.0,2.0,5.0,23.0,B01
201300055905,0,7,0,0.0,2.0,1.0,1.0,A01
201300055905,0,7,0,15.0,2.0,7.0,1.0,B01
201300055906,0,7,0,1.0,2.0,9.0,1.0,A01
201300055907,0,30,0,8.0,2.0,3.0,18.0,A01
201300055907,0,7,0,0.0,2.0,2.0,16.0,B01
201300055908,0,7,0,0.0,2.0,4.0,23.0,B01
201300055908,0,7,0,0.0,2.0,4.0,23.0,C01
201300055908,0,13,0,0.0,2.0,1.0,2.0,A01
201300055909,0,7,0,0.0,1.0,1.0,1.0,A01
201300055910,0,34,0,15.0,2.0,3.0,14.0,A01
201300055910,0,7,0,0.0,2.0,2.0,7.0,B01
201300055911,0,7,0,0.0,2.0,7.0,1.0,A01
201300055911,0,7,0,0.0,2.0,8.0,22.0,B01
201300055912,0,33,0,0.0,2.0,1.0,1.0,A01
201300055912,0,7,0,0.0,2.0,3.0,1.0,B01
201300055913,0,34,0,0.0,2.0,1.0,1.0,B01
201300055913,0,7,0,0.0,2.0,3.0,10.0,A01
201300055914,0,14,0,0.0,2.0,2.0,16.0,A01
201300055914,0,1,0,0.0,0.0,6.0,7.0,B01
201300055915,0,7,0,0.0,2.0,5.0,1.0,B01
201300055915,0,10,0,1.0,2.0,3.0,1.0,A01
201300055916,0,34,0,12.0,2.0,8.0,13.0,A01
201300055916,0,10,0,0.0,2.0,3.0,1.0,B01
201300055917,0,2,0,0.0,1.0,8.0,7.0,A01
201300055918,0,38,3,0.0,1.0,6.0,1.0,A01
201300055919,0,14,0,0.0,1.0,0.0,1.0,A01
201300055920,0,7,0,0.0,2.0,3.0,1.0,B01
201300055920,0,31,0,0.0,2.0,1.0,13.0,A01
201300055921,0,7,0,0.0,2.0,8.0,10.0,A01
201300055921,0,33,0,0.0,2.0,1.0,17.0,B01
201300055922,0,7,0,5.0,2.0,4.0,2.0,A01
201300055922,1,7,0,0.0,2.0,4.0,2.0,Z01
201300055923,0,7,0,0.0,1.0,1.0,1.0,A01
201300055924,0,7,0,0.0,1.0,2.0,1.0,A01
201300055925,0,34,0,0.0,2.0,0.0,1.0,B01
201300055925,0,7,0,0.0,2.0,0.0,1.0,A01
201300055926,0,7,0,0.0,2.0,6.0,23.0,C01
201300055926,0,30,0,0.0,2.0,1.0,3.0,A01
201300055926,0,7,0,0.0,2.0,3.0,23.0,B01
201300055927,0,2,0,0.0,2.0,1.0,7.0,A01
201300055927,0,10,0,0.0,2.0,4.0,23.0,C01
201300055927,0,7,0,0.0,2.0,2.0,16.0,B01
201300055928,0,31,0,0.0,2.0,8.0,23.0,B01
201300055928,0,7,0,14.0,2.0,7.0,14.0,A01
201300055929,0,1,0,0.0,2.0,1.0,1.0,B01
201300055929,0,10,0,0.0,2.0,3.0,1.0,A01
201300055930,0,33,0,1.0,0.0,1.0,1.0,A01
201300055931,0,7,0,14.0,2.0,7.0,13.0,A01
201300055931,0,32,0,1.0,2.0,1.0,1.0,B01
201300055932,0,32,0,0.0,1.0,0.0,1.0,A01
201300055933,2,7,0,0.0,1.0,2.0,1.0,Z01
201300055934,0,1,0,0.0,0.0,8.0,19.0,B01
201300055934,0,7,0,0.0,0.0,1.0,1.0,A01
201300055935,0,2,0,0.0,2.0,1.0,7.0,A01
201300055935,0,7,0,0.0,2.0,2.0,16.0,B01
201300055936,0,10,0,0.0,1.0,3.0,15.0,A01
201300055937,0,7,0,11.0,0.0,3.0,15.0,A01
201300055938,0,33,0,12.0,0.0,1.0,14.0,A01
201300055939,0,7,0,0.0,2.0,1.0,15.0,A01
201300055939,0,33,0,0.0,2.0,1.0,7.0,B01
201300055940,0,34,0,0.0,0.0,0.0,1.0,A01
201300055941,0,7,0,0.0,2.0,3.0,1.0,B01
201300055941,0,30,0,1.0,2.0,1.0,5.0,A01
201300055942,0,2,0,2.0,2.0,9.0,18.0,A01
201300055942,0,7,0,0.0,2.0,2.0,1.0,B01
201300055943,0,7,0,0.0,2.0,6.0,12.0,A01
201300055943,0,31,0,0.0,2.0,7.0,1.0,B01
201300055944,0,7,0,0.0,1.0,3.0,1.0,A01
201300055945,0,7,0,0.0,1.0,2.0,1.0,A01
201300055946,0,32,0,15.0,0.0,3.0,1.0,A01
201300055947,0,31,0,0.0,1.0,1.0,9.0,A01
201300055948,0,31,0,0.0,2.0,7.0,1.0,B01
201300055948,0,7,0,0.0,2.0,3.0,5.0,A01
201300055949,0,31,0,12.0,0.0,7.0,14.0,A01
201300055950,0,33,0,0.0,2.0,1.0,3.0,A01
201300055950,0,7,0,0.0,2.0,6.0,23.0,B01
201300055951,0,2,0,14.0,1.0,0.0,2.0,A01
201300055951,0,7,0,0.0,2.0,5.0,23.0,B01
201300055952,0,7,0,0.0,1.0,6.0,4.0,A01
201300055953,0,31,0,12.0,0.0,8.0,1.0,A01
201300055954,0,33,0,4.0,1.0,1.0,17.0,A01
201300055955,0,7,0,0.0,2.0,2.0,1.0,A01
201300055955,0,30,0,0.0,2.0,8.0,1.0,B01
201300055956,0,7,0,0.0,2.0,7.0,16.0,A01
201300055956,0,31,0,0.0,2.0,8.0,1.0,B01
201300055957,0,7,0,4.0,0.0,3.0,13.0,A01
201300055958,0,30,0,0.0,1.0,1.0,18.0,A01
201300055959,0,7,0,0.0,2.0,7.0,1.0,A01
201300055959,0,7,0,1.0,2.0,1.0,1.0,B01
201300055960,0,7,0,0.0,1.0,1.0,1.0,A01
201300055961,0,7,0,0.0,2.0,1.0,1.0,A01
201300055961,0,7,0,0.0,2.0,4.0,23.0,B01
201300055962,0,7,0,15.0,2.0,1.0,1.0,A01
201300055962,0,10,0,9.0,2.0,6.0,1.0,B01
201300055963,0,2,0,0.0,2.0,1.0,1.0,A01
201300055963,0,7,0,0.0,2.0,3.0,1.0,B01
201300055964,0,2,0,0.0,0.0,7.0,1.0,A01
201300055965,0,10,0,0.0,2.0,2.0,1.0,A01
201300055965,0,31,0,0.0,2.0,8.0,1.0,B01
201300055966,0,37,20,0.0,2.0,2.0,16.0,A01
201300055966,0,10,0,0.0,2.0,6.0,24.0,B01
201300055967,0,7,0,0.0,2.0,3.0,1.0,B01
201300055967,0,30,0,0.0,2.0,1.0,17.0,A01
201300055968,0,33,0,4.0,0.0,7.0,14.0,A01
201300055969,0,7,0,0.0,2.0,5.0,23.0,B01
201300055969,0,33,0,0.0,2.0,1.0,2.0,A01
201300055970,0,14,0,0.0,2.0,2.0,2.0,A01
201300055970,0,1,0,0.0,2.0,4.0,2.0,B01
201300055971,0,7,0,0.0,2.0,2.0,1.0,A01
201300055971,0,31,0,0.0,2.0,3.0,1.0,B01
201300055972,0,34,0,1.0,0.0,1.0,17.0,A01
201300055973,0,7,0,9.0,0.0,1.0,1.0,A01
201300055974,0,30,0,0.0,2.0,3.0,1.0,B01
201300055974,0,7,0,0.0,2.0,2.0,16.0,A01
201300055975,0,10,0,0.0,2.0,3.0,13.0,A01
201300055975,0,33,0,0.0,2.0,7.0,1.0,B01
201300055976,0,7,0,0.0,1.0,3.0,16.0,A01
201300055977,0,33,0,0.0,2.0,1.0,1.0,B01
201300055977,0,7,0,0.0,2.0,6.0,11.0,A01
201300055978,0,7,0,1.0,2.0,1.0,10.0,A01
201300055978,0,33,0,0.0,2.0,1.0,1.0,B01
201300055979,0,31,0,0.0,2.0,1.0,1.0,B01
201300055979,0,7,0,0.0,0.0,6.0,13.0,A01
201300055980,0,7,0,0.0,2.0,2.0,15.0,A01
201300055980,0,33,0,0.0,2.0,1.0,1.0,B01
201300055981,0,10,0,0.0,1.0,3.0,15.0,A01
201300055982,0,30,0,0.0,1.0,1.0,1.0,A01
201300055983,0,33,0,0.0,2.0,1.0,2.0,A01
201300055983,0,7,0,0.0,2.0,5.0,2.0,B01
201300055984,0,32,0,15.0,0.0,1.0,14.0,A01
201300055985,0,33,0,0.0,2.0,7.0,12.0,A01
201300055985,0,31,0,0.0,2.0,8.0,1.0,B01
201300055986,0,33,0,0.0,2.0,1.0,1.0,B01
201300055986,0,10,0,0.0,2.0,2.0,15.0,A01
201300055987,0,1,0,0.0,1.0,1.0,1.0,A01
201300055988,0,7,0,1.0,0.0,7.0,4.0,A01
201300055989,0,34,0,0.0,2.0,2.0,1.0,B01
201300055989,0,10,0,0.0,2.0,3.0,13.0,A01
201300055990,0,7,0,0.0,2.0,6.0,1.0,B01
201300055990,0,32,0,3.0,2.0,0.0,3.0,C01
201300055990,0,7,0,0.0,2.0,2.0,12.0,A01
201300055991,0,38,0,0.0,1.0,2.0,1.0,A01
201300055992,0,2,0,1.0,0.0,1.0,13.0,A01
201300055993,0,37,1,0.0,1.0,2.0,7.0,A01
201300055994,0,33,0,0.0,2.0,2.0,15.0,B01
201300055994,0,30,0,0.0,2.0,1.0,1.0,A01
201300055995,0,1,0,0.0,2.0,2.0,12.0,A01
201300055995,0,33,0,0.0,2.0,3.0,1.0,B01
201300055996,0,33,0,0.0,2.0,0.0,1.0,B01
201300055996,0,7,0,0.0,2.0,2.0,1.0,A01
201300055997,0,1,0,9.0,2.0,7.0,17.0,B01
201300055997,0,37,28,0.0,2.0,8.0,1.0,A01
201300055998,0,7,0,0.0,2.0,3.0,1.0,A01
201300055998,0,32,0,0.0,2.0,8.0,1.0,B01
201300055999,0,7,0,9.0,0.0,3.0,1.0,A01
201300056000,0,33,0,0.0,0.0,0.0,1.0,A01
201300056001,0,7,0,0.0,2.0,8.0,1.0,B01
201300056001,0,34,0,10.0,2.0,9.0,17.0,A01
201300056001,0,7,0,0.0,2.0,6.0,1.0,C01
201300056002,0,7,0,0.0,2.0,2.0,15.0,A01
201300056002,0,33,0,0.0,2.0,1.0,1.0,B01
201300056003,0,7,0,0.0,1.0,7.0,1.0,A01
201300056004,0,7,0,12.0,0.0,1.0,1.0,A01
201300056005,0,10,0,0.0,0.0,2.0,1.0,A01
201300056005,0,33,0,0.0,2.0,6.0,23.0,B01
201300056006,0,7,0,0.0,1.0,2.0,1.0,A01
201300056007,0,7,0,0.0,1.0,1.0,15.0,A01
201300056008,0,7,0,0.0,1.0,2.0,1.0,A01
201300056009,0,7,0,1.0,0.0,1.0,9.0,A01
201300056010,0,30,0,0.0,2.0,1.0,1.0,B01
201300056010,0,10,0,0.0,2.0,2.0,16.0,A01
201300056011,0,7,0,0.0,0.0,4.0,23.0,C01
201300056011,0,33,0,0.0,2.0,1.0,1.0,B01
201300056011,0,7,0,0.0,0.0,0.0,1.0,A01
201300056012,0,7,0,0.0,1.0,2.0,1.0,A01
201300056013,0,10,0,1.0,2.0,3.0,1.0,B01
201300056013,0,33,0,0.0,2.0,8.0,3.0,A01
201300056014,0,2,0,0.0,0.0,0.0,0.0,A01
201300056015,0,7,0,0.0,1.0,3.0,1.0,A01
201300056016,0,7,0,0.0,2.0,5.0,1.0,B01
201300056016,0,34,0,0.0,2.0,3.0,3.0,A01
201300056017,0,2,0,0.0,2.0,1.0,21.0,A01
201300056017,0,7,0,0.0,2.0,4.0,15.0,B01
201300056018,0,32,0,0.0,2.0,1.0,1.0,B01
201300056018,0,7,0,0.0,2.0,2.0,1.0,A01
201300056019,0,7,0,0.0,1.0,5.0,4.0,A01
201300056020,0,7,0,0.0,1.0,1.0,1.0,A01
201300056021,0,31,0,12.0,0.0,2.0,13.0,A01
201300056022,0,33,0,0.0,2.0,1.0,2.0,A01
201300056022,0,7,0,0.0,2.0,6.0,2.0,B01
201300056023,0,38,1,0.0,2.0,5.0,17.0,A01
201300056023,0,1,0,0.0,2.0,3.0,7.0,B01
201300056024,0,37,0,0.0,1.0,2.0,1.0,A01
201300056025,1,33,0,0.0,1.0,1.0,1.0,Z01
201300056026,0,30,0,0.0,2.0,6.0,1.0,B01
201300056026,0,7,0,0.0,2.0,3.0,1.0,A01
201300056027,0,34,0,14.0,0.0,6.0,13.0,A01
201300056028,0,7,0,0.0,1.0,6.0,4.0,A01
201300056029,0,7,0,0.0,1.0,1.0,1.0,A01
201300056030,0,31,0,4.0,2.0,1.0,15.0,A01
201300056030,1,7,0,0.0,2.0,3.0,1.0,Z01
201300056031,0,31,0,12.0,0.0,7.0,14.0,A01
201300056032,0,7,0,0.0,1.0,2.0,1.0,A01
201300056033,0,32,0,0.0,2.0,7.0,17.0,A01
201300056033,0,7,0,0.0,2.0,3.0,15.0,B01
201300056034,0,33,0,0.0,2.0,1.0,1.0,A01
201300056034,0,7,0,0.0,2.0,8.0,1.0,C01
201300056034,0,7,0,0.0,2.0,5.0,1.0,B01
201300056035,0,7,0,0.0,1.0,3.0,7.0,A01
201300056036,0,31,0,0.0,0.0,7.0,1.0,A01
201300056037,0,7,0,0.0,0.0,3.0,9.0,A01
201300056037,0,32,0,0.0,2.0,1.0,1.0,B01
201300056038,0,33,0,0.0,1.0,1.0,1.0,A01
201300056039,0,7,0,0.0,2.0,3.0,15.0,B01
201300056039,0,31,0,0.0,2.0,2.0,5.0,A01
201300056040,0,7,0,0.0,2.0,1.0,1.0,A01
201300056040,0,7,0,0.0,2.0,8.0,1.0,B01
201300056041,0,32,0,0.0,2.0,1.0,1.0,C01
201300056041,0,32,0,1.0,0.0,1.0,1.0,B01
201300056041,0,7,0,0.0,2.0,3.0,22.0,A01
201300056042,0,10,0,0.0,2.0,4.0,1.0,C01
201300056042,0,7,0,0.0,2.0,7.0,12.0,A01
201300056042,0,33,0,0.0,2.0,1.0,1.0,B01
201300056043,0,33,0,0.0,2.0,1.0,17.0,B01
201300056043,0,36,0,0.0,2.0,8.0,13.0,A01
201300056044,0,1,0,14.0,0.0,1.0,1.0,A01
201300056045,0,7,0,0.0,1.0,1.0,1.0,A01
201300056046,0,14,0,0.0,2.0,7.0,16.0,A01
201300056046,0,1,0,0.0,2.0,8.0,7.0,B01
201300056047,0,2,0,0.0,2.0,1.0,2.0,A01
201300056047,0,31,0,0.0,2.0,4.0,2.0,B01
201300056048,0,33,0,0.0,2.0,2.0,1.0,A01
201300056048,0,31,0,1.0,2.0,3.0,1.0,B01
201300056049,0,7,0,0.0,2.0,3.0,15.0,A01
201300056049,0,33,0,0.0,2.0,1.0,1.0,B01
201300056050,0,2,0,8.0,0.0,2.0,1.0,A01
201300056051,0,10,0,0.0,1.0,4.0,1.0,A01
201300056052,0,2,0,0.0,2.0,1.0,1.0,B01
201300056052,0,7,0,0.0,2.0,7.0,15.0,A01
201300056053,0,33,0,0.0,2.0,5.0,2.0,B01
201300056053,0,7,0,0.0,2.0,1.0,23.0,A01
201300056054,0,1,0,0.0,2.0,1.0,19.0,A01
201300056054,0,10,0,0.0,2.0,2.0,7.0,B01
201300056055,0,14,0,0.0,1.0,2.0,1.0,A01
201300056056,0,32,0,12.0,0.0,9.0,14.0,A01
201300056057,0,7,0,0.0,2.0,2.0,15.0,A01
201300056057,0,33,0,0.0,2.0,1.0,1.0,B01
201300056058,0,33,0,12.0,0.0,1.0,13.0,A01
201300056059,0,7,0,0.0,2.0,3.0,15.0,A01
201300056059,0,31,0,0.0,2.0,1.0,1.0,B01
201300056060,0,31,0,0.0,2.0,3.0,1.0,B01
201300056060,0,7,0,0.0,2.0,2.0,12.0,A01
201300056061,0,7,0,8.0,1.0,2.0,2.0,A01
201300056061,0,7,0,0.0,2.0,4.0,23.0,B01
201300056062,0,1,0,0.0,2.0,0.0,1.0,B01
201300056062,0,36,0,1.0,2.0,0.0,1.0,A01
201300056063,0,7,0,0.0,2.0,8.0,24.0,B01
201300056063,0,31,0,0.0,2.0,7.0,1.0,A01
201300056064,0,7,0,0.0,1.0,0.0,10.0,A01
201300056065,0,10,0,0.0,1.0,5.0,4.0,A01
201300056066,0,37,1,0.0,1.0,2.0,7.0,A01
201300056067,0,7,0,0.0,1.0,2.0,1.0,A01
201300056068,0,33,0,0.0,0.0,0.0,1.0,A01
201300056069,0,2,0,9.0,0.0,8.0,1.0,A01
201300056070,0,7,0,0.0,2.0,6.0,10.0,A01
201300056070,0,31,0,0.0,2.0,1.0,1.0,B01
201300056071,0,32,0,0.0,2.0,1.0,1.0,A01
201300056071,0,7,0,0.0,0.0,0.0,23.0,B01
201300056072,0,32,0,0.0,2.0,1.0,1.0,A01
201300056072,0,7,0,0.0,2.0,3.0,1.0,B01
201300056073,0,30,0,1.0,0.0,3.0,13.0,A01
201300056074,0,7,0,0.0,2.0,8.0,15.0,A01
201300056074,0,30,0,0.0,2.0,1.0,1.0,B01
201300056075,0,32,0,0.0,1.0,1.0,1.0,A01
201300056076,0,7,0,11.0,0.0,1.0,1.0,A01
201300056077,0,7,0,0.0,2.0,1.0,15.0,A01
201300056077,0,33,0,0.0,2.0,8.0,1.0,B01
201300056078,0,7,0,0.0,1.0,3.0,1.0,A01
201300056079,0,7,0,0.0,2.0,3.0,15.0,A01
201300056079,0,33,0,0.0,2.0,1.0,1.0,B01
201300056079,0,37,1,0.0,2.0,5.0,23.0,C01
201300056080,0,10,0,0.0,1.0,1.0,4.0,A01
201300056081,0,14,0,0.0,2.0,2.0,1.0,A01
201300056081,0,1,0,0.0,2.0,3.0,13.0,B01
201300056082,0,7,0,0.0,2.0,2.0,1.0,A01
201300056082,0,7,0,0.0,2.0,1.0,1.0,C01
201300056082,0,32,0,0.0,2.0,8.0,1.0,B01
201300056083,0,37,1,0.0,1.0,3.0,1.0,A01
201300056084,0,33,0,0.0,2.0,1.0,1.0,A01
201300056084,0,7,0,0.0,2.0,2.0,23.0,C01
201300056084,0,10,0,0.0,2.0,2.0,1.0,B01
201300056085,0,7,0,0.0,0.0,3.0,1.0,A01
201300056085,0,7,0,0.0,0.0,1.0,1.0,B01
201300056086,0,33,0,0.0,2.0,8.0,1.0,B01
201300056086,0,7,0,0.0,2.0,6.0,9.0,A01
201300056087,0,7,0,0.0,2.0,7.0,1.0,B01
201300056087,0,32,0,0.0,2.0,9.0,3.0,A01
201300056088,0,10,0,4.0,0.0,3.0,14.0,A01
201300056089,0,2,0,0.0,2.0,1.0,1.0,B01
201300056089,0,7,0,0.0,2.0,2.0,1.0,A01
201300056090,0,31,0,0.0,0.0,0.0,21.0,A01
201300056091,0,33,0,0.0,2.0,7.0,1.0,A01
201300056091,0,7,0,0.0,2.0,1.0,9.0,B01
201300056091,0,7,0,0.0,2.0,1.0,1.0,C01
201300056092,0,7,0,0.0,2.0,1.0,15.0,A01
201300056092,0,32,0,0.0,2.0,1.0,1.0,B01
201300056093,0,7,0,11.0,0.0,2.0,10.0,A01
201300056094,0,7,0,0.0,1.0,6.0,4.0,A01
201300056095,0,2,0,1.0,0.0,1.0,13.0,A01
201300056096,0,7,0,0.0,2.0,5.0,12.0,A01
201300056096,0,32,0,0.0,2.0,8.0,3.0,B01
201300056097,0,10,0,0.0,2.0,6.0,23.0,B01
201300056097,0,30,0,14.0,2.0,2.0,3.0,A01
201300056098,0,7,0,0.0,2.0,7.0,1.0,A01
201300056098,0,33,0,0.0,2.0,8.0,13.0,B01
201300056099,0,32,0,0.0,2.0,1.0,1.0,B01
201300056099,0,10,0,0.0,2.0,2.0,16.0,A01
201300056100,0,7,0,0.0,2.0,4.0,2.0,A01
201300056100,0,34,0,0.0,2.0,1.0,2.0,B01
201300056101,1,10,0,0.0,1.0,2.0,1.0,Z01
201300056102,0,2,0,0.0,2.0,1.0,1.0,A01
201300056102,0,7,0,0.0,2.0,5.0,23.0,B01
201300056103,0,2,0,0.0,2.0,3.0,18.0,A01
201300056103,0,33,0,0.0,0.0,5.0,1.0,B01
201300056104,0,31,0,0.0,2.0,0.0,23.0,B01