Num_Acc,senc,catv,occutc,obs,obsm,choc,manv,num_veh
201300056104,0,31,0,0.0,2.0,3.0,2.0,A01
201300056105,1,7,0,0.0,1.0,3.0,1.0,Z01
201300056106,0,32,0,1.0,1.0,2.0,1.0,A01
201300056107,0,33,0,0.0,2.0,8.0,1.0,B01
201300056107,0,7,0,0.0,2.0,2.0,15.0,A01
201300056108,0,32,0,1.0,2.0,7.0,18.0,A01
201300056108,0,7,0,0.0,2.0,7.0,1.0,B01
201300056109,0,31,0,8.0,0.0,1.0,1.0,A01
201300056110,0,10,0,0.0,2.0,8.0,22.0,A01
201300056110,0,1,0,1.0,2.0,2.0,17.0,B01
201300056110,0,7,0,0.0,2.0,7.0,1.0,C01
201300056111,0,7,0,0.0,1.0,4.0,20.0,A01
201300056112,0,7,0,0.0,2.0,2.0,1.0,B01
201300056112,0,7,0,0.0,2.0,3.0,1.0,A01
201300056113,0,10,0,0.0,2.0,2.0,12.0,A01
201300056113,0,33,0,0.0,2.0,8.0,3.0,B01
201300056114,0,33,0,0.0,2.0,7.0,12.0,A01
201300056114,0,33,0,0.0,2.0,8.0,12.0,B01
201300056115,0,7,0,5.0,0.0,1.0,1.0,A01
201300056116,0,10,0,0.0,1.0,7.0,1.0,A01
201300056117,0,7,0,0.0,1.0,2.0,7.0,A01
201300056118,0,38,0,0.0,1.0,2.0,1.0,A01
201300056119,0,33,0,0.0,2.0,1.0,1.0,B01
201300056119,0,7,0,0.0,2.0,2.0,1.0,A01
201300056120,0,7,0,0.0,1.0,2.0,1.0,A01
201300056121,0,30,0,12.0,0.0,8.0,13.0,A01
201300056122,0,7,0,0.0,2.0,3.0,15.0,A01
201300056122,0,32,0,8.0,2.0,8.0,1.0,B01
201300056123,0,34,0,0.0,1.0,1.0,1.0,A01
201300056124,0,7,0,0.0,2.0,6.0,11.0,A01
201300056124,0,33,0,0.0,2.0,1.0,3.0,B01
201300056125,0,7,0,0.0,2.0,8.0,11.0,A01
201300056125,0,2,0,0.0,2.0,6.0,1.0,B01
201300056125,0,32,0,0.0,2.0,7.0,1.0,C01
201300056126,0,7,0,0.0,2.0,6.0,1.0,B01
201300056126,0,33,0,0.0,2.0,1.0,1.0,A01
201300056127,0,31,0,9.0,0.0,8.0,6.0,A01
201300056128,0,7,0,0.0,2.0,3.0,10.0,A01
201300056128,0,2,0,0.0,2.0,7.0,1.0,B01
201300056129,0,7,0,14.0,0.0,1.0,13.0,A01
201300056130,0,7,0,0.0,1.0,2.0,1.0,A01
201300056131,0,7,0,0.0,1.0,2.0,1.0,A01
201300056132,1,30,0,0.0,1.0,0.0,1.0,A01
201300056133,0,31,0,0.0,1.0,1.0,1.0,A01
201300056134,0,7,0,0.0,1.0,3.0,1.0,A01
201300056135,0,10,0,0.0,1.0,6.0,4.0,A01
201300056136,0,7,0,15.0,0.0,1.0,13.0,A01
201300056137,0,33,0,0.0,1.0,3.0,17.0,A01
201300056138,0,31,0,0.0,2.0,0.0,1.0,A01
201300056138,1,10,0,0.0,2.0,0.0,11.0,Z01
201300056139,0,33,0,12.0,0.0,8.0,13.0,A01
201300056140,0,1,0,0.0,0.0,0.0,1.0,A01
201300056141,0,7,0,0.0,1.0,2.0,1.0,A01
201300056142,0,2,0,0.0,2.0,1.0,1.0,B01
201300056142,0,7,0,0.0,2.0,3.0,5.0,A01
201300056143,0,33,0,0.0,2.0,1.0,2.0,A01
201300056143,0,7,0,0.0,2.0,5.0,2.0,B01
201300056144,0,7,0,0.0,1.0,3.0,1.0,A01
201300056145,0,7,0,0.0,1.0,3.0,1.0,A01
201300056146,0,7,0,0.0,1.0,1.0,10.0,A01
201300056147,0,7,0,11.0,0.0,8.0,13.0,A01
201300056148,0,33,0,1.0,2.0,1.0,1.0,B01
201300056148,0,7,0,0.0,2.0,3.0,15.0,A01
201300056149,0,33,0,8.0,2.0,6.0,1.0,A01
201300056149,0,7,0,0.0,2.0,3.0,15.0,B01
201300056150,0,10,0,0.0,2.0,9.0,2.0,C01
201300056150,0,7,0,0.0,2.0,4.0,2.0,D01
201300056150,0,10,0,0.0,2.0,1.0,2.0,A01
201300056150,0,7,0,0.0,2.0,9.0,2.0,B01
201300056151,0,7,0,0.0,2.0,4.0,23.0,B01
201300056151,0,7,0,0.0,0.0,4.0,23.0,C01
201300056151,0,7,0,0.0,2.0,1.0,1.0,A01
201300056152,0,33,0,0.0,1.0,2.0,7.0,A01
201300056153,0,32,0,14.0,0.0,8.0,24.0,B01
201300056153,0,7,0,0.0,0.0,6.0,1.0,A01
201300056154,0,7,0,0.0,2.0,8.0,10.0,A01
201300056154,0,32,0,0.0,2.0,0.0,17.0,B01
201300056155,0,1,0,0.0,2.0,4.0,1.0,B01
201300056155,0,7,0,0.0,2.0,2.0,12.0,A01
201300056156,0,7,0,0.0,2.0,2.0,12.0,A01
201300056156,0,7,0,9.0,1.0,8.0,1.0,B01
201300056157,0,37,1,0.0,1.0,2.0,16.0,A01
201300056158,0,30,0,0.0,2.0,1.0,7.0,A01
201300056158,0,7,0,0.0,2.0,2.0,16.0,B01
201300056159,0,34,0,0.0,1.0,3.0,1.0,A01
201300056160,0,7,0,0.0,2.0,6.0,4.0,A01
201300056160,0,7,0,0.0,2.0,7.0,15.0,B01
201300056161,0,33,0,2.0,2.0,3.0,7.0,A01
201300056161,0,10,0,0.0,2.0,7.0,16.0,B01
201300056162,0,7,0,0.0,2.0,7.0,23.0,C01
201300056162,0,7,0,0.0,2.0,7.0,14.0,A01
201300056162,0,10,0,0.0,2.0,8.0,1.0,B01
201300056163,0,7,0,0.0,1.0,2.0,1.0,A01
201300056164,0,14,0,0.0,1.0,2.0,16.0,A01
201300056165,0,32,0,3.0,1.0,3.0,1.0,B01
201300056165,0,7,0,0.0,2.0,1.0,15.0,A01
201300056166,0,31,0,0.0,2.0,3.0,15.0,B01
201300056166,0,7,0,0.0,2.0,2.0,1.0,A01
201300056167,0,34,0,0.0,2.0,7.0,17.0,B01
201300056167,0,7,0,0.0,2.0,8.0,11.0,A01
201300056168,0,17,0,0.0,2.0,1.0,1.0,A01
201300056168,0,17,0,0.0,0.0,4.0,1.0,B01
201300056169,0,33,0,0.0,2.0,2.0,1.0,A01
201300056169,0,7,0,0.0,2.0,4.0,23.0,B01
201300056170,0,33,0,0.0,2.0,1.0,2.0,A01
201300056170,0,7,0,0.0,2.0,5.0,2.0,B01
201300056171,0,33,0,0.0,2.0,7.0,1.0,B01
201300056171,0,7,0,0.0,2.0,4.0,1.0,A01
201300056172,0,7,0,0.0,2.0,1.0,1.0,A01
201300056172,0,7,0,0.0,2.0,4.0,23.0,B01
201300056173,0,7,0,0.0,2.0,1.0,10.0,A01
201300056173,0,10,0,0.0,2.0,3.0,1.0,B01
201300056174,0,7,0,0.0,1.0,2.0,1.0,A01
201300056175,0,7,0,0.0,0.0,6.0,11.0,A01
201300056175,0,33,0,10.0,2.0,2.0,3.0,B01
201300056176,0,33,0,0.0,2.0,1.0,1.0,B01
201300056176,0,10,0,0.0,2.0,5.0,1.0,A01
201300056177,0,7,0,0.0,2.0,1.0,15.0,A01
201300056177,0,32,0,0.0,2.0,8.0,1.0,B01
201300056178,0,7,0,4.0,0.0,8.0,13.0,A01
201300056179,0,30,0,8.0,0.0,1.0,5.0,A01
201300056180,0,2,0,0.0,0.0,0.0,1.0,A01
201300056181,0,37,0,0.0,1.0,2.0,1.0,A01
201300056182,0,10,0,10.0,0.0,1.0,16.0,A01
201300056183,0,33,0,0.0,2.0,1.0,1.0,A01
201300056183,0,7,0,0.0,0.0,5.0,1.0,B01
201300056184,0,31,0,0.0,2.0,8.0,1.0,B01
201300056184,0,7,0,0.0,2.0,1.0,1.0,A01
201300056185,0,33,0,0.0,2.0,7.0,3.0,B01
201300056185,0,7,0,0.0,2.0,3.0,11.0,A01
201300056186,0,33,0,0.0,1.0,1.0,1.0,A01
201300056187,0,10,0,0.0,1.0,3.0,16.0,A01
201300056188,0,7,0,0.0,1.0,1.0,1.0,A01
201300056189,0,33,0,0.0,2.0,1.0,11.0,A01
201300056189,0,10,0,0.0,2.0,3.0,10.0,B01
201300056190,0,33,0,0.0,2.0,1.0,1.0,B01
201300056190,0,7,0,0.0,2.0,6.0,1.0,A01
201300056191,0,7,0,0.0,1.0,8.0,1.0,A01
201300056192,0,7,0,11.0,0.0,3.0,15.0,A01
201300056193,0,10,0,0.0,2.0,2.0,19.0,A01
201300056193,0,10,0,0.0,2.0,3.0,1.0,B01
201300056194,0,32,0,0.0,9.0,2.0,1.0,A01
201300056194,0,1,0,0.0,2.0,4.0,13.0,B01
201300056195,0,7,0,0.0,2.0,3.0,1.0,B01
201300056195,0,33,0,0.0,2.0,2.0,15.0,A01
201300056196,0,33,0,0.0,2.0,1.0,3.0,A01
201300056196,0,7,0,0.0,2.0,8.0,11.0,B01
201300056197,0,7,0,14.0,0.0,1.0,1.0,A01
201300056198,0,33,0,0.0,1.0,8.0,1.0,A01
201300056199,0,33,0,0.0,1.0,1.0,5.0,A01
201300056200,0,7,0,6.0,1.0,1.0,1.0,A01
201300056201,0,7,0,0.0,1.0,1.0,1.0,A01
201300056202,0,37,12,0.0,1.0,1.0,1.0,A01
201300056203,0,7,0,0.0,2.0,2.0,1.0,B01
201300056203,0,10,0,0.0,2.0,1.0,5.0,A01
201300056204,0,34,0,8.0,0.0,3.0,1.0,A01
201300056205,0,31,0,0.0,0.0,0.0,1.0,A01
201300056206,0,7,0,0.0,2.0,8.0,15.0,A01
201300056206,0,7,0,0.0,2.0,1.0,1.0,B01
201300056207,0,7,0,0.0,2.0,4.0,23.0,C01
201300056207,0,7,0,0.0,2.0,1.0,2.0,A01
201300056207,0,7,0,0.0,2.0,4.0,2.0,B01
201300056208,0,7,0,0.0,2.0,4.0,2.0,B01
201300056208,0,7,0,0.0,2.0,1.0,2.0,A01
201300056209,0,33,0,0.0,0.0,7.0,11.0,A01
201300056210,0,7,0,0.0,2.0,3.0,11.0,A01
201300056210,0,32,0,0.0,2.0,2.0,1.0,B01
201300056211,0,7,0,0.0,2.0,1.0,2.0,A01
201300056211,0,7,0,0.0,2.0,4.0,2.0,B01
201300056212,0,33,0,0.0,2.0,1.0,2.0,A01
201300056212,0,7,0,0.0,2.0,6.0,23.0,B01
201300056213,2,7,0,4.0,2.0,2.0,13.0,Z01
201300056213,0,7,0,0.0,2.0,7.0,1.0,A01
201300056214,0,34,0,14.0,0.0,1.0,1.0,A01
201300056215,0,10,0,0.0,2.0,5.0,12.0,A01
201300056215,0,33,0,0.0,2.0,1.0,3.0,C01
201300056215,0,31,0,0.0,2.0,1.0,3.0,B01
201300056216,0,7,0,0.0,2.0,7.0,12.0,A01
201300056216,0,33,0,0.0,2.0,8.0,3.0,B01
201300056217,0,33,0,0.0,2.0,1.0,3.0,A01
201300056217,0,7,0,0.0,2.0,5.0,1.0,B01
201300056218,1,7,0,0.0,2.0,3.0,11.0,Z01
201300056218,0,33,0,0.0,2.0,5.0,1.0,A01
201300056219,0,33,0,0.0,2.0,7.0,3.0,B01
201300056219,0,7,0,0.0,2.0,8.0,11.0,A01
201300056220,0,7,0,0.0,2.0,5.0,12.0,A01
201300056220,0,7,0,0.0,2.0,8.0,1.0,C01
201300056220,0,33,0,0.0,2.0,3.0,3.0,B01
201300056221,0,10,0,0.0,2.0,5.0,16.0,A01
201300056221,0,32,0,0.0,2.0,3.0,1.0,B01
201300056222,0,33,0,0.0,2.0,1.0,2.0,A01
201300056222,0,7,0,0.0,2.0,4.0,2.0,B01
201300056222,0,10,0,0.0,2.0,2.0,1.0,C01
201300056223,0,33,0,0.0,0.0,7.0,1.0,A01
201300056224,0,7,0,4.0,2.0,1.0,1.0,C01
201300056224,0,7,0,4.0,2.0,6.0,1.0,B01
201300056224,0,14,0,0.0,2.0,2.0,12.0,A01
201300056225,0,33,0,0.0,2.0,1.0,2.0,A01
201300056225,0,7,0,0.0,2.0,5.0,23.0,B01
201300056226,0,31,0,0.0,2.0,1.0,2.0,A01
201300056226,0,7,0,0.0,2.0,6.0,2.0,B01
201300056227,0,32,0,0.0,0.0,7.0,1.0,A01
201300056228,0,31,0,0.0,2.0,1.0,2.0,A01
201300056228,0,10,0,0.0,2.0,5.0,2.0,B01
201300056229,0,31,0,0.0,0.0,8.0,1.0,A01
201300056230,0,31,0,0.0,2.0,3.0,3.0,A01
201300056230,0,7,0,0.0,2.0,6.0,1.0,C01
201300056230,0,7,0,0.0,2.0,2.0,12.0,B01
201300056231,0,33,0,0.0,0.0,8.0,21.0,A01
201300056232,0,7,0,0.0,2.0,7.0,12.0,A01
201300056232,0,32,0,0.0,2.0,8.0,1.0,B01
201300056233,1,7,0,0.0,2.0,2.0,9.0,Z01
201300056233,0,32,0,0.0,0.0,5.0,1.0,A01
201300056234,0,14,0,0.0,2.0,2.0,9.0,A01
201300056234,0,7,0,4.0,0.0,8.0,1.0,B01
201300056235,0,33,0,0.0,2.0,3.0,11.0,A01
201300056235,0,10,0,0.0,2.0,7.0,1.0,B01
201300056236,0,33,0,0.0,0.0,0.0,3.0,A01
201300056237,0,7,0,0.0,2.0,3.0,11.0,A01
201300056237,0,31,0,0.0,2.0,7.0,3.0,B01
201300056238,0,31,0,12.0,0.0,0.0,16.0,A01
201300056239,0,10,0,0.0,2.0,3.0,11.0,A01
201300056239,0,33,0,0.0,2.0,7.0,1.0,B01
201300056240,0,10,0,0.0,2.0,1.0,2.0,A01
201300056240,0,7,0,0.0,2.0,4.0,23.0,B01
201300056241,0,7,0,12.0,0.0,2.0,14.0,A01
201300056242,0,33,0,0.0,0.0,8.0,1.0,A01
201300056243,0,7,0,0.0,2.0,5.0,2.0,B01
201300056243,0,34,0,0.0,2.0,1.0,2.0,A01
201300056244,0,32,0,3.0,0.0,8.0,1.0,A01
201300056245,0,7,0,4.0,0.0,1.0,13.0,A01
201300056246,0,7,0,0.0,2.0,1.0,2.0,A01
201300056246,0,7,0,0.0,2.0,4.0,2.0,B01
201300056247,0,33,0,0.0,0.0,8.0,1.0,A01
201300056248,0,34,0,0.0,2.0,1.0,2.0,A01
201300056248,0,10,0,0.0,2.0,4.0,2.0,B01
201300056249,0,33,0,4.0,2.0,7.0,17.0,B01
201300056249,0,10,0,0.0,2.0,8.0,1.0,A01
201300056250,0,10,0,4.0,0.0,3.0,13.0,A01
201300056251,0,33,0,0.0,0.0,0.0,3.0,A01
201300056252,0,7,0,0.0,2.0,8.0,11.0,A01
201300056252,0,33,0,4.0,2.0,2.0,1.0,B01
201300056253,0,31,0,0.0,0.0,8.0,1.0,A01
201300056254,0,34,0,4.0,0.0,8.0,21.0,A01
201300056255,0,7,0,0.0,2.0,5.0,12.0,A01
201300056255,0,31,0,0.0,2.0,3.0,3.0,B01
201300056256,0,7,0,0.0,2.0,4.0,2.0,B01
201300056256,0,10,0,0.0,2.0,1.0,2.0,A01
201300056257,0,7,0,0.0,2.0,6.0,23.0,B01
201300056257,0,7,0,12.0,2.0,2.0,2.0,A01
201300056257,0,7,0,0.0,1.0,4.0,23.0,C01
201300056258,0,33,0,0.0,2.0,7.0,1.0,B01
201300056258,1,7,0,0.0,0.0,0.0,11.0,Z01
201300056259,0,13,0,0.0,2.0,4.0,23.0,B01
201300056259,0,7,0,0.0,2.0,1.0,2.0,A01
201300056260,0,7,0,0.0,2.0,2.0,11.0,A01
201300056260,0,31,0,0.0,2.0,5.0,23.0,B01
201300056261,0,10,0,0.0,2.0,1.0,2.0,A01
201300056261,0,7,0,0.0,2.0,4.0,23.0,C01
201300056261,0,7,0,0.0,2.0,4.0,23.0,B01
201300056262,0,33,0,0.0,2.0,1.0,3.0,A01
201300056262,0,7,0,0.0,2.0,5.0,12.0,B01
201300056263,0,7,0,0.0,2.0,8.0,1.0,C01
201300056263,0,7,0,0.0,2.0,6.0,11.0,A01
201300056263,0,34,0,0.0,2.0,1.0,3.0,B01
201300056264,0,7,0,4.0,0.0,2.0,1.0,A01
201300056265,0,31,0,0.0,2.0,8.0,3.0,B01
201300056265,0,7,0,0.0,2.0,7.0,12.0,A01
201300056266,0,7,0,4.0,0.0,1.0,13.0,A01
201300056267,0,33,0,0.0,2.0,1.0,3.0,A01
201300056267,0,33,0,0.0,2.0,4.0,23.0,B01
201300056268,0,33,0,0.0,2.0,1.0,2.0,A01
201300056268,0,7,0,0.0,2.0,3.0,2.0,B01
201300056269,0,7,0,0.0,2.0,7.0,1.0,B01
201300056269,0,31,0,0.0,2.0,8.0,3.0,A01
201300056270,0,31,0,0.0,0.0,8.0,3.0,A01
201300056271,0,7,0,0.0,2.0,1.0,2.0,A01
201300056271,0,7,0,0.0,2.0,4.0,22.0,B01
201300056271,0,33,0,0.0,2.0,2.0,3.0,C01
201300056271,0,7,0,0.0,2.0,5.0,23.0,D01
201300056272,0,7,0,0.0,2.0,1.0,2.0,A01
201300056272,0,7,0,0.0,2.0,4.0,23.0,B01
201300056273,0,33,0,0.0,2.0,3.0,3.0,A01
201300056273,0,7,0,0.0,2.0,7.0,1.0,B01
201300056274,0,7,0,0.0,2.0,1.0,1.0,A01
201300056274,0,10,0,0.0,0.0,4.0,23.0,C01
201300056274,0,7,0,0.0,2.0,4.0,23.0,B01
201300056275,0,31,0,0.0,2.0,1.0,3.0,A01
201300056275,0,7,0,0.0,0.0,5.0,11.0,B01
201300056276,0,7,0,0.0,2.0,3.0,1.0,C01
201300056276,0,7,0,0.0,2.0,1.0,1.0,A01
201300056276,0,7,0,0.0,2.0,4.0,1.0,B01
201300056277,1,7,0,0.0,1.0,0.0,0.0,Z01
201300056278,0,7,0,1.0,0.0,1.0,1.0,A01
201300056278,0,10,0,0.0,0.0,4.0,23.0,B01
201300056279,0,10,0,0.0,2.0,2.0,12.0,A01
201300056279,0,14,0,0.0,0.0,6.0,1.0,B01
201300056280,0,7,0,0.0,2.0,6.0,11.0,A01
201300056280,0,31,0,0.0,0.0,1.0,1.0,B01
201300056281,0,31,0,4.0,2.0,5.0,3.0,B01
201300056281,0,7,0,0.0,2.0,8.0,11.0,A01
201300056282,0,7,0,4.0,0.0,1.0,1.0,A01
201300056283,0,7,0,0.0,2.0,3.0,1.0,A01
201300056283,0,14,0,0.0,2.0,3.0,1.0,B01
201300056284,0,7,0,0.0,0.0,6.0,11.0,A01
201300056284,0,33,0,0.0,2.0,1.0,3.0,B01
201300056285,0,7,0,0.0,0.0,4.0,23.0,B01
201300056285,2,7,0,3.0,2.0,2.0,1.0,Z01
201300056285,0,7,0,0.0,2.0,6.0,23.0,A01
201300056286,0,34,0,0.0,2.0,1.0,1.0,B01
201300056286,0,7,0,0.0,0.0,4.0,11.0,A01
201300056287,0,7,0,0.0,0.0,4.0,23.0,B01
201300056287,0,7,0,0.0,2.0,1.0,1.0,A01
201300056288,0,7,0,0.0,0.0,5.0,1.0,C01
201300056288,0,31,0,0.0,2.0,2.0,3.0,A01
201300056288,0,7,0,0.0,0.0,8.0,11.0,B01
201300056289,0,7,0,0.0,2.0,7.0,12.0,A01
201300056289,0,33,0,0.0,2.0,8.0,1.0,B01
201300056290,0,10,0,0.0,2.0,1.0,2.0,A01
201300056290,0,7,0,0.0,0.0,4.0,2.0,B01
201300056291,0,32,0,0.0,2.0,1.0,3.0,B01
201300056291,0,33,0,0.0,2.0,4.0,11.0,A01
201300056291,0,7,0,0.0,0.0,5.0,23.0,C01
201300056292,0,7,0,0.0,0.0,4.0,1.0,C01
201300056292,0,10,0,0.0,2.0,1.0,1.0,A01
201300056292,0,10,0,0.0,2.0,4.0,23.0,B01
201300056293,0,7,0,0.0,0.0,6.0,1.0,C01
201300056293,0,10,0,0.0,2.0,7.0,12.0,A01
201300056293,0,32,0,0.0,2.0,8.0,3.0,B01
201300056294,0,13,0,0.0,2.0,1.0,1.0,A01
201300056294,0,7,0,0.0,0.0,4.0,1.0,B01
201300056295,0,7,0,0.0,2.0,4.0,1.0,B01
201300056295,0,7,0,0.0,2.0,1.0,1.0,A01
201300056295,0,7,0,0.0,0.0,4.0,1.0,C01
201300056296,0,7,0,0.0,2.0,1.0,1.0,A01
201300056296,0,7,0,0.0,0.0,6.0,1.0,C01
201300056296,0,7,0,0.0,2.0,4.0,1.0,B01
201300056297,0,7,0,0.0,0.0,4.0,23.0,B01
201300056297,1,7,0,0.0,2.0,1.0,1.0,Z01
201300056297,0,7,0,0.0,2.0,4.0,23.0,A01
201300056298,0,7,0,0.0,0.0,4.0,11.0,B01
201300056298,0,31,0,0.0,2.0,1.0,1.0,A01
201300056299,0,32,0,0.0,2.0,1.0,1.0,A01
201300056299,0,10,0,0.0,0.0,4.0,23.0,B01
201300056300,0,32,0,0.0,2.0,1.0,1.0,A01
201300056300,1,7,0,0.0,2.0,6.0,11.0,Z01
201300056301,0,10,0,0.0,2.0,3.0,1.0,A01
201300056301,0,7,0,0.0,0.0,5.0,1.0,B01
201300056302,0,31,0,0.0,2.0,1.0,3.0,A01
201300056302,0,31,0,0.0,2.0,4.0,3.0,B01
201300056303,0,7,0,0.0,2.0,6.0,1.0,B01
201300056303,0,10,0,0.0,2.0,2.0,13.0,A01
201300056304,0,13,0,0.0,2.0,4.0,2.0,B01
201300056304,0,15,0,2.0,2.0,1.0,13.0,A01
201300056304,0,10,0,0.0,2.0,6.0,2.0,C01
201300056304,0,7,0,0.0,2.0,8.0,2.0,D02
201300056304,0,7,0,0.0,2.0,5.0,2.0,E01
201300056305,0,33,0,0.0,0.0,8.0,1.0,A01
201300056306,0,7,0,0.0,2.0,3.0,12.0,A01
201300056306,0,33,0,0.0,2.0,5.0,3.0,B01
201300056307,0,31,0,0.0,0.0,7.0,3.0,A01
201300056307,1,7,0,0.0,2.0,3.0,11.0,Z01
201300056308,0,7,0,0.0,2.0,2.0,1.0,B01
201300056308,0,7,0,0.0,0.0,5.0,1.0,D01
201300056308,0,7,0,0.0,2.0,1.0,1.0,A01
201300056308,0,7,0,0.0,0.0,4.0,23.0,C01
201300056309,0,7,0,0.0,0.0,4.0,1.0,B01
201300056309,0,7,0,0.0,2.0,1.0,1.0,A01
201300056310,0,7,0,4.0,0.0,2.0,1.0,A01
201300056311,0,31,0,0.0,0.0,8.0,3.0,A01
201300056312,0,7,0,0.0,2.0,7.0,12.0,A01
201300056312,0,3,0,4.0,0.0,8.0,1.0,B01
201300056313,0,7,0,0.0,2.0,1.0,1.0,A01
201300056313,0,7,0,4.0,0.0,4.0,23.0,B01
201300056314,0,7,0,4.0,0.0,3.0,13.0,A01
201300056315,1,7,0,0.0,2.0,2.0,11.0,Z01
201300056315,0,7,0,4.0,2.0,6.0,1.0,A01
201300056316,0,7,0,0.0,2.0,4.0,2.0,B01
201300056316,0,7,0,0.0,2.0,1.0,2.0,A01
201300056316,0,7,0,0.0,2.0,1.0,2.0,C01
201300056317,0,7,0,0.0,2.0,1.0,2.0,A01
201300056317,0,7,0,0.0,2.0,4.0,2.0,B01
201300056317,0,7,0,0.0,2.0,4.0,2.0,C01
201300056318,0,7,0,0.0,2.0,3.0,22.0,A01
201300056318,0,32,0,0.0,2.0,1.0,3.0,B01
201300056319,0,7,0,0.0,2.0,1.0,1.0,C01
201300056319,0,7,0,0.0,2.0,7.0,1.0,B01
201300056319,0,7,0,0.0,2.0,8.0,13.0,A01
201300056320,0,10,0,0.0,2.0,1.0,2.0,A01
201300056320,0,7,0,0.0,2.0,4.0,23.0,B01
201300056321,0,7,0,0.0,2.0,8.0,11.0,B01
201300056321,0,33,0,0.0,2.0,7.0,3.0,A01
201300056322,0,7,0,0.0,2.0,6.0,1.0,B01
201300056322,0,31,0,0.0,2.0,2.0,1.0,A01
201300056323,0,31,0,0.0,0.0,0.0,1.0,A01
201300056324,0,7,0,0.0,2.0,5.0,23.0,B01
201300056324,0,34,0,0.0,2.0,1.0,2.0,A01
201300056325,0,7,0,0.0,2.0,5.0,1.0,B01
201300056325,0,34,0,0.0,2.0,3.0,3.0,A01
201300056326,0,33,0,0.0,2.0,8.0,3.0,B01
201300056326,0,7,0,0.0,2.0,5.0,12.0,A01
201300056327,2,7,0,0.0,2.0,7.0,13.0,Z01
201300056327,0,7,0,4.0,2.0,8.0,1.0,A01
201300056327,0,7,0,0.0,2.0,5.0,1.0,B01
201300056327,0,7,0,0.0,2.0,6.0,1.0,C01
201300056328,0,33,0,0.0,2.0,3.0,3.0,A01
201300056328,0,7,0,0.0,2.0,2.0,12.0,B01
201300056329,2,7,0,0.0,2.0,1.0,14.0,Z01
201300056329,0,7,0,12.0,2.0,6.0,1.0,A01
201300056330,0,7,0,0.0,2.0,5.0,23.0,B01
201300056330,0,31,0,0.0,2.0,1.0,2.0,A01
201300056331,0,7,0,0.0,2.0,1.0,2.0,A01
201300056331,0,7,0,0.0,2.0,4.0,2.0,B01
201300056332,0,17,0,0.0,2.0,2.0,12.0,A01
201300056332,0,7,0,4.0,0.0,8.0,1.0,B01
201300056333,0,32,0,0.0,2.0,0.0,11.0,A01
201300056333,0,32,0,0.0,2.0,2.0,3.0,B01
201300056333,1,7,0,0.0,2.0,6.0,1.0,D01
201300056333,1,7,0,0.0,2.0,5.0,1.0,C01
201300056334,0,7,0,0.0,2.0,4.0,23.0,C01
201300056334,0,7,0,0.0,2.0,4.0,23.0,B01
201300056334,0,7,0,0.0,2.0,1.0,1.0,A01
201300056335,0,7,0,0.0,2.0,1.0,14.0,A01
201300056335,0,7,0,0.0,2.0,4.0,1.0,B01
201300056336,0,7,0,0.0,2.0,7.0,12.0,B01
201300056336,0,10,0,0.0,2.0,3.0,1.0,C01
201300056336,0,31,0,3.0,2.0,1.0,3.0,A01
201300056337,0,33,0,0.0,2.0,1.0,3.0,A01
201300056337,0,7,0,0.0,2.0,7.0,12.0,B01
201300056338,0,7,0,0.0,2.0,1.0,2.0,A01
201300056338,0,7,0,0.0,2.0,4.0,23.0,C01
201300056338,0,7,0,0.0,2.0,9.0,23.0,B01
201300056339,0,7,0,0.0,2.0,4.0,2.0,B01
201300056339,0,13,0,0.0,2.0,4.0,2.0,C01
201300056339,0,7,0,0.0,2.0,1.0,2.0,A01
201300056340,0,7,0,0.0,2.0,2.0,23.0,C01
201300056340,0,7,0,0.0,2.0,6.0,1.0,B01
201300056340,0,33,0,0.0,2.0,2.0,3.0,A01
201300056341,0,7,0,0.0,2.0,2.0,12.0,A01
201300056341,0,34,0,0.0,2.0,3.0,3.0,B01
201300056342,0,31,0,0.0,2.0,2.0,3.0,A01
201300056342,0,7,0,0.0,2.0,6.0,1.0,B01
201300056343,0,7,0,0.0,2.0,2.0,12.0,A01
201300056343,0,34,0,0.0,2.0,3.0,3.0,B01
201300056344,0,34,0,0.0,2.0,1.0,1.0,B01
201300056344,0,7,0,0.0,2.0,5.0,14.0,A01
201300056345,0,7,0,0.0,2.0,2.0,2.0,A01
201300056345,0,7,0,0.0,2.0,4.0,2.0,D01
201300056345,0,7,0,0.0,2.0,6.0,2.0,B01
201300056345,0,7,0,0.0,2.0,4.0,2.0,C01
201300056346,0,7,0,0.0,2.0,4.0,2.0,B01
201300056346,0,10,0,0.0,2.0,1.0,2.0,A01
201300056346,0,7,0,1.0,2.0,1.0,2.0,C01
201300056347,0,7,0,0.0,2.0,6.0,1.0,B01
201300056347,0,7,0,4.0,2.0,7.0,13.0,A01
201300056348,0,33,0,0.0,2.0,1.0,2.0,A01
201300056348,0,7,0,0.0,2.0,6.0,1.0,C01
201300056348,0,7,0,0.0,2.0,5.0,2.0,B01
201300056349,0,7,0,0.0,2.0,4.0,23.0,B01
201300056349,0,10,0,0.0,2.0,1.0,1.0,A01
201300056349,0,10,0,0.0,2.0,1.0,1.0,D01
201300056349,0,7,0,0.0,0.0,4.0,1.0,C01