Num_Acc,senc,catv,occutc,obs,obsm,choc,manv,num_veh
201300056549,0,7,0,0.0,2.0,7.0,23.0,D01
201300056549,0,33,0,1.0,2.0,1.0,3.0,A01
201300056549,0,33,0,0.0,2.0,8.0,11.0,B01
201300056549,0,7,0,0.0,2.0,8.0,23.0,E01
201300056550,0,7,0,0.0,2.0,1.0,2.0,A01
201300056550,0,10,0,0.0,2.0,4.0,2.0,C01
201300056550,0,7,0,0.0,2.0,4.0,2.0,B01
201300056551,0,7,0,14.0,0.0,1.0,14.0,A01
201300056552,0,7,0,0.0,2.0,4.0,2.0,B01
201300056552,0,31,0,0.0,2.0,1.0,2.0,A01
201300056553,0,7,0,0.0,2.0,1.0,2.0,A01
201300056553,0,7,0,0.0,2.0,4.0,2.0,B01
201300056553,0,7,0,0.0,2.0,1.0,2.0,C01
201300056553,0,7,0,0.0,2.0,4.0,2.0,D01
201300056554,0,10,0,0.0,2.0,2.0,12.0,A01
201300056554,0,33,0,0.0,2.0,7.0,3.0,B01
201300056555,0,10,0,0.0,2.0,4.0,2.0,B01
201300056555,0,7,0,0.0,2.0,4.0,2.0,C01
201300056555,0,38,36,0.0,2.0,1.0,2.0,A01
201300056555,0,7,0,0.0,2.0,4.0,2.0,D01
201300056556,0,32,0,0.0,2.0,3.0,13.0,A01
201300056556,0,7,0,0.0,2.0,7.0,1.0,B01
201300056557,0,17,0,0.0,2.0,2.0,14.0,A01
201300056557,0,7,0,4.0,2.0,6.0,1.0,B01
201300056558,0,31,0,0.0,0.0,0.0,1.0,A01
201300056559,0,7,0,0.0,2.0,5.0,12.0,A01
201300056559,0,33,0,0.0,2.0,3.0,1.0,B01
201300056560,0,10,0,0.0,2.0,5.0,2.0,C01
201300056560,0,7,0,4.0,2.0,1.0,2.0,A01
201300056560,0,10,0,0.0,2.0,6.0,2.0,B01
201300056561,0,31,0,0.0,2.0,1.0,3.0,A01
201300056561,0,7,0,0.0,2.0,4.0,1.0,B01
201300056562,0,7,0,0.0,2.0,6.0,11.0,A01
201300056562,0,7,0,0.0,0.0,6.0,2.0,C01
201300056562,0,33,0,0.0,0.0,7.0,2.0,B01
201300056563,0,31,0,0.0,2.0,1.0,3.0,B01
201300056563,0,7,0,0.0,2.0,7.0,23.0,D01
201300056563,0,7,0,0.0,2.0,7.0,22.0,A01
201300056563,0,10,0,0.0,2.0,8.0,23.0,C01
201300056564,0,33,0,4.0,0.0,3.0,13.0,A01
201300056565,0,7,0,0.0,2.0,4.0,2.0,B01
201300056565,0,7,0,0.0,2.0,3.0,2.0,A01
201300056565,0,31,0,0.0,2.0,9.0,2.0,D01
201300056565,0,7,0,0.0,2.0,1.0,2.0,C01
201300056566,0,10,0,8.0,0.0,1.0,1.0,A01
201300056567,0,7,0,12.0,0.0,2.0,12.0,A01
201300056568,0,7,0,4.0,0.0,3.0,17.0,A01
201300056569,0,7,0,0.0,0.0,6.0,11.0,A01
201300056569,0,33,0,0.0,2.0,2.0,1.0,B01
201300056570,0,33,0,0.0,2.0,8.0,3.0,B01
201300056570,0,10,0,0.0,2.0,2.0,12.0,A01
201300056571,0,7,0,0.0,2.0,1.0,1.0,A01
201300056571,0,7,0,0.0,0.0,4.0,23.0,B01
201300056572,0,7,0,0.0,0.0,3.0,1.0,C01
201300056572,0,7,0,0.0,2.0,5.0,1.0,B01
201300056572,0,10,0,0.0,2.0,3.0,16.0,A01
201300056573,0,7,0,0.0,2.0,1.0,1.0,A01
201300056573,0,10,0,0.0,0.0,4.0,23.0,C01
201300056573,0,7,0,0.0,2.0,4.0,23.0,B01
201300056574,0,7,0,4.0,2.0,6.0,23.0,B01
201300056574,0,38,52,0.0,2.0,2.0,1.0,A01
201300056574,0,7,0,0.0,2.0,4.0,23.0,C01
201300056574,0,7,0,0.0,0.0,4.0,23.0,D01
201300056575,0,7,0,0.0,2.0,1.0,2.0,A01
201300056575,0,33,0,0.0,2.0,4.0,23.0,B01
201300056575,0,7,0,0.0,0.0,4.0,23.0,C01
201300056576,0,31,0,4.0,0.0,8.0,21.0,A01
201300056577,0,33,0,0.0,9.0,1.0,11.0,A01
201300056578,0,16,0,0.0,0.0,2.0,1.0,B01
201300056578,0,10,0,0.0,0.0,1.0,1.0,C01
201300056578,0,7,0,0.0,2.0,1.0,1.0,D01
201300056578,0,7,0,0.0,2.0,8.0,18.0,A01
201300056579,0,33,0,0.0,2.0,8.0,3.0,B01
201300056579,0,7,0,0.0,2.0,7.0,12.0,A01
201300056580,0,7,0,0.0,0.0,4.0,23.0,C01
201300056580,0,7,0,0.0,2.0,1.0,1.0,A01
201300056580,0,7,0,0.0,2.0,4.0,23.0,B01
201300056581,0,33,0,0.0,2.0,1.0,3.0,A01
201300056581,0,31,0,0.0,2.0,4.0,3.0,B01
201300056581,0,7,0,0.0,2.0,6.0,23.0,C01
201300056582,0,34,0,0.0,0.0,1.0,3.0,B01
201300056582,0,7,0,0.0,2.0,6.0,11.0,A01
201300056583,0,7,0,0.0,2.0,4.0,1.0,B01
201300056583,0,7,0,0.0,2.0,4.0,23.0,C01
201300056583,0,7,0,0.0,2.0,1.0,1.0,A01
201300056584,0,7,0,0.0,2.0,3.0,22.0,A01
201300056584,0,33,0,0.0,0.0,5.0,3.0,B01
201300056585,0,7,0,0.0,2.0,2.0,1.0,A01
201300056585,0,7,0,0.0,0.0,6.0,1.0,B01
201300056586,0,7,0,4.0,0.0,1.0,13.0,A01
201300056587,0,34,0,0.0,0.0,0.0,1.0,A01
201300056588,0,7,0,0.0,2.0,4.0,2.0,C01
201300056588,0,7,0,0.0,2.0,1.0,2.0,A01
201300056588,0,7,0,0.0,2.0,4.0,2.0,B01
201300056589,0,7,0,0.0,2.0,6.0,2.0,B01
201300056589,0,33,0,0.0,2.0,2.0,2.0,A01
201300056590,0,33,0,1.0,0.0,0.0,3.0,A01
201300056591,1,7,0,0.0,2.0,5.0,12.0,Z01
201300056591,0,33,0,0.0,2.0,3.0,3.0,A01
201300056592,0,31,0,0.0,2.0,1.0,3.0,B01
201300056592,0,10,0,0.0,2.0,4.0,11.0,A01
201300056593,0,7,0,0.0,2.0,4.0,2.0,B01
201300056593,0,33,0,0.0,2.0,1.0,2.0,A01
201300056594,0,17,0,0.0,2.0,2.0,12.0,A01
201300056594,0,7,0,0.0,2.0,7.0,1.0,B01
201300056595,0,7,0,0.0,2.0,5.0,14.0,B01
201300056595,0,34,0,0.0,2.0,3.0,3.0,A01
201300056595,0,7,0,0.0,2.0,6.0,1.0,C01
201300056596,0,32,0,0.0,2.0,4.0,2.0,B01
201300056596,0,33,0,0.0,2.0,1.0,2.0,A01
201300056597,0,7,0,0.0,2.0,3.0,12.0,B01
201300056597,0,7,0,4.0,2.0,5.0,1.0,A01
201300056598,0,34,0,0.0,2.0,3.0,11.0,A01
201300056598,0,10,0,0.0,2.0,2.0,1.0,B01
201300056599,0,33,0,0.0,2.0,1.0,2.0,A01
201300056599,0,7,0,0.0,2.0,4.0,2.0,B01
201300056600,0,7,0,0.0,2.0,4.0,1.0,C01
201300056600,0,17,0,0.0,2.0,2.0,12.0,A01
201300056600,0,7,0,0.0,2.0,6.0,1.0,B01
201300056601,0,33,0,0.0,0.0,8.0,3.0,A01
201300056602,0,33,0,0.0,2.0,2.0,3.0,A01
201300056602,0,10,0,0.0,2.0,6.0,1.0,B01
201300056603,0,33,0,0.0,0.0,2.0,1.0,A01
201300056604,0,7,0,4.0,0.0,1.0,1.0,A01
201300056605,0,33,0,0.0,2.0,3.0,3.0,A01
201300056605,0,7,0,0.0,0.0,2.0,12.0,B01
201300056606,0,7,0,0.0,2.0,1.0,2.0,A01
201300056606,0,10,0,0.0,2.0,4.0,2.0,B01
201300056607,0,7,0,0.0,2.0,7.0,12.0,A01
201300056607,0,34,0,0.0,2.0,8.0,3.0,B01
201300056608,0,7,0,0.0,2.0,1.0,2.0,A01
201300056608,0,7,0,0.0,2.0,4.0,2.0,B01
201300056608,0,10,0,0.0,2.0,4.0,2.0,C01
201300056609,0,7,0,0.0,2.0,7.0,12.0,B01
201300056609,0,33,0,0.0,0.0,3.0,3.0,A01
201300056610,0,7,0,0.0,2.0,1.0,1.0,A01
201300056610,0,7,0,0.0,2.0,4.0,23.0,C01
201300056610,0,7,0,0.0,2.0,1.0,23.0,B01
201300056610,0,7,0,0.0,2.0,1.0,1.0,D01
201300056611,0,7,0,0.0,2.0,2.0,12.0,A01
201300056611,0,32,0,0.0,0.0,3.0,3.0,B01
201300056612,0,33,0,0.0,2.0,8.0,3.0,B01
201300056612,0,7,0,0.0,0.0,7.0,12.0,A01
201300056613,0,32,0,0.0,2.0,2.0,3.0,A01
201300056613,0,7,0,0.0,0.0,6.0,11.0,B01
201300056614,1,7,0,0.0,2.0,1.0,13.0,Z01
201300056614,0,7,0,0.0,2.0,3.0,2.0,A01
201300056614,0,7,0,0.0,2.0,4.0,1.0,C01
201300056614,0,7,0,4.0,2.0,1.0,2.0,B01
201300056615,0,7,0,0.0,2.0,1.0,2.0,A01
201300056615,0,7,0,0.0,2.0,4.0,23.0,B01
201300056616,0,7,0,0.0,2.0,6.0,11.0,A01
201300056616,0,34,0,0.0,0.0,2.0,3.0,B01
201300056617,0,7,0,0.0,0.0,6.0,1.0,C01
201300056617,0,33,0,0.0,2.0,3.0,3.0,A01
201300056617,0,7,0,0.0,0.0,5.0,1.0,B01
201300056618,0,32,0,0.0,0.0,3.0,3.0,B01
201300056618,0,7,0,0.0,2.0,5.0,12.0,A01
201300056619,0,7,0,0.0,2.0,7.0,1.0,C01
201300056619,0,7,0,0.0,2.0,6.0,9.0,B01
201300056619,0,10,0,0.0,2.0,2.0,1.0,D01
201300056619,0,17,0,0.0,2.0,2.0,1.0,A01
201300056620,0,7,0,0.0,0.0,4.0,1.0,D01
201300056620,0,10,0,0.0,2.0,1.0,1.0,C01
201300056620,0,7,0,0.0,2.0,4.0,1.0,B01
201300056620,0,7,0,0.0,2.0,1.0,1.0,A01
201300056621,0,33,0,0.0,2.0,1.0,1.0,A01
201300056621,0,10,0,0.0,0.0,4.0,1.0,B01
201300056622,0,33,0,0.0,0.0,4.0,3.0,B01
201300056622,0,34,0,0.0,2.0,1.0,3.0,A01
201300056623,0,33,0,0.0,0.0,8.0,3.0,B01
201300056623,0,7,0,0.0,2.0,7.0,14.0,A01
201300056624,0,7,0,0.0,2.0,1.0,1.0,A01
201300056624,0,7,0,0.0,0.0,4.0,23.0,B01
201300056625,0,15,0,0.0,2.0,2.0,12.0,A01
201300056625,0,7,0,4.0,2.0,3.0,1.0,B01
201300056626,0,31,0,0.0,2.0,1.0,2.0,A01
201300056626,0,10,0,0.0,2.0,4.0,23.0,B01
201300056627,0,30,0,0.0,2.0,8.0,11.0,A01
201300056627,0,31,0,0.0,2.0,2.0,3.0,B01
201300056628,0,33,0,0.0,2.0,3.0,2.0,A01
201300056628,0,7,0,0.0,2.0,5.0,2.0,B01
201300056629,0,7,0,0.0,2.0,4.0,2.0,B01
201300056629,0,33,0,0.0,2.0,1.0,2.0,A01
201300056630,0,7,0,0.0,2.0,3.0,2.0,C01
201300056630,0,7,0,0.0,2.0,1.0,2.0,A01
201300056630,0,7,0,0.0,2.0,4.0,2.0,B01
201300056631,0,7,0,0.0,2.0,1.0,2.0,A01
201300056631,0,7,0,0.0,2.0,4.0,23.0,B01
201300056632,0,7,0,4.0,2.0,6.0,2.0,B01
201300056632,0,7,0,4.0,2.0,2.0,2.0,A01
201300056633,0,31,0,0.0,0.0,3.0,1.0,A01
201300056634,0,32,0,0.0,0.0,8.0,3.0,B01
201300056634,0,7,0,0.0,2.0,7.0,12.0,A01
201300056635,0,7,0,0.0,2.0,1.0,1.0,A01
201300056635,0,7,0,0.0,2.0,4.0,23.0,B01
201300056636,0,34,0,0.0,2.0,2.0,3.0,A01
201300056636,0,10,0,0.0,0.0,6.0,23.0,B01
201300056637,0,7,0,0.0,0.0,4.0,1.0,B01
201300056637,0,32,0,0.0,2.0,1.0,1.0,A01
201300056638,0,10,0,0.0,2.0,1.0,2.0,A01
201300056638,0,7,0,0.0,0.0,4.0,2.0,C01
201300056638,0,7,0,0.0,2.0,4.0,2.0,B01
201300056639,0,7,0,0.0,0.0,6.0,11.0,A01
201300056639,0,33,0,0.0,2.0,2.0,3.0,B01
201300056640,0,7,0,0.0,2.0,1.0,1.0,A01
201300056640,0,7,0,0.0,0.0,4.0,23.0,B01
201300056641,0,31,0,0.0,2.0,3.0,1.0,B01
201300056641,0,10,0,0.0,2.0,2.0,12.0,A01
201300056642,0,32,0,0.0,2.0,1.0,1.0,A01
201300056642,0,7,0,0.0,0.0,4.0,23.0,B01
201300056643,0,7,0,0.0,2.0,6.0,23.0,B01
201300056643,0,33,0,0.0,2.0,1.0,11.0,A01
201300056644,0,32,0,0.0,2.0,3.0,3.0,A01
201300056644,0,34,0,0.0,2.0,5.0,3.0,B01
201300056644,0,7,0,0.0,2.0,6.0,1.0,C01
201300056645,0,33,0,0.0,0.0,3.0,1.0,B01
201300056645,0,7,0,0.0,2.0,5.0,12.0,A01
201300056646,0,32,0,0.0,2.0,1.0,3.0,B01
201300056646,0,7,0,0.0,0.0,5.0,12.0,A01
201300056647,0,7,0,0.0,2.0,7.0,12.0,A01
201300056647,0,33,0,0.0,2.0,8.0,1.0,B01
201300056648,0,7,0,0.0,2.0,4.0,1.0,B01
201300056648,0,10,0,0.0,2.0,1.0,1.0,A01
201300056648,0,7,0,0.0,0.0,4.0,2.0,C01
201300056649,0,7,0,0.0,2.0,4.0,1.0,B01
201300056649,0,33,0,0.0,2.0,1.0,14.0,A01
201300056650,0,7,0,0.0,2.0,2.0,12.0,A01
201300056650,0,33,0,0.0,0.0,8.0,3.0,B01
201300056651,0,33,0,0.0,2.0,1.0,3.0,B01
201300056651,0,7,0,0.0,0.0,7.0,1.0,C01
201300056651,0,31,0,0.0,2.0,3.0,11.0,A01
201300056652,0,7,0,0.0,2.0,1.0,1.0,A01
201300056652,0,7,0,0.0,0.0,4.0,1.0,B01
201300056653,0,7,0,0.0,2.0,1.0,2.0,D01
201300056653,0,7,0,0.0,2.0,1.0,2.0,A01
201300056653,0,7,0,0.0,2.0,4.0,2.0,B01
201300056653,0,7,0,0.0,2.0,4.0,2.0,C01
201300056654,0,7,0,0.0,2.0,4.0,2.0,C01
201300056654,0,7,0,0.0,2.0,1.0,2.0,A01
201300056654,0,7,0,0.0,2.0,4.0,2.0,B01
201300056655,0,32,0,0.0,0.0,8.0,3.0,B01
201300056655,0,7,0,0.0,2.0,2.0,12.0,A01
201300056656,0,7,0,0.0,0.0,4.0,1.0,B01
201300056656,0,7,0,0.0,2.0,1.0,1.0,A01
201300056657,0,7,0,0.0,0.0,2.0,1.0,D01
201300056657,0,10,0,0.0,0.0,6.0,11.0,A01
201300056657,0,34,0,0.0,2.0,8.0,3.0,C01
201300056657,0,32,0,0.0,2.0,2.0,3.0,B01
201300056658,0,31,0,0.0,2.0,3.0,3.0,A01
201300056658,1,13,0,0.0,2.0,2.0,1.0,B01
201300056659,0,33,0,0.0,2.0,2.0,3.0,B01
201300056659,0,7,0,0.0,2.0,3.0,11.0,A01
201300056660,0,33,0,0.0,0.0,0.0,1.0,A01
201300056661,0,33,0,0.0,2.0,3.0,3.0,B01
201300056661,0,7,0,0.0,2.0,7.0,1.0,C01
201300056661,0,7,0,0.0,2.0,3.0,22.0,A01
201300056662,0,7,0,0.0,2.0,4.0,1.0,B01
201300056662,0,32,0,0.0,2.0,7.0,3.0,A01
201300056663,0,31,0,0.0,2.0,5.0,16.0,A01
201300056663,0,7,0,0.0,2.0,3.0,15.0,B01
201300056664,0,10,0,14.0,0.0,1.0,13.0,A01
201300056665,2,7,0,3.0,0.0,1.0,1.0,A01
201300056666,0,31,0,0.0,2.0,2.0,3.0,B01
201300056666,0,7,0,0.0,2.0,3.0,11.0,A01
201300056667,0,34,0,0.0,2.0,1.0,2.0,A01
201300056667,0,7,0,0.0,2.0,4.0,23.0,B01
201300056668,1,7,0,0.0,2.0,0.0,12.0,Z01
201300056668,0,31,0,0.0,2.0,6.0,1.0,A01
201300056669,1,7,0,0.0,2.0,7.0,12.0,Z01
201300056669,0,32,0,0.0,2.0,1.0,3.0,A01
201300056670,0,31,0,0.0,0.0,0.0,1.0,A01
201300056671,0,7,0,0.0,0.0,6.0,13.0,B01
201300056671,0,32,0,0.0,2.0,1.0,1.0,A01
201300056672,0,7,0,0.0,2.0,1.0,1.0,A01
201300056672,0,7,0,0.0,2.0,4.0,23.0,B01
201300056673,0,7,0,0.0,2.0,1.0,1.0,C01
201300056673,0,14,0,0.0,2.0,2.0,1.0,B01
201300056673,0,7,0,4.0,2.0,8.0,11.0,A01
201300056674,0,32,0,0.0,2.0,3.0,3.0,A01
201300056674,0,34,0,0.0,0.0,5.0,1.0,B01
201300056675,0,7,0,0.0,2.0,1.0,1.0,C01
201300056675,0,10,0,0.0,2.0,7.0,12.0,A01
201300056675,0,33,0,0.0,0.0,3.0,1.0,B01
201300056676,0,34,0,0.0,2.0,4.0,3.0,B01
201300056676,0,7,0,0.0,2.0,0.0,11.0,A01
201300056676,0,33,0,0.0,2.0,1.0,3.0,C01
201300056677,0,7,0,4.0,0.0,3.0,13.0,A01
201300056678,0,7,0,4.0,0.0,3.0,13.0,A01
201300056679,0,7,0,0.0,2.0,2.0,1.0,B01
201300056679,0,33,0,0.0,2.0,2.0,3.0,A01
201300056680,0,33,0,0.0,2.0,2.0,3.0,A01
201300056680,0,10,0,0.0,2.0,3.0,11.0,B01
201300056681,0,7,0,0.0,0.0,6.0,1.0,B01
201300056681,0,15,0,0.0,2.0,2.0,12.0,A01
201300056682,0,7,0,0.0,2.0,1.0,1.0,A01
201300056682,0,14,0,0.0,0.0,4.0,23.0,B01
201300056683,0,33,0,0.0,2.0,3.0,3.0,B01
201300056683,0,7,0,0.0,2.0,5.0,12.0,A01
201300056684,0,32,0,0.0,2.0,6.0,1.0,A01
201300056684,1,7,0,0.0,2.0,0.0,12.0,Z01
201300056685,0,7,0,0.0,2.0,4.0,2.0,B01
201300056685,0,7,0,0.0,2.0,4.0,2.0,C01
201300056685,0,7,0,0.0,2.0,1.0,2.0,A01
201300056686,0,7,0,0.0,2.0,1.0,2.0,A01
201300056686,0,7,0,0.0,2.0,4.0,2.0,B01
201300056687,0,7,0,0.0,2.0,4.0,1.0,B01
201300056687,0,7,0,0.0,2.0,1.0,1.0,A01
201300056688,0,7,0,0.0,2.0,3.0,14.0,A01
201300056688,0,7,0,0.0,2.0,6.0,1.0,C01
201300056688,0,7,0,0.0,2.0,5.0,1.0,B01
201300056689,0,33,0,0.0,0.0,8.0,1.0,A01
201300056690,0,7,0,0.0,0.0,4.0,23.0,B01
201300056690,0,7,0,0.0,2.0,1.0,1.0,A01
201300056691,0,33,0,0.0,2.0,8.0,1.0,A01
201300056691,0,7,0,0.0,0.0,4.0,1.0,B01
201300056692,0,7,0,4.0,2.0,3.0,1.0,A01
201300056692,0,7,0,4.0,0.0,8.0,1.0,B01
201300056693,0,7,0,0.0,0.0,4.0,1.0,B01
201300056693,0,7,0,0.0,2.0,1.0,1.0,A01
201300056694,0,38,28,0.0,0.0,3.0,1.0,C01
201300056694,0,33,0,0.0,2.0,1.0,1.0,A01
201300056694,0,7,0,0.0,0.0,5.0,1.0,B01
201300056695,0,33,0,0.0,2.0,1.0,2.0,A01
201300056695,0,7,0,0.0,2.0,5.0,2.0,B01
201300056696,0,7,0,0.0,2.0,2.0,12.0,A01
201300056696,0,32,0,0.0,2.0,3.0,3.0,B01
201300056696,0,7,0,0.0,2.0,4.0,1.0,D01
201300056696,0,7,0,0.0,2.0,3.0,1.0,C01
201300056697,0,7,0,0.0,2.0,1.0,2.0,A01
201300056697,0,10,0,0.0,2.0,4.0,2.0,B01
201300056698,0,10,0,0.0,2.0,8.0,11.0,A01
201300056698,0,31,0,0.0,2.0,7.0,1.0,B01
201300056699,0,13,0,0.0,2.0,3.0,1.0,A01
201300056699,0,10,0,5.0,2.0,4.0,1.0,B01
201300056700,0,33,0,0.0,2.0,1.0,11.0,A01
201300056700,0,7,0,0.0,2.0,6.0,11.0,B01
201300056701,0,33,0,0.0,0.0,8.0,3.0,B01
201300056701,0,10,0,0.0,2.0,2.0,12.0,A01
201300056702,0,33,0,0.0,2.0,1.0,1.0,A01
201300056702,0,7,0,0.0,0.0,6.0,1.0,B01
201300056703,0,31,0,0.0,0.0,0.0,1.0,A01
201300056704,0,7,0,0.0,2.0,8.0,11.0,A01
201300056704,0,31,0,0.0,0.0,7.0,3.0,B01
201300056705,0,7,0,4.0,0.0,2.0,13.0,A01
201300056706,0,32,0,0.0,0.0,0.0,1.0,A01
201300056707,0,7,0,0.0,2.0,4.0,2.0,B01
201300056707,0,7,0,0.0,2.0,1.0,2.0,A01
201300056708,0,7,0,4.0,0.0,1.0,13.0,A01
201300056709,0,7,0,0.0,0.0,7.0,16.0,B01
201300056709,0,32,0,0.0,2.0,8.0,18.0,A01
201300056710,0,33,0,0.0,2.0,1.0,3.0,B01
201300056710,0,7,0,0.0,0.0,6.0,11.0,A01
201300056711,0,10,0,0.0,2.0,5.0,12.0,B01
201300056711,0,7,0,0.0,2.0,3.0,1.0,C01
201300056711,0,34,0,0.0,2.0,3.0,3.0,A01
201300056712,0,7,0,0.0,2.0,5.0,2.0,B01
201300056712,0,7,0,0.0,2.0,6.0,2.0,D01
201300056712,0,7,0,0.0,2.0,2.0,13.0,A01
201300056712,0,7,0,4.0,2.0,5.0,2.0,C01
201300056713,0,10,0,0.0,0.0,8.0,23.0,C01
201300056713,0,10,0,0.0,0.0,8.0,23.0,B01
201300056713,0,33,0,0.0,2.0,2.0,3.0,A01
201300056714,0,7,0,0.0,0.0,4.0,23.0,C01
201300056714,0,10,0,0.0,2.0,4.0,1.0,B01
201300056714,0,14,0,0.0,2.0,1.0,1.0,A01
201300056715,0,33,0,0.0,2.0,1.0,3.0,B01
201300056715,0,7,0,0.0,2.0,5.0,12.0,A01
201300056716,0,33,0,0.0,0.0,3.0,3.0,A01
201300056717,0,31,0,0.0,0.0,0.0,3.0,A01
201300056718,0,7,0,0.0,2.0,8.0,11.0,A01
201300056718,0,7,0,0.0,2.0,6.0,1.0,C01
201300056718,0,33,0,0.0,2.0,2.0,3.0,B01
201300056719,0,7,0,0.0,0.0,6.0,11.0,A01
201300056719,0,34,0,0.0,2.0,1.0,1.0,B01
201300056720,0,15,0,0.0,2.0,1.0,1.0,A01
201300056720,0,7,0,0.0,0.0,4.0,23.0,C01
201300056720,0,7,0,0.0,2.0,4.0,23.0,B01
201300056721,0,7,0,0.0,2.0,4.0,1.0,B01
201300056721,0,7,0,0.0,0.0,4.0,1.0,D01
201300056721,0,7,0,0.0,2.0,1.0,1.0,A01
201300056721,0,7,0,0.0,2.0,4.0,1.0,C01
201300056722,0,33,0,0.0,2.0,8.0,3.0,A01
201300056722,0,10,0,0.0,0.0,5.0,23.0,B01
201300056723,0,33,0,0.0,0.0,7.0,1.0,A01
201300056723,1,7,0,0.0,0.0,0.0,11.0,Z01
201300056724,0,32,0,0.0,0.0,3.0,2.0,B01
201300056724,0,7,0,0.0,2.0,5.0,12.0,A01
201300056725,0,10,0,4.0,2.0,2.0,1.0,B01
201300056725,0,7,0,0.0,2.0,5.0,12.0,A01
201300056725,1,7,0,0.0,2.0,3.0,13.0,Z01
201300056726,0,7,0,4.0,0.0,3.0,1.0,A01
201300056727,0,7,0,0.0,0.0,4.0,1.0,B01
201300056727,0,7,0,0.0,2.0,1.0,1.0,A01
201300056728,0,34,0,0.0,2.0,1.0,2.0,A01
201300056728,0,7,0,0.0,2.0,4.0,2.0,B01
201300056729,0,7,0,5.0,0.0,3.0,16.0,A01
201300056730,0,7,0,0.0,2.0,6.0,2.0,A01
201300056730,1,7,0,0.0,2.0,1.0,2.0,Z01
201300056731,0,7,0,0.0,2.0,6.0,11.0,A01
201300056731,0,31,0,0.0,2.0,7.0,3.0,B01
201300056732,1,7,0,0.0,2.0,3.0,13.0,Z01
201300056732,0,33,0,0.0,2.0,7.0,3.0,A01
201300056733,0,14,0,0.0,0.0,7.0,1.0,B01
201300056733,0,32,0,0.0,2.0,8.0,11.0,A01
201300056734,0,33,0,0.0,2.0,1.0,1.0,A01
201300056734,0,10,0,0.0,0.0,4.0,1.0,B01
201300056735,0,33,0,0.0,0.0,3.0,1.0,B01
201300056735,0,7,0,0.0,2.0,5.0,12.0,A01
201300056736,0,32,0,0.0,0.0,7.0,3.0,A01
201300056736,0,7,0,0.0,0.0,0.0,12.0,B01
201300056737,0,7,0,0.0,2.0,5.0,23.0,B01
201300056737,0,33,0,0.0,2.0,1.0,1.0,A01
201300056738,0,33,0,0.0,0.0,8.0,3.0,A01
201300056739,0,7,0,0.0,0.0,4.0,1.0,B01
201300056739,0,7,0,0.0,2.0,1.0,1.0,A01
201300056740,0,10,0,0.0,2.0,3.0,1.0,C01
201300056740,0,7,0,0.0,2.0,6.0,1.0,A01
201300056740,1,14,0,0.0,2.0,0.0,12.0,Z01
201300056740,0,33,0,0.0,2.0,1.0,1.0,B01
201300056741,0,32,0,1.0,2.0,7.0,1.0,A01
201300056741,0,7,0,0.0,0.0,6.0,1.0,B01
201300056742,0,33,0,0.0,2.0,3.0,3.0,C01
201300056742,0,16,0,0.0,2.0,2.0,12.0,A01
201300056742,0,31,0,0.0,2.0,7.0,1.0,D01
201300056742,0,7,0,4.0,2.0,3.0,1.0,B01
201300056743,0,31,0,0.0,0.0,0.0,3.0,A01
201300056744,0,33,0,0.0,2.0,1.0,11.0,A01
201300056744,0,7,0,0.0,0.0,6.0,1.0,B01
201300056745,0,7,0,4.0,0.0,2.0,1.0,A01
201300056746,0,7,0,0.0,2.0,1.0,1.0,B01
201300056746,0,7,0,0.0,0.0,4.0,1.0,A01
201300056746,1,7,0,0.0,0.0,0.0,1.0,Z01
201300056747,0,32,0,0.0,0.0,0.0,1.0,A01
201300056748,0,33,0,0.0,0.0,3.0,3.0,B01
201300056748,0,7,0,0.0,2.0,2.0,12.0,A01
201300056749,1,7,0,0.0,2.0,1.0,1.0,Z01
201300056749,0,7,0,0.0,2.0,4.0,23.0,A01
201300056749,0,7,0,0.0,0.0,4.0,23.0,B01
201300056750,0,7,0,4.0,0.0,3.0,12.0,A01
201300056751,0,7,0,4.0,0.0,4.0,1.0,B01
201300056751,0,7,0,4.0,2.0,8.0,13.0,A01
201300056752,0,7,0,0.0,0.0,4.0,23.0,C01
201300056752,0,31,0,0.0,2.0,8.0,3.0,A01
201300056752,0,7,0,0.0,2.0,2.0,1.0,B01
201300056753,0,14,0,0.0,2.0,2.0,1.0,A01
201300056753,0,7,0,0.0,2.0,6.0,1.0,B01
201300056754,0,7,0,0.0,0.0,4.0,1.0,B01
201300056754,0,7,0,4.0,2.0,1.0,13.0,A01
201300056755,0,7,0,0.0,0.0,2.0,1.0,D01
201300056755,0,7,0,0.0,2.0,4.0,22.0,A01
201300056755,0,7,0,0.0,0.0,1.0,23.0,B01
201300056755,0,33,0,0.0,2.0,1.0,3.0,C01
201300056756,0,32,0,0.0,0.0,7.0,1.0,B01
201300056756,0,10,0,0.0,2.0,8.0,11.0,A01
201300056757,0,32,0,0.0,2.0,8.0,18.0,A01
201300056757,0,7,0,0.0,0.0,2.0,1.0,B01
201300056758,0,7,0,0.0,2.0,6.0,11.0,A01
201300056758,0,33,0,0.0,2.0,1.0,3.0,B01
201300056759,0,31,0,0.0,0.0,8.0,3.0,B01
201300056759,0,10,0,0.0,2.0,7.0,12.0,A01
201300056760,0,14,0,0.0,2.0,2.0,1.0,B01
201300056760,0,7,0,7.0,2.0,6.0,11.0,A01