Num_Acc,senc,catv,occutc,obs,obsm,choc,manv,num_veh
201300056761,0,32,0,0.0,0.0,8.0,3.0,A01
201300056762,0,7,0,0.0,2.0,3.0,11.0,A01
201300056762,0,32,0,4.0,2.0,2.0,1.0,B01
201300056762,0,7,0,0.0,0.0,4.0,23.0,C01
201300056763,0,32,0,0.0,0.0,7.0,14.0,A01
201300056764,0,33,0,12.0,0.0,0.0,14.0,A01
201300056765,0,32,0,0.0,0.0,4.0,23.0,C01
201300056765,0,7,0,0.0,2.0,4.0,23.0,B01
201300056765,0,7,0,0.0,2.0,1.0,1.0,A01
201300056766,0,7,0,0.0,2.0,6.0,2.0,B01
201300056766,0,33,0,0.0,2.0,1.0,2.0,A01
201300056767,0,33,0,0.0,2.0,1.0,2.0,C01
201300056767,0,7,0,0.0,2.0,1.0,2.0,A01
201300056767,0,7,0,0.0,2.0,4.0,2.0,B01
201300056768,1,7,0,0.0,2.0,5.0,12.0,Z01
201300056768,0,31,0,0.0,2.0,8.0,3.0,A01
201300056769,0,33,0,0.0,0.0,0.0,1.0,A01
201300056770,0,7,0,0.0,2.0,4.0,23.0,C01
201300056770,0,10,0,0.0,2.0,4.0,23.0,B01
201300056770,0,7,0,0.0,2.0,1.0,1.0,A01
201300056771,0,33,0,0.0,0.0,0.0,1.0,A01
201300056772,1,10,0,0.0,2.0,0.0,11.0,Z01
201300056772,0,33,0,0.0,2.0,2.0,1.0,A01
201300056773,0,7,0,4.0,2.0,8.0,1.0,A01
201300056773,1,17,0,0.0,2.0,2.0,12.0,Z01
201300056774,0,33,0,0.0,2.0,1.0,3.0,C01
201300056774,0,34,0,0.0,2.0,1.0,3.0,A01
201300056774,0,32,0,0.0,0.0,4.0,3.0,B01
201300056775,0,33,0,0.0,0.0,9.0,12.0,A01
201300056776,0,10,0,0.0,0.0,5.0,1.0,B01
201300056776,0,33,0,0.0,2.0,1.0,3.0,A01
201300056777,0,7,0,0.0,2.0,7.0,12.0,A01
201300056777,0,33,0,0.0,0.0,8.0,1.0,B01
201300056778,0,33,0,0.0,2.0,8.0,3.0,B01
201300056778,0,10,0,0.0,2.0,4.0,1.0,C01
201300056778,0,33,0,2.0,2.0,1.0,3.0,A01
201300056779,0,7,0,0.0,2.0,2.0,16.0,A01
201300056779,0,33,0,0.0,2.0,3.0,1.0,B01
201300056780,0,7,0,4.0,0.0,3.0,13.0,A01
201300056781,0,7,0,0.0,2.0,8.0,11.0,A01
201300056781,0,33,0,0.0,2.0,1.0,3.0,B01
201300056782,0,7,0,0.0,2.0,6.0,11.0,B01
201300056782,0,33,0,0.0,2.0,1.0,3.0,A01
201300056783,0,7,0,0.0,2.0,4.0,23.0,B01
201300056783,0,33,0,0.0,2.0,1.0,2.0,A01
201300056784,0,33,0,4.0,2.0,3.0,2.0,A01
201300056784,0,7,0,0.0,2.0,5.0,23.0,B01
201300056785,0,34,0,0.0,2.0,3.0,3.0,A01
201300056785,0,7,0,0.0,2.0,7.0,1.0,B01
201300056786,0,10,0,0.0,2.0,2.0,12.0,A01
201300056786,0,31,0,0.0,2.0,8.0,3.0,B01
201300056786,0,7,0,0.0,2.0,4.0,1.0,C01
201300056787,0,31,0,0.0,2.0,7.0,3.0,B01
201300056787,0,7,0,0.0,2.0,2.0,1.0,C01
201300056787,0,7,0,0.0,2.0,8.0,11.0,A01
201300056788,0,7,0,0.0,0.0,0.0,11.0,A01
201300056788,0,33,0,0.0,0.0,0.0,3.0,B01
201300056789,0,34,0,0.0,2.0,1.0,1.0,B01
201300056789,0,7,0,0.0,2.0,5.0,12.0,A01
201300056790,0,7,0,0.0,2.0,2.0,1.0,C01
201300056790,0,33,0,0.0,2.0,2.0,3.0,A01
201300056790,0,13,0,0.0,2.0,6.0,1.0,B01
201300056791,0,32,0,0.0,2.0,1.0,3.0,C01
201300056791,0,7,0,0.0,2.0,1.0,14.0,A01
201300056791,0,7,0,0.0,0.0,0.0,1.0,B01
201300056792,0,33,0,0.0,2.0,7.0,3.0,B01
201300056792,0,7,0,0.0,2.0,8.0,13.0,A01
201300056793,0,7,0,0.0,2.0,4.0,1.0,A01
201300056793,1,13,0,0.0,2.0,5.0,12.0,Z01
201300056793,0,7,0,0.0,2.0,3.0,2.0,C01
201300056793,0,7,0,0.0,2.0,8.0,2.0,B01
201300056794,0,33,0,0.0,0.0,7.0,1.0,A01
201300056795,0,7,0,0.0,2.0,3.0,13.0,A01
201300056795,0,7,0,4.0,2.0,5.0,1.0,B01
201300056796,0,7,0,0.0,2.0,4.0,23.0,C01
201300056796,0,10,0,0.0,2.0,2.0,2.0,A01
201300056796,0,7,0,0.0,2.0,4.0,23.0,B01
201300056797,0,7,0,0.0,2.0,4.0,1.0,C01
201300056797,0,7,0,0.0,2.0,1.0,1.0,A01
201300056797,0,7,0,0.0,2.0,4.0,1.0,B01
201300056798,0,7,0,6.0,2.0,3.0,11.0,A01
201300056798,0,7,0,0.0,2.0,2.0,1.0,B01
201300056798,0,7,0,0.0,2.0,6.0,1.0,C01
201300056799,0,7,0,0.0,2.0,6.0,11.0,A01
201300056799,0,33,0,0.0,0.0,2.0,3.0,B01
201300056800,0,33,0,0.0,2.0,1.0,1.0,A01
201300056800,0,7,0,0.0,0.0,6.0,1.0,B01
201300056801,0,7,0,0.0,2.0,4.0,23.0,B01
201300056801,0,13,0,0.0,2.0,1.0,1.0,A01
201300056801,0,7,0,0.0,2.0,4.0,23.0,C01
201300056801,0,7,0,0.0,0.0,4.0,23.0,D01
201300056802,0,7,0,0.0,2.0,6.0,1.0,C01
201300056802,0,7,0,0.0,2.0,3.0,11.0,A01
201300056802,0,33,0,0.0,2.0,7.0,3.0,B01
201300056803,0,7,0,0.0,2.0,1.0,2.0,A01
201300056803,0,7,0,0.0,2.0,4.0,2.0,B01
201300056804,0,7,0,0.0,2.0,6.0,1.0,A01
201300056804,0,32,0,0.0,2.0,4.0,1.0,B01
201300056804,2,10,0,0.0,2.0,2.0,12.0,Z01
201300056805,0,7,0,0.0,2.0,2.0,12.0,B01
201300056805,0,33,0,0.0,2.0,3.0,3.0,A01
201300056806,0,7,0,0.0,2.0,6.0,1.0,B01
201300056806,0,14,0,0.0,2.0,2.0,12.0,A01
201300056807,0,7,0,4.0,0.0,3.0,11.0,A01
201300056808,1,7,0,6.0,0.0,1.0,1.0,A01
201300056809,0,34,0,0.0,2.0,1.0,1.0,A01
201300056809,0,7,0,0.0,0.0,5.0,1.0,B01
201300056809,0,7,0,0.0,0.0,3.0,1.0,C01
201300056810,0,33,0,0.0,2.0,8.0,3.0,B01
201300056810,0,7,0,0.0,2.0,2.0,12.0,A01
201300056811,0,33,0,0.0,0.0,3.0,1.0,A01
201300056812,0,34,0,0.0,2.0,3.0,2.0,A01
201300056812,0,7,0,0.0,2.0,2.0,2.0,B01
201300056813,0,10,0,0.0,2.0,2.0,5.0,A01
201300056813,0,15,0,0.0,2.0,2.0,1.0,B02
201300056814,0,7,0,0.0,1.0,3.0,1.0,A01
201300056815,0,7,0,0.0,2.0,1.0,1.0,A01
201300056815,0,7,0,0.0,2.0,1.0,1.0,B02
201300056816,0,33,0,5.0,0.0,0.0,1.0,A01
201300056817,0,7,0,0.0,2.0,1.0,1.0,B02
201300056817,0,7,0,0.0,2.0,1.0,1.0,A01
201300056818,0,14,0,13.0,0.0,3.0,1.0,A01
201300056819,0,33,0,6.0,9.0,2.0,1.0,A01
201300056820,0,1,0,0.0,0.0,0.0,0.0,A01
201300056821,0,7,0,0.0,2.0,1.0,1.0,B02
201300056821,0,32,0,0.0,2.0,1.0,5.0,A01
201300056822,0,33,0,6.0,0.0,1.0,2.0,A01
201300056823,0,7,0,0.0,2.0,4.0,20.0,A01
201300056823,0,30,0,0.0,2.0,1.0,1.0,B02
201300056824,0,7,0,0.0,1.0,2.0,5.0,A01
201300056825,0,33,0,0.0,0.0,1.0,1.0,A01
201300056826,0,31,0,0.0,2.0,1.0,1.0,A01
201300056826,0,7,0,0.0,2.0,1.0,1.0,B02
201300056827,0,14,0,13.0,0.0,2.0,2.0,A01
201300056828,0,7,0,0.0,0.0,3.0,13.0,A01
201300056828,0,33,0,0.0,2.0,1.0,17.0,B02
201300056829,0,36,0,12.0,0.0,2.0,1.0,A01
201300056830,0,7,0,3.0,2.0,3.0,1.0,B02
201300056830,0,7,0,0.0,2.0,1.0,1.0,A01
201300056831,0,10,0,6.0,1.0,1.0,0.0,A01
201300056832,0,7,0,0.0,0.0,0.0,1.0,A01
201300056833,0,7,0,0.0,0.0,3.0,1.0,A01
201300056833,0,2,0,0.0,0.0,1.0,13.0,B02
201300056834,0,10,0,0.0,2.0,3.0,9.0,A01
201300056834,0,33,0,0.0,2.0,1.0,1.0,B02
201300056835,0,7,0,0.0,2.0,7.0,13.0,A01
201300056835,0,7,0,0.0,2.0,1.0,1.0,B02
201300056836,0,7,0,0.0,2.0,1.0,13.0,A01
201300056836,0,7,0,0.0,2.0,1.0,1.0,B02
201300056837,0,33,0,0.0,2.0,1.0,13.0,B02
201300056837,0,7,0,0.0,2.0,8.0,10.0,A01
201300056838,0,7,0,13.0,0.0,1.0,0.0,A01
201300056839,0,33,0,15.0,0.0,8.0,6.0,A01
201300056840,0,7,0,5.0,0.0,2.0,1.0,A01
201300056841,0,7,0,0.0,0.0,5.0,1.0,A01
201300056841,0,30,0,0.0,0.0,1.0,18.0,B02
201300056842,0,7,0,3.0,0.0,3.0,1.0,A01
201300056843,0,7,0,13.0,0.0,2.0,1.0,A01
201300056844,0,31,0,0.0,2.0,1.0,1.0,B02
201300056844,0,7,0,0.0,2.0,5.0,15.0,A01
201300056845,0,7,0,0.0,1.0,1.0,0.0,A01
201300056846,0,7,0,0.0,2.0,2.0,15.0,A01
201300056846,0,32,0,0.0,2.0,1.0,1.0,B02
201300056847,0,7,0,0.0,2.0,6.0,13.0,A01
201300056847,0,7,0,0.0,2.0,2.0,1.0,B02
201300056848,0,30,0,0.0,2.0,2.0,18.0,A01
201300056848,0,7,0,0.0,0.0,5.0,15.0,B02
201300056849,0,33,0,6.0,0.0,1.0,0.0,A01
201300056850,0,7,0,0.0,2.0,3.0,15.0,A01
201300056850,0,31,0,0.0,2.0,1.0,17.0,B02
201300056851,0,30,0,0.0,1.0,1.0,1.0,A01
201300056852,0,7,0,0.0,2.0,1.0,13.0,A01
201300056852,0,7,0,0.0,2.0,1.0,21.0,B02
201300056853,0,7,0,0.0,0.0,1.0,17.0,B02
201300056853,0,7,0,6.0,0.0,6.0,15.0,A01
201300056854,0,7,0,0.0,0.0,8.0,15.0,A01
201300056854,0,7,0,0.0,0.0,3.0,13.0,B02
201300056855,0,33,0,0.0,2.0,1.0,1.0,A01
201300056855,0,99,0,0.0,0.0,4.0,1.0,B02
201300056856,0,7,0,0.0,2.0,3.0,1.0,B02
201300056856,0,7,0,0.0,2.0,1.0,17.0,A01
201300056856,0,7,0,0.0,2.0,1.0,1.0,C03
201300056857,0,2,0,16.0,0.0,1.0,0.0,A01
201300056858,0,7,0,0.0,2.0,3.0,19.0,B02
201300056858,0,7,0,0.0,2.0,1.0,1.0,A01
201300056858,0,7,0,0.0,2.0,3.0,1.0,C03
201300056859,0,99,0,6.0,0.0,1.0,1.0,A01
201300056860,0,7,0,0.0,1.0,2.0,1.0,A01
201300056861,0,7,0,8.0,0.0,1.0,1.0,A01
201300056862,0,10,0,0.0,1.0,6.0,4.0,A01
201300056863,0,34,0,0.0,0.0,1.0,13.0,A01
201300056863,0,7,0,0.0,2.0,3.0,1.0,B02
201300056864,0,10,0,0.0,1.0,2.0,2.0,A01
201300056865,0,10,0,0.0,2.0,2.0,1.0,A01
201300056865,0,10,0,7.0,2.0,3.0,9.0,B02
201300056866,0,7,0,0.0,9.0,1.0,1.0,B02
201300056866,0,7,0,0.0,0.0,1.0,13.0,A01
201300056867,0,10,0,0.0,1.0,2.0,1.0,A01
201300056868,0,7,0,0.0,2.0,1.0,2.0,A01
201300056868,0,10,0,0.0,2.0,2.0,1.0,D04
201300056868,0,7,0,0.0,2.0,4.0,2.0,B02
201300056868,0,7,0,0.0,2.0,1.0,23.0,C03
201300056869,0,7,0,0.0,2.0,7.0,1.0,A01
201300056869,0,30,0,0.0,2.0,1.0,19.0,B02
201300056870,0,7,0,0.0,2.0,1.0,13.0,A01
201300056870,0,7,0,0.0,2.0,2.0,1.0,B02
201300056871,0,33,0,3.0,0.0,9.0,1.0,A01
201300056872,0,7,0,0.0,2.0,3.0,13.0,A01
201300056872,0,7,0,0.0,2.0,3.0,1.0,B02
201300056873,0,7,0,0.0,2.0,6.0,9.0,A01
201300056873,0,2,0,0.0,2.0,1.0,2.0,B02
201300056874,0,7,0,0.0,2.0,1.0,1.0,B02
201300056874,0,3,0,0.0,2.0,1.0,13.0,A01
201300056875,0,7,0,0.0,2.0,5.0,15.0,A01
201300056875,0,33,0,0.0,2.0,5.0,1.0,B02
201300056876,0,7,0,0.0,2.0,3.0,1.0,B02
201300056876,0,7,0,0.0,2.0,7.0,15.0,C03
201300056876,0,7,0,0.0,2.0,7.0,13.0,A01
201300056877,0,7,0,0.0,2.0,7.0,1.0,A01
201300056877,0,7,0,0.0,2.0,2.0,9.0,B02
201300056878,0,1,0,0.0,2.0,1.0,13.0,A01
201300056878,0,7,0,0.0,2.0,8.0,1.0,B02
201300056879,0,30,0,0.0,0.0,1.0,13.0,A01
201300056880,0,10,0,8.0,0.0,1.0,13.0,A01
201300056881,0,31,0,6.0,1.0,2.0,1.0,A01
201300056882,0,30,0,0.0,2.0,3.0,13.0,A01
201300056882,0,7,0,0.0,2.0,3.0,1.0,B02
201300056883,0,2,0,0.0,2.0,1.0,15.0,A01
201300056883,0,7,0,0.0,2.0,1.0,1.0,B02
201300056884,0,33,0,0.0,2.0,8.0,0.0,B02
201300056884,0,7,0,0.0,2.0,2.0,5.0,A01
201300056885,0,10,0,0.0,2.0,8.0,1.0,B02
201300056885,0,31,0,0.0,2.0,1.0,13.0,A01
201300056886,0,7,0,0.0,2.0,2.0,20.0,A01
201300056886,0,31,0,0.0,2.0,1.0,1.0,B02
201300056887,0,10,0,0.0,2.0,2.0,1.0,B02
201300056887,0,7,0,0.0,2.0,3.0,1.0,A01
201300056888,0,7,0,0.0,1.0,1.0,2.0,A01
201300056889,0,33,0,0.0,2.0,1.0,1.0,A01
201300056889,0,7,0,0.0,0.0,6.0,2.0,B02
201300056890,0,10,0,0.0,2.0,2.0,2.0,A01
201300056890,0,1,0,0.0,0.0,4.0,2.0,B02
201300056891,0,7,0,0.0,2.0,4.0,4.0,A01
201300056891,0,7,0,0.0,2.0,1.0,1.0,B02
201300056892,0,7,0,0.0,1.0,7.0,14.0,A01
201300056893,0,7,0,0.0,9.0,8.0,0.0,A01
201300056894,0,7,0,0.0,1.0,2.0,1.0,A01
201300056895,0,7,0,13.0,0.0,2.0,1.0,A01
201300056896,0,7,0,0.0,1.0,2.0,0.0,A01
201300056897,0,32,0,0.0,2.0,3.0,1.0,B02
201300056897,0,14,0,0.0,9.0,3.0,1.0,A01
201300056898,0,7,0,0.0,2.0,3.0,1.0,A01
201300056898,0,33,0,0.0,2.0,1.0,13.0,B02
201300056899,0,30,0,13.0,0.0,1.0,1.0,A01
201300056900,0,10,0,0.0,2.0,3.0,13.0,B02
201300056900,0,10,0,0.0,2.0,3.0,1.0,A01
201300056901,0,30,0,0.0,2.0,0.0,1.0,C03
201300056901,0,7,0,0.0,2.0,3.0,1.0,A01
201300056901,0,7,0,0.0,2.0,1.0,13.0,B02
201300056902,0,33,0,0.0,9.0,9.0,1.0,A01
201300056903,2,7,0,0.0,0.0,9.0,0.0,A01
201300056904,0,7,0,4.0,0.0,8.0,17.0,A01
201300056905,0,1,0,0.0,2.0,1.0,0.0,B02
201300056905,0,7,0,0.0,9.0,2.0,11.0,A01
201300056906,0,36,0,6.0,0.0,3.0,1.0,A01
201300056907,0,2,0,6.0,0.0,1.0,1.0,A01
201300056908,0,7,0,0.0,0.0,2.0,1.0,A01
201300056908,0,7,0,0.0,0.0,2.0,15.0,B02
201300056909,0,33,0,0.0,2.0,0.0,21.0,A01
201300056910,0,7,0,0.0,2.0,3.0,1.0,A01
201300056910,0,33,0,0.0,2.0,1.0,21.0,B02
201300056911,0,33,0,0.0,0.0,1.0,1.0,A01
201300056911,0,33,0,0.0,0.0,1.0,1.0,B02
201300056912,0,10,0,0.0,2.0,7.0,1.0,B02
201300056912,0,33,0,0.0,2.0,1.0,1.0,A01
201300056913,0,34,0,6.0,0.0,3.0,1.0,A01
201300056914,0,7,0,0.0,2.0,6.0,23.0,B02
201300056914,0,7,0,0.0,2.0,2.0,17.0,A01
201300056914,0,2,0,0.0,2.0,3.0,1.0,C03
201300056915,0,30,0,0.0,0.0,0.0,13.0,A01
201300056916,0,7,0,0.0,1.0,2.0,1.0,A01
201300056917,0,34,0,6.0,0.0,1.0,14.0,A01
201300056918,0,30,0,0.0,2.0,1.0,19.0,A01
201300056918,0,30,0,0.0,2.0,1.0,0.0,B02
201300056919,0,33,0,0.0,2.0,1.0,1.0,B02
201300056919,0,7,0,0.0,2.0,3.0,15.0,A01
201300056920,0,7,0,0.0,2.0,1.0,13.0,A01
201300056920,0,7,0,0.0,2.0,1.0,1.0,B02
201300056921,0,7,0,0.0,0.0,4.0,23.0,B02
201300056921,0,33,0,0.0,2.0,1.0,2.0,A01
201300056922,0,2,0,0.0,2.0,1.0,1.0,B02
201300056922,0,7,0,0.0,2.0,6.0,15.0,A01
201300056923,0,7,0,0.0,2.0,3.0,13.0,A01
201300056923,0,7,0,0.0,2.0,0.0,1.0,B02
201300056924,0,2,0,0.0,2.0,8.0,1.0,A01
201300056925,0,7,0,0.0,2.0,1.0,19.0,A01
201300056925,0,7,0,0.0,2.0,1.0,1.0,B02
201300056926,0,7,0,0.0,0.0,5.0,2.0,A01
201300056926,0,34,0,0.0,2.0,1.0,2.0,B02
201300056927,0,7,0,0.0,2.0,3.0,9.0,A01
201300056927,0,34,0,0.0,2.0,1.0,1.0,B02
201300056928,0,7,0,13.0,0.0,1.0,1.0,A01
201300056929,0,10,0,0.0,2.0,1.0,1.0,B02
201300056929,0,7,0,0.0,2.0,1.0,13.0,A01
201300056930,0,7,0,0.0,2.0,1.0,13.0,B02
201300056930,0,7,0,0.0,2.0,1.0,1.0,A01
201300056931,0,10,0,0.0,1.0,7.0,1.0,A01
201300056932,0,7,0,0.0,2.0,8.0,13.0,A01
201300056932,0,7,0,0.0,2.0,1.0,1.0,B02
201300056933,0,33,0,0.0,2.0,1.0,13.0,A01
201300056933,0,7,0,0.0,2.0,1.0,1.0,B02
201300056934,0,7,0,0.0,2.0,1.0,1.0,A01
201300056934,0,30,0,0.0,2.0,7.0,19.0,B02
201300056935,0,7,0,2.0,1.0,1.0,1.0,A01
201300056936,0,33,0,13.0,0.0,1.0,0.0,A01
201300056936,0,34,0,13.0,0.0,1.0,2.0,B02
201300056937,0,33,0,0.0,2.0,3.0,21.0,B02
201300056937,0,33,0,0.0,0.0,5.0,21.0,A01
201300056938,1,30,0,0.0,2.0,1.0,13.0,B02
201300056938,0,33,0,0.0,2.0,8.0,0.0,A01
201300056939,0,7,0,12.0,0.0,2.0,0.0,A01
201300056940,0,7,0,0.0,2.0,1.0,9.0,B02
201300056940,0,7,0,0.0,2.0,3.0,21.0,A01
201300056941,0,2,0,0.0,0.0,0.0,0.0,A01
201300056942,2,31,0,0.0,1.0,0.0,1.0,A01
201300056943,0,7,0,0.0,2.0,8.0,13.0,A01
201300056943,0,10,0,0.0,2.0,3.0,1.0,B02
201300056944,0,33,0,0.0,2.0,1.0,1.0,A01
201300056944,0,7,0,0.0,2.0,2.0,15.0,B02
201300056945,0,7,0,3.0,0.0,7.0,14.0,A01
201300056946,0,33,0,0.0,2.0,1.0,1.0,B02
201300056946,0,10,0,0.0,2.0,1.0,9.0,A01
201300056947,0,32,0,0.0,2.0,1.0,1.0,A01
201300056947,0,7,0,0.0,2.0,3.0,1.0,B02
201300056948,0,7,0,2.0,2.0,1.0,1.0,A01
201300056948,0,7,0,0.0,2.0,1.0,9.0,B02
201300056949,0,7,0,0.0,0.0,9.0,1.0,A01
201300056950,0,7,0,0.0,2.0,2.0,0.0,A01
201300056950,0,7,0,0.0,0.0,0.0,0.0,B02
201300056951,0,7,0,0.0,2.0,3.0,1.0,A01
201300056951,0,1,0,0.0,2.0,1.0,16.0,B02
201300056952,0,33,0,0.0,2.0,1.0,13.0,A01
201300056952,0,7,0,0.0,2.0,1.0,0.0,B02
201300056953,0,7,0,0.0,2.0,1.0,1.0,A01
201300056953,0,10,0,0.0,2.0,3.0,21.0,B02
201300056954,0,7,0,0.0,2.0,3.0,13.0,A01
201300056954,0,7,0,0.0,2.0,3.0,1.0,B02
201300056955,0,7,0,0.0,9.0,3.0,15.0,A01
201300056956,0,7,0,0.0,1.0,1.0,1.0,A01
201300056957,0,7,0,0.0,2.0,6.0,15.0,B02
201300056957,0,33,0,0.0,2.0,1.0,1.0,A01
201300056958,0,7,0,0.0,1.0,0.0,1.0,A01
201300056959,0,10,0,0.0,0.0,1.0,1.0,A01
201300056959,0,10,0,0.0,0.0,3.0,1.0,B02
201300056960,0,7,0,0.0,1.0,3.0,15.0,A01
201300056961,0,10,0,0.0,2.0,1.0,24.0,B02
201300056961,0,10,0,1.0,0.0,1.0,14.0,A01
201300056962,0,30,0,0.0,0.0,3.0,1.0,B02
201300056962,0,7,0,0.0,0.0,3.0,1.0,A01
201300056963,0,2,0,0.0,2.0,1.0,1.0,B02
201300056963,0,10,0,0.0,2.0,2.0,9.0,A01
201300056964,0,34,0,0.0,2.0,1.0,0.0,A01
201300056964,0,30,0,0.0,2.0,1.0,0.0,B02
201300056965,0,15,0,13.0,2.0,1.0,21.0,B02
201300056965,0,7,0,0.0,2.0,2.0,13.0,A01
201300056966,0,7,0,0.0,2.0,2.0,15.0,A01
201300056966,0,2,0,0.0,2.0,1.0,1.0,B02
201300056967,0,30,0,0.0,0.0,1.0,1.0,A01
201300056967,0,7,0,0.0,0.0,6.0,0.0,B02
201300056968,0,7,0,0.0,2.0,3.0,1.0,B02
201300056968,0,30,0,0.0,2.0,3.0,1.0,A01
201300056969,0,7,0,0.0,1.0,1.0,1.0,A01
201300056970,0,7,0,6.0,0.0,1.0,0.0,A01
201300056971,0,7,0,8.0,0.0,0.0,1.0,A01
201300056972,0,7,0,0.0,0.0,3.0,13.0,A01
201300056972,0,1,0,0.0,0.0,0.0,1.0,B02
201300056973,0,7,0,0.0,2.0,1.0,1.0,B02
201300056973,0,7,0,0.0,2.0,1.0,13.0,A01
201300056974,0,33,0,0.0,2.0,1.0,1.0,B02
201300056974,0,7,0,0.0,2.0,5.0,15.0,A01
201300056975,0,7,0,0.0,2.0,3.0,1.0,A01
201300056975,0,10,0,0.0,2.0,3.0,1.0,B02
201300056976,0,7,0,0.0,0.0,4.0,2.0,B02
201300056976,0,33,0,0.0,2.0,1.0,2.0,A01
201300056977,0,7,0,0.0,2.0,3.0,13.0,A01
201300056977,0,2,0,0.0,2.0,1.0,1.0,B02
201300056978,0,7,0,0.0,1.0,1.0,1.0,A01
201300056979,0,7,0,0.0,2.0,8.0,15.0,B02
201300056979,0,33,0,0.0,2.0,1.0,17.0,A01
201300056980,0,30,0,0.0,2.0,1.0,1.0,A01
201300056980,0,10,0,0.0,2.0,2.0,1.0,B02
201300056981,0,7,0,0.0,2.0,1.0,1.0,A01
201300056981,0,7,0,0.0,2.0,1.0,0.0,B02
201300056982,0,7,0,0.0,2.0,2.0,21.0,A01
201300056982,0,7,0,0.0,0.0,8.0,15.0,B02
201300056983,0,32,0,0.0,0.0,8.0,1.0,A01
201300056984,0,7,0,6.0,0.0,4.0,1.0,B02
201300056984,0,7,0,0.0,2.0,5.0,1.0,A01
201300056985,0,7,0,0.0,2.0,7.0,21.0,A01
201300056985,0,7,0,0.0,2.0,1.0,5.0,B02
201300056986,0,2,0,0.0,2.0,1.0,1.0,B02
201300056986,0,30,0,0.0,2.0,1.0,1.0,A01
201300056987,0,10,0,0.0,1.0,2.0,1.0,A01
201300056988,0,7,0,0.0,2.0,1.0,15.0,A01
201300056988,0,32,0,0.0,2.0,1.0,1.0,B02
201300056989,0,7,0,0.0,1.0,3.0,1.0,A01
201300056990,0,7,0,0.0,1.0,1.0,1.0,B02
201300056990,0,7,0,0.0,1.0,1.0,1.0,A01
201300056991,0,7,0,0.0,2.0,6.0,24.0,B02
201300056991,0,10,0,1.0,1.0,7.0,14.0,A01
201300056992,0,7,0,0.0,2.0,1.0,15.0,A01
201300056992,0,30,0,0.0,2.0,1.0,1.0,B02
201300056993,0,30,0,0.0,2.0,1.0,0.0,B02
201300056993,0,10,0,0.0,0.0,2.0,1.0,A01
201300056994,0,7,0,8.0,0.0,1.0,17.0,A01
201300056995,0,7,0,0.0,2.0,3.0,15.0,B02
201300056995,0,30,0,0.0,2.0,2.0,17.0,A01
201300056996,0,7,0,2.0,0.0,1.0,14.0,A01
201300056997,0,7,0,2.0,0.0,3.0,13.0,A01
201300056998,0,30,0,15.0,0.0,1.0,1.0,A01
201300056999,0,7,0,13.0,0.0,3.0,1.0,A01
201300056999,0,7,0,0.0,2.0,1.0,1.0,B02
201300056999,0,7,0,0.0,2.0,1.0,1.0,C03
201300057000,0,7,0,16.0,0.0,3.0,13.0,A01
201300057001,0,7,0,0.0,2.0,1.0,13.0,A01
201300057001,0,7,0,0.0,2.0,1.0,1.0,B02
201300057002,0,7,0,0.0,1.0,1.0,17.0,A01
201300057002,0,7,0,0.0,2.0,3.0,1.0,B02
201300057003,0,1,0,0.0,2.0,8.0,1.0,B02
201300057004,0,7,0,0.0,1.0,2.0,1.0,A01
201300057005,0,7,0,0.0,2.0,3.0,1.0,A01
201300057005,0,7,0,0.0,2.0,3.0,1.0,B02
201300057006,0,1,0,6.0,0.0,1.0,1.0,A01
201300057007,0,17,0,0.0,0.0,4.0,24.0,B02
201300057007,0,34,0,1.0,0.0,1.0,12.0,A01
201300057008,0,7,0,8.0,0.0,7.0,1.0,A01
201300057009,0,10,0,0.0,2.0,1.0,2.0,B02
201300057009,0,7,0,0.0,1.0,9.0,23.0,A01
201300057010,0,7,0,0.0,2.0,7.0,13.0,A01
201300057010,0,14,0,0.0,2.0,1.0,1.0,B02
201300057011,0,7,0,0.0,1.0,8.0,1.0,A01
201300057012,0,7,0,0.0,2.0,6.0,23.0,B02
201300057012,1,30,0,0.0,2.0,0.0,17.0,A01
201300057013,0,7,0,0.0,1.0,5.0,1.0,A01
201300057014,0,7,0,6.0,0.0,1.0,19.0,A01
201300057015,0,33,0,0.0,2.0,1.0,1.0,B02
201300057015,0,7,0,0.0,2.0,7.0,19.0,A01
201300057016,0,7,0,2.0,0.0,8.0,1.0,A01
201300057017,0,33,0,8.0,0.0,1.0,14.0,A01
201300057018,0,7,0,6.0,0.0,3.0,17.0,A01
201300057019,0,10,0,0.0,1.0,2.0,1.0,A01
201300057020,0,7,0,0.0,2.0,1.0,21.0,C03
201300057020,0,7,0,0.0,2.0,2.0,5.0,A01
201300057020,0,7,0,0.0,2.0,3.0,21.0,B02
201300057021,0,38,0,0.0,2.0,2.0,1.0,B02
201300057021,0,1,0,0.0,2.0,1.0,1.0,A01
201300057022,0,1,0,0.0,0.0,1.0,15.0,B02
201300057022,0,7,0,0.0,0.0,2.0,1.0,A01
201300057023,0,7,0,8.0,0.0,2.0,1.0,A01
201300057024,0,33,0,2.0,0.0,1.0,14.0,A01
201300057025,0,7,0,0.0,0.0,8.0,15.0,B02
201300057025,0,33,0,0.0,2.0,1.0,3.0,A01