Num_Acc,senc,catv,occutc,obs,obsm,choc,manv,num_veh
201300057026,0,7,0,0.0,2.0,1.0,1.0,A01
201300057026,0,7,0,0.0,2.0,1.0,17.0,B02
201300057027,0,10,0,0.0,0.0,6.0,11.0,A01
201300057027,0,34,0,0.0,2.0,1.0,1.0,B02
201300057028,0,7,0,0.0,2.0,2.0,1.0,B02
201300057028,0,30,0,0.0,0.0,8.0,15.0,A01
201300057029,0,33,0,0.0,0.0,1.0,17.0,B02
201300057029,0,14,0,0.0,0.0,7.0,15.0,A01
201300057030,0,1,0,0.0,0.0,1.0,1.0,B02
201300057030,0,10,0,0.0,0.0,1.0,1.0,A01
201300057031,0,7,0,13.0,0.0,9.0,14.0,A01
201300057032,0,10,0,2.0,0.0,7.0,1.0,A01
201300057033,0,7,0,13.0,2.0,3.0,1.0,A01
201300057033,0,7,0,0.0,2.0,1.0,1.0,C03
201300057033,0,7,0,0.0,2.0,3.0,1.0,B02
201300057034,0,38,0,0.0,1.0,2.0,1.0,A01
201300057035,0,7,0,0.0,2.0,2.0,21.0,A01
201300057035,0,2,0,0.0,2.0,8.0,15.0,B02
201300057036,0,7,0,13.0,0.0,1.0,1.0,A01
201300057037,1,7,0,0.0,2.0,2.0,1.0,A01
201300057037,0,1,0,0.0,2.0,4.0,1.0,B02
201300057038,0,10,0,0.0,2.0,3.0,1.0,A01
201300057038,0,10,0,0.0,2.0,3.0,15.0,B02
201300057039,0,7,0,0.0,2.0,8.0,1.0,A01
201300057039,0,1,0,0.0,2.0,7.0,1.0,B02
201300057040,0,7,0,0.0,2.0,1.0,5.0,A01
201300057040,0,7,0,0.0,2.0,1.0,5.0,B02
201300057041,0,7,0,0.0,0.0,1.0,17.0,A01
201300057041,0,10,0,0.0,0.0,1.0,1.0,B02
201300057042,0,7,0,0.0,1.0,2.0,1.0,A01
201300057043,0,7,0,1.0,0.0,2.0,1.0,A01
201300057043,0,30,0,0.0,0.0,4.0,19.0,B02
201300057044,0,7,0,0.0,2.0,8.0,1.0,C03
201300057044,0,10,0,0.0,2.0,1.0,13.0,A01
201300057044,0,7,0,0.0,2.0,1.0,1.0,B02
201300057045,0,10,0,0.0,0.0,3.0,21.0,A01
201300057045,0,7,0,0.0,2.0,7.0,19.0,B02
201300057046,0,10,0,0.0,2.0,3.0,1.0,B02
201300057046,0,7,0,0.0,2.0,2.0,1.0,A01
201300057047,0,10,0,8.0,0.0,0.0,0.0,A01
201300057048,0,14,0,0.0,2.0,2.0,1.0,A01
201300057048,0,30,0,0.0,2.0,1.0,5.0,B01
201300057049,0,1,0,0.0,0.0,8.0,1.0,B02
201300057049,1,7,0,0.0,9.0,7.0,17.0,A01
201300057050,0,7,0,0.0,2.0,3.0,1.0,A01
201300057050,0,1,0,0.0,2.0,8.0,19.0,B02
201300057051,0,7,0,0.0,2.0,7.0,1.0,A01
201300057051,0,2,0,0.0,2.0,1.0,19.0,B02
201300057052,0,30,0,1.0,2.0,1.0,1.0,B02
201300057052,0,7,0,0.0,2.0,5.0,15.0,A01
201300057053,0,10,0,13.0,0.0,1.0,14.0,A01
201300057054,0,10,0,0.0,2.0,3.0,13.0,A01
201300057054,0,10,0,0.0,2.0,3.0,1.0,B02
201300057055,0,7,0,13.0,0.0,9.0,1.0,A01
201300057056,0,7,0,2.0,0.0,3.0,1.0,A01
201300057057,0,33,0,3.0,0.0,8.0,1.0,A01
201300057058,0,7,0,0.0,2.0,3.0,1.0,A01
201300057058,0,7,0,0.0,2.0,2.0,13.0,B02
201300057059,0,14,0,2.0,0.0,9.0,14.0,A01
201300057060,0,15,0,0.0,0.0,2.0,0.0,A01
201300057060,0,7,0,0.0,0.0,1.0,0.0,B02
201300057061,0,20,0,0.0,0.0,8.0,1.0,A01
201300057062,0,10,0,0.0,1.0,1.0,17.0,A01
201300057063,0,2,0,0.0,2.0,1.0,1.0,B02
201300057063,0,7,0,0.0,2.0,3.0,15.0,A01
201300057064,0,30,0,0.0,2.0,3.0,1.0,A01
201300057064,0,20,0,0.0,0.0,5.0,15.0,B02
201300057065,0,14,0,0.0,0.0,0.0,0.0,B02
201300057065,1,30,0,0.0,2.0,0.0,19.0,A01
201300057066,0,2,0,14.0,0.0,1.0,2.0,A01
201300057066,0,7,0,0.0,2.0,4.0,23.0,B02
201300057067,0,34,0,0.0,9.0,1.0,1.0,A01
201300057068,0,7,0,0.0,2.0,1.0,13.0,A01
201300057068,0,1,0,0.0,2.0,1.0,1.0,B02
201300057069,0,10,0,0.0,2.0,3.0,13.0,A01
201300057069,0,10,0,0.0,2.0,3.0,1.0,B02
201300057070,0,7,0,0.0,2.0,2.0,13.0,A01
201300057070,0,7,0,0.0,2.0,1.0,13.0,B02
201300057071,0,2,0,0.0,2.0,8.0,0.0,B02
201300057071,0,7,0,0.0,2.0,7.0,14.0,A01
201300057072,0,30,0,0.0,2.0,1.0,1.0,A01
201300057072,1,7,0,0.0,2.0,1.0,1.0,B02
201300057073,0,7,0,0.0,1.0,2.0,1.0,A01
201300057074,0,30,0,15.0,0.0,1.0,13.0,A01
201300057075,0,7,0,0.0,0.0,7.0,9.0,A01
201300057075,0,33,0,6.0,0.0,7.0,21.0,B02
201300057076,0,7,0,2.0,0.0,1.0,19.0,A01
201300057077,0,38,0,0.0,2.0,2.0,2.0,A01
201300057077,0,1,0,0.0,2.0,0.0,0.0,B02
201300057078,0,7,0,0.0,1.0,1.0,15.0,A01
201300057079,0,7,0,11.0,1.0,1.0,1.0,A01
201300057080,0,7,0,0.0,1.0,2.0,1.0,A01
201300057081,0,37,0,0.0,1.0,1.0,1.0,A01
201300057082,0,15,0,0.0,2.0,3.0,1.0,A01
201300057082,0,38,0,0.0,2.0,3.0,1.0,B01
201300057083,0,7,0,0.0,0.0,0.0,1.0,A01
201300057084,0,7,0,0.0,0.0,1.0,1.0,A01
201300057085,0,1,0,0.0,2.0,1.0,1.0,B02
201300057085,0,7,0,0.0,2.0,2.0,17.0,A01
201300057086,0,1,0,0.0,0.0,7.0,0.0,A01
201300057087,0,31,0,0.0,1.0,1.0,1.0,A01
201300057088,0,31,0,0.0,1.0,1.0,1.0,A01
201300057089,0,7,0,0.0,1.0,8.0,1.0,A01
201300057090,0,7,0,0.0,2.0,2.0,2.0,A01
201300057090,0,2,0,0.0,2.0,8.0,2.0,B02
201300057091,1,30,0,0.0,1.0,1.0,5.0,A01
201300057092,0,31,0,0.0,2.0,1.0,17.0,A01
201300057092,0,7,0,0.0,0.0,8.0,15.0,B02
201300057093,0,7,0,0.0,2.0,1.0,14.0,A01
201300057093,0,30,0,0.0,2.0,4.0,1.0,B02
201300057094,0,10,0,13.0,0.0,1.0,1.0,A01
201300057095,0,30,0,7.0,0.0,1.0,14.0,A01
201300057096,0,7,0,0.0,1.0,3.0,1.0,A01
201300057097,0,30,0,13.0,0.0,1.0,0.0,A01
201300057098,0,30,0,0.0,2.0,2.0,17.0,B02
201300057098,0,7,0,0.0,2.0,3.0,15.0,A01
201300057099,0,30,0,4.0,2.0,7.0,15.0,B02
201300057099,0,30,0,0.0,2.0,8.0,1.0,A01
201300057100,0,7,0,0.0,0.0,1.0,1.0,A01
201300057101,0,7,0,0.0,1.0,3.0,17.0,A01
201300057102,0,10,0,3.0,0.0,8.0,0.0,A01
201300057103,0,7,0,0.0,1.0,2.0,2.0,A01
201300057104,0,7,0,0.0,2.0,3.0,1.0,A01
201300057104,0,99,0,0.0,2.0,1.0,1.0,B02
201300057105,0,33,0,0.0,2.0,8.0,0.0,B02
201300057105,0,7,0,0.0,9.0,1.0,9.0,A01
201300057106,0,7,0,0.0,1.0,2.0,2.0,A01
201300057107,0,33,0,12.0,0.0,1.0,1.0,A01
201300057108,0,7,0,0.0,1.0,3.0,2.0,A01
201300057109,0,7,0,0.0,1.0,7.0,1.0,A01
201300057110,0,7,0,0.0,9.0,3.0,0.0,B02
201300057110,0,30,0,0.0,2.0,1.0,0.0,A01
201300057111,0,7,0,6.0,0.0,7.0,13.0,A01
201300057112,0,10,0,13.0,0.0,2.0,1.0,A01
201300057113,0,7,0,0.0,1.0,2.0,1.0,A01
201300057114,0,30,0,0.0,2.0,1.0,1.0,B02
201300057114,0,1,0,0.0,2.0,1.0,5.0,A01
201300057115,0,7,0,0.0,9.0,2.0,1.0,A01
201300057115,0,1,0,0.0,2.0,6.0,19.0,B02
201300057116,0,7,0,0.0,1.0,8.0,1.0,A01
201300057117,0,7,0,0.0,2.0,2.0,1.0,B02
201300057117,0,7,0,0.0,2.0,7.0,13.0,A01
201300057117,0,7,0,0.0,2.0,1.0,1.0,C03
201300057118,0,2,0,0.0,2.0,1.0,1.0,A01
201300057118,0,7,0,0.0,2.0,7.0,16.0,B02
201300057119,0,30,0,0.0,2.0,1.0,13.0,A01
201300057119,0,30,0,0.0,2.0,1.0,1.0,B02
201300057120,0,7,0,0.0,2.0,1.0,2.0,B02
201300057120,0,14,0,0.0,0.0,4.0,2.0,A01
201300057121,0,7,0,0.0,2.0,1.0,1.0,A01
201300057121,0,1,0,0.0,2.0,7.0,16.0,B02
201300057122,0,30,0,0.0,0.0,8.0,0.0,A01
201300057123,0,30,0,4.0,0.0,1.0,1.0,A01
201300057124,0,1,0,0.0,2.0,1.0,1.0,A01
201300057124,0,7,0,0.0,0.0,4.0,2.0,B02
201300057125,0,33,0,0.0,2.0,1.0,13.0,A01
201300057125,0,7,0,0.0,2.0,1.0,1.0,B02
201300057126,0,1,0,0.0,2.0,4.0,2.0,B02
201300057126,0,7,0,0.0,2.0,1.0,2.0,A01
201300057127,0,7,0,0.0,1.0,2.0,1.0,A01
201300057128,0,34,0,0.0,1.0,1.0,1.0,A01
201300057129,0,33,0,0.0,2.0,1.0,1.0,B02
201300057129,0,7,0,3.0,2.0,3.0,13.0,A01
201300057130,0,7,0,0.0,1.0,1.0,1.0,A01
201300057131,0,10,0,0.0,0.0,6.0,23.0,B02
201300057131,0,10,0,0.0,2.0,2.0,1.0,A01
201300057132,0,30,0,0.0,2.0,1.0,1.0,A01
201300057132,0,7,0,0.0,2.0,3.0,19.0,B02
201300057133,0,30,0,1.0,0.0,1.0,1.0,A01
201300057134,0,30,0,0.0,2.0,1.0,17.0,B02
201300057134,0,7,0,0.0,0.0,3.0,15.0,A01
201300057135,0,7,0,0.0,2.0,1.0,2.0,A01
201300057135,0,7,0,0.0,0.0,4.0,0.0,B02
201300057136,0,7,0,0.0,2.0,2.0,2.0,B02
201300057136,0,33,0,0.0,0.0,4.0,2.0,A01
201300057137,0,7,0,0.0,2.0,1.0,13.0,A01
201300057137,0,7,0,0.0,2.0,2.0,1.0,B02
201300057138,0,10,0,0.0,2.0,1.0,1.0,B02
201300057138,0,7,0,0.0,2.0,1.0,13.0,A01
201300057139,0,7,0,2.0,0.0,1.0,1.0,A01
201300057140,0,1,0,0.0,2.0,4.0,2.0,A01
201300057140,0,7,0,0.0,2.0,1.0,2.0,B02
201300057141,0,7,0,0.0,2.0,1.0,1.0,B02
201300057141,0,7,0,0.0,2.0,1.0,13.0,A01
201300057142,0,7,0,0.0,0.0,5.0,24.0,A01
201300057142,0,33,0,1.0,0.0,1.0,1.0,B02
201300057143,0,7,0,0.0,2.0,3.0,15.0,A01
201300057143,0,33,0,0.0,2.0,1.0,0.0,B02
201300057144,0,33,0,0.0,2.0,1.0,1.0,A01
201300057144,0,7,0,0.0,2.0,8.0,15.0,B02
201300057145,0,7,0,0.0,0.0,2.0,1.0,A01
201300057145,0,1,0,0.0,0.0,4.0,0.0,B02
201300057146,0,7,0,0.0,2.0,5.0,19.0,B02
201300057146,0,2,0,0.0,2.0,1.0,1.0,A01
201300057147,0,7,0,0.0,1.0,3.0,1.0,A01
201300057148,0,1,0,0.0,2.0,1.0,16.0,A01
201300057148,0,7,0,0.0,2.0,8.0,1.0,B02
201300057149,0,10,0,0.0,2.0,5.0,15.0,A01
201300057149,0,1,0,0.0,0.0,1.0,1.0,B02
201300057150,0,10,0,0.0,0.0,0.0,15.0,A01
201300057150,0,1,0,0.0,0.0,0.0,0.0,B02
201300057151,0,10,0,4.0,0.0,4.0,2.0,B02
201300057151,0,7,0,0.0,2.0,1.0,2.0,A01
201300057152,0,7,0,0.0,2.0,3.0,1.0,B02
201300057152,0,7,0,0.0,2.0,3.0,1.0,A01
201300057153,0,1,0,0.0,2.0,3.0,19.0,B02
201300057153,0,7,0,0.0,2.0,2.0,1.0,A01
201300057154,0,31,0,0.0,2.0,1.0,1.0,A01
201300057154,0,7,0,0.0,2.0,7.0,15.0,B02
201300057155,0,7,0,0.0,9.0,7.0,1.0,B02
201300057155,0,1,0,0.0,2.0,1.0,15.0,A01
201300057156,0,30,0,7.0,0.0,1.0,1.0,A01
201300057157,0,7,0,0.0,2.0,6.0,10.0,A01
201300057157,0,33,0,0.0,2.0,1.0,1.0,B02
201300057158,0,31,0,0.0,2.0,1.0,17.0,A01
201300057158,0,7,0,0.0,2.0,8.0,15.0,B02
201300057159,0,38,0,0.0,2.0,8.0,1.0,A01
201300057159,0,1,0,0.0,2.0,1.0,1.0,B02
201300057160,0,7,0,0.0,2.0,3.0,13.0,B02
201300057160,0,7,0,0.0,2.0,1.0,1.0,A01
201300057161,0,7,0,0.0,2.0,2.0,12.0,A01
201300057161,0,2,0,0.0,2.0,1.0,1.0,B02
201300057162,0,7,0,0.0,1.0,3.0,1.0,A01
201300057163,0,7,0,0.0,0.0,3.0,1.0,B02
201300057163,0,2,0,0.0,2.0,1.0,1.0,A01
201300057164,0,7,0,0.0,2.0,1.0,1.0,B02
201300057164,0,7,0,0.0,2.0,1.0,1.0,A01
201300057165,0,7,0,0.0,2.0,8.0,1.0,B02
201300057165,0,7,0,6.0,2.0,1.0,1.0,A01
201300057166,0,10,0,0.0,2.0,1.0,13.0,A01
201300057166,0,33,0,0.0,2.0,1.0,2.0,B02
201300057166,0,31,0,0.0,2.0,1.0,2.0,C03
201300057167,0,7,0,0.0,0.0,8.0,1.0,B02
201300057167,0,10,0,0.0,0.0,3.0,13.0,A01
201300057168,0,7,0,0.0,2.0,3.0,13.0,A01
201300057168,0,7,0,0.0,2.0,8.0,1.0,B02
201300057168,0,7,0,0.0,2.0,3.0,1.0,C03
201300057169,0,7,0,2.0,0.0,3.0,13.0,A01
201300057170,0,33,0,0.0,2.0,1.0,1.0,A01
201300057170,0,7,0,0.0,2.0,1.0,15.0,B02
201300057171,0,7,0,0.0,1.0,1.0,1.0,A01
201300057172,0,7,0,0.0,1.0,1.0,1.0,A01
201300057173,0,7,0,0.0,2.0,1.0,1.0,B02
201300057173,0,7,0,0.0,2.0,1.0,17.0,A01
201300057174,0,30,0,6.0,0.0,7.0,1.0,A01
201300057175,0,7,0,0.0,2.0,3.0,1.0,B02
201300057175,0,30,0,0.0,2.0,1.0,17.0,A01
201300057176,0,7,0,0.0,1.0,2.0,1.0,A01
201300057177,0,7,0,0.0,2.0,8.0,15.0,B02
201300057177,0,33,0,0.0,2.0,7.0,1.0,A01
201300057178,0,31,0,0.0,1.0,1.0,17.0,A01
201300057179,0,7,0,0.0,9.0,0.0,1.0,C03
201300057179,0,7,0,0.0,2.0,3.0,1.0,B02
201300057179,0,7,0,0.0,2.0,3.0,11.0,A01
201300057180,0,7,0,0.0,2.0,1.0,1.0,B02
201300057180,0,7,0,0.0,2.0,4.0,1.0,A01
201300057181,0,7,0,1.0,1.0,2.0,1.0,A01
201300057182,0,30,0,0.0,0.0,0.0,1.0,A01
201300057183,0,1,0,2.0,0.0,1.0,0.0,A01
201300057184,1,7,0,0.0,9.0,2.0,2.0,A01
201300057184,0,1,0,0.0,0.0,4.0,2.0,B02
201300057185,0,33,0,0.0,0.0,8.0,0.0,A01
201300057186,0,33,0,0.0,0.0,1.0,1.0,A01
201300057187,0,7,0,0.0,2.0,2.0,1.0,A01
201300057187,0,1,0,0.0,0.0,1.0,16.0,B02
201300057188,0,7,0,0.0,2.0,3.0,1.0,A01
201300057188,0,30,0,0.0,2.0,2.0,17.0,B02
201300057188,0,7,0,0.0,2.0,1.0,1.0,C03
201300057189,0,7,0,0.0,2.0,3.0,1.0,B02
201300057189,0,1,0,0.0,2.0,1.0,21.0,A01
201300057190,0,7,0,0.0,1.0,7.0,1.0,A01
201300057191,0,10,0,9.0,0.0,2.0,14.0,A01
201300057192,0,7,0,8.0,0.0,2.0,1.0,A01
201300057193,0,7,0,0.0,2.0,1.0,1.0,B02
201300057193,0,7,0,0.0,2.0,2.0,13.0,A01
201300057194,0,7,0,0.0,2.0,2.0,15.0,B02
201300057194,0,2,0,0.0,2.0,1.0,1.0,A01
201300057195,0,30,0,0.0,2.0,8.0,15.0,A01
201300057195,0,7,0,0.0,2.0,1.0,1.0,B02
201300057196,0,10,0,0.0,2.0,8.0,19.0,A01
201300057196,0,30,0,0.0,2.0,1.0,1.0,B02
201300057197,0,7,0,0.0,2.0,1.0,15.0,B02
201300057197,0,30,0,0.0,2.0,1.0,13.0,A01
201300057198,0,7,0,0.0,2.0,7.0,17.0,A01
201300057198,0,30,0,0.0,2.0,8.0,1.0,B02
201300057199,0,7,0,0.0,2.0,6.0,20.0,A01
201300057199,0,2,0,0.0,2.0,1.0,2.0,B02
201300057200,0,7,0,0.0,1.0,8.0,1.0,A01
201300057201,0,32,0,0.0,2.0,8.0,1.0,B02
201300057201,1,10,0,0.0,2.0,7.0,17.0,A01
201300057202,0,33,0,0.0,1.0,1.0,1.0,A01
201300057203,0,7,0,0.0,2.0,8.0,1.0,B02
201300057203,0,30,0,0.0,2.0,3.0,13.0,A01
201300057204,0,7,0,0.0,2.0,3.0,17.0,A01
201300057204,0,10,0,0.0,2.0,3.0,0.0,B02
201300057205,1,30,0,0.0,1.0,1.0,0.0,A01
201300057206,0,14,0,0.0,1.0,2.0,1.0,A01
201300057207,0,7,0,0.0,2.0,1.0,15.0,A01
201300057207,0,32,0,0.0,2.0,8.0,1.0,B02
201300057208,0,30,0,0.0,1.0,1.0,1.0,A01
201300057209,0,7,0,0.0,1.0,1.0,13.0,A01
201300057210,0,30,0,0.0,2.0,1.0,13.0,B02
201300057210,0,7,0,0.0,2.0,1.0,13.0,A01
201300057211,0,10,0,0.0,2.0,1.0,15.0,A01
201300057211,0,30,0,0.0,2.0,1.0,1.0,B02
201300057212,0,7,0,0.0,1.0,1.0,1.0,A01
201300057213,0,7,0,0.0,1.0,1.0,1.0,A01
201300057214,0,30,0,0.0,0.0,0.0,1.0,A01
201300057215,0,7,0,12.0,1.0,3.0,1.0,A01
201300057216,0,10,0,0.0,1.0,2.0,16.0,A01
201300057217,0,30,0,0.0,0.0,7.0,1.0,A01
201300057218,0,7,0,0.0,1.0,1.0,1.0,A01
201300057219,0,7,0,2.0,2.0,7.0,1.0,C03
201300057219,0,15,0,0.0,2.0,3.0,1.0,A01
201300057219,0,7,0,0.0,2.0,1.0,17.0,B02
201300057219,0,7,0,0.0,2.0,1.0,1.0,D04
201300057220,0,7,0,0.0,1.0,3.0,17.0,A01
201300057221,0,7,0,0.0,9.0,2.0,1.0,B02
201300057221,0,1,0,0.0,2.0,1.0,0.0,A01
201300057222,0,7,0,0.0,1.0,1.0,1.0,A01
201300057223,0,1,0,0.0,0.0,4.0,1.0,B02
201300057223,1,99,0,0.0,2.0,0.0,1.0,Z01
201300057224,0,30,0,0.0,2.0,1.0,17.0,A01
201300057224,0,7,0,0.0,2.0,2.0,1.0,B02
201300057225,0,33,0,0.0,2.0,1.0,1.0,B02
201300057225,0,7,0,0.0,0.0,6.0,15.0,A01
201300057226,0,7,0,4.0,0.0,0.0,0.0,A01
201300057227,0,7,0,14.0,0.0,1.0,1.0,A01
201300057227,0,7,0,4.0,2.0,3.0,23.0,B02
201300057228,0,14,0,0.0,9.0,2.0,1.0,B02
201300057228,0,1,0,0.0,9.0,4.0,1.0,A01
201300057229,0,31,0,0.0,2.0,1.0,17.0,A01
201300057229,0,14,0,0.0,2.0,8.0,15.0,B02
201300057230,0,7,0,4.0,0.0,1.0,1.0,A01
201300057231,0,7,0,0.0,1.0,1.0,1.0,A01
201300057232,0,30,0,0.0,2.0,1.0,1.0,C03
201300057232,0,30,0,0.0,2.0,1.0,1.0,B02
201300057232,0,7,0,0.0,2.0,1.0,13.0,A01
201300057233,0,33,0,0.0,2.0,1.0,1.0,B02
201300057233,0,7,0,0.0,2.0,3.0,15.0,A01
201300057234,0,7,0,0.0,2.0,5.0,15.0,A01
201300057234,0,31,0,0.0,2.0,1.0,1.0,B02
201300057235,0,30,0,7.0,0.0,1.0,15.0,A01
201300057236,0,7,0,0.0,1.0,1.0,1.0,A01
201300057237,0,7,0,0.0,2.0,1.0,1.0,A01
201300057237,0,33,0,0.0,2.0,1.0,13.0,B02
201300057238,0,7,0,0.0,0.0,8.0,15.0,A01
201300057238,0,33,0,0.0,2.0,1.0,17.0,B02
201300057239,2,7,0,0.0,1.0,2.0,1.0,A01
201300057240,0,10,0,2.0,0.0,7.0,1.0,A01
201300057241,0,7,0,0.0,2.0,3.0,17.0,A01
201300057241,0,32,0,0.0,2.0,1.0,1.0,B02
201300057242,0,10,0,10.0,0.0,1.0,1.0,A01
201300057243,0,2,0,0.0,2.0,8.0,10.0,A01
201300057243,0,7,0,0.0,2.0,1.0,1.0,B02
201300057244,0,14,0,0.0,2.0,1.0,21.0,B02
201300057244,0,7,0,0.0,2.0,1.0,13.0,A01
201300057245,0,2,0,0.0,2.0,1.0,17.0,A01
201300057245,0,7,0,0.0,0.0,8.0,15.0,B02
201300057246,0,7,0,0.0,2.0,7.0,15.0,A01
201300057246,0,30,0,0.0,2.0,1.0,1.0,B02
201300057247,0,1,0,0.0,2.0,1.0,1.0,B02
201300057247,0,7,0,0.0,2.0,3.0,1.0,A01
201300057248,0,7,0,0.0,2.0,3.0,15.0,A01
201300057248,0,30,0,0.0,2.0,0.0,1.0,B02
201300057249,0,7,0,0.0,2.0,1.0,1.0,B02
201300057249,0,7,0,0.0,2.0,1.0,6.0,A01
201300057250,0,1,0,0.0,2.0,0.0,1.0,B02
201300057250,0,10,0,0.0,2.0,2.0,1.0,A01
201300057251,0,30,0,0.0,2.0,1.0,1.0,A01
201300057251,0,7,0,0.0,0.0,6.0,0.0,B02
201300057252,0,2,0,0.0,0.0,3.0,2.0,B02
201300057252,0,10,0,0.0,0.0,5.0,2.0,A01
201300057253,0,7,0,0.0,0.0,7.0,1.0,A01
201300057253,0,1,0,0.0,2.0,1.0,19.0,B02
201300057254,0,10,0,0.0,1.0,2.0,1.0,A01
201300057255,0,7,0,0.0,9.0,3.0,4.0,A01
201300057255,0,30,0,0.0,2.0,1.0,0.0,B02
201300057256,0,30,0,0.0,0.0,7.0,1.0,A01
201300057257,0,7,0,0.0,2.0,2.0,15.0,A01
201300057257,0,33,0,0.0,2.0,1.0,1.0,B02
201300057258,0,30,0,0.0,0.0,1.0,1.0,B02
201300057258,0,7,0,0.0,0.0,5.0,15.0,A01
201300057259,0,32,0,0.0,0.0,4.0,24.0,A01
201300057260,0,33,0,0.0,2.0,1.0,2.0,A01
201300057260,0,33,0,0.0,2.0,4.0,2.0,B02
201300057261,0,7,0,0.0,2.0,1.0,13.0,A01
201300057261,0,10,0,0.0,2.0,3.0,1.0,B02
201300057262,0,7,0,0.0,2.0,8.0,15.0,A01
201300057262,0,1,0,0.0,2.0,1.0,1.0,B02
201300057262,0,1,0,0.0,2.0,1.0,1.0,C03
201300057263,0,10,0,0.0,2.0,3.0,1.0,C03
201300057263,0,10,0,0.0,2.0,3.0,13.0,B02
201300057264,0,31,0,0.0,0.0,0.0,17.0,A01
201300057265,0,7,0,0.0,2.0,7.0,13.0,A01
201300057265,0,30,0,0.0,2.0,8.0,13.0,B02
201300057266,0,7,0,0.0,2.0,3.0,17.0,A01
201300057266,0,7,0,0.0,2.0,5.0,1.0,D04
201300057266,0,7,0,0.0,2.0,3.0,1.0,C03
201300057266,0,7,0,0.0,2.0,8.0,1.0,B02
201300057267,0,7,0,0.0,2.0,2.0,17.0,A01
201300057267,0,2,0,0.0,0.0,4.0,1.0,B02
201300057268,0,10,0,0.0,2.0,2.0,10.0,A01
201300057268,0,33,0,0.0,2.0,1.0,1.0,B02
201300057269,0,7,0,8.0,0.0,2.0,1.0,A01
201300057270,0,30,0,0.0,2.0,8.0,1.0,A01
201300057270,0,7,0,0.0,2.0,3.0,15.0,B02
201300057271,0,7,0,0.0,2.0,1.0,1.0,A01
201300057271,0,7,0,0.0,2.0,4.0,1.0,B02
201300057271,0,7,0,0.0,2.0,4.0,1.0,C03
201300057272,1,7,0,0.0,1.0,0.0,1.0,A01
201300057273,0,1,0,0.0,2.0,1.0,17.0,A01
201300057273,0,7,0,0.0,2.0,3.0,1.0,B02
201300057274,0,7,0,1.0,2.0,8.0,1.0,B02
201300057274,0,7,0,0.0,2.0,3.0,13.0,A01
201300057274,0,7,0,0.0,2.0,1.0,1.0,C03
201300057275,0,2,0,1.0,0.0,1.0,16.0,A01
201300057275,0,15,0,0.0,2.0,0.0,23.0,B02
201300057276,0,33,0,0.0,2.0,1.0,1.0,B02
201300057276,0,7,0,0.0,2.0,7.0,15.0,A01
201300057277,0,7,0,0.0,2.0,3.0,1.0,B02
201300057277,0,2,0,0.0,2.0,1.0,13.0,A01
201300057278,0,7,0,0.0,2.0,8.0,15.0,A01
201300057278,0,33,0,0.0,2.0,1.0,1.0,B02
201300057279,0,7,0,0.0,2.0,1.0,1.0,A01
201300057279,0,7,0,0.0,2.0,1.0,13.0,B02
201300057280,0,10,0,0.0,2.0,7.0,17.0,A01
201300057280,0,1,0,0.0,2.0,8.0,1.0,B02
201300057281,0,10,0,0.0,0.0,3.0,1.0,A01
201300057282,0,31,0,0.0,2.0,1.0,1.0,B02
201300057282,0,7,0,0.0,2.0,1.0,15.0,A01
201300057283,0,30,0,0.0,2.0,1.0,17.0,A01
201300057283,0,7,0,0.0,2.0,1.0,9.0,B02
201300057284,0,2,0,0.0,2.0,3.0,17.0,B02
201300057284,0,7,0,0.0,2.0,5.0,17.0,A01
201300057285,0,30,0,0.0,2.0,1.0,13.0,A01
201300057285,0,7,0,0.0,2.0,3.0,1.0,B02
201300057286,0,7,0,1.0,1.0,2.0,20.0,A01
201300057287,0,7,0,16.0,1.0,2.0,14.0,A01
201300057288,0,7,0,0.0,2.0,3.0,17.0,A01
201300057288,0,7,0,0.0,2.0,3.0,1.0,B02
201300057289,0,30,0,0.0,2.0,7.0,1.0,B02
201300057289,0,7,0,0.0,2.0,1.0,1.0,A01
201300057290,0,7,0,0.0,2.0,2.0,15.0,A01
201300057290,0,33,0,0.0,2.0,1.0,1.0,B02
201300057291,0,7,0,0.0,1.0,8.0,1.0,A01
201300057292,0,7,0,0.0,2.0,1.0,15.0,A01
201300057292,0,2,0,0.0,2.0,1.0,1.0,B02
201300057293,0,30,0,0.0,2.0,1.0,1.0,B02
201300057293,0,7,0,0.0,2.0,8.0,15.0,A01
201300057294,0,7,0,0.0,2.0,2.0,19.0,B02
201300057294,0,10,0,0.0,2.0,3.0,19.0,A01
201300057295,0,7,0,0.0,2.0,3.0,1.0,A01
201300057295,0,7,0,0.0,2.0,1.0,19.0,B02
201300057296,0,7,0,0.0,1.0,1.0,1.0,A01
201300057297,0,7,0,0.0,2.0,1.0,13.0,A01
201300057297,0,7,0,0.0,2.0,1.0,1.0,B02
201300057298,0,7,0,0.0,2.0,2.0,2.0,A01
201300057298,0,1,0,0.0,2.0,4.0,2.0,B02
201300057299,0,33,0,0.0,0.0,3.0,14.0,A01
201300057300,0,7,0,0.0,2.0,1.0,15.0,A01
201300057300,0,31,0,0.0,2.0,8.0,1.0,B02
201300057301,0,7,0,0.0,9.0,2.0,20.0,A01