Num_Acc,senc,catv,occutc,obs,obsm,choc,manv,num_veh
201300057563,0,7,0,0.0,1.0,1.0,1.0,A01
201300057564,0,7,0,0.0,0.0,8.0,15.0,A01
201300057564,0,37,1,0.0,2.0,1.0,0.0,B01
201300057565,0,7,0,8.0,0.0,0.0,0.0,A01
201300057566,2,7,0,0.0,2.0,1.0,5.0,A01
201300057566,0,7,0,0.0,2.0,1.0,1.0,B01
201300057567,0,30,0,0.0,2.0,1.0,1.0,B01
201300057567,0,7,0,0.0,2.0,2.0,10.0,A01
201300057568,2,33,0,12.0,0.0,7.0,14.0,Z01
201300057569,0,7,0,0.0,2.0,1.0,15.0,A01
201300057569,0,33,0,0.0,2.0,1.0,1.0,B01
201300057570,0,7,0,0.0,1.0,1.0,1.0,A01
201300057571,0,31,0,16.0,0.0,1.0,14.0,A01
201300057572,0,7,0,0.0,1.0,1.0,1.0,A01
201300057573,0,7,0,0.0,1.0,1.0,1.0,A01
201300057574,0,30,0,1.0,0.0,1.0,14.0,Z01
201300057575,0,33,0,0.0,2.0,1.0,1.0,Z01
201300057575,0,7,0,0.0,2.0,1.0,15.0,A01
201300057576,0,33,0,0.0,2.0,1.0,17.0,A01
201300057576,0,7,0,0.0,2.0,1.0,1.0,B01
201300057576,0,7,0,0.0,2.0,3.0,2.0,C01
201300057577,0,33,0,0.0,2.0,1.0,1.0,A01
201300057577,0,7,0,0.0,2.0,4.0,2.0,B01
201300057578,0,30,0,0.0,1.0,1.0,5.0,A01
201300057579,0,7,0,0.0,2.0,7.0,9.0,A01
201300057579,0,38,42,0.0,2.0,1.0,1.0,B01
201300057580,0,7,0,0.0,1.0,1.0,15.0,A01
201300057581,0,7,0,16.0,0.0,2.0,14.0,A01
201300057582,0,30,0,12.0,0.0,2.0,14.0,A01
201300057583,0,7,0,0.0,2.0,3.0,1.0,B01
201300057583,0,30,0,0.0,2.0,1.0,13.0,Z01
201300057584,0,7,0,0.0,2.0,8.0,24.0,B01
201300057584,1,30,0,1.0,1.0,1.0,14.0,Z01
201300057585,0,33,0,0.0,2.0,8.0,1.0,B01
201300057585,0,7,0,0.0,2.0,1.0,9.0,A01
201300057586,0,33,0,16.0,0.0,7.0,14.0,A01
201300057587,0,7,0,0.0,2.0,1.0,2.0,A01
201300057587,0,7,0,0.0,2.0,4.0,1.0,B01
201300057588,0,33,0,6.0,0.0,1.0,13.0,A01
201300057589,1,33,0,0.0,1.0,1.0,3.0,Z01
201300057590,1,2,0,0.0,1.0,1.0,1.0,Z01
201300057591,1,33,0,0.0,1.0,1.0,1.0,Z01
201300057592,0,7,0,0.0,1.0,2.0,1.0,A01
201300057593,0,15,0,0.0,1.0,1.0,1.0,A01
201300057594,0,7,0,0.0,1.0,1.0,1.0,A01
201300057595,0,7,0,6.0,0.0,9.0,14.0,A01
201300057596,0,33,0,4.0,0.0,1.0,13.0,A01
201300057597,0,7,0,0.0,2.0,8.0,11.0,A01
201300057597,0,31,0,0.0,2.0,1.0,1.0,B01
201300057597,0,7,0,0.0,2.0,3.0,1.0,C01
201300057598,0,7,0,16.0,0.0,7.0,14.0,A01
201300057599,1,2,0,0.0,1.0,1.0,1.0,Z01
201300057600,0,7,0,0.0,2.0,3.0,13.0,A01
201300057600,0,7,0,0.0,2.0,3.0,1.0,B01
201300057601,0,31,0,0.0,2.0,1.0,9.0,A01
201300057601,0,7,0,0.0,2.0,8.0,1.0,B01
201300057601,0,7,0,0.0,2.0,8.0,1.0,C01
201300057602,0,34,0,13.0,0.0,1.0,14.0,A01
201300057603,1,2,0,0.0,1.0,1.0,1.0,Z01
201300057604,0,33,0,16.0,0.0,7.0,21.0,Z01
201300057605,0,7,0,0.0,1.0,7.0,1.0,A01
201300057606,0,7,0,0.0,2.0,1.0,16.0,A01
201300057606,0,30,0,0.0,2.0,8.0,1.0,B01
201300057607,0,31,0,12.0,0.0,1.0,14.0,A01
201300057608,0,33,0,0.0,2.0,1.0,13.0,A01
201300057608,0,7,0,0.0,2.0,8.0,1.0,B01
201300057609,0,33,0,0.0,2.0,1.0,13.0,A01
201300057609,0,7,0,0.0,2.0,3.0,1.0,B01
201300057610,0,31,0,12.0,0.0,5.0,14.0,Z01
201300057611,0,33,0,0.0,2.0,1.0,17.0,A01
201300057611,0,7,0,0.0,2.0,4.0,15.0,B01
201300057612,0,7,0,0.0,2.0,1.0,5.0,A01
201300057612,0,7,0,0.0,2.0,1.0,1.0,B01
201300057613,0,7,0,4.0,0.0,1.0,0.0,A01
201300057614,0,7,0,0.0,2.0,5.0,1.0,B01
201300057614,0,7,0,0.0,2.0,3.0,13.0,A01
201300057615,0,7,0,0.0,2.0,7.0,15.0,A01
201300057615,0,30,0,0.0,2.0,1.0,1.0,B01
201300057616,0,7,0,0.0,1.0,1.0,1.0,A01
201300057617,0,7,0,0.0,2.0,3.0,15.0,A01
201300057617,0,30,0,0.0,2.0,1.0,3.0,B01
201300057617,0,7,0,0.0,2.0,4.0,1.0,C01
201300057618,0,7,0,0.0,1.0,4.0,4.0,A01
201300057619,0,7,0,0.0,1.0,1.0,1.0,A01
201300057620,0,7,0,0.0,2.0,6.0,15.0,A01
201300057620,0,30,0,0.0,2.0,1.0,1.0,Z01
201300057621,0,7,0,6.0,0.0,2.0,14.0,A01
201300057622,0,33,0,16.0,0.0,9.0,1.0,A01
201300057623,0,7,0,0.0,2.0,2.0,14.0,A01
201300057623,0,2,0,0.0,2.0,8.0,1.0,Z01
201300057624,0,7,0,4.0,0.0,2.0,14.0,A01
201300057625,0,7,0,0.0,1.0,1.0,1.0,A01
201300057626,0,7,0,0.0,1.0,2.0,12.0,A01
201300057627,0,2,0,0.0,2.0,1.0,13.0,A01
201300057627,0,7,0,0.0,2.0,6.0,23.0,B01
201300057628,0,7,0,0.0,2.0,2.0,14.0,A01
201300057628,0,7,0,0.0,2.0,4.0,24.0,B01
201300057628,0,7,0,0.0,2.0,4.0,24.0,C01
201300057629,0,7,0,0.0,2.0,8.0,11.0,A01
201300057629,0,32,0,0.0,2.0,1.0,17.0,B01
201300057630,0,7,0,0.0,2.0,3.0,13.0,A01
201300057630,0,7,0,0.0,2.0,3.0,1.0,B01
201300057631,0,33,0,16.0,0.0,7.0,13.0,A01
201300057632,0,2,0,16.0,0.0,8.0,13.0,Z01
201300057633,0,7,0,0.0,2.0,7.0,1.0,B01
201300057633,0,7,0,0.0,2.0,1.0,9.0,A01
201300057634,0,7,0,1.0,0.0,9.0,14.0,A01
201300057635,0,14,0,0.0,1.0,1.0,1.0,A01
201300057636,0,7,0,0.0,1.0,1.0,1.0,A01
201300057637,0,7,0,0.0,1.0,1.0,1.0,A01
201300057638,0,7,0,0.0,2.0,2.0,1.0,A01
201300057638,0,2,0,0.0,2.0,4.0,2.0,B01
201300057639,0,30,0,0.0,2.0,1.0,13.0,A01
201300057639,0,7,0,0.0,2.0,3.0,23.0,B01
201300057640,0,7,0,0.0,2.0,2.0,15.0,A01
201300057640,0,31,0,0.0,2.0,1.0,1.0,B01
201300057641,0,7,0,0.0,2.0,3.0,13.0,A01
201300057641,0,7,0,0.0,2.0,3.0,1.0,B01
201300057642,0,2,0,0.0,1.0,1.0,1.0,A01
201300057643,0,7,0,6.0,0.0,1.0,13.0,A01
201300057644,0,7,0,0.0,2.0,8.0,1.0,B01
201300057644,0,33,0,0.0,2.0,1.0,9.0,Z01
201300057645,0,33,0,0.0,2.0,8.0,13.0,B01
201300057645,0,33,0,0.0,2.0,7.0,13.0,A01
201300057646,0,7,0,0.0,1.0,1.0,1.0,A01
201300057647,0,7,0,0.0,1.0,1.0,1.0,A01
201300057648,0,7,0,0.0,1.0,1.0,1.0,A01
201300057649,0,7,0,0.0,2.0,3.0,13.0,A01
201300057649,0,7,0,0.0,2.0,1.0,1.0,B01
201300057650,0,2,0,0.0,2.0,1.0,3.0,A01
201300057650,0,7,0,0.0,2.0,3.0,23.0,B01
201300057651,0,2,0,0.0,2.0,1.0,9.0,A01
201300057651,0,7,0,0.0,2.0,8.0,1.0,B01
201300057652,0,7,0,0.0,1.0,1.0,1.0,A01
201300057653,0,7,0,0.0,2.0,3.0,1.0,B01
201300057653,0,2,0,0.0,2.0,1.0,15.0,Z01
201300057654,0,30,0,0.0,2.0,1.0,1.0,B01
201300057654,0,33,0,0.0,2.0,1.0,17.0,A01
201300057655,0,7,0,0.0,9.0,7.0,11.0,A01
201300057655,0,1,0,0.0,2.0,1.0,1.0,B01
201300057656,0,7,0,0.0,2.0,3.0,1.0,C01
201300057656,0,7,0,0.0,2.0,8.0,15.0,B01
201300057656,0,33,0,0.0,2.0,1.0,17.0,A01
201300057657,0,7,0,0.0,2.0,3.0,24.0,C01
201300057657,0,33,0,0.0,1.0,1.0,17.0,A01
201300057657,0,7,0,0.0,2.0,6.0,2.0,B01
201300057658,0,30,0,0.0,2.0,1.0,13.0,A01
201300057658,0,10,0,0.0,2.0,1.0,1.0,B01
201300057659,0,7,0,0.0,1.0,1.0,1.0,A01
201300057660,0,7,0,0.0,2.0,1.0,2.0,A01
201300057660,0,7,0,0.0,1.0,4.0,1.0,B01
201300057661,0,33,0,16.0,0.0,7.0,14.0,A01
201300057662,0,2,0,0.0,2.0,1.0,1.0,A01
201300057662,0,2,0,0.0,2.0,7.0,1.0,B01
201300057663,0,7,0,0.0,2.0,7.0,16.0,A01
201300057663,0,37,1,0.0,2.0,1.0,1.0,B01
201300057664,0,7,0,0.0,2.0,4.0,1.0,B01
201300057664,0,2,0,0.0,2.0,1.0,2.0,Z01
201300057665,0,7,0,0.0,2.0,3.0,1.0,B01
201300057665,0,7,0,0.0,2.0,3.0,13.0,A01
201300057666,0,1,0,0.0,2.0,4.0,13.0,A01
201300057666,0,7,0,0.0,9.0,1.0,1.0,B01
201300057667,0,33,0,0.0,2.0,1.0,1.0,B01
201300057667,0,7,0,0.0,2.0,7.0,15.0,A01
201300057668,0,7,0,0.0,2.0,1.0,2.0,B01
201300057668,0,7,0,0.0,2.0,4.0,1.0,C01
201300057668,0,7,0,0.0,2.0,1.0,2.0,A01
201300057669,0,30,0,0.0,2.0,1.0,1.0,B01
201300057669,0,7,0,0.0,2.0,3.0,13.0,A01
201300057670,0,7,0,0.0,2.0,1.0,2.0,B01
201300057670,0,7,0,0.0,2.0,4.0,1.0,A01
201300057671,0,2,0,0.0,1.0,1.0,1.0,A01
201300057672,0,30,0,0.0,2.0,1.0,9.0,A01
201300057672,0,7,0,0.0,2.0,8.0,15.0,B01
201300057673,0,2,0,0.0,2.0,1.0,5.0,A01
201300057673,0,2,0,0.0,2.0,3.0,1.0,B01
201300057674,0,7,0,0.0,1.0,2.0,1.0,A01
201300057675,0,7,0,0.0,1.0,1.0,1.0,A01
201300057676,0,7,0,0.0,2.0,7.0,1.0,B01
201300057676,0,33,0,0.0,2.0,3.0,13.0,A01
201300057677,0,30,0,0.0,2.0,1.0,9.0,A01
201300057677,0,7,0,0.0,2.0,2.0,15.0,B01
201300057678,0,37,6,0.0,2.0,1.0,1.0,B01
201300057678,0,7,0,0.0,2.0,1.0,11.0,A01
201300057679,0,7,0,0.0,1.0,1.0,1.0,A01
201300057680,0,7,0,0.0,2.0,2.0,17.0,A01
201300057680,0,33,0,0.0,2.0,2.0,21.0,B01
201300057680,0,7,0,0.0,2.0,1.0,23.0,C01
201300057681,0,33,0,0.0,2.0,8.0,1.0,B01
201300057681,0,7,0,0.0,2.0,2.0,14.0,A01
201300057682,0,7,0,0.0,2.0,8.0,6.0,A01
201300057682,0,2,0,0.0,2.0,2.0,1.0,B01
201300057683,0,7,0,0.0,1.0,1.0,1.0,A01
201300057684,1,30,0,0.0,1.0,1.0,9.0,Z01
201300057685,0,33,0,0.0,2.0,7.0,1.0,B01
201300057685,0,7,0,0.0,2.0,7.0,10.0,A01
201300057686,0,33,0,0.0,2.0,6.0,3.0,B01
201300057686,0,33,0,0.0,2.0,8.0,3.0,A01
201300057687,0,7,0,0.0,2.0,2.0,9.0,A01
201300057687,0,30,0,0.0,2.0,1.0,1.0,B01
201300057688,0,7,0,0.0,1.0,1.0,1.0,A01
201300057689,0,33,0,1.0,0.0,3.0,13.0,A01
201300057689,0,7,0,0.0,2.0,7.0,23.0,B01
201300057690,0,7,0,0.0,2.0,4.0,2.0,B01
201300057690,0,7,0,0.0,2.0,4.0,2.0,C01
201300057690,0,7,0,0.0,2.0,1.0,2.0,A01
201300057691,0,2,0,16.0,0.0,1.0,14.0,A01
201300057692,0,30,0,6.0,0.0,1.0,13.0,A01
201300057693,0,7,0,0.0,2.0,2.0,17.0,A01
201300057693,0,31,0,0.0,2.0,8.0,15.0,B01
201300057694,0,30,0,16.0,0.0,7.0,14.0,A01
201300057695,0,7,0,0.0,1.0,1.0,1.0,A01
201300057696,0,31,0,0.0,2.0,3.0,13.0,A01
201300057696,0,7,0,0.0,2.0,8.0,1.0,B01
201300057697,0,7,0,0.0,1.0,8.0,15.0,A01
201300057698,2,7,0,0.0,1.0,2.0,14.0,Z01
201300057699,0,7,0,0.0,1.0,7.0,20.0,A01
201300057700,0,7,0,0.0,1.0,1.0,1.0,A01
201300057701,0,2,0,0.0,2.0,1.0,2.0,A01
201300057701,0,7,0,0.0,2.0,4.0,1.0,B01
201300057702,0,7,0,0.0,2.0,1.0,1.0,B01
201300057702,0,7,0,0.0,2.0,3.0,9.0,A01
201300057703,0,31,0,0.0,2.0,8.0,13.0,A01
201300057703,0,7,0,0.0,2.0,5.0,1.0,B01
201300057704,0,7,0,0.0,1.0,1.0,1.0,A01
201300057705,0,33,0,16.0,0.0,1.0,21.0,Z01
201300057706,0,30,0,0.0,2.0,7.0,17.0,A01
201300057706,0,7,0,0.0,2.0,8.0,1.0,B01
201300057707,0,14,0,0.0,1.0,8.0,1.0,A01
201300057708,0,7,0,0.0,1.0,2.0,1.0,A01
201300057709,0,7,0,0.0,2.0,2.0,1.0,B01
201300057709,0,33,0,0.0,2.0,0.0,3.0,Z01
201300057710,0,7,0,16.0,0.0,9.0,14.0,A01
201300057711,0,7,0,0.0,1.0,1.0,1.0,A01
201300057712,0,7,0,16.0,0.0,9.0,14.0,A01
201300057713,0,7,0,0.0,1.0,1.0,1.0,A01
201300057714,0,7,0,0.0,2.0,3.0,1.0,A01
201300057714,0,30,0,0.0,2.0,3.0,5.0,B01
201300057715,0,7,0,0.0,1.0,1.0,9.0,A01
201300057716,0,33,0,0.0,2.0,1.0,2.0,A01
201300057716,0,7,0,0.0,2.0,8.0,1.0,B01
201300057717,0,7,0,0.0,2.0,3.0,5.0,A01
201300057717,1,7,0,0.0,2.0,1.0,0.0,B01
201300057718,0,7,0,0.0,2.0,5.0,5.0,A01
201300057718,0,34,0,0.0,2.0,1.0,5.0,B01
201300057719,0,7,0,0.0,2.0,4.0,2.0,A01
201300057719,0,33,0,0.0,2.0,1.0,2.0,B01
201300057720,0,7,0,0.0,2.0,1.0,2.0,A01
201300057720,0,7,0,0.0,2.0,4.0,2.0,B01
201300057721,0,7,0,0.0,2.0,3.0,1.0,A01
201300057721,0,7,0,0.0,2.0,3.0,1.0,B01
201300057722,0,7,0,13.0,0.0,9.0,1.0,A01
201300057723,0,7,0,0.0,2.0,7.0,12.0,A01
201300057723,0,7,0,0.0,2.0,6.0,1.0,B01
201300057724,0,7,0,0.0,2.0,1.0,5.0,A01
201300057724,0,7,0,0.0,2.0,1.0,1.0,B01
201300057725,0,7,0,0.0,2.0,1.0,2.0,A01
201300057725,0,7,0,0.0,2.0,4.0,2.0,B01
201300057726,0,7,0,0.0,2.0,1.0,1.0,A01
201300057726,0,7,0,0.0,2.0,4.0,1.0,B01
201300057727,0,7,0,0.0,2.0,3.0,13.0,A01
201300057727,0,7,0,0.0,2.0,3.0,1.0,B01
201300057728,0,7,0,0.0,2.0,4.0,2.0,A01
201300057728,0,2,0,0.0,2.0,1.0,2.0,B01
201300057729,0,2,0,16.0,0.0,0.0,1.0,A01
201300057730,0,7,0,0.0,2.0,7.0,0.0,A01
201300057730,0,33,0,0.0,2.0,8.0,0.0,B01
201300057731,0,7,0,0.0,2.0,3.0,1.0,A01
201300057731,0,7,0,0.0,0.0,3.0,1.0,B01
201300057732,0,31,0,0.0,2.0,0.0,0.0,A01
201300057732,0,7,0,0.0,0.0,0.0,0.0,B01
201300057733,0,13,0,0.0,2.0,1.0,21.0,A01
201300057733,0,7,0,0.0,2.0,4.0,1.0,B01
201300057734,0,7,0,0.0,1.0,1.0,1.0,A01
201300057735,0,7,0,0.0,2.0,3.0,13.0,A01
201300057735,0,7,0,0.0,2.0,3.0,1.0,B01
201300057736,0,7,0,0.0,2.0,1.0,2.0,A01
201300057736,0,7,0,0.0,2.0,4.0,2.0,B01
201300057737,0,7,0,0.0,2.0,8.0,17.0,A01
201300057737,0,33,0,0.0,2.0,4.0,17.0,B01
201300057737,0,33,0,0.0,2.0,6.0,17.0,C01
201300057738,0,7,0,0.0,2.0,4.0,2.0,A01
201300057738,0,33,0,0.0,2.0,1.0,2.0,B01
201300057739,0,7,0,0.0,0.0,4.0,2.0,A01
201300057739,0,31,0,0.0,2.0,1.0,2.0,B01
201300057740,0,7,0,0.0,2.0,1.0,0.0,A01
201300057740,0,7,0,0.0,2.0,4.0,0.0,B01
201300057741,0,7,0,0.0,2.0,1.0,13.0,A01
201300057741,0,7,0,0.0,2.0,1.0,1.0,B01
201300057742,0,7,0,0.0,9.0,0.0,0.0,A01
201300057743,0,7,0,0.0,2.0,1.0,9.0,A01
201300057743,0,7,0,0.0,2.0,4.0,24.0,B01
201300057744,0,7,0,0.0,2.0,1.0,2.0,A01
201300057744,0,7,0,0.0,2.0,4.0,2.0,B01
201300057744,0,7,0,0.0,2.0,4.0,2.0,C01
201300057745,1,7,0,0.0,2.0,1.0,2.0,A01
201300057745,0,7,0,0.0,2.0,6.0,2.0,B01
201300057746,0,7,0,8.0,0.0,1.0,1.0,A01
201300057747,1,30,0,0.0,1.0,1.0,1.0,A01
201300057748,0,7,0,0.0,2.0,1.0,3.0,A01
201300057748,0,7,0,0.0,2.0,2.0,1.0,B01
201300057749,0,7,0,0.0,1.0,1.0,1.0,A01
201300057750,0,7,0,0.0,2.0,1.0,2.0,A01
201300057750,0,7,0,0.0,2.0,4.0,2.0,B01
201300057750,0,7,0,0.0,2.0,4.0,2.0,C01
201300057750,0,7,0,0.0,2.0,4.0,2.0,D01
201300057751,0,7,0,12.0,0.0,9.0,1.0,A01
201300057752,0,7,0,0.0,2.0,7.0,17.0,A01
201300057752,0,7,0,0.0,2.0,8.0,1.0,B01
201300057753,0,31,0,0.0,2.0,9.0,2.0,A01
201300057753,0,7,0,0.0,2.0,8.0,2.0,B01
201300057754,0,7,0,0.0,1.0,0.0,1.0,A01
201300057755,0,7,0,1.0,2.0,1.0,11.0,A01
201300057755,0,7,0,0.0,2.0,4.0,24.0,B01
201300057755,0,3,0,0.0,2.0,4.0,2.0,C01
201300057756,0,7,0,0.0,2.0,3.0,15.0,A01
201300057756,0,32,0,0.0,2.0,1.0,17.0,B01
201300057757,0,7,0,4.0,2.0,0.0,0.0,B01
201300057757,0,7,0,0.0,9.0,1.0,1.0,C01
201300057757,0,7,0,0.0,2.0,0.0,0.0,A01
201300057758,0,7,0,0.0,1.0,1.0,1.0,A01
201300057759,0,7,0,0.0,2.0,1.0,1.0,B01
201300057759,0,33,0,0.0,2.0,1.0,1.0,A01
201300057760,0,7,0,0.0,1.0,1.0,1.0,A01
201300057761,0,37,2,0.0,1.0,7.0,1.0,A01
201300057762,0,7,0,0.0,2.0,4.0,2.0,B01
201300057762,0,33,0,0.0,2.0,1.0,2.0,A01
201300057763,0,10,0,0.0,1.0,1.0,1.0,A01
201300057764,0,7,0,0.0,2.0,4.0,2.0,B01
201300057764,0,33,0,0.0,2.0,1.0,2.0,A01
201300057765,0,7,0,0.0,2.0,4.0,2.0,B01
201300057765,0,31,0,0.0,2.0,1.0,2.0,A01
201300057766,0,7,0,0.0,1.0,1.0,1.0,A01
201300057767,0,7,0,0.0,0.0,0.0,1.0,A01
201300057768,0,7,0,0.0,2.0,7.0,1.0,A01
201300057768,0,31,0,0.0,2.0,1.0,1.0,B01
201300057769,0,31,0,0.0,2.0,0.0,1.0,A01
201300057769,1,99,0,0.0,0.0,0.0,0.0,Z01
201300057770,0,7,0,0.0,2.0,6.0,1.0,B01
201300057770,1,7,0,0.0,2.0,2.0,9.0,Z01
201300057770,0,7,0,0.0,2.0,6.0,1.0,A01
201300057771,0,7,0,0.0,1.0,1.0,1.0,A01
201300057772,0,31,0,0.0,2.0,1.0,1.0,A01
201300057772,0,7,0,0.0,2.0,4.0,1.0,B01
201300057773,0,7,0,0.0,1.0,1.0,1.0,A01
201300057774,0,33,0,0.0,2.0,1.0,1.0,A01
201300057774,0,7,0,0.0,2.0,4.0,2.0,B01
201300057775,0,37,5,0.0,2.0,1.0,2.0,A01
201300057775,0,37,5,0.0,2.0,4.0,2.0,B01
201300057775,0,7,0,0.0,2.0,4.0,2.0,C01
201300057776,0,30,0,0.0,2.0,1.0,0.0,B01
201300057776,0,37,1,0.0,2.0,1.0,9.0,A01
201300057777,0,32,0,0.0,2.0,8.0,0.0,A01
201300057777,0,7,0,0.0,2.0,7.0,0.0,B01
201300057778,0,7,0,0.0,1.0,1.0,17.0,A01
201300057779,0,32,0,0.0,2.0,7.0,15.0,A01
201300057779,0,7,0,0.0,2.0,1.0,13.0,B01
201300057780,0,33,0,0.0,1.0,1.0,3.0,A01
201300057781,0,7,0,0.0,1.0,1.0,1.0,A01
201300057782,0,7,0,0.0,2.0,8.0,1.0,B01
201300057782,0,7,0,0.0,2.0,0.0,1.0,C01
201300057782,0,7,0,0.0,2.0,7.0,14.0,A01
201300057783,0,7,0,0.0,2.0,1.0,1.0,B01
201300057783,0,7,0,0.0,2.0,7.0,1.0,A01
201300057784,0,7,0,4.0,2.0,9.0,1.0,A01
201300057784,0,7,0,0.0,2.0,1.0,2.0,B01
201300057785,0,15,0,0.0,2.0,4.0,2.0,B01
201300057785,0,33,0,0.0,2.0,9.0,2.0,A01
201300057786,0,7,0,0.0,2.0,4.0,1.0,A01
201300057786,0,1,0,0.0,2.0,1.0,2.0,B01
201300057787,0,7,0,0.0,1.0,1.0,20.0,A01
201300057788,0,30,0,0.0,2.0,1.0,1.0,A01
201300057788,0,7,0,0.0,2.0,1.0,15.0,B01
201300057789,0,7,0,0.0,2.0,1.0,5.0,A01
201300057789,0,7,0,0.0,2.0,1.0,1.0,B01
201300057790,0,7,0,0.0,2.0,1.0,1.0,A01
201300057790,0,7,0,0.0,2.0,7.0,9.0,B01
201300057791,0,7,0,0.0,1.0,1.0,1.0,A01
201300057792,0,7,0,8.0,0.0,1.0,1.0,A01
201300057793,0,7,0,0.0,1.0,7.0,1.0,A01
201300057794,1,7,0,0.0,0.0,0.0,10.0,A01
201300057794,0,2,0,0.0,0.0,0.0,0.0,B01
201300057794,0,7,0,1.0,0.0,5.0,0.0,C01
201300057795,0,2,0,0.0,2.0,4.0,13.0,A01
201300057795,0,7,0,0.0,9.0,2.0,21.0,B01
201300057796,0,30,0,0.0,2.0,1.0,17.0,A01
201300057796,0,7,0,0.0,2.0,3.0,1.0,B01
201300057797,0,1,0,0.0,0.0,2.0,0.0,A01
201300057797,0,32,0,0.0,0.0,0.0,0.0,B01
201300057798,0,30,0,0.0,0.0,0.0,0.0,A01
201300057799,0,30,0,0.0,0.0,0.0,0.0,A01
201300057800,0,1,0,0.0,2.0,1.0,0.0,A01
201300057800,0,7,0,0.0,9.0,1.0,15.0,B01
201300057801,0,2,0,0.0,2.0,1.0,0.0,A01
201300057801,0,7,0,0.0,2.0,7.0,15.0,B01
201300057802,0,7,0,0.0,2.0,2.0,1.0,B01
201300057802,0,7,0,0.0,2.0,2.0,5.0,A01
201300057803,0,2,0,0.0,2.0,1.0,13.0,A01
201300057803,0,10,0,0.0,2.0,1.0,1.0,B01
201300057804,0,30,0,0.0,2.0,1.0,1.0,B01
201300057804,0,7,0,0.0,2.0,8.0,9.0,A01
201300057805,0,2,0,0.0,2.0,1.0,1.0,A01
201300057805,0,7,0,0.0,2.0,1.0,1.0,B01
201300057806,0,34,0,0.0,2.0,1.0,1.0,B01
201300057806,0,7,0,0.0,9.0,8.0,15.0,A01
201300057807,0,33,0,0.0,2.0,1.0,17.0,A01
201300057807,0,10,0,0.0,2.0,3.0,17.0,B01
201300057808,0,33,0,0.0,9.0,4.0,1.0,B01
201300057808,0,32,0,0.0,9.0,1.0,15.0,A01
201300057809,0,2,0,0.0,1.0,1.0,19.0,A01
201300057810,0,7,0,0.0,2.0,1.0,1.0,B01
201300057810,0,7,0,0.0,2.0,1.0,13.0,A01
201300057810,0,10,0,0.0,2.0,1.0,1.0,C01
201300057811,0,1,0,0.0,0.0,0.0,0.0,A01
201300057811,1,7,0,0.0,0.0,1.0,0.0,Z01
201300057812,0,2,0,0.0,0.0,0.0,1.0,A01
201300057812,0,7,0,0.0,9.0,3.0,1.0,B01
201300057813,0,7,0,0.0,2.0,8.0,15.0,A01
201300057813,0,31,0,0.0,2.0,7.0,17.0,B01
201300057814,0,7,0,0.0,2.0,2.0,15.0,A01
201300057814,0,33,0,0.0,2.0,1.0,17.0,B01
201300057815,0,7,0,0.0,0.0,0.0,0.0,A01
201300057815,0,2,0,0.0,0.0,0.0,0.0,B01
201300057816,0,7,0,0.0,2.0,0.0,9.0,A01
201300057816,0,33,0,0.0,0.0,7.0,0.0,B01
201300057817,0,7,0,0.0,2.0,2.0,15.0,A01
201300057817,0,30,0,0.0,2.0,1.0,1.0,B01
201300057818,0,2,0,0.0,2.0,1.0,1.0,B01
201300057818,0,7,0,0.0,2.0,3.0,11.0,A01
201300057819,0,7,0,0.0,2.0,1.0,2.0,B01
201300057819,0,2,0,0.0,2.0,9.0,9.0,A01
201300057820,0,1,0,0.0,9.0,1.0,5.0,B01
201300057820,0,7,0,0.0,9.0,1.0,16.0,A01
201300057821,0,7,0,0.0,1.0,2.0,1.0,A01
201300057822,0,7,0,0.0,9.0,4.0,1.0,B01
201300057822,0,33,0,0.0,2.0,1.0,13.0,A01
201300057823,0,33,0,0.0,9.0,1.0,1.0,B01
201300057823,2,2,0,0.0,9.0,8.0,1.0,A01
201300057824,0,7,0,0.0,2.0,7.0,15.0,A01
201300057824,0,33,0,0.0,2.0,1.0,1.0,B01
201300057825,0,7,0,0.0,2.0,1.0,1.0,C01
201300057825,0,2,0,0.0,2.0,1.0,1.0,A01
201300057825,0,7,0,0.0,0.0,6.0,20.0,B01
201300057826,1,2,0,0.0,0.0,0.0,0.0,Z01
201300057826,0,2,0,0.0,2.0,1.0,1.0,B01
201300057827,0,7,0,0.0,1.0,1.0,0.0,A01
201300057828,0,7,0,0.0,2.0,3.0,15.0,A01
201300057828,0,2,0,0.0,2.0,8.0,1.0,B01
201300057829,0,2,0,0.0,0.0,1.0,0.0,A01
201300057829,0,7,0,0.0,0.0,2.0,0.0,B01
201300057830,0,7,0,0.0,1.0,0.0,0.0,A01
201300057831,0,7,0,0.0,1.0,1.0,5.0,A01
201300057832,0,2,0,0.0,0.0,8.0,1.0,A01
201300057833,0,30,0,0.0,2.0,2.0,1.0,A01
201300057833,0,7,0,0.0,2.0,6.0,15.0,B01
201300057834,0,7,0,16.0,0.0,8.0,1.0,A01
201300057835,0,7,0,0.0,1.0,0.0,5.0,A01
201300057836,0,7,0,0.0,9.0,3.0,15.0,A01
201300057836,0,2,0,0.0,2.0,8.0,1.0,B01
201300057837,0,7,0,0.0,9.0,7.0,0.0,A01
201300057837,0,2,0,0.0,2.0,7.0,0.0,B01
201300057838,0,30,0,0.0,0.0,0.0,0.0,A01
201300057839,0,7,0,0.0,9.0,3.0,1.0,B01
201300057839,0,2,0,0.0,2.0,1.0,13.0,A01
201300057840,0,7,0,0.0,2.0,3.0,21.0,B01