Num_Acc,senc,catv,occutc,obs,obsm,choc,manv,num_veh
201300057840,0,30,0,0.0,0.0,0.0,12.0,A01
201300057841,0,2,0,0.0,2.0,1.0,0.0,B01
201300057841,1,99,0,0.0,0.0,0.0,0.0,A01
201300057842,0,33,0,12.0,0.0,1.0,0.0,A01
201300057843,0,7,0,0.0,2.0,1.0,15.0,B01
201300057843,0,2,0,0.0,2.0,1.0,1.0,A01
201300057844,0,10,0,0.0,2.0,1.0,15.0,A01
201300057844,0,33,0,0.0,2.0,3.0,1.0,B01
201300057845,0,2,0,0.0,2.0,1.0,1.0,A01
201300057845,0,7,0,0.0,2.0,6.0,1.0,B01
201300057846,0,7,0,0.0,0.0,7.0,0.0,A01
201300057846,0,2,0,0.0,0.0,1.0,0.0,B01
201300057847,0,7,0,0.0,2.0,2.0,15.0,A01
201300057847,0,33,0,0.0,2.0,8.0,1.0,B01
201300057848,0,7,0,0.0,9.0,1.0,0.0,A01
201300057848,0,1,0,0.0,2.0,4.0,0.0,B01
201300057849,0,2,0,0.0,2.0,7.0,15.0,A01
201300057849,0,7,0,0.0,2.0,3.0,1.0,B01
201300057850,0,30,0,0.0,2.0,1.0,1.0,B01
201300057850,0,7,0,0.0,2.0,3.0,11.0,A01
201300057851,0,7,0,0.0,0.0,6.0,1.0,A01
201300057851,0,33,0,0.0,0.0,2.0,13.0,B01
201300057852,0,7,0,0.0,2.0,3.0,16.0,A01
201300057852,0,7,0,0.0,2.0,4.0,1.0,B01
201300057853,0,30,0,0.0,2.0,3.0,12.0,A01
201300057853,0,13,0,0.0,2.0,2.0,16.0,B01
201300057854,0,7,0,0.0,2.0,2.0,1.0,A01
201300057854,0,2,0,0.0,2.0,1.0,1.0,B01
201300057855,0,7,0,8.0,0.0,0.0,1.0,A01
201300057856,1,7,0,0.0,1.0,0.0,0.0,Z01
201300057857,0,7,0,0.0,2.0,7.0,0.0,B01
201300057857,0,7,0,0.0,2.0,1.0,0.0,A01
201300057858,0,7,0,0.0,2.0,1.0,13.0,A01
201300057858,0,7,0,0.0,2.0,1.0,1.0,B01
201300057859,0,7,0,0.0,2.0,1.0,1.0,A01
201300057859,0,7,0,0.0,0.0,4.0,1.0,B01
201300057860,0,7,0,0.0,9.0,1.0,15.0,A01
201300057860,0,30,0,0.0,2.0,1.0,2.0,B01
201300057861,0,10,0,0.0,2.0,5.0,15.0,A01
201300057861,0,33,0,0.0,2.0,1.0,1.0,B01
201300057862,0,7,0,0.0,0.0,3.0,0.0,A01
201300057862,0,33,0,0.0,0.0,0.0,0.0,B01
201300057862,0,7,0,0.0,0.0,0.0,0.0,C01
201300057863,0,10,0,0.0,2.0,1.0,1.0,A01
201300057863,0,2,0,0.0,0.0,4.0,1.0,B01
201300057864,0,7,0,0.0,9.0,1.0,2.0,A01
201300057864,0,1,0,0.0,2.0,4.0,2.0,B01
201300057865,0,30,0,8.0,0.0,1.0,0.0,A01
201300057866,0,7,0,0.0,2.0,1.0,2.0,A01
201300057866,0,7,0,0.0,2.0,4.0,2.0,B01
201300057866,0,7,0,0.0,2.0,4.0,2.0,C01
201300057866,0,7,0,0.0,2.0,4.0,2.0,D01
201300057867,0,32,0,0.0,0.0,1.0,0.0,A01
201300057867,0,7,0,0.0,0.0,4.0,0.0,B01
201300057868,0,2,0,0.0,2.0,1.0,1.0,B01
201300057868,0,7,0,0.0,2.0,5.0,16.0,A01
201300057869,0,2,0,0.0,0.0,1.0,1.0,A01
201300057870,0,2,0,0.0,2.0,1.0,16.0,B01
201300057870,0,7,0,0.0,2.0,3.0,1.0,A01
201300057871,0,2,0,0.0,2.0,2.0,1.0,A01
201300057871,0,10,0,0.0,2.0,3.0,1.0,B01
201300057872,0,7,0,0.0,0.0,3.0,0.0,B01
201300057872,0,7,0,0.0,0.0,3.0,0.0,A01
201300057873,0,2,0,8.0,0.0,1.0,21.0,B01
201300057873,1,10,0,0.0,2.0,0.0,0.0,Z01
201300057874,0,7,0,0.0,2.0,2.0,2.0,A01
201300057874,0,1,0,0.0,2.0,6.0,9.0,B01
201300057875,0,30,0,0.0,1.0,1.0,0.0,A01
201300057876,0,7,0,0.0,2.0,8.0,1.0,C01
201300057876,0,7,0,0.0,2.0,1.0,15.0,A01
201300057876,0,33,0,0.0,2.0,1.0,1.0,B01
201300057877,0,1,0,0.0,1.0,2.0,1.0,A01
201300057878,0,31,0,0.0,2.0,1.0,1.0,B01
201300057878,0,7,0,0.0,2.0,3.0,15.0,A01
201300057879,0,7,0,0.0,2.0,5.0,16.0,B01
201300057879,0,2,0,0.0,2.0,1.0,14.0,A01
201300057880,0,2,0,0.0,0.0,1.0,1.0,B01
201300057880,0,7,0,0.0,2.0,1.0,15.0,A01
201300057881,0,30,0,0.0,2.0,4.0,1.0,B01
201300057881,0,7,0,0.0,2.0,1.0,1.0,A01
201300057882,0,7,0,0.0,2.0,1.0,1.0,B01
201300057882,0,2,0,0.0,2.0,3.0,15.0,A01
201300057883,0,30,0,0.0,9.0,0.0,0.0,A01
201300057884,0,34,0,0.0,2.0,1.0,1.0,B01
201300057884,0,7,0,0.0,9.0,3.0,15.0,A01
201300057885,0,7,0,0.0,2.0,3.0,15.0,A01
201300057885,0,2,0,0.0,2.0,3.0,1.0,B01
201300057886,0,7,0,0.0,9.0,8.0,19.0,A01
201300057886,0,2,0,0.0,2.0,7.0,1.0,B01
201300057887,0,2,0,0.0,2.0,1.0,13.0,A01
201300057887,0,7,0,0.0,2.0,1.0,1.0,B01
201300057888,0,7,0,0.0,0.0,1.0,0.0,A01
201300057888,0,7,0,0.0,0.0,6.0,0.0,B01
201300057889,0,7,0,0.0,2.0,8.0,1.0,A01
201300057889,0,1,0,0.0,2.0,1.0,19.0,B01
201300057890,0,7,0,0.0,9.0,8.0,15.0,A01
201300057890,0,31,0,0.0,2.0,1.0,1.0,B01
201300057890,0,2,0,0.0,2.0,1.0,1.0,C01
201300057891,0,1,0,0.0,2.0,3.0,15.0,A01
201300057891,0,2,0,0.0,9.0,1.0,2.0,B01
201300057892,0,15,0,0.0,9.0,7.0,9.0,A01
201300057892,0,2,0,0.0,2.0,3.0,9.0,B01
201300057893,0,2,0,0.0,2.0,1.0,17.0,A01
201300057893,0,10,0,0.0,9.0,5.0,15.0,B01
201300057894,1,30,0,0.0,2.0,0.0,15.0,Z01
201300057894,0,7,0,0.0,2.0,1.0,1.0,B01
201300057894,0,30,0,0.0,2.0,1.0,17.0,A01
201300057895,0,2,0,0.0,2.0,1.0,1.0,A01
201300057895,0,2,0,0.0,0.0,1.0,1.0,B01
201300057896,0,7,0,0.0,2.0,3.0,15.0,A01
201300057896,0,31,0,0.0,2.0,1.0,17.0,B01
201300057897,0,7,0,0.0,2.0,1.0,19.0,A01
201300057897,0,1,0,0.0,2.0,7.0,1.0,B01
201300057898,0,7,0,0.0,9.0,8.0,15.0,A01
201300057898,0,33,0,0.0,2.0,1.0,1.0,B01
201300057899,0,32,0,0.0,2.0,1.0,1.0,B01
201300057899,0,7,0,0.0,9.0,8.0,15.0,A01
201300057900,0,30,0,0.0,2.0,1.0,9.0,A01
201300057900,0,7,0,0.0,2.0,1.0,1.0,B01
201300057901,0,2,0,1.0,0.0,1.0,1.0,A01
201300057902,0,32,0,0.0,2.0,2.0,17.0,B01
201300057902,0,7,0,0.0,2.0,3.0,2.0,A01
201300057903,0,7,0,0.0,9.0,6.0,15.0,A01
201300057903,0,34,0,0.0,2.0,1.0,21.0,B01
201300057904,0,7,0,0.0,2.0,3.0,1.0,B01
201300057904,0,7,0,0.0,2.0,2.0,11.0,A01
201300057905,0,30,0,0.0,0.0,1.0,0.0,A01
201300057906,0,30,0,0.0,0.0,1.0,0.0,A01
201300057906,0,7,0,0.0,0.0,4.0,0.0,B01
201300057907,0,10,0,8.0,0.0,3.0,0.0,A01
201300057908,0,7,0,0.0,2.0,2.0,15.0,A01
201300057908,0,2,0,0.0,2.0,1.0,1.0,B01
201300057909,0,2,0,0.0,0.0,7.0,1.0,A01
201300057910,0,7,0,0.0,2.0,7.0,15.0,A01
201300057910,0,2,0,0.0,2.0,1.0,1.0,B01
201300057911,0,7,0,0.0,0.0,3.0,0.0,A01
201300057911,0,30,0,0.0,0.0,1.0,0.0,B01
201300057912,1,7,0,0.0,1.0,1.0,16.0,A01
201300057913,0,7,0,0.0,2.0,2.0,16.0,A01
201300057913,0,2,0,0.0,2.0,0.0,1.0,B01
201300057914,2,7,0,0.0,2.0,8.0,1.0,A01
201300057914,0,7,0,0.0,2.0,8.0,1.0,B01
201300057915,0,10,0,0.0,2.0,0.0,22.0,A01
201300057915,0,1,0,0.0,2.0,0.0,14.0,B01
201300057916,0,1,0,0.0,2.0,8.0,15.0,B01
201300057916,0,2,0,0.0,2.0,1.0,1.0,A01
201300057917,0,1,0,0.0,0.0,0.0,0.0,B01
201300057917,1,99,0,0.0,2.0,4.0,0.0,A01
201300057918,0,30,0,0.0,2.0,1.0,1.0,B01
201300057918,0,7,0,0.0,2.0,7.0,19.0,A01
201300057919,0,2,0,0.0,2.0,5.0,0.0,B01
201300057919,1,7,0,0.0,2.0,5.0,0.0,Y01
201300057920,0,33,0,0.0,2.0,0.0,0.0,B01
201300057920,0,7,0,0.0,2.0,0.0,0.0,A01
201300057921,0,2,0,0.0,1.0,0.0,0.0,A01
201300057922,0,2,0,14.0,0.0,0.0,0.0,A01
201300057923,0,10,0,0.0,2.0,5.0,4.0,A01
201300057923,0,30,0,0.0,2.0,1.0,1.0,B01
201300057924,0,33,0,0.0,1.0,0.0,0.0,A01
201300057925,0,30,0,0.0,0.0,0.0,0.0,A01
201300057926,1,2,0,16.0,0.0,0.0,0.0,A01
201300057927,0,2,0,0.0,2.0,1.0,18.0,A01
201300057927,0,7,0,0.0,2.0,2.0,20.0,B01
201300057928,0,30,0,16.0,0.0,0.0,0.0,A01
201300057929,0,33,0,0.0,2.0,1.0,1.0,B01
201300057929,0,7,0,0.0,2.0,8.0,15.0,A01
201300057930,0,7,0,0.0,2.0,7.0,20.0,B01
201300057930,0,33,0,0.0,2.0,1.0,18.0,A01
201300057931,0,7,0,0.0,1.0,1.0,5.0,A01
201300057932,0,7,0,0.0,1.0,1.0,1.0,A01
201300057933,0,32,0,0.0,2.0,1.0,1.0,B01
201300057933,0,7,0,0.0,2.0,4.0,1.0,A01
201300057934,0,7,0,0.0,1.0,1.0,1.0,A01
201300057935,0,7,0,0.0,1.0,1.0,0.0,A01
201300057936,0,7,0,0.0,0.0,8.0,12.0,A01
201300057937,0,7,0,0.0,1.0,0.0,0.0,B01
201300057938,0,33,0,0.0,2.0,2.0,9.0,A01
201300057938,0,7,0,0.0,2.0,8.0,9.0,B01
201300057939,0,7,0,0.0,1.0,1.0,0.0,A01
201300057940,0,7,0,6.0,0.0,0.0,0.0,A01
201300057941,0,31,0,0.0,0.0,0.0,0.0,A01
201300057942,0,33,0,0.0,2.0,1.0,0.0,B01
201300057942,0,7,0,0.0,2.0,8.0,1.0,A01
201300057943,0,33,0,0.0,2.0,0.0,17.0,B01
201300057943,0,10,0,0.0,2.0,0.0,15.0,A01
201300057944,0,33,0,0.0,2.0,1.0,0.0,A01
201300057944,0,7,0,0.0,2.0,7.0,0.0,B01
201300057945,0,10,0,0.0,2.0,2.0,9.0,B01
201300057945,0,7,0,0.0,2.0,1.0,9.0,A01
201300057946,0,14,0,0.0,2.0,1.0,2.0,B01
201300057946,0,7,0,0.0,2.0,4.0,15.0,A01
201300057947,0,30,0,0.0,2.0,1.0,0.0,A01
201300057947,0,7,0,0.0,2.0,5.0,0.0,B01
201300057948,0,7,0,0.0,0.0,0.0,0.0,A01
201300057949,0,33,0,0.0,2.0,0.0,0.0,B01
201300057949,0,7,0,0.0,2.0,0.0,0.0,A01
201300057950,0,7,0,0.0,1.0,0.0,0.0,A01
201300057951,0,7,0,0.0,2.0,0.0,15.0,A01
201300057951,0,7,0,0.0,2.0,1.0,14.0,B01
201300057952,0,7,0,0.0,2.0,9.0,14.0,A01
201300057952,0,7,0,0.0,2.0,6.0,23.0,B01
201300057953,0,30,0,0.0,2.0,1.0,2.0,B01
201300057953,0,10,0,0.0,2.0,6.0,12.0,A01
201300057954,0,7,0,0.0,1.0,3.0,0.0,B01
201300057955,0,7,0,0.0,2.0,7.0,12.0,B01
201300057955,0,33,0,0.0,2.0,8.0,9.0,A01
201300057956,0,33,0,0.0,0.0,7.0,2.0,A01
201300057957,0,37,1,0.0,1.0,0.0,0.0,A01
201300057958,0,7,0,0.0,2.0,6.0,15.0,A01
201300057958,0,33,0,0.0,2.0,1.0,0.0,B01
201300057959,0,7,0,0.0,2.0,4.0,2.0,B01
201300057959,0,7,0,0.0,2.0,1.0,2.0,A01
201300057960,1,1,0,0.0,1.0,0.0,0.0,A01
201300057961,0,7,0,0.0,1.0,4.0,4.0,A01
201300057962,0,7,0,0.0,2.0,6.0,20.0,B01
201300057962,0,32,0,0.0,2.0,1.0,2.0,A01
201300057963,0,14,0,0.0,2.0,8.0,15.0,A01
201300057963,0,7,0,0.0,2.0,1.0,2.0,B01
201300057964,0,7,0,0.0,1.0,1.0,0.0,A01
201300057965,0,33,0,0.0,2.0,6.0,1.0,B01
201300057965,0,7,0,0.0,2.0,1.0,1.0,A01
201300057966,0,7,0,0.0,2.0,4.0,1.0,A01
201300057966,0,7,0,0.0,2.0,1.0,1.0,B01
201300057967,0,31,0,0.0,2.0,1.0,2.0,B01
201300057967,0,7,0,0.0,2.0,8.0,15.0,A01
201300057968,0,7,0,0.0,2.0,1.0,1.0,A01
201300057968,0,33,0,0.0,2.0,4.0,1.0,B01
201300057969,0,7,0,0.0,2.0,4.0,2.0,A01
201300057969,0,33,0,0.0,2.0,1.0,2.0,B01
201300057970,0,7,0,16.0,0.0,3.0,0.0,A01
201300057971,0,7,0,0.0,1.0,4.0,4.0,A01
201300057972,0,7,0,0.0,2.0,8.0,0.0,C01
201300057972,0,7,0,0.0,2.0,1.0,2.0,A01
201300057972,0,7,0,0.0,2.0,4.0,2.0,B01
201300057973,0,7,0,0.0,2.0,0.0,0.0,B01
201300057973,0,7,0,0.0,2.0,0.0,0.0,A01
201300057974,0,7,0,0.0,2.0,0.0,0.0,B01
201300057974,0,14,0,0.0,2.0,0.0,0.0,C01
201300057974,0,7,0,0.0,2.0,2.0,0.0,A01
201300057975,0,7,0,0.0,1.0,1.0,0.0,A01
201300057976,0,7,0,0.0,1.0,0.0,20.0,A01
201300057977,0,7,0,0.0,1.0,1.0,1.0,A01
201300057978,0,30,0,0.0,0.0,0.0,0.0,A01
201300057979,0,99,0,0.0,0.0,0.0,0.0,Z01
201300057979,0,7,0,0.0,0.0,5.0,0.0,B01
201300057980,0,7,0,0.0,2.0,0.0,9.0,B01
201300057980,1,31,0,0.0,2.0,1.0,5.0,A01
201300057981,0,7,0,0.0,9.0,0.0,24.0,A01
201300057981,0,1,0,1.0,0.0,1.0,1.0,B01
201300057982,1,99,0,0.0,0.0,0.0,0.0,Z01
201300057982,0,7,0,0.0,2.0,2.0,10.0,A01
201300057983,0,7,0,0.0,1.0,1.0,1.0,A01
201300057984,0,7,0,0.0,2.0,8.0,9.0,A01
201300057984,0,7,0,0.0,2.0,1.0,0.0,B01
201300057985,0,7,0,6.0,0.0,1.0,21.0,A01
201300057986,0,7,0,6.0,0.0,1.0,13.0,A01
201300057987,0,2,0,0.0,2.0,4.0,1.0,B01
201300057987,0,7,0,0.0,2.0,1.0,9.0,A01
201300057988,0,7,0,0.0,1.0,2.0,2.0,A01
201300057989,1,7,0,0.0,1.0,0.0,2.0,Z01
201300057990,2,7,0,3.0,2.0,3.0,18.0,A01
201300057990,0,7,0,0.0,2.0,9.0,2.0,B01
201300057991,0,7,0,0.0,9.0,5.0,15.0,A01
201300057991,0,2,0,0.0,2.0,7.0,1.0,B01
201300057992,0,7,0,0.0,2.0,5.0,1.0,B01
201300057992,0,30,0,0.0,2.0,3.0,19.0,A01
201300057993,0,7,0,0.0,0.0,8.0,0.0,B01
201300057993,0,7,0,0.0,0.0,8.0,0.0,A01
201300057994,0,33,0,0.0,2.0,1.0,17.0,B01
201300057994,0,7,0,0.0,0.0,6.0,16.0,A01
201300057995,0,7,0,0.0,9.0,2.0,16.0,B01
201300057995,0,30,0,0.0,2.0,1.0,16.0,A01
201300057996,0,1,0,0.0,2.0,1.0,1.0,B01
201300057996,0,7,0,0.0,2.0,8.0,10.0,A01
201300057997,0,7,0,0.0,1.0,3.0,1.0,A01
201300057998,0,7,0,0.0,2.0,4.0,23.0,C01
201300057998,0,7,0,0.0,2.0,2.0,2.0,A01
201300057998,0,7,0,0.0,2.0,2.0,2.0,B01
201300057999,0,7,0,0.0,2.0,3.0,11.0,A01
201300057999,0,2,0,0.0,2.0,2.0,2.0,B01
201300058000,0,7,0,0.0,1.0,1.0,1.0,A01
201300058001,0,7,0,0.0,2.0,1.0,1.0,B01
201300058001,0,7,0,0.0,2.0,7.0,0.0,A01
201300058002,1,2,0,0.0,1.0,1.0,2.0,Z01
201300058003,0,7,0,0.0,9.0,2.0,15.0,A01
201300058003,0,33,0,0.0,2.0,1.0,1.0,B01
201300058004,0,7,0,6.0,1.0,1.0,15.0,A01
201300058005,0,10,0,0.0,1.0,7.0,1.0,A01
201300058006,0,34,0,0.0,2.0,4.0,2.0,B01
201300058006,0,7,0,0.0,9.0,3.0,1.0,A01
201300058007,0,7,0,0.0,0.0,3.0,0.0,B01
201300058007,0,15,0,0.0,0.0,3.0,0.0,A01
201300058008,0,10,0,0.0,2.0,3.0,15.0,A01
201300058008,0,2,0,0.0,2.0,3.0,2.0,B01
201300058009,0,2,0,0.0,2.0,2.0,9.0,A01
201300058009,0,7,0,0.0,2.0,3.0,1.0,B01
201300058010,0,7,0,0.0,0.0,5.0,16.0,A01
201300058010,0,1,0,0.0,0.0,1.0,1.0,B01
201300058011,0,30,0,0.0,1.0,0.0,2.0,A01
201300058012,0,7,0,15.0,0.0,1.0,1.0,A01
201300058013,0,7,0,6.0,0.0,1.0,1.0,A01
201300058014,0,7,0,0.0,0.0,3.0,9.0,B01
201300058014,0,7,0,0.0,2.0,2.0,14.0,A01
201300058015,1,7,0,0.0,1.0,1.0,1.0,Z01
201300058016,0,33,0,8.0,0.0,1.0,1.0,A01
201300058017,0,7,0,6.0,0.0,7.0,2.0,A01
201300058018,0,7,0,0.0,0.0,4.0,0.0,A01
201300058018,0,30,0,0.0,0.0,4.0,0.0,B01
201300058019,0,7,0,0.0,1.0,1.0,1.0,A01
201300058020,0,1,0,0.0,2.0,1.0,1.0,B01
201300058020,0,7,0,0.0,2.0,7.0,16.0,A01
201300058021,0,31,0,0.0,2.0,1.0,17.0,B01
201300058021,0,7,0,0.0,2.0,3.0,9.0,A01
201300058022,0,1,0,0.0,2.0,1.0,9.0,B01
201300058022,0,10,0,0.0,2.0,2.0,2.0,A01
201300058023,0,7,0,0.0,2.0,1.0,9.0,A01
201300058023,0,2,0,0.0,2.0,1.0,1.0,B01
201300058024,0,7,0,1.0,1.0,2.0,14.0,A01
201300058025,0,30,0,0.0,5.0,1.0,1.0,A01
201300058026,0,7,0,16.0,0.0,9.0,1.0,A01
201300058027,0,2,0,0.0,0.0,4.0,2.0,B01
201300058027,0,7,0,0.0,0.0,1.0,2.0,A01
201300058028,0,1,0,0.0,2.0,0.0,1.0,A01
201300058028,0,20,0,0.0,0.0,3.0,1.0,B01
201300058029,0,7,0,0.0,0.0,4.0,2.0,B01
201300058029,0,7,0,0.0,2.0,1.0,2.0,A01
201300058030,0,1,0,0.0,0.0,4.0,2.0,B01
201300058030,0,7,0,0.0,2.0,1.0,2.0,A01
201300058031,0,7,0,0.0,0.0,4.0,0.0,B01
201300058031,0,7,0,0.0,0.0,1.0,0.0,A01
201300058032,0,7,0,0.0,2.0,3.0,19.0,A01
201300058032,0,2,0,0.0,2.0,1.0,1.0,B01
201300058033,0,7,0,0.0,2.0,1.0,2.0,A01
201300058033,0,7,0,0.0,0.0,4.0,2.0,C01
201300058033,0,7,0,0.0,2.0,4.0,23.0,B01
201300058034,0,7,0,0.0,2.0,1.0,1.0,A01
201300058034,0,7,0,0.0,2.0,1.0,1.0,B01
201300058035,0,7,0,0.0,0.0,8.0,15.0,A01
201300058035,0,30,0,0.0,0.0,1.0,17.0,B01
201300058036,0,7,0,0.0,0.0,0.0,1.0,A01
201300058037,0,7,0,0.0,1.0,3.0,2.0,A01
201300058038,0,7,0,0.0,2.0,2.0,15.0,A01
201300058038,0,1,0,0.0,2.0,3.0,2.0,B01
201300058039,0,1,0,0.0,2.0,2.0,1.0,B01
201300058039,0,7,0,0.0,2.0,2.0,15.0,A01
201300058040,1,99,0,0.0,0.0,0.0,2.0,Z01
201300058040,0,1,0,0.0,0.0,0.0,2.0,A01
201300058041,0,7,0,0.0,1.0,1.0,1.0,A01
201300058042,0,7,0,0.0,1.0,1.0,1.0,A01
201300058043,0,7,0,0.0,1.0,1.0,0.0,A01
201300058044,0,7,0,0.0,2.0,5.0,0.0,B01
201300058044,0,7,0,0.0,2.0,0.0,0.0,A01
201300058045,0,7,0,0.0,0.0,5.0,2.0,B01
201300058045,0,33,0,0.0,2.0,1.0,2.0,A01
201300058046,0,33,0,0.0,0.0,2.0,1.0,C01
201300058046,0,7,0,0.0,0.0,6.0,1.0,B01
201300058046,0,7,0,0.0,0.0,7.0,1.0,D01
201300058046,0,31,0,0.0,0.0,1.0,3.0,A01
201300058047,0,7,0,4.0,0.0,1.0,9.0,A01
201300058048,0,7,0,0.0,2.0,1.0,1.0,B01
201300058048,0,1,0,0.0,2.0,1.0,19.0,A01
201300058049,0,31,0,0.0,2.0,1.0,15.0,B01
201300058049,0,7,0,0.0,2.0,8.0,15.0,A01
201300058050,0,7,0,0.0,2.0,4.0,1.0,B01
201300058050,0,30,0,0.0,2.0,1.0,1.0,A01
201300058051,0,7,0,0.0,0.0,4.0,1.0,B01
201300058051,0,7,0,0.0,2.0,1.0,1.0,A01
201300058052,0,37,2,1.0,1.0,7.0,21.0,A01
201300058053,0,10,0,0.0,9.0,2.0,0.0,A01
201300058053,0,10,0,0.0,0.0,0.0,23.0,C01
201300058053,0,2,0,0.0,2.0,1.0,0.0,B01
201300058054,0,33,0,0.0,0.0,8.0,0.0,A01
201300058055,0,1,0,0.0,2.0,0.0,0.0,B01
201300058055,0,1,0,0.0,2.0,0.0,0.0,C01
201300058055,0,7,0,0.0,9.0,0.0,0.0,A01
201300058056,0,7,0,1.0,0.0,1.0,0.0,A01
201300058056,0,7,0,0.0,0.0,4.0,0.0,B01
201300058056,0,7,0,0.0,0.0,2.0,0.0,C01
201300058057,0,7,0,0.0,1.0,1.0,0.0,A01
201300058058,0,1,0,0.0,2.0,1.0,0.0,A01
201300058058,0,7,0,0.0,0.0,4.0,0.0,B01
201300058059,0,30,0,0.0,0.0,1.0,0.0,A01
201300058059,0,7,0,0.0,2.0,3.0,0.0,B01
201300058060,0,7,0,0.0,1.0,0.0,0.0,A01
201300058061,0,2,0,14.0,0.0,0.0,0.0,A01
201300058062,0,7,0,0.0,1.0,0.0,0.0,A01
201300058063,0,7,0,0.0,0.0,4.0,0.0,B01
201300058063,0,1,0,0.0,2.0,0.0,0.0,A01
201300058064,0,1,0,0.0,0.0,0.0,0.0,A01
201300058065,0,7,0,0.0,2.0,4.0,0.0,B01
201300058065,0,7,0,0.0,2.0,1.0,0.0,A01
201300058066,0,7,0,0.0,0.0,9.0,0.0,A01
201300058067,0,7,0,0.0,2.0,3.0,1.0,B01
201300058067,0,7,0,0.0,2.0,3.0,13.0,A01
201300058068,0,2,0,0.0,2.0,3.0,1.0,B01
201300058068,0,7,0,0.0,2.0,1.0,9.0,A01
201300058069,0,1,0,0.0,2.0,1.0,5.0,A01
201300058069,0,7,0,0.0,2.0,2.0,15.0,B01
201300058070,0,7,0,0.0,1.0,0.0,1.0,A01
201300058071,0,7,0,0.0,2.0,1.0,2.0,A01
201300058071,0,7,0,0.0,0.0,4.0,2.0,B01
201300058072,0,7,0,0.0,1.0,3.0,0.0,A01
201300058073,0,7,0,0.0,0.0,0.0,0.0,A01
201300058073,0,30,0,0.0,0.0,0.0,0.0,B01
201300058074,0,7,0,0.0,2.0,2.0,1.0,A01
201300058074,0,2,0,0.0,2.0,1.0,17.0,B01
201300058075,0,30,0,0.0,2.0,1.0,18.0,A01
201300058075,0,10,0,0.0,2.0,7.0,16.0,B01
201300058076,0,10,0,0.0,2.0,4.0,4.0,A01
201300058076,0,7,0,0.0,2.0,1.0,2.0,B01
201300058077,0,7,0,0.0,2.0,0.0,0.0,B01
201300058077,0,32,0,0.0,9.0,0.0,0.0,A01
201300058078,0,32,0,0.0,2.0,3.0,1.0,B01
201300058078,0,7,0,0.0,9.0,7.0,2.0,A01
201300058079,0,31,0,0.0,2.0,7.0,2.0,B01
201300058079,0,7,0,0.0,9.0,8.0,2.0,A01
201300058080,0,7,0,0.0,2.0,5.0,1.0,A01
201300058080,0,13,0,0.0,2.0,5.0,23.0,B01
201300058081,0,33,0,0.0,2.0,1.0,1.0,B01
201300058081,0,7,0,0.0,2.0,1.0,15.0,A01
201300058082,0,33,0,0.0,2.0,1.0,2.0,B01
201300058082,0,7,0,0.0,2.0,5.0,17.0,A01
201300058083,0,7,0,0.0,2.0,2.0,0.0,B01
201300058083,0,7,0,0.0,2.0,1.0,0.0,A01
201300058084,0,7,0,0.0,2.0,1.0,0.0,B01
201300058084,0,7,0,0.0,2.0,1.0,1.0,A01
201300058085,0,7,0,0.0,1.0,0.0,20.0,A01
201300058086,0,7,0,13.0,0.0,9.0,0.0,A01
201300058087,0,7,0,0.0,2.0,2.0,1.0,A01
201300058087,0,7,0,0.0,2.0,3.0,1.0,B01
201300058088,0,7,0,0.0,2.0,4.0,23.0,B01
201300058088,0,2,0,0.0,2.0,1.0,2.0,A01
201300058089,0,30,0,0.0,2.0,8.0,5.0,B01
201300058089,0,7,0,0.0,2.0,6.0,11.0,C01
201300058089,0,7,0,0.0,2.0,1.0,1.0,A01
201300058090,0,7,0,0.0,1.0,7.0,1.0,A01
201300058091,0,7,0,0.0,2.0,1.0,1.0,A01
201300058091,0,7,0,0.0,2.0,4.0,0.0,B01
201300058092,0,7,0,0.0,2.0,4.0,23.0,A01
201300058092,0,33,0,0.0,2.0,1.0,1.0,B01
201300058093,0,7,0,0.0,2.0,3.0,0.0,A01
201300058093,0,7,0,0.0,2.0,8.0,1.0,B01
201300058094,0,38,0,0.0,2.0,3.0,0.0,A01
201300058094,0,7,0,0.0,2.0,3.0,0.0,B01
201300058095,0,7,0,0.0,2.0,7.0,12.0,A01
201300058095,0,7,0,0.0,2.0,8.0,1.0,B01
201300058096,0,7,0,0.0,1.0,3.0,15.0,A01
201300058097,0,7,0,0.0,1.0,7.0,1.0,A01
201300058098,0,2,0,0.0,1.0,1.0,0.0,A01
201300058099,0,7,0,0.0,2.0,5.0,0.0,C01
201300058099,0,7,0,0.0,2.0,4.0,0.0,B01
201300058099,1,7,0,0.0,2.0,4.0,2.0,Z01
201300058100,0,7,0,0.0,2.0,1.0,1.0,A01
201300058100,0,7,0,0.0,2.0,1.0,1.0,B01
201300058101,0,30,0,0.0,2.0,1.0,0.0,A01
201300058101,0,7,0,0.0,2.0,8.0,0.0,B01
201300058102,0,7,0,0.0,2.0,0.0,0.0,B01
201300058102,0,30,0,0.0,2.0,0.0,0.0,A01
201300058103,0,7,0,0.0,1.0,2.0,0.0,A01
201300058104,0,7,0,0.0,2.0,3.0,5.0,A01
201300058104,0,33,0,0.0,2.0,8.0,0.0,B01
201300058105,0,7,0,0.0,2.0,2.0,1.0,A01
201300058105,0,32,0,0.0,2.0,1.0,0.0,B01
201300058106,0,7,0,0.0,1.0,1.0,1.0,A01
201300058107,0,7,0,0.0,1.0,3.0,0.0,A01