Num_Acc,senc,catv,occutc,obs,obsm,choc,manv,num_veh
201300058108,0,7,0,0.0,1.0,3.0,0.0,A01
201300058109,0,7,0,0.0,2.0,3.0,11.0,B01
201300058109,0,33,0,0.0,2.0,0.0,11.0,A01
201300058110,0,7,0,0.0,1.0,2.0,15.0,A01
201300058111,0,30,0,0.0,0.0,0.0,0.0,A01
201300058112,0,7,0,0.0,1.0,1.0,0.0,A01
201300058113,0,7,0,0.0,1.0,1.0,15.0,A01
201300058114,0,2,0,0.0,2.0,1.0,1.0,B01
201300058114,0,7,0,0.0,2.0,3.0,1.0,A01
201300058115,0,7,0,0.0,1.0,1.0,0.0,A01
201300058116,0,7,0,2.0,2.0,5.0,1.0,B01
201300058116,1,7,0,12.0,2.0,3.0,13.0,Z01
201300058117,0,30,0,0.0,2.0,1.0,1.0,B01
201300058117,0,7,0,0.0,2.0,2.0,1.0,A01
201300058118,0,7,0,2.0,0.0,1.0,0.0,A01
201300058119,0,7,0,8.0,0.0,1.0,6.0,A01
201300058120,0,2,0,0.0,2.0,1.0,0.0,B01
201300058120,2,7,0,0.0,2.0,2.0,0.0,A01
201300058121,0,2,0,0.0,1.0,1.0,0.0,A01
201300058122,0,2,0,0.0,2.0,0.0,0.0,B01
201300058122,0,33,0,0.0,2.0,0.0,0.0,A01
201300058123,0,31,0,0.0,2.0,1.0,0.0,A01
201300058123,0,7,0,0.0,2.0,8.0,15.0,B01
201300058124,0,7,0,0.0,1.0,2.0,1.0,A01
201300058125,0,7,0,0.0,2.0,0.0,0.0,A01
201300058125,0,33,0,0.0,2.0,0.0,0.0,B01
201300058126,0,7,0,0.0,2.0,2.0,1.0,B01
201300058126,0,32,0,0.0,2.0,3.0,0.0,A01
201300058127,0,7,0,0.0,1.0,1.0,1.0,A01
201300058128,0,7,0,0.0,2.0,4.0,0.0,B01
201300058128,0,7,0,0.0,2.0,1.0,0.0,A01
201300058129,0,7,0,0.0,2.0,8.0,0.0,B01
201300058129,0,7,0,0.0,2.0,1.0,0.0,A01
201300058130,0,7,0,0.0,2.0,1.0,0.0,B01
201300058130,0,7,0,0.0,2.0,4.0,0.0,A01
201300058131,0,7,0,12.0,0.0,1.0,14.0,A01
201300058132,0,1,0,0.0,1.0,1.0,0.0,A01
201300058133,0,7,0,0.0,2.0,2.0,0.0,A01
201300058133,0,7,0,0.0,2.0,4.0,0.0,B01
201300058134,0,7,0,0.0,2.0,1.0,0.0,B01
201300058134,0,7,0,0.0,2.0,1.0,0.0,A01
201300058135,0,2,0,0.0,2.0,1.0,0.0,A01
201300058135,0,7,0,0.0,2.0,6.0,0.0,B01
201300058136,0,33,0,0.0,2.0,1.0,0.0,B01
201300058136,0,7,0,0.0,2.0,1.0,0.0,A01
201300058137,0,32,0,0.0,2.0,4.0,0.0,B01
201300058137,2,7,0,0.0,2.0,1.0,0.0,Z01
201300058138,0,7,0,0.0,1.0,8.0,0.0,A01
201300058139,0,7,0,0.0,1.0,3.0,0.0,B01
201300058140,0,7,0,0.0,2.0,1.0,0.0,A01
201300058140,0,33,0,0.0,2.0,8.0,0.0,B01
201300058141,0,7,0,0.0,2.0,3.0,0.0,B01
201300058141,0,33,0,0.0,2.0,1.0,0.0,A01
201300058142,0,7,0,0.0,1.0,2.0,0.0,A01
201300058143,0,7,0,8.0,0.0,1.0,0.0,A01
201300058144,0,7,0,0.0,2.0,7.0,1.0,B01
201300058144,0,31,0,0.0,2.0,8.0,11.0,A01
201300058145,0,7,0,0.0,1.0,1.0,1.0,A01
201300058146,0,33,0,0.0,2.0,8.0,1.0,B01
201300058146,0,7,0,0.0,2.0,1.0,9.0,A01
201300058147,0,7,0,0.0,1.0,2.0,0.0,A01
201300058148,0,7,0,0.0,2.0,1.0,0.0,A01
201300058148,0,7,0,0.0,2.0,6.0,0.0,B01
201300058149,0,7,0,2.0,2.0,6.0,1.0,B01
201300058149,0,7,0,2.0,2.0,3.0,13.0,A01
201300058150,0,7,0,0.0,2.0,1.0,1.0,A01
201300058150,0,7,0,0.0,2.0,4.0,23.0,C01
201300058150,0,7,0,0.0,2.0,4.0,23.0,B01
201300058151,0,37,0,0.0,1.0,1.0,1.0,A01
201300058152,0,32,0,12.0,0.0,1.0,0.0,A01
201300058153,0,2,0,0.0,2.0,1.0,0.0,B01
201300058153,0,2,0,0.0,2.0,1.0,15.0,A01
201300058154,0,30,0,0.0,0.0,1.0,0.0,A01
201300058155,0,10,0,0.0,2.0,2.0,0.0,B01
201300058155,0,7,0,0.0,2.0,1.0,0.0,A01
201300058156,0,7,0,2.0,2.0,3.0,0.0,B01
201300058156,0,7,0,8.0,2.0,1.0,0.0,A01
201300058157,0,7,0,0.0,2.0,1.0,0.0,B01
201300058157,0,2,0,0.0,2.0,3.0,0.0,A01
201300058158,0,34,0,0.0,1.0,1.0,0.0,A01
201300058159,0,7,0,0.0,1.0,0.0,0.0,A01
201300058160,0,7,0,0.0,1.0,1.0,0.0,A01
201300058161,0,2,0,0.0,0.0,0.0,0.0,A01
201300058161,0,2,0,0.0,2.0,0.0,0.0,B01
201300058162,0,7,0,2.0,2.0,0.0,0.0,B01
201300058162,0,32,0,0.0,2.0,0.0,0.0,A01
201300058163,0,7,0,6.0,0.0,1.0,0.0,A01
201300058164,1,32,0,0.0,2.0,0.0,0.0,Z01
201300058164,0,32,0,0.0,2.0,7.0,14.0,B01
201300058165,0,32,0,0.0,2.0,7.0,0.0,B01
201300058165,0,15,0,0.0,2.0,8.0,0.0,A01
201300058166,0,1,0,0.0,2.0,1.0,0.0,C01
201300058166,0,2,0,0.0,2.0,8.0,0.0,B01
201300058166,0,33,0,0.0,2.0,1.0,0.0,A01
201300058167,0,32,0,0.0,2.0,2.0,0.0,B01
201300058167,0,30,0,0.0,2.0,8.0,0.0,A01
201300058168,0,7,0,0.0,1.0,1.0,0.0,A01
201300058169,0,7,0,0.0,2.0,1.0,8.0,A01
201300058169,0,37,1,0.0,2.0,1.0,0.0,B01
201300058170,0,7,0,0.0,2.0,1.0,0.0,A01
201300058170,0,7,0,0.0,2.0,2.0,0.0,B01
201300058171,0,7,0,0.0,2.0,7.0,0.0,B01
201300058171,0,7,0,0.0,2.0,1.0,0.0,A01
201300058172,0,34,0,0.0,2.0,1.0,0.0,A01
201300058172,0,7,0,0.0,2.0,3.0,0.0,B01
201300058173,0,7,0,0.0,2.0,4.0,0.0,C01
201300058173,0,32,0,0.0,2.0,1.0,0.0,A01
201300058173,0,32,0,0.0,2.0,1.0,0.0,B01
201300058174,0,33,0,0.0,1.0,8.0,1.0,A01
201300058175,0,7,0,0.0,2.0,7.0,0.0,A01
201300058175,0,7,0,0.0,2.0,8.0,0.0,B01
201300058176,0,7,0,14.0,0.0,1.0,0.0,A01
201300058176,0,7,0,14.0,0.0,0.0,0.0,B01
201300058177,1,7,0,0.0,2.0,0.0,0.0,Z01
201300058177,0,30,0,0.0,2.0,0.0,0.0,B01
201300058178,0,7,0,0.0,1.0,2.0,0.0,A01
201300058179,0,7,0,0.0,1.0,0.0,0.0,A01
201300058180,0,30,0,12.0,2.0,1.0,0.0,A01
201300058180,1,7,0,0.0,2.0,0.0,0.0,Z01
201300058181,0,7,0,0.0,2.0,1.0,0.0,A01
201300058181,0,2,0,0.0,2.0,1.0,0.0,B01
201300058182,0,7,0,0.0,2.0,0.0,0.0,A01
201300058182,0,33,0,0.0,2.0,0.0,0.0,B01
201300058183,0,7,0,0.0,2.0,4.0,0.0,A01
201300058183,0,7,0,0.0,2.0,1.0,0.0,B01
201300058184,0,33,0,0.0,2.0,4.0,23.0,B01
201300058184,0,7,0,0.0,1.0,0.0,0.0,A01
201300058185,0,33,0,2.0,0.0,1.0,0.0,A01
201300058186,0,7,0,0.0,2.0,1.0,0.0,A01
201300058186,0,7,0,0.0,2.0,3.0,0.0,B01
201300058187,0,7,0,0.0,2.0,1.0,0.0,A01
201300058187,0,7,0,0.0,2.0,4.0,0.0,B01
201300058187,0,7,0,0.0,2.0,4.0,0.0,C01
201300058187,0,7,0,0.0,2.0,4.0,0.0,D01
201300058187,0,7,0,0.0,2.0,4.0,0.0,E01
201300058188,0,7,0,0.0,2.0,3.0,0.0,A01
201300058188,0,33,0,0.0,2.0,0.0,0.0,B01
201300058189,0,7,0,0.0,1.0,1.0,0.0,A01
201300058190,0,7,0,0.0,1.0,7.0,0.0,A01
201300058191,0,7,0,0.0,1.0,1.0,1.0,A01
201300058192,0,33,0,16.0,0.0,1.0,1.0,A01
201300058193,0,7,0,16.0,0.0,1.0,1.0,A01
201300058194,0,7,0,16.0,0.0,1.0,1.0,A01
201300058195,0,7,0,0.0,2.0,1.0,1.0,B01
201300058195,0,7,0,0.0,2.0,1.0,1.0,A01
201300058196,0,2,0,0.0,2.0,1.0,21.0,A01
201300058196,0,7,0,0.0,2.0,4.0,1.0,B01
201300058197,0,7,0,0.0,2.0,5.0,4.0,B01
201300058197,0,7,0,0.0,2.0,1.0,1.0,A01
201300058198,0,1,0,16.0,0.0,1.0,21.0,A01
201300058199,0,7,0,16.0,0.0,1.0,1.0,A01
201300058200,0,7,0,0.0,1.0,1.0,1.0,A01
201300058201,0,2,0,16.0,0.0,1.0,1.0,A01
201300058202,0,7,0,0.0,1.0,0.0,1.0,A01
201300058203,0,7,0,0.0,1.0,1.0,1.0,A01
201300058204,0,2,0,0.0,1.0,1.0,1.0,A01
201300058205,0,30,0,0.0,2.0,8.0,13.0,B01
201300058205,0,7,0,0.0,2.0,8.0,13.0,A01
201300058206,0,30,0,0.0,2.0,1.0,1.0,A01
201300058206,0,7,0,0.0,2.0,4.0,21.0,B01
201300058207,0,7,0,0.0,1.0,1.0,1.0,A01
201300058208,0,7,0,0.0,1.0,1.0,1.0,A01
201300058209,0,7,0,0.0,1.0,1.0,1.0,A01
201300058210,1,7,0,0.0,1.0,2.0,0.0,A01
201300058211,0,1,0,0.0,2.0,1.0,1.0,B01
201300058211,0,7,0,0.0,2.0,6.0,1.0,A01
201300058212,0,7,0,0.0,2.0,1.0,1.0,B01
201300058212,0,7,0,0.0,2.0,4.0,1.0,A01
201300058213,0,33,0,0.0,2.0,1.0,17.0,A01
201300058213,0,7,0,0.0,2.0,8.0,15.0,B01
201300058214,0,32,0,0.0,2.0,7.0,16.0,A01
201300058214,0,2,0,0.0,2.0,1.0,1.0,B01
201300058215,0,33,0,0.0,2.0,7.0,16.0,A01
201300058215,0,7,0,0.0,2.0,1.0,1.0,B01
201300058216,0,7,0,0.0,1.0,1.0,1.0,A01
201300058217,0,1,0,0.0,2.0,8.0,1.0,A01
201300058217,0,7,0,0.0,2.0,7.0,1.0,B01
201300058218,0,7,0,0.0,1.0,1.0,1.0,A01
201300058219,0,31,0,3.0,0.0,1.0,1.0,A01
201300058220,0,7,0,16.0,0.0,2.0,1.0,A01
201300058221,0,7,0,16.0,0.0,1.0,1.0,A01
201300058222,0,7,0,0.0,2.0,1.0,1.0,B01
201300058222,0,7,0,0.0,2.0,1.0,21.0,A01
201300058223,0,7,0,0.0,1.0,1.0,1.0,A01
201300058224,0,30,0,0.0,0.0,0.0,2.0,A01
201300058225,0,33,0,1.0,1.0,0.0,0.0,A01
201300058226,0,30,0,0.0,2.0,7.0,1.0,B01
201300058226,0,7,0,0.0,2.0,7.0,1.0,A01
201300058227,0,7,0,13.0,0.0,1.0,2.0,A01
201300058228,0,7,0,14.0,9.0,1.0,2.0,A01
201300058229,0,32,0,12.0,0.0,0.0,1.0,A01
201300058230,0,30,0,0.0,2.0,1.0,1.0,B01
201300058230,0,7,0,0.0,2.0,3.0,4.0,A01
201300058231,0,7,0,0.0,0.0,0.0,1.0,A01
201300058232,0,30,0,0.0,2.0,4.0,0.0,A01
201300058232,0,7,0,0.0,2.0,1.0,2.0,B01
201300058233,0,30,0,0.0,0.0,0.0,1.0,A01
201300058234,0,7,0,4.0,0.0,1.0,1.0,A01
201300058235,0,7,0,0.0,1.0,0.0,15.0,A01
201300058236,0,7,0,0.0,1.0,2.0,1.0,A01
201300058237,0,7,0,0.0,1.0,0.0,1.0,A01
201300058238,0,7,0,0.0,2.0,8.0,1.0,A01
201300058238,0,7,0,0.0,2.0,1.0,1.0,B01
201300058239,0,33,0,15.0,0.0,7.0,18.0,A01
201300058240,0,7,0,13.0,0.0,1.0,0.0,A01
201300058241,0,1,0,0.0,2.0,1.0,5.0,B01
201300058241,0,7,0,0.0,2.0,3.0,15.0,A01
201300058242,0,7,0,0.0,2.0,4.0,23.0,B01
201300058242,0,7,0,0.0,2.0,1.0,21.0,C01
201300058242,0,7,0,0.0,2.0,4.0,23.0,A01
201300058243,0,30,0,0.0,0.0,0.0,0.0,A01
201300058244,0,30,0,0.0,0.0,0.0,21.0,A01
201300058245,0,7,0,4.0,0.0,8.0,13.0,A01
201300058246,0,32,0,0.0,5.0,1.0,1.0,A01
201300058247,0,7,0,0.0,2.0,1.0,1.0,A01
201300058247,0,33,0,0.0,2.0,4.0,23.0,B01
201300058248,0,7,0,0.0,1.0,0.0,1.0,A01
201300058249,0,7,0,0.0,1.0,1.0,15.0,A01
201300058250,0,32,0,0.0,2.0,8.0,17.0,B01
201300058250,0,7,0,0.0,2.0,8.0,1.0,A01
201300058251,0,30,0,0.0,2.0,1.0,15.0,B01
201300058251,0,7,0,0.0,2.0,4.0,1.0,A01
201300058252,0,7,0,0.0,0.0,0.0,0.0,A01
201300058253,0,30,0,0.0,2.0,0.0,0.0,B01
201300058253,0,7,0,0.0,2.0,3.0,0.0,A01
201300058254,0,7,0,0.0,1.0,1.0,1.0,A01
201300058255,0,7,0,0.0,2.0,0.0,1.0,B01
201300058255,0,1,0,0.0,2.0,0.0,1.0,A01
201300058256,0,7,0,0.0,2.0,3.0,15.0,A01
201300058256,0,7,0,0.0,2.0,3.0,23.0,B01
201300058257,0,1,0,0.0,0.0,0.0,0.0,A01
201300058258,0,7,0,0.0,2.0,1.0,15.0,B01
201300058258,0,33,0,0.0,2.0,9.0,1.0,A01
201300058259,0,7,0,0.0,2.0,1.0,15.0,A01
201300058259,0,7,0,0.0,2.0,1.0,1.0,B01
201300058260,0,7,0,0.0,2.0,5.0,2.0,A01
201300058260,0,1,0,0.0,2.0,1.0,2.0,B01
201300058261,0,30,0,0.0,1.0,1.0,1.0,A01
201300058262,0,7,0,0.0,2.0,1.0,2.0,A01
201300058262,0,7,0,0.0,2.0,4.0,2.0,B01
201300058263,0,1,0,0.0,0.0,1.0,21.0,A01
201300058264,0,7,0,0.0,2.0,1.0,2.0,B01
201300058264,0,7,0,0.0,2.0,4.0,2.0,A01
201300058265,0,37,0,0.0,9.0,0.0,1.0,A01
201300058266,0,10,0,0.0,1.0,1.0,1.0,A01
201300058267,0,7,0,0.0,2.0,3.0,10.0,B01
201300058267,0,33,0,0.0,2.0,1.0,2.0,A01
201300058268,0,37,0,0.0,2.0,8.0,13.0,B01
201300058268,0,7,0,0.0,2.0,9.0,1.0,A01
201300058269,0,7,0,0.0,1.0,1.0,20.0,A01
201300058270,0,7,0,0.0,2.0,4.0,2.0,A01
201300058270,0,7,0,0.0,2.0,1.0,2.0,B01
201300058271,0,7,0,0.0,2.0,1.0,17.0,C01
201300058271,0,7,0,0.0,2.0,9.0,21.0,A01
201300058271,0,7,0,0.0,2.0,8.0,21.0,B01
201300058272,0,7,0,0.0,2.0,1.0,1.0,A01
201300058272,0,7,0,0.0,2.0,8.0,9.0,B01
201300058273,0,7,0,0.0,1.0,7.0,2.0,A01
201300058274,0,7,0,0.0,1.0,1.0,1.0,A01
201300058275,0,7,0,0.0,1.0,1.0,1.0,A01
201300058276,0,7,0,0.0,2.0,1.0,2.0,D01
201300058276,0,7,0,0.0,2.0,1.0,2.0,B01
201300058276,0,7,0,0.0,2.0,4.0,1.0,A01
201300058276,0,3,0,0.0,2.0,1.0,2.0,C01
201300058277,0,1,0,0.0,0.0,0.0,1.0,A01
201300058278,0,33,0,0.0,0.0,1.0,17.0,B01
201300058278,0,7,0,0.0,0.0,3.0,17.0,A01
201300058279,0,7,0,1.0,1.0,3.0,24.0,B01
201300058279,0,2,0,0.0,1.0,1.0,21.0,A01
201300058280,0,33,0,8.0,2.0,1.0,21.0,A01
201300058281,0,7,0,6.0,0.0,1.0,1.0,A01
201300058282,0,2,0,3.0,0.0,2.0,14.0,A01
201300058283,0,32,0,0.0,0.0,0.0,1.0,A01
201300058284,0,1,0,0.0,2.0,1.0,19.0,A01
201300058284,0,7,0,0.0,0.0,6.0,1.0,B01
201300058285,0,7,0,0.0,0.0,9.0,0.0,A01
201300058286,0,7,0,0.0,2.0,1.0,2.0,A01
201300058286,0,7,0,0.0,2.0,4.0,2.0,B01
201300058286,0,7,0,0.0,2.0,1.0,2.0,D01
201300058286,0,7,0,0.0,2.0,4.0,2.0,C01
201300058287,0,7,0,1.0,2.0,2.0,21.0,A01
201300058287,0,7,0,0.0,2.0,3.0,13.0,C01
201300058288,0,7,0,0.0,2.0,4.0,2.0,D01
201300058288,0,7,0,0.0,2.0,1.0,2.0,A01
201300058288,0,7,0,0.0,2.0,4.0,2.0,B01
201300058288,0,7,0,0.0,2.0,4.0,2.0,C01
201300058289,0,7,0,0.0,1.0,1.0,1.0,A01
201300058290,0,30,0,0.0,2.0,8.0,19.0,A01
201300058290,0,7,0,0.0,2.0,1.0,19.0,B01
201300058291,0,2,0,0.0,0.0,0.0,1.0,A01
201300058292,0,7,0,0.0,2.0,0.0,0.0,B01
201300058292,0,7,0,0.0,2.0,0.0,0.0,A01
201300058293,0,10,0,0.0,1.0,1.0,1.0,A01
201300058294,0,7,0,0.0,2.0,9.0,21.0,A01
201300058295,0,7,0,0.0,1.0,1.0,2.0,A01
201300058296,0,7,0,3.0,0.0,9.0,1.0,A01
201300058297,0,7,0,0.0,2.0,3.0,10.0,A01
201300058297,0,33,0,0.0,2.0,1.0,1.0,B01
201300058298,0,7,0,0.0,2.0,3.0,15.0,A01
201300058298,0,1,0,0.0,2.0,7.0,15.0,B01
201300058299,0,2,0,0.0,2.0,1.0,13.0,A01
201300058299,0,7,0,0.0,2.0,3.0,21.0,B01
201300058300,0,2,0,0.0,0.0,0.0,4.0,A01
201300058301,0,7,0,0.0,2.0,1.0,1.0,A01
201300058301,0,2,0,0.0,2.0,7.0,1.0,B01
201300058302,0,7,0,0.0,2.0,8.0,5.0,C01
201300058302,0,7,0,0.0,2.0,4.0,2.0,B01
201300058302,0,10,0,0.0,2.0,1.0,1.0,A01
201300058303,0,7,0,0.0,1.0,3.0,13.0,A01
201300058304,0,7,0,13.0,0.0,7.0,14.0,A01
201300058305,0,7,0,6.0,0.0,9.0,14.0,A01
201300058306,0,7,0,16.0,0.0,9.0,14.0,A01
201300058307,0,10,0,0.0,2.0,1.0,1.0,A01
201300058307,0,7,0,0.0,2.0,4.0,23.0,C01
201300058307,0,7,0,0.0,2.0,4.0,23.0,B01
201300058308,0,32,0,0.0,2.0,2.0,1.0,B01
201300058308,0,7,0,0.0,2.0,7.0,16.0,A01
201300058309,0,7,0,3.0,0.0,2.0,21.0,A01
201300058310,0,7,0,0.0,2.0,1.0,2.0,A01
201300058310,0,7,0,0.0,2.0,4.0,2.0,B01
201300058311,0,7,0,0.0,2.0,4.0,2.0,B01
201300058311,0,7,0,0.0,2.0,1.0,2.0,A01
201300058312,0,1,0,0.0,2.0,1.0,1.0,B01
201300058312,0,7,0,0.0,2.0,3.0,21.0,A01
201300058313,0,33,0,0.0,1.0,1.0,1.0,A01
201300058314,0,7,0,0.0,0.0,0.0,1.0,B01
201300058314,0,33,0,16.0,0.0,1.0,17.0,A01
201300058315,0,2,0,0.0,0.0,1.0,1.0,A01
201300058316,0,7,0,0.0,2.0,6.0,1.0,C01
201300058316,0,7,0,0.0,2.0,1.0,13.0,A01
201300058316,0,7,0,0.0,2.0,8.0,1.0,B01
201300058317,0,10,0,0.0,0.0,1.0,2.0,A01
201300058317,0,10,0,0.0,0.0,4.0,2.0,B01
201300058318,0,7,0,3.0,0.0,2.0,14.0,A01
201300058319,0,30,0,0.0,0.0,1.0,0.0,A01
201300058320,0,7,0,14.0,0.0,1.0,1.0,A01
201300058321,0,7,0,15.0,0.0,2.0,1.0,A01
201300058322,0,7,0,0.0,1.0,1.0,1.0,A01
201300058323,0,7,0,0.0,1.0,1.0,17.0,A01
201300058324,0,7,0,0.0,9.0,3.0,19.0,A01
201300058324,0,2,0,0.0,2.0,1.0,1.0,B01
201300058324,0,7,0,0.0,2.0,1.0,2.0,C01
201300058325,0,30,0,0.0,2.0,1.0,17.0,B01
201300058325,0,7,0,0.0,2.0,3.0,21.0,A01
201300058326,0,7,0,0.0,2.0,4.0,2.0,C01
201300058326,0,7,0,0.0,2.0,1.0,1.0,E01
201300058326,0,7,0,0.0,2.0,1.0,2.0,D01
201300058326,0,7,0,3.0,2.0,5.0,2.0,B01
201300058326,0,7,0,3.0,0.0,1.0,14.0,A01
201300058327,0,10,0,1.0,0.0,3.0,13.0,A01
201300058328,0,10,0,0.0,1.0,8.0,1.0,A01
201300058329,0,7,0,4.0,0.0,3.0,13.0,A01
201300058330,0,7,0,8.0,0.0,1.0,14.0,A01
201300058331,0,7,0,0.0,1.0,1.0,1.0,A01
201300058332,0,10,0,0.0,2.0,8.0,16.0,B01
201300058332,0,32,0,0.0,2.0,1.0,1.0,A01
201300058333,0,7,0,0.0,0.0,3.0,21.0,B01
201300058333,0,7,0,0.0,0.0,3.0,21.0,A01
201300058334,0,7,0,0.0,2.0,8.0,15.0,A01
201300058334,0,33,0,0.0,2.0,1.0,1.0,B01
201300058335,0,10,0,0.0,2.0,8.0,15.0,A01
201300058335,0,2,0,0.0,2.0,1.0,17.0,B01
201300058336,0,10,0,0.0,2.0,4.0,2.0,B01
201300058336,0,7,0,0.0,2.0,1.0,2.0,A01
201300058337,0,2,0,0.0,0.0,1.0,1.0,A01
201300058338,0,7,0,15.0,0.0,2.0,14.0,A01
201300058339,1,99,0,0.0,1.0,0.0,1.0,A01
201300058340,0,7,0,3.0,0.0,9.0,13.0,A01
201300058341,0,2,0,0.0,2.0,8.0,1.0,A01
201300058341,1,99,0,0.0,2.0,7.0,17.0,B01
201300058342,0,7,0,0.0,2.0,1.0,1.0,A01
201300058342,0,7,0,0.0,2.0,8.0,1.0,B01
201300058343,0,7,0,0.0,2.0,3.0,2.0,A01
201300058343,0,2,0,0.0,2.0,4.0,2.0,B01
201300058343,0,7,0,0.0,2.0,6.0,2.0,C01
201300058344,0,7,0,0.0,1.0,1.0,16.0,A01
201300058345,0,33,0,0.0,2.0,1.0,1.0,A01
201300058345,0,7,0,0.0,2.0,8.0,0.0,B01
201300058346,0,7,0,0.0,2.0,8.0,1.0,A01
201300058346,0,7,0,0.0,2.0,1.0,1.0,B01
201300058347,0,33,0,0.0,2.0,7.0,17.0,B01
201300058347,0,10,0,0.0,2.0,3.0,17.0,A01
201300058348,0,7,0,0.0,2.0,4.0,1.0,A01
201300058348,0,7,0,0.0,2.0,1.0,1.0,B01
201300058349,0,33,0,0.0,9.0,8.0,1.0,A01
201300058350,0,7,0,16.0,0.0,2.0,14.0,A01
201300058351,0,32,0,16.0,0.0,7.0,14.0,A01
201300058352,0,32,0,0.0,2.0,1.0,17.0,A01
201300058352,0,7,0,0.0,2.0,8.0,15.0,B01
201300058353,0,21,0,0.0,0.0,7.0,14.0,A01
201300058354,0,2,0,0.0,0.0,0.0,14.0,A01
201300058355,0,7,0,0.0,2.0,1.0,19.0,A01
201300058355,0,33,0,0.0,2.0,3.0,1.0,B01
201300058356,0,7,0,0.0,2.0,3.0,4.0,B01
201300058356,0,33,0,0.0,2.0,1.0,17.0,A01
201300058357,0,33,0,0.0,0.0,1.0,14.0,A01
201300058358,1,7,0,0.0,2.0,3.0,15.0,A01
201300058358,0,7,0,0.0,2.0,3.0,1.0,B01
201300058359,1,1,0,0.0,1.0,1.0,1.0,A01
201300058360,0,33,0,0.0,0.0,1.0,14.0,A01
201300058361,0,7,0,0.0,2.0,1.0,17.0,A01
201300058361,0,1,0,0.0,2.0,4.0,1.0,B01
201300058362,0,33,0,0.0,2.0,1.0,17.0,A01
201300058362,0,7,0,0.0,2.0,8.0,15.0,B01
201300058363,0,7,0,0.0,2.0,4.0,2.0,C01
201300058363,0,7,0,0.0,2.0,1.0,1.0,A01
201300058363,0,7,0,0.0,2.0,4.0,2.0,B01
201300058364,1,99,0,0.0,2.0,2.0,2.0,B01
201300058364,0,2,0,0.0,2.0,4.0,1.0,A01
201300058365,0,7,0,0.0,2.0,1.0,2.0,A01
201300058365,0,10,0,0.0,2.0,4.0,2.0,B01
201300058365,0,10,0,0.0,2.0,3.0,15.0,C01
201300058366,0,30,0,0.0,0.0,1.0,1.0,A01
201300058367,0,7,0,0.0,2.0,2.0,1.0,B01
201300058367,0,10,0,0.0,2.0,1.0,16.0,A01
201300058368,0,2,0,0.0,0.0,1.0,14.0,A01
201300058369,0,2,0,12.0,0.0,3.0,21.0,A01
201300058370,0,7,0,0.0,1.0,0.0,20.0,A01
201300058371,0,2,0,14.0,0.0,1.0,1.0,A01
201300058372,0,7,0,0.0,1.0,1.0,1.0,A01
201300058373,0,7,0,16.0,0.0,9.0,1.0,A01
201300058374,0,7,0,0.0,2.0,5.0,17.0,A01
201300058374,0,7,0,0.0,2.0,9.0,13.0,B01
201300058374,0,31,0,0.0,2.0,1.0,1.0,C01
201300058375,0,2,0,0.0,0.0,1.0,21.0,A01
201300058376,0,2,0,0.0,2.0,2.0,17.0,A01
201300058376,0,7,0,0.0,2.0,3.0,1.0,B01
201300058377,0,10,0,0.0,1.0,2.0,21.0,A01
201300058378,0,10,0,0.0,2.0,3.0,13.0,A01
201300058378,0,7,0,0.0,2.0,3.0,1.0,B01
201300058379,0,2,0,0.0,1.0,1.0,17.0,A01
201300058380,0,33,0,0.0,2.0,7.0,17.0,A01
201300058380,0,7,0,0.0,2.0,8.0,15.0,B01
201300058381,0,7,0,0.0,2.0,1.0,1.0,B01
201300058381,0,7,0,0.0,2.0,7.0,16.0,A01
201300058382,0,7,0,0.0,2.0,3.0,1.0,B01
201300058382,0,30,0,0.0,2.0,5.0,9.0,A01
201300058383,0,7,0,0.0,1.0,1.0,15.0,A01
201300058384,0,7,0,0.0,2.0,4.0,1.0,A01
201300058384,0,7,0,0.0,2.0,1.0,21.0,B01
201300058385,0,7,0,0.0,1.0,1.0,14.0,A01
201300058386,0,7,0,0.0,2.0,7.0,1.0,B01
201300058386,0,1,0,0.0,2.0,1.0,1.0,A01
201300058387,0,33,0,0.0,0.0,1.0,1.0,A01
201300058388,0,7,0,0.0,2.0,7.0,19.0,C01
201300058388,0,33,0,0.0,2.0,2.0,17.0,A01
201300058388,0,7,0,0.0,2.0,3.0,15.0,B01
201300058389,0,7,0,0.0,2.0,4.0,1.0,A01
201300058389,0,7,0,0.0,2.0,1.0,2.0,B01
201300058389,0,7,0,0.0,2.0,1.0,2.0,C01
201300058390,0,33,0,0.0,2.0,0.0,21.0,A01
201300058390,0,10,0,0.0,2.0,8.0,9.0,B01
201300058391,0,7,0,0.0,2.0,7.0,9.0,B01
201300058391,0,7,0,0.0,2.0,3.0,9.0,A01
201300058392,0,7,0,6.0,0.0,2.0,14.0,A01
201300058393,0,2,0,0.0,2.0,1.0,13.0,A01
201300058393,0,7,0,0.0,2.0,8.0,1.0,B01
201300058394,0,7,0,0.0,1.0,2.0,21.0,A01
201300058395,0,10,0,0.0,2.0,8.0,17.0,C01
201300058395,0,7,0,0.0,2.0,7.0,1.0,B01
201300058395,0,7,0,0.0,2.0,2.0,14.0,A01
201300058396,0,7,0,0.0,2.0,3.0,1.0,B01
201300058396,0,7,0,0.0,2.0,8.0,15.0,A01
201300058397,0,7,0,0.0,2.0,4.0,2.0,B01
201300058397,0,7,0,0.0,2.0,1.0,2.0,A01